match_gp,player,market_type,side,line,gp_selection,gp_price,pin_player,pin_price,pin_fair_price,pin_fair_prob,ev_pct,gp_market,gp_odd_id,pin_fixture_id
DAL Cowboys vs. BAL Ravens,LaJohntay Wester,playertotals-receptions,Over,1.5,LaJohntay Wester (BAL) Plus de 1.5,2.15,"Wester, LaJohntay",1.751,1.8338095238095236,0.5453129057387692,17.242274733835373,Total de réceptions Plus/Moins(Incl. Prolongations),4539539920,id1400003171451946
JAX Jaguars vs. NE Patriots,Drake Maye,playertotals-rushattempts,Over,5.5,Drake Maye (NE) Plus de 5.5,2.05,"Maye, Drake",1.763,1.8475961538461536,0.5412438199323446,10.954983086130632,Joueur tentative de gain par la course (prolongations incluses),4535337823,id1400003171515822
NY Giants vs. TEN Titans,Gunnar Helm,playertotals-receptions,Over,2.5,Gunnar Helm (TEN) Plus de 2.5,2.05,"Helm, Gunnar",1.819,1.9049751243781095,0.5249412379211282,7.612953773831288,Total de réceptions Plus/Moins(Incl. Prolongations),4539686514,id1400003171515826
DAL Cowboys vs. BAL Ravens,Javonte Williams,playertotals-receptions,Under,2.5,Javonte Williams (DAL) moins de 2.5,2.25,"Williams, Javonte",2.02,2.1141753998896853,0.47299765196973653,6.424471693190714,Total de réceptions Plus/Moins(Incl. Prolongations),4536204787,id1400003171451946
NY Giants vs. TEN Titans,Darnell Mooney,playertotals-receptions,Over,1.5,Darnell Mooney (NYG) Plus de 1.5,2.25,"Mooney, Darnell",2.04,2.137757947573898,0.4677798069397339,5.250456561440142,Total de réceptions Plus/Moins(Incl. Prolongations),4539685211,id1400003171515826
IND Colts	 vs. HOU Texans,Laquon Treadwell,playertotals-receptions,Over,1.5,Laquon Treadwell (IND) Plus de 1.5,2.1,"Treadwell, Laquon",1.925,2.0174418604651163,0.4956772334293948,4.092219020172916,Total de réceptions Plus/Moins(Incl. Prolongations),4543203060,id1400003171515820
NY Giants vs. TEN Titans,Carnell Tate,playertotals-receptions,Over,3.5,Carnell Tate (TEN) Plus de 3.5,2.1,"Tate, Carnell",1.943,2.0351624933404366,0.4913612565445027,3.1858638743455625,Total de réceptions Plus/Moins(Incl. Prolongations),4544264818,id1400003171515826
WAS Commanders		 vs. SEA Seahawks,Rashid Shaheed,playertotals-receptions,Over,2.5,Rashid Shaheed (SEA) Plus de 2.5,2.1,"Shaheed, Rashid",1.943,2.0351624933404366,0.4913612565445027,3.1858638743455625,Total de réceptions Plus/Moins(Incl. Prolongations),4539365515,id1400003171515830
TB Buccaneers vs. MIN Vikings,Jauan Jennings,playertotals-receptions,Over,1.5,Jauan Jennings (MIN) Plus de 1.5,2.1,"Jennings, Jauan",1.952,2.0444087747458535,0.4891389688563203,2.719183459827268,Total de réceptions Plus/Moins(Incl. Prolongations),4535257716,id1400003171515834
BUF Bills vs. LA Chargers,Josh Allen,playertotals-rushattempts,Over,7.5,Josh Allen (BUF) Plus de 7.5,2.0,"Allen, Josh",1.862,1.9495155532891384,0.5129479466387653,2.5895893277530613,Joueur tentative de gain par la course (prolongations incluses),4543123666,id1400003171515810
JAX Jaguars vs. NE Patriots,Hunter Henry,playertotals-receptions,Under,3.5,Hunter Henry (NE) moins de 3.5,2.2,"Henry, Hunter",2.05,2.1471740346950194,0.46572843367213973,2.4602554078707595,Total de réceptions Plus/Moins(Incl. Prolongations),4535336436,id1400003171515822
CHI Bears	 vs. PHI Eagles,Rome Odunze,playertotals-receptions,Under,2.5,Rome Odunze (CHI) moins de 2.5,1.8696,"Odunze, Rome",1.729,1.8272727272727274,0.5472636815920398,2.3164179104477434,Total de réceptions Plus/Moins(Incl. Prolongations),4534958917,id1400003171515840
SF 49ers		 vs. ARZ Cardinals,Jacoby Brissett,playertotals-tdpasses,Under,1.5,Jacoby Brissett (ARI) moins de 1.5,1.5556,"Brissett, Jacoby",1.452,1.5204301075268818,0.6577086280056577,2.3131541725601057,Total de Touchdowns à la passe du joueur (Incl. Prolongations),4535377147,id1400003171515832
NY Giants vs. TEN Titans,Tyjae Spears,playertotals-receptions,Over,2.5,Tyjae Spears (TEN) Plus de 2.5,2.25,"Spears, Tyjae",2.1,2.2027491408934705,0.4539781591263651,2.145085803432134,Total de réceptions Plus/Moins(Incl. Prolongations),4539685970,id1400003171515826
TB Buccaneers vs. MIN Vikings,Josh Oliver,playertotals-receptions,Under,1.5,Josh Oliver (MIN) moins de 1.5,1.7408,"Oliver, Josh",1.632,1.7095652173913045,0.5849440488301119,1.827060020345872,Total de réceptions Plus/Moins(Incl. Prolongations),4535258313,id1400003171515834
JAX Jaguars vs. NE Patriots,Rhamondre Stevenson,playertotals-rushattempts,Over,8.5,Rhamondre Stevenson (NE) Plus de 8.5,1.9524,"Stevenson, Rhamondre",1.833,1.921105527638191,0.5205336123463249,1.6289824744964765,Joueur tentative de gain par la course (prolongations incluses),4543286621,id1400003171515822
TB Buccaneers vs. MIN Vikings,Baker Mayfield,playertotals-rushyards,Over,16.5,Baker Mayfield (TB) Plus de 16.5,1.8,"Mayfield, Baker",1.694,1.7735159817351602,0.5638516992790936,1.4933058702368607,Total de yards à la course du joueur Plus/Moins (Incl. Prolongations),4537106265,id1400003171515834
DET Lions vs. NY Jets,Kenyon Sadiq,playertotals-receptions,Over,2.5,Kenyon Sadiq (NYJ) Plus de 2.5,1.5715,"Sadiq, Kenyon",1.478,1.549442379182156,0.6453934740882917,1.4235844529750352,Total de réceptions Plus/Moins(Incl. Prolongations),4538896989,id1400003171515818
WAS Commanders		 vs. SEA Seahawks,Jadarian Price,playertotals-receptions,Under,1.5,Jadarian Price (SEA) moins de 1.5,2.0,"Price, Jadarian",1.884,1.974146845915202,0.5065479308538501,1.3095861707700163,Total de réceptions Plus/Moins(Incl. Prolongations),4539025442,id1400003171515830
NY Giants vs. TEN Titans,Cameron Skattebo,playertotals-receptions,Under,2.5,Cameron Skattebo (NYG) moins de 2.5,1.625,"Skattebo, Cameron",1.534,1.6063241106719368,0.6225393700787402,1.1626476377952777,Total de réceptions Plus/Moins(Incl. Prolongations),4543403251,id1400003171515826
NO Saints	 vs. LV Raiders,Brock Bowers,playertotals-receptions,Over,4.5,Brock Bowers (LV) Plus de 4.5,2.05,"Bowers, Brock",1.934,2.026539278131635,0.49345206914614975,1.1576741749606878,Total de réceptions Plus/Moins(Incl. Prolongations),4539794850,id1400003171515836
DET Lions vs. NY Jets,Jared Goff,playertotals-passcompletions,Under,23.5,Jared Goff (DET) moins de 23.5,1.8696,"Goff, Jared",1.769,1.8545893719806763,0.5392029174264131,0.8093774420421918,"Passes complétées, Joueur (prolongations incluses) ",4538276924,id1400003171515818
NY Giants vs. TEN Titans,Tony Pollard,playertotals-receptions,Over,1.5,Tony Pollard (TEN) Plus de 1.5,2.45,"Pollard, Tony",2.32,2.431215299198026,0.4113169246384166,0.7726465364120916,Total de réceptions Plus/Moins(Incl. Prolongations),4539685060,id1400003171515826
CLE Browns vs. CAR Panthers,Quinshon Judkins,playertotals-rushattempts,Over,15.5,Quinshon Judkins (CLE) Plus de 15.5,1.9524,"Judkins, Quinshon",1.847,1.9375634517766496,0.516112129944983,0.765732250458484,Joueur tentative de gain par la course (prolongations incluses),4565591052,id1400003171515812
DEN Broncos	 vs. LA Rams,Davante Adams,playertotals-receptions,Over,5.5,Davante Adams (LAR) Plus de 5.5,1.9524,"Adams, Davante",1.854,1.9411167512690353,0.5151673640167365,0.5812761506276187,Total de réceptions Plus/Moins(Incl. Prolongations),4542587076,id1400003171515838
MIA Dolphins vs. KC Chiefs,Patrick Mahomes,playertotals-rushattempts,Over,3.5,Patrick Mahomes (KC) Plus de 3.5,1.8,"Mahomes, Patrick",1.709,1.7912037037037039,0.5582837942620832,0.4910829671749717,Joueur tentative de gain par la course (prolongations incluses),4539656349,id1400003171515824
NY Giants vs. TEN Titans,Wan'dale Robinson,playertotals-receptions,Over,3.5,Wan'dale Robinson (TEN) Plus de 3.5,2.1,"Robinson, Wan'dale",2.0,2.095290251916758,0.4772608468374281,0.22477783585990174,Total de réceptions Plus/Moins(Incl. Prolongations),4539685925,id1400003171515826
DEN Broncos	 vs. LA Rams,RJ Harvey,playertotals-receptions,Over,2.5,RJ Harvey (DEN) Plus de 2.5,1.8,"Harvey, RJ",1.719,1.7995348837209302,0.5556991470664254,0.025846471956580963,Total de réceptions Plus/Moins(Incl. Prolongations),4539688288,id1400003171515838
MIA Dolphins vs. KC Chiefs,Xavier Worthy,playertotals-receptions,Over,3.5,Xavier Worthy (KC) Plus de 3.5,2.05,"Worthy, Xavier",1.961,2.053168635875403,0.4870520533612346,-0.15432906094692278,Total de réceptions Plus/Moins(Incl. Prolongations),4535970101,id1400003171515824
DET Lions vs. NY Jets,Jameson Williams,playertotals-receptions,Under,3.5,Jameson Williams (DET) moins de 3.5,2.15,"Williams, Jameson",2.06,2.15665356541269,0.46368133298620146,-0.3085134079666929,Total de réceptions Plus/Moins(Incl. Prolongations),4535060084,id1400003171515818
BUF Bills vs. LA Chargers,James Cook,playertotals-receptions,Under,1.5,James Cook (BUF) moins de 1.5,2.3,"Cook, James",2.21,2.3123515439429925,0.43246019517205964,-0.5341551104262932,Total de réceptions Plus/Moins(Incl. Prolongations),4537566366,id1400003171515810
CLE Browns vs. CAR Panthers,Denzel Boston,playertotals-receptions,Over,3.5,Denzel Boston (CLE) Plus de 3.5,2.05,"Boston, Denzel",1.97,2.0625674217907224,0.48483263598326365,-0.6093096234309647,Total de réceptions Plus/Moins(Incl. Prolongations),4537107565,id1400003171515812
NO Saints	 vs. LV Raiders,Noah Fant,playertotals-receptions,Over,1.5,Noah Fant (NO) Plus de 1.5,2.1,"Fant, Noah",2.02,2.1141753998896853,0.47299765196973653,-0.6704930863553282,Total de réceptions Plus/Moins(Incl. Prolongations),4535358528,id1400003171515836
WAS Commanders		 vs. SEA Seahawks,Antonio Williams,playertotals-receptions,Over,1.5,Antonio Williams (WAS) Plus de 1.5,1.7408,"Williams, Antonio",1.675,1.7545045045045045,0.5699614890885751,-0.781103979460851,Total de réceptions Plus/Moins(Incl. Prolongations),4535400578,id1400003171515830
NO Saints	 vs. LV Raiders,Travis Etienne Jr.,playertotals-rushattempts,Under,11.5,Travis Etienne Jr. (NO) moins de 11.5,1.7408,"Etienne Jr., Travis",1.684,1.7654545454545456,0.5664263645726055,-1.3964984552008342,Joueur tentative de gain par la course (prolongations incluses),4535358665,id1400003171515836
JAX Jaguars vs. NE Patriots,Romeo Doubs,playertotals-receptions,Over,3.5,Romeo Doubs (NE) Plus de 3.5,2.25,"Doubs, Romeo",2.18,2.2831077104178927,0.4379994844031967,-1.4501160092807441,Total de réceptions Plus/Moins(Incl. Prolongations),4537488672,id1400003171515822
NO Saints	 vs. LV Raiders,Kirk Cousins,playertotals-passattempts,Over,31.5,Kirk Cousins (LV) Plus de 31.5,1.8696,"Cousins, Kirk",1.813,1.8975247524752477,0.5270023480302635,-1.4716410122619483,Tentatives de passes du joueur Plus/Moins (Incl. Prolongations),4535401280,id1400003171515836
JAX Jaguars vs. NE Patriots,Brian Thomas,playertotals-receptions,Over,2.5,Brian Thomas (JAX) Plus de 2.5,1.7693,"Thomas, Brian",1.714,1.7972093023255813,0.5564182194616978,-1.552924430641811,Total de réceptions Plus/Moins(Incl. Prolongations),4535337724,id1400003171515822
WAS Commanders		 vs. SEA Seahawks,Stefon Diggs,playertotals-receptions,Over,3.5,Stefon Diggs (WAS) Plus de 3.5,1.7693,"Diggs, Stefon",1.714,1.7972093023255813,0.5564182194616978,-1.552924430641811,Total de réceptions Plus/Moins(Incl. Prolongations),4535398859,id1400003171515830
PIT Steelers		 vs. CIN Bengals,Roman Wilson,playertotals-receptions,Over,2.5,Roman Wilson (PIT) Plus de 2.5,2.25,"Wilson, Roman",2.18,2.28689492325856,0.4372741352607124,-1.6133195663397104,Total de réceptions Plus/Moins(Incl. Prolongations),4535008066,id1400003171515828
DAL Cowboys vs. BAL Ravens,Dak Prescott,playertotals-passattempts,Over,36.5,Dak Prescott (DAL) Plus de 36.5,1.8696,"Prescott, Dak",1.813,1.9019900497512436,0.5257651059377453,-1.7029557938791462,Tentatives de passes du joueur Plus/Moins (Incl. Prolongations),4539559913,id1400003171451946
CLE Browns vs. CAR Panthers,Harold Fannin,playertotals-receptions,Under,3.5,Harold Fannin (CLE) moins de 3.5,2.1,"Fannin, Harold",2.04,2.137757947573898,0.4677798069397339,-1.7662405426558725,Total de réceptions Plus/Moins(Incl. Prolongations),4548714164,id1400003171515812
BUF Bills vs. LA Chargers,Tre Harris,playertotals-receptions,Under,2.5,Tre Harris (LAC) moins de 2.5,2.1,"Harris, Tre",2.04,2.137757947573898,0.4677798069397339,-1.7662405426558725,Total de réceptions Plus/Moins(Incl. Prolongations),4535357291,id1400003171515810
IND Colts	 vs. HOU Texans,Daniel Jones,playertotals-interceptions,Over,0.5,Daniel Jones (IND) Plus de 0.5,1.8696,"Jones, Daniel",1.819,1.9049751243781095,0.5249412379211282,-1.856986158265872,Passes du joueur interceptées Plus/Moins (Incl. Prolongations),4551571361,id1400003171515820
JAX Jaguars vs. NE Patriots,Trevor Lawrence,playertotals-tdpasses,Over,1.5,Trevor Lawrence (JAX) Plus de 1.5,1.8696,"Lawrence, Trevor",1.819,1.9049751243781095,0.5249412379211282,-1.856986158265872,Total de Touchdowns à la passe du joueur (Incl. Prolongations),4535336891,id1400003171515822
IND Colts	 vs. HOU Texans,Kayshon Boutte,playertotals-receptions,Over,2.5,Kayshon Boutte (HOU) Plus de 2.5,1.8696,"Boutte, Kayshon",1.819,1.9049751243781095,0.5249412379211282,-1.856986158265872,Total de réceptions Plus/Moins(Incl. Prolongations),4535966251,id1400003171515820
NO Saints	 vs. LV Raiders,Jalen Nailor,playertotals-receptions,Over,2.5,Jalen Nailor (LV) Plus de 2.5,2.25,"Nailor, Jalen",2.19,2.292798110979929,0.43614830072090627,-1.8666323377960925,Total de réceptions Plus/Moins(Incl. Prolongations),4535359687,id1400003171515836
PIT Steelers		 vs. CIN Bengals,Joe Burrow,playertotals-passcompletions,Under,23.5,Joe Burrow (CIN) moins de 23.5,1.9091,"Burrow, Joe",1.854,1.9454360020397756,0.5140235910878113,-1.8677562254259539,"Passes complétées, Joueur (prolongations incluses) ",4537105339,id1400003171515828
DEN Broncos	 vs. LA Rams,Adam Trautman,playertotals-receptions,Under,0.5,Adam Trautman (DEN) moins de 0.5,2.65,"Trautman, Adam",2.58,2.702970297029703,0.3699633699633699,-1.959706959706975,Total de réceptions Plus/Moins(Incl. Prolongations),4543798156,id1400003171515838
DET Lions vs. NY Jets,Jared Goff,playertotals-tdpasses,Under,1.5,Jared Goff (DET) moins de 1.5,2.6,"Goff, Jared",2.53,2.652514696276943,0.37700073873430195,-1.9798079290814896,Total de Touchdowns à la passe du joueur (Incl. Prolongations),4535058976,id1400003171515818
MIA Dolphins vs. KC Chiefs,Malik Willis,playertotals-rushyards,Under,33.5,Malik Willis (MIA) moins de 33.5,1.8334,"Willis, Malik",1.787,1.8717073170731706,0.5342715663278603,-2.0466510294500972,Total de yards à la course du joueur Plus/Moins (Incl. Prolongations),4537108118,id1400003171515824
CHI Bears	 vs. PHI Eagles,Jalen Hurts,playertotals-passcompletions,Over,18.5,Jalen Hurts (PHI) Plus de 18.5,2.0,"Hurts, Jalen",1.934,2.043149946062567,0.48944033790918695,-2.11193241816261,"Passes complétées, Joueur (prolongations incluses) ",4538545323,id1400003171515840
NO Saints	 vs. LV Raiders,Kirk Cousins,playertotals-passcompletions,Over,20.5,Kirk Cousins (LV) Plus de 20.5,1.8696,"Cousins, Kirk",1.826,1.9129999999999998,0.5227391531625719,-2.2686879247255543,"Passes complétées, Joueur (prolongations incluses) ",4535358170,id1400003171515836
MIA Dolphins vs. KC Chiefs,Emmett Johnson,playertotals-receptions,Over,1.5,Emmett Johnson (KC) Plus de 1.5,1.9524,"Johnson, Emmett",1.909,2.0,0.5,-2.3800000000000043,Total de réceptions Plus/Moins(Incl. Prolongations),4535970292,id1400003171515824
IND Colts	 vs. HOU Texans,Keenan Allen,playertotals-receptions,Under,3.5,Keenan Allen (IND) moins de 3.5,1.9524,"Allen, Keenan",1.909,2.0,0.5,-2.3800000000000043,Total de réceptions Plus/Moins(Incl. Prolongations),4537106933,id1400003171515820
DET Lions vs. NY Jets,Jahmyr Gibbs,playertotals-rushattempts,Under,18.5,Jahmyr Gibbs (DET) moins de 18.5,1.9524,"Gibbs, Jahmyr",1.909,2.0,0.5,-2.3800000000000043,Joueur tentative de gain par la course (prolongations incluses),4538311284,id1400003171515818
DET Lions vs. NY Jets,Jared Goff,playertotals-interceptions,Over,0.5,Jared Goff (DET) Plus de 0.5,2.4,"Goff, Jared",2.35,2.4632627646326277,0.40596562184024265,-2.5682507583417724,Passes du joueur interceptées Plus/Moins (Incl. Prolongations),4546648151,id1400003171515818
CHI Bears	 vs. PHI Eagles,Dontayvion Wicks,playertotals-receptions,Under,3.5,Dontayvion Wicks (PHI) moins de 3.5,1.6667,"Wicks, Dontayvion",1.621,1.7109649122807018,0.5844655216611125,-2.587131504742368,Total de réceptions Plus/Moins(Incl. Prolongations),4538980988,id1400003171515840
DET Lions vs. NY Jets,Isaiah Williams,playertotals-receptions,Over,3.5,Isaiah Williams (NYJ) Plus de 3.5,2.1,"Williams, Isaiah",2.06,2.15665356541269,0.46368133298620146,-2.626920072897687,Total de réceptions Plus/Moins(Incl. Prolongations),4565673913,id1400003171515818
SF 49ers		 vs. ARZ Cardinals,Deebo Samuel,playertotals-receptions,Over,3.5,Deebo Samuel (SF) Plus de 3.5,1.6897,"Samuel, Deebo",1.657,1.7364444444444442,0.575889429229588,-2.6919631430765256,Total de réceptions Plus/Moins(Incl. Prolongations),4539958523,id1400003171515832
CLE Browns vs. CAR Panthers,Raheim Sanders,playertotals-receivingyards,Under,2.5,Raheim Sanders (CLE) moins de 2.5,1.8334,"Sanders, Raheim",1.8,1.8866995073891626,0.5300261096605744,-2.8250130548302943,Total des yards après réception du joueur Plus/Moins(Incl. Prolongations),4535261213,id1400003171515812
NO Saints	 vs. LV Raiders,Travis Etienne Jr.,playertotals-receptions,Under,1.5,Travis Etienne Jr. (NO) moins de 1.5,2.25,"Etienne Jr., Travis",2.21,2.3154761904761907,0.4318766066838046,-2.8277634961439646,Total de réceptions Plus/Moins(Incl. Prolongations),4548853709,id1400003171515836
TB Buccaneers vs. MIN Vikings,Jalen McMillan,playertotals-receptions,Over,1.5,Jalen McMillan (TB) Plus de 1.5,2.3,"McMillan, Jalen",2.26,2.3672111312764668,0.4224380270891899,-2.8392537694863274,Total de réceptions Plus/Moins(Incl. Prolongations),4539735557,id1400003171515834
WAS Commanders		 vs. SEA Seahawks,Jadarian Price,playertotals-rushattempts,Under,13.5,Jadarian Price (SEA) moins de 13.5,1.9091,"Price, Jadarian",1.877,1.9660319094184249,0.5086387434554974,-2.8957774869109887,Joueur tentative de gain par la course (prolongations incluses),4547807272,id1400003171515830
DET Lions vs. NY Jets,Jeremy Ruckert,playertotals-receivingyards,Over,8.5,Jeremy Ruckert (NYJ) Plus de 8.5,1.8,"Ruckert, Jeremy",1.769,1.8545893719806763,0.5392029174264131,-2.943474863245632,Total des yards après réception du joueur Plus/Moins(Incl. Prolongations),4543468750,id1400003171515818
DEN Broncos	 vs. LA Rams,Matthew Stafford,playertotals-tdpasses,Under,1.5,Matthew Stafford (LAR) moins de 1.5,1.9524,"Stafford, Matthew",1.925,2.0174418604651163,0.4956772334293948,-3.2239769452449663,Total de Touchdowns à la passe du joueur (Incl. Prolongations),4539686843,id1400003171515838
SF 49ers		 vs. ARZ Cardinals,Michael Wilson,playertotals-receptions,Under,3.5,Michael Wilson (ARI) moins de 3.5,2.2,"Wilson, Michael",2.17,2.273474178403756,0.43985544656685593,-3.2318017552916856,Total de réceptions Plus/Moins(Incl. Prolongations),4537670512,id1400003171515832
JAX Jaguars vs. NE Patriots,Demario Douglas,playertotals-receptions,Under,2.5,Demario Douglas (NE) moins de 2.5,2.25,"Douglas, Demario",2.22,2.325373134328358,0.4300385109114249,-3.2413350449293943,Total de réceptions Plus/Moins(Incl. Prolongations),4537488691,id1400003171515822
CLE Browns vs. CAR Panthers,Deshaun Watson,playertotals-rushattempts,Over,5.5,Deshaun Watson (CLE) Plus de 5.5,1.8334,"Watson, Deshaun",1.813,1.8975247524752477,0.5270023480302635,-3.379389512131503,Joueur tentative de gain par la course (prolongations incluses),4543428658,id1400003171515812
CLE Browns vs. CAR Panthers,Jerry Jeudy,playertotals-receptions,Under,1.5,Jerry Jeudy (CLE) moins de 1.5,2.1,"Jeudy, Jerry",2.08,2.175805539853025,0.459599896076903,-3.4840218238503695,Total de réceptions Plus/Moins(Incl. Prolongations),4538252992,id1400003171515812
PIT Steelers		 vs. CIN Bengals,D.K. Metcalf,playertotals-receptions,Over,4.5,D.K. Metcalf (PIT) Plus de 4.5,2.05,"Metcalf, DK",2.03,2.1240310077519378,0.47080291970802923,-3.4854014598540206,Total de réceptions Plus/Moins(Incl. Prolongations),4535007197,id1400003171515828
PIT Steelers		 vs. CIN Bengals,Joe Burrow,playertotals-passattempts,Under,35.5,Joe Burrow (CIN) moins de 35.5,1.8696,"Burrow, Joe",1.847,1.9375634517766496,0.516112129944983,-3.507676185485975,Tentatives de passes du joueur Plus/Moins (Incl. Prolongations),4535006924,id1400003171515828
DAL Cowboys vs. BAL Ravens,Jake Ferguson,playertotals-receptions,Over,3.5,Jake Ferguson (DAL) Plus de 3.5,1.8696,"Ferguson, Jake",1.847,1.9375634517766496,0.516112129944983,-3.507676185485975,Total de réceptions Plus/Moins(Incl. Prolongations),4536204730,id1400003171451946
MIA Dolphins vs. KC Chiefs,Kevin Coleman,playertotals-receptions,Under,1.5,Kevin Coleman (MIA) moins de 1.5,1.7693,"Coleman, Kevin",1.751,1.8338095238095236,0.5453129057387692,-3.5177875876395537,Total de réceptions Plus/Moins(Incl. Prolongations),4544254242,id1400003171515824
NO Saints	 vs. LV Raiders,Kirk Cousins,playertotals-interceptions,Over,0.5,Kirk Cousins (LVR) Plus de 0.5,1.7693,"Cousins, Kirk",1.751,1.8338095238095236,0.5453129057387692,-3.5177875876395537,Passes du joueur interceptées Plus/Moins (Incl. Prolongations),4546728521,id1400003171515836
DET Lions vs. NY Jets,Isaac TeSlaa,playertotals-receptions,Under,1.5,Isaac TeSlaa (DET) moins de 1.5,1.625,"TeSlaa, Isaac",1.609,1.6846808510638296,0.5935842384440516,-3.542561252841614,Total de réceptions Plus/Moins(Incl. Prolongations),4535060887,id1400003171515818
CHI Bears	 vs. PHI Eagles,Saquon Barkley,playertotals-receptions,Over,2.5,Saquon Barkley (PHI) Plus de 2.5,2.25,"Barkley, Saquon",2.21,2.3337356668678333,0.42849754331523143,-3.5880527540729235,Total de réceptions Plus/Moins(Incl. Prolongations),4534958166,id1400003171515840
CHI Bears	 vs. PHI Eagles,D'Andre Swift,playertotals-receptions,Under,1.5,D'Andre Swift (CHI) moins de 1.5,2.15,"Swift, D'Andre",2.11,2.2310385064177365,0.44822175732217573,-3.6323221757322277,Total de réceptions Plus/Moins(Incl. Prolongations),4534958630,id1400003171515840
DEN Broncos	 vs. LA Rams,Evan Engram,playertotals-receptions,Over,2.5,Evan Engram (DEN) Plus de 2.5,1.8696,"Engram, Evan",1.854,1.9411167512690353,0.5151673640167365,-3.684309623430959,Total de réceptions Plus/Moins(Incl. Prolongations),4539687066,id1400003171515838
CLE Browns vs. CAR Panthers,Deshaun Watson,playertotals-rushyards,Under,25.5,Deshaun Watson (CLE) moins de 25.5,1.8696,"Watson, Deshaun",1.854,1.9411167512690353,0.5151673640167365,-3.684309623430959,Total de yards à la course du joueur Plus/Moins (Incl. Prolongations),4543432585,id1400003171515812
BUF Bills vs. LA Chargers,Justin Herbert,playertotals-interceptions,Over,0.5,Justin Herbert (LAC) Plus de 0.5,1.8696,"Herbert, Justin",1.854,1.9411167512690353,0.5151673640167365,-3.684309623430959,Passes du joueur interceptées Plus/Moins (Incl. Prolongations),4546608349,id1400003171515810
MIA Dolphins vs. KC Chiefs,Malik Willis,playertotals-passattempts,Under,27.5,Malik Willis (MIA) moins de 27.5,1.9091,"Willis, Malik",1.892,1.982857142857143,0.5043227665706052,-3.719740634005775,Tentatives de passes du joueur Plus/Moins (Incl. Prolongations),4535968710,id1400003171515824
CHI Bears	 vs. PHI Eagles,Jalen Hurts,playertotals-passattempts,Under,28.5,Jalen Hurts (PHI) moins de 28.5,1.9091,"Hurts, Jalen",1.877,1.9832372970141434,0.5042260961436873,-3.738195985208659,Tentatives de passes du joueur Plus/Moins (Incl. Prolongations),4538984651,id1400003171515840
DET Lions vs. NY Jets,Geno Smith,playertotals-interceptions,Over,0.5,Geno Smith (NYJ) Plus de 0.5,1.8334,"Smith, Geno",1.819,1.9049751243781095,0.5249412379211282,-3.757273439540354,Passes du joueur interceptées Plus/Moins (Incl. Prolongations),4546648157,id1400003171515818
BUF Bills vs. LA Chargers,Josh Allen,playertotals-passyards,Over,238.5,Josh Allen (BUF) Plus de 238.5,1.8334,"Allen, Josh",1.819,1.9049751243781095,0.5249412379211282,-3.757273439540354,Total de yards à la passe du joueur Plus/Moins(Incl. Prolongations),4543468235,id1400003171515810
NY Giants vs. TEN Titans,Cameron Ward,playertotals-tdpasses,Over,0.5,Cameron Ward (TEN) Plus de 0.5,1.5556,"Ward, Cameron",1.543,1.6171999999999997,0.6183527083848628,-3.8090526836507377,Total de Touchdowns à la passe du joueur (Incl. Prolongations),4544287343,id1400003171515826
IND Colts	 vs. HOU Texans,Daniel Jones,playertotals-tdpasses,Under,1.5,Daniel Jones (IND) moins de 1.5,1.4762,"Jones, Daniel",1.465,1.5346715328467153,0.6516052318668252,-3.8100356718192674,Total de Touchdowns à la passe du joueur (Incl. Prolongations),4535965919,id1400003171515820
IND Colts	 vs. HOU Texans,C.J. Stroud,playertotals-tdpasses,Under,1.5,C.J. Stroud (HOU) moins de 1.5,1.6667,"Stroud, C.J.",1.657,1.7364444444444442,0.575889429229588,-4.016508830304566,Total de Touchdowns à la passe du joueur (Incl. Prolongations),4535966413,id1400003171515820
MIA Dolphins vs. KC Chiefs,Patrick Mahomes,playertotals-interceptions,Over,0.5,Patrick Mahomes (KC) Plus de 0.5,2.25,"Mahomes, Patrick",2.24,2.344537815126051,0.42652329749103934,-4.032258064516148,Passes du joueur interceptées Plus/Moins (Incl. Prolongations),4552409514,id1400003171515824
CHI Bears	 vs. PHI Eagles,Jalen Hurts,playertotals-tdpasses,Under,1.5,Jalen Hurts (PHI) moins de 1.5,1.6061,"Hurts, Jalen",1.584,1.6740425531914893,0.5973563802745298,-4.058591764107766,Total de Touchdowns à la passe du joueur (Incl. Prolongations),4534958249,id1400003171515840
IND Colts	 vs. HOU Texans,David Montgomery,playertotals-rushattempts,Under,12.5,David Montgomery (HOU) moins de 12.5,1.9524,"Montgomery, David",1.943,2.0351624933404366,0.4913612565445027,-4.066628272251305,Joueur tentative de gain par la course (prolongations incluses),4543332239,id1400003171515820
BUF Bills vs. LA Chargers,Justin Herbert,playertotals-tdpasses,Under,1.5,Justin Herbert (LAC) moins de 1.5,1.6061,"Herbert, Justin",1.598,1.6742616033755273,0.5972782258064516,-4.071144153225803,Total de Touchdowns à la passe du joueur (Incl. Prolongations),4535356448,id1400003171515810
TB Buccaneers vs. MIN Vikings,Justin Jefferson,playertotals-receptions,Under,5.5,Justin Jefferson (MIN) moins de 5.5,2.1,"Jefferson, Justin",2.09,2.189527603870233,0.4567195217052249,-4.088900441902766,Total de réceptions Plus/Moins(Incl. Prolongations),4535392157,id1400003171515834
IND Colts	 vs. HOU Texans,Tyler Warren,playertotals-receptions,Under,4.5,Tyler Warren (IND) moins de 4.5,2.05,"Warren, Tyler",2.04,2.137757947573898,0.4677798069397339,-4.105139577354555,Total de réceptions Plus/Moins(Incl. Prolongations),4535967186,id1400003171515820
SF 49ers		 vs. ARZ Cardinals,Jacoby Brissett,playertotals-interceptions,Over,0.5,Jacoby Brissett (ARI) Plus de 0.5,2.0,"Brissett, Jacoby",1.99,2.0856519367157667,0.4794663876536751,-4.106722469264978,Passes du joueur interceptées Plus/Moins (Incl. Prolongations),4557996320,id1400003171515832
CLE Browns vs. CAR Panthers,Tommy Tremble,playertotals-receptions,Over,1.5,Tommy Tremble (CAR) Plus de 1.5,1.8,"Tremble, Tommy",1.793,1.878921568627451,0.5322201930602661,-4.200365249152094,Total de réceptions Plus/Moins(Incl. Prolongations),4535260602,id1400003171515812
PIT Steelers		 vs. CIN Bengals,Michael Pittman,playertotals-receptions,Under,2.5,Michael Pittman (PIT) moins de 2.5,2.15,"Pittman, Michael",2.14,2.244909831297266,0.44545218968644723,-4.227779217413852,Total de réceptions Plus/Moins(Incl. Prolongations),4560477810,id1400003171515828
DAL Cowboys vs. BAL Ravens,Derrick Henry,playertotals-receptions,Under,1.5,Derrick Henry (BAL) moins de 1.5,1.6897,"Henry, Derrick",1.684,1.7654545454545456,0.5664263645726055,-4.290937178166843,Total de réceptions Plus/Moins(Incl. Prolongations),4536204069,id1400003171451946
PIT Steelers		 vs. CIN Bengals,Pat Freiermuth,playertotals-receptions,Over,3.5,Pat Freiermuth (PIT) Plus de 3.5,1.6667,"Freiermuth, Pat",1.662,1.7419642857142854,0.5740645822655049,-4.320656073808282,Total de réceptions Plus/Moins(Incl. Prolongations),4535007394,id1400003171515828
DEN Broncos	 vs. LA Rams,Bo Nix,playertotals-rushattempts,Over,4.5,Bo Nix (DEN) Plus de 4.5,1.8696,"Nix, Bo",1.869,1.957479508196721,0.5108610311436798,-4.489421617377632,Joueur tentative de gain par la course (prolongations incluses),4543090808,id1400003171515838
PIT Steelers		 vs. CIN Bengals,Aaron Rodgers,playertotals-tdpasses,Under,1.5,Aaron Rodgers (PIT) moins de 1.5,1.5264,"Rodgers, Aaron",1.526,1.5984313725490198,0.6256133464180569,-4.506378802747801,Total de Touchdowns à la passe du joueur (Incl. Prolongations),4535006299,id1400003171515828
IND Colts	 vs. HOU Texans,Daniel Jones,playertotals-rushattempts,Over,3.5,Daniel Jones (IND) Plus de 3.5,2.1,"Jones, Daniel",2.1,2.1993146773272416,0.45468709426123083,-4.515710205141521,Joueur tentative de gain par la course (prolongations incluses),4535965974,id1400003171515820
DAL Cowboys vs. BAL Ravens,Lamar Jackson,playertotals-tdpasses,Under,1.5,Lamar Jackson (BAL) moins de 1.5,2.1,"Jackson, Lamar",2.1,2.1993146773272416,0.45468709426123083,-4.515710205141521,Total de Touchdowns à la passe du joueur (Incl. Prolongations),4536204317,id1400003171451946
CLE Browns vs. CAR Panthers,Deshaun Watson,playertotals-tdpasses,Over,1.5,Deshaun Watson (CLE) Plus de 1.5,2.65,"Watson, Deshaun",2.65,2.776139410187667,0.36021245774987937,-4.5436986962819725,Total de Touchdowns à la passe du joueur (Incl. Prolongations),4535259827,id1400003171515812
SF 49ers		 vs. ARZ Cardinals,Brock Purdy,playertotals-tdpasses,Over,1.5,Brock Purdy (SF) Plus de 1.5,1.6061,"Purdy, Brock",1.606,1.6834042553191493,0.5940343781597572,-4.592138523761379,Total de Touchdowns à la passe du joueur (Incl. Prolongations),4535378096,id1400003171515832
JAX Jaguars vs. NE Patriots,Brian Thomas,playertotals-receivingyards,Under,33.5,Brian Thomas (JAX) moins de 33.5,1.8,"Thomas, Brian",1.8,1.8866995073891626,0.5300261096605744,-4.595300261096602,Total des yards après réception du joueur Plus/Moins(Incl. Prolongations),4537730766,id1400003171515822
PIT Steelers		 vs. CIN Bengals,Tee Higgins,playertotals-receptions,Under,4.5,Tee Higgins (CIN) moins de 4.5,1.625,"Higgins, Tee",1.625,1.7034632034632036,0.5870393900889453,-4.6060991105463795,Total de réceptions Plus/Moins(Incl. Prolongations),4542919255,id1400003171515828
NO Saints	 vs. LV Raiders,Tre Tucker,playertotals-receptions,Under,3.5,Tre Tucker (LV) moins de 3.5,1.6897,"Tucker, Tre",1.694,1.7735159817351602,0.5638516992790936,-4.725978372811557,Total de réceptions Plus/Moins(Incl. Prolongations),4535358780,id1400003171515836
DEN Broncos	 vs. LA Rams,Bo Nix,playertotals-rushyards,Under,16.5,Bo Nix (DEN) moins de 16.5,1.8334,"Nix, Bo",1.84,1.9246231155778892,0.5195822454308094,-4.739791122715397,Total de yards à la course du joueur Plus/Moins (Incl. Prolongations),4543107401,id1400003171515838
JAX Jaguars vs. NE Patriots,Rhamondre Stevenson,playertotals-receptions,Under,2.5,Rhamondre Stevenson (NE) moins de 2.5,1.7693,"Stevenson, Rhamondre",1.775,1.857487922705314,0.5383615084525357,-4.747698309492854,Total de réceptions Plus/Moins(Incl. Prolongations),4535337268,id1400003171515822
CHI Bears	 vs. PHI Eagles,Jalen Hurts,playertotals-interceptions,Over,0.5,Jalen Hurts (PHI) Plus de 0.5,2.15,"Hurts, Jalen",2.14,2.2595644496762803,0.44256316749153424,-4.848918989320139,Passes du joueur interceptées Plus/Moins (Incl. Prolongations),4546749097,id1400003171515840
MIA Dolphins vs. KC Chiefs,Malik Willis,playertotals-tdpasses,Over,0.5,Malik Willis (MIA) Plus de 0.5,1.5,"Willis, Malik",1.505,1.5766283524904214,0.6342648845686513,-4.8602673147023046,Total de Touchdowns à la passe du joueur (Incl. Prolongations),4539642686,id1400003171515824
CLE Browns vs. CAR Panthers,Bryce Young,playertotals-rushattempts,Under,3.5,Bryce Young (CAR) moins de 3.5,1.8696,"Young, Bryce",1.877,1.9660319094184249,0.5086387434554974,-4.904900523560207,Joueur tentative de gain par la course (prolongations incluses),4535260847,id1400003171515812
PIT Steelers		 vs. CIN Bengals,Ja'Marr Chase,playertotals-receptions,Under,6.5,Ja'Marr Chase (CIN) moins de 6.5,1.9524,"Chase, Ja'Marr",1.961,2.053168635875403,0.4870520533612346,-4.907957101752569,Total de réceptions Plus/Moins(Incl. Prolongations),4542919798,id1400003171515828
WAS Commanders		 vs. SEA Seahawks,Rachaad White,playertotals-receptions,Over,2.5,Rachaad White (WAS) Plus de 2.5,1.9524,"White, Rachaad",1.961,2.053168635875403,0.4870520533612346,-4.907957101752569,Total de réceptions Plus/Moins(Incl. Prolongations),4538607931,id1400003171515830
BUF Bills vs. LA Chargers,Ladd McConkey,playertotals-receptions,Under,4.5,Ladd McConkey (LAC) moins de 4.5,2.1,"McConkey, Ladd",2.11,2.2084765177548684,0.4528008298755187,-4.911825726141073,Total de réceptions Plus/Moins(Incl. Prolongations),4543321982,id1400003171515810
CHI Bears	 vs. PHI Eagles,Devonta Smith,playertotals-receptions,Under,5.5,Devonta Smith (PHI) moins de 5.5,1.8696,"Smith, DeVonta",1.862,1.9672727272727268,0.5083179297597044,-4.964879852125681,Total de réceptions Plus/Moins(Incl. Prolongations),4538964905,id1400003171515840
PIT Steelers		 vs. CIN Bengals,Chase Brown,playertotals-receptions,Under,3.5,Chase Brown (CIN) moins de 3.5,1.8,"Brown, Chase",1.806,1.8940594059405942,0.5279665446941976,-4.966021955044431,Total de réceptions Plus/Moins(Incl. Prolongations),4535007446,id1400003171515828
NO Saints	 vs. LV Raiders,Bryce Lance,playertotals-receptions,Under,1.5,Bryce Lance (NO) moins de 1.5,1.8334,"Lance, Bryce",1.84,1.929292929292929,0.518324607329843,-4.970366492146594,Total de réceptions Plus/Moins(Incl. Prolongations),4537104084,id1400003171515836
PIT Steelers		 vs. CIN Bengals,Aaron Rodgers,playertotals-interceptions,Under,0.5,Aaron Rodgers (PIT) moins de 0.5,1.7408,"Rodgers, Aaron",1.751,1.8338095238095236,0.5453129057387692,-5.071929368995054,Passes du joueur interceptées Plus/Moins (Incl. Prolongations),4546706205,id1400003171515828
JAX Jaguars vs. NE Patriots,Kyle Williams,playertotals-receptions,Over,0.5,Kyle Williams (NE) Plus de 0.5,1.6061,"Williams, Kyle",1.617,1.6939914163090126,0.5903217633645808,-5.18842158601468,Total de réceptions Plus/Moins(Incl. Prolongations),4535337541,id1400003171515822
WAS Commanders		 vs. SEA Seahawks,Jacory Merritt,playertotals-rushyards,Over,38.5,Jacory Merritt (WAS) Plus de 38.5,1.8696,"Merritt, Jacory",1.884,1.974146845915202,0.5065479308538501,-5.295798847564193,Total de yards à la course du joueur Plus/Moins (Incl. Prolongations),4544054014,id1400003171515830
CHI Bears	 vs. PHI Eagles,D'Andre Swift,playertotals-rushattempts,Under,14.5,D'Andre Swift (CHI) moins de 14.5,1.9091,"Swift, D'Andre",1.909,2.0170484816196055,0.49577390385631276,-5.351804014791329,Joueur tentative de gain par la course (prolongations incluses),4538544290,id1400003171515840
WAS Commanders		 vs. SEA Seahawks,Jacory Merritt,playertotals-rushattempts,Over,10.5,Jacory Merritt (WAS) Plus de 10.5,1.8334,"Merritt, Jacory",1.847,1.9375634517766496,0.516112129944983,-5.376002095886823,Joueur tentative de gain par la course (prolongations incluses),4537506351,id1400003171515830
DET Lions vs. NY Jets,Sam LaPorta,playertotals-receptions,Over,4.5,Sam LaPorta (DET) Plus de 4.5,1.8334,"LaPorta, Sam",1.847,1.9375634517766496,0.516112129944983,-5.376002095886823,Total de réceptions Plus/Moins(Incl. Prolongations),4535060029,id1400003171515818
MIA Dolphins vs. KC Chiefs,Chris Bell,playertotals-receptions,Under,1.5,Chris Bell (MIA) moins de 1.5,2.0,"Bell, Chris",2.02,2.1141753998896853,0.47299765196973653,-5.4004696060526935,Total de réceptions Plus/Moins(Incl. Prolongations),4535970442,id1400003171515824
MIA Dolphins vs. KC Chiefs,Kenneth Walker III,playertotals-receptions,Over,3.5,Kenneth Walker III (KC) Plus de 3.5,2.15,"Walker III, Kenneth",2.17,2.273474178403756,0.43985544656685593,-5.431078988125981,Total de réceptions Plus/Moins(Incl. Prolongations),4535969303,id1400003171515824
CLE Browns vs. CAR Panthers,Raheim Sanders,playertotals-receptions,Under,0.5,Raheim Sanders (CLE) moins de 0.5,2.25,"Sanders, Raheim",2.27,2.3799392097264436,0.42017879948914433,-5.459770114942531,Total de réceptions Plus/Moins(Incl. Prolongations),4535261217,id1400003171515812
DEN Broncos	 vs. LA Rams,RJ Harvey,playertotals-rushattempts,Under,5.5,RJ Harvey (DEN) moins de 5.5,2.1,"Harvey, RJ",2.12,2.2219020172910664,0.4500648508430609,-5.486381322957201,Joueur tentative de gain par la course (prolongations incluses),4558742894,id1400003171515838
WAS Commanders		 vs. SEA Seahawks,AJ Barner,playertotals-receptions,Over,2.5,AJ Barner (SEA) Plus de 2.5,2.05,"Barner, AJ",2.07,2.1701526286037307,0.4607970825735869,-5.536598072414689,Total de réceptions Plus/Moins(Incl. Prolongations),4535400328,id1400003171515830
SF 49ers		 vs. ARZ Cardinals,Jeremiyah Love,playertotals-receptions,Over,2.5,Jeremiyah Love (ARI) Plus de 2.5,1.8334,"Love, Jeremiyah",1.854,1.9411167512690353,0.5151673640167365,-5.549215481171544,Total de réceptions Plus/Moins(Incl. Prolongations),4535379084,id1400003171515832
WAS Commanders		 vs. SEA Seahawks,Elijah Arroyo,playertotals-receivingyards,Over,4.5,Elijah Arroyo (SEA) Plus de 4.5,1.8334,"Arroyo, Elijah",1.854,1.9411167512690353,0.5151673640167365,-5.549215481171544,Total des yards après réception du joueur Plus/Moins(Incl. Prolongations),4548761335,id1400003171515830
WAS Commanders		 vs. SEA Seahawks,Rachaad White,playertotals-receivingyards,Over,15.5,Rachaad White (WAS) Plus de 15.5,1.8334,"White, Rachaad",1.854,1.9411167512690353,0.5151673640167365,-5.549215481171544,Total des yards après réception du joueur Plus/Moins(Incl. Prolongations),4544091875,id1400003171515830
BUF Bills vs. LA Chargers,Dawson Knox,playertotals-receptions,Under,1.5,Dawson Knox (BUF) moins de 1.5,1.5715,"Knox, Dawson",1.588,1.6644351464435148,0.6008044243338361,-5.583584715937661,Total de réceptions Plus/Moins(Incl. Prolongations),4535397446,id1400003171515810
JAX Jaguars vs. NE Patriots,Jakobi Meyers,playertotals-receptions,Over,3.5,Jakobi Meyers (JAX) Plus de 3.5,2.0,"Meyers, Jakobi",2.02,2.1184939091915833,0.47203345530580243,-5.593308938839514,Total de réceptions Plus/Moins(Incl. Prolongations),4535336542,id1400003171515822
JAX Jaguars vs. NE Patriots,TreVeyon Henderson,playertotals-receptions,Under,1.5,TreVeyon Henderson (NE) moins de 1.5,2.0,"Henderson, TreVeyon",2.02,2.1184939091915833,0.47203345530580243,-5.593308938839514,Total de réceptions Plus/Moins(Incl. Prolongations),4535338027,id1400003171515822
DAL Cowboys vs. BAL Ravens,Ryan Flournoy,playertotals-receptions,Under,3.5,Ryan Flournoy (DAL) moins de 3.5,1.6667,"Flournoy, Ryan",1.684,1.7654545454545456,0.5664263645726055,-5.59371781668383,Total de réceptions Plus/Moins(Incl. Prolongations),4536205855,id1400003171451946
TB Buccaneers vs. MIN Vikings,Kenneth Gainwell,playertotals-receptions,Over,1.5,Kenneth Gainwell (TB) Plus de 1.5,1.5264,"Gainwell, Kenneth",1.546,1.6184000000000003,0.6178942165101333,-5.684626791893255,Total de réceptions Plus/Moins(Incl. Prolongations),4535258786,id1400003171515834
IND Colts	 vs. HOU Texans,Daniel Jones,playertotals-passattempts,Under,31.5,Daniel Jones (IND) moins de 31.5,1.8696,"Jones, Daniel",1.892,1.982857142857143,0.5043227665706052,-5.711815561959666,Tentatives de passes du joueur Plus/Moins (Incl. Prolongations),4557855014,id1400003171515820
NO Saints	 vs. LV Raiders,Juwan Johnson,playertotals-receivingyards,Over,35.5,Juwan Johnson (NO) Plus de 35.5,1.8696,"Johnson, Juwan",1.892,1.982857142857143,0.5043227665706052,-5.711815561959666,Total des yards après réception du joueur Plus/Moins(Incl. Prolongations),4558276171,id1400003171515836
CHI Bears	 vs. PHI Eagles,Cole Kmet,playertotals-receptions,Over,1.5,Cole Kmet (CHI) Plus de 1.5,1.9091,"Kmet, Cole",1.917,2.025682182985554,0.49366085578446905,-5.755206022187009,Total de réceptions Plus/Moins(Incl. Prolongations),4534958566,id1400003171515840
MIA Dolphins vs. KC Chiefs,Kenneth Walker III,playertotals-rushattempts,Under,17.5,Kenneth Walker III (KC) moins de 17.5,1.8334,"Walker III, Kenneth",1.854,1.9454360020397756,0.5140235910878113,-5.758914809960691,Joueur tentative de gain par la course (prolongations incluses),4539717489,id1400003171515824
JAX Jaguars vs. NE Patriots,Drake Maye,playertotals-passcompletions,Under,19.5,Drake Maye (NE) moins de 19.5,1.9524,"Maye, Drake",1.98,2.0720086626962644,0.48262346485497776,-5.772594721714142,"Passes complétées, Joueur (prolongations incluses) ",4535337774,id1400003171515822
WAS Commanders		 vs. SEA Seahawks,Terry McLaurin,playertotals-receptions,Under,3.5,Terry McLaurin (WAS) moins de 3.5,1.7693,"McLaurin, Terry",1.793,1.878921568627451,0.5322201930602661,-5.834281241847106,Total de réceptions Plus/Moins(Incl. Prolongations),4535399035,id1400003171515830
DET Lions vs. NY Jets,Jahmyr Gibbs,playertotals-receptions,Under,4.5,Jahmyr Gibbs (DET) moins de 4.5,1.7693,"Gibbs, Jahmyr",1.793,1.878921568627451,0.5322201930602661,-5.834281241847106,Total de réceptions Plus/Moins(Incl. Prolongations),4535060205,id1400003171515818
WAS Commanders		 vs. SEA Seahawks,Marcus Mariota,playertotals-tdpasses,Over,0.5,Marcus Mariota (WAS) Plus de 0.5,1.5264,"Mariota, Marcus",1.549,1.6220883534136545,0.6164892300074276,-5.899083931666249,Total de Touchdowns à la passe du joueur (Incl. Prolongations),4535398733,id1400003171515830
DAL Cowboys vs. BAL Ravens,Dak Prescott,playertotals-tdpasses,Under,1.5,Dak Prescott (DAL) moins de 1.5,2.1,"Prescott, Dak",2.13,2.2319259687680746,0.44804353459445445,-5.910857735164566,Total de Touchdowns à la passe du joueur (Incl. Prolongations),4536203898,id1400003171451946
DET Lions vs. NY Jets,Jahmyr Gibbs,playertotals-receivingyards,Under,34.5,Jahmyr Gibbs (DET) moins de 34.5,1.8334,"Gibbs, Jahmyr",1.862,1.9495155532891384,0.5129479466387653,-5.956123463248774,Total des yards après réception du joueur Plus/Moins(Incl. Prolongations),4538463645,id1400003171515818
SF 49ers		 vs. ARZ Cardinals,Christian McCaffrey,playertotals-receivingyards,Over,38.5,Christian McCaffrey (SF) Plus de 38.5,1.8334,"McCaffrey, Christian",1.862,1.9495155532891384,0.5129479466387653,-5.956123463248774,Total des yards après réception du joueur Plus/Moins(Incl. Prolongations),4539969755,id1400003171515832
NY Giants vs. TEN Titans,Elic Ayomanor,playertotals-receptions,Under,1.5,Elic Ayomanor (TEN) moins de 1.5,1.625,"Ayomanor, Elic",1.649,1.7296460176991149,0.5781529803018676,-6.050140700946516,Total de réceptions Plus/Moins(Incl. Prolongations),4539686662,id1400003171515826
DAL Cowboys vs. BAL Ravens,CeeDee Lamb,playertotals-receptions,Under,6.5,CeeDee Lamb (DAL) moins de 6.5,1.8696,"Lamb, CeeDee",1.9,1.99113197704747,0.5022268797484936,-6.103662562221645,Total de réceptions Plus/Moins(Incl. Prolongations),4541066265,id1400003171451946
NO Saints	 vs. LV Raiders,Alvin Kamara,playertotals-receivingyards,Under,13.5,Alvin Kamara (NO) moins de 13.5,1.8696,"Kamara, Alvin",1.9,1.99113197704747,0.5022268797484936,-6.103662562221645,Total des yards après réception du joueur Plus/Moins(Incl. Prolongations),4547941365,id1400003171515836
PIT Steelers		 vs. CIN Bengals,Drew Sample,playertotals-receptions,Over,1.5,Drew Sample (CIN) Plus de 1.5,2.45,"Sample, Drew",2.49,2.610608020698577,0.3830525272547076,-6.152130822596624,Total de réceptions Plus/Moins(Incl. Prolongations),4535006865,id1400003171515828
PIT Steelers		 vs. CIN Bengals,Joe Burrow,playertotals-tdpasses,Under,1.5,Joe Burrow (CIN) moins de 1.5,1.9091,"Burrow, Joe",1.943,2.0351624933404366,0.4913612565445027,-6.194222513088987,Total de Touchdowns à la passe du joueur (Incl. Prolongations),4535006920,id1400003171515828
DEN Broncos	 vs. LA Rams,Bo Nix,playertotals-tdpasses,Over,1.5,Bo Nix (DEN) Plus de 1.5,2.25,"Nix, Bo",2.29,2.3997555012224936,0.4167091186958737,-6.240448293428424,Total de Touchdowns à la passe du joueur (Incl. Prolongations),4539688006,id1400003171515838
SF 49ers		 vs. ARZ Cardinals,Brock Purdy,playertotals-passcompletions,Under,21.5,Brock Purdy (SF) moins de 21.5,1.8,"Purdy, Brock",1.833,1.921105527638191,0.5205336123463249,-6.303949777661522,"Passes complétées, Joueur (prolongations incluses) ",4535378103,id1400003171515832
CLE Browns vs. CAR Panthers,Bryce Young,playertotals-tdpasses,Over,1.5,Bryce Young (CAR) Plus de 1.5,2.1,"Young, Bryce",2.14,2.2412993039443156,0.44616977225672877,-6.304347826086953,Total de Touchdowns à la passe du joueur (Incl. Prolongations),4535260790,id1400003171515812
SF 49ers		 vs. ARZ Cardinals,Kyle Juszczyk,playertotals-receptions,Over,1.5,Kyle Juszczyk (SF) Plus de 1.5,2.55,"Juszczyk, Kyle",2.6,2.721854304635762,0.3673965936739659,-6.313868613138707,Total de réceptions Plus/Moins(Incl. Prolongations),4539924332,id1400003171515832
NO Saints	 vs. LV Raiders,Kirk Cousins,playertotals-tdpasses,Under,1.5,Kirk Cousins (LV) moins de 1.5,1.5264,"Cousins, Kirk",1.555,1.6295546558704452,0.613664596273292,-6.330236024844716,Total de Touchdowns à la passe du joueur (Incl. Prolongations),4535358165,id1400003171515836
TB Buccaneers vs. MIN Vikings,Baker Mayfield,playertotals-tdpasses,Under,1.5,Baker Mayfield (TB) moins de 1.5,1.5264,"Mayfield, Baker",1.555,1.6295546558704452,0.613664596273292,-6.330236024844716,Total de Touchdowns à la passe du joueur (Incl. Prolongations),4535257533,id1400003171515834
MIA Dolphins vs. KC Chiefs,Greg Dulcich,playertotals-receptions,Under,2.5,Greg Dulcich (MIA) moins de 2.5,1.6667,"Dulcich, Greg",1.699,1.7793577981651376,0.5620005155968033,-6.331374065480788,Total de réceptions Plus/Moins(Incl. Prolongations),4535969186,id1400003171515824
SF 49ers		 vs. ARZ Cardinals,George Kittle,playertotals-receivingyards,Over,44.5,George Kittle (SF) Plus de 44.5,1.8334,"Kittle, George",1.869,1.957479508196721,0.5108610311436798,-6.338738550117762,Total des yards après réception du joueur Plus/Moins(Incl. Prolongations),4548826984,id1400003171515832
CHI Bears	 vs. PHI Eagles,Rome Odunze,playertotals-receivingyards,Over,25.5,Rome Odunze (CHI) Plus de 25.5,1.7693,"Odunze, Rome",1.787,1.8890547263681594,0.5293652883855675,-6.339399525941536,Total des yards après réception du joueur Plus/Moins(Incl. Prolongations),4538544299,id1400003171515840
DET Lions vs. NY Jets,Geno Smith,playertotals-tdpasses,Under,1.5,Geno Smith (NYJ) moins de 1.5,1.5,"Smith, Geno",1.529,1.6019685039370077,0.624231998033915,-6.365200294912743,Total de Touchdowns à la passe du joueur (Incl. Prolongations),4535058881,id1400003171515818
CLE Browns vs. CAR Panthers,Tetairoa McMillan,playertotals-receptions,Over,4.5,Tetairoa McMillan (CAR) Plus de 4.5,1.7693,"McMillan, Tetairoa",1.806,1.8896551724137933,0.5291970802919708,-6.369160583941602,Total de réceptions Plus/Moins(Incl. Prolongations),4543435976,id1400003171515812
BUF Bills vs. LA Chargers,Dalton Kincaid,playertotals-receptions,Over,4.5,Dalton Kincaid (BUF) Plus de 4.5,2.05,"Kincaid, Dalton",2.09,2.189527603870233,0.4567195217052249,-6.372498050428909,Total de réceptions Plus/Moins(Incl. Prolongations),4543220885,id1400003171515810
NO Saints	 vs. LV Raiders,Ashton Jeanty,playertotals-rushattempts,Over,18.5,Ashton Jeanty (LV) Plus de 18.5,1.9524,"Jeanty, Ashton",1.99,2.0856519367157667,0.4794663876536751,-6.3889824744964745,Joueur tentative de gain par la course (prolongations incluses),4539806359,id1400003171515836
CHI Bears	 vs. PHI Eagles,Colston Loveland,playertotals-receptions,Under,3.5,Colston Loveland (CHI) moins de 3.5,1.8,"Loveland, Colston",1.819,1.9233502538071066,0.5199261018738454,-6.413301662707838,Total de réceptions Plus/Moins(Incl. Prolongations),4534959571,id1400003171515840
PIT Steelers		 vs. CIN Bengals,Samaje Perine,playertotals-receptions,Under,1.5,Samaje Perine (CIN) moins de 1.5,1.6897,"Perine, Samaje",1.724,1.8056074766355141,0.5538302277432712,-6.419306418219472,Total de réceptions Plus/Moins(Incl. Prolongations),4535006622,id1400003171515828
WAS Commanders		 vs. SEA Seahawks,Sam Darnold,playertotals-interceptions,Over,0.5,Sam Darnold (SEA) Plus de 0.5,2.0,"Darnold, Sam",2.04,2.137757947573898,0.4677798069397339,-6.444038612053216,Passes du joueur interceptées Plus/Moins (Incl. Prolongations),4556132172,id1400003171515830
IND Colts	 vs. HOU Texans,Jaylin Noel,playertotals-receptions,Over,2.5,Jaylin Noel (HOU) Plus de 2.5,2.0,"Noel, Jaylin",2.04,2.137757947573898,0.4677798069397339,-6.444038612053216,Total de réceptions Plus/Moins(Incl. Prolongations),4538965328,id1400003171515820
NO Saints	 vs. LV Raiders,Tyler Shough,playertotals-interceptions,Over,0.5,Tyler Shough (NOS) Plus de 0.5,2.0,"Shough, Tyler",2.04,2.137757947573898,0.4677798069397339,-6.444038612053216,Passes du joueur interceptées Plus/Moins (Incl. Prolongations),4546727984,id1400003171515836
BUF Bills vs. LA Chargers,Josh Allen,playertotals-interceptions,Over,0.5,Josh Allen (BUF) Plus de 0.5,2.1,"Allen, Josh",2.14,2.244909831297266,0.44545218968644723,-6.455040165846082,Passes du joueur interceptées Plus/Moins (Incl. Prolongations),4546594552,id1400003171515810
DET Lions vs. NY Jets,Jared Goff,playertotals-passyards,Under,258.5,Jared Goff (DET) moins de 258.5,1.8,"Goff, Jared",1.84,1.9246231155778892,0.5195822454308094,-6.475195822454294,Total de yards à la passe du joueur Plus/Moins(Incl. Prolongations),4538522773,id1400003171515818
CHI Bears	 vs. PHI Eagles,Jalen Hurts,playertotals-rushyards,Over,24.5,Jalen Hurts (PHI) Plus de 24.5,1.8696,"Hurts, Jalen",1.892,2.0,0.5,-6.520000000000003,Total de yards à la course du joueur Plus/Moins (Incl. Prolongations),4538573855,id1400003171515840
JAX Jaguars vs. NE Patriots,Demario Douglas,playertotals-receivingyards,Over,28.5,Demario Douglas (NE) Plus de 28.5,1.8696,"Douglas, Demario",1.909,2.0,0.5,-6.520000000000003,Total des yards après réception du joueur Plus/Moins(Incl. Prolongations),4538168546,id1400003171515822
MIA Dolphins vs. KC Chiefs,Patrick Mahomes,playertotals-rushyards,Under,15.5,Patrick Mahomes (KC) moins de 15.5,1.8696,"Mahomes, Patrick",1.909,2.0,0.5,-6.520000000000003,Total de yards à la course du joueur Plus/Moins (Incl. Prolongations),4539694663,id1400003171515824
NO Saints	 vs. LV Raiders,Michael Mayer,playertotals-receivingyards,Under,21.5,Michael Mayer (LV) moins de 21.5,1.8696,"Mayer, Michael",1.909,2.0,0.5,-6.520000000000003,Total des yards après réception du joueur Plus/Moins(Incl. Prolongations),4548854435,id1400003171515836
JAX Jaguars vs. NE Patriots,Mack Hollins,playertotals-receivingyards,Under,33.5,Mack Hollins (NE) moins de 33.5,1.8696,"Hollins, Mack",1.909,2.0,0.5,-6.520000000000003,Total des yards après réception du joueur Plus/Moins(Incl. Prolongations),4553570642,id1400003171515822
TB Buccaneers vs. MIN Vikings,Kenneth Gainwell,playertotals-rushyards,Under,18.5,Kenneth Gainwell (TB) moins de 18.5,1.8696,"Gainwell, Kenneth",1.909,2.0,0.5,-6.520000000000003,Total de yards à la course du joueur Plus/Moins (Incl. Prolongations),4539704432,id1400003171515834
JAX Jaguars vs. NE Patriots,Bhayshul Tuten,playertotals-rushattempts,Over,12.5,Bhayshul Tuten (JAX) Plus de 12.5,1.8696,"Tuten, Bhayshul",1.909,2.0,0.5,-6.520000000000003,Joueur tentative de gain par la course (prolongations incluses),4538186913,id1400003171515822
NO Saints	 vs. LV Raiders,Travis Etienne Jr.,playertotals-receivingyards,Under,10.5,Travis Etienne Jr. (NO) moins de 10.5,1.8696,"Etienne Jr., Travis",1.909,2.0,0.5,-6.520000000000003,Total des yards après réception du joueur Plus/Moins(Incl. Prolongations),4558363105,id1400003171515836
IND Colts	 vs. HOU Texans,Jonathan Taylor,playertotals-rushattempts,Under,19.5,Jonathan Taylor (IND) moins de 19.5,1.8696,"Taylor, Jonathan",1.909,2.0,0.5,-6.520000000000003,Joueur tentative de gain par la course (prolongations incluses),4543293856,id1400003171515820
DEN Broncos	 vs. LA Rams,Matthew Stafford,playertotals-passattempts,Over,33.5,Matthew Stafford (LAR) Plus de 33.5,1.8696,"Stafford, Matthew",1.909,2.0,0.5,-6.520000000000003,Tentatives de passes du joueur Plus/Moins (Incl. Prolongations),4543068724,id1400003171515838
DEN Broncos	 vs. LA Rams,Kyren Williams,playertotals-rushattempts,Over,12.5,Kyren Williams (LAR) Plus de 12.5,1.8696,"Williams, Kyren",1.909,2.0,0.5,-6.520000000000003,Joueur tentative de gain par la course (prolongations incluses),4542643480,id1400003171515838
WAS Commanders		 vs. SEA Seahawks,Rachaad White,playertotals-rushyards,Over,19.5,Rachaad White (WAS) Plus de 19.5,1.8696,"White, Rachaad",1.909,2.0,0.5,-6.520000000000003,Total de yards à la course du joueur Plus/Moins (Incl. Prolongations),4544776029,id1400003171515830
CLE Browns vs. CAR Panthers,Tommy Tremble,playertotals-receivingyards,Under,10.5,Tommy Tremble (CAR) moins de 10.5,1.8696,"Tremble, Tommy",1.909,2.0,0.5,-6.520000000000003,Total des yards après réception du joueur Plus/Moins(Incl. Prolongations),4553098852,id1400003171515812
DET Lions vs. NY Jets,Braelon Allen,playertotals-rushyards,Over,17.5,Braelon Allen (NYJ) Plus de 17.5,1.8696,"Allen, Braelon",1.909,2.0,0.5,-6.520000000000003,Total de yards à la course du joueur Plus/Moins (Incl. Prolongations),4538437660,id1400003171515818
NY Giants vs. TEN Titans,Gunnar Helm,playertotals-receivingyards,Under,21.5,Gunnar Helm (TEN) moins de 21.5,1.8696,"Helm, Gunnar",1.909,2.0,0.5,-6.520000000000003,Total des yards après réception du joueur Plus/Moins(Incl. Prolongations),4558788338,id1400003171515826
DAL Cowboys vs. BAL Ravens,Justice Hill,playertotals-receivingyards,Over,13.5,Justice Hill (BAL) Plus de 13.5,1.8696,"Hill, Justice",1.909,2.0,0.5,-6.520000000000003,Total des yards après réception du joueur Plus/Moins(Incl. Prolongations),4539539864,id1400003171451946
CLE Browns vs. CAR Panthers,Chuba Hubbard,playertotals-receivingyards,Under,15.5,Chuba Hubbard (CAR) moins de 15.5,1.7693,"Hubbard, Chuba",1.806,1.8940594059405942,0.5279665446941976,-6.586879247255617,Total des yards après réception du joueur Plus/Moins(Incl. Prolongations),4538253021,id1400003171515812
MIA Dolphins vs. KC Chiefs,Malik Willis,playertotals-interceptions,Over,0.5,Malik Willis (MIA) Plus de 0.5,1.7693,"Willis, Malik",1.806,1.8940594059405942,0.5279665446941976,-6.586879247255617,Passes du joueur interceptées Plus/Moins (Incl. Prolongations),4551537056,id1400003171515824
IND Colts	 vs. HOU Texans,C.j Stroud,playertotals-interceptions,Under,0.5,C.j Stroud (HOU) moins de 0.5,1.7408,"Stroud, C.J.",1.781,1.8645631067961168,0.5363186670137984,-6.637646446237988,Passes du joueur interceptées Plus/Moins (Incl. Prolongations),4551570889,id1400003171515820
NO Saints	 vs. LV Raiders,Ashton Jeanty,playertotals-rushyards,Under,68.5,Ashton Jeanty (LV) moins de 68.5,1.8,"Jeanty, Ashton",1.84,1.929292929292929,0.518324607329843,-6.701570680628266,Total de yards à la course du joueur Plus/Moins (Incl. Prolongations),4543288384,id1400003171515836
SF 49ers		 vs. ARZ Cardinals,Tyler Allgeier,playertotals-rushyards,Under,33.5,Tyler Allgeier (ARI) moins de 33.5,1.8334,"Allgeier, Tyler",1.877,1.9660319094184249,0.5086387434554974,-6.746172774869108,Total de yards à la course du joueur Plus/Moins (Incl. Prolongations),4539947334,id1400003171515832
MIA Dolphins vs. KC Chiefs,Emmett Johnson,playertotals-rushyards,Under,25.5,Emmett Johnson (KC) moins de 25.5,1.8334,"Johnson, Emmett",1.877,1.9660319094184249,0.5086387434554974,-6.746172774869108,Total de yards à la course du joueur Plus/Moins (Incl. Prolongations),4539697274,id1400003171515824
WAS Commanders		 vs. SEA Seahawks,Sam Darnold,playertotals-tdpasses,Under,1.5,Sam Darnold (SEA) moins de 1.5,1.7693,"Darnold, Sam",1.813,1.8975247524752477,0.5270023480302635,-6.757474563005483,Total de Touchdowns à la passe du joueur (Incl. Prolongations),4539464160,id1400003171515830
CLE Browns vs. CAR Panthers,Deshaun Watson,playertotals-interceptions,Over,0.5,Deshaun Watson (CLE) Plus de 0.5,1.7693,"Watson, Deshaun",1.813,1.8975247524752477,0.5270023480302635,-6.757474563005483,Passes du joueur interceptées Plus/Moins (Incl. Prolongations),4551539789,id1400003171515812
DAL Cowboys vs. BAL Ravens,Dak Prescott,playertotals-interceptions,Over,0.5,Dak Prescott (DAL) Plus de 0.5,1.7693,"Prescott, Dak",1.813,1.8975247524752477,0.5270023480302635,-6.757474563005483,Passes du joueur interceptées Plus/Moins (Incl. Prolongations),4546734615,id1400003171451946
IND Colts	 vs. HOU Texans,Xavier Hutchinson,playertotals-receptions,Over,3.5,Xavier Hutchinson (HOU) Plus de 3.5,2.05,"Hutchinson, Xavier",2.1,2.1993146773272416,0.45468709426123083,-6.789145676447683,Total de réceptions Plus/Moins(Incl. Prolongations),4535966296,id1400003171515820
CHI Bears	 vs. PHI Eagles,D'Andre Swift,playertotals-receivingyards,Under,10.5,D'Andre Swift (CHI) moins de 10.5,1.8696,"Swift, D'Andre",1.9,2.008492569002123,0.4978858350951374,-6.91526427061312,Total des yards après réception du joueur Plus/Moins(Incl. Prolongations),4538576458,id1400003171515840
TB Buccaneers vs. MIN Vikings,Kyler Murray,playertotals-passcompletions,Under,19.5,Kyler Murray (MIN) moins de 19.5,1.8696,"Murray, Kyler",1.917,2.0089473684210524,0.49777312025150644,-6.936337437778361,"Passes complétées, Joueur (prolongations incluses) ",4535392719,id1400003171515834
BUF Bills vs. LA Chargers,Omarion Hampton,playertotals-receptions,Over,1.5,Omarion Hampton (LAC) Plus de 1.5,1.6667,"Hampton, Omarion",1.709,1.7912037037037039,0.5582837942620832,-6.950840010338588,Total de réceptions Plus/Moins(Incl. Prolongations),4543309701,id1400003171515810
NY Giants vs. TEN Titans,Jameis Winston,playertotals-tdpasses,Over,0.5,Jameis Winston (NYG) Plus de 0.5,1.3847,"Winston, Jameis",1.421,1.4883161512027492,0.6719002539829139,-6.961971830985913,Total de Touchdowns à la passe du joueur (Incl. Prolongations),4539684790,id1400003171515826
CLE Browns vs. CAR Panthers,Blake Whiteheart,playertotals-receptions,Over,0.5,Blake Whiteheart (CLE) Plus de 0.5,1.5715,"Whiteheart, Blake",1.613,1.6893162393162395,0.591955476853023,-6.974196812547451,Total de réceptions Plus/Moins(Incl. Prolongations),4535260450,id1400003171515812
TB Buccaneers vs. MIN Vikings,Aaron Jones,playertotals-receptions,Under,1.5,Aaron Jones (MIN) moins de 1.5,2.3,"Jones, Aaron",2.36,2.473158551810237,0.40434124179707226,-7.00151438667339,Total de réceptions Plus/Moins(Incl. Prolongations),4558164396,id1400003171515834
DET Lions vs. NY Jets,Jared Goff,playertotals-passattempts,Over,33.5,Jared Goff (DET) Plus de 33.5,1.9091,"Goff, Jared",1.961,2.053168635875403,0.4870520533612346,-7.016892492806703,Tentatives de passes du joueur Plus/Moins (Incl. Prolongations),4535058979,id1400003171515818
BUF Bills vs. LA Chargers,Khalil Shakir,playertotals-receptions,Under,3.5,Khalil Shakir (BUF) moins de 3.5,2.15,"Shakir, Khalil",2.21,2.3123515439429925,0.43246019517205964,-7.021058038007178,Total de réceptions Plus/Moins(Incl. Prolongations),4535356810,id1400003171515810
IND Colts	 vs. HOU Texans,Josh Downs,playertotals-receptions,Over,4.5,Josh Downs (IND) Plus de 4.5,1.6667,"Downs, Josh",1.714,1.7935185185185183,0.5575632421270006,-7.070934434692811,Total de réceptions Plus/Moins(Incl. Prolongations),4543314140,id1400003171515820
NY Giants vs. TEN Titans,Jameis Winston,playertotals-interceptions,Over,0.5,Jameis Winston (NYG) Plus de 0.5,1.5264,"Winston, Jameis",1.568,1.6426229508196721,0.6087824351297405,-7.075449101796405,Passes du joueur interceptées Plus/Moins (Incl. Prolongations),4551545569,id1400003171515826
SF 49ers		 vs. ARZ Cardinals,Jacoby Brissett,playertotals-passcompletions,Over,21.5,Jacoby Brissett (ARI) Plus de 21.5,1.7693,"Brissett, Jacoby",1.819,1.9049751243781095,0.5249412379211282,-7.122146774614779,"Passes complétées, Joueur (prolongations incluses) ",4537670493,id1400003171515832
PIT Steelers		 vs. CIN Bengals,Darnell Washington,playertotals-receptions,Over,1.5,Darnell Washington (PIT) Plus de 1.5,1.7693,"Washington, Darnell",1.819,1.9049751243781095,0.5249412379211282,-7.122146774614779,Total de réceptions Plus/Moins(Incl. Prolongations),4535007939,id1400003171515828
DET Lions vs. NY Jets,Breece Hall,playertotals-rushattempts,Over,14.5,Breece Hall (NYJ) Plus de 14.5,1.7693,"Hall, Breece",1.819,1.9049751243781095,0.5249412379211282,-7.122146774614779,Joueur tentative de gain par la course (prolongations incluses),4537103254,id1400003171515818
SF 49ers		 vs. ARZ Cardinals,Kendrick Bourne,playertotals-receptions,Under,2.5,Kendrick Bourne (ARI) moins de 2.5,1.7693,"Bourne, Kendrick",1.819,1.9049751243781095,0.5249412379211282,-7.122146774614779,Total de réceptions Plus/Moins(Incl. Prolongations),4535377354,id1400003171515832
JAX Jaguars vs. NE Patriots,Trevor Lawrence,playertotals-interceptions,Over,0.5,Trevor Lawrence (JAX) Plus de 0.5,1.7693,"Lawrence, Trevor",1.819,1.9049751243781095,0.5249412379211282,-7.122146774614779,Passes du joueur interceptées Plus/Moins (Incl. Prolongations),4546683989,id1400003171515822
SF 49ers		 vs. ARZ Cardinals,Mike Evans,playertotals-receptions,Under,4.5,Mike Evans (SF) moins de 4.5,1.6061,"Evans, Mike",1.653,1.7314159292035398,0.5775619729108101,-7.237771530794779,Total de réceptions Plus/Moins(Incl. Prolongations),4539968543,id1400003171515832
MIA Dolphins vs. KC Chiefs,Travis Kelce,playertotals-receptions,Over,4.5,Travis Kelce (KC) Plus de 4.5,1.9524,"Kelce, Travis",2.01,2.1050027487630563,0.4750587620788718,-7.249527291721069,Total de réceptions Plus/Moins(Incl. Prolongations),4535968421,id1400003171515824
CHI Bears	 vs. PHI Eagles,Saquon Barkley,playertotals-rushattempts,Over,17.5,Saquon Barkley (PHI) Plus de 17.5,1.8696,"Barkley, Saquon",1.909,2.0170484816196055,0.49577390385631276,-7.310110935023772,Joueur tentative de gain par la course (prolongations incluses),4547698854,id1400003171515840
DEN Broncos	 vs. LA Rams,Matthew Stafford,playertotals-interceptions,Over,0.5,Matthew Stafford (LAR) Plus de 0.5,1.8696,"Stafford, Matthew",1.925,2.0174418604651163,0.4956772334293948,-7.328184438040353,Passes du joueur interceptées Plus/Moins (Incl. Prolongations),4546738402,id1400003171515838
TB Buccaneers vs. MIN Vikings,T.J. Hockenson,playertotals-receptions,Under,3.5,T.J. Hockenson (MIN) moins de 3.5,1.8696,"Hockenson, T.J.",1.925,2.0174418604651163,0.4956772334293948,-7.328184438040353,Total de réceptions Plus/Moins(Incl. Prolongations),4535392127,id1400003171515834
BUF Bills vs. LA Chargers,Josh Allen,playertotals-rushyards,Under,32.5,Josh Allen (BUF) moins de 32.5,1.8696,"Allen, Josh",1.925,2.0174418604651163,0.4956772334293948,-7.328184438040353,Total de yards à la course du joueur Plus/Moins (Incl. Prolongations),4535356096,id1400003171515810
TB Buccaneers vs. MIN Vikings,Kyler Murray,playertotals-tdpasses,Over,1.5,Kyler Murray (MIN) Plus de 1.5,2.3,"Murray, Kyler",2.37,2.4831038798498124,0.4027217741935484,-7.373991935483881,Total de Touchdowns à la passe du joueur (Incl. Prolongations),4535391964,id1400003171515834
IND Colts	 vs. HOU Texans,David Montgomery,playertotals-receptions,Under,1.5,David Montgomery (HOU) moins de 1.5,1.7693,"Montgomery, David",1.826,1.9129999999999998,0.5227391531625719,-7.511761630946145,Total de réceptions Plus/Moins(Incl. Prolongations),4535966049,id1400003171515820
SF 49ers		 vs. ARZ Cardinals,Christian McCaffrey,playertotals-receptions,Over,4.5,Christian McCaffrey (SF) Plus de 4.5,1.7693,"McCaffrey, Christian",1.826,1.9129999999999998,0.5227391531625719,-7.511761630946145,Total de réceptions Plus/Moins(Incl. Prolongations),4539956236,id1400003171515832
NY Giants vs. TEN Titans,Cameron Ward,playertotals-interceptions,Over,0.5,Cameron Ward (TEN) Plus de 0.5,1.9524,"Ward, Cameron",2.02,2.1141753998896853,0.47299765196973653,-7.65193842942864,Passes du joueur interceptées Plus/Moins (Incl. Prolongations),4551545476,id1400003171515826
BUF Bills vs. LA Chargers,Oronde Gadsden,playertotals-receptions,Under,3.5,Oronde Gadsden (LAC) moins de 3.5,1.6667,"Gadsden, Oronde",1.724,1.8056074766355141,0.5538302277432712,-7.693115942028994,Total de réceptions Plus/Moins(Incl. Prolongations),4538977079,id1400003171515810
DEN Broncos	 vs. LA Rams,Bo Nix,playertotals-passattempts,Under,33.5,Bo Nix (DEN) moins de 33.5,1.8696,"Nix, Bo",1.934,2.026539278131635,0.49345206914614975,-7.744201152435847,Tentatives de passes du joueur Plus/Moins (Incl. Prolongations),4539688011,id1400003171515838
SF 49ers		 vs. ARZ Cardinals,Christian McCaffrey,playertotals-rushattempts,Over,13.5,Christian McCaffrey (SF) Plus de 13.5,1.7693,"McCaffrey, Christian",1.833,1.921105527638191,0.5205336123463249,-7.901987967564727,Joueur tentative de gain par la course (prolongations incluses),4539893605,id1400003171515832
WAS Commanders		 vs. SEA Seahawks,Antonio Williams,playertotals-receivingyards,Under,14.5,Antonio Williams (WAS) moins de 14.5,1.8334,"Williams, Antonio",1.9,1.99113197704747,0.5022268797484936,-7.92172386691119,Total des yards après réception du joueur Plus/Moins(Incl. Prolongations),4538608061,id1400003171515830
IND Colts	 vs. HOU Texans,Xavier Hutchinson,playertotals-receivingyards,Over,38.5,Xavier Hutchinson (HOU) Plus de 38.5,1.8334,"Hutchinson, Xavier",1.9,1.99113197704747,0.5022268797484936,-7.92172386691119,Total des yards après réception du joueur Plus/Moins(Incl. Prolongations),4543329676,id1400003171515820
CLE Browns vs. CAR Panthers,Deshaun Watson,playertotals-passyards,Over,187.5,Deshaun Watson (CLE) Plus de 187.5,1.8334,"Watson, Deshaun",1.9,1.99113197704747,0.5022268797484936,-7.92172386691119,Total de yards à la passe du joueur Plus/Moins(Incl. Prolongations),4548273143,id1400003171515812
NO Saints	 vs. LV Raiders,Ashton Jeanty,playertotals-receptions,Over,3.5,Ashton Jeanty (LV) Plus de 3.5,1.6667,"Jeanty, Ashton",1.729,1.811737089201878,0.5519564654055454,-8.005415910857739,Total de réceptions Plus/Moins(Incl. Prolongations),4543854533,id1400003171515836
WAS Commanders		 vs. SEA Seahawks,Marcus Mariota,playertotals-interceptions,Under,0.5,Marcus Mariota (WAS) moins de 0.5,2.1,"Mariota, Marcus",2.18,2.2831077104178927,0.4379994844031967,-8.020108275328685,Passes du joueur interceptées Plus/Moins (Incl. Prolongations),4556130920,id1400003171515830
SF 49ers		 vs. ARZ Cardinals,Marvin Harrison Jr.,playertotals-receptions,Over,2.5,Marvin Harrison Jr. (ARI) Plus de 2.5,2.1,"Harrison Jr., Marvin",2.18,2.2831077104178927,0.4379994844031967,-8.020108275328685,Total de réceptions Plus/Moins(Incl. Prolongations),4535378904,id1400003171515832
MIA Dolphins vs. KC Chiefs,Malik Washington,playertotals-receptions,Under,3.5,Malik Washington (MIA) moins de 3.5,2.1,"Washington, Malik",2.18,2.2831077104178927,0.4379994844031967,-8.020108275328685,Total de réceptions Plus/Moins(Incl. Prolongations),4535969408,id1400003171515824
DAL Cowboys vs. BAL Ravens,Rashod Bateman,playertotals-receptions,Over,3.5,Rashod Bateman (BAL) Plus de 3.5,1.9091,"Bateman, Rashod",1.98,2.076086956521739,0.48167539267015713,-8.043350785340298,Total de réceptions Plus/Moins(Incl. Prolongations),4539539896,id1400003171451946
DAL Cowboys vs. BAL Ravens,Dak Prescott,playertotals-passcompletions,Over,25.5,Dak Prescott (DAL) Plus de 25.5,1.9091,"Prescott, Dak",1.98,2.076086956521739,0.48167539267015713,-8.043350785340298,"Passes complétées, Joueur (prolongations incluses) ",4539559411,id1400003171451946
BUF Bills vs. LA Chargers,Justin Herbert,playertotals-rushyards,Over,19.5,Justin Herbert (LAC) Plus de 19.5,1.8,"Herbert, Justin",1.869,1.957479508196721,0.5108610311436798,-8.04501439413764,Total de yards à la course du joueur Plus/Moins (Incl. Prolongations),4547507051,id1400003171515810
IND Colts	 vs. HOU Texans,Dalton Schultz,playertotals-receivingyards,Over,49.5,Dalton Schultz (HOU) Plus de 49.5,1.8,"Schultz, Dalton",1.869,1.957479508196721,0.5108610311436798,-8.04501439413764,Total des yards après réception du joueur Plus/Moins(Incl. Prolongations),4549250317,id1400003171515820
WAS Commanders		 vs. SEA Seahawks,Jaxon Smith-Njigba,playertotals-receivingyards,Over,90.5,Jaxon Smith-Njigba (SEA) Plus de 90.5,1.8,"Smith-Njigba, Jaxon",1.869,1.957479508196721,0.5108610311436798,-8.04501439413764,Total des yards après réception du joueur Plus/Moins(Incl. Prolongations),4539502032,id1400003171515830
NY Giants vs. TEN Titans,Cameron Ward,playertotals-passattempts,Over,29.5,Cameron Ward (TEN) Plus de 29.5,1.8,"Ward, Cameron",1.869,1.957479508196721,0.5108610311436798,-8.04501439413764,Tentatives de passes du joueur Plus/Moins (Incl. Prolongations),4539686208,id1400003171515826
MIA Dolphins vs. KC Chiefs,Rashee Rice,playertotals-receptions,Over,4.5,Rashee Rice (KC) Plus de 4.5,2.15,"Rice, Rashee",2.23,2.3385354141656665,0.427618069815195,-8.062114989733072,Total de réceptions Plus/Moins(Incl. Prolongations),4535969452,id1400003171515824
NO Saints	 vs. LV Raiders,Juwan Johnson,playertotals-receptions,Under,3.5,Juwan Johnson (NO) moins de 3.5,1.7408,"Johnson, Juwan",1.806,1.8940594059405942,0.5279665446941976,-8.091583899634092,Total de réceptions Plus/Moins(Incl. Prolongations),4535358453,id1400003171515836
IND Colts	 vs. HOU Texans,Jared Wayne,playertotals-receptions,Over,1.5,Jared Wayne (HOU) Plus de 1.5,2.05,"Wayne, Jared",2.13,2.2319259687680746,0.44804353459445445,-8.151075408136844,Total de réceptions Plus/Moins(Incl. Prolongations),4538965272,id1400003171515820
JAX Jaguars vs. NE Patriots,Mack Hollins,playertotals-receptions,Over,2.5,Mack Hollins (NE) Plus de 2.5,1.6061,"Hollins, Mack",1.671,1.7493273542600896,0.5716482953088952,-8.187567290438347,Total de réceptions Plus/Moins(Incl. Prolongations),4537488640,id1400003171515822
CHI Bears	 vs. PHI Eagles,Makai Lemon,playertotals-receptions,Over,2.5,Makai Lemon (PHI) Plus de 2.5,1.7408,"Lemon, Makai",1.793,1.8964999999999999,0.5272871078302136,-8.209860268916424,Total de réceptions Plus/Moins(Incl. Prolongations),4539010558,id1400003171515840
BUF Bills vs. LA Chargers,Ladd McConkey,playertotals-receivingyards,Over,58.5,Ladd McConkey (LAC) Plus de 58.5,1.8,"McConkey, Ladd",1.869,1.961914565105507,0.5097061909758657,-8.252885624344175,Total des yards après réception du joueur Plus/Moins(Incl. Prolongations),4565689179,id1400003171515810
PIT Steelers		 vs. CIN Bengals,Joe Burrow,playertotals-interceptions,Over,0.5,Joe Burrow (CIN) Plus de 0.5,1.7408,"Burrow, Joe",1.813,1.8975247524752477,0.5270023480302635,-8.259431254891735,Passes du joueur interceptées Plus/Moins (Incl. Prolongations),4546706196,id1400003171515828
BUF Bills vs. LA Chargers,James Cook,playertotals-receivingyards,Over,11.5,James Cook (BUF) Plus de 11.5,1.8334,"Cook, James",1.909,2.0,0.5,-8.330000000000004,Total des yards après réception du joueur Plus/Moins(Incl. Prolongations),4549269577,id1400003171515810
BUF Bills vs. LA Chargers,Tre Harris,playertotals-receivingyards,Over,31.5,Tre Harris (LAC) Plus de 31.5,1.8334,"Harris, Tre",1.909,2.0,0.5,-8.330000000000004,Total des yards après réception du joueur Plus/Moins(Incl. Prolongations),4543319449,id1400003171515810
MIA Dolphins vs. KC Chiefs,Emmett Johnson,playertotals-receivingyards,Under,10.5,Emmett Johnson (KC) moins de 10.5,1.8334,"Johnson, Emmett",1.909,2.0,0.5,-8.330000000000004,Total des yards après réception du joueur Plus/Moins(Incl. Prolongations),4547430744,id1400003171515824
TB Buccaneers vs. MIN Vikings,Jordan Addison,playertotals-receivingyards,Over,36.5,Jordan Addison (MIN) Plus de 36.5,1.8334,"Addison, Jordan",1.909,2.0,0.5,-8.330000000000004,Total des yards après réception du joueur Plus/Moins(Incl. Prolongations),4548819482,id1400003171515834
BUF Bills vs. LA Chargers,Keaton Mitchell,playertotals-rushyards,Over,14.5,Keaton Mitchell (LAC) Plus de 14.5,1.8334,"Mitchell, Keaton",1.909,2.0,0.5,-8.330000000000004,Total de yards à la course du joueur Plus/Moins (Incl. Prolongations),4537105843,id1400003171515810
PIT Steelers		 vs. CIN Bengals,Samaje Perine,playertotals-receivingyards,Under,7.5,Samaje Perine (CIN) moins de 7.5,1.8334,"Perine, Samaje",1.909,2.0,0.5,-8.330000000000004,Total des yards après réception du joueur Plus/Moins(Incl. Prolongations),4542917857,id1400003171515828
DEN Broncos	 vs. LA Rams,Matthew Stafford,playertotals-rushattempts,Under,1.5,Matthew Stafford (LAR) moins de 1.5,1.8334,"Stafford, Matthew",1.909,2.0,0.5,-8.330000000000004,Joueur tentative de gain par la course (prolongations incluses),4539686899,id1400003171515838
PIT Steelers		 vs. CIN Bengals,Drew Sample,playertotals-receivingyards,Under,6.5,Drew Sample (CIN) moins de 6.5,1.8334,"Sample, Drew",1.909,2.0,0.5,-8.330000000000004,Total des yards après réception du joueur Plus/Moins(Incl. Prolongations),4542922397,id1400003171515828
IND Colts	 vs. HOU Texans,Jonathan Taylor,playertotals-rushyards,Over,81.5,Jonathan Taylor (IND) Plus de 81.5,1.8334,"Taylor, Jonathan",1.909,2.0,0.5,-8.330000000000004,Total de yards à la course du joueur Plus/Moins (Incl. Prolongations),4543369635,id1400003171515820
NY Giants vs. TEN Titans,Malik Nabers,playertotals-receivingyards,Under,52.5,Malik Nabers (NYG) moins de 52.5,1.8334,"Nabers, Malik",1.909,2.0,0.5,-8.330000000000004,Total des yards après réception du joueur Plus/Moins(Incl. Prolongations),4539686371,id1400003171515826
DEN Broncos	 vs. LA Rams,Jaylen Waddle,playertotals-receivingyards,Over,59.5,Jaylen Waddle (DEN) Plus de 59.5,1.8334,"Waddle, Jaylen",1.909,2.0,0.5,-8.330000000000004,Total des yards après réception du joueur Plus/Moins(Incl. Prolongations),4547662050,id1400003171515838
CLE Browns vs. CAR Panthers,Bryce Young,playertotals-rushyards,Over,13.5,Bryce Young (CAR) Plus de 13.5,1.8334,"Young, Bryce",1.909,2.0,0.5,-8.330000000000004,Total de yards à la course du joueur Plus/Moins (Incl. Prolongations),4537489824,id1400003171515812
DAL Cowboys vs. BAL Ravens,Dak Prescott,playertotals-rushyards,Over,11.5,Dak Prescott (DAL) Plus de 11.5,1.8334,"Prescott, Dak",1.909,2.0,0.5,-8.330000000000004,Total de yards à la course du joueur Plus/Moins (Incl. Prolongations),4537505383,id1400003171451946
NO Saints	 vs. LV Raiders,Tyler Shough,playertotals-rushyards,Over,14.5,Tyler Shough (NO) Plus de 14.5,1.8334,"Shough, Tyler",1.909,2.0,0.5,-8.330000000000004,Total de yards à la course du joueur Plus/Moins (Incl. Prolongations),4557451202,id1400003171515836
TB Buccaneers vs. MIN Vikings,Bucky Irving,playertotals-receptions,Over,2.5,Bucky Irving (TB) Plus de 2.5,1.6667,"Irving, Bucky",1.735,1.8183962264150941,0.5499351491569391,-8.342308690012956,Total de réceptions Plus/Moins(Incl. Prolongations),4537106379,id1400003171515834
NO Saints	 vs. LV Raiders,Michael Mayer,playertotals-receptions,Over,2.5,Michael Mayer (LV) Plus de 2.5,1.9091,"Mayer, Michael",1.99,2.0856519367157667,0.4794663876536751,-8.465071933036883,Total de réceptions Plus/Moins(Incl. Prolongations),4539805597,id1400003171515836
TB Buccaneers vs. MIN Vikings,Jalen McMillan,playertotals-receivingyards,Over,13.5,Jalen McMillan (TB) Plus de 13.5,1.8696,"McMillan, Jalen",1.952,2.0444087747458535,0.4891389688563203,-8.550578382622366,Total des yards après réception du joueur Plus/Moins(Incl. Prolongations),4561326527,id1400003171515834
DET Lions vs. NY Jets,Amon-Ra St. Brown,playertotals-receptions,Over,7.5,Amon-Ra St. Brown (DET) Plus de 7.5,2.1,"St. Brown, Amon-Ra",2.19,2.2966252220248666,0.43542150038669764,-8.561484918793493,Total de réceptions Plus/Moins(Incl. Prolongations),4538412476,id1400003171515818
DEN Broncos	 vs. LA Rams,Jaylen Waddle,playertotals-receptions,Under,4.5,Jaylen Waddle (DEN) moins de 4.5,2.1,"Waddle, Jaylen",2.19,2.2966252220248666,0.43542150038669764,-8.561484918793493,Total de réceptions Plus/Moins(Incl. Prolongations),4539687787,id1400003171515838
SF 49ers		 vs. ARZ Cardinals,Brock Purdy,playertotals-interceptions,Over,0.5,Brock Purdy (SF) Plus de 0.5,2.0,"Purdy, Brock",2.09,2.189527603870233,0.4567195217052249,-8.65609565895502,Passes du joueur interceptées Plus/Moins (Incl. Prolongations),4557996104,id1400003171515832
DAL Cowboys vs. BAL Ravens,Lamar Jackson,playertotals-interceptions,Over,0.5,Lamar Jackson (BAL) Plus de 0.5,2.25,"Jackson, Lamar",2.35,2.4632627646326277,0.40596562184024265,-8.657735085945406,Passes du joueur interceptées Plus/Moins (Incl. Prolongations),4546734613,id1400003171451946
TB Buccaneers vs. MIN Vikings,Baker Mayfield,playertotals-interceptions,Over,0.5,Baker Mayfield (TB) Plus de 0.5,1.7693,"Mayfield, Baker",1.847,1.9375634517766496,0.516112129944983,-8.684280848834147,Passes du joueur interceptées Plus/Moins (Incl. Prolongations),4547495199,id1400003171515834
WAS Commanders		 vs. SEA Seahawks,Sam Darnold,playertotals-passattempts,Under,28.5,Sam Darnold (SEA) moins de 28.5,1.7693,"Darnold, Sam",1.847,1.9375634517766496,0.516112129944983,-8.684280848834147,Tentatives de passes du joueur Plus/Moins (Incl. Prolongations),4539774712,id1400003171515830
NO Saints	 vs. LV Raiders,Tyler Shough,playertotals-tdpasses,Under,1.5,Tyler Shough (NO) moins de 1.5,1.7693,"Shough, Tyler",1.847,1.9375634517766496,0.516112129944983,-8.684280848834147,Total de Touchdowns à la passe du joueur (Incl. Prolongations),4535359442,id1400003171515836
TB Buccaneers vs. MIN Vikings,Kyler Murray,playertotals-interceptions,Over,0.5,Kyler Murray (MIN) Plus de 0.5,1.7693,"Murray, Kyler",1.847,1.9375634517766496,0.516112129944983,-8.684280848834147,Passes du joueur interceptées Plus/Moins (Incl. Prolongations),4547495197,id1400003171515834
MIA Dolphins vs. KC Chiefs,Patrick Mahomes,playertotals-tdpasses,Under,1.5,Patrick Mahomes (KC) moins de 1.5,2.45,"Mahomes, Patrick",2.56,2.6842105263157894,0.37254901960784315,-8.725490196078422,Total de Touchdowns à la passe du joueur (Incl. Prolongations),4535968525,id1400003171515824
PIT Steelers		 vs. CIN Bengals,Mike Gesicki,playertotals-receptions,Over,2.5,Mike Gesicki (CIN) Plus de 2.5,1.8696,"Gesicki, Mike",1.952,2.0483351235230938,0.4882013633980073,-8.725873099108561,Total de réceptions Plus/Moins(Incl. Prolongations),4535006820,id1400003171515828
JAX Jaguars vs. NE Patriots,Romeo Doubs,playertotals-receivingyards,Under,42.5,Romeo Doubs (NE) moins de 42.5,1.8334,"Doubs, Romeo",1.917,2.0089473684210524,0.49777312025150644,-8.738276133088817,Total des yards après réception du joueur Plus/Moins(Incl. Prolongations),4557271197,id1400003171515822
WAS Commanders		 vs. SEA Seahawks,Terry McLaurin,playertotals-receivingyards,Over,42.5,Terry McLaurin (WAS) Plus de 42.5,1.8334,"McLaurin, Terry",1.917,2.0089473684210524,0.49777312025150644,-8.738276133088817,Total des yards après réception du joueur Plus/Moins(Incl. Prolongations),4537506278,id1400003171515830
CHI Bears	 vs. PHI Eagles,Luther Burden,playertotals-receptions,Under,3.5,Luther Burden (CHI) moins de 3.5,1.9091,"Burden, Luther",1.98,2.0921125206839495,0.47798576324808856,-8.74773793830741,Total de réceptions Plus/Moins(Incl. Prolongations),4534959481,id1400003171515840
CLE Browns vs. CAR Panthers,Darren Waller,playertotals-receptions,Under,2.5,Darren Waller (CAR) moins de 2.5,1.6061,"Waller, Darren",1.68,1.7601809954751133,0.5681233933161953,-8.753701799485869,Total de réceptions Plus/Moins(Incl. Prolongations),4543443641,id1400003171515812
TB Buccaneers vs. MIN Vikings,Chris Godwin,playertotals-receptions,Under,3.5,Chris Godwin (TB) moins de 3.5,1.6061,"Godwin, Chris",1.68,1.7601809954751133,0.5681233933161953,-8.753701799485869,Total de réceptions Plus/Moins(Incl. Prolongations),4535257648,id1400003171515834
NY Giants vs. TEN Titans,Isaiah Likely,playertotals-receptions,Over,3.5,Isaiah Likely (NYG) Plus de 3.5,1.6667,"Likely, Isaiah",1.746,1.827488151658768,0.5471991701244813,-8.798314315352707,Total de réceptions Plus/Moins(Incl. Prolongations),4544324326,id1400003171515826
CLE Browns vs. CAR Panthers,Bryce Young,playertotals-interceptions,Under,0.5,Bryce Young (CAR) moins de 0.5,1.6667,"Young, Bryce",1.746,1.827488151658768,0.5471991701244813,-8.798314315352707,Passes du joueur interceptées Plus/Moins (Incl. Prolongations),4551539785,id1400003171515812
IND Colts	 vs. HOU Texans,Tyler Warren,playertotals-receivingyards,Under,46.5,Tyler Warren (IND) moins de 46.5,1.8,"Warren, Tyler",1.884,1.974146845915202,0.5065479308538501,-8.821372446306984,Total des yards après réception du joueur Plus/Moins(Incl. Prolongations),4537107141,id1400003171515820
WAS Commanders		 vs. SEA Seahawks,Elijah Arroyo,playertotals-receptions,Over,0.5,Elijah Arroyo (SEA) Plus de 0.5,1.6061,"Arroyo, Elijah",1.684,1.7619909502262443,0.5675398048279404,-8.847431946584482,Total de réceptions Plus/Moins(Incl. Prolongations),4535400429,id1400003171515830
NO Saints	 vs. LV Raiders,Jack Bech,playertotals-receptions,Over,1.5,Jack Bech (LV) Plus de 1.5,1.7693,"Bech, Jack",1.854,1.9411167512690353,0.5151673640167365,-8.851438284518808,Total de réceptions Plus/Moins(Incl. Prolongations),4543870628,id1400003171515836
NY Giants vs. TEN Titans,Malik Nabers,playertotals-receptions,Under,4.5,Malik Nabers (NYG) moins de 4.5,1.6897,"Nabers, Malik",1.769,1.8545893719806763,0.5392029174264131,-8.890883042458974,Total de réceptions Plus/Moins(Incl. Prolongations),4539686375,id1400003171515826
BUF Bills vs. LA Chargers,Josh Allen,playertotals-tdpasses,Under,1.5,Josh Allen (BUF) moins de 1.5,2.05,"Allen, Josh",2.15,2.2507271669575335,0.4443008529335746,-8.918325148617223,Total de Touchdowns à la passe du joueur (Incl. Prolongations),4535356044,id1400003171515810
MIA Dolphins vs. KC Chiefs,Chris Bell,playertotals-receivingyards,Over,19.5,Chris Bell (MIA) Plus de 19.5,1.8334,"Bell, Chris",1.917,2.0132135306553907,0.4967182987660804,-8.931667104226815,Total des yards après réception du joueur Plus/Moins(Incl. Prolongations),4558025882,id1400003171515824
BUF Bills vs. LA Chargers,Josh Allen,playertotals-passcompletions,Over,20.5,Josh Allen (BUF) Plus de 20.5,1.8696,"Allen, Josh",1.961,2.053168635875403,0.4870520533612346,-8.940748103583584,"Passes complétées, Joueur (prolongations incluses) ",4535356049,id1400003171515810
DEN Broncos	 vs. LA Rams,Bo Nix,playertotals-interceptions,Under,0.5,Bo Nix (DEN) moins de 0.5,1.8696,"Nix, Bo",1.961,2.053168635875403,0.4870520533612346,-8.940748103583584,Passes du joueur interceptées Plus/Moins (Incl. Prolongations),4546738399,id1400003171515838
DEN Broncos	 vs. LA Rams,Bo Nix,playertotals-passcompletions,Over,21.5,Bo Nix (DEN) Plus de 21.5,1.8696,"Nix, Bo",1.961,2.053168635875403,0.4870520533612346,-8.940748103583584,"Passes complétées, Joueur (prolongations incluses) ",4539688012,id1400003171515838
JAX Jaguars vs. NE Patriots,Bhayshul Tuten,playertotals-receptions,Under,1.5,Bhayshul Tuten (JAX) moins de 1.5,1.8696,"Tuten, Bhayshul",1.961,2.053168635875403,0.4870520533612346,-8.940748103583584,Total de réceptions Plus/Moins(Incl. Prolongations),4535338247,id1400003171515822
MIA Dolphins vs. KC Chiefs,Tyquan Thornton,playertotals-receptions,Under,1.5,Tyquan Thornton (KC) moins de 1.5,1.6667,"Thornton, Tyquan",1.746,1.8314285714285712,0.546021840873635,-8.994539781591248,Total de réceptions Plus/Moins(Incl. Prolongations),4539657862,id1400003171515824
JAX Jaguars vs. NE Patriots,Drake Maye,playertotals-tdpasses,Over,1.5,Drake Maye (NE) Plus de 1.5,2.25,"Maye, Drake",2.36,2.473158551810237,0.40434124179707226,-9.023220595658742,Total de Touchdowns à la passe du joueur (Incl. Prolongations),4535337767,id1400003171515822
DEN Broncos	 vs. LA Rams,Courtland Sutton,playertotals-receptions,Under,3.5,Courtland Sutton (DEN) moins de 3.5,1.6897,"Sutton, Courtland",1.775,1.857487922705314,0.5383615084525357,-9.033055916775046,Total de réceptions Plus/Moins(Incl. Prolongations),4539687121,id1400003171515838
CLE Browns vs. CAR Panthers,Chuba Hubbard,playertotals-receptions,Under,2.5,Chuba Hubbard (CAR) moins de 2.5,1.7693,"Hubbard, Chuba",1.854,1.9454360020397756,0.5140235910878113,-9.053806028833545,Total de réceptions Plus/Moins(Incl. Prolongations),4535260305,id1400003171515812
CLE Browns vs. CAR Panthers,Quinshon Judkins,playertotals-receptions,Over,2.5,Quinshon Judkins (CLE) Plus de 2.5,2.0,"Judkins, Quinshon",2.1,2.1993146773272416,0.45468709426123083,-9.062581147753834,Total de réceptions Plus/Moins(Incl. Prolongations),4537107589,id1400003171515812
JAX Jaguars vs. NE Patriots,Drake Maye,playertotals-tdpasses,Under,1.5,Drake Maye (NE) moins de 1.5,1.5264,"Maye, Drake",1.602,1.678813559322034,0.5956587582029278,-9.078647147905105,Total de Touchdowns à la passe du joueur (Incl. Prolongations),4535337768,id1400003171515822
CLE Browns vs. CAR Panthers,Quinshon Judkins,playertotals-receptions,Under,2.5,Quinshon Judkins (CLE) moins de 2.5,1.6667,"Judkins, Quinshon",1.751,1.8338095238095236,0.5453129057387692,-9.112698000519327,Total de réceptions Plus/Moins(Incl. Prolongations),4537107590,id1400003171515812
JAX Jaguars vs. NE Patriots,Drake Maye,playertotals-interceptions,Under,0.5,Drake Maye (NE) moins de 0.5,1.8334,"Maye, Drake",1.925,2.0174418604651163,0.4956772334293948,-9.122536023054762,Passes du joueur interceptées Plus/Moins (Incl. Prolongations),4546685382,id1400003171515822
WAS Commanders		 vs. SEA Seahawks,Jaxon Smith-Njigba,playertotals-receptions,Over,6.5,Jaxon Smith-Njigba (SEA) Plus de 6.5,1.8334,"Smith-Njigba, Jaxon",1.925,2.0174418604651163,0.4956772334293948,-9.122536023054762,Total de réceptions Plus/Moins(Incl. Prolongations),4539496115,id1400003171515830
DAL Cowboys vs. BAL Ravens,CeeDee Lamb,playertotals-receivingyards,Over,82.5,CeeDee Lamb (DAL) Plus de 82.5,1.8334,"Lamb, CeeDee",1.925,2.0174418604651163,0.4956772334293948,-9.122536023054762,Total des yards après réception du joueur Plus/Moins(Incl. Prolongations),4543457581,id1400003171451946
CLE Browns vs. CAR Panthers,Quinshon Judkins,playertotals-rushyards,Under,60.5,Quinshon Judkins (CLE) moins de 60.5,1.8334,"Judkins, Quinshon",1.925,2.0174418604651163,0.4956772334293948,-9.122536023054762,Total de yards à la course du joueur Plus/Moins (Incl. Prolongations),4565710218,id1400003171515812
CLE Browns vs. CAR Panthers,Harold Fannin,playertotals-receivingyards,Over,37.5,Harold Fannin (CLE) Plus de 37.5,1.8334,"Fannin, Harold",1.925,2.0174418604651163,0.4956772334293948,-9.122536023054762,Total des yards après réception du joueur Plus/Moins(Incl. Prolongations),4548795079,id1400003171515812
CHI Bears	 vs. PHI Eagles,Luther Burden,playertotals-receptions,Over,3.5,Luther Burden (CHI) Plus de 3.5,1.7408,"Burden, Luther",1.813,1.9156565656565658,0.5220142367519114,-9.127761666227274,Total de réceptions Plus/Moins(Incl. Prolongations),4534959480,id1400003171515840
CLE Browns vs. CAR Panthers,Chuba Hubbard,playertotals-receptions,Over,2.5,Chuba Hubbard (CAR) Plus de 2.5,1.8696,"Hubbard, Chuba",1.961,2.057713052858684,0.4859764089121887,-9.141850589777212,Total de réceptions Plus/Moins(Incl. Prolongations),4535260304,id1400003171515812
WAS Commanders		 vs. SEA Seahawks,Elijah Arroyo,playertotals-receptions,Under,0.5,Elijah Arroyo (SEA) moins de 0.5,2.1,"Arroyo, Elijah",2.21,2.3123515439429925,0.43246019517205964,-9.183359013867475,Total de réceptions Plus/Moins(Incl. Prolongations),4535400430,id1400003171515830
MIA Dolphins vs. KC Chiefs,Tyquan Thornton,playertotals-receptions,Over,1.5,Tyquan Thornton (KC) Plus de 1.5,2.0,"Thornton, Tyquan",2.1,2.2027491408934705,0.4539781591263651,-9.204368174726984,Total de réceptions Plus/Moins(Incl. Prolongations),4539657861,id1400003171515824
CLE Browns vs. CAR Panthers,Harold Fannin,playertotals-receivingyards,Under,37.5,Harold Fannin (CLE) moins de 37.5,1.8,"Fannin, Harold",1.892,1.982857142857143,0.5043227665706052,-9.221902017291072,Total des yards après réception du joueur Plus/Moins(Incl. Prolongations),4548795080,id1400003171515812
DAL Cowboys vs. BAL Ravens,CeeDee Lamb,playertotals-receivingyards,Under,82.5,CeeDee Lamb (DAL) moins de 82.5,1.8,"Lamb, CeeDee",1.892,1.982857142857143,0.5043227665706052,-9.221902017291072,Total des yards après réception du joueur Plus/Moins(Incl. Prolongations),4543457582,id1400003171451946
WAS Commanders		 vs. SEA Seahawks,Jaxon Smith-Njigba,playertotals-receptions,Under,6.5,Jaxon Smith-Njigba (SEA) moins de 6.5,1.8,"Smith-Njigba, Jaxon",1.892,1.982857142857143,0.5043227665706052,-9.221902017291072,Total de réceptions Plus/Moins(Incl. Prolongations),4539496116,id1400003171515830
CLE Browns vs. CAR Panthers,Quinshon Judkins,playertotals-rushyards,Over,60.5,Quinshon Judkins (CLE) Plus de 60.5,1.8,"Judkins, Quinshon",1.892,1.982857142857143,0.5043227665706052,-9.221902017291072,Total de yards à la course du joueur Plus/Moins (Incl. Prolongations),4565710217,id1400003171515812
JAX Jaguars vs. NE Patriots,Drake Maye,playertotals-interceptions,Over,0.5,Drake Maye (NE) Plus de 0.5,1.8,"Maye, Drake",1.892,1.982857142857143,0.5043227665706052,-9.221902017291072,Passes du joueur interceptées Plus/Moins (Incl. Prolongations),4546685381,id1400003171515822
DEN Broncos	 vs. LA Rams,Bo Nix,playertotals-passcompletions,Under,21.5,Bo Nix (DEN) moins de 21.5,1.7693,"Nix, Bo",1.862,1.9495155532891384,0.5129479466387653,-9.244119801203254,"Passes complétées, Joueur (prolongations incluses) ",4539688013,id1400003171515838
JAX Jaguars vs. NE Patriots,Bhayshul Tuten,playertotals-receptions,Over,1.5,Bhayshul Tuten (JAX) Plus de 1.5,1.7693,"Tuten, Bhayshul",1.862,1.9495155532891384,0.5129479466387653,-9.244119801203254,Total de réceptions Plus/Moins(Incl. Prolongations),4535338246,id1400003171515822
BUF Bills vs. LA Chargers,Josh Allen,playertotals-passcompletions,Under,20.5,Josh Allen (BUF) moins de 20.5,1.7693,"Allen, Josh",1.862,1.9495155532891384,0.5129479466387653,-9.244119801203254,"Passes complétées, Joueur (prolongations incluses) ",4535356050,id1400003171515810
DEN Broncos	 vs. LA Rams,Bo Nix,playertotals-interceptions,Over,0.5,Bo Nix (DEN) Plus de 0.5,1.7693,"Nix, Bo",1.862,1.9495155532891384,0.5129479466387653,-9.244119801203254,Passes du joueur interceptées Plus/Moins (Incl. Prolongations),4546738398,id1400003171515838
NY Giants vs. TEN Titans,Calvin Ridley,playertotals-receptions,Under,1.5,Calvin Ridley (TEN) moins de 1.5,1.625,"Ridley, Calvin",1.709,1.7912037037037039,0.5582837942620832,-9.278883432411478,Total de réceptions Plus/Moins(Incl. Prolongations),4539685156,id1400003171515826
TB Buccaneers vs. MIN Vikings,Chris Godwin,playertotals-receptions,Over,3.5,Chris Godwin (TB) Plus de 3.5,2.1,"Godwin, Chris",2.21,2.3154761904761907,0.4318766066838046,-9.305912596401022,Total de réceptions Plus/Moins(Incl. Prolongations),4535257647,id1400003171515834
CLE Browns vs. CAR Panthers,Darren Waller,playertotals-receptions,Over,2.5,Darren Waller (CAR) Plus de 2.5,2.1,"Waller, Darren",2.21,2.3154761904761907,0.4318766066838046,-9.305912596401022,Total de réceptions Plus/Moins(Incl. Prolongations),4543443640,id1400003171515812
DEN Broncos	 vs. LA Rams,Jaylen Waddle,playertotals-receptions,Over,4.5,Jaylen Waddle (DEN) Plus de 4.5,1.6061,"Waddle, Jaylen",1.689,1.7712328767123287,0.5645784996133024,-9.32304717710749,Total de réceptions Plus/Moins(Incl. Prolongations),4539687786,id1400003171515838
DET Lions vs. NY Jets,Amon-Ra St. Brown,playertotals-receptions,Under,7.5,Amon-Ra St. Brown (DET) moins de 7.5,1.6061,"St. Brown, Amon-Ra",1.689,1.7712328767123287,0.5645784996133024,-9.32304717710749,Total de réceptions Plus/Moins(Incl. Prolongations),4538412477,id1400003171515818
DAL Cowboys vs. BAL Ravens,Lamar Jackson,playertotals-interceptions,Under,0.5,Lamar Jackson (BAL) moins de 0.5,1.5264,"Jackson, Lamar",1.606,1.6834042553191493,0.5940343781597572,-9.326592517694653,Passes du joueur interceptées Plus/Moins (Incl. Prolongations),4546734614,id1400003171451946
NO Saints	 vs. LV Raiders,Jack Bech,playertotals-receptions,Under,1.5,Jack Bech (LV) moins de 1.5,1.8696,"Bech, Jack",1.97,2.0625674217907224,0.48483263598326365,-9.355690376569036,Total de réceptions Plus/Moins(Incl. Prolongations),4543870629,id1400003171515836
MIA Dolphins vs. KC Chiefs,Patrick Mahomes,playertotals-tdpasses,Over,1.5,Patrick Mahomes (KC) Plus de 1.5,1.4445,"Mahomes, Patrick",1.52,1.59375,0.6274509803921569,-9.364705882352952,Total de Touchdowns à la passe du joueur (Incl. Prolongations),4535968524,id1400003171515824
NO Saints	 vs. LV Raiders,Michael Mayer,playertotals-receptions,Under,2.5,Michael Mayer (LV) moins de 2.5,1.7408,"Mayer, Michael",1.833,1.921105527638191,0.5205336123463249,-9.38550876275177,Total de réceptions Plus/Moins(Incl. Prolongations),4539805598,id1400003171515836
MIA Dolphins vs. KC Chiefs,Chris Bell,playertotals-receivingyards,Under,19.5,Chris Bell (MIA) moins de 19.5,1.8,"Bell, Chris",1.892,1.986958789775691,0.5032817012339197,-9.409293777894456,Total des yards après réception du joueur Plus/Moins(Incl. Prolongations),4558025883,id1400003171515824
CLE Browns vs. CAR Panthers,Bryce Young,playertotals-interceptions,Over,0.5,Bryce Young (CAR) Plus de 0.5,2.0,"Young, Bryce",2.11,2.2084765177548684,0.4528008298755187,-9.439834024896266,Passes du joueur interceptées Plus/Moins (Incl. Prolongations),4551539784,id1400003171515812
NY Giants vs. TEN Titans,Isaiah Likely,playertotals-receptions,Under,3.5,Isaiah Likely (NYG) moins de 3.5,2.0,"Likely, Isaiah",2.11,2.2084765177548684,0.4528008298755187,-9.439834024896266,Total de réceptions Plus/Moins(Incl. Prolongations),4544324327,id1400003171515826
PIT Steelers		 vs. CIN Bengals,Mike Gesicki,playertotals-receptions,Under,2.5,Mike Gesicki (CIN) moins de 2.5,1.7693,"Gesicki, Mike",1.862,1.9538934426229508,0.5117986366019927,-9.447467226009431,Total de réceptions Plus/Moins(Incl. Prolongations),4535006821,id1400003171515828
NY Giants vs. TEN Titans,Calvin Ridley,playertotals-receptions,Over,1.5,Calvin Ridley (TEN) Plus de 1.5,2.05,"Ridley, Calvin",2.16,2.2638970157987126,0.44171620573791676,-9.448177823727077,Total de réceptions Plus/Moins(Incl. Prolongations),4539685155,id1400003171515826
SF 49ers		 vs. ARZ Cardinals,Brock Purdy,playertotals-interceptions,Under,0.5,Brock Purdy (SF) moins de 0.5,1.6667,"Purdy, Brock",1.757,1.8406698564593302,0.5432804782947751,-9.451442682609834,Passes du joueur interceptées Plus/Moins (Incl. Prolongations),4557996105,id1400003171515832
IND Colts	 vs. HOU Texans,Tyler Warren,playertotals-receivingyards,Over,46.5,Tyler Warren (IND) Plus de 46.5,1.8334,"Warren, Tyler",1.934,2.026539278131635,0.49345206914614975,-9.530497642744907,Total des yards après réception du joueur Plus/Moins(Incl. Prolongations),4537107140,id1400003171515820
NO Saints	 vs. LV Raiders,Tyler Shough,playertotals-tdpasses,Over,1.5,Tyler Shough (NO) Plus de 1.5,1.8696,"Shough, Tyler",1.97,2.066594477531132,0.483887870055017,-9.532323814514033,Total de Touchdowns à la passe du joueur (Incl. Prolongations),4535359441,id1400003171515836
TB Buccaneers vs. MIN Vikings,Baker Mayfield,playertotals-interceptions,Under,0.5,Baker Mayfield (TB) moins de 0.5,1.8696,"Mayfield, Baker",1.97,2.066594477531132,0.483887870055017,-9.532323814514033,Passes du joueur interceptées Plus/Moins (Incl. Prolongations),4547495198,id1400003171515834
WAS Commanders		 vs. SEA Seahawks,Sam Darnold,playertotals-passattempts,Over,28.5,Sam Darnold (SEA) Plus de 28.5,1.8696,"Darnold, Sam",1.97,2.066594477531132,0.483887870055017,-9.532323814514033,Tentatives de passes du joueur Plus/Moins (Incl. Prolongations),4539774711,id1400003171515830
TB Buccaneers vs. MIN Vikings,Kyler Murray,playertotals-interceptions,Under,0.5,Kyler Murray (MIN) moins de 0.5,1.8696,"Murray, Kyler",1.97,2.066594477531132,0.483887870055017,-9.532323814514033,Passes du joueur interceptées Plus/Moins (Incl. Prolongations),4547495196,id1400003171515834
WAS Commanders		 vs. SEA Seahawks,Terry McLaurin,playertotals-receivingyards,Under,42.5,Terry McLaurin (WAS) moins de 42.5,1.8,"McLaurin, Terry",1.9,1.99113197704747,0.5022268797484936,-9.59916164527116,Total des yards après réception du joueur Plus/Moins(Incl. Prolongations),4537506279,id1400003171515830
JAX Jaguars vs. NE Patriots,Romeo Doubs,playertotals-receivingyards,Over,42.5,Romeo Doubs (NE) Plus de 42.5,1.8,"Doubs, Romeo",1.9,1.99113197704747,0.5022268797484936,-9.59916164527116,Total des yards après réception du joueur Plus/Moins(Incl. Prolongations),4557271196,id1400003171515822
TB Buccaneers vs. MIN Vikings,Jalen McMillan,playertotals-receivingyards,Under,13.5,Jalen McMillan (TB) moins de 13.5,1.7693,"McMillan, Jalen",1.869,1.957479508196721,0.5108610311436798,-9.61335775974873,Total des yards après réception du joueur Plus/Moins(Incl. Prolongations),4561326528,id1400003171515834
BUF Bills vs. LA Chargers,Josh Allen,playertotals-tdpasses,Over,1.5,Josh Allen (BUF) Plus de 1.5,1.625,"Allen, Josh",1.719,1.7995348837209302,0.5556991470664254,-9.698888601705868,Total de Touchdowns à la passe du joueur (Incl. Prolongations),4535356043,id1400003171515810
PIT Steelers		 vs. CIN Bengals,Joe Burrow,playertotals-interceptions,Under,0.5,Joe Burrow (CIN) moins de 0.5,1.9091,"Burrow, Joe",2.02,2.1141753998896853,0.47299765196973653,-9.700018262457599,Passes du joueur interceptées Plus/Moins (Incl. Prolongations),4546706197,id1400003171515828
SF 49ers		 vs. ARZ Cardinals,Marvin Harrison Jr.,playertotals-receptions,Under,2.5,Marvin Harrison Jr. (ARI) moins de 2.5,1.6061,"Harrison Jr., Marvin",1.699,1.7793577981651376,0.5620005155968033,-9.737097189997412,Total de réceptions Plus/Moins(Incl. Prolongations),4535378905,id1400003171515832
MIA Dolphins vs. KC Chiefs,Malik Washington,playertotals-receptions,Over,3.5,Malik Washington (MIA) Plus de 3.5,1.6061,"Washington, Malik",1.699,1.7793577981651376,0.5620005155968033,-9.737097189997412,Total de réceptions Plus/Moins(Incl. Prolongations),4535969407,id1400003171515824
WAS Commanders		 vs. SEA Seahawks,Marcus Mariota,playertotals-interceptions,Over,0.5,Marcus Mariota (WAS) Plus de 0.5,1.6061,"Mariota, Marcus",1.699,1.7793577981651376,0.5620005155968033,-9.737097189997412,Passes du joueur interceptées Plus/Moins (Incl. Prolongations),4556130919,id1400003171515830
CHI Bears	 vs. PHI Eagles,Makai Lemon,playertotals-receptions,Under,2.5,Makai Lemon (PHI) moins de 2.5,1.9091,"Lemon, Makai",2.0,2.115448968209704,0.4727128921697865,-9.75438175586606,Total de réceptions Plus/Moins(Incl. Prolongations),4539010559,id1400003171515840
DAL Cowboys vs. BAL Ravens,Dak Prescott,playertotals-passcompletions,Under,25.5,Dak Prescott (DAL) moins de 25.5,1.7408,"Prescott, Dak",1.84,1.929292929292929,0.518324607329843,-9.770052356020942,"Passes complétées, Joueur (prolongations incluses) ",4539559412,id1400003171451946
DAL Cowboys vs. BAL Ravens,Rashod Bateman,playertotals-receptions,Under,3.5,Rashod Bateman (BAL) moins de 3.5,1.7408,"Bateman, Rashod",1.84,1.929292929292929,0.518324607329843,-9.770052356020942,Total de réceptions Plus/Moins(Incl. Prolongations),4539539897,id1400003171451946
DEN Broncos	 vs. LA Rams,Courtland Sutton,playertotals-receptions,Over,3.5,Courtland Sutton (DEN) Plus de 3.5,1.9524,"Sutton, Courtland",2.07,2.1661971830985918,0.4616384915474642,-9.869700910273094,Total de réceptions Plus/Moins(Incl. Prolongations),4539687120,id1400003171515838
NO Saints	 vs. LV Raiders,Juwan Johnson,playertotals-receptions,Over,3.5,Juwan Johnson (NO) Plus de 3.5,1.9091,"Johnson, Juwan",2.02,2.1184939091915833,0.47203345530580243,-9.884093047569253,Total de réceptions Plus/Moins(Incl. Prolongations),4535358452,id1400003171515836
TB Buccaneers vs. MIN Vikings,Bucky Irving,playertotals-receptions,Under,2.5,Bucky Irving (TB) moins de 2.5,2.0,"Irving, Bucky",2.12,2.2219020172910664,0.4500648508430609,-9.987029831387817,Total de réceptions Plus/Moins(Incl. Prolongations),4537106380,id1400003171515834
BUF Bills vs. LA Chargers,James Cook,playertotals-receivingyards,Under,11.5,James Cook (BUF) moins de 11.5,1.8,"Cook, James",1.909,2.0,0.5,-9.999999999999998,Total des yards après réception du joueur Plus/Moins(Incl. Prolongations),4549269578,id1400003171515810
BUF Bills vs. LA Chargers,Keaton Mitchell,playertotals-rushyards,Under,14.5,Keaton Mitchell (LAC) moins de 14.5,1.8,"Mitchell, Keaton",1.909,2.0,0.5,-9.999999999999998,Total de yards à la course du joueur Plus/Moins (Incl. Prolongations),4537105844,id1400003171515810
PIT Steelers		 vs. CIN Bengals,Drew Sample,playertotals-receivingyards,Over,6.5,Drew Sample (CIN) Plus de 6.5,1.8,"Sample, Drew",1.909,2.0,0.5,-9.999999999999998,Total des yards après réception du joueur Plus/Moins(Incl. Prolongations),4542922396,id1400003171515828
TB Buccaneers vs. MIN Vikings,Jordan Addison,playertotals-receivingyards,Under,36.5,Jordan Addison (MIN) moins de 36.5,1.8,"Addison, Jordan",1.909,2.0,0.5,-9.999999999999998,Total des yards après réception du joueur Plus/Moins(Incl. Prolongations),4548819483,id1400003171515834
NO Saints	 vs. LV Raiders,Tyler Shough,playertotals-rushyards,Under,14.5,Tyler Shough (NO) moins de 14.5,1.8,"Shough, Tyler",1.909,2.0,0.5,-9.999999999999998,Total de yards à la course du joueur Plus/Moins (Incl. Prolongations),4557451203,id1400003171515836
IND Colts	 vs. HOU Texans,Jonathan Taylor,playertotals-rushyards,Under,81.5,Jonathan Taylor (IND) moins de 81.5,1.8,"Taylor, Jonathan",1.909,2.0,0.5,-9.999999999999998,Total de yards à la course du joueur Plus/Moins (Incl. Prolongations),4543369636,id1400003171515820
DEN Broncos	 vs. LA Rams,Matthew Stafford,playertotals-rushattempts,Over,1.5,Matthew Stafford (LAR) Plus de 1.5,1.8,"Stafford, Matthew",1.909,2.0,0.5,-9.999999999999998,Joueur tentative de gain par la course (prolongations incluses),4539686898,id1400003171515838
CLE Browns vs. CAR Panthers,Bryce Young,playertotals-rushyards,Under,13.5,Bryce Young (CAR) moins de 13.5,1.8,"Young, Bryce",1.909,2.0,0.5,-9.999999999999998,Total de yards à la course du joueur Plus/Moins (Incl. Prolongations),4537489825,id1400003171515812
DEN Broncos	 vs. LA Rams,Jaylen Waddle,playertotals-receivingyards,Under,59.5,Jaylen Waddle (DEN) moins de 59.5,1.8,"Waddle, Jaylen",1.909,2.0,0.5,-9.999999999999998,Total des yards après réception du joueur Plus/Moins(Incl. Prolongations),4547662051,id1400003171515838
BUF Bills vs. LA Chargers,Tre Harris,playertotals-receivingyards,Under,31.5,Tre Harris (LAC) moins de 31.5,1.8,"Harris, Tre",1.909,2.0,0.5,-9.999999999999998,Total des yards après réception du joueur Plus/Moins(Incl. Prolongations),4543319450,id1400003171515810
PIT Steelers		 vs. CIN Bengals,Samaje Perine,playertotals-receivingyards,Over,7.5,Samaje Perine (CIN) Plus de 7.5,1.8,"Perine, Samaje",1.909,2.0,0.5,-9.999999999999998,Total des yards après réception du joueur Plus/Moins(Incl. Prolongations),4542917856,id1400003171515828
NY Giants vs. TEN Titans,Malik Nabers,playertotals-receivingyards,Over,52.5,Malik Nabers (NYG) Plus de 52.5,1.8,"Nabers, Malik",1.909,2.0,0.5,-9.999999999999998,Total des yards après réception du joueur Plus/Moins(Incl. Prolongations),4539686370,id1400003171515826
DAL Cowboys vs. BAL Ravens,Dak Prescott,playertotals-rushyards,Under,11.5,Dak Prescott (DAL) moins de 11.5,1.8,"Prescott, Dak",1.909,2.0,0.5,-9.999999999999998,Total de yards à la course du joueur Plus/Moins (Incl. Prolongations),4537505384,id1400003171451946
MIA Dolphins vs. KC Chiefs,Emmett Johnson,playertotals-receivingyards,Over,10.5,Emmett Johnson (KC) Plus de 10.5,1.8,"Johnson, Emmett",1.909,2.0,0.5,-9.999999999999998,Total des yards après réception du joueur Plus/Moins(Incl. Prolongations),4547430743,id1400003171515824
NY Giants vs. TEN Titans,Malik Nabers,playertotals-receptions,Over,4.5,Malik Nabers (NYG) Plus de 4.5,1.9524,"Nabers, Malik",2.07,2.1701526286037307,0.4607970825735869,-10.03397759833289,Total de réceptions Plus/Moins(Incl. Prolongations),4539686374,id1400003171515826
JAX Jaguars vs. NE Patriots,Mack Hollins,playertotals-receptions,Under,2.5,Mack Hollins (NE) moins de 2.5,2.1,"Hollins, Mack",2.23,2.3345302214242967,0.4283517046911049,-10.046142014867964,Total de réceptions Plus/Moins(Incl. Prolongations),4537488641,id1400003171515822
MIA Dolphins vs. KC Chiefs,Rashee Rice,playertotals-receptions,Under,4.5,Rashee Rice (KC) moins de 4.5,1.5715,"Rice, Rashee",1.666,1.7470852017937222,0.5723819301848049,-10.050179671457915,Total de réceptions Plus/Moins(Incl. Prolongations),4535969453,id1400003171515824
BUF Bills vs. LA Chargers,Ladd McConkey,playertotals-receivingyards,Under,58.5,Ladd McConkey (LAC) moins de 58.5,1.8334,"McConkey, Ladd",1.943,2.0395933654360623,0.4902938090241343,-10.109533053515229,Total des yards après réception du joueur Plus/Moins(Incl. Prolongations),4565689180,id1400003171515810
IND Colts	 vs. HOU Texans,Jared Wayne,playertotals-receptions,Under,1.5,Jared Wayne (HOU) moins de 1.5,1.625,"Wayne, Jared",1.729,1.811737089201878,0.5519564654055454,-10.307074371598867,Total de réceptions Plus/Moins(Incl. Prolongations),4538965273,id1400003171515820
WAS Commanders		 vs. SEA Seahawks,Jaxon Smith-Njigba,playertotals-receivingyards,Under,90.5,Jaxon Smith-Njigba (SEA) moins de 90.5,1.8334,"Smith-Njigba, Jaxon",1.952,2.0444087747458535,0.4891389688563203,-10.321261449882236,Total des yards après réception du joueur Plus/Moins(Incl. Prolongations),4539502033,id1400003171515830
NY Giants vs. TEN Titans,Cameron Ward,playertotals-passattempts,Under,29.5,Cameron Ward (TEN) moins de 29.5,1.8334,"Ward, Cameron",1.952,2.0444087747458535,0.4891389688563203,-10.321261449882236,Tentatives de passes du joueur Plus/Moins (Incl. Prolongations),4539686209,id1400003171515826
IND Colts	 vs. HOU Texans,Dalton Schultz,playertotals-receivingyards,Under,49.5,Dalton Schultz (HOU) moins de 49.5,1.8334,"Schultz, Dalton",1.952,2.0444087747458535,0.4891389688563203,-10.321261449882236,Total des yards après réception du joueur Plus/Moins(Incl. Prolongations),4549250318,id1400003171515820
BUF Bills vs. LA Chargers,Justin Herbert,playertotals-rushyards,Under,19.5,Justin Herbert (LAC) moins de 19.5,1.8334,"Herbert, Justin",1.952,2.0444087747458535,0.4891389688563203,-10.321261449882236,Total de yards à la course du joueur Plus/Moins (Incl. Prolongations),4547507052,id1400003171515810
SF 49ers		 vs. ARZ Cardinals,Christian McCaffrey,playertotals-rushattempts,Under,13.5,Christian McCaffrey (SF) moins de 13.5,1.8696,"McCaffrey, Christian",1.99,2.0856519367157667,0.4794663876536751,-10.358964164268903,Joueur tentative de gain par la course (prolongations incluses),4539893606,id1400003171515832
DEN Broncos	 vs. LA Rams,Bo Nix,playertotals-passattempts,Over,33.5,Bo Nix (DEN) Plus de 33.5,1.7693,"Nix, Bo",1.884,1.974146845915202,0.5065479308538501,-10.376474594028295,Tentatives de passes du joueur Plus/Moins (Incl. Prolongations),4539688010,id1400003171515838
SF 49ers		 vs. ARZ Cardinals,Kyle Juszczyk,playertotals-receptions,Under,1.5,Kyle Juszczyk (SF) moins de 1.5,1.4167,"Juszczyk, Kyle",1.51,1.5807692307692307,0.6326034063260341,-10.379075425790752,Total de réceptions Plus/Moins(Incl. Prolongations),4539924333,id1400003171515832
NO Saints	 vs. LV Raiders,Ashton Jeanty,playertotals-receptions,Under,3.5,Ashton Jeanty (LV) moins de 3.5,2.0,"Jeanty, Ashton",2.13,2.2319259687680746,0.44804353459445445,-10.39129308110911,Total de réceptions Plus/Moins(Incl. Prolongations),4543854534,id1400003171515836
IND Colts	 vs. HOU Texans,Xavier Hutchinson,playertotals-receivingyards,Under,38.5,Xavier Hutchinson (HOU) moins de 38.5,1.8,"Hutchinson, Xavier",1.917,2.0089473684210524,0.49777312025150644,-10.400838354728837,Total des yards après réception du joueur Plus/Moins(Incl. Prolongations),4543329677,id1400003171515820
WAS Commanders		 vs. SEA Seahawks,Antonio Williams,playertotals-receivingyards,Over,14.5,Antonio Williams (WAS) Plus de 14.5,1.8,"Williams, Antonio",1.917,2.0089473684210524,0.49777312025150644,-10.400838354728837,Total des yards après réception du joueur Plus/Moins(Incl. Prolongations),4538608060,id1400003171515830
CLE Browns vs. CAR Panthers,Deshaun Watson,playertotals-passyards,Under,187.5,Deshaun Watson (CLE) moins de 187.5,1.8,"Watson, Deshaun",1.917,2.0089473684210524,0.49777312025150644,-10.400838354728837,Total de yards à la passe du joueur Plus/Moins(Incl. Prolongations),4548273144,id1400003171515812
TB Buccaneers vs. MIN Vikings,Kyler Murray,playertotals-tdpasses,Under,1.5,Kyler Murray (MIN) moins de 1.5,1.5,"Murray, Kyler",1.598,1.6742616033755273,0.5972782258064516,-10.408266129032251,Total de Touchdowns à la passe du joueur (Incl. Prolongations),4535391965,id1400003171515834
TB Buccaneers vs. MIN Vikings,Aaron Jones,playertotals-receptions,Over,1.5,Aaron Jones (MIN) Plus de 1.5,1.5,"Jones, Aaron",1.602,1.678813559322034,0.5956587582029278,-10.651186269560831,Total de réceptions Plus/Moins(Incl. Prolongations),4558164395,id1400003171515834
DET Lions vs. NY Jets,Jared Goff,playertotals-passattempts,Under,33.5,Jared Goff (DET) moins de 33.5,1.7408,"Goff, Jared",1.862,1.9495155532891384,0.5129479466387653,-10.706021449123737,Tentatives de passes du joueur Plus/Moins (Incl. Prolongations),4535058980,id1400003171515818
BUF Bills vs. LA Chargers,Oronde Gadsden,playertotals-receptions,Over,3.5,Oronde Gadsden (LAC) Plus de 3.5,2.0,"Gadsden, Oronde",2.14,2.2412993039443156,0.44616977225672877,-10.766045548654246,Total de réceptions Plus/Moins(Incl. Prolongations),4538977078,id1400003171515810
TB Buccaneers vs. MIN Vikings,T.J. Hockenson,playertotals-receptions,Over,3.5,T.J. Hockenson (MIN) Plus de 3.5,1.7693,"Hockenson, T.J.",1.892,1.982857142857143,0.5043227665706052,-10.770172910662822,Total de réceptions Plus/Moins(Incl. Prolongations),4535392126,id1400003171515834
BUF Bills vs. LA Chargers,Josh Allen,playertotals-rushyards,Over,32.5,Josh Allen (BUF) Plus de 32.5,1.7693,"Allen, Josh",1.892,1.982857142857143,0.5043227665706052,-10.770172910662822,Total de yards à la course du joueur Plus/Moins (Incl. Prolongations),4535356095,id1400003171515810
DEN Broncos	 vs. LA Rams,Matthew Stafford,playertotals-interceptions,Under,0.5,Matthew Stafford (LAR) moins de 0.5,1.7693,"Stafford, Matthew",1.892,1.982857142857143,0.5043227665706052,-10.770172910662822,Passes du joueur interceptées Plus/Moins (Incl. Prolongations),4546738403,id1400003171515838
SF 49ers		 vs. ARZ Cardinals,Christian McCaffrey,playertotals-receptions,Under,4.5,Christian McCaffrey (SF) moins de 4.5,1.8696,"McCaffrey, Christian",2.0,2.095290251916758,0.4772608468374281,-10.771312075274453,Total de réceptions Plus/Moins(Incl. Prolongations),4539956237,id1400003171515832
IND Colts	 vs. HOU Texans,David Montgomery,playertotals-receptions,Over,1.5,David Montgomery (HOU) Plus de 1.5,1.8696,"Montgomery, David",2.0,2.095290251916758,0.4772608468374281,-10.771312075274453,Total de réceptions Plus/Moins(Incl. Prolongations),4535966048,id1400003171515820
CHI Bears	 vs. PHI Eagles,Saquon Barkley,playertotals-rushattempts,Under,17.5,Saquon Barkley (PHI) moins de 17.5,1.7693,"Barkley, Saquon",1.877,1.9832372970141434,0.5042260961436873,-10.787276809297397,Joueur tentative de gain par la course (prolongations incluses),4547698855,id1400003171515840
BUF Bills vs. LA Chargers,Khalil Shakir,playertotals-receptions,Over,3.5,Khalil Shakir (BUF) Plus de 3.5,1.5715,"Shakir, Khalil",1.684,1.7619909502262443,0.5675398048279404,-10.811119671289172,Total de réceptions Plus/Moins(Incl. Prolongations),4535356809,id1400003171515810
PIT Steelers		 vs. CIN Bengals,Drew Sample,playertotals-receptions,Under,1.5,Drew Sample (CIN) moins de 1.5,1.4445,"Sample, Drew",1.546,1.6208835341365462,0.6169474727452924,-10.881937561942523,Total de réceptions Plus/Moins(Incl. Prolongations),4535006866,id1400003171515828
BUF Bills vs. LA Chargers,Josh Allen,playertotals-interceptions,Under,0.5,Josh Allen (BUF) moins de 0.5,1.6061,"Allen, Josh",1.719,1.8032710280373832,0.5545478103135527,-10.934076185540299,Passes du joueur interceptées Plus/Moins (Incl. Prolongations),4546594553,id1400003171515810
NY Giants vs. TEN Titans,Cameron Ward,playertotals-interceptions,Under,0.5,Cameron Ward (TEN) moins de 0.5,1.6897,"Ward, Cameron",1.813,1.8975247524752477,0.5270023480302635,-10.952413253326387,Passes du joueur interceptées Plus/Moins (Incl. Prolongations),4551545477,id1400003171515826
DEN Broncos	 vs. LA Rams,Bo Nix,playertotals-tdpasses,Under,1.5,Bo Nix (DEN) moins de 1.5,1.5264,"Nix, Bo",1.636,1.7144104803493447,0.5832908813041264,-10.966479877738145,Total de Touchdowns à la passe du joueur (Incl. Prolongations),4539688007,id1400003171515838
CLE Browns vs. CAR Panthers,Bryce Young,playertotals-tdpasses,Under,1.5,Bryce Young (CAR) moins de 1.5,1.6061,"Young, Bryce",1.724,1.8056074766355141,0.5538302277432712,-11.049327122153208,Total de Touchdowns à la passe du joueur (Incl. Prolongations),4535260791,id1400003171515812
TB Buccaneers vs. MIN Vikings,Kyler Murray,playertotals-passcompletions,Over,19.5,Kyler Murray (MIN) Plus de 19.5,1.7693,"Murray, Kyler",1.9,1.99113197704747,0.5022268797484936,-11.140998166099026,"Passes complétées, Joueur (prolongations incluses) ",4535392718,id1400003171515834
CHI Bears	 vs. PHI Eagles,D'Andre Swift,playertotals-receivingyards,Over,10.5,D'Andre Swift (CHI) Plus de 10.5,1.7693,"Swift, D'Andre",1.884,1.991578947368421,0.5021141649048626,-11.160940803382658,Total des yards après réception du joueur Plus/Moins(Incl. Prolongations),4538576457,id1400003171515840
JAX Jaguars vs. NE Patriots,Trevor Lawrence,playertotals-interceptions,Under,0.5,Trevor Lawrence (JAX) moins de 0.5,1.8696,"Lawrence, Trevor",2.01,2.1050027487630563,0.4750587620788718,-11.183013841734123,Passes du joueur interceptées Plus/Moins (Incl. Prolongations),4546683990,id1400003171515822
SF 49ers		 vs. ARZ Cardinals,Jacoby Brissett,playertotals-passcompletions,Under,21.5,Jacoby Brissett (ARI) moins de 21.5,1.8696,"Brissett, Jacoby",2.01,2.1050027487630563,0.4750587620788718,-11.183013841734123,"Passes complétées, Joueur (prolongations incluses) ",4537670494,id1400003171515832
SF 49ers		 vs. ARZ Cardinals,Kendrick Bourne,playertotals-receptions,Over,2.5,Kendrick Bourne (ARI) Plus de 2.5,1.8696,"Bourne, Kendrick",2.01,2.1050027487630563,0.4750587620788718,-11.183013841734123,Total de réceptions Plus/Moins(Incl. Prolongations),4535377353,id1400003171515832
DET Lions vs. NY Jets,Breece Hall,playertotals-rushattempts,Under,14.5,Breece Hall (NYJ) moins de 14.5,1.8696,"Hall, Breece",2.01,2.1050027487630563,0.4750587620788718,-11.183013841734123,Joueur tentative de gain par la course (prolongations incluses),4537103255,id1400003171515818
PIT Steelers		 vs. CIN Bengals,Darnell Washington,playertotals-receptions,Under,1.5,Darnell Washington (PIT) moins de 1.5,1.8696,"Washington, Darnell",2.01,2.1050027487630563,0.4750587620788718,-11.183013841734123,Total de réceptions Plus/Moins(Incl. Prolongations),4535007940,id1400003171515828
SF 49ers		 vs. ARZ Cardinals,Mike Evans,playertotals-receptions,Over,4.5,Mike Evans (SF) Plus de 4.5,2.1,"Evans, Mike",2.26,2.3672111312764668,0.4224380270891899,-11.28801431127011,Total de réceptions Plus/Moins(Incl. Prolongations),4539968542,id1400003171515832
WAS Commanders		 vs. SEA Seahawks,Sam Darnold,playertotals-interceptions,Under,0.5,Sam Darnold (SEA) moins de 0.5,1.6667,"Darnold, Sam",1.793,1.878921568627451,0.5322201930602661,-11.294860422645437,Passes du joueur interceptées Plus/Moins (Incl. Prolongations),4556132171,id1400003171515830
NO Saints	 vs. LV Raiders,Tyler Shough,playertotals-interceptions,Under,0.5,Tyler Shough (NOS) moins de 0.5,1.6667,"Shough, Tyler",1.793,1.878921568627451,0.5322201930602661,-11.294860422645437,Passes du joueur interceptées Plus/Moins (Incl. Prolongations),4546727985,id1400003171515836
IND Colts	 vs. HOU Texans,Jaylin Noel,playertotals-receptions,Under,2.5,Jaylin Noel (HOU) moins de 2.5,1.6667,"Noel, Jaylin",1.793,1.878921568627451,0.5322201930602661,-11.294860422645437,Total de réceptions Plus/Moins(Incl. Prolongations),4538965329,id1400003171515820
MIA Dolphins vs. KC Chiefs,Travis Kelce,playertotals-receptions,Under,4.5,Travis Kelce (KC) moins de 4.5,1.6897,"Kelce, Travis",1.819,1.9049751243781095,0.5249412379211282,-11.300679028466964,Total de réceptions Plus/Moins(Incl. Prolongations),4535968422,id1400003171515824
DAL Cowboys vs. BAL Ravens,Dak Prescott,playertotals-tdpasses,Over,1.5,Dak Prescott (DAL) Plus de 1.5,1.6061,"Prescott, Dak",1.729,1.811737089201878,0.5519564654055454,-11.350272091215341,Total de Touchdowns à la passe du joueur (Incl. Prolongations),4536203897,id1400003171451946
IND Colts	 vs. HOU Texans,Xavier Hutchinson,playertotals-receptions,Under,3.5,Xavier Hutchinson (HOU) moins de 3.5,1.625,"Hutchinson, Xavier",1.751,1.8338095238095236,0.5453129057387692,-11.386652817450004,Total de réceptions Plus/Moins(Incl. Prolongations),4535966297,id1400003171515820
CLE Browns vs. CAR Panthers,Deshaun Watson,playertotals-tdpasses,Under,1.5,Deshaun Watson (CLE) moins de 1.5,1.3847,"Watson, Deshaun",1.492,1.563018867924528,0.6397875422501208,-11.408619024625766,Total de Touchdowns à la passe du joueur (Incl. Prolongations),4535259828,id1400003171515812
PIT Steelers		 vs. CIN Bengals,Joe Burrow,playertotals-tdpasses,Over,1.5,Joe Burrow (CIN) Plus de 1.5,1.7408,"Burrow, Joe",1.877,1.9660319094184249,0.5086387434554974,-11.456167539267014,Total de Touchdowns à la passe du joueur (Incl. Prolongations),4535006919,id1400003171515828
IND Colts	 vs. HOU Texans,C.j Stroud,playertotals-interceptions,Over,0.5,C.j Stroud (HOU) Plus de 0.5,1.9091,"Stroud, C.J.",2.06,2.15665356541269,0.46368133298620146,-11.478596719604283,Passes du joueur interceptées Plus/Moins (Incl. Prolongations),4551570890,id1400003171515820
CLE Browns vs. CAR Panthers,Raheim Sanders,playertotals-receptions,Over,0.5,Raheim Sanders (CLE) Plus de 0.5,1.5264,"Sanders, Raheim",1.645,1.724669603524229,0.5798212005108557,-11.49609195402298,Total de réceptions Plus/Moins(Incl. Prolongations),4535261216,id1400003171515812
IND Colts	 vs. HOU Texans,Josh Downs,playertotals-receptions,Under,4.5,Josh Downs (IND) moins de 4.5,2.0,"Downs, Josh",2.16,2.260210035005834,0.4424367578729995,-11.512648425400096,Total de réceptions Plus/Moins(Incl. Prolongations),4543314141,id1400003171515820
IND Colts	 vs. HOU Texans,Jonathan Taylor,playertotals-rushattempts,Over,19.5,Jonathan Taylor (IND) Plus de 19.5,1.7693,"Taylor, Jonathan",1.909,2.0,0.5,-11.534999999999995,Joueur tentative de gain par la course (prolongations incluses),4543293855,id1400003171515820
DAL Cowboys vs. BAL Ravens,Justice Hill,playertotals-receivingyards,Under,13.5,Justice Hill (BAL) moins de 13.5,1.7693,"Hill, Justice",1.909,2.0,0.5,-11.534999999999995,Total des yards après réception du joueur Plus/Moins(Incl. Prolongations),4539539865,id1400003171451946
DET Lions vs. NY Jets,Braelon Allen,playertotals-rushyards,Under,17.5,Braelon Allen (NYJ) moins de 17.5,1.7693,"Allen, Braelon",1.909,2.0,0.5,-11.534999999999995,Total de yards à la course du joueur Plus/Moins (Incl. Prolongations),4538437661,id1400003171515818
NO Saints	 vs. LV Raiders,Michael Mayer,playertotals-receivingyards,Over,21.5,Michael Mayer (LV) Plus de 21.5,1.7693,"Mayer, Michael",1.909,2.0,0.5,-11.534999999999995,Total des yards après réception du joueur Plus/Moins(Incl. Prolongations),4548854434,id1400003171515836
NO Saints	 vs. LV Raiders,Travis Etienne Jr.,playertotals-receivingyards,Over,10.5,Travis Etienne Jr. (NO) Plus de 10.5,1.7693,"Etienne Jr., Travis",1.909,2.0,0.5,-11.534999999999995,Total des yards après réception du joueur Plus/Moins(Incl. Prolongations),4558363104,id1400003171515836
CLE Browns vs. CAR Panthers,Tommy Tremble,playertotals-receivingyards,Over,10.5,Tommy Tremble (CAR) Plus de 10.5,1.7693,"Tremble, Tommy",1.909,2.0,0.5,-11.534999999999995,Total des yards après réception du joueur Plus/Moins(Incl. Prolongations),4553098851,id1400003171515812
MIA Dolphins vs. KC Chiefs,Patrick Mahomes,playertotals-rushyards,Over,15.5,Patrick Mahomes (KC) Plus de 15.5,1.7693,"Mahomes, Patrick",1.909,2.0,0.5,-11.534999999999995,Total de yards à la course du joueur Plus/Moins (Incl. Prolongations),4539694662,id1400003171515824
TB Buccaneers vs. MIN Vikings,Kenneth Gainwell,playertotals-rushyards,Over,18.5,Kenneth Gainwell (TB) Plus de 18.5,1.7693,"Gainwell, Kenneth",1.909,2.0,0.5,-11.534999999999995,Total de yards à la course du joueur Plus/Moins (Incl. Prolongations),4539704431,id1400003171515834
JAX Jaguars vs. NE Patriots,Mack Hollins,playertotals-receivingyards,Over,33.5,Mack Hollins (NE) Plus de 33.5,1.7693,"Hollins, Mack",1.909,2.0,0.5,-11.534999999999995,Total des yards après réception du joueur Plus/Moins(Incl. Prolongations),4553570641,id1400003171515822
CHI Bears	 vs. PHI Eagles,Jalen Hurts,playertotals-rushyards,Under,24.5,Jalen Hurts (PHI) moins de 24.5,1.7693,"Hurts, Jalen",1.892,2.0,0.5,-11.534999999999995,Total de yards à la course du joueur Plus/Moins (Incl. Prolongations),4538573856,id1400003171515840
DEN Broncos	 vs. LA Rams,Matthew Stafford,playertotals-passattempts,Under,33.5,Matthew Stafford (LAR) moins de 33.5,1.7693,"Stafford, Matthew",1.909,2.0,0.5,-11.534999999999995,Tentatives de passes du joueur Plus/Moins (Incl. Prolongations),4543068725,id1400003171515838
NY Giants vs. TEN Titans,Gunnar Helm,playertotals-receivingyards,Over,21.5,Gunnar Helm (TEN) Plus de 21.5,1.7693,"Helm, Gunnar",1.909,2.0,0.5,-11.534999999999995,Total des yards après réception du joueur Plus/Moins(Incl. Prolongations),4558788337,id1400003171515826
JAX Jaguars vs. NE Patriots,Bhayshul Tuten,playertotals-rushattempts,Under,12.5,Bhayshul Tuten (JAX) moins de 12.5,1.7693,"Tuten, Bhayshul",1.909,2.0,0.5,-11.534999999999995,Joueur tentative de gain par la course (prolongations incluses),4538186914,id1400003171515822
JAX Jaguars vs. NE Patriots,Demario Douglas,playertotals-receivingyards,Under,28.5,Demario Douglas (NE) moins de 28.5,1.7693,"Douglas, Demario",1.909,2.0,0.5,-11.534999999999995,Total des yards après réception du joueur Plus/Moins(Incl. Prolongations),4538168547,id1400003171515822
DEN Broncos	 vs. LA Rams,Kyren Williams,playertotals-rushattempts,Under,12.5,Kyren Williams (LAR) moins de 12.5,1.7693,"Williams, Kyren",1.909,2.0,0.5,-11.534999999999995,Joueur tentative de gain par la course (prolongations incluses),4542643481,id1400003171515838
WAS Commanders		 vs. SEA Seahawks,Rachaad White,playertotals-rushyards,Under,19.5,Rachaad White (WAS) moins de 19.5,1.7693,"White, Rachaad",1.909,2.0,0.5,-11.534999999999995,Total de yards à la course du joueur Plus/Moins (Incl. Prolongations),4544776030,id1400003171515830
SF 49ers		 vs. ARZ Cardinals,Tyler Allgeier,playertotals-rushyards,Over,33.5,Tyler Allgeier (ARI) Plus de 33.5,1.8,"Allgeier, Tyler",1.943,2.0351624933404366,0.4913612565445027,-11.554973821989512,Total de yards à la course du joueur Plus/Moins (Incl. Prolongations),4539947333,id1400003171515832
MIA Dolphins vs. KC Chiefs,Emmett Johnson,playertotals-rushyards,Over,25.5,Emmett Johnson (KC) Plus de 25.5,1.8,"Johnson, Emmett",1.943,2.0351624933404366,0.4913612565445027,-11.554973821989512,Total de yards à la course du joueur Plus/Moins (Incl. Prolongations),4539697273,id1400003171515824
CLE Browns vs. CAR Panthers,Deshaun Watson,playertotals-interceptions,Under,0.5,Deshaun Watson (CLE) moins de 0.5,1.8696,"Watson, Deshaun",2.02,2.1141753998896853,0.47299765196973653,-11.568358987738058,Passes du joueur interceptées Plus/Moins (Incl. Prolongations),4551539788,id1400003171515812
DAL Cowboys vs. BAL Ravens,Dak Prescott,playertotals-interceptions,Under,0.5,Dak Prescott (DAL) moins de 0.5,1.8696,"Prescott, Dak",2.02,2.1141753998896853,0.47299765196973653,-11.568358987738058,Passes du joueur interceptées Plus/Moins (Incl. Prolongations),4546734616,id1400003171451946
WAS Commanders		 vs. SEA Seahawks,Sam Darnold,playertotals-tdpasses,Over,1.5,Sam Darnold (SEA) Plus de 1.5,1.8696,"Darnold, Sam",2.02,2.1141753998896853,0.47299765196973653,-11.568358987738058,Total de Touchdowns à la passe du joueur (Incl. Prolongations),4539464159,id1400003171515830
BUF Bills vs. LA Chargers,Omarion Hampton,playertotals-receptions,Under,1.5,Omarion Hampton (LAC) moins de 1.5,2.0,"Hampton, Omarion",2.16,2.2638970157987126,0.44171620573791676,-11.65675885241665,Total de réceptions Plus/Moins(Incl. Prolongations),4543309702,id1400003171515810
DEN Broncos	 vs. LA Rams,RJ Harvey,playertotals-rushattempts,Over,5.5,RJ Harvey (DEN) Plus de 5.5,1.6061,"Harvey, RJ",1.735,1.8183962264150941,0.5499351491569391,-11.674915693904008,Joueur tentative de gain par la course (prolongations incluses),4558742893,id1400003171515838
NO Saints	 vs. LV Raiders,Ashton Jeanty,playertotals-rushyards,Over,68.5,Ashton Jeanty (LV) Plus de 68.5,1.8334,"Jeanty, Ashton",1.98,2.076086956521739,0.48167539267015713,-11.689633507853392,Total de yards à la course du joueur Plus/Moins (Incl. Prolongations),4543288383,id1400003171515836
BUF Bills vs. LA Chargers,Dalton Kincaid,playertotals-receptions,Under,4.5,Dalton Kincaid (BUF) moins de 4.5,1.625,"Kincaid, Dalton",1.757,1.8406698564593302,0.5432804782947751,-11.71692227709904,Total de réceptions Plus/Moins(Incl. Prolongations),4543220886,id1400003171515810
CLE Browns vs. CAR Panthers,Chuba Hubbard,playertotals-receivingyards,Over,15.5,Chuba Hubbard (CAR) Plus de 15.5,1.8696,"Hubbard, Chuba",2.02,2.1184939091915833,0.47203345530580243,-11.748625196027184,Total des yards après réception du joueur Plus/Moins(Incl. Prolongations),4538253020,id1400003171515812
MIA Dolphins vs. KC Chiefs,Malik Willis,playertotals-interceptions,Under,0.5,Malik Willis (MIA) moins de 0.5,1.8696,"Willis, Malik",2.02,2.1184939091915833,0.47203345530580243,-11.748625196027184,Passes du joueur interceptées Plus/Moins (Incl. Prolongations),4551537055,id1400003171515824
CHI Bears	 vs. PHI Eagles,Cole Kmet,playertotals-receptions,Under,1.5,Cole Kmet (CHI) moins de 1.5,1.7408,"Kmet, Cole",1.869,1.974960876369327,0.506339144215531,-11.85648177496038,Total de réceptions Plus/Moins(Incl. Prolongations),4534958567,id1400003171515840
DET Lions vs. NY Jets,Jared Goff,playertotals-passyards,Over,258.5,Jared Goff (DET) Plus de 258.5,1.8334,"Goff, Jared",1.99,2.0815217391304346,0.4804177545691906,-11.9202088772846,Total de yards à la passe du joueur Plus/Moins(Incl. Prolongations),4538522772,id1400003171515818
DAL Cowboys vs. BAL Ravens,CeeDee Lamb,playertotals-receptions,Over,6.5,CeeDee Lamb (DAL) Plus de 6.5,1.7693,"Lamb, CeeDee",1.917,2.0089473684210524,0.49777312025150644,-11.929001833900966,Total de réceptions Plus/Moins(Incl. Prolongations),4541066264,id1400003171451946
NO Saints	 vs. LV Raiders,Alvin Kamara,playertotals-receivingyards,Over,13.5,Alvin Kamara (NO) Plus de 13.5,1.7693,"Kamara, Alvin",1.917,2.0089473684210524,0.49777312025150644,-11.929001833900966,Total des yards après réception du joueur Plus/Moins(Incl. Prolongations),4547941364,id1400003171515836
SF 49ers		 vs. ARZ Cardinals,George Kittle,playertotals-receivingyards,Under,44.5,George Kittle (SF) moins de 44.5,1.8,"Kittle, George",1.952,2.0444087747458535,0.4891389688563203,-11.954985605862344,Total des yards après réception du joueur Plus/Moins(Incl. Prolongations),4548826985,id1400003171515832
MIA Dolphins vs. KC Chiefs,Kenneth Walker III,playertotals-receptions,Under,3.5,Kenneth Walker III (KC) moins de 3.5,1.5715,"Walker III, Kenneth",1.704,1.7852534562211981,0.5601445534331441,-11.973283427981418,Total de réceptions Plus/Moins(Incl. Prolongations),4535969304,id1400003171515824
NY Giants vs. TEN Titans,Jameis Winston,playertotals-interceptions,Under,0.5,Jameis Winston (NYG) moins de 0.5,2.25,"Winston, Jameis",2.44,2.556122448979592,0.3912175648702595,-11.976047904191612,Passes du joueur interceptées Plus/Moins (Incl. Prolongations),4551545568,id1400003171515826
CLE Browns vs. CAR Panthers,Tetairoa McMillan,playertotals-receptions,Under,4.5,Tetairoa McMillan (CAR) moins de 4.5,1.8696,"McMillan, Tetairoa",2.03,2.1240310077519378,0.47080291970802923,-11.978686131386862,Total de réceptions Plus/Moins(Incl. Prolongations),4543435977,id1400003171515812
CHI Bears	 vs. PHI Eagles,Colston Loveland,playertotals-receptions,Over,3.5,Colston Loveland (CHI) Plus de 3.5,1.8334,"Loveland, Colston",1.97,2.0830126443100605,0.48007389812615464,-11.983251517550809,Total de réceptions Plus/Moins(Incl. Prolongations),4534959570,id1400003171515840
JAX Jaguars vs. NE Patriots,Jakobi Meyers,playertotals-receptions,Under,3.5,Jakobi Meyers (JAX) moins de 3.5,1.6667,"Meyers, Jakobi",1.806,1.8940594059405942,0.5279665446941976,-12.00381599581809,Total de réceptions Plus/Moins(Incl. Prolongations),4535336543,id1400003171515822
JAX Jaguars vs. NE Patriots,TreVeyon Henderson,playertotals-receptions,Over,1.5,TreVeyon Henderson (NE) Plus de 1.5,1.6667,"Henderson, TreVeyon",1.806,1.8940594059405942,0.5279665446941976,-12.00381599581809,Total de réceptions Plus/Moins(Incl. Prolongations),4535338026,id1400003171515822
CHI Bears	 vs. PHI Eagles,Rome Odunze,playertotals-receivingyards,Under,25.5,Rome Odunze (CHI) moins de 25.5,1.8696,"Odunze, Rome",2.01,2.1247901510912137,0.47063471161443254,-12.01013431656569,Total des yards après réception du joueur Plus/Moins(Incl. Prolongations),4538544300,id1400003171515840
NO Saints	 vs. LV Raiders,Ashton Jeanty,playertotals-rushattempts,Under,18.5,Ashton Jeanty (LV) moins de 18.5,1.6897,"Jeanty, Ashton",1.833,1.921105527638191,0.5205336123463249,-12.045435521841485,Joueur tentative de gain par la course (prolongations incluses),4539806360,id1400003171515836
SF 49ers		 vs. ARZ Cardinals,Brock Purdy,playertotals-passcompletions,Over,21.5,Brock Purdy (SF) Plus de 21.5,1.8334,"Purdy, Brock",1.99,2.0856519367157667,0.4794663876536751,-12.094632487575208,"Passes complétées, Joueur (prolongations incluses) ",4535378102,id1400003171515832
BUF Bills vs. LA Chargers,Ladd McConkey,playertotals-receptions,Over,4.5,Ladd McConkey (LAC) Plus de 4.5,1.6061,"McConkey, Ladd",1.746,1.827488151658768,0.5471991701244813,-12.114341286307063,Total de réceptions Plus/Moins(Incl. Prolongations),4543321981,id1400003171515810
MIA Dolphins vs. KC Chiefs,Chris Bell,playertotals-receptions,Over,1.5,Chris Bell (MIA) Plus de 1.5,1.6667,"Bell, Chris",1.813,1.8975247524752477,0.5270023480302635,-12.164518653795986,Total de réceptions Plus/Moins(Incl. Prolongations),4535970441,id1400003171515824
CHI Bears	 vs. PHI Eagles,D'Andre Swift,playertotals-rushattempts,Over,14.5,D'Andre Swift (CHI) Plus de 14.5,1.7408,"Swift, D'Andre",1.877,1.9832372970141434,0.5042260961436873,-12.22432118330692,Joueur tentative de gain par la course (prolongations incluses),4538544289,id1400003171515840
CLE Browns vs. CAR Panthers,Blake Whiteheart,playertotals-receptions,Under,0.5,Blake Whiteheart (CLE) moins de 0.5,2.15,"Whiteheart, Blake",2.34,2.4507129572225668,0.408044523146977,-12.270427523399952,Total de réceptions Plus/Moins(Incl. Prolongations),4535260451,id1400003171515812
NO Saints	 vs. LV Raiders,Juwan Johnson,playertotals-receivingyards,Under,35.5,Juwan Johnson (NO) moins de 35.5,1.7693,"Johnson, Juwan",1.925,2.0174418604651163,0.4956772334293948,-12.299827089337178,Total des yards après réception du joueur Plus/Moins(Incl. Prolongations),4558276172,id1400003171515836
IND Colts	 vs. HOU Texans,Daniel Jones,playertotals-passattempts,Over,31.5,Daniel Jones (IND) Plus de 31.5,1.7693,"Jones, Daniel",1.925,2.0174418604651163,0.4956772334293948,-12.299827089337178,Tentatives de passes du joueur Plus/Moins (Incl. Prolongations),4557855013,id1400003171515820
SF 49ers		 vs. ARZ Cardinals,Christian McCaffrey,playertotals-receivingyards,Under,38.5,Christian McCaffrey (SF) moins de 38.5,1.8,"McCaffrey, Christian",1.961,2.053168635875403,0.4870520533612346,-12.33063039497777,Total des yards après réception du joueur Plus/Moins(Incl. Prolongations),4539969756,id1400003171515832
DET Lions vs. NY Jets,Jahmyr Gibbs,playertotals-receivingyards,Over,34.5,Jahmyr Gibbs (DET) Plus de 34.5,1.8,"Gibbs, Jahmyr",1.961,2.053168635875403,0.4870520533612346,-12.33063039497777,Total des yards après réception du joueur Plus/Moins(Incl. Prolongations),4538463644,id1400003171515818
IND Colts	 vs. HOU Texans,Tyler Warren,playertotals-receptions,Over,4.5,Tyler Warren (IND) Plus de 4.5,1.6471,"Warren, Tyler",1.793,1.878921568627451,0.5322201930602661,-12.338012001043563,Total de réceptions Plus/Moins(Incl. Prolongations),4535967185,id1400003171515820
WAS Commanders		 vs. SEA Seahawks,AJ Barner,playertotals-receptions,Under,2.5,AJ Barner (SEA) moins de 2.5,1.625,"Barner, AJ",1.769,1.8545893719806763,0.5392029174264131,-12.379525918207868,Total de réceptions Plus/Moins(Incl. Prolongations),4535400329,id1400003171515830
CHI Bears	 vs. PHI Eagles,Jalen Hurts,playertotals-interceptions,Under,0.5,Jalen Hurts (PHI) moins de 0.5,1.5715,"Hurts, Jalen",1.699,1.7939252336448597,0.5574368325084658,-12.39880177129461,Passes du joueur interceptées Plus/Moins (Incl. Prolongations),4546749098,id1400003171515840
MIA Dolphins vs. KC Chiefs,Greg Dulcich,playertotals-receptions,Over,2.5,Greg Dulcich (MIA) Plus de 2.5,2.0,"Dulcich, Greg",2.18,2.2831077104178927,0.4379994844031967,-12.400103119360661,Total de réceptions Plus/Moins(Incl. Prolongations),4535969185,id1400003171515824
DAL Cowboys vs. BAL Ravens,Lamar Jackson,playertotals-tdpasses,Over,1.5,Lamar Jackson (BAL) Plus de 1.5,1.6061,"Jackson, Lamar",1.751,1.8338095238095236,0.5453129057387692,-12.41729420929627,Total de Touchdowns à la passe du joueur (Incl. Prolongations),4536204316,id1400003171451946
IND Colts	 vs. HOU Texans,Daniel Jones,playertotals-rushattempts,Under,3.5,Daniel Jones (IND) moins de 3.5,1.6061,"Jones, Daniel",1.751,1.8338095238095236,0.5453129057387692,-12.41729420929627,Joueur tentative de gain par la course (prolongations incluses),4535965975,id1400003171515820
MIA Dolphins vs. KC Chiefs,Patrick Mahomes,playertotals-interceptions,Under,0.5,Patrick Mahomes (KC) moins de 0.5,1.5264,"Mahomes, Patrick",1.666,1.7437500000000001,0.5734767025089605,-12.464516129032265,Passes du joueur interceptées Plus/Moins (Incl. Prolongations),4552409515,id1400003171515824
MIA Dolphins vs. KC Chiefs,Kenneth Walker III,playertotals-rushattempts,Over,17.5,Kenneth Walker III (KC) Plus de 17.5,1.8,"Walker III, Kenneth",1.961,2.057713052858684,0.4859764089121887,-12.524246395806038,Joueur tentative de gain par la course (prolongations incluses),4539717488,id1400003171515824
DET Lions vs. NY Jets,Jahmyr Gibbs,playertotals-receptions,Over,4.5,Jahmyr Gibbs (DET) Plus de 4.5,1.8696,"Gibbs, Jahmyr",2.04,2.137757947573898,0.4677798069397339,-12.543887294547352,Total de réceptions Plus/Moins(Incl. Prolongations),4535060204,id1400003171515818
WAS Commanders		 vs. SEA Seahawks,Terry McLaurin,playertotals-receptions,Over,3.5,Terry McLaurin (WAS) Plus de 3.5,1.8696,"McLaurin, Terry",2.04,2.137757947573898,0.4677798069397339,-12.543887294547352,Total de réceptions Plus/Moins(Incl. Prolongations),4535399034,id1400003171515830
JAX Jaguars vs. NE Patriots,Drake Maye,playertotals-passcompletions,Over,19.5,Drake Maye (NE) Plus de 19.5,1.6897,"Maye, Drake",1.847,1.9328282828282832,0.5173765351450221,-12.578886856545612,"Passes complétées, Joueur (prolongations incluses) ",4535337773,id1400003171515822
WAS Commanders		 vs. SEA Seahawks,Jacory Merritt,playertotals-rushyards,Under,38.5,Jacory Merritt (WAS) moins de 38.5,1.7693,"Merritt, Jacory",1.934,2.026539278131635,0.49345206914614975,-12.693525405971718,Total de yards à la course du joueur Plus/Moins (Incl. Prolongations),4544054015,id1400003171515830
SF 49ers		 vs. ARZ Cardinals,Jeremiyah Love,playertotals-receptions,Under,2.5,Jeremiyah Love (ARI) moins de 2.5,1.8,"Love, Jeremiyah",1.97,2.0625674217907224,0.48483263598326365,-12.730125523012536,Total de réceptions Plus/Moins(Incl. Prolongations),4535379085,id1400003171515832
WAS Commanders		 vs. SEA Seahawks,Rachaad White,playertotals-receivingyards,Under,15.5,Rachaad White (WAS) moins de 15.5,1.8,"White, Rachaad",1.97,2.0625674217907224,0.48483263598326365,-12.730125523012536,Total des yards après réception du joueur Plus/Moins(Incl. Prolongations),4544091876,id1400003171515830
WAS Commanders		 vs. SEA Seahawks,Elijah Arroyo,playertotals-receivingyards,Under,4.5,Elijah Arroyo (SEA) moins de 4.5,1.8,"Arroyo, Elijah",1.97,2.0625674217907224,0.48483263598326365,-12.730125523012536,Total des yards après réception du joueur Plus/Moins(Incl. Prolongations),4548761336,id1400003171515830
TB Buccaneers vs. MIN Vikings,Justin Jefferson,playertotals-receptions,Over,5.5,Justin Jefferson (MIN) Plus de 5.5,1.6061,"Jefferson, Justin",1.757,1.8406698564593302,0.5432804782947751,-12.74372238107616,Total de réceptions Plus/Moins(Incl. Prolongations),4535392156,id1400003171515834
DEN Broncos	 vs. LA Rams,Adam Trautman,playertotals-receptions,Over,0.5,Adam Trautman (DEN) Plus de 0.5,1.3847,"Trautman, Adam",1.515,1.5872093023255816,0.63003663003663,-12.758827838827836,Total de réceptions Plus/Moins(Incl. Prolongations),4543798155,id1400003171515838
CHI Bears	 vs. PHI Eagles,Saquon Barkley,playertotals-receptions,Under,2.5,Saquon Barkley (PHI) moins de 2.5,1.5264,"Barkley, Saquon",1.657,1.7497737556561088,0.5715024566847685,-12.765865011636935,Total de réceptions Plus/Moins(Incl. Prolongations),4534958167,id1400003171515840
DET Lions vs. NY Jets,Jared Goff,playertotals-tdpasses,Over,1.5,Jared Goff (DET) Plus de 1.5,1.4,"Goff, Jared",1.531,1.6051383399209485,0.6229992612656982,-12.780103422802258,Total de Touchdowns à la passe du joueur (Incl. Prolongations),4535058975,id1400003171515818
PIT Steelers		 vs. CIN Bengals,Michael Pittman,playertotals-receptions,Over,2.5,Michael Pittman (PIT) Plus de 2.5,1.5715,"Pittman, Michael",1.719,1.8032710280373832,0.5545478103135527,-12.852811609225201,Total de réceptions Plus/Moins(Incl. Prolongations),4560477809,id1400003171515828
SF 49ers		 vs. ARZ Cardinals,Michael Wilson,playertotals-receptions,Over,3.5,Michael Wilson (ARI) Plus de 3.5,1.5556,"Wilson, Michael",1.704,1.7852534562211981,0.5601445534331441,-12.863913267940108,Total de réceptions Plus/Moins(Incl. Prolongations),4537670511,id1400003171515832
PIT Steelers		 vs. CIN Bengals,Samaje Perine,playertotals-receptions,Over,1.5,Samaje Perine (CIN) Plus de 1.5,1.9524,"Perine, Samaje",2.14,2.2412993039443156,0.44616977225672877,-12.889813664596284,Total de réceptions Plus/Moins(Incl. Prolongations),4535006621,id1400003171515828
WAS Commanders		 vs. SEA Seahawks,Jacory Merritt,playertotals-rushattempts,Under,10.5,Jacory Merritt (WAS) moins de 10.5,1.8,"Merritt, Jacory",1.97,2.066594477531132,0.483887870055017,-12.900183390096942,Joueur tentative de gain par la course (prolongations incluses),4537506352,id1400003171515830
DET Lions vs. NY Jets,Sam LaPorta,playertotals-receptions,Under,4.5,Sam LaPorta (DET) moins de 4.5,1.8,"LaPorta, Sam",1.97,2.066594477531132,0.483887870055017,-12.900183390096942,Total de réceptions Plus/Moins(Incl. Prolongations),4535060030,id1400003171515818
JAX Jaguars vs. NE Patriots,Demario Douglas,playertotals-receptions,Over,2.5,Demario Douglas (NE) Plus de 2.5,1.5264,"Douglas, Demario",1.675,1.7545045045045045,0.5699614890885751,-13.001078305519897,Total de réceptions Plus/Moins(Incl. Prolongations),4537488690,id1400003171515822
CHI Bears	 vs. PHI Eagles,Devonta Smith,playertotals-receptions,Over,5.5,Devonta Smith (PHI) Plus de 5.5,1.7693,"Smith, DeVonta",1.925,2.0338345864661656,0.49168207024029575,-13.006691312384467,Total de réceptions Plus/Moins(Incl. Prolongations),4538964904,id1400003171515840
NY Giants vs. TEN Titans,Jameis Winston,playertotals-tdpasses,Under,0.5,Jameis Winston (NYG) moins de 0.5,2.65,"Winston, Jameis",2.91,3.047853624208304,0.32809974601708614,-13.05356730547218,Total de Touchdowns à la passe du joueur (Incl. Prolongations),4539684791,id1400003171515826
CLE Browns vs. CAR Panthers,Bryce Young,playertotals-rushattempts,Over,3.5,Bryce Young (CAR) Plus de 3.5,1.7693,"Young, Bryce",1.943,2.0351624933404366,0.4913612565445027,-13.063452879581138,Joueur tentative de gain par la course (prolongations incluses),4535260846,id1400003171515812
TB Buccaneers vs. MIN Vikings,Baker Mayfield,playertotals-tdpasses,Over,1.5,Baker Mayfield (TB) Plus de 1.5,2.25,"Mayfield, Baker",2.47,2.5884244372990355,0.38633540372670805,-13.074534161490693,Total de Touchdowns à la passe du joueur (Incl. Prolongations),4535257532,id1400003171515834
NO Saints	 vs. LV Raiders,Kirk Cousins,playertotals-tdpasses,Over,1.5,Kirk Cousins (LV) Plus de 1.5,2.25,"Cousins, Kirk",2.47,2.5884244372990355,0.38633540372670805,-13.074534161490693,Total de Touchdowns à la passe du joueur (Incl. Prolongations),4535358164,id1400003171515836
PIT Steelers		 vs. CIN Bengals,Aaron Rodgers,playertotals-interceptions,Over,0.5,Aaron Rodgers (PIT) Plus de 0.5,1.9091,"Rodgers, Aaron",2.1,2.1993146773272416,0.45468709426123083,-13.195686834588427,Passes du joueur interceptées Plus/Moins (Incl. Prolongations),4546706204,id1400003171515828
CLE Browns vs. CAR Panthers,Jerry Jeudy,playertotals-receptions,Over,1.5,Jerry Jeudy (CLE) Plus de 1.5,1.6061,"Jeudy, Jerry",1.769,1.8504807692307692,0.5404001039230969,-13.206339308911408,Total de réceptions Plus/Moins(Incl. Prolongations),4538252991,id1400003171515812
SF 49ers		 vs. ARZ Cardinals,Jacoby Brissett,playertotals-interceptions,Under,0.5,Jacoby Brissett (ARI) moins de 0.5,1.6667,"Brissett, Jacoby",1.833,1.921105527638191,0.5205336123463249,-13.242662830238029,Passes du joueur interceptées Plus/Moins (Incl. Prolongations),4557996321,id1400003171515832
NO Saints	 vs. LV Raiders,Travis Etienne Jr.,playertotals-receptions,Over,1.5,Travis Etienne Jr. (NO) Plus de 1.5,1.5264,"Etienne Jr., Travis",1.68,1.7601809954751133,0.5681233933161953,-13.281645244215945,Total de réceptions Plus/Moins(Incl. Prolongations),4548853708,id1400003171515836
DAL Cowboys vs. BAL Ravens,Ryan Flournoy,playertotals-receptions,Over,3.5,Ryan Flournoy (DAL) Plus de 3.5,2.0,"Flournoy, Ryan",2.2,2.306413301662708,0.4335736354273944,-13.285272914521117,Total de réceptions Plus/Moins(Incl. Prolongations),4536205854,id1400003171451946
CHI Bears	 vs. PHI Eagles,D'Andre Swift,playertotals-receptions,Over,1.5,D'Andre Swift (CHI) Plus de 1.5,1.5715,"Swift, D'Andre",1.714,1.8123222748815166,0.5517782426778243,-13.288049163179927,Total de réceptions Plus/Moins(Incl. Prolongations),4534958629,id1400003171515840
NO Saints	 vs. LV Raiders,Bryce Lance,playertotals-receptions,Over,1.5,Bryce Lance (NO) Plus de 1.5,1.8,"Lance, Bryce",1.98,2.076086956521739,0.48167539267015713,-13.298429319371719,Total de réceptions Plus/Moins(Incl. Prolongations),4537104083,id1400003171515836
PIT Steelers		 vs. CIN Bengals,Ja'Marr Chase,playertotals-receptions,Over,6.5,Ja'Marr Chase (CIN) Plus de 6.5,1.6897,"Chase, Ja'Marr",1.862,1.9495155532891384,0.5129479466387653,-13.327185456447832,Total de réceptions Plus/Moins(Incl. Prolongations),4542919797,id1400003171515828
WAS Commanders		 vs. SEA Seahawks,Rachaad White,playertotals-receptions,Under,2.5,Rachaad White (WAS) moins de 2.5,1.6897,"White, Rachaad",1.862,1.9495155532891384,0.5129479466387653,-13.327185456447832,Total de réceptions Plus/Moins(Incl. Prolongations),4538607932,id1400003171515830
TB Buccaneers vs. MIN Vikings,Jalen McMillan,playertotals-receptions,Under,1.5,Jalen McMillan (TB) moins de 1.5,1.5,"McMillan, Jalen",1.653,1.7314159292035398,0.5775619729108101,-13.36570406337848,Total de réceptions Plus/Moins(Incl. Prolongations),4539735558,id1400003171515834
DEN Broncos	 vs. LA Rams,Bo Nix,playertotals-rushattempts,Under,4.5,Bo Nix (DEN) moins de 4.5,1.7693,"Nix, Bo",1.952,2.0444087747458535,0.4891389688563203,-13.456642240251249,Joueur tentative de gain par la course (prolongations incluses),4543090809,id1400003171515838
PIT Steelers		 vs. CIN Bengals,Chase Brown,playertotals-receptions,Over,3.5,Chase Brown (CIN) Plus de 3.5,1.8334,"Brown, Chase",2.02,2.1184939091915833,0.47203345530580243,-13.457386304234188,Total de réceptions Plus/Moins(Incl. Prolongations),4535007445,id1400003171515828
NY Giants vs. TEN Titans,Elic Ayomanor,playertotals-receptions,Over,1.5,Elic Ayomanor (TEN) Plus de 1.5,2.05,"Ayomanor, Elic",2.26,2.3705275924802907,0.4218470196981326,-13.521360961882822,Total de réceptions Plus/Moins(Incl. Prolongations),4539686661,id1400003171515826
DEN Broncos	 vs. LA Rams,Bo Nix,playertotals-rushyards,Over,16.5,Bo Nix (DEN) Plus de 16.5,1.8,"Nix, Bo",1.99,2.0815217391304346,0.4804177545691906,-13.52480417754569,Total de yards à la course du joueur Plus/Moins (Incl. Prolongations),4543107400,id1400003171515838
DET Lions vs. NY Jets,Geno Smith,playertotals-tdpasses,Over,1.5,Geno Smith (NYJ) Plus de 1.5,2.3,"Smith, Geno",2.54,2.6612164813603663,0.375768001966085,-13.573359547800457,Total de Touchdowns à la passe du joueur (Incl. Prolongations),4535058880,id1400003171515818
DET Lions vs. NY Jets,Jared Goff,playertotals-interceptions,Under,0.5,Jared Goff (DET) moins de 0.5,1.4546,"Goff, Jared",1.606,1.6834042553191493,0.5940343781597572,-13.591759352881716,Passes du joueur interceptées Plus/Moins (Incl. Prolongations),4546648150,id1400003171515818
JAX Jaguars vs. NE Patriots,Rhamondre Stevenson,playertotals-receptions,Over,2.5,Rhamondre Stevenson (NE) Plus de 2.5,1.8696,"Stevenson, Rhamondre",2.07,2.1661971830985918,0.4616384915474642,-13.692067620286096,Total de réceptions Plus/Moins(Incl. Prolongations),4535337267,id1400003171515822
CHI Bears	 vs. PHI Eagles,Jalen Hurts,playertotals-passattempts,Over,28.5,Jalen Hurts (PHI) Plus de 28.5,1.7408,"Hurts, Jalen",1.909,2.0170484816196055,0.49577390385631276,-13.69567881669308,Tentatives de passes du joueur Plus/Moins (Incl. Prolongations),4538984650,id1400003171515840
WAS Commanders		 vs. SEA Seahawks,Marcus Mariota,playertotals-tdpasses,Under,0.5,Marcus Mariota (WAS) moins de 0.5,2.25,"Mariota, Marcus",2.49,2.607488702388638,0.3835107699925724,-13.710076751671219,Total de Touchdowns à la passe du joueur (Incl. Prolongations),4535398734,id1400003171515830
MIA Dolphins vs. KC Chiefs,Malik Willis,playertotals-passattempts,Over,27.5,Malik Willis (MIA) Plus de 27.5,1.7408,"Willis, Malik",1.925,2.0174418604651163,0.4956772334293948,-13.712507204610958,Tentatives de passes du joueur Plus/Moins (Incl. Prolongations),4535968709,id1400003171515824
JAX Jaguars vs. NE Patriots,Brian Thomas,playertotals-receivingyards,Over,33.5,Brian Thomas (JAX) Plus de 33.5,1.8334,"Thomas, Brian",2.03,2.1277777777777778,0.4699738903394256,-13.834986945169714,Total des yards après réception du joueur Plus/Moins(Incl. Prolongations),4537730765,id1400003171515822
DET Lions vs. NY Jets,Isaiah Williams,playertotals-receptions,Under,3.5,Isaiah Williams (NYJ) moins de 3.5,1.6061,"Williams, Isaiah",1.781,1.8645631067961168,0.5363186670137984,-13.861858890913837,Total de réceptions Plus/Moins(Incl. Prolongations),4565673914,id1400003171515818
NO Saints	 vs. LV Raiders,Jalen Nailor,playertotals-receptions,Under,2.5,Jalen Nailor (LV) moins de 2.5,1.5264,"Nailor, Jalen",1.694,1.7735159817351602,0.5638516992790936,-13.933676622039147,Total de réceptions Plus/Moins(Incl. Prolongations),4535359688,id1400003171515836
JAX Jaguars vs. NE Patriots,Kyle Williams,playertotals-receptions,Under,0.5,Kyle Williams (NE) moins de 0.5,2.1,"Williams, Kyle",2.33,2.4409400123685834,0.40967823663541936,-13.967570306561928,Total de réceptions Plus/Moins(Incl. Prolongations),4535337542,id1400003171515822
PIT Steelers		 vs. CIN Bengals,D.K. Metcalf,playertotals-receptions,Under,4.5,D.K. Metcalf (PIT) moins de 4.5,1.625,"Metcalf, DK",1.806,1.8896551724137933,0.5291970802919708,-14.005474452554756,Total de réceptions Plus/Moins(Incl. Prolongations),4535007198,id1400003171515828
TB Buccaneers vs. MIN Vikings,Kenneth Gainwell,playertotals-receptions,Under,1.5,Kenneth Gainwell (TB) moins de 1.5,2.25,"Gainwell, Kenneth",2.5,2.6170763260025875,0.3821057834898665,-14.026198714780037,Total de réceptions Plus/Moins(Incl. Prolongations),4535258787,id1400003171515834
IND Colts	 vs. HOU Texans,David Montgomery,playertotals-rushattempts,Over,12.5,David Montgomery (HOU) Plus de 12.5,1.6897,"Montgomery, David",1.877,1.9660319094184249,0.5086387434554974,-14.055311518324597,Joueur tentative de gain par la course (prolongations incluses),4543332238,id1400003171515820
PIT Steelers		 vs. CIN Bengals,Roman Wilson,playertotals-receptions,Under,2.5,Roman Wilson (PIT) moins de 2.5,1.5264,"Wilson, Roman",1.694,1.7770642201834863,0.5627258647392875,-14.105524006195147,Total de réceptions Plus/Moins(Incl. Prolongations),4535008067,id1400003171515828
BUF Bills vs. LA Chargers,Dawson Knox,playertotals-receptions,Over,1.5,Dawson Knox (BUF) Plus de 1.5,2.15,"Knox, Dawson",2.39,2.5050377833753146,0.3991955756661639,-14.172951231774755,Total de réceptions Plus/Moins(Incl. Prolongations),4535397445,id1400003171515810
JAX Jaguars vs. NE Patriots,Romeo Doubs,playertotals-receptions,Under,3.5,Romeo Doubs (NE) moins de 3.5,1.5264,"Doubs, Romeo",1.699,1.7793577981651376,0.5620005155968033,-14.216241299303945,Total de réceptions Plus/Moins(Incl. Prolongations),4537488673,id1400003171515822
BUF Bills vs. LA Chargers,Justin Herbert,playertotals-interceptions,Under,0.5,Justin Herbert (LAC) moins de 0.5,1.7693,"Herbert, Justin",1.97,2.0625674217907224,0.48483263598326365,-14.21856171548116,Passes du joueur interceptées Plus/Moins (Incl. Prolongations),4546608348,id1400003171515810
CLE Browns vs. CAR Panthers,Deshaun Watson,playertotals-rushyards,Over,25.5,Deshaun Watson (CLE) Plus de 25.5,1.7693,"Watson, Deshaun",1.97,2.0625674217907224,0.48483263598326365,-14.21856171548116,Total de yards à la course du joueur Plus/Moins (Incl. Prolongations),4543432584,id1400003171515812
DEN Broncos	 vs. LA Rams,Evan Engram,playertotals-receptions,Under,2.5,Evan Engram (DEN) moins de 2.5,1.7693,"Engram, Evan",1.97,2.0625674217907224,0.48483263598326365,-14.21856171548116,Total de réceptions Plus/Moins(Incl. Prolongations),4539687067,id1400003171515838
CLE Browns vs. CAR Panthers,Tommy Tremble,playertotals-receptions,Under,1.5,Tommy Tremble (CAR) moins de 1.5,1.8334,"Tremble, Tommy",2.04,2.137757947573898,0.4677798069397339,-14.237250195669182,Total de réceptions Plus/Moins(Incl. Prolongations),4535260603,id1400003171515812
DAL Cowboys vs. BAL Ravens,Jake Ferguson,playertotals-receptions,Under,3.5,Jake Ferguson (DAL) moins de 3.5,1.7693,"Ferguson, Jake",1.97,2.066594477531132,0.483887870055017,-14.385719151165844,Total de réceptions Plus/Moins(Incl. Prolongations),4536204731,id1400003171451946
PIT Steelers		 vs. CIN Bengals,Joe Burrow,playertotals-passattempts,Over,35.5,Joe Burrow (CIN) Plus de 35.5,1.7693,"Burrow, Joe",1.97,2.066594477531132,0.483887870055017,-14.385719151165844,Tentatives de passes du joueur Plus/Moins (Incl. Prolongations),4535006923,id1400003171515828
WAS Commanders		 vs. SEA Seahawks,Jadarian Price,playertotals-rushattempts,Over,13.5,Jadarian Price (SEA) Plus de 13.5,1.7408,"Price, Jadarian",1.943,2.0351624933404366,0.4913612565445027,-14.463832460732974,Joueur tentative de gain par la course (prolongations incluses),4547807271,id1400003171515830
DET Lions vs. NY Jets,Geno Smith,playertotals-interceptions,Under,0.5,Geno Smith (NYJ) moins de 0.5,1.8,"Smith, Geno",2.01,2.1050027487630563,0.4750587620788718,-14.489422825803066,Passes du joueur interceptées Plus/Moins (Incl. Prolongations),4546648156,id1400003171515818
BUF Bills vs. LA Chargers,Josh Allen,playertotals-passyards,Under,238.5,Josh Allen (BUF) moins de 238.5,1.8,"Allen, Josh",2.01,2.1050027487630563,0.4750587620788718,-14.489422825803066,Total de yards à la passe du joueur Plus/Moins(Incl. Prolongations),4543468236,id1400003171515810
BUF Bills vs. LA Chargers,Tre Harris,playertotals-receptions,Over,2.5,Tre Harris (LAC) Plus de 2.5,1.6061,"Harris, Tre",1.793,1.878921568627451,0.5322201930602661,-14.520114792590654,Total de réceptions Plus/Moins(Incl. Prolongations),4535357290,id1400003171515810
CLE Browns vs. CAR Panthers,Harold Fannin,playertotals-receptions,Over,3.5,Harold Fannin (CLE) Plus de 3.5,1.6061,"Fannin, Harold",1.793,1.878921568627451,0.5322201930602661,-14.520114792590654,Total de réceptions Plus/Moins(Incl. Prolongations),4548714163,id1400003171515812
SF 49ers		 vs. ARZ Cardinals,Brock Purdy,playertotals-tdpasses,Under,1.5,Brock Purdy (SF) moins de 1.5,2.1,"Purdy, Brock",2.35,2.4632627646326277,0.40596562184024265,-14.74721941354904,Total de Touchdowns à la passe du joueur (Incl. Prolongations),4535378097,id1400003171515832
DEN Broncos	 vs. LA Rams,Matthew Stafford,playertotals-tdpasses,Over,1.5,Matthew Stafford (LAR) Plus de 1.5,1.6897,"Stafford, Matthew",1.892,1.982857142857143,0.5043227665706052,-14.78458213256485,Total de Touchdowns à la passe du joueur (Incl. Prolongations),4539686842,id1400003171515838
PIT Steelers		 vs. CIN Bengals,Pat Freiermuth,playertotals-receptions,Under,3.5,Pat Freiermuth (PIT) moins de 3.5,2.0,"Freiermuth, Pat",2.24,2.3477737665463296,0.4259354177344951,-14.812916453100977,Total de réceptions Plus/Moins(Incl. Prolongations),4535007395,id1400003171515828
NO Saints	 vs. LV Raiders,Tre Tucker,playertotals-receptions,Over,3.5,Tre Tucker (LV) Plus de 3.5,1.9524,"Tucker, Tre",2.19,2.292798110979929,0.43614830072090627,-14.846405767250259,Total de réceptions Plus/Moins(Incl. Prolongations),4535358779,id1400003171515836
CLE Browns vs. CAR Panthers,Deshaun Watson,playertotals-rushattempts,Under,5.5,Deshaun Watson (CLE) moins de 5.5,1.8,"Watson, Deshaun",2.02,2.1141753998896853,0.47299765196973653,-14.860422645447425,Joueur tentative de gain par la course (prolongations incluses),4543428659,id1400003171515812
BUF Bills vs. LA Chargers,James Cook,playertotals-receptions,Over,1.5,James Cook (BUF) Plus de 1.5,1.5,"Cook, James",1.684,1.7619909502262443,0.5675398048279404,-14.86902927580893,Total de réceptions Plus/Moins(Incl. Prolongations),4537566365,id1400003171515810
CHI Bears	 vs. PHI Eagles,Jalen Hurts,playertotals-passcompletions,Under,18.5,Jalen Hurts (PHI) moins de 18.5,1.6667,"Hurts, Jalen",1.854,1.9586349534643224,0.5105596620908132,-14.905021119324168,"Passes complétées, Joueur (prolongations incluses) ",4538545324,id1400003171515840
NY Giants vs. TEN Titans,Tony Pollard,playertotals-receptions,Under,1.5,Tony Pollard (TEN) moins de 1.5,1.4445,"Pollard, Tony",1.621,1.698706896551724,0.5886830753615834,-14.96472976401929,Total de réceptions Plus/Moins(Incl. Prolongations),4539685061,id1400003171515826
MIA Dolphins vs. KC Chiefs,Kevin Coleman,playertotals-receptions,Over,1.5,Kevin Coleman (MIA) Plus de 1.5,1.8696,"Coleman, Kevin",2.1,2.1993146773272416,0.45468709426123083,-14.991700856920287,Total de réceptions Plus/Moins(Incl. Prolongations),4544254241,id1400003171515824
NO Saints	 vs. LV Raiders,Kirk Cousins,playertotals-interceptions,Under,0.5,Kirk Cousins (LVR) moins de 0.5,1.8696,"Cousins, Kirk",2.1,2.1993146773272416,0.45468709426123083,-14.991700856920287,Passes du joueur interceptées Plus/Moins (Incl. Prolongations),4546728522,id1400003171515836
IND Colts	 vs. HOU Texans,C.J. Stroud,playertotals-tdpasses,Over,1.5,C.J. Stroud (HOU) Plus de 1.5,2.0,"Stroud, C.J.",2.25,2.3578756789378392,0.4241105707704121,-15.177885845917583,Total de Touchdowns à la passe du joueur (Incl. Prolongations),4535966412,id1400003171515820
PIT Steelers		 vs. CIN Bengals,Tee Higgins,playertotals-receptions,Over,4.5,Tee Higgins (CIN) Plus de 4.5,2.05,"Higgins, Tee",2.31,2.4215384615384616,0.4129606099110546,-15.343074968233816,Total de réceptions Plus/Moins(Incl. Prolongations),4542919254,id1400003171515828
DAL Cowboys vs. BAL Ravens,Derrick Henry,playertotals-receptions,Over,1.5,Derrick Henry (BAL) Plus de 1.5,1.9524,"Henry, Derrick",2.2,2.306413301662708,0.4335736354273944,-15.349083419155518,Total de réceptions Plus/Moins(Incl. Prolongations),4536204068,id1400003171451946
NO Saints	 vs. LV Raiders,Noah Fant,playertotals-receptions,Under,1.5,Noah Fant (NO) moins de 1.5,1.6061,"Fant, Noah",1.813,1.8975247524752477,0.5270023480302635,-15.358152882859377,Total de réceptions Plus/Moins(Incl. Prolongations),4535358529,id1400003171515836
PIT Steelers		 vs. CIN Bengals,Joe Burrow,playertotals-passcompletions,Over,23.5,Joe Burrow (CIN) Plus de 23.5,1.7408,"Burrow, Joe",1.961,2.057713052858684,0.4859764089121887,-15.401226736566198,"Passes complétées, Joueur (prolongations incluses) ",4537105338,id1400003171515828
CLE Browns vs. CAR Panthers,Raheim Sanders,playertotals-receivingyards,Over,2.5,Raheim Sanders (CLE) Plus de 2.5,1.8,"Sanders, Raheim",2.03,2.1277777777777778,0.4699738903394256,-15.404699738903393,Total des yards après réception du joueur Plus/Moins(Incl. Prolongations),4535261212,id1400003171515812
BUF Bills vs. LA Chargers,Justin Herbert,playertotals-tdpasses,Over,1.5,Justin Herbert (LAC) Plus de 1.5,2.1,"Herbert, Justin",2.37,2.4831038798498124,0.4027217741935484,-15.42842741935484,Total de Touchdowns à la passe du joueur (Incl. Prolongations),4535356447,id1400003171515810
CHI Bears	 vs. PHI Eagles,Jalen Hurts,playertotals-tdpasses,Over,1.5,Jalen Hurts (PHI) Plus de 1.5,2.1,"Hurts, Jalen",2.35,2.483585858585858,0.4026436197254703,-15.444839857651239,Total de Touchdowns à la passe du joueur (Incl. Prolongations),4534958248,id1400003171515840
IND Colts	 vs. HOU Texans,Keenan Allen,playertotals-receptions,Over,3.5,Keenan Allen (IND) Plus de 3.5,1.6897,"Allen, Keenan",1.909,2.0,0.5,-15.515,Total de réceptions Plus/Moins(Incl. Prolongations),4537106932,id1400003171515820
DET Lions vs. NY Jets,Jahmyr Gibbs,playertotals-rushattempts,Over,18.5,Jahmyr Gibbs (DET) Plus de 18.5,1.6897,"Gibbs, Jahmyr",1.909,2.0,0.5,-15.515,Joueur tentative de gain par la course (prolongations incluses),4538311283,id1400003171515818
MIA Dolphins vs. KC Chiefs,Emmett Johnson,playertotals-receptions,Under,1.5,Emmett Johnson (KC) moins de 1.5,1.6897,"Johnson, Emmett",1.909,2.0,0.5,-15.515,Total de réceptions Plus/Moins(Incl. Prolongations),4535970293,id1400003171515824
DET Lions vs. NY Jets,Jeremy Ruckert,playertotals-receivingyards,Under,8.5,Jeremy Ruckert (NYJ) moins de 8.5,1.8334,"Ruckert, Jeremy",2.07,2.1701526286037307,0.4607970825735869,-15.517462880958577,Total des yards après réception du joueur Plus/Moins(Incl. Prolongations),4543468751,id1400003171515818
NO Saints	 vs. LV Raiders,Kirk Cousins,playertotals-passcompletions,Under,20.5,Kirk Cousins (LV) moins de 20.5,1.7693,"Cousins, Kirk",2.0,2.095290251916758,0.4772608468374281,-15.558238369053845,"Passes complétées, Joueur (prolongations incluses) ",4535358171,id1400003171515836
DET Lions vs. NY Jets,Jameson Williams,playertotals-receptions,Over,3.5,Jameson Williams (DET) Plus de 3.5,1.5715,"Williams, Jameson",1.781,1.8645631067961168,0.5363186670137984,-15.717521478781594,Total de réceptions Plus/Moins(Incl. Prolongations),4535060083,id1400003171515818
PIT Steelers		 vs. CIN Bengals,Aaron Rodgers,playertotals-tdpasses,Over,1.5,Aaron Rodgers (PIT) Plus de 1.5,2.25,"Rodgers, Aaron",2.55,2.6710353866317162,0.3743866535819432,-15.763002944062787,Total de Touchdowns à la passe du joueur (Incl. Prolongations),4535006298,id1400003171515828
MIA Dolphins vs. KC Chiefs,Malik Willis,playertotals-tdpasses,Under,0.5,Malik Willis (MIA) moins de 0.5,2.3,"Willis, Malik",2.61,2.73421926910299,0.36573511543134873,-15.880923450789798,Total de Touchdowns à la passe du joueur (Incl. Prolongations),4539642687,id1400003171515824
IND Colts	 vs. HOU Texans,Daniel Jones,playertotals-interceptions,Under,0.5,Daniel Jones (IND) moins de 0.5,1.7693,"Jones, Daniel",2.01,2.1050027487630563,0.4750587620788718,-15.9478532253852,Passes du joueur interceptées Plus/Moins (Incl. Prolongations),4551571362,id1400003171515820
JAX Jaguars vs. NE Patriots,Trevor Lawrence,playertotals-tdpasses,Under,1.5,Trevor Lawrence (JAX) moins de 1.5,1.7693,"Lawrence, Trevor",2.01,2.1050027487630563,0.4750587620788718,-15.9478532253852,Total de Touchdowns à la passe du joueur (Incl. Prolongations),4535336892,id1400003171515822
IND Colts	 vs. HOU Texans,Kayshon Boutte,playertotals-receptions,Under,2.5,Kayshon Boutte (HOU) moins de 2.5,1.7693,"Boutte, Kayshon",2.01,2.1050027487630563,0.4750587620788718,-15.9478532253852,Total de réceptions Plus/Moins(Incl. Prolongations),4535966252,id1400003171515820
NY Giants vs. TEN Titans,Cameron Ward,playertotals-tdpasses,Under,0.5,Cameron Ward (TEN) moins de 0.5,2.2,"Ward, Cameron",2.5,2.6202203499675956,0.3816472916151373,-16.037595844669795,Total de Touchdowns à la passe du joueur (Incl. Prolongations),4544287344,id1400003171515826
NY Giants vs. TEN Titans,Wan'dale Robinson,playertotals-receptions,Under,3.5,Wan'dale Robinson (TEN) moins de 3.5,1.6061,"Robinson, Wan'dale",1.826,1.9129999999999998,0.5227391531625719,-16.042864610559317,Total de réceptions Plus/Moins(Incl. Prolongations),4539685926,id1400003171515826
DAL Cowboys vs. BAL Ravens,Dak Prescott,playertotals-passattempts,Under,36.5,Dak Prescott (DAL) moins de 36.5,1.7693,"Prescott, Dak",2.01,2.108659680088251,0.4742348940622549,-16.09362019356524,Tentatives de passes du joueur Plus/Moins (Incl. Prolongations),4539559914,id1400003171451946
MIA Dolphins vs. KC Chiefs,Malik Willis,playertotals-rushyards,Over,33.5,Malik Willis (MIA) Plus de 33.5,1.8,"Willis, Malik",2.05,2.1471740346950194,0.46572843367213973,-16.168881939014845,Total de yards à la course du joueur Plus/Moins (Incl. Prolongations),4537108117,id1400003171515824
CLE Browns vs. CAR Panthers,Denzel Boston,playertotals-receptions,Under,3.5,Denzel Boston (CLE) moins de 3.5,1.625,"Boston, Denzel",1.854,1.9411167512690353,0.5151673640167365,-16.285303347280323,Total de réceptions Plus/Moins(Incl. Prolongations),4537107566,id1400003171515812
NO Saints	 vs. LV Raiders,Kirk Cousins,playertotals-passattempts,Under,31.5,Kirk Cousins (LV) moins de 31.5,1.7693,"Cousins, Kirk",2.02,2.1141753998896853,0.47299765196973653,-16.312525436994505,Tentatives de passes du joueur Plus/Moins (Incl. Prolongations),4535401281,id1400003171515836
MIA Dolphins vs. KC Chiefs,Xavier Worthy,playertotals-receptions,Under,3.5,Xavier Worthy (KC) moins de 3.5,1.625,"Worthy, Xavier",1.862,1.9495155532891384,0.5129479466387653,-16.645958671200635,Total de réceptions Plus/Moins(Incl. Prolongations),4535970102,id1400003171515824
NY Giants vs. TEN Titans,Tyjae Spears,playertotals-receptions,Under,2.5,Tyjae Spears (TEN) moins de 2.5,1.5264,"Spears, Tyjae",1.746,1.8314285714285712,0.546021840873635,-16.655226209048347,Total de réceptions Plus/Moins(Incl. Prolongations),4539685971,id1400003171515826
DET Lions vs. NY Jets,Isaac TeSlaa,playertotals-receptions,Over,1.5,Isaac TeSlaa (DET) Plus de 1.5,2.05,"TeSlaa, Isaac",2.35,2.4605344934742073,0.4064157615559485,-16.684768881030564,Total de réceptions Plus/Moins(Incl. Prolongations),4535060886,id1400003171515818
JAX Jaguars vs. NE Patriots,Hunter Henry,playertotals-receptions,Over,3.5,Hunter Henry (NE) Plus de 3.5,1.5556,"Henry, Hunter",1.787,1.8717073170731706,0.5342715663278603,-16.888715142038045,Total de réceptions Plus/Moins(Incl. Prolongations),4535336435,id1400003171515822
CHI Bears	 vs. PHI Eagles,Dontayvion Wicks,playertotals-receptions,Over,3.5,Dontayvion Wicks (PHI) Plus de 3.5,2.0,"Wicks, Dontayvion",2.28,2.4065391733497843,0.41553447833888746,-16.893104332222507,Total de réceptions Plus/Moins(Incl. Prolongations),4538980987,id1400003171515840
WAS Commanders		 vs. SEA Seahawks,Stefon Diggs,playertotals-receptions,Under,3.5,Stefon Diggs (WAS) moins de 3.5,1.8696,"Diggs, Stefon",2.15,2.2543757292882147,0.4435817805383023,-17.06795031055901,Total de réceptions Plus/Moins(Incl. Prolongations),4535398860,id1400003171515830
JAX Jaguars vs. NE Patriots,Brian Thomas,playertotals-receptions,Under,2.5,Brian Thomas (JAX) moins de 2.5,1.8696,"Thomas, Brian",2.15,2.2543757292882147,0.4435817805383023,-17.06795031055901,Total de réceptions Plus/Moins(Incl. Prolongations),4535337725,id1400003171515822
SF 49ers		 vs. ARZ Cardinals,Deebo Samuel,playertotals-receptions,Under,3.5,Deebo Samuel (SF) moins de 3.5,1.9524,"Samuel, Deebo",2.25,2.3578756789378392,0.4241105707704121,-17.196652162784744,Total de réceptions Plus/Moins(Incl. Prolongations),4539958524,id1400003171515832
NO Saints	 vs. LV Raiders,Travis Etienne Jr.,playertotals-rushattempts,Over,11.5,Travis Etienne Jr. (NO) Plus de 11.5,1.9091,"Etienne Jr., Travis",2.2,2.306413301662708,0.4335736354273944,-17.226457260556128,Joueur tentative de gain par la course (prolongations incluses),4535358664,id1400003171515836
NO Saints	 vs. LV Raiders,Brock Bowers,playertotals-receptions,Under,4.5,Brock Bowers (LV) moins de 4.5,1.625,"Bowers, Brock",1.884,1.974146845915202,0.5065479308538501,-17.68596123624936,Total de réceptions Plus/Moins(Incl. Prolongations),4539794851,id1400003171515836
WAS Commanders		 vs. SEA Seahawks,Jadarian Price,playertotals-receptions,Over,1.5,Jadarian Price (SEA) Plus de 1.5,1.6667,"Price, Jadarian",1.934,2.026539278131635,0.49345206914614975,-17.75634363541122,Total de réceptions Plus/Moins(Incl. Prolongations),4539025441,id1400003171515830
WAS Commanders		 vs. SEA Seahawks,Antonio Williams,playertotals-receptions,Under,1.5,Antonio Williams (WAS) moins de 1.5,1.9091,"Williams, Antonio",2.22,2.325373134328358,0.4300385109114249,-17.901347881899866,Total de réceptions Plus/Moins(Incl. Prolongations),4535400579,id1400003171515830
TB Buccaneers vs. MIN Vikings,Jauan Jennings,playertotals-receptions,Under,1.5,Jauan Jennings (MIN) moins de 1.5,1.6061,"Jennings, Jauan",1.869,1.957479508196721,0.5108610311436798,-17.950609788013594,Total de réceptions Plus/Moins(Incl. Prolongations),4535257717,id1400003171515834
DEN Broncos	 vs. LA Rams,Davante Adams,playertotals-receptions,Under,5.5,Davante Adams (LAR) moins de 5.5,1.6897,"Adams, Davante",1.97,2.0625674217907224,0.48483263598326365,-18.07782949790794,Total de réceptions Plus/Moins(Incl. Prolongations),4542587077,id1400003171515838
IND Colts	 vs. HOU Texans,Daniel Jones,playertotals-tdpasses,Over,1.5,Daniel Jones (IND) Plus de 1.5,2.35,"Jones, Daniel",2.74,2.8703071672354947,0.3483947681331748,-18.12722948870391,Total de Touchdowns à la passe du joueur (Incl. Prolongations),4535965918,id1400003171515820
CLE Browns vs. CAR Panthers,Quinshon Judkins,playertotals-rushattempts,Under,15.5,Quinshon Judkins (CLE) moins de 15.5,1.6897,"Judkins, Quinshon",1.97,2.066594477531132,0.483887870055017,-18.237466596803774,Joueur tentative de gain par la course (prolongations incluses),4565591053,id1400003171515812
WAS Commanders		 vs. SEA Seahawks,Rashid Shaheed,playertotals-receptions,Under,2.5,Rashid Shaheed (SEA) moins de 2.5,1.6061,"Shaheed, Rashid",1.877,1.9660319094184249,0.5086387434554974,-18.307531413612555,Total de réceptions Plus/Moins(Incl. Prolongations),4539365516,id1400003171515830
NY Giants vs. TEN Titans,Carnell Tate,playertotals-receptions,Under,3.5,Carnell Tate (TEN) moins de 3.5,1.6061,"Tate, Carnell",1.877,1.9660319094184249,0.5086387434554974,-18.307531413612555,Total de réceptions Plus/Moins(Incl. Prolongations),4544264819,id1400003171515826
DET Lions vs. NY Jets,Jared Goff,playertotals-passcompletions,Over,23.5,Jared Goff (DET) Plus de 23.5,1.7693,"Goff, Jared",2.07,2.1701526286037307,0.4607970825735869,-18.47117218025526,"Passes complétées, Joueur (prolongations incluses) ",4538276923,id1400003171515818
DEN Broncos	 vs. LA Rams,RJ Harvey,playertotals-receptions,Under,2.5,RJ Harvey (DEN) moins de 2.5,1.8334,"Harvey, RJ",2.15,2.2507271669575335,0.4443008529335746,-18.54188162315844,Total de réceptions Plus/Moins(Incl. Prolongations),4539688289,id1400003171515838
NY Giants vs. TEN Titans,Darnell Mooney,playertotals-receptions,Under,1.5,Darnell Mooney (NYG) moins de 1.5,1.5264,"Mooney, Darnell",1.793,1.878921568627451,0.5322201930602661,-18.76190973128098,Total de réceptions Plus/Moins(Incl. Prolongations),4539685212,id1400003171515826
BUF Bills vs. LA Chargers,Josh Allen,playertotals-rushattempts,Under,7.5,Josh Allen (BUF) moins de 7.5,1.6667,"Allen, Josh",1.961,2.053168635875403,0.4870520533612346,-18.823034266283035,Joueur tentative de gain par la course (prolongations incluses),4543123667,id1400003171515810
JAX Jaguars vs. NE Patriots,Rhamondre Stevenson,playertotals-rushattempts,Under,8.5,Rhamondre Stevenson (NE) moins de 8.5,1.6897,"Stevenson, Rhamondre",1.99,2.0856519367157667,0.4794663876536751,-18.984564478158518,Joueur tentative de gain par la course (prolongations incluses),4543286622,id1400003171515822
IND Colts	 vs. HOU Texans,Laquon Treadwell,playertotals-receptions,Under,1.5,Laquon Treadwell (IND) moins de 1.5,1.6061,"Treadwell, Laquon",1.892,1.982857142857143,0.5043227665706052,-19.0007204610951,Total de réceptions Plus/Moins(Incl. Prolongations),4543203061,id1400003171515820
MIA Dolphins vs. KC Chiefs,Patrick Mahomes,playertotals-rushattempts,Under,3.5,Patrick Mahomes (KC) moins de 3.5,1.8334,"Mahomes, Patrick",2.16,2.2638970157987126,0.44171620573791676,-19.015750840010348,Joueur tentative de gain par la course (prolongations incluses),4539656350,id1400003171515824
DAL Cowboys vs. BAL Ravens,Javonte Williams,playertotals-receptions,Over,2.5,Javonte Williams (DAL) Plus de 2.5,1.5264,"Williams, Javonte",1.813,1.8975247524752477,0.5270023480302635,-19.55836159666059,Total de réceptions Plus/Moins(Incl. Prolongations),4536204786,id1400003171451946
CHI Bears	 vs. PHI Eagles,Rome Odunze,playertotals-receptions,Over,2.5,Rome Odunze (CHI) Plus de 2.5,1.7693,"Odunze, Rome",2.09,2.2087912087912085,0.45273631840796025,-19.897363184079587,Total de réceptions Plus/Moins(Incl. Prolongations),4534958916,id1400003171515840
TB Buccaneers vs. MIN Vikings,Baker Mayfield,playertotals-rushyards,Under,16.5,Baker Mayfield (TB) moins de 16.5,1.8334,"Mayfield, Baker",2.19,2.292798110979929,0.43614830072090627,-20.036570545829047,Total de yards à la course du joueur Plus/Moins (Incl. Prolongations),4537106266,id1400003171515834
TB Buccaneers vs. MIN Vikings,Josh Oliver,playertotals-receptions,Over,1.5,Josh Oliver (MIN) Plus de 1.5,1.9091,"Oliver, Josh",2.3,2.409313725490196,0.4150559511698881,-20.76166836215666,Total de réceptions Plus/Moins(Incl. Prolongations),4535258312,id1400003171515834
NY Giants vs. TEN Titans,Cameron Skattebo,playertotals-receptions,Over,2.5,Cameron Skattebo (NYG) Plus de 2.5,2.05,"Skattebo, Cameron",2.53,2.6492829204693606,0.3774606299212599,-22.620570866141733,Total de réceptions Plus/Moins(Incl. Prolongations),4543403250,id1400003171515826
NY Giants vs. TEN Titans,Gunnar Helm,playertotals-receptions,Under,2.5,Gunnar Helm (TEN) moins de 2.5,1.625,"Helm, Gunnar",2.01,2.1050027487630563,0.4750587620788718,-22.802951162183327,Total de réceptions Plus/Moins(Incl. Prolongations),4539686515,id1400003171515826
DET Lions vs. NY Jets,Kenyon Sadiq,playertotals-receptions,Under,2.5,Kenyon Sadiq (NYJ) moins de 2.5,2.15,"Sadiq, Kenyon",2.69,2.820027063599458,0.3546065259117083,-23.759596928982717,Total de réceptions Plus/Moins(Incl. Prolongations),4538896990,id1400003171515818
SF 49ers		 vs. ARZ Cardinals,Jacoby Brissett,playertotals-tdpasses,Over,1.5,Jacoby Brissett (ARI) Plus de 1.5,2.2,"Brissett, Jacoby",2.79,2.9214876033057857,0.34229137199434223,-24.6958981612447,Total de Touchdowns à la passe du joueur (Incl. Prolongations),4535377146,id1400003171515832
JAX Jaguars vs. NE Patriots,Drake Maye,playertotals-rushattempts,Under,5.5,Drake Maye (NE) moins de 5.5,1.625,"Maye, Drake",2.08,2.1798071469086784,0.45875618006765545,-25.45212073900599,Joueur tentative de gain par la course (prolongations incluses),4535337824,id1400003171515822
DAL Cowboys vs. BAL Ravens,LaJohntay Wester,playertotals-receptions,Under,1.5,LaJohntay Wester (BAL) moins de 1.5,1.5715,"Wester, LaJohntay",2.1,2.1993146773272416,0.45468709426123083,-28.545923136847584,Total de réceptions Plus/Moins(Incl. Prolongations),4539539921,id1400003171451946
