event_id,match,player,short_name,market,market_type_id,sport_market_id,child_market_id,market_sv,odd_id,selection,line,raw_sv,price,odd_status,is_main_bet
16514244,LA Rams vs. NY Giants,Jaxson Dart,Jaxson Dart (NYG),Joueur total de yards par la passe (Jaxson Dart (NYG))(prolongations incluses),2136,72891,1735303585,NYG|dst:player:489891,4511850344,216+,216+,NYG|dst:player:489891,1.9091,0,False
16514244,LA Rams vs. NY Giants,Jaxson Dart,Jaxson Dart (NYG),Joueur total de yards par la passe (Jaxson Dart (NYG))(prolongations incluses),2136,72891,1735303585,NYG|dst:player:489891,4511850345,226+,226+,NYG|dst:player:489891,2.1,0,False
16514244,LA Rams vs. NY Giants,Jaxson Dart,Jaxson Dart (NYG),Joueur total de yards par la passe (Jaxson Dart (NYG))(prolongations incluses),2136,72891,1735303585,NYG|dst:player:489891,4511850346,236+,236+,NYG|dst:player:489891,2.35,0,False
16514244,LA Rams vs. NY Giants,Jaxson Dart,Jaxson Dart (NYG),Joueur total de yards par la passe (Jaxson Dart (NYG))(prolongations incluses),2136,72891,1735303585,NYG|dst:player:489891,4511850347,246+,246+,NYG|dst:player:489891,2.7,0,False
16514244,LA Rams vs. NY Giants,Jaxson Dart,Jaxson Dart (NYG),Joueur total de yards par la passe (Jaxson Dart (NYG))(prolongations incluses),2136,72891,1735303585,NYG|dst:player:489891,4511850348,256+,256+,NYG|dst:player:489891,3.1,0,False
16514244,LA Rams vs. NY Giants,Jaxson Dart,Jaxson Dart (NYG),Joueur total de yards par la passe (Jaxson Dart (NYG))(prolongations incluses),2136,72891,1735303585,NYG|dst:player:489891,4511850349,266+,266+,NYG|dst:player:489891,3.6,0,False
16514244,LA Rams vs. NY Giants,Jaxson Dart,Jaxson Dart (NYG),Joueur total de yards par la passe (Jaxson Dart (NYG))(prolongations incluses),2136,72891,1735303585,NYG|dst:player:489891,4511850350,276+,276+,NYG|dst:player:489891,4.25,0,False
16514244,LA Rams vs. NY Giants,Jaxson Dart,Jaxson Dart (NYG),Joueur total de yards par la passe (Jaxson Dart (NYG))(prolongations incluses),2136,72891,1735303585,NYG|dst:player:489891,4511850351,286+,286+,NYG|dst:player:489891,5.0,0,False
16514244,LA Rams vs. NY Giants,Jaxson Dart,Jaxson Dart (NYG),Joueur total de yards par la passe (Jaxson Dart (NYG))(prolongations incluses),2136,72891,1735303585,NYG|dst:player:489891,4511850352,296+,296+,NYG|dst:player:489891,6.0,0,False
16514244,LA Rams vs. NY Giants,Jaxson Dart,Jaxson Dart (NYG),Joueur total de yards par la passe (Jaxson Dart (NYG))(prolongations incluses),2136,72891,1735303585,NYG|dst:player:489891,4511850353,306+,306+,NYG|dst:player:489891,7.25,0,False
16514244,LA Rams vs. NY Giants,Jaxson Dart,Jaxson Dart (NYG),Joueur total de yards par la passe (Jaxson Dart (NYG))(prolongations incluses),2136,72891,1735303585,NYG|dst:player:489891,4511850354,316+,316+,NYG|dst:player:489891,9.0,0,False
16514244,LA Rams vs. NY Giants,Jaxson Dart,Jaxson Dart (NYG),Joueur total de yards par la passe (Jaxson Dart (NYG))(prolongations incluses),2136,72891,1735303585,NYG|dst:player:489891,4511850355,326+,326+,NYG|dst:player:489891,11.0,0,False
16514244,LA Rams vs. NY Giants,Jaxson Dart,Jaxson Dart (NYG),Joueur total de yards par la passe (Jaxson Dart (NYG))(prolongations incluses),2136,72891,1735303585,NYG|dst:player:489891,4511850356,336+,336+,NYG|dst:player:489891,14.0,0,False
16514244,LA Rams vs. NY Giants,Jaxson Dart,Jaxson Dart (NYG),Joueur total de yards par la passe (Jaxson Dart (NYG))(prolongations incluses),2136,72891,1735303585,NYG|dst:player:489891,4511850357,346+,346+,NYG|dst:player:489891,18.0,0,False
16514244,LA Rams vs. NY Giants,Jaxson Dart,Jaxson Dart (NYG),Joueur total de yards par la passe (Jaxson Dart (NYG))(prolongations incluses),2136,72891,1735303585,NYG|dst:player:489891,4511850358,356+,356+,NYG|dst:player:489891,21.0,0,False
16514244,LA Rams vs. NY Giants,Jaxson Dart,Jaxson Dart (NYG),Joueur total de yards par la passe (Jaxson Dart (NYG))(prolongations incluses),2136,72891,1735303585,NYG|dst:player:489891,4511850359,206+,206+,NYG|dst:player:489891,1.6897,0,False
16514244,LA Rams vs. NY Giants,Jaxson Dart,Jaxson Dart (NYG),Joueur total de yards par la passe (Jaxson Dart (NYG))(prolongations incluses),2136,72891,1735303585,NYG|dst:player:489891,4511850360,196+,196+,NYG|dst:player:489891,1.5264,0,False
16514244,LA Rams vs. NY Giants,Matthew Stafford,Matthew Stafford (LAR),Joueur total de yards par la passe (Matthew Stafford (LAR))(prolongations incluses),2136,72891,1735303584,LAR|dst:player:269130,4534249922,239+,239+,LAR|dst:player:269130,1.8696,0,False
16514244,LA Rams vs. NY Giants,Matthew Stafford,Matthew Stafford (LAR),Joueur total de yards par la passe (Matthew Stafford (LAR))(prolongations incluses),2136,72891,1735303584,LAR|dst:player:269130,4534249923,249+,249+,LAR|dst:player:269130,2.05,0,False
16514244,LA Rams vs. NY Giants,Matthew Stafford,Matthew Stafford (LAR),Joueur total de yards par la passe (Matthew Stafford (LAR))(prolongations incluses),2136,72891,1735303584,LAR|dst:player:269130,4534249924,259+,259+,LAR|dst:player:269130,2.2,0,False
16514244,LA Rams vs. NY Giants,Matthew Stafford,Matthew Stafford (LAR),Joueur total de yards par la passe (Matthew Stafford (LAR))(prolongations incluses),2136,72891,1735303584,LAR|dst:player:269130,4534249925,269+,269+,LAR|dst:player:269130,2.45,0,False
16514244,LA Rams vs. NY Giants,Matthew Stafford,Matthew Stafford (LAR),Joueur total de yards par la passe (Matthew Stafford (LAR))(prolongations incluses),2136,72891,1735303584,LAR|dst:player:269130,4534249926,279+,279+,LAR|dst:player:269130,2.7,0,False
16514244,LA Rams vs. NY Giants,Matthew Stafford,Matthew Stafford (LAR),Joueur total de yards par la passe (Matthew Stafford (LAR))(prolongations incluses),2136,72891,1735303584,LAR|dst:player:269130,4534249927,289+,289+,LAR|dst:player:269130,3.0,0,False
16514244,LA Rams vs. NY Giants,Matthew Stafford,Matthew Stafford (LAR),Joueur total de yards par la passe (Matthew Stafford (LAR))(prolongations incluses),2136,72891,1735303584,LAR|dst:player:269130,4534249928,299+,299+,LAR|dst:player:269130,3.4,0,False
16514244,LA Rams vs. NY Giants,Matthew Stafford,Matthew Stafford (LAR),Joueur total de yards par la passe (Matthew Stafford (LAR))(prolongations incluses),2136,72891,1735303584,LAR|dst:player:269130,4534249929,309+,309+,LAR|dst:player:269130,3.85,0,False
16514244,LA Rams vs. NY Giants,Matthew Stafford,Matthew Stafford (LAR),Joueur total de yards par la passe (Matthew Stafford (LAR))(prolongations incluses),2136,72891,1735303584,LAR|dst:player:269130,4534249930,319+,319+,LAR|dst:player:269130,4.3,0,False
16514244,LA Rams vs. NY Giants,Matthew Stafford,Matthew Stafford (LAR),Joueur total de yards par la passe (Matthew Stafford (LAR))(prolongations incluses),2136,72891,1735303584,LAR|dst:player:269130,4534249931,329+,329+,LAR|dst:player:269130,5.0,0,False
16514244,LA Rams vs. NY Giants,Matthew Stafford,Matthew Stafford (LAR),Joueur total de yards par la passe (Matthew Stafford (LAR))(prolongations incluses),2136,72891,1735303584,LAR|dst:player:269130,4534249932,339+,339+,LAR|dst:player:269130,5.75,0,False
16514244,LA Rams vs. NY Giants,Matthew Stafford,Matthew Stafford (LAR),Joueur total de yards par la passe (Matthew Stafford (LAR))(prolongations incluses),2136,72891,1735303584,LAR|dst:player:269130,4534249933,349+,349+,LAR|dst:player:269130,6.75,0,False
16514244,LA Rams vs. NY Giants,Matthew Stafford,Matthew Stafford (LAR),Joueur total de yards par la passe (Matthew Stafford (LAR))(prolongations incluses),2136,72891,1735303584,LAR|dst:player:269130,4534249934,359+,359+,LAR|dst:player:269130,7.75,0,False
16514244,LA Rams vs. NY Giants,Matthew Stafford,Matthew Stafford (LAR),Joueur total de yards par la passe (Matthew Stafford (LAR))(prolongations incluses),2136,72891,1735303584,LAR|dst:player:269130,4534249935,369+,369+,LAR|dst:player:269130,9.0,0,False
16514244,LA Rams vs. NY Giants,Matthew Stafford,Matthew Stafford (LAR),Joueur total de yards par la passe (Matthew Stafford (LAR))(prolongations incluses),2136,72891,1735303584,LAR|dst:player:269130,4534249936,379+,379+,LAR|dst:player:269130,11.0,0,False
16514244,LA Rams vs. NY Giants,Matthew Stafford,Matthew Stafford (LAR),Joueur total de yards par la passe (Matthew Stafford (LAR))(prolongations incluses),2136,72891,1735303584,LAR|dst:player:269130,4534249937,229+,229+,LAR|dst:player:269130,1.6897,0,False
16514244,LA Rams vs. NY Giants,Matthew Stafford,Matthew Stafford (LAR),Joueur total de yards par la passe (Matthew Stafford (LAR))(prolongations incluses),2136,72891,1735303584,LAR|dst:player:269130,4534249938,219+,219+,LAR|dst:player:269130,1.5556,0,False
16514244,LA Rams vs. NY Giants,Kyren Williams,Kyren Williams (LAR),Total de Touchdowns du joueur (Incl. Prolongations) (Kyren Williams (LAR)),2145,72900,1733785235,LAR|dst:player:309275,4504401618,1+,1+,LAR|dst:player:309275,1.5,0,False
16514244,LA Rams vs. NY Giants,Kyren Williams,Kyren Williams (LAR),Total de Touchdowns du joueur (Incl. Prolongations) (Kyren Williams (LAR)),2145,72900,1733785235,LAR|dst:player:309275,4504401619,2+,2+,LAR|dst:player:309275,3.5,0,False
16514244,LA Rams vs. NY Giants,Kyren Williams,Kyren Williams (LAR),Total de Touchdowns du joueur (Incl. Prolongations) (Kyren Williams (LAR)),2145,72900,1733785235,LAR|dst:player:309275,4504401620,3+,3+,LAR|dst:player:309275,15.0,0,False
16514244,LA Rams vs. NY Giants,Davante Adams,Davante Adams (LAR),Total de Touchdowns du joueur (Incl. Prolongations) (Davante Adams (LAR)),2145,72900,1733785414,LAR|dst:player:476257,4504402104,2+,2+,LAR|dst:player:476257,5.0,0,False
16514244,LA Rams vs. NY Giants,Davante Adams,Davante Adams (LAR),Total de Touchdowns du joueur (Incl. Prolongations) (Davante Adams (LAR)),2145,72900,1733785414,LAR|dst:player:476257,4504402105,3+,3+,LAR|dst:player:476257,21.0,0,False
16514244,LA Rams vs. NY Giants,Davante Adams,Davante Adams (LAR),Total de Touchdowns du joueur (Incl. Prolongations) (Davante Adams (LAR)),2145,72900,1733785414,LAR|dst:player:476257,4504402103,1+,1+,LAR|dst:player:476257,1.8,0,False
16514244,LA Rams vs. NY Giants,Cameron Skattebo,Cameron Skattebo (NYG),Total de Touchdowns du joueur (Incl. Prolongations) (Cameron Skattebo (NYG)),2145,72900,1733785477,NYG|dst:player:492573,4504402280,2+,2+,NYG|dst:player:492573,6.5,0,False
16514244,LA Rams vs. NY Giants,Cameron Skattebo,Cameron Skattebo (NYG),Total de Touchdowns du joueur (Incl. Prolongations) (Cameron Skattebo (NYG)),2145,72900,1733785477,NYG|dst:player:492573,4504402281,3+,3+,NYG|dst:player:492573,31.0,0,False
16514244,LA Rams vs. NY Giants,Cameron Skattebo,Cameron Skattebo (NYG),Total de Touchdowns du joueur (Incl. Prolongations) (Cameron Skattebo (NYG)),2145,72900,1733785477,NYG|dst:player:492573,4504402279,1+,1+,NYG|dst:player:492573,2.1,0,False
16514244,LA Rams vs. NY Giants,Malik Nabers,Malik Nabers (NYG),Total de Touchdowns du joueur (Incl. Prolongations) (Malik Nabers (NYG)),2145,72900,1733785411,NYG|dst:player:430013,4504402096,3+,3+,NYG|dst:player:430013,81.0,0,False
16514244,LA Rams vs. NY Giants,Malik Nabers,Malik Nabers (NYG),Total de Touchdowns du joueur (Incl. Prolongations) (Malik Nabers (NYG)),2145,72900,1733785411,NYG|dst:player:430013,4504402094,1+,1+,NYG|dst:player:430013,2.9,0,False
16514244,LA Rams vs. NY Giants,Malik Nabers,Malik Nabers (NYG),Total de Touchdowns du joueur (Incl. Prolongations) (Malik Nabers (NYG)),2145,72900,1733785411,NYG|dst:player:430013,4504402095,2+,2+,NYG|dst:player:430013,12.0,0,False
16514244,LA Rams vs. NY Giants,Blake Corum,Blake Corum (LAR),Total de Touchdowns du joueur (Incl. Prolongations) (Blake Corum (LAR)),2145,72900,1733785412,LAR|dst:player:430261,4504402097,1+,1+,LAR|dst:player:430261,3.0,0,False
16514244,LA Rams vs. NY Giants,Blake Corum,Blake Corum (LAR),Total de Touchdowns du joueur (Incl. Prolongations) (Blake Corum (LAR)),2145,72900,1733785412,LAR|dst:player:430261,4504402098,2+,2+,LAR|dst:player:430261,13.0,0,False
16514244,LA Rams vs. NY Giants,Blake Corum,Blake Corum (LAR),Total de Touchdowns du joueur (Incl. Prolongations) (Blake Corum (LAR)),2145,72900,1733785412,LAR|dst:player:430261,4504402099,3+,3+,LAR|dst:player:430261,81.0,0,False
16514244,LA Rams vs. NY Giants,Terrance Ferguson,Terrance Ferguson (LAR),Total de Touchdowns du joueur (Incl. Prolongations) (Terrance Ferguson (LAR)),2145,72900,1734645311,LAR|dst:player:498351,4506952161,1+,1+,LAR|dst:player:498351,3.4,0,False
16514244,LA Rams vs. NY Giants,Terrance Ferguson,Terrance Ferguson (LAR),Total de Touchdowns du joueur (Incl. Prolongations) (Terrance Ferguson (LAR)),2145,72900,1734645311,LAR|dst:player:498351,4506952162,2+,2+,LAR|dst:player:498351,17.0,0,False
16514244,LA Rams vs. NY Giants,Terrance Ferguson,Terrance Ferguson (LAR),Total de Touchdowns du joueur (Incl. Prolongations) (Terrance Ferguson (LAR)),2145,72900,1734645311,LAR|dst:player:498351,4506952163,3+,3+,LAR|dst:player:498351,101.0,0,False
16514244,LA Rams vs. NY Giants,Jaxson Dart,Jaxson Dart (NYG),Total de Touchdowns du joueur (Incl. Prolongations) (Jaxson Dart (NYG)),2145,72900,1733785415,NYG|dst:player:489891,4504402106,1+,1+,NYG|dst:player:489891,3.4,0,False
16514244,LA Rams vs. NY Giants,Jaxson Dart,Jaxson Dart (NYG),Total de Touchdowns du joueur (Incl. Prolongations) (Jaxson Dart (NYG)),2145,72900,1733785415,NYG|dst:player:489891,4504402107,2+,2+,NYG|dst:player:489891,17.0,0,False
16514244,LA Rams vs. NY Giants,Jaxson Dart,Jaxson Dart (NYG),Total de Touchdowns du joueur (Incl. Prolongations) (Jaxson Dart (NYG)),2145,72900,1733785415,NYG|dst:player:489891,4504402108,3+,3+,NYG|dst:player:489891,101.0,0,False
16514244,LA Rams vs. NY Giants,Colby Parkinson,Colby Parkinson (LAR),Total de Touchdowns du joueur (Incl. Prolongations) (Colby Parkinson (LAR)),2145,72900,1733785347,LAR|dst:player:409903,4504401931,1+,1+,LAR|dst:player:409903,3.5,0,False
16514244,LA Rams vs. NY Giants,Colby Parkinson,Colby Parkinson (LAR),Total de Touchdowns du joueur (Incl. Prolongations) (Colby Parkinson (LAR)),2145,72900,1733785347,LAR|dst:player:409903,4504401932,2+,2+,LAR|dst:player:409903,18.0,0,False
16514244,LA Rams vs. NY Giants,Colby Parkinson,Colby Parkinson (LAR),Total de Touchdowns du joueur (Incl. Prolongations) (Colby Parkinson (LAR)),2145,72900,1733785347,LAR|dst:player:409903,4504401933,3+,3+,LAR|dst:player:409903,101.0,0,False
16514244,LA Rams vs. NY Giants,Isaiah Likely,Isaiah Likely (NYG),Total de Touchdowns du joueur (Incl. Prolongations) (Isaiah Likely (NYG)),2145,72900,1733785478,NYG|dst:player:540760,4504402282,1+,1+,NYG|dst:player:540760,3.75,0,False
16514244,LA Rams vs. NY Giants,Isaiah Likely,Isaiah Likely (NYG),Total de Touchdowns du joueur (Incl. Prolongations) (Isaiah Likely (NYG)),2145,72900,1733785478,NYG|dst:player:540760,4504402283,2+,2+,NYG|dst:player:540760,20.0,0,False
16514244,LA Rams vs. NY Giants,Isaiah Likely,Isaiah Likely (NYG),Total de Touchdowns du joueur (Incl. Prolongations) (Isaiah Likely (NYG)),2145,72900,1733785478,NYG|dst:player:540760,4504402284,3+,3+,NYG|dst:player:540760,101.0,0,False
16514244,LA Rams vs. NY Giants,Tyler Higbee,Tyler Higbee (LAR),Total de Touchdowns du joueur (Incl. Prolongations) (Tyler Higbee (LAR)),2145,72900,1734645371,LAR|dst:player:145449,4506952312,1+,1+,LAR|dst:player:145449,5.5,0,False
16514244,LA Rams vs. NY Giants,Tyler Higbee,Tyler Higbee (LAR),Total de Touchdowns du joueur (Incl. Prolongations) (Tyler Higbee (LAR)),2145,72900,1734645371,LAR|dst:player:145449,4506952313,2+,2+,LAR|dst:player:145449,36.0,0,False
16514244,LA Rams vs. NY Giants,Tyler Higbee,Tyler Higbee (LAR),Total de Touchdowns du joueur (Incl. Prolongations) (Tyler Higbee (LAR)),2145,72900,1734645371,LAR|dst:player:145449,4506952314,3+,3+,LAR|dst:player:145449,201.0,0,False
16514244,LA Rams vs. NY Giants,Devin Singletary,Devin Singletary (NYG),Total de Touchdowns du joueur (Incl. Prolongations) (Devin Singletary (NYG)),2145,72900,1733785348,NYG|dst:player:409911,4504401936,3+,3+,NYG|dst:player:409911,201.0,0,False
16514244,LA Rams vs. NY Giants,Devin Singletary,Devin Singletary (NYG),Total de Touchdowns du joueur (Incl. Prolongations) (Devin Singletary (NYG)),2145,72900,1733785348,NYG|dst:player:409911,4504401934,1+,1+,NYG|dst:player:409911,5.5,0,False
16514244,LA Rams vs. NY Giants,Devin Singletary,Devin Singletary (NYG),Total de Touchdowns du joueur (Incl. Prolongations) (Devin Singletary (NYG)),2145,72900,1733785348,NYG|dst:player:409911,4504401935,2+,2+,NYG|dst:player:409911,36.0,0,False
16514244,LA Rams vs. NY Giants,Malachi Fields,Malachi Fields (NYG),Total de Touchdowns du joueur (Incl. Prolongations) (Malachi Fields (NYG)),2145,72900,1733785481,NYG|dst:player:546489,4504402291,1+,1+,NYG|dst:player:546489,5.5,0,False
16514244,LA Rams vs. NY Giants,Malachi Fields,Malachi Fields (NYG),Total de Touchdowns du joueur (Incl. Prolongations) (Malachi Fields (NYG)),2145,72900,1733785481,NYG|dst:player:546489,4504402292,2+,2+,NYG|dst:player:546489,36.0,0,False
16514244,LA Rams vs. NY Giants,Malachi Fields,Malachi Fields (NYG),Total de Touchdowns du joueur (Incl. Prolongations) (Malachi Fields (NYG)),2145,72900,1733785481,NYG|dst:player:546489,4504402293,3+,3+,NYG|dst:player:546489,201.0,0,False
16514244,LA Rams vs. NY Giants,Konata Mumpfield,Konata Mumpfield (LAR),Total de Touchdowns du joueur (Incl. Prolongations) (Konata Mumpfield (LAR)),2145,72900,1734645489,LAR|dst:player:484924,4506952632,1+,1+,LAR|dst:player:484924,6.5,0,False
16514244,LA Rams vs. NY Giants,Konata Mumpfield,Konata Mumpfield (LAR),Total de Touchdowns du joueur (Incl. Prolongations) (Konata Mumpfield (LAR)),2145,72900,1734645489,LAR|dst:player:484924,4506952633,2+,2+,LAR|dst:player:484924,41.0,0,False
16514244,LA Rams vs. NY Giants,Konata Mumpfield,Konata Mumpfield (LAR),Total de Touchdowns du joueur (Incl. Prolongations) (Konata Mumpfield (LAR)),2145,72900,1734645489,LAR|dst:player:484924,4506952634,3+,3+,LAR|dst:player:484924,201.0,0,False
16514244,LA Rams vs. NY Giants,Xavier Smith,Xavier Smith (LAR),Total de Touchdowns du joueur (Incl. Prolongations) (Xavier Smith (LAR)),2145,72900,1734645436,LAR|dst:player:373847,4506952472,1+,1+,LAR|dst:player:373847,8.0,0,False
16514244,LA Rams vs. NY Giants,Xavier Smith,Xavier Smith (LAR),Total de Touchdowns du joueur (Incl. Prolongations) (Xavier Smith (LAR)),2145,72900,1734645436,LAR|dst:player:373847,4506952474,2+,2+,LAR|dst:player:373847,61.0,0,False
16514244,LA Rams vs. NY Giants,Xavier Smith,Xavier Smith (LAR),Total de Touchdowns du joueur (Incl. Prolongations) (Xavier Smith (LAR)),2145,72900,1734645436,LAR|dst:player:373847,4506952475,3+,3+,LAR|dst:player:373847,201.0,0,False
16514244,LA Rams vs. NY Giants,Darnell Mooney,Darnell Mooney (NYG),Total de Touchdowns du joueur (Incl. Prolongations) (Darnell Mooney (NYG)),2145,72900,1733785480,NYG|dst:player:541181,4504402288,1+,1+,NYG|dst:player:541181,8.5,0,False
16514244,LA Rams vs. NY Giants,Darnell Mooney,Darnell Mooney (NYG),Total de Touchdowns du joueur (Incl. Prolongations) (Darnell Mooney (NYG)),2145,72900,1733785480,NYG|dst:player:541181,4504402289,2+,2+,NYG|dst:player:541181,61.0,0,False
16514244,LA Rams vs. NY Giants,Darnell Mooney,Darnell Mooney (NYG),Total de Touchdowns du joueur (Incl. Prolongations) (Darnell Mooney (NYG)),2145,72900,1733785480,NYG|dst:player:541181,4504402290,3+,3+,NYG|dst:player:541181,201.0,0,False
16514244,LA Rams vs. NY Giants,Tutu Atwell,Tutu Atwell (LAR),Total de Touchdowns du joueur (Incl. Prolongations) (Tutu Atwell (LAR)),2145,72900,1734645373,LAR|dst:player:264738,4506952320,3+,3+,LAR|dst:player:264738,201.0,0,False
16514244,LA Rams vs. NY Giants,Tutu Atwell,Tutu Atwell (LAR),Total de Touchdowns du joueur (Incl. Prolongations) (Tutu Atwell (LAR)),2145,72900,1734645373,LAR|dst:player:264738,4506952318,1+,1+,LAR|dst:player:264738,9.0,0,False
16514244,LA Rams vs. NY Giants,Tutu Atwell,Tutu Atwell (LAR),Total de Touchdowns du joueur (Incl. Prolongations) (Tutu Atwell (LAR)),2145,72900,1734645373,LAR|dst:player:264738,4506952319,2+,2+,LAR|dst:player:264738,71.0,0,False
16514244,LA Rams vs. NY Giants,Tyrone Tracy,Tyrone Tracy (NYG),Total de Touchdowns du joueur (Incl. Prolongations) (Tyrone Tracy (NYG)),2145,72900,1734645312,NYG|dst:player:430015,4506952164,1+,1+,NYG|dst:player:430015,9.0,0,False
16514244,LA Rams vs. NY Giants,Tyrone Tracy,Tyrone Tracy (NYG),Total de Touchdowns du joueur (Incl. Prolongations) (Tyrone Tracy (NYG)),2145,72900,1734645312,NYG|dst:player:430015,4506952165,2+,2+,NYG|dst:player:430015,71.0,0,False
16514244,LA Rams vs. NY Giants,Tyrone Tracy,Tyrone Tracy (NYG),Total de Touchdowns du joueur (Incl. Prolongations) (Tyrone Tracy (NYG)),2145,72900,1734645312,NYG|dst:player:430015,4506952166,3+,3+,NYG|dst:player:430015,201.0,0,False
16514244,LA Rams vs. NY Giants,Theo Johnson,Theo Johnson (NYG),Total de Touchdowns du joueur (Incl. Prolongations) (Theo Johnson (NYG)),2145,72900,1733785413,NYG|dst:player:430841,4504402100,1+,1+,NYG|dst:player:430841,9.0,0,False
16514244,LA Rams vs. NY Giants,Theo Johnson,Theo Johnson (NYG),Total de Touchdowns du joueur (Incl. Prolongations) (Theo Johnson (NYG)),2145,72900,1733785413,NYG|dst:player:430841,4504402101,2+,2+,NYG|dst:player:430841,71.0,0,False
16514244,LA Rams vs. NY Giants,Theo Johnson,Theo Johnson (NYG),Total de Touchdowns du joueur (Incl. Prolongations) (Theo Johnson (NYG)),2145,72900,1733785413,NYG|dst:player:430841,4504402102,3+,3+,NYG|dst:player:430841,201.0,0,False
16514244,LA Rams vs. NY Giants,Najee Harris,Najee Harris (NYG),Total de Touchdowns du joueur (Incl. Prolongations) (Najee Harris (NYG)),2145,72900,1737154453,NYG|dst:player:564087,4516317883,1+,1+,NYG|dst:player:564087,9.0,0,False
16514244,LA Rams vs. NY Giants,Najee Harris,Najee Harris (NYG),Total de Touchdowns du joueur (Incl. Prolongations) (Najee Harris (NYG)),2145,72900,1737154453,NYG|dst:player:564087,4516317884,2+,2+,NYG|dst:player:564087,71.0,0,False
16514244,LA Rams vs. NY Giants,Najee Harris,Najee Harris (NYG),Total de Touchdowns du joueur (Incl. Prolongations) (Najee Harris (NYG)),2145,72900,1737154453,NYG|dst:player:564087,4516317885,3+,3+,NYG|dst:player:564087,201.0,0,False
16514244,LA Rams vs. NY Giants,Davis Allen,Davis Allen (LAR),Total de Touchdowns du joueur (Incl. Prolongations) (Davis Allen (LAR)),2145,72900,1734645435,LAR|dst:player:378711,4506952469,1+,1+,LAR|dst:player:378711,12.0,0,False
16514244,LA Rams vs. NY Giants,Davis Allen,Davis Allen (LAR),Total de Touchdowns du joueur (Incl. Prolongations) (Davis Allen (LAR)),2145,72900,1734645435,LAR|dst:player:378711,4506952470,2+,2+,LAR|dst:player:378711,91.0,0,False
16514244,LA Rams vs. NY Giants,Davis Allen,Davis Allen (LAR),Total de Touchdowns du joueur (Incl. Prolongations) (Davis Allen (LAR)),2145,72900,1734645435,LAR|dst:player:378711,4506952471,3+,3+,LAR|dst:player:378711,251.0,0,False
16514244,LA Rams vs. NY Giants,Max Klare,Max Klare (LAR),Total de Touchdowns du joueur (Incl. Prolongations) (Max Klare (LAR)),2145,72900,1737154454,LAR|dst:player:548519,4516317888,3+,3+,LAR|dst:player:548519,251.0,0,False
16514244,LA Rams vs. NY Giants,Max Klare,Max Klare (LAR),Total de Touchdowns du joueur (Incl. Prolongations) (Max Klare (LAR)),2145,72900,1737154454,LAR|dst:player:548519,4516317886,1+,1+,LAR|dst:player:548519,14.0,0,False
16514244,LA Rams vs. NY Giants,Max Klare,Max Klare (LAR),Total de Touchdowns du joueur (Incl. Prolongations) (Max Klare (LAR)),2145,72900,1737154454,LAR|dst:player:548519,4516317887,2+,2+,LAR|dst:player:548519,91.0,0,False
16514244,LA Rams vs. NY Giants,Cj Daniels,Cj Daniels (LAR),Total de Touchdowns du joueur (Incl. Prolongations) (Cj Daniels (LAR)),2145,72900,1734645491,LAR|dst:player:546793,4506952640,3+,3+,LAR|dst:player:546793,251.0,0,False
16514244,LA Rams vs. NY Giants,Cj Daniels,Cj Daniels (LAR),Total de Touchdowns du joueur (Incl. Prolongations) (Cj Daniels (LAR)),2145,72900,1734645491,LAR|dst:player:546793,4506952638,1+,1+,LAR|dst:player:546793,15.0,0,False
16514244,LA Rams vs. NY Giants,Cj Daniels,Cj Daniels (LAR),Total de Touchdowns du joueur (Incl. Prolongations) (Cj Daniels (LAR)),2145,72900,1734645491,LAR|dst:player:546793,4506952639,2+,2+,LAR|dst:player:546793,101.0,0,False
16514244,LA Rams vs. NY Giants,Odell Beckham Jr.,Odell Beckham Jr. (NYG),Total de Touchdowns du joueur (Incl. Prolongations) (Odell Beckham Jr. (NYG)),2145,72900,1733785233,NYG|dst:player:125200,4504401612,1+,1+,NYG|dst:player:125200,18.0,0,False
16514244,LA Rams vs. NY Giants,Odell Beckham Jr.,Odell Beckham Jr. (NYG),Total de Touchdowns du joueur (Incl. Prolongations) (Odell Beckham Jr. (NYG)),2145,72900,1733785233,NYG|dst:player:125200,4504401613,2+,2+,NYG|dst:player:125200,101.0,0,False
16514244,LA Rams vs. NY Giants,Odell Beckham Jr.,Odell Beckham Jr. (NYG),Total de Touchdowns du joueur (Incl. Prolongations) (Odell Beckham Jr. (NYG)),2145,72900,1733785233,NYG|dst:player:125200,4504401614,3+,3+,NYG|dst:player:125200,251.0,0,False
16514244,LA Rams vs. NY Giants,Matthew Stafford,Matthew Stafford (LAR),Total de Touchdowns du joueur (Incl. Prolongations) (Matthew Stafford (LAR)),2145,72900,1733785234,LAR|dst:player:269130,4504401616,2+,2+,LAR|dst:player:269130,101.0,0,False
16514244,LA Rams vs. NY Giants,Matthew Stafford,Matthew Stafford (LAR),Total de Touchdowns du joueur (Incl. Prolongations) (Matthew Stafford (LAR)),2145,72900,1733785234,LAR|dst:player:269130,4504401617,3+,3+,LAR|dst:player:269130,251.0,0,False
16514244,LA Rams vs. NY Giants,Matthew Stafford,Matthew Stafford (LAR),Total de Touchdowns du joueur (Incl. Prolongations) (Matthew Stafford (LAR)),2145,72900,1733785234,LAR|dst:player:269130,4504401615,1+,1+,LAR|dst:player:269130,20.0,0,False
16514244,LA Rams vs. NY Giants,Ronnie Rivers,Ronnie Rivers (LAR),Total de Touchdowns du joueur (Incl. Prolongations) (Ronnie Rivers (LAR)),2145,72900,1734645490,LAR|dst:player:323735,4506952635,1+,1+,LAR|dst:player:323735,20.0,0,False
16514244,LA Rams vs. NY Giants,Ronnie Rivers,Ronnie Rivers (LAR),Total de Touchdowns du joueur (Incl. Prolongations) (Ronnie Rivers (LAR)),2145,72900,1734645490,LAR|dst:player:323735,4506952636,2+,2+,LAR|dst:player:323735,101.0,0,False
16514244,LA Rams vs. NY Giants,Ronnie Rivers,Ronnie Rivers (LAR),Total de Touchdowns du joueur (Incl. Prolongations) (Ronnie Rivers (LAR)),2145,72900,1734645490,LAR|dst:player:323735,4506952637,3+,3+,LAR|dst:player:323735,251.0,0,False
16514244,LA Rams vs. NY Giants,Chris Manhertz,Chris Manhertz (NYG),Total de Touchdowns du joueur (Incl. Prolongations) (Chris Manhertz (NYG)),2145,72900,1733785349,NYG|dst:player:410346,4504401937,1+,1+,NYG|dst:player:410346,26.0,0,False
16514244,LA Rams vs. NY Giants,Chris Manhertz,Chris Manhertz (NYG),Total de Touchdowns du joueur (Incl. Prolongations) (Chris Manhertz (NYG)),2145,72900,1733785349,NYG|dst:player:410346,4504401938,2+,2+,NYG|dst:player:410346,151.0,0,False
16514244,LA Rams vs. NY Giants,Chris Manhertz,Chris Manhertz (NYG),Total de Touchdowns du joueur (Incl. Prolongations) (Chris Manhertz (NYG)),2145,72900,1733785349,NYG|dst:player:410346,4504401939,3+,3+,NYG|dst:player:410346,251.0,0,False
16514244,LA Rams vs. NY Giants,Thomas Fidone II,Thomas Fidone II (NYG),Total de Touchdowns du joueur (Incl. Prolongations) (Thomas Fidone II (NYG)),2145,72900,1736964679,NYG|dst:player:484640,4515798017,1+,1+,NYG|dst:player:484640,26.0,0,False
16514244,LA Rams vs. NY Giants,Thomas Fidone II,Thomas Fidone II (NYG),Total de Touchdowns du joueur (Incl. Prolongations) (Thomas Fidone II (NYG)),2145,72900,1736964679,NYG|dst:player:484640,4515798018,2+,2+,NYG|dst:player:484640,151.0,0,False
16514244,LA Rams vs. NY Giants,Thomas Fidone II,Thomas Fidone II (NYG),Total de Touchdowns du joueur (Incl. Prolongations) (Thomas Fidone II (NYG)),2145,72900,1736964679,NYG|dst:player:484640,4515798019,3+,3+,NYG|dst:player:484640,251.0,0,False
16514244,LA Rams vs. NY Giants,Patrick Ricard,Patrick Ricard (NYG),Total de Touchdowns du joueur (Incl. Prolongations) (Patrick Ricard (NYG)),2145,72900,1733785479,NYG|dst:player:540856,4504402285,1+,1+,NYG|dst:player:540856,31.0,0,False
16514244,LA Rams vs. NY Giants,Patrick Ricard,Patrick Ricard (NYG),Total de Touchdowns du joueur (Incl. Prolongations) (Patrick Ricard (NYG)),2145,72900,1733785479,NYG|dst:player:540856,4504402286,2+,2+,NYG|dst:player:540856,151.0,0,False
16514244,LA Rams vs. NY Giants,Patrick Ricard,Patrick Ricard (NYG),Total de Touchdowns du joueur (Incl. Prolongations) (Patrick Ricard (NYG)),2145,72900,1733785479,NYG|dst:player:540856,4504402287,3+,3+,NYG|dst:player:540856,251.0,0,False
16514244,LA Rams vs. NY Giants,Matthew Stafford,Matthew Stafford (LAR),Joueur total de TDs par la passe (Matthew Stafford (LAR) (prolongations incluses),2138,72893,1735303528,LAR|dst:player:269130,4509458009,2+,2+,LAR|dst:player:269130,1.5264,0,False
16514244,LA Rams vs. NY Giants,Matthew Stafford,Matthew Stafford (LAR),Joueur total de TDs par la passe (Matthew Stafford (LAR) (prolongations incluses),2138,72893,1735303528,LAR|dst:player:269130,4509458010,3+,3+,LAR|dst:player:269130,2.6,0,False
16514244,LA Rams vs. NY Giants,Matthew Stafford,Matthew Stafford (LAR),Joueur total de TDs par la passe (Matthew Stafford (LAR) (prolongations incluses),2138,72893,1735303528,LAR|dst:player:269130,4509458011,4+,4+,LAR|dst:player:269130,5.5,0,False
16514244,LA Rams vs. NY Giants,Matthew Stafford,Matthew Stafford (LAR),Joueur total de TDs par la passe (Matthew Stafford (LAR) (prolongations incluses),2138,72893,1735303528,LAR|dst:player:269130,4509458012,1+,1+,LAR|dst:player:269130,1.0589,0,False
16514244,LA Rams vs. NY Giants,Jaxson Dart,Jaxson Dart (NYG),Joueur total de TDs par la passe (Jaxson Dart (NYG) (prolongations incluses),2138,72893,1735303530,NYG|dst:player:489891,4509458024,1+,1+,NYG|dst:player:489891,1.3125,0,False
16514244,LA Rams vs. NY Giants,Jaxson Dart,Jaxson Dart (NYG),Joueur total de TDs par la passe (Jaxson Dart (NYG) (prolongations incluses),2138,72893,1735303530,NYG|dst:player:489891,4509458021,2+,2+,NYG|dst:player:489891,2.75,0,False
16514244,LA Rams vs. NY Giants,Jaxson Dart,Jaxson Dart (NYG),Joueur total de TDs par la passe (Jaxson Dart (NYG) (prolongations incluses),2138,72893,1735303530,NYG|dst:player:489891,4509458022,3+,3+,NYG|dst:player:489891,5.5,0,False
16514244,LA Rams vs. NY Giants,Jaxson Dart,Jaxson Dart (NYG),Joueur total de TDs par la passe (Jaxson Dart (NYG) (prolongations incluses),2138,72893,1735303530,NYG|dst:player:489891,4509458023,4+,4+,NYG|dst:player:489891,16.0,0,False
16514244,LA Rams vs. NY Giants,Darnell Mooney,Darnell Mooney (NYG),Joueur total de yards sur réception (Darnell Mooney (NYG)) (prolongations incluses),2143,72898,1743962970,NYG|dst:player:541181,4538721024,40+,40+,NYG|dst:player:541181,3.3,0,False
16514244,LA Rams vs. NY Giants,Darnell Mooney,Darnell Mooney (NYG),Joueur total de yards sur réception (Darnell Mooney (NYG)) (prolongations incluses),2143,72898,1743962970,NYG|dst:player:541181,4538721025,50+,50+,NYG|dst:player:541181,4.5,0,False
16514244,LA Rams vs. NY Giants,Darnell Mooney,Darnell Mooney (NYG),Joueur total de yards sur réception (Darnell Mooney (NYG)) (prolongations incluses),2143,72898,1743962970,NYG|dst:player:541181,4538721026,60+,60+,NYG|dst:player:541181,7.0,0,False
16514244,LA Rams vs. NY Giants,Darnell Mooney,Darnell Mooney (NYG),Joueur total de yards sur réception (Darnell Mooney (NYG)) (prolongations incluses),2143,72898,1743962970,NYG|dst:player:541181,4538721027,70+,70+,NYG|dst:player:541181,12.0,0,False
16514244,LA Rams vs. NY Giants,Darnell Mooney,Darnell Mooney (NYG),Joueur total de yards sur réception (Darnell Mooney (NYG)) (prolongations incluses),2143,72898,1743962970,NYG|dst:player:541181,4538721028,80+,80+,NYG|dst:player:541181,19.0,0,False
16514244,LA Rams vs. NY Giants,Darnell Mooney,Darnell Mooney (NYG),Joueur total de yards sur réception (Darnell Mooney (NYG)) (prolongations incluses),2143,72898,1743962970,NYG|dst:player:541181,4538721029,90+,90+,NYG|dst:player:541181,36.0,0,False
16514244,LA Rams vs. NY Giants,Darnell Mooney,Darnell Mooney (NYG),Joueur total de yards sur réception (Darnell Mooney (NYG)) (prolongations incluses),2143,72898,1743962970,NYG|dst:player:541181,4538721030,10+,10+,NYG|dst:player:541181,1.3449,0,False
16514244,LA Rams vs. NY Giants,Darnell Mooney,Darnell Mooney (NYG),Joueur total de yards sur réception (Darnell Mooney (NYG)) (prolongations incluses),2143,72898,1743962970,NYG|dst:player:541181,4538721022,20+,20+,NYG|dst:player:541181,1.8696,0,False
16514244,LA Rams vs. NY Giants,Darnell Mooney,Darnell Mooney (NYG),Joueur total de yards sur réception (Darnell Mooney (NYG)) (prolongations incluses),2143,72898,1743962970,NYG|dst:player:541181,4538721023,30+,30+,NYG|dst:player:541181,2.4,0,False
16514244,LA Rams vs. NY Giants,Isaiah Likely,Isaiah Likely (NYG),Joueur total de yards sur réception (Isaiah Likely (NYG)) (prolongations incluses),2143,72898,1735305459,NYG|dst:player:540760,4512034240,75+,75+,NYG|dst:player:540760,3.85,0,False
16514244,LA Rams vs. NY Giants,Isaiah Likely,Isaiah Likely (NYG),Joueur total de yards sur réception (Isaiah Likely (NYG)) (prolongations incluses),2143,72898,1735305459,NYG|dst:player:540760,4512034241,85+,85+,NYG|dst:player:540760,5.25,0,False
16514244,LA Rams vs. NY Giants,Isaiah Likely,Isaiah Likely (NYG),Joueur total de yards sur réception (Isaiah Likely (NYG)) (prolongations incluses),2143,72898,1735305459,NYG|dst:player:540760,4512034242,95+,95+,NYG|dst:player:540760,7.75,0,False
16514244,LA Rams vs. NY Giants,Isaiah Likely,Isaiah Likely (NYG),Joueur total de yards sur réception (Isaiah Likely (NYG)) (prolongations incluses),2143,72898,1735305459,NYG|dst:player:540760,4512034243,105+,105+,NYG|dst:player:540760,12.0,0,False
16514244,LA Rams vs. NY Giants,Isaiah Likely,Isaiah Likely (NYG),Joueur total de yards sur réception (Isaiah Likely (NYG)) (prolongations incluses),2143,72898,1735305459,NYG|dst:player:540760,4512034245,125+,125+,NYG|dst:player:540760,31.0,0,False
16514244,LA Rams vs. NY Giants,Isaiah Likely,Isaiah Likely (NYG),Joueur total de yards sur réception (Isaiah Likely (NYG)) (prolongations incluses),2143,72898,1735305459,NYG|dst:player:540760,4512034246,35+,35+,NYG|dst:player:540760,1.3847,0,False
16514244,LA Rams vs. NY Giants,Isaiah Likely,Isaiah Likely (NYG),Joueur total de yards sur réception (Isaiah Likely (NYG)) (prolongations incluses),2143,72898,1735305459,NYG|dst:player:540760,4512034237,45+,45+,NYG|dst:player:540760,1.8334,0,False
16514244,LA Rams vs. NY Giants,Isaiah Likely,Isaiah Likely (NYG),Joueur total de yards sur réception (Isaiah Likely (NYG)) (prolongations incluses),2143,72898,1735305459,NYG|dst:player:540760,4512034238,55+,55+,NYG|dst:player:540760,2.25,0,False
16514244,LA Rams vs. NY Giants,Isaiah Likely,Isaiah Likely (NYG),Joueur total de yards sur réception (Isaiah Likely (NYG)) (prolongations incluses),2143,72898,1735305459,NYG|dst:player:540760,4512034239,65+,65+,NYG|dst:player:540760,2.9,0,False
16514244,LA Rams vs. NY Giants,Davante Adams,Davante Adams (LAR),Joueur total de yards sur réception (Davante Adams (LAR)) (prolongations incluses),2143,72898,1735305458,LAR|dst:player:476257,4534248496,63+,63+,LAR|dst:player:476257,1.8334,0,False
16514244,LA Rams vs. NY Giants,Davante Adams,Davante Adams (LAR),Joueur total de yards sur réception (Davante Adams (LAR)) (prolongations incluses),2143,72898,1735305458,LAR|dst:player:476257,4534248497,73+,73+,LAR|dst:player:476257,2.15,0,False
16514244,LA Rams vs. NY Giants,Davante Adams,Davante Adams (LAR),Joueur total de yards sur réception (Davante Adams (LAR)) (prolongations incluses),2143,72898,1735305458,LAR|dst:player:476257,4534248498,83+,83+,LAR|dst:player:476257,2.5,0,False
16514244,LA Rams vs. NY Giants,Davante Adams,Davante Adams (LAR),Joueur total de yards sur réception (Davante Adams (LAR)) (prolongations incluses),2143,72898,1735305458,LAR|dst:player:476257,4534248499,93+,93+,LAR|dst:player:476257,3.0,0,False
16514244,LA Rams vs. NY Giants,Davante Adams,Davante Adams (LAR),Joueur total de yards sur réception (Davante Adams (LAR)) (prolongations incluses),2143,72898,1735305458,LAR|dst:player:476257,4534248500,103+,103+,LAR|dst:player:476257,3.75,0,False
16514244,LA Rams vs. NY Giants,Davante Adams,Davante Adams (LAR),Joueur total de yards sur réception (Davante Adams (LAR)) (prolongations incluses),2143,72898,1735305458,LAR|dst:player:476257,4534248501,113+,113+,LAR|dst:player:476257,4.5,0,False
16514244,LA Rams vs. NY Giants,Davante Adams,Davante Adams (LAR),Joueur total de yards sur réception (Davante Adams (LAR)) (prolongations incluses),2143,72898,1735305458,LAR|dst:player:476257,4534248502,123+,123+,LAR|dst:player:476257,6.0,0,False
16514244,LA Rams vs. NY Giants,Davante Adams,Davante Adams (LAR),Joueur total de yards sur réception (Davante Adams (LAR)) (prolongations incluses),2143,72898,1735305458,LAR|dst:player:476257,4534248503,133+,133+,LAR|dst:player:476257,7.75,0,False
16514244,LA Rams vs. NY Giants,Davante Adams,Davante Adams (LAR),Joueur total de yards sur réception (Davante Adams (LAR)) (prolongations incluses),2143,72898,1735305458,LAR|dst:player:476257,4534248504,143+,143+,LAR|dst:player:476257,11.0,0,False
16514244,LA Rams vs. NY Giants,Davante Adams,Davante Adams (LAR),Joueur total de yards sur réception (Davante Adams (LAR)) (prolongations incluses),2143,72898,1735305458,LAR|dst:player:476257,4534248505,53+,53+,LAR|dst:player:476257,1.4546,0,False
16514244,LA Rams vs. NY Giants,Terrance Ferguson,Terrance Ferguson (LAR),Joueur total de yards sur réception (Terrance Ferguson (LAR)) (prolongations incluses),2143,72898,1743962304,LAR|dst:player:498351,4537916448,65+,65+,LAR|dst:player:498351,3.4,0,False
16514244,LA Rams vs. NY Giants,Terrance Ferguson,Terrance Ferguson (LAR),Joueur total de yards sur réception (Terrance Ferguson (LAR)) (prolongations incluses),2143,72898,1743962304,LAR|dst:player:498351,4537916449,75+,75+,LAR|dst:player:498351,4.5,0,False
16514244,LA Rams vs. NY Giants,Terrance Ferguson,Terrance Ferguson (LAR),Joueur total de yards sur réception (Terrance Ferguson (LAR)) (prolongations incluses),2143,72898,1743962304,LAR|dst:player:498351,4537916450,85+,85+,LAR|dst:player:498351,6.0,0,False
16514244,LA Rams vs. NY Giants,Terrance Ferguson,Terrance Ferguson (LAR),Joueur total de yards sur réception (Terrance Ferguson (LAR)) (prolongations incluses),2143,72898,1743962304,LAR|dst:player:498351,4537916451,95+,95+,LAR|dst:player:498351,8.5,0,False
16514244,LA Rams vs. NY Giants,Terrance Ferguson,Terrance Ferguson (LAR),Joueur total de yards sur réception (Terrance Ferguson (LAR)) (prolongations incluses),2143,72898,1743962304,LAR|dst:player:498351,4537916452,105+,105+,LAR|dst:player:498351,12.0,0,False
16514244,LA Rams vs. NY Giants,Terrance Ferguson,Terrance Ferguson (LAR),Joueur total de yards sur réception (Terrance Ferguson (LAR)) (prolongations incluses),2143,72898,1743962304,LAR|dst:player:498351,4537916454,25+,25+,LAR|dst:player:498351,1.4546,0,False
16514244,LA Rams vs. NY Giants,Terrance Ferguson,Terrance Ferguson (LAR),Joueur total de yards sur réception (Terrance Ferguson (LAR)) (prolongations incluses),2143,72898,1743962304,LAR|dst:player:498351,4537916445,35+,35+,LAR|dst:player:498351,1.8696,0,False
16514244,LA Rams vs. NY Giants,Terrance Ferguson,Terrance Ferguson (LAR),Joueur total de yards sur réception (Terrance Ferguson (LAR)) (prolongations incluses),2143,72898,1743962304,LAR|dst:player:498351,4537916446,45+,45+,LAR|dst:player:498351,2.2,0,False
16514244,LA Rams vs. NY Giants,Terrance Ferguson,Terrance Ferguson (LAR),Joueur total de yards sur réception (Terrance Ferguson (LAR)) (prolongations incluses),2143,72898,1743962304,LAR|dst:player:498351,4537916447,55+,55+,LAR|dst:player:498351,2.75,0,False
16514244,LA Rams vs. NY Giants,Malachi Fields,Malachi Fields (NYG),Joueur total de yards sur réception (Malachi Fields (NYG)) (prolongations incluses),2143,72898,1739636364,NYG|dst:player:546489,4525385472,97+,97+,NYG|dst:player:546489,17.0,0,False
16514244,LA Rams vs. NY Giants,Malachi Fields,Malachi Fields (NYG),Joueur total de yards sur réception (Malachi Fields (NYG)) (prolongations incluses),2143,72898,1739636364,NYG|dst:player:546489,4525385473,17+,17+,NYG|dst:player:546489,1.4546,0,False
16514244,LA Rams vs. NY Giants,Malachi Fields,Malachi Fields (NYG),Joueur total de yards sur réception (Malachi Fields (NYG)) (prolongations incluses),2143,72898,1739636364,NYG|dst:player:546489,4537776569,107+,107+,NYG|dst:player:546489,26.0,0,False
16514244,LA Rams vs. NY Giants,Malachi Fields,Malachi Fields (NYG),Joueur total de yards sur réception (Malachi Fields (NYG)) (prolongations incluses),2143,72898,1739636364,NYG|dst:player:546489,4525385465,27+,27+,NYG|dst:player:546489,2.0,0,False
16514244,LA Rams vs. NY Giants,Malachi Fields,Malachi Fields (NYG),Joueur total de yards sur réception (Malachi Fields (NYG)) (prolongations incluses),2143,72898,1739636364,NYG|dst:player:546489,4525385466,37+,37+,NYG|dst:player:546489,2.4,0,False
16514244,LA Rams vs. NY Giants,Malachi Fields,Malachi Fields (NYG),Joueur total de yards sur réception (Malachi Fields (NYG)) (prolongations incluses),2143,72898,1739636364,NYG|dst:player:546489,4525385467,47+,47+,NYG|dst:player:546489,3.0,0,False
16514244,LA Rams vs. NY Giants,Malachi Fields,Malachi Fields (NYG),Joueur total de yards sur réception (Malachi Fields (NYG)) (prolongations incluses),2143,72898,1739636364,NYG|dst:player:546489,4525385468,57+,57+,NYG|dst:player:546489,3.85,0,False
16514244,LA Rams vs. NY Giants,Malachi Fields,Malachi Fields (NYG),Joueur total de yards sur réception (Malachi Fields (NYG)) (prolongations incluses),2143,72898,1739636364,NYG|dst:player:546489,4525385469,67+,67+,NYG|dst:player:546489,5.25,0,False
16514244,LA Rams vs. NY Giants,Malachi Fields,Malachi Fields (NYG),Joueur total de yards sur réception (Malachi Fields (NYG)) (prolongations incluses),2143,72898,1739636364,NYG|dst:player:546489,4525385470,77+,77+,NYG|dst:player:546489,7.5,0,False
16514244,LA Rams vs. NY Giants,Malachi Fields,Malachi Fields (NYG),Joueur total de yards sur réception (Malachi Fields (NYG)) (prolongations incluses),2143,72898,1739636364,NYG|dst:player:546489,4525385471,87+,87+,NYG|dst:player:546489,11.0,0,False
16514244,LA Rams vs. NY Giants,Colby Parkinson,Colby Parkinson (LAR),Joueur total de yards sur réception (Colby Parkinson (LAR)) (prolongations incluses),2143,72898,1742757263,LAR|dst:player:409903,4537943328,19+,19+,LAR|dst:player:409903,1.4762,0,False
16514244,LA Rams vs. NY Giants,Colby Parkinson,Colby Parkinson (LAR),Joueur total de yards sur réception (Colby Parkinson (LAR)) (prolongations incluses),2143,72898,1742757263,LAR|dst:player:409903,4537943319,29+,29+,LAR|dst:player:409903,1.9091,0,False
16514244,LA Rams vs. NY Giants,Colby Parkinson,Colby Parkinson (LAR),Joueur total de yards sur réception (Colby Parkinson (LAR)) (prolongations incluses),2143,72898,1742757263,LAR|dst:player:409903,4537943320,39+,39+,LAR|dst:player:409903,2.25,0,False
16514244,LA Rams vs. NY Giants,Colby Parkinson,Colby Parkinson (LAR),Joueur total de yards sur réception (Colby Parkinson (LAR)) (prolongations incluses),2143,72898,1742757263,LAR|dst:player:409903,4537943321,49+,49+,LAR|dst:player:409903,2.75,0,False
16514244,LA Rams vs. NY Giants,Colby Parkinson,Colby Parkinson (LAR),Joueur total de yards sur réception (Colby Parkinson (LAR)) (prolongations incluses),2143,72898,1742757263,LAR|dst:player:409903,4537943322,59+,59+,LAR|dst:player:409903,3.5,0,False
16514244,LA Rams vs. NY Giants,Colby Parkinson,Colby Parkinson (LAR),Joueur total de yards sur réception (Colby Parkinson (LAR)) (prolongations incluses),2143,72898,1742757263,LAR|dst:player:409903,4537943323,69+,69+,LAR|dst:player:409903,4.5,0,False
16514244,LA Rams vs. NY Giants,Colby Parkinson,Colby Parkinson (LAR),Joueur total de yards sur réception (Colby Parkinson (LAR)) (prolongations incluses),2143,72898,1742757263,LAR|dst:player:409903,4537943324,79+,79+,LAR|dst:player:409903,6.0,0,False
16514244,LA Rams vs. NY Giants,Colby Parkinson,Colby Parkinson (LAR),Joueur total de yards sur réception (Colby Parkinson (LAR)) (prolongations incluses),2143,72898,1742757263,LAR|dst:player:409903,4537943325,89+,89+,LAR|dst:player:409903,8.5,0,False
16514244,LA Rams vs. NY Giants,Colby Parkinson,Colby Parkinson (LAR),Joueur total de yards sur réception (Colby Parkinson (LAR)) (prolongations incluses),2143,72898,1742757263,LAR|dst:player:409903,4537943326,99+,99+,LAR|dst:player:409903,12.0,0,False
16514244,LA Rams vs. NY Giants,Colby Parkinson,Colby Parkinson (LAR),Joueur total de yards sur réception (Colby Parkinson (LAR)) (prolongations incluses),2143,72898,1742757263,LAR|dst:player:409903,4537943327,109+,109+,LAR|dst:player:409903,17.0,0,False
16514244,LA Rams vs. NY Giants,Malik Nabers,Malik Nabers (NYG),Joueur total de yards sur réception (Malik Nabers (NYG)) (prolongations incluses),2143,72898,1735305456,NYG|dst:player:430013,4538792035,62+,62+,NYG|dst:player:430013,1.9091,0,False
16514244,LA Rams vs. NY Giants,Malik Nabers,Malik Nabers (NYG),Joueur total de yards sur réception (Malik Nabers (NYG)) (prolongations incluses),2143,72898,1735305456,NYG|dst:player:430013,4538792036,72+,72+,NYG|dst:player:430013,2.2,0,False
16514244,LA Rams vs. NY Giants,Malik Nabers,Malik Nabers (NYG),Joueur total de yards sur réception (Malik Nabers (NYG)) (prolongations incluses),2143,72898,1735305456,NYG|dst:player:430013,4538792037,82+,82+,NYG|dst:player:430013,2.55,0,False
16514244,LA Rams vs. NY Giants,Malik Nabers,Malik Nabers (NYG),Joueur total de yards sur réception (Malik Nabers (NYG)) (prolongations incluses),2143,72898,1735305456,NYG|dst:player:430013,4538792038,92+,92+,NYG|dst:player:430013,3.1,0,False
16514244,LA Rams vs. NY Giants,Malik Nabers,Malik Nabers (NYG),Joueur total de yards sur réception (Malik Nabers (NYG)) (prolongations incluses),2143,72898,1735305456,NYG|dst:player:430013,4538792040,112+,112+,NYG|dst:player:430013,4.75,0,False
16514244,LA Rams vs. NY Giants,Malik Nabers,Malik Nabers (NYG),Joueur total de yards sur réception (Malik Nabers (NYG)) (prolongations incluses),2143,72898,1735305456,NYG|dst:player:430013,4538792041,122+,122+,NYG|dst:player:430013,6.0,0,False
16514244,LA Rams vs. NY Giants,Malik Nabers,Malik Nabers (NYG),Joueur total de yards sur réception (Malik Nabers (NYG)) (prolongations incluses),2143,72898,1735305456,NYG|dst:player:430013,4538792042,132+,132+,NYG|dst:player:430013,7.75,0,False
16514244,LA Rams vs. NY Giants,Malik Nabers,Malik Nabers (NYG),Joueur total de yards sur réception (Malik Nabers (NYG)) (prolongations incluses),2143,72898,1735305456,NYG|dst:player:430013,4538792043,142+,142+,NYG|dst:player:430013,11.0,0,False
16514244,LA Rams vs. NY Giants,Malik Nabers,Malik Nabers (NYG),Joueur total de yards sur réception (Malik Nabers (NYG)) (prolongations incluses),2143,72898,1735305456,NYG|dst:player:430013,4538792044,52+,52+,NYG|dst:player:430013,1.5264,0,False
16514244,LA Rams vs. NY Giants,Tyler Higbee,Tyler Higbee (LAR),Joueur total de yards sur réception (Tyler Higbee (LAR)) (prolongations incluses),2143,72898,1743963082,LAR|dst:player:145449,4538338283,14+,14+,LAR|dst:player:145449,1.8334,0,False
16514244,LA Rams vs. NY Giants,Tyler Higbee,Tyler Higbee (LAR),Joueur total de yards sur réception (Tyler Higbee (LAR)) (prolongations incluses),2143,72898,1743963082,LAR|dst:player:145449,4538338284,24+,24+,LAR|dst:player:145449,2.25,0,False
16514244,LA Rams vs. NY Giants,Tyler Higbee,Tyler Higbee (LAR),Joueur total de yards sur réception (Tyler Higbee (LAR)) (prolongations incluses),2143,72898,1743963082,LAR|dst:player:145449,4538338285,34+,34+,LAR|dst:player:145449,2.8,0,False
16514244,LA Rams vs. NY Giants,Tyler Higbee,Tyler Higbee (LAR),Joueur total de yards sur réception (Tyler Higbee (LAR)) (prolongations incluses),2143,72898,1743963082,LAR|dst:player:145449,4538338286,44+,44+,LAR|dst:player:145449,3.6,0,False
16514244,LA Rams vs. NY Giants,Tyler Higbee,Tyler Higbee (LAR),Joueur total de yards sur réception (Tyler Higbee (LAR)) (prolongations incluses),2143,72898,1743963082,LAR|dst:player:145449,4538338287,54+,54+,LAR|dst:player:145449,4.75,0,False
16514244,LA Rams vs. NY Giants,Tyler Higbee,Tyler Higbee (LAR),Joueur total de yards sur réception (Tyler Higbee (LAR)) (prolongations incluses),2143,72898,1743963082,LAR|dst:player:145449,4538338288,64+,64+,LAR|dst:player:145449,6.75,0,False
16514244,LA Rams vs. NY Giants,Tyler Higbee,Tyler Higbee (LAR),Joueur total de yards sur réception (Tyler Higbee (LAR)) (prolongations incluses),2143,72898,1743963082,LAR|dst:player:145449,4538338289,74+,74+,LAR|dst:player:145449,10.0,0,False
16514244,LA Rams vs. NY Giants,Tyler Higbee,Tyler Higbee (LAR),Joueur total de yards sur réception (Tyler Higbee (LAR)) (prolongations incluses),2143,72898,1743963082,LAR|dst:player:145449,4538338290,84+,84+,LAR|dst:player:145449,15.0,0,False
16514244,LA Rams vs. NY Giants,Tyler Higbee,Tyler Higbee (LAR),Joueur total de yards sur réception (Tyler Higbee (LAR)) (prolongations incluses),2143,72898,1743963082,LAR|dst:player:145449,4538338291,94+,94+,LAR|dst:player:145449,21.0,0,False
16514244,LA Rams vs. NY Giants,Kyren Williams,Kyren Williams (LAR),Joueur total de yards sur réception (Kyren Williams (LAR)) (prolongations incluses),2143,72898,1739635844,LAR|dst:player:309275,4537993217,96+,96+,LAR|dst:player:309275,21.0,0,False
16514244,LA Rams vs. NY Giants,Kyren Williams,Kyren Williams (LAR),Joueur total de yards sur réception (Kyren Williams (LAR)) (prolongations incluses),2143,72898,1739635844,LAR|dst:player:309275,4535622438,16+,16+,LAR|dst:player:309275,1.8334,0,False
16514244,LA Rams vs. NY Giants,Kyren Williams,Kyren Williams (LAR),Joueur total de yards sur réception (Kyren Williams (LAR)) (prolongations incluses),2143,72898,1739635844,LAR|dst:player:309275,4535622439,26+,26+,LAR|dst:player:309275,2.25,0,False
16514244,LA Rams vs. NY Giants,Kyren Williams,Kyren Williams (LAR),Joueur total de yards sur réception (Kyren Williams (LAR)) (prolongations incluses),2143,72898,1739635844,LAR|dst:player:309275,4535622440,36+,36+,LAR|dst:player:309275,2.8,0,False
16514244,LA Rams vs. NY Giants,Kyren Williams,Kyren Williams (LAR),Joueur total de yards sur réception (Kyren Williams (LAR)) (prolongations incluses),2143,72898,1739635844,LAR|dst:player:309275,4535622441,46+,46+,LAR|dst:player:309275,3.6,0,False
16514244,LA Rams vs. NY Giants,Kyren Williams,Kyren Williams (LAR),Joueur total de yards sur réception (Kyren Williams (LAR)) (prolongations incluses),2143,72898,1739635844,LAR|dst:player:309275,4535622442,56+,56+,LAR|dst:player:309275,4.75,0,False
16514244,LA Rams vs. NY Giants,Kyren Williams,Kyren Williams (LAR),Joueur total de yards sur réception (Kyren Williams (LAR)) (prolongations incluses),2143,72898,1739635844,LAR|dst:player:309275,4535622443,66+,66+,LAR|dst:player:309275,6.75,0,False
16514244,LA Rams vs. NY Giants,Kyren Williams,Kyren Williams (LAR),Joueur total de yards sur réception (Kyren Williams (LAR)) (prolongations incluses),2143,72898,1739635844,LAR|dst:player:309275,4535622444,76+,76+,LAR|dst:player:309275,10.0,0,False
16514244,LA Rams vs. NY Giants,Kyren Williams,Kyren Williams (LAR),Joueur total de yards sur réception (Kyren Williams (LAR)) (prolongations incluses),2143,72898,1739635844,LAR|dst:player:309275,4535622445,86+,86+,LAR|dst:player:309275,15.0,0,False
16514244,LA Rams vs. NY Giants,Xavier Smith,Xavier Smith (LAR),Joueur total de yards sur réception (Xavier Smith (LAR)) (prolongations incluses),2143,72898,1744041216,LAR|dst:player:373847,4538358114,14+,14+,LAR|dst:player:373847,1.8334,0,False
16514244,LA Rams vs. NY Giants,Xavier Smith,Xavier Smith (LAR),Joueur total de yards sur réception (Xavier Smith (LAR)) (prolongations incluses),2143,72898,1744041216,LAR|dst:player:373847,4538358115,24+,24+,LAR|dst:player:373847,2.2,0,False
16514244,LA Rams vs. NY Giants,Xavier Smith,Xavier Smith (LAR),Joueur total de yards sur réception (Xavier Smith (LAR)) (prolongations incluses),2143,72898,1744041216,LAR|dst:player:373847,4538358116,34+,34+,LAR|dst:player:373847,2.65,0,False
16514244,LA Rams vs. NY Giants,Xavier Smith,Xavier Smith (LAR),Joueur total de yards sur réception (Xavier Smith (LAR)) (prolongations incluses),2143,72898,1744041216,LAR|dst:player:373847,4538358117,44+,44+,LAR|dst:player:373847,3.3,0,False
16514244,LA Rams vs. NY Giants,Xavier Smith,Xavier Smith (LAR),Joueur total de yards sur réception (Xavier Smith (LAR)) (prolongations incluses),2143,72898,1744041216,LAR|dst:player:373847,4538358118,54+,54+,LAR|dst:player:373847,4.25,0,False
16514244,LA Rams vs. NY Giants,Xavier Smith,Xavier Smith (LAR),Joueur total de yards sur réception (Xavier Smith (LAR)) (prolongations incluses),2143,72898,1744041216,LAR|dst:player:373847,4538358119,64+,64+,LAR|dst:player:373847,5.5,0,False
16514244,LA Rams vs. NY Giants,Xavier Smith,Xavier Smith (LAR),Joueur total de yards sur réception (Xavier Smith (LAR)) (prolongations incluses),2143,72898,1744041216,LAR|dst:player:373847,4538358120,74+,74+,LAR|dst:player:373847,7.5,0,False
16514244,LA Rams vs. NY Giants,Xavier Smith,Xavier Smith (LAR),Joueur total de yards sur réception (Xavier Smith (LAR)) (prolongations incluses),2143,72898,1744041216,LAR|dst:player:373847,4538358121,84+,84+,LAR|dst:player:373847,11.0,0,False
16514244,LA Rams vs. NY Giants,Xavier Smith,Xavier Smith (LAR),Joueur total de yards sur réception (Xavier Smith (LAR)) (prolongations incluses),2143,72898,1744041216,LAR|dst:player:373847,4538358122,94+,94+,LAR|dst:player:373847,15.0,0,False
16514244,LA Rams vs. NY Giants,Konata Mumpfield,Konata Mumpfield (LAR),Joueur total de yards sur réception (Konata Mumpfield (LAR)) (prolongations incluses),2143,72898,1743964611,LAR|dst:player:484924,4537922624,25+,25+,LAR|dst:player:484924,2.2,0,False
16514244,LA Rams vs. NY Giants,Konata Mumpfield,Konata Mumpfield (LAR),Joueur total de yards sur réception (Konata Mumpfield (LAR)) (prolongations incluses),2143,72898,1743964611,LAR|dst:player:484924,4537922625,35+,35+,LAR|dst:player:484924,2.7,0,False
16514244,LA Rams vs. NY Giants,Konata Mumpfield,Konata Mumpfield (LAR),Joueur total de yards sur réception (Konata Mumpfield (LAR)) (prolongations incluses),2143,72898,1743964611,LAR|dst:player:484924,4537922626,45+,45+,LAR|dst:player:484924,3.3,0,False
16514244,LA Rams vs. NY Giants,Konata Mumpfield,Konata Mumpfield (LAR),Joueur total de yards sur réception (Konata Mumpfield (LAR)) (prolongations incluses),2143,72898,1743964611,LAR|dst:player:484924,4537922627,55+,55+,LAR|dst:player:484924,4.3,0,False
16514244,LA Rams vs. NY Giants,Konata Mumpfield,Konata Mumpfield (LAR),Joueur total de yards sur réception (Konata Mumpfield (LAR)) (prolongations incluses),2143,72898,1743964611,LAR|dst:player:484924,4537922628,65+,65+,LAR|dst:player:484924,5.75,0,False
16514244,LA Rams vs. NY Giants,Konata Mumpfield,Konata Mumpfield (LAR),Joueur total de yards sur réception (Konata Mumpfield (LAR)) (prolongations incluses),2143,72898,1743964611,LAR|dst:player:484924,4537922629,75+,75+,LAR|dst:player:484924,7.75,0,False
16514244,LA Rams vs. NY Giants,Konata Mumpfield,Konata Mumpfield (LAR),Joueur total de yards sur réception (Konata Mumpfield (LAR)) (prolongations incluses),2143,72898,1743964611,LAR|dst:player:484924,4537922630,85+,85+,LAR|dst:player:484924,11.0,0,False
16514244,LA Rams vs. NY Giants,Konata Mumpfield,Konata Mumpfield (LAR),Joueur total de yards sur réception (Konata Mumpfield (LAR)) (prolongations incluses),2143,72898,1743964611,LAR|dst:player:484924,4537950217,95+,95+,LAR|dst:player:484924,16.0,0,False
16514244,LA Rams vs. NY Giants,Konata Mumpfield,Konata Mumpfield (LAR),Joueur total de yards sur réception (Konata Mumpfield (LAR)) (prolongations incluses),2143,72898,1743964611,LAR|dst:player:484924,4537922623,15+,15+,LAR|dst:player:484924,1.8334,0,False
16514244,LA Rams vs. NY Giants,Cameron Skattebo,Cameron Skattebo (NYG),Joueur total de yards sur réception (Cameron Skattebo (NYG)) (prolongations incluses),2143,72898,1739636043,NYG|dst:player:492573,4525384652,12+,12+,NYG|dst:player:492573,1.9091,0,False
16514244,LA Rams vs. NY Giants,Cameron Skattebo,Cameron Skattebo (NYG),Joueur total de yards sur réception (Cameron Skattebo (NYG)) (prolongations incluses),2143,72898,1739636043,NYG|dst:player:492573,4525384653,22+,22+,NYG|dst:player:492573,2.35,0,False
16514244,LA Rams vs. NY Giants,Cameron Skattebo,Cameron Skattebo (NYG),Joueur total de yards sur réception (Cameron Skattebo (NYG)) (prolongations incluses),2143,72898,1739636043,NYG|dst:player:492573,4525384654,32+,32+,NYG|dst:player:492573,3.1,0,False
16514244,LA Rams vs. NY Giants,Cameron Skattebo,Cameron Skattebo (NYG),Joueur total de yards sur réception (Cameron Skattebo (NYG)) (prolongations incluses),2143,72898,1739636043,NYG|dst:player:492573,4525384655,42+,42+,NYG|dst:player:492573,4.3,0,False
16514244,LA Rams vs. NY Giants,Cameron Skattebo,Cameron Skattebo (NYG),Joueur total de yards sur réception (Cameron Skattebo (NYG)) (prolongations incluses),2143,72898,1739636043,NYG|dst:player:492573,4525384656,52+,52+,NYG|dst:player:492573,6.25,0,False
16514244,LA Rams vs. NY Giants,Cameron Skattebo,Cameron Skattebo (NYG),Joueur total de yards sur réception (Cameron Skattebo (NYG)) (prolongations incluses),2143,72898,1739636043,NYG|dst:player:492573,4525384657,62+,62+,NYG|dst:player:492573,9.0,0,False
16514244,LA Rams vs. NY Giants,Cameron Skattebo,Cameron Skattebo (NYG),Joueur total de yards sur réception (Cameron Skattebo (NYG)) (prolongations incluses),2143,72898,1739636043,NYG|dst:player:492573,4525384658,72+,72+,NYG|dst:player:492573,15.0,0,False
16514244,LA Rams vs. NY Giants,Cameron Skattebo,Cameron Skattebo (NYG),Joueur total de yards sur réception (Cameron Skattebo (NYG)) (prolongations incluses),2143,72898,1739636043,NYG|dst:player:492573,4525384659,82+,82+,NYG|dst:player:492573,26.0,0,False
16514244,LA Rams vs. NY Giants,Cameron Skattebo,Cameron Skattebo (NYG),Joueur total de yards sur réception (Cameron Skattebo (NYG)) (prolongations incluses),2143,72898,1739636043,NYG|dst:player:492573,4537578256,92+,92+,NYG|dst:player:492573,41.0,0,False
16514244,LA Rams vs. NY Giants,Odell Beckham Jr.,Odell Beckham Jr. (NYG),Joueur total de yards sur réception (Odell Beckham Jr. (NYG)) (prolongations incluses),2143,72898,1740739791,NYG|dst:player:125200,4538783572,15+,15+,NYG|dst:player:125200,2.3,0,False
16514244,LA Rams vs. NY Giants,Odell Beckham Jr.,Odell Beckham Jr. (NYG),Joueur total de yards sur réception (Odell Beckham Jr. (NYG)) (prolongations incluses),2143,72898,1740739791,NYG|dst:player:125200,4538783573,25+,25+,NYG|dst:player:125200,2.9,0,False
16514244,LA Rams vs. NY Giants,Odell Beckham Jr.,Odell Beckham Jr. (NYG),Joueur total de yards sur réception (Odell Beckham Jr. (NYG)) (prolongations incluses),2143,72898,1740739791,NYG|dst:player:125200,4538783574,35+,35+,NYG|dst:player:125200,3.85,0,False
16514244,LA Rams vs. NY Giants,Odell Beckham Jr.,Odell Beckham Jr. (NYG),Joueur total de yards sur réception (Odell Beckham Jr. (NYG)) (prolongations incluses),2143,72898,1740739791,NYG|dst:player:125200,4538783575,45+,45+,NYG|dst:player:125200,5.0,0,False
16514244,LA Rams vs. NY Giants,Odell Beckham Jr.,Odell Beckham Jr. (NYG),Joueur total de yards sur réception (Odell Beckham Jr. (NYG)) (prolongations incluses),2143,72898,1740739791,NYG|dst:player:125200,4538783576,55+,55+,NYG|dst:player:125200,7.0,0,False
16514244,LA Rams vs. NY Giants,Odell Beckham Jr.,Odell Beckham Jr. (NYG),Joueur total de yards sur réception (Odell Beckham Jr. (NYG)) (prolongations incluses),2143,72898,1740739791,NYG|dst:player:125200,4538783577,65+,65+,NYG|dst:player:125200,11.0,0,False
16514244,LA Rams vs. NY Giants,Odell Beckham Jr.,Odell Beckham Jr. (NYG),Joueur total de yards sur réception (Odell Beckham Jr. (NYG)) (prolongations incluses),2143,72898,1740739791,NYG|dst:player:125200,4538783578,75+,75+,NYG|dst:player:125200,16.0,0,False
16514244,LA Rams vs. NY Giants,Odell Beckham Jr.,Odell Beckham Jr. (NYG),Joueur total de yards sur réception (Odell Beckham Jr. (NYG)) (prolongations incluses),2143,72898,1740739791,NYG|dst:player:125200,4538783579,85+,85+,NYG|dst:player:125200,26.0,0,False
16514244,LA Rams vs. NY Giants,Blake Corum,Blake Corum (LAR),Joueur total de yards sur réception (Blake Corum (LAR)) (prolongations incluses),2143,72898,1743963085,LAR|dst:player:430261,4537918742,14+,14+,LAR|dst:player:430261,2.35,0,False
16514244,LA Rams vs. NY Giants,Blake Corum,Blake Corum (LAR),Joueur total de yards sur réception (Blake Corum (LAR)) (prolongations incluses),2143,72898,1743963085,LAR|dst:player:430261,4537918743,24+,24+,LAR|dst:player:430261,2.95,0,False
16514244,LA Rams vs. NY Giants,Blake Corum,Blake Corum (LAR),Joueur total de yards sur réception (Blake Corum (LAR)) (prolongations incluses),2143,72898,1743963085,LAR|dst:player:430261,4537918744,34+,34+,LAR|dst:player:430261,3.85,0,False
16514244,LA Rams vs. NY Giants,Blake Corum,Blake Corum (LAR),Joueur total de yards sur réception (Blake Corum (LAR)) (prolongations incluses),2143,72898,1743963085,LAR|dst:player:430261,4537918745,44+,44+,LAR|dst:player:430261,5.0,0,False
16514244,LA Rams vs. NY Giants,Blake Corum,Blake Corum (LAR),Joueur total de yards sur réception (Blake Corum (LAR)) (prolongations incluses),2143,72898,1743963085,LAR|dst:player:430261,4537918746,54+,54+,LAR|dst:player:430261,7.25,0,False
16514244,LA Rams vs. NY Giants,Blake Corum,Blake Corum (LAR),Joueur total de yards sur réception (Blake Corum (LAR)) (prolongations incluses),2143,72898,1743963085,LAR|dst:player:430261,4537918747,64+,64+,LAR|dst:player:430261,11.0,0,False
16514244,LA Rams vs. NY Giants,Blake Corum,Blake Corum (LAR),Joueur total de yards sur réception (Blake Corum (LAR)) (prolongations incluses),2143,72898,1743963085,LAR|dst:player:430261,4537918748,74+,74+,LAR|dst:player:430261,16.0,0,False
16514244,LA Rams vs. NY Giants,Blake Corum,Blake Corum (LAR),Joueur total de yards sur réception (Blake Corum (LAR)) (prolongations incluses),2143,72898,1743963085,LAR|dst:player:430261,4537918749,84+,84+,LAR|dst:player:430261,26.0,0,False
16514244,LA Rams vs. NY Giants,Devin Singletary,Devin Singletary (NYG),Joueur total de yards sur réception (Devin Singletary (NYG)) (prolongations incluses),2143,72898,1743962843,NYG|dst:player:409911,4538360705,17+,17+,NYG|dst:player:409911,2.35,0,False
16514244,LA Rams vs. NY Giants,Devin Singletary,Devin Singletary (NYG),Joueur total de yards sur réception (Devin Singletary (NYG)) (prolongations incluses),2143,72898,1743962843,NYG|dst:player:409911,4538360706,27+,27+,NYG|dst:player:409911,3.0,0,False
16514244,LA Rams vs. NY Giants,Devin Singletary,Devin Singletary (NYG),Joueur total de yards sur réception (Devin Singletary (NYG)) (prolongations incluses),2143,72898,1743962843,NYG|dst:player:409911,4538360707,37+,37+,NYG|dst:player:409911,4.25,0,False
16514244,LA Rams vs. NY Giants,Devin Singletary,Devin Singletary (NYG),Joueur total de yards sur réception (Devin Singletary (NYG)) (prolongations incluses),2143,72898,1743962843,NYG|dst:player:409911,4538360708,47+,47+,NYG|dst:player:409911,6.0,0,False
16514244,LA Rams vs. NY Giants,Devin Singletary,Devin Singletary (NYG),Joueur total de yards sur réception (Devin Singletary (NYG)) (prolongations incluses),2143,72898,1743962843,NYG|dst:player:409911,4538360709,57+,57+,NYG|dst:player:409911,9.0,0,False
16514244,LA Rams vs. NY Giants,Devin Singletary,Devin Singletary (NYG),Joueur total de yards sur réception (Devin Singletary (NYG)) (prolongations incluses),2143,72898,1743962843,NYG|dst:player:409911,4538360710,67+,67+,NYG|dst:player:409911,15.0,0,False
16514244,LA Rams vs. NY Giants,Devin Singletary,Devin Singletary (NYG),Joueur total de yards sur réception (Devin Singletary (NYG)) (prolongations incluses),2143,72898,1743962843,NYG|dst:player:409911,4538360711,77+,77+,NYG|dst:player:409911,26.0,0,False
16514244,LA Rams vs. NY Giants,Devin Singletary,Devin Singletary (NYG),Joueur total de yards sur réception (Devin Singletary (NYG)) (prolongations incluses),2143,72898,1743962843,NYG|dst:player:409911,4538361233,87+,87+,NYG|dst:player:409911,41.0,0,False
16514244,LA Rams vs. NY Giants,Theo Johnson,Theo Johnson (NYG),Joueur total de yards sur réception (Theo Johnson (NYG)) (prolongations incluses),2143,72898,1743963083,NYG|dst:player:430841,4537918729,19+,19+,NYG|dst:player:430841,2.35,0,False
16514244,LA Rams vs. NY Giants,Theo Johnson,Theo Johnson (NYG),Joueur total de yards sur réception (Theo Johnson (NYG)) (prolongations incluses),2143,72898,1743963083,NYG|dst:player:430841,4537918730,29+,29+,NYG|dst:player:430841,3.1,0,False
16514244,LA Rams vs. NY Giants,Theo Johnson,Theo Johnson (NYG),Joueur total de yards sur réception (Theo Johnson (NYG)) (prolongations incluses),2143,72898,1743963083,NYG|dst:player:430841,4537918731,39+,39+,NYG|dst:player:430841,4.25,0,False
16514244,LA Rams vs. NY Giants,Theo Johnson,Theo Johnson (NYG),Joueur total de yards sur réception (Theo Johnson (NYG)) (prolongations incluses),2143,72898,1743963083,NYG|dst:player:430841,4537918732,49+,49+,NYG|dst:player:430841,6.0,0,False
16514244,LA Rams vs. NY Giants,Theo Johnson,Theo Johnson (NYG),Joueur total de yards sur réception (Theo Johnson (NYG)) (prolongations incluses),2143,72898,1743963083,NYG|dst:player:430841,4537918733,59+,59+,NYG|dst:player:430841,9.0,0,False
16514244,LA Rams vs. NY Giants,Theo Johnson,Theo Johnson (NYG),Joueur total de yards sur réception (Theo Johnson (NYG)) (prolongations incluses),2143,72898,1743963083,NYG|dst:player:430841,4537918734,69+,69+,NYG|dst:player:430841,14.0,0,False
16514244,LA Rams vs. NY Giants,Theo Johnson,Theo Johnson (NYG),Joueur total de yards sur réception (Theo Johnson (NYG)) (prolongations incluses),2143,72898,1743963083,NYG|dst:player:430841,4537918735,79+,79+,NYG|dst:player:430841,26.0,0,False
16514244,LA Rams vs. NY Giants,Theo Johnson,Theo Johnson (NYG),Joueur total de yards sur réception (Theo Johnson (NYG)) (prolongations incluses),2143,72898,1743963083,NYG|dst:player:430841,4537918736,89+,89+,NYG|dst:player:430841,41.0,0,False
16514244,LA Rams vs. NY Giants,Jaxson Dart,Jaxson Dart (NYG),Joueur total de yards par la course (Jaxson Dart (NYG)) (prolongations incluses),2140,72895,1735301403,NYG|dst:player:489891,4538366883,35+,35+,NYG|dst:player:489891,1.8334,0,False
16514244,LA Rams vs. NY Giants,Jaxson Dart,Jaxson Dart (NYG),Joueur total de yards par la course (Jaxson Dart (NYG)) (prolongations incluses),2140,72895,1735301403,NYG|dst:player:489891,4538366884,45+,45+,NYG|dst:player:489891,2.3,0,False
16514244,LA Rams vs. NY Giants,Jaxson Dart,Jaxson Dart (NYG),Joueur total de yards par la course (Jaxson Dart (NYG)) (prolongations incluses),2140,72895,1735301403,NYG|dst:player:489891,4538366885,55+,55+,NYG|dst:player:489891,3.0,0,False
16514244,LA Rams vs. NY Giants,Jaxson Dart,Jaxson Dart (NYG),Joueur total de yards par la course (Jaxson Dart (NYG)) (prolongations incluses),2140,72895,1735301403,NYG|dst:player:489891,4538366886,65+,65+,NYG|dst:player:489891,4.25,0,False
16514244,LA Rams vs. NY Giants,Jaxson Dart,Jaxson Dart (NYG),Joueur total de yards par la course (Jaxson Dart (NYG)) (prolongations incluses),2140,72895,1735301403,NYG|dst:player:489891,4538366887,75+,75+,NYG|dst:player:489891,6.0,0,False
16514244,LA Rams vs. NY Giants,Jaxson Dart,Jaxson Dart (NYG),Joueur total de yards par la course (Jaxson Dart (NYG)) (prolongations incluses),2140,72895,1735301403,NYG|dst:player:489891,4538366888,85+,85+,NYG|dst:player:489891,9.0,0,False
16514244,LA Rams vs. NY Giants,Jaxson Dart,Jaxson Dart (NYG),Joueur total de yards par la course (Jaxson Dart (NYG)) (prolongations incluses),2140,72895,1735301403,NYG|dst:player:489891,4538366889,95+,95+,NYG|dst:player:489891,15.0,0,False
16514244,LA Rams vs. NY Giants,Jaxson Dart,Jaxson Dart (NYG),Joueur total de yards par la course (Jaxson Dart (NYG)) (prolongations incluses),2140,72895,1735301403,NYG|dst:player:489891,4538366890,105+,105+,NYG|dst:player:489891,26.0,0,False
16514244,LA Rams vs. NY Giants,Jaxson Dart,Jaxson Dart (NYG),Joueur total de yards par la course (Jaxson Dart (NYG)) (prolongations incluses),2140,72895,1735301403,NYG|dst:player:489891,4538366892,25+,25+,NYG|dst:player:489891,1.4,0,False
16514244,LA Rams vs. NY Giants,Jaxson Dart,Jaxson Dart (NYG),Joueur total de yards par la course (Jaxson Dart (NYG)) (prolongations incluses),2140,72895,1735301403,NYG|dst:player:489891,4538366893,15+,15+,NYG|dst:player:489891,1.1667,0,False
16514244,LA Rams vs. NY Giants,Kyren Williams,Kyren Williams (LAR),Joueur total de yards par la course (Kyren Williams (LAR)) (prolongations incluses),2140,72895,1735301406,LAR|dst:player:309275,4530362727,64+,64+,LAR|dst:player:309275,1.8696,0,False
16514244,LA Rams vs. NY Giants,Kyren Williams,Kyren Williams (LAR),Joueur total de yards par la course (Kyren Williams (LAR)) (prolongations incluses),2140,72895,1735301406,LAR|dst:player:309275,4530362728,74+,74+,LAR|dst:player:309275,2.3,0,False
16514244,LA Rams vs. NY Giants,Kyren Williams,Kyren Williams (LAR),Joueur total de yards par la course (Kyren Williams (LAR)) (prolongations incluses),2140,72895,1735301406,LAR|dst:player:309275,4530362729,84+,84+,LAR|dst:player:309275,2.85,0,False
16514244,LA Rams vs. NY Giants,Kyren Williams,Kyren Williams (LAR),Joueur total de yards par la course (Kyren Williams (LAR)) (prolongations incluses),2140,72895,1735301406,LAR|dst:player:309275,4530362730,94+,94+,LAR|dst:player:309275,3.75,0,False
16514244,LA Rams vs. NY Giants,Kyren Williams,Kyren Williams (LAR),Joueur total de yards par la course (Kyren Williams (LAR)) (prolongations incluses),2140,72895,1735301406,LAR|dst:player:309275,4530362731,104+,104+,LAR|dst:player:309275,5.0,0,False
16514244,LA Rams vs. NY Giants,Kyren Williams,Kyren Williams (LAR),Joueur total de yards par la course (Kyren Williams (LAR)) (prolongations incluses),2140,72895,1735301406,LAR|dst:player:309275,4530362732,114+,114+,LAR|dst:player:309275,7.0,0,False
16514244,LA Rams vs. NY Giants,Kyren Williams,Kyren Williams (LAR),Joueur total de yards par la course (Kyren Williams (LAR)) (prolongations incluses),2140,72895,1735301406,LAR|dst:player:309275,4530362733,124+,124+,LAR|dst:player:309275,11.0,0,False
16514244,LA Rams vs. NY Giants,Kyren Williams,Kyren Williams (LAR),Joueur total de yards par la course (Kyren Williams (LAR)) (prolongations incluses),2140,72895,1735301406,LAR|dst:player:309275,4530362734,134+,134+,LAR|dst:player:309275,16.0,0,False
16514244,LA Rams vs. NY Giants,Kyren Williams,Kyren Williams (LAR),Joueur total de yards par la course (Kyren Williams (LAR)) (prolongations incluses),2140,72895,1735301406,LAR|dst:player:309275,4530362735,144+,144+,LAR|dst:player:309275,26.0,0,False
16514244,LA Rams vs. NY Giants,Kyren Williams,Kyren Williams (LAR),Joueur total de yards par la course (Kyren Williams (LAR)) (prolongations incluses),2140,72895,1735301406,LAR|dst:player:309275,4530362736,54+,54+,LAR|dst:player:309275,1.4762,0,False
16514244,LA Rams vs. NY Giants,Kyren Williams,Kyren Williams (LAR),Joueur total de yards par la course (Kyren Williams (LAR)) (prolongations incluses),2140,72895,1735301406,LAR|dst:player:309275,4530362737,44+,44+,LAR|dst:player:309275,1.2353,0,False
16514244,LA Rams vs. NY Giants,Blake Corum,Blake Corum (LAR),Joueur total de yards par la course (Blake Corum (LAR)) (prolongations incluses),2140,72895,1735301404,LAR|dst:player:430261,4530278315,48+,48+,LAR|dst:player:430261,1.8696,0,False
16514244,LA Rams vs. NY Giants,Blake Corum,Blake Corum (LAR),Joueur total de yards par la course (Blake Corum (LAR)) (prolongations incluses),2140,72895,1735301404,LAR|dst:player:430261,4530278316,58+,58+,LAR|dst:player:430261,2.25,0,False
16514244,LA Rams vs. NY Giants,Blake Corum,Blake Corum (LAR),Joueur total de yards par la course (Blake Corum (LAR)) (prolongations incluses),2140,72895,1735301404,LAR|dst:player:430261,4530278317,68+,68+,LAR|dst:player:430261,2.8,0,False
16514244,LA Rams vs. NY Giants,Blake Corum,Blake Corum (LAR),Joueur total de yards par la course (Blake Corum (LAR)) (prolongations incluses),2140,72895,1735301404,LAR|dst:player:430261,4530278318,78+,78+,LAR|dst:player:430261,3.75,0,False
16514244,LA Rams vs. NY Giants,Blake Corum,Blake Corum (LAR),Joueur total de yards par la course (Blake Corum (LAR)) (prolongations incluses),2140,72895,1735301404,LAR|dst:player:430261,4530278319,88+,88+,LAR|dst:player:430261,5.0,0,False
16514244,LA Rams vs. NY Giants,Blake Corum,Blake Corum (LAR),Joueur total de yards par la course (Blake Corum (LAR)) (prolongations incluses),2140,72895,1735301404,LAR|dst:player:430261,4530278320,98+,98+,LAR|dst:player:430261,6.75,0,False
16514244,LA Rams vs. NY Giants,Blake Corum,Blake Corum (LAR),Joueur total de yards par la course (Blake Corum (LAR)) (prolongations incluses),2140,72895,1735301404,LAR|dst:player:430261,4530278321,108+,108+,LAR|dst:player:430261,10.0,0,False
16514244,LA Rams vs. NY Giants,Blake Corum,Blake Corum (LAR),Joueur total de yards par la course (Blake Corum (LAR)) (prolongations incluses),2140,72895,1735301404,LAR|dst:player:430261,4530278322,118+,118+,LAR|dst:player:430261,15.0,0,False
16514244,LA Rams vs. NY Giants,Blake Corum,Blake Corum (LAR),Joueur total de yards par la course (Blake Corum (LAR)) (prolongations incluses),2140,72895,1735301404,LAR|dst:player:430261,4530278323,128+,128+,LAR|dst:player:430261,21.0,0,False
16514244,LA Rams vs. NY Giants,Blake Corum,Blake Corum (LAR),Joueur total de yards par la course (Blake Corum (LAR)) (prolongations incluses),2140,72895,1735301404,LAR|dst:player:430261,4530278324,38+,38+,LAR|dst:player:430261,1.4546,0,False
16514244,LA Rams vs. NY Giants,Blake Corum,Blake Corum (LAR),Joueur total de yards par la course (Blake Corum (LAR)) (prolongations incluses),2140,72895,1735301404,LAR|dst:player:430261,4530278325,28+,28+,LAR|dst:player:430261,1.2353,0,False
16514244,LA Rams vs. NY Giants,Cameron Skattebo,Cameron Skattebo (NYG),Joueur total de yards par la course (Cameron Skattebo (NYG)) (prolongations incluses),2140,72895,1735301405,NYG|dst:player:492573,4538727392,84+,84+,NYG|dst:player:492573,3.85,0,False
16514244,LA Rams vs. NY Giants,Cameron Skattebo,Cameron Skattebo (NYG),Joueur total de yards par la course (Cameron Skattebo (NYG)) (prolongations incluses),2140,72895,1735301405,NYG|dst:player:492573,4538727393,94+,94+,NYG|dst:player:492573,5.0,0,False
16514244,LA Rams vs. NY Giants,Cameron Skattebo,Cameron Skattebo (NYG),Joueur total de yards par la course (Cameron Skattebo (NYG)) (prolongations incluses),2140,72895,1735301405,NYG|dst:player:492573,4538727394,104+,104+,NYG|dst:player:492573,7.25,0,False
16514244,LA Rams vs. NY Giants,Cameron Skattebo,Cameron Skattebo (NYG),Joueur total de yards par la course (Cameron Skattebo (NYG)) (prolongations incluses),2140,72895,1735301405,NYG|dst:player:492573,4538727395,114+,114+,NYG|dst:player:492573,11.0,0,False
16514244,LA Rams vs. NY Giants,Cameron Skattebo,Cameron Skattebo (NYG),Joueur total de yards par la course (Cameron Skattebo (NYG)) (prolongations incluses),2140,72895,1735301405,NYG|dst:player:492573,4538727396,124+,124+,NYG|dst:player:492573,16.0,0,False
16514244,LA Rams vs. NY Giants,Cameron Skattebo,Cameron Skattebo (NYG),Joueur total de yards par la course (Cameron Skattebo (NYG)) (prolongations incluses),2140,72895,1735301405,NYG|dst:player:492573,4538727397,134+,134+,NYG|dst:player:492573,26.0,0,False
16514244,LA Rams vs. NY Giants,Cameron Skattebo,Cameron Skattebo (NYG),Joueur total de yards par la course (Cameron Skattebo (NYG)) (prolongations incluses),2140,72895,1735301405,NYG|dst:player:492573,4538727398,44+,44+,NYG|dst:player:492573,1.4762,0,False
16514244,LA Rams vs. NY Giants,Cameron Skattebo,Cameron Skattebo (NYG),Joueur total de yards par la course (Cameron Skattebo (NYG)) (prolongations incluses),2140,72895,1735301405,NYG|dst:player:492573,4538727399,34+,34+,NYG|dst:player:492573,1.2353,0,False
16514244,LA Rams vs. NY Giants,Cameron Skattebo,Cameron Skattebo (NYG),Joueur total de yards par la course (Cameron Skattebo (NYG)) (prolongations incluses),2140,72895,1735301405,NYG|dst:player:492573,4538727389,54+,54+,NYG|dst:player:492573,1.8696,0,False
16514244,LA Rams vs. NY Giants,Cameron Skattebo,Cameron Skattebo (NYG),Joueur total de yards par la course (Cameron Skattebo (NYG)) (prolongations incluses),2140,72895,1735301405,NYG|dst:player:492573,4538727390,64+,64+,NYG|dst:player:492573,2.3,0,False
16514244,LA Rams vs. NY Giants,Cameron Skattebo,Cameron Skattebo (NYG),Joueur total de yards par la course (Cameron Skattebo (NYG)) (prolongations incluses),2140,72895,1735301405,NYG|dst:player:492573,4538727391,74+,74+,NYG|dst:player:492573,2.9,0,False
16514244,LA Rams vs. NY Giants,Devin Singletary,Devin Singletary (NYG),Joueur total de yards par la course (Devin Singletary (NYG)) (prolongations incluses),2140,72895,1743962968,NYG|dst:player:409911,4538227284,15+,15+,NYG|dst:player:409911,1.8334,0,False
16514244,LA Rams vs. NY Giants,Devin Singletary,Devin Singletary (NYG),Joueur total de yards par la course (Devin Singletary (NYG)) (prolongations incluses),2140,72895,1743962968,NYG|dst:player:409911,4538227285,25+,25+,NYG|dst:player:409911,2.6,0,False
16514244,LA Rams vs. NY Giants,Devin Singletary,Devin Singletary (NYG),Joueur total de yards par la course (Devin Singletary (NYG)) (prolongations incluses),2140,72895,1743962968,NYG|dst:player:409911,4538227286,35+,35+,NYG|dst:player:409911,4.0,0,False
16514244,LA Rams vs. NY Giants,Devin Singletary,Devin Singletary (NYG),Joueur total de yards par la course (Devin Singletary (NYG)) (prolongations incluses),2140,72895,1743962968,NYG|dst:player:409911,4538227287,45+,45+,NYG|dst:player:409911,7.0,0,False
16514244,LA Rams vs. NY Giants,Devin Singletary,Devin Singletary (NYG),Joueur total de yards par la course (Devin Singletary (NYG)) (prolongations incluses),2140,72895,1743962968,NYG|dst:player:409911,4538227288,55+,55+,NYG|dst:player:409911,14.0,0,False
16514244,LA Rams vs. NY Giants,Devin Singletary,Devin Singletary (NYG),Joueur total de yards par la course (Devin Singletary (NYG)) (prolongations incluses),2140,72895,1743962968,NYG|dst:player:409911,4538227289,65+,65+,NYG|dst:player:409911,31.0,0,False
16514244,LA Rams vs. NY Giants,Matthew Stafford,Matthew Stafford (LAR),Passes réussis du joueur (Incl. Prolongations) (Matthew Stafford (LAR)),2137,72892,1737468329,LAR|dst:player:269130,4538684992,25+,25+,LAR|dst:player:269130,3.2,0,False
16514244,LA Rams vs. NY Giants,Matthew Stafford,Matthew Stafford (LAR),Passes réussis du joueur (Incl. Prolongations) (Matthew Stafford (LAR)),2137,72892,1737468329,LAR|dst:player:269130,4538684993,27+,27+,LAR|dst:player:269130,4.5,0,False
16514244,LA Rams vs. NY Giants,Matthew Stafford,Matthew Stafford (LAR),Passes réussis du joueur (Incl. Prolongations) (Matthew Stafford (LAR)),2137,72892,1737468329,LAR|dst:player:269130,4538684994,29+,29+,LAR|dst:player:269130,7.0,0,False
16514244,LA Rams vs. NY Giants,Matthew Stafford,Matthew Stafford (LAR),Passes réussis du joueur (Incl. Prolongations) (Matthew Stafford (LAR)),2137,72892,1737468329,LAR|dst:player:269130,4538684995,31+,31+,LAR|dst:player:269130,12.0,0,False
16514244,LA Rams vs. NY Giants,Matthew Stafford,Matthew Stafford (LAR),Passes réussis du joueur (Incl. Prolongations) (Matthew Stafford (LAR)),2137,72892,1737468329,LAR|dst:player:269130,4538684996,33+,33+,LAR|dst:player:269130,20.0,0,False
16514244,LA Rams vs. NY Giants,Matthew Stafford,Matthew Stafford (LAR),Passes réussis du joueur (Incl. Prolongations) (Matthew Stafford (LAR)),2137,72892,1737468329,LAR|dst:player:269130,4538684997,19+,19+,LAR|dst:player:269130,1.3847,0,False
16514244,LA Rams vs. NY Giants,Matthew Stafford,Matthew Stafford (LAR),Passes réussis du joueur (Incl. Prolongations) (Matthew Stafford (LAR)),2137,72892,1737468329,LAR|dst:player:269130,4538684990,21+,21+,LAR|dst:player:269130,1.8,0,False
16514244,LA Rams vs. NY Giants,Matthew Stafford,Matthew Stafford (LAR),Passes réussis du joueur (Incl. Prolongations) (Matthew Stafford (LAR)),2137,72892,1737468329,LAR|dst:player:269130,4538684991,23+,23+,LAR|dst:player:269130,2.35,0,False
16514244,LA Rams vs. NY Giants,Jaxson Dart,Jaxson Dart (NYG),Passes réussis du joueur (Incl. Prolongations) (Jaxson Dart (NYG)),2137,72892,1735303531,NYG|dst:player:489891,4509458025,20+,20+,NYG|dst:player:489891,1.8,0,False
16514244,LA Rams vs. NY Giants,Jaxson Dart,Jaxson Dart (NYG),Passes réussis du joueur (Incl. Prolongations) (Jaxson Dart (NYG)),2137,72892,1735303531,NYG|dst:player:489891,4509458026,22+,22+,NYG|dst:player:489891,2.35,0,False
16514244,LA Rams vs. NY Giants,Jaxson Dart,Jaxson Dart (NYG),Passes réussis du joueur (Incl. Prolongations) (Jaxson Dart (NYG)),2137,72892,1735303531,NYG|dst:player:489891,4509458027,24+,24+,NYG|dst:player:489891,3.2,0,False
16514244,LA Rams vs. NY Giants,Jaxson Dart,Jaxson Dart (NYG),Passes réussis du joueur (Incl. Prolongations) (Jaxson Dart (NYG)),2137,72892,1735303531,NYG|dst:player:489891,4509458028,26+,26+,NYG|dst:player:489891,4.75,0,False
16514244,LA Rams vs. NY Giants,Jaxson Dart,Jaxson Dart (NYG),Passes réussis du joueur (Incl. Prolongations) (Jaxson Dart (NYG)),2137,72892,1735303531,NYG|dst:player:489891,4509458029,28+,28+,NYG|dst:player:489891,7.25,0,False
16514244,LA Rams vs. NY Giants,Jaxson Dart,Jaxson Dart (NYG),Passes réussis du joueur (Incl. Prolongations) (Jaxson Dart (NYG)),2137,72892,1735303531,NYG|dst:player:489891,4509458158,18+,18+,NYG|dst:player:489891,1.4,0,False
16514244,LA Rams vs. NY Giants,Jaxson Dart,Jaxson Dart (NYG),Passes réussis du joueur (Incl. Prolongations) (Jaxson Dart (NYG)),2137,72892,1735303531,NYG|dst:player:489891,4509458156,30+,30+,NYG|dst:player:489891,12.0,0,False
16514244,LA Rams vs. NY Giants,Jaxson Dart,Jaxson Dart (NYG),Passes réussis du joueur (Incl. Prolongations) (Jaxson Dart (NYG)),2137,72892,1735303531,NYG|dst:player:489891,4509458157,32+,32+,NYG|dst:player:489891,21.0,0,False
16514244,LA Rams vs. NY Giants,Matthew Stafford,Matthew Stafford (LAR),Total de yards à la passe du joueur Plus/Moins(Incl. Prolongations),759,71922,1732545569,237.5|sa:player:nfl-323205|LAR,4500435284,Matthew Stafford (LAR) Plus de 237.5,Matthew Stafford (LAR) Plus de 237.5,237.5,1.8,0,False
16514244,LA Rams vs. NY Giants,Matthew Stafford,Matthew Stafford (LAR),Total de yards à la passe du joueur Plus/Moins(Incl. Prolongations),759,71922,1732545569,237.5|sa:player:nfl-323205|LAR,4500435285,Matthew Stafford (LAR) moins de 237.5,Matthew Stafford (LAR) moins de 237.5,237.5,1.8334,0,False
16514244,LA Rams vs. NY Giants,Jaxson Dart,Jaxson Dart (NYG),Total de yards à la passe du joueur Plus/Moins(Incl. Prolongations),759,71922,1740877234,214.5|sa:player:nfl-1286260|NYG,4529111778,Jaxson Dart (NYG) Plus de 214.5,Jaxson Dart (NYG) Plus de 214.5,214.5,1.8,0,False
16514244,LA Rams vs. NY Giants,Jaxson Dart,Jaxson Dart (NYG),Total de yards à la passe du joueur Plus/Moins(Incl. Prolongations),759,71922,1740877234,214.5|sa:player:nfl-1286260|NYG,4529111779,Jaxson Dart (NYG) moins de 214.5,Jaxson Dart (NYG) moins de 214.5,214.5,1.8334,0,False
16514244,LA Rams vs. NY Giants,Kyren Williams,Kyren Williams (LAR),Total de yards à la course du joueur Plus/Moins (Incl. Prolongations),764,71924,1732851912,65.5|sa:player:nfl-1167361|LAR,4501164542,Kyren Williams (LAR) Plus de 65.5,Kyren Williams (LAR) Plus de 65.5,65.5,1.8,0,False
16514244,LA Rams vs. NY Giants,Kyren Williams,Kyren Williams (LAR),Total de yards à la course du joueur Plus/Moins (Incl. Prolongations),764,71924,1732851912,65.5|sa:player:nfl-1167361|LAR,4501164543,Kyren Williams (LAR) moins de 65.5,Kyren Williams (LAR) moins de 65.5,65.5,1.8334,0,False
16514244,LA Rams vs. NY Giants,Cameron Skattebo,Cameron Skattebo (NYG),Total de yards à la course du joueur Plus/Moins (Incl. Prolongations),764,71924,1732538515,52.5|sa:player:nfl-1280316|NYG,4500418176,Cameron Skattebo (NYG) Plus de 52.5,Cameron Skattebo (NYG) Plus de 52.5,52.5,1.7693,0,False
16514244,LA Rams vs. NY Giants,Cameron Skattebo,Cameron Skattebo (NYG),Total de yards à la course du joueur Plus/Moins (Incl. Prolongations),764,71924,1732538515,52.5|sa:player:nfl-1280316|NYG,4500418177,Cameron Skattebo (NYG) moins de 52.5,Cameron Skattebo (NYG) moins de 52.5,52.5,1.8696,0,False
16514244,LA Rams vs. NY Giants,Blake Corum,Blake Corum (LAR),Total de yards à la course du joueur Plus/Moins (Incl. Prolongations),764,71924,1732878877,46.5|sa:player:nfl-1229540|LAR,4501248328,Blake Corum (LAR) Plus de 46.5,Blake Corum (LAR) Plus de 46.5,46.5,1.8334,0,False
16514244,LA Rams vs. NY Giants,Blake Corum,Blake Corum (LAR),Total de yards à la course du joueur Plus/Moins (Incl. Prolongations),764,71924,1732878877,46.5|sa:player:nfl-1229540|LAR,4501248329,Blake Corum (LAR) moins de 46.5,Blake Corum (LAR) moins de 46.5,46.5,1.8,0,False
16514244,LA Rams vs. NY Giants,Jaxson Dart,Jaxson Dart (NYG),Total de yards à la course du joueur Plus/Moins (Incl. Prolongations),764,71924,1734185972,31.5|sa:player:nfl-1286260|NYG,4505443886,Jaxson Dart (NYG) Plus de 31.5,Jaxson Dart (NYG) Plus de 31.5,31.5,1.8,0,False
16514244,LA Rams vs. NY Giants,Jaxson Dart,Jaxson Dart (NYG),Total de yards à la course du joueur Plus/Moins (Incl. Prolongations),764,71924,1734185972,31.5|sa:player:nfl-1286260|NYG,4505443887,Jaxson Dart (NYG) moins de 31.5,Jaxson Dart (NYG) moins de 31.5,31.5,1.8334,0,False
16514244,LA Rams vs. NY Giants,Devin Singletary,Devin Singletary (NYG),Total de yards à la course du joueur Plus/Moins (Incl. Prolongations),764,71924,1740889456,15.5|sa:player:nfl-916466|NYG,4529142764,Devin Singletary (NYG) Plus de 15.5,Devin Singletary (NYG) Plus de 15.5,15.5,1.8,0,False
16514244,LA Rams vs. NY Giants,Devin Singletary,Devin Singletary (NYG),Total de yards à la course du joueur Plus/Moins (Incl. Prolongations),764,71924,1740889456,15.5|sa:player:nfl-916466|NYG,4529142765,Devin Singletary (NYG) moins de 15.5,Devin Singletary (NYG) moins de 15.5,15.5,1.8334,0,False
16514244,LA Rams vs. NY Giants,Matthew Stafford,Matthew Stafford (LAR),Total de yards à la course du joueur Plus/Moins (Incl. Prolongations),764,71924,1731690296,0.5|sa:player:nfl-323205|LAR,4497680237,Matthew Stafford (LAR) Plus de 0.5,Matthew Stafford (LAR) Plus de 0.5,0.5,2.35,0,False
16514244,LA Rams vs. NY Giants,Matthew Stafford,Matthew Stafford (LAR),Total de yards à la course du joueur Plus/Moins (Incl. Prolongations),764,71924,1731690296,0.5|sa:player:nfl-323205|LAR,4497680238,Matthew Stafford (LAR) moins de 0.5,Matthew Stafford (LAR) moins de 0.5,0.5,1.4762,0,False
16514244,LA Rams vs. NY Giants,Puka Nacua,Puka Nacua (LAR),Total des yards après réception du joueur Plus/Moins(Incl. Prolongations),765,71925,1732864978,75.5|sa:player:nfl-1162128|LAR,4501215485,Puka Nacua (LAR) Plus de 75.5,Puka Nacua (LAR) Plus de 75.5,75.5,1.8334,0,False
16514244,LA Rams vs. NY Giants,Puka Nacua,Puka Nacua (LAR),Total des yards après réception du joueur Plus/Moins(Incl. Prolongations),765,71925,1732864978,75.5|sa:player:nfl-1162128|LAR,4501215486,Puka Nacua (LAR) moins de 75.5,Puka Nacua (LAR) moins de 75.5,75.5,1.8,0,False
16514244,LA Rams vs. NY Giants,Davante Adams,Davante Adams (LAR),Total des yards après réception du joueur Plus/Moins(Incl. Prolongations),765,71925,1742677094,62.5|sa:player:nfl-611417|LAR,4534051984,Davante Adams (LAR) Plus de 62.5,Davante Adams (LAR) Plus de 62.5,62.5,1.8,0,False
16514244,LA Rams vs. NY Giants,Davante Adams,Davante Adams (LAR),Total des yards après réception du joueur Plus/Moins(Incl. Prolongations),765,71925,1742677094,62.5|sa:player:nfl-611417|LAR,4534051985,Davante Adams (LAR) moins de 62.5,Davante Adams (LAR) moins de 62.5,62.5,1.8334,0,False
16514244,LA Rams vs. NY Giants,Malik Nabers,Malik Nabers (NYG),Total des yards après réception du joueur Plus/Moins(Incl. Prolongations),765,71925,1734175711,61.5|sa:player:nfl-1286059|NYG,4505418690,Malik Nabers (NYG) Plus de 61.5,Malik Nabers (NYG) Plus de 61.5,61.5,1.8334,0,False
16514244,LA Rams vs. NY Giants,Malik Nabers,Malik Nabers (NYG),Total des yards après réception du joueur Plus/Moins(Incl. Prolongations),765,71925,1734175711,61.5|sa:player:nfl-1286059|NYG,4505418691,Malik Nabers (NYG) moins de 61.5,Malik Nabers (NYG) moins de 61.5,61.5,1.8,0,False
16514244,LA Rams vs. NY Giants,Isaiah Likely,Isaiah Likely (NYG),Total des yards après réception du joueur Plus/Moins(Incl. Prolongations),765,71925,1732546504,44.5|sa:player:nfl-1125111|NYG,4500437426,Isaiah Likely (NYG) Plus de 44.5,Isaiah Likely (NYG) Plus de 44.5,44.5,1.8,0,False
16514244,LA Rams vs. NY Giants,Isaiah Likely,Isaiah Likely (NYG),Total des yards après réception du joueur Plus/Moins(Incl. Prolongations),765,71925,1732546504,44.5|sa:player:nfl-1125111|NYG,4500437427,Isaiah Likely (NYG) moins de 44.5,Isaiah Likely (NYG) moins de 44.5,44.5,1.8334,0,False
16514244,LA Rams vs. NY Giants,Terrance Ferguson,Terrance Ferguson (LAR),Total des yards après réception du joueur Plus/Moins(Incl. Prolongations),765,71925,1744017243,33.5|sa:player:nfl-1286179|LAR,4538059989,Terrance Ferguson (LAR) Plus de 33.5,Terrance Ferguson (LAR) Plus de 33.5,33.5,1.8,0,False
16514244,LA Rams vs. NY Giants,Terrance Ferguson,Terrance Ferguson (LAR),Total des yards après réception du joueur Plus/Moins(Incl. Prolongations),765,71925,1744017243,33.5|sa:player:nfl-1286179|LAR,4538059990,Terrance Ferguson (LAR) moins de 33.5,Terrance Ferguson (LAR) moins de 33.5,33.5,1.8334,0,False
16514244,LA Rams vs. NY Giants,Colby Parkinson,Colby Parkinson (LAR),Total des yards après réception du joueur Plus/Moins(Incl. Prolongations),765,71925,1732856367,27.5|sa:player:nfl-1060312|LAR,4501196036,Colby Parkinson (LAR) Plus de 27.5,Colby Parkinson (LAR) Plus de 27.5,27.5,1.8,0,False
16514244,LA Rams vs. NY Giants,Colby Parkinson,Colby Parkinson (LAR),Total des yards après réception du joueur Plus/Moins(Incl. Prolongations),765,71925,1732856367,27.5|sa:player:nfl-1060312|LAR,4501196037,Colby Parkinson (LAR) moins de 27.5,Colby Parkinson (LAR) moins de 27.5,27.5,1.8334,0,False
16514244,LA Rams vs. NY Giants,Malachi Fields,Malachi Fields (NYG),Total des yards après réception du joueur Plus/Moins(Incl. Prolongations),765,71925,1740875108,24.5|sa:player:nfl-1319589|NYG,4529106515,Malachi Fields (NYG) Plus de 24.5,Malachi Fields (NYG) Plus de 24.5,24.5,1.7693,0,False
16514244,LA Rams vs. NY Giants,Malachi Fields,Malachi Fields (NYG),Total des yards après réception du joueur Plus/Moins(Incl. Prolongations),765,71925,1740875108,24.5|sa:player:nfl-1319589|NYG,4529106516,Malachi Fields (NYG) moins de 24.5,Malachi Fields (NYG) moins de 24.5,24.5,1.8696,0,False
16514244,LA Rams vs. NY Giants,Darnell Mooney,Darnell Mooney (NYG),Total des yards après réception du joueur Plus/Moins(Incl. Prolongations),765,71925,1731690581,16.5|sa:player:nfl-912027|NYG,4497680729,Darnell Mooney (NYG) Plus de 16.5,Darnell Mooney (NYG) Plus de 16.5,16.5,1.8,0,False
16514244,LA Rams vs. NY Giants,Darnell Mooney,Darnell Mooney (NYG),Total des yards après réception du joueur Plus/Moins(Incl. Prolongations),765,71925,1731690581,16.5|sa:player:nfl-912027|NYG,4497680730,Darnell Mooney (NYG) moins de 16.5,Darnell Mooney (NYG) moins de 16.5,16.5,1.8334,0,False
16514244,LA Rams vs. NY Giants,Kyren Williams,Kyren Williams (LAR),Total des yards après réception du joueur Plus/Moins(Incl. Prolongations),765,71925,1732855310,14.5|sa:player:nfl-1167361|LAR,4501193360,Kyren Williams (LAR) moins de 14.5,Kyren Williams (LAR) moins de 14.5,14.5,1.8334,0,False
16514244,LA Rams vs. NY Giants,Kyren Williams,Kyren Williams (LAR),Total des yards après réception du joueur Plus/Moins(Incl. Prolongations),765,71925,1732855310,14.5|sa:player:nfl-1167361|LAR,4501193359,Kyren Williams (LAR) Plus de 14.5,Kyren Williams (LAR) Plus de 14.5,14.5,1.8,0,False
16514244,LA Rams vs. NY Giants,Konata Mumpfield,Konata Mumpfield (LAR),Total des yards après réception du joueur Plus/Moins(Incl. Prolongations),765,71925,1739715091,13.5|sa:player:nfl-1289332|LAR,4525614628,Konata Mumpfield (LAR) Plus de 13.5,Konata Mumpfield (LAR) Plus de 13.5,13.5,1.7693,0,False
16514244,LA Rams vs. NY Giants,Konata Mumpfield,Konata Mumpfield (LAR),Total des yards après réception du joueur Plus/Moins(Incl. Prolongations),765,71925,1739715091,13.5|sa:player:nfl-1289332|LAR,4525614629,Konata Mumpfield (LAR) moins de 13.5,Konata Mumpfield (LAR) moins de 13.5,13.5,1.8696,0,False
16514244,LA Rams vs. NY Giants,Tyler Higbee,Tyler Higbee (LAR),Total des yards après réception du joueur Plus/Moins(Incl. Prolongations),765,71925,1744007046,13.5|sa:player:nfl-604176|LAR,4538034121,Tyler Higbee (LAR) Plus de 13.5,Tyler Higbee (LAR) Plus de 13.5,13.5,1.8,0,False
16514244,LA Rams vs. NY Giants,Tyler Higbee,Tyler Higbee (LAR),Total des yards après réception du joueur Plus/Moins(Incl. Prolongations),765,71925,1744007046,13.5|sa:player:nfl-604176|LAR,4538034122,Tyler Higbee (LAR) moins de 13.5,Tyler Higbee (LAR) moins de 13.5,13.5,1.8334,0,False
16514244,LA Rams vs. NY Giants,Cameron Skattebo,Cameron Skattebo (NYG),Total des yards après réception du joueur Plus/Moins(Incl. Prolongations),765,71925,1732546515,11.5|sa:player:nfl-1280316|NYG,4500437448,Cameron Skattebo (NYG) Plus de 11.5,Cameron Skattebo (NYG) Plus de 11.5,11.5,1.8334,0,False
16514244,LA Rams vs. NY Giants,Cameron Skattebo,Cameron Skattebo (NYG),Total des yards après réception du joueur Plus/Moins(Incl. Prolongations),765,71925,1732546515,11.5|sa:player:nfl-1280316|NYG,4500437449,Cameron Skattebo (NYG) moins de 11.5,Cameron Skattebo (NYG) moins de 11.5,11.5,1.8,0,False
16514244,LA Rams vs. NY Giants,Theo Johnson,Theo Johnson (NYG),Total des yards après réception du joueur Plus/Moins(Incl. Prolongations),765,71925,1732546513,7.5|sa:player:nfl-1214414|NYG,4500437444,Theo Johnson (NYG) Plus de 7.5,Theo Johnson (NYG) Plus de 7.5,7.5,1.8696,0,False
16514244,LA Rams vs. NY Giants,Theo Johnson,Theo Johnson (NYG),Total des yards après réception du joueur Plus/Moins(Incl. Prolongations),765,71925,1732546513,7.5|sa:player:nfl-1214414|NYG,4500437445,Theo Johnson (NYG) moins de 7.5,Theo Johnson (NYG) moins de 7.5,7.5,1.7693,0,False
16514244,LA Rams vs. NY Giants,Devin Singletary,Devin Singletary (NYG),Total des yards après réception du joueur Plus/Moins(Incl. Prolongations),765,71925,1744082450,6.5|sa:player:nfl-916466|NYG,4538232616,Devin Singletary (NYG) Plus de 6.5,Devin Singletary (NYG) Plus de 6.5,6.5,1.7693,0,False
16514244,LA Rams vs. NY Giants,Devin Singletary,Devin Singletary (NYG),Total des yards après réception du joueur Plus/Moins(Incl. Prolongations),765,71925,1744082450,6.5|sa:player:nfl-916466|NYG,4538232617,Devin Singletary (NYG) moins de 6.5,Devin Singletary (NYG) moins de 6.5,6.5,1.8696,0,False
16514244,LA Rams vs. NY Giants,Blake Corum,Blake Corum (LAR),Total des yards après réception du joueur Plus/Moins(Incl. Prolongations),765,71925,1731691171,2.5|sa:player:nfl-1229540|LAR,4497681765,Blake Corum (LAR) Plus de 2.5,Blake Corum (LAR) Plus de 2.5,2.5,1.7693,0,False
16514244,LA Rams vs. NY Giants,Blake Corum,Blake Corum (LAR),Total des yards après réception du joueur Plus/Moins(Incl. Prolongations),765,71925,1731691171,2.5|sa:player:nfl-1229540|LAR,4497681766,Blake Corum (LAR) moins de 2.5,Blake Corum (LAR) moins de 2.5,2.5,1.8696,0,False
16514244,LA Rams vs. NY Giants,Odell Beckham Jr.,Odell Beckham Jr. (NYG),Total des yards après réception du joueur Plus/Moins(Incl. Prolongations),765,71925,1732534256,0.5|sa:player:nfl-589984|NYG,4500408035,Odell Beckham Jr. (NYG) Plus de 0.5,Odell Beckham Jr. (NYG) Plus de 0.5,0.5,1.8334,0,False
16514244,LA Rams vs. NY Giants,Odell Beckham Jr.,Odell Beckham Jr. (NYG),Total des yards après réception du joueur Plus/Moins(Incl. Prolongations),765,71925,1732534256,0.5|sa:player:nfl-589984|NYG,4500408036,Odell Beckham Jr. (NYG) moins de 0.5,Odell Beckham Jr. (NYG) moins de 0.5,0.5,1.8,0,False
16514244,LA Rams vs. NY Giants,Kyren Williams,Kyren Williams,Yards de course et de réception du joueur Plus/Moins (prolongations incluses),3317,73841,1741297076,83.5|sa:player:nfl-1167361|LAR,4530161758,Kyren Williams (LAR) Plus de 83.5,Kyren Williams (LAR) Plus de 83.5,83.5,1.8334,0,False
16514244,LA Rams vs. NY Giants,Kyren Williams,Kyren Williams,Yards de course et de réception du joueur Plus/Moins (prolongations incluses),3317,73841,1741297076,83.5|sa:player:nfl-1167361|LAR,4530161759,Kyren Williams (LAR) moins de 83.5,Kyren Williams (LAR) moins de 83.5,83.5,1.8,0,False
16514244,LA Rams vs. NY Giants,Puka Nacua,Puka Nacua,Yards de course et de réception du joueur Plus/Moins (prolongations incluses),3317,73841,1732864577,80.5|sa:player:nfl-1162128|LAR,4501214589,Puka Nacua (LAR) Plus de 80.5,Puka Nacua (LAR) Plus de 80.5,80.5,1.8,0,False
16514244,LA Rams vs. NY Giants,Puka Nacua,Puka Nacua,Yards de course et de réception du joueur Plus/Moins (prolongations incluses),3317,73841,1732864577,80.5|sa:player:nfl-1162128|LAR,4501214590,Puka Nacua (LAR) moins de 80.5,Puka Nacua (LAR) moins de 80.5,80.5,1.8334,0,False
16514244,LA Rams vs. NY Giants,Cameron Skattebo,Cameron Skattebo,Yards de course et de réception du joueur Plus/Moins (prolongations incluses),3317,73841,1732491370,67.5|sa:player:nfl-1280316|NYG,4500306713,Cameron Skattebo (NYG) Plus de 67.5,Cameron Skattebo (NYG) Plus de 67.5,67.5,1.8,0,False
16514244,LA Rams vs. NY Giants,Cameron Skattebo,Cameron Skattebo,Yards de course et de réception du joueur Plus/Moins (prolongations incluses),3317,73841,1732491370,67.5|sa:player:nfl-1280316|NYG,4500306714,Cameron Skattebo (NYG) moins de 67.5,Cameron Skattebo (NYG) moins de 67.5,67.5,1.8334,0,False
16514244,LA Rams vs. NY Giants,Davante Adams,Davante Adams,Yards de course et de réception du joueur Plus/Moins (prolongations incluses),3317,73841,1742677095,62.5|sa:player:nfl-611417|LAR,4534051986,Davante Adams (LAR) Plus de 62.5,Davante Adams (LAR) Plus de 62.5,62.5,1.8,0,False
16514244,LA Rams vs. NY Giants,Davante Adams,Davante Adams,Yards de course et de réception du joueur Plus/Moins (prolongations incluses),3317,73841,1742677095,62.5|sa:player:nfl-611417|LAR,4534051987,Davante Adams (LAR) moins de 62.5,Davante Adams (LAR) moins de 62.5,62.5,1.8334,0,False
16514244,LA Rams vs. NY Giants,Malik Nabers,Malik Nabers,Yards de course et de réception du joueur Plus/Moins (prolongations incluses),3317,73841,1734175712,61.5|sa:player:nfl-1286059|NYG,4505418692,Malik Nabers (NYG) Plus de 61.5,Malik Nabers (NYG) Plus de 61.5,61.5,1.8,0,False
16514244,LA Rams vs. NY Giants,Malik Nabers,Malik Nabers,Yards de course et de réception du joueur Plus/Moins (prolongations incluses),3317,73841,1734175712,61.5|sa:player:nfl-1286059|NYG,4505418693,Malik Nabers (NYG) moins de 61.5,Malik Nabers (NYG) moins de 61.5,61.5,1.8334,0,False
16514244,LA Rams vs. NY Giants,Blake Corum,Blake Corum,Yards de course et de réception du joueur Plus/Moins (prolongations incluses),3317,73841,1732877760,53.5|sa:player:nfl-1229540|LAR,4501245780,Blake Corum (LAR) Plus de 53.5,Blake Corum (LAR) Plus de 53.5,53.5,1.8,0,False
16514244,LA Rams vs. NY Giants,Blake Corum,Blake Corum,Yards de course et de réception du joueur Plus/Moins (prolongations incluses),3317,73841,1732877760,53.5|sa:player:nfl-1229540|LAR,4501245781,Blake Corum (LAR) moins de 53.5,Blake Corum (LAR) moins de 53.5,53.5,1.8334,0,False
16514244,LA Rams vs. NY Giants,Devin Singletary,Devin Singletary,Yards de course et de réception du joueur Plus/Moins (prolongations incluses),3317,73841,1731690634,25.5|sa:player:nfl-916466|NYG,4497680826,Devin Singletary (NYG) Plus de 25.5,Devin Singletary (NYG) Plus de 25.5,25.5,1.8334,0,False
16514244,LA Rams vs. NY Giants,Devin Singletary,Devin Singletary,Yards de course et de réception du joueur Plus/Moins (prolongations incluses),3317,73841,1731690634,25.5|sa:player:nfl-916466|NYG,4497680827,Devin Singletary (NYG) moins de 25.5,Devin Singletary (NYG) moins de 25.5,25.5,1.8,0,False
16514244,LA Rams vs. NY Giants,Malachi Fields,Malachi Fields,Yards de course et de réception du joueur Plus/Moins (prolongations incluses),3317,73841,1732546532,25.5|sa:player:nfl-1319589|NYG,4500437482,Malachi Fields (NYG) Plus de 25.5,Malachi Fields (NYG) Plus de 25.5,25.5,1.8334,0,False
16514244,LA Rams vs. NY Giants,Malachi Fields,Malachi Fields,Yards de course et de réception du joueur Plus/Moins (prolongations incluses),3317,73841,1732546532,25.5|sa:player:nfl-1319589|NYG,4500437483,Malachi Fields (NYG) moins de 25.5,Malachi Fields (NYG) moins de 25.5,25.5,1.8,0,False
16514244,LA Rams vs. NY Giants,Darnell Mooney,Darnell Mooney,Yards de course et de réception du joueur Plus/Moins (prolongations incluses),3317,73841,1731690596,16.5|sa:player:nfl-912027|NYG,4497680760,Darnell Mooney (NYG) moins de 16.5,Darnell Mooney (NYG) moins de 16.5,16.5,1.8334,0,False
16514244,LA Rams vs. NY Giants,Darnell Mooney,Darnell Mooney,Yards de course et de réception du joueur Plus/Moins (prolongations incluses),3317,73841,1731690596,16.5|sa:player:nfl-912027|NYG,4497680759,Darnell Mooney (NYG) Plus de 16.5,Darnell Mooney (NYG) Plus de 16.5,16.5,1.8,0,False
16514244,LA Rams vs. NY Giants,Konata Mumpfield,Konata Mumpfield,Yards de course et de réception du joueur Plus/Moins (prolongations incluses),3317,73841,1739715094,13.5|sa:player:nfl-1289332|LAR,4525614634,Konata Mumpfield (LAR) Plus de 13.5,Konata Mumpfield (LAR) Plus de 13.5,13.5,1.7693,0,False
16514244,LA Rams vs. NY Giants,Konata Mumpfield,Konata Mumpfield,Yards de course et de réception du joueur Plus/Moins (prolongations incluses),3317,73841,1739715094,13.5|sa:player:nfl-1289332|LAR,4525614635,Konata Mumpfield (LAR) moins de 13.5,Konata Mumpfield (LAR) moins de 13.5,13.5,1.8696,0,False
16514244,LA Rams vs. NY Giants,Odell Beckham Jr.,Odell Beckham Jr.,Yards de course et de réception du joueur Plus/Moins (prolongations incluses),3317,73841,1732534258,0.5|sa:player:nfl-589984|NYG,4500408040,Odell Beckham Jr. (NYG) moins de 0.5,Odell Beckham Jr. (NYG) moins de 0.5,0.5,1.8,0,False
16514244,LA Rams vs. NY Giants,Odell Beckham Jr.,Odell Beckham Jr.,Yards de course et de réception du joueur Plus/Moins (prolongations incluses),3317,73841,1732534258,0.5|sa:player:nfl-589984|NYG,4500408039,Odell Beckham Jr. (NYG) Plus de 0.5,Odell Beckham Jr. (NYG) Plus de 0.5,0.5,1.8334,0,False
16514244,LA Rams vs. NY Giants,Jaxson Dart,Jaxson Dart (NYG),Fumbles du joueur Plus / Moins (incl. prolongation),25005,75650,1731691427,0.5|sa:player:nfl-1286260|NYG,4497682219,Jaxson Dart (NYG) Plus de 0.5,Jaxson Dart (NYG) Plus de 0.5,0.5,1.7143,0,False
16514244,LA Rams vs. NY Giants,Jaxson Dart,Jaxson Dart (NYG),Fumbles du joueur Plus / Moins (incl. prolongation),25005,75650,1731691427,0.5|sa:player:nfl-1286260|NYG,4497682220,Jaxson Dart (NYG) moins de 0.5,Jaxson Dart (NYG) moins de 0.5,0.5,1.9091,0,False
16514244,LA Rams vs. NY Giants,Matthew Stafford,Matthew Stafford (LAR),Fumbles du joueur Plus / Moins (incl. prolongation),25005,75650,1731690313,0.5|sa:player:nfl-323205|LAR,4497680268,Matthew Stafford (LAR) Plus de 0.5,Matthew Stafford (LAR) Plus de 0.5,0.5,3.6,0,False
16514244,LA Rams vs. NY Giants,Matthew Stafford,Matthew Stafford (LAR),Fumbles du joueur Plus / Moins (incl. prolongation),25005,75650,1731690313,0.5|sa:player:nfl-323205|LAR,4497680269,Matthew Stafford (LAR) moins de 0.5,Matthew Stafford (LAR) moins de 0.5,0.5,1.2,0,False
16514244,LA Rams vs. NY Giants,Cameron Skattebo,Cameron Skattebo (NYG),Fumbles du joueur Plus / Moins (incl. prolongation),25005,75650,1731691318,0.5|sa:player:nfl-1280316|NYG,4497682028,Cameron Skattebo (NYG) Plus de 0.5,Cameron Skattebo (NYG) Plus de 0.5,0.5,4.75,0,False
16514244,LA Rams vs. NY Giants,Cameron Skattebo,Cameron Skattebo (NYG),Fumbles du joueur Plus / Moins (incl. prolongation),25005,75650,1731691318,0.5|sa:player:nfl-1280316|NYG,4497682029,Cameron Skattebo (NYG) moins de 0.5,Cameron Skattebo (NYG) moins de 0.5,0.5,1.1112,0,False
16514244,LA Rams vs. NY Giants,Kyren Williams,Kyren Williams (LAR),Fumbles du joueur Plus / Moins (incl. prolongation),25005,75650,1731691101,0.5|sa:player:nfl-1167361|LAR,4497681645,Kyren Williams (LAR) Plus de 0.5,Kyren Williams (LAR) Plus de 0.5,0.5,5.0,0,False
16514244,LA Rams vs. NY Giants,Kyren Williams,Kyren Williams (LAR),Fumbles du joueur Plus / Moins (incl. prolongation),25005,75650,1731691101,0.5|sa:player:nfl-1167361|LAR,4497681646,Kyren Williams (LAR) moins de 0.5,Kyren Williams (LAR) moins de 0.5,0.5,1.1,0,False
16514244,LA Rams vs. NY Giants,Blake Corum,Blake Corum (LAR),Fumbles du joueur Plus / Moins (incl. prolongation),25005,75650,1731691254,0.5|sa:player:nfl-1229540|LAR,4497681913,Blake Corum (LAR) Plus de 0.5,Blake Corum (LAR) Plus de 0.5,0.5,6.0,0,False
16514244,LA Rams vs. NY Giants,Blake Corum,Blake Corum (LAR),Fumbles du joueur Plus / Moins (incl. prolongation),25005,75650,1731691254,0.5|sa:player:nfl-1229540|LAR,4497681914,Blake Corum (LAR) moins de 0.5,Blake Corum (LAR) moins de 0.5,0.5,1.0625,0,False
16514244,LA Rams vs. NY Giants,Devin Singletary,Devin Singletary (NYG),Fumbles du joueur Plus / Moins (incl. prolongation),25005,75650,1731690638,0.5|sa:player:nfl-916466|NYG,4497680832,Devin Singletary (NYG) moins de 0.5,Devin Singletary (NYG) moins de 0.5,0.5,1.05,0,False
16514244,LA Rams vs. NY Giants,Devin Singletary,Devin Singletary (NYG),Fumbles du joueur Plus / Moins (incl. prolongation),25005,75650,1731690638,0.5|sa:player:nfl-916466|NYG,4497680831,Devin Singletary (NYG) Plus de 0.5,Devin Singletary (NYG) Plus de 0.5,0.5,6.25,0,False
16514244,LA Rams vs. NY Giants,Puka Nacua,Puka Nacua (LAR),Fumbles du joueur Plus / Moins (incl. prolongation),25005,75650,1731691030,0.5|sa:player:nfl-1162128|LAR,4497681522,Puka Nacua (LAR) Plus de 0.5,Puka Nacua (LAR) Plus de 0.5,0.5,6.25,0,False
16514244,LA Rams vs. NY Giants,Puka Nacua,Puka Nacua (LAR),Fumbles du joueur Plus / Moins (incl. prolongation),25005,75650,1731691030,0.5|sa:player:nfl-1162128|LAR,4497681523,Puka Nacua (LAR) moins de 0.5,Puka Nacua (LAR) moins de 0.5,0.5,1.05,0,False
16514244,LA Rams vs. NY Giants,Davante Adams,Davante Adams (LAR),Fumbles du joueur Plus / Moins (incl. prolongation),25005,75650,1731690437,0.5|sa:player:nfl-611417|LAR,4497680477,Davante Adams (LAR) Plus de 0.5,Davante Adams (LAR) Plus de 0.5,0.5,7.5,0,False
16514244,LA Rams vs. NY Giants,Davante Adams,Davante Adams (LAR),Fumbles du joueur Plus / Moins (incl. prolongation),25005,75650,1731690437,0.5|sa:player:nfl-611417|LAR,4497680478,Davante Adams (LAR) moins de 0.5,Davante Adams (LAR) moins de 0.5,0.5,1.02,0,False
16514244,LA Rams vs. NY Giants,Malik Nabers,Malik Nabers (NYG),Fumbles du joueur Plus / Moins (incl. prolongation),25005,75650,1731691348,0.5|sa:player:nfl-1286059|NYG,4497682080,Malik Nabers (NYG) moins de 0.5,Malik Nabers (NYG) moins de 0.5,0.5,1.02,0,False
16514244,LA Rams vs. NY Giants,Malik Nabers,Malik Nabers (NYG),Fumbles du joueur Plus / Moins (incl. prolongation),25005,75650,1731691348,0.5|sa:player:nfl-1286059|NYG,4497682079,Malik Nabers (NYG) Plus de 0.5,Malik Nabers (NYG) Plus de 0.5,0.5,7.5,0,False
16514244,LA Rams vs. NY Giants,Isaiah Likely,Isaiah Likely (NYG),Fumbles du joueur Plus / Moins (incl. prolongation),25005,75650,1731690903,0.5|sa:player:nfl-1125111|NYG,4497681304,Isaiah Likely (NYG) moins de 0.5,Isaiah Likely (NYG) moins de 0.5,0.5,1.02,0,False
16514244,LA Rams vs. NY Giants,Isaiah Likely,Isaiah Likely (NYG),Fumbles du joueur Plus / Moins (incl. prolongation),25005,75650,1731690903,0.5|sa:player:nfl-1125111|NYG,4497681303,Isaiah Likely (NYG) Plus de 0.5,Isaiah Likely (NYG) Plus de 0.5,0.5,7.75,0,False
16514244,LA Rams vs. NY Giants,Colby Parkinson,Colby Parkinson (LAR),Fumbles du joueur Plus / Moins (incl. prolongation),25005,75650,1731690777,0.5|sa:player:nfl-1060312|LAR,4497681077,Colby Parkinson (LAR) Plus de 0.5,Colby Parkinson (LAR) Plus de 0.5,0.5,8.5,0,False
16514244,LA Rams vs. NY Giants,Colby Parkinson,Colby Parkinson (LAR),Fumbles du joueur Plus / Moins (incl. prolongation),25005,75650,1731690777,0.5|sa:player:nfl-1060312|LAR,4497681078,Colby Parkinson (LAR) moins de 0.5,Colby Parkinson (LAR) moins de 0.5,0.5,1.01,0,False
16514244,LA Rams vs. NY Giants,Darnell Mooney,Darnell Mooney (NYG),Fumbles du joueur Plus / Moins (incl. prolongation),25005,75650,1731690600,0.5|sa:player:nfl-912027|NYG,4497680764,Darnell Mooney (NYG) Plus de 0.5,Darnell Mooney (NYG) Plus de 0.5,0.5,8.5,0,False
16514244,LA Rams vs. NY Giants,Darnell Mooney,Darnell Mooney (NYG),Fumbles du joueur Plus / Moins (incl. prolongation),25005,75650,1731690600,0.5|sa:player:nfl-912027|NYG,4497680765,Darnell Mooney (NYG) moins de 0.5,Darnell Mooney (NYG) moins de 0.5,0.5,0.0,7,False
16514244,LA Rams vs. NY Giants,Konata Mumpfield,Konata Mumpfield (LAR),Fumbles du joueur Plus / Moins (incl. prolongation),25005,75650,1731691493,0.5|sa:player:nfl-1289332|LAR,4497682331,Konata Mumpfield (LAR) Plus de 0.5,Konata Mumpfield (LAR) Plus de 0.5,0.5,8.5,0,False
16514244,LA Rams vs. NY Giants,Konata Mumpfield,Konata Mumpfield (LAR),Fumbles du joueur Plus / Moins (incl. prolongation),25005,75650,1731691493,0.5|sa:player:nfl-1289332|LAR,4497682332,Konata Mumpfield (LAR) moins de 0.5,Konata Mumpfield (LAR) moins de 0.5,0.5,0.0,7,False
16514244,LA Rams vs. NY Giants,Malachi Fields,Malachi Fields (NYG),Fumbles du joueur Plus / Moins (incl. prolongation),25005,75650,1731691184,0.5|sa:player:nfl-1319589|NYG,4497681788,Malachi Fields (NYG) Plus de 0.5,Malachi Fields (NYG) Plus de 0.5,0.5,8.5,0,False
16514244,LA Rams vs. NY Giants,Malachi Fields,Malachi Fields (NYG),Fumbles du joueur Plus / Moins (incl. prolongation),25005,75650,1731691184,0.5|sa:player:nfl-1319589|NYG,4497681789,Malachi Fields (NYG) moins de 0.5,Malachi Fields (NYG) moins de 0.5,0.5,0.0,7,False
16514244,LA Rams vs. NY Giants,Terrance Ferguson,Terrance Ferguson (LAR),Fumbles du joueur Plus / Moins (incl. prolongation),25005,75650,1731691375,0.5|sa:player:nfl-1286179|LAR,4497682124,Terrance Ferguson (LAR) Plus de 0.5,Terrance Ferguson (LAR) Plus de 0.5,0.5,8.5,0,False
16514244,LA Rams vs. NY Giants,Terrance Ferguson,Terrance Ferguson (LAR),Fumbles du joueur Plus / Moins (incl. prolongation),25005,75650,1731691375,0.5|sa:player:nfl-1286179|LAR,4497682125,Terrance Ferguson (LAR) moins de 0.5,Terrance Ferguson (LAR) moins de 0.5,0.5,0.0,7,False
16514244,LA Rams vs. NY Giants,Theo Johnson,Theo Johnson (NYG),Fumbles du joueur Plus / Moins (incl. prolongation),25005,75650,1731691157,0.5|sa:player:nfl-1214414|NYG,4497681744,Theo Johnson (NYG) Plus de 0.5,Theo Johnson (NYG) Plus de 0.5,0.5,8.5,0,False
16514244,LA Rams vs. NY Giants,Theo Johnson,Theo Johnson (NYG),Fumbles du joueur Plus / Moins (incl. prolongation),25005,75650,1731691157,0.5|sa:player:nfl-1214414|NYG,4497681745,Theo Johnson (NYG) moins de 0.5,Theo Johnson (NYG) moins de 0.5,0.5,0.0,7,False
16514244,LA Rams vs. NY Giants,Tyler Higbee,Tyler Higbee (LAR),Fumbles du joueur Plus / Moins (incl. prolongation),25005,75650,1731690404,0.5|sa:player:nfl-604176|LAR,4497680421,Tyler Higbee (LAR) Plus de 0.5,Tyler Higbee (LAR) Plus de 0.5,0.5,8.5,0,False
16514244,LA Rams vs. NY Giants,Tyler Higbee,Tyler Higbee (LAR),Fumbles du joueur Plus / Moins (incl. prolongation),25005,75650,1731690404,0.5|sa:player:nfl-604176|LAR,4497680422,Tyler Higbee (LAR) moins de 0.5,Tyler Higbee (LAR) moins de 0.5,0.5,0.0,7,False
16514244,LA Rams vs. NY Giants,Nate Landman,Nate Landman (LAR),Passes décisives P/M (prolongations incluses),770,75644,1731690798,3.5|sa:player:nfl-1061888|LAR,4497681112,Nate Landman (LAR) moins de 3.5,Nate Landman (LAR) moins de 3.5,3.5,1.5556,0,False
16514244,LA Rams vs. NY Giants,Nate Landman,Nate Landman (LAR),Passes décisives P/M (prolongations incluses),770,75644,1731690798,3.5|sa:player:nfl-1061888|LAR,4497681111,Nate Landman (LAR) Plus de 3.5,Nate Landman (LAR) Plus de 3.5,3.5,2.15,0,False
16514244,LA Rams vs. NY Giants,Arvell Reese,Arvell Reese (NYG),Passes décisives P/M (prolongations incluses),770,75644,1732442382,3.5|sa:player:nfl-1449329|NYG,4500150521,Arvell Reese (NYG) Plus de 3.5,Arvell Reese (NYG) Plus de 3.5,3.5,2.0,0,False
16514244,LA Rams vs. NY Giants,Arvell Reese,Arvell Reese (NYG),Passes décisives P/M (prolongations incluses),770,75644,1732442382,3.5|sa:player:nfl-1449329|NYG,4500150522,Arvell Reese (NYG) moins de 3.5,Arvell Reese (NYG) moins de 3.5,3.5,1.6471,0,False
16514244,LA Rams vs. NY Giants,Tremaine Edmunds,Tremaine Edmunds (NYG),Passes décisives P/M (prolongations incluses),770,75644,1731690576,3.5|sa:player:nfl-883981|NYG,4497680720,Tremaine Edmunds (NYG) Plus de 3.5,Tremaine Edmunds (NYG) Plus de 3.5,3.5,1.6667,0,False
16514244,LA Rams vs. NY Giants,Tremaine Edmunds,Tremaine Edmunds (NYG),Passes décisives P/M (prolongations incluses),770,75644,1731690576,3.5|sa:player:nfl-883981|NYG,4497680721,Tremaine Edmunds (NYG) moins de 3.5,Tremaine Edmunds (NYG) moins de 3.5,3.5,1.9524,0,False
16514244,LA Rams vs. NY Giants,Jevon Holland,Jevon Holland (NYG),Passes décisives P/M (prolongations incluses),770,75644,1731690924,2.5|sa:player:nfl-1129741|NYG,4497681337,Jevon Holland (NYG) Plus de 2.5,Jevon Holland (NYG) Plus de 2.5,2.5,2.1,0,False
16514244,LA Rams vs. NY Giants,Jevon Holland,Jevon Holland (NYG),Passes décisives P/M (prolongations incluses),770,75644,1731690924,2.5|sa:player:nfl-1129741|NYG,4497681338,Jevon Holland (NYG) moins de 2.5,Jevon Holland (NYG) moins de 2.5,2.5,1.5715,0,False
16514244,LA Rams vs. NY Giants,Quentin Lake,Quentin Lake (LAR),Passes décisives P/M (prolongations incluses),770,75644,1731690856,2.5|sa:player:nfl-1071269|LAR,4497681217,Quentin Lake (LAR) Plus de 2.5,Quentin Lake (LAR) Plus de 2.5,2.5,2.0,0,False
16514244,LA Rams vs. NY Giants,Quentin Lake,Quentin Lake (LAR),Passes décisives P/M (prolongations incluses),770,75644,1731690856,2.5|sa:player:nfl-1071269|LAR,4497681218,Quentin Lake (LAR) moins de 2.5,Quentin Lake (LAR) moins de 2.5,2.5,1.6471,0,False
16514244,LA Rams vs. NY Giants,Kamren Curl,Kamren Curl (LAR),Passes décisives P/M (prolongations incluses),770,75644,1731690786,2.5|sa:player:nfl-1060721|LAR,4497681089,Kamren Curl (LAR) Plus de 2.5,Kamren Curl (LAR) Plus de 2.5,2.5,2.0,0,False
16514244,LA Rams vs. NY Giants,Kamren Curl,Kamren Curl (LAR),Passes décisives P/M (prolongations incluses),770,75644,1731690786,2.5|sa:player:nfl-1060721|LAR,4497681090,Kamren Curl (LAR) moins de 2.5,Kamren Curl (LAR) moins de 2.5,2.5,1.6471,0,False
16514244,LA Rams vs. NY Giants,Omar Speights,Omar Speights (LAR),Passes décisives P/M (prolongations incluses),770,75644,1731690989,2.5|sa:player:nfl-1161680|LAR,4497681448,Omar Speights (LAR) moins de 2.5,Omar Speights (LAR) moins de 2.5,2.5,1.7693,0,False
16514244,LA Rams vs. NY Giants,Omar Speights,Omar Speights (LAR),Passes décisives P/M (prolongations incluses),770,75644,1731690989,2.5|sa:player:nfl-1161680|LAR,4497681447,Omar Speights (LAR) Plus de 2.5,Omar Speights (LAR) Plus de 2.5,2.5,1.8334,0,False
16514244,LA Rams vs. NY Giants,Tyler Nubin,Tyler Nubin (NYG),Passes décisives P/M (prolongations incluses),770,75644,1731691066,2.5|sa:player:nfl-1164740|NYG,4497681579,Tyler Nubin (NYG) Plus de 2.5,Tyler Nubin (NYG) Plus de 2.5,2.5,1.7143,0,False
16514244,LA Rams vs. NY Giants,Tyler Nubin,Tyler Nubin (NYG),Passes décisives P/M (prolongations incluses),770,75644,1731691066,2.5|sa:player:nfl-1164740|NYG,4497681580,Tyler Nubin (NYG) moins de 2.5,Tyler Nubin (NYG) moins de 2.5,2.5,1.9091,0,False
16514244,LA Rams vs. NY Giants,Greg Newsome,Greg Newsome (NYG),Passes décisives P/M (prolongations incluses),770,75644,1732077415,1.5|sa:player:nfl-1107286|NYG,4499014052,Greg Newsome (NYG) Plus de 1.5,Greg Newsome (NYG) Plus de 1.5,1.5,2.6,0,False
16514244,LA Rams vs. NY Giants,Greg Newsome,Greg Newsome (NYG),Passes décisives P/M (prolongations incluses),770,75644,1732077415,1.5|sa:player:nfl-1107286|NYG,4499014053,Greg Newsome (NYG) moins de 1.5,Greg Newsome (NYG) moins de 1.5,1.5,1.3847,0,False
16514244,LA Rams vs. NY Giants,Shelby Harris,Shelby Harris (NYG),Passes décisives P/M (prolongations incluses),770,75644,1732077375,1.5|sa:player:nfl-500700|NYG,4499013976,Shelby Harris (NYG) Plus de 1.5,Shelby Harris (NYG) Plus de 1.5,1.5,2.4,0,False
16514244,LA Rams vs. NY Giants,Shelby Harris,Shelby Harris (NYG),Passes décisives P/M (prolongations incluses),770,75644,1732077375,1.5|sa:player:nfl-500700|NYG,4499013977,Shelby Harris (NYG) moins de 1.5,Shelby Harris (NYG) moins de 1.5,1.5,1.4445,0,False
16514244,LA Rams vs. NY Giants,D.J. Reader,D.J. Reader (NYG),Passes décisives P/M (prolongations incluses),770,75644,1732442324,1.5|sa:player:nfl-653110|NYG,4500150405,D.J. Reader (NYG) Plus de 1.5,D.J. Reader (NYG) Plus de 1.5,1.5,2.4,0,False
16514244,LA Rams vs. NY Giants,D.J. Reader,D.J. Reader (NYG),Passes décisives P/M (prolongations incluses),770,75644,1732442324,1.5|sa:player:nfl-653110|NYG,4500150406,D.J. Reader (NYG) moins de 1.5,D.J. Reader (NYG) moins de 1.5,1.5,1.4445,0,False
16514244,LA Rams vs. NY Giants,Brian Burns,Brian Burns (NYG),Passes décisives P/M (prolongations incluses),770,75644,1731690655,1.5|sa:player:nfl-936822|NYG,4497680858,Brian Burns (NYG) Plus de 1.5,Brian Burns (NYG) Plus de 1.5,1.5,2.2,0,False
16514244,LA Rams vs. NY Giants,Brian Burns,Brian Burns (NYG),Passes décisives P/M (prolongations incluses),770,75644,1731690655,1.5|sa:player:nfl-936822|NYG,4497680859,Brian Burns (NYG) moins de 1.5,Brian Burns (NYG) moins de 1.5,1.5,1.5264,0,False
16514244,LA Rams vs. NY Giants,Andru Phillips,Andru Phillips (NYG),Passes décisives P/M (prolongations incluses),770,75644,1732077428,1.5|sa:player:nfl-1213903|NYG,4499014078,Andru Phillips (NYG) Plus de 1.5,Andru Phillips (NYG) Plus de 1.5,1.5,2.2,0,False
16514244,LA Rams vs. NY Giants,Andru Phillips,Andru Phillips (NYG),Passes décisives P/M (prolongations incluses),770,75644,1732077428,1.5|sa:player:nfl-1213903|NYG,4499014079,Andru Phillips (NYG) moins de 1.5,Andru Phillips (NYG) moins de 1.5,1.5,1.5264,0,False
16514244,LA Rams vs. NY Giants,Abdul Carter,Abdul Carter (NYG),Passes décisives P/M (prolongations incluses),770,75644,1731691202,1.5|sa:player:nfl-1393329|NYG,4497681817,Abdul Carter (NYG) Plus de 1.5,Abdul Carter (NYG) Plus de 1.5,1.5,1.8696,0,False
16514244,LA Rams vs. NY Giants,Abdul Carter,Abdul Carter (NYG),Passes décisives P/M (prolongations incluses),770,75644,1731691202,1.5|sa:player:nfl-1393329|NYG,4497681818,Abdul Carter (NYG) moins de 1.5,Abdul Carter (NYG) moins de 1.5,1.5,1.7408,0,False
16514244,LA Rams vs. NY Giants,Trent McDuffie,Trent McDuffie (LAR),Passes décisives P/M (prolongations incluses),770,75644,1731691006,1.5|sa:player:nfl-1162126|LAR,4497681478,Trent McDuffie (LAR) Plus de 1.5,Trent McDuffie (LAR) Plus de 1.5,1.5,1.8334,0,False
16514244,LA Rams vs. NY Giants,Trent McDuffie,Trent McDuffie (LAR),Passes décisives P/M (prolongations incluses),770,75644,1731691006,1.5|sa:player:nfl-1162126|LAR,4497681479,Trent McDuffie (LAR) moins de 1.5,Trent McDuffie (LAR) moins de 1.5,1.5,1.7693,0,False
16514244,LA Rams vs. NY Giants,Aaron Donald,Aaron Donald (LAR),Passes décisives P/M (prolongations incluses),770,75644,1734184492,0.5|sa:player:nfl-553982|LAR,4505440064,Aaron Donald (LAR) moins de 0.5,Aaron Donald (LAR) moins de 0.5,0.5,2.6,0,False
16514244,LA Rams vs. NY Giants,Aaron Donald,Aaron Donald (LAR),Passes décisives P/M (prolongations incluses),770,75644,1734184492,0.5|sa:player:nfl-553982|LAR,4505440063,Aaron Donald (LAR) Plus de 0.5,Aaron Donald (LAR) Plus de 0.5,0.5,1.3847,0,False
16514244,LA Rams vs. NY Giants,Tremaine Edmunds,Tremaine Edmunds (NYG),Joueur Total de Tackles (prolongations incluses),2010,72301,1732442329,4.5|sa:player:nfl-883981|NYG,4500150416,Tremaine Edmunds (NYG) moins de 4.5,Tremaine Edmunds (NYG) moins de 4.5,4.5,1.5715,0,False
16514244,LA Rams vs. NY Giants,Tremaine Edmunds,Tremaine Edmunds (NYG),Joueur Total de Tackles (prolongations incluses),2010,72301,1732442329,4.5|sa:player:nfl-883981|NYG,4500150415,Tremaine Edmunds (NYG) Plus de 4.5,Tremaine Edmunds (NYG) Plus de 4.5,4.5,2.15,0,False
16514244,LA Rams vs. NY Giants,Arvell Reese,Arvell Reese (NYG),Joueur Total de Tackles (prolongations incluses),2010,72301,1732442381,3.5|sa:player:nfl-1449329|NYG,4500150520,Arvell Reese (NYG) moins de 3.5,Arvell Reese (NYG) moins de 3.5,3.5,1.9524,0,False
16514244,LA Rams vs. NY Giants,Arvell Reese,Arvell Reese (NYG),Joueur Total de Tackles (prolongations incluses),2010,72301,1732442381,3.5|sa:player:nfl-1449329|NYG,4500150519,Arvell Reese (NYG) Plus de 3.5,Arvell Reese (NYG) Plus de 3.5,3.5,1.6897,0,False
16514244,LA Rams vs. NY Giants,Quentin Lake,Quentin Lake (LAR),Joueur Total de Tackles (prolongations incluses),2010,72301,1731690855,3.5|sa:player:nfl-1071269|LAR,4497681216,Quentin Lake (LAR) moins de 3.5,Quentin Lake (LAR) moins de 3.5,3.5,1.8696,0,False
16514244,LA Rams vs. NY Giants,Quentin Lake,Quentin Lake (LAR),Joueur Total de Tackles (prolongations incluses),2010,72301,1731690855,3.5|sa:player:nfl-1071269|LAR,4497681215,Quentin Lake (LAR) Plus de 3.5,Quentin Lake (LAR) Plus de 3.5,3.5,1.7693,0,False
16514244,LA Rams vs. NY Giants,Tyler Nubin,Tyler Nubin (NYG),Joueur Total de Tackles (prolongations incluses),2010,72301,1731691065,3.5|sa:player:nfl-1164740|NYG,4497681577,Tyler Nubin (NYG) Plus de 3.5,Tyler Nubin (NYG) Plus de 3.5,3.5,1.7693,0,False
16514244,LA Rams vs. NY Giants,Tyler Nubin,Tyler Nubin (NYG),Joueur Total de Tackles (prolongations incluses),2010,72301,1731691065,3.5|sa:player:nfl-1164740|NYG,4497681578,Tyler Nubin (NYG) moins de 3.5,Tyler Nubin (NYG) moins de 3.5,3.5,1.8696,0,False
16514244,LA Rams vs. NY Giants,Kamren Curl,Kamren Curl (LAR),Joueur Total de Tackles (prolongations incluses),2010,72301,1731690785,3.5|sa:player:nfl-1060721|LAR,4497681088,Kamren Curl (LAR) moins de 3.5,Kamren Curl (LAR) moins de 3.5,3.5,1.8334,0,False
16514244,LA Rams vs. NY Giants,Kamren Curl,Kamren Curl (LAR),Joueur Total de Tackles (prolongations incluses),2010,72301,1731690785,3.5|sa:player:nfl-1060721|LAR,4497681087,Kamren Curl (LAR) Plus de 3.5,Kamren Curl (LAR) Plus de 3.5,3.5,1.8,0,False
16514244,LA Rams vs. NY Giants,Nate Landman,Nate Landman (LAR),Joueur Total de Tackles (prolongations incluses),2010,72301,1731690797,3.5|sa:player:nfl-1061888|LAR,4497681109,Nate Landman (LAR) Plus de 3.5,Nate Landman (LAR) Plus de 3.5,3.5,1.8334,0,False
16514244,LA Rams vs. NY Giants,Nate Landman,Nate Landman (LAR),Joueur Total de Tackles (prolongations incluses),2010,72301,1731690797,3.5|sa:player:nfl-1061888|LAR,4497681110,Nate Landman (LAR) moins de 3.5,Nate Landman (LAR) moins de 3.5,3.5,1.8,0,False
16514244,LA Rams vs. NY Giants,Jevon Holland,Jevon Holland (NYG),Joueur Total de Tackles (prolongations incluses),2010,72301,1732844928,3.5|sa:player:nfl-1129741|NYG,4501147986,Jevon Holland (NYG) Plus de 3.5,Jevon Holland (NYG) Plus de 3.5,3.5,2.15,0,False
16514244,LA Rams vs. NY Giants,Jevon Holland,Jevon Holland (NYG),Joueur Total de Tackles (prolongations incluses),2010,72301,1732844928,3.5|sa:player:nfl-1129741|NYG,4501147987,Jevon Holland (NYG) moins de 3.5,Jevon Holland (NYG) moins de 3.5,3.5,1.5715,0,False
16514244,LA Rams vs. NY Giants,Trent McDuffie,Trent McDuffie (LAR),Joueur Total de Tackles (prolongations incluses),2010,72301,1731691005,2.5|sa:player:nfl-1162126|LAR,4497681476,Trent McDuffie (LAR) Plus de 2.5,Trent McDuffie (LAR) Plus de 2.5,2.5,1.5264,0,False
16514244,LA Rams vs. NY Giants,Trent McDuffie,Trent McDuffie (LAR),Joueur Total de Tackles (prolongations incluses),2010,72301,1731691005,2.5|sa:player:nfl-1162126|LAR,4497681477,Trent McDuffie (LAR) moins de 2.5,Trent McDuffie (LAR) moins de 2.5,2.5,2.25,0,False
16514244,LA Rams vs. NY Giants,Omar Speights,Omar Speights (LAR),Joueur Total de Tackles (prolongations incluses),2010,72301,1731690988,2.5|sa:player:nfl-1161680|LAR,4497681445,Omar Speights (LAR) Plus de 2.5,Omar Speights (LAR) Plus de 2.5,2.5,1.6061,0,False
16514244,LA Rams vs. NY Giants,Omar Speights,Omar Speights (LAR),Joueur Total de Tackles (prolongations incluses),2010,72301,1731690988,2.5|sa:player:nfl-1161680|LAR,4497681446,Omar Speights (LAR) moins de 2.5,Omar Speights (LAR) moins de 2.5,2.5,2.1,0,False
16514244,LA Rams vs. NY Giants,Greg Newsome,Greg Newsome (NYG),Joueur Total de Tackles (prolongations incluses),2010,72301,1732077414,2.5|sa:player:nfl-1107286|NYG,4499014050,Greg Newsome (NYG) Plus de 2.5,Greg Newsome (NYG) Plus de 2.5,2.5,2.05,0,False
16514244,LA Rams vs. NY Giants,Greg Newsome,Greg Newsome (NYG),Joueur Total de Tackles (prolongations incluses),2010,72301,1732077414,2.5|sa:player:nfl-1107286|NYG,4499014051,Greg Newsome (NYG) moins de 2.5,Greg Newsome (NYG) moins de 2.5,2.5,1.625,0,False
16514244,LA Rams vs. NY Giants,Andru Phillips,Andru Phillips (NYG),Joueur Total de Tackles (prolongations incluses),2010,72301,1732077427,2.5|sa:player:nfl-1213903|NYG,4499014076,Andru Phillips (NYG) Plus de 2.5,Andru Phillips (NYG) Plus de 2.5,2.5,2.2,0,False
16514244,LA Rams vs. NY Giants,Andru Phillips,Andru Phillips (NYG),Joueur Total de Tackles (prolongations incluses),2010,72301,1732077427,2.5|sa:player:nfl-1213903|NYG,4499014077,Andru Phillips (NYG) moins de 2.5,Andru Phillips (NYG) moins de 2.5,2.5,1.5556,0,False
16514244,LA Rams vs. NY Giants,Abdul Carter,Abdul Carter (NYG),Joueur Total de Tackles (prolongations incluses),2010,72301,1731691201,1.5|sa:player:nfl-1393329|NYG,4497681816,Abdul Carter (NYG) moins de 1.5,Abdul Carter (NYG) moins de 1.5,1.5,1.5264,0,False
16514244,LA Rams vs. NY Giants,Abdul Carter,Abdul Carter (NYG),Joueur Total de Tackles (prolongations incluses),2010,72301,1731691201,1.5|sa:player:nfl-1393329|NYG,4497681815,Abdul Carter (NYG) Plus de 1.5,Abdul Carter (NYG) Plus de 1.5,1.5,2.25,0,False
16514244,LA Rams vs. NY Giants,Brian Burns,Brian Burns (NYG),Joueur Total de Tackles (prolongations incluses),2010,72301,1731690654,1.5|sa:player:nfl-936822|NYG,4497680856,Brian Burns (NYG) Plus de 1.5,Brian Burns (NYG) Plus de 1.5,1.5,2.45,0,False
16514244,LA Rams vs. NY Giants,Brian Burns,Brian Burns (NYG),Joueur Total de Tackles (prolongations incluses),2010,72301,1731690654,1.5|sa:player:nfl-936822|NYG,4497680857,Brian Burns (NYG) moins de 1.5,Brian Burns (NYG) moins de 1.5,1.5,1.4445,0,False
16514244,LA Rams vs. NY Giants,Aaron Donald,Aaron Donald (LAR),Joueur Total de Tackles (prolongations incluses),2010,72301,1731690326,1.5|sa:player:nfl-553982|LAR,4497680288,Aaron Donald (LAR) moins de 1.5,Aaron Donald (LAR) moins de 1.5,1.5,1.4167,0,False
16514244,LA Rams vs. NY Giants,Aaron Donald,Aaron Donald (LAR),Joueur Total de Tackles (prolongations incluses),2010,72301,1731690326,1.5|sa:player:nfl-553982|LAR,4497680287,Aaron Donald (LAR) Plus de 1.5,Aaron Donald (LAR) Plus de 1.5,1.5,2.55,0,False
16514244,LA Rams vs. NY Giants,D.J. Reader,D.J. Reader (NYG),Joueur Total de Tackles (prolongations incluses),2010,72301,1731690445,0.5|sa:player:nfl-653110|NYG,4497680488,D.J. Reader (NYG) moins de 0.5,D.J. Reader (NYG) moins de 0.5,0.5,2.1,0,False
16514244,LA Rams vs. NY Giants,D.J. Reader,D.J. Reader (NYG),Joueur Total de Tackles (prolongations incluses),2010,72301,1731690445,0.5|sa:player:nfl-653110|NYG,4497680487,D.J. Reader (NYG) Plus de 0.5,D.J. Reader (NYG) Plus de 0.5,0.5,1.6061,0,False
16514244,LA Rams vs. NY Giants,Shelby Harris,Shelby Harris (NYG),Joueur Total de Tackles (prolongations incluses),2010,72301,1731690321,0.5|sa:player:nfl-500700|NYG,4497680278,Shelby Harris (NYG) Plus de 0.5,Shelby Harris (NYG) Plus de 0.5,0.5,1.625,0,False
16514244,LA Rams vs. NY Giants,Shelby Harris,Shelby Harris (NYG),Joueur Total de Tackles (prolongations incluses),2010,72301,1731690321,0.5|sa:player:nfl-500700|NYG,4497680279,Shelby Harris (NYG) moins de 0.5,Shelby Harris (NYG) moins de 0.5,0.5,2.05,0,False
16514244,LA Rams vs. NY Giants,Byron Young,Byron Young (LAR),Sacks du joueur Plus/Moins (Incl. Prolongations),2254,73704,1743964035,0.5|LAR|dst:player:382169,4537921139,Byron Young (LAR) Plus de 0.5,Byron Young (LAR) Plus de 0.5,0.5,2.3,0,False
16514244,LA Rams vs. NY Giants,Byron Young,Byron Young (LAR),Sacks du joueur Plus/Moins (Incl. Prolongations),2254,73704,1743964035,0.5|LAR|dst:player:382169,4537921140,Byron Young (LAR) moins de 0.5,Byron Young (LAR) moins de 0.5,0.5,1.5,0,False
16514244,LA Rams vs. NY Giants,Kobie Turner,Kobie Turner (LAR),Sacks du joueur Plus/Moins (Incl. Prolongations),2254,73704,1743964274,0.5|LAR|dst:player:383644,4537921817,Kobie Turner (LAR) Plus de 0.5,Kobie Turner (LAR) Plus de 0.5,0.5,2.65,0,False
16514244,LA Rams vs. NY Giants,Kobie Turner,Kobie Turner (LAR),Sacks du joueur Plus/Moins (Incl. Prolongations),2254,73704,1743964274,0.5|LAR|dst:player:383644,4537921818,Kobie Turner (LAR) moins de 0.5,Kobie Turner (LAR) moins de 0.5,0.5,1.3847,0,False
16514244,LA Rams vs. NY Giants,Abdul Carter,Abdul Carter (NYG),Sacks du joueur Plus/Moins (Incl. Prolongations),2254,73704,1743964232,0.5|NYG|dst:player:488887,4537921714,Abdul Carter (NYG) Plus de 0.5,Abdul Carter (NYG) Plus de 0.5,0.5,2.8,0,False
16514244,LA Rams vs. NY Giants,Abdul Carter,Abdul Carter (NYG),Sacks du joueur Plus/Moins (Incl. Prolongations),2254,73704,1743964232,0.5|NYG|dst:player:488887,4537921715,Abdul Carter (NYG) moins de 0.5,Abdul Carter (NYG) moins de 0.5,0.5,1.3449,0,False
16514244,LA Rams vs. NY Giants,Aaron Donald,Aaron Donald (LAR),Sacks du joueur Plus/Moins (Incl. Prolongations),2254,73704,1741295154,0.5|LAR|dst:player:124742,4530157417,Aaron Donald (LAR) Plus de 0.5,Aaron Donald (LAR) Plus de 0.5,0.5,2.85,0,False
16514244,LA Rams vs. NY Giants,Aaron Donald,Aaron Donald (LAR),Sacks du joueur Plus/Moins (Incl. Prolongations),2254,73704,1741295154,0.5|LAR|dst:player:124742,4530157418,Aaron Donald (LAR) moins de 0.5,Aaron Donald (LAR) moins de 0.5,0.5,1.3334,0,False
16514244,LA Rams vs. NY Giants,Brian Burns,Brian Burns (NYG),Sacks du joueur Plus/Moins (Incl. Prolongations),2254,73704,1743964036,0.5|NYG|dst:player:409912,4537921141,Brian Burns (NYG) Plus de 0.5,Brian Burns (NYG) Plus de 0.5,0.5,2.95,0,False
16514244,LA Rams vs. NY Giants,Brian Burns,Brian Burns (NYG),Sacks du joueur Plus/Moins (Incl. Prolongations),2254,73704,1743964036,0.5|NYG|dst:player:409912,4537921142,Brian Burns (NYG) moins de 0.5,Brian Burns (NYG) moins de 0.5,0.5,1.3125,0,False
16514244,LA Rams vs. NY Giants,Josaiah Stewart,Josaiah Stewart (LAR),Sacks du joueur Plus/Moins (Incl. Prolongations),2254,73704,1743964233,0.5|LAR|dst:player:484922,4537921716,Josaiah Stewart (LAR) moins de 0.5,Josaiah Stewart (LAR) moins de 0.5,0.5,1.2106,0,False
16514244,LA Rams vs. NY Giants,Josaiah Stewart,Josaiah Stewart (LAR),Sacks du joueur Plus/Moins (Incl. Prolongations),2254,73704,1743964233,0.5|LAR|dst:player:484922,4537921812,Josaiah Stewart (LAR) Plus de 0.5,Josaiah Stewart (LAR) Plus de 0.5,0.5,3.6,0,False
16514244,LA Rams vs. NY Giants,Braden Fiske,Braden Fiske (LAR),Sacks du joueur Plus/Moins (Incl. Prolongations),2254,73704,1743964034,0.5|LAR|dst:player:430126,4537921137,Braden Fiske (LAR) Plus de 0.5,Braden Fiske (LAR) Plus de 0.5,0.5,4.0,0,False
16514244,LA Rams vs. NY Giants,Braden Fiske,Braden Fiske (LAR),Sacks du joueur Plus/Moins (Incl. Prolongations),2254,73704,1743964034,0.5|LAR|dst:player:430126,4537921138,Braden Fiske (LAR) moins de 0.5,Braden Fiske (LAR) moins de 0.5,0.5,1.1819,0,False
16514244,LA Rams vs. NY Giants,Arvell Reese,Arvell Reese (NYG),Sacks du joueur Plus/Moins (Incl. Prolongations),2254,73704,1743964275,0.5|NYG|dst:player:548520,4537921819,Arvell Reese (NYG) moins de 0.5,Arvell Reese (NYG) moins de 0.5,0.5,1.1539,0,False
16514244,LA Rams vs. NY Giants,Arvell Reese,Arvell Reese (NYG),Sacks du joueur Plus/Moins (Incl. Prolongations),2254,73704,1743964275,0.5|NYG|dst:player:548520,4537921820,Arvell Reese (NYG) Plus de 0.5,Arvell Reese (NYG) Plus de 0.5,0.5,4.25,0,False
16514244,LA Rams vs. NY Giants,Kayvon Thibodeaux,Kayvon Thibodeaux (NYG),Sacks du joueur Plus/Moins (Incl. Prolongations),2254,73704,1743964155,0.5|NYG|dst:player:321909,4537921500,Kayvon Thibodeaux (NYG) moins de 0.5,Kayvon Thibodeaux (NYG) moins de 0.5,0.5,1.1539,0,False
16514244,LA Rams vs. NY Giants,Kayvon Thibodeaux,Kayvon Thibodeaux (NYG),Sacks du joueur Plus/Moins (Incl. Prolongations),2254,73704,1743964155,0.5|NYG|dst:player:321909,4537921501,Kayvon Thibodeaux (NYG) Plus de 0.5,Kayvon Thibodeaux (NYG) Plus de 0.5,0.5,4.25,0,False
16514244,LA Rams vs. NY Giants,Poona Ford,Poona Ford (LAR),Sacks du joueur Plus/Moins (Incl. Prolongations),2254,73704,1743964033,0.5|LAR|dst:player:476509,4537921136,Poona Ford (LAR) Plus de 0.5,Poona Ford (LAR) Plus de 0.5,0.5,5.25,0,False
16514244,LA Rams vs. NY Giants,Poona Ford,Poona Ford (LAR),Sacks du joueur Plus/Moins (Incl. Prolongations),2254,73704,1743964033,0.5|LAR|dst:player:476509,4537921135,Poona Ford (LAR) moins de 0.5,Poona Ford (LAR) moins de 0.5,0.5,1.1,0,False
16514244,LA Rams vs. NY Giants,Cameron Skattebo,Cameron Skattebo (NYG),Joueur tentative de gain par la course (prolongations incluses),2012,72303,1732670824,13.5|sa:player:nfl-1280316|NYG,4500737710,Cameron Skattebo (NYG) Plus de 13.5,Cameron Skattebo (NYG) Plus de 13.5,13.5,1.6897,0,False
16514244,LA Rams vs. NY Giants,Cameron Skattebo,Cameron Skattebo (NYG),Joueur tentative de gain par la course (prolongations incluses),2012,72303,1732670824,13.5|sa:player:nfl-1280316|NYG,4500737711,Cameron Skattebo (NYG) moins de 13.5,Cameron Skattebo (NYG) moins de 13.5,13.5,1.9524,0,False
16514244,LA Rams vs. NY Giants,Kyren Williams,Kyren Williams (LAR),Joueur tentative de gain par la course (prolongations incluses),2012,72303,1732855313,13.5|sa:player:nfl-1167361|LAR,4501193365,Kyren Williams (LAR) Plus de 13.5,Kyren Williams (LAR) Plus de 13.5,13.5,1.8334,0,False
16514244,LA Rams vs. NY Giants,Kyren Williams,Kyren Williams (LAR),Joueur tentative de gain par la course (prolongations incluses),2012,72303,1732855313,13.5|sa:player:nfl-1167361|LAR,4501193366,Kyren Williams (LAR) moins de 13.5,Kyren Williams (LAR) moins de 13.5,13.5,1.8,0,False
16514244,LA Rams vs. NY Giants,Blake Corum,Blake Corum (LAR),Joueur tentative de gain par la course (prolongations incluses),2012,72303,1732855324,10.5|sa:player:nfl-1229540|LAR,4501193387,Blake Corum (LAR) Plus de 10.5,Blake Corum (LAR) Plus de 10.5,10.5,1.8334,0,False
16514244,LA Rams vs. NY Giants,Blake Corum,Blake Corum (LAR),Joueur tentative de gain par la course (prolongations incluses),2012,72303,1732855324,10.5|sa:player:nfl-1229540|LAR,4501193388,Blake Corum (LAR) moins de 10.5,Blake Corum (LAR) moins de 10.5,10.5,1.8,0,False
16514244,LA Rams vs. NY Giants,Jaxson Dart,Jaxson Dart (NYG),Joueur tentative de gain par la course (prolongations incluses),2012,72303,1732442411,6.5|sa:player:nfl-1286260|NYG,4500150579,Jaxson Dart (NYG) Plus de 6.5,Jaxson Dart (NYG) Plus de 6.5,6.5,2.05,0,False
16514244,LA Rams vs. NY Giants,Jaxson Dart,Jaxson Dart (NYG),Joueur tentative de gain par la course (prolongations incluses),2012,72303,1732442411,6.5|sa:player:nfl-1286260|NYG,4500150580,Jaxson Dart (NYG) moins de 6.5,Jaxson Dart (NYG) moins de 6.5,6.5,1.625,0,False
16514244,LA Rams vs. NY Giants,Devin Singletary,Devin Singletary (NYG),Joueur tentative de gain par la course (prolongations incluses),2012,72303,1731723048,4.5|sa:player:nfl-916466|NYG,4497774642,Devin Singletary (NYG) Plus de 4.5,Devin Singletary (NYG) Plus de 4.5,4.5,1.6061,0,False
16514244,LA Rams vs. NY Giants,Devin Singletary,Devin Singletary (NYG),Joueur tentative de gain par la course (prolongations incluses),2012,72303,1731723048,4.5|sa:player:nfl-916466|NYG,4497774643,Devin Singletary (NYG) moins de 4.5,Devin Singletary (NYG) moins de 4.5,4.5,2.1,0,False
16514244,LA Rams vs. NY Giants,Matthew Stafford,Matthew Stafford (LAR),Joueur tentative de gain par la course (prolongations incluses),2012,72303,1731690298,1.5|sa:player:nfl-323205|LAR,4497680241,Matthew Stafford (LAR) Plus de 1.5,Matthew Stafford (LAR) Plus de 1.5,1.5,2.25,0,False
16514244,LA Rams vs. NY Giants,Matthew Stafford,Matthew Stafford (LAR),Joueur tentative de gain par la course (prolongations incluses),2012,72303,1731690298,1.5|sa:player:nfl-323205|LAR,4497680242,Matthew Stafford (LAR) moins de 1.5,Matthew Stafford (LAR) moins de 1.5,1.5,1.5264,0,False
16514244,LA Rams vs. NY Giants,Puka Nacua,Puka Nacua (LAR),Total de réceptions Plus/Moins(Incl. Prolongations),767,71926,1731723118,6.5|sa:player:nfl-1162128|LAR,4497774773,Puka Nacua (LAR) Plus de 6.5,Puka Nacua (LAR) Plus de 6.5,6.5,1.8334,0,False
16514244,LA Rams vs. NY Giants,Puka Nacua,Puka Nacua (LAR),Total de réceptions Plus/Moins(Incl. Prolongations),767,71926,1731723118,6.5|sa:player:nfl-1162128|LAR,4497774774,Puka Nacua (LAR) moins de 6.5,Puka Nacua (LAR) moins de 6.5,6.5,1.8,0,False
16514244,LA Rams vs. NY Giants,Malik Nabers,Malik Nabers (NYG),Total de réceptions Plus/Moins(Incl. Prolongations),767,71926,1732623070,5.5|sa:player:nfl-1286059|NYG,4500619598,Malik Nabers (NYG) Plus de 5.5,Malik Nabers (NYG) Plus de 5.5,5.5,1.8696,0,False
16514244,LA Rams vs. NY Giants,Malik Nabers,Malik Nabers (NYG),Total de réceptions Plus/Moins(Incl. Prolongations),767,71926,1732623070,5.5|sa:player:nfl-1286059|NYG,4500619599,Malik Nabers (NYG) moins de 5.5,Malik Nabers (NYG) moins de 5.5,5.5,1.7693,0,False
16514244,LA Rams vs. NY Giants,Davante Adams,Davante Adams (LAR),Total de réceptions Plus/Moins(Incl. Prolongations),767,71926,1741297051,5.5|sa:player:nfl-611417|LAR,4530161708,Davante Adams (LAR) Plus de 5.5,Davante Adams (LAR) Plus de 5.5,5.5,1.9091,0,False
16514244,LA Rams vs. NY Giants,Davante Adams,Davante Adams (LAR),Total de réceptions Plus/Moins(Incl. Prolongations),767,71926,1741297051,5.5|sa:player:nfl-611417|LAR,4530161709,Davante Adams (LAR) moins de 5.5,Davante Adams (LAR) moins de 5.5,5.5,1.7408,0,False
16514244,LA Rams vs. NY Giants,Isaiah Likely,Isaiah Likely (NYG),Total de réceptions Plus/Moins(Incl. Prolongations),767,71926,1732546505,4.5|sa:player:nfl-1125111|NYG,4500437428,Isaiah Likely (NYG) Plus de 4.5,Isaiah Likely (NYG) Plus de 4.5,4.5,2.0,0,False
16514244,LA Rams vs. NY Giants,Isaiah Likely,Isaiah Likely (NYG),Total de réceptions Plus/Moins(Incl. Prolongations),767,71926,1732546505,4.5|sa:player:nfl-1125111|NYG,4500437429,Isaiah Likely (NYG) moins de 4.5,Isaiah Likely (NYG) moins de 4.5,4.5,1.6667,0,False
16514244,LA Rams vs. NY Giants,Colby Parkinson,Colby Parkinson (LAR),Total de réceptions Plus/Moins(Incl. Prolongations),767,71926,1731690760,2.5|sa:player:nfl-1060312|LAR,4497681046,Colby Parkinson (LAR) Plus de 2.5,Colby Parkinson (LAR) Plus de 2.5,2.5,1.5264,0,False
16514244,LA Rams vs. NY Giants,Colby Parkinson,Colby Parkinson (LAR),Total de réceptions Plus/Moins(Incl. Prolongations),767,71926,1731690760,2.5|sa:player:nfl-1060312|LAR,4497681047,Colby Parkinson (LAR) moins de 2.5,Colby Parkinson (LAR) moins de 2.5,2.5,2.25,0,False
16514244,LA Rams vs. NY Giants,Kyren Williams,Kyren Williams (LAR),Total de réceptions Plus/Moins(Incl. Prolongations),767,71926,1731691073,2.5|sa:player:nfl-1167361|LAR,4497681592,Kyren Williams (LAR) Plus de 2.5,Kyren Williams (LAR) Plus de 2.5,2.5,1.8696,0,False
16514244,LA Rams vs. NY Giants,Kyren Williams,Kyren Williams (LAR),Total de réceptions Plus/Moins(Incl. Prolongations),767,71926,1731691073,2.5|sa:player:nfl-1167361|LAR,4497681593,Kyren Williams (LAR) moins de 2.5,Kyren Williams (LAR) moins de 2.5,2.5,1.7693,0,False
16514244,LA Rams vs. NY Giants,Terrance Ferguson,Terrance Ferguson (LAR),Total de réceptions Plus/Moins(Incl. Prolongations),767,71926,1741297079,2.5|sa:player:nfl-1286179|LAR,4530161764,Terrance Ferguson (LAR) Plus de 2.5,Terrance Ferguson (LAR) Plus de 2.5,2.5,1.9091,0,False
16514244,LA Rams vs. NY Giants,Terrance Ferguson,Terrance Ferguson (LAR),Total de réceptions Plus/Moins(Incl. Prolongations),767,71926,1741297079,2.5|sa:player:nfl-1286179|LAR,4530161765,Terrance Ferguson (LAR) moins de 2.5,Terrance Ferguson (LAR) moins de 2.5,2.5,1.7408,0,False
16514244,LA Rams vs. NY Giants,Malachi Fields,Malachi Fields (NYG),Total de réceptions Plus/Moins(Incl. Prolongations),767,71926,1732442420,2.5|sa:player:nfl-1319589|NYG,4500150597,Malachi Fields (NYG) Plus de 2.5,Malachi Fields (NYG) Plus de 2.5,2.5,2.05,0,False
16514244,LA Rams vs. NY Giants,Malachi Fields,Malachi Fields (NYG),Total de réceptions Plus/Moins(Incl. Prolongations),767,71926,1732442420,2.5|sa:player:nfl-1319589|NYG,4500150598,Malachi Fields (NYG) moins de 2.5,Malachi Fields (NYG) moins de 2.5,2.5,1.625,0,False
16514244,LA Rams vs. NY Giants,Cameron Skattebo,Cameron Skattebo (NYG),Total de réceptions Plus/Moins(Incl. Prolongations),767,71926,1732546516,1.5|sa:player:nfl-1280316|NYG,4500437450,Cameron Skattebo (NYG) Plus de 1.5,Cameron Skattebo (NYG) Plus de 1.5,1.5,1.5,0,False
16514244,LA Rams vs. NY Giants,Cameron Skattebo,Cameron Skattebo (NYG),Total de réceptions Plus/Moins(Incl. Prolongations),767,71926,1732546516,1.5|sa:player:nfl-1280316|NYG,4500437451,Cameron Skattebo (NYG) moins de 1.5,Cameron Skattebo (NYG) moins de 1.5,1.5,2.3,0,False
16514244,LA Rams vs. NY Giants,Tyler Higbee,Tyler Higbee (LAR),Total de réceptions Plus/Moins(Incl. Prolongations),767,71926,1732844923,1.5|sa:player:nfl-604176|LAR,4501147976,Tyler Higbee (LAR) Plus de 1.5,Tyler Higbee (LAR) Plus de 1.5,1.5,1.7693,0,False
16514244,LA Rams vs. NY Giants,Tyler Higbee,Tyler Higbee (LAR),Total de réceptions Plus/Moins(Incl. Prolongations),767,71926,1732844923,1.5|sa:player:nfl-604176|LAR,4501147977,Tyler Higbee (LAR) moins de 1.5,Tyler Higbee (LAR) moins de 1.5,1.5,1.8696,0,False
16514244,LA Rams vs. NY Giants,Darnell Mooney,Darnell Mooney (NYG),Total de réceptions Plus/Moins(Incl. Prolongations),767,71926,1731690583,1.5|sa:player:nfl-912027|NYG,4497680733,Darnell Mooney (NYG) Plus de 1.5,Darnell Mooney (NYG) Plus de 1.5,1.5,1.9524,0,False
16514244,LA Rams vs. NY Giants,Darnell Mooney,Darnell Mooney (NYG),Total de réceptions Plus/Moins(Incl. Prolongations),767,71926,1731690583,1.5|sa:player:nfl-912027|NYG,4497680734,Darnell Mooney (NYG) moins de 1.5,Darnell Mooney (NYG) moins de 1.5,1.5,1.6897,0,False
16514244,LA Rams vs. NY Giants,Konata Mumpfield,Konata Mumpfield (LAR),Total de réceptions Plus/Moins(Incl. Prolongations),767,71926,1731691476,1.5|sa:player:nfl-1289332|LAR,4497682300,Konata Mumpfield (LAR) Plus de 1.5,Konata Mumpfield (LAR) Plus de 1.5,1.5,2.0,0,False
16514244,LA Rams vs. NY Giants,Konata Mumpfield,Konata Mumpfield (LAR),Total de réceptions Plus/Moins(Incl. Prolongations),767,71926,1731691476,1.5|sa:player:nfl-1289332|LAR,4497682301,Konata Mumpfield (LAR) moins de 1.5,Konata Mumpfield (LAR) moins de 1.5,1.5,1.6667,0,False
16514244,LA Rams vs. NY Giants,Devin Singletary,Devin Singletary (NYG),Total de réceptions Plus/Moins(Incl. Prolongations),767,71926,1732442336,1.5|sa:player:nfl-916466|NYG,4500150429,Devin Singletary (NYG) Plus de 1.5,Devin Singletary (NYG) Plus de 1.5,1.5,2.25,0,False
16514244,LA Rams vs. NY Giants,Devin Singletary,Devin Singletary (NYG),Total de réceptions Plus/Moins(Incl. Prolongations),767,71926,1732442336,1.5|sa:player:nfl-916466|NYG,4500150430,Devin Singletary (NYG) moins de 1.5,Devin Singletary (NYG) moins de 1.5,1.5,1.5264,0,False
16514244,LA Rams vs. NY Giants,Theo Johnson,Theo Johnson (NYG),Total de réceptions Plus/Moins(Incl. Prolongations),767,71926,1732539956,0.5|sa:player:nfl-1214414|NYG,4500421548,Theo Johnson (NYG) Plus de 0.5,Theo Johnson (NYG) Plus de 0.5,0.5,1.4445,0,False
16514244,LA Rams vs. NY Giants,Theo Johnson,Theo Johnson (NYG),Total de réceptions Plus/Moins(Incl. Prolongations),767,71926,1732539956,0.5|sa:player:nfl-1214414|NYG,4500421549,Theo Johnson (NYG) moins de 0.5,Theo Johnson (NYG) moins de 0.5,0.5,2.45,0,False
16514244,LA Rams vs. NY Giants,Blake Corum,Blake Corum (LAR),Total de réceptions Plus/Moins(Incl. Prolongations),767,71926,1731691173,0.5|sa:player:nfl-1229540|LAR,4497681769,Blake Corum (LAR) Plus de 0.5,Blake Corum (LAR) Plus de 0.5,0.5,1.5,0,False
16514244,LA Rams vs. NY Giants,Blake Corum,Blake Corum (LAR),Total de réceptions Plus/Moins(Incl. Prolongations),767,71926,1731691173,0.5|sa:player:nfl-1229540|LAR,4497681770,Blake Corum (LAR) moins de 0.5,Blake Corum (LAR) moins de 0.5,0.5,2.3,0,False
16514244,LA Rams vs. NY Giants,Odell Beckham Jr.,Odell Beckham Jr. (NYG),Total de réceptions Plus/Moins(Incl. Prolongations),767,71926,1731690360,0.5|sa:player:nfl-589984|NYG,4497680345,Odell Beckham Jr. (NYG) Plus de 0.5,Odell Beckham Jr. (NYG) Plus de 0.5,0.5,1.8,0,False
16514244,LA Rams vs. NY Giants,Odell Beckham Jr.,Odell Beckham Jr. (NYG),Total de réceptions Plus/Moins(Incl. Prolongations),767,71926,1731690360,0.5|sa:player:nfl-589984|NYG,4497680346,Odell Beckham Jr. (NYG) moins de 0.5,Odell Beckham Jr. (NYG) moins de 0.5,0.5,1.8334,0,False
16514244,LA Rams vs. NY Giants,Jaxson Dart,Jaxson Dart (NYG),Passes du joueur interceptées Plus/Moins (Incl. Prolongations),2253,73703,1735303532,0.5|NYG|dst:player:489891,4509458030,Jaxson Dart (NYG) Plus de 0.5,Jaxson Dart (NYG) Plus de 0.5,0.5,1.9091,0,False
16514244,LA Rams vs. NY Giants,Jaxson Dart,Jaxson Dart (NYG),Passes du joueur interceptées Plus/Moins (Incl. Prolongations),2253,73703,1735303532,0.5|NYG|dst:player:489891,4509458031,Jaxson Dart (NYG) moins de 0.5,Jaxson Dart (NYG) moins de 0.5,0.5,1.7408,0,False
16514244,LA Rams vs. NY Giants,Matthew Stafford,Matthew Stafford (LAR),Passes du joueur interceptées Plus/Moins (Incl. Prolongations),2253,73703,1735303533,0.5|LAR|dst:player:269130,4509458032,Matthew Stafford (LAR) Plus de 0.5,Matthew Stafford (LAR) Plus de 0.5,0.5,2.1,0,False
16514244,LA Rams vs. NY Giants,Matthew Stafford,Matthew Stafford (LAR),Passes du joueur interceptées Plus/Moins (Incl. Prolongations),2253,73703,1735303533,0.5|LAR|dst:player:269130,4509458033,Matthew Stafford (LAR) moins de 0.5,Matthew Stafford (LAR) moins de 0.5,0.5,1.6061,0,False
16514244,LA Rams vs. NY Giants,Matthew Stafford,Matthew Stafford (LAR),"Passes complétées, Joueur (prolongations incluses) ",760,71921,1731690273,21.5|sa:player:nfl-323205|LAR,4497680192,Matthew Stafford (LAR) moins de 21.5,Matthew Stafford (LAR) moins de 21.5,21.5,1.6897,0,False
16514244,LA Rams vs. NY Giants,Matthew Stafford,Matthew Stafford (LAR),"Passes complétées, Joueur (prolongations incluses) ",760,71921,1731690273,21.5|sa:player:nfl-323205|LAR,4497680191,Matthew Stafford (LAR) Plus de 21.5,Matthew Stafford (LAR) Plus de 21.5,21.5,1.9524,0,False
16514244,LA Rams vs. NY Giants,Jaxson Dart,Jaxson Dart (NYG),"Passes complétées, Joueur (prolongations incluses) ",760,71921,1734180456,19.5|sa:player:nfl-1286260|NYG,4505429840,Jaxson Dart (NYG) Plus de 19.5,Jaxson Dart (NYG) Plus de 19.5,19.5,1.7693,0,False
16514244,LA Rams vs. NY Giants,Jaxson Dart,Jaxson Dart (NYG),"Passes complétées, Joueur (prolongations incluses) ",760,71921,1734180456,19.5|sa:player:nfl-1286260|NYG,4505429841,Jaxson Dart (NYG) moins de 19.5,Jaxson Dart (NYG) moins de 19.5,19.5,1.8696,0,False
16514244,LA Rams vs. NY Giants,Matthew Stafford,Matthew Stafford (LAR),Tentatives de passes du joueur Plus/Moins (Incl. Prolongations),2252,73702,1731690272,32.5|sa:player:nfl-323205|LAR,4497680189,Matthew Stafford (LAR) Plus de 32.5,Matthew Stafford (LAR) Plus de 32.5,32.5,1.7693,0,False
16514244,LA Rams vs. NY Giants,Matthew Stafford,Matthew Stafford (LAR),Tentatives de passes du joueur Plus/Moins (Incl. Prolongations),2252,73702,1731690272,32.5|sa:player:nfl-323205|LAR,4497680190,Matthew Stafford (LAR) moins de 32.5,Matthew Stafford (LAR) moins de 32.5,32.5,1.8696,0,False
16514244,LA Rams vs. NY Giants,Jaxson Dart,Jaxson Dart (NYG),Tentatives de passes du joueur Plus/Moins (Incl. Prolongations),2252,73702,1740890891,30.5|sa:player:nfl-1286260|NYG,4529145944,Jaxson Dart (NYG) moins de 30.5,Jaxson Dart (NYG) moins de 30.5,30.5,1.8696,0,False
16514244,LA Rams vs. NY Giants,Jaxson Dart,Jaxson Dart (NYG),Tentatives de passes du joueur Plus/Moins (Incl. Prolongations),2252,73702,1740890891,30.5|sa:player:nfl-1286260|NYG,4529145943,Jaxson Dart (NYG) Plus de 30.5,Jaxson Dart (NYG) Plus de 30.5,30.5,1.7693,0,False
16514244,LA Rams vs. NY Giants,Puka Nacua,Puka Nacua (LAR),Joueuer Plus longue réception (prolongations incluses) ,2009,72300,1731691014,23.5|sa:player:nfl-1162128|LAR,4497681493,Puka Nacua (LAR) Plus de 23.5,Puka Nacua (LAR) Plus de 23.5,23.5,1.7693,0,False
16514244,LA Rams vs. NY Giants,Puka Nacua,Puka Nacua (LAR),Joueuer Plus longue réception (prolongations incluses) ,2009,72300,1731691014,23.5|sa:player:nfl-1162128|LAR,4497681494,Puka Nacua (LAR) moins de 23.5,Puka Nacua (LAR) moins de 23.5,23.5,1.8696,0,False
16514244,LA Rams vs. NY Giants,Davante Adams,Davante Adams (LAR),Joueuer Plus longue réception (prolongations incluses) ,2009,72300,1739713045,21.5|sa:player:nfl-611417|LAR,4525609787,Davante Adams (LAR) Plus de 21.5,Davante Adams (LAR) Plus de 21.5,21.5,1.8334,0,False
16514244,LA Rams vs. NY Giants,Davante Adams,Davante Adams (LAR),Joueuer Plus longue réception (prolongations incluses) ,2009,72300,1739713045,21.5|sa:player:nfl-611417|LAR,4525609788,Davante Adams (LAR) moins de 21.5,Davante Adams (LAR) moins de 21.5,21.5,1.8,0,False
16514244,LA Rams vs. NY Giants,Malik Nabers,Malik Nabers (NYG),Joueuer Plus longue réception (prolongations incluses) ,2009,72300,1732442399,20.5|sa:player:nfl-1286059|NYG,4500150555,Malik Nabers (NYG) Plus de 20.5,Malik Nabers (NYG) Plus de 20.5,20.5,1.7693,0,False
16514244,LA Rams vs. NY Giants,Malik Nabers,Malik Nabers (NYG),Joueuer Plus longue réception (prolongations incluses) ,2009,72300,1732442399,20.5|sa:player:nfl-1286059|NYG,4500150556,Malik Nabers (NYG) moins de 20.5,Malik Nabers (NYG) moins de 20.5,20.5,1.8696,0,False
16514244,LA Rams vs. NY Giants,Terrance Ferguson,Terrance Ferguson (LAR),Joueuer Plus longue réception (prolongations incluses) ,2009,72300,1743966970,18.5|sa:player:nfl-1286179|LAR,4537928586,Terrance Ferguson (LAR) Plus de 18.5,Terrance Ferguson (LAR) Plus de 18.5,18.5,1.7693,0,False
16514244,LA Rams vs. NY Giants,Terrance Ferguson,Terrance Ferguson (LAR),Joueuer Plus longue réception (prolongations incluses) ,2009,72300,1743966970,18.5|sa:player:nfl-1286179|LAR,4537928587,Terrance Ferguson (LAR) moins de 18.5,Terrance Ferguson (LAR) moins de 18.5,18.5,1.8696,0,False
16514244,LA Rams vs. NY Giants,Isaiah Likely,Isaiah Likely (NYG),Joueuer Plus longue réception (prolongations incluses) ,2009,72300,1732546506,18.5|sa:player:nfl-1125111|NYG,4500437430,Isaiah Likely (NYG) Plus de 18.5,Isaiah Likely (NYG) Plus de 18.5,18.5,1.8696,0,False
16514244,LA Rams vs. NY Giants,Isaiah Likely,Isaiah Likely (NYG),Joueuer Plus longue réception (prolongations incluses) ,2009,72300,1732546506,18.5|sa:player:nfl-1125111|NYG,4500437431,Isaiah Likely (NYG) moins de 18.5,Isaiah Likely (NYG) moins de 18.5,18.5,1.7693,0,False
16514244,LA Rams vs. NY Giants,Malachi Fields,Malachi Fields (NYG),Joueuer Plus longue réception (prolongations incluses) ,2009,72300,1732546529,15.5|sa:player:nfl-1319589|NYG,4500437476,Malachi Fields (NYG) Plus de 15.5,Malachi Fields (NYG) Plus de 15.5,15.5,1.8696,0,False
16514244,LA Rams vs. NY Giants,Malachi Fields,Malachi Fields (NYG),Joueuer Plus longue réception (prolongations incluses) ,2009,72300,1732546529,15.5|sa:player:nfl-1319589|NYG,4500437477,Malachi Fields (NYG) moins de 15.5,Malachi Fields (NYG) moins de 15.5,15.5,1.7693,0,False
16514244,LA Rams vs. NY Giants,Colby Parkinson,Colby Parkinson (LAR),Joueuer Plus longue réception (prolongations incluses) ,2009,72300,1732848183,14.5|sa:player:nfl-1060312|LAR,4501155986,Colby Parkinson (LAR) Plus de 14.5,Colby Parkinson (LAR) Plus de 14.5,14.5,1.8696,0,False
16514244,LA Rams vs. NY Giants,Colby Parkinson,Colby Parkinson (LAR),Joueuer Plus longue réception (prolongations incluses) ,2009,72300,1732848183,14.5|sa:player:nfl-1060312|LAR,4501155987,Colby Parkinson (LAR) moins de 14.5,Colby Parkinson (LAR) moins de 14.5,14.5,1.7693,0,False
16514244,LA Rams vs. NY Giants,Darnell Mooney,Darnell Mooney (NYG),Joueuer Plus longue réception (prolongations incluses) ,2009,72300,1731690584,12.5|sa:player:nfl-912027|NYG,4497680736,Darnell Mooney (NYG) moins de 12.5,Darnell Mooney (NYG) moins de 12.5,12.5,1.8696,0,False
16514244,LA Rams vs. NY Giants,Darnell Mooney,Darnell Mooney (NYG),Joueuer Plus longue réception (prolongations incluses) ,2009,72300,1731690584,12.5|sa:player:nfl-912027|NYG,4497680735,Darnell Mooney (NYG) Plus de 12.5,Darnell Mooney (NYG) Plus de 12.5,12.5,1.7693,0,False
16514244,LA Rams vs. NY Giants,Konata Mumpfield,Konata Mumpfield (LAR),Joueuer Plus longue réception (prolongations incluses) ,2009,72300,1739715092,10.5|sa:player:nfl-1289332|LAR,4525614630,Konata Mumpfield (LAR) Plus de 10.5,Konata Mumpfield (LAR) Plus de 10.5,10.5,1.7693,0,False
16514244,LA Rams vs. NY Giants,Konata Mumpfield,Konata Mumpfield (LAR),Joueuer Plus longue réception (prolongations incluses) ,2009,72300,1739715092,10.5|sa:player:nfl-1289332|LAR,4525614631,Konata Mumpfield (LAR) moins de 10.5,Konata Mumpfield (LAR) moins de 10.5,10.5,1.8696,0,False
16514244,LA Rams vs. NY Giants,Tyler Higbee,Tyler Higbee (LAR),Joueuer Plus longue réception (prolongations incluses) ,2009,72300,1743970674,9.5|sa:player:nfl-604176|LAR,4537937940,Tyler Higbee (LAR) Plus de 9.5,Tyler Higbee (LAR) Plus de 9.5,9.5,1.7693,0,False
16514244,LA Rams vs. NY Giants,Tyler Higbee,Tyler Higbee (LAR),Joueuer Plus longue réception (prolongations incluses) ,2009,72300,1743970674,9.5|sa:player:nfl-604176|LAR,4537937941,Tyler Higbee (LAR) moins de 9.5,Tyler Higbee (LAR) moins de 9.5,9.5,1.8696,0,False
16514244,LA Rams vs. NY Giants,Kyren Williams,Kyren Williams (LAR),Joueuer Plus longue réception (prolongations incluses) ,2009,72300,1732558751,9.5|sa:player:nfl-1167361|LAR,4500466813,Kyren Williams (LAR) Plus de 9.5,Kyren Williams (LAR) Plus de 9.5,9.5,1.8696,0,False
16514244,LA Rams vs. NY Giants,Kyren Williams,Kyren Williams (LAR),Joueuer Plus longue réception (prolongations incluses) ,2009,72300,1732558751,9.5|sa:player:nfl-1167361|LAR,4500466814,Kyren Williams (LAR) moins de 9.5,Kyren Williams (LAR) moins de 9.5,9.5,1.7693,0,False
16514244,LA Rams vs. NY Giants,Cameron Skattebo,Cameron Skattebo (NYG),Joueuer Plus longue réception (prolongations incluses) ,2009,72300,1731723140,8.5|sa:player:nfl-1280316|NYG,4497774816,Cameron Skattebo (NYG) Plus de 8.5,Cameron Skattebo (NYG) Plus de 8.5,8.5,1.8,0,False
16514244,LA Rams vs. NY Giants,Cameron Skattebo,Cameron Skattebo (NYG),Joueuer Plus longue réception (prolongations incluses) ,2009,72300,1731723140,8.5|sa:player:nfl-1280316|NYG,4497774817,Cameron Skattebo (NYG) moins de 8.5,Cameron Skattebo (NYG) moins de 8.5,8.5,1.8334,0,False
16514244,LA Rams vs. NY Giants,Theo Johnson,Theo Johnson (NYG),Joueuer Plus longue réception (prolongations incluses) ,2009,72300,1732546514,6.5|sa:player:nfl-1214414|NYG,4500437446,Theo Johnson (NYG) Plus de 6.5,Theo Johnson (NYG) Plus de 6.5,6.5,1.8,0,False
16514244,LA Rams vs. NY Giants,Theo Johnson,Theo Johnson (NYG),Joueuer Plus longue réception (prolongations incluses) ,2009,72300,1732546514,6.5|sa:player:nfl-1214414|NYG,4500437447,Theo Johnson (NYG) moins de 6.5,Theo Johnson (NYG) moins de 6.5,6.5,1.8334,0,False
16514244,LA Rams vs. NY Giants,Devin Singletary,Devin Singletary (NYG),Joueuer Plus longue réception (prolongations incluses) ,2009,72300,1744082451,6.5|sa:player:nfl-916466|NYG,4538232618,Devin Singletary (NYG) Plus de 6.5,Devin Singletary (NYG) Plus de 6.5,6.5,1.8696,0,False
16514244,LA Rams vs. NY Giants,Devin Singletary,Devin Singletary (NYG),Joueuer Plus longue réception (prolongations incluses) ,2009,72300,1744082451,6.5|sa:player:nfl-916466|NYG,4538232619,Devin Singletary (NYG) moins de 6.5,Devin Singletary (NYG) moins de 6.5,6.5,1.7693,0,False
16514244,LA Rams vs. NY Giants,Blake Corum,Blake Corum (LAR),Joueuer Plus longue réception (prolongations incluses) ,2009,72300,1739715042,3.5|sa:player:nfl-1229540|LAR,4525614512,Blake Corum (LAR) Plus de 3.5,Blake Corum (LAR) Plus de 3.5,3.5,1.8696,0,False
16514244,LA Rams vs. NY Giants,Blake Corum,Blake Corum (LAR),Joueuer Plus longue réception (prolongations incluses) ,2009,72300,1739715042,3.5|sa:player:nfl-1229540|LAR,4525614513,Blake Corum (LAR) moins de 3.5,Blake Corum (LAR) moins de 3.5,3.5,1.7693,0,False
16514244,LA Rams vs. NY Giants,Odell Beckham Jr.,Odell Beckham Jr. (NYG),Joueuer Plus longue réception (prolongations incluses) ,2009,72300,1732534257,0.5|sa:player:nfl-589984|NYG,4500408037,Odell Beckham Jr. (NYG) Plus de 0.5,Odell Beckham Jr. (NYG) Plus de 0.5,0.5,1.8334,0,False
16514244,LA Rams vs. NY Giants,Odell Beckham Jr.,Odell Beckham Jr. (NYG),Joueuer Plus longue réception (prolongations incluses) ,2009,72300,1732534257,0.5|sa:player:nfl-589984|NYG,4500408038,Odell Beckham Jr. (NYG) moins de 0.5,Odell Beckham Jr. (NYG) moins de 0.5,0.5,1.8,0,False
16514244,LA Rams vs. NY Giants,Matthew Stafford,Matthew Stafford (LAR),Joueur Plus longue passe complétée (prolongations incluses) ,2001,72292,1731690274,36.5|sa:player:nfl-323205|LAR,4497680193,Matthew Stafford (LAR) Plus de 36.5,Matthew Stafford (LAR) Plus de 36.5,36.5,1.8,0,False
16514244,LA Rams vs. NY Giants,Matthew Stafford,Matthew Stafford (LAR),Joueur Plus longue passe complétée (prolongations incluses) ,2001,72292,1731690274,36.5|sa:player:nfl-323205|LAR,4497680194,Matthew Stafford (LAR) moins de 36.5,Matthew Stafford (LAR) moins de 36.5,36.5,1.8334,0,False
16514244,LA Rams vs. NY Giants,Jaxson Dart,Jaxson Dart (NYG),Joueur Plus longue passe complétée (prolongations incluses) ,2001,72292,1731691388,33.5|sa:player:nfl-1286260|NYG,4497682144,Jaxson Dart (NYG) Plus de 33.5,Jaxson Dart (NYG) Plus de 33.5,33.5,1.8696,0,False
16514244,LA Rams vs. NY Giants,Jaxson Dart,Jaxson Dart (NYG),Joueur Plus longue passe complétée (prolongations incluses) ,2001,72292,1731691388,33.5|sa:player:nfl-1286260|NYG,4497682145,Jaxson Dart (NYG) moins de 33.5,Jaxson Dart (NYG) moins de 33.5,33.5,1.7693,0,False
16514244,LA Rams vs. NY Giants,Harrison Mevis,Harrison Mevis (LAR),Points de tir du joueur Plus/Moins (prolongations incluses) ,2003,72294,1731691131,7.5|sa:player:nfl-1213389|LAR,4497681696,Harrison Mevis (LAR) Plus de 7.5,Harrison Mevis (LAR) Plus de 7.5,7.5,1.6667,0,False
16514244,LA Rams vs. NY Giants,Harrison Mevis,Harrison Mevis (LAR),Points de tir du joueur Plus/Moins (prolongations incluses) ,2003,72294,1731691131,7.5|sa:player:nfl-1213389|LAR,4497681697,Harrison Mevis (LAR) moins de 7.5,Harrison Mevis (LAR) moins de 7.5,7.5,2.0,0,False
16514244,LA Rams vs. NY Giants,Dominic Zvada,Dominic Zvada (NYG),Points de tir du joueur Plus/Moins (prolongations incluses) ,2003,72294,1731691200,5.5|sa:player:nfl-1380799|NYG,4497681813,Dominic Zvada (NYG) Plus de 5.5,Dominic Zvada (NYG) Plus de 5.5,5.5,1.7693,0,False
16514244,LA Rams vs. NY Giants,Dominic Zvada,Dominic Zvada (NYG),Points de tir du joueur Plus/Moins (prolongations incluses) ,2003,72294,1731691200,5.5|sa:player:nfl-1380799|NYG,4497681814,Dominic Zvada (NYG) moins de 5.5,Dominic Zvada (NYG) moins de 5.5,5.5,1.8696,0,False
16514244,LA Rams vs. NY Giants,Harrison Mevis,Harrison Mevis (LAR),Field goals du joueur (prolongations incluses) ,769,71927,1731691129,1.5|sa:player:nfl-1213389|LAR,4497681692,Harrison Mevis (LAR) Plus de 1.5,Harrison Mevis (LAR) Plus de 1.5,1.5,1.6667,0,False
16514244,LA Rams vs. NY Giants,Harrison Mevis,Harrison Mevis (LAR),Field goals du joueur (prolongations incluses) ,769,71927,1731691129,1.5|sa:player:nfl-1213389|LAR,4497681693,Harrison Mevis (LAR) moins de 1.5,Harrison Mevis (LAR) moins de 1.5,1.5,2.0,0,False
16514244,LA Rams vs. NY Giants,Dominic Zvada,Dominic Zvada (NYG),Field goals du joueur (prolongations incluses) ,769,71927,1731691198,1.5|sa:player:nfl-1380799|NYG,4497681809,Dominic Zvada (NYG) Plus de 1.5,Dominic Zvada (NYG) Plus de 1.5,1.5,2.25,0,False
16514244,LA Rams vs. NY Giants,Dominic Zvada,Dominic Zvada (NYG),Field goals du joueur (prolongations incluses) ,769,71927,1731691198,1.5|sa:player:nfl-1380799|NYG,4497681810,Dominic Zvada (NYG) moins de 1.5,Dominic Zvada (NYG) moins de 1.5,1.5,1.5264,0,False
16514244,LA Rams vs. NY Giants,Jaylen Watson,Jaylen Watson (LAR),Interceptions défensives Plus/Moins (prolongations incluses),3304,73828,1731691280,0.5|sa:player:nfl-1248062|LAR,4497681957,Jaylen Watson (LAR) Plus de 0.5,Jaylen Watson (LAR) Plus de 0.5,0.5,5.75,0,False
16514244,LA Rams vs. NY Giants,Jaylen Watson,Jaylen Watson (LAR),Interceptions défensives Plus/Moins (prolongations incluses),3304,73828,1731691280,0.5|sa:player:nfl-1248062|LAR,4497681958,Jaylen Watson (LAR) moins de 0.5,Jaylen Watson (LAR) moins de 0.5,0.5,1.0834,0,False
16514244,LA Rams vs. NY Giants,Jevon Holland,Jevon Holland (NYG),Interceptions défensives Plus/Moins (prolongations incluses),3304,73828,1731690927,0.5|sa:player:nfl-1129741|NYG,4497681344,Jevon Holland (NYG) moins de 0.5,Jevon Holland (NYG) moins de 0.5,0.5,1.0715,0,False
16514244,LA Rams vs. NY Giants,Jevon Holland,Jevon Holland (NYG),Interceptions défensives Plus/Moins (prolongations incluses),3304,73828,1731690927,0.5|sa:player:nfl-1129741|NYG,4497681343,Jevon Holland (NYG) Plus de 0.5,Jevon Holland (NYG) Plus de 0.5,0.5,6.0,0,False
16514244,LA Rams vs. NY Giants,Kamren Curl,Kamren Curl (LAR),Interceptions défensives Plus/Moins (prolongations incluses),3304,73828,1731690789,0.5|sa:player:nfl-1060721|LAR,4497681096,Kamren Curl (LAR) moins de 0.5,Kamren Curl (LAR) moins de 0.5,0.5,1.0715,0,False
16514244,LA Rams vs. NY Giants,Kamren Curl,Kamren Curl (LAR),Interceptions défensives Plus/Moins (prolongations incluses),3304,73828,1731690789,0.5|sa:player:nfl-1060721|LAR,4497681095,Kamren Curl (LAR) Plus de 0.5,Kamren Curl (LAR) Plus de 0.5,0.5,6.0,0,False
16514244,LA Rams vs. NY Giants,Quentin Lake,Quentin Lake (LAR),Interceptions défensives Plus/Moins (prolongations incluses),3304,73828,1731690859,0.5|sa:player:nfl-1071269|LAR,4497681224,Quentin Lake (LAR) moins de 0.5,Quentin Lake (LAR) moins de 0.5,0.5,1.05,0,False
16514244,LA Rams vs. NY Giants,Quentin Lake,Quentin Lake (LAR),Interceptions défensives Plus/Moins (prolongations incluses),3304,73828,1731690859,0.5|sa:player:nfl-1071269|LAR,4497681223,Quentin Lake (LAR) Plus de 0.5,Quentin Lake (LAR) Plus de 0.5,0.5,6.75,0,False
16514244,LA Rams vs. NY Giants,Tremaine Edmunds,Tremaine Edmunds (NYG),Interceptions défensives Plus/Moins (prolongations incluses),3304,73828,1731690579,0.5|sa:player:nfl-883981|NYG,4497680726,Tremaine Edmunds (NYG) Plus de 0.5,Tremaine Edmunds (NYG) Plus de 0.5,0.5,6.75,0,False
16514244,LA Rams vs. NY Giants,Tremaine Edmunds,Tremaine Edmunds (NYG),Interceptions défensives Plus/Moins (prolongations incluses),3304,73828,1731690579,0.5|sa:player:nfl-883981|NYG,4497680727,Tremaine Edmunds (NYG) moins de 0.5,Tremaine Edmunds (NYG) moins de 0.5,0.5,1.05,0,False
16514244,LA Rams vs. NY Giants,Trent McDuffie,Trent McDuffie (LAR),Interceptions défensives Plus/Moins (prolongations incluses),3304,73828,1731691009,0.5|sa:player:nfl-1162126|LAR,4497681484,Trent McDuffie (LAR) Plus de 0.5,Trent McDuffie (LAR) Plus de 0.5,0.5,6.75,0,False
16514244,LA Rams vs. NY Giants,Trent McDuffie,Trent McDuffie (LAR),Interceptions défensives Plus/Moins (prolongations incluses),3304,73828,1731691009,0.5|sa:player:nfl-1162126|LAR,4497681485,Trent McDuffie (LAR) moins de 0.5,Trent McDuffie (LAR) moins de 0.5,0.5,1.05,0,False
16514244,LA Rams vs. NY Giants,Tyler Nubin,Tyler Nubin (NYG),Interceptions défensives Plus/Moins (prolongations incluses),3304,73828,1731691069,0.5|sa:player:nfl-1164740|NYG,4497681585,Tyler Nubin (NYG) Plus de 0.5,Tyler Nubin (NYG) Plus de 0.5,0.5,6.75,0,False
16514244,LA Rams vs. NY Giants,Tyler Nubin,Tyler Nubin (NYG),Interceptions défensives Plus/Moins (prolongations incluses),3304,73828,1731691069,0.5|sa:player:nfl-1164740|NYG,4497681586,Tyler Nubin (NYG) moins de 0.5,Tyler Nubin (NYG) moins de 0.5,0.5,1.05,0,False
16514244,LA Rams vs. NY Giants,Andru Phillips,Andru Phillips (NYG),Interceptions défensives Plus/Moins (prolongations incluses),3304,73828,1731691136,0.5|sa:player:nfl-1213903|NYG,4497681706,Andru Phillips (NYG) Plus de 0.5,Andru Phillips (NYG) Plus de 0.5,0.5,7.25,0,False
16514244,LA Rams vs. NY Giants,Andru Phillips,Andru Phillips (NYG),Interceptions défensives Plus/Moins (prolongations incluses),3304,73828,1731691136,0.5|sa:player:nfl-1213903|NYG,4497681707,Andru Phillips (NYG) moins de 0.5,Andru Phillips (NYG) moins de 0.5,0.5,1.04,0,False
16514244,LA Rams vs. NY Giants,Greg Newsome,Greg Newsome (NYG),Interceptions défensives Plus/Moins (prolongations incluses),3304,73828,1731690865,0.5|sa:player:nfl-1107286|NYG,4497681234,Greg Newsome (NYG) Plus de 0.5,Greg Newsome (NYG) Plus de 0.5,0.5,7.5,0,False
16514244,LA Rams vs. NY Giants,Greg Newsome,Greg Newsome (NYG),Interceptions défensives Plus/Moins (prolongations incluses),3304,73828,1731690865,0.5|sa:player:nfl-1107286|NYG,4497681235,Greg Newsome (NYG) moins de 0.5,Greg Newsome (NYG) moins de 0.5,0.5,1.0334,0,False
16514244,LA Rams vs. NY Giants,Omar Speights,Omar Speights (LAR),Interceptions défensives Plus/Moins (prolongations incluses),3304,73828,1731690992,0.5|sa:player:nfl-1161680|LAR,4497681453,Omar Speights (LAR) Plus de 0.5,Omar Speights (LAR) Plus de 0.5,0.5,9.0,0,False
16514244,LA Rams vs. NY Giants,Omar Speights,Omar Speights (LAR),Interceptions défensives Plus/Moins (prolongations incluses),3304,73828,1731690992,0.5|sa:player:nfl-1161680|LAR,4497681454,Omar Speights (LAR) moins de 0.5,Omar Speights (LAR) moins de 0.5,0.5,1.01,0,False
16514244,LA Rams vs. NY Giants,Kyren Williams,Kyren Williams (LAR),1ère mi-temps - Total de yards à la course du joueur Plus/Moins,31470,77064,1732851913,29.5|sa:player:nfl-1167361|LAR,4501164544,Kyren Williams (LAR) Plus de 29.5,Kyren Williams (LAR) Plus de 29.5,29.5,1.8334,0,False
16514244,LA Rams vs. NY Giants,Kyren Williams,Kyren Williams (LAR),1ère mi-temps - Total de yards à la course du joueur Plus/Moins,31470,77064,1732851913,29.5|sa:player:nfl-1167361|LAR,4501164545,Kyren Williams (LAR) moins de 29.5,Kyren Williams (LAR) moins de 29.5,29.5,1.7693,0,False
16514244,LA Rams vs. NY Giants,Cameron Skattebo,Cameron Skattebo (NYG),1ère mi-temps - Total de yards à la course du joueur Plus/Moins,31470,77064,1732538516,25.5|sa:player:nfl-1280316|NYG,4500418178,Cameron Skattebo (NYG) Plus de 25.5,Cameron Skattebo (NYG) Plus de 25.5,25.5,1.7693,0,False
16514244,LA Rams vs. NY Giants,Cameron Skattebo,Cameron Skattebo (NYG),1ère mi-temps - Total de yards à la course du joueur Plus/Moins,31470,77064,1732538516,25.5|sa:player:nfl-1280316|NYG,4500418179,Cameron Skattebo (NYG) moins de 25.5,Cameron Skattebo (NYG) moins de 25.5,25.5,1.8334,0,False
16514244,LA Rams vs. NY Giants,Blake Corum,Blake Corum (LAR),1ère mi-temps - Total de yards à la course du joueur Plus/Moins,31470,77064,1732871199,20.5|sa:player:nfl-1229540|LAR,4501230000,Blake Corum (LAR) moins de 20.5,Blake Corum (LAR) moins de 20.5,20.5,1.7693,0,False
16514244,LA Rams vs. NY Giants,Blake Corum,Blake Corum (LAR),1ère mi-temps - Total de yards à la course du joueur Plus/Moins,31470,77064,1732871199,20.5|sa:player:nfl-1229540|LAR,4501229999,Blake Corum (LAR) Plus de 20.5,Blake Corum (LAR) Plus de 20.5,20.5,1.8334,0,False
16514244,LA Rams vs. NY Giants,Jaxson Dart,Jaxson Dart (NYG),1ère mi-temps - Total de yards à la course du joueur Plus/Moins,31470,77064,1734168861,15.5|sa:player:nfl-1286260|NYG,4505394552,Jaxson Dart (NYG) Plus de 15.5,Jaxson Dart (NYG) Plus de 15.5,15.5,1.8334,0,False
16514244,LA Rams vs. NY Giants,Jaxson Dart,Jaxson Dart (NYG),1ère mi-temps - Total de yards à la course du joueur Plus/Moins,31470,77064,1734168861,15.5|sa:player:nfl-1286260|NYG,4505394553,Jaxson Dart (NYG) moins de 15.5,Jaxson Dart (NYG) moins de 15.5,15.5,1.7693,0,False
16514244,LA Rams vs. NY Giants,Devin Singletary,Devin Singletary (NYG),1ère mi-temps - Total de yards à la course du joueur Plus/Moins,31470,77064,1731723050,6.5|sa:player:nfl-916466|NYG,4497774646,Devin Singletary (NYG) Plus de 6.5,Devin Singletary (NYG) Plus de 6.5,6.5,1.7693,0,False
16514244,LA Rams vs. NY Giants,Devin Singletary,Devin Singletary (NYG),1ère mi-temps - Total de yards à la course du joueur Plus/Moins,31470,77064,1731723050,6.5|sa:player:nfl-916466|NYG,4497774647,Devin Singletary (NYG) moins de 6.5,Devin Singletary (NYG) moins de 6.5,6.5,1.8334,0,False
16514244,LA Rams vs. NY Giants,Matthew Stafford,Matthew Stafford (LAR),1ère mi-temps - Total de yards à la course du joueur Plus/Moins,31470,77064,1731690300,0.5|sa:player:nfl-323205|LAR,4497680245,Matthew Stafford (LAR) Plus de 0.5,Matthew Stafford (LAR) Plus de 0.5,0.5,3.6,0,False
16514244,LA Rams vs. NY Giants,Matthew Stafford,Matthew Stafford (LAR),1ère mi-temps - Total de yards à la course du joueur Plus/Moins,31470,77064,1731690300,0.5|sa:player:nfl-323205|LAR,4497680246,Matthew Stafford (LAR) moins de 0.5,Matthew Stafford (LAR) moins de 0.5,0.5,1.2,0,False
16514244,LA Rams vs. NY Giants,Kyren Williams,Kyren Williams (LAR),1ère mi-temps - Touchdowns de course du joueur Plus / Moins,31473,77067,1731691091,0.5|sa:player:nfl-1167361|LAR,4497681628,Kyren Williams (LAR) Plus de 0.5,Kyren Williams (LAR) Plus de 0.5,0.5,2.85,0,False
16514244,LA Rams vs. NY Giants,Kyren Williams,Kyren Williams (LAR),1ère mi-temps - Touchdowns de course du joueur Plus / Moins,31473,77067,1731691091,0.5|sa:player:nfl-1167361|LAR,4497681629,Kyren Williams (LAR) moins de 0.5,Kyren Williams (LAR) moins de 0.5,0.5,1.3125,0,False
16514244,LA Rams vs. NY Giants,Cameron Skattebo,Cameron Skattebo (NYG),1ère mi-temps - Touchdowns de course du joueur Plus / Moins,31473,77067,1731691308,0.5|sa:player:nfl-1280316|NYG,4497682011,Cameron Skattebo (NYG) Plus de 0.5,Cameron Skattebo (NYG) Plus de 0.5,0.5,3.6,0,False
16514244,LA Rams vs. NY Giants,Cameron Skattebo,Cameron Skattebo (NYG),1ère mi-temps - Touchdowns de course du joueur Plus / Moins,31473,77067,1731691308,0.5|sa:player:nfl-1280316|NYG,4497682012,Cameron Skattebo (NYG) moins de 0.5,Cameron Skattebo (NYG) moins de 0.5,0.5,1.2,0,False
16514244,LA Rams vs. NY Giants,Blake Corum,Blake Corum (LAR),1ère mi-temps - Touchdowns de course du joueur Plus / Moins,31473,77067,1731691244,0.5|sa:player:nfl-1229540|LAR,4497681896,Blake Corum (LAR) Plus de 0.5,Blake Corum (LAR) Plus de 0.5,0.5,5.0,0,False
16514244,LA Rams vs. NY Giants,Blake Corum,Blake Corum (LAR),1ère mi-temps - Touchdowns de course du joueur Plus / Moins,31473,77067,1731691244,0.5|sa:player:nfl-1229540|LAR,4497681897,Blake Corum (LAR) moins de 0.5,Blake Corum (LAR) moins de 0.5,0.5,1.1,0,False
16514244,LA Rams vs. NY Giants,Jaxson Dart,Jaxson Dart (NYG),1ère mi-temps - Touchdowns de course du joueur Plus / Moins,31473,77067,1731691417,0.5|sa:player:nfl-1286260|NYG,4497682202,Jaxson Dart (NYG) Plus de 0.5,Jaxson Dart (NYG) Plus de 0.5,0.5,5.0,0,False
16514244,LA Rams vs. NY Giants,Jaxson Dart,Jaxson Dart (NYG),1ère mi-temps - Touchdowns de course du joueur Plus / Moins,31473,77067,1731691417,0.5|sa:player:nfl-1286260|NYG,4497682203,Jaxson Dart (NYG) moins de 0.5,Jaxson Dart (NYG) moins de 0.5,0.5,1.1,0,False
16514244,LA Rams vs. NY Giants,Devin Singletary,Devin Singletary (NYG),1ère mi-temps - Touchdowns de course du joueur Plus / Moins,31473,77067,1731690628,0.5|sa:player:nfl-916466|NYG,4497680814,Devin Singletary (NYG) Plus de 0.5,Devin Singletary (NYG) Plus de 0.5,0.5,7.5,0,False
16514244,LA Rams vs. NY Giants,Devin Singletary,Devin Singletary (NYG),1ère mi-temps - Touchdowns de course du joueur Plus / Moins,31473,77067,1731690628,0.5|sa:player:nfl-916466|NYG,4497680815,Devin Singletary (NYG) moins de 0.5,Devin Singletary (NYG) moins de 0.5,0.5,1.02,0,False
16514244,LA Rams vs. NY Giants,Matthew Stafford,Matthew Stafford (LAR),1ère mi-temps - Touchdowns de course du joueur Plus / Moins,31473,77067,1731690303,0.5|sa:player:nfl-323205|LAR,4497680251,Matthew Stafford (LAR) Plus de 0.5,Matthew Stafford (LAR) Plus de 0.5,0.5,8.5,0,False
16514244,LA Rams vs. NY Giants,Matthew Stafford,Matthew Stafford (LAR),1ère mi-temps - Touchdowns de course du joueur Plus / Moins,31473,77067,1731690303,0.5|sa:player:nfl-323205|LAR,4497680252,Matthew Stafford (LAR) moins de 0.5,Matthew Stafford (LAR) moins de 0.5,0.5,0.0,7,False
16514244,LA Rams vs. NY Giants,Patrick Ricard,Patrick Ricard (NYG),1ère mi-temps - Touchdowns de course du joueur Plus / Moins,31473,77067,1731690470,0.5|sa:player:nfl-658389|NYG,4497680536,Patrick Ricard (NYG) Plus de 0.5,Patrick Ricard (NYG) Plus de 0.5,0.5,8.5,0,False
16514244,LA Rams vs. NY Giants,Patrick Ricard,Patrick Ricard (NYG),1ère mi-temps - Touchdowns de course du joueur Plus / Moins,31473,77067,1731690470,0.5|sa:player:nfl-658389|NYG,4497680537,Patrick Ricard (NYG) moins de 0.5,Patrick Ricard (NYG) moins de 0.5,0.5,0.0,7,False
16514244,LA Rams vs. NY Giants,Tyrone Tracy,Tyrone Tracy (NYG),1ère mi-temps - Touchdowns de course du joueur Plus / Moins,31473,77067,1731723092,0.5|sa:player:nfl-1109708|NYG,4497774730,Tyrone Tracy (NYG) Plus de 0.5,Tyrone Tracy (NYG) Plus de 0.5,0.5,8.5,0,False
16514244,LA Rams vs. NY Giants,Tyrone Tracy,Tyrone Tracy (NYG),1ère mi-temps - Touchdowns de course du joueur Plus / Moins,31473,77067,1731723092,0.5|sa:player:nfl-1109708|NYG,4497774731,Tyrone Tracy (NYG) moins de 0.5,Tyrone Tracy (NYG) moins de 0.5,0.5,0.0,7,False
16514244,LA Rams vs. NY Giants,Cameron Skattebo,Cameron Skattebo (NYG),1ère mi-temps - Tentatives de rushing du joueur Plus/Moins,31482,77076,1732558749,7.5|sa:player:nfl-1280316|NYG,4500466809,Cameron Skattebo (NYG) Plus de 7.5,Cameron Skattebo (NYG) Plus de 7.5,7.5,1.9524,0,False
16514244,LA Rams vs. NY Giants,Cameron Skattebo,Cameron Skattebo (NYG),1ère mi-temps - Tentatives de rushing du joueur Plus/Moins,31482,77076,1732558749,7.5|sa:player:nfl-1280316|NYG,4500466810,Cameron Skattebo (NYG) moins de 7.5,Cameron Skattebo (NYG) moins de 7.5,7.5,1.6667,0,False
16514244,LA Rams vs. NY Giants,Kyren Williams,Kyren Williams (LAR),1ère mi-temps - Tentatives de rushing du joueur Plus/Moins,31482,77076,1732851397,6.5|sa:player:nfl-1167361|LAR,4501163293,Kyren Williams (LAR) Plus de 6.5,Kyren Williams (LAR) Plus de 6.5,6.5,1.9524,0,False
16514244,LA Rams vs. NY Giants,Kyren Williams,Kyren Williams (LAR),1ère mi-temps - Tentatives de rushing du joueur Plus/Moins,31482,77076,1732851397,6.5|sa:player:nfl-1167361|LAR,4501163294,Kyren Williams (LAR) moins de 6.5,Kyren Williams (LAR) moins de 6.5,6.5,1.6667,0,False
16514244,LA Rams vs. NY Giants,Blake Corum,Blake Corum (LAR),1ère mi-temps - Tentatives de rushing du joueur Plus/Moins,31482,77076,1732851407,4.5|sa:player:nfl-1229540|LAR,4501163313,Blake Corum (LAR) Plus de 4.5,Blake Corum (LAR) Plus de 4.5,4.5,1.6061,0,False
16514244,LA Rams vs. NY Giants,Blake Corum,Blake Corum (LAR),1ère mi-temps - Tentatives de rushing du joueur Plus/Moins,31482,77076,1732851407,4.5|sa:player:nfl-1229540|LAR,4501163314,Blake Corum (LAR) moins de 4.5,Blake Corum (LAR) moins de 4.5,4.5,2.05,0,False
16514244,LA Rams vs. NY Giants,Jaxson Dart,Jaxson Dart (NYG),1ère mi-temps - Tentatives de rushing du joueur Plus/Moins,31482,77076,1732442416,3.5|sa:player:nfl-1286260|NYG,4500150589,Jaxson Dart (NYG) Plus de 3.5,Jaxson Dart (NYG) Plus de 3.5,3.5,2.2,0,False
16514244,LA Rams vs. NY Giants,Jaxson Dart,Jaxson Dart (NYG),1ère mi-temps - Tentatives de rushing du joueur Plus/Moins,31482,77076,1732442416,3.5|sa:player:nfl-1286260|NYG,4500150590,Jaxson Dart (NYG) moins de 3.5,Jaxson Dart (NYG) moins de 3.5,3.5,1.5264,0,False
16514244,LA Rams vs. NY Giants,Devin Singletary,Devin Singletary (NYG),1ère mi-temps - Tentatives de rushing du joueur Plus/Moins,31482,77076,1731690631,2.5|sa:player:nfl-916466|NYG,4497680820,Devin Singletary (NYG) Plus de 2.5,Devin Singletary (NYG) Plus de 2.5,2.5,1.8334,0,False
16514244,LA Rams vs. NY Giants,Devin Singletary,Devin Singletary (NYG),1ère mi-temps - Tentatives de rushing du joueur Plus/Moins,31482,77076,1731690631,2.5|sa:player:nfl-916466|NYG,4497680821,Devin Singletary (NYG) moins de 2.5,Devin Singletary (NYG) moins de 2.5,2.5,1.7693,0,False
16514244,LA Rams vs. NY Giants,Matthew Stafford,Matthew Stafford (LAR),1ère mi-temps - Tentatives de rushing du joueur Plus/Moins,31482,77076,1731690306,0.5|sa:player:nfl-323205|LAR,4497680257,Matthew Stafford (LAR) Plus de 0.5,Matthew Stafford (LAR) Plus de 0.5,0.5,2.65,0,False
16514244,LA Rams vs. NY Giants,Matthew Stafford,Matthew Stafford (LAR),1ère mi-temps - Tentatives de rushing du joueur Plus/Moins,31482,77076,1731690306,0.5|sa:player:nfl-323205|LAR,4497680258,Matthew Stafford (LAR) moins de 0.5,Matthew Stafford (LAR) moins de 0.5,0.5,1.3637,0,False
16514244,LA Rams vs. NY Giants,Kyren Williams,Kyren Williams (LAR),1ère mi-temps - Yards rushing et receiving du joueur - Plus/Moins,31488,77082,1732851399,38.5|sa:player:nfl-1167361|LAR,4501163297,Kyren Williams (LAR) Plus de 38.5,Kyren Williams (LAR) Plus de 38.5,38.5,1.7693,0,False
16514244,LA Rams vs. NY Giants,Kyren Williams,Kyren Williams (LAR),1ère mi-temps - Yards rushing et receiving du joueur - Plus/Moins,31488,77082,1732851399,38.5|sa:player:nfl-1167361|LAR,4501163298,Kyren Williams (LAR) moins de 38.5,Kyren Williams (LAR) moins de 38.5,38.5,1.8334,0,False
16514244,LA Rams vs. NY Giants,Cameron Skattebo,Cameron Skattebo (NYG),1ère mi-temps - Yards rushing et receiving du joueur - Plus/Moins,31488,77082,1732538834,33.5|sa:player:nfl-1280316|NYG,4500418866,Cameron Skattebo (NYG) Plus de 33.5,Cameron Skattebo (NYG) Plus de 33.5,33.5,1.8334,0,False
16514244,LA Rams vs. NY Giants,Cameron Skattebo,Cameron Skattebo (NYG),1ère mi-temps - Yards rushing et receiving du joueur - Plus/Moins,31488,77082,1732538834,33.5|sa:player:nfl-1280316|NYG,4500418867,Cameron Skattebo (NYG) moins de 33.5,Cameron Skattebo (NYG) moins de 33.5,33.5,1.7693,0,False
16514244,LA Rams vs. NY Giants,Blake Corum,Blake Corum (LAR),1ère mi-temps - Yards rushing et receiving du joueur - Plus/Moins,31488,77082,1732871200,23.5|sa:player:nfl-1229540|LAR,4501230001,Blake Corum (LAR) Plus de 23.5,Blake Corum (LAR) Plus de 23.5,23.5,1.7693,0,False
16514244,LA Rams vs. NY Giants,Blake Corum,Blake Corum (LAR),1ère mi-temps - Yards rushing et receiving du joueur - Plus/Moins,31488,77082,1732871200,23.5|sa:player:nfl-1229540|LAR,4501230002,Blake Corum (LAR) moins de 23.5,Blake Corum (LAR) moins de 23.5,23.5,1.8334,0,False
16514244,LA Rams vs. NY Giants,Devin Singletary,Devin Singletary (NYG),1ère mi-temps - Yards rushing et receiving du joueur - Plus/Moins,31488,77082,1731690640,11.5|sa:player:nfl-916466|NYG,4497680835,Devin Singletary (NYG) Plus de 11.5,Devin Singletary (NYG) Plus de 11.5,11.5,1.8334,0,False
16514244,LA Rams vs. NY Giants,Devin Singletary,Devin Singletary (NYG),1ère mi-temps - Yards rushing et receiving du joueur - Plus/Moins,31488,77082,1731690640,11.5|sa:player:nfl-916466|NYG,4497680836,Devin Singletary (NYG) moins de 11.5,Devin Singletary (NYG) moins de 11.5,11.5,1.7693,0,False
16514244,LA Rams vs. NY Giants,Puka Nacua,Puka Nacua (LAR),1ère mi-temps - Total de réceptions Plus/Moins,31485,77079,1731691021,3.5|sa:player:nfl-1162128|LAR,4497681507,Puka Nacua (LAR) Plus de 3.5,Puka Nacua (LAR) Plus de 3.5,3.5,1.8334,0,False
16514244,LA Rams vs. NY Giants,Puka Nacua,Puka Nacua (LAR),1ère mi-temps - Total de réceptions Plus/Moins,31485,77079,1731691021,3.5|sa:player:nfl-1162128|LAR,4497681508,Puka Nacua (LAR) moins de 3.5,Puka Nacua (LAR) moins de 3.5,3.5,1.7693,0,False
16514244,LA Rams vs. NY Giants,Davante Adams,Davante Adams (LAR),1ère mi-temps - Total de réceptions Plus/Moins,31485,77079,1737206123,2.5|sa:player:nfl-611417|LAR,4516457960,Davante Adams (LAR) moins de 2.5,Davante Adams (LAR) moins de 2.5,2.5,2.0,0,False
16514244,LA Rams vs. NY Giants,Davante Adams,Davante Adams (LAR),1ère mi-temps - Total de réceptions Plus/Moins,31485,77079,1737206123,2.5|sa:player:nfl-611417|LAR,4516457959,Davante Adams (LAR) Plus de 2.5,Davante Adams (LAR) Plus de 2.5,2.5,1.6471,0,False
16514244,LA Rams vs. NY Giants,Malik Nabers,Malik Nabers (NYG),1ère mi-temps - Total de réceptions Plus/Moins,31485,77079,1731691339,2.5|sa:player:nfl-1286059|NYG,4497682064,Malik Nabers (NYG) Plus de 2.5,Malik Nabers (NYG) Plus de 2.5,2.5,1.7143,0,False
16514244,LA Rams vs. NY Giants,Malik Nabers,Malik Nabers (NYG),1ère mi-temps - Total de réceptions Plus/Moins,31485,77079,1731691339,2.5|sa:player:nfl-1286059|NYG,4497682065,Malik Nabers (NYG) moins de 2.5,Malik Nabers (NYG) moins de 2.5,2.5,1.9091,0,False
16514244,LA Rams vs. NY Giants,Isaiah Likely,Isaiah Likely (NYG),1ère mi-temps - Total de réceptions Plus/Moins,31485,77079,1732442365,1.5|sa:player:nfl-1125111|NYG,4500150488,Isaiah Likely (NYG) moins de 1.5,Isaiah Likely (NYG) moins de 1.5,1.5,2.25,0,False
16514244,LA Rams vs. NY Giants,Isaiah Likely,Isaiah Likely (NYG),1ère mi-temps - Total de réceptions Plus/Moins,31485,77079,1732442365,1.5|sa:player:nfl-1125111|NYG,4500150487,Isaiah Likely (NYG) Plus de 1.5,Isaiah Likely (NYG) Plus de 1.5,1.5,1.5,0,False
16514244,LA Rams vs. NY Giants,Colby Parkinson,Colby Parkinson (LAR),1ère mi-temps - Total de réceptions Plus/Moins,31485,77079,1731690768,1.5|sa:player:nfl-1060312|LAR,4497681062,Colby Parkinson (LAR) Plus de 1.5,Colby Parkinson (LAR) Plus de 1.5,1.5,1.8334,0,False
16514244,LA Rams vs. NY Giants,Colby Parkinson,Colby Parkinson (LAR),1ère mi-temps - Total de réceptions Plus/Moins,31485,77079,1731690768,1.5|sa:player:nfl-1060312|LAR,4497681063,Colby Parkinson (LAR) moins de 1.5,Colby Parkinson (LAR) moins de 1.5,1.5,1.7693,0,False
16514244,LA Rams vs. NY Giants,Kyren Williams,Kyren Williams (LAR),1ère mi-temps - Total de réceptions Plus/Moins,31485,77079,1731691081,1.5|sa:player:nfl-1167361|LAR,4497681608,Kyren Williams (LAR) Plus de 1.5,Kyren Williams (LAR) Plus de 1.5,1.5,2.2,0,False
16514244,LA Rams vs. NY Giants,Kyren Williams,Kyren Williams (LAR),1ère mi-temps - Total de réceptions Plus/Moins,31485,77079,1731691081,1.5|sa:player:nfl-1167361|LAR,4497681609,Kyren Williams (LAR) moins de 1.5,Kyren Williams (LAR) moins de 1.5,1.5,1.5264,0,False
16514244,LA Rams vs. NY Giants,Terrance Ferguson,Terrance Ferguson (LAR),1ère mi-temps - Total de réceptions Plus/Moins,31485,77079,1742850087,1.5|sa:player:nfl-1286179|LAR,4534471827,Terrance Ferguson (LAR) Plus de 1.5,Terrance Ferguson (LAR) Plus de 1.5,1.5,2.25,0,False
16514244,LA Rams vs. NY Giants,Terrance Ferguson,Terrance Ferguson (LAR),1ère mi-temps - Total de réceptions Plus/Moins,31485,77079,1742850087,1.5|sa:player:nfl-1286179|LAR,4534471828,Terrance Ferguson (LAR) moins de 1.5,Terrance Ferguson (LAR) moins de 1.5,1.5,1.5,0,False
16514244,LA Rams vs. NY Giants,Malachi Fields,Malachi Fields (NYG),1ère mi-temps - Total de réceptions Plus/Moins,31485,77079,1732442424,1.5|sa:player:nfl-1319589|NYG,4500150605,Malachi Fields (NYG) Plus de 1.5,Malachi Fields (NYG) Plus de 1.5,1.5,2.65,0,False
16514244,LA Rams vs. NY Giants,Malachi Fields,Malachi Fields (NYG),1ère mi-temps - Total de réceptions Plus/Moins,31485,77079,1732442424,1.5|sa:player:nfl-1319589|NYG,4500150606,Malachi Fields (NYG) moins de 1.5,Malachi Fields (NYG) moins de 1.5,1.5,1.3637,0,False
16514244,LA Rams vs. NY Giants,Cameron Skattebo,Cameron Skattebo (NYG),1ère mi-temps - Total de réceptions Plus/Moins,31485,77079,1731723143,0.5|sa:player:nfl-1280316|NYG,4497774822,Cameron Skattebo (NYG) Plus de 0.5,Cameron Skattebo (NYG) Plus de 0.5,0.5,1.4445,0,False
16514244,LA Rams vs. NY Giants,Cameron Skattebo,Cameron Skattebo (NYG),1ère mi-temps - Total de réceptions Plus/Moins,31485,77079,1731723143,0.5|sa:player:nfl-1280316|NYG,4497774823,Cameron Skattebo (NYG) moins de 0.5,Cameron Skattebo (NYG) moins de 0.5,0.5,2.4,0,False
16514244,LA Rams vs. NY Giants,Tyler Higbee,Tyler Higbee (LAR),1ère mi-temps - Total de réceptions Plus/Moins,31485,77079,1731690395,0.5|sa:player:nfl-604176|LAR,4497680406,Tyler Higbee (LAR) Plus de 0.5,Tyler Higbee (LAR) Plus de 0.5,0.5,1.5715,0,False
16514244,LA Rams vs. NY Giants,Tyler Higbee,Tyler Higbee (LAR),1ère mi-temps - Total de réceptions Plus/Moins,31485,77079,1731690395,0.5|sa:player:nfl-604176|LAR,4497680407,Tyler Higbee (LAR) moins de 0.5,Tyler Higbee (LAR) moins de 0.5,0.5,2.1,0,False
16514244,LA Rams vs. NY Giants,Konata Mumpfield,Konata Mumpfield (LAR),1ère mi-temps - Total de réceptions Plus/Moins,31485,77079,1731691484,0.5|sa:player:nfl-1289332|LAR,4497682316,Konata Mumpfield (LAR) Plus de 0.5,Konata Mumpfield (LAR) Plus de 0.5,0.5,1.6667,0,False
16514244,LA Rams vs. NY Giants,Konata Mumpfield,Konata Mumpfield (LAR),1ère mi-temps - Total de réceptions Plus/Moins,31485,77079,1731691484,0.5|sa:player:nfl-1289332|LAR,4497682317,Konata Mumpfield (LAR) moins de 0.5,Konata Mumpfield (LAR) moins de 0.5,0.5,1.9524,0,False
16514244,LA Rams vs. NY Giants,Darnell Mooney,Darnell Mooney (NYG),1ère mi-temps - Total de réceptions Plus/Moins,31485,77079,1731690591,0.5|sa:player:nfl-912027|NYG,4497680749,Darnell Mooney (NYG) Plus de 0.5,Darnell Mooney (NYG) Plus de 0.5,0.5,1.7693,0,False
16514244,LA Rams vs. NY Giants,Darnell Mooney,Darnell Mooney (NYG),1ère mi-temps - Total de réceptions Plus/Moins,31485,77079,1731690591,0.5|sa:player:nfl-912027|NYG,4497680750,Darnell Mooney (NYG) moins de 0.5,Darnell Mooney (NYG) moins de 0.5,0.5,1.8334,0,False
16514244,LA Rams vs. NY Giants,Devin Singletary,Devin Singletary (NYG),1ère mi-temps - Total de réceptions Plus/Moins,31485,77079,1731690618,0.5|sa:player:nfl-916466|NYG,4497680794,Devin Singletary (NYG) Plus de 0.5,Devin Singletary (NYG) Plus de 0.5,0.5,1.8696,0,False
16514244,LA Rams vs. NY Giants,Devin Singletary,Devin Singletary (NYG),1ère mi-temps - Total de réceptions Plus/Moins,31485,77079,1731690618,0.5|sa:player:nfl-916466|NYG,4497680795,Devin Singletary (NYG) moins de 0.5,Devin Singletary (NYG) moins de 0.5,0.5,1.7408,0,False
16514244,LA Rams vs. NY Giants,Blake Corum,Blake Corum (LAR),1ère mi-temps - Total de réceptions Plus/Moins,31485,77079,1731691234,0.5|sa:player:nfl-1229540|LAR,4497681876,Blake Corum (LAR) Plus de 0.5,Blake Corum (LAR) Plus de 0.5,0.5,2.15,0,False
16514244,LA Rams vs. NY Giants,Blake Corum,Blake Corum (LAR),1ère mi-temps - Total de réceptions Plus/Moins,31485,77079,1731691234,0.5|sa:player:nfl-1229540|LAR,4497681877,Blake Corum (LAR) moins de 0.5,Blake Corum (LAR) moins de 0.5,0.5,1.5556,0,False
16514244,LA Rams vs. NY Giants,Theo Johnson,Theo Johnson (NYG),1ère mi-temps - Total de réceptions Plus/Moins,31485,77079,1731723129,0.5|sa:player:nfl-1214414|NYG,4497774795,Theo Johnson (NYG) Plus de 0.5,Theo Johnson (NYG) Plus de 0.5,0.5,2.25,0,False
16514244,LA Rams vs. NY Giants,Theo Johnson,Theo Johnson (NYG),1ère mi-temps - Total de réceptions Plus/Moins,31485,77079,1731723129,0.5|sa:player:nfl-1214414|NYG,4497774796,Theo Johnson (NYG) moins de 0.5,Theo Johnson (NYG) moins de 0.5,0.5,1.5,0,False
16514244,LA Rams vs. NY Giants,Odell Beckham Jr.,Odell Beckham Jr. (NYG),1ère mi-temps - Total de réceptions Plus/Moins,31485,77079,1731690368,0.5|sa:player:nfl-589984|NYG,4497680361,Odell Beckham Jr. (NYG) Plus de 0.5,Odell Beckham Jr. (NYG) Plus de 0.5,0.5,3.0,0,False
16514244,LA Rams vs. NY Giants,Odell Beckham Jr.,Odell Beckham Jr. (NYG),1ère mi-temps - Total de réceptions Plus/Moins,31485,77079,1731690368,0.5|sa:player:nfl-589984|NYG,4497680362,Odell Beckham Jr. (NYG) moins de 0.5,Odell Beckham Jr. (NYG) moins de 0.5,0.5,1.2858,0,False
16514244,LA Rams vs. NY Giants,Puka Nacua,Puka Nacua (LAR),1ère mi-temps - Yards reçus par le joueur - Plus/Moins,31464,77058,1732864979,37.5|sa:player:nfl-1162128|LAR,4501215488,Puka Nacua (LAR) moins de 37.5,Puka Nacua (LAR) moins de 37.5,37.5,1.7693,0,False
16514244,LA Rams vs. NY Giants,Puka Nacua,Puka Nacua (LAR),1ère mi-temps - Yards reçus par le joueur - Plus/Moins,31464,77058,1732864979,37.5|sa:player:nfl-1162128|LAR,4501215487,Puka Nacua (LAR) Plus de 37.5,Puka Nacua (LAR) Plus de 37.5,37.5,1.8334,0,False
16514244,LA Rams vs. NY Giants,Davante Adams,Davante Adams (LAR),1ère mi-temps - Yards reçus par le joueur - Plus/Moins,31464,77058,1743966968,31.5|sa:player:nfl-611417|LAR,4537928582,Davante Adams (LAR) Plus de 31.5,Davante Adams (LAR) Plus de 31.5,31.5,1.8334,0,False
16514244,LA Rams vs. NY Giants,Davante Adams,Davante Adams (LAR),1ère mi-temps - Yards reçus par le joueur - Plus/Moins,31464,77058,1743966968,31.5|sa:player:nfl-611417|LAR,4537928583,Davante Adams (LAR) moins de 31.5,Davante Adams (LAR) moins de 31.5,31.5,1.7693,0,False
16514244,LA Rams vs. NY Giants,Malik Nabers,Malik Nabers (NYG),1ère mi-temps - Yards reçus par le joueur - Plus/Moins,31464,77058,1732670826,27.5|sa:player:nfl-1286059|NYG,4500737714,Malik Nabers (NYG) Plus de 27.5,Malik Nabers (NYG) Plus de 27.5,27.5,1.8,0,False
16514244,LA Rams vs. NY Giants,Malik Nabers,Malik Nabers (NYG),1ère mi-temps - Yards reçus par le joueur - Plus/Moins,31464,77058,1732670826,27.5|sa:player:nfl-1286059|NYG,4500737715,Malik Nabers (NYG) moins de 27.5,Malik Nabers (NYG) moins de 27.5,27.5,1.8,0,False
16514244,LA Rams vs. NY Giants,Isaiah Likely,Isaiah Likely (NYG),1ère mi-temps - Yards reçus par le joueur - Plus/Moins,31464,77058,1732586123,18.5|sa:player:nfl-1125111|NYG,4500529220,Isaiah Likely (NYG) Plus de 18.5,Isaiah Likely (NYG) Plus de 18.5,18.5,1.7693,0,False
16514244,LA Rams vs. NY Giants,Isaiah Likely,Isaiah Likely (NYG),1ère mi-temps - Yards reçus par le joueur - Plus/Moins,31464,77058,1732586123,18.5|sa:player:nfl-1125111|NYG,4500529221,Isaiah Likely (NYG) moins de 18.5,Isaiah Likely (NYG) moins de 18.5,18.5,1.8334,0,False
16514244,LA Rams vs. NY Giants,Terrance Ferguson,Terrance Ferguson (LAR),1ère mi-temps - Yards reçus par le joueur - Plus/Moins,31464,77058,1743967246,14.5|sa:player:nfl-1286179|LAR,4537929438,Terrance Ferguson (LAR) Plus de 14.5,Terrance Ferguson (LAR) Plus de 14.5,14.5,1.7693,0,False
16514244,LA Rams vs. NY Giants,Terrance Ferguson,Terrance Ferguson (LAR),1ère mi-temps - Yards reçus par le joueur - Plus/Moins,31464,77058,1743967246,14.5|sa:player:nfl-1286179|LAR,4537929439,Terrance Ferguson (LAR) moins de 14.5,Terrance Ferguson (LAR) moins de 14.5,14.5,1.8334,0,False
16514244,LA Rams vs. NY Giants,Colby Parkinson,Colby Parkinson (LAR),1ère mi-temps - Yards reçus par le joueur - Plus/Moins,31464,77058,1732859115,12.5|sa:player:nfl-1060312|LAR,4501202472,Colby Parkinson (LAR) Plus de 12.5,Colby Parkinson (LAR) Plus de 12.5,12.5,1.7693,0,False
16514244,LA Rams vs. NY Giants,Colby Parkinson,Colby Parkinson (LAR),1ère mi-temps - Yards reçus par le joueur - Plus/Moins,31464,77058,1732859115,12.5|sa:player:nfl-1060312|LAR,4501202473,Colby Parkinson (LAR) moins de 12.5,Colby Parkinson (LAR) moins de 12.5,12.5,1.8334,0,False
16514244,LA Rams vs. NY Giants,Malachi Fields,Malachi Fields (NYG),1ère mi-temps - Yards reçus par le joueur - Plus/Moins,31464,77058,1732546530,9.5|sa:player:nfl-1319589|NYG,4500437478,Malachi Fields (NYG) Plus de 9.5,Malachi Fields (NYG) Plus de 9.5,9.5,1.8334,0,False
16514244,LA Rams vs. NY Giants,Malachi Fields,Malachi Fields (NYG),1ère mi-temps - Yards reçus par le joueur - Plus/Moins,31464,77058,1732546530,9.5|sa:player:nfl-1319589|NYG,4500437479,Malachi Fields (NYG) moins de 9.5,Malachi Fields (NYG) moins de 9.5,9.5,1.7693,0,False
16514244,LA Rams vs. NY Giants,Kyren Williams,Kyren Williams (LAR),1ère mi-temps - Yards reçus par le joueur - Plus/Moins,31464,77058,1732583968,6.5|sa:player:nfl-1167361|LAR,4500523931,Kyren Williams (LAR) Plus de 6.5,Kyren Williams (LAR) Plus de 6.5,6.5,1.8334,0,False
16514244,LA Rams vs. NY Giants,Kyren Williams,Kyren Williams (LAR),1ère mi-temps - Yards reçus par le joueur - Plus/Moins,31464,77058,1732583968,6.5|sa:player:nfl-1167361|LAR,4500523932,Kyren Williams (LAR) moins de 6.5,Kyren Williams (LAR) moins de 6.5,6.5,1.7693,0,False
16514244,LA Rams vs. NY Giants,Tyler Higbee,Tyler Higbee (LAR),1ère mi-temps - Yards reçus par le joueur - Plus/Moins,31464,77058,1744007047,4.5|sa:player:nfl-604176|LAR,4538034123,Tyler Higbee (LAR) Plus de 4.5,Tyler Higbee (LAR) Plus de 4.5,4.5,1.8334,0,False
16514244,LA Rams vs. NY Giants,Tyler Higbee,Tyler Higbee (LAR),1ère mi-temps - Yards reçus par le joueur - Plus/Moins,31464,77058,1744007047,4.5|sa:player:nfl-604176|LAR,4538034124,Tyler Higbee (LAR) moins de 4.5,Tyler Higbee (LAR) moins de 4.5,4.5,1.7693,0,False
16514244,LA Rams vs. NY Giants,Konata Mumpfield,Konata Mumpfield (LAR),1ère mi-temps - Yards reçus par le joueur - Plus/Moins,31464,77058,1739716943,3.5|sa:player:nfl-1289332|LAR,4525620105,Konata Mumpfield (LAR) Plus de 3.5,Konata Mumpfield (LAR) Plus de 3.5,3.5,1.7693,0,False
16514244,LA Rams vs. NY Giants,Konata Mumpfield,Konata Mumpfield (LAR),1ère mi-temps - Yards reçus par le joueur - Plus/Moins,31464,77058,1739716943,3.5|sa:player:nfl-1289332|LAR,4525620106,Konata Mumpfield (LAR) moins de 3.5,Konata Mumpfield (LAR) moins de 3.5,3.5,1.8334,0,False
16514244,LA Rams vs. NY Giants,Cameron Skattebo,Cameron Skattebo (NYG),1ère mi-temps - Yards reçus par le joueur - Plus/Moins,31464,77058,1732546867,3.5|sa:player:nfl-1280316|NYG,4500438267,Cameron Skattebo (NYG) Plus de 3.5,Cameron Skattebo (NYG) Plus de 3.5,3.5,1.8334,0,False
16514244,LA Rams vs. NY Giants,Cameron Skattebo,Cameron Skattebo (NYG),1ère mi-temps - Yards reçus par le joueur - Plus/Moins,31464,77058,1732546867,3.5|sa:player:nfl-1280316|NYG,4500438268,Cameron Skattebo (NYG) moins de 3.5,Cameron Skattebo (NYG) moins de 3.5,3.5,1.7693,0,False
16514244,LA Rams vs. NY Giants,Darnell Mooney,Darnell Mooney (NYG),1ère mi-temps - Yards reçus par le joueur - Plus/Moins,31464,77058,1731690585,2.5|sa:player:nfl-912027|NYG,4497680737,Darnell Mooney (NYG) Plus de 2.5,Darnell Mooney (NYG) Plus de 2.5,2.5,1.7693,0,False
16514244,LA Rams vs. NY Giants,Darnell Mooney,Darnell Mooney (NYG),1ère mi-temps - Yards reçus par le joueur - Plus/Moins,31464,77058,1731690585,2.5|sa:player:nfl-912027|NYG,4497680738,Darnell Mooney (NYG) moins de 2.5,Darnell Mooney (NYG) moins de 2.5,2.5,1.8334,0,False
16514244,LA Rams vs. NY Giants,Devin Singletary,Devin Singletary (NYG),1ère mi-temps - Yards reçus par le joueur - Plus/Moins,31464,77058,1731690612,0.5|sa:player:nfl-916466|NYG,4497680782,Devin Singletary (NYG) Plus de 0.5,Devin Singletary (NYG) Plus de 0.5,0.5,2.05,0,False
16514244,LA Rams vs. NY Giants,Devin Singletary,Devin Singletary (NYG),1ère mi-temps - Yards reçus par le joueur - Plus/Moins,31464,77058,1731690612,0.5|sa:player:nfl-916466|NYG,4497680783,Devin Singletary (NYG) moins de 0.5,Devin Singletary (NYG) moins de 0.5,0.5,1.6061,0,False
16514244,LA Rams vs. NY Giants,Theo Johnson,Theo Johnson (NYG),1ère mi-temps - Yards reçus par le joueur - Plus/Moins,31464,77058,1732442379,0.5|sa:player:nfl-1214414|NYG,4500150515,Theo Johnson (NYG) Plus de 0.5,Theo Johnson (NYG) Plus de 0.5,0.5,2.3,0,False
16514244,LA Rams vs. NY Giants,Theo Johnson,Theo Johnson (NYG),1ère mi-temps - Yards reçus par le joueur - Plus/Moins,31464,77058,1732442379,0.5|sa:player:nfl-1214414|NYG,4500150516,Theo Johnson (NYG) moins de 0.5,Theo Johnson (NYG) moins de 0.5,0.5,1.4762,0,False
16514244,LA Rams vs. NY Giants,Blake Corum,Blake Corum (LAR),1ère mi-temps - Yards reçus par le joueur - Plus/Moins,31464,77058,1731691228,0.5|sa:player:nfl-1229540|LAR,4497681864,Blake Corum (LAR) Plus de 0.5,Blake Corum (LAR) Plus de 0.5,0.5,2.4,0,False
16514244,LA Rams vs. NY Giants,Blake Corum,Blake Corum (LAR),1ère mi-temps - Yards reçus par le joueur - Plus/Moins,31464,77058,1731691228,0.5|sa:player:nfl-1229540|LAR,4497681865,Blake Corum (LAR) moins de 0.5,Blake Corum (LAR) moins de 0.5,0.5,1.4445,0,False
16514244,LA Rams vs. NY Giants,Odell Beckham Jr.,Odell Beckham Jr. (NYG),1ère mi-temps - Yards reçus par le joueur - Plus/Moins,31464,77058,1731690362,0.5|sa:player:nfl-589984|NYG,4497680349,Odell Beckham Jr. (NYG) Plus de 0.5,Odell Beckham Jr. (NYG) Plus de 0.5,0.5,3.0,0,False
16514244,LA Rams vs. NY Giants,Odell Beckham Jr.,Odell Beckham Jr. (NYG),1ère mi-temps - Yards reçus par le joueur - Plus/Moins,31464,77058,1731690362,0.5|sa:player:nfl-589984|NYG,4497680350,Odell Beckham Jr. (NYG) moins de 0.5,Odell Beckham Jr. (NYG) moins de 0.5,0.5,1.2858,0,False
16514244,LA Rams vs. NY Giants,Davante Adams,Davante Adams (LAR),1ère mi-temps - Touchdowns de réception du joueur Plus / Moins,31467,77061,1731690425,0.5|sa:player:nfl-611417|LAR,4497680456,Davante Adams (LAR) Plus de 0.5,Davante Adams (LAR) Plus de 0.5,0.5,2.9,0,False
16514244,LA Rams vs. NY Giants,Davante Adams,Davante Adams (LAR),1ère mi-temps - Touchdowns de réception du joueur Plus / Moins,31467,77061,1731690425,0.5|sa:player:nfl-611417|LAR,4497680457,Davante Adams (LAR) moins de 0.5,Davante Adams (LAR) moins de 0.5,0.5,1.3077,0,False
16514244,LA Rams vs. NY Giants,Puka Nacua,Puka Nacua (LAR),1ère mi-temps - Touchdowns de réception du joueur Plus / Moins,31467,77061,1731691018,0.5|sa:player:nfl-1162128|LAR,4497681501,Puka Nacua (LAR) Plus de 0.5,Puka Nacua (LAR) Plus de 0.5,0.5,3.75,0,False
16514244,LA Rams vs. NY Giants,Puka Nacua,Puka Nacua (LAR),1ère mi-temps - Touchdowns de réception du joueur Plus / Moins,31467,77061,1731691018,0.5|sa:player:nfl-1162128|LAR,4497681502,Puka Nacua (LAR) moins de 0.5,Puka Nacua (LAR) moins de 0.5,0.5,1.1819,0,False
16514244,LA Rams vs. NY Giants,Malik Nabers,Malik Nabers (NYG),1ère mi-temps - Touchdowns de réception du joueur Plus / Moins,31467,77061,1731691336,0.5|sa:player:nfl-1286059|NYG,4497682058,Malik Nabers (NYG) Plus de 0.5,Malik Nabers (NYG) Plus de 0.5,0.5,4.75,0,False
16514244,LA Rams vs. NY Giants,Malik Nabers,Malik Nabers (NYG),1ère mi-temps - Touchdowns de réception du joueur Plus / Moins,31467,77061,1731691336,0.5|sa:player:nfl-1286059|NYG,4497682059,Malik Nabers (NYG) moins de 0.5,Malik Nabers (NYG) moins de 0.5,0.5,1.1112,0,False
16514244,LA Rams vs. NY Giants,Isaiah Likely,Isaiah Likely (NYG),1ère mi-temps - Touchdowns de réception du joueur Plus / Moins,31467,77061,1731690891,0.5|sa:player:nfl-1125111|NYG,4497681282,Isaiah Likely (NYG) Plus de 0.5,Isaiah Likely (NYG) Plus de 0.5,0.5,5.25,0,False
16514244,LA Rams vs. NY Giants,Isaiah Likely,Isaiah Likely (NYG),1ère mi-temps - Touchdowns de réception du joueur Plus / Moins,31467,77061,1731690891,0.5|sa:player:nfl-1125111|NYG,4497681283,Isaiah Likely (NYG) moins de 0.5,Isaiah Likely (NYG) moins de 0.5,0.5,1.0834,0,False
16514244,LA Rams vs. NY Giants,Terrance Ferguson,Terrance Ferguson (LAR),1ère mi-temps - Touchdowns de réception du joueur Plus / Moins,31467,77061,1731691363,0.5|sa:player:nfl-1286179|LAR,4497682104,Terrance Ferguson (LAR) moins de 0.5,Terrance Ferguson (LAR) moins de 0.5,0.5,1.091,0,False
16514244,LA Rams vs. NY Giants,Terrance Ferguson,Terrance Ferguson (LAR),1ère mi-temps - Touchdowns de réception du joueur Plus / Moins,31467,77061,1731691363,0.5|sa:player:nfl-1286179|LAR,4497682103,Terrance Ferguson (LAR) Plus de 0.5,Terrance Ferguson (LAR) Plus de 0.5,0.5,5.25,0,False
16514244,LA Rams vs. NY Giants,Colby Parkinson,Colby Parkinson (LAR),1ère mi-temps - Touchdowns de réception du joueur Plus / Moins,31467,77061,1731690765,0.5|sa:player:nfl-1060312|LAR,4497681056,Colby Parkinson (LAR) Plus de 0.5,Colby Parkinson (LAR) Plus de 0.5,0.5,5.75,0,False
16514244,LA Rams vs. NY Giants,Colby Parkinson,Colby Parkinson (LAR),1ère mi-temps - Touchdowns de réception du joueur Plus / Moins,31467,77061,1731690765,0.5|sa:player:nfl-1060312|LAR,4497681057,Colby Parkinson (LAR) moins de 0.5,Colby Parkinson (LAR) moins de 0.5,0.5,1.0715,0,False
16514244,LA Rams vs. NY Giants,Konata Mumpfield,Konata Mumpfield (LAR),1ère mi-temps - Touchdowns de réception du joueur Plus / Moins,31467,77061,1731691481,0.5|sa:player:nfl-1289332|LAR,4497682310,Konata Mumpfield (LAR) Plus de 0.5,Konata Mumpfield (LAR) Plus de 0.5,0.5,6.75,0,False
16514244,LA Rams vs. NY Giants,Konata Mumpfield,Konata Mumpfield (LAR),1ère mi-temps - Touchdowns de réception du joueur Plus / Moins,31467,77061,1731691481,0.5|sa:player:nfl-1289332|LAR,4497682311,Konata Mumpfield (LAR) moins de 0.5,Konata Mumpfield (LAR) moins de 0.5,0.5,1.04,0,False
16514244,LA Rams vs. NY Giants,Kyren Williams,Kyren Williams (LAR),1ère mi-temps - Touchdowns de réception du joueur Plus / Moins,31467,77061,1731691078,0.5|sa:player:nfl-1167361|LAR,4497681602,Kyren Williams (LAR) Plus de 0.5,Kyren Williams (LAR) Plus de 0.5,0.5,6.75,0,False
16514244,LA Rams vs. NY Giants,Kyren Williams,Kyren Williams (LAR),1ère mi-temps - Touchdowns de réception du joueur Plus / Moins,31467,77061,1731691078,0.5|sa:player:nfl-1167361|LAR,4497681603,Kyren Williams (LAR) moins de 0.5,Kyren Williams (LAR) moins de 0.5,0.5,1.04,0,False
16514244,LA Rams vs. NY Giants,Malachi Fields,Malachi Fields (NYG),1ère mi-temps - Touchdowns de réception du joueur Plus / Moins,31467,77061,1731691514,0.5|sa:player:nfl-1319589|NYG,4497682366,Malachi Fields (NYG) Plus de 0.5,Malachi Fields (NYG) Plus de 0.5,0.5,7.0,0,False
16514244,LA Rams vs. NY Giants,Malachi Fields,Malachi Fields (NYG),1ère mi-temps - Touchdowns de réception du joueur Plus / Moins,31467,77061,1731691514,0.5|sa:player:nfl-1319589|NYG,4497682367,Malachi Fields (NYG) moins de 0.5,Malachi Fields (NYG) moins de 0.5,0.5,1.0334,0,False
16514244,LA Rams vs. NY Giants,Tyler Higbee,Tyler Higbee (LAR),1ère mi-temps - Touchdowns de réception du joueur Plus / Moins,31467,77061,1731690392,0.5|sa:player:nfl-604176|LAR,4497680400,Tyler Higbee (LAR) Plus de 0.5,Tyler Higbee (LAR) Plus de 0.5,0.5,7.0,0,False
16514244,LA Rams vs. NY Giants,Tyler Higbee,Tyler Higbee (LAR),1ère mi-temps - Touchdowns de réception du joueur Plus / Moins,31467,77061,1731690392,0.5|sa:player:nfl-604176|LAR,4497680401,Tyler Higbee (LAR) moins de 0.5,Tyler Higbee (LAR) moins de 0.5,0.5,1.0334,0,False
16514244,LA Rams vs. NY Giants,Cameron Skattebo,Cameron Skattebo (NYG),1ère mi-temps - Touchdowns de réception du joueur Plus / Moins,31467,77061,1731691295,0.5|sa:player:nfl-1280316|NYG,4497681985,Cameron Skattebo (NYG) Plus de 0.5,Cameron Skattebo (NYG) Plus de 0.5,0.5,7.75,0,False
16514244,LA Rams vs. NY Giants,Cameron Skattebo,Cameron Skattebo (NYG),1ère mi-temps - Touchdowns de réception du joueur Plus / Moins,31467,77061,1731691295,0.5|sa:player:nfl-1280316|NYG,4497681986,Cameron Skattebo (NYG) moins de 0.5,Cameron Skattebo (NYG) moins de 0.5,0.5,1.02,0,False
16514244,LA Rams vs. NY Giants,Tutu Atwell,Tutu Atwell (LAR),1ère mi-temps - Touchdowns de réception du joueur Plus / Moins,31467,77061,1741304037,0.5|sa:player:nfl-1106760|LAR,4530177956,Tutu Atwell (LAR) Plus de 0.5,Tutu Atwell (LAR) Plus de 0.5,0.5,7.75,0,False
16514244,LA Rams vs. NY Giants,Tutu Atwell,Tutu Atwell (LAR),1ère mi-temps - Touchdowns de réception du joueur Plus / Moins,31467,77061,1741304037,0.5|sa:player:nfl-1106760|LAR,4530177957,Tutu Atwell (LAR) moins de 0.5,Tutu Atwell (LAR) moins de 0.5,0.5,1.02,0,False
16514244,LA Rams vs. NY Giants,Xavier Smith,Xavier Smith (LAR),1ère mi-temps - Touchdowns de réception du joueur Plus / Moins,31467,77061,1731690936,0.5|sa:player:nfl-1137635|LAR,4497681360,Xavier Smith (LAR) Plus de 0.5,Xavier Smith (LAR) Plus de 0.5,0.5,7.75,0,False
16514244,LA Rams vs. NY Giants,Xavier Smith,Xavier Smith (LAR),1ère mi-temps - Touchdowns de réception du joueur Plus / Moins,31467,77061,1731690936,0.5|sa:player:nfl-1137635|LAR,4497681361,Xavier Smith (LAR) moins de 0.5,Xavier Smith (LAR) moins de 0.5,0.5,1.02,0,False
16514244,LA Rams vs. NY Giants,Blake Corum,Blake Corum (LAR),1ère mi-temps - Touchdowns de réception du joueur Plus / Moins,31467,77061,1731691231,0.5|sa:player:nfl-1229540|LAR,4497681870,Blake Corum (LAR) Plus de 0.5,Blake Corum (LAR) Plus de 0.5,0.5,8.5,0,False
16514244,LA Rams vs. NY Giants,Blake Corum,Blake Corum (LAR),1ère mi-temps - Touchdowns de réception du joueur Plus / Moins,31467,77061,1731691231,0.5|sa:player:nfl-1229540|LAR,4497681871,Blake Corum (LAR) moins de 0.5,Blake Corum (LAR) moins de 0.5,0.5,0.0,7,False
16514244,LA Rams vs. NY Giants,Darnell Mooney,Darnell Mooney (NYG),1ère mi-temps - Touchdowns de réception du joueur Plus / Moins,31467,77061,1731690588,0.5|sa:player:nfl-912027|NYG,4497680744,Darnell Mooney (NYG) moins de 0.5,Darnell Mooney (NYG) moins de 0.5,0.5,1.01,0,False
16514244,LA Rams vs. NY Giants,Darnell Mooney,Darnell Mooney (NYG),1ère mi-temps - Touchdowns de réception du joueur Plus / Moins,31467,77061,1731690588,0.5|sa:player:nfl-912027|NYG,4497680743,Darnell Mooney (NYG) Plus de 0.5,Darnell Mooney (NYG) Plus de 0.5,0.5,8.5,0,False
16514244,LA Rams vs. NY Giants,Davis Allen,Davis Allen (LAR),1ère mi-temps - Touchdowns de réception du joueur Plus / Moins,31467,77061,1731690968,0.5|sa:player:nfl-1161664|LAR,4497681414,Davis Allen (LAR) Plus de 0.5,Davis Allen (LAR) Plus de 0.5,0.5,8.5,0,False
16514244,LA Rams vs. NY Giants,Davis Allen,Davis Allen (LAR),1ère mi-temps - Touchdowns de réception du joueur Plus / Moins,31467,77061,1731690968,0.5|sa:player:nfl-1161664|LAR,4497681415,Davis Allen (LAR) moins de 0.5,Davis Allen (LAR) moins de 0.5,0.5,1.01,0,False
16514244,LA Rams vs. NY Giants,Devin Singletary,Devin Singletary (NYG),1ère mi-temps - Touchdowns de réception du joueur Plus / Moins,31467,77061,1731690615,0.5|sa:player:nfl-916466|NYG,4497680788,Devin Singletary (NYG) Plus de 0.5,Devin Singletary (NYG) Plus de 0.5,0.5,8.5,0,False
16514244,LA Rams vs. NY Giants,Devin Singletary,Devin Singletary (NYG),1ère mi-temps - Touchdowns de réception du joueur Plus / Moins,31467,77061,1731690615,0.5|sa:player:nfl-916466|NYG,4497680789,Devin Singletary (NYG) moins de 0.5,Devin Singletary (NYG) moins de 0.5,0.5,0.0,7,False
16514244,LA Rams vs. NY Giants,Odell Beckham Jr.,Odell Beckham Jr. (NYG),1ère mi-temps - Touchdowns de réception du joueur Plus / Moins,31467,77061,1731690365,0.5|sa:player:nfl-589984|NYG,4497680355,Odell Beckham Jr. (NYG) Plus de 0.5,Odell Beckham Jr. (NYG) Plus de 0.5,0.5,8.5,0,False
16514244,LA Rams vs. NY Giants,Odell Beckham Jr.,Odell Beckham Jr. (NYG),1ère mi-temps - Touchdowns de réception du joueur Plus / Moins,31467,77061,1731690365,0.5|sa:player:nfl-589984|NYG,4497680356,Odell Beckham Jr. (NYG) moins de 0.5,Odell Beckham Jr. (NYG) moins de 0.5,0.5,0.0,7,False
16514244,LA Rams vs. NY Giants,Theo Johnson,Theo Johnson (NYG),1ère mi-temps - Touchdowns de réception du joueur Plus / Moins,31467,77061,1731691145,0.5|sa:player:nfl-1214414|NYG,4497681723,Theo Johnson (NYG) Plus de 0.5,Theo Johnson (NYG) Plus de 0.5,0.5,8.5,0,False
16514244,LA Rams vs. NY Giants,Theo Johnson,Theo Johnson (NYG),1ère mi-temps - Touchdowns de réception du joueur Plus / Moins,31467,77061,1731691145,0.5|sa:player:nfl-1214414|NYG,4497681724,Theo Johnson (NYG) moins de 0.5,Theo Johnson (NYG) moins de 0.5,0.5,0.0,7,False
16514244,LA Rams vs. NY Giants,Matthew Stafford,Matthew Stafford (LAR),1ère mi-temps - Total de yards à la passe du joueur Plus/Moins,31458,77052,1732848174,126.5|sa:player:nfl-323205|LAR,4501155968,Matthew Stafford (LAR) Plus de 126.5,Matthew Stafford (LAR) Plus de 126.5,126.5,1.8334,0,False
16514244,LA Rams vs. NY Giants,Matthew Stafford,Matthew Stafford (LAR),1ère mi-temps - Total de yards à la passe du joueur Plus/Moins,31458,77052,1732848174,126.5|sa:player:nfl-323205|LAR,4501155969,Matthew Stafford (LAR) moins de 126.5,Matthew Stafford (LAR) moins de 126.5,126.5,1.7693,0,False
16514244,LA Rams vs. NY Giants,Jaxson Dart,Jaxson Dart (NYG),1ère mi-temps - Total de yards à la passe du joueur Plus/Moins,31458,77052,1741025755,102.5|sa:player:nfl-1286260|NYG,4529489011,Jaxson Dart (NYG) Plus de 102.5,Jaxson Dart (NYG) Plus de 102.5,102.5,1.8334,0,False
16514244,LA Rams vs. NY Giants,Jaxson Dart,Jaxson Dart (NYG),1ère mi-temps - Total de yards à la passe du joueur Plus/Moins,31458,77052,1741025755,102.5|sa:player:nfl-1286260|NYG,4529489012,Jaxson Dart (NYG) moins de 102.5,Jaxson Dart (NYG) moins de 102.5,102.5,1.7693,0,False
16514244,LA Rams vs. NY Giants,Matthew Stafford,Matthew Stafford (LAR),1ère mi-temps - Total de Touchdowns à la passe du joueur - Plus/Moins,31461,77055,1731690281,0.5|sa:player:nfl-323205|LAR,4497680208,Matthew Stafford (LAR) moins de 0.5,Matthew Stafford (LAR) moins de 0.5,0.5,2.45,0,False
16514244,LA Rams vs. NY Giants,Matthew Stafford,Matthew Stafford (LAR),1ère mi-temps - Total de Touchdowns à la passe du joueur - Plus/Moins,31461,77055,1731690281,0.5|sa:player:nfl-323205|LAR,4497680207,Matthew Stafford (LAR) Plus de 0.5,Matthew Stafford (LAR) Plus de 0.5,0.5,1.4167,0,False
16514244,LA Rams vs. NY Giants,Jaxson Dart,Jaxson Dart (NYG),1ère mi-temps - Total de Touchdowns à la passe du joueur - Plus/Moins,31461,77055,1731691395,0.5|sa:player:nfl-1286260|NYG,4497682158,Jaxson Dart (NYG) Plus de 0.5,Jaxson Dart (NYG) Plus de 0.5,0.5,2.05,0,False
16514244,LA Rams vs. NY Giants,Jaxson Dart,Jaxson Dart (NYG),1ère mi-temps - Total de Touchdowns à la passe du joueur - Plus/Moins,31461,77055,1731691395,0.5|sa:player:nfl-1286260|NYG,4497682159,Jaxson Dart (NYG) moins de 0.5,Jaxson Dart (NYG) moins de 0.5,0.5,1.6061,0,False
16514244,LA Rams vs. NY Giants,Matthew Stafford,Matthew Stafford (LAR),1ère mi-temps - Passes réussies du joueur - Plus/Moins,31491,77085,1731690293,11.5|sa:player:nfl-323205|LAR,4497680232,Matthew Stafford (LAR) moins de 11.5,Matthew Stafford (LAR) moins de 11.5,11.5,1.7693,0,False
16514244,LA Rams vs. NY Giants,Matthew Stafford,Matthew Stafford (LAR),1ère mi-temps - Passes réussies du joueur - Plus/Moins,31491,77085,1731690293,11.5|sa:player:nfl-323205|LAR,4497680231,Matthew Stafford (LAR) Plus de 11.5,Matthew Stafford (LAR) Plus de 11.5,11.5,1.8334,0,False
16514244,LA Rams vs. NY Giants,Jaxson Dart,Jaxson Dart (NYG),1ère mi-temps - Passes réussies du joueur - Plus/Moins,31491,77085,1732077436,9.5|sa:player:nfl-1286260|NYG,4499014094,Jaxson Dart (NYG) Plus de 9.5,Jaxson Dart (NYG) Plus de 9.5,9.5,1.7693,0,False
16514244,LA Rams vs. NY Giants,Jaxson Dart,Jaxson Dart (NYG),1ère mi-temps - Passes réussies du joueur - Plus/Moins,31491,77085,1732077436,9.5|sa:player:nfl-1286260|NYG,4499014095,Jaxson Dart (NYG) moins de 9.5,Jaxson Dart (NYG) moins de 9.5,9.5,1.8334,0,False
16514244,LA Rams vs. NY Giants,Matthew Stafford,Matthew Stafford (LAR),1ère mi-temps - Joueur Tentative de passe - Plus/Moins,31479,77073,1731690290,17.5|sa:player:nfl-323205|LAR,4497680225,Matthew Stafford (LAR) Plus de 17.5,Matthew Stafford (LAR) Plus de 17.5,17.5,1.7693,0,False
16514244,LA Rams vs. NY Giants,Matthew Stafford,Matthew Stafford (LAR),1ère mi-temps - Joueur Tentative de passe - Plus/Moins,31479,77073,1731690290,17.5|sa:player:nfl-323205|LAR,4497680226,Matthew Stafford (LAR) moins de 17.5,Matthew Stafford (LAR) moins de 17.5,17.5,1.8334,0,False
16514244,LA Rams vs. NY Giants,Jaxson Dart,Jaxson Dart (NYG),1ère mi-temps - Joueur Tentative de passe - Plus/Moins,31479,77073,1732077435,14.5|sa:player:nfl-1286260|NYG,4499014092,Jaxson Dart (NYG) Plus de 14.5,Jaxson Dart (NYG) Plus de 14.5,14.5,1.7408,0,False
16514244,LA Rams vs. NY Giants,Jaxson Dart,Jaxson Dart (NYG),1ère mi-temps - Joueur Tentative de passe - Plus/Moins,31479,77073,1732077435,14.5|sa:player:nfl-1286260|NYG,4499014093,Jaxson Dart (NYG) moins de 14.5,Jaxson Dart (NYG) moins de 14.5,14.5,1.8696,0,False
16514244,LA Rams vs. NY Giants,Matthew Stafford,Matthew Stafford (LAR),1ère mi-temps - Interceptions du joueur Plus/Moins,31476,77070,1731690287,0.5|sa:player:nfl-323205|LAR,4497680219,Matthew Stafford (LAR) Plus de 0.5,Matthew Stafford (LAR) Plus de 0.5,0.5,3.0,0,False
16514244,LA Rams vs. NY Giants,Matthew Stafford,Matthew Stafford (LAR),1ère mi-temps - Interceptions du joueur Plus/Moins,31476,77070,1731690287,0.5|sa:player:nfl-323205|LAR,4497680220,Matthew Stafford (LAR) moins de 0.5,Matthew Stafford (LAR) moins de 0.5,0.5,1.2858,0,False
16514244,LA Rams vs. NY Giants,Jaxson Dart,Jaxson Dart (NYG),1ère mi-temps - Interceptions du joueur Plus/Moins,31476,77070,1731691401,0.5|sa:player:nfl-1286260|NYG,4497682170,Jaxson Dart (NYG) Plus de 0.5,Jaxson Dart (NYG) Plus de 0.5,0.5,3.1,0,False
16514244,LA Rams vs. NY Giants,Jaxson Dart,Jaxson Dart (NYG),1ère mi-temps - Interceptions du joueur Plus/Moins,31476,77070,1731691401,0.5|sa:player:nfl-1286260|NYG,4497682171,Jaxson Dart (NYG) moins de 0.5,Jaxson Dart (NYG) moins de 0.5,0.5,1.2667,0,False
16514244,LA Rams vs. NY Giants,Matthew Stafford,Matthew Stafford (LAR),Total de Touchdowns à la passe du joueur (Incl. Prolongations),761,71923,1731690270,1.5|sa:player:nfl-323205|LAR,4497680185,Matthew Stafford (LAR) Plus de 1.5,Matthew Stafford (LAR) Plus de 1.5,1.5,1.625,0,False
16514244,LA Rams vs. NY Giants,Matthew Stafford,Matthew Stafford (LAR),Total de Touchdowns à la passe du joueur (Incl. Prolongations),761,71923,1731690270,1.5|sa:player:nfl-323205|LAR,4497680186,Matthew Stafford (LAR) moins de 1.5,Matthew Stafford (LAR) moins de 1.5,1.5,2.05,0,False
16514244,LA Rams vs. NY Giants,Jaxson Dart,Jaxson Dart (NYG),Total de Touchdowns à la passe du joueur (Incl. Prolongations),761,71923,1731691384,1.5|sa:player:nfl-1286260|NYG,4497682136,Jaxson Dart (NYG) Plus de 1.5,Jaxson Dart (NYG) Plus de 1.5,1.5,2.65,0,False
16514244,LA Rams vs. NY Giants,Jaxson Dart,Jaxson Dart (NYG),Total de Touchdowns à la passe du joueur (Incl. Prolongations),761,71923,1731691384,1.5|sa:player:nfl-1286260|NYG,4497682137,Jaxson Dart (NYG) moins de 1.5,Jaxson Dart (NYG) moins de 1.5,1.5,1.3847,0,False
16514244,LA Rams vs. NY Giants,Kyren Williams,Kyren Williams (LAR),2ème mi-temps - Total de yards à la course du joueur Plus/Moins,31471,77065,1732536800,32.5|sa:player:nfl-1167361|LAR,4500413938,Kyren Williams (LAR) Plus de 32.5,Kyren Williams (LAR) Plus de 32.5,32.5,1.7693,0,False
16514244,LA Rams vs. NY Giants,Kyren Williams,Kyren Williams (LAR),2ème mi-temps - Total de yards à la course du joueur Plus/Moins,31471,77065,1732536800,32.5|sa:player:nfl-1167361|LAR,4500413939,Kyren Williams (LAR) moins de 32.5,Kyren Williams (LAR) moins de 32.5,32.5,1.8334,0,False
16514244,LA Rams vs. NY Giants,Cameron Skattebo,Cameron Skattebo (NYG),2ème mi-temps - Total de yards à la course du joueur Plus/Moins,31471,77065,1732536804,23.5|sa:player:nfl-1280316|NYG,4500413946,Cameron Skattebo (NYG) Plus de 23.5,Cameron Skattebo (NYG) Plus de 23.5,23.5,1.8334,0,False
16514244,LA Rams vs. NY Giants,Cameron Skattebo,Cameron Skattebo (NYG),2ème mi-temps - Total de yards à la course du joueur Plus/Moins,31471,77065,1732536804,23.5|sa:player:nfl-1280316|NYG,4500413947,Cameron Skattebo (NYG) moins de 23.5,Cameron Skattebo (NYG) moins de 23.5,23.5,1.7693,0,False
16514244,LA Rams vs. NY Giants,Blake Corum,Blake Corum (LAR),2ème mi-temps - Total de yards à la course du joueur Plus/Moins,31471,77065,1732877759,22.5|sa:player:nfl-1229540|LAR,4501245778,Blake Corum (LAR) Plus de 22.5,Blake Corum (LAR) Plus de 22.5,22.5,1.8,0,False
16514244,LA Rams vs. NY Giants,Blake Corum,Blake Corum (LAR),2ème mi-temps - Total de yards à la course du joueur Plus/Moins,31471,77065,1732877759,22.5|sa:player:nfl-1229540|LAR,4501245779,Blake Corum (LAR) moins de 22.5,Blake Corum (LAR) moins de 22.5,22.5,1.8,0,False
16514244,LA Rams vs. NY Giants,Jaxson Dart,Jaxson Dart (NYG),2ème mi-temps - Total de yards à la course du joueur Plus/Moins,31471,77065,1740889455,12.5|sa:player:nfl-1286260|NYG,4529142762,Jaxson Dart (NYG) Plus de 12.5,Jaxson Dart (NYG) Plus de 12.5,12.5,1.7693,0,False
16514244,LA Rams vs. NY Giants,Jaxson Dart,Jaxson Dart (NYG),2ème mi-temps - Total de yards à la course du joueur Plus/Moins,31471,77065,1740889455,12.5|sa:player:nfl-1286260|NYG,4529142763,Jaxson Dart (NYG) moins de 12.5,Jaxson Dart (NYG) moins de 12.5,12.5,1.8334,0,False
16514244,LA Rams vs. NY Giants,Devin Singletary,Devin Singletary (NYG),2ème mi-temps - Total de yards à la course du joueur Plus/Moins,31471,77065,1734174867,6.5|sa:player:nfl-916466|NYG,4505416481,Devin Singletary (NYG) Plus de 6.5,Devin Singletary (NYG) Plus de 6.5,6.5,1.8334,0,False
16514244,LA Rams vs. NY Giants,Devin Singletary,Devin Singletary (NYG),2ème mi-temps - Total de yards à la course du joueur Plus/Moins,31471,77065,1734174867,6.5|sa:player:nfl-916466|NYG,4505416482,Devin Singletary (NYG) moins de 6.5,Devin Singletary (NYG) moins de 6.5,6.5,1.7693,0,False
16514244,LA Rams vs. NY Giants,Matthew Stafford,Matthew Stafford (LAR),2ème mi-temps - Total de yards à la course du joueur Plus/Moins,31471,77065,1731690301,-0.5|sa:player:nfl-323205|LAR,4497680248,Matthew Stafford (LAR) moins de -0.5,Matthew Stafford (LAR) moins de -0.5,-0.5,2.85,0,False
16514244,LA Rams vs. NY Giants,Matthew Stafford,Matthew Stafford (LAR),2ème mi-temps - Total de yards à la course du joueur Plus/Moins,31471,77065,1731690301,-0.5|sa:player:nfl-323205|LAR,4497680247,Matthew Stafford (LAR) Plus de -0.5,Matthew Stafford (LAR) Plus de -0.5,-0.5,1.3125,0,False
16514244,LA Rams vs. NY Giants,Kyren Williams,Kyren Williams (LAR),2ème mi-temps - Touchdowns de course du joueur Plus / Moins,31474,77068,1731691092,0.5|sa:player:nfl-1167361|LAR,4497681630,Kyren Williams (LAR) Plus de 0.5,Kyren Williams (LAR) Plus de 0.5,0.5,2.6,0,False
16514244,LA Rams vs. NY Giants,Kyren Williams,Kyren Williams (LAR),2ème mi-temps - Touchdowns de course du joueur Plus / Moins,31474,77068,1731691092,0.5|sa:player:nfl-1167361|LAR,4497681631,Kyren Williams (LAR) moins de 0.5,Kyren Williams (LAR) moins de 0.5,0.5,1.3847,0,False
16514244,LA Rams vs. NY Giants,Cameron Skattebo,Cameron Skattebo (NYG),2ème mi-temps - Touchdowns de course du joueur Plus / Moins,31474,77068,1731691309,0.5|sa:player:nfl-1280316|NYG,4497682013,Cameron Skattebo (NYG) Plus de 0.5,Cameron Skattebo (NYG) Plus de 0.5,0.5,3.6,0,False
16514244,LA Rams vs. NY Giants,Cameron Skattebo,Cameron Skattebo (NYG),2ème mi-temps - Touchdowns de course du joueur Plus / Moins,31474,77068,1731691309,0.5|sa:player:nfl-1280316|NYG,4497682014,Cameron Skattebo (NYG) moins de 0.5,Cameron Skattebo (NYG) moins de 0.5,0.5,1.2,0,False
16514244,LA Rams vs. NY Giants,Blake Corum,Blake Corum (LAR),2ème mi-temps - Touchdowns de course du joueur Plus / Moins,31474,77068,1731691245,0.5|sa:player:nfl-1229540|LAR,4497681898,Blake Corum (LAR) Plus de 0.5,Blake Corum (LAR) Plus de 0.5,0.5,4.75,0,False
16514244,LA Rams vs. NY Giants,Blake Corum,Blake Corum (LAR),2ème mi-temps - Touchdowns de course du joueur Plus / Moins,31474,77068,1731691245,0.5|sa:player:nfl-1229540|LAR,4497681899,Blake Corum (LAR) moins de 0.5,Blake Corum (LAR) moins de 0.5,0.5,1.1112,0,False
16514244,LA Rams vs. NY Giants,Jaxson Dart,Jaxson Dart (NYG),2ème mi-temps - Touchdowns de course du joueur Plus / Moins,31474,77068,1731691418,0.5|sa:player:nfl-1286260|NYG,4497682204,Jaxson Dart (NYG) Plus de 0.5,Jaxson Dart (NYG) Plus de 0.5,0.5,5.0,0,False
16514244,LA Rams vs. NY Giants,Jaxson Dart,Jaxson Dart (NYG),2ème mi-temps - Touchdowns de course du joueur Plus / Moins,31474,77068,1731691418,0.5|sa:player:nfl-1286260|NYG,4497682205,Jaxson Dart (NYG) moins de 0.5,Jaxson Dart (NYG) moins de 0.5,0.5,1.1,0,False
16514244,LA Rams vs. NY Giants,Devin Singletary,Devin Singletary (NYG),2ème mi-temps - Touchdowns de course du joueur Plus / Moins,31474,77068,1731690629,0.5|sa:player:nfl-916466|NYG,4497680816,Devin Singletary (NYG) Plus de 0.5,Devin Singletary (NYG) Plus de 0.5,0.5,7.0,0,False
16514244,LA Rams vs. NY Giants,Devin Singletary,Devin Singletary (NYG),2ème mi-temps - Touchdowns de course du joueur Plus / Moins,31474,77068,1731690629,0.5|sa:player:nfl-916466|NYG,4497680817,Devin Singletary (NYG) moins de 0.5,Devin Singletary (NYG) moins de 0.5,0.5,1.0334,0,False
16514244,LA Rams vs. NY Giants,Matthew Stafford,Matthew Stafford (LAR),2ème mi-temps - Touchdowns de course du joueur Plus / Moins,31474,77068,1731690304,0.5|sa:player:nfl-323205|LAR,4497680253,Matthew Stafford (LAR) Plus de 0.5,Matthew Stafford (LAR) Plus de 0.5,0.5,8.5,0,False
16514244,LA Rams vs. NY Giants,Matthew Stafford,Matthew Stafford (LAR),2ème mi-temps - Touchdowns de course du joueur Plus / Moins,31474,77068,1731690304,0.5|sa:player:nfl-323205|LAR,4497680254,Matthew Stafford (LAR) moins de 0.5,Matthew Stafford (LAR) moins de 0.5,0.5,0.0,7,False
16514244,LA Rams vs. NY Giants,Ronnie Rivers,Ronnie Rivers (LAR),2ème mi-temps - Touchdowns de course du joueur Plus / Moins,31474,77068,1731690721,0.5|sa:player:nfl-976804|LAR,4497680980,Ronnie Rivers (LAR) Plus de 0.5,Ronnie Rivers (LAR) Plus de 0.5,0.5,8.5,0,False
16514244,LA Rams vs. NY Giants,Ronnie Rivers,Ronnie Rivers (LAR),2ème mi-temps - Touchdowns de course du joueur Plus / Moins,31474,77068,1731690721,0.5|sa:player:nfl-976804|LAR,4497680981,Ronnie Rivers (LAR) moins de 0.5,Ronnie Rivers (LAR) moins de 0.5,0.5,1.01,0,False
16514244,LA Rams vs. NY Giants,Tyrone Tracy,Tyrone Tracy (NYG),2ème mi-temps - Touchdowns de course du joueur Plus / Moins,31474,77068,1731723093,0.5|sa:player:nfl-1109708|NYG,4497774732,Tyrone Tracy (NYG) Plus de 0.5,Tyrone Tracy (NYG) Plus de 0.5,0.5,8.5,0,False
16514244,LA Rams vs. NY Giants,Tyrone Tracy,Tyrone Tracy (NYG),2ème mi-temps - Touchdowns de course du joueur Plus / Moins,31474,77068,1731723093,0.5|sa:player:nfl-1109708|NYG,4497774733,Tyrone Tracy (NYG) moins de 0.5,Tyrone Tracy (NYG) moins de 0.5,0.5,0.0,7,False
16514244,LA Rams vs. NY Giants,Kyren Williams,Kyren Williams (LAR),2ème mi-temps - Tentatives de rushing du joueur Plus/Moins,31483,77077,1732878876,6.5|sa:player:nfl-1167361|LAR,4501248326,Kyren Williams (LAR) Plus de 6.5,Kyren Williams (LAR) Plus de 6.5,6.5,1.6061,0,False
16514244,LA Rams vs. NY Giants,Kyren Williams,Kyren Williams (LAR),2ème mi-temps - Tentatives de rushing du joueur Plus/Moins,31483,77077,1732878876,6.5|sa:player:nfl-1167361|LAR,4501248327,Kyren Williams (LAR) moins de 6.5,Kyren Williams (LAR) moins de 6.5,6.5,2.05,0,False
16514244,LA Rams vs. NY Giants,Cameron Skattebo,Cameron Skattebo (NYG),2ème mi-temps - Tentatives de rushing du joueur Plus/Moins,31483,77077,1732545312,6.5|sa:player:nfl-1280316|NYG,4500434644,Cameron Skattebo (NYG) Plus de 6.5,Cameron Skattebo (NYG) Plus de 6.5,6.5,1.8334,0,False
16514244,LA Rams vs. NY Giants,Cameron Skattebo,Cameron Skattebo (NYG),2ème mi-temps - Tentatives de rushing du joueur Plus/Moins,31483,77077,1732545312,6.5|sa:player:nfl-1280316|NYG,4500434645,Cameron Skattebo (NYG) moins de 6.5,Cameron Skattebo (NYG) moins de 6.5,6.5,1.7693,0,False
16514244,LA Rams vs. NY Giants,Blake Corum,Blake Corum (LAR),2ème mi-temps - Tentatives de rushing du joueur Plus/Moins,31483,77077,1732855329,5.5|sa:player:nfl-1229540|LAR,4501193397,Blake Corum (LAR) Plus de 5.5,Blake Corum (LAR) Plus de 5.5,5.5,1.8696,0,False
16514244,LA Rams vs. NY Giants,Blake Corum,Blake Corum (LAR),2ème mi-temps - Tentatives de rushing du joueur Plus/Moins,31483,77077,1732855329,5.5|sa:player:nfl-1229540|LAR,4501193398,Blake Corum (LAR) moins de 5.5,Blake Corum (LAR) moins de 5.5,5.5,1.7408,0,False
16514244,LA Rams vs. NY Giants,Jaxson Dart,Jaxson Dart (NYG),2ème mi-temps - Tentatives de rushing du joueur Plus/Moins,31483,77077,1731691421,2.5|sa:player:nfl-1286260|NYG,4497682210,Jaxson Dart (NYG) Plus de 2.5,Jaxson Dart (NYG) Plus de 2.5,2.5,1.6061,0,False
16514244,LA Rams vs. NY Giants,Jaxson Dart,Jaxson Dart (NYG),2ème mi-temps - Tentatives de rushing du joueur Plus/Moins,31483,77077,1731691421,2.5|sa:player:nfl-1286260|NYG,4497682211,Jaxson Dart (NYG) moins de 2.5,Jaxson Dart (NYG) moins de 2.5,2.5,2.05,0,False
16514244,LA Rams vs. NY Giants,Devin Singletary,Devin Singletary (NYG),2ème mi-temps - Tentatives de rushing du joueur Plus/Moins,31483,77077,1731690632,2.5|sa:player:nfl-916466|NYG,4497680822,Devin Singletary (NYG) Plus de 2.5,Devin Singletary (NYG) Plus de 2.5,2.5,2.0,0,False
16514244,LA Rams vs. NY Giants,Devin Singletary,Devin Singletary (NYG),2ème mi-temps - Tentatives de rushing du joueur Plus/Moins,31483,77077,1731690632,2.5|sa:player:nfl-916466|NYG,4497680823,Devin Singletary (NYG) moins de 2.5,Devin Singletary (NYG) moins de 2.5,2.5,1.6471,0,False
16514244,LA Rams vs. NY Giants,Matthew Stafford,Matthew Stafford (LAR),2ème mi-temps - Tentatives de rushing du joueur Plus/Moins,31483,77077,1731690307,0.5|sa:player:nfl-323205|LAR,4497680259,Matthew Stafford (LAR) Plus de 0.5,Matthew Stafford (LAR) Plus de 0.5,0.5,1.7408,0,False
16514244,LA Rams vs. NY Giants,Matthew Stafford,Matthew Stafford (LAR),2ème mi-temps - Tentatives de rushing du joueur Plus/Moins,31483,77077,1731690307,0.5|sa:player:nfl-323205|LAR,4497680260,Matthew Stafford (LAR) moins de 0.5,Matthew Stafford (LAR) moins de 0.5,0.5,1.8696,0,False
16514244,LA Rams vs. NY Giants,Kyren Williams,Kyren Williams (LAR),2ème mi-temps - Yards de course et de réception du joueur Plus / Moins,31489,77083,1732851400,41.5|sa:player:nfl-1167361|LAR,4501163299,Kyren Williams (LAR) Plus de 41.5,Kyren Williams (LAR) Plus de 41.5,41.5,1.8334,0,False
16514244,LA Rams vs. NY Giants,Kyren Williams,Kyren Williams (LAR),2ème mi-temps - Yards de course et de réception du joueur Plus / Moins,31489,77083,1732851400,41.5|sa:player:nfl-1167361|LAR,4501163300,Kyren Williams (LAR) moins de 41.5,Kyren Williams (LAR) moins de 41.5,41.5,1.7693,0,False
16514244,LA Rams vs. NY Giants,Cameron Skattebo,Cameron Skattebo (NYG),2ème mi-temps - Yards de course et de réception du joueur Plus / Moins,31489,77083,1732442396,31.5|sa:player:nfl-1280316|NYG,4500150549,Cameron Skattebo (NYG) Plus de 31.5,Cameron Skattebo (NYG) Plus de 31.5,31.5,1.8334,0,False
16514244,LA Rams vs. NY Giants,Cameron Skattebo,Cameron Skattebo (NYG),2ème mi-temps - Yards de course et de réception du joueur Plus / Moins,31489,77083,1732442396,31.5|sa:player:nfl-1280316|NYG,4500150550,Cameron Skattebo (NYG) moins de 31.5,Cameron Skattebo (NYG) moins de 31.5,31.5,1.7693,0,False
16514244,LA Rams vs. NY Giants,Blake Corum,Blake Corum (LAR),2ème mi-temps - Yards de course et de réception du joueur Plus / Moins,31489,77083,1732855332,25.5|sa:player:nfl-1229540|LAR,4501193403,Blake Corum (LAR) Plus de 25.5,Blake Corum (LAR) Plus de 25.5,25.5,1.7693,0,False
16514244,LA Rams vs. NY Giants,Blake Corum,Blake Corum (LAR),2ème mi-temps - Yards de course et de réception du joueur Plus / Moins,31489,77083,1732855332,25.5|sa:player:nfl-1229540|LAR,4501193404,Blake Corum (LAR) moins de 25.5,Blake Corum (LAR) moins de 25.5,25.5,1.8334,0,False
16514244,LA Rams vs. NY Giants,Devin Singletary,Devin Singletary (NYG),2ème mi-temps - Yards de course et de réception du joueur Plus / Moins,31489,77083,1731690641,11.5|sa:player:nfl-916466|NYG,4497680837,Devin Singletary (NYG) Plus de 11.5,Devin Singletary (NYG) Plus de 11.5,11.5,1.8334,0,False
16514244,LA Rams vs. NY Giants,Devin Singletary,Devin Singletary (NYG),2ème mi-temps - Yards de course et de réception du joueur Plus / Moins,31489,77083,1731690641,11.5|sa:player:nfl-916466|NYG,4497680838,Devin Singletary (NYG) moins de 11.5,Devin Singletary (NYG) moins de 11.5,11.5,1.7693,0,False
16514244,LA Rams vs. NY Giants,Puka Nacua,Puka Nacua (LAR),2ème mi-temps - Total de réceptions Plus/Moins,31486,77080,1731691022,2.5|sa:player:nfl-1162128|LAR,4497681509,Puka Nacua (LAR) Plus de 2.5,Puka Nacua (LAR) Plus de 2.5,2.5,1.6061,0,False
16514244,LA Rams vs. NY Giants,Puka Nacua,Puka Nacua (LAR),2ème mi-temps - Total de réceptions Plus/Moins,31486,77080,1731691022,2.5|sa:player:nfl-1162128|LAR,4497681510,Puka Nacua (LAR) moins de 2.5,Puka Nacua (LAR) moins de 2.5,2.5,2.05,0,False
16514244,LA Rams vs. NY Giants,Malik Nabers,Malik Nabers (NYG),2ème mi-temps - Total de réceptions Plus/Moins,31486,77080,1731691340,2.5|sa:player:nfl-1286059|NYG,4497682066,Malik Nabers (NYG) Plus de 2.5,Malik Nabers (NYG) Plus de 2.5,2.5,1.7408,0,False
16514244,LA Rams vs. NY Giants,Malik Nabers,Malik Nabers (NYG),2ème mi-temps - Total de réceptions Plus/Moins,31486,77080,1731691340,2.5|sa:player:nfl-1286059|NYG,4497682067,Malik Nabers (NYG) moins de 2.5,Malik Nabers (NYG) moins de 2.5,2.5,1.8696,0,False
16514244,LA Rams vs. NY Giants,Davante Adams,Davante Adams (LAR),2ème mi-temps - Total de réceptions Plus/Moins,31486,77080,1739712532,2.5|sa:player:nfl-611417|LAR,4525608624,Davante Adams (LAR) moins de 2.5,Davante Adams (LAR) moins de 2.5,2.5,1.6667,0,False
16514244,LA Rams vs. NY Giants,Davante Adams,Davante Adams (LAR),2ème mi-temps - Total de réceptions Plus/Moins,31486,77080,1739712532,2.5|sa:player:nfl-611417|LAR,4525608623,Davante Adams (LAR) Plus de 2.5,Davante Adams (LAR) Plus de 2.5,2.5,1.9524,0,False
16514244,LA Rams vs. NY Giants,Isaiah Likely,Isaiah Likely (NYG),2ème mi-temps - Total de réceptions Plus/Moins,31486,77080,1732546866,2.5|sa:player:nfl-1125111|NYG,4500438265,Isaiah Likely (NYG) Plus de 2.5,Isaiah Likely (NYG) Plus de 2.5,2.5,2.2,0,False
16514244,LA Rams vs. NY Giants,Isaiah Likely,Isaiah Likely (NYG),2ème mi-temps - Total de réceptions Plus/Moins,31486,77080,1732546866,2.5|sa:player:nfl-1125111|NYG,4500438266,Isaiah Likely (NYG) moins de 2.5,Isaiah Likely (NYG) moins de 2.5,2.5,1.5264,0,False
16514244,LA Rams vs. NY Giants,Colby Parkinson,Colby Parkinson (LAR),2ème mi-temps - Total de réceptions Plus/Moins,31486,77080,1731690769,1.5|sa:player:nfl-1060312|LAR,4497681064,Colby Parkinson (LAR) Plus de 1.5,Colby Parkinson (LAR) Plus de 1.5,1.5,2.1,0,False
16514244,LA Rams vs. NY Giants,Colby Parkinson,Colby Parkinson (LAR),2ème mi-temps - Total de réceptions Plus/Moins,31486,77080,1731690769,1.5|sa:player:nfl-1060312|LAR,4497681065,Colby Parkinson (LAR) moins de 1.5,Colby Parkinson (LAR) moins de 1.5,1.5,1.5715,0,False
16514244,LA Rams vs. NY Giants,Malachi Fields,Malachi Fields (NYG),2ème mi-temps - Total de réceptions Plus/Moins,31486,77080,1732442425,1.5|sa:player:nfl-1319589|NYG,4500150608,Malachi Fields (NYG) moins de 1.5,Malachi Fields (NYG) moins de 1.5,1.5,1.4348,0,False
16514244,LA Rams vs. NY Giants,Malachi Fields,Malachi Fields (NYG),2ème mi-temps - Total de réceptions Plus/Moins,31486,77080,1732442425,1.5|sa:player:nfl-1319589|NYG,4500150607,Malachi Fields (NYG) Plus de 1.5,Malachi Fields (NYG) Plus de 1.5,1.5,2.4,0,False
16514244,LA Rams vs. NY Giants,Terrance Ferguson,Terrance Ferguson (LAR),2ème mi-temps - Total de réceptions Plus/Moins,31486,77080,1742852307,1.5|sa:player:nfl-1286179|LAR,4534476437,Terrance Ferguson (LAR) Plus de 1.5,Terrance Ferguson (LAR) Plus de 1.5,1.5,2.45,0,False
16514244,LA Rams vs. NY Giants,Terrance Ferguson,Terrance Ferguson (LAR),2ème mi-temps - Total de réceptions Plus/Moins,31486,77080,1742852307,1.5|sa:player:nfl-1286179|LAR,4534476438,Terrance Ferguson (LAR) moins de 1.5,Terrance Ferguson (LAR) moins de 1.5,1.5,1.4167,0,False
16514244,LA Rams vs. NY Giants,Kyren Williams,Kyren Williams (LAR),2ème mi-temps - Total de réceptions Plus/Moins,31486,77080,1731691082,1.5|sa:player:nfl-1167361|LAR,4497681610,Kyren Williams (LAR) Plus de 1.5,Kyren Williams (LAR) Plus de 1.5,1.5,2.55,0,False
16514244,LA Rams vs. NY Giants,Kyren Williams,Kyren Williams (LAR),2ème mi-temps - Total de réceptions Plus/Moins,31486,77080,1731691082,1.5|sa:player:nfl-1167361|LAR,4497681611,Kyren Williams (LAR) moins de 1.5,Kyren Williams (LAR) moins de 1.5,1.5,1.4,0,False
16514244,LA Rams vs. NY Giants,Cameron Skattebo,Cameron Skattebo (NYG),2ème mi-temps - Total de réceptions Plus/Moins,31486,77080,1731723144,0.5|sa:player:nfl-1280316|NYG,4497774824,Cameron Skattebo (NYG) Plus de 0.5,Cameron Skattebo (NYG) Plus de 0.5,0.5,1.4445,0,False
16514244,LA Rams vs. NY Giants,Cameron Skattebo,Cameron Skattebo (NYG),2ème mi-temps - Total de réceptions Plus/Moins,31486,77080,1731723144,0.5|sa:player:nfl-1280316|NYG,4497774825,Cameron Skattebo (NYG) moins de 0.5,Cameron Skattebo (NYG) moins de 0.5,0.5,2.4,0,False
16514244,LA Rams vs. NY Giants,Darnell Mooney,Darnell Mooney (NYG),2ème mi-temps - Total de réceptions Plus/Moins,31486,77080,1731690592,0.5|sa:player:nfl-912027|NYG,4497680752,Darnell Mooney (NYG) moins de 0.5,Darnell Mooney (NYG) moins de 0.5,0.5,2.0,0,False
16514244,LA Rams vs. NY Giants,Darnell Mooney,Darnell Mooney (NYG),2ème mi-temps - Total de réceptions Plus/Moins,31486,77080,1731690592,0.5|sa:player:nfl-912027|NYG,4497680751,Darnell Mooney (NYG) Plus de 0.5,Darnell Mooney (NYG) Plus de 0.5,0.5,1.6471,0,False
16514244,LA Rams vs. NY Giants,Tyler Higbee,Tyler Higbee (LAR),2ème mi-temps - Total de réceptions Plus/Moins,31486,77080,1731690396,0.5|sa:player:nfl-604176|LAR,4497680408,Tyler Higbee (LAR) Plus de 0.5,Tyler Higbee (LAR) Plus de 0.5,0.5,1.6471,0,False
16514244,LA Rams vs. NY Giants,Tyler Higbee,Tyler Higbee (LAR),2ème mi-temps - Total de réceptions Plus/Moins,31486,77080,1731690396,0.5|sa:player:nfl-604176|LAR,4497680409,Tyler Higbee (LAR) moins de 0.5,Tyler Higbee (LAR) moins de 0.5,0.5,2.0,0,False
16514244,LA Rams vs. NY Giants,Devin Singletary,Devin Singletary (NYG),2ème mi-temps - Total de réceptions Plus/Moins,31486,77080,1731690619,0.5|sa:player:nfl-916466|NYG,4497680796,Devin Singletary (NYG) Plus de 0.5,Devin Singletary (NYG) Plus de 0.5,0.5,1.7693,0,False
16514244,LA Rams vs. NY Giants,Devin Singletary,Devin Singletary (NYG),2ème mi-temps - Total de réceptions Plus/Moins,31486,77080,1731690619,0.5|sa:player:nfl-916466|NYG,4497680797,Devin Singletary (NYG) moins de 0.5,Devin Singletary (NYG) moins de 0.5,0.5,1.8334,0,False
16514244,LA Rams vs. NY Giants,Konata Mumpfield,Konata Mumpfield (LAR),2ème mi-temps - Total de réceptions Plus/Moins,31486,77080,1731691485,0.5|sa:player:nfl-1289332|LAR,4497682318,Konata Mumpfield (LAR) Plus de 0.5,Konata Mumpfield (LAR) Plus de 0.5,0.5,1.7693,0,False
16514244,LA Rams vs. NY Giants,Konata Mumpfield,Konata Mumpfield (LAR),2ème mi-temps - Total de réceptions Plus/Moins,31486,77080,1731691485,0.5|sa:player:nfl-1289332|LAR,4497682319,Konata Mumpfield (LAR) moins de 0.5,Konata Mumpfield (LAR) moins de 0.5,0.5,1.8334,0,False
16514244,LA Rams vs. NY Giants,Theo Johnson,Theo Johnson (NYG),2ème mi-temps - Total de réceptions Plus/Moins,31486,77080,1731723130,0.5|sa:player:nfl-1214414|NYG,4497774797,Theo Johnson (NYG) Plus de 0.5,Theo Johnson (NYG) Plus de 0.5,0.5,2.05,0,False
16514244,LA Rams vs. NY Giants,Theo Johnson,Theo Johnson (NYG),2ème mi-temps - Total de réceptions Plus/Moins,31486,77080,1731723130,0.5|sa:player:nfl-1214414|NYG,4497774798,Theo Johnson (NYG) moins de 0.5,Theo Johnson (NYG) moins de 0.5,0.5,1.6061,0,False
16514244,LA Rams vs. NY Giants,Blake Corum,Blake Corum (LAR),2ème mi-temps - Total de réceptions Plus/Moins,31486,77080,1731691235,0.5|sa:player:nfl-1229540|LAR,4497681878,Blake Corum (LAR) Plus de 0.5,Blake Corum (LAR) Plus de 0.5,0.5,2.4,0,False
16514244,LA Rams vs. NY Giants,Blake Corum,Blake Corum (LAR),2ème mi-temps - Total de réceptions Plus/Moins,31486,77080,1731691235,0.5|sa:player:nfl-1229540|LAR,4497681879,Blake Corum (LAR) moins de 0.5,Blake Corum (LAR) moins de 0.5,0.5,1.4445,0,False
16514244,LA Rams vs. NY Giants,Odell Beckham Jr.,Odell Beckham Jr. (NYG),2ème mi-temps - Total de réceptions Plus/Moins,31486,77080,1731690369,0.5|sa:player:nfl-589984|NYG,4497680363,Odell Beckham Jr. (NYG) Plus de 0.5,Odell Beckham Jr. (NYG) Plus de 0.5,0.5,2.75,0,False
16514244,LA Rams vs. NY Giants,Odell Beckham Jr.,Odell Beckham Jr. (NYG),2ème mi-temps - Total de réceptions Plus/Moins,31486,77080,1731690369,0.5|sa:player:nfl-589984|NYG,4497680364,Odell Beckham Jr. (NYG) moins de 0.5,Odell Beckham Jr. (NYG) moins de 0.5,0.5,1.3449,0,False
16514244,LA Rams vs. NY Giants,Puka Nacua,Puka Nacua (LAR),2ème mi-temps - Yards reçus par le joueur - Plus/Moins,31465,77059,1731691016,30.5|sa:player:nfl-1162128|LAR,4497681497,Puka Nacua (LAR) Plus de 30.5,Puka Nacua (LAR) Plus de 30.5,30.5,1.7693,0,False
16514244,LA Rams vs. NY Giants,Puka Nacua,Puka Nacua (LAR),2ème mi-temps - Yards reçus par le joueur - Plus/Moins,31465,77059,1731691016,30.5|sa:player:nfl-1162128|LAR,4497681498,Puka Nacua (LAR) moins de 30.5,Puka Nacua (LAR) moins de 30.5,30.5,1.8334,0,False
16514244,LA Rams vs. NY Giants,Malik Nabers,Malik Nabers (NYG),2ème mi-temps - Yards reçus par le joueur - Plus/Moins,31465,77059,1734175191,27.5|sa:player:nfl-1286059|NYG,4505417322,Malik Nabers (NYG) Plus de 27.5,Malik Nabers (NYG) Plus de 27.5,27.5,1.8334,0,False
16514244,LA Rams vs. NY Giants,Malik Nabers,Malik Nabers (NYG),2ème mi-temps - Yards reçus par le joueur - Plus/Moins,31465,77059,1734175191,27.5|sa:player:nfl-1286059|NYG,4505417323,Malik Nabers (NYG) moins de 27.5,Malik Nabers (NYG) moins de 27.5,27.5,1.7693,0,False
16514244,LA Rams vs. NY Giants,Davante Adams,Davante Adams (LAR),2ème mi-temps - Yards reçus par le joueur - Plus/Moins,31465,77059,1739713047,24.5|sa:player:nfl-611417|LAR,4525609792,Davante Adams (LAR) moins de 24.5,Davante Adams (LAR) moins de 24.5,24.5,1.8334,0,False
16514244,LA Rams vs. NY Giants,Davante Adams,Davante Adams (LAR),2ème mi-temps - Yards reçus par le joueur - Plus/Moins,31465,77059,1739713047,24.5|sa:player:nfl-611417|LAR,4525609791,Davante Adams (LAR) Plus de 24.5,Davante Adams (LAR) Plus de 24.5,24.5,1.7693,0,False
16514244,LA Rams vs. NY Giants,Isaiah Likely,Isaiah Likely (NYG),2ème mi-temps - Yards reçus par le joueur - Plus/Moins,31465,77059,1732553073,20.5|sa:player:nfl-1125111|NYG,4500452784,Isaiah Likely (NYG) moins de 20.5,Isaiah Likely (NYG) moins de 20.5,20.5,1.7693,0,False
16514244,LA Rams vs. NY Giants,Isaiah Likely,Isaiah Likely (NYG),2ème mi-temps - Yards reçus par le joueur - Plus/Moins,31465,77059,1732553073,20.5|sa:player:nfl-1125111|NYG,4500452783,Isaiah Likely (NYG) Plus de 20.5,Isaiah Likely (NYG) Plus de 20.5,20.5,1.8334,0,False
16514244,LA Rams vs. NY Giants,Terrance Ferguson,Terrance Ferguson (LAR),2ème mi-temps - Yards reçus par le joueur - Plus/Moins,31465,77059,1743969940,12.5|sa:player:nfl-1286179|LAR,4537935826,Terrance Ferguson (LAR) Plus de 12.5,Terrance Ferguson (LAR) Plus de 12.5,12.5,1.7693,0,False
16514244,LA Rams vs. NY Giants,Terrance Ferguson,Terrance Ferguson (LAR),2ème mi-temps - Yards reçus par le joueur - Plus/Moins,31465,77059,1743969940,12.5|sa:player:nfl-1286179|LAR,4537935827,Terrance Ferguson (LAR) moins de 12.5,Terrance Ferguson (LAR) moins de 12.5,12.5,1.8334,0,False
16514244,LA Rams vs. NY Giants,Colby Parkinson,Colby Parkinson (LAR),2ème mi-temps - Yards reçus par le joueur - Plus/Moins,31465,77059,1732852277,10.5|sa:player:nfl-1060312|LAR,4501165374,Colby Parkinson (LAR) Plus de 10.5,Colby Parkinson (LAR) Plus de 10.5,10.5,1.8,0,False
16514244,LA Rams vs. NY Giants,Colby Parkinson,Colby Parkinson (LAR),2ème mi-temps - Yards reçus par le joueur - Plus/Moins,31465,77059,1732852277,10.5|sa:player:nfl-1060312|LAR,4501165375,Colby Parkinson (LAR) moins de 10.5,Colby Parkinson (LAR) moins de 10.5,10.5,1.8,0,False
16514244,LA Rams vs. NY Giants,Malachi Fields,Malachi Fields (NYG),2ème mi-temps - Yards reçus par le joueur - Plus/Moins,31465,77059,1732553081,10.5|sa:player:nfl-1319589|NYG,4500452800,Malachi Fields (NYG) moins de 10.5,Malachi Fields (NYG) moins de 10.5,10.5,1.7693,0,False
16514244,LA Rams vs. NY Giants,Malachi Fields,Malachi Fields (NYG),2ème mi-temps - Yards reçus par le joueur - Plus/Moins,31465,77059,1732553081,10.5|sa:player:nfl-1319589|NYG,4500452799,Malachi Fields (NYG) Plus de 10.5,Malachi Fields (NYG) Plus de 10.5,10.5,1.8334,0,False
16514244,LA Rams vs. NY Giants,Darnell Mooney,Darnell Mooney (NYG),2ème mi-temps - Yards reçus par le joueur - Plus/Moins,31465,77059,1744304921,5.5|sa:player:nfl-912027|NYG,4538785561,Darnell Mooney (NYG) Plus de 5.5,Darnell Mooney (NYG) Plus de 5.5,5.5,1.8,0,False
16514244,LA Rams vs. NY Giants,Darnell Mooney,Darnell Mooney (NYG),2ème mi-temps - Yards reçus par le joueur - Plus/Moins,31465,77059,1744304921,5.5|sa:player:nfl-912027|NYG,4538785562,Darnell Mooney (NYG) moins de 5.5,Darnell Mooney (NYG) moins de 5.5,5.5,1.8,0,False
16514244,LA Rams vs. NY Giants,Kyren Williams,Kyren Williams (LAR),2ème mi-temps - Yards reçus par le joueur - Plus/Moins,31465,77059,1732859898,4.5|sa:player:nfl-1167361|LAR,4501203954,Kyren Williams (LAR) Plus de 4.5,Kyren Williams (LAR) Plus de 4.5,4.5,1.7693,0,False
16514244,LA Rams vs. NY Giants,Kyren Williams,Kyren Williams (LAR),2ème mi-temps - Yards reçus par le joueur - Plus/Moins,31465,77059,1732859898,4.5|sa:player:nfl-1167361|LAR,4501203955,Kyren Williams (LAR) moins de 4.5,Kyren Williams (LAR) moins de 4.5,4.5,1.8334,0,False
16514244,LA Rams vs. NY Giants,Cameron Skattebo,Cameron Skattebo (NYG),2ème mi-temps - Yards reçus par le joueur - Plus/Moins,31465,77059,1732546517,3.5|sa:player:nfl-1280316|NYG,4500437452,Cameron Skattebo (NYG) Plus de 3.5,Cameron Skattebo (NYG) Plus de 3.5,3.5,1.7693,0,False
16514244,LA Rams vs. NY Giants,Cameron Skattebo,Cameron Skattebo (NYG),2ème mi-temps - Yards reçus par le joueur - Plus/Moins,31465,77059,1732546517,3.5|sa:player:nfl-1280316|NYG,4500437453,Cameron Skattebo (NYG) moins de 3.5,Cameron Skattebo (NYG) moins de 3.5,3.5,1.8334,0,False
16514244,LA Rams vs. NY Giants,Tyler Higbee,Tyler Higbee (LAR),2ème mi-temps - Yards reçus par le joueur - Plus/Moins,31465,77059,1744010652,3.5|sa:player:nfl-604176|LAR,4538042812,Tyler Higbee (LAR) Plus de 3.5,Tyler Higbee (LAR) Plus de 3.5,3.5,1.7693,0,False
16514244,LA Rams vs. NY Giants,Tyler Higbee,Tyler Higbee (LAR),2ème mi-temps - Yards reçus par le joueur - Plus/Moins,31465,77059,1744010652,3.5|sa:player:nfl-604176|LAR,4538042813,Tyler Higbee (LAR) moins de 3.5,Tyler Higbee (LAR) moins de 3.5,3.5,1.8334,0,False
16514244,LA Rams vs. NY Giants,Konata Mumpfield,Konata Mumpfield (LAR),2ème mi-temps - Yards reçus par le joueur - Plus/Moins,31465,77059,1731691479,0.5|sa:player:nfl-1289332|LAR,4497682306,Konata Mumpfield (LAR) Plus de 0.5,Konata Mumpfield (LAR) Plus de 0.5,0.5,1.8334,0,False
16514244,LA Rams vs. NY Giants,Konata Mumpfield,Konata Mumpfield (LAR),2ème mi-temps - Yards reçus par le joueur - Plus/Moins,31465,77059,1731691479,0.5|sa:player:nfl-1289332|LAR,4497682307,Konata Mumpfield (LAR) moins de 0.5,Konata Mumpfield (LAR) moins de 0.5,0.5,1.7693,0,False
16514244,LA Rams vs. NY Giants,Devin Singletary,Devin Singletary (NYG),2ème mi-temps - Yards reçus par le joueur - Plus/Moins,31465,77059,1731690613,0.5|sa:player:nfl-916466|NYG,4497680784,Devin Singletary (NYG) Plus de 0.5,Devin Singletary (NYG) Plus de 0.5,0.5,1.9524,0,False
16514244,LA Rams vs. NY Giants,Devin Singletary,Devin Singletary (NYG),2ème mi-temps - Yards reçus par le joueur - Plus/Moins,31465,77059,1731690613,0.5|sa:player:nfl-916466|NYG,4497680785,Devin Singletary (NYG) moins de 0.5,Devin Singletary (NYG) moins de 0.5,0.5,1.6667,0,False
16514244,LA Rams vs. NY Giants,Theo Johnson,Theo Johnson (NYG),2ème mi-temps - Yards reçus par le joueur - Plus/Moins,31465,77059,1732442380,0.5|sa:player:nfl-1214414|NYG,4500150517,Theo Johnson (NYG) Plus de 0.5,Theo Johnson (NYG) Plus de 0.5,0.5,2.15,0,False
16514244,LA Rams vs. NY Giants,Theo Johnson,Theo Johnson (NYG),2ème mi-temps - Yards reçus par le joueur - Plus/Moins,31465,77059,1732442380,0.5|sa:player:nfl-1214414|NYG,4500150518,Theo Johnson (NYG) moins de 0.5,Theo Johnson (NYG) moins de 0.5,0.5,1.5556,0,False
16514244,LA Rams vs. NY Giants,Blake Corum,Blake Corum (LAR),2ème mi-temps - Yards reçus par le joueur - Plus/Moins,31465,77059,1731691229,0.5|sa:player:nfl-1229540|LAR,4497681866,Blake Corum (LAR) Plus de 0.5,Blake Corum (LAR) Plus de 0.5,0.5,2.65,0,False
16514244,LA Rams vs. NY Giants,Blake Corum,Blake Corum (LAR),2ème mi-temps - Yards reçus par le joueur - Plus/Moins,31465,77059,1731691229,0.5|sa:player:nfl-1229540|LAR,4497681867,Blake Corum (LAR) moins de 0.5,Blake Corum (LAR) moins de 0.5,0.5,1.3637,0,False
16514244,LA Rams vs. NY Giants,Odell Beckham Jr.,Odell Beckham Jr. (NYG),2ème mi-temps - Yards reçus par le joueur - Plus/Moins,31465,77059,1731690363,0.5|sa:player:nfl-589984|NYG,4497680352,Odell Beckham Jr. (NYG) moins de 0.5,Odell Beckham Jr. (NYG) moins de 0.5,0.5,1.3334,0,False
16514244,LA Rams vs. NY Giants,Odell Beckham Jr.,Odell Beckham Jr. (NYG),2ème mi-temps - Yards reçus par le joueur - Plus/Moins,31465,77059,1731690363,0.5|sa:player:nfl-589984|NYG,4497680351,Odell Beckham Jr. (NYG) Plus de 0.5,Odell Beckham Jr. (NYG) Plus de 0.5,0.5,2.8,0,False
16514244,LA Rams vs. NY Giants,Davante Adams,Davante Adams (LAR),2ème mi-temps - Touchdowns de réception du joueur Plus / Moins,31468,77062,1731690426,0.5|sa:player:nfl-611417|LAR,4497680458,Davante Adams (LAR) Plus de 0.5,Davante Adams (LAR) Plus de 0.5,0.5,3.25,0,False
16514244,LA Rams vs. NY Giants,Davante Adams,Davante Adams (LAR),2ème mi-temps - Touchdowns de réception du joueur Plus / Moins,31468,77062,1731690426,0.5|sa:player:nfl-611417|LAR,4497680459,Davante Adams (LAR) moins de 0.5,Davante Adams (LAR) moins de 0.5,0.5,1.25,0,False
16514244,LA Rams vs. NY Giants,Puka Nacua,Puka Nacua (LAR),2ème mi-temps - Touchdowns de réception du joueur Plus / Moins,31468,77062,1731691019,0.5|sa:player:nfl-1162128|LAR,4497681504,Puka Nacua (LAR) moins de 0.5,Puka Nacua (LAR) moins de 0.5,0.5,1.2,0,False
16514244,LA Rams vs. NY Giants,Puka Nacua,Puka Nacua (LAR),2ème mi-temps - Touchdowns de réception du joueur Plus / Moins,31468,77062,1731691019,0.5|sa:player:nfl-1162128|LAR,4497681503,Puka Nacua (LAR) Plus de 0.5,Puka Nacua (LAR) Plus de 0.5,0.5,3.6,0,False
16514244,LA Rams vs. NY Giants,Malik Nabers,Malik Nabers (NYG),2ème mi-temps - Touchdowns de réception du joueur Plus / Moins,31468,77062,1731691337,0.5|sa:player:nfl-1286059|NYG,4497682060,Malik Nabers (NYG) Plus de 0.5,Malik Nabers (NYG) Plus de 0.5,0.5,4.4,0,False
16514244,LA Rams vs. NY Giants,Malik Nabers,Malik Nabers (NYG),2ème mi-temps - Touchdowns de réception du joueur Plus / Moins,31468,77062,1731691337,0.5|sa:player:nfl-1286059|NYG,4497682061,Malik Nabers (NYG) moins de 0.5,Malik Nabers (NYG) moins de 0.5,0.5,1.1334,0,False
16514244,LA Rams vs. NY Giants,Isaiah Likely,Isaiah Likely (NYG),2ème mi-temps - Touchdowns de réception du joueur Plus / Moins,31468,77062,1731690892,0.5|sa:player:nfl-1125111|NYG,4497681284,Isaiah Likely (NYG) Plus de 0.5,Isaiah Likely (NYG) Plus de 0.5,0.5,5.0,0,False
16514244,LA Rams vs. NY Giants,Isaiah Likely,Isaiah Likely (NYG),2ème mi-temps - Touchdowns de réception du joueur Plus / Moins,31468,77062,1731690892,0.5|sa:player:nfl-1125111|NYG,4497681285,Isaiah Likely (NYG) moins de 0.5,Isaiah Likely (NYG) moins de 0.5,0.5,1.1,0,False
16514244,LA Rams vs. NY Giants,Terrance Ferguson,Terrance Ferguson (LAR),2ème mi-temps - Touchdowns de réception du joueur Plus / Moins,31468,77062,1731691364,0.5|sa:player:nfl-1286179|LAR,4497682105,Terrance Ferguson (LAR) Plus de 0.5,Terrance Ferguson (LAR) Plus de 0.5,0.5,5.75,0,False
16514244,LA Rams vs. NY Giants,Terrance Ferguson,Terrance Ferguson (LAR),2ème mi-temps - Touchdowns de réception du joueur Plus / Moins,31468,77062,1731691364,0.5|sa:player:nfl-1286179|LAR,4497682106,Terrance Ferguson (LAR) moins de 0.5,Terrance Ferguson (LAR) moins de 0.5,0.5,1.0715,0,False
16514244,LA Rams vs. NY Giants,Colby Parkinson,Colby Parkinson (LAR),2ème mi-temps - Touchdowns de réception du joueur Plus / Moins,31468,77062,1731690766,0.5|sa:player:nfl-1060312|LAR,4497681058,Colby Parkinson (LAR) Plus de 0.5,Colby Parkinson (LAR) Plus de 0.5,0.5,6.0,0,False
16514244,LA Rams vs. NY Giants,Colby Parkinson,Colby Parkinson (LAR),2ème mi-temps - Touchdowns de réception du joueur Plus / Moins,31468,77062,1731690766,0.5|sa:player:nfl-1060312|LAR,4497681059,Colby Parkinson (LAR) moins de 0.5,Colby Parkinson (LAR) moins de 0.5,0.5,1.0589,0,False
16514244,LA Rams vs. NY Giants,Konata Mumpfield,Konata Mumpfield (LAR),2ème mi-temps - Touchdowns de réception du joueur Plus / Moins,31468,77062,1731691482,0.5|sa:player:nfl-1289332|LAR,4497682312,Konata Mumpfield (LAR) Plus de 0.5,Konata Mumpfield (LAR) Plus de 0.5,0.5,6.75,0,False
16514244,LA Rams vs. NY Giants,Konata Mumpfield,Konata Mumpfield (LAR),2ème mi-temps - Touchdowns de réception du joueur Plus / Moins,31468,77062,1731691482,0.5|sa:player:nfl-1289332|LAR,4497682313,Konata Mumpfield (LAR) moins de 0.5,Konata Mumpfield (LAR) moins de 0.5,0.5,1.04,0,False
16514244,LA Rams vs. NY Giants,Malachi Fields,Malachi Fields (NYG),2ème mi-temps - Touchdowns de réception du joueur Plus / Moins,31468,77062,1731691515,0.5|sa:player:nfl-1319589|NYG,4497682368,Malachi Fields (NYG) Plus de 0.5,Malachi Fields (NYG) Plus de 0.5,0.5,6.75,0,False
16514244,LA Rams vs. NY Giants,Malachi Fields,Malachi Fields (NYG),2ème mi-temps - Touchdowns de réception du joueur Plus / Moins,31468,77062,1731691515,0.5|sa:player:nfl-1319589|NYG,4497682369,Malachi Fields (NYG) moins de 0.5,Malachi Fields (NYG) moins de 0.5,0.5,1.04,0,False
16514244,LA Rams vs. NY Giants,Tyler Higbee,Tyler Higbee (LAR),2ème mi-temps - Touchdowns de réception du joueur Plus / Moins,31468,77062,1731690393,0.5|sa:player:nfl-604176|LAR,4497680402,Tyler Higbee (LAR) Plus de 0.5,Tyler Higbee (LAR) Plus de 0.5,0.5,7.0,0,False
16514244,LA Rams vs. NY Giants,Tyler Higbee,Tyler Higbee (LAR),2ème mi-temps - Touchdowns de réception du joueur Plus / Moins,31468,77062,1731690393,0.5|sa:player:nfl-604176|LAR,4497680403,Tyler Higbee (LAR) moins de 0.5,Tyler Higbee (LAR) moins de 0.5,0.5,1.0334,0,False
16514244,LA Rams vs. NY Giants,Kyren Williams,Kyren Williams (LAR),2ème mi-temps - Touchdowns de réception du joueur Plus / Moins,31468,77062,1731691079,0.5|sa:player:nfl-1167361|LAR,4497681604,Kyren Williams (LAR) Plus de 0.5,Kyren Williams (LAR) Plus de 0.5,0.5,7.5,0,False
16514244,LA Rams vs. NY Giants,Kyren Williams,Kyren Williams (LAR),2ème mi-temps - Touchdowns de réception du joueur Plus / Moins,31468,77062,1731691079,0.5|sa:player:nfl-1167361|LAR,4497681605,Kyren Williams (LAR) moins de 0.5,Kyren Williams (LAR) moins de 0.5,0.5,1.02,0,False
16514244,LA Rams vs. NY Giants,Cameron Skattebo,Cameron Skattebo (NYG),2ème mi-temps - Touchdowns de réception du joueur Plus / Moins,31468,77062,1731691296,0.5|sa:player:nfl-1280316|NYG,4497681987,Cameron Skattebo (NYG) Plus de 0.5,Cameron Skattebo (NYG) Plus de 0.5,0.5,7.75,0,False
16514244,LA Rams vs. NY Giants,Cameron Skattebo,Cameron Skattebo (NYG),2ème mi-temps - Touchdowns de réception du joueur Plus / Moins,31468,77062,1731691296,0.5|sa:player:nfl-1280316|NYG,4497681988,Cameron Skattebo (NYG) moins de 0.5,Cameron Skattebo (NYG) moins de 0.5,0.5,1.02,0,False
16514244,LA Rams vs. NY Giants,Darnell Mooney,Darnell Mooney (NYG),2ème mi-temps - Touchdowns de réception du joueur Plus / Moins,31468,77062,1731690589,0.5|sa:player:nfl-912027|NYG,4497680745,Darnell Mooney (NYG) Plus de 0.5,Darnell Mooney (NYG) Plus de 0.5,0.5,7.75,0,False
16514244,LA Rams vs. NY Giants,Darnell Mooney,Darnell Mooney (NYG),2ème mi-temps - Touchdowns de réception du joueur Plus / Moins,31468,77062,1731690589,0.5|sa:player:nfl-912027|NYG,4497680746,Darnell Mooney (NYG) moins de 0.5,Darnell Mooney (NYG) moins de 0.5,0.5,1.02,0,False
16514244,LA Rams vs. NY Giants,Blake Corum,Blake Corum (LAR),2ème mi-temps - Touchdowns de réception du joueur Plus / Moins,31468,77062,1731691232,0.5|sa:player:nfl-1229540|LAR,4497681872,Blake Corum (LAR) Plus de 0.5,Blake Corum (LAR) Plus de 0.5,0.5,8.5,0,False
16514244,LA Rams vs. NY Giants,Blake Corum,Blake Corum (LAR),2ème mi-temps - Touchdowns de réception du joueur Plus / Moins,31468,77062,1731691232,0.5|sa:player:nfl-1229540|LAR,4497681873,Blake Corum (LAR) moins de 0.5,Blake Corum (LAR) moins de 0.5,0.5,0.0,7,False
16514244,LA Rams vs. NY Giants,Davis Allen,Davis Allen (LAR),2ème mi-temps - Touchdowns de réception du joueur Plus / Moins,31468,77062,1731690969,0.5|sa:player:nfl-1161664|LAR,4497681416,Davis Allen (LAR) Plus de 0.5,Davis Allen (LAR) Plus de 0.5,0.5,8.5,0,False
16514244,LA Rams vs. NY Giants,Davis Allen,Davis Allen (LAR),2ème mi-temps - Touchdowns de réception du joueur Plus / Moins,31468,77062,1731690969,0.5|sa:player:nfl-1161664|LAR,4497681417,Davis Allen (LAR) moins de 0.5,Davis Allen (LAR) moins de 0.5,0.5,0.0,7,False
16514244,LA Rams vs. NY Giants,Devin Singletary,Devin Singletary (NYG),2ème mi-temps - Touchdowns de réception du joueur Plus / Moins,31468,77062,1731690616,0.5|sa:player:nfl-916466|NYG,4497680790,Devin Singletary (NYG) Plus de 0.5,Devin Singletary (NYG) Plus de 0.5,0.5,8.5,0,False
16514244,LA Rams vs. NY Giants,Devin Singletary,Devin Singletary (NYG),2ème mi-temps - Touchdowns de réception du joueur Plus / Moins,31468,77062,1731690616,0.5|sa:player:nfl-916466|NYG,4497680791,Devin Singletary (NYG) moins de 0.5,Devin Singletary (NYG) moins de 0.5,0.5,0.0,7,False
16514244,LA Rams vs. NY Giants,Odell Beckham Jr.,Odell Beckham Jr. (NYG),2ème mi-temps - Touchdowns de réception du joueur Plus / Moins,31468,77062,1731690366,0.5|sa:player:nfl-589984|NYG,4497680357,Odell Beckham Jr. (NYG) Plus de 0.5,Odell Beckham Jr. (NYG) Plus de 0.5,0.5,8.5,0,False
16514244,LA Rams vs. NY Giants,Odell Beckham Jr.,Odell Beckham Jr. (NYG),2ème mi-temps - Touchdowns de réception du joueur Plus / Moins,31468,77062,1731690366,0.5|sa:player:nfl-589984|NYG,4497680358,Odell Beckham Jr. (NYG) moins de 0.5,Odell Beckham Jr. (NYG) moins de 0.5,0.5,0.0,7,False
16514244,LA Rams vs. NY Giants,Theo Johnson,Theo Johnson (NYG),2ème mi-temps - Touchdowns de réception du joueur Plus / Moins,31468,77062,1731691146,0.5|sa:player:nfl-1214414|NYG,4497681725,Theo Johnson (NYG) Plus de 0.5,Theo Johnson (NYG) Plus de 0.5,0.5,8.5,0,False
16514244,LA Rams vs. NY Giants,Theo Johnson,Theo Johnson (NYG),2ème mi-temps - Touchdowns de réception du joueur Plus / Moins,31468,77062,1731691146,0.5|sa:player:nfl-1214414|NYG,4497681726,Theo Johnson (NYG) moins de 0.5,Theo Johnson (NYG) moins de 0.5,0.5,1.01,0,False
16514244,LA Rams vs. NY Giants,Tutu Atwell,Tutu Atwell (LAR),2ème mi-temps - Touchdowns de réception du joueur Plus / Moins,31468,77062,1741304038,0.5|sa:player:nfl-1106760|LAR,4530177958,Tutu Atwell (LAR) Plus de 0.5,Tutu Atwell (LAR) Plus de 0.5,0.5,8.5,0,False
16514244,LA Rams vs. NY Giants,Tutu Atwell,Tutu Atwell (LAR),2ème mi-temps - Touchdowns de réception du joueur Plus / Moins,31468,77062,1741304038,0.5|sa:player:nfl-1106760|LAR,4530177959,Tutu Atwell (LAR) moins de 0.5,Tutu Atwell (LAR) moins de 0.5,0.5,1.01,0,False
16514244,LA Rams vs. NY Giants,Xavier Smith,Xavier Smith (LAR),2ème mi-temps - Touchdowns de réception du joueur Plus / Moins,31468,77062,1731690937,0.5|sa:player:nfl-1137635|LAR,4497681362,Xavier Smith (LAR) Plus de 0.5,Xavier Smith (LAR) Plus de 0.5,0.5,8.5,0,False
16514244,LA Rams vs. NY Giants,Xavier Smith,Xavier Smith (LAR),2ème mi-temps - Touchdowns de réception du joueur Plus / Moins,31468,77062,1731690937,0.5|sa:player:nfl-1137635|LAR,4497681363,Xavier Smith (LAR) moins de 0.5,Xavier Smith (LAR) moins de 0.5,0.5,1.01,0,False
16514244,LA Rams vs. NY Giants,Braxton Berrios,Braxton Berrios (NYG),2ème mi-temps - Touchdowns de réception du joueur Plus / Moins,31468,77062,1731690551,0.5|sa:player:nfl-820866|NYG,4497680680,Braxton Berrios (NYG) Plus de 0.5,Braxton Berrios (NYG) Plus de 0.5,0.5,9.0,0,False
16514244,LA Rams vs. NY Giants,Braxton Berrios,Braxton Berrios (NYG),2ème mi-temps - Touchdowns de réception du joueur Plus / Moins,31468,77062,1731690551,0.5|sa:player:nfl-820866|NYG,4497680681,Braxton Berrios (NYG) moins de 0.5,Braxton Berrios (NYG) moins de 0.5,0.5,0.0,7,False
16514244,LA Rams vs. NY Giants,Jaxson Dart,Jaxson Dart (NYG),2ème mi-temps - Total de yards à la passe du joueur Plus/Moins,31459,77053,1734186805,105.5|sa:player:nfl-1286260|NYG,4505446085,Jaxson Dart (NYG) Plus de 105.5,Jaxson Dart (NYG) Plus de 105.5,105.5,1.7693,0,False
16514244,LA Rams vs. NY Giants,Jaxson Dart,Jaxson Dart (NYG),2ème mi-temps - Total de yards à la passe du joueur Plus/Moins,31459,77053,1734186805,105.5|sa:player:nfl-1286260|NYG,4505446086,Jaxson Dart (NYG) moins de 105.5,Jaxson Dart (NYG) moins de 105.5,105.5,1.8334,0,False
16514244,LA Rams vs. NY Giants,Matthew Stafford,Matthew Stafford (LAR),2ème mi-temps - Total de yards à la passe du joueur Plus/Moins,31459,77053,1744108217,104.5|sa:player:nfl-323205|LAR,4538299744,Matthew Stafford (LAR) moins de 104.5,Matthew Stafford (LAR) moins de 104.5,104.5,1.8,0,False
16514244,LA Rams vs. NY Giants,Matthew Stafford,Matthew Stafford (LAR),2ème mi-temps - Total de yards à la passe du joueur Plus/Moins,31459,77053,1744108217,104.5|sa:player:nfl-323205|LAR,4538299743,Matthew Stafford (LAR) Plus de 104.5,Matthew Stafford (LAR) Plus de 104.5,104.5,1.8,0,False
16514244,LA Rams vs. NY Giants,Matthew Stafford,Matthew Stafford (LAR),2ème mi-temps - Total de Touchdowns à la passe du joueur - Plus/Moins,31462,77056,1731690282,0.5|sa:player:nfl-323205|LAR,4497680209,Matthew Stafford (LAR) Plus de 0.5,Matthew Stafford (LAR) Plus de 0.5,0.5,1.5715,0,False
16514244,LA Rams vs. NY Giants,Matthew Stafford,Matthew Stafford (LAR),2ème mi-temps - Total de Touchdowns à la passe du joueur - Plus/Moins,31462,77056,1731690282,0.5|sa:player:nfl-323205|LAR,4497680210,Matthew Stafford (LAR) moins de 0.5,Matthew Stafford (LAR) moins de 0.5,0.5,2.1,0,False
16514244,LA Rams vs. NY Giants,Jaxson Dart,Jaxson Dart (NYG),2ème mi-temps - Total de Touchdowns à la passe du joueur - Plus/Moins,31462,77056,1731691396,0.5|sa:player:nfl-1286260|NYG,4497682160,Jaxson Dart (NYG) Plus de 0.5,Jaxson Dart (NYG) Plus de 0.5,0.5,1.8334,0,False
16514244,LA Rams vs. NY Giants,Jaxson Dart,Jaxson Dart (NYG),2ème mi-temps - Total de Touchdowns à la passe du joueur - Plus/Moins,31462,77056,1731691396,0.5|sa:player:nfl-1286260|NYG,4497682161,Jaxson Dart (NYG) moins de 0.5,Jaxson Dart (NYG) moins de 0.5,0.5,1.7693,0,False
16514244,LA Rams vs. NY Giants,Jaxson Dart,Jaxson Dart (NYG),2ème mi-temps - Joueur Tentative de passe - Plus/Moins,31480,77074,1734186806,15.5|sa:player:nfl-1286260|NYG,4505446088,Jaxson Dart (NYG) moins de 15.5,Jaxson Dart (NYG) moins de 15.5,15.5,1.7693,0,False
16514244,LA Rams vs. NY Giants,Jaxson Dart,Jaxson Dart (NYG),2ème mi-temps - Joueur Tentative de passe - Plus/Moins,31480,77074,1734186806,15.5|sa:player:nfl-1286260|NYG,4505446087,Jaxson Dart (NYG) Plus de 15.5,Jaxson Dart (NYG) Plus de 15.5,15.5,1.8334,0,False
16514244,LA Rams vs. NY Giants,Matthew Stafford,Matthew Stafford (LAR),2ème mi-temps - Joueur Tentative de passe - Plus/Moins,31480,77074,1731690291,14.5|sa:player:nfl-323205|LAR,4497680227,Matthew Stafford (LAR) Plus de 14.5,Matthew Stafford (LAR) Plus de 14.5,14.5,1.8334,0,False
16514244,LA Rams vs. NY Giants,Matthew Stafford,Matthew Stafford (LAR),2ème mi-temps - Joueur Tentative de passe - Plus/Moins,31480,77074,1731690291,14.5|sa:player:nfl-323205|LAR,4497680228,Matthew Stafford (LAR) moins de 14.5,Matthew Stafford (LAR) moins de 14.5,14.5,1.7693,0,False
16514244,LA Rams vs. NY Giants,Jaxson Dart,Jaxson Dart (NYG),2ème mi-temps - Interceptions du joueur Plus/Moins,31477,77071,1731691402,0.5|sa:player:nfl-1286260|NYG,4497682172,Jaxson Dart (NYG) Plus de 0.5,Jaxson Dart (NYG) Plus de 0.5,0.5,2.65,0,False
16514244,LA Rams vs. NY Giants,Jaxson Dart,Jaxson Dart (NYG),2ème mi-temps - Interceptions du joueur Plus/Moins,31477,77071,1731691402,0.5|sa:player:nfl-1286260|NYG,4497682173,Jaxson Dart (NYG) moins de 0.5,Jaxson Dart (NYG) moins de 0.5,0.5,1.3637,0,False
16514244,LA Rams vs. NY Giants,Matthew Stafford,Matthew Stafford (LAR),2ème mi-temps - Interceptions du joueur Plus/Moins,31477,77071,1731690288,0.5|sa:player:nfl-323205|LAR,4497680221,Matthew Stafford (LAR) Plus de 0.5,Matthew Stafford (LAR) Plus de 0.5,0.5,3.4,0,False
16514244,LA Rams vs. NY Giants,Matthew Stafford,Matthew Stafford (LAR),2ème mi-temps - Interceptions du joueur Plus/Moins,31477,77071,1731690288,0.5|sa:player:nfl-323205|LAR,4497680222,Matthew Stafford (LAR) moins de 0.5,Matthew Stafford (LAR) moins de 0.5,0.5,1.2223,0,False
16514244,LA Rams vs. NY Giants,Jaxson Dart,Jaxson Dart (NYG),2ème mi-temps - Passes réussies du joueur - Plus/Moins,31492,77086,1732531374,9.5|sa:player:nfl-1286260|NYG,4500400693,Jaxson Dart (NYG) Plus de 9.5,Jaxson Dart (NYG) Plus de 9.5,9.5,1.7408,0,False
16514244,LA Rams vs. NY Giants,Jaxson Dart,Jaxson Dart (NYG),2ème mi-temps - Passes réussies du joueur - Plus/Moins,31492,77086,1732531374,9.5|sa:player:nfl-1286260|NYG,4500400694,Jaxson Dart (NYG) moins de 9.5,Jaxson Dart (NYG) moins de 9.5,9.5,1.8696,0,False
16514244,LA Rams vs. NY Giants,Matthew Stafford,Matthew Stafford (LAR),2ème mi-temps - Passes réussies du joueur - Plus/Moins,31492,77086,1731690294,9.5|sa:player:nfl-323205|LAR,4497680233,Matthew Stafford (LAR) Plus de 9.5,Matthew Stafford (LAR) Plus de 9.5,9.5,1.8334,0,False
16514244,LA Rams vs. NY Giants,Matthew Stafford,Matthew Stafford (LAR),2ème mi-temps - Passes réussies du joueur - Plus/Moins,31492,77086,1731690294,9.5|sa:player:nfl-323205|LAR,4497680234,Matthew Stafford (LAR) moins de 9.5,Matthew Stafford (LAR) moins de 9.5,9.5,1.7693,0,False
16514244,LA Rams vs. NY Giants,Kyren Williams,Kyren Williams (LAR),Premier quart-temps - Total de yards à la course du joueur Plus/Moins,31472,77066,1732851396,12.5|sa:player:nfl-1167361|LAR|1,4501163291,Kyren Williams (LAR) Plus de 12.5,Kyren Williams (LAR) Plus de 12.5,12.5,1.7693,0,False
16514244,LA Rams vs. NY Giants,Kyren Williams,Kyren Williams (LAR),Premier quart-temps - Total de yards à la course du joueur Plus/Moins,31472,77066,1732851396,12.5|sa:player:nfl-1167361|LAR|1,4501163292,Kyren Williams (LAR) moins de 12.5,Kyren Williams (LAR) moins de 12.5,12.5,1.8334,0,False
16514244,LA Rams vs. NY Giants,Cameron Skattebo,Cameron Skattebo (NYG),Premier quart-temps - Total de yards à la course du joueur Plus/Moins,31472,77066,1732536805,11.5|sa:player:nfl-1280316|NYG|1,4500413948,Cameron Skattebo (NYG) Plus de 11.5,Cameron Skattebo (NYG) Plus de 11.5,11.5,1.7693,0,False
16514244,LA Rams vs. NY Giants,Cameron Skattebo,Cameron Skattebo (NYG),Premier quart-temps - Total de yards à la course du joueur Plus/Moins,31472,77066,1732536805,11.5|sa:player:nfl-1280316|NYG|1,4500413949,Cameron Skattebo (NYG) moins de 11.5,Cameron Skattebo (NYG) moins de 11.5,11.5,1.8334,0,False
16514244,LA Rams vs. NY Giants,Blake Corum,Blake Corum (LAR),Premier quart-temps - Total de yards à la course du joueur Plus/Moins,31472,77066,1732855328,8.5|sa:player:nfl-1229540|LAR|1,4501193395,Blake Corum (LAR) Plus de 8.5,Blake Corum (LAR) Plus de 8.5,8.5,1.7693,0,False
16514244,LA Rams vs. NY Giants,Blake Corum,Blake Corum (LAR),Premier quart-temps - Total de yards à la course du joueur Plus/Moins,31472,77066,1732855328,8.5|sa:player:nfl-1229540|LAR|1,4501193396,Blake Corum (LAR) moins de 8.5,Blake Corum (LAR) moins de 8.5,8.5,1.8334,0,False
16514244,LA Rams vs. NY Giants,Jaxson Dart,Jaxson Dart (NYG),Premier quart-temps - Total de yards à la course du joueur Plus/Moins,31472,77066,1732512018,5.5|sa:player:nfl-1286260|NYG|1,4500353938,Jaxson Dart (NYG) Plus de 5.5,Jaxson Dart (NYG) Plus de 5.5,5.5,1.8334,0,False
16514244,LA Rams vs. NY Giants,Jaxson Dart,Jaxson Dart (NYG),Premier quart-temps - Total de yards à la course du joueur Plus/Moins,31472,77066,1732512018,5.5|sa:player:nfl-1286260|NYG|1,4500353939,Jaxson Dart (NYG) moins de 5.5,Jaxson Dart (NYG) moins de 5.5,5.5,1.7693,0,False
16514244,LA Rams vs. NY Giants,Devin Singletary,Devin Singletary (NYG),Premier quart-temps - Total de yards à la course du joueur Plus/Moins,31472,77066,1731690627,2.5|sa:player:nfl-916466|NYG|1,4497680812,Devin Singletary (NYG) Plus de 2.5,Devin Singletary (NYG) Plus de 2.5,2.5,1.7693,0,False
16514244,LA Rams vs. NY Giants,Devin Singletary,Devin Singletary (NYG),Premier quart-temps - Total de yards à la course du joueur Plus/Moins,31472,77066,1731690627,2.5|sa:player:nfl-916466|NYG|1,4497680813,Devin Singletary (NYG) moins de 2.5,Devin Singletary (NYG) moins de 2.5,2.5,1.8334,0,False
16514244,LA Rams vs. NY Giants,Matthew Stafford,Matthew Stafford (LAR),Premier quart-temps - Total de yards à la course du joueur Plus/Moins,31472,77066,1731690302,0.5|sa:player:nfl-323205|LAR|1,4497680249,Matthew Stafford (LAR) Plus de 0.5,Matthew Stafford (LAR) Plus de 0.5,0.5,6.0,0,False
16514244,LA Rams vs. NY Giants,Matthew Stafford,Matthew Stafford (LAR),Premier quart-temps - Total de yards à la course du joueur Plus/Moins,31472,77066,1731690302,0.5|sa:player:nfl-323205|LAR|1,4497680250,Matthew Stafford (LAR) moins de 0.5,Matthew Stafford (LAR) moins de 0.5,0.5,1.0625,0,False
16514244,LA Rams vs. NY Giants,Kyren Williams,Kyren Williams (LAR),Premier quart-temps - Touchdowns de course du joueur Plus / Moins,31475,77069,1731691093,0.5|sa:player:nfl-1167361|LAR|1,4497681632,Kyren Williams (LAR) Plus de 0.5,Kyren Williams (LAR) Plus de 0.5,0.5,4.75,0,False
16514244,LA Rams vs. NY Giants,Kyren Williams,Kyren Williams (LAR),Premier quart-temps - Touchdowns de course du joueur Plus / Moins,31475,77069,1731691093,0.5|sa:player:nfl-1167361|LAR|1,4497681633,Kyren Williams (LAR) moins de 0.5,Kyren Williams (LAR) moins de 0.5,0.5,1.1112,0,False
16514244,LA Rams vs. NY Giants,Cameron Skattebo,Cameron Skattebo (NYG),Premier quart-temps - Touchdowns de course du joueur Plus / Moins,31475,77069,1731691310,0.5|sa:player:nfl-1280316|NYG|1,4497682016,Cameron Skattebo (NYG) moins de 0.5,Cameron Skattebo (NYG) moins de 0.5,0.5,1.0589,0,False
16514244,LA Rams vs. NY Giants,Cameron Skattebo,Cameron Skattebo (NYG),Premier quart-temps - Touchdowns de course du joueur Plus / Moins,31475,77069,1731691310,0.5|sa:player:nfl-1280316|NYG|1,4497682015,Cameron Skattebo (NYG) Plus de 0.5,Cameron Skattebo (NYG) Plus de 0.5,0.5,6.0,0,False
16514244,LA Rams vs. NY Giants,Blake Corum,Blake Corum (LAR),Premier quart-temps - Touchdowns de course du joueur Plus / Moins,31475,77069,1731691246,0.5|sa:player:nfl-1229540|LAR|1,4497681900,Blake Corum (LAR) Plus de 0.5,Blake Corum (LAR) Plus de 0.5,0.5,7.5,0,False
16514244,LA Rams vs. NY Giants,Blake Corum,Blake Corum (LAR),Premier quart-temps - Touchdowns de course du joueur Plus / Moins,31475,77069,1731691246,0.5|sa:player:nfl-1229540|LAR|1,4497681901,Blake Corum (LAR) moins de 0.5,Blake Corum (LAR) moins de 0.5,0.5,1.02,0,False
16514244,LA Rams vs. NY Giants,Jaxson Dart,Jaxson Dart (NYG),Premier quart-temps - Touchdowns de course du joueur Plus / Moins,31475,77069,1731691419,0.5|sa:player:nfl-1286260|NYG|1,4497682206,Jaxson Dart (NYG) Plus de 0.5,Jaxson Dart (NYG) Plus de 0.5,0.5,7.75,0,False
16514244,LA Rams vs. NY Giants,Jaxson Dart,Jaxson Dart (NYG),Premier quart-temps - Touchdowns de course du joueur Plus / Moins,31475,77069,1731691419,0.5|sa:player:nfl-1286260|NYG|1,4497682207,Jaxson Dart (NYG) moins de 0.5,Jaxson Dart (NYG) moins de 0.5,0.5,1.02,0,False
16514244,LA Rams vs. NY Giants,Devin Singletary,Devin Singletary (NYG),Premier quart-temps - Touchdowns de course du joueur Plus / Moins,31475,77069,1731690630,0.5|sa:player:nfl-916466|NYG|1,4497680818,Devin Singletary (NYG) Plus de 0.5,Devin Singletary (NYG) Plus de 0.5,0.5,8.5,0,False
16514244,LA Rams vs. NY Giants,Devin Singletary,Devin Singletary (NYG),Premier quart-temps - Touchdowns de course du joueur Plus / Moins,31475,77069,1731690630,0.5|sa:player:nfl-916466|NYG|1,4497680819,Devin Singletary (NYG) moins de 0.5,Devin Singletary (NYG) moins de 0.5,0.5,0.0,7,False
16514244,LA Rams vs. NY Giants,Cameron Skattebo,Cameron Skattebo (NYG),Premier quart-temps - Tentatives de rushing du joueur Plus/Moins,31484,77078,1732536807,3.5|sa:player:nfl-1280316|NYG|1,4500413952,Cameron Skattebo (NYG) Plus de 3.5,Cameron Skattebo (NYG) Plus de 3.5,3.5,1.7693,0,False
16514244,LA Rams vs. NY Giants,Cameron Skattebo,Cameron Skattebo (NYG),Premier quart-temps - Tentatives de rushing du joueur Plus/Moins,31484,77078,1732536807,3.5|sa:player:nfl-1280316|NYG|1,4500413953,Cameron Skattebo (NYG) moins de 3.5,Cameron Skattebo (NYG) moins de 3.5,3.5,1.8334,0,False
16514244,LA Rams vs. NY Giants,Kyren Williams,Kyren Williams (LAR),Premier quart-temps - Tentatives de rushing du joueur Plus/Moins,31484,77078,1732858868,2.5|sa:player:nfl-1167361|LAR|1,4501201876,Kyren Williams (LAR) Plus de 2.5,Kyren Williams (LAR) Plus de 2.5,2.5,1.5264,0,False
16514244,LA Rams vs. NY Giants,Kyren Williams,Kyren Williams (LAR),Premier quart-temps - Tentatives de rushing du joueur Plus/Moins,31484,77078,1732858868,2.5|sa:player:nfl-1167361|LAR|1,4501201877,Kyren Williams (LAR) moins de 2.5,Kyren Williams (LAR) moins de 2.5,2.5,2.2,0,False
16514244,LA Rams vs. NY Giants,Blake Corum,Blake Corum (LAR),Premier quart-temps - Tentatives de rushing du joueur Plus/Moins,31484,77078,1732851408,2.5|sa:player:nfl-1229540|LAR|1,4501163315,Blake Corum (LAR) Plus de 2.5,Blake Corum (LAR) Plus de 2.5,2.5,1.8696,0,False
16514244,LA Rams vs. NY Giants,Blake Corum,Blake Corum (LAR),Premier quart-temps - Tentatives de rushing du joueur Plus/Moins,31484,77078,1732851408,2.5|sa:player:nfl-1229540|LAR|1,4501163316,Blake Corum (LAR) moins de 2.5,Blake Corum (LAR) moins de 2.5,2.5,1.7408,0,False
16514244,LA Rams vs. NY Giants,Jaxson Dart,Jaxson Dart (NYG),Premier quart-temps - Tentatives de rushing du joueur Plus/Moins,31484,77078,1731691422,1.5|sa:player:nfl-1286260|NYG|1,4497682212,Jaxson Dart (NYG) Plus de 1.5,Jaxson Dart (NYG) Plus de 1.5,1.5,2.2,0,False
16514244,LA Rams vs. NY Giants,Jaxson Dart,Jaxson Dart (NYG),Premier quart-temps - Tentatives de rushing du joueur Plus/Moins,31484,77078,1731691422,1.5|sa:player:nfl-1286260|NYG|1,4497682213,Jaxson Dart (NYG) moins de 1.5,Jaxson Dart (NYG) moins de 1.5,1.5,1.5264,0,False
16514244,LA Rams vs. NY Giants,Devin Singletary,Devin Singletary (NYG),Premier quart-temps - Tentatives de rushing du joueur Plus/Moins,31484,77078,1731690633,1.5|sa:player:nfl-916466|NYG|1,4497680824,Devin Singletary (NYG) Plus de 1.5,Devin Singletary (NYG) Plus de 1.5,1.5,2.25,0,False
16514244,LA Rams vs. NY Giants,Devin Singletary,Devin Singletary (NYG),Premier quart-temps - Tentatives de rushing du joueur Plus/Moins,31484,77078,1731690633,1.5|sa:player:nfl-916466|NYG|1,4497680825,Devin Singletary (NYG) moins de 1.5,Devin Singletary (NYG) moins de 1.5,1.5,1.5,0,False
16514244,LA Rams vs. NY Giants,Matthew Stafford,Matthew Stafford (LAR),Premier quart-temps - Tentatives de rushing du joueur Plus/Moins,31484,77078,1731690308,0.5|sa:player:nfl-323205|LAR|1,4497680261,Matthew Stafford (LAR) Plus de 0.5,Matthew Stafford (LAR) Plus de 0.5,0.5,5.75,0,False
16514244,LA Rams vs. NY Giants,Matthew Stafford,Matthew Stafford (LAR),Premier quart-temps - Tentatives de rushing du joueur Plus/Moins,31484,77078,1731690308,0.5|sa:player:nfl-323205|LAR|1,4497680262,Matthew Stafford (LAR) moins de 0.5,Matthew Stafford (LAR) moins de 0.5,0.5,1.0715,0,False
16514244,LA Rams vs. NY Giants,Kyren Williams,Kyren Williams (LAR),Premier quart-temps - Yards de course et de réception du joueur Plus / Moins,31490,77084,1732851401,16.5|sa:player:nfl-1167361|LAR|1,4501163301,Kyren Williams (LAR) Plus de 16.5,Kyren Williams (LAR) Plus de 16.5,16.5,1.7693,0,False
16514244,LA Rams vs. NY Giants,Kyren Williams,Kyren Williams (LAR),Premier quart-temps - Yards de course et de réception du joueur Plus / Moins,31490,77084,1732851401,16.5|sa:player:nfl-1167361|LAR|1,4501163302,Kyren Williams (LAR) moins de 16.5,Kyren Williams (LAR) moins de 16.5,16.5,1.8334,0,False
16514244,LA Rams vs. NY Giants,Cameron Skattebo,Cameron Skattebo (NYG),Premier quart-temps - Yards de course et de réception du joueur Plus / Moins,31490,77084,1732491371,14.5|sa:player:nfl-1280316|NYG|1,4500306715,Cameron Skattebo (NYG) Plus de 14.5,Cameron Skattebo (NYG) Plus de 14.5,14.5,1.7693,0,False
16514244,LA Rams vs. NY Giants,Cameron Skattebo,Cameron Skattebo (NYG),Premier quart-temps - Yards de course et de réception du joueur Plus / Moins,31490,77084,1732491371,14.5|sa:player:nfl-1280316|NYG|1,4500306716,Cameron Skattebo (NYG) moins de 14.5,Cameron Skattebo (NYG) moins de 14.5,14.5,1.8334,0,False
16514244,LA Rams vs. NY Giants,Blake Corum,Blake Corum (LAR),Premier quart-temps - Yards de course et de réception du joueur Plus / Moins,31490,77084,1732855333,10.5|sa:player:nfl-1229540|LAR|1,4501193405,Blake Corum (LAR) Plus de 10.5,Blake Corum (LAR) Plus de 10.5,10.5,1.8334,0,False
16514244,LA Rams vs. NY Giants,Blake Corum,Blake Corum (LAR),Premier quart-temps - Yards de course et de réception du joueur Plus / Moins,31490,77084,1732855333,10.5|sa:player:nfl-1229540|LAR|1,4501193406,Blake Corum (LAR) moins de 10.5,Blake Corum (LAR) moins de 10.5,10.5,1.7693,0,False
16514244,LA Rams vs. NY Giants,Devin Singletary,Devin Singletary (NYG),Premier quart-temps - Yards de course et de réception du joueur Plus / Moins,31490,77084,1731723057,3.5|sa:player:nfl-916466|NYG|1,4497774660,Devin Singletary (NYG) Plus de 3.5,Devin Singletary (NYG) Plus de 3.5,3.5,1.7408,0,False
16514244,LA Rams vs. NY Giants,Devin Singletary,Devin Singletary (NYG),Premier quart-temps - Yards de course et de réception du joueur Plus / Moins,31490,77084,1731723057,3.5|sa:player:nfl-916466|NYG|1,4497774661,Devin Singletary (NYG) moins de 3.5,Devin Singletary (NYG) moins de 3.5,3.5,1.8696,0,False
16514244,LA Rams vs. NY Giants,Puka Nacua,Puka Nacua (LAR),Premier quart-temps - Total de réceptions Plus/Moins,31487,77081,1731691023,1.5|sa:player:nfl-1162128|LAR|1,4497681512,Puka Nacua (LAR) moins de 1.5,Puka Nacua (LAR) moins de 1.5,1.5,1.7693,0,False
16514244,LA Rams vs. NY Giants,Puka Nacua,Puka Nacua (LAR),Premier quart-temps - Total de réceptions Plus/Moins,31487,77081,1731691023,1.5|sa:player:nfl-1162128|LAR|1,4497681511,Puka Nacua (LAR) Plus de 1.5,Puka Nacua (LAR) Plus de 1.5,1.5,1.8334,0,False
16514244,LA Rams vs. NY Giants,Malik Nabers,Malik Nabers (NYG),Premier quart-temps - Total de réceptions Plus/Moins,31487,77081,1732623073,1.5|sa:player:nfl-1286059|NYG|1,4500619604,Malik Nabers (NYG) Plus de 1.5,Malik Nabers (NYG) Plus de 1.5,1.5,2.4,0,False
16514244,LA Rams vs. NY Giants,Malik Nabers,Malik Nabers (NYG),Premier quart-temps - Total de réceptions Plus/Moins,31487,77081,1732623073,1.5|sa:player:nfl-1286059|NYG|1,4500619605,Malik Nabers (NYG) moins de 1.5,Malik Nabers (NYG) moins de 1.5,1.5,1.4348,0,False
16514244,LA Rams vs. NY Giants,Davante Adams,Davante Adams (LAR),Premier quart-temps - Total de réceptions Plus/Moins,31487,77081,1741297056,1.5|sa:player:nfl-611417|LAR|1,4530161718,Davante Adams (LAR) Plus de 1.5,Davante Adams (LAR) Plus de 1.5,1.5,2.45,0,False
16514244,LA Rams vs. NY Giants,Davante Adams,Davante Adams (LAR),Premier quart-temps - Total de réceptions Plus/Moins,31487,77081,1741297056,1.5|sa:player:nfl-611417|LAR|1,4530161719,Davante Adams (LAR) moins de 1.5,Davante Adams (LAR) moins de 1.5,1.5,1.4167,0,False
16514244,LA Rams vs. NY Giants,Isaiah Likely,Isaiah Likely (NYG),Premier quart-temps - Total de réceptions Plus/Moins,31487,77081,1731690896,0.5|sa:player:nfl-1125111|NYG|1,4497681292,Isaiah Likely (NYG) Plus de 0.5,Isaiah Likely (NYG) Plus de 0.5,0.5,1.5556,0,False
16514244,LA Rams vs. NY Giants,Isaiah Likely,Isaiah Likely (NYG),Premier quart-temps - Total de réceptions Plus/Moins,31487,77081,1731690896,0.5|sa:player:nfl-1125111|NYG|1,4497681293,Isaiah Likely (NYG) moins de 0.5,Isaiah Likely (NYG) moins de 0.5,0.5,2.15,0,False
16514244,LA Rams vs. NY Giants,Colby Parkinson,Colby Parkinson (LAR),Premier quart-temps - Total de réceptions Plus/Moins,31487,77081,1731690770,0.5|sa:player:nfl-1060312|LAR|1,4497681066,Colby Parkinson (LAR) Plus de 0.5,Colby Parkinson (LAR) Plus de 0.5,0.5,1.7408,0,False
16514244,LA Rams vs. NY Giants,Colby Parkinson,Colby Parkinson (LAR),Premier quart-temps - Total de réceptions Plus/Moins,31487,77081,1731690770,0.5|sa:player:nfl-1060312|LAR|1,4497681067,Colby Parkinson (LAR) moins de 0.5,Colby Parkinson (LAR) moins de 0.5,0.5,1.8696,0,False
16514244,LA Rams vs. NY Giants,Terrance Ferguson,Terrance Ferguson (LAR),Premier quart-temps - Total de réceptions Plus/Moins,31487,77081,1731691368,0.5|sa:player:nfl-1286179|LAR|1,4497682113,Terrance Ferguson (LAR) Plus de 0.5,Terrance Ferguson (LAR) Plus de 0.5,0.5,1.9091,0,False
16514244,LA Rams vs. NY Giants,Terrance Ferguson,Terrance Ferguson (LAR),Premier quart-temps - Total de réceptions Plus/Moins,31487,77081,1731691368,0.5|sa:player:nfl-1286179|LAR|1,4497682114,Terrance Ferguson (LAR) moins de 0.5,Terrance Ferguson (LAR) moins de 0.5,0.5,1.7143,0,False
16514244,LA Rams vs. NY Giants,Kyren Williams,Kyren Williams (LAR),Premier quart-temps - Total de réceptions Plus/Moins,31487,77081,1731691083,0.5|sa:player:nfl-1167361|LAR|1,4497681612,Kyren Williams (LAR) Plus de 0.5,Kyren Williams (LAR) Plus de 0.5,0.5,2.05,0,False
16514244,LA Rams vs. NY Giants,Kyren Williams,Kyren Williams (LAR),Premier quart-temps - Total de réceptions Plus/Moins,31487,77081,1731691083,0.5|sa:player:nfl-1167361|LAR|1,4497681613,Kyren Williams (LAR) moins de 0.5,Kyren Williams (LAR) moins de 0.5,0.5,1.6061,0,False
16514244,LA Rams vs. NY Giants,Malachi Fields,Malachi Fields (NYG),Premier quart-temps - Total de réceptions Plus/Moins,31487,77081,1731691177,0.5|sa:player:nfl-1319589|NYG|1,4497681777,Malachi Fields (NYG) Plus de 0.5,Malachi Fields (NYG) Plus de 0.5,0.5,2.2,0,False
16514244,LA Rams vs. NY Giants,Malachi Fields,Malachi Fields (NYG),Premier quart-temps - Total de réceptions Plus/Moins,31487,77081,1731691177,0.5|sa:player:nfl-1319589|NYG|1,4497681778,Malachi Fields (NYG) moins de 0.5,Malachi Fields (NYG) moins de 0.5,0.5,1.5264,0,False
16514244,LA Rams vs. NY Giants,Cameron Skattebo,Cameron Skattebo (NYG),Premier quart-temps - Total de réceptions Plus/Moins,31487,77081,1731691300,0.5|sa:player:nfl-1280316|NYG|1,4497681995,Cameron Skattebo (NYG) Plus de 0.5,Cameron Skattebo (NYG) Plus de 0.5,0.5,2.4,0,False
16514244,LA Rams vs. NY Giants,Cameron Skattebo,Cameron Skattebo (NYG),Premier quart-temps - Total de réceptions Plus/Moins,31487,77081,1731691300,0.5|sa:player:nfl-1280316|NYG|1,4497681996,Cameron Skattebo (NYG) moins de 0.5,Cameron Skattebo (NYG) moins de 0.5,0.5,1.4445,0,False
16514244,LA Rams vs. NY Giants,Tyler Higbee,Tyler Higbee (LAR),Premier quart-temps - Total de réceptions Plus/Moins,31487,77081,1731690397,0.5|sa:player:nfl-604176|LAR|1,4497680410,Tyler Higbee (LAR) Plus de 0.5,Tyler Higbee (LAR) Plus de 0.5,0.5,2.65,0,False
16514244,LA Rams vs. NY Giants,Tyler Higbee,Tyler Higbee (LAR),Premier quart-temps - Total de réceptions Plus/Moins,31487,77081,1731690397,0.5|sa:player:nfl-604176|LAR|1,4497680411,Tyler Higbee (LAR) moins de 0.5,Tyler Higbee (LAR) moins de 0.5,0.5,1.3637,0,False
16514244,LA Rams vs. NY Giants,Konata Mumpfield,Konata Mumpfield (LAR),Premier quart-temps - Total de réceptions Plus/Moins,31487,77081,1731691486,0.5|sa:player:nfl-1289332|LAR|1,4497682320,Konata Mumpfield (LAR) Plus de 0.5,Konata Mumpfield (LAR) Plus de 0.5,0.5,2.9,0,False
16514244,LA Rams vs. NY Giants,Konata Mumpfield,Konata Mumpfield (LAR),Premier quart-temps - Total de réceptions Plus/Moins,31487,77081,1731691486,0.5|sa:player:nfl-1289332|LAR|1,4497682321,Konata Mumpfield (LAR) moins de 0.5,Konata Mumpfield (LAR) moins de 0.5,0.5,1.3077,0,False
16514244,LA Rams vs. NY Giants,Darnell Mooney,Darnell Mooney (NYG),Premier quart-temps - Total de réceptions Plus/Moins,31487,77081,1731690593,0.5|sa:player:nfl-912027|NYG|1,4497680753,Darnell Mooney (NYG) Plus de 0.5,Darnell Mooney (NYG) Plus de 0.5,0.5,3.3,0,False
16514244,LA Rams vs. NY Giants,Darnell Mooney,Darnell Mooney (NYG),Premier quart-temps - Total de réceptions Plus/Moins,31487,77081,1731690593,0.5|sa:player:nfl-912027|NYG|1,4497680754,Darnell Mooney (NYG) moins de 0.5,Darnell Mooney (NYG) moins de 0.5,0.5,1.2353,0,False
16514244,LA Rams vs. NY Giants,Devin Singletary,Devin Singletary (NYG),Premier quart-temps - Total de réceptions Plus/Moins,31487,77081,1731690620,0.5|sa:player:nfl-916466|NYG|1,4497680798,Devin Singletary (NYG) Plus de 0.5,Devin Singletary (NYG) Plus de 0.5,0.5,3.4,0,False
16514244,LA Rams vs. NY Giants,Devin Singletary,Devin Singletary (NYG),Premier quart-temps - Total de réceptions Plus/Moins,31487,77081,1731690620,0.5|sa:player:nfl-916466|NYG|1,4497680799,Devin Singletary (NYG) moins de 0.5,Devin Singletary (NYG) moins de 0.5,0.5,1.2223,0,False
16514244,LA Rams vs. NY Giants,Blake Corum,Blake Corum (LAR),Premier quart-temps - Total de réceptions Plus/Moins,31487,77081,1731691236,0.5|sa:player:nfl-1229540|LAR|1,4497681880,Blake Corum (LAR) Plus de 0.5,Blake Corum (LAR) Plus de 0.5,0.5,3.75,0,False
16514244,LA Rams vs. NY Giants,Blake Corum,Blake Corum (LAR),Premier quart-temps - Total de réceptions Plus/Moins,31487,77081,1731691236,0.5|sa:player:nfl-1229540|LAR|1,4497681881,Blake Corum (LAR) moins de 0.5,Blake Corum (LAR) moins de 0.5,0.5,1.1819,0,False
16514244,LA Rams vs. NY Giants,Theo Johnson,Theo Johnson (NYG),Premier quart-temps - Total de réceptions Plus/Moins,31487,77081,1731691150,0.5|sa:player:nfl-1214414|NYG|1,4497681733,Theo Johnson (NYG) Plus de 0.5,Theo Johnson (NYG) Plus de 0.5,0.5,4.0,0,False
16514244,LA Rams vs. NY Giants,Theo Johnson,Theo Johnson (NYG),Premier quart-temps - Total de réceptions Plus/Moins,31487,77081,1731691150,0.5|sa:player:nfl-1214414|NYG|1,4497681734,Theo Johnson (NYG) moins de 0.5,Theo Johnson (NYG) moins de 0.5,0.5,1.1667,0,False
16514244,LA Rams vs. NY Giants,Odell Beckham Jr.,Odell Beckham Jr. (NYG),Premier quart-temps - Total de réceptions Plus/Moins,31487,77081,1731690370,0.5|sa:player:nfl-589984|NYG|1,4497680365,Odell Beckham Jr. (NYG) Plus de 0.5,Odell Beckham Jr. (NYG) Plus de 0.5,0.5,5.25,0,False
16514244,LA Rams vs. NY Giants,Odell Beckham Jr.,Odell Beckham Jr. (NYG),Premier quart-temps - Total de réceptions Plus/Moins,31487,77081,1731690370,0.5|sa:player:nfl-589984|NYG|1,4497680366,Odell Beckham Jr. (NYG) moins de 0.5,Odell Beckham Jr. (NYG) moins de 0.5,0.5,1.091,0,False
16514244,LA Rams vs. NY Giants,Puka Nacua,Puka Nacua (LAR),Premier quart-temps - Yards reçus par le joueur - Plus/Moins,31466,77060,1737219102,14.5|sa:player:nfl-1162128|LAR|1,4516489075,Puka Nacua (LAR) Plus de 14.5,Puka Nacua (LAR) Plus de 14.5,14.5,1.8334,0,False
16514244,LA Rams vs. NY Giants,Puka Nacua,Puka Nacua (LAR),Premier quart-temps - Yards reçus par le joueur - Plus/Moins,31466,77060,1737219102,14.5|sa:player:nfl-1162128|LAR|1,4516489076,Puka Nacua (LAR) moins de 14.5,Puka Nacua (LAR) moins de 14.5,14.5,1.7693,0,False
16514244,LA Rams vs. NY Giants,Davante Adams,Davante Adams (LAR),Premier quart-temps - Yards reçus par le joueur - Plus/Moins,31466,77060,1739713048,9.5|sa:player:nfl-611417|LAR|1,4525609793,Davante Adams (LAR) Plus de 9.5,Davante Adams (LAR) Plus de 9.5,9.5,1.7693,0,False
16514244,LA Rams vs. NY Giants,Davante Adams,Davante Adams (LAR),Premier quart-temps - Yards reçus par le joueur - Plus/Moins,31466,77060,1739713048,9.5|sa:player:nfl-611417|LAR|1,4525609794,Davante Adams (LAR) moins de 9.5,Davante Adams (LAR) moins de 9.5,9.5,1.8334,0,False
16514244,LA Rams vs. NY Giants,Malik Nabers,Malik Nabers (NYG),Premier quart-temps - Yards reçus par le joueur - Plus/Moins,31466,77060,1732670828,9.5|sa:player:nfl-1286059|NYG|1,4500737718,Malik Nabers (NYG) Plus de 9.5,Malik Nabers (NYG) Plus de 9.5,9.5,1.8334,0,False
16514244,LA Rams vs. NY Giants,Malik Nabers,Malik Nabers (NYG),Premier quart-temps - Yards reçus par le joueur - Plus/Moins,31466,77060,1732670828,9.5|sa:player:nfl-1286059|NYG|1,4500737719,Malik Nabers (NYG) moins de 9.5,Malik Nabers (NYG) moins de 9.5,9.5,1.7693,0,False
16514244,LA Rams vs. NY Giants,Isaiah Likely,Isaiah Likely (NYG),Premier quart-temps - Yards reçus par le joueur - Plus/Moins,31466,77060,1732546509,5.5|sa:player:nfl-1125111|NYG|1,4500437436,Isaiah Likely (NYG) Plus de 5.5,Isaiah Likely (NYG) Plus de 5.5,5.5,1.8334,0,False
16514244,LA Rams vs. NY Giants,Isaiah Likely,Isaiah Likely (NYG),Premier quart-temps - Yards reçus par le joueur - Plus/Moins,31466,77060,1732546509,5.5|sa:player:nfl-1125111|NYG|1,4500437437,Isaiah Likely (NYG) moins de 5.5,Isaiah Likely (NYG) moins de 5.5,5.5,1.7693,0,False
16514244,LA Rams vs. NY Giants,Colby Parkinson,Colby Parkinson (LAR),Premier quart-temps - Yards reçus par le joueur - Plus/Moins,31466,77060,1739712120,1.5|sa:player:nfl-1060312|LAR|1,4525607222,Colby Parkinson (LAR) Plus de 1.5,Colby Parkinson (LAR) Plus de 1.5,1.5,1.8334,0,False
16514244,LA Rams vs. NY Giants,Colby Parkinson,Colby Parkinson (LAR),Premier quart-temps - Yards reçus par le joueur - Plus/Moins,31466,77060,1739712120,1.5|sa:player:nfl-1060312|LAR|1,4525607223,Colby Parkinson (LAR) moins de 1.5,Colby Parkinson (LAR) moins de 1.5,1.5,1.7693,0,False
16514244,LA Rams vs. NY Giants,Terrance Ferguson,Terrance Ferguson (LAR),Premier quart-temps - Yards reçus par le joueur - Plus/Moins,31466,77060,1731691362,0.5|sa:player:nfl-1286179|LAR|1,4497682101,Terrance Ferguson (LAR) Plus de 0.5,Terrance Ferguson (LAR) Plus de 0.5,0.5,1.9524,0,False
16514244,LA Rams vs. NY Giants,Terrance Ferguson,Terrance Ferguson (LAR),Premier quart-temps - Yards reçus par le joueur - Plus/Moins,31466,77060,1731691362,0.5|sa:player:nfl-1286179|LAR|1,4497682102,Terrance Ferguson (LAR) moins de 0.5,Terrance Ferguson (LAR) moins de 0.5,0.5,1.6667,0,False
16514244,LA Rams vs. NY Giants,Kyren Williams,Kyren Williams (LAR),Premier quart-temps - Yards reçus par le joueur - Plus/Moins,31466,77060,1731691077,0.5|sa:player:nfl-1167361|LAR|1,4497681600,Kyren Williams (LAR) Plus de 0.5,Kyren Williams (LAR) Plus de 0.5,0.5,2.25,0,False
16514244,LA Rams vs. NY Giants,Kyren Williams,Kyren Williams (LAR),Premier quart-temps - Yards reçus par le joueur - Plus/Moins,31466,77060,1731691077,0.5|sa:player:nfl-1167361|LAR|1,4497681601,Kyren Williams (LAR) moins de 0.5,Kyren Williams (LAR) moins de 0.5,0.5,1.5,0,False
16514244,LA Rams vs. NY Giants,Malachi Fields,Malachi Fields (NYG),Premier quart-temps - Yards reçus par le joueur - Plus/Moins,31466,77060,1731691513,0.5|sa:player:nfl-1319589|NYG|1,4497682364,Malachi Fields (NYG) Plus de 0.5,Malachi Fields (NYG) Plus de 0.5,0.5,2.25,0,False
16514244,LA Rams vs. NY Giants,Malachi Fields,Malachi Fields (NYG),Premier quart-temps - Yards reçus par le joueur - Plus/Moins,31466,77060,1731691513,0.5|sa:player:nfl-1319589|NYG|1,4497682365,Malachi Fields (NYG) moins de 0.5,Malachi Fields (NYG) moins de 0.5,0.5,1.5,0,False
16514244,LA Rams vs. NY Giants,Cameron Skattebo,Cameron Skattebo (NYG),Premier quart-temps - Yards reçus par le joueur - Plus/Moins,31466,77060,1731691294,0.5|sa:player:nfl-1280316|NYG|1,4497681984,Cameron Skattebo (NYG) moins de 0.5,Cameron Skattebo (NYG) moins de 0.5,0.5,1.3637,0,False
16514244,LA Rams vs. NY Giants,Cameron Skattebo,Cameron Skattebo (NYG),Premier quart-temps - Yards reçus par le joueur - Plus/Moins,31466,77060,1731691294,0.5|sa:player:nfl-1280316|NYG|1,4497681983,Cameron Skattebo (NYG) Plus de 0.5,Cameron Skattebo (NYG) Plus de 0.5,0.5,2.65,0,False
16514244,LA Rams vs. NY Giants,Tyler Higbee,Tyler Higbee (LAR),Premier quart-temps - Yards reçus par le joueur - Plus/Moins,31466,77060,1731690391,0.5|sa:player:nfl-604176|LAR|1,4497680398,Tyler Higbee (LAR) Plus de 0.5,Tyler Higbee (LAR) Plus de 0.5,0.5,2.7,0,False
16514244,LA Rams vs. NY Giants,Tyler Higbee,Tyler Higbee (LAR),Premier quart-temps - Yards reçus par le joueur - Plus/Moins,31466,77060,1731690391,0.5|sa:player:nfl-604176|LAR|1,4497680399,Tyler Higbee (LAR) moins de 0.5,Tyler Higbee (LAR) moins de 0.5,0.5,1.3572,0,False
16514244,LA Rams vs. NY Giants,Konata Mumpfield,Konata Mumpfield (LAR),Premier quart-temps - Yards reçus par le joueur - Plus/Moins,31466,77060,1731691480,0.5|sa:player:nfl-1289332|LAR|1,4497682308,Konata Mumpfield (LAR) Plus de 0.5,Konata Mumpfield (LAR) Plus de 0.5,0.5,3.0,0,False
16514244,LA Rams vs. NY Giants,Konata Mumpfield,Konata Mumpfield (LAR),Premier quart-temps - Yards reçus par le joueur - Plus/Moins,31466,77060,1731691480,0.5|sa:player:nfl-1289332|LAR|1,4497682309,Konata Mumpfield (LAR) moins de 0.5,Konata Mumpfield (LAR) moins de 0.5,0.5,1.2858,0,False
16514244,LA Rams vs. NY Giants,Darnell Mooney,Darnell Mooney (NYG),Premier quart-temps - Yards reçus par le joueur - Plus/Moins,31466,77060,1731690587,0.5|sa:player:nfl-912027|NYG|1,4497680741,Darnell Mooney (NYG) Plus de 0.5,Darnell Mooney (NYG) Plus de 0.5,0.5,3.4,0,False
16514244,LA Rams vs. NY Giants,Darnell Mooney,Darnell Mooney (NYG),Premier quart-temps - Yards reçus par le joueur - Plus/Moins,31466,77060,1731690587,0.5|sa:player:nfl-912027|NYG|1,4497680742,Darnell Mooney (NYG) moins de 0.5,Darnell Mooney (NYG) moins de 0.5,0.5,1.2223,0,False
16514244,LA Rams vs. NY Giants,Devin Singletary,Devin Singletary (NYG),Premier quart-temps - Yards reçus par le joueur - Plus/Moins,31466,77060,1731690614,0.5|sa:player:nfl-916466|NYG|1,4497680786,Devin Singletary (NYG) Plus de 0.5,Devin Singletary (NYG) Plus de 0.5,0.5,3.6,0,False
16514244,LA Rams vs. NY Giants,Devin Singletary,Devin Singletary (NYG),Premier quart-temps - Yards reçus par le joueur - Plus/Moins,31466,77060,1731690614,0.5|sa:player:nfl-916466|NYG|1,4497680787,Devin Singletary (NYG) moins de 0.5,Devin Singletary (NYG) moins de 0.5,0.5,1.2,0,False
16514244,LA Rams vs. NY Giants,Theo Johnson,Theo Johnson (NYG),Premier quart-temps - Yards reçus par le joueur - Plus/Moins,31466,77060,1731691144,0.5|sa:player:nfl-1214414|NYG|1,4497681721,Theo Johnson (NYG) Plus de 0.5,Theo Johnson (NYG) Plus de 0.5,0.5,4.0,0,False
16514244,LA Rams vs. NY Giants,Theo Johnson,Theo Johnson (NYG),Premier quart-temps - Yards reçus par le joueur - Plus/Moins,31466,77060,1731691144,0.5|sa:player:nfl-1214414|NYG|1,4497681722,Theo Johnson (NYG) moins de 0.5,Theo Johnson (NYG) moins de 0.5,0.5,1.1667,0,False
16514244,LA Rams vs. NY Giants,Blake Corum,Blake Corum (LAR),Premier quart-temps - Yards reçus par le joueur - Plus/Moins,31466,77060,1731691230,0.5|sa:player:nfl-1229540|LAR|1,4497681868,Blake Corum (LAR) Plus de 0.5,Blake Corum (LAR) Plus de 0.5,0.5,4.25,0,False
16514244,LA Rams vs. NY Giants,Blake Corum,Blake Corum (LAR),Premier quart-temps - Yards reçus par le joueur - Plus/Moins,31466,77060,1731691230,0.5|sa:player:nfl-1229540|LAR|1,4497681869,Blake Corum (LAR) moins de 0.5,Blake Corum (LAR) moins de 0.5,0.5,1.1429,0,False
16514244,LA Rams vs. NY Giants,Odell Beckham Jr.,Odell Beckham Jr. (NYG),Premier quart-temps - Yards reçus par le joueur - Plus/Moins,31466,77060,1731690364,0.5|sa:player:nfl-589984|NYG|1,4497680353,Odell Beckham Jr. (NYG) Plus de 0.5,Odell Beckham Jr. (NYG) Plus de 0.5,0.5,5.25,0,False
16514244,LA Rams vs. NY Giants,Odell Beckham Jr.,Odell Beckham Jr. (NYG),Premier quart-temps - Yards reçus par le joueur - Plus/Moins,31466,77060,1731690364,0.5|sa:player:nfl-589984|NYG|1,4497680354,Odell Beckham Jr. (NYG) moins de 0.5,Odell Beckham Jr. (NYG) moins de 0.5,0.5,1.091,0,False
16514244,LA Rams vs. NY Giants,Davante Adams,Davante Adams (LAR),Premier quart-temps - Touchdowns de réception du joueur Plus / Moins,31469,77063,1731690427,0.5|sa:player:nfl-611417|LAR|1,4497680460,Davante Adams (LAR) Plus de 0.5,Davante Adams (LAR) Plus de 0.5,0.5,5.25,0,False
16514244,LA Rams vs. NY Giants,Davante Adams,Davante Adams (LAR),Premier quart-temps - Touchdowns de réception du joueur Plus / Moins,31469,77063,1731690427,0.5|sa:player:nfl-611417|LAR|1,4497680461,Davante Adams (LAR) moins de 0.5,Davante Adams (LAR) moins de 0.5,0.5,1.0834,0,False
16514244,LA Rams vs. NY Giants,Puka Nacua,Puka Nacua (LAR),Premier quart-temps - Touchdowns de réception du joueur Plus / Moins,31469,77063,1731691020,0.5|sa:player:nfl-1162128|LAR|1,4497681505,Puka Nacua (LAR) Plus de 0.5,Puka Nacua (LAR) Plus de 0.5,0.5,6.75,0,False
16514244,LA Rams vs. NY Giants,Puka Nacua,Puka Nacua (LAR),Premier quart-temps - Touchdowns de réception du joueur Plus / Moins,31469,77063,1731691020,0.5|sa:player:nfl-1162128|LAR|1,4497681506,Puka Nacua (LAR) moins de 0.5,Puka Nacua (LAR) moins de 0.5,0.5,1.04,0,False
16514244,LA Rams vs. NY Giants,Malik Nabers,Malik Nabers (NYG),Premier quart-temps - Touchdowns de réception du joueur Plus / Moins,31469,77063,1731691338,0.5|sa:player:nfl-1286059|NYG|1,4497682062,Malik Nabers (NYG) Plus de 0.5,Malik Nabers (NYG) Plus de 0.5,0.5,7.0,0,False
16514244,LA Rams vs. NY Giants,Malik Nabers,Malik Nabers (NYG),Premier quart-temps - Touchdowns de réception du joueur Plus / Moins,31469,77063,1731691338,0.5|sa:player:nfl-1286059|NYG|1,4497682063,Malik Nabers (NYG) moins de 0.5,Malik Nabers (NYG) moins de 0.5,0.5,1.0334,0,False
16514244,LA Rams vs. NY Giants,Colby Parkinson,Colby Parkinson (LAR),Premier quart-temps - Touchdowns de réception du joueur Plus / Moins,31469,77063,1731690767,0.5|sa:player:nfl-1060312|LAR|1,4497681060,Colby Parkinson (LAR) Plus de 0.5,Colby Parkinson (LAR) Plus de 0.5,0.5,7.75,0,False
16514244,LA Rams vs. NY Giants,Colby Parkinson,Colby Parkinson (LAR),Premier quart-temps - Touchdowns de réception du joueur Plus / Moins,31469,77063,1731690767,0.5|sa:player:nfl-1060312|LAR|1,4497681061,Colby Parkinson (LAR) moins de 0.5,Colby Parkinson (LAR) moins de 0.5,0.5,1.02,0,False
16514244,LA Rams vs. NY Giants,Isaiah Likely,Isaiah Likely (NYG),Premier quart-temps - Touchdowns de réception du joueur Plus / Moins,31469,77063,1731690893,0.5|sa:player:nfl-1125111|NYG|1,4497681286,Isaiah Likely (NYG) Plus de 0.5,Isaiah Likely (NYG) Plus de 0.5,0.5,7.75,0,False
16514244,LA Rams vs. NY Giants,Isaiah Likely,Isaiah Likely (NYG),Premier quart-temps - Touchdowns de réception du joueur Plus / Moins,31469,77063,1731690893,0.5|sa:player:nfl-1125111|NYG|1,4497681287,Isaiah Likely (NYG) moins de 0.5,Isaiah Likely (NYG) moins de 0.5,0.5,1.02,0,False
16514244,LA Rams vs. NY Giants,Terrance Ferguson,Terrance Ferguson (LAR),Premier quart-temps - Touchdowns de réception du joueur Plus / Moins,31469,77063,1731691365,0.5|sa:player:nfl-1286179|LAR|1,4497682107,Terrance Ferguson (LAR) Plus de 0.5,Terrance Ferguson (LAR) Plus de 0.5,0.5,7.75,0,False
16514244,LA Rams vs. NY Giants,Terrance Ferguson,Terrance Ferguson (LAR),Premier quart-temps - Touchdowns de réception du joueur Plus / Moins,31469,77063,1731691365,0.5|sa:player:nfl-1286179|LAR|1,4497682108,Terrance Ferguson (LAR) moins de 0.5,Terrance Ferguson (LAR) moins de 0.5,0.5,1.02,0,False
16514244,LA Rams vs. NY Giants,Cameron Skattebo,Cameron Skattebo (NYG),Premier quart-temps - Touchdowns de réception du joueur Plus / Moins,31469,77063,1731691297,0.5|sa:player:nfl-1280316|NYG|1,4497681989,Cameron Skattebo (NYG) Plus de 0.5,Cameron Skattebo (NYG) Plus de 0.5,0.5,8.5,0,False
16514244,LA Rams vs. NY Giants,Cameron Skattebo,Cameron Skattebo (NYG),Premier quart-temps - Touchdowns de réception du joueur Plus / Moins,31469,77063,1731691297,0.5|sa:player:nfl-1280316|NYG|1,4497681990,Cameron Skattebo (NYG) moins de 0.5,Cameron Skattebo (NYG) moins de 0.5,0.5,0.0,7,False
16514244,LA Rams vs. NY Giants,Darnell Mooney,Darnell Mooney (NYG),Premier quart-temps - Touchdowns de réception du joueur Plus / Moins,31469,77063,1731690590,0.5|sa:player:nfl-912027|NYG|1,4497680747,Darnell Mooney (NYG) Plus de 0.5,Darnell Mooney (NYG) Plus de 0.5,0.5,8.5,0,False
16514244,LA Rams vs. NY Giants,Darnell Mooney,Darnell Mooney (NYG),Premier quart-temps - Touchdowns de réception du joueur Plus / Moins,31469,77063,1731690590,0.5|sa:player:nfl-912027|NYG|1,4497680748,Darnell Mooney (NYG) moins de 0.5,Darnell Mooney (NYG) moins de 0.5,0.5,0.0,7,False
16514244,LA Rams vs. NY Giants,Davis Allen,Davis Allen (LAR),Premier quart-temps - Touchdowns de réception du joueur Plus / Moins,31469,77063,1731690970,0.5|sa:player:nfl-1161664|LAR|1,4497681418,Davis Allen (LAR) Plus de 0.5,Davis Allen (LAR) Plus de 0.5,0.5,8.5,0,False
16514244,LA Rams vs. NY Giants,Davis Allen,Davis Allen (LAR),Premier quart-temps - Touchdowns de réception du joueur Plus / Moins,31469,77063,1731690970,0.5|sa:player:nfl-1161664|LAR|1,4497681419,Davis Allen (LAR) moins de 0.5,Davis Allen (LAR) moins de 0.5,0.5,0.0,7,False
16514244,LA Rams vs. NY Giants,Konata Mumpfield,Konata Mumpfield (LAR),Premier quart-temps - Touchdowns de réception du joueur Plus / Moins,31469,77063,1731691483,0.5|sa:player:nfl-1289332|LAR|1,4497682314,Konata Mumpfield (LAR) Plus de 0.5,Konata Mumpfield (LAR) Plus de 0.5,0.5,8.5,0,False
16514244,LA Rams vs. NY Giants,Konata Mumpfield,Konata Mumpfield (LAR),Premier quart-temps - Touchdowns de réception du joueur Plus / Moins,31469,77063,1731691483,0.5|sa:player:nfl-1289332|LAR|1,4497682315,Konata Mumpfield (LAR) moins de 0.5,Konata Mumpfield (LAR) moins de 0.5,0.5,0.0,7,False
16514244,LA Rams vs. NY Giants,Kyren Williams,Kyren Williams (LAR),Premier quart-temps - Touchdowns de réception du joueur Plus / Moins,31469,77063,1731691080,0.5|sa:player:nfl-1167361|LAR|1,4497681606,Kyren Williams (LAR) Plus de 0.5,Kyren Williams (LAR) Plus de 0.5,0.5,8.5,0,False
16514244,LA Rams vs. NY Giants,Kyren Williams,Kyren Williams (LAR),Premier quart-temps - Touchdowns de réception du joueur Plus / Moins,31469,77063,1731691080,0.5|sa:player:nfl-1167361|LAR|1,4497681607,Kyren Williams (LAR) moins de 0.5,Kyren Williams (LAR) moins de 0.5,0.5,0.0,7,False
16514244,LA Rams vs. NY Giants,Malachi Fields,Malachi Fields (NYG),Premier quart-temps - Touchdowns de réception du joueur Plus / Moins,31469,77063,1731691516,0.5|sa:player:nfl-1319589|NYG|1,4497682370,Malachi Fields (NYG) Plus de 0.5,Malachi Fields (NYG) Plus de 0.5,0.5,8.5,0,False
16514244,LA Rams vs. NY Giants,Malachi Fields,Malachi Fields (NYG),Premier quart-temps - Touchdowns de réception du joueur Plus / Moins,31469,77063,1731691516,0.5|sa:player:nfl-1319589|NYG|1,4497682371,Malachi Fields (NYG) moins de 0.5,Malachi Fields (NYG) moins de 0.5,0.5,0.0,7,False
16514244,LA Rams vs. NY Giants,Tutu Atwell,Tutu Atwell (LAR),Premier quart-temps - Touchdowns de réception du joueur Plus / Moins,31469,77063,1741304039,0.5|sa:player:nfl-1106760|LAR|1,4530177960,Tutu Atwell (LAR) Plus de 0.5,Tutu Atwell (LAR) Plus de 0.5,0.5,8.5,0,False
16514244,LA Rams vs. NY Giants,Tutu Atwell,Tutu Atwell (LAR),Premier quart-temps - Touchdowns de réception du joueur Plus / Moins,31469,77063,1741304039,0.5|sa:player:nfl-1106760|LAR|1,4530177961,Tutu Atwell (LAR) moins de 0.5,Tutu Atwell (LAR) moins de 0.5,0.5,0.0,7,False
16514244,LA Rams vs. NY Giants,Tyler Higbee,Tyler Higbee (LAR),Premier quart-temps - Touchdowns de réception du joueur Plus / Moins,31469,77063,1731690394,0.5|sa:player:nfl-604176|LAR|1,4497680404,Tyler Higbee (LAR) Plus de 0.5,Tyler Higbee (LAR) Plus de 0.5,0.5,8.5,0,False
16514244,LA Rams vs. NY Giants,Tyler Higbee,Tyler Higbee (LAR),Premier quart-temps - Touchdowns de réception du joueur Plus / Moins,31469,77063,1731690394,0.5|sa:player:nfl-604176|LAR|1,4497680405,Tyler Higbee (LAR) moins de 0.5,Tyler Higbee (LAR) moins de 0.5,0.5,0.0,7,False
16514244,LA Rams vs. NY Giants,Xavier Smith,Xavier Smith (LAR),Premier quart-temps - Touchdowns de réception du joueur Plus / Moins,31469,77063,1731690938,0.5|sa:player:nfl-1137635|LAR|1,4497681364,Xavier Smith (LAR) Plus de 0.5,Xavier Smith (LAR) Plus de 0.5,0.5,8.5,0,False
16514244,LA Rams vs. NY Giants,Xavier Smith,Xavier Smith (LAR),Premier quart-temps - Touchdowns de réception du joueur Plus / Moins,31469,77063,1731690938,0.5|sa:player:nfl-1137635|LAR|1,4497681365,Xavier Smith (LAR) moins de 0.5,Xavier Smith (LAR) moins de 0.5,0.5,0.0,7,False
16514244,LA Rams vs. NY Giants,Odell Beckham Jr.,Odell Beckham Jr. (NYG),Premier quart-temps - Touchdowns de réception du joueur Plus / Moins,31469,77063,1731690367,0.5|sa:player:nfl-589984|NYG|1,4497680360,Odell Beckham Jr. (NYG) moins de 0.5,Odell Beckham Jr. (NYG) moins de 0.5,0.5,0.0,7,False
16514244,LA Rams vs. NY Giants,Odell Beckham Jr.,Odell Beckham Jr. (NYG),Premier quart-temps - Touchdowns de réception du joueur Plus / Moins,31469,77063,1731690367,0.5|sa:player:nfl-589984|NYG|1,4497680359,Odell Beckham Jr. (NYG) Plus de 0.5,Odell Beckham Jr. (NYG) Plus de 0.5,0.5,9.0,0,False
16514244,LA Rams vs. NY Giants,Theo Johnson,Theo Johnson (NYG),Premier quart-temps - Touchdowns de réception du joueur Plus / Moins,31469,77063,1731691147,0.5|sa:player:nfl-1214414|NYG|1,4497681728,Theo Johnson (NYG) moins de 0.5,Theo Johnson (NYG) moins de 0.5,0.5,0.0,7,False
16514244,LA Rams vs. NY Giants,Theo Johnson,Theo Johnson (NYG),Premier quart-temps - Touchdowns de réception du joueur Plus / Moins,31469,77063,1731691147,0.5|sa:player:nfl-1214414|NYG|1,4497681727,Theo Johnson (NYG) Plus de 0.5,Theo Johnson (NYG) Plus de 0.5,0.5,9.0,0,False
16514244,LA Rams vs. NY Giants,Matthew Stafford,Matthew Stafford (LAR),Premier quart-temps - Total de yards à la passe du joueur Plus/Moins,31460,77054,1731690277,53.5|sa:player:nfl-323205|LAR|1,4497680200,Matthew Stafford (LAR) moins de 53.5,Matthew Stafford (LAR) moins de 53.5,53.5,1.8334,0,False
16514244,LA Rams vs. NY Giants,Matthew Stafford,Matthew Stafford (LAR),Premier quart-temps - Total de yards à la passe du joueur Plus/Moins,31460,77054,1731690277,53.5|sa:player:nfl-323205|LAR|1,4497680199,Matthew Stafford (LAR) Plus de 53.5,Matthew Stafford (LAR) Plus de 53.5,53.5,1.7693,0,False
16514244,LA Rams vs. NY Giants,Jaxson Dart,Jaxson Dart (NYG),Premier quart-temps - Total de yards à la passe du joueur Plus/Moins,31460,77054,1737213098,42.5|sa:player:nfl-1286260|NYG|1,4516474660,Jaxson Dart (NYG) Plus de 42.5,Jaxson Dart (NYG) Plus de 42.5,42.5,1.8334,0,False
16514244,LA Rams vs. NY Giants,Jaxson Dart,Jaxson Dart (NYG),Premier quart-temps - Total de yards à la passe du joueur Plus/Moins,31460,77054,1737213098,42.5|sa:player:nfl-1286260|NYG|1,4516474661,Jaxson Dart (NYG) moins de 42.5,Jaxson Dart (NYG) moins de 42.5,42.5,1.7693,0,False
16514244,LA Rams vs. NY Giants,Matthew Stafford,Matthew Stafford (LAR),Deuxième quart-temps - Total de yards à la passe du joueur Plus/Moins,31460,77054,1731690278,68.5|sa:player:nfl-323205|LAR|2,4497680201,Matthew Stafford (LAR) Plus de 68.5,Matthew Stafford (LAR) Plus de 68.5,68.5,1.7693,0,False
16514244,LA Rams vs. NY Giants,Matthew Stafford,Matthew Stafford (LAR),Deuxième quart-temps - Total de yards à la passe du joueur Plus/Moins,31460,77054,1731690278,68.5|sa:player:nfl-323205|LAR|2,4497680202,Matthew Stafford (LAR) moins de 68.5,Matthew Stafford (LAR) moins de 68.5,68.5,1.8334,0,False
16514244,LA Rams vs. NY Giants,Jaxson Dart,Jaxson Dart (NYG),Deuxième quart-temps - Total de yards à la passe du joueur Plus/Moins,31460,77054,1740889454,56.5|sa:player:nfl-1286260|NYG|2,4529142760,Jaxson Dart (NYG) Plus de 56.5,Jaxson Dart (NYG) Plus de 56.5,56.5,1.8334,0,False
16514244,LA Rams vs. NY Giants,Jaxson Dart,Jaxson Dart (NYG),Deuxième quart-temps - Total de yards à la passe du joueur Plus/Moins,31460,77054,1740889454,56.5|sa:player:nfl-1286260|NYG|2,4529142761,Jaxson Dart (NYG) moins de 56.5,Jaxson Dart (NYG) moins de 56.5,56.5,1.7693,0,False
16514244,LA Rams vs. NY Giants,Matthew Stafford,Matthew Stafford (LAR),Troisième quart-temps - Total de yards à la passe du joueur Plus/Moins,31460,77054,1732442314,51.5|sa:player:nfl-323205|LAR|3,4500150385,Matthew Stafford (LAR) Plus de 51.5,Matthew Stafford (LAR) Plus de 51.5,51.5,1.7693,0,False
16514244,LA Rams vs. NY Giants,Matthew Stafford,Matthew Stafford (LAR),Troisième quart-temps - Total de yards à la passe du joueur Plus/Moins,31460,77054,1732442314,51.5|sa:player:nfl-323205|LAR|3,4500150386,Matthew Stafford (LAR) moins de 51.5,Matthew Stafford (LAR) moins de 51.5,51.5,1.8334,0,False
16514244,LA Rams vs. NY Giants,Jaxson Dart,Jaxson Dart (NYG),Troisième quart-temps - Total de yards à la passe du joueur Plus/Moins,31460,77054,1737206143,42.5|sa:player:nfl-1286260|NYG|3,4516458000,Jaxson Dart (NYG) moins de 42.5,Jaxson Dart (NYG) moins de 42.5,42.5,1.7693,0,False
16514244,LA Rams vs. NY Giants,Jaxson Dart,Jaxson Dart (NYG),Troisième quart-temps - Total de yards à la passe du joueur Plus/Moins,31460,77054,1737206143,42.5|sa:player:nfl-1286260|NYG|3,4516457999,Jaxson Dart (NYG) Plus de 42.5,Jaxson Dart (NYG) Plus de 42.5,42.5,1.8334,0,False
16514244,LA Rams vs. NY Giants,Jaxson Dart,Jaxson Dart (NYG),Quatrième quart-temps - Total de yards à la passe du joueur Plus/Moins,31460,77054,1734174870,59.5|sa:player:nfl-1286260|NYG|4,4505416488,Jaxson Dart (NYG) moins de 59.5,Jaxson Dart (NYG) moins de 59.5,59.5,1.7693,0,False
16514244,LA Rams vs. NY Giants,Jaxson Dart,Jaxson Dart (NYG),Quatrième quart-temps - Total de yards à la passe du joueur Plus/Moins,31460,77054,1734174870,59.5|sa:player:nfl-1286260|NYG|4,4505416487,Jaxson Dart (NYG) Plus de 59.5,Jaxson Dart (NYG) Plus de 59.5,59.5,1.8334,0,False
16514244,LA Rams vs. NY Giants,Matthew Stafford,Matthew Stafford (LAR),Quatrième quart-temps - Total de yards à la passe du joueur Plus/Moins,31460,77054,1744108218,44.5|sa:player:nfl-323205|LAR|4,4538299745,Matthew Stafford (LAR) Plus de 44.5,Matthew Stafford (LAR) Plus de 44.5,44.5,1.7693,0,False
16514244,LA Rams vs. NY Giants,Matthew Stafford,Matthew Stafford (LAR),Quatrième quart-temps - Total de yards à la passe du joueur Plus/Moins,31460,77054,1744108218,44.5|sa:player:nfl-323205|LAR|4,4538299746,Matthew Stafford (LAR) moins de 44.5,Matthew Stafford (LAR) moins de 44.5,44.5,1.8334,0,False
16514244,LA Rams vs. NY Giants,Matthew Stafford,Matthew Stafford (LAR),Premier quart-temps - 	 Total de Touchdowns à la passe du joueur - Plus/Moins,31463,77057,1731690283,0.5|sa:player:nfl-323205|LAR|1,4497680211,Matthew Stafford (LAR) Plus de 0.5,Matthew Stafford (LAR) Plus de 0.5,0.5,2.45,0,False
16514244,LA Rams vs. NY Giants,Matthew Stafford,Matthew Stafford (LAR),Premier quart-temps - 	 Total de Touchdowns à la passe du joueur - Plus/Moins,31463,77057,1731690283,0.5|sa:player:nfl-323205|LAR|1,4497680212,Matthew Stafford (LAR) moins de 0.5,Matthew Stafford (LAR) moins de 0.5,0.5,1.4167,0,False
16514244,LA Rams vs. NY Giants,Jaxson Dart,Jaxson Dart (NYG),Premier quart-temps - 	 Total de Touchdowns à la passe du joueur - Plus/Moins,31463,77057,1731691397,0.5|sa:player:nfl-1286260|NYG|1,4497682162,Jaxson Dart (NYG) Plus de 0.5,Jaxson Dart (NYG) Plus de 0.5,0.5,4.0,0,False
16514244,LA Rams vs. NY Giants,Jaxson Dart,Jaxson Dart (NYG),Premier quart-temps - 	 Total de Touchdowns à la passe du joueur - Plus/Moins,31463,77057,1731691397,0.5|sa:player:nfl-1286260|NYG|1,4497682163,Jaxson Dart (NYG) moins de 0.5,Jaxson Dart (NYG) moins de 0.5,0.5,1.1667,0,False
16514244,LA Rams vs. NY Giants,Matthew Stafford,Matthew Stafford (LAR),Deuxième quart-temps - 	 Total de Touchdowns à la passe du joueur - Plus/Moins,31463,77057,1731690284,0.5|sa:player:nfl-323205|LAR|2,4497680213,Matthew Stafford (LAR) Plus de 0.5,Matthew Stafford (LAR) Plus de 0.5,0.5,1.9091,0,False
16514244,LA Rams vs. NY Giants,Matthew Stafford,Matthew Stafford (LAR),Deuxième quart-temps - 	 Total de Touchdowns à la passe du joueur - Plus/Moins,31463,77057,1731690284,0.5|sa:player:nfl-323205|LAR|2,4497680214,Matthew Stafford (LAR) moins de 0.5,Matthew Stafford (LAR) moins de 0.5,0.5,1.7143,0,False
16514244,LA Rams vs. NY Giants,Jaxson Dart,Jaxson Dart (NYG),Deuxième quart-temps - 	 Total de Touchdowns à la passe du joueur - Plus/Moins,31463,77057,1731691398,0.5|sa:player:nfl-1286260|NYG|2,4497682164,Jaxson Dart (NYG) Plus de 0.5,Jaxson Dart (NYG) Plus de 0.5,0.5,2.85,0,False
16514244,LA Rams vs. NY Giants,Jaxson Dart,Jaxson Dart (NYG),Deuxième quart-temps - 	 Total de Touchdowns à la passe du joueur - Plus/Moins,31463,77057,1731691398,0.5|sa:player:nfl-1286260|NYG|2,4497682165,Jaxson Dart (NYG) moins de 0.5,Jaxson Dart (NYG) moins de 0.5,0.5,1.3125,0,False
16514244,LA Rams vs. NY Giants,Matthew Stafford,Matthew Stafford (LAR),Troisième quart-temps - 	 Total de Touchdowns à la passe du joueur - Plus/Moins,31463,77057,1731690285,0.5|sa:player:nfl-323205|LAR|3,4497680216,Matthew Stafford (LAR) moins de 0.5,Matthew Stafford (LAR) moins de 0.5,0.5,1.3847,0,False
16514244,LA Rams vs. NY Giants,Matthew Stafford,Matthew Stafford (LAR),Troisième quart-temps - 	 Total de Touchdowns à la passe du joueur - Plus/Moins,31463,77057,1731690285,0.5|sa:player:nfl-323205|LAR|3,4497680215,Matthew Stafford (LAR) Plus de 0.5,Matthew Stafford (LAR) Plus de 0.5,0.5,2.6,0,False
16514244,LA Rams vs. NY Giants,Jaxson Dart,Jaxson Dart (NYG),Troisième quart-temps - 	 Total de Touchdowns à la passe du joueur - Plus/Moins,31463,77057,1731691399,0.5|sa:player:nfl-1286260|NYG|3,4497682166,Jaxson Dart (NYG) Plus de 0.5,Jaxson Dart (NYG) Plus de 0.5,0.5,3.6,0,False
16514244,LA Rams vs. NY Giants,Jaxson Dart,Jaxson Dart (NYG),Troisième quart-temps - 	 Total de Touchdowns à la passe du joueur - Plus/Moins,31463,77057,1731691399,0.5|sa:player:nfl-1286260|NYG|3,4497682167,Jaxson Dart (NYG) moins de 0.5,Jaxson Dart (NYG) moins de 0.5,0.5,1.2,0,False
16514244,LA Rams vs. NY Giants,Matthew Stafford,Matthew Stafford (LAR),Quatrième quart-temps - 	 Total de Touchdowns à la passe du joueur - Plus/Moins,31463,77057,1731690286,0.5|sa:player:nfl-323205|LAR|4,4497680217,Matthew Stafford (LAR) Plus de 0.5,Matthew Stafford (LAR) Plus de 0.5,0.5,2.35,0,False
16514244,LA Rams vs. NY Giants,Matthew Stafford,Matthew Stafford (LAR),Quatrième quart-temps - 	 Total de Touchdowns à la passe du joueur - Plus/Moins,31463,77057,1731690286,0.5|sa:player:nfl-323205|LAR|4,4497680218,Matthew Stafford (LAR) moins de 0.5,Matthew Stafford (LAR) moins de 0.5,0.5,1.4546,0,False
16514244,LA Rams vs. NY Giants,Jaxson Dart,Jaxson Dart (NYG),Quatrième quart-temps - 	 Total de Touchdowns à la passe du joueur - Plus/Moins,31463,77057,1731691400,0.5|sa:player:nfl-1286260|NYG|4,4497682168,Jaxson Dart (NYG) Plus de 0.5,Jaxson Dart (NYG) Plus de 0.5,0.5,2.55,0,False
16514244,LA Rams vs. NY Giants,Jaxson Dart,Jaxson Dart (NYG),Quatrième quart-temps - 	 Total de Touchdowns à la passe du joueur - Plus/Moins,31463,77057,1731691400,0.5|sa:player:nfl-1286260|NYG|4,4497682169,Jaxson Dart (NYG) moins de 0.5,Jaxson Dart (NYG) moins de 0.5,0.5,1.4,0,False
16514244,LA Rams vs. NY Giants,Matthew Stafford,Matthew Stafford (LAR),Premier quart-temps - Passes réussies du joueur - Plus/Moins,31493,77087,1731690295,4.5|sa:player:nfl-323205|LAR|1,4497680235,Matthew Stafford (LAR) Plus de 4.5,Matthew Stafford (LAR) Plus de 4.5,4.5,1.6061,0,False
16514244,LA Rams vs. NY Giants,Matthew Stafford,Matthew Stafford (LAR),Premier quart-temps - Passes réussies du joueur - Plus/Moins,31493,77087,1731690295,4.5|sa:player:nfl-323205|LAR|1,4497680236,Matthew Stafford (LAR) moins de 4.5,Matthew Stafford (LAR) moins de 4.5,4.5,2.05,0,False
16514244,LA Rams vs. NY Giants,Jaxson Dart,Jaxson Dart (NYG),Premier quart-temps - Passes réussies du joueur - Plus/Moins,31493,77087,1737215387,4.5|sa:player:nfl-1286260|NYG|1,4516480349,Jaxson Dart (NYG) Plus de 4.5,Jaxson Dart (NYG) Plus de 4.5,4.5,2.15,0,False
16514244,LA Rams vs. NY Giants,Jaxson Dart,Jaxson Dart (NYG),Premier quart-temps - Passes réussies du joueur - Plus/Moins,31493,77087,1737215387,4.5|sa:player:nfl-1286260|NYG|1,4516480350,Jaxson Dart (NYG) moins de 4.5,Jaxson Dart (NYG) moins de 4.5,4.5,1.5556,0,False
16514244,LA Rams vs. NY Giants,Matthew Stafford,Matthew Stafford (LAR),Premier quart-temps - Joueur Tentative de passe - Plus/Moins,31481,77075,1731690292,7.5|sa:player:nfl-323205|LAR|1,4497680229,Matthew Stafford (LAR) Plus de 7.5,Matthew Stafford (LAR) Plus de 7.5,7.5,1.7693,0,False
16514244,LA Rams vs. NY Giants,Matthew Stafford,Matthew Stafford (LAR),Premier quart-temps - Joueur Tentative de passe - Plus/Moins,31481,77075,1731690292,7.5|sa:player:nfl-323205|LAR|1,4497680230,Matthew Stafford (LAR) moins de 7.5,Matthew Stafford (LAR) moins de 7.5,7.5,1.8334,0,False
16514244,LA Rams vs. NY Giants,Jaxson Dart,Jaxson Dart (NYG),Premier quart-temps - Joueur Tentative de passe - Plus/Moins,31481,77075,1737206144,6.5|sa:player:nfl-1286260|NYG|1,4516458001,Jaxson Dart (NYG) Plus de 6.5,Jaxson Dart (NYG) Plus de 6.5,6.5,1.9091,0,False
16514244,LA Rams vs. NY Giants,Jaxson Dart,Jaxson Dart (NYG),Premier quart-temps - Joueur Tentative de passe - Plus/Moins,31481,77075,1737206144,6.5|sa:player:nfl-1286260|NYG|1,4516458002,Jaxson Dart (NYG) moins de 6.5,Jaxson Dart (NYG) moins de 6.5,6.5,1.7143,0,False
16514244,LA Rams vs. NY Giants,Matthew Stafford,Matthew Stafford (LAR),Premier quart-temps - Interceptions du joueur Plus/Moins,31478,77072,1731690289,0.5|sa:player:nfl-323205|LAR|1,4497680224,Matthew Stafford (LAR) moins de 0.5,Matthew Stafford (LAR) moins de 0.5,0.5,1.1,0,False
16514244,LA Rams vs. NY Giants,Matthew Stafford,Matthew Stafford (LAR),Premier quart-temps - Interceptions du joueur Plus/Moins,31478,77072,1731690289,0.5|sa:player:nfl-323205|LAR|1,4497680223,Matthew Stafford (LAR) Plus de 0.5,Matthew Stafford (LAR) Plus de 0.5,0.5,5.0,0,False
16514244,LA Rams vs. NY Giants,Jaxson Dart,Jaxson Dart (NYG),Premier quart-temps - Interceptions du joueur Plus/Moins,31478,77072,1731691403,0.5|sa:player:nfl-1286260|NYG|1,4497682174,Jaxson Dart (NYG) Plus de 0.5,Jaxson Dart (NYG) Plus de 0.5,0.5,5.25,0,False
16514244,LA Rams vs. NY Giants,Jaxson Dart,Jaxson Dart (NYG),Premier quart-temps - Interceptions du joueur Plus/Moins,31478,77072,1731691403,0.5|sa:player:nfl-1286260|NYG|1,4497682175,Jaxson Dart (NYG) moins de 0.5,Jaxson Dart (NYG) moins de 0.5,0.5,1.091,0,False
16514244,LA Rams vs. NY Giants,Jaxson Dart,Jaxson Dart (NYG),Joueur total nombre de tentatives de passes(Jaxson Dart (NYG)) (prolongations incluses),2248,73698,1735303529,NYG|dst:player:489891,4509458016,36+,36+,NYG|dst:player:489891,3.5,0,False
16514244,LA Rams vs. NY Giants,Jaxson Dart,Jaxson Dart (NYG),Joueur total nombre de tentatives de passes(Jaxson Dart (NYG)) (prolongations incluses),2248,73698,1735303529,NYG|dst:player:489891,4509458017,38+,38+,NYG|dst:player:489891,4.5,0,False
16514244,LA Rams vs. NY Giants,Jaxson Dart,Jaxson Dart (NYG),Joueur total nombre de tentatives de passes(Jaxson Dart (NYG)) (prolongations incluses),2248,73698,1735303529,NYG|dst:player:489891,4509458018,40+,40+,NYG|dst:player:489891,6.0,0,False
16514244,LA Rams vs. NY Giants,Jaxson Dart,Jaxson Dart (NYG),Joueur total nombre de tentatives de passes(Jaxson Dart (NYG)) (prolongations incluses),2248,73698,1735303529,NYG|dst:player:489891,4509458019,42+,42+,NYG|dst:player:489891,8.5,0,False
16514244,LA Rams vs. NY Giants,Jaxson Dart,Jaxson Dart (NYG),Joueur total nombre de tentatives de passes(Jaxson Dart (NYG)) (prolongations incluses),2248,73698,1735303529,NYG|dst:player:489891,4509458020,28+,28+,NYG|dst:player:489891,1.5264,0,False
16514244,LA Rams vs. NY Giants,Jaxson Dart,Jaxson Dart (NYG),Joueur total nombre de tentatives de passes(Jaxson Dart (NYG)) (prolongations incluses),2248,73698,1735303529,NYG|dst:player:489891,4509458013,30+,30+,NYG|dst:player:489891,1.9091,0,False
16514244,LA Rams vs. NY Giants,Jaxson Dart,Jaxson Dart (NYG),Joueur total nombre de tentatives de passes(Jaxson Dart (NYG)) (prolongations incluses),2248,73698,1735303529,NYG|dst:player:489891,4509458014,32+,32+,NYG|dst:player:489891,2.25,0,False
16514244,LA Rams vs. NY Giants,Jaxson Dart,Jaxson Dart (NYG),Joueur total nombre de tentatives de passes(Jaxson Dart (NYG)) (prolongations incluses),2248,73698,1735303529,NYG|dst:player:489891,4509458015,34+,34+,NYG|dst:player:489891,2.75,0,False
16514244,LA Rams vs. NY Giants,Matthew Stafford,Matthew Stafford (LAR),Joueur total nombre de tentatives de passes(Matthew Stafford (LAR)) (prolongations incluses),2248,73698,1737468085,LAR|dst:player:269130,4517130631,33+,33+,LAR|dst:player:269130,1.9524,0,False
16514244,LA Rams vs. NY Giants,Matthew Stafford,Matthew Stafford (LAR),Joueur total nombre de tentatives de passes(Matthew Stafford (LAR)) (prolongations incluses),2248,73698,1737468085,LAR|dst:player:269130,4517130632,35+,35+,LAR|dst:player:269130,2.35,0,False
16514244,LA Rams vs. NY Giants,Matthew Stafford,Matthew Stafford (LAR),Joueur total nombre de tentatives de passes(Matthew Stafford (LAR)) (prolongations incluses),2248,73698,1737468085,LAR|dst:player:269130,4517130633,37+,37+,LAR|dst:player:269130,3.0,0,False
16514244,LA Rams vs. NY Giants,Matthew Stafford,Matthew Stafford (LAR),Joueur total nombre de tentatives de passes(Matthew Stafford (LAR)) (prolongations incluses),2248,73698,1737468085,LAR|dst:player:269130,4517130634,39+,39+,LAR|dst:player:269130,3.85,0,False
16514244,LA Rams vs. NY Giants,Matthew Stafford,Matthew Stafford (LAR),Joueur total nombre de tentatives de passes(Matthew Stafford (LAR)) (prolongations incluses),2248,73698,1737468085,LAR|dst:player:269130,4517130635,41+,41+,LAR|dst:player:269130,5.25,0,False
16514244,LA Rams vs. NY Giants,Matthew Stafford,Matthew Stafford (LAR),Joueur total nombre de tentatives de passes(Matthew Stafford (LAR)) (prolongations incluses),2248,73698,1737468085,LAR|dst:player:269130,4517130636,43+,43+,LAR|dst:player:269130,7.25,0,False
16514244,LA Rams vs. NY Giants,Matthew Stafford,Matthew Stafford (LAR),Joueur total nombre de tentatives de passes(Matthew Stafford (LAR)) (prolongations incluses),2248,73698,1737468085,LAR|dst:player:269130,4517130637,45+,45+,LAR|dst:player:269130,11.0,0,False
16514244,LA Rams vs. NY Giants,Matthew Stafford,Matthew Stafford (LAR),Joueur total nombre de tentatives de passes(Matthew Stafford (LAR)) (prolongations incluses),2248,73698,1737468085,LAR|dst:player:269130,4517130638,31+,31+,LAR|dst:player:269130,1.5883,0,False
16514244,LA Rams vs. NY Giants,Terrance Ferguson,Terrance Ferguson (LAR),Joueur total de réception (Terrance Ferguson (LAR)) (incl. OT),2142,72897,1743962780,LAR|dst:player:498351,4537925153,8+,8+,LAR|dst:player:498351,26.0,0,False
16514244,LA Rams vs. NY Giants,Terrance Ferguson,Terrance Ferguson (LAR),Joueur total de réception (Terrance Ferguson (LAR)) (incl. OT),2142,72897,1743962780,LAR|dst:player:498351,4537917806,3+,3+,LAR|dst:player:498351,1.9091,0,False
16514244,LA Rams vs. NY Giants,Terrance Ferguson,Terrance Ferguson (LAR),Joueur total de réception (Terrance Ferguson (LAR)) (incl. OT),2142,72897,1743962780,LAR|dst:player:498351,4537917807,4+,4+,LAR|dst:player:498351,2.7,0,False
16514244,LA Rams vs. NY Giants,Terrance Ferguson,Terrance Ferguson (LAR),Joueur total de réception (Terrance Ferguson (LAR)) (incl. OT),2142,72897,1743962780,LAR|dst:player:498351,4537917808,5+,5+,LAR|dst:player:498351,4.25,0,False
16514244,LA Rams vs. NY Giants,Terrance Ferguson,Terrance Ferguson (LAR),Joueur total de réception (Terrance Ferguson (LAR)) (incl. OT),2142,72897,1743962780,LAR|dst:player:498351,4537917809,6+,6+,LAR|dst:player:498351,7.25,0,False
16514244,LA Rams vs. NY Giants,Terrance Ferguson,Terrance Ferguson (LAR),Joueur total de réception (Terrance Ferguson (LAR)) (incl. OT),2142,72897,1743962780,LAR|dst:player:498351,4537917810,7+,7+,LAR|dst:player:498351,13.0,0,False
16514244,LA Rams vs. NY Giants,Terrance Ferguson,Terrance Ferguson (LAR),Joueur total de réception (Terrance Ferguson (LAR)) (incl. OT),2142,72897,1743962780,LAR|dst:player:498351,4537917811,2+,2+,LAR|dst:player:498351,1.2667,0,False
16514244,LA Rams vs. NY Giants,Kyren Williams,Kyren Williams (LAR),Joueur total de réception (Kyren Williams (LAR)) (incl. OT),2142,72897,1739636044,LAR|dst:player:309275,4530643660,8+,8+,LAR|dst:player:309275,21.0,0,False
16514244,LA Rams vs. NY Giants,Kyren Williams,Kyren Williams (LAR),Joueur total de réception (Kyren Williams (LAR)) (incl. OT),2142,72897,1739636044,LAR|dst:player:309275,4525384660,3+,3+,LAR|dst:player:309275,2.05,0,False
16514244,LA Rams vs. NY Giants,Kyren Williams,Kyren Williams (LAR),Joueur total de réception (Kyren Williams (LAR)) (incl. OT),2142,72897,1739636044,LAR|dst:player:309275,4525384661,4+,4+,LAR|dst:player:309275,2.8,0,False
16514244,LA Rams vs. NY Giants,Kyren Williams,Kyren Williams (LAR),Joueur total de réception (Kyren Williams (LAR)) (incl. OT),2142,72897,1739636044,LAR|dst:player:309275,4525384662,5+,5+,LAR|dst:player:309275,4.3,0,False
16514244,LA Rams vs. NY Giants,Kyren Williams,Kyren Williams (LAR),Joueur total de réception (Kyren Williams (LAR)) (incl. OT),2142,72897,1739636044,LAR|dst:player:309275,4525384663,6+,6+,LAR|dst:player:309275,7.0,0,False
16514244,LA Rams vs. NY Giants,Kyren Williams,Kyren Williams (LAR),Joueur total de réception (Kyren Williams (LAR)) (incl. OT),2142,72897,1739636044,LAR|dst:player:309275,4525384664,7+,7+,LAR|dst:player:309275,12.0,0,False
16514244,LA Rams vs. NY Giants,Kyren Williams,Kyren Williams (LAR),Joueur total de réception (Kyren Williams (LAR)) (incl. OT),2142,72897,1739636044,LAR|dst:player:309275,4525384665,2+,2+,LAR|dst:player:309275,1.2858,0,False
16514244,LA Rams vs. NY Giants,Isaiah Likely,Isaiah Likely (NYG),Joueur total de réception (Isaiah Likely (NYG)) (incl. OT),2142,72897,1735304909,NYG|dst:player:540760,4509462002,5+,5+,NYG|dst:player:540760,2.0,0,False
16514244,LA Rams vs. NY Giants,Isaiah Likely,Isaiah Likely (NYG),Joueur total de réception (Isaiah Likely (NYG)) (incl. OT),2142,72897,1735304909,NYG|dst:player:540760,4509462003,6+,6+,NYG|dst:player:540760,2.8,0,False
16514244,LA Rams vs. NY Giants,Isaiah Likely,Isaiah Likely (NYG),Joueur total de réception (Isaiah Likely (NYG)) (incl. OT),2142,72897,1735304909,NYG|dst:player:540760,4509462004,7+,7+,NYG|dst:player:540760,4.3,0,False
16514244,LA Rams vs. NY Giants,Isaiah Likely,Isaiah Likely (NYG),Joueur total de réception (Isaiah Likely (NYG)) (incl. OT),2142,72897,1735304909,NYG|dst:player:540760,4509462005,8+,8+,NYG|dst:player:540760,7.25,0,False
16514244,LA Rams vs. NY Giants,Isaiah Likely,Isaiah Likely (NYG),Joueur total de réception (Isaiah Likely (NYG)) (incl. OT),2142,72897,1735304909,NYG|dst:player:540760,4509462006,9+,9+,NYG|dst:player:540760,13.0,0,False
16514244,LA Rams vs. NY Giants,Isaiah Likely,Isaiah Likely (NYG),Joueur total de réception (Isaiah Likely (NYG)) (incl. OT),2142,72897,1735304909,NYG|dst:player:540760,4509462007,10+,10+,NYG|dst:player:540760,26.0,0,False
16514244,LA Rams vs. NY Giants,Isaiah Likely,Isaiah Likely (NYG),Joueur total de réception (Isaiah Likely (NYG)) (incl. OT),2142,72897,1735304909,NYG|dst:player:540760,4509462008,4+,4+,NYG|dst:player:540760,1.3334,0,False
16514244,LA Rams vs. NY Giants,Malik Nabers,Malik Nabers (NYG),Joueur total de réception (Malik Nabers (NYG)) (incl. OT),2142,72897,1735304908,NYG|dst:player:430013,4509461995,6+,6+,NYG|dst:player:430013,1.9091,0,False
16514244,LA Rams vs. NY Giants,Malik Nabers,Malik Nabers (NYG),Joueur total de réception (Malik Nabers (NYG)) (incl. OT),2142,72897,1735304908,NYG|dst:player:430013,4509461996,7+,7+,NYG|dst:player:430013,2.55,0,False
16514244,LA Rams vs. NY Giants,Malik Nabers,Malik Nabers (NYG),Joueur total de réception (Malik Nabers (NYG)) (incl. OT),2142,72897,1735304908,NYG|dst:player:430013,4509461997,8+,8+,NYG|dst:player:430013,3.75,0,False
16514244,LA Rams vs. NY Giants,Malik Nabers,Malik Nabers (NYG),Joueur total de réception (Malik Nabers (NYG)) (incl. OT),2142,72897,1735304908,NYG|dst:player:430013,4509461998,9+,9+,NYG|dst:player:430013,5.75,0,False
16514244,LA Rams vs. NY Giants,Malik Nabers,Malik Nabers (NYG),Joueur total de réception (Malik Nabers (NYG)) (incl. OT),2142,72897,1735304908,NYG|dst:player:430013,4509461999,10+,10+,NYG|dst:player:430013,10.0,0,False
16514244,LA Rams vs. NY Giants,Malik Nabers,Malik Nabers (NYG),Joueur total de réception (Malik Nabers (NYG)) (incl. OT),2142,72897,1735304908,NYG|dst:player:430013,4509462000,11+,11+,NYG|dst:player:430013,17.0,0,False
16514244,LA Rams vs. NY Giants,Malik Nabers,Malik Nabers (NYG),Joueur total de réception (Malik Nabers (NYG)) (incl. OT),2142,72897,1735304908,NYG|dst:player:430013,4509462001,5+,5+,NYG|dst:player:430013,1.3449,0,False
16514244,LA Rams vs. NY Giants,Malachi Fields,Malachi Fields (NYG),Joueur total de réception (Malachi Fields (NYG)) (incl. OT),2142,72897,1739636365,NYG|dst:player:546489,4525385474,3+,3+,NYG|dst:player:546489,2.3,0,False
16514244,LA Rams vs. NY Giants,Malachi Fields,Malachi Fields (NYG),Joueur total de réception (Malachi Fields (NYG)) (incl. OT),2142,72897,1739636365,NYG|dst:player:546489,4525385475,4+,4+,NYG|dst:player:546489,3.4,0,False
16514244,LA Rams vs. NY Giants,Malachi Fields,Malachi Fields (NYG),Joueur total de réception (Malachi Fields (NYG)) (incl. OT),2142,72897,1739636365,NYG|dst:player:546489,4525385476,5+,5+,NYG|dst:player:546489,6.0,0,False
16514244,LA Rams vs. NY Giants,Malachi Fields,Malachi Fields (NYG),Joueur total de réception (Malachi Fields (NYG)) (incl. OT),2142,72897,1739636365,NYG|dst:player:546489,4525385477,6+,6+,NYG|dst:player:546489,11.0,0,False
16514244,LA Rams vs. NY Giants,Malachi Fields,Malachi Fields (NYG),Joueur total de réception (Malachi Fields (NYG)) (incl. OT),2142,72897,1739636365,NYG|dst:player:546489,4525385478,7+,7+,NYG|dst:player:546489,21.0,0,False
16514244,LA Rams vs. NY Giants,Malachi Fields,Malachi Fields (NYG),Joueur total de réception (Malachi Fields (NYG)) (incl. OT),2142,72897,1739636365,NYG|dst:player:546489,4525385479,2+,2+,NYG|dst:player:546489,1.3847,0,False
16514244,LA Rams vs. NY Giants,Colby Parkinson,Colby Parkinson (LAR),Joueur total de réception (Colby Parkinson (LAR)) (incl. OT),2142,72897,1742757304,LAR|dst:player:409903,4534252753,3+,3+,LAR|dst:player:409903,1.4167,0,False
16514244,LA Rams vs. NY Giants,Colby Parkinson,Colby Parkinson (LAR),Joueur total de réception (Colby Parkinson (LAR)) (incl. OT),2142,72897,1742757304,LAR|dst:player:409903,4534252754,4+,4+,LAR|dst:player:409903,2.3,0,False
16514244,LA Rams vs. NY Giants,Colby Parkinson,Colby Parkinson (LAR),Joueur total de réception (Colby Parkinson (LAR)) (incl. OT),2142,72897,1742757304,LAR|dst:player:409903,4534252755,5+,5+,LAR|dst:player:409903,3.1,0,False
16514244,LA Rams vs. NY Giants,Colby Parkinson,Colby Parkinson (LAR),Joueur total de réception (Colby Parkinson (LAR)) (incl. OT),2142,72897,1742757304,LAR|dst:player:409903,4534252756,6+,6+,LAR|dst:player:409903,5.0,0,False
16514244,LA Rams vs. NY Giants,Colby Parkinson,Colby Parkinson (LAR),Joueur total de réception (Colby Parkinson (LAR)) (incl. OT),2142,72897,1742757304,LAR|dst:player:409903,4534252757,7+,7+,LAR|dst:player:409903,8.5,0,False
16514244,LA Rams vs. NY Giants,Colby Parkinson,Colby Parkinson (LAR),Joueur total de réception (Colby Parkinson (LAR)) (incl. OT),2142,72897,1742757304,LAR|dst:player:409903,4534252758,8+,8+,LAR|dst:player:409903,15.0,0,False
16514244,LA Rams vs. NY Giants,Colby Parkinson,Colby Parkinson (LAR),Joueur total de réception (Colby Parkinson (LAR)) (incl. OT),2142,72897,1742757304,LAR|dst:player:409903,4535254684,9+,9+,LAR|dst:player:409903,26.0,0,False
16514244,LA Rams vs. NY Giants,Davante Adams,Davante Adams (LAR),Joueur total de réception (Davante Adams (LAR)) (incl. OT),2142,72897,1735304911,LAR|dst:player:476257,4509462017,5+,5+,LAR|dst:player:476257,1.4167,0,False
16514244,LA Rams vs. NY Giants,Davante Adams,Davante Adams (LAR),Joueur total de réception (Davante Adams (LAR)) (incl. OT),2142,72897,1735304911,LAR|dst:player:476257,4509462018,6+,6+,LAR|dst:player:476257,2.15,0,False
16514244,LA Rams vs. NY Giants,Davante Adams,Davante Adams (LAR),Joueur total de réception (Davante Adams (LAR)) (incl. OT),2142,72897,1735304911,LAR|dst:player:476257,4509462019,7+,7+,LAR|dst:player:476257,2.9,0,False
16514244,LA Rams vs. NY Giants,Davante Adams,Davante Adams (LAR),Joueur total de réception (Davante Adams (LAR)) (incl. OT),2142,72897,1735304911,LAR|dst:player:476257,4509462020,8+,8+,LAR|dst:player:476257,4.4,0,False
16514244,LA Rams vs. NY Giants,Davante Adams,Davante Adams (LAR),Joueur total de réception (Davante Adams (LAR)) (incl. OT),2142,72897,1735304911,LAR|dst:player:476257,4509462021,9+,9+,LAR|dst:player:476257,7.25,0,False
16514244,LA Rams vs. NY Giants,Davante Adams,Davante Adams (LAR),Joueur total de réception (Davante Adams (LAR)) (incl. OT),2142,72897,1735304911,LAR|dst:player:476257,4530643175,10+,10+,LAR|dst:player:476257,13.0,0,False
16514244,LA Rams vs. NY Giants,Davante Adams,Davante Adams (LAR),Joueur total de réception (Davante Adams (LAR)) (incl. OT),2142,72897,1735304911,LAR|dst:player:476257,4534248495,11+,11+,LAR|dst:player:476257,21.0,0,False
16514244,LA Rams vs. NY Giants,Cameron Skattebo,Cameron Skattebo (NYG),Joueur total de réception (Cameron Skattebo (NYG)) (incl. OT),2142,72897,1739635843,NYG|dst:player:492573,4525384160,7+,7+,NYG|dst:player:492573,19.0,0,False
16514244,LA Rams vs. NY Giants,Cameron Skattebo,Cameron Skattebo (NYG),Joueur total de réception (Cameron Skattebo (NYG)) (incl. OT),2142,72897,1739635843,NYG|dst:player:492573,4525384155,2+,2+,NYG|dst:player:492573,1.6471,0,False
16514244,LA Rams vs. NY Giants,Cameron Skattebo,Cameron Skattebo (NYG),Joueur total de réception (Cameron Skattebo (NYG)) (incl. OT),2142,72897,1739635843,NYG|dst:player:492573,4525384156,3+,3+,NYG|dst:player:492573,2.3,0,False
16514244,LA Rams vs. NY Giants,Cameron Skattebo,Cameron Skattebo (NYG),Joueur total de réception (Cameron Skattebo (NYG)) (incl. OT),2142,72897,1739635843,NYG|dst:player:492573,4525384157,4+,4+,NYG|dst:player:492573,3.4,0,False
16514244,LA Rams vs. NY Giants,Cameron Skattebo,Cameron Skattebo (NYG),Joueur total de réception (Cameron Skattebo (NYG)) (incl. OT),2142,72897,1739635843,NYG|dst:player:492573,4525384158,5+,5+,NYG|dst:player:492573,5.5,0,False
16514244,LA Rams vs. NY Giants,Cameron Skattebo,Cameron Skattebo (NYG),Joueur total de réception (Cameron Skattebo (NYG)) (incl. OT),2142,72897,1739635843,NYG|dst:player:492573,4525384159,6+,6+,NYG|dst:player:492573,10.0,0,False
16514244,LA Rams vs. NY Giants,Tyler Higbee,Tyler Higbee (LAR),Joueur total de réception (Tyler Higbee (LAR)) (incl. OT),2142,72897,1743963081,LAR|dst:player:145449,4537918720,7+,7+,LAR|dst:player:145449,26.0,0,False
16514244,LA Rams vs. NY Giants,Tyler Higbee,Tyler Higbee (LAR),Joueur total de réception (Tyler Higbee (LAR)) (incl. OT),2142,72897,1743963081,LAR|dst:player:145449,4537918715,2+,2+,LAR|dst:player:145449,1.9091,0,False
16514244,LA Rams vs. NY Giants,Tyler Higbee,Tyler Higbee (LAR),Joueur total de réception (Tyler Higbee (LAR)) (incl. OT),2142,72897,1743963081,LAR|dst:player:145449,4537918716,3+,3+,LAR|dst:player:145449,2.7,0,False
16514244,LA Rams vs. NY Giants,Tyler Higbee,Tyler Higbee (LAR),Joueur total de réception (Tyler Higbee (LAR)) (incl. OT),2142,72897,1743963081,LAR|dst:player:145449,4537918717,4+,4+,LAR|dst:player:145449,4.25,0,False
16514244,LA Rams vs. NY Giants,Tyler Higbee,Tyler Higbee (LAR),Joueur total de réception (Tyler Higbee (LAR)) (incl. OT),2142,72897,1743963081,LAR|dst:player:145449,4537918718,5+,5+,LAR|dst:player:145449,7.0,0,False
16514244,LA Rams vs. NY Giants,Tyler Higbee,Tyler Higbee (LAR),Joueur total de réception (Tyler Higbee (LAR)) (incl. OT),2142,72897,1743963081,LAR|dst:player:145449,4537918719,6+,6+,LAR|dst:player:145449,13.0,0,False
16514244,LA Rams vs. NY Giants,Konata Mumpfield,Konata Mumpfield (LAR),Joueur total de réception (Konata Mumpfield (LAR)) (incl. OT),2142,72897,1743964610,LAR|dst:player:484924,4537951036,7+,7+,LAR|dst:player:484924,18.0,0,False
16514244,LA Rams vs. NY Giants,Konata Mumpfield,Konata Mumpfield (LAR),Joueur total de réception (Konata Mumpfield (LAR)) (incl. OT),2142,72897,1743964610,LAR|dst:player:484924,4537922618,2+,2+,LAR|dst:player:484924,1.9524,0,False
16514244,LA Rams vs. NY Giants,Konata Mumpfield,Konata Mumpfield (LAR),Joueur total de réception (Konata Mumpfield (LAR)) (incl. OT),2142,72897,1743964610,LAR|dst:player:484924,4537922619,3+,3+,LAR|dst:player:484924,2.65,0,False
16514244,LA Rams vs. NY Giants,Konata Mumpfield,Konata Mumpfield (LAR),Joueur total de réception (Konata Mumpfield (LAR)) (incl. OT),2142,72897,1743964610,LAR|dst:player:484924,4537922620,4+,4+,LAR|dst:player:484924,3.85,0,False
16514244,LA Rams vs. NY Giants,Konata Mumpfield,Konata Mumpfield (LAR),Joueur total de réception (Konata Mumpfield (LAR)) (incl. OT),2142,72897,1743964610,LAR|dst:player:484924,4537922621,5+,5+,LAR|dst:player:484924,6.0,0,False
16514244,LA Rams vs. NY Giants,Konata Mumpfield,Konata Mumpfield (LAR),Joueur total de réception (Konata Mumpfield (LAR)) (incl. OT),2142,72897,1743964610,LAR|dst:player:484924,4537922622,6+,6+,LAR|dst:player:484924,10.0,0,False
16514244,LA Rams vs. NY Giants,Darnell Mooney,Darnell Mooney (NYG),Joueur total de réception (Darnell Mooney (NYG)) (incl. OT),2142,72897,1743962969,NYG|dst:player:541181,4537918384,2+,2+,NYG|dst:player:541181,2.0,0,False
16514244,LA Rams vs. NY Giants,Darnell Mooney,Darnell Mooney (NYG),Joueur total de réception (Darnell Mooney (NYG)) (incl. OT),2142,72897,1743962969,NYG|dst:player:541181,4537918385,3+,3+,NYG|dst:player:541181,3.2,0,False
16514244,LA Rams vs. NY Giants,Darnell Mooney,Darnell Mooney (NYG),Joueur total de réception (Darnell Mooney (NYG)) (incl. OT),2142,72897,1743962969,NYG|dst:player:541181,4537918386,4+,4+,NYG|dst:player:541181,6.0,0,False
16514244,LA Rams vs. NY Giants,Darnell Mooney,Darnell Mooney (NYG),Joueur total de réception (Darnell Mooney (NYG)) (incl. OT),2142,72897,1743962969,NYG|dst:player:541181,4537918387,5+,5+,NYG|dst:player:541181,13.0,0,False
16514244,LA Rams vs. NY Giants,Darnell Mooney,Darnell Mooney (NYG),Joueur total de réception (Darnell Mooney (NYG)) (incl. OT),2142,72897,1743962969,NYG|dst:player:541181,4537918388,6+,6+,NYG|dst:player:541181,31.0,0,False
16514244,LA Rams vs. NY Giants,Devin Singletary,Devin Singletary (NYG),Joueur total de réception (Devin Singletary (NYG)) (incl. OT),2142,72897,1743962782,NYG|dst:player:409911,4537917816,2+,2+,NYG|dst:player:409911,2.15,0,False
16514244,LA Rams vs. NY Giants,Devin Singletary,Devin Singletary (NYG),Joueur total de réception (Devin Singletary (NYG)) (incl. OT),2142,72897,1743962782,NYG|dst:player:409911,4537917817,3+,3+,NYG|dst:player:409911,3.6,0,False
16514244,LA Rams vs. NY Giants,Devin Singletary,Devin Singletary (NYG),Joueur total de réception (Devin Singletary (NYG)) (incl. OT),2142,72897,1743962782,NYG|dst:player:409911,4537917818,4+,4+,NYG|dst:player:409911,7.0,0,False
16514244,LA Rams vs. NY Giants,Devin Singletary,Devin Singletary (NYG),Joueur total de réception (Devin Singletary (NYG)) (incl. OT),2142,72897,1743962782,NYG|dst:player:409911,4537917819,5+,5+,NYG|dst:player:409911,15.0,0,False
16514244,LA Rams vs. NY Giants,Devin Singletary,Devin Singletary (NYG),Joueur total de réception (Devin Singletary (NYG)) (incl. OT),2142,72897,1743962782,NYG|dst:player:409911,4537917820,6+,6+,NYG|dst:player:409911,36.0,0,False
16514244,LA Rams vs. NY Giants,Theo Johnson,Theo Johnson (NYG),Joueur total de réception (Theo Johnson (NYG)) (incl. OT),2142,72897,1743963084,NYG|dst:player:430841,4537918737,2+,2+,NYG|dst:player:430841,2.15,0,False
16514244,LA Rams vs. NY Giants,Theo Johnson,Theo Johnson (NYG),Joueur total de réception (Theo Johnson (NYG)) (incl. OT),2142,72897,1743963084,NYG|dst:player:430841,4537918738,3+,3+,NYG|dst:player:430841,3.5,0,False
16514244,LA Rams vs. NY Giants,Theo Johnson,Theo Johnson (NYG),Joueur total de réception (Theo Johnson (NYG)) (incl. OT),2142,72897,1743963084,NYG|dst:player:430841,4537918739,4+,4+,NYG|dst:player:430841,6.25,0,False
16514244,LA Rams vs. NY Giants,Theo Johnson,Theo Johnson (NYG),Joueur total de réception (Theo Johnson (NYG)) (incl. OT),2142,72897,1743963084,NYG|dst:player:430841,4537918740,5+,5+,NYG|dst:player:430841,13.0,0,False
16514244,LA Rams vs. NY Giants,Theo Johnson,Theo Johnson (NYG),Joueur total de réception (Theo Johnson (NYG)) (incl. OT),2142,72897,1743963084,NYG|dst:player:430841,4537918741,6+,6+,NYG|dst:player:430841,26.0,0,False
16514244,LA Rams vs. NY Giants,Blake Corum,Blake Corum (LAR),Joueur total de réception (Blake Corum (LAR)) (incl. OT),2142,72897,1743963086,LAR|dst:player:430261,4537918752,4+,4+,LAR|dst:player:430261,8.5,0,False
16514244,LA Rams vs. NY Giants,Blake Corum,Blake Corum (LAR),Joueur total de réception (Blake Corum (LAR)) (incl. OT),2142,72897,1743963086,LAR|dst:player:430261,4537918753,5+,5+,LAR|dst:player:430261,18.0,0,False
16514244,LA Rams vs. NY Giants,Blake Corum,Blake Corum (LAR),Joueur total de réception (Blake Corum (LAR)) (incl. OT),2142,72897,1743963086,LAR|dst:player:430261,4537918754,6+,6+,LAR|dst:player:430261,41.0,0,False
16514244,LA Rams vs. NY Giants,Blake Corum,Blake Corum (LAR),Joueur total de réception (Blake Corum (LAR)) (incl. OT),2142,72897,1743963086,LAR|dst:player:430261,4537918750,2+,2+,LAR|dst:player:430261,2.45,0,False
16514244,LA Rams vs. NY Giants,Blake Corum,Blake Corum (LAR),Joueur total de réception (Blake Corum (LAR)) (incl. OT),2142,72897,1743963086,LAR|dst:player:430261,4537918751,3+,3+,LAR|dst:player:430261,4.25,0,False
16514244,LA Rams vs. NY Giants,Xavier Smith,Xavier Smith (LAR),Joueur total de réception (Xavier Smith (LAR)) (incl. OT),2142,72897,1744194547,LAR|dst:player:373847,4538521004,2+,2+,LAR|dst:player:373847,2.6,0,False
16514244,LA Rams vs. NY Giants,Xavier Smith,Xavier Smith (LAR),Joueur total de réception (Xavier Smith (LAR)) (incl. OT),2142,72897,1744194547,LAR|dst:player:373847,4538521005,3+,3+,LAR|dst:player:373847,3.6,0,False
16514244,LA Rams vs. NY Giants,Xavier Smith,Xavier Smith (LAR),Joueur total de réception (Xavier Smith (LAR)) (incl. OT),2142,72897,1744194547,LAR|dst:player:373847,4538521006,4+,4+,LAR|dst:player:373847,6.25,0,False
16514244,LA Rams vs. NY Giants,Xavier Smith,Xavier Smith (LAR),Joueur total de réception (Xavier Smith (LAR)) (incl. OT),2142,72897,1744194547,LAR|dst:player:373847,4538521007,5+,5+,LAR|dst:player:373847,12.0,0,False
16514244,LA Rams vs. NY Giants,Xavier Smith,Xavier Smith (LAR),Joueur total de réception (Xavier Smith (LAR)) (incl. OT),2142,72897,1744194547,LAR|dst:player:373847,4538521008,6+,6+,LAR|dst:player:373847,26.0,0,False
16514244,LA Rams vs. NY Giants,Xavier Smith,Xavier Smith (LAR),Joueur total de réception (Xavier Smith (LAR)) (incl. OT),2142,72897,1744194547,LAR|dst:player:373847,4538521009,7+,7+,LAR|dst:player:373847,51.0,0,False
16514244,LA Rams vs. NY Giants,Odell Beckham Jr.,Odell Beckham Jr. (NYG),Joueur total de réception (Odell Beckham Jr. (NYG)) (incl. OT),2142,72897,1743962781,NYG|dst:player:125200,4537917812,2+,2+,NYG|dst:player:125200,2.9,0,False
16514244,LA Rams vs. NY Giants,Odell Beckham Jr.,Odell Beckham Jr. (NYG),Joueur total de réception (Odell Beckham Jr. (NYG)) (incl. OT),2142,72897,1743962781,NYG|dst:player:125200,4537917813,3+,3+,NYG|dst:player:125200,5.0,0,False
16514244,LA Rams vs. NY Giants,Odell Beckham Jr.,Odell Beckham Jr. (NYG),Joueur total de réception (Odell Beckham Jr. (NYG)) (incl. OT),2142,72897,1743962781,NYG|dst:player:125200,4537917814,4+,4+,NYG|dst:player:125200,10.0,0,False
16514244,LA Rams vs. NY Giants,Odell Beckham Jr.,Odell Beckham Jr. (NYG),Joueur total de réception (Odell Beckham Jr. (NYG)) (incl. OT),2142,72897,1743962781,NYG|dst:player:125200,4537917815,5+,5+,NYG|dst:player:125200,21.0,0,False
16514244,LA Rams vs. NY Giants,Odell Beckham Jr.,Odell Beckham Jr. (NYG),Joueur total de réception (Odell Beckham Jr. (NYG)) (incl. OT),2142,72897,1743962781,NYG|dst:player:125200,4537964606,6+,6+,NYG|dst:player:125200,51.0,0,False
16514244,LA Rams vs. NY Giants,Jaxson Dart,Jaxson Dart (NYG),Joueur total de courses (Jaxson Dart (NYG)) (prolongations incluses),2133,72890,1735300278,NYG|dst:player:489891,4509448608,11+,11+,NYG|dst:player:489891,3.85,0,False
16514244,LA Rams vs. NY Giants,Jaxson Dart,Jaxson Dart (NYG),Joueur total de courses (Jaxson Dart (NYG)) (prolongations incluses),2133,72890,1735300278,NYG|dst:player:489891,4509448609,12+,12+,NYG|dst:player:489891,4.75,0,False
16514244,LA Rams vs. NY Giants,Jaxson Dart,Jaxson Dart (NYG),Joueur total de courses (Jaxson Dart (NYG)) (prolongations incluses),2133,72890,1735300278,NYG|dst:player:489891,4509448610,13+,13+,NYG|dst:player:489891,6.0,0,False
16514244,LA Rams vs. NY Giants,Jaxson Dart,Jaxson Dart (NYG),Joueur total de courses (Jaxson Dart (NYG)) (prolongations incluses),2133,72890,1735300278,NYG|dst:player:489891,4509448611,14+,14+,NYG|dst:player:489891,7.75,0,False
16514244,LA Rams vs. NY Giants,Jaxson Dart,Jaxson Dart (NYG),Joueur total de courses (Jaxson Dart (NYG)) (prolongations incluses),2133,72890,1735300278,NYG|dst:player:489891,4509448612,5+,5+,NYG|dst:player:489891,1.3334,0,False
16514244,LA Rams vs. NY Giants,Jaxson Dart,Jaxson Dart (NYG),Joueur total de courses (Jaxson Dart (NYG)) (prolongations incluses),2133,72890,1735300278,NYG|dst:player:489891,4517456947,15+,15+,NYG|dst:player:489891,11.0,0,False
16514244,LA Rams vs. NY Giants,Jaxson Dart,Jaxson Dart (NYG),Joueur total de courses (Jaxson Dart (NYG)) (prolongations incluses),2133,72890,1735300278,NYG|dst:player:489891,4509448603,6+,6+,NYG|dst:player:489891,1.5556,0,False
16514244,LA Rams vs. NY Giants,Jaxson Dart,Jaxson Dart (NYG),Joueur total de courses (Jaxson Dart (NYG)) (prolongations incluses),2133,72890,1735300278,NYG|dst:player:489891,4509448604,7+,7+,NYG|dst:player:489891,1.9091,0,False
16514244,LA Rams vs. NY Giants,Jaxson Dart,Jaxson Dart (NYG),Joueur total de courses (Jaxson Dart (NYG)) (prolongations incluses),2133,72890,1735300278,NYG|dst:player:489891,4509448605,8+,8+,NYG|dst:player:489891,2.2,0,False
16514244,LA Rams vs. NY Giants,Jaxson Dart,Jaxson Dart (NYG),Joueur total de courses (Jaxson Dart (NYG)) (prolongations incluses),2133,72890,1735300278,NYG|dst:player:489891,4509448606,9+,9+,NYG|dst:player:489891,2.6,0,False
16514244,LA Rams vs. NY Giants,Jaxson Dart,Jaxson Dart (NYG),Joueur total de courses (Jaxson Dart (NYG)) (prolongations incluses),2133,72890,1735300278,NYG|dst:player:489891,4509448607,10+,10+,NYG|dst:player:489891,3.1,0,False
16514244,LA Rams vs. NY Giants,Kyren Williams,Kyren Williams (LAR),Joueur total de courses (Kyren Williams (LAR)) (prolongations incluses),2133,72890,1739636045,LAR|dst:player:309275,4525384672,20+,20+,LAR|dst:player:309275,4.75,0,False
16514244,LA Rams vs. NY Giants,Kyren Williams,Kyren Williams (LAR),Joueur total de courses (Kyren Williams (LAR)) (prolongations incluses),2133,72890,1739636045,LAR|dst:player:309275,4525384673,21+,21+,LAR|dst:player:309275,5.75,0,False
16514244,LA Rams vs. NY Giants,Kyren Williams,Kyren Williams (LAR),Joueur total de courses (Kyren Williams (LAR)) (prolongations incluses),2133,72890,1739636045,LAR|dst:player:309275,4525384674,22+,22+,LAR|dst:player:309275,7.25,0,False
16514244,LA Rams vs. NY Giants,Kyren Williams,Kyren Williams (LAR),Joueur total de courses (Kyren Williams (LAR)) (prolongations incluses),2133,72890,1739636045,LAR|dst:player:309275,4525384675,13+,13+,LAR|dst:player:309275,1.5264,0,False
16514244,LA Rams vs. NY Giants,Kyren Williams,Kyren Williams (LAR),Joueur total de courses (Kyren Williams (LAR)) (prolongations incluses),2133,72890,1739636045,LAR|dst:player:309275,4525384676,12+,12+,LAR|dst:player:309275,1.3572,0,False
16514244,LA Rams vs. NY Giants,Kyren Williams,Kyren Williams (LAR),Joueur total de courses (Kyren Williams (LAR)) (prolongations incluses),2133,72890,1739636045,LAR|dst:player:309275,4525384666,14+,14+,LAR|dst:player:309275,1.8,0,False
16514244,LA Rams vs. NY Giants,Kyren Williams,Kyren Williams (LAR),Joueur total de courses (Kyren Williams (LAR)) (prolongations incluses),2133,72890,1739636045,LAR|dst:player:309275,4525384667,15+,15+,LAR|dst:player:309275,2.05,0,False
16514244,LA Rams vs. NY Giants,Kyren Williams,Kyren Williams (LAR),Joueur total de courses (Kyren Williams (LAR)) (prolongations incluses),2133,72890,1739636045,LAR|dst:player:309275,4525384668,16+,16+,LAR|dst:player:309275,2.35,0,False
16514244,LA Rams vs. NY Giants,Kyren Williams,Kyren Williams (LAR),Joueur total de courses (Kyren Williams (LAR)) (prolongations incluses),2133,72890,1739636045,LAR|dst:player:309275,4525384669,17+,17+,LAR|dst:player:309275,2.7,0,False
16514244,LA Rams vs. NY Giants,Kyren Williams,Kyren Williams (LAR),Joueur total de courses (Kyren Williams (LAR)) (prolongations incluses),2133,72890,1739636045,LAR|dst:player:309275,4525384670,18+,18+,LAR|dst:player:309275,3.2,0,False
16514244,LA Rams vs. NY Giants,Kyren Williams,Kyren Williams (LAR),Joueur total de courses (Kyren Williams (LAR)) (prolongations incluses),2133,72890,1739636045,LAR|dst:player:309275,4525384671,19+,19+,LAR|dst:player:309275,3.85,0,False
16514244,LA Rams vs. NY Giants,Blake Corum,Blake Corum (LAR),Joueur total de courses (Blake Corum (LAR)) (prolongations incluses),2133,72890,1737468330,LAR|dst:player:430261,4517131219,11+,11+,LAR|dst:player:430261,1.8,0,False
16514244,LA Rams vs. NY Giants,Blake Corum,Blake Corum (LAR),Joueur total de courses (Blake Corum (LAR)) (prolongations incluses),2133,72890,1737468330,LAR|dst:player:430261,4517131220,12+,12+,LAR|dst:player:430261,2.05,0,False
16514244,LA Rams vs. NY Giants,Blake Corum,Blake Corum (LAR),Joueur total de courses (Blake Corum (LAR)) (prolongations incluses),2133,72890,1737468330,LAR|dst:player:430261,4517131221,13+,13+,LAR|dst:player:430261,2.35,0,False
16514244,LA Rams vs. NY Giants,Blake Corum,Blake Corum (LAR),Joueur total de courses (Blake Corum (LAR)) (prolongations incluses),2133,72890,1737468330,LAR|dst:player:430261,4517131222,14+,14+,LAR|dst:player:430261,2.7,0,False
16514244,LA Rams vs. NY Giants,Blake Corum,Blake Corum (LAR),Joueur total de courses (Blake Corum (LAR)) (prolongations incluses),2133,72890,1737468330,LAR|dst:player:430261,4517131223,15+,15+,LAR|dst:player:430261,3.2,0,False
16514244,LA Rams vs. NY Giants,Blake Corum,Blake Corum (LAR),Joueur total de courses (Blake Corum (LAR)) (prolongations incluses),2133,72890,1737468330,LAR|dst:player:430261,4517131224,16+,16+,LAR|dst:player:430261,3.85,0,False
16514244,LA Rams vs. NY Giants,Blake Corum,Blake Corum (LAR),Joueur total de courses (Blake Corum (LAR)) (prolongations incluses),2133,72890,1737468330,LAR|dst:player:430261,4517131225,17+,17+,LAR|dst:player:430261,4.75,0,False
16514244,LA Rams vs. NY Giants,Blake Corum,Blake Corum (LAR),Joueur total de courses (Blake Corum (LAR)) (prolongations incluses),2133,72890,1737468330,LAR|dst:player:430261,4517131226,18+,18+,LAR|dst:player:430261,6.0,0,False
16514244,LA Rams vs. NY Giants,Blake Corum,Blake Corum (LAR),Joueur total de courses (Blake Corum (LAR)) (prolongations incluses),2133,72890,1737468330,LAR|dst:player:430261,4517131227,19+,19+,LAR|dst:player:430261,7.5,0,False
16514244,LA Rams vs. NY Giants,Blake Corum,Blake Corum (LAR),Joueur total de courses (Blake Corum (LAR)) (prolongations incluses),2133,72890,1737468330,LAR|dst:player:430261,4517131228,10+,10+,LAR|dst:player:430261,1.5264,0,False
16514244,LA Rams vs. NY Giants,Blake Corum,Blake Corum (LAR),Joueur total de courses (Blake Corum (LAR)) (prolongations incluses),2133,72890,1737468330,LAR|dst:player:430261,4517131229,9+,9+,LAR|dst:player:430261,1.3572,0,False
16514244,LA Rams vs. NY Giants,Cameron Skattebo,Cameron Skattebo (NYG),Joueur total de courses (Cameron Skattebo (NYG)) (prolongations incluses),2133,72890,1735300279,NYG|dst:player:492573,4509448614,13+,13+,NYG|dst:player:492573,1.5264,0,False
16514244,LA Rams vs. NY Giants,Cameron Skattebo,Cameron Skattebo (NYG),Joueur total de courses (Cameron Skattebo (NYG)) (prolongations incluses),2133,72890,1735300279,NYG|dst:player:492573,4509448615,14+,14+,NYG|dst:player:492573,1.8,0,False
16514244,LA Rams vs. NY Giants,Cameron Skattebo,Cameron Skattebo (NYG),Joueur total de courses (Cameron Skattebo (NYG)) (prolongations incluses),2133,72890,1735300279,NYG|dst:player:492573,4509448616,15+,15+,NYG|dst:player:492573,2.05,0,False
16514244,LA Rams vs. NY Giants,Cameron Skattebo,Cameron Skattebo (NYG),Joueur total de courses (Cameron Skattebo (NYG)) (prolongations incluses),2133,72890,1735300279,NYG|dst:player:492573,4509448617,16+,16+,NYG|dst:player:492573,2.35,0,False
16514244,LA Rams vs. NY Giants,Cameron Skattebo,Cameron Skattebo (NYG),Joueur total de courses (Cameron Skattebo (NYG)) (prolongations incluses),2133,72890,1735300279,NYG|dst:player:492573,4509448618,17+,17+,NYG|dst:player:492573,2.75,0,False
16514244,LA Rams vs. NY Giants,Cameron Skattebo,Cameron Skattebo (NYG),Joueur total de courses (Cameron Skattebo (NYG)) (prolongations incluses),2133,72890,1735300279,NYG|dst:player:492573,4509448619,18+,18+,NYG|dst:player:492573,3.2,0,False
16514244,LA Rams vs. NY Giants,Cameron Skattebo,Cameron Skattebo (NYG),Joueur total de courses (Cameron Skattebo (NYG)) (prolongations incluses),2133,72890,1735300279,NYG|dst:player:492573,4509448620,19+,19+,NYG|dst:player:492573,3.85,0,False
16514244,LA Rams vs. NY Giants,Cameron Skattebo,Cameron Skattebo (NYG),Joueur total de courses (Cameron Skattebo (NYG)) (prolongations incluses),2133,72890,1735300279,NYG|dst:player:492573,4509448621,20+,20+,NYG|dst:player:492573,4.75,0,False
16514244,LA Rams vs. NY Giants,Cameron Skattebo,Cameron Skattebo (NYG),Joueur total de courses (Cameron Skattebo (NYG)) (prolongations incluses),2133,72890,1735300279,NYG|dst:player:492573,4509448622,21+,21+,NYG|dst:player:492573,6.0,0,False
16514244,LA Rams vs. NY Giants,Cameron Skattebo,Cameron Skattebo (NYG),Joueur total de courses (Cameron Skattebo (NYG)) (prolongations incluses),2133,72890,1735300279,NYG|dst:player:492573,4509448623,12+,12+,NYG|dst:player:492573,1.3572,0,False
16514244,LA Rams vs. NY Giants,Cameron Skattebo,Cameron Skattebo (NYG),Joueur total de courses (Cameron Skattebo (NYG)) (prolongations incluses),2133,72890,1735300279,NYG|dst:player:492573,4535947734,22+,22+,NYG|dst:player:492573,7.5,0,False
16514244,LA Rams vs. NY Giants,Byron Young,Byron Young (LAR),Player total sacks (Byron Young (LAR)) (incl. OT),2250,73700,1743964031,LAR|dst:player:382169,4537921131,1+,1+,LAR|dst:player:382169,2.4,0,False
16514244,LA Rams vs. NY Giants,Byron Young,Byron Young (LAR),Player total sacks (Byron Young (LAR)) (incl. OT),2250,73700,1743964031,LAR|dst:player:382169,4537921132,2+,2+,LAR|dst:player:382169,10.0,0,False
16514244,LA Rams vs. NY Giants,Kobie Turner,Kobie Turner (LAR),Player total sacks (Kobie Turner (LAR)) (incl. OT),2250,73700,1743964231,LAR|dst:player:383644,4537921712,1+,1+,LAR|dst:player:383644,2.75,0,False
16514244,LA Rams vs. NY Giants,Kobie Turner,Kobie Turner (LAR),Player total sacks (Kobie Turner (LAR)) (incl. OT),2250,73700,1743964231,LAR|dst:player:383644,4537921713,2+,2+,LAR|dst:player:383644,10.0,0,False
16514244,LA Rams vs. NY Giants,Abdul Carter,Abdul Carter (NYG),Player total sacks (Abdul Carter (NYG)) (incl. OT),2250,73700,1743964230,NYG|dst:player:488887,4537921710,1+,1+,NYG|dst:player:488887,3.0,0,False
16514244,LA Rams vs. NY Giants,Abdul Carter,Abdul Carter (NYG),Player total sacks (Abdul Carter (NYG)) (incl. OT),2250,73700,1743964230,NYG|dst:player:488887,4537921711,2+,2+,NYG|dst:player:488887,10.0,0,False
16514244,LA Rams vs. NY Giants,Aaron Donald,Aaron Donald (LAR),Player total sacks (Aaron Donald (LAR)) (incl. OT),2250,73700,1741295153,LAR|dst:player:124742,4530157416,2+,2+,LAR|dst:player:124742,8.0,0,False
16514244,LA Rams vs. NY Giants,Aaron Donald,Aaron Donald (LAR),Player total sacks (Aaron Donald (LAR)) (incl. OT),2250,73700,1741295153,LAR|dst:player:124742,4530157415,1+,1+,LAR|dst:player:124742,3.05,0,False
16514244,LA Rams vs. NY Giants,Brian Burns,Brian Burns (NYG),Player total sacks (Brian Burns (NYG)) (incl. OT),2250,73700,1743964032,NYG|dst:player:409912,4537921133,1+,1+,NYG|dst:player:409912,3.1,0,False
16514244,LA Rams vs. NY Giants,Brian Burns,Brian Burns (NYG),Player total sacks (Brian Burns (NYG)) (incl. OT),2250,73700,1743964032,NYG|dst:player:409912,4537921134,2+,2+,NYG|dst:player:409912,10.0,0,False
16514244,LA Rams vs. NY Giants,Josaiah Stewart,Josaiah Stewart (LAR),Player total sacks (Josaiah Stewart (LAR)) (incl. OT),2250,73700,1743964272,LAR|dst:player:484922,4537921813,1+,1+,LAR|dst:player:484922,3.85,0,False
16514244,LA Rams vs. NY Giants,Josaiah Stewart,Josaiah Stewart (LAR),Player total sacks (Josaiah Stewart (LAR)) (incl. OT),2250,73700,1743964272,LAR|dst:player:484922,4537921814,2+,2+,LAR|dst:player:484922,10.0,0,False
16514244,LA Rams vs. NY Giants,Braden Fiske,Braden Fiske (LAR),Player total sacks (Braden Fiske (LAR)) (incl. OT),2250,73700,1743964030,LAR|dst:player:430126,4537921129,1+,1+,LAR|dst:player:430126,4.5,0,False
16514244,LA Rams vs. NY Giants,Braden Fiske,Braden Fiske (LAR),Player total sacks (Braden Fiske (LAR)) (incl. OT),2250,73700,1743964030,LAR|dst:player:430126,4537921130,2+,2+,LAR|dst:player:430126,10.0,0,False
16514244,LA Rams vs. NY Giants,Kayvon Thibodeaux,Kayvon Thibodeaux (NYG),Player total sacks (Kayvon Thibodeaux (NYG)) (incl. OT),2250,73700,1743964154,NYG|dst:player:321909,4537921498,1+,1+,NYG|dst:player:321909,4.5,0,False
16514244,LA Rams vs. NY Giants,Kayvon Thibodeaux,Kayvon Thibodeaux (NYG),Player total sacks (Kayvon Thibodeaux (NYG)) (incl. OT),2250,73700,1743964154,NYG|dst:player:321909,4537921499,2+,2+,NYG|dst:player:321909,10.0,0,False
16514244,LA Rams vs. NY Giants,Arvell Reese,Arvell Reese (NYG),Player total sacks (Arvell Reese (NYG)) (incl. OT),2250,73700,1743964273,NYG|dst:player:548520,4537921816,2+,2+,NYG|dst:player:548520,10.0,0,False
16514244,LA Rams vs. NY Giants,Arvell Reese,Arvell Reese (NYG),Player total sacks (Arvell Reese (NYG)) (incl. OT),2250,73700,1743964273,NYG|dst:player:548520,4537921815,1+,1+,NYG|dst:player:548520,4.5,0,False
16514244,LA Rams vs. NY Giants,Poona Ford,Poona Ford (LAR),Player total sacks (Poona Ford (LAR)) (incl. OT),2250,73700,1743964029,LAR|dst:player:476509,4537921128,2+,2+,LAR|dst:player:476509,10.0,0,False
16514244,LA Rams vs. NY Giants,Poona Ford,Poona Ford (LAR),Player total sacks (Poona Ford (LAR)) (incl. OT),2250,73700,1743964029,LAR|dst:player:476509,4537921127,1+,1+,LAR|dst:player:476509,6.0,0,False
16514244,LA Rams vs. NY Giants,Kamren Curl,Kamren Curl (LAR),Joueur plaqués totaux (Kamren Curl (LAR)) (inclus prolongations),2131,73697,1744084851,LAR|dst:player:410345,4538240674,6+,6+,LAR|dst:player:410345,1.6471,0,False
16514244,LA Rams vs. NY Giants,Kamren Curl,Kamren Curl (LAR),Joueur plaqués totaux (Kamren Curl (LAR)) (inclus prolongations),2131,73697,1744084851,LAR|dst:player:410345,4538240675,7+,7+,LAR|dst:player:410345,2.1,0,False
16514244,LA Rams vs. NY Giants,Kamren Curl,Kamren Curl (LAR),Joueur plaqués totaux (Kamren Curl (LAR)) (inclus prolongations),2131,73697,1744084851,LAR|dst:player:410345,4538240676,8+,8+,LAR|dst:player:410345,2.75,0,False
16514244,LA Rams vs. NY Giants,Kamren Curl,Kamren Curl (LAR),Joueur plaqués totaux (Kamren Curl (LAR)) (inclus prolongations),2131,73697,1744084851,LAR|dst:player:410345,4538240677,9+,9+,LAR|dst:player:410345,3.85,0,False
16514244,LA Rams vs. NY Giants,Kamren Curl,Kamren Curl (LAR),Joueur plaqués totaux (Kamren Curl (LAR)) (inclus prolongations),2131,73697,1744084851,LAR|dst:player:410345,4538240678,10+,10+,LAR|dst:player:410345,5.5,0,False
16514244,LA Rams vs. NY Giants,Kamren Curl,Kamren Curl (LAR),Joueur plaqués totaux (Kamren Curl (LAR)) (inclus prolongations),2131,73697,1744084851,LAR|dst:player:410345,4538240679,5+,5+,LAR|dst:player:410345,1.2858,0,False
16514244,LA Rams vs. NY Giants,Tremaine Edmunds,Tremaine Edmunds (NYG),Joueur plaqués totaux (Tremaine Edmunds (NYG)) (inclus prolongations),2131,73697,1744064532,NYG|dst:player:540759,4538187680,12+,12+,NYG|dst:player:540759,5.25,0,False
16514244,LA Rams vs. NY Giants,Tremaine Edmunds,Tremaine Edmunds (NYG),Joueur plaqués totaux (Tremaine Edmunds (NYG)) (inclus prolongations),2131,73697,1744064532,NYG|dst:player:540759,4538187682,8+,8+,NYG|dst:player:540759,1.6897,0,False
16514244,LA Rams vs. NY Giants,Tremaine Edmunds,Tremaine Edmunds (NYG),Joueur plaqués totaux (Tremaine Edmunds (NYG)) (inclus prolongations),2131,73697,1744064532,NYG|dst:player:540759,4538552830,7+,7+,NYG|dst:player:540759,1.3077,0,False
16514244,LA Rams vs. NY Giants,Tremaine Edmunds,Tremaine Edmunds (NYG),Joueur plaqués totaux (Tremaine Edmunds (NYG)) (inclus prolongations),2131,73697,1744064532,NYG|dst:player:540759,4538187677,9+,9+,NYG|dst:player:540759,2.15,0,False
16514244,LA Rams vs. NY Giants,Tremaine Edmunds,Tremaine Edmunds (NYG),Joueur plaqués totaux (Tremaine Edmunds (NYG)) (inclus prolongations),2131,73697,1744064532,NYG|dst:player:540759,4538187678,10+,10+,NYG|dst:player:540759,2.75,0,False
16514244,LA Rams vs. NY Giants,Tremaine Edmunds,Tremaine Edmunds (NYG),Joueur plaqués totaux (Tremaine Edmunds (NYG)) (inclus prolongations),2131,73697,1744064532,NYG|dst:player:540759,4538187679,11+,11+,NYG|dst:player:540759,3.75,0,False
16514244,LA Rams vs. NY Giants,Dru Phillips,Dru Phillips (NYG),Joueur plaqués totaux (Dru Phillips (NYG)) (inclus prolongations),2131,73697,1744068736,NYG|dst:player:430374,4538198732,4+,4+,NYG|dst:player:430374,1.8696,0,False
16514244,LA Rams vs. NY Giants,Dru Phillips,Dru Phillips (NYG),Joueur plaqués totaux (Dru Phillips (NYG)) (inclus prolongations),2131,73697,1744068736,NYG|dst:player:430374,4538198733,5+,5+,NYG|dst:player:430374,2.4,0,False
16514244,LA Rams vs. NY Giants,Dru Phillips,Dru Phillips (NYG),Joueur plaqués totaux (Dru Phillips (NYG)) (inclus prolongations),2131,73697,1744068736,NYG|dst:player:430374,4538198734,6+,6+,NYG|dst:player:430374,3.2,0,False
16514244,LA Rams vs. NY Giants,Dru Phillips,Dru Phillips (NYG),Joueur plaqués totaux (Dru Phillips (NYG)) (inclus prolongations),2131,73697,1744068736,NYG|dst:player:430374,4538198735,7+,7+,NYG|dst:player:430374,4.5,0,False
16514244,LA Rams vs. NY Giants,Dru Phillips,Dru Phillips (NYG),Joueur plaqués totaux (Dru Phillips (NYG)) (inclus prolongations),2131,73697,1744068736,NYG|dst:player:430374,4538198736,8+,8+,NYG|dst:player:430374,6.75,0,False
16514244,LA Rams vs. NY Giants,Dru Phillips,Dru Phillips (NYG),Joueur plaqués totaux (Dru Phillips (NYG)) (inclus prolongations),2131,73697,1744068736,NYG|dst:player:430374,4538198737,3+,3+,NYG|dst:player:430374,1.4167,0,False
16514244,LA Rams vs. NY Giants,Omar Speights,Omar Speights (LAR),Joueur plaqués totaux (Omar Speights (LAR)) (inclus prolongations),2131,73697,1744083309,LAR|dst:player:429426,4538235497,6+,6+,LAR|dst:player:429426,1.8696,0,False
16514244,LA Rams vs. NY Giants,Omar Speights,Omar Speights (LAR),Joueur plaqués totaux (Omar Speights (LAR)) (inclus prolongations),2131,73697,1744083309,LAR|dst:player:429426,4538235498,7+,7+,LAR|dst:player:429426,2.35,0,False
16514244,LA Rams vs. NY Giants,Omar Speights,Omar Speights (LAR),Joueur plaqués totaux (Omar Speights (LAR)) (inclus prolongations),2131,73697,1744083309,LAR|dst:player:429426,4538235499,8+,8+,LAR|dst:player:429426,3.1,0,False
16514244,LA Rams vs. NY Giants,Omar Speights,Omar Speights (LAR),Joueur plaqués totaux (Omar Speights (LAR)) (inclus prolongations),2131,73697,1744083309,LAR|dst:player:429426,4538235500,9+,9+,LAR|dst:player:429426,4.25,0,False
16514244,LA Rams vs. NY Giants,Omar Speights,Omar Speights (LAR),Joueur plaqués totaux (Omar Speights (LAR)) (inclus prolongations),2131,73697,1744083309,LAR|dst:player:429426,4538235501,10+,10+,LAR|dst:player:429426,6.0,0,False
16514244,LA Rams vs. NY Giants,Omar Speights,Omar Speights (LAR),Joueur plaqués totaux (Omar Speights (LAR)) (inclus prolongations),2131,73697,1744083309,LAR|dst:player:429426,4538235502,5+,5+,LAR|dst:player:429426,1.4546,0,False
16514244,LA Rams vs. NY Giants,Greg Newsome II,Greg Newsome II (NYG),Joueur plaqués totaux (Greg Newsome II (NYG)) (inclus prolongations),2131,73697,1744068371,NYG|dst:player:540854,4538197216,5+,5+,NYG|dst:player:540854,2.65,0,False
16514244,LA Rams vs. NY Giants,Greg Newsome II,Greg Newsome II (NYG),Joueur plaqués totaux (Greg Newsome II (NYG)) (inclus prolongations),2131,73697,1744068371,NYG|dst:player:540854,4538197217,6+,6+,NYG|dst:player:540854,3.85,0,False
16514244,LA Rams vs. NY Giants,Greg Newsome II,Greg Newsome II (NYG),Joueur plaqués totaux (Greg Newsome II (NYG)) (inclus prolongations),2131,73697,1744068371,NYG|dst:player:540854,4538197218,7+,7+,NYG|dst:player:540854,6.0,0,False
16514244,LA Rams vs. NY Giants,Greg Newsome II,Greg Newsome II (NYG),Joueur plaqués totaux (Greg Newsome II (NYG)) (inclus prolongations),2131,73697,1744068371,NYG|dst:player:540854,4538197219,8+,8+,NYG|dst:player:540854,10.0,0,False
16514244,LA Rams vs. NY Giants,Greg Newsome II,Greg Newsome II (NYG),Joueur plaqués totaux (Greg Newsome II (NYG)) (inclus prolongations),2131,73697,1744068371,NYG|dst:player:540854,4538197220,3+,3+,NYG|dst:player:540854,1.4546,0,False
16514244,LA Rams vs. NY Giants,Greg Newsome II,Greg Newsome II (NYG),Joueur plaqués totaux (Greg Newsome II (NYG)) (inclus prolongations),2131,73697,1744068371,NYG|dst:player:540854,4538197215,4+,4+,NYG|dst:player:540854,2.0,0,False
16514244,LA Rams vs. NY Giants,Nate Landman,Nate Landman (LAR),Joueur plaqués totaux (Nate Landman (LAR)) (inclus prolongations),2131,73697,1744081898,LAR|dst:player:476969,4538231341,7+,7+,LAR|dst:player:476969,1.5,0,False
16514244,LA Rams vs. NY Giants,Nate Landman,Nate Landman (LAR),Joueur plaqués totaux (Nate Landman (LAR)) (inclus prolongations),2131,73697,1744081898,LAR|dst:player:476969,4538231342,8+,8+,LAR|dst:player:476969,2.0,0,False
16514244,LA Rams vs. NY Giants,Nate Landman,Nate Landman (LAR),Joueur plaqués totaux (Nate Landman (LAR)) (inclus prolongations),2131,73697,1744081898,LAR|dst:player:476969,4538231343,9+,9+,LAR|dst:player:476969,2.5,0,False
16514244,LA Rams vs. NY Giants,Nate Landman,Nate Landman (LAR),Joueur plaqués totaux (Nate Landman (LAR)) (inclus prolongations),2131,73697,1744081898,LAR|dst:player:476969,4538231344,10+,10+,LAR|dst:player:476969,3.3,0,False
16514244,LA Rams vs. NY Giants,Nate Landman,Nate Landman (LAR),Joueur plaqués totaux (Nate Landman (LAR)) (inclus prolongations),2131,73697,1744081898,LAR|dst:player:476969,4538231345,11+,11+,LAR|dst:player:476969,4.5,0,False
16514244,LA Rams vs. NY Giants,Nate Landman,Nate Landman (LAR),Joueur plaqués totaux (Nate Landman (LAR)) (inclus prolongations),2131,73697,1744081898,LAR|dst:player:476969,4538525790,12+,12+,LAR|dst:player:476969,6.75,0,False
16514244,LA Rams vs. NY Giants,Tyler Nubin,Tyler Nubin (NYG),Joueur plaqués totaux (Tyler Nubin (NYG)) (inclus prolongations),2131,73697,1744062422,NYG|dst:player:431515,4538182336,8+,8+,NYG|dst:player:431515,2.45,0,False
16514244,LA Rams vs. NY Giants,Tyler Nubin,Tyler Nubin (NYG),Joueur plaqués totaux (Tyler Nubin (NYG)) (inclus prolongations),2131,73697,1744062422,NYG|dst:player:431515,4538182337,9+,9+,NYG|dst:player:431515,3.3,0,False
16514244,LA Rams vs. NY Giants,Tyler Nubin,Tyler Nubin (NYG),Joueur plaqués totaux (Tyler Nubin (NYG)) (inclus prolongations),2131,73697,1744062422,NYG|dst:player:431515,4538182338,10+,10+,NYG|dst:player:431515,4.5,0,False
16514244,LA Rams vs. NY Giants,Tyler Nubin,Tyler Nubin (NYG),Joueur plaqués totaux (Tyler Nubin (NYG)) (inclus prolongations),2131,73697,1744062422,NYG|dst:player:431515,4538182339,11+,11+,NYG|dst:player:431515,6.5,0,False
16514244,LA Rams vs. NY Giants,Tyler Nubin,Tyler Nubin (NYG),Joueur plaqués totaux (Tyler Nubin (NYG)) (inclus prolongations),2131,73697,1744062422,NYG|dst:player:431515,4538182340,6+,6+,NYG|dst:player:431515,1.5,0,False
16514244,LA Rams vs. NY Giants,Tyler Nubin,Tyler Nubin (NYG),Joueur plaqués totaux (Tyler Nubin (NYG)) (inclus prolongations),2131,73697,1744062422,NYG|dst:player:431515,4538182335,7+,7+,NYG|dst:player:431515,1.9524,0,False
16514244,LA Rams vs. NY Giants,Quentin Lake,Quentin Lake (LAR),Joueur plaqués totaux (Quentin Lake (LAR)) (inclus prolongations),2131,73697,1744081686,LAR|dst:player:353579,4538230824,7+,7+,LAR|dst:player:353579,2.1,0,False
16514244,LA Rams vs. NY Giants,Quentin Lake,Quentin Lake (LAR),Joueur plaqués totaux (Quentin Lake (LAR)) (inclus prolongations),2131,73697,1744081686,LAR|dst:player:353579,4538230825,8+,8+,LAR|dst:player:353579,2.65,0,False
16514244,LA Rams vs. NY Giants,Quentin Lake,Quentin Lake (LAR),Joueur plaqués totaux (Quentin Lake (LAR)) (inclus prolongations),2131,73697,1744081686,LAR|dst:player:353579,4538230826,9+,9+,LAR|dst:player:353579,3.75,0,False
16514244,LA Rams vs. NY Giants,Quentin Lake,Quentin Lake (LAR),Joueur plaqués totaux (Quentin Lake (LAR)) (inclus prolongations),2131,73697,1744081686,LAR|dst:player:353579,4538230827,10+,10+,LAR|dst:player:353579,5.25,0,False
16514244,LA Rams vs. NY Giants,Quentin Lake,Quentin Lake (LAR),Joueur plaqués totaux (Quentin Lake (LAR)) (inclus prolongations),2131,73697,1744081686,LAR|dst:player:353579,4538230828,11+,11+,LAR|dst:player:353579,8.0,0,False
16514244,LA Rams vs. NY Giants,Quentin Lake,Quentin Lake (LAR),Joueur plaqués totaux (Quentin Lake (LAR)) (inclus prolongations),2131,73697,1744081686,LAR|dst:player:353579,4538230829,6+,6+,LAR|dst:player:353579,1.5556,0,False
16514244,LA Rams vs. NY Giants,Trent McDuffie,Trent McDuffie (LAR),Joueur plaqués totaux (Trent McDuffie (LAR)) (inclus prolongations),2131,73697,1744082380,LAR|dst:player:540395,4538232428,5+,5+,LAR|dst:player:540395,2.2,0,False
16514244,LA Rams vs. NY Giants,Trent McDuffie,Trent McDuffie (LAR),Joueur plaqués totaux (Trent McDuffie (LAR)) (inclus prolongations),2131,73697,1744082380,LAR|dst:player:540395,4538232429,6+,6+,LAR|dst:player:540395,2.7,0,False
16514244,LA Rams vs. NY Giants,Trent McDuffie,Trent McDuffie (LAR),Joueur plaqués totaux (Trent McDuffie (LAR)) (inclus prolongations),2131,73697,1744082380,LAR|dst:player:540395,4538232430,7+,7+,LAR|dst:player:540395,3.75,0,False
16514244,LA Rams vs. NY Giants,Trent McDuffie,Trent McDuffie (LAR),Joueur plaqués totaux (Trent McDuffie (LAR)) (inclus prolongations),2131,73697,1744082380,LAR|dst:player:540395,4538232431,8+,8+,LAR|dst:player:540395,5.25,0,False
16514244,LA Rams vs. NY Giants,Trent McDuffie,Trent McDuffie (LAR),Joueur plaqués totaux (Trent McDuffie (LAR)) (inclus prolongations),2131,73697,1744082380,LAR|dst:player:540395,4538232432,9+,9+,LAR|dst:player:540395,7.5,0,False
16514244,LA Rams vs. NY Giants,Trent McDuffie,Trent McDuffie (LAR),Joueur plaqués totaux (Trent McDuffie (LAR)) (inclus prolongations),2131,73697,1744082380,LAR|dst:player:540395,4538232433,4+,4+,LAR|dst:player:540395,1.5883,0,False
16514244,LA Rams vs. NY Giants,Arvell Reese,Arvell Reese (NYG),Joueur plaqués totaux (Arvell Reese (NYG)) (inclus prolongations),2131,73697,1744067646,NYG|dst:player:548520,4538195411,8+,8+,NYG|dst:player:548520,2.1,0,False
16514244,LA Rams vs. NY Giants,Arvell Reese,Arvell Reese (NYG),Joueur plaqués totaux (Arvell Reese (NYG)) (inclus prolongations),2131,73697,1744067646,NYG|dst:player:548520,4538195412,9+,9+,NYG|dst:player:548520,2.6,0,False
16514244,LA Rams vs. NY Giants,Arvell Reese,Arvell Reese (NYG),Joueur plaqués totaux (Arvell Reese (NYG)) (inclus prolongations),2131,73697,1744067646,NYG|dst:player:548520,4538195413,10+,10+,NYG|dst:player:548520,3.5,0,False
16514244,LA Rams vs. NY Giants,Arvell Reese,Arvell Reese (NYG),Joueur plaqués totaux (Arvell Reese (NYG)) (inclus prolongations),2131,73697,1744067646,NYG|dst:player:548520,4538195414,11+,11+,NYG|dst:player:548520,5.0,0,False
16514244,LA Rams vs. NY Giants,Arvell Reese,Arvell Reese (NYG),Joueur plaqués totaux (Arvell Reese (NYG)) (inclus prolongations),2131,73697,1744067646,NYG|dst:player:548520,4538195415,12+,12+,NYG|dst:player:548520,7.25,0,False
16514244,LA Rams vs. NY Giants,Arvell Reese,Arvell Reese (NYG),Joueur plaqués totaux (Arvell Reese (NYG)) (inclus prolongations),2131,73697,1744067646,NYG|dst:player:548520,4538195416,7+,7+,NYG|dst:player:548520,1.5883,0,False
16514244,LA Rams vs. NY Giants,Jevon Holland,Jevon Holland (NYG),Joueur plaqués totaux (Jevon Holland (NYG)) (inclus prolongations),2131,73697,1744066325,NYG|dst:player:476387,4538192109,6+,6+,NYG|dst:player:476387,2.2,0,False
16514244,LA Rams vs. NY Giants,Jevon Holland,Jevon Holland (NYG),Joueur plaqués totaux (Jevon Holland (NYG)) (inclus prolongations),2131,73697,1744066325,NYG|dst:player:476387,4538192110,7+,7+,NYG|dst:player:476387,2.75,0,False
16514244,LA Rams vs. NY Giants,Jevon Holland,Jevon Holland (NYG),Joueur plaqués totaux (Jevon Holland (NYG)) (inclus prolongations),2131,73697,1744066325,NYG|dst:player:476387,4538192111,8+,8+,NYG|dst:player:476387,3.75,0,False
16514244,LA Rams vs. NY Giants,Jevon Holland,Jevon Holland (NYG),Joueur plaqués totaux (Jevon Holland (NYG)) (inclus prolongations),2131,73697,1744066325,NYG|dst:player:476387,4538192112,9+,9+,NYG|dst:player:476387,5.25,0,False
16514244,LA Rams vs. NY Giants,Jevon Holland,Jevon Holland (NYG),Joueur plaqués totaux (Jevon Holland (NYG)) (inclus prolongations),2131,73697,1744066325,NYG|dst:player:476387,4538192113,10+,10+,NYG|dst:player:476387,8.0,0,False
16514244,LA Rams vs. NY Giants,Jevon Holland,Jevon Holland (NYG),Joueur plaqués totaux (Jevon Holland (NYG)) (inclus prolongations),2131,73697,1744066325,NYG|dst:player:476387,4538192114,5+,5+,NYG|dst:player:476387,1.6061,0,False
16514244,LA Rams vs. NY Giants,Abdul Carter,Abdul Carter (NYG),Joueur plaqués totaux (Abdul Carter (NYG)) (inclus prolongations),2131,73697,1744069728,NYG|dst:player:488887,4538201202,3+,3+,NYG|dst:player:488887,1.7408,0,False
16514244,LA Rams vs. NY Giants,Abdul Carter,Abdul Carter (NYG),Joueur plaqués totaux (Abdul Carter (NYG)) (inclus prolongations),2131,73697,1744069728,NYG|dst:player:488887,4538201203,4+,4+,NYG|dst:player:488887,2.35,0,False
16514244,LA Rams vs. NY Giants,Abdul Carter,Abdul Carter (NYG),Joueur plaqués totaux (Abdul Carter (NYG)) (inclus prolongations),2131,73697,1744069728,NYG|dst:player:488887,4538201204,5+,5+,NYG|dst:player:488887,3.3,0,False
16514244,LA Rams vs. NY Giants,Abdul Carter,Abdul Carter (NYG),Joueur plaqués totaux (Abdul Carter (NYG)) (inclus prolongations),2131,73697,1744069728,NYG|dst:player:488887,4538201205,6+,6+,NYG|dst:player:488887,5.0,0,False
16514244,LA Rams vs. NY Giants,Abdul Carter,Abdul Carter (NYG),Joueur plaqués totaux (Abdul Carter (NYG)) (inclus prolongations),2131,73697,1744069728,NYG|dst:player:488887,4538201206,7+,7+,NYG|dst:player:488887,8.0,0,False
16514244,LA Rams vs. NY Giants,Aaron Donald,Aaron Donald (LAR),Joueur plaqués totaux (Aaron Donald (LAR)) (inclus prolongations),2131,73697,1744081286,LAR|dst:player:124742,4538229858,3+,3+,LAR|dst:player:124742,2.35,0,False
16514244,LA Rams vs. NY Giants,Aaron Donald,Aaron Donald (LAR),Joueur plaqués totaux (Aaron Donald (LAR)) (inclus prolongations),2131,73697,1744081286,LAR|dst:player:124742,4538229859,4+,4+,LAR|dst:player:124742,3.3,0,False
16514244,LA Rams vs. NY Giants,Aaron Donald,Aaron Donald (LAR),Joueur plaqués totaux (Aaron Donald (LAR)) (inclus prolongations),2131,73697,1744081286,LAR|dst:player:124742,4538229860,5+,5+,LAR|dst:player:124742,5.25,0,False
16514244,LA Rams vs. NY Giants,Aaron Donald,Aaron Donald (LAR),Joueur plaqués totaux (Aaron Donald (LAR)) (inclus prolongations),2131,73697,1744081286,LAR|dst:player:124742,4538229861,6+,6+,LAR|dst:player:124742,9.0,0,False
16514244,LA Rams vs. NY Giants,Aaron Donald,Aaron Donald (LAR),Joueur plaqués totaux (Aaron Donald (LAR)) (inclus prolongations),2131,73697,1744081286,LAR|dst:player:124742,4538229862,7+,7+,LAR|dst:player:124742,18.0,0,False
16514244,LA Rams vs. NY Giants,Quentin Lake,Quentin Lake (LAR),Player total interceptions (Quentin Lake (LAR)) (incl. OT),2251,73701,1741579296,LAR|dst:player:353579,4530907808,2+,2+,LAR|dst:player:353579,20.0,0,False
16514244,LA Rams vs. NY Giants,Quentin Lake,Quentin Lake (LAR),Player total interceptions (Quentin Lake (LAR)) (incl. OT),2251,73701,1741579296,LAR|dst:player:353579,4530907807,1+,1+,LAR|dst:player:353579,10.0,0,False
16514244,LA Rams vs. NY Giants,Kamren Curl,Kamren Curl (LAR),Player total interceptions (Kamren Curl (LAR)) (incl. OT),2251,73701,1741579207,LAR|dst:player:410345,4530907573,1+,1+,LAR|dst:player:410345,10.0,0,False
16514244,LA Rams vs. NY Giants,Kamren Curl,Kamren Curl (LAR),Player total interceptions (Kamren Curl (LAR)) (incl. OT),2251,73701,1741579207,LAR|dst:player:410345,4530907574,2+,2+,LAR|dst:player:410345,20.0,0,False
16514244,LA Rams vs. NY Giants,Jevon Holland,Jevon Holland (NYG),Player total interceptions (Jevon Holland (NYG)) (incl. OT),2251,73701,1741579299,NYG|dst:player:476387,4530907813,1+,1+,NYG|dst:player:476387,10.0,0,False
16514244,LA Rams vs. NY Giants,Jevon Holland,Jevon Holland (NYG),Player total interceptions (Jevon Holland (NYG)) (incl. OT),2251,73701,1741579299,NYG|dst:player:476387,4530907814,2+,2+,NYG|dst:player:476387,20.0,0,False
16514244,LA Rams vs. NY Giants,Trent McDuffie,Trent McDuffie (LAR),Player total interceptions (Trent McDuffie (LAR)) (incl. OT),2251,73701,1741579297,LAR|dst:player:540395,4530907809,1+,1+,LAR|dst:player:540395,11.0,0,False
16514244,LA Rams vs. NY Giants,Trent McDuffie,Trent McDuffie (LAR),Player total interceptions (Trent McDuffie (LAR)) (incl. OT),2251,73701,1741579297,LAR|dst:player:540395,4530907810,2+,2+,LAR|dst:player:540395,20.0,0,False
16514244,LA Rams vs. NY Giants,Jaylen Watson,Jaylen Watson (LAR),Player total interceptions (Jaylen Watson (LAR)) (incl. OT),2251,73701,1744194362,LAR|dst:player:540752,4538520617,1+,1+,LAR|dst:player:540752,11.0,0,False
16514244,LA Rams vs. NY Giants,Jaylen Watson,Jaylen Watson (LAR),Player total interceptions (Jaylen Watson (LAR)) (incl. OT),2251,73701,1744194362,LAR|dst:player:540752,4538520618,2+,2+,LAR|dst:player:540752,20.0,0,False
16514244,LA Rams vs. NY Giants,Dru Phillips,Dru Phillips (NYG),Player total interceptions (Dru Phillips (NYG)) (incl. OT),2251,73701,1744194363,NYG|dst:player:430374,4538520619,1+,1+,NYG|dst:player:430374,11.0,0,False
16514244,LA Rams vs. NY Giants,Dru Phillips,Dru Phillips (NYG),Player total interceptions (Dru Phillips (NYG)) (incl. OT),2251,73701,1744194363,NYG|dst:player:430374,4538520620,2+,2+,NYG|dst:player:430374,20.0,0,False
16514244,LA Rams vs. NY Giants,Greg Newsome II,Greg Newsome II (NYG),Player total interceptions (Greg Newsome II (NYG)) (incl. OT),2251,73701,1741579208,NYG|dst:player:540854,4530907576,2+,2+,NYG|dst:player:540854,20.0,0,False
16514244,LA Rams vs. NY Giants,Greg Newsome II,Greg Newsome II (NYG),Player total interceptions (Greg Newsome II (NYG)) (incl. OT),2251,73701,1741579208,NYG|dst:player:540854,4530907575,1+,1+,NYG|dst:player:540854,11.0,0,False
16514244,LA Rams vs. NY Giants,Tremaine Edmunds,Tremaine Edmunds (NYG),Player total interceptions (Tremaine Edmunds (NYG)) (incl. OT),2251,73701,1741579298,NYG|dst:player:540759,4530907811,1+,1+,NYG|dst:player:540759,12.0,0,False
16514244,LA Rams vs. NY Giants,Tremaine Edmunds,Tremaine Edmunds (NYG),Player total interceptions (Tremaine Edmunds (NYG)) (incl. OT),2251,73701,1741579298,NYG|dst:player:540759,4530907812,2+,2+,NYG|dst:player:540759,20.0,0,False
16551680,GB Packers	 vs. ATL Falcons,Michael Penix Jr.,Michael Penix Jr. (ATL),Joueur total de yards par la passe (Michael Penix Jr. (ATL))(prolongations incluses),2136,72891,1743968878,ATL|dst:player:431610,4538370319,203+,203+,ATL|dst:player:431610,1.8696,0,False
16551680,GB Packers	 vs. ATL Falcons,Michael Penix Jr.,Michael Penix Jr. (ATL),Joueur total de yards par la passe (Michael Penix Jr. (ATL))(prolongations incluses),2136,72891,1743968878,ATL|dst:player:431610,4538370320,213+,213+,ATL|dst:player:431610,2.1,0,False
16551680,GB Packers	 vs. ATL Falcons,Michael Penix Jr.,Michael Penix Jr. (ATL),Joueur total de yards par la passe (Michael Penix Jr. (ATL))(prolongations incluses),2136,72891,1743968878,ATL|dst:player:431610,4538370321,223+,223+,ATL|dst:player:431610,2.3,0,False
16551680,GB Packers	 vs. ATL Falcons,Michael Penix Jr.,Michael Penix Jr. (ATL),Joueur total de yards par la passe (Michael Penix Jr. (ATL))(prolongations incluses),2136,72891,1743968878,ATL|dst:player:431610,4538370322,233+,233+,ATL|dst:player:431610,2.6,0,False
16551680,GB Packers	 vs. ATL Falcons,Michael Penix Jr.,Michael Penix Jr. (ATL),Joueur total de yards par la passe (Michael Penix Jr. (ATL))(prolongations incluses),2136,72891,1743968878,ATL|dst:player:431610,4538370323,243+,243+,ATL|dst:player:431610,2.95,0,False
16551680,GB Packers	 vs. ATL Falcons,Michael Penix Jr.,Michael Penix Jr. (ATL),Joueur total de yards par la passe (Michael Penix Jr. (ATL))(prolongations incluses),2136,72891,1743968878,ATL|dst:player:431610,4538370324,253+,253+,ATL|dst:player:431610,3.4,0,False
16551680,GB Packers	 vs. ATL Falcons,Michael Penix Jr.,Michael Penix Jr. (ATL),Joueur total de yards par la passe (Michael Penix Jr. (ATL))(prolongations incluses),2136,72891,1743968878,ATL|dst:player:431610,4538370325,263+,263+,ATL|dst:player:431610,4.0,0,False
16551680,GB Packers	 vs. ATL Falcons,Michael Penix Jr.,Michael Penix Jr. (ATL),Joueur total de yards par la passe (Michael Penix Jr. (ATL))(prolongations incluses),2136,72891,1743968878,ATL|dst:player:431610,4538370326,273+,273+,ATL|dst:player:431610,4.75,0,False
16551680,GB Packers	 vs. ATL Falcons,Michael Penix Jr.,Michael Penix Jr. (ATL),Joueur total de yards par la passe (Michael Penix Jr. (ATL))(prolongations incluses),2136,72891,1743968878,ATL|dst:player:431610,4538370327,283+,283+,ATL|dst:player:431610,5.5,0,False
16551680,GB Packers	 vs. ATL Falcons,Michael Penix Jr.,Michael Penix Jr. (ATL),Joueur total de yards par la passe (Michael Penix Jr. (ATL))(prolongations incluses),2136,72891,1743968878,ATL|dst:player:431610,4538370328,293+,293+,ATL|dst:player:431610,6.75,0,False
16551680,GB Packers	 vs. ATL Falcons,Michael Penix Jr.,Michael Penix Jr. (ATL),Joueur total de yards par la passe (Michael Penix Jr. (ATL))(prolongations incluses),2136,72891,1743968878,ATL|dst:player:431610,4538370329,303+,303+,ATL|dst:player:431610,8.0,0,False
16551680,GB Packers	 vs. ATL Falcons,Michael Penix Jr.,Michael Penix Jr. (ATL),Joueur total de yards par la passe (Michael Penix Jr. (ATL))(prolongations incluses),2136,72891,1743968878,ATL|dst:player:431610,4538370330,313+,313+,ATL|dst:player:431610,10.0,0,False
16551680,GB Packers	 vs. ATL Falcons,Michael Penix Jr.,Michael Penix Jr. (ATL),Joueur total de yards par la passe (Michael Penix Jr. (ATL))(prolongations incluses),2136,72891,1743968878,ATL|dst:player:431610,4538370331,323+,323+,ATL|dst:player:431610,13.0,0,False
16551680,GB Packers	 vs. ATL Falcons,Michael Penix Jr.,Michael Penix Jr. (ATL),Joueur total de yards par la passe (Michael Penix Jr. (ATL))(prolongations incluses),2136,72891,1743968878,ATL|dst:player:431610,4538370332,333+,333+,ATL|dst:player:431610,16.0,0,False
16551680,GB Packers	 vs. ATL Falcons,Michael Penix Jr.,Michael Penix Jr. (ATL),Joueur total de yards par la passe (Michael Penix Jr. (ATL))(prolongations incluses),2136,72891,1743968878,ATL|dst:player:431610,4538370333,343+,343+,ATL|dst:player:431610,20.0,0,False
16551680,GB Packers	 vs. ATL Falcons,Michael Penix Jr.,Michael Penix Jr. (ATL),Joueur total de yards par la passe (Michael Penix Jr. (ATL))(prolongations incluses),2136,72891,1743968878,ATL|dst:player:431610,4538370334,193+,193+,ATL|dst:player:431610,1.6667,0,False
16551680,GB Packers	 vs. ATL Falcons,Michael Penix Jr.,Michael Penix Jr. (ATL),Joueur total de yards par la passe (Michael Penix Jr. (ATL))(prolongations incluses),2136,72891,1743968878,ATL|dst:player:431610,4538370335,183+,183+,ATL|dst:player:431610,1.5,0,False
16551680,GB Packers	 vs. ATL Falcons,Jordan Love,Jordan Love (GB),Joueur total de yards par la passe (Jordan Love (GB))(prolongations incluses),2136,72891,1743968631,GB|dst:player:242729,4538742496,282+,282+,GB|dst:player:242729,2.95,0,False
16551680,GB Packers	 vs. ATL Falcons,Jordan Love,Jordan Love (GB),Joueur total de yards par la passe (Jordan Love (GB))(prolongations incluses),2136,72891,1743968631,GB|dst:player:242729,4538742497,292+,292+,GB|dst:player:242729,3.3,0,False
16551680,GB Packers	 vs. ATL Falcons,Jordan Love,Jordan Love (GB),Joueur total de yards par la passe (Jordan Love (GB))(prolongations incluses),2136,72891,1743968631,GB|dst:player:242729,4538742498,302+,302+,GB|dst:player:242729,3.6,0,False
16551680,GB Packers	 vs. ATL Falcons,Jordan Love,Jordan Love (GB),Joueur total de yards par la passe (Jordan Love (GB))(prolongations incluses),2136,72891,1743968631,GB|dst:player:242729,4538742499,312+,312+,GB|dst:player:242729,4.0,0,False
16551680,GB Packers	 vs. ATL Falcons,Jordan Love,Jordan Love (GB),Joueur total de yards par la passe (Jordan Love (GB))(prolongations incluses),2136,72891,1743968631,GB|dst:player:242729,4538742500,322+,322+,GB|dst:player:242729,4.75,0,False
16551680,GB Packers	 vs. ATL Falcons,Jordan Love,Jordan Love (GB),Joueur total de yards par la passe (Jordan Love (GB))(prolongations incluses),2136,72891,1743968631,GB|dst:player:242729,4538742501,332+,332+,GB|dst:player:242729,5.25,0,False
16551680,GB Packers	 vs. ATL Falcons,Jordan Love,Jordan Love (GB),Joueur total de yards par la passe (Jordan Love (GB))(prolongations incluses),2136,72891,1743968631,GB|dst:player:242729,4538742502,342+,342+,GB|dst:player:242729,6.0,0,False
16551680,GB Packers	 vs. ATL Falcons,Jordan Love,Jordan Love (GB),Joueur total de yards par la passe (Jordan Love (GB))(prolongations incluses),2136,72891,1743968631,GB|dst:player:242729,4538742503,352+,352+,GB|dst:player:242729,7.0,0,False
16551680,GB Packers	 vs. ATL Falcons,Jordan Love,Jordan Love (GB),Joueur total de yards par la passe (Jordan Love (GB))(prolongations incluses),2136,72891,1743968631,GB|dst:player:242729,4538742504,362+,362+,GB|dst:player:242729,8.5,0,False
16551680,GB Packers	 vs. ATL Falcons,Jordan Love,Jordan Love (GB),Joueur total de yards par la passe (Jordan Love (GB))(prolongations incluses),2136,72891,1743968631,GB|dst:player:242729,4538742505,372+,372+,GB|dst:player:242729,10.0,0,False
16551680,GB Packers	 vs. ATL Falcons,Jordan Love,Jordan Love (GB),Joueur total de yards par la passe (Jordan Love (GB))(prolongations incluses),2136,72891,1743968631,GB|dst:player:242729,4538742506,222+,222+,GB|dst:player:242729,1.7143,0,False
16551680,GB Packers	 vs. ATL Falcons,Jordan Love,Jordan Love (GB),Joueur total de yards par la passe (Jordan Love (GB))(prolongations incluses),2136,72891,1743968631,GB|dst:player:242729,4538742507,212+,212+,GB|dst:player:242729,1.5883,0,False
16551680,GB Packers	 vs. ATL Falcons,Jordan Love,Jordan Love (GB),Joueur total de yards par la passe (Jordan Love (GB))(prolongations incluses),2136,72891,1743968631,GB|dst:player:242729,4538742491,232+,232+,GB|dst:player:242729,1.8696,0,False
16551680,GB Packers	 vs. ATL Falcons,Jordan Love,Jordan Love (GB),Joueur total de yards par la passe (Jordan Love (GB))(prolongations incluses),2136,72891,1743968631,GB|dst:player:242729,4538742492,242+,242+,GB|dst:player:242729,2.05,0,False
16551680,GB Packers	 vs. ATL Falcons,Jordan Love,Jordan Love (GB),Joueur total de yards par la passe (Jordan Love (GB))(prolongations incluses),2136,72891,1743968631,GB|dst:player:242729,4538742493,252+,252+,GB|dst:player:242729,2.2,0,False
16551680,GB Packers	 vs. ATL Falcons,Jordan Love,Jordan Love (GB),Joueur total de yards par la passe (Jordan Love (GB))(prolongations incluses),2136,72891,1743968631,GB|dst:player:242729,4538742494,262+,262+,GB|dst:player:242729,2.4,0,False
16551680,GB Packers	 vs. ATL Falcons,Jordan Love,Jordan Love (GB),Joueur total de yards par la passe (Jordan Love (GB))(prolongations incluses),2136,72891,1743968631,GB|dst:player:242729,4538742495,272+,272+,GB|dst:player:242729,2.65,0,False
16551680,GB Packers	 vs. ATL Falcons,Bijan Robinson,Bijan Robinson (ATL),Total de Touchdowns du joueur (Incl. Prolongations) (Bijan Robinson (ATL)),2145,72900,1743968727,ATL|dst:player:374313,4537933068,1+,1+,ATL|dst:player:374313,1.6061,0,False
16551680,GB Packers	 vs. ATL Falcons,Bijan Robinson,Bijan Robinson (ATL),Total de Touchdowns du joueur (Incl. Prolongations) (Bijan Robinson (ATL)),2145,72900,1743968727,ATL|dst:player:374313,4537933069,2+,2+,ATL|dst:player:374313,4.0,0,False
16551680,GB Packers	 vs. ATL Falcons,Bijan Robinson,Bijan Robinson (ATL),Total de Touchdowns du joueur (Incl. Prolongations) (Bijan Robinson (ATL)),2145,72900,1743968727,ATL|dst:player:374313,4537933070,3+,3+,ATL|dst:player:374313,18.0,0,False
16551680,GB Packers	 vs. ATL Falcons,Christian Watson,Christian Watson (GB),Total de Touchdowns du joueur (Incl. Prolongations) (Christian Watson (GB)),2145,72900,1743968641,GB|dst:player:309126,4537932832,1+,1+,GB|dst:player:309126,2.3,0,False
16551680,GB Packers	 vs. ATL Falcons,Christian Watson,Christian Watson (GB),Total de Touchdowns du joueur (Incl. Prolongations) (Christian Watson (GB)),2145,72900,1743968641,GB|dst:player:309126,4537932833,2+,2+,GB|dst:player:309126,7.5,0,False
16551680,GB Packers	 vs. ATL Falcons,Christian Watson,Christian Watson (GB),Total de Touchdowns du joueur (Incl. Prolongations) (Christian Watson (GB)),2145,72900,1743968641,GB|dst:player:309126,4537932834,3+,3+,GB|dst:player:309126,41.0,0,False
16551680,GB Packers	 vs. ATL Falcons,Tucker Kraft,Tucker Kraft (GB),Total de Touchdowns du joueur (Incl. Prolongations) (Tucker Kraft (GB)),2145,72900,1743968730,GB|dst:player:374781,4537933088,1+,1+,GB|dst:player:374781,2.6,0,False
16551680,GB Packers	 vs. ATL Falcons,Tucker Kraft,Tucker Kraft (GB),Total de Touchdowns du joueur (Incl. Prolongations) (Tucker Kraft (GB)),2145,72900,1743968730,GB|dst:player:374781,4537933089,2+,2+,GB|dst:player:374781,10.0,0,False
16551680,GB Packers	 vs. ATL Falcons,Tucker Kraft,Tucker Kraft (GB),Total de Touchdowns du joueur (Incl. Prolongations) (Tucker Kraft (GB)),2145,72900,1743968730,GB|dst:player:374781,4537933090,3+,3+,GB|dst:player:374781,61.0,0,False
16551680,GB Packers	 vs. ATL Falcons,MarShawn Lloyd,MarShawn Lloyd (GB),Total de Touchdowns du joueur (Incl. Prolongations) (MarShawn Lloyd (GB)),2145,72900,1743968735,GB|dst:player:430314,4537933116,1+,1+,GB|dst:player:430314,2.6,0,False
16551680,GB Packers	 vs. ATL Falcons,MarShawn Lloyd,MarShawn Lloyd (GB),Total de Touchdowns du joueur (Incl. Prolongations) (MarShawn Lloyd (GB)),2145,72900,1743968735,GB|dst:player:430314,4537933117,2+,2+,GB|dst:player:430314,10.0,0,False
16551680,GB Packers	 vs. ATL Falcons,MarShawn Lloyd,MarShawn Lloyd (GB),Total de Touchdowns du joueur (Incl. Prolongations) (MarShawn Lloyd (GB)),2145,72900,1743968735,GB|dst:player:430314,4537933118,3+,3+,GB|dst:player:430314,61.0,0,False
16551680,GB Packers	 vs. ATL Falcons,Matthew Golden,Matthew Golden (GB),Total de Touchdowns du joueur (Incl. Prolongations) (Matthew Golden (GB)),2145,72900,1743969142,GB|dst:player:485360,4537933997,1+,1+,GB|dst:player:485360,2.7,0,False
16551680,GB Packers	 vs. ATL Falcons,Matthew Golden,Matthew Golden (GB),Total de Touchdowns du joueur (Incl. Prolongations) (Matthew Golden (GB)),2145,72900,1743969142,GB|dst:player:485360,4537933998,2+,2+,GB|dst:player:485360,10.0,0,False
16551680,GB Packers	 vs. ATL Falcons,Matthew Golden,Matthew Golden (GB),Total de Touchdowns du joueur (Incl. Prolongations) (Matthew Golden (GB)),2145,72900,1743969142,GB|dst:player:485360,4537933999,3+,3+,GB|dst:player:485360,71.0,0,False
16551680,GB Packers	 vs. ATL Falcons,Chris Brooks,Chris Brooks (GB),Total de Touchdowns du joueur (Incl. Prolongations) (Chris Brooks (GB)),2145,72900,1743968880,GB|dst:player:451649,4537933475,1+,1+,GB|dst:player:451649,2.9,0,False
16551680,GB Packers	 vs. ATL Falcons,Chris Brooks,Chris Brooks (GB),Total de Touchdowns du joueur (Incl. Prolongations) (Chris Brooks (GB)),2145,72900,1743968880,GB|dst:player:451649,4537933476,2+,2+,GB|dst:player:451649,12.0,0,False
16551680,GB Packers	 vs. ATL Falcons,Chris Brooks,Chris Brooks (GB),Total de Touchdowns du joueur (Incl. Prolongations) (Chris Brooks (GB)),2145,72900,1743968880,GB|dst:player:451649,4537933477,3+,3+,GB|dst:player:451649,81.0,0,False
16551680,GB Packers	 vs. ATL Falcons,Drake London,Drake London (ATL),Total de Touchdowns du joueur (Incl. Prolongations) (Drake London (ATL)),2145,72900,1743968639,ATL|dst:player:308922,4537932824,3+,3+,ATL|dst:player:308922,81.0,0,False
16551680,GB Packers	 vs. ATL Falcons,Drake London,Drake London (ATL),Total de Touchdowns du joueur (Incl. Prolongations) (Drake London (ATL)),2145,72900,1743968639,ATL|dst:player:308922,4537932822,1+,1+,ATL|dst:player:308922,3.0,0,False
16551680,GB Packers	 vs. ATL Falcons,Drake London,Drake London (ATL),Total de Touchdowns du joueur (Incl. Prolongations) (Drake London (ATL)),2145,72900,1743968639,ATL|dst:player:308922,4537932823,2+,2+,ATL|dst:player:308922,13.0,0,False
16551680,GB Packers	 vs. ATL Falcons,Skyy Moore,Skyy Moore (GB),Total de Touchdowns du joueur (Incl. Prolongations) (Skyy Moore (GB)),2145,72900,1743969146,GB|dst:player:540850,4537934016,3+,3+,GB|dst:player:540850,151.0,0,False
16551680,GB Packers	 vs. ATL Falcons,Skyy Moore,Skyy Moore (GB),Total de Touchdowns du joueur (Incl. Prolongations) (Skyy Moore (GB)),2145,72900,1743969146,GB|dst:player:540850,4537934014,1+,1+,GB|dst:player:540850,4.5,0,False
16551680,GB Packers	 vs. ATL Falcons,Skyy Moore,Skyy Moore (GB),Total de Touchdowns du joueur (Incl. Prolongations) (Skyy Moore (GB)),2145,72900,1743969146,GB|dst:player:540850,4537934015,2+,2+,GB|dst:player:540850,31.0,0,False
16551680,GB Packers	 vs. ATL Falcons,Kyle Pitts,Kyle Pitts (ATL),Total de Touchdowns du joueur (Incl. Prolongations) (Kyle Pitts (ATL)),2145,72900,1743968634,ATL|dst:player:265344,4537932785,1+,1+,ATL|dst:player:265344,5.0,0,False
16551680,GB Packers	 vs. ATL Falcons,Kyle Pitts,Kyle Pitts (ATL),Total de Touchdowns du joueur (Incl. Prolongations) (Kyle Pitts (ATL)),2145,72900,1743968634,ATL|dst:player:265344,4537932786,2+,2+,ATL|dst:player:265344,36.0,0,False
16551680,GB Packers	 vs. ATL Falcons,Kyle Pitts,Kyle Pitts (ATL),Total de Touchdowns du joueur (Incl. Prolongations) (Kyle Pitts (ATL)),2145,72900,1743968634,ATL|dst:player:265344,4537932787,3+,3+,ATL|dst:player:265344,151.0,0,False
16551680,GB Packers	 vs. ATL Falcons,Brian Robinson Jr.,Brian Robinson Jr. (ATL),Total de Touchdowns du joueur (Incl. Prolongations) (Brian Robinson Jr. (ATL)),2145,72900,1743969148,ATL|dst:player:541876,4537934025,1+,1+,ATL|dst:player:541876,5.0,0,False
16551680,GB Packers	 vs. ATL Falcons,Brian Robinson Jr.,Brian Robinson Jr. (ATL),Total de Touchdowns du joueur (Incl. Prolongations) (Brian Robinson Jr. (ATL)),2145,72900,1743969148,ATL|dst:player:541876,4537934026,2+,2+,ATL|dst:player:541876,36.0,0,False
16551680,GB Packers	 vs. ATL Falcons,Brian Robinson Jr.,Brian Robinson Jr. (ATL),Total de Touchdowns du joueur (Incl. Prolongations) (Brian Robinson Jr. (ATL)),2145,72900,1743969148,ATL|dst:player:541876,4537934027,3+,3+,ATL|dst:player:541876,151.0,0,False
16551680,GB Packers	 vs. ATL Falcons,Bo Melton,Bo Melton (GB),Total de Touchdowns du joueur (Incl. Prolongations) (Bo Melton (GB)),2145,72900,1743968643,GB|dst:player:359844,4537932845,1+,1+,GB|dst:player:359844,6.5,0,False
16551680,GB Packers	 vs. ATL Falcons,Bo Melton,Bo Melton (GB),Total de Touchdowns du joueur (Incl. Prolongations) (Bo Melton (GB)),2145,72900,1743968643,GB|dst:player:359844,4537932846,2+,2+,GB|dst:player:359844,41.0,0,False
16551680,GB Packers	 vs. ATL Falcons,Bo Melton,Bo Melton (GB),Total de Touchdowns du joueur (Incl. Prolongations) (Bo Melton (GB)),2145,72900,1743968643,GB|dst:player:359844,4537932847,3+,3+,GB|dst:player:359844,201.0,0,False
16551680,GB Packers	 vs. ATL Falcons,Jordan Love,Jordan Love (GB),Total de Touchdowns du joueur (Incl. Prolongations) (Jordan Love (GB)),2145,72900,1743968630,GB|dst:player:242729,4537932754,1+,1+,GB|dst:player:242729,7.0,0,False
16551680,GB Packers	 vs. ATL Falcons,Jordan Love,Jordan Love (GB),Total de Touchdowns du joueur (Incl. Prolongations) (Jordan Love (GB)),2145,72900,1743968630,GB|dst:player:242729,4537932755,2+,2+,GB|dst:player:242729,51.0,0,False
16551680,GB Packers	 vs. ATL Falcons,Jordan Love,Jordan Love (GB),Total de Touchdowns du joueur (Incl. Prolongations) (Jordan Love (GB)),2145,72900,1743968630,GB|dst:player:242729,4537932756,3+,3+,GB|dst:player:242729,201.0,0,False
16551680,GB Packers	 vs. ATL Falcons,Jahan Dotson,Jahan Dotson (ATL),Total de Touchdowns du joueur (Incl. Prolongations) (Jahan Dotson (ATL)),2145,72900,1743969145,ATL|dst:player:540729,4537934011,1+,1+,ATL|dst:player:540729,7.5,0,False
16551680,GB Packers	 vs. ATL Falcons,Jahan Dotson,Jahan Dotson (ATL),Total de Touchdowns du joueur (Incl. Prolongations) (Jahan Dotson (ATL)),2145,72900,1743969145,ATL|dst:player:540729,4537934012,2+,2+,ATL|dst:player:540729,51.0,0,False
16551680,GB Packers	 vs. ATL Falcons,Jahan Dotson,Jahan Dotson (ATL),Total de Touchdowns du joueur (Incl. Prolongations) (Jahan Dotson (ATL)),2145,72900,1743969145,ATL|dst:player:540729,4537934013,3+,3+,ATL|dst:player:540729,201.0,0,False
16551680,GB Packers	 vs. ATL Falcons,Olamide Zaccheaus,Olamide Zaccheaus (ATL),Total de Touchdowns du joueur (Incl. Prolongations) (Olamide Zaccheaus (ATL)),2145,72900,1743968626,ATL|dst:player:229059,4537932736,2+,2+,ATL|dst:player:229059,71.0,0,False
16551680,GB Packers	 vs. ATL Falcons,Olamide Zaccheaus,Olamide Zaccheaus (ATL),Total de Touchdowns du joueur (Incl. Prolongations) (Olamide Zaccheaus (ATL)),2145,72900,1743968626,ATL|dst:player:229059,4537932737,3+,3+,ATL|dst:player:229059,201.0,0,False
16551680,GB Packers	 vs. ATL Falcons,Olamide Zaccheaus,Olamide Zaccheaus (ATL),Total de Touchdowns du joueur (Incl. Prolongations) (Olamide Zaccheaus (ATL)),2145,72900,1743968626,ATL|dst:player:229059,4537932735,1+,1+,ATL|dst:player:229059,9.0,0,False
16551680,GB Packers	 vs. ATL Falcons,Austin Hooper,Austin Hooper (ATL),Total de Touchdowns du joueur (Incl. Prolongations) (Austin Hooper (ATL)),2145,72900,1743968625,ATL|dst:player:145366,4537932732,1+,1+,ATL|dst:player:145366,12.0,0,False
16551680,GB Packers	 vs. ATL Falcons,Austin Hooper,Austin Hooper (ATL),Total de Touchdowns du joueur (Incl. Prolongations) (Austin Hooper (ATL)),2145,72900,1743968625,ATL|dst:player:145366,4537932733,2+,2+,ATL|dst:player:145366,91.0,0,False
16551680,GB Packers	 vs. ATL Falcons,Austin Hooper,Austin Hooper (ATL),Total de Touchdowns du joueur (Incl. Prolongations) (Austin Hooper (ATL)),2145,72900,1743968625,ATL|dst:player:145366,4537932734,3+,3+,ATL|dst:player:145366,251.0,0,False
16551680,GB Packers	 vs. ATL Falcons,Michael Penix Jr.,Michael Penix Jr. (ATL),Total de Touchdowns du joueur (Incl. Prolongations) (Michael Penix Jr. (ATL)),2145,72900,1743968876,ATL|dst:player:431610,4537933444,1+,1+,ATL|dst:player:431610,12.0,0,False
16551680,GB Packers	 vs. ATL Falcons,Michael Penix Jr.,Michael Penix Jr. (ATL),Total de Touchdowns du joueur (Incl. Prolongations) (Michael Penix Jr. (ATL)),2145,72900,1743968876,ATL|dst:player:431610,4537933445,2+,2+,ATL|dst:player:431610,91.0,0,False
16551680,GB Packers	 vs. ATL Falcons,Michael Penix Jr.,Michael Penix Jr. (ATL),Total de Touchdowns du joueur (Incl. Prolongations) (Michael Penix Jr. (ATL)),2145,72900,1743968876,ATL|dst:player:431610,4537933446,3+,3+,ATL|dst:player:431610,251.0,0,False
16551680,GB Packers	 vs. ATL Falcons,Josh Whyle,Josh Whyle (GB),Total de Touchdowns du joueur (Incl. Prolongations) (Josh Whyle (GB)),2145,72900,1743969143,GB|dst:player:523083,4537934000,1+,1+,GB|dst:player:523083,12.0,0,False
16551680,GB Packers	 vs. ATL Falcons,Josh Whyle,Josh Whyle (GB),Total de Touchdowns du joueur (Incl. Prolongations) (Josh Whyle (GB)),2145,72900,1743969143,GB|dst:player:523083,4537934001,2+,2+,GB|dst:player:523083,91.0,0,False
16551680,GB Packers	 vs. ATL Falcons,Josh Whyle,Josh Whyle (GB),Total de Touchdowns du joueur (Incl. Prolongations) (Josh Whyle (GB)),2145,72900,1743969143,GB|dst:player:523083,4537934002,3+,3+,GB|dst:player:523083,251.0,0,False
16551680,GB Packers	 vs. ATL Falcons,Zachariah Branch,Zachariah Branch (ATL),Total de Touchdowns du joueur (Incl. Prolongations) (Zachariah Branch (ATL)),2145,72900,1743969149,ATL|dst:player:546417,4537934028,1+,1+,ATL|dst:player:546417,15.0,0,False
16551680,GB Packers	 vs. ATL Falcons,Zachariah Branch,Zachariah Branch (ATL),Total de Touchdowns du joueur (Incl. Prolongations) (Zachariah Branch (ATL)),2145,72900,1743969149,ATL|dst:player:546417,4537934029,2+,2+,ATL|dst:player:546417,101.0,0,False
16551680,GB Packers	 vs. ATL Falcons,Zachariah Branch,Zachariah Branch (ATL),Total de Touchdowns du joueur (Incl. Prolongations) (Zachariah Branch (ATL)),2145,72900,1743969149,ATL|dst:player:546417,4537934030,3+,3+,ATL|dst:player:546417,251.0,0,False
16551680,GB Packers	 vs. ATL Falcons,Charlie Woerner,Charlie Woerner (ATL),Total de Touchdowns du joueur (Incl. Prolongations) (Charlie Woerner (ATL)),2145,72900,1743968732,ATL|dst:player:409882,4537933096,3+,3+,ATL|dst:player:409882,251.0,0,False
16551680,GB Packers	 vs. ATL Falcons,Charlie Woerner,Charlie Woerner (ATL),Total de Touchdowns du joueur (Incl. Prolongations) (Charlie Woerner (ATL)),2145,72900,1743968732,ATL|dst:player:409882,4537933094,1+,1+,ATL|dst:player:409882,20.0,0,False
16551680,GB Packers	 vs. ATL Falcons,Charlie Woerner,Charlie Woerner (ATL),Total de Touchdowns du joueur (Incl. Prolongations) (Charlie Woerner (ATL)),2145,72900,1743968732,ATL|dst:player:409882,4537933095,2+,2+,ATL|dst:player:409882,101.0,0,False
16551680,GB Packers	 vs. ATL Falcons,Chris Blair,Chris Blair (ATL),Total de Touchdowns du joueur (Incl. Prolongations) (Chris Blair (ATL)),2145,72900,1743968731,ATL|dst:player:378381,4537933091,1+,1+,ATL|dst:player:378381,26.0,0,False
16551680,GB Packers	 vs. ATL Falcons,Chris Blair,Chris Blair (ATL),Total de Touchdowns du joueur (Incl. Prolongations) (Chris Blair (ATL)),2145,72900,1743968731,ATL|dst:player:378381,4537933092,2+,2+,ATL|dst:player:378381,151.0,0,False
16551680,GB Packers	 vs. ATL Falcons,Chris Blair,Chris Blair (ATL),Total de Touchdowns du joueur (Incl. Prolongations) (Chris Blair (ATL)),2145,72900,1743968731,ATL|dst:player:378381,4537933093,3+,3+,ATL|dst:player:378381,251.0,0,False
16551680,GB Packers	 vs. ATL Falcons,Nick Muse,Nick Muse (ATL),Total de Touchdowns du joueur (Incl. Prolongations) (Nick Muse (ATL)),2145,72900,1743969150,ATL|dst:player:562345,4537934032,2+,2+,ATL|dst:player:562345,151.0,0,False
16551680,GB Packers	 vs. ATL Falcons,Nick Muse,Nick Muse (ATL),Total de Touchdowns du joueur (Incl. Prolongations) (Nick Muse (ATL)),2145,72900,1743969150,ATL|dst:player:562345,4537934033,3+,3+,ATL|dst:player:562345,251.0,0,False
16551680,GB Packers	 vs. ATL Falcons,Nick Muse,Nick Muse (ATL),Total de Touchdowns du joueur (Incl. Prolongations) (Nick Muse (ATL)),2145,72900,1743969150,ATL|dst:player:562345,4537934031,1+,1+,ATL|dst:player:562345,36.0,0,False
16551680,GB Packers	 vs. ATL Falcons,Jordan Love,Jordan Love (GB),Joueur total de TDs par la passe (Jordan Love (GB) (prolongations incluses),2138,72893,1743968627,GB|dst:player:242729,4537932738,2+,2+,GB|dst:player:242729,1.7143,0,False
16551680,GB Packers	 vs. ATL Falcons,Jordan Love,Jordan Love (GB),Joueur total de TDs par la passe (Jordan Love (GB) (prolongations incluses),2138,72893,1743968627,GB|dst:player:242729,4537932739,3+,3+,GB|dst:player:242729,3.0,0,False
16551680,GB Packers	 vs. ATL Falcons,Jordan Love,Jordan Love (GB),Joueur total de TDs par la passe (Jordan Love (GB) (prolongations incluses),2138,72893,1743968627,GB|dst:player:242729,4537932740,4+,4+,GB|dst:player:242729,6.5,0,False
16551680,GB Packers	 vs. ATL Falcons,Jordan Love,Jordan Love (GB),Joueur total de TDs par la passe (Jordan Love (GB) (prolongations incluses),2138,72893,1743968627,GB|dst:player:242729,4537932741,1+,1+,GB|dst:player:242729,1.1,0,False
16551680,GB Packers	 vs. ATL Falcons,Michael Penix Jr.,Michael Penix Jr. (ATL),Joueur total de TDs par la passe (Michael Penix Jr. (ATL) (prolongations incluses),2138,72893,1743968736,ATL|dst:player:431610,4537933120,2+,2+,ATL|dst:player:431610,2.4,0,False
16551680,GB Packers	 vs. ATL Falcons,Michael Penix Jr.,Michael Penix Jr. (ATL),Joueur total de TDs par la passe (Michael Penix Jr. (ATL) (prolongations incluses),2138,72893,1743968736,ATL|dst:player:431610,4537933121,3+,3+,ATL|dst:player:431610,5.25,0,False
16551680,GB Packers	 vs. ATL Falcons,Michael Penix Jr.,Michael Penix Jr. (ATL),Joueur total de TDs par la passe (Michael Penix Jr. (ATL) (prolongations incluses),2138,72893,1743968736,ATL|dst:player:431610,4537933122,4+,4+,ATL|dst:player:431610,16.0,0,False
16551680,GB Packers	 vs. ATL Falcons,Michael Penix Jr.,Michael Penix Jr. (ATL),Joueur total de TDs par la passe (Michael Penix Jr. (ATL) (prolongations incluses),2138,72893,1743968736,ATL|dst:player:431610,4537933119,1+,1+,ATL|dst:player:431610,1.3637,0,False
16551680,GB Packers	 vs. ATL Falcons,Jahan Dotson,Jahan Dotson (ATL),Joueur total de yards sur réception (Jahan Dotson (ATL)) (prolongations incluses),2143,72898,1743969144,ATL|dst:player:540729,4538418240,70+,70+,ATL|dst:player:540729,10.0,0,False
16551680,GB Packers	 vs. ATL Falcons,Jahan Dotson,Jahan Dotson (ATL),Joueur total de yards sur réception (Jahan Dotson (ATL)) (prolongations incluses),2143,72898,1743969144,ATL|dst:player:540729,4538418241,80+,80+,ATL|dst:player:540729,16.0,0,False
16551680,GB Packers	 vs. ATL Falcons,Jahan Dotson,Jahan Dotson (ATL),Joueur total de yards sur réception (Jahan Dotson (ATL)) (prolongations incluses),2143,72898,1743969144,ATL|dst:player:540729,4538418242,90+,90+,ATL|dst:player:540729,26.0,0,False
16551680,GB Packers	 vs. ATL Falcons,Jahan Dotson,Jahan Dotson (ATL),Joueur total de yards sur réception (Jahan Dotson (ATL)) (prolongations incluses),2143,72898,1743969144,ATL|dst:player:540729,4538418243,100+,100+,ATL|dst:player:540729,51.0,0,False
16551680,GB Packers	 vs. ATL Falcons,Jahan Dotson,Jahan Dotson (ATL),Joueur total de yards sur réception (Jahan Dotson (ATL)) (prolongations incluses),2143,72898,1743969144,ATL|dst:player:540729,4538418244,10+,10+,ATL|dst:player:540729,1.3077,0,False
16551680,GB Packers	 vs. ATL Falcons,Jahan Dotson,Jahan Dotson (ATL),Joueur total de yards sur réception (Jahan Dotson (ATL)) (prolongations incluses),2143,72898,1743969144,ATL|dst:player:540729,4538418235,20+,20+,ATL|dst:player:540729,1.8696,0,False
16551680,GB Packers	 vs. ATL Falcons,Jahan Dotson,Jahan Dotson (ATL),Joueur total de yards sur réception (Jahan Dotson (ATL)) (prolongations incluses),2143,72898,1743969144,ATL|dst:player:540729,4538418236,30+,30+,ATL|dst:player:540729,2.35,0,False
16551680,GB Packers	 vs. ATL Falcons,Jahan Dotson,Jahan Dotson (ATL),Joueur total de yards sur réception (Jahan Dotson (ATL)) (prolongations incluses),2143,72898,1743969144,ATL|dst:player:540729,4538418237,40+,40+,ATL|dst:player:540729,3.1,0,False
16551680,GB Packers	 vs. ATL Falcons,Jahan Dotson,Jahan Dotson (ATL),Joueur total de yards sur réception (Jahan Dotson (ATL)) (prolongations incluses),2143,72898,1743969144,ATL|dst:player:540729,4538418238,50+,50+,ATL|dst:player:540729,4.4,0,False
16551680,GB Packers	 vs. ATL Falcons,Jahan Dotson,Jahan Dotson (ATL),Joueur total de yards sur réception (Jahan Dotson (ATL)) (prolongations incluses),2143,72898,1743969144,ATL|dst:player:540729,4538418239,60+,60+,ATL|dst:player:540729,6.25,0,False
16551680,GB Packers	 vs. ATL Falcons,Bijan Robinson,Bijan Robinson (ATL),Joueur total de yards sur réception (Bijan Robinson (ATL)) (prolongations incluses),2143,72898,1743968726,ATL|dst:player:374313,4538032544,61+,61+,ATL|dst:player:374313,2.65,0,False
16551680,GB Packers	 vs. ATL Falcons,Bijan Robinson,Bijan Robinson (ATL),Joueur total de yards sur réception (Bijan Robinson (ATL)) (prolongations incluses),2143,72898,1743968726,ATL|dst:player:374313,4538032545,71+,71+,ATL|dst:player:374313,3.3,0,False
16551680,GB Packers	 vs. ATL Falcons,Bijan Robinson,Bijan Robinson (ATL),Joueur total de yards sur réception (Bijan Robinson (ATL)) (prolongations incluses),2143,72898,1743968726,ATL|dst:player:374313,4538032546,81+,81+,ATL|dst:player:374313,4.25,0,False
16551680,GB Packers	 vs. ATL Falcons,Bijan Robinson,Bijan Robinson (ATL),Joueur total de yards sur réception (Bijan Robinson (ATL)) (prolongations incluses),2143,72898,1743968726,ATL|dst:player:374313,4538032547,91+,91+,ATL|dst:player:374313,5.5,0,False
16551680,GB Packers	 vs. ATL Falcons,Bijan Robinson,Bijan Robinson (ATL),Joueur total de yards sur réception (Bijan Robinson (ATL)) (prolongations incluses),2143,72898,1743968726,ATL|dst:player:374313,4538032548,101+,101+,ATL|dst:player:374313,7.25,0,False
16551680,GB Packers	 vs. ATL Falcons,Bijan Robinson,Bijan Robinson (ATL),Joueur total de yards sur réception (Bijan Robinson (ATL)) (prolongations incluses),2143,72898,1743968726,ATL|dst:player:374313,4538032549,111+,111+,ATL|dst:player:374313,10.0,0,False
16551680,GB Packers	 vs. ATL Falcons,Bijan Robinson,Bijan Robinson (ATL),Joueur total de yards sur réception (Bijan Robinson (ATL)) (prolongations incluses),2143,72898,1743968726,ATL|dst:player:374313,4538032550,121+,121+,ATL|dst:player:374313,15.0,0,False
16551680,GB Packers	 vs. ATL Falcons,Bijan Robinson,Bijan Robinson (ATL),Joueur total de yards sur réception (Bijan Robinson (ATL)) (prolongations incluses),2143,72898,1743968726,ATL|dst:player:374313,4538032551,31+,31+,ATL|dst:player:374313,1.4445,0,False
16551680,GB Packers	 vs. ATL Falcons,Bijan Robinson,Bijan Robinson (ATL),Joueur total de yards sur réception (Bijan Robinson (ATL)) (prolongations incluses),2143,72898,1743968726,ATL|dst:player:374313,4538032542,41+,41+,ATL|dst:player:374313,1.8696,0,False
16551680,GB Packers	 vs. ATL Falcons,Bijan Robinson,Bijan Robinson (ATL),Joueur total de yards sur réception (Bijan Robinson (ATL)) (prolongations incluses),2143,72898,1743968726,ATL|dst:player:374313,4538032543,51+,51+,ATL|dst:player:374313,2.2,0,False
16551680,GB Packers	 vs. ATL Falcons,Kyle Pitts,Kyle Pitts (ATL),Joueur total de yards sur réception (Kyle Pitts (ATL)) (prolongations incluses),2143,72898,1743968636,ATL|dst:player:265344,4538418225,33+,33+,ATL|dst:player:265344,1.8334,0,False
16551680,GB Packers	 vs. ATL Falcons,Kyle Pitts,Kyle Pitts (ATL),Joueur total de yards sur réception (Kyle Pitts (ATL)) (prolongations incluses),2143,72898,1743968636,ATL|dst:player:265344,4538418226,43+,43+,ATL|dst:player:265344,2.15,0,False
16551680,GB Packers	 vs. ATL Falcons,Kyle Pitts,Kyle Pitts (ATL),Joueur total de yards sur réception (Kyle Pitts (ATL)) (prolongations incluses),2143,72898,1743968636,ATL|dst:player:265344,4538418227,53+,53+,ATL|dst:player:265344,2.5,0,False
16551680,GB Packers	 vs. ATL Falcons,Kyle Pitts,Kyle Pitts (ATL),Joueur total de yards sur réception (Kyle Pitts (ATL)) (prolongations incluses),2143,72898,1743968636,ATL|dst:player:265344,4538418228,63+,63+,ATL|dst:player:265344,3.0,0,False
16551680,GB Packers	 vs. ATL Falcons,Kyle Pitts,Kyle Pitts (ATL),Joueur total de yards sur réception (Kyle Pitts (ATL)) (prolongations incluses),2143,72898,1743968636,ATL|dst:player:265344,4538418229,73+,73+,ATL|dst:player:265344,3.75,0,False
16551680,GB Packers	 vs. ATL Falcons,Kyle Pitts,Kyle Pitts (ATL),Joueur total de yards sur réception (Kyle Pitts (ATL)) (prolongations incluses),2143,72898,1743968636,ATL|dst:player:265344,4538418230,83+,83+,ATL|dst:player:265344,4.5,0,False
16551680,GB Packers	 vs. ATL Falcons,Kyle Pitts,Kyle Pitts (ATL),Joueur total de yards sur réception (Kyle Pitts (ATL)) (prolongations incluses),2143,72898,1743968636,ATL|dst:player:265344,4538418231,93+,93+,ATL|dst:player:265344,5.75,0,False
16551680,GB Packers	 vs. ATL Falcons,Kyle Pitts,Kyle Pitts (ATL),Joueur total de yards sur réception (Kyle Pitts (ATL)) (prolongations incluses),2143,72898,1743968636,ATL|dst:player:265344,4538418232,103+,103+,ATL|dst:player:265344,7.5,0,False
16551680,GB Packers	 vs. ATL Falcons,Kyle Pitts,Kyle Pitts (ATL),Joueur total de yards sur réception (Kyle Pitts (ATL)) (prolongations incluses),2143,72898,1743968636,ATL|dst:player:265344,4538418233,113+,113+,ATL|dst:player:265344,10.0,0,False
16551680,GB Packers	 vs. ATL Falcons,Kyle Pitts,Kyle Pitts (ATL),Joueur total de yards sur réception (Kyle Pitts (ATL)) (prolongations incluses),2143,72898,1743968636,ATL|dst:player:265344,4538418234,23+,23+,ATL|dst:player:265344,1.4546,0,False
16551680,GB Packers	 vs. ATL Falcons,Matthew Golden,Matthew Golden (GB),Joueur total de yards sur réception (Matthew Golden (GB)) (prolongations incluses),2143,72898,1743969140,GB|dst:player:485360,4537998977,53+,53+,GB|dst:player:485360,1.8696,0,False
16551680,GB Packers	 vs. ATL Falcons,Matthew Golden,Matthew Golden (GB),Joueur total de yards sur réception (Matthew Golden (GB)) (prolongations incluses),2143,72898,1743969140,GB|dst:player:485360,4537998978,63+,63+,GB|dst:player:485360,2.25,0,False
16551680,GB Packers	 vs. ATL Falcons,Matthew Golden,Matthew Golden (GB),Joueur total de yards sur réception (Matthew Golden (GB)) (prolongations incluses),2143,72898,1743969140,GB|dst:player:485360,4537998979,73+,73+,GB|dst:player:485360,2.75,0,False
16551680,GB Packers	 vs. ATL Falcons,Matthew Golden,Matthew Golden (GB),Joueur total de yards sur réception (Matthew Golden (GB)) (prolongations incluses),2143,72898,1743969140,GB|dst:player:485360,4537998980,83+,83+,GB|dst:player:485360,3.4,0,False
16551680,GB Packers	 vs. ATL Falcons,Matthew Golden,Matthew Golden (GB),Joueur total de yards sur réception (Matthew Golden (GB)) (prolongations incluses),2143,72898,1743969140,GB|dst:player:485360,4537998981,93+,93+,GB|dst:player:485360,4.4,0,False
16551680,GB Packers	 vs. ATL Falcons,Matthew Golden,Matthew Golden (GB),Joueur total de yards sur réception (Matthew Golden (GB)) (prolongations incluses),2143,72898,1743969140,GB|dst:player:485360,4537998982,103+,103+,GB|dst:player:485360,6.0,0,False
16551680,GB Packers	 vs. ATL Falcons,Matthew Golden,Matthew Golden (GB),Joueur total de yards sur réception (Matthew Golden (GB)) (prolongations incluses),2143,72898,1743969140,GB|dst:player:485360,4537998983,113+,113+,GB|dst:player:485360,8.0,0,False
16551680,GB Packers	 vs. ATL Falcons,Matthew Golden,Matthew Golden (GB),Joueur total de yards sur réception (Matthew Golden (GB)) (prolongations incluses),2143,72898,1743969140,GB|dst:player:485360,4537998984,123+,123+,GB|dst:player:485360,12.0,0,False
16551680,GB Packers	 vs. ATL Falcons,Matthew Golden,Matthew Golden (GB),Joueur total de yards sur réception (Matthew Golden (GB)) (prolongations incluses),2143,72898,1743969140,GB|dst:player:485360,4537998985,133+,133+,GB|dst:player:485360,17.0,0,False
16551680,GB Packers	 vs. ATL Falcons,Matthew Golden,Matthew Golden (GB),Joueur total de yards sur réception (Matthew Golden (GB)) (prolongations incluses),2143,72898,1743969140,GB|dst:player:485360,4537998986,43+,43+,GB|dst:player:485360,1.4546,0,False
16551680,GB Packers	 vs. ATL Falcons,Tucker Kraft,Tucker Kraft (GB),Joueur total de yards sur réception (Tucker Kraft (GB)) (prolongations incluses),2143,72898,1743968729,GB|dst:player:374781,4538714581,46+,46+,GB|dst:player:374781,1.8696,0,False
16551680,GB Packers	 vs. ATL Falcons,Tucker Kraft,Tucker Kraft (GB),Joueur total de yards sur réception (Tucker Kraft (GB)) (prolongations incluses),2143,72898,1743968729,GB|dst:player:374781,4538714582,56+,56+,GB|dst:player:374781,2.25,0,False
16551680,GB Packers	 vs. ATL Falcons,Tucker Kraft,Tucker Kraft (GB),Joueur total de yards sur réception (Tucker Kraft (GB)) (prolongations incluses),2143,72898,1743968729,GB|dst:player:374781,4538714583,66+,66+,GB|dst:player:374781,2.75,0,False
16551680,GB Packers	 vs. ATL Falcons,Tucker Kraft,Tucker Kraft (GB),Joueur total de yards sur réception (Tucker Kraft (GB)) (prolongations incluses),2143,72898,1743968729,GB|dst:player:374781,4538714584,76+,76+,GB|dst:player:374781,3.4,0,False
16551680,GB Packers	 vs. ATL Falcons,Tucker Kraft,Tucker Kraft (GB),Joueur total de yards sur réception (Tucker Kraft (GB)) (prolongations incluses),2143,72898,1743968729,GB|dst:player:374781,4538714585,86+,86+,GB|dst:player:374781,4.5,0,False
16551680,GB Packers	 vs. ATL Falcons,Tucker Kraft,Tucker Kraft (GB),Joueur total de yards sur réception (Tucker Kraft (GB)) (prolongations incluses),2143,72898,1743968729,GB|dst:player:374781,4538714586,96+,96+,GB|dst:player:374781,6.0,0,False
16551680,GB Packers	 vs. ATL Falcons,Tucker Kraft,Tucker Kraft (GB),Joueur total de yards sur réception (Tucker Kraft (GB)) (prolongations incluses),2143,72898,1743968729,GB|dst:player:374781,4538714587,106+,106+,GB|dst:player:374781,8.5,0,False
16551680,GB Packers	 vs. ATL Falcons,Tucker Kraft,Tucker Kraft (GB),Joueur total de yards sur réception (Tucker Kraft (GB)) (prolongations incluses),2143,72898,1743968729,GB|dst:player:374781,4538714588,116+,116+,GB|dst:player:374781,12.0,0,False
16551680,GB Packers	 vs. ATL Falcons,Tucker Kraft,Tucker Kraft (GB),Joueur total de yards sur réception (Tucker Kraft (GB)) (prolongations incluses),2143,72898,1743968729,GB|dst:player:374781,4538714589,126+,126+,GB|dst:player:374781,18.0,0,False
16551680,GB Packers	 vs. ATL Falcons,Tucker Kraft,Tucker Kraft (GB),Joueur total de yards sur réception (Tucker Kraft (GB)) (prolongations incluses),2143,72898,1743968729,GB|dst:player:374781,4538714590,36+,36+,GB|dst:player:374781,1.4762,0,False
16551680,GB Packers	 vs. ATL Falcons,Christian Watson,Christian Watson (GB),Joueur total de yards sur réception (Christian Watson (GB)) (prolongations incluses),2143,72898,1743968642,GB|dst:player:309126,4538787147,68+,68+,GB|dst:player:309126,1.8696,0,False
16551680,GB Packers	 vs. ATL Falcons,Christian Watson,Christian Watson (GB),Joueur total de yards sur réception (Christian Watson (GB)) (prolongations incluses),2143,72898,1743968642,GB|dst:player:309126,4538787148,78+,78+,GB|dst:player:309126,2.2,0,False
16551680,GB Packers	 vs. ATL Falcons,Christian Watson,Christian Watson (GB),Joueur total de yards sur réception (Christian Watson (GB)) (prolongations incluses),2143,72898,1743968642,GB|dst:player:309126,4538787149,88+,88+,GB|dst:player:309126,2.6,0,False
16551680,GB Packers	 vs. ATL Falcons,Christian Watson,Christian Watson (GB),Joueur total de yards sur réception (Christian Watson (GB)) (prolongations incluses),2143,72898,1743968642,GB|dst:player:309126,4538787150,98+,98+,GB|dst:player:309126,3.2,0,False
16551680,GB Packers	 vs. ATL Falcons,Christian Watson,Christian Watson (GB),Joueur total de yards sur réception (Christian Watson (GB)) (prolongations incluses),2143,72898,1743968642,GB|dst:player:309126,4538787151,108+,108+,GB|dst:player:309126,3.85,0,False
16551680,GB Packers	 vs. ATL Falcons,Christian Watson,Christian Watson (GB),Joueur total de yards sur réception (Christian Watson (GB)) (prolongations incluses),2143,72898,1743968642,GB|dst:player:309126,4538787152,118+,118+,GB|dst:player:309126,5.0,0,False
16551680,GB Packers	 vs. ATL Falcons,Christian Watson,Christian Watson (GB),Joueur total de yards sur réception (Christian Watson (GB)) (prolongations incluses),2143,72898,1743968642,GB|dst:player:309126,4538787153,128+,128+,GB|dst:player:309126,6.5,0,False
16551680,GB Packers	 vs. ATL Falcons,Christian Watson,Christian Watson (GB),Joueur total de yards sur réception (Christian Watson (GB)) (prolongations incluses),2143,72898,1743968642,GB|dst:player:309126,4538787154,138+,138+,GB|dst:player:309126,8.5,0,False
16551680,GB Packers	 vs. ATL Falcons,Christian Watson,Christian Watson (GB),Joueur total de yards sur réception (Christian Watson (GB)) (prolongations incluses),2143,72898,1743968642,GB|dst:player:309126,4538787155,148+,148+,GB|dst:player:309126,12.0,0,False
16551680,GB Packers	 vs. ATL Falcons,Christian Watson,Christian Watson (GB),Joueur total de yards sur réception (Christian Watson (GB)) (prolongations incluses),2143,72898,1743968642,GB|dst:player:309126,4538787156,58+,58+,GB|dst:player:309126,1.5,0,False
16551680,GB Packers	 vs. ATL Falcons,Drake London,Drake London (ATL),Joueur total de yards sur réception (Drake London (ATL)) (prolongations incluses),2143,72898,1743968637,ATL|dst:player:308922,4538057184,80+,80+,ATL|dst:player:308922,2.4,0,False
16551680,GB Packers	 vs. ATL Falcons,Drake London,Drake London (ATL),Joueur total de yards sur réception (Drake London (ATL)) (prolongations incluses),2143,72898,1743968637,ATL|dst:player:308922,4538057185,90+,90+,ATL|dst:player:308922,2.75,0,False
16551680,GB Packers	 vs. ATL Falcons,Drake London,Drake London (ATL),Joueur total de yards sur réception (Drake London (ATL)) (prolongations incluses),2143,72898,1743968637,ATL|dst:player:308922,4538057186,100+,100+,ATL|dst:player:308922,3.2,0,False
16551680,GB Packers	 vs. ATL Falcons,Drake London,Drake London (ATL),Joueur total de yards sur réception (Drake London (ATL)) (prolongations incluses),2143,72898,1743968637,ATL|dst:player:308922,4538057187,110+,110+,ATL|dst:player:308922,3.85,0,False
16551680,GB Packers	 vs. ATL Falcons,Drake London,Drake London (ATL),Joueur total de yards sur réception (Drake London (ATL)) (prolongations incluses),2143,72898,1743968637,ATL|dst:player:308922,4538057188,120+,120+,ATL|dst:player:308922,4.5,0,False
16551680,GB Packers	 vs. ATL Falcons,Drake London,Drake London (ATL),Joueur total de yards sur réception (Drake London (ATL)) (prolongations incluses),2143,72898,1743968637,ATL|dst:player:308922,4538057191,50+,50+,ATL|dst:player:308922,1.5556,0,False
16551680,GB Packers	 vs. ATL Falcons,Drake London,Drake London (ATL),Joueur total de yards sur réception (Drake London (ATL)) (prolongations incluses),2143,72898,1743968637,ATL|dst:player:308922,4538057182,60+,60+,ATL|dst:player:308922,1.8696,0,False
16551680,GB Packers	 vs. ATL Falcons,Drake London,Drake London (ATL),Joueur total de yards sur réception (Drake London (ATL)) (prolongations incluses),2143,72898,1743968637,ATL|dst:player:308922,4538057183,70+,70+,ATL|dst:player:308922,2.1,0,False
16551680,GB Packers	 vs. ATL Falcons,MarShawn Lloyd,MarShawn Lloyd (GB),Joueur total de yards sur réception (MarShawn Lloyd (GB)) (prolongations incluses),2143,72898,1743968734,GB|dst:player:430314,4537933108,16+,16+,GB|dst:player:430314,2.35,0,False
16551680,GB Packers	 vs. ATL Falcons,MarShawn Lloyd,MarShawn Lloyd (GB),Joueur total de yards sur réception (MarShawn Lloyd (GB)) (prolongations incluses),2143,72898,1743968734,GB|dst:player:430314,4537933109,26+,26+,GB|dst:player:430314,3.0,0,False
16551680,GB Packers	 vs. ATL Falcons,MarShawn Lloyd,MarShawn Lloyd (GB),Joueur total de yards sur réception (MarShawn Lloyd (GB)) (prolongations incluses),2143,72898,1743968734,GB|dst:player:430314,4537933110,36+,36+,GB|dst:player:430314,4.0,0,False
16551680,GB Packers	 vs. ATL Falcons,MarShawn Lloyd,MarShawn Lloyd (GB),Joueur total de yards sur réception (MarShawn Lloyd (GB)) (prolongations incluses),2143,72898,1743968734,GB|dst:player:430314,4537933111,46+,46+,GB|dst:player:430314,5.5,0,False
16551680,GB Packers	 vs. ATL Falcons,MarShawn Lloyd,MarShawn Lloyd (GB),Joueur total de yards sur réception (MarShawn Lloyd (GB)) (prolongations incluses),2143,72898,1743968734,GB|dst:player:430314,4537933112,56+,56+,GB|dst:player:430314,8.0,0,False
16551680,GB Packers	 vs. ATL Falcons,MarShawn Lloyd,MarShawn Lloyd (GB),Joueur total de yards sur réception (MarShawn Lloyd (GB)) (prolongations incluses),2143,72898,1743968734,GB|dst:player:430314,4537933113,66+,66+,GB|dst:player:430314,12.0,0,False
16551680,GB Packers	 vs. ATL Falcons,MarShawn Lloyd,MarShawn Lloyd (GB),Joueur total de yards sur réception (MarShawn Lloyd (GB)) (prolongations incluses),2143,72898,1743968734,GB|dst:player:430314,4537933114,76+,76+,GB|dst:player:430314,19.0,0,False
16551680,GB Packers	 vs. ATL Falcons,MarShawn Lloyd,MarShawn Lloyd (GB),Joueur total de yards sur réception (MarShawn Lloyd (GB)) (prolongations incluses),2143,72898,1743968734,GB|dst:player:430314,4537933115,86+,86+,GB|dst:player:430314,31.0,0,False
16551680,GB Packers	 vs. ATL Falcons,Chris Brooks,Chris Brooks (GB),Joueur total de yards sur réception (Chris Brooks (GB)) (prolongations incluses),2143,72898,1744194839,GB|dst:player:451649,4538781542,18+,18+,GB|dst:player:451649,2.35,0,False
16551680,GB Packers	 vs. ATL Falcons,Chris Brooks,Chris Brooks (GB),Joueur total de yards sur réception (Chris Brooks (GB)) (prolongations incluses),2143,72898,1744194839,GB|dst:player:451649,4538781543,28+,28+,GB|dst:player:451649,3.1,0,False
16551680,GB Packers	 vs. ATL Falcons,Chris Brooks,Chris Brooks (GB),Joueur total de yards sur réception (Chris Brooks (GB)) (prolongations incluses),2143,72898,1744194839,GB|dst:player:451649,4538781544,38+,38+,GB|dst:player:451649,4.25,0,False
16551680,GB Packers	 vs. ATL Falcons,Chris Brooks,Chris Brooks (GB),Joueur total de yards sur réception (Chris Brooks (GB)) (prolongations incluses),2143,72898,1744194839,GB|dst:player:451649,4538781545,48+,48+,GB|dst:player:451649,6.0,0,False
16551680,GB Packers	 vs. ATL Falcons,Chris Brooks,Chris Brooks (GB),Joueur total de yards sur réception (Chris Brooks (GB)) (prolongations incluses),2143,72898,1744194839,GB|dst:player:451649,4538781546,58+,58+,GB|dst:player:451649,9.0,0,False
16551680,GB Packers	 vs. ATL Falcons,Chris Brooks,Chris Brooks (GB),Joueur total de yards sur réception (Chris Brooks (GB)) (prolongations incluses),2143,72898,1744194839,GB|dst:player:451649,4538781547,68+,68+,GB|dst:player:451649,15.0,0,False
16551680,GB Packers	 vs. ATL Falcons,Chris Brooks,Chris Brooks (GB),Joueur total de yards sur réception (Chris Brooks (GB)) (prolongations incluses),2143,72898,1744194839,GB|dst:player:451649,4538781548,78+,78+,GB|dst:player:451649,26.0,0,False
16551680,GB Packers	 vs. ATL Falcons,Chris Brooks,Chris Brooks (GB),Joueur total de yards sur réception (Chris Brooks (GB)) (prolongations incluses),2143,72898,1744194839,GB|dst:player:451649,4538781549,88+,88+,GB|dst:player:451649,41.0,0,False
16551680,GB Packers	 vs. ATL Falcons,Brian Robinson Jr.,Brian Robinson Jr. (ATL),Joueur total de yards par la course (Brian Robinson Jr. (ATL)) (prolongations incluses),2140,72895,1743969147,ATL|dst:player:541876,4538058407,23+,23+,ATL|dst:player:541876,1.8696,0,False
16551680,GB Packers	 vs. ATL Falcons,Brian Robinson Jr.,Brian Robinson Jr. (ATL),Joueur total de yards par la course (Brian Robinson Jr. (ATL)) (prolongations incluses),2140,72895,1743969147,ATL|dst:player:541876,4538058408,33+,33+,ATL|dst:player:541876,2.45,0,False
16551680,GB Packers	 vs. ATL Falcons,Brian Robinson Jr.,Brian Robinson Jr. (ATL),Joueur total de yards par la course (Brian Robinson Jr. (ATL)) (prolongations incluses),2140,72895,1743969147,ATL|dst:player:541876,4538058409,43+,43+,ATL|dst:player:541876,3.4,0,False
16551680,GB Packers	 vs. ATL Falcons,Brian Robinson Jr.,Brian Robinson Jr. (ATL),Joueur total de yards par la course (Brian Robinson Jr. (ATL)) (prolongations incluses),2140,72895,1743969147,ATL|dst:player:541876,4538058410,53+,53+,ATL|dst:player:541876,5.0,0,False
16551680,GB Packers	 vs. ATL Falcons,Brian Robinson Jr.,Brian Robinson Jr. (ATL),Joueur total de yards par la course (Brian Robinson Jr. (ATL)) (prolongations incluses),2140,72895,1743969147,ATL|dst:player:541876,4538058411,63+,63+,ATL|dst:player:541876,7.75,0,False
16551680,GB Packers	 vs. ATL Falcons,Brian Robinson Jr.,Brian Robinson Jr. (ATL),Joueur total de yards par la course (Brian Robinson Jr. (ATL)) (prolongations incluses),2140,72895,1743969147,ATL|dst:player:541876,4538058412,73+,73+,ATL|dst:player:541876,13.0,0,False
16551680,GB Packers	 vs. ATL Falcons,Brian Robinson Jr.,Brian Robinson Jr. (ATL),Joueur total de yards par la course (Brian Robinson Jr. (ATL)) (prolongations incluses),2140,72895,1743969147,ATL|dst:player:541876,4538058413,83+,83+,ATL|dst:player:541876,21.0,0,False
16551680,GB Packers	 vs. ATL Falcons,Brian Robinson Jr.,Brian Robinson Jr. (ATL),Joueur total de yards par la course (Brian Robinson Jr. (ATL)) (prolongations incluses),2140,72895,1743969147,ATL|dst:player:541876,4538058414,93+,93+,ATL|dst:player:541876,41.0,0,False
16551680,GB Packers	 vs. ATL Falcons,Brian Robinson Jr.,Brian Robinson Jr. (ATL),Joueur total de yards par la course (Brian Robinson Jr. (ATL)) (prolongations incluses),2140,72895,1743969147,ATL|dst:player:541876,4538058415,13+,13+,ATL|dst:player:541876,1.3334,0,False
16551680,GB Packers	 vs. ATL Falcons,Bijan Robinson,Bijan Robinson (ATL),Joueur total de yards par la course (Bijan Robinson (ATL)) (prolongations incluses),2140,72895,1743968723,ATL|dst:player:374313,4538124998,81+,81+,ATL|dst:player:374313,1.8696,0,False
16551680,GB Packers	 vs. ATL Falcons,Bijan Robinson,Bijan Robinson (ATL),Joueur total de yards par la course (Bijan Robinson (ATL)) (prolongations incluses),2140,72895,1743968723,ATL|dst:player:374313,4538124999,91+,91+,ATL|dst:player:374313,2.15,0,False
16551680,GB Packers	 vs. ATL Falcons,Bijan Robinson,Bijan Robinson (ATL),Joueur total de yards par la course (Bijan Robinson (ATL)) (prolongations incluses),2140,72895,1743968723,ATL|dst:player:374313,4538125000,101+,101+,ATL|dst:player:374313,2.55,0,False
16551680,GB Packers	 vs. ATL Falcons,Bijan Robinson,Bijan Robinson (ATL),Joueur total de yards par la course (Bijan Robinson (ATL)) (prolongations incluses),2140,72895,1743968723,ATL|dst:player:374313,4538125001,111+,111+,ATL|dst:player:374313,3.1,0,False
16551680,GB Packers	 vs. ATL Falcons,Bijan Robinson,Bijan Robinson (ATL),Joueur total de yards par la course (Bijan Robinson (ATL)) (prolongations incluses),2140,72895,1743968723,ATL|dst:player:374313,4538125002,121+,121+,ATL|dst:player:374313,3.85,0,False
16551680,GB Packers	 vs. ATL Falcons,Bijan Robinson,Bijan Robinson (ATL),Joueur total de yards par la course (Bijan Robinson (ATL)) (prolongations incluses),2140,72895,1743968723,ATL|dst:player:374313,4538125003,131+,131+,ATL|dst:player:374313,4.75,0,False
16551680,GB Packers	 vs. ATL Falcons,Bijan Robinson,Bijan Robinson (ATL),Joueur total de yards par la course (Bijan Robinson (ATL)) (prolongations incluses),2140,72895,1743968723,ATL|dst:player:374313,4538125004,141+,141+,ATL|dst:player:374313,6.0,0,False
16551680,GB Packers	 vs. ATL Falcons,Bijan Robinson,Bijan Robinson (ATL),Joueur total de yards par la course (Bijan Robinson (ATL)) (prolongations incluses),2140,72895,1743968723,ATL|dst:player:374313,4538125005,151+,151+,ATL|dst:player:374313,8.0,0,False
16551680,GB Packers	 vs. ATL Falcons,Bijan Robinson,Bijan Robinson (ATL),Joueur total de yards par la course (Bijan Robinson (ATL)) (prolongations incluses),2140,72895,1743968723,ATL|dst:player:374313,4538125006,161+,161+,ATL|dst:player:374313,11.0,0,False
16551680,GB Packers	 vs. ATL Falcons,Bijan Robinson,Bijan Robinson (ATL),Joueur total de yards par la course (Bijan Robinson (ATL)) (prolongations incluses),2140,72895,1743968723,ATL|dst:player:374313,4538125007,71+,71+,ATL|dst:player:374313,1.5715,0,False
16551680,GB Packers	 vs. ATL Falcons,Bijan Robinson,Bijan Robinson (ATL),Joueur total de yards par la course (Bijan Robinson (ATL)) (prolongations incluses),2140,72895,1743968723,ATL|dst:player:374313,4538125008,61+,61+,ATL|dst:player:374313,1.3572,0,False
16551680,GB Packers	 vs. ATL Falcons,MarShawn Lloyd,MarShawn Lloyd (GB),Joueur total de yards par la course (MarShawn Lloyd (GB)) (prolongations incluses),2140,72895,1743968733,GB|dst:player:430314,4538435916,29+,29+,GB|dst:player:430314,1.9091,0,False
16551680,GB Packers	 vs. ATL Falcons,MarShawn Lloyd,MarShawn Lloyd (GB),Joueur total de yards par la course (MarShawn Lloyd (GB)) (prolongations incluses),2140,72895,1743968733,GB|dst:player:430314,4538435917,39+,39+,GB|dst:player:430314,2.25,0,False
16551680,GB Packers	 vs. ATL Falcons,MarShawn Lloyd,MarShawn Lloyd (GB),Joueur total de yards par la course (MarShawn Lloyd (GB)) (prolongations incluses),2140,72895,1743968733,GB|dst:player:430314,4538435918,49+,49+,GB|dst:player:430314,2.8,0,False
16551680,GB Packers	 vs. ATL Falcons,MarShawn Lloyd,MarShawn Lloyd (GB),Joueur total de yards par la course (MarShawn Lloyd (GB)) (prolongations incluses),2140,72895,1743968733,GB|dst:player:430314,4538435919,59+,59+,GB|dst:player:430314,3.6,0,False
16551680,GB Packers	 vs. ATL Falcons,MarShawn Lloyd,MarShawn Lloyd (GB),Joueur total de yards par la course (MarShawn Lloyd (GB)) (prolongations incluses),2140,72895,1743968733,GB|dst:player:430314,4538435920,69+,69+,GB|dst:player:430314,4.75,0,False
16551680,GB Packers	 vs. ATL Falcons,MarShawn Lloyd,MarShawn Lloyd (GB),Joueur total de yards par la course (MarShawn Lloyd (GB)) (prolongations incluses),2140,72895,1743968733,GB|dst:player:430314,4538435921,79+,79+,GB|dst:player:430314,6.5,0,False
16551680,GB Packers	 vs. ATL Falcons,MarShawn Lloyd,MarShawn Lloyd (GB),Joueur total de yards par la course (MarShawn Lloyd (GB)) (prolongations incluses),2140,72895,1743968733,GB|dst:player:430314,4538435922,89+,89+,GB|dst:player:430314,9.0,0,False
16551680,GB Packers	 vs. ATL Falcons,MarShawn Lloyd,MarShawn Lloyd (GB),Joueur total de yards par la course (MarShawn Lloyd (GB)) (prolongations incluses),2140,72895,1743968733,GB|dst:player:430314,4538435923,99+,99+,GB|dst:player:430314,14.0,0,False
16551680,GB Packers	 vs. ATL Falcons,MarShawn Lloyd,MarShawn Lloyd (GB),Joueur total de yards par la course (MarShawn Lloyd (GB)) (prolongations incluses),2140,72895,1743968733,GB|dst:player:430314,4538435924,109+,109+,GB|dst:player:430314,21.0,0,False
16551680,GB Packers	 vs. ATL Falcons,MarShawn Lloyd,MarShawn Lloyd (GB),Joueur total de yards par la course (MarShawn Lloyd (GB)) (prolongations incluses),2140,72895,1743968733,GB|dst:player:430314,4538435925,19+,19+,GB|dst:player:430314,1.4546,0,False
16551680,GB Packers	 vs. ATL Falcons,Chris Brooks,Chris Brooks (GB),Joueur total de yards par la course (Chris Brooks (GB)) (prolongations incluses),2140,72895,1744194838,GB|dst:player:451649,4538521675,17+,17+,GB|dst:player:451649,1.8696,0,False
16551680,GB Packers	 vs. ATL Falcons,Chris Brooks,Chris Brooks (GB),Joueur total de yards par la course (Chris Brooks (GB)) (prolongations incluses),2140,72895,1744194838,GB|dst:player:451649,4538521676,27+,27+,GB|dst:player:451649,2.7,0,False
16551680,GB Packers	 vs. ATL Falcons,Chris Brooks,Chris Brooks (GB),Joueur total de yards par la course (Chris Brooks (GB)) (prolongations incluses),2140,72895,1744194838,GB|dst:player:451649,4538521677,37+,37+,GB|dst:player:451649,4.4,0,False
16551680,GB Packers	 vs. ATL Falcons,Chris Brooks,Chris Brooks (GB),Joueur total de yards par la course (Chris Brooks (GB)) (prolongations incluses),2140,72895,1744194838,GB|dst:player:451649,4538521678,47+,47+,GB|dst:player:451649,8.0,0,False
16551680,GB Packers	 vs. ATL Falcons,Chris Brooks,Chris Brooks (GB),Joueur total de yards par la course (Chris Brooks (GB)) (prolongations incluses),2140,72895,1744194838,GB|dst:player:451649,4538521679,57+,57+,GB|dst:player:451649,17.0,0,False
16551680,GB Packers	 vs. ATL Falcons,Chris Brooks,Chris Brooks (GB),Joueur total de yards par la course (Chris Brooks (GB)) (prolongations incluses),2140,72895,1744194838,GB|dst:player:451649,4538521680,67+,67+,GB|dst:player:451649,41.0,0,False
16551680,GB Packers	 vs. ATL Falcons,Jordan Love,Jordan Love (GB),Joueur total de yards par la course (Jordan Love (GB)) (prolongations incluses),2140,72895,1743968629,GB|dst:player:242729,4537932752,39+,39+,GB|dst:player:242729,11.0,0,False
16551680,GB Packers	 vs. ATL Falcons,Jordan Love,Jordan Love (GB),Joueur total de yards par la course (Jordan Love (GB)) (prolongations incluses),2140,72895,1743968629,GB|dst:player:242729,4537932753,49+,49+,GB|dst:player:242729,26.0,0,False
16551680,GB Packers	 vs. ATL Falcons,Jordan Love,Jordan Love (GB),Joueur total de yards par la course (Jordan Love (GB)) (prolongations incluses),2140,72895,1743968629,GB|dst:player:242729,4537932750,19+,19+,GB|dst:player:242729,2.9,0,False
16551680,GB Packers	 vs. ATL Falcons,Jordan Love,Jordan Love (GB),Joueur total de yards par la course (Jordan Love (GB)) (prolongations incluses),2140,72895,1743968629,GB|dst:player:242729,4537932751,29+,29+,GB|dst:player:242729,5.25,0,False
16551680,GB Packers	 vs. ATL Falcons,Michael Penix Jr.,Michael Penix Jr. (ATL),Joueur total de yards par la course (Michael Penix Jr. (ATL)) (prolongations incluses),2140,72895,1744194840,ATL|dst:player:431610,4538521689,15+,15+,ATL|dst:player:431610,3.75,0,False
16551680,GB Packers	 vs. ATL Falcons,Michael Penix Jr.,Michael Penix Jr. (ATL),Joueur total de yards par la course (Michael Penix Jr. (ATL)) (prolongations incluses),2140,72895,1744194840,ATL|dst:player:431610,4538521690,25+,25+,ATL|dst:player:431610,10.0,0,False
16551680,GB Packers	 vs. ATL Falcons,Michael Penix Jr.,Michael Penix Jr. (ATL),Joueur total de yards par la course (Michael Penix Jr. (ATL)) (prolongations incluses),2140,72895,1744194840,ATL|dst:player:431610,4538521691,35+,35+,ATL|dst:player:431610,36.0,0,False
16551680,GB Packers	 vs. ATL Falcons,Jordan Love,Jordan Love (GB),Passes réussis du joueur (Incl. Prolongations) (Jordan Love (GB)),2137,72892,1743968628,GB|dst:player:242729,4538742483,19+,19+,GB|dst:player:242729,1.7408,0,False
16551680,GB Packers	 vs. ATL Falcons,Jordan Love,Jordan Love (GB),Passes réussis du joueur (Incl. Prolongations) (Jordan Love (GB)),2137,72892,1743968628,GB|dst:player:242729,4538742484,21+,21+,GB|dst:player:242729,2.25,0,False
16551680,GB Packers	 vs. ATL Falcons,Jordan Love,Jordan Love (GB),Passes réussis du joueur (Incl. Prolongations) (Jordan Love (GB)),2137,72892,1743968628,GB|dst:player:242729,4538742485,23+,23+,GB|dst:player:242729,3.0,0,False
16551680,GB Packers	 vs. ATL Falcons,Jordan Love,Jordan Love (GB),Passes réussis du joueur (Incl. Prolongations) (Jordan Love (GB)),2137,72892,1743968628,GB|dst:player:242729,4538742486,25+,25+,GB|dst:player:242729,4.4,0,False
16551680,GB Packers	 vs. ATL Falcons,Jordan Love,Jordan Love (GB),Passes réussis du joueur (Incl. Prolongations) (Jordan Love (GB)),2137,72892,1743968628,GB|dst:player:242729,4538742487,27+,27+,GB|dst:player:242729,6.75,0,False
16551680,GB Packers	 vs. ATL Falcons,Jordan Love,Jordan Love (GB),Passes réussis du joueur (Incl. Prolongations) (Jordan Love (GB)),2137,72892,1743968628,GB|dst:player:242729,4538742488,29+,29+,GB|dst:player:242729,11.0,0,False
16551680,GB Packers	 vs. ATL Falcons,Jordan Love,Jordan Love (GB),Passes réussis du joueur (Incl. Prolongations) (Jordan Love (GB)),2137,72892,1743968628,GB|dst:player:242729,4538742489,31+,31+,GB|dst:player:242729,19.0,0,False
16551680,GB Packers	 vs. ATL Falcons,Jordan Love,Jordan Love (GB),Passes réussis du joueur (Incl. Prolongations) (Jordan Love (GB)),2137,72892,1743968628,GB|dst:player:242729,4538742490,17+,17+,GB|dst:player:242729,1.3449,0,False
16551680,GB Packers	 vs. ATL Falcons,Michael Penix Jr.,Michael Penix Jr. (ATL),Passes réussis du joueur (Incl. Prolongations) (Michael Penix Jr. (ATL)),2137,72892,1743968875,ATL|dst:player:431610,4537933440,27+,27+,ATL|dst:player:431610,6.75,0,False
16551680,GB Packers	 vs. ATL Falcons,Michael Penix Jr.,Michael Penix Jr. (ATL),Passes réussis du joueur (Incl. Prolongations) (Michael Penix Jr. (ATL)),2137,72892,1743968875,ATL|dst:player:431610,4537933441,29+,29+,ATL|dst:player:431610,11.0,0,False
16551680,GB Packers	 vs. ATL Falcons,Michael Penix Jr.,Michael Penix Jr. (ATL),Passes réussis du joueur (Incl. Prolongations) (Michael Penix Jr. (ATL)),2137,72892,1743968875,ATL|dst:player:431610,4537933442,31+,31+,ATL|dst:player:431610,19.0,0,False
16551680,GB Packers	 vs. ATL Falcons,Michael Penix Jr.,Michael Penix Jr. (ATL),Passes réussis du joueur (Incl. Prolongations) (Michael Penix Jr. (ATL)),2137,72892,1743968875,ATL|dst:player:431610,4537933443,17+,17+,ATL|dst:player:431610,1.3847,0,False
16551680,GB Packers	 vs. ATL Falcons,Michael Penix Jr.,Michael Penix Jr. (ATL),Passes réussis du joueur (Incl. Prolongations) (Michael Penix Jr. (ATL)),2137,72892,1743968875,ATL|dst:player:431610,4537933436,19+,19+,ATL|dst:player:431610,1.8,0,False
16551680,GB Packers	 vs. ATL Falcons,Michael Penix Jr.,Michael Penix Jr. (ATL),Passes réussis du joueur (Incl. Prolongations) (Michael Penix Jr. (ATL)),2137,72892,1743968875,ATL|dst:player:431610,4537933437,21+,21+,ATL|dst:player:431610,2.3,0,False
16551680,GB Packers	 vs. ATL Falcons,Michael Penix Jr.,Michael Penix Jr. (ATL),Passes réussis du joueur (Incl. Prolongations) (Michael Penix Jr. (ATL)),2137,72892,1743968875,ATL|dst:player:431610,4537933438,23+,23+,ATL|dst:player:431610,3.1,0,False
16551680,GB Packers	 vs. ATL Falcons,Michael Penix Jr.,Michael Penix Jr. (ATL),Passes réussis du joueur (Incl. Prolongations) (Michael Penix Jr. (ATL)),2137,72892,1743968875,ATL|dst:player:431610,4537933439,25+,25+,ATL|dst:player:431610,4.5,0,False
16551680,GB Packers	 vs. ATL Falcons,Jordan Love,Jordan Love (GB),Total de yards à la passe du joueur Plus/Moins(Incl. Prolongations),759,71922,1743371558,235.5|sa:player:nfl-912137|GB,4535876036,Jordan Love (GB) Plus de 235.5,Jordan Love (GB) Plus de 235.5,235.5,1.8334,0,False
16551680,GB Packers	 vs. ATL Falcons,Jordan Love,Jordan Love (GB),Total de yards à la passe du joueur Plus/Moins(Incl. Prolongations),759,71922,1743371558,235.5|sa:player:nfl-912137|GB,4535876037,Jordan Love (GB) moins de 235.5,Jordan Love (GB) moins de 235.5,235.5,1.8,0,False
16551680,GB Packers	 vs. ATL Falcons,Michael Penix,Michael Penix (ATL),Total de yards à la passe du joueur Plus/Moins(Incl. Prolongations),759,71922,1743386598,202.5|sa:player:nfl-1107478|ATL,4535939795,Michael Penix (ATL) Plus de 202.5,Michael Penix (ATL) Plus de 202.5,202.5,1.8334,0,False
16551680,GB Packers	 vs. ATL Falcons,Michael Penix,Michael Penix (ATL),Total de yards à la passe du joueur Plus/Moins(Incl. Prolongations),759,71922,1743386598,202.5|sa:player:nfl-1107478|ATL,4535939796,Michael Penix (ATL) moins de 202.5,Michael Penix (ATL) moins de 202.5,202.5,1.8,0,False
16551680,GB Packers	 vs. ATL Falcons,Bijan Robinson,Bijan Robinson (ATL),Total de yards à la course du joueur Plus/Moins (Incl. Prolongations),764,71924,1744017330,78.5|sa:player:nfl-1228244|ATL,4538060184,Bijan Robinson (ATL) Plus de 78.5,Bijan Robinson (ATL) Plus de 78.5,78.5,1.8,0,False
16551680,GB Packers	 vs. ATL Falcons,Bijan Robinson,Bijan Robinson (ATL),Total de yards à la course du joueur Plus/Moins (Incl. Prolongations),764,71924,1744017330,78.5|sa:player:nfl-1228244|ATL,4538060185,Bijan Robinson (ATL) moins de 78.5,Bijan Robinson (ATL) moins de 78.5,78.5,1.8334,0,False
16551680,GB Packers	 vs. ATL Falcons,Kaleb Johnson,Kaleb Johnson (GB),Total de yards à la course du joueur Plus/Moins (Incl. Prolongations),764,71924,1743849219,34.5|sa:player:nfl-1381902|GB,4537628483,Kaleb Johnson (GB) Plus de 34.5,Kaleb Johnson (GB) Plus de 34.5,34.5,1.8696,0,False
16551680,GB Packers	 vs. ATL Falcons,Kaleb Johnson,Kaleb Johnson (GB),Total de yards à la course du joueur Plus/Moins (Incl. Prolongations),764,71924,1743849219,34.5|sa:player:nfl-1381902|GB,4537628484,Kaleb Johnson (GB) moins de 34.5,Kaleb Johnson (GB) moins de 34.5,34.5,1.7693,0,False
16551680,GB Packers	 vs. ATL Falcons,MarShawn Lloyd,MarShawn Lloyd (GB),Total de yards à la course du joueur Plus/Moins (Incl. Prolongations),764,71924,1744011267,33.5|sa:player:nfl-1213414|GB,4538044352,MarShawn Lloyd (GB) moins de 33.5,MarShawn Lloyd (GB) moins de 33.5,33.5,1.7693,0,False
16551680,GB Packers	 vs. ATL Falcons,MarShawn Lloyd,MarShawn Lloyd (GB),Total de yards à la course du joueur Plus/Moins (Incl. Prolongations),764,71924,1744011267,33.5|sa:player:nfl-1213414|GB,4538044351,MarShawn Lloyd (GB) Plus de 33.5,MarShawn Lloyd (GB) Plus de 33.5,33.5,1.8696,0,False
16551680,GB Packers	 vs. ATL Falcons,Brian Robinson,Brian Robinson (ATL),Total de yards à la course du joueur Plus/Moins (Incl. Prolongations),764,71924,1743725636,20.5|sa:player:nfl-973966|ATL,4537101216,Brian Robinson (ATL) Plus de 20.5,Brian Robinson (ATL) Plus de 20.5,20.5,1.8,0,False
16551680,GB Packers	 vs. ATL Falcons,Brian Robinson,Brian Robinson (ATL),Total de yards à la course du joueur Plus/Moins (Incl. Prolongations),764,71924,1743725636,20.5|sa:player:nfl-973966|ATL,4537101217,Brian Robinson (ATL) moins de 20.5,Brian Robinson (ATL) moins de 20.5,20.5,1.8334,0,False
16551680,GB Packers	 vs. ATL Falcons,Chris Brooks,Chris Brooks (GB),Total de yards à la course du joueur Plus/Moins (Incl. Prolongations),764,71924,1743385260,18.5|sa:player:nfl-1127065|GB,4535936446,Chris Brooks (GB) Plus de 18.5,Chris Brooks (GB) Plus de 18.5,18.5,1.7693,0,False
16551680,GB Packers	 vs. ATL Falcons,Chris Brooks,Chris Brooks (GB),Total de yards à la course du joueur Plus/Moins (Incl. Prolongations),764,71924,1743385260,18.5|sa:player:nfl-1127065|GB,4535936447,Chris Brooks (GB) moins de 18.5,Chris Brooks (GB) moins de 18.5,18.5,1.8696,0,False
16551680,GB Packers	 vs. ATL Falcons,Jordan Love,Jordan Love (GB),Total de yards à la course du joueur Plus/Moins (Incl. Prolongations),764,71924,1743385365,8.5|sa:player:nfl-912137|GB,4535936691,Jordan Love (GB) Plus de 8.5,Jordan Love (GB) Plus de 8.5,8.5,1.8,0,False
16551680,GB Packers	 vs. ATL Falcons,Jordan Love,Jordan Love (GB),Total de yards à la course du joueur Plus/Moins (Incl. Prolongations),764,71924,1743385365,8.5|sa:player:nfl-912137|GB,4535936692,Jordan Love (GB) moins de 8.5,Jordan Love (GB) moins de 8.5,8.5,1.8334,0,False
16551680,GB Packers	 vs. ATL Falcons,Michael Penix,Michael Penix (ATL),Total de yards à la course du joueur Plus/Moins (Incl. Prolongations),764,71924,1743409284,3.5|sa:player:nfl-1107478|ATL,4535996912,Michael Penix (ATL) Plus de 3.5,Michael Penix (ATL) Plus de 3.5,3.5,1.7693,0,False
16551680,GB Packers	 vs. ATL Falcons,Michael Penix,Michael Penix (ATL),Total de yards à la course du joueur Plus/Moins (Incl. Prolongations),764,71924,1743409284,3.5|sa:player:nfl-1107478|ATL,4535996913,Michael Penix (ATL) moins de 3.5,Michael Penix (ATL) moins de 3.5,3.5,1.8696,0,False
16551680,GB Packers	 vs. ATL Falcons,Tucker Kraft,Tucker Kraft (GB),Total de yards à la course du joueur Plus/Moins (Incl. Prolongations),764,71924,1743095330,0.5|sa:player:nfl-1181874|GB,4535058136,Tucker Kraft (GB) Plus de 0.5,Tucker Kraft (GB) Plus de 0.5,0.5,2.8,0,False
16551680,GB Packers	 vs. ATL Falcons,Tucker Kraft,Tucker Kraft (GB),Total de yards à la course du joueur Plus/Moins (Incl. Prolongations),764,71924,1743095330,0.5|sa:player:nfl-1181874|GB,4535058137,Tucker Kraft (GB) moins de 0.5,Tucker Kraft (GB) moins de 0.5,0.5,1.3449,0,False
16551680,GB Packers	 vs. ATL Falcons,Christian Watson,Christian Watson (GB),Total des yards après réception du joueur Plus/Moins(Incl. Prolongations),765,71925,1743408397,64.5|sa:player:nfl-1067918|GB,4535994843,Christian Watson (GB) Plus de 64.5,Christian Watson (GB) Plus de 64.5,64.5,1.8334,0,False
16551680,GB Packers	 vs. ATL Falcons,Christian Watson,Christian Watson (GB),Total des yards après réception du joueur Plus/Moins(Incl. Prolongations),765,71925,1743408397,64.5|sa:player:nfl-1067918|GB,4535994844,Christian Watson (GB) moins de 64.5,Christian Watson (GB) moins de 64.5,64.5,1.8,0,False
16551680,GB Packers	 vs. ATL Falcons,Drake London,Drake London (ATL),Total des yards après réception du joueur Plus/Moins(Incl. Prolongations),765,71925,1743095290,56.5|sa:player:nfl-1178741|ATL,4535058065,Drake London (ATL) Plus de 56.5,Drake London (ATL) Plus de 56.5,56.5,1.8334,0,False
16551680,GB Packers	 vs. ATL Falcons,Drake London,Drake London (ATL),Total des yards après réception du joueur Plus/Moins(Incl. Prolongations),765,71925,1743095290,56.5|sa:player:nfl-1178741|ATL,4535058066,Drake London (ATL) moins de 56.5,Drake London (ATL) moins de 56.5,56.5,1.8,0,False
16551680,GB Packers	 vs. ATL Falcons,Matthew Golden,Matthew Golden (GB),Total des yards après réception du joueur Plus/Moins(Incl. Prolongations),765,71925,1743706048,51.5|sa:player:nfl-1379267|GB,4536996986,Matthew Golden (GB) Plus de 51.5,Matthew Golden (GB) Plus de 51.5,51.5,1.8,0,False
16551680,GB Packers	 vs. ATL Falcons,Matthew Golden,Matthew Golden (GB),Total des yards après réception du joueur Plus/Moins(Incl. Prolongations),765,71925,1743706048,51.5|sa:player:nfl-1379267|GB,4536996987,Matthew Golden (GB) moins de 51.5,Matthew Golden (GB) moins de 51.5,51.5,1.8334,0,False
16551680,GB Packers	 vs. ATL Falcons,Tucker Kraft,Tucker Kraft (GB),Total des yards après réception du joueur Plus/Moins(Incl. Prolongations),765,71925,1743433974,42.5|sa:player:nfl-1181874|GB,4536071568,Tucker Kraft (GB) Plus de 42.5,Tucker Kraft (GB) Plus de 42.5,42.5,1.8,0,False
16551680,GB Packers	 vs. ATL Falcons,Tucker Kraft,Tucker Kraft (GB),Total des yards après réception du joueur Plus/Moins(Incl. Prolongations),765,71925,1743433974,42.5|sa:player:nfl-1181874|GB,4536071569,Tucker Kraft (GB) moins de 42.5,Tucker Kraft (GB) moins de 42.5,42.5,1.8334,0,False
16551680,GB Packers	 vs. ATL Falcons,Bijan Robinson,Bijan Robinson (ATL),Total des yards après réception du joueur Plus/Moins(Incl. Prolongations),765,71925,1744017502,39.5|sa:player:nfl-1228244|ATL,4538060749,Bijan Robinson (ATL) Plus de 39.5,Bijan Robinson (ATL) Plus de 39.5,39.5,1.8334,0,False
16551680,GB Packers	 vs. ATL Falcons,Bijan Robinson,Bijan Robinson (ATL),Total des yards après réception du joueur Plus/Moins(Incl. Prolongations),765,71925,1744017502,39.5|sa:player:nfl-1228244|ATL,4538060750,Bijan Robinson (ATL) moins de 39.5,Bijan Robinson (ATL) moins de 39.5,39.5,1.8,0,False
16551680,GB Packers	 vs. ATL Falcons,Kyle Pitts,Kyle Pitts (ATL),Total des yards après réception du joueur Plus/Moins(Incl. Prolongations),765,71925,1743406512,33.5|sa:player:nfl-1123026|ATL,4535990466,Kyle Pitts (ATL) Plus de 33.5,Kyle Pitts (ATL) Plus de 33.5,33.5,1.8334,0,False
16551680,GB Packers	 vs. ATL Falcons,Kyle Pitts,Kyle Pitts (ATL),Total des yards après réception du joueur Plus/Moins(Incl. Prolongations),765,71925,1743406512,33.5|sa:player:nfl-1123026|ATL,4535990467,Kyle Pitts (ATL) moins de 33.5,Kyle Pitts (ATL) moins de 33.5,33.5,1.8,0,False
16551680,GB Packers	 vs. ATL Falcons,Jahan Dotson,Jahan Dotson (ATL),Total des yards après réception du joueur Plus/Moins(Incl. Prolongations),765,71925,1743486788,16.5|sa:player:nfl-1121878|ATL,4536217014,Jahan Dotson (ATL) Plus de 16.5,Jahan Dotson (ATL) Plus de 16.5,16.5,1.8696,0,False
16551680,GB Packers	 vs. ATL Falcons,Jahan Dotson,Jahan Dotson (ATL),Total des yards après réception du joueur Plus/Moins(Incl. Prolongations),765,71925,1743486788,16.5|sa:player:nfl-1121878|ATL,4536217015,Jahan Dotson (ATL) moins de 16.5,Jahan Dotson (ATL) moins de 16.5,16.5,1.7693,0,False
16551680,GB Packers	 vs. ATL Falcons,Chris Brooks,Chris Brooks (GB),Total des yards après réception du joueur Plus/Moins(Incl. Prolongations),765,71925,1743371453,6.5|sa:player:nfl-1127065|GB,4535875790,Chris Brooks (GB) Plus de 6.5,Chris Brooks (GB) Plus de 6.5,6.5,1.8696,0,False
16551680,GB Packers	 vs. ATL Falcons,Chris Brooks,Chris Brooks (GB),Total des yards après réception du joueur Plus/Moins(Incl. Prolongations),765,71925,1743371453,6.5|sa:player:nfl-1127065|GB,4535875791,Chris Brooks (GB) moins de 6.5,Chris Brooks (GB) moins de 6.5,6.5,1.7693,0,False
16551680,GB Packers	 vs. ATL Falcons,MarShawn Lloyd,MarShawn Lloyd (GB),Total des yards après réception du joueur Plus/Moins(Incl. Prolongations),765,71925,1743386453,5.5|sa:player:nfl-1213414|GB,4535939448,MarShawn Lloyd (GB) moins de 5.5,MarShawn Lloyd (GB) moins de 5.5,5.5,1.7693,0,False
16551680,GB Packers	 vs. ATL Falcons,MarShawn Lloyd,MarShawn Lloyd (GB),Total des yards après réception du joueur Plus/Moins(Incl. Prolongations),765,71925,1743386453,5.5|sa:player:nfl-1213414|GB,4535939447,MarShawn Lloyd (GB) Plus de 5.5,MarShawn Lloyd (GB) Plus de 5.5,5.5,1.8696,0,False
16551680,GB Packers	 vs. ATL Falcons,Brian Robinson,Brian Robinson (ATL),Total des yards après réception du joueur Plus/Moins(Incl. Prolongations),765,71925,1743094818,0.5|sa:player:nfl-973966|ATL,4535057246,Brian Robinson (ATL) Plus de 0.5,Brian Robinson (ATL) Plus de 0.5,0.5,2.0,0,False
16551680,GB Packers	 vs. ATL Falcons,Brian Robinson,Brian Robinson (ATL),Total des yards après réception du joueur Plus/Moins(Incl. Prolongations),765,71925,1743094818,0.5|sa:player:nfl-973966|ATL,4535057247,Brian Robinson (ATL) moins de 0.5,Brian Robinson (ATL) moins de 0.5,0.5,1.6667,0,False
16551680,GB Packers	 vs. ATL Falcons,Bijan Robinson,Bijan Robinson,Yards de course et de réception du joueur Plus/Moins (prolongations incluses),3317,73841,1744044325,123.5|sa:player:nfl-1228244|ATL,4538137040,Bijan Robinson (ATL) moins de 123.5,Bijan Robinson (ATL) moins de 123.5,123.5,1.8,0,False
16551680,GB Packers	 vs. ATL Falcons,Bijan Robinson,Bijan Robinson,Yards de course et de réception du joueur Plus/Moins (prolongations incluses),3317,73841,1744044325,123.5|sa:player:nfl-1228244|ATL,4538137039,Bijan Robinson (ATL) Plus de 123.5,Bijan Robinson (ATL) Plus de 123.5,123.5,1.8334,0,False
16551680,GB Packers	 vs. ATL Falcons,Christian Watson,Christian Watson,Yards de course et de réception du joueur Plus/Moins (prolongations incluses),3317,73841,1743410380,66.5|sa:player:nfl-1067918|GB,4535999861,Christian Watson (GB) Plus de 66.5,Christian Watson (GB) Plus de 66.5,66.5,1.7693,0,False
16551680,GB Packers	 vs. ATL Falcons,Christian Watson,Christian Watson,Yards de course et de réception du joueur Plus/Moins (prolongations incluses),3317,73841,1743410380,66.5|sa:player:nfl-1067918|GB,4535999862,Christian Watson (GB) moins de 66.5,Christian Watson (GB) moins de 66.5,66.5,1.8696,0,False
16551680,GB Packers	 vs. ATL Falcons,Drake London,Drake London,Yards de course et de réception du joueur Plus/Moins (prolongations incluses),3317,73841,1743368144,58.5|sa:player:nfl-1178741|ATL,4535867565,Drake London (ATL) Plus de 58.5,Drake London (ATL) Plus de 58.5,58.5,1.8334,0,False
16551680,GB Packers	 vs. ATL Falcons,Drake London,Drake London,Yards de course et de réception du joueur Plus/Moins (prolongations incluses),3317,73841,1743368144,58.5|sa:player:nfl-1178741|ATL,4535867566,Drake London (ATL) moins de 58.5,Drake London (ATL) moins de 58.5,58.5,1.8,0,False
16551680,GB Packers	 vs. ATL Falcons,Matthew Golden,Matthew Golden,Yards de course et de réception du joueur Plus/Moins (prolongations incluses),3317,73841,1743996845,54.5|sa:player:nfl-1379267|GB,4538006862,Matthew Golden (GB) Plus de 54.5,Matthew Golden (GB) Plus de 54.5,54.5,1.8334,0,False
16551680,GB Packers	 vs. ATL Falcons,Matthew Golden,Matthew Golden,Yards de course et de réception du joueur Plus/Moins (prolongations incluses),3317,73841,1743996845,54.5|sa:player:nfl-1379267|GB,4538006863,Matthew Golden (GB) moins de 54.5,Matthew Golden (GB) moins de 54.5,54.5,1.8,0,False
16551680,GB Packers	 vs. ATL Falcons,MarShawn Lloyd,MarShawn Lloyd,Yards de course et de réception du joueur Plus/Moins (prolongations incluses),3317,73841,1744006528,41.5|sa:player:nfl-1213414|GB,4538032872,MarShawn Lloyd (GB) Plus de 41.5,MarShawn Lloyd (GB) Plus de 41.5,41.5,1.8,0,False
16551680,GB Packers	 vs. ATL Falcons,MarShawn Lloyd,MarShawn Lloyd,Yards de course et de réception du joueur Plus/Moins (prolongations incluses),3317,73841,1744006528,41.5|sa:player:nfl-1213414|GB,4538032873,MarShawn Lloyd (GB) moins de 41.5,MarShawn Lloyd (GB) moins de 41.5,41.5,1.8334,0,False
16551680,GB Packers	 vs. ATL Falcons,Chris Brooks,Chris Brooks,Yards de course et de réception du joueur Plus/Moins (prolongations incluses),3317,73841,1743386041,28.5|sa:player:nfl-1127065|GB,4535938260,Chris Brooks (GB) Plus de 28.5,Chris Brooks (GB) Plus de 28.5,28.5,1.8334,0,False
16551680,GB Packers	 vs. ATL Falcons,Chris Brooks,Chris Brooks,Yards de course et de réception du joueur Plus/Moins (prolongations incluses),3317,73841,1743386041,28.5|sa:player:nfl-1127065|GB,4535938261,Chris Brooks (GB) moins de 28.5,Chris Brooks (GB) moins de 28.5,28.5,1.8,0,False
16551680,GB Packers	 vs. ATL Falcons,Brian Robinson,Brian Robinson,Yards de course et de réception du joueur Plus/Moins (prolongations incluses),3317,73841,1744015429,25.5|sa:player:nfl-973966|ATL,4538055354,Brian Robinson (ATL) Plus de 25.5,Brian Robinson (ATL) Plus de 25.5,25.5,1.8,0,False
16551680,GB Packers	 vs. ATL Falcons,Brian Robinson,Brian Robinson,Yards de course et de réception du joueur Plus/Moins (prolongations incluses),3317,73841,1744015429,25.5|sa:player:nfl-973966|ATL,4538055355,Brian Robinson (ATL) moins de 25.5,Brian Robinson (ATL) moins de 25.5,25.5,1.8334,0,False
16551680,GB Packers	 vs. ATL Falcons,Jahan Dotson,Jahan Dotson,Yards de course et de réception du joueur Plus/Moins (prolongations incluses),3317,73841,1743725645,16.5|sa:player:nfl-1121878|ATL,4537101234,Jahan Dotson (ATL) Plus de 16.5,Jahan Dotson (ATL) Plus de 16.5,16.5,1.8,0,False
16551680,GB Packers	 vs. ATL Falcons,Jahan Dotson,Jahan Dotson,Yards de course et de réception du joueur Plus/Moins (prolongations incluses),3317,73841,1743725645,16.5|sa:player:nfl-1121878|ATL,4537101235,Jahan Dotson (ATL) moins de 16.5,Jahan Dotson (ATL) moins de 16.5,16.5,1.8334,0,False
16551680,GB Packers	 vs. ATL Falcons,Michael Penix,Michael Penix (ATL),Fumbles du joueur Plus / Moins (incl. prolongation),25005,75650,1743095046,0.5|sa:player:nfl-1107478|ATL,4535057648,Michael Penix (ATL) Plus de 0.5,Michael Penix (ATL) Plus de 0.5,0.5,2.2,0,False
16551680,GB Packers	 vs. ATL Falcons,Michael Penix,Michael Penix (ATL),Fumbles du joueur Plus / Moins (incl. prolongation),25005,75650,1743095046,0.5|sa:player:nfl-1107478|ATL,4535057649,Michael Penix (ATL) moins de 0.5,Michael Penix (ATL) moins de 0.5,0.5,1.5264,0,False
16551680,GB Packers	 vs. ATL Falcons,Jordan Love,Jordan Love (GB),Fumbles du joueur Plus / Moins (incl. prolongation),25005,75650,1743094713,0.5|sa:player:nfl-912137|GB,4535057064,Jordan Love (GB) moins de 0.5,Jordan Love (GB) moins de 0.5,0.5,1.3449,0,False
16551680,GB Packers	 vs. ATL Falcons,Jordan Love,Jordan Love (GB),Fumbles du joueur Plus / Moins (incl. prolongation),25005,75650,1743094713,0.5|sa:player:nfl-912137|GB,4535057063,Jordan Love (GB) Plus de 0.5,Jordan Love (GB) Plus de 0.5,0.5,2.75,0,False
16551680,GB Packers	 vs. ATL Falcons,Bijan Robinson,Bijan Robinson (ATL),Fumbles du joueur Plus / Moins (incl. prolongation),25005,75650,1743095464,0.5|sa:player:nfl-1228244|ATL,4535058370,Bijan Robinson (ATL) Plus de 0.5,Bijan Robinson (ATL) Plus de 0.5,0.5,3.6,0,False
16551680,GB Packers	 vs. ATL Falcons,Bijan Robinson,Bijan Robinson (ATL),Fumbles du joueur Plus / Moins (incl. prolongation),25005,75650,1743095464,0.5|sa:player:nfl-1228244|ATL,4535058371,Bijan Robinson (ATL) moins de 0.5,Bijan Robinson (ATL) moins de 0.5,0.5,1.2,0,False
16551680,GB Packers	 vs. ATL Falcons,Brian Robinson,Brian Robinson (ATL),Fumbles du joueur Plus / Moins (incl. prolongation),25005,75650,1743094848,0.5|sa:player:nfl-973966|ATL,4535057304,Brian Robinson (ATL) moins de 0.5,Brian Robinson (ATL) moins de 0.5,0.5,1.0715,0,False
16551680,GB Packers	 vs. ATL Falcons,Brian Robinson,Brian Robinson (ATL),Fumbles du joueur Plus / Moins (incl. prolongation),25005,75650,1743094848,0.5|sa:player:nfl-973966|ATL,4535057303,Brian Robinson (ATL) Plus de 0.5,Brian Robinson (ATL) Plus de 0.5,0.5,5.75,0,False
16551680,GB Packers	 vs. ATL Falcons,Kaleb Johnson,Kaleb Johnson (GB),Fumbles du joueur Plus / Moins (incl. prolongation),25005,75650,1743095582,0.5|sa:player:nfl-1381902|GB,4535058579,Kaleb Johnson (GB) Plus de 0.5,Kaleb Johnson (GB) Plus de 0.5,0.5,6.25,0,False
16551680,GB Packers	 vs. ATL Falcons,Kaleb Johnson,Kaleb Johnson (GB),Fumbles du joueur Plus / Moins (incl. prolongation),25005,75650,1743095582,0.5|sa:player:nfl-1381902|GB,4535058580,Kaleb Johnson (GB) moins de 0.5,Kaleb Johnson (GB) moins de 0.5,0.5,1.05,0,False
16551680,GB Packers	 vs. ATL Falcons,MarShawn Lloyd,MarShawn Lloyd (GB),Fumbles du joueur Plus / Moins (incl. prolongation),25005,75650,1743095379,0.5|sa:player:nfl-1213414|GB,4535058221,MarShawn Lloyd (GB) Plus de 0.5,MarShawn Lloyd (GB) Plus de 0.5,0.5,6.75,0,False
16551680,GB Packers	 vs. ATL Falcons,MarShawn Lloyd,MarShawn Lloyd (GB),Fumbles du joueur Plus / Moins (incl. prolongation),25005,75650,1743095379,0.5|sa:player:nfl-1213414|GB,4535058222,MarShawn Lloyd (GB) moins de 0.5,MarShawn Lloyd (GB) moins de 0.5,0.5,1.04,0,False
16551680,GB Packers	 vs. ATL Falcons,Chris Brooks,Chris Brooks (GB),Fumbles du joueur Plus / Moins (incl. prolongation),25005,75650,1743095219,0.5|sa:player:nfl-1127065|GB,4535057944,Chris Brooks (GB) Plus de 0.5,Chris Brooks (GB) Plus de 0.5,0.5,7.5,0,False
16551680,GB Packers	 vs. ATL Falcons,Chris Brooks,Chris Brooks (GB),Fumbles du joueur Plus / Moins (incl. prolongation),25005,75650,1743095219,0.5|sa:player:nfl-1127065|GB,4535057945,Chris Brooks (GB) moins de 0.5,Chris Brooks (GB) moins de 0.5,0.5,1.02,0,False
16551680,GB Packers	 vs. ATL Falcons,Christian Watson,Christian Watson (GB),Fumbles du joueur Plus / Moins (incl. prolongation),25005,75650,1743094935,0.5|sa:player:nfl-1067918|GB,4535057454,Christian Watson (GB) Plus de 0.5,Christian Watson (GB) Plus de 0.5,0.5,7.5,0,False
16551680,GB Packers	 vs. ATL Falcons,Christian Watson,Christian Watson (GB),Fumbles du joueur Plus / Moins (incl. prolongation),25005,75650,1743094935,0.5|sa:player:nfl-1067918|GB,4535057455,Christian Watson (GB) moins de 0.5,Christian Watson (GB) moins de 0.5,0.5,1.02,0,False
16551680,GB Packers	 vs. ATL Falcons,Drake London,Drake London (ATL),Fumbles du joueur Plus / Moins (incl. prolongation),25005,75650,1743095309,0.5|sa:player:nfl-1178741|ATL,4535058100,Drake London (ATL) Plus de 0.5,Drake London (ATL) Plus de 0.5,0.5,7.75,0,False
16551680,GB Packers	 vs. ATL Falcons,Drake London,Drake London (ATL),Fumbles du joueur Plus / Moins (incl. prolongation),25005,75650,1743095309,0.5|sa:player:nfl-1178741|ATL,4535058101,Drake London (ATL) moins de 0.5,Drake London (ATL) moins de 0.5,0.5,1.02,0,False
16551680,GB Packers	 vs. ATL Falcons,Matthew Golden,Matthew Golden (GB),Fumbles du joueur Plus / Moins (incl. prolongation),25005,75650,1743095538,0.5|sa:player:nfl-1379267|GB,4535058501,Matthew Golden (GB) Plus de 0.5,Matthew Golden (GB) Plus de 0.5,0.5,7.75,0,False
16551680,GB Packers	 vs. ATL Falcons,Matthew Golden,Matthew Golden (GB),Fumbles du joueur Plus / Moins (incl. prolongation),25005,75650,1743095538,0.5|sa:player:nfl-1379267|GB,4535058502,Matthew Golden (GB) moins de 0.5,Matthew Golden (GB) moins de 0.5,0.5,1.02,0,False
16551680,GB Packers	 vs. ATL Falcons,Tucker Kraft,Tucker Kraft (GB),Fumbles du joueur Plus / Moins (incl. prolongation),25005,75650,1743095336,0.5|sa:player:nfl-1181874|GB,4535058145,Tucker Kraft (GB) Plus de 0.5,Tucker Kraft (GB) Plus de 0.5,0.5,7.75,0,False
16551680,GB Packers	 vs. ATL Falcons,Tucker Kraft,Tucker Kraft (GB),Fumbles du joueur Plus / Moins (incl. prolongation),25005,75650,1743095336,0.5|sa:player:nfl-1181874|GB,4535058146,Tucker Kraft (GB) moins de 0.5,Tucker Kraft (GB) moins de 0.5,0.5,1.02,0,False
16551680,GB Packers	 vs. ATL Falcons,Jahan Dotson,Jahan Dotson (ATL),Fumbles du joueur Plus / Moins (incl. prolongation),25005,75650,1743095116,0.5|sa:player:nfl-1121878|ATL,4535057768,Jahan Dotson (ATL) moins de 0.5,Jahan Dotson (ATL) moins de 0.5,0.5,0.0,7,False
16551680,GB Packers	 vs. ATL Falcons,Jahan Dotson,Jahan Dotson (ATL),Fumbles du joueur Plus / Moins (incl. prolongation),25005,75650,1743095116,0.5|sa:player:nfl-1121878|ATL,4535057767,Jahan Dotson (ATL) Plus de 0.5,Jahan Dotson (ATL) Plus de 0.5,0.5,8.5,0,False
16551680,GB Packers	 vs. ATL Falcons,Kyle Pitts,Kyle Pitts (ATL),Fumbles du joueur Plus / Moins (incl. prolongation),25005,75650,1743095154,0.5|sa:player:nfl-1123026|ATL,4535057832,Kyle Pitts (ATL) Plus de 0.5,Kyle Pitts (ATL) Plus de 0.5,0.5,8.5,0,False
16551680,GB Packers	 vs. ATL Falcons,Kyle Pitts,Kyle Pitts (ATL),Fumbles du joueur Plus / Moins (incl. prolongation),25005,75650,1743095154,0.5|sa:player:nfl-1123026|ATL,4535057833,Kyle Pitts (ATL) moins de 0.5,Kyle Pitts (ATL) moins de 0.5,0.5,1.01,0,False
16551680,GB Packers	 vs. ATL Falcons,Zaire Franklin,Zaire Franklin (GB),Passes décisives P/M (prolongations incluses),770,75644,1743094620,3.5|sa:player:nfl-836219|GB,4535056893,Zaire Franklin (GB) Plus de 3.5,Zaire Franklin (GB) Plus de 3.5,3.5,1.8,0,False
16551680,GB Packers	 vs. ATL Falcons,Zaire Franklin,Zaire Franklin (GB),Passes décisives P/M (prolongations incluses),770,75644,1743094620,3.5|sa:player:nfl-836219|GB,4535056894,Zaire Franklin (GB) moins de 3.5,Zaire Franklin (GB) moins de 3.5,3.5,1.8,0,False
16551680,GB Packers	 vs. ATL Falcons,Edgerrin Cooper,Edgerrin Cooper (GB),Passes décisives P/M (prolongations incluses),770,75644,1743095476,3.5|sa:player:nfl-1231868|GB,4535058388,Edgerrin Cooper (GB) Plus de 3.5,Edgerrin Cooper (GB) Plus de 3.5,3.5,1.7693,0,False
16551680,GB Packers	 vs. ATL Falcons,Edgerrin Cooper,Edgerrin Cooper (GB),Passes décisives P/M (prolongations incluses),770,75644,1743095476,3.5|sa:player:nfl-1231868|GB,4535058389,Edgerrin Cooper (GB) moins de 3.5,Edgerrin Cooper (GB) moins de 3.5,3.5,1.8334,0,False
16551680,GB Packers	 vs. ATL Falcons,Xavier McKinney,Xavier McKinney (GB),Passes décisives P/M (prolongations incluses),770,75644,1743094860,2.5|sa:player:nfl-973968|GB,4535057321,Xavier McKinney (GB) Plus de 2.5,Xavier McKinney (GB) Plus de 2.5,2.5,2.15,0,False
16551680,GB Packers	 vs. ATL Falcons,Xavier McKinney,Xavier McKinney (GB),Passes décisives P/M (prolongations incluses),770,75644,1743094860,2.5|sa:player:nfl-973968|GB,4535057322,Xavier McKinney (GB) moins de 2.5,Xavier McKinney (GB) moins de 2.5,2.5,1.5556,0,False
16551680,GB Packers	 vs. ATL Falcons,Evan Williams,Evan Williams (GB),Passes décisives P/M (prolongations incluses),770,75644,1743095253,2.5|sa:player:nfl-1173022|GB,4535058002,Evan Williams (GB) Plus de 2.5,Evan Williams (GB) Plus de 2.5,2.5,1.9524,0,False
16551680,GB Packers	 vs. ATL Falcons,Evan Williams,Evan Williams (GB),Passes décisives P/M (prolongations incluses),770,75644,1743095253,2.5|sa:player:nfl-1173022|GB,4535058003,Evan Williams (GB) moins de 2.5,Evan Williams (GB) moins de 2.5,2.5,1.6667,0,False
16551680,GB Packers	 vs. ATL Falcons,Keisean Nixon,Keisean Nixon (GB),Passes décisives P/M (prolongations incluses),770,75644,1743094911,1.5|sa:player:nfl-1067178|GB,4535057410,Keisean Nixon (GB) Plus de 1.5,Keisean Nixon (GB) Plus de 1.5,1.5,2.05,0,False
16551680,GB Packers	 vs. ATL Falcons,Keisean Nixon,Keisean Nixon (GB),Passes décisives P/M (prolongations incluses),770,75644,1743094911,1.5|sa:player:nfl-1067178|GB,4535057411,Keisean Nixon (GB) moins de 1.5,Keisean Nixon (GB) moins de 1.5,1.5,1.6061,0,False
16551680,GB Packers	 vs. ATL Falcons,Edgerrin Cooper,Edgerrin Cooper (GB),Joueur Total de Tackles (prolongations incluses),2010,72301,1743725668,4.5|sa:player:nfl-1231868|GB,4537101280,Edgerrin Cooper (GB) Plus de 4.5,Edgerrin Cooper (GB) Plus de 4.5,4.5,2.1,0,False
16551680,GB Packers	 vs. ATL Falcons,Edgerrin Cooper,Edgerrin Cooper (GB),Joueur Total de Tackles (prolongations incluses),2010,72301,1743725668,4.5|sa:player:nfl-1231868|GB,4537101281,Edgerrin Cooper (GB) moins de 4.5,Edgerrin Cooper (GB) moins de 4.5,4.5,1.6061,0,False
16551680,GB Packers	 vs. ATL Falcons,Evan Williams,Evan Williams (GB),Joueur Total de Tackles (prolongations incluses),2010,72301,1743095252,3.5|sa:player:nfl-1173022|GB,4535058000,Evan Williams (GB) Plus de 3.5,Evan Williams (GB) Plus de 3.5,3.5,1.7693,0,False
16551680,GB Packers	 vs. ATL Falcons,Evan Williams,Evan Williams (GB),Joueur Total de Tackles (prolongations incluses),2010,72301,1743095252,3.5|sa:player:nfl-1173022|GB,4535058001,Evan Williams (GB) moins de 3.5,Evan Williams (GB) moins de 3.5,3.5,1.8696,0,False
16551680,GB Packers	 vs. ATL Falcons,Zaire Franklin,Zaire Franklin (GB),Joueur Total de Tackles (prolongations incluses),2010,72301,1743406168,3.5|sa:player:nfl-836219|GB,4535989707,Zaire Franklin (GB) Plus de 3.5,Zaire Franklin (GB) Plus de 3.5,3.5,1.7693,0,False
16551680,GB Packers	 vs. ATL Falcons,Zaire Franklin,Zaire Franklin (GB),Joueur Total de Tackles (prolongations incluses),2010,72301,1743406168,3.5|sa:player:nfl-836219|GB,4535989708,Zaire Franklin (GB) moins de 3.5,Zaire Franklin (GB) moins de 3.5,3.5,1.8696,0,False
16551680,GB Packers	 vs. ATL Falcons,Xavier McKinney,Xavier McKinney (GB),Joueur Total de Tackles (prolongations incluses),2010,72301,1743994608,2.5|sa:player:nfl-973968|GB,4538001465,Xavier McKinney (GB) Plus de 2.5,Xavier McKinney (GB) Plus de 2.5,2.5,1.5264,0,False
16551680,GB Packers	 vs. ATL Falcons,Xavier McKinney,Xavier McKinney (GB),Joueur Total de Tackles (prolongations incluses),2010,72301,1743994608,2.5|sa:player:nfl-973968|GB,4538001466,Xavier McKinney (GB) moins de 2.5,Xavier McKinney (GB) moins de 2.5,2.5,2.25,0,False
16551680,GB Packers	 vs. ATL Falcons,Keisean Nixon,Keisean Nixon (GB),Joueur Total de Tackles (prolongations incluses),2010,72301,1743094910,2.5|sa:player:nfl-1067178|GB,4535057408,Keisean Nixon (GB) Plus de 2.5,Keisean Nixon (GB) Plus de 2.5,2.5,1.5556,0,False
16551680,GB Packers	 vs. ATL Falcons,Keisean Nixon,Keisean Nixon (GB),Joueur Total de Tackles (prolongations incluses),2010,72301,1743094910,2.5|sa:player:nfl-1067178|GB,4535057409,Keisean Nixon (GB) moins de 2.5,Keisean Nixon (GB) moins de 2.5,2.5,2.2,0,False
16551680,GB Packers	 vs. ATL Falcons,Bijan Robinson,Bijan Robinson (ATL),Joueur tentative de gain par la course (prolongations incluses),2012,72303,1743095449,17.5|sa:player:nfl-1228244|ATL,4535058344,Bijan Robinson (ATL) moins de 17.5,Bijan Robinson (ATL) moins de 17.5,17.5,1.7693,0,False
16551680,GB Packers	 vs. ATL Falcons,Bijan Robinson,Bijan Robinson (ATL),Joueur tentative de gain par la course (prolongations incluses),2012,72303,1743095449,17.5|sa:player:nfl-1228244|ATL,4535058343,Bijan Robinson (ATL) Plus de 17.5,Bijan Robinson (ATL) Plus de 17.5,17.5,1.8696,0,False
16551680,GB Packers	 vs. ATL Falcons,Kaleb Johnson,Kaleb Johnson (GB),Joueur tentative de gain par la course (prolongations incluses),2012,72303,1743811013,8.5|sa:player:nfl-1381902|GB,4537506116,Kaleb Johnson (GB) Plus de 8.5,Kaleb Johnson (GB) Plus de 8.5,8.5,1.7408,0,False
16551680,GB Packers	 vs. ATL Falcons,Kaleb Johnson,Kaleb Johnson (GB),Joueur tentative de gain par la course (prolongations incluses),2012,72303,1743811013,8.5|sa:player:nfl-1381902|GB,4537506117,Kaleb Johnson (GB) moins de 8.5,Kaleb Johnson (GB) moins de 8.5,8.5,1.9091,0,False
16551680,GB Packers	 vs. ATL Falcons,MarShawn Lloyd,MarShawn Lloyd (GB),Joueur tentative de gain par la course (prolongations incluses),2012,72303,1744006526,8.5|sa:player:nfl-1213414|GB,4538032868,MarShawn Lloyd (GB) Plus de 8.5,MarShawn Lloyd (GB) Plus de 8.5,8.5,1.7408,0,False
16551680,GB Packers	 vs. ATL Falcons,MarShawn Lloyd,MarShawn Lloyd (GB),Joueur tentative de gain par la course (prolongations incluses),2012,72303,1744006526,8.5|sa:player:nfl-1213414|GB,4538032869,MarShawn Lloyd (GB) moins de 8.5,MarShawn Lloyd (GB) moins de 8.5,8.5,1.9091,0,False
16551680,GB Packers	 vs. ATL Falcons,Brian Robinson,Brian Robinson (ATL),Joueur tentative de gain par la course (prolongations incluses),2012,72303,1743094833,5.5|sa:player:nfl-973966|ATL,4535057276,Brian Robinson (ATL) Plus de 5.5,Brian Robinson (ATL) Plus de 5.5,5.5,1.7693,0,False
16551680,GB Packers	 vs. ATL Falcons,Brian Robinson,Brian Robinson (ATL),Joueur tentative de gain par la course (prolongations incluses),2012,72303,1743094833,5.5|sa:player:nfl-973966|ATL,4535057277,Brian Robinson (ATL) moins de 5.5,Brian Robinson (ATL) moins de 5.5,5.5,1.8696,0,False
16551680,GB Packers	 vs. ATL Falcons,Chris Brooks,Chris Brooks (GB),Joueur tentative de gain par la course (prolongations incluses),2012,72303,1743377536,5.5|sa:player:nfl-1127065|GB,4535897998,Chris Brooks (GB) Plus de 5.5,Chris Brooks (GB) Plus de 5.5,5.5,2.05,0,False
16551680,GB Packers	 vs. ATL Falcons,Chris Brooks,Chris Brooks (GB),Joueur tentative de gain par la course (prolongations incluses),2012,72303,1743377536,5.5|sa:player:nfl-1127065|GB,4535897999,Chris Brooks (GB) moins de 5.5,Chris Brooks (GB) moins de 5.5,5.5,1.625,0,False
16551680,GB Packers	 vs. ATL Falcons,Jordan Love,Jordan Love (GB),Joueur tentative de gain par la course (prolongations incluses),2012,72303,1743094698,2.5|sa:player:nfl-912137|GB,4535057036,Jordan Love (GB) Plus de 2.5,Jordan Love (GB) Plus de 2.5,2.5,1.6667,0,False
16551680,GB Packers	 vs. ATL Falcons,Jordan Love,Jordan Love (GB),Joueur tentative de gain par la course (prolongations incluses),2012,72303,1743094698,2.5|sa:player:nfl-912137|GB,4535057037,Jordan Love (GB) moins de 2.5,Jordan Love (GB) moins de 2.5,2.5,2.0,0,False
16551680,GB Packers	 vs. ATL Falcons,Michael Penix,Michael Penix (ATL),Joueur tentative de gain par la course (prolongations incluses),2012,72303,1743384709,1.5|sa:player:nfl-1107478|ATL,4535935230,Michael Penix (ATL) Plus de 1.5,Michael Penix (ATL) Plus de 1.5,1.5,1.6897,0,False
16551680,GB Packers	 vs. ATL Falcons,Michael Penix,Michael Penix (ATL),Joueur tentative de gain par la course (prolongations incluses),2012,72303,1743384709,1.5|sa:player:nfl-1107478|ATL,4535935231,Michael Penix (ATL) moins de 1.5,Michael Penix (ATL) moins de 1.5,1.5,1.9524,0,False
16551680,GB Packers	 vs. ATL Falcons,Tucker Kraft,Tucker Kraft (GB),Joueur tentative de gain par la course (prolongations incluses),2012,72303,1743095332,0.5|sa:player:nfl-1181874|GB,4535058140,Tucker Kraft (GB) Plus de 0.5,Tucker Kraft (GB) Plus de 0.5,0.5,2.45,0,False
16551680,GB Packers	 vs. ATL Falcons,Tucker Kraft,Tucker Kraft (GB),Joueur tentative de gain par la course (prolongations incluses),2012,72303,1743095332,0.5|sa:player:nfl-1181874|GB,4535058141,Tucker Kraft (GB) moins de 0.5,Tucker Kraft (GB) moins de 0.5,0.5,1.4445,0,False
16551680,GB Packers	 vs. ATL Falcons,Bijan Robinson,Bijan Robinson (ATL),Total de réceptions Plus/Moins(Incl. Prolongations),767,71926,1743371718,4.5|sa:player:nfl-1228244|ATL,4535876784,Bijan Robinson (ATL) moins de 4.5,Bijan Robinson (ATL) moins de 4.5,4.5,2.0,0,False
16551680,GB Packers	 vs. ATL Falcons,Bijan Robinson,Bijan Robinson (ATL),Total de réceptions Plus/Moins(Incl. Prolongations),767,71926,1743371718,4.5|sa:player:nfl-1228244|ATL,4535876783,Bijan Robinson (ATL) Plus de 4.5,Bijan Robinson (ATL) Plus de 4.5,4.5,1.6667,0,False
16551680,GB Packers	 vs. ATL Falcons,Drake London,Drake London (ATL),Total de réceptions Plus/Moins(Incl. Prolongations),767,71926,1743095292,4.5|sa:player:nfl-1178741|ATL,4535058069,Drake London (ATL) Plus de 4.5,Drake London (ATL) Plus de 4.5,4.5,1.7693,0,False
16551680,GB Packers	 vs. ATL Falcons,Drake London,Drake London (ATL),Total de réceptions Plus/Moins(Incl. Prolongations),767,71926,1743095292,4.5|sa:player:nfl-1178741|ATL,4535058070,Drake London (ATL) moins de 4.5,Drake London (ATL) moins de 4.5,4.5,1.8696,0,False
16551680,GB Packers	 vs. ATL Falcons,Christian Watson,Christian Watson (GB),Total de réceptions Plus/Moins(Incl. Prolongations),767,71926,1743386327,4.5|sa:player:nfl-1067918|GB,4535939174,Christian Watson (GB) Plus de 4.5,Christian Watson (GB) Plus de 4.5,4.5,2.0,0,False
16551680,GB Packers	 vs. ATL Falcons,Christian Watson,Christian Watson (GB),Total de réceptions Plus/Moins(Incl. Prolongations),767,71926,1743386327,4.5|sa:player:nfl-1067918|GB,4535939175,Christian Watson (GB) moins de 4.5,Christian Watson (GB) moins de 4.5,4.5,1.6667,0,False
16551680,GB Packers	 vs. ATL Falcons,Matthew Golden,Matthew Golden (GB),Total de réceptions Plus/Moins(Incl. Prolongations),767,71926,1743095521,3.5|sa:player:nfl-1379267|GB,4535058470,Matthew Golden (GB) Plus de 3.5,Matthew Golden (GB) Plus de 3.5,3.5,1.5715,0,False
16551680,GB Packers	 vs. ATL Falcons,Matthew Golden,Matthew Golden (GB),Total de réceptions Plus/Moins(Incl. Prolongations),767,71926,1743095521,3.5|sa:player:nfl-1379267|GB,4535058471,Matthew Golden (GB) moins de 3.5,Matthew Golden (GB) moins de 3.5,3.5,2.15,0,False
16551680,GB Packers	 vs. ATL Falcons,Tucker Kraft,Tucker Kraft (GB),Total de réceptions Plus/Moins(Incl. Prolongations),767,71926,1743095319,3.5|sa:player:nfl-1181874|GB,4535058114,Tucker Kraft (GB) Plus de 3.5,Tucker Kraft (GB) Plus de 3.5,3.5,1.7693,0,False
16551680,GB Packers	 vs. ATL Falcons,Tucker Kraft,Tucker Kraft (GB),Total de réceptions Plus/Moins(Incl. Prolongations),767,71926,1743095319,3.5|sa:player:nfl-1181874|GB,4535058115,Tucker Kraft (GB) moins de 3.5,Tucker Kraft (GB) moins de 3.5,3.5,1.8696,0,False
16551680,GB Packers	 vs. ATL Falcons,Kyle Pitts,Kyle Pitts (ATL),Total de réceptions Plus/Moins(Incl. Prolongations),767,71926,1743095137,3.5|sa:player:nfl-1123026|ATL,4535057801,Kyle Pitts (ATL) Plus de 3.5,Kyle Pitts (ATL) Plus de 3.5,3.5,2.0,0,False
16551680,GB Packers	 vs. ATL Falcons,Kyle Pitts,Kyle Pitts (ATL),Total de réceptions Plus/Moins(Incl. Prolongations),767,71926,1743095137,3.5|sa:player:nfl-1123026|ATL,4535057802,Kyle Pitts (ATL) moins de 3.5,Kyle Pitts (ATL) moins de 3.5,3.5,1.6667,0,False
16551680,GB Packers	 vs. ATL Falcons,Jahan Dotson,Jahan Dotson (ATL),Total de réceptions Plus/Moins(Incl. Prolongations),767,71926,1743411766,1.5|sa:player:nfl-1121878|ATL,4536003683,Jahan Dotson (ATL) Plus de 1.5,Jahan Dotson (ATL) Plus de 1.5,1.5,1.9091,0,False
16551680,GB Packers	 vs. ATL Falcons,Jahan Dotson,Jahan Dotson (ATL),Total de réceptions Plus/Moins(Incl. Prolongations),767,71926,1743411766,1.5|sa:player:nfl-1121878|ATL,4536003684,Jahan Dotson (ATL) moins de 1.5,Jahan Dotson (ATL) moins de 1.5,1.5,1.7408,0,False
16551680,GB Packers	 vs. ATL Falcons,Chris Brooks,Chris Brooks (GB),Total de réceptions Plus/Moins(Incl. Prolongations),767,71926,1743095191,1.5|sa:player:nfl-1127065|GB,4535057891,Chris Brooks (GB) Plus de 1.5,Chris Brooks (GB) Plus de 1.5,1.5,2.45,0,False
16551680,GB Packers	 vs. ATL Falcons,Chris Brooks,Chris Brooks (GB),Total de réceptions Plus/Moins(Incl. Prolongations),767,71926,1743095191,1.5|sa:player:nfl-1127065|GB,4535057892,Chris Brooks (GB) moins de 1.5,Chris Brooks (GB) moins de 1.5,1.5,1.4445,0,False
16551680,GB Packers	 vs. ATL Falcons,MarShawn Lloyd,MarShawn Lloyd (GB),Total de réceptions Plus/Moins(Incl. Prolongations),767,71926,1743095351,1.5|sa:player:nfl-1213414|GB,4535058168,MarShawn Lloyd (GB) Plus de 1.5,MarShawn Lloyd (GB) Plus de 1.5,1.5,2.65,0,False
16551680,GB Packers	 vs. ATL Falcons,MarShawn Lloyd,MarShawn Lloyd (GB),Total de réceptions Plus/Moins(Incl. Prolongations),767,71926,1743095351,1.5|sa:player:nfl-1213414|GB,4535058169,MarShawn Lloyd (GB) moins de 1.5,MarShawn Lloyd (GB) moins de 1.5,1.5,1.3847,0,False
16551680,GB Packers	 vs. ATL Falcons,Brian Robinson,Brian Robinson (ATL),Total de réceptions Plus/Moins(Incl. Prolongations),767,71926,1743094820,0.5|sa:player:nfl-973966|ATL,4535057250,Brian Robinson (ATL) Plus de 0.5,Brian Robinson (ATL) Plus de 0.5,0.5,1.7693,0,False
16551680,GB Packers	 vs. ATL Falcons,Brian Robinson,Brian Robinson (ATL),Total de réceptions Plus/Moins(Incl. Prolongations),767,71926,1743094820,0.5|sa:player:nfl-973966|ATL,4535057251,Brian Robinson (ATL) moins de 0.5,Brian Robinson (ATL) moins de 0.5,0.5,1.8696,0,False
16551680,GB Packers	 vs. ATL Falcons,Michael Penix Jr.,Michael Penix Jr. (ATL),Passes du joueur interceptées Plus/Moins (Incl. Prolongations),2253,73703,1743968883,0.5|ATL|dst:player:431610,4537933482,Michael Penix Jr. (ATL) moins de 0.5,Michael Penix Jr. (ATL) moins de 0.5,0.5,1.8696,0,False
16551680,GB Packers	 vs. ATL Falcons,Michael Penix Jr.,Michael Penix Jr. (ATL),Passes du joueur interceptées Plus/Moins (Incl. Prolongations),2253,73703,1743968883,0.5|ATL|dst:player:431610,4537933483,Michael Penix Jr. (ATL) Plus de 0.5,Michael Penix Jr. (ATL) Plus de 0.5,0.5,1.7693,0,False
16551680,GB Packers	 vs. ATL Falcons,Jordan Love,Jordan Love (GB),Passes du joueur interceptées Plus/Moins (Incl. Prolongations),2253,73703,1743968648,0.5|GB|dst:player:242729,4537932856,Jordan Love (GB) moins de 0.5,Jordan Love (GB) moins de 0.5,0.5,1.6667,0,False
16551680,GB Packers	 vs. ATL Falcons,Jordan Love,Jordan Love (GB),Passes du joueur interceptées Plus/Moins (Incl. Prolongations),2253,73703,1743968648,0.5|GB|dst:player:242729,4537932857,Jordan Love (GB) Plus de 0.5,Jordan Love (GB) Plus de 0.5,0.5,2.0,0,False
16551680,GB Packers	 vs. ATL Falcons,Jordan Love,Jordan Love (GB),"Passes complétées, Joueur (prolongations incluses) ",760,71921,1743372475,19.5|sa:player:nfl-912137|GB,4535878994,Jordan Love (GB) Plus de 19.5,Jordan Love (GB) Plus de 19.5,19.5,1.9091,0,False
16551680,GB Packers	 vs. ATL Falcons,Jordan Love,Jordan Love (GB),"Passes complétées, Joueur (prolongations incluses) ",760,71921,1743372475,19.5|sa:player:nfl-912137|GB,4535878995,Jordan Love (GB) moins de 19.5,Jordan Love (GB) moins de 19.5,19.5,1.7408,0,False
16551680,GB Packers	 vs. ATL Falcons,Michael Penix,Michael Penix (ATL),"Passes complétées, Joueur (prolongations incluses) ",760,71921,1743410535,18.5|sa:player:nfl-1107478|ATL,4536000261,Michael Penix (ATL) Plus de 18.5,Michael Penix (ATL) Plus de 18.5,18.5,1.8696,0,False
16551680,GB Packers	 vs. ATL Falcons,Michael Penix,Michael Penix (ATL),"Passes complétées, Joueur (prolongations incluses) ",760,71921,1743410535,18.5|sa:player:nfl-1107478|ATL,4536000262,Michael Penix (ATL) moins de 18.5,Michael Penix (ATL) moins de 18.5,18.5,1.7693,0,False
16551680,GB Packers	 vs. ATL Falcons,Michael Penix,Michael Penix (ATL),Tentatives de passes du joueur Plus/Moins (Incl. Prolongations),2252,73702,1743095005,32.5|sa:player:nfl-1107478|ATL,4535057569,Michael Penix (ATL) Plus de 32.5,Michael Penix (ATL) Plus de 32.5,32.5,1.8696,0,False
16551680,GB Packers	 vs. ATL Falcons,Michael Penix,Michael Penix (ATL),Tentatives de passes du joueur Plus/Moins (Incl. Prolongations),2252,73702,1743095005,32.5|sa:player:nfl-1107478|ATL,4535057570,Michael Penix (ATL) moins de 32.5,Michael Penix (ATL) moins de 32.5,32.5,1.7693,0,False
16551680,GB Packers	 vs. ATL Falcons,Jordan Love,Jordan Love (GB),Tentatives de passes du joueur Plus/Moins (Incl. Prolongations),2252,73702,1743377808,30.5|sa:player:nfl-912137|GB,4535898707,Jordan Love (GB) Plus de 30.5,Jordan Love (GB) Plus de 30.5,30.5,1.7693,0,False
16551680,GB Packers	 vs. ATL Falcons,Jordan Love,Jordan Love (GB),Tentatives de passes du joueur Plus/Moins (Incl. Prolongations),2252,73702,1743377808,30.5|sa:player:nfl-912137|GB,4535898708,Jordan Love (GB) moins de 30.5,Jordan Love (GB) moins de 30.5,30.5,1.8696,0,False
16551680,GB Packers	 vs. ATL Falcons,Christian Watson,Christian Watson (GB),Joueuer Plus longue réception (prolongations incluses) ,2009,72300,1743377953,24.5|sa:player:nfl-1067918|GB,4535899067,Christian Watson (GB) Plus de 24.5,Christian Watson (GB) Plus de 24.5,24.5,1.7693,0,False
16551680,GB Packers	 vs. ATL Falcons,Christian Watson,Christian Watson (GB),Joueuer Plus longue réception (prolongations incluses) ,2009,72300,1743377953,24.5|sa:player:nfl-1067918|GB,4535899068,Christian Watson (GB) moins de 24.5,Christian Watson (GB) moins de 24.5,24.5,1.8696,0,False
16551680,GB Packers	 vs. ATL Falcons,Drake London,Drake London (ATL),Joueuer Plus longue réception (prolongations incluses) ,2009,72300,1743095293,21.5|sa:player:nfl-1178741|ATL,4535058072,Drake London (ATL) moins de 21.5,Drake London (ATL) moins de 21.5,21.5,1.8,0,False
16551680,GB Packers	 vs. ATL Falcons,Drake London,Drake London (ATL),Joueuer Plus longue réception (prolongations incluses) ,2009,72300,1743095293,21.5|sa:player:nfl-1178741|ATL,4535058071,Drake London (ATL) Plus de 21.5,Drake London (ATL) Plus de 21.5,21.5,1.8334,0,False
16551680,GB Packers	 vs. ATL Falcons,Matthew Golden,Matthew Golden (GB),Joueuer Plus longue réception (prolongations incluses) ,2009,72300,1743990875,21.5|sa:player:nfl-1379267|GB,4537991992,Matthew Golden (GB) moins de 21.5,Matthew Golden (GB) moins de 21.5,21.5,1.7693,0,False
16551680,GB Packers	 vs. ATL Falcons,Matthew Golden,Matthew Golden (GB),Joueuer Plus longue réception (prolongations incluses) ,2009,72300,1743990875,21.5|sa:player:nfl-1379267|GB,4537991991,Matthew Golden (GB) Plus de 21.5,Matthew Golden (GB) Plus de 21.5,21.5,1.8696,0,False
16551680,GB Packers	 vs. ATL Falcons,Tucker Kraft,Tucker Kraft (GB),Joueuer Plus longue réception (prolongations incluses) ,2009,72300,1743376723,18.5|sa:player:nfl-1181874|GB,4535896182,Tucker Kraft (GB) Plus de 18.5,Tucker Kraft (GB) Plus de 18.5,18.5,1.8,0,False
16551680,GB Packers	 vs. ATL Falcons,Tucker Kraft,Tucker Kraft (GB),Joueuer Plus longue réception (prolongations incluses) ,2009,72300,1743376723,18.5|sa:player:nfl-1181874|GB,4535896183,Tucker Kraft (GB) moins de 18.5,Tucker Kraft (GB) moins de 18.5,18.5,1.8334,0,False
16551680,GB Packers	 vs. ATL Falcons,Kyle Pitts,Kyle Pitts (ATL),Joueuer Plus longue réception (prolongations incluses) ,2009,72300,1743371450,16.5|sa:player:nfl-1123026|ATL,4535875784,Kyle Pitts (ATL) Plus de 16.5,Kyle Pitts (ATL) Plus de 16.5,16.5,1.8696,0,False
16551680,GB Packers	 vs. ATL Falcons,Kyle Pitts,Kyle Pitts (ATL),Joueuer Plus longue réception (prolongations incluses) ,2009,72300,1743371450,16.5|sa:player:nfl-1123026|ATL,4535875785,Kyle Pitts (ATL) moins de 16.5,Kyle Pitts (ATL) moins de 16.5,16.5,1.7693,0,False
16551680,GB Packers	 vs. ATL Falcons,Bijan Robinson,Bijan Robinson (ATL),Joueuer Plus longue réception (prolongations incluses) ,2009,72300,1744017503,15.5|sa:player:nfl-1228244|ATL,4538060752,Bijan Robinson (ATL) moins de 15.5,Bijan Robinson (ATL) moins de 15.5,15.5,1.8334,0,False
16551680,GB Packers	 vs. ATL Falcons,Bijan Robinson,Bijan Robinson (ATL),Joueuer Plus longue réception (prolongations incluses) ,2009,72300,1744017503,15.5|sa:player:nfl-1228244|ATL,4538060751,Bijan Robinson (ATL) Plus de 15.5,Bijan Robinson (ATL) Plus de 15.5,15.5,1.8,0,False
16551680,GB Packers	 vs. ATL Falcons,Jahan Dotson,Jahan Dotson (ATL),Joueuer Plus longue réception (prolongations incluses) ,2009,72300,1743486789,12.5|sa:player:nfl-1121878|ATL,4536217016,Jahan Dotson (ATL) Plus de 12.5,Jahan Dotson (ATL) Plus de 12.5,12.5,1.8334,0,False
16551680,GB Packers	 vs. ATL Falcons,Jahan Dotson,Jahan Dotson (ATL),Joueuer Plus longue réception (prolongations incluses) ,2009,72300,1743486789,12.5|sa:player:nfl-1121878|ATL,4536217017,Jahan Dotson (ATL) moins de 12.5,Jahan Dotson (ATL) moins de 12.5,12.5,1.8,0,False
16551680,GB Packers	 vs. ATL Falcons,Chris Brooks,Chris Brooks (GB),Joueuer Plus longue réception (prolongations incluses) ,2009,72300,1743384712,5.5|sa:player:nfl-1127065|GB,4535935236,Chris Brooks (GB) Plus de 5.5,Chris Brooks (GB) Plus de 5.5,5.5,1.7693,0,False
16551680,GB Packers	 vs. ATL Falcons,Chris Brooks,Chris Brooks (GB),Joueuer Plus longue réception (prolongations incluses) ,2009,72300,1743384712,5.5|sa:player:nfl-1127065|GB,4535935237,Chris Brooks (GB) moins de 5.5,Chris Brooks (GB) moins de 5.5,5.5,1.8696,0,False
16551680,GB Packers	 vs. ATL Falcons,MarShawn Lloyd,MarShawn Lloyd (GB),Joueuer Plus longue réception (prolongations incluses) ,2009,72300,1743410540,4.5|sa:player:nfl-1213414|GB,4536000272,MarShawn Lloyd (GB) moins de 4.5,MarShawn Lloyd (GB) moins de 4.5,4.5,1.8696,0,False
16551680,GB Packers	 vs. ATL Falcons,MarShawn Lloyd,MarShawn Lloyd (GB),Joueuer Plus longue réception (prolongations incluses) ,2009,72300,1743410540,4.5|sa:player:nfl-1213414|GB,4536000271,MarShawn Lloyd (GB) Plus de 4.5,MarShawn Lloyd (GB) Plus de 4.5,4.5,1.7693,0,False
16551680,GB Packers	 vs. ATL Falcons,Brian Robinson,Brian Robinson (ATL),Joueuer Plus longue réception (prolongations incluses) ,2009,72300,1743368087,0.5|sa:player:nfl-973966|ATL,4535867461,Brian Robinson (ATL) Plus de 0.5,Brian Robinson (ATL) Plus de 0.5,0.5,1.9524,0,False
16551680,GB Packers	 vs. ATL Falcons,Brian Robinson,Brian Robinson (ATL),Joueuer Plus longue réception (prolongations incluses) ,2009,72300,1743368087,0.5|sa:player:nfl-973966|ATL,4535867462,Brian Robinson (ATL) moins de 0.5,Brian Robinson (ATL) moins de 0.5,0.5,1.6897,0,False
16551680,GB Packers	 vs. ATL Falcons,Jordan Love,Jordan Love (GB),Joueur Plus longue passe complétée (prolongations incluses) ,2001,72292,1743094674,36.5|sa:player:nfl-912137|GB,4535056988,Jordan Love (GB) Plus de 36.5,Jordan Love (GB) Plus de 36.5,36.5,1.8696,0,False
16551680,GB Packers	 vs. ATL Falcons,Jordan Love,Jordan Love (GB),Joueur Plus longue passe complétée (prolongations incluses) ,2001,72292,1743094674,36.5|sa:player:nfl-912137|GB,4535056989,Jordan Love (GB) moins de 36.5,Jordan Love (GB) moins de 36.5,36.5,1.7693,0,False
16551680,GB Packers	 vs. ATL Falcons,Michael Penix,Michael Penix (ATL),Joueur Plus longue passe complétée (prolongations incluses) ,2001,72292,1743371435,33.5|sa:player:nfl-1107478|ATL,4535875754,Michael Penix (ATL) Plus de 33.5,Michael Penix (ATL) Plus de 33.5,33.5,1.8696,0,False
16551680,GB Packers	 vs. ATL Falcons,Michael Penix,Michael Penix (ATL),Joueur Plus longue passe complétée (prolongations incluses) ,2001,72292,1743371435,33.5|sa:player:nfl-1107478|ATL,4535875755,Michael Penix (ATL) moins de 33.5,Michael Penix (ATL) moins de 33.5,33.5,1.7693,0,False
16551680,GB Packers	 vs. ATL Falcons,Trey Smack,Trey Smack (GB),Points de tir du joueur Plus/Moins (prolongations incluses) ,2003,72294,1743372649,7.5|sa:player:nfl-1394826|GB,4535879372,Trey Smack (GB) Plus de 7.5,Trey Smack (GB) Plus de 7.5,7.5,1.8334,0,False
16551680,GB Packers	 vs. ATL Falcons,Trey Smack,Trey Smack (GB),Points de tir du joueur Plus/Moins (prolongations incluses) ,2003,72294,1743372649,7.5|sa:player:nfl-1394826|GB,4535879373,Trey Smack (GB) moins de 7.5,Trey Smack (GB) moins de 7.5,7.5,1.8,0,False
16551680,GB Packers	 vs. ATL Falcons,Nick Folk,Nick Folk (ATL),Points de tir du joueur Plus/Moins (prolongations incluses) ,2003,72294,1743371547,5.5|sa:player:nfl-213781|ATL,4535876014,Nick Folk (ATL) Plus de 5.5,Nick Folk (ATL) Plus de 5.5,5.5,1.7693,0,False
16551680,GB Packers	 vs. ATL Falcons,Nick Folk,Nick Folk (ATL),Points de tir du joueur Plus/Moins (prolongations incluses) ,2003,72294,1743371547,5.5|sa:player:nfl-213781|ATL,4535876015,Nick Folk (ATL) moins de 5.5,Nick Folk (ATL) moins de 5.5,5.5,1.8696,0,False
16551680,GB Packers	 vs. ATL Falcons,Trey Smack,Trey Smack (GB),Field goals du joueur (prolongations incluses) ,769,71927,1743095598,1.5|sa:player:nfl-1394826|GB,4535058604,Trey Smack (GB) Plus de 1.5,Trey Smack (GB) Plus de 1.5,1.5,1.7693,0,False
16551680,GB Packers	 vs. ATL Falcons,Trey Smack,Trey Smack (GB),Field goals du joueur (prolongations incluses) ,769,71927,1743095598,1.5|sa:player:nfl-1394826|GB,4535058605,Trey Smack (GB) moins de 1.5,Trey Smack (GB) moins de 1.5,1.5,1.8696,0,False
16551680,GB Packers	 vs. ATL Falcons,Nick Folk,Nick Folk (ATL),Field goals du joueur (prolongations incluses) ,769,71927,1743094437,1.5|sa:player:nfl-213781|ATL,4535056568,Nick Folk (ATL) moins de 1.5,Nick Folk (ATL) moins de 1.5,1.5,1.5715,0,False
16551680,GB Packers	 vs. ATL Falcons,Nick Folk,Nick Folk (ATL),Field goals du joueur (prolongations incluses) ,769,71927,1743094437,1.5|sa:player:nfl-213781|ATL,4535056567,Nick Folk (ATL) Plus de 1.5,Nick Folk (ATL) Plus de 1.5,1.5,2.15,0,False
16551680,GB Packers	 vs. ATL Falcons,Brandon Cisse,Brandon Cisse (GB),Interceptions défensives Plus/Moins (prolongations incluses),3304,73828,1743095638,0.5|sa:player:nfl-1441538|GB,4535058674,Brandon Cisse (GB) Plus de 0.5,Brandon Cisse (GB) Plus de 0.5,0.5,4.75,0,False
16551680,GB Packers	 vs. ATL Falcons,Brandon Cisse,Brandon Cisse (GB),Interceptions défensives Plus/Moins (prolongations incluses),3304,73828,1743095638,0.5|sa:player:nfl-1441538|GB,4535058675,Brandon Cisse (GB) moins de 0.5,Brandon Cisse (GB) moins de 0.5,0.5,1.125,0,False
16551680,GB Packers	 vs. ATL Falcons,Evan Williams,Evan Williams (GB),Interceptions défensives Plus/Moins (prolongations incluses),3304,73828,1743095256,0.5|sa:player:nfl-1173022|GB,4535058008,Evan Williams (GB) Plus de 0.5,Evan Williams (GB) Plus de 0.5,0.5,5.0,0,False
16551680,GB Packers	 vs. ATL Falcons,Evan Williams,Evan Williams (GB),Interceptions défensives Plus/Moins (prolongations incluses),3304,73828,1743095256,0.5|sa:player:nfl-1173022|GB,4535058009,Evan Williams (GB) moins de 0.5,Evan Williams (GB) moins de 0.5,0.5,1.1112,0,False
16551680,GB Packers	 vs. ATL Falcons,Edgerrin Cooper,Edgerrin Cooper (GB),Interceptions défensives Plus/Moins (prolongations incluses),3304,73828,1743095479,0.5|sa:player:nfl-1231868|GB,4535058394,Edgerrin Cooper (GB) Plus de 0.5,Edgerrin Cooper (GB) Plus de 0.5,0.5,5.25,0,False
16551680,GB Packers	 vs. ATL Falcons,Edgerrin Cooper,Edgerrin Cooper (GB),Interceptions défensives Plus/Moins (prolongations incluses),3304,73828,1743095479,0.5|sa:player:nfl-1231868|GB,4535058395,Edgerrin Cooper (GB) moins de 0.5,Edgerrin Cooper (GB) moins de 0.5,0.5,1.1,0,False
16551680,GB Packers	 vs. ATL Falcons,Keisean Nixon,Keisean Nixon (GB),Interceptions défensives Plus/Moins (prolongations incluses),3304,73828,1743094914,0.5|sa:player:nfl-1067178|GB,4535057416,Keisean Nixon (GB) Plus de 0.5,Keisean Nixon (GB) Plus de 0.5,0.5,5.75,0,False
16551680,GB Packers	 vs. ATL Falcons,Keisean Nixon,Keisean Nixon (GB),Interceptions défensives Plus/Moins (prolongations incluses),3304,73828,1743094914,0.5|sa:player:nfl-1067178|GB,4535057417,Keisean Nixon (GB) moins de 0.5,Keisean Nixon (GB) moins de 0.5,0.5,1.0834,0,False
16551680,GB Packers	 vs. ATL Falcons,Xavier McKinney,Xavier McKinney (GB),Interceptions défensives Plus/Moins (prolongations incluses),3304,73828,1743094863,0.5|sa:player:nfl-973968|GB,4535057328,Xavier McKinney (GB) moins de 0.5,Xavier McKinney (GB) moins de 0.5,0.5,1.0715,0,False
16551680,GB Packers	 vs. ATL Falcons,Xavier McKinney,Xavier McKinney (GB),Interceptions défensives Plus/Moins (prolongations incluses),3304,73828,1743094863,0.5|sa:player:nfl-973968|GB,4535057327,Xavier McKinney (GB) Plus de 0.5,Xavier McKinney (GB) Plus de 0.5,0.5,6.0,0,False
16551680,GB Packers	 vs. ATL Falcons,Zaire Franklin,Zaire Franklin (GB),Interceptions défensives Plus/Moins (prolongations incluses),3304,73828,1743094623,0.5|sa:player:nfl-836219|GB,4535056899,Zaire Franklin (GB) Plus de 0.5,Zaire Franklin (GB) Plus de 0.5,0.5,6.0,0,False
16551680,GB Packers	 vs. ATL Falcons,Zaire Franklin,Zaire Franklin (GB),Interceptions défensives Plus/Moins (prolongations incluses),3304,73828,1743094623,0.5|sa:player:nfl-836219|GB,4535056900,Zaire Franklin (GB) moins de 0.5,Zaire Franklin (GB) moins de 0.5,0.5,1.0715,0,False
16551680,GB Packers	 vs. ATL Falcons,Javon Bullard,Javon Bullard (GB),Interceptions défensives Plus/Moins (prolongations incluses),3304,73828,1743095496,0.5|sa:player:nfl-1285918|GB,4535058425,Javon Bullard (GB) Plus de 0.5,Javon Bullard (GB) Plus de 0.5,0.5,6.75,0,False
16551680,GB Packers	 vs. ATL Falcons,Javon Bullard,Javon Bullard (GB),Interceptions défensives Plus/Moins (prolongations incluses),3304,73828,1743095496,0.5|sa:player:nfl-1285918|GB,4535058426,Javon Bullard (GB) moins de 0.5,Javon Bullard (GB) moins de 0.5,0.5,1.05,0,False
16551680,GB Packers	 vs. ATL Falcons,Bijan Robinson,Bijan Robinson (ATL),1ère mi-temps - Touchdowns de course du joueur Plus / Moins,31473,77067,1743095454,0.5|sa:player:nfl-1228244|ATL,4535058353,Bijan Robinson (ATL) Plus de 0.5,Bijan Robinson (ATL) Plus de 0.5,0.5,3.0,0,False
16551680,GB Packers	 vs. ATL Falcons,Bijan Robinson,Bijan Robinson (ATL),1ère mi-temps - Touchdowns de course du joueur Plus / Moins,31473,77067,1743095454,0.5|sa:player:nfl-1228244|ATL,4535058354,Bijan Robinson (ATL) moins de 0.5,Bijan Robinson (ATL) moins de 0.5,0.5,1.2858,0,False
16551680,GB Packers	 vs. ATL Falcons,MarShawn Lloyd,MarShawn Lloyd (GB),1ère mi-temps - Touchdowns de course du joueur Plus / Moins,31473,77067,1743095369,0.5|sa:player:nfl-1213414|GB,4535058204,MarShawn Lloyd (GB) Plus de 0.5,MarShawn Lloyd (GB) Plus de 0.5,0.5,4.75,0,False
16551680,GB Packers	 vs. ATL Falcons,MarShawn Lloyd,MarShawn Lloyd (GB),1ère mi-temps - Touchdowns de course du joueur Plus / Moins,31473,77067,1743095369,0.5|sa:player:nfl-1213414|GB,4535058205,MarShawn Lloyd (GB) moins de 0.5,MarShawn Lloyd (GB) moins de 0.5,0.5,1.1112,0,False
16551680,GB Packers	 vs. ATL Falcons,Kaleb Johnson,Kaleb Johnson (GB),1ère mi-temps - Touchdowns de course du joueur Plus / Moins,31473,77067,1743095572,0.5|sa:player:nfl-1381902|GB,4535058562,Kaleb Johnson (GB) Plus de 0.5,Kaleb Johnson (GB) Plus de 0.5,0.5,5.0,0,False
16551680,GB Packers	 vs. ATL Falcons,Kaleb Johnson,Kaleb Johnson (GB),1ère mi-temps - Touchdowns de course du joueur Plus / Moins,31473,77067,1743095572,0.5|sa:player:nfl-1381902|GB,4535058563,Kaleb Johnson (GB) moins de 0.5,Kaleb Johnson (GB) moins de 0.5,0.5,1.1,0,False
16551680,GB Packers	 vs. ATL Falcons,Chris Brooks,Chris Brooks (GB),1ère mi-temps - Touchdowns de course du joueur Plus / Moins,31473,77067,1743095209,0.5|sa:player:nfl-1127065|GB,4535057928,Chris Brooks (GB) moins de 0.5,Chris Brooks (GB) moins de 0.5,0.5,1.0589,0,False
16551680,GB Packers	 vs. ATL Falcons,Chris Brooks,Chris Brooks (GB),1ère mi-temps - Touchdowns de course du joueur Plus / Moins,31473,77067,1743095209,0.5|sa:player:nfl-1127065|GB,4535057927,Chris Brooks (GB) Plus de 0.5,Chris Brooks (GB) Plus de 0.5,0.5,6.0,0,False
16551680,GB Packers	 vs. ATL Falcons,Brian Robinson,Brian Robinson (ATL),1ère mi-temps - Touchdowns de course du joueur Plus / Moins,31473,77067,1743094838,0.5|sa:player:nfl-973966|ATL,4535057286,Brian Robinson (ATL) Plus de 0.5,Brian Robinson (ATL) Plus de 0.5,0.5,6.25,0,False
16551680,GB Packers	 vs. ATL Falcons,Brian Robinson,Brian Robinson (ATL),1ère mi-temps - Touchdowns de course du joueur Plus / Moins,31473,77067,1743094838,0.5|sa:player:nfl-973966|ATL,4535057287,Brian Robinson (ATL) moins de 0.5,Brian Robinson (ATL) moins de 0.5,0.5,1.05,0,False
16551680,GB Packers	 vs. ATL Falcons,Jordan Love,Jordan Love (GB),1ère mi-temps - Touchdowns de course du joueur Plus / Moins,31473,77067,1743094703,0.5|sa:player:nfl-912137|GB,4535057046,Jordan Love (GB) Plus de 0.5,Jordan Love (GB) Plus de 0.5,0.5,7.75,0,False
16551680,GB Packers	 vs. ATL Falcons,Jordan Love,Jordan Love (GB),1ère mi-temps - Touchdowns de course du joueur Plus / Moins,31473,77067,1743094703,0.5|sa:player:nfl-912137|GB,4535057047,Jordan Love (GB) moins de 0.5,Jordan Love (GB) moins de 0.5,0.5,1.02,0,False
16551680,GB Packers	 vs. ATL Falcons,Michael Penix,Michael Penix (ATL),1ère mi-temps - Touchdowns de course du joueur Plus / Moins,31473,77067,1743095036,0.5|sa:player:nfl-1107478|ATL,4535057632,Michael Penix (ATL) moins de 0.5,Michael Penix (ATL) moins de 0.5,0.5,1.01,0,False
16551680,GB Packers	 vs. ATL Falcons,Michael Penix,Michael Penix (ATL),1ère mi-temps - Touchdowns de course du joueur Plus / Moins,31473,77067,1743095036,0.5|sa:player:nfl-1107478|ATL,4535057631,Michael Penix (ATL) Plus de 0.5,Michael Penix (ATL) Plus de 0.5,0.5,8.5,0,False
16551680,GB Packers	 vs. ATL Falcons,Christian Watson,Christian Watson (GB),1ère mi-temps - Touchdowns de réception du joueur Plus / Moins,31467,77061,1743094923,0.5|sa:player:nfl-1067918|GB,4535057433,Christian Watson (GB) Plus de 0.5,Christian Watson (GB) Plus de 0.5,0.5,3.6,0,False
16551680,GB Packers	 vs. ATL Falcons,Christian Watson,Christian Watson (GB),1ère mi-temps - Touchdowns de réception du joueur Plus / Moins,31467,77061,1743094923,0.5|sa:player:nfl-1067918|GB,4535057434,Christian Watson (GB) moins de 0.5,Christian Watson (GB) moins de 0.5,0.5,1.2,0,False
16551680,GB Packers	 vs. ATL Falcons,Matthew Golden,Matthew Golden (GB),1ère mi-temps - Touchdowns de réception du joueur Plus / Moins,31467,77061,1743095526,0.5|sa:player:nfl-1379267|GB,4535058480,Matthew Golden (GB) Plus de 0.5,Matthew Golden (GB) Plus de 0.5,0.5,4.0,0,False
16551680,GB Packers	 vs. ATL Falcons,Matthew Golden,Matthew Golden (GB),1ère mi-temps - Touchdowns de réception du joueur Plus / Moins,31467,77061,1743095526,0.5|sa:player:nfl-1379267|GB,4535058481,Matthew Golden (GB) moins de 0.5,Matthew Golden (GB) moins de 0.5,0.5,1.1667,0,False
16551680,GB Packers	 vs. ATL Falcons,Tucker Kraft,Tucker Kraft (GB),1ère mi-temps - Touchdowns de réception du joueur Plus / Moins,31467,77061,1743095324,0.5|sa:player:nfl-1181874|GB,4535058124,Tucker Kraft (GB) Plus de 0.5,Tucker Kraft (GB) Plus de 0.5,0.5,4.25,0,False
16551680,GB Packers	 vs. ATL Falcons,Tucker Kraft,Tucker Kraft (GB),1ère mi-temps - Touchdowns de réception du joueur Plus / Moins,31467,77061,1743095324,0.5|sa:player:nfl-1181874|GB,4535058125,Tucker Kraft (GB) moins de 0.5,Tucker Kraft (GB) moins de 0.5,0.5,1.1429,0,False
16551680,GB Packers	 vs. ATL Falcons,Drake London,Drake London (ATL),1ère mi-temps - Touchdowns de réception du joueur Plus / Moins,31467,77061,1743095297,0.5|sa:player:nfl-1178741|ATL,4535058080,Drake London (ATL) moins de 0.5,Drake London (ATL) moins de 0.5,0.5,1.1,0,False
16551680,GB Packers	 vs. ATL Falcons,Drake London,Drake London (ATL),1ère mi-temps - Touchdowns de réception du joueur Plus / Moins,31467,77061,1743095297,0.5|sa:player:nfl-1178741|ATL,4535058079,Drake London (ATL) Plus de 0.5,Drake London (ATL) Plus de 0.5,0.5,5.0,0,False
16551680,GB Packers	 vs. ATL Falcons,Bijan Robinson,Bijan Robinson (ATL),1ère mi-temps - Touchdowns de réception du joueur Plus / Moins,31467,77061,1743095441,0.5|sa:player:nfl-1228244|ATL,4535058328,Bijan Robinson (ATL) moins de 0.5,Bijan Robinson (ATL) moins de 0.5,0.5,1.0589,0,False
16551680,GB Packers	 vs. ATL Falcons,Bijan Robinson,Bijan Robinson (ATL),1ère mi-temps - Touchdowns de réception du joueur Plus / Moins,31467,77061,1743095441,0.5|sa:player:nfl-1228244|ATL,4535058327,Bijan Robinson (ATL) Plus de 0.5,Bijan Robinson (ATL) Plus de 0.5,0.5,6.0,0,False
16551680,GB Packers	 vs. ATL Falcons,Kyle Pitts,Kyle Pitts (ATL),1ère mi-temps - Touchdowns de réception du joueur Plus / Moins,31467,77061,1743095142,0.5|sa:player:nfl-1123026|ATL,4535057811,Kyle Pitts (ATL) Plus de 0.5,Kyle Pitts (ATL) Plus de 0.5,0.5,6.25,0,False
16551680,GB Packers	 vs. ATL Falcons,Kyle Pitts,Kyle Pitts (ATL),1ère mi-temps - Touchdowns de réception du joueur Plus / Moins,31467,77061,1743095142,0.5|sa:player:nfl-1123026|ATL,4535057812,Kyle Pitts (ATL) moins de 0.5,Kyle Pitts (ATL) moins de 0.5,0.5,1.05,0,False
16551680,GB Packers	 vs. ATL Falcons,Skyy Moore,Skyy Moore (GB),1ère mi-temps - Touchdowns de réception du joueur Plus / Moins,31467,77061,1743095265,0.5|sa:player:nfl-1176730|GB,4535058025,Skyy Moore (GB) Plus de 0.5,Skyy Moore (GB) Plus de 0.5,0.5,6.75,0,False
16551680,GB Packers	 vs. ATL Falcons,Skyy Moore,Skyy Moore (GB),1ère mi-temps - Touchdowns de réception du joueur Plus / Moins,31467,77061,1743095265,0.5|sa:player:nfl-1176730|GB,4535058026,Skyy Moore (GB) moins de 0.5,Skyy Moore (GB) moins de 0.5,0.5,1.04,0,False
16551680,GB Packers	 vs. ATL Falcons,Jahan Dotson,Jahan Dotson (ATL),1ère mi-temps - Touchdowns de réception du joueur Plus / Moins,31467,77061,1743095104,0.5|sa:player:nfl-1121878|ATL,4535057746,Jahan Dotson (ATL) Plus de 0.5,Jahan Dotson (ATL) Plus de 0.5,0.5,7.75,0,False
16551680,GB Packers	 vs. ATL Falcons,Jahan Dotson,Jahan Dotson (ATL),1ère mi-temps - Touchdowns de réception du joueur Plus / Moins,31467,77061,1743095104,0.5|sa:player:nfl-1121878|ATL,4535057747,Jahan Dotson (ATL) moins de 0.5,Jahan Dotson (ATL) moins de 0.5,0.5,1.02,0,False
16551680,GB Packers	 vs. ATL Falcons,Austin Hooper,Austin Hooper (ATL),1ère mi-temps - Touchdowns de réception du joueur Plus / Moins,31467,77061,1743094561,0.5|sa:player:nfl-739424|ATL,4535056795,Austin Hooper (ATL) Plus de 0.5,Austin Hooper (ATL) Plus de 0.5,0.5,8.5,0,False
16551680,GB Packers	 vs. ATL Falcons,Austin Hooper,Austin Hooper (ATL),1ère mi-temps - Touchdowns de réception du joueur Plus / Moins,31467,77061,1743094561,0.5|sa:player:nfl-739424|ATL,4535056796,Austin Hooper (ATL) moins de 0.5,Austin Hooper (ATL) moins de 0.5,0.5,0.0,7,False
16551680,GB Packers	 vs. ATL Falcons,Bo Melton,Bo Melton (GB),1ère mi-temps - Touchdowns de réception du joueur Plus / Moins,31467,77061,1743094950,0.5|sa:player:nfl-1068803|GB,4535057478,Bo Melton (GB) Plus de 0.5,Bo Melton (GB) Plus de 0.5,0.5,8.5,0,False
16551680,GB Packers	 vs. ATL Falcons,Bo Melton,Bo Melton (GB),1ère mi-temps - Touchdowns de réception du joueur Plus / Moins,31467,77061,1743094950,0.5|sa:player:nfl-1068803|GB,4535057479,Bo Melton (GB) moins de 0.5,Bo Melton (GB) moins de 0.5,0.5,1.01,0,False
16551680,GB Packers	 vs. ATL Falcons,Chris Blair,Chris Blair (ATL),1ère mi-temps - Touchdowns de réception du joueur Plus / Moins,31467,77061,1743095071,0.5|sa:player:nfl-1120347|ATL,4535057690,Chris Blair (ATL) Plus de 0.5,Chris Blair (ATL) Plus de 0.5,0.5,8.5,0,False
16551680,GB Packers	 vs. ATL Falcons,Chris Blair,Chris Blair (ATL),1ère mi-temps - Touchdowns de réception du joueur Plus / Moins,31467,77061,1743095071,0.5|sa:player:nfl-1120347|ATL,4535057691,Chris Blair (ATL) moins de 0.5,Chris Blair (ATL) moins de 0.5,0.5,0.0,7,False
16551680,GB Packers	 vs. ATL Falcons,Chris Brooks,Chris Brooks (GB),1ère mi-temps - Touchdowns de réception du joueur Plus / Moins,31467,77061,1743095196,0.5|sa:player:nfl-1127065|GB,4535057901,Chris Brooks (GB) Plus de 0.5,Chris Brooks (GB) Plus de 0.5,0.5,8.5,0,False
16551680,GB Packers	 vs. ATL Falcons,Chris Brooks,Chris Brooks (GB),1ère mi-temps - Touchdowns de réception du joueur Plus / Moins,31467,77061,1743095196,0.5|sa:player:nfl-1127065|GB,4535057902,Chris Brooks (GB) moins de 0.5,Chris Brooks (GB) moins de 0.5,0.5,1.01,0,False
16551680,GB Packers	 vs. ATL Falcons,J. Michael Sturdivant,J. Michael Sturdivant (GB),1ère mi-temps - Touchdowns de réception du joueur Plus / Moins,31467,77061,1743368166,0.5|sa:player:nfl-1323916|GB,4535867609,J. Michael Sturdivant (GB) Plus de 0.5,J. Michael Sturdivant (GB) Plus de 0.5,0.5,8.5,0,False
16551680,GB Packers	 vs. ATL Falcons,J. Michael Sturdivant,J. Michael Sturdivant (GB),1ère mi-temps - Touchdowns de réception du joueur Plus / Moins,31467,77061,1743368166,0.5|sa:player:nfl-1323916|GB,4535867610,J. Michael Sturdivant (GB) moins de 0.5,J. Michael Sturdivant (GB) moins de 0.5,0.5,0.0,7,False
16551680,GB Packers	 vs. ATL Falcons,Josh Whyle,Josh Whyle (GB),1ère mi-temps - Touchdowns de réception du joueur Plus / Moins,31467,77061,1743094982,0.5|sa:player:nfl-1107037|GB,4535057532,Josh Whyle (GB) Plus de 0.5,Josh Whyle (GB) Plus de 0.5,0.5,8.5,0,False
16551680,GB Packers	 vs. ATL Falcons,Josh Whyle,Josh Whyle (GB),1ère mi-temps - Touchdowns de réception du joueur Plus / Moins,31467,77061,1743094982,0.5|sa:player:nfl-1107037|GB,4535057533,Josh Whyle (GB) moins de 0.5,Josh Whyle (GB) moins de 0.5,0.5,0.0,7,False
16551680,GB Packers	 vs. ATL Falcons,Kaleb Johnson,Kaleb Johnson (GB),1ère mi-temps - Touchdowns de réception du joueur Plus / Moins,31467,77061,1743095559,0.5|sa:player:nfl-1381902|GB,4535058536,Kaleb Johnson (GB) Plus de 0.5,Kaleb Johnson (GB) Plus de 0.5,0.5,8.5,0,False
16551680,GB Packers	 vs. ATL Falcons,Kaleb Johnson,Kaleb Johnson (GB),1ère mi-temps - Touchdowns de réception du joueur Plus / Moins,31467,77061,1743095559,0.5|sa:player:nfl-1381902|GB,4535058537,Kaleb Johnson (GB) moins de 0.5,Kaleb Johnson (GB) moins de 0.5,0.5,0.0,7,False
16551680,GB Packers	 vs. ATL Falcons,MarShawn Lloyd,MarShawn Lloyd (GB),1ère mi-temps - Touchdowns de réception du joueur Plus / Moins,31467,77061,1743095356,0.5|sa:player:nfl-1213414|GB,4535058178,MarShawn Lloyd (GB) Plus de 0.5,MarShawn Lloyd (GB) Plus de 0.5,0.5,8.5,0,False
16551680,GB Packers	 vs. ATL Falcons,MarShawn Lloyd,MarShawn Lloyd (GB),1ère mi-temps - Touchdowns de réception du joueur Plus / Moins,31467,77061,1743095356,0.5|sa:player:nfl-1213414|GB,4535058179,MarShawn Lloyd (GB) moins de 0.5,MarShawn Lloyd (GB) moins de 0.5,0.5,1.01,0,False
16551680,GB Packers	 vs. ATL Falcons,Mark Redman,Mark Redman (GB),1ère mi-temps - Touchdowns de réception du joueur Plus / Moins,31467,77061,1743095397,0.5|sa:player:nfl-1213730|GB,4535058251,Mark Redman (GB) Plus de 0.5,Mark Redman (GB) Plus de 0.5,0.5,8.5,0,False
16551680,GB Packers	 vs. ATL Falcons,Mark Redman,Mark Redman (GB),1ère mi-temps - Touchdowns de réception du joueur Plus / Moins,31467,77061,1743095397,0.5|sa:player:nfl-1213730|GB,4535058252,Mark Redman (GB) moins de 0.5,Mark Redman (GB) moins de 0.5,0.5,0.0,7,False
16551680,GB Packers	 vs. ATL Falcons,Olamide Zaccheaus,Olamide Zaccheaus (ATL),1ère mi-temps - Touchdowns de réception du joueur Plus / Moins,31467,77061,1743094643,0.5|sa:player:nfl-883976|ATL,4535056936,Olamide Zaccheaus (ATL) Plus de 0.5,Olamide Zaccheaus (ATL) Plus de 0.5,0.5,8.5,0,False
16551680,GB Packers	 vs. ATL Falcons,Olamide Zaccheaus,Olamide Zaccheaus (ATL),1ère mi-temps - Touchdowns de réception du joueur Plus / Moins,31467,77061,1743094643,0.5|sa:player:nfl-883976|ATL,4535056937,Olamide Zaccheaus (ATL) moins de 0.5,Olamide Zaccheaus (ATL) moins de 0.5,0.5,0.0,7,False
16551680,GB Packers	 vs. ATL Falcons,Zachariah Branch,Zachariah Branch (ATL),1ère mi-temps - Touchdowns de réception du joueur Plus / Moins,31467,77061,1743095608,0.5|sa:player:nfl-1441110|ATL,4535058624,Zachariah Branch (ATL) Plus de 0.5,Zachariah Branch (ATL) Plus de 0.5,0.5,8.5,0,False
16551680,GB Packers	 vs. ATL Falcons,Zachariah Branch,Zachariah Branch (ATL),1ère mi-temps - Touchdowns de réception du joueur Plus / Moins,31467,77061,1743095608,0.5|sa:player:nfl-1441110|ATL,4535058625,Zachariah Branch (ATL) moins de 0.5,Zachariah Branch (ATL) moins de 0.5,0.5,0.0,7,False
16551680,GB Packers	 vs. ATL Falcons,Brian Robinson,Brian Robinson (ATL),1ère mi-temps - Touchdowns de réception du joueur Plus / Moins,31467,77061,1743094825,0.5|sa:player:nfl-973966|ATL,4535057260,Brian Robinson (ATL) Plus de 0.5,Brian Robinson (ATL) Plus de 0.5,0.5,9.0,0,False
16551680,GB Packers	 vs. ATL Falcons,Brian Robinson,Brian Robinson (ATL),1ère mi-temps - Touchdowns de réception du joueur Plus / Moins,31467,77061,1743094825,0.5|sa:player:nfl-973966|ATL,4535057261,Brian Robinson (ATL) moins de 0.5,Brian Robinson (ATL) moins de 0.5,0.5,0.0,7,False
16551680,GB Packers	 vs. ATL Falcons,Jordan Love,Jordan Love (GB),1ère mi-temps - Total de Touchdowns à la passe du joueur - Plus/Moins,31461,77055,1743094681,0.5|sa:player:nfl-912137|GB,4535057002,Jordan Love (GB) Plus de 0.5,Jordan Love (GB) Plus de 0.5,0.5,1.4445,0,False
16551680,GB Packers	 vs. ATL Falcons,Jordan Love,Jordan Love (GB),1ère mi-temps - Total de Touchdowns à la passe du joueur - Plus/Moins,31461,77055,1743094681,0.5|sa:player:nfl-912137|GB,4535057003,Jordan Love (GB) moins de 0.5,Jordan Love (GB) moins de 0.5,0.5,2.4,0,False
16551680,GB Packers	 vs. ATL Falcons,Michael Penix,Michael Penix (ATL),1ère mi-temps - Total de Touchdowns à la passe du joueur - Plus/Moins,31461,77055,1743095014,0.5|sa:player:nfl-1107478|ATL,4535057587,Michael Penix (ATL) Plus de 0.5,Michael Penix (ATL) Plus de 0.5,0.5,2.15,0,False
16551680,GB Packers	 vs. ATL Falcons,Michael Penix,Michael Penix (ATL),1ère mi-temps - Total de Touchdowns à la passe du joueur - Plus/Moins,31461,77055,1743095014,0.5|sa:player:nfl-1107478|ATL,4535057588,Michael Penix (ATL) moins de 0.5,Michael Penix (ATL) moins de 0.5,0.5,1.5556,0,False
16551680,GB Packers	 vs. ATL Falcons,Jordan Love,Jordan Love (GB),Total de Touchdowns à la passe du joueur (Incl. Prolongations),761,71923,1743094670,1.5|sa:player:nfl-912137|GB,4535056980,Jordan Love (GB) Plus de 1.5,Jordan Love (GB) Plus de 1.5,1.5,1.6667,0,False
16551680,GB Packers	 vs. ATL Falcons,Jordan Love,Jordan Love (GB),Total de Touchdowns à la passe du joueur (Incl. Prolongations),761,71923,1743094670,1.5|sa:player:nfl-912137|GB,4535056981,Jordan Love (GB) moins de 1.5,Jordan Love (GB) moins de 1.5,1.5,2.0,0,False
16551680,GB Packers	 vs. ATL Falcons,Michael Penix,Michael Penix (ATL),Total de Touchdowns à la passe du joueur (Incl. Prolongations),761,71923,1743375955,0.5|sa:player:nfl-1107478|ATL,4535894389,Michael Penix (ATL) Plus de 0.5,Michael Penix (ATL) Plus de 0.5,0.5,1.3572,0,False
16551680,GB Packers	 vs. ATL Falcons,Michael Penix,Michael Penix (ATL),Total de Touchdowns à la passe du joueur (Incl. Prolongations),761,71923,1743375955,0.5|sa:player:nfl-1107478|ATL,4535894390,Michael Penix (ATL) moins de 0.5,Michael Penix (ATL) moins de 0.5,0.5,2.75,0,False
16551680,GB Packers	 vs. ATL Falcons,Bijan Robinson,Bijan Robinson (ATL),2ème mi-temps - Touchdowns de course du joueur Plus / Moins,31474,77068,1743095455,0.5|sa:player:nfl-1228244|ATL,4535058355,Bijan Robinson (ATL) Plus de 0.5,Bijan Robinson (ATL) Plus de 0.5,0.5,3.2,0,False
16551680,GB Packers	 vs. ATL Falcons,Bijan Robinson,Bijan Robinson (ATL),2ème mi-temps - Touchdowns de course du joueur Plus / Moins,31474,77068,1743095455,0.5|sa:player:nfl-1228244|ATL,4535058356,Bijan Robinson (ATL) moins de 0.5,Bijan Robinson (ATL) moins de 0.5,0.5,1.25,0,False
16551680,GB Packers	 vs. ATL Falcons,Kaleb Johnson,Kaleb Johnson (GB),2ème mi-temps - Touchdowns de course du joueur Plus / Moins,31474,77068,1743095573,0.5|sa:player:nfl-1381902|GB,4535058564,Kaleb Johnson (GB) Plus de 0.5,Kaleb Johnson (GB) Plus de 0.5,0.5,4.75,0,False
16551680,GB Packers	 vs. ATL Falcons,Kaleb Johnson,Kaleb Johnson (GB),2ème mi-temps - Touchdowns de course du joueur Plus / Moins,31474,77068,1743095573,0.5|sa:player:nfl-1381902|GB,4535058565,Kaleb Johnson (GB) moins de 0.5,Kaleb Johnson (GB) moins de 0.5,0.5,1.1112,0,False
16551680,GB Packers	 vs. ATL Falcons,MarShawn Lloyd,MarShawn Lloyd (GB),2ème mi-temps - Touchdowns de course du joueur Plus / Moins,31474,77068,1743095370,0.5|sa:player:nfl-1213414|GB,4535058206,MarShawn Lloyd (GB) Plus de 0.5,MarShawn Lloyd (GB) Plus de 0.5,0.5,4.75,0,False
16551680,GB Packers	 vs. ATL Falcons,MarShawn Lloyd,MarShawn Lloyd (GB),2ème mi-temps - Touchdowns de course du joueur Plus / Moins,31474,77068,1743095370,0.5|sa:player:nfl-1213414|GB,4535058207,MarShawn Lloyd (GB) moins de 0.5,MarShawn Lloyd (GB) moins de 0.5,0.5,1.1112,0,False
16551680,GB Packers	 vs. ATL Falcons,Brian Robinson,Brian Robinson (ATL),2ème mi-temps - Touchdowns de course du joueur Plus / Moins,31474,77068,1743094839,0.5|sa:player:nfl-973966|ATL,4535057288,Brian Robinson (ATL) Plus de 0.5,Brian Robinson (ATL) Plus de 0.5,0.5,6.0,0,False
16551680,GB Packers	 vs. ATL Falcons,Brian Robinson,Brian Robinson (ATL),2ème mi-temps - Touchdowns de course du joueur Plus / Moins,31474,77068,1743094839,0.5|sa:player:nfl-973966|ATL,4535057289,Brian Robinson (ATL) moins de 0.5,Brian Robinson (ATL) moins de 0.5,0.5,1.0589,0,False
16551680,GB Packers	 vs. ATL Falcons,Chris Brooks,Chris Brooks (GB),2ème mi-temps - Touchdowns de course du joueur Plus / Moins,31474,77068,1743095210,0.5|sa:player:nfl-1127065|GB,4535057929,Chris Brooks (GB) Plus de 0.5,Chris Brooks (GB) Plus de 0.5,0.5,6.0,0,False
16551680,GB Packers	 vs. ATL Falcons,Chris Brooks,Chris Brooks (GB),2ème mi-temps - Touchdowns de course du joueur Plus / Moins,31474,77068,1743095210,0.5|sa:player:nfl-1127065|GB,4535057930,Chris Brooks (GB) moins de 0.5,Chris Brooks (GB) moins de 0.5,0.5,1.0625,0,False
16551680,GB Packers	 vs. ATL Falcons,Jordan Love,Jordan Love (GB),2ème mi-temps - Touchdowns de course du joueur Plus / Moins,31474,77068,1743094704,0.5|sa:player:nfl-912137|GB,4535057048,Jordan Love (GB) Plus de 0.5,Jordan Love (GB) Plus de 0.5,0.5,7.5,0,False
16551680,GB Packers	 vs. ATL Falcons,Jordan Love,Jordan Love (GB),2ème mi-temps - Touchdowns de course du joueur Plus / Moins,31474,77068,1743094704,0.5|sa:player:nfl-912137|GB,4535057049,Jordan Love (GB) moins de 0.5,Jordan Love (GB) moins de 0.5,0.5,1.02,0,False
16551680,GB Packers	 vs. ATL Falcons,Michael Penix,Michael Penix (ATL),2ème mi-temps - Touchdowns de course du joueur Plus / Moins,31474,77068,1743095037,0.5|sa:player:nfl-1107478|ATL,4535057633,Michael Penix (ATL) Plus de 0.5,Michael Penix (ATL) Plus de 0.5,0.5,8.5,0,False
16551680,GB Packers	 vs. ATL Falcons,Michael Penix,Michael Penix (ATL),2ème mi-temps - Touchdowns de course du joueur Plus / Moins,31474,77068,1743095037,0.5|sa:player:nfl-1107478|ATL,4535057634,Michael Penix (ATL) moins de 0.5,Michael Penix (ATL) moins de 0.5,0.5,1.01,0,False
16551680,GB Packers	 vs. ATL Falcons,Christian Watson,Christian Watson (GB),2ème mi-temps - Touchdowns de réception du joueur Plus / Moins,31468,77062,1743094924,0.5|sa:player:nfl-1067918|GB,4535057435,Christian Watson (GB) Plus de 0.5,Christian Watson (GB) Plus de 0.5,0.5,3.75,0,False
16551680,GB Packers	 vs. ATL Falcons,Christian Watson,Christian Watson (GB),2ème mi-temps - Touchdowns de réception du joueur Plus / Moins,31468,77062,1743094924,0.5|sa:player:nfl-1067918|GB,4535057436,Christian Watson (GB) moins de 0.5,Christian Watson (GB) moins de 0.5,0.5,1.1819,0,False
16551680,GB Packers	 vs. ATL Falcons,Matthew Golden,Matthew Golden (GB),2ème mi-temps - Touchdowns de réception du joueur Plus / Moins,31468,77062,1743095527,0.5|sa:player:nfl-1379267|GB,4535058482,Matthew Golden (GB) Plus de 0.5,Matthew Golden (GB) Plus de 0.5,0.5,4.4,0,False
16551680,GB Packers	 vs. ATL Falcons,Matthew Golden,Matthew Golden (GB),2ème mi-temps - Touchdowns de réception du joueur Plus / Moins,31468,77062,1743095527,0.5|sa:player:nfl-1379267|GB,4535058483,Matthew Golden (GB) moins de 0.5,Matthew Golden (GB) moins de 0.5,0.5,1.1334,0,False
16551680,GB Packers	 vs. ATL Falcons,Tucker Kraft,Tucker Kraft (GB),2ème mi-temps - Touchdowns de réception du joueur Plus / Moins,31468,77062,1743095325,0.5|sa:player:nfl-1181874|GB,4535058126,Tucker Kraft (GB) Plus de 0.5,Tucker Kraft (GB) Plus de 0.5,0.5,4.4,0,False
16551680,GB Packers	 vs. ATL Falcons,Tucker Kraft,Tucker Kraft (GB),2ème mi-temps - Touchdowns de réception du joueur Plus / Moins,31468,77062,1743095325,0.5|sa:player:nfl-1181874|GB,4535058127,Tucker Kraft (GB) moins de 0.5,Tucker Kraft (GB) moins de 0.5,0.5,1.1334,0,False
16551680,GB Packers	 vs. ATL Falcons,Drake London,Drake London (ATL),2ème mi-temps - Touchdowns de réception du joueur Plus / Moins,31468,77062,1743095298,0.5|sa:player:nfl-1178741|ATL,4535058081,Drake London (ATL) Plus de 0.5,Drake London (ATL) Plus de 0.5,0.5,4.75,0,False
16551680,GB Packers	 vs. ATL Falcons,Drake London,Drake London (ATL),2ème mi-temps - Touchdowns de réception du joueur Plus / Moins,31468,77062,1743095298,0.5|sa:player:nfl-1178741|ATL,4535058082,Drake London (ATL) moins de 0.5,Drake London (ATL) moins de 0.5,0.5,1.1112,0,False
16551680,GB Packers	 vs. ATL Falcons,Bijan Robinson,Bijan Robinson (ATL),2ème mi-temps - Touchdowns de réception du joueur Plus / Moins,31468,77062,1743095442,0.5|sa:player:nfl-1228244|ATL,4535058329,Bijan Robinson (ATL) Plus de 0.5,Bijan Robinson (ATL) Plus de 0.5,0.5,5.75,0,False
16551680,GB Packers	 vs. ATL Falcons,Bijan Robinson,Bijan Robinson (ATL),2ème mi-temps - Touchdowns de réception du joueur Plus / Moins,31468,77062,1743095442,0.5|sa:player:nfl-1228244|ATL,4535058330,Bijan Robinson (ATL) moins de 0.5,Bijan Robinson (ATL) moins de 0.5,0.5,1.0715,0,False
16551680,GB Packers	 vs. ATL Falcons,Kyle Pitts,Kyle Pitts (ATL),2ème mi-temps - Touchdowns de réception du joueur Plus / Moins,31468,77062,1743095143,0.5|sa:player:nfl-1123026|ATL,4535057813,Kyle Pitts (ATL) Plus de 0.5,Kyle Pitts (ATL) Plus de 0.5,0.5,6.0,0,False
16551680,GB Packers	 vs. ATL Falcons,Kyle Pitts,Kyle Pitts (ATL),2ème mi-temps - Touchdowns de réception du joueur Plus / Moins,31468,77062,1743095143,0.5|sa:player:nfl-1123026|ATL,4535057814,Kyle Pitts (ATL) moins de 0.5,Kyle Pitts (ATL) moins de 0.5,0.5,1.0625,0,False
16551680,GB Packers	 vs. ATL Falcons,Jahan Dotson,Jahan Dotson (ATL),2ème mi-temps - Touchdowns de réception du joueur Plus / Moins,31468,77062,1743095105,0.5|sa:player:nfl-1121878|ATL,4535057748,Jahan Dotson (ATL) Plus de 0.5,Jahan Dotson (ATL) Plus de 0.5,0.5,7.0,0,False
16551680,GB Packers	 vs. ATL Falcons,Jahan Dotson,Jahan Dotson (ATL),2ème mi-temps - Touchdowns de réception du joueur Plus / Moins,31468,77062,1743095105,0.5|sa:player:nfl-1121878|ATL,4535057749,Jahan Dotson (ATL) moins de 0.5,Jahan Dotson (ATL) moins de 0.5,0.5,1.0334,0,False
16551680,GB Packers	 vs. ATL Falcons,Skyy Moore,Skyy Moore (GB),2ème mi-temps - Touchdowns de réception du joueur Plus / Moins,31468,77062,1743095266,0.5|sa:player:nfl-1176730|GB,4535058027,Skyy Moore (GB) Plus de 0.5,Skyy Moore (GB) Plus de 0.5,0.5,7.0,0,False
16551680,GB Packers	 vs. ATL Falcons,Skyy Moore,Skyy Moore (GB),2ème mi-temps - Touchdowns de réception du joueur Plus / Moins,31468,77062,1743095266,0.5|sa:player:nfl-1176730|GB,4535058028,Skyy Moore (GB) moins de 0.5,Skyy Moore (GB) moins de 0.5,0.5,1.0334,0,False
16551680,GB Packers	 vs. ATL Falcons,Austin Hooper,Austin Hooper (ATL),2ème mi-temps - Touchdowns de réception du joueur Plus / Moins,31468,77062,1743094562,0.5|sa:player:nfl-739424|ATL,4535056797,Austin Hooper (ATL) Plus de 0.5,Austin Hooper (ATL) Plus de 0.5,0.5,8.5,0,False
16551680,GB Packers	 vs. ATL Falcons,Austin Hooper,Austin Hooper (ATL),2ème mi-temps - Touchdowns de réception du joueur Plus / Moins,31468,77062,1743094562,0.5|sa:player:nfl-739424|ATL,4535056798,Austin Hooper (ATL) moins de 0.5,Austin Hooper (ATL) moins de 0.5,0.5,0.0,7,False
16551680,GB Packers	 vs. ATL Falcons,Bo Melton,Bo Melton (GB),2ème mi-temps - Touchdowns de réception du joueur Plus / Moins,31468,77062,1743094951,0.5|sa:player:nfl-1068803|GB,4535057480,Bo Melton (GB) Plus de 0.5,Bo Melton (GB) Plus de 0.5,0.5,8.5,0,False
16551680,GB Packers	 vs. ATL Falcons,Bo Melton,Bo Melton (GB),2ème mi-temps - Touchdowns de réception du joueur Plus / Moins,31468,77062,1743094951,0.5|sa:player:nfl-1068803|GB,4535057481,Bo Melton (GB) moins de 0.5,Bo Melton (GB) moins de 0.5,0.5,0.0,7,False
16551680,GB Packers	 vs. ATL Falcons,Brian Robinson,Brian Robinson (ATL),2ème mi-temps - Touchdowns de réception du joueur Plus / Moins,31468,77062,1743094826,0.5|sa:player:nfl-973966|ATL,4535057262,Brian Robinson (ATL) Plus de 0.5,Brian Robinson (ATL) Plus de 0.5,0.5,8.5,0,False
16551680,GB Packers	 vs. ATL Falcons,Brian Robinson,Brian Robinson (ATL),2ème mi-temps - Touchdowns de réception du joueur Plus / Moins,31468,77062,1743094826,0.5|sa:player:nfl-973966|ATL,4535057263,Brian Robinson (ATL) moins de 0.5,Brian Robinson (ATL) moins de 0.5,0.5,0.0,7,False
16551680,GB Packers	 vs. ATL Falcons,Charlie Woerner,Charlie Woerner (ATL),2ème mi-temps - Touchdowns de réception du joueur Plus / Moins,31468,77062,1743094741,0.5|sa:player:nfl-922040|ATL,4535057112,Charlie Woerner (ATL) moins de 0.5,Charlie Woerner (ATL) moins de 0.5,0.5,0.0,7,False
16551680,GB Packers	 vs. ATL Falcons,Charlie Woerner,Charlie Woerner (ATL),2ème mi-temps - Touchdowns de réception du joueur Plus / Moins,31468,77062,1743094741,0.5|sa:player:nfl-922040|ATL,4535057111,Charlie Woerner (ATL) Plus de 0.5,Charlie Woerner (ATL) Plus de 0.5,0.5,8.5,0,False
16551680,GB Packers	 vs. ATL Falcons,Chris Blair,Chris Blair (ATL),2ème mi-temps - Touchdowns de réception du joueur Plus / Moins,31468,77062,1743095072,0.5|sa:player:nfl-1120347|ATL,4535057692,Chris Blair (ATL) Plus de 0.5,Chris Blair (ATL) Plus de 0.5,0.5,8.5,0,False
16551680,GB Packers	 vs. ATL Falcons,Chris Blair,Chris Blair (ATL),2ème mi-temps - Touchdowns de réception du joueur Plus / Moins,31468,77062,1743095072,0.5|sa:player:nfl-1120347|ATL,4535057693,Chris Blair (ATL) moins de 0.5,Chris Blair (ATL) moins de 0.5,0.5,0.0,7,False
16551680,GB Packers	 vs. ATL Falcons,Chris Brooks,Chris Brooks (GB),2ème mi-temps - Touchdowns de réception du joueur Plus / Moins,31468,77062,1743095197,0.5|sa:player:nfl-1127065|GB,4535057904,Chris Brooks (GB) moins de 0.5,Chris Brooks (GB) moins de 0.5,0.5,0.0,7,False
16551680,GB Packers	 vs. ATL Falcons,Chris Brooks,Chris Brooks (GB),2ème mi-temps - Touchdowns de réception du joueur Plus / Moins,31468,77062,1743095197,0.5|sa:player:nfl-1127065|GB,4535057903,Chris Brooks (GB) Plus de 0.5,Chris Brooks (GB) Plus de 0.5,0.5,8.5,0,False
16551680,GB Packers	 vs. ATL Falcons,J. Michael Sturdivant,J. Michael Sturdivant (GB),2ème mi-temps - Touchdowns de réception du joueur Plus / Moins,31468,77062,1743368167,0.5|sa:player:nfl-1323916|GB,4535867611,J. Michael Sturdivant (GB) Plus de 0.5,J. Michael Sturdivant (GB) Plus de 0.5,0.5,8.5,0,False
16551680,GB Packers	 vs. ATL Falcons,J. Michael Sturdivant,J. Michael Sturdivant (GB),2ème mi-temps - Touchdowns de réception du joueur Plus / Moins,31468,77062,1743368167,0.5|sa:player:nfl-1323916|GB,4535867612,J. Michael Sturdivant (GB) moins de 0.5,J. Michael Sturdivant (GB) moins de 0.5,0.5,0.0,7,False
16551680,GB Packers	 vs. ATL Falcons,Josh Whyle,Josh Whyle (GB),2ème mi-temps - Touchdowns de réception du joueur Plus / Moins,31468,77062,1743094983,0.5|sa:player:nfl-1107037|GB,4535057534,Josh Whyle (GB) Plus de 0.5,Josh Whyle (GB) Plus de 0.5,0.5,8.5,0,False
16551680,GB Packers	 vs. ATL Falcons,Josh Whyle,Josh Whyle (GB),2ème mi-temps - Touchdowns de réception du joueur Plus / Moins,31468,77062,1743094983,0.5|sa:player:nfl-1107037|GB,4535057535,Josh Whyle (GB) moins de 0.5,Josh Whyle (GB) moins de 0.5,0.5,0.0,7,False
16551680,GB Packers	 vs. ATL Falcons,Kaleb Johnson,Kaleb Johnson (GB),2ème mi-temps - Touchdowns de réception du joueur Plus / Moins,31468,77062,1743095560,0.5|sa:player:nfl-1381902|GB,4535058538,Kaleb Johnson (GB) Plus de 0.5,Kaleb Johnson (GB) Plus de 0.5,0.5,8.5,0,False
16551680,GB Packers	 vs. ATL Falcons,Kaleb Johnson,Kaleb Johnson (GB),2ème mi-temps - Touchdowns de réception du joueur Plus / Moins,31468,77062,1743095560,0.5|sa:player:nfl-1381902|GB,4535058539,Kaleb Johnson (GB) moins de 0.5,Kaleb Johnson (GB) moins de 0.5,0.5,0.0,7,False
16551680,GB Packers	 vs. ATL Falcons,MarShawn Lloyd,MarShawn Lloyd (GB),2ème mi-temps - Touchdowns de réception du joueur Plus / Moins,31468,77062,1743095357,0.5|sa:player:nfl-1213414|GB,4535058180,MarShawn Lloyd (GB) Plus de 0.5,MarShawn Lloyd (GB) Plus de 0.5,0.5,8.5,0,False
16551680,GB Packers	 vs. ATL Falcons,MarShawn Lloyd,MarShawn Lloyd (GB),2ème mi-temps - Touchdowns de réception du joueur Plus / Moins,31468,77062,1743095357,0.5|sa:player:nfl-1213414|GB,4535058181,MarShawn Lloyd (GB) moins de 0.5,MarShawn Lloyd (GB) moins de 0.5,0.5,0.0,7,False
16551680,GB Packers	 vs. ATL Falcons,Mark Redman,Mark Redman (GB),2ème mi-temps - Touchdowns de réception du joueur Plus / Moins,31468,77062,1743095398,0.5|sa:player:nfl-1213730|GB,4535058253,Mark Redman (GB) Plus de 0.5,Mark Redman (GB) Plus de 0.5,0.5,8.5,0,False
16551680,GB Packers	 vs. ATL Falcons,Mark Redman,Mark Redman (GB),2ème mi-temps - Touchdowns de réception du joueur Plus / Moins,31468,77062,1743095398,0.5|sa:player:nfl-1213730|GB,4535058254,Mark Redman (GB) moins de 0.5,Mark Redman (GB) moins de 0.5,0.5,0.0,7,False
16551680,GB Packers	 vs. ATL Falcons,Olamide Zaccheaus,Olamide Zaccheaus (ATL),2ème mi-temps - Touchdowns de réception du joueur Plus / Moins,31468,77062,1743094644,0.5|sa:player:nfl-883976|ATL,4535056938,Olamide Zaccheaus (ATL) Plus de 0.5,Olamide Zaccheaus (ATL) Plus de 0.5,0.5,8.5,0,False
16551680,GB Packers	 vs. ATL Falcons,Olamide Zaccheaus,Olamide Zaccheaus (ATL),2ème mi-temps - Touchdowns de réception du joueur Plus / Moins,31468,77062,1743094644,0.5|sa:player:nfl-883976|ATL,4535056939,Olamide Zaccheaus (ATL) moins de 0.5,Olamide Zaccheaus (ATL) moins de 0.5,0.5,1.01,0,False
16551680,GB Packers	 vs. ATL Falcons,Zachariah Branch,Zachariah Branch (ATL),2ème mi-temps - Touchdowns de réception du joueur Plus / Moins,31468,77062,1743095609,0.5|sa:player:nfl-1441110|ATL,4535058626,Zachariah Branch (ATL) Plus de 0.5,Zachariah Branch (ATL) Plus de 0.5,0.5,8.5,0,False
16551680,GB Packers	 vs. ATL Falcons,Zachariah Branch,Zachariah Branch (ATL),2ème mi-temps - Touchdowns de réception du joueur Plus / Moins,31468,77062,1743095609,0.5|sa:player:nfl-1441110|ATL,4535058627,Zachariah Branch (ATL) moins de 0.5,Zachariah Branch (ATL) moins de 0.5,0.5,0.0,7,False
16551680,GB Packers	 vs. ATL Falcons,Jordan Love,Jordan Love (GB),2ème mi-temps - Total de Touchdowns à la passe du joueur - Plus/Moins,31462,77056,1743094682,0.5|sa:player:nfl-912137|GB,4535057004,Jordan Love (GB) Plus de 0.5,Jordan Love (GB) Plus de 0.5,0.5,1.6061,0,False
16551680,GB Packers	 vs. ATL Falcons,Jordan Love,Jordan Love (GB),2ème mi-temps - Total de Touchdowns à la passe du joueur - Plus/Moins,31462,77056,1743094682,0.5|sa:player:nfl-912137|GB,4535057005,Jordan Love (GB) moins de 0.5,Jordan Love (GB) moins de 0.5,0.5,2.05,0,False
16551680,GB Packers	 vs. ATL Falcons,Michael Penix,Michael Penix (ATL),2ème mi-temps - Total de Touchdowns à la passe du joueur - Plus/Moins,31462,77056,1743095015,0.5|sa:player:nfl-1107478|ATL,4535057589,Michael Penix (ATL) Plus de 0.5,Michael Penix (ATL) Plus de 0.5,0.5,1.9524,0,False
16551680,GB Packers	 vs. ATL Falcons,Michael Penix,Michael Penix (ATL),2ème mi-temps - Total de Touchdowns à la passe du joueur - Plus/Moins,31462,77056,1743095015,0.5|sa:player:nfl-1107478|ATL,4535057590,Michael Penix (ATL) moins de 0.5,Michael Penix (ATL) moins de 0.5,0.5,1.6667,0,False
16551680,GB Packers	 vs. ATL Falcons,Bijan Robinson,Bijan Robinson (ATL),Premier quart-temps - Touchdowns de course du joueur Plus / Moins,31475,77069,1743095456,0.5|sa:player:nfl-1228244|ATL|1,4535058357,Bijan Robinson (ATL) Plus de 0.5,Bijan Robinson (ATL) Plus de 0.5,0.5,4.75,0,False
16551680,GB Packers	 vs. ATL Falcons,Bijan Robinson,Bijan Robinson (ATL),Premier quart-temps - Touchdowns de course du joueur Plus / Moins,31475,77069,1743095456,0.5|sa:player:nfl-1228244|ATL|1,4535058358,Bijan Robinson (ATL) moins de 0.5,Bijan Robinson (ATL) moins de 0.5,0.5,1.1112,0,False
16551680,GB Packers	 vs. ATL Falcons,MarShawn Lloyd,MarShawn Lloyd (GB),Premier quart-temps - Touchdowns de course du joueur Plus / Moins,31475,77069,1743095371,0.5|sa:player:nfl-1213414|GB|1,4535058208,MarShawn Lloyd (GB) Plus de 0.5,MarShawn Lloyd (GB) Plus de 0.5,0.5,6.75,0,False
16551680,GB Packers	 vs. ATL Falcons,MarShawn Lloyd,MarShawn Lloyd (GB),Premier quart-temps - Touchdowns de course du joueur Plus / Moins,31475,77069,1743095371,0.5|sa:player:nfl-1213414|GB|1,4535058209,MarShawn Lloyd (GB) moins de 0.5,MarShawn Lloyd (GB) moins de 0.5,0.5,1.04,0,False
16551680,GB Packers	 vs. ATL Falcons,Kaleb Johnson,Kaleb Johnson (GB),Premier quart-temps - Touchdowns de course du joueur Plus / Moins,31475,77069,1743095574,0.5|sa:player:nfl-1381902|GB|1,4535058566,Kaleb Johnson (GB) Plus de 0.5,Kaleb Johnson (GB) Plus de 0.5,0.5,7.5,0,False
16551680,GB Packers	 vs. ATL Falcons,Kaleb Johnson,Kaleb Johnson (GB),Premier quart-temps - Touchdowns de course du joueur Plus / Moins,31475,77069,1743095574,0.5|sa:player:nfl-1381902|GB|1,4535058567,Kaleb Johnson (GB) moins de 0.5,Kaleb Johnson (GB) moins de 0.5,0.5,1.02,0,False
16551680,GB Packers	 vs. ATL Falcons,Brian Robinson,Brian Robinson (ATL),Premier quart-temps - Touchdowns de course du joueur Plus / Moins,31475,77069,1743094840,0.5|sa:player:nfl-973966|ATL|1,4535057290,Brian Robinson (ATL) Plus de 0.5,Brian Robinson (ATL) Plus de 0.5,0.5,8.5,0,False
16551680,GB Packers	 vs. ATL Falcons,Brian Robinson,Brian Robinson (ATL),Premier quart-temps - Touchdowns de course du joueur Plus / Moins,31475,77069,1743094840,0.5|sa:player:nfl-973966|ATL|1,4535057291,Brian Robinson (ATL) moins de 0.5,Brian Robinson (ATL) moins de 0.5,0.5,1.01,0,False
16551680,GB Packers	 vs. ATL Falcons,Chris Brooks,Chris Brooks (GB),Premier quart-temps - Touchdowns de course du joueur Plus / Moins,31475,77069,1743095211,0.5|sa:player:nfl-1127065|GB|1,4535057931,Chris Brooks (GB) Plus de 0.5,Chris Brooks (GB) Plus de 0.5,0.5,8.5,0,False
16551680,GB Packers	 vs. ATL Falcons,Chris Brooks,Chris Brooks (GB),Premier quart-temps - Touchdowns de course du joueur Plus / Moins,31475,77069,1743095211,0.5|sa:player:nfl-1127065|GB|1,4535057932,Chris Brooks (GB) moins de 0.5,Chris Brooks (GB) moins de 0.5,0.5,1.01,0,False
16551680,GB Packers	 vs. ATL Falcons,Jordan Love,Jordan Love (GB),Premier quart-temps - Touchdowns de course du joueur Plus / Moins,31475,77069,1743094705,0.5|sa:player:nfl-912137|GB|1,4535057050,Jordan Love (GB) Plus de 0.5,Jordan Love (GB) Plus de 0.5,0.5,8.5,0,False
16551680,GB Packers	 vs. ATL Falcons,Jordan Love,Jordan Love (GB),Premier quart-temps - Touchdowns de course du joueur Plus / Moins,31475,77069,1743094705,0.5|sa:player:nfl-912137|GB|1,4535057051,Jordan Love (GB) moins de 0.5,Jordan Love (GB) moins de 0.5,0.5,0.0,7,False
16551680,GB Packers	 vs. ATL Falcons,Michael Penix,Michael Penix (ATL),Premier quart-temps - Touchdowns de course du joueur Plus / Moins,31475,77069,1743095038,0.5|sa:player:nfl-1107478|ATL|1,4535057635,Michael Penix (ATL) Plus de 0.5,Michael Penix (ATL) Plus de 0.5,0.5,8.5,0,False
16551680,GB Packers	 vs. ATL Falcons,Michael Penix,Michael Penix (ATL),Premier quart-temps - Touchdowns de course du joueur Plus / Moins,31475,77069,1743095038,0.5|sa:player:nfl-1107478|ATL|1,4535057636,Michael Penix (ATL) moins de 0.5,Michael Penix (ATL) moins de 0.5,0.5,0.0,7,False
16551680,GB Packers	 vs. ATL Falcons,Christian Watson,Christian Watson (GB),Premier quart-temps - Touchdowns de réception du joueur Plus / Moins,31469,77063,1743094925,0.5|sa:player:nfl-1067918|GB|1,4535057437,Christian Watson (GB) Plus de 0.5,Christian Watson (GB) Plus de 0.5,0.5,6.0,0,False
16551680,GB Packers	 vs. ATL Falcons,Christian Watson,Christian Watson (GB),Premier quart-temps - Touchdowns de réception du joueur Plus / Moins,31469,77063,1743094925,0.5|sa:player:nfl-1067918|GB|1,4535057438,Christian Watson (GB) moins de 0.5,Christian Watson (GB) moins de 0.5,0.5,1.0589,0,False
16551680,GB Packers	 vs. ATL Falcons,Matthew Golden,Matthew Golden (GB),Premier quart-temps - Touchdowns de réception du joueur Plus / Moins,31469,77063,1743095528,0.5|sa:player:nfl-1379267|GB|1,4535058484,Matthew Golden (GB) Plus de 0.5,Matthew Golden (GB) Plus de 0.5,0.5,6.25,0,False
16551680,GB Packers	 vs. ATL Falcons,Matthew Golden,Matthew Golden (GB),Premier quart-temps - Touchdowns de réception du joueur Plus / Moins,31469,77063,1743095528,0.5|sa:player:nfl-1379267|GB|1,4535058485,Matthew Golden (GB) moins de 0.5,Matthew Golden (GB) moins de 0.5,0.5,1.05,0,False
16551680,GB Packers	 vs. ATL Falcons,Tucker Kraft,Tucker Kraft (GB),Premier quart-temps - Touchdowns de réception du joueur Plus / Moins,31469,77063,1743095326,0.5|sa:player:nfl-1181874|GB|1,4535058128,Tucker Kraft (GB) Plus de 0.5,Tucker Kraft (GB) Plus de 0.5,0.5,6.75,0,False
16551680,GB Packers	 vs. ATL Falcons,Tucker Kraft,Tucker Kraft (GB),Premier quart-temps - Touchdowns de réception du joueur Plus / Moins,31469,77063,1743095326,0.5|sa:player:nfl-1181874|GB|1,4535058129,Tucker Kraft (GB) moins de 0.5,Tucker Kraft (GB) moins de 0.5,0.5,1.04,0,False
16551680,GB Packers	 vs. ATL Falcons,Drake London,Drake London (ATL),Premier quart-temps - Touchdowns de réception du joueur Plus / Moins,31469,77063,1743095299,0.5|sa:player:nfl-1178741|ATL|1,4535058083,Drake London (ATL) Plus de 0.5,Drake London (ATL) Plus de 0.5,0.5,7.75,0,False
16551680,GB Packers	 vs. ATL Falcons,Drake London,Drake London (ATL),Premier quart-temps - Touchdowns de réception du joueur Plus / Moins,31469,77063,1743095299,0.5|sa:player:nfl-1178741|ATL|1,4535058084,Drake London (ATL) moins de 0.5,Drake London (ATL) moins de 0.5,0.5,1.02,0,False
16551680,GB Packers	 vs. ATL Falcons,Austin Hooper,Austin Hooper (ATL),Premier quart-temps - Touchdowns de réception du joueur Plus / Moins,31469,77063,1743094563,0.5|sa:player:nfl-739424|ATL|1,4535056800,Austin Hooper (ATL) moins de 0.5,Austin Hooper (ATL) moins de 0.5,0.5,0.0,7,False
16551680,GB Packers	 vs. ATL Falcons,Austin Hooper,Austin Hooper (ATL),Premier quart-temps - Touchdowns de réception du joueur Plus / Moins,31469,77063,1743094563,0.5|sa:player:nfl-739424|ATL|1,4535056799,Austin Hooper (ATL) Plus de 0.5,Austin Hooper (ATL) Plus de 0.5,0.5,8.5,0,False
16551680,GB Packers	 vs. ATL Falcons,Bijan Robinson,Bijan Robinson (ATL),Premier quart-temps - Touchdowns de réception du joueur Plus / Moins,31469,77063,1743095443,0.5|sa:player:nfl-1228244|ATL|1,4535058331,Bijan Robinson (ATL) Plus de 0.5,Bijan Robinson (ATL) Plus de 0.5,0.5,8.5,0,False
16551680,GB Packers	 vs. ATL Falcons,Bijan Robinson,Bijan Robinson (ATL),Premier quart-temps - Touchdowns de réception du joueur Plus / Moins,31469,77063,1743095443,0.5|sa:player:nfl-1228244|ATL|1,4535058332,Bijan Robinson (ATL) moins de 0.5,Bijan Robinson (ATL) moins de 0.5,0.5,1.01,0,False
16551680,GB Packers	 vs. ATL Falcons,Bo Melton,Bo Melton (GB),Premier quart-temps - Touchdowns de réception du joueur Plus / Moins,31469,77063,1743094952,0.5|sa:player:nfl-1068803|GB|1,4535057482,Bo Melton (GB) Plus de 0.5,Bo Melton (GB) Plus de 0.5,0.5,8.5,0,False
16551680,GB Packers	 vs. ATL Falcons,Bo Melton,Bo Melton (GB),Premier quart-temps - Touchdowns de réception du joueur Plus / Moins,31469,77063,1743094952,0.5|sa:player:nfl-1068803|GB|1,4535057483,Bo Melton (GB) moins de 0.5,Bo Melton (GB) moins de 0.5,0.5,0.0,7,False
16551680,GB Packers	 vs. ATL Falcons,Chris Brooks,Chris Brooks (GB),Premier quart-temps - Touchdowns de réception du joueur Plus / Moins,31469,77063,1743095198,0.5|sa:player:nfl-1127065|GB|1,4535057905,Chris Brooks (GB) Plus de 0.5,Chris Brooks (GB) Plus de 0.5,0.5,8.5,0,False
16551680,GB Packers	 vs. ATL Falcons,Chris Brooks,Chris Brooks (GB),Premier quart-temps - Touchdowns de réception du joueur Plus / Moins,31469,77063,1743095198,0.5|sa:player:nfl-1127065|GB|1,4535057906,Chris Brooks (GB) moins de 0.5,Chris Brooks (GB) moins de 0.5,0.5,0.0,7,False
16551680,GB Packers	 vs. ATL Falcons,Jahan Dotson,Jahan Dotson (ATL),Premier quart-temps - Touchdowns de réception du joueur Plus / Moins,31469,77063,1743095106,0.5|sa:player:nfl-1121878|ATL|1,4535057750,Jahan Dotson (ATL) Plus de 0.5,Jahan Dotson (ATL) Plus de 0.5,0.5,8.5,0,False
16551680,GB Packers	 vs. ATL Falcons,Jahan Dotson,Jahan Dotson (ATL),Premier quart-temps - Touchdowns de réception du joueur Plus / Moins,31469,77063,1743095106,0.5|sa:player:nfl-1121878|ATL|1,4535057751,Jahan Dotson (ATL) moins de 0.5,Jahan Dotson (ATL) moins de 0.5,0.5,0.0,7,False
16551680,GB Packers	 vs. ATL Falcons,Kyle Pitts,Kyle Pitts (ATL),Premier quart-temps - Touchdowns de réception du joueur Plus / Moins,31469,77063,1743095144,0.5|sa:player:nfl-1123026|ATL|1,4535057816,Kyle Pitts (ATL) moins de 0.5,Kyle Pitts (ATL) moins de 0.5,0.5,1.01,0,False
16551680,GB Packers	 vs. ATL Falcons,Kyle Pitts,Kyle Pitts (ATL),Premier quart-temps - Touchdowns de réception du joueur Plus / Moins,31469,77063,1743095144,0.5|sa:player:nfl-1123026|ATL|1,4535057815,Kyle Pitts (ATL) Plus de 0.5,Kyle Pitts (ATL) Plus de 0.5,0.5,8.5,0,False
16551680,GB Packers	 vs. ATL Falcons,MarShawn Lloyd,MarShawn Lloyd (GB),Premier quart-temps - Touchdowns de réception du joueur Plus / Moins,31469,77063,1743095358,0.5|sa:player:nfl-1213414|GB|1,4535058182,MarShawn Lloyd (GB) Plus de 0.5,MarShawn Lloyd (GB) Plus de 0.5,0.5,8.5,0,False
16551680,GB Packers	 vs. ATL Falcons,MarShawn Lloyd,MarShawn Lloyd (GB),Premier quart-temps - Touchdowns de réception du joueur Plus / Moins,31469,77063,1743095358,0.5|sa:player:nfl-1213414|GB|1,4535058183,MarShawn Lloyd (GB) moins de 0.5,MarShawn Lloyd (GB) moins de 0.5,0.5,0.0,7,False
16551680,GB Packers	 vs. ATL Falcons,Skyy Moore,Skyy Moore (GB),Premier quart-temps - Touchdowns de réception du joueur Plus / Moins,31469,77063,1743095267,0.5|sa:player:nfl-1176730|GB|1,4535058029,Skyy Moore (GB) Plus de 0.5,Skyy Moore (GB) Plus de 0.5,0.5,8.5,0,False
16551680,GB Packers	 vs. ATL Falcons,Skyy Moore,Skyy Moore (GB),Premier quart-temps - Touchdowns de réception du joueur Plus / Moins,31469,77063,1743095267,0.5|sa:player:nfl-1176730|GB|1,4535058030,Skyy Moore (GB) moins de 0.5,Skyy Moore (GB) moins de 0.5,0.5,0.0,7,False
16551680,GB Packers	 vs. ATL Falcons,Kaleb Johnson,Kaleb Johnson (GB),Premier quart-temps - Touchdowns de réception du joueur Plus / Moins,31469,77063,1743095561,0.5|sa:player:nfl-1381902|GB|1,4535058540,Kaleb Johnson (GB) Plus de 0.5,Kaleb Johnson (GB) Plus de 0.5,0.5,9.0,0,False
16551680,GB Packers	 vs. ATL Falcons,Kaleb Johnson,Kaleb Johnson (GB),Premier quart-temps - Touchdowns de réception du joueur Plus / Moins,31469,77063,1743095561,0.5|sa:player:nfl-1381902|GB|1,4535058541,Kaleb Johnson (GB) moins de 0.5,Kaleb Johnson (GB) moins de 0.5,0.5,0.0,7,False
16551680,GB Packers	 vs. ATL Falcons,Jordan Love,Jordan Love (GB),Premier quart-temps - 	 Total de Touchdowns à la passe du joueur - Plus/Moins,31463,77057,1743094683,0.5|sa:player:nfl-912137|GB|1,4535057006,Jordan Love (GB) Plus de 0.5,Jordan Love (GB) Plus de 0.5,0.5,2.55,0,False
16551680,GB Packers	 vs. ATL Falcons,Jordan Love,Jordan Love (GB),Premier quart-temps - 	 Total de Touchdowns à la passe du joueur - Plus/Moins,31463,77057,1743094683,0.5|sa:player:nfl-912137|GB|1,4535057007,Jordan Love (GB) moins de 0.5,Jordan Love (GB) moins de 0.5,0.5,1.4,0,False
16551680,GB Packers	 vs. ATL Falcons,Michael Penix,Michael Penix (ATL),Premier quart-temps - 	 Total de Touchdowns à la passe du joueur - Plus/Moins,31463,77057,1743095016,0.5|sa:player:nfl-1107478|ATL|1,4535057592,Michael Penix (ATL) moins de 0.5,Michael Penix (ATL) moins de 0.5,0.5,1.1667,0,False
16551680,GB Packers	 vs. ATL Falcons,Michael Penix,Michael Penix (ATL),Premier quart-temps - 	 Total de Touchdowns à la passe du joueur - Plus/Moins,31463,77057,1743095016,0.5|sa:player:nfl-1107478|ATL|1,4535057591,Michael Penix (ATL) Plus de 0.5,Michael Penix (ATL) Plus de 0.5,0.5,4.0,0,False
16551680,GB Packers	 vs. ATL Falcons,Jordan Love,Jordan Love (GB),Deuxième quart-temps - 	 Total de Touchdowns à la passe du joueur - Plus/Moins,31463,77057,1743094684,0.5|sa:player:nfl-912137|GB|2,4535057008,Jordan Love (GB) Plus de 0.5,Jordan Love (GB) Plus de 0.5,0.5,1.9524,0,False
16551680,GB Packers	 vs. ATL Falcons,Jordan Love,Jordan Love (GB),Deuxième quart-temps - 	 Total de Touchdowns à la passe du joueur - Plus/Moins,31463,77057,1743094684,0.5|sa:player:nfl-912137|GB|2,4535057009,Jordan Love (GB) moins de 0.5,Jordan Love (GB) moins de 0.5,0.5,1.6667,0,False
16551680,GB Packers	 vs. ATL Falcons,Michael Penix,Michael Penix (ATL),Deuxième quart-temps - 	 Total de Touchdowns à la passe du joueur - Plus/Moins,31463,77057,1743095017,0.5|sa:player:nfl-1107478|ATL|2,4535057593,Michael Penix (ATL) Plus de 0.5,Michael Penix (ATL) Plus de 0.5,0.5,3.0,0,False
16551680,GB Packers	 vs. ATL Falcons,Michael Penix,Michael Penix (ATL),Deuxième quart-temps - 	 Total de Touchdowns à la passe du joueur - Plus/Moins,31463,77057,1743095017,0.5|sa:player:nfl-1107478|ATL|2,4535057594,Michael Penix (ATL) moins de 0.5,Michael Penix (ATL) moins de 0.5,0.5,1.2858,0,False
16551680,GB Packers	 vs. ATL Falcons,Jordan Love,Jordan Love (GB),Troisième quart-temps - 	 Total de Touchdowns à la passe du joueur - Plus/Moins,31463,77057,1743094685,0.5|sa:player:nfl-912137|GB|3,4535057010,Jordan Love (GB) Plus de 0.5,Jordan Love (GB) Plus de 0.5,0.5,2.8,0,False
16551680,GB Packers	 vs. ATL Falcons,Jordan Love,Jordan Love (GB),Troisième quart-temps - 	 Total de Touchdowns à la passe du joueur - Plus/Moins,31463,77057,1743094685,0.5|sa:player:nfl-912137|GB|3,4535057011,Jordan Love (GB) moins de 0.5,Jordan Love (GB) moins de 0.5,0.5,1.3334,0,False
16551680,GB Packers	 vs. ATL Falcons,Michael Penix,Michael Penix (ATL),Troisième quart-temps - 	 Total de Touchdowns à la passe du joueur - Plus/Moins,31463,77057,1743095018,0.5|sa:player:nfl-1107478|ATL|3,4535057595,Michael Penix (ATL) Plus de 0.5,Michael Penix (ATL) Plus de 0.5,0.5,3.75,0,False
16551680,GB Packers	 vs. ATL Falcons,Michael Penix,Michael Penix (ATL),Troisième quart-temps - 	 Total de Touchdowns à la passe du joueur - Plus/Moins,31463,77057,1743095018,0.5|sa:player:nfl-1107478|ATL|3,4535057596,Michael Penix (ATL) moins de 0.5,Michael Penix (ATL) moins de 0.5,0.5,1.1819,0,False
16551680,GB Packers	 vs. ATL Falcons,Jordan Love,Jordan Love (GB),Quatrième quart-temps - 	 Total de Touchdowns à la passe du joueur - Plus/Moins,31463,77057,1743094686,0.5|sa:player:nfl-912137|GB|4,4535057012,Jordan Love (GB) Plus de 0.5,Jordan Love (GB) Plus de 0.5,0.5,2.4,0,False
16551680,GB Packers	 vs. ATL Falcons,Jordan Love,Jordan Love (GB),Quatrième quart-temps - 	 Total de Touchdowns à la passe du joueur - Plus/Moins,31463,77057,1743094686,0.5|sa:player:nfl-912137|GB|4,4535057013,Jordan Love (GB) moins de 0.5,Jordan Love (GB) moins de 0.5,0.5,1.4445,0,False
16551680,GB Packers	 vs. ATL Falcons,Michael Penix,Michael Penix (ATL),Quatrième quart-temps - 	 Total de Touchdowns à la passe du joueur - Plus/Moins,31463,77057,1743095019,0.5|sa:player:nfl-1107478|ATL|4,4535057597,Michael Penix (ATL) Plus de 0.5,Michael Penix (ATL) Plus de 0.5,0.5,2.65,0,False
16551680,GB Packers	 vs. ATL Falcons,Michael Penix,Michael Penix (ATL),Quatrième quart-temps - 	 Total de Touchdowns à la passe du joueur - Plus/Moins,31463,77057,1743095019,0.5|sa:player:nfl-1107478|ATL|4,4535057598,Michael Penix (ATL) moins de 0.5,Michael Penix (ATL) moins de 0.5,0.5,1.3637,0,False
16551680,GB Packers	 vs. ATL Falcons,Jordan Love,Jordan Love (GB),Joueur total nombre de tentatives de passes(Jordan Love (GB)) (prolongations incluses),2248,73698,1743968633,GB|dst:player:242729,4537932777,31+,31+,GB|dst:player:242729,1.8,0,False
16551680,GB Packers	 vs. ATL Falcons,Jordan Love,Jordan Love (GB),Joueur total nombre de tentatives de passes(Jordan Love (GB)) (prolongations incluses),2248,73698,1743968633,GB|dst:player:242729,4537932778,33+,33+,GB|dst:player:242729,2.1,0,False
16551680,GB Packers	 vs. ATL Falcons,Jordan Love,Jordan Love (GB),Joueur total nombre de tentatives de passes(Jordan Love (GB)) (prolongations incluses),2248,73698,1743968633,GB|dst:player:242729,4537932779,35+,35+,GB|dst:player:242729,2.5,0,False
16551680,GB Packers	 vs. ATL Falcons,Jordan Love,Jordan Love (GB),Joueur total nombre de tentatives de passes(Jordan Love (GB)) (prolongations incluses),2248,73698,1743968633,GB|dst:player:242729,4537932780,37+,37+,GB|dst:player:242729,3.0,0,False
16551680,GB Packers	 vs. ATL Falcons,Jordan Love,Jordan Love (GB),Joueur total nombre de tentatives de passes(Jordan Love (GB)) (prolongations incluses),2248,73698,1743968633,GB|dst:player:242729,4537932781,39+,39+,GB|dst:player:242729,3.75,0,False
16551680,GB Packers	 vs. ATL Falcons,Jordan Love,Jordan Love (GB),Joueur total nombre de tentatives de passes(Jordan Love (GB)) (prolongations incluses),2248,73698,1743968633,GB|dst:player:242729,4537932782,41+,41+,GB|dst:player:242729,4.5,0,False
16551680,GB Packers	 vs. ATL Falcons,Jordan Love,Jordan Love (GB),Joueur total nombre de tentatives de passes(Jordan Love (GB)) (prolongations incluses),2248,73698,1743968633,GB|dst:player:242729,4537932783,43+,43+,GB|dst:player:242729,6.0,0,False
16551680,GB Packers	 vs. ATL Falcons,Jordan Love,Jordan Love (GB),Joueur total nombre de tentatives de passes(Jordan Love (GB)) (prolongations incluses),2248,73698,1743968633,GB|dst:player:242729,4537932784,29+,29+,GB|dst:player:242729,1.5,0,False
16551680,GB Packers	 vs. ATL Falcons,Michael Penix Jr.,Michael Penix Jr. (ATL),Joueur total nombre de tentatives de passes(Michael Penix Jr. (ATL)) (prolongations incluses),2248,73698,1743968879,ATL|dst:player:431610,4538046645,32+,32+,ATL|dst:player:431610,1.9524,0,False
16551680,GB Packers	 vs. ATL Falcons,Michael Penix Jr.,Michael Penix Jr. (ATL),Joueur total nombre de tentatives de passes(Michael Penix Jr. (ATL)) (prolongations incluses),2248,73698,1743968879,ATL|dst:player:431610,4538046646,34+,34+,ATL|dst:player:431610,2.3,0,False
16551680,GB Packers	 vs. ATL Falcons,Michael Penix Jr.,Michael Penix Jr. (ATL),Joueur total nombre de tentatives de passes(Michael Penix Jr. (ATL)) (prolongations incluses),2248,73698,1743968879,ATL|dst:player:431610,4538046647,36+,36+,ATL|dst:player:431610,2.85,0,False
16551680,GB Packers	 vs. ATL Falcons,Michael Penix Jr.,Michael Penix Jr. (ATL),Joueur total nombre de tentatives de passes(Michael Penix Jr. (ATL)) (prolongations incluses),2248,73698,1743968879,ATL|dst:player:431610,4538046648,38+,38+,ATL|dst:player:431610,3.6,0,False
16551680,GB Packers	 vs. ATL Falcons,Michael Penix Jr.,Michael Penix Jr. (ATL),Joueur total nombre de tentatives de passes(Michael Penix Jr. (ATL)) (prolongations incluses),2248,73698,1743968879,ATL|dst:player:431610,4538046649,40+,40+,ATL|dst:player:431610,4.5,0,False
16551680,GB Packers	 vs. ATL Falcons,Michael Penix Jr.,Michael Penix Jr. (ATL),Joueur total nombre de tentatives de passes(Michael Penix Jr. (ATL)) (prolongations incluses),2248,73698,1743968879,ATL|dst:player:431610,4538046650,42+,42+,ATL|dst:player:431610,6.25,0,False
16551680,GB Packers	 vs. ATL Falcons,Michael Penix Jr.,Michael Penix Jr. (ATL),Joueur total nombre de tentatives de passes(Michael Penix Jr. (ATL)) (prolongations incluses),2248,73698,1743968879,ATL|dst:player:431610,4538046651,44+,44+,ATL|dst:player:431610,8.5,0,False
16551680,GB Packers	 vs. ATL Falcons,Michael Penix Jr.,Michael Penix Jr. (ATL),Joueur total nombre de tentatives de passes(Michael Penix Jr. (ATL)) (prolongations incluses),2248,73698,1743968879,ATL|dst:player:431610,4538046652,30+,30+,ATL|dst:player:431610,1.5883,0,False
16551680,GB Packers	 vs. ATL Falcons,Tucker Kraft,Tucker Kraft (GB),Joueur total de réception (Tucker Kraft (GB)) (incl. OT),2142,72897,1743968728,GB|dst:player:374781,4537933071,4+,4+,GB|dst:player:374781,1.625,0,False
16551680,GB Packers	 vs. ATL Falcons,Tucker Kraft,Tucker Kraft (GB),Joueur total de réception (Tucker Kraft (GB)) (incl. OT),2142,72897,1743968728,GB|dst:player:374781,4537933072,5+,5+,GB|dst:player:374781,2.35,0,False
16551680,GB Packers	 vs. ATL Falcons,Tucker Kraft,Tucker Kraft (GB),Joueur total de réception (Tucker Kraft (GB)) (incl. OT),2142,72897,1743968728,GB|dst:player:374781,4537933073,6+,6+,GB|dst:player:374781,3.6,0,False
16551680,GB Packers	 vs. ATL Falcons,Tucker Kraft,Tucker Kraft (GB),Joueur total de réception (Tucker Kraft (GB)) (incl. OT),2142,72897,1743968728,GB|dst:player:374781,4537933074,7+,7+,GB|dst:player:374781,6.25,0,False
16551680,GB Packers	 vs. ATL Falcons,Tucker Kraft,Tucker Kraft (GB),Joueur total de réception (Tucker Kraft (GB)) (incl. OT),2142,72897,1743968728,GB|dst:player:374781,4537933075,8+,8+,GB|dst:player:374781,12.0,0,False
16551680,GB Packers	 vs. ATL Falcons,Tucker Kraft,Tucker Kraft (GB),Joueur total de réception (Tucker Kraft (GB)) (incl. OT),2142,72897,1743968728,GB|dst:player:374781,4537933076,9+,9+,GB|dst:player:374781,21.0,0,False
16551680,GB Packers	 vs. ATL Falcons,Tucker Kraft,Tucker Kraft (GB),Joueur total de réception (Tucker Kraft (GB)) (incl. OT),2142,72897,1743968728,GB|dst:player:374781,4537933077,3+,3+,GB|dst:player:374781,1.1539,0,False
16551680,GB Packers	 vs. ATL Falcons,Bijan Robinson,Bijan Robinson (ATL),Joueur total de réception (Bijan Robinson (ATL)) (incl. OT),2142,72897,1743968725,ATL|dst:player:374313,4537933056,10+,10+,ATL|dst:player:374313,17.0,0,False
16551680,GB Packers	 vs. ATL Falcons,Bijan Robinson,Bijan Robinson (ATL),Joueur total de réception (Bijan Robinson (ATL)) (incl. OT),2142,72897,1743968725,ATL|dst:player:374313,4537933057,4+,4+,ATL|dst:player:374313,1.2106,0,False
16551680,GB Packers	 vs. ATL Falcons,Bijan Robinson,Bijan Robinson (ATL),Joueur total de réception (Bijan Robinson (ATL)) (incl. OT),2142,72897,1743968725,ATL|dst:player:374313,4537933051,5+,5+,ATL|dst:player:374313,1.7693,0,False
16551680,GB Packers	 vs. ATL Falcons,Bijan Robinson,Bijan Robinson (ATL),Joueur total de réception (Bijan Robinson (ATL)) (incl. OT),2142,72897,1743968725,ATL|dst:player:374313,4537933052,6+,6+,ATL|dst:player:374313,2.4,0,False
16551680,GB Packers	 vs. ATL Falcons,Bijan Robinson,Bijan Robinson (ATL),Joueur total de réception (Bijan Robinson (ATL)) (incl. OT),2142,72897,1743968725,ATL|dst:player:374313,4537933053,7+,7+,ATL|dst:player:374313,3.5,0,False
16551680,GB Packers	 vs. ATL Falcons,Bijan Robinson,Bijan Robinson (ATL),Joueur total de réception (Bijan Robinson (ATL)) (incl. OT),2142,72897,1743968725,ATL|dst:player:374313,4537933054,8+,8+,ATL|dst:player:374313,5.5,0,False
16551680,GB Packers	 vs. ATL Falcons,Bijan Robinson,Bijan Robinson (ATL),Joueur total de réception (Bijan Robinson (ATL)) (incl. OT),2142,72897,1743968725,ATL|dst:player:374313,4537933055,9+,9+,ATL|dst:player:374313,9.0,0,False
16551680,GB Packers	 vs. ATL Falcons,Drake London,Drake London (ATL),Joueur total de réception (Drake London (ATL)) (incl. OT),2142,72897,1743968638,ATL|dst:player:308922,4537932815,5+,5+,ATL|dst:player:308922,1.6897,0,False
16551680,GB Packers	 vs. ATL Falcons,Drake London,Drake London (ATL),Joueur total de réception (Drake London (ATL)) (incl. OT),2142,72897,1743968638,ATL|dst:player:308922,4537932816,6+,6+,ATL|dst:player:308922,2.1,0,False
16551680,GB Packers	 vs. ATL Falcons,Drake London,Drake London (ATL),Joueur total de réception (Drake London (ATL)) (incl. OT),2142,72897,1743968638,ATL|dst:player:308922,4537932817,7+,7+,ATL|dst:player:308922,2.75,0,False
16551680,GB Packers	 vs. ATL Falcons,Drake London,Drake London (ATL),Joueur total de réception (Drake London (ATL)) (incl. OT),2142,72897,1743968638,ATL|dst:player:308922,4537932818,8+,8+,ATL|dst:player:308922,3.75,0,False
16551680,GB Packers	 vs. ATL Falcons,Drake London,Drake London (ATL),Joueur total de réception (Drake London (ATL)) (incl. OT),2142,72897,1743968638,ATL|dst:player:308922,4537932819,9+,9+,ATL|dst:player:308922,5.25,0,False
16551680,GB Packers	 vs. ATL Falcons,Drake London,Drake London (ATL),Joueur total de réception (Drake London (ATL)) (incl. OT),2142,72897,1743968638,ATL|dst:player:308922,4537932820,10+,10+,ATL|dst:player:308922,7.75,0,False
16551680,GB Packers	 vs. ATL Falcons,Drake London,Drake London (ATL),Joueur total de réception (Drake London (ATL)) (incl. OT),2142,72897,1743968638,ATL|dst:player:308922,4537932821,4+,4+,ATL|dst:player:308922,1.2667,0,False
16551680,GB Packers	 vs. ATL Falcons,Christian Watson,Christian Watson (GB),Joueur total de réception (Christian Watson (GB)) (incl. OT),2142,72897,1743968640,GB|dst:player:309126,4537932825,5+,5+,GB|dst:player:309126,1.9524,0,False
16551680,GB Packers	 vs. ATL Falcons,Christian Watson,Christian Watson (GB),Joueur total de réception (Christian Watson (GB)) (incl. OT),2142,72897,1743968640,GB|dst:player:309126,4537932826,6+,6+,GB|dst:player:309126,2.7,0,False
16551680,GB Packers	 vs. ATL Falcons,Christian Watson,Christian Watson (GB),Joueur total de réception (Christian Watson (GB)) (incl. OT),2142,72897,1743968640,GB|dst:player:309126,4537932827,7+,7+,GB|dst:player:309126,4.0,0,False
16551680,GB Packers	 vs. ATL Falcons,Christian Watson,Christian Watson (GB),Joueur total de réception (Christian Watson (GB)) (incl. OT),2142,72897,1743968640,GB|dst:player:309126,4537932828,8+,8+,GB|dst:player:309126,6.5,0,False
16551680,GB Packers	 vs. ATL Falcons,Christian Watson,Christian Watson (GB),Joueur total de réception (Christian Watson (GB)) (incl. OT),2142,72897,1743968640,GB|dst:player:309126,4537932829,9+,9+,GB|dst:player:309126,12.0,0,False
16551680,GB Packers	 vs. ATL Falcons,Christian Watson,Christian Watson (GB),Joueur total de réception (Christian Watson (GB)) (incl. OT),2142,72897,1743968640,GB|dst:player:309126,4537932830,10+,10+,GB|dst:player:309126,21.0,0,False
16551680,GB Packers	 vs. ATL Falcons,Christian Watson,Christian Watson (GB),Joueur total de réception (Christian Watson (GB)) (incl. OT),2142,72897,1743968640,GB|dst:player:309126,4537932831,4+,4+,GB|dst:player:309126,1.3125,0,False
16551680,GB Packers	 vs. ATL Falcons,Kyle Pitts,Kyle Pitts (ATL),Joueur total de réception (Kyle Pitts (ATL)) (incl. OT),2142,72897,1743968635,ATL|dst:player:265344,4537932788,4+,4+,ATL|dst:player:265344,1.8696,0,False
16551680,GB Packers	 vs. ATL Falcons,Kyle Pitts,Kyle Pitts (ATL),Joueur total de réception (Kyle Pitts (ATL)) (incl. OT),2142,72897,1743968635,ATL|dst:player:265344,4537932789,5+,5+,ATL|dst:player:265344,2.35,0,False
16551680,GB Packers	 vs. ATL Falcons,Kyle Pitts,Kyle Pitts (ATL),Joueur total de réception (Kyle Pitts (ATL)) (incl. OT),2142,72897,1743968635,ATL|dst:player:265344,4537932790,6+,6+,ATL|dst:player:265344,3.0,0,False
16551680,GB Packers	 vs. ATL Falcons,Kyle Pitts,Kyle Pitts (ATL),Joueur total de réception (Kyle Pitts (ATL)) (incl. OT),2142,72897,1743968635,ATL|dst:player:265344,4537932791,7+,7+,ATL|dst:player:265344,4.0,0,False
16551680,GB Packers	 vs. ATL Falcons,Kyle Pitts,Kyle Pitts (ATL),Joueur total de réception (Kyle Pitts (ATL)) (incl. OT),2142,72897,1743968635,ATL|dst:player:265344,4537932792,8+,8+,ATL|dst:player:265344,5.75,0,False
16551680,GB Packers	 vs. ATL Falcons,Kyle Pitts,Kyle Pitts (ATL),Joueur total de réception (Kyle Pitts (ATL)) (incl. OT),2142,72897,1743968635,ATL|dst:player:265344,4537932793,9+,9+,ATL|dst:player:265344,8.5,0,False
16551680,GB Packers	 vs. ATL Falcons,Kyle Pitts,Kyle Pitts (ATL),Joueur total de réception (Kyle Pitts (ATL)) (incl. OT),2142,72897,1743968635,ATL|dst:player:265344,4537932794,3+,3+,ATL|dst:player:265344,1.3847,0,False
16551680,GB Packers	 vs. ATL Falcons,Matthew Golden,Matthew Golden (GB),Joueur total de réception (Matthew Golden (GB)) (incl. OT),2142,72897,1743969141,GB|dst:player:485360,4537933990,5+,5+,GB|dst:player:485360,2.15,0,False
16551680,GB Packers	 vs. ATL Falcons,Matthew Golden,Matthew Golden (GB),Joueur total de réception (Matthew Golden (GB)) (incl. OT),2142,72897,1743969141,GB|dst:player:485360,4537933991,6+,6+,GB|dst:player:485360,3.1,0,False
16551680,GB Packers	 vs. ATL Falcons,Matthew Golden,Matthew Golden (GB),Joueur total de réception (Matthew Golden (GB)) (incl. OT),2142,72897,1743969141,GB|dst:player:485360,4537933992,7+,7+,GB|dst:player:485360,5.0,0,False
16551680,GB Packers	 vs. ATL Falcons,Matthew Golden,Matthew Golden (GB),Joueur total de réception (Matthew Golden (GB)) (incl. OT),2142,72897,1743969141,GB|dst:player:485360,4537933993,8+,8+,GB|dst:player:485360,9.0,0,False
16551680,GB Packers	 vs. ATL Falcons,Matthew Golden,Matthew Golden (GB),Joueur total de réception (Matthew Golden (GB)) (incl. OT),2142,72897,1743969141,GB|dst:player:485360,4537933994,9+,9+,GB|dst:player:485360,18.0,0,False
16551680,GB Packers	 vs. ATL Falcons,Matthew Golden,Matthew Golden (GB),Joueur total de réception (Matthew Golden (GB)) (incl. OT),2142,72897,1743969141,GB|dst:player:485360,4537933995,10+,10+,GB|dst:player:485360,36.0,0,False
16551680,GB Packers	 vs. ATL Falcons,Matthew Golden,Matthew Golden (GB),Joueur total de réception (Matthew Golden (GB)) (incl. OT),2142,72897,1743969141,GB|dst:player:485360,4537933996,4+,4+,GB|dst:player:485360,1.3847,0,False
16551680,GB Packers	 vs. ATL Falcons,Jahan Dotson,Jahan Dotson (ATL),Joueur total de réception (Jahan Dotson (ATL)) (incl. OT),2142,72897,1744194841,ATL|dst:player:540729,4538521696,6+,6+,ATL|dst:player:540729,16.0,0,False
16551680,GB Packers	 vs. ATL Falcons,Jahan Dotson,Jahan Dotson (ATL),Joueur total de réception (Jahan Dotson (ATL)) (incl. OT),2142,72897,1744194841,ATL|dst:player:540729,4538521697,7+,7+,ATL|dst:player:540729,31.0,0,False
16551680,GB Packers	 vs. ATL Falcons,Jahan Dotson,Jahan Dotson (ATL),Joueur total de réception (Jahan Dotson (ATL)) (incl. OT),2142,72897,1744194841,ATL|dst:player:540729,4538521692,2+,2+,ATL|dst:player:540729,1.6667,0,False
16551680,GB Packers	 vs. ATL Falcons,Jahan Dotson,Jahan Dotson (ATL),Joueur total de réception (Jahan Dotson (ATL)) (incl. OT),2142,72897,1744194841,ATL|dst:player:540729,4538521693,3+,3+,ATL|dst:player:540729,2.5,0,False
16551680,GB Packers	 vs. ATL Falcons,Jahan Dotson,Jahan Dotson (ATL),Joueur total de réception (Jahan Dotson (ATL)) (incl. OT),2142,72897,1744194841,ATL|dst:player:540729,4538521694,4+,4+,ATL|dst:player:540729,4.0,0,False
16551680,GB Packers	 vs. ATL Falcons,Jahan Dotson,Jahan Dotson (ATL),Joueur total de réception (Jahan Dotson (ATL)) (incl. OT),2142,72897,1744194841,ATL|dst:player:540729,4538521695,5+,5+,ATL|dst:player:540729,7.5,0,False
16551680,GB Packers	 vs. ATL Falcons,MarShawn Lloyd,MarShawn Lloyd (GB),Joueur total de réception (MarShawn Lloyd (GB)) (incl. OT),2142,72897,1744194837,GB|dst:player:430314,4538521670,2+,2+,GB|dst:player:430314,2.75,0,False
16551680,GB Packers	 vs. ATL Falcons,MarShawn Lloyd,MarShawn Lloyd (GB),Joueur total de réception (MarShawn Lloyd (GB)) (incl. OT),2142,72897,1744194837,GB|dst:player:430314,4538521671,3+,3+,GB|dst:player:430314,4.0,0,False
16551680,GB Packers	 vs. ATL Falcons,MarShawn Lloyd,MarShawn Lloyd (GB),Joueur total de réception (MarShawn Lloyd (GB)) (incl. OT),2142,72897,1744194837,GB|dst:player:430314,4538521672,4+,4+,GB|dst:player:430314,7.25,0,False
16551680,GB Packers	 vs. ATL Falcons,MarShawn Lloyd,MarShawn Lloyd (GB),Joueur total de réception (MarShawn Lloyd (GB)) (incl. OT),2142,72897,1744194837,GB|dst:player:430314,4538521673,5+,5+,GB|dst:player:430314,15.0,0,False
16551680,GB Packers	 vs. ATL Falcons,MarShawn Lloyd,MarShawn Lloyd (GB),Joueur total de réception (MarShawn Lloyd (GB)) (incl. OT),2142,72897,1744194837,GB|dst:player:430314,4538521674,6+,6+,GB|dst:player:430314,31.0,0,False
16551680,GB Packers	 vs. ATL Falcons,Bijan Robinson,Bijan Robinson (ATL),Joueur total de courses (Bijan Robinson (ATL)) (prolongations incluses),2133,72890,1743968724,ATL|dst:player:374313,4537933040,18+,18+,ATL|dst:player:374313,1.9091,0,False
16551680,GB Packers	 vs. ATL Falcons,Bijan Robinson,Bijan Robinson (ATL),Joueur total de courses (Bijan Robinson (ATL)) (prolongations incluses),2133,72890,1743968724,ATL|dst:player:374313,4537933041,19+,19+,ATL|dst:player:374313,2.15,0,False
16551680,GB Packers	 vs. ATL Falcons,Bijan Robinson,Bijan Robinson (ATL),Joueur total de courses (Bijan Robinson (ATL)) (prolongations incluses),2133,72890,1743968724,ATL|dst:player:374313,4537933042,20+,20+,ATL|dst:player:374313,2.4,0,False
16551680,GB Packers	 vs. ATL Falcons,Bijan Robinson,Bijan Robinson (ATL),Joueur total de courses (Bijan Robinson (ATL)) (prolongations incluses),2133,72890,1743968724,ATL|dst:player:374313,4537933043,21+,21+,ATL|dst:player:374313,2.7,0,False
16551680,GB Packers	 vs. ATL Falcons,Bijan Robinson,Bijan Robinson (ATL),Joueur total de courses (Bijan Robinson (ATL)) (prolongations incluses),2133,72890,1743968724,ATL|dst:player:374313,4537933044,22+,22+,ATL|dst:player:374313,3.1,0,False
16551680,GB Packers	 vs. ATL Falcons,Bijan Robinson,Bijan Robinson (ATL),Joueur total de courses (Bijan Robinson (ATL)) (prolongations incluses),2133,72890,1743968724,ATL|dst:player:374313,4537933045,23+,23+,ATL|dst:player:374313,3.6,0,False
16551680,GB Packers	 vs. ATL Falcons,Bijan Robinson,Bijan Robinson (ATL),Joueur total de courses (Bijan Robinson (ATL)) (prolongations incluses),2133,72890,1743968724,ATL|dst:player:374313,4537933046,24+,24+,ATL|dst:player:374313,4.25,0,False
16551680,GB Packers	 vs. ATL Falcons,Bijan Robinson,Bijan Robinson (ATL),Joueur total de courses (Bijan Robinson (ATL)) (prolongations incluses),2133,72890,1743968724,ATL|dst:player:374313,4537933047,25+,25+,ATL|dst:player:374313,5.0,0,False
16551680,GB Packers	 vs. ATL Falcons,Bijan Robinson,Bijan Robinson (ATL),Joueur total de courses (Bijan Robinson (ATL)) (prolongations incluses),2133,72890,1743968724,ATL|dst:player:374313,4537933048,26+,26+,ATL|dst:player:374313,6.0,0,False
16551680,GB Packers	 vs. ATL Falcons,Bijan Robinson,Bijan Robinson (ATL),Joueur total de courses (Bijan Robinson (ATL)) (prolongations incluses),2133,72890,1743968724,ATL|dst:player:374313,4537933049,17+,17+,ATL|dst:player:374313,1.6897,0,False
16551680,GB Packers	 vs. ATL Falcons,Bijan Robinson,Bijan Robinson (ATL),Joueur total de courses (Bijan Robinson (ATL)) (prolongations incluses),2133,72890,1743968724,ATL|dst:player:374313,4537933050,16+,16+,ATL|dst:player:374313,1.4762,0,False
16564317,BUF Bills vs. LA Chargers,James Cook,James Cook (BUF),Total de Touchdowns du joueur (Incl. Prolongations) (James Cook (BUF)),2145,72900,1744203278,BUF|dst:player:308977,4538542348,1+,1+,BUF|dst:player:308977,1.5,0,False
16564317,BUF Bills vs. LA Chargers,James Cook,James Cook (BUF),Total de Touchdowns du joueur (Incl. Prolongations) (James Cook (BUF)),2145,72900,1744203278,BUF|dst:player:308977,4538542349,2+,2+,BUF|dst:player:308977,3.5,0,False
16564317,BUF Bills vs. LA Chargers,James Cook,James Cook (BUF),Total de Touchdowns du joueur (Incl. Prolongations) (James Cook (BUF)),2145,72900,1744203278,BUF|dst:player:308977,4538542350,3+,3+,BUF|dst:player:308977,15.0,0,False
16564317,BUF Bills vs. LA Chargers,Josh Allen,Josh Allen (BUF),Total de Touchdowns du joueur (Incl. Prolongations) (Josh Allen (BUF)),2145,72900,1744203274,BUF|dst:player:169271,4538542336,1+,1+,BUF|dst:player:169271,1.6897,0,False
16564317,BUF Bills vs. LA Chargers,Josh Allen,Josh Allen (BUF),Total de Touchdowns du joueur (Incl. Prolongations) (Josh Allen (BUF)),2145,72900,1744203274,BUF|dst:player:169271,4538542337,2+,2+,BUF|dst:player:169271,4.5,0,False
16564317,BUF Bills vs. LA Chargers,Josh Allen,Josh Allen (BUF),Total de Touchdowns du joueur (Incl. Prolongations) (Josh Allen (BUF)),2145,72900,1744203274,BUF|dst:player:169271,4538542338,3+,3+,BUF|dst:player:169271,20.0,0,False
16564317,BUF Bills vs. LA Chargers,Omarion Hampton,Omarion Hampton (LAC),Total de Touchdowns du joueur (Incl. Prolongations) (Omarion Hampton (LAC)),2145,72900,1744203496,LAC|dst:player:485361,4538542891,1+,1+,LAC|dst:player:485361,1.8,0,False
16564317,BUF Bills vs. LA Chargers,Omarion Hampton,Omarion Hampton (LAC),Total de Touchdowns du joueur (Incl. Prolongations) (Omarion Hampton (LAC)),2145,72900,1744203496,LAC|dst:player:485361,4538542892,2+,2+,LAC|dst:player:485361,5.0,0,False
16564317,BUF Bills vs. LA Chargers,Omarion Hampton,Omarion Hampton (LAC),Total de Touchdowns du joueur (Incl. Prolongations) (Omarion Hampton (LAC)),2145,72900,1744203496,LAC|dst:player:485361,4538542893,3+,3+,LAC|dst:player:485361,21.0,0,False
16564317,BUF Bills vs. LA Chargers,Quentin Johnston,Quentin Johnston (LAC),Total de Touchdowns du joueur (Incl. Prolongations) (Quentin Johnston (LAC)),2145,72900,1744203279,LAC|dst:player:374340,4538542352,2+,2+,LAC|dst:player:374340,11.0,0,False
16564317,BUF Bills vs. LA Chargers,Quentin Johnston,Quentin Johnston (LAC),Total de Touchdowns du joueur (Incl. Prolongations) (Quentin Johnston (LAC)),2145,72900,1744203279,LAC|dst:player:374340,4538542353,3+,3+,LAC|dst:player:374340,71.0,0,False
16564317,BUF Bills vs. LA Chargers,Quentin Johnston,Quentin Johnston (LAC),Total de Touchdowns du joueur (Incl. Prolongations) (Quentin Johnston (LAC)),2145,72900,1744203279,LAC|dst:player:374340,4538542351,1+,1+,LAC|dst:player:374340,2.8,0,False
16564317,BUF Bills vs. LA Chargers,D J Moore,D J Moore (BUF),Total de Touchdowns du joueur (Incl. Prolongations) (D J Moore (BUF)),2145,72900,1744203498,BUF|dst:player:540498,4538542897,1+,1+,BUF|dst:player:540498,3.4,0,False
16564317,BUF Bills vs. LA Chargers,D J Moore,D J Moore (BUF),Total de Touchdowns du joueur (Incl. Prolongations) (D J Moore (BUF)),2145,72900,1744203498,BUF|dst:player:540498,4538542898,2+,2+,BUF|dst:player:540498,17.0,0,False
16564317,BUF Bills vs. LA Chargers,D J Moore,D J Moore (BUF),Total de Touchdowns du joueur (Incl. Prolongations) (D J Moore (BUF)),2145,72900,1744203498,BUF|dst:player:540498,4538542899,3+,3+,BUF|dst:player:540498,101.0,0,False
16564317,BUF Bills vs. LA Chargers,Ladd McConkey,Ladd McConkey (LAC),Total de Touchdowns du joueur (Incl. Prolongations) (Ladd McConkey (LAC)),2145,72900,1744203329,LAC|dst:player:432487,4538542476,1+,1+,LAC|dst:player:432487,3.4,0,False
16564317,BUF Bills vs. LA Chargers,Ladd McConkey,Ladd McConkey (LAC),Total de Touchdowns du joueur (Incl. Prolongations) (Ladd McConkey (LAC)),2145,72900,1744203329,LAC|dst:player:432487,4538542477,2+,2+,LAC|dst:player:432487,17.0,0,False
16564317,BUF Bills vs. LA Chargers,Ladd McConkey,Ladd McConkey (LAC),Total de Touchdowns du joueur (Incl. Prolongations) (Ladd McConkey (LAC)),2145,72900,1744203329,LAC|dst:player:432487,4538542478,3+,3+,LAC|dst:player:432487,101.0,0,False
16564317,BUF Bills vs. LA Chargers,Dalton Kincaid,Dalton Kincaid (BUF),Total de Touchdowns du joueur (Incl. Prolongations) (Dalton Kincaid (BUF)),2145,72900,1744203324,BUF|dst:player:374582,4538542461,1+,1+,BUF|dst:player:374582,3.85,0,False
16564317,BUF Bills vs. LA Chargers,Dalton Kincaid,Dalton Kincaid (BUF),Total de Touchdowns du joueur (Incl. Prolongations) (Dalton Kincaid (BUF)),2145,72900,1744203324,BUF|dst:player:374582,4538542462,2+,2+,BUF|dst:player:374582,26.0,0,False
16564317,BUF Bills vs. LA Chargers,Dalton Kincaid,Dalton Kincaid (BUF),Total de Touchdowns du joueur (Incl. Prolongations) (Dalton Kincaid (BUF)),2145,72900,1744203324,BUF|dst:player:374582,4538542463,3+,3+,BUF|dst:player:374582,101.0,0,False
16564317,BUF Bills vs. LA Chargers,Ty Johnson,Ty Johnson (BUF),Total de Touchdowns du joueur (Incl. Prolongations) (Ty Johnson (BUF)),2145,72900,1744203325,BUF|dst:player:387121,4538542464,1+,1+,BUF|dst:player:387121,4.25,0,False
16564317,BUF Bills vs. LA Chargers,Ty Johnson,Ty Johnson (BUF),Total de Touchdowns du joueur (Incl. Prolongations) (Ty Johnson (BUF)),2145,72900,1744203325,BUF|dst:player:387121,4538542465,2+,2+,BUF|dst:player:387121,26.0,0,False
16564317,BUF Bills vs. LA Chargers,Ty Johnson,Ty Johnson (BUF),Total de Touchdowns du joueur (Incl. Prolongations) (Ty Johnson (BUF)),2145,72900,1744203325,BUF|dst:player:387121,4538542466,3+,3+,BUF|dst:player:387121,101.0,0,False
16564317,BUF Bills vs. LA Chargers,Khalil Shakir,Khalil Shakir (BUF),Total de Touchdowns du joueur (Incl. Prolongations) (Khalil Shakir (BUF)),2145,72900,1744203277,BUF|dst:player:308964,4538542345,1+,1+,BUF|dst:player:308964,4.5,0,False
16564317,BUF Bills vs. LA Chargers,Khalil Shakir,Khalil Shakir (BUF),Total de Touchdowns du joueur (Incl. Prolongations) (Khalil Shakir (BUF)),2145,72900,1744203277,BUF|dst:player:308964,4538542346,2+,2+,BUF|dst:player:308964,31.0,0,False
16564317,BUF Bills vs. LA Chargers,Khalil Shakir,Khalil Shakir (BUF),Total de Touchdowns du joueur (Incl. Prolongations) (Khalil Shakir (BUF)),2145,72900,1744203277,BUF|dst:player:308964,4538542347,3+,3+,BUF|dst:player:308964,151.0,0,False
16564317,BUF Bills vs. LA Chargers,Keon Coleman,Keon Coleman (BUF),Total de Touchdowns du joueur (Incl. Prolongations) (Keon Coleman (BUF)),2145,72900,1744203328,BUF|dst:player:432272,4538542473,1+,1+,BUF|dst:player:432272,4.5,0,False
16564317,BUF Bills vs. LA Chargers,Keon Coleman,Keon Coleman (BUF),Total de Touchdowns du joueur (Incl. Prolongations) (Keon Coleman (BUF)),2145,72900,1744203328,BUF|dst:player:432272,4538542474,2+,2+,BUF|dst:player:432272,31.0,0,False
16564317,BUF Bills vs. LA Chargers,Keon Coleman,Keon Coleman (BUF),Total de Touchdowns du joueur (Incl. Prolongations) (Keon Coleman (BUF)),2145,72900,1744203328,BUF|dst:player:432272,4538542475,3+,3+,BUF|dst:player:432272,151.0,0,False
16564317,BUF Bills vs. LA Chargers,Justin Herbert,Justin Herbert (LAC),Total de Touchdowns du joueur (Incl. Prolongations) (Justin Herbert (LAC)),2145,72900,1744203276,LAC|dst:player:242810,4538542344,3+,3+,LAC|dst:player:242810,151.0,0,False
16564317,BUF Bills vs. LA Chargers,Justin Herbert,Justin Herbert (LAC),Total de Touchdowns du joueur (Incl. Prolongations) (Justin Herbert (LAC)),2145,72900,1744203276,LAC|dst:player:242810,4538542342,1+,1+,LAC|dst:player:242810,4.5,0,False
16564317,BUF Bills vs. LA Chargers,Justin Herbert,Justin Herbert (LAC),Total de Touchdowns du joueur (Incl. Prolongations) (Justin Herbert (LAC)),2145,72900,1744203276,LAC|dst:player:242810,4538542343,2+,2+,LAC|dst:player:242810,31.0,0,False
16564317,BUF Bills vs. LA Chargers,Dawson Knox,Dawson Knox (BUF),Total de Touchdowns du joueur (Incl. Prolongations) (Dawson Knox (BUF)),2145,72900,1744203275,BUF|dst:player:229082,4538542339,1+,1+,BUF|dst:player:229082,5.0,0,False
16564317,BUF Bills vs. LA Chargers,Dawson Knox,Dawson Knox (BUF),Total de Touchdowns du joueur (Incl. Prolongations) (Dawson Knox (BUF)),2145,72900,1744203275,BUF|dst:player:229082,4538542340,2+,2+,BUF|dst:player:229082,36.0,0,False
16564317,BUF Bills vs. LA Chargers,Dawson Knox,Dawson Knox (BUF),Total de Touchdowns du joueur (Incl. Prolongations) (Dawson Knox (BUF)),2145,72900,1744203275,BUF|dst:player:229082,4538542341,3+,3+,BUF|dst:player:229082,151.0,0,False
16564317,BUF Bills vs. LA Chargers,Keaton Mitchell,Keaton Mitchell (LAC),Total de Touchdowns du joueur (Incl. Prolongations) (Keaton Mitchell (LAC)),2145,72900,1744203501,LAC|dst:player:541006,4538542906,1+,1+,LAC|dst:player:541006,5.0,0,False
16564317,BUF Bills vs. LA Chargers,Keaton Mitchell,Keaton Mitchell (LAC),Total de Touchdowns du joueur (Incl. Prolongations) (Keaton Mitchell (LAC)),2145,72900,1744203501,LAC|dst:player:541006,4538542907,2+,2+,LAC|dst:player:541006,36.0,0,False
16564317,BUF Bills vs. LA Chargers,Keaton Mitchell,Keaton Mitchell (LAC),Total de Touchdowns du joueur (Incl. Prolongations) (Keaton Mitchell (LAC)),2145,72900,1744203501,LAC|dst:player:541006,4538542908,3+,3+,LAC|dst:player:541006,151.0,0,False
16564317,BUF Bills vs. LA Chargers,Oronde Gadsden,Oronde Gadsden (LAC),Total de Touchdowns du joueur (Incl. Prolongations) (Oronde Gadsden (LAC)),2145,72900,1744203495,LAC|dst:player:484788,4538542888,1+,1+,LAC|dst:player:484788,5.5,0,False
16564317,BUF Bills vs. LA Chargers,Oronde Gadsden,Oronde Gadsden (LAC),Total de Touchdowns du joueur (Incl. Prolongations) (Oronde Gadsden (LAC)),2145,72900,1744203495,LAC|dst:player:484788,4538542889,2+,2+,LAC|dst:player:484788,36.0,0,False
16564317,BUF Bills vs. LA Chargers,Oronde Gadsden,Oronde Gadsden (LAC),Total de Touchdowns du joueur (Incl. Prolongations) (Oronde Gadsden (LAC)),2145,72900,1744203495,LAC|dst:player:484788,4538542890,3+,3+,LAC|dst:player:484788,201.0,0,False
16564317,BUF Bills vs. LA Chargers,Tre Harris,Tre Harris (LAC),Total de Touchdowns du joueur (Incl. Prolongations) (Tre Harris (LAC)),2145,72900,1744203497,LAC|dst:player:497970,4538542896,3+,3+,LAC|dst:player:497970,201.0,0,False
16564317,BUF Bills vs. LA Chargers,Tre Harris,Tre Harris (LAC),Total de Touchdowns du joueur (Incl. Prolongations) (Tre Harris (LAC)),2145,72900,1744203497,LAC|dst:player:497970,4538542894,1+,1+,LAC|dst:player:497970,5.5,0,False
16564317,BUF Bills vs. LA Chargers,Tre Harris,Tre Harris (LAC),Total de Touchdowns du joueur (Incl. Prolongations) (Tre Harris (LAC)),2145,72900,1744203497,LAC|dst:player:497970,4538542895,2+,2+,LAC|dst:player:497970,36.0,0,False
16564317,BUF Bills vs. LA Chargers,Kimani Vidal,Kimani Vidal (LAC),Total de Touchdowns du joueur (Incl. Prolongations) (Kimani Vidal (LAC)),2145,72900,1744203326,LAC|dst:player:430125,4538542467,1+,1+,LAC|dst:player:430125,6.5,0,False
16564317,BUF Bills vs. LA Chargers,Kimani Vidal,Kimani Vidal (LAC),Total de Touchdowns du joueur (Incl. Prolongations) (Kimani Vidal (LAC)),2145,72900,1744203326,LAC|dst:player:430125,4538542468,2+,2+,LAC|dst:player:430125,41.0,0,False
16564317,BUF Bills vs. LA Chargers,Kimani Vidal,Kimani Vidal (LAC),Total de Touchdowns du joueur (Incl. Prolongations) (Kimani Vidal (LAC)),2145,72900,1744203326,LAC|dst:player:430125,4538542469,3+,3+,LAC|dst:player:430125,201.0,0,False
16564317,BUF Bills vs. LA Chargers,Ray Davis,Ray Davis (BUF),Total de Touchdowns du joueur (Incl. Prolongations) (Ray Davis (BUF)),2145,72900,1744203327,BUF|dst:player:431670,4538542472,3+,3+,BUF|dst:player:431670,201.0,0,False
16564317,BUF Bills vs. LA Chargers,Ray Davis,Ray Davis (BUF),Total de Touchdowns du joueur (Incl. Prolongations) (Ray Davis (BUF)),2145,72900,1744203327,BUF|dst:player:431670,4538542470,1+,1+,BUF|dst:player:431670,8.0,0,False
16564317,BUF Bills vs. LA Chargers,Ray Davis,Ray Davis (BUF),Total de Touchdowns du joueur (Incl. Prolongations) (Ray Davis (BUF)),2145,72900,1744203327,BUF|dst:player:431670,4538542471,2+,2+,BUF|dst:player:431670,61.0,0,False
16564317,BUF Bills vs. LA Chargers,Charlie Kolar,Charlie Kolar (LAC),Total de Touchdowns du joueur (Incl. Prolongations) (Charlie Kolar (LAC)),2145,72900,1744203500,LAC|dst:player:540751,4538542904,2+,2+,LAC|dst:player:540751,71.0,0,False
16564317,BUF Bills vs. LA Chargers,Charlie Kolar,Charlie Kolar (LAC),Total de Touchdowns du joueur (Incl. Prolongations) (Charlie Kolar (LAC)),2145,72900,1744203500,LAC|dst:player:540751,4538542905,3+,3+,LAC|dst:player:540751,201.0,0,False
16564317,BUF Bills vs. LA Chargers,Charlie Kolar,Charlie Kolar (LAC),Total de Touchdowns du joueur (Incl. Prolongations) (Charlie Kolar (LAC)),2145,72900,1744203500,LAC|dst:player:540751,4538542903,1+,1+,LAC|dst:player:540751,9.0,0,False
16564317,BUF Bills vs. LA Chargers,David Njoku,David Njoku (LAC),Total de Touchdowns du joueur (Incl. Prolongations) (David Njoku (LAC)),2145,72900,1744203502,LAC|dst:player:546791,4538542909,1+,1+,LAC|dst:player:546791,9.0,0,False
16564317,BUF Bills vs. LA Chargers,David Njoku,David Njoku (LAC),Total de Touchdowns du joueur (Incl. Prolongations) (David Njoku (LAC)),2145,72900,1744203502,LAC|dst:player:546791,4538542910,2+,2+,LAC|dst:player:546791,71.0,0,False
16564317,BUF Bills vs. LA Chargers,David Njoku,David Njoku (LAC),Total de Touchdowns du joueur (Incl. Prolongations) (David Njoku (LAC)),2145,72900,1744203502,LAC|dst:player:546791,4538542911,3+,3+,LAC|dst:player:546791,201.0,0,False
16564317,BUF Bills vs. LA Chargers,Josh Palmer,Josh Palmer (BUF),Total de Touchdowns du joueur (Incl. Prolongations) (Josh Palmer (BUF)),2145,72900,1744203330,BUF|dst:player:476292,4538542480,2+,2+,BUF|dst:player:476292,91.0,0,False
16564317,BUF Bills vs. LA Chargers,Josh Palmer,Josh Palmer (BUF),Total de Touchdowns du joueur (Incl. Prolongations) (Josh Palmer (BUF)),2145,72900,1744203330,BUF|dst:player:476292,4538542481,3+,3+,BUF|dst:player:476292,251.0,0,False
16564317,BUF Bills vs. LA Chargers,Josh Palmer,Josh Palmer (BUF),Total de Touchdowns du joueur (Incl. Prolongations) (Josh Palmer (BUF)),2145,72900,1744203330,BUF|dst:player:476292,4538542479,1+,1+,BUF|dst:player:476292,12.0,0,False
16564317,BUF Bills vs. LA Chargers,Derius Davis,Derius Davis (LAC),Total de Touchdowns du joueur (Incl. Prolongations) (Derius Davis (LAC)),2145,72900,1744203323,LAC|dst:player:374486,4538542458,1+,1+,LAC|dst:player:374486,12.0,0,False
16564317,BUF Bills vs. LA Chargers,Derius Davis,Derius Davis (LAC),Total de Touchdowns du joueur (Incl. Prolongations) (Derius Davis (LAC)),2145,72900,1744203323,LAC|dst:player:374486,4538542459,2+,2+,LAC|dst:player:374486,91.0,0,False
16564317,BUF Bills vs. LA Chargers,Derius Davis,Derius Davis (LAC),Total de Touchdowns du joueur (Incl. Prolongations) (Derius Davis (LAC)),2145,72900,1744203323,LAC|dst:player:374486,4538542460,3+,3+,LAC|dst:player:374486,251.0,0,False
16564317,BUF Bills vs. LA Chargers,Skyler Bell,Skyler Bell (BUF),Total de Touchdowns du joueur (Incl. Prolongations) (Skyler Bell (BUF)),2145,72900,1744203595,BUF|dst:player:546897,4538543200,2+,2+,BUF|dst:player:546897,101.0,0,False
16564317,BUF Bills vs. LA Chargers,Skyler Bell,Skyler Bell (BUF),Total de Touchdowns du joueur (Incl. Prolongations) (Skyler Bell (BUF)),2145,72900,1744203595,BUF|dst:player:546897,4538543201,3+,3+,BUF|dst:player:546897,251.0,0,False
16564317,BUF Bills vs. LA Chargers,Skyler Bell,Skyler Bell (BUF),Total de Touchdowns du joueur (Incl. Prolongations) (Skyler Bell (BUF)),2145,72900,1744203595,BUF|dst:player:546897,4538543199,1+,1+,BUF|dst:player:546897,15.0,0,False
16564317,BUF Bills vs. LA Chargers,Alec Ingold,Alec Ingold (LAC),Total de Touchdowns du joueur (Incl. Prolongations) (Alec Ingold (LAC)),2145,72900,1744203499,LAC|dst:player:540685,4538542900,1+,1+,LAC|dst:player:540685,15.0,0,False
16564317,BUF Bills vs. LA Chargers,Alec Ingold,Alec Ingold (LAC),Total de Touchdowns du joueur (Incl. Prolongations) (Alec Ingold (LAC)),2145,72900,1744203499,LAC|dst:player:540685,4538542901,2+,2+,LAC|dst:player:540685,101.0,0,False
16564317,BUF Bills vs. LA Chargers,Alec Ingold,Alec Ingold (LAC),Total de Touchdowns du joueur (Incl. Prolongations) (Alec Ingold (LAC)),2145,72900,1744203499,LAC|dst:player:540685,4538542902,3+,3+,LAC|dst:player:540685,251.0,0,False
16564317,BUF Bills vs. LA Chargers,Brenen Thompson,Brenen Thompson (LAC),Total de Touchdowns du joueur (Incl. Prolongations) (Brenen Thompson (LAC)),2145,72900,1744203664,LAC|dst:player:550173,4538543347,1+,1+,LAC|dst:player:550173,15.0,0,False
16564317,BUF Bills vs. LA Chargers,Brenen Thompson,Brenen Thompson (LAC),Total de Touchdowns du joueur (Incl. Prolongations) (Brenen Thompson (LAC)),2145,72900,1744203664,LAC|dst:player:550173,4538543348,2+,2+,LAC|dst:player:550173,101.0,0,False
16564317,BUF Bills vs. LA Chargers,Brenen Thompson,Brenen Thompson (LAC),Total de Touchdowns du joueur (Incl. Prolongations) (Brenen Thompson (LAC)),2145,72900,1744203664,LAC|dst:player:550173,4538543349,3+,3+,LAC|dst:player:550173,251.0,0,False
16564317,BUF Bills vs. LA Chargers,Keleki Latu,Keleki Latu (BUF),Total de Touchdowns du joueur (Incl. Prolongations) (Keleki Latu (BUF)),2145,72900,1744203397,BUF|dst:player:483335,4538542620,1+,1+,BUF|dst:player:483335,36.0,0,False
16564317,BUF Bills vs. LA Chargers,Keleki Latu,Keleki Latu (BUF),Total de Touchdowns du joueur (Incl. Prolongations) (Keleki Latu (BUF)),2145,72900,1744203397,BUF|dst:player:483335,4538542621,2+,2+,BUF|dst:player:483335,151.0,0,False
16564317,BUF Bills vs. LA Chargers,Keleki Latu,Keleki Latu (BUF),Total de Touchdowns du joueur (Incl. Prolongations) (Keleki Latu (BUF)),2145,72900,1744203397,BUF|dst:player:483335,4538542622,3+,3+,BUF|dst:player:483335,251.0,0,False
16564317,BUF Bills vs. LA Chargers,Jackson Hawes,Jackson Hawes (BUF),Total de Touchdowns du joueur (Incl. Prolongations) (Jackson Hawes (BUF)),2145,72900,1744203494,BUF|dst:player:484606,4538542885,1+,1+,BUF|dst:player:484606,36.0,0,False
16564317,BUF Bills vs. LA Chargers,Jackson Hawes,Jackson Hawes (BUF),Total de Touchdowns du joueur (Incl. Prolongations) (Jackson Hawes (BUF)),2145,72900,1744203494,BUF|dst:player:484606,4538542886,2+,2+,BUF|dst:player:484606,151.0,0,False
16564317,BUF Bills vs. LA Chargers,Jackson Hawes,Jackson Hawes (BUF),Total de Touchdowns du joueur (Incl. Prolongations) (Jackson Hawes (BUF)),2145,72900,1744203494,BUF|dst:player:484606,4538542887,3+,3+,BUF|dst:player:484606,251.0,0,False
16564317,BUF Bills vs. LA Chargers,Gary Jennings,Gary Jennings (LAC),Total de Touchdowns du joueur (Incl. Prolongations) (Gary Jennings (LAC)),2145,72900,1744203665,LAC|dst:player:565014,4538543352,3+,3+,LAC|dst:player:565014,251.0,0,False
16564317,BUF Bills vs. LA Chargers,Gary Jennings,Gary Jennings (LAC),Total de Touchdowns du joueur (Incl. Prolongations) (Gary Jennings (LAC)),2145,72900,1744203665,LAC|dst:player:565014,4538543350,1+,1+,LAC|dst:player:565014,36.0,0,False
16564317,BUF Bills vs. LA Chargers,Gary Jennings,Gary Jennings (LAC),Total de Touchdowns du joueur (Incl. Prolongations) (Gary Jennings (LAC)),2145,72900,1744203665,LAC|dst:player:565014,4538543351,2+,2+,LAC|dst:player:565014,151.0,0,False
16551449,DET Lions vs. NY Jets,Jahmyr Gibbs,Jahmyr Gibbs (DET),Total de Touchdowns du joueur (Incl. Prolongations) (Jahmyr Gibbs (DET)),2145,72900,1744202638,DET|dst:player:382338,4538540738,1+,1+,DET|dst:player:382338,1.3077,0,False
16551449,DET Lions vs. NY Jets,Jahmyr Gibbs,Jahmyr Gibbs (DET),Total de Touchdowns du joueur (Incl. Prolongations) (Jahmyr Gibbs (DET)),2145,72900,1744202638,DET|dst:player:382338,4538540739,2+,2+,DET|dst:player:382338,2.5,0,False
16551449,DET Lions vs. NY Jets,Jahmyr Gibbs,Jahmyr Gibbs (DET),Total de Touchdowns du joueur (Incl. Prolongations) (Jahmyr Gibbs (DET)),2145,72900,1744202638,DET|dst:player:382338,4538540740,3+,3+,DET|dst:player:382338,10.0,0,False
16551449,DET Lions vs. NY Jets,Amon-Ra St. Brown,Amon-Ra St. Brown (DET),Total de Touchdowns du joueur (Incl. Prolongations) (Amon-Ra St. Brown (DET)),2145,72900,1744202557,DET|dst:player:264257,4538540520,3+,3+,DET|dst:player:264257,21.0,0,False
16551449,DET Lions vs. NY Jets,Amon-Ra St. Brown,Amon-Ra St. Brown (DET),Total de Touchdowns du joueur (Incl. Prolongations) (Amon-Ra St. Brown (DET)),2145,72900,1744202557,DET|dst:player:264257,4538540518,1+,1+,DET|dst:player:264257,1.8,0,False
16551449,DET Lions vs. NY Jets,Amon-Ra St. Brown,Amon-Ra St. Brown (DET),Total de Touchdowns du joueur (Incl. Prolongations) (Amon-Ra St. Brown (DET)),2145,72900,1744202557,DET|dst:player:264257,4538540519,2+,2+,DET|dst:player:264257,5.0,0,False
16551449,DET Lions vs. NY Jets,Breece Hall,Breece Hall (NYJ),Total de Touchdowns du joueur (Incl. Prolongations) (Breece Hall (NYJ)),2145,72900,1744202635,NYJ|dst:player:309391,4538540729,1+,1+,NYJ|dst:player:309391,2.0,0,False
16551449,DET Lions vs. NY Jets,Breece Hall,Breece Hall (NYJ),Total de Touchdowns du joueur (Incl. Prolongations) (Breece Hall (NYJ)),2145,72900,1744202635,NYJ|dst:player:309391,4538540730,2+,2+,NYJ|dst:player:309391,6.0,0,False
16551449,DET Lions vs. NY Jets,Breece Hall,Breece Hall (NYJ),Total de Touchdowns du joueur (Incl. Prolongations) (Breece Hall (NYJ)),2145,72900,1744202635,NYJ|dst:player:309391,4538540731,3+,3+,NYJ|dst:player:309391,26.0,0,False
16551449,DET Lions vs. NY Jets,Garrett Wilson,Garrett Wilson (NYJ),Total de Touchdowns du joueur (Incl. Prolongations) (Garrett Wilson (NYJ)),2145,72900,1744202634,NYJ|dst:player:309385,4538540728,3+,3+,NYJ|dst:player:309385,61.0,0,False
16551449,DET Lions vs. NY Jets,Garrett Wilson,Garrett Wilson (NYJ),Total de Touchdowns du joueur (Incl. Prolongations) (Garrett Wilson (NYJ)),2145,72900,1744202634,NYJ|dst:player:309385,4538540726,1+,1+,NYJ|dst:player:309385,2.5,0,False
16551449,DET Lions vs. NY Jets,Garrett Wilson,Garrett Wilson (NYJ),Total de Touchdowns du joueur (Incl. Prolongations) (Garrett Wilson (NYJ)),2145,72900,1744202634,NYJ|dst:player:309385,4538540727,2+,2+,NYJ|dst:player:309385,9.0,0,False
16551449,DET Lions vs. NY Jets,Jameson Williams,Jameson Williams (DET),Total de Touchdowns du joueur (Incl. Prolongations) (Jameson Williams (DET)),2145,72900,1744202636,DET|dst:player:356390,4538540732,1+,1+,DET|dst:player:356390,2.7,0,False
16551449,DET Lions vs. NY Jets,Jameson Williams,Jameson Williams (DET),Total de Touchdowns du joueur (Incl. Prolongations) (Jameson Williams (DET)),2145,72900,1744202636,DET|dst:player:356390,4538540733,2+,2+,DET|dst:player:356390,10.0,0,False
16551449,DET Lions vs. NY Jets,Jameson Williams,Jameson Williams (DET),Total de Touchdowns du joueur (Incl. Prolongations) (Jameson Williams (DET)),2145,72900,1744202636,DET|dst:player:356390,4538540734,3+,3+,DET|dst:player:356390,71.0,0,False
16551449,DET Lions vs. NY Jets,Sam LaPorta,Sam LaPorta (DET),Total de Touchdowns du joueur (Incl. Prolongations) (Sam LaPorta (DET)),2145,72900,1744202637,DET|dst:player:378262,4538540736,2+,2+,DET|dst:player:378262,11.0,0,False
16551449,DET Lions vs. NY Jets,Sam LaPorta,Sam LaPorta (DET),Total de Touchdowns du joueur (Incl. Prolongations) (Sam LaPorta (DET)),2145,72900,1744202637,DET|dst:player:378262,4538540737,3+,3+,DET|dst:player:378262,71.0,0,False
16551449,DET Lions vs. NY Jets,Sam LaPorta,Sam LaPorta (DET),Total de Touchdowns du joueur (Incl. Prolongations) (Sam LaPorta (DET)),2145,72900,1744202637,DET|dst:player:378262,4538540735,1+,1+,DET|dst:player:378262,2.8,0,False
16551449,DET Lions vs. NY Jets,Adonai Mitchell,Adonai Mitchell (NYJ),Total de Touchdowns du joueur (Incl. Prolongations) (Adonai Mitchell (NYJ)),2145,72900,1744202746,NYJ|dst:player:523086,4538540981,1+,1+,NYJ|dst:player:523086,4.0,0,False
16551449,DET Lions vs. NY Jets,Adonai Mitchell,Adonai Mitchell (NYJ),Total de Touchdowns du joueur (Incl. Prolongations) (Adonai Mitchell (NYJ)),2145,72900,1744202746,NYJ|dst:player:523086,4538540982,2+,2+,NYJ|dst:player:523086,26.0,0,False
16551449,DET Lions vs. NY Jets,Adonai Mitchell,Adonai Mitchell (NYJ),Total de Touchdowns du joueur (Incl. Prolongations) (Adonai Mitchell (NYJ)),2145,72900,1744202746,NYJ|dst:player:523086,4538540983,3+,3+,NYJ|dst:player:523086,101.0,0,False
16551449,DET Lions vs. NY Jets,Isaac TeSlaa,Isaac TeSlaa (DET),Total de Touchdowns du joueur (Incl. Prolongations) (Isaac TeSlaa (DET)),2145,72900,1744202710,DET|dst:player:485428,4538540898,1+,1+,DET|dst:player:485428,4.5,0,False
16551449,DET Lions vs. NY Jets,Isaac TeSlaa,Isaac TeSlaa (DET),Total de Touchdowns du joueur (Incl. Prolongations) (Isaac TeSlaa (DET)),2145,72900,1744202710,DET|dst:player:485428,4538540899,2+,2+,DET|dst:player:485428,31.0,0,False
16551449,DET Lions vs. NY Jets,Isaac TeSlaa,Isaac TeSlaa (DET),Total de Touchdowns du joueur (Incl. Prolongations) (Isaac TeSlaa (DET)),2145,72900,1744202710,DET|dst:player:485428,4538540900,3+,3+,DET|dst:player:485428,151.0,0,False
16551449,DET Lions vs. NY Jets,Braelon Allen,Braelon Allen (NYJ),Total de Touchdowns du joueur (Incl. Prolongations) (Braelon Allen (NYJ)),2145,72900,1744202640,NYJ|dst:player:430268,4538540744,1+,1+,NYJ|dst:player:430268,4.5,0,False
16551449,DET Lions vs. NY Jets,Braelon Allen,Braelon Allen (NYJ),Total de Touchdowns du joueur (Incl. Prolongations) (Braelon Allen (NYJ)),2145,72900,1744202640,NYJ|dst:player:430268,4538540745,2+,2+,NYJ|dst:player:430268,31.0,0,False
16551449,DET Lions vs. NY Jets,Braelon Allen,Braelon Allen (NYJ),Total de Touchdowns du joueur (Incl. Prolongations) (Braelon Allen (NYJ)),2145,72900,1744202640,NYJ|dst:player:430268,4538540746,3+,3+,NYJ|dst:player:430268,151.0,0,False
16551449,DET Lions vs. NY Jets,Isaiah Williams,Isaiah Williams (NYJ),Total de Touchdowns du joueur (Incl. Prolongations) (Isaiah Williams (NYJ)),2145,72900,1744202714,NYJ|dst:player:511092,4538540912,3+,3+,NYJ|dst:player:511092,201.0,0,False
16551449,DET Lions vs. NY Jets,Isaiah Williams,Isaiah Williams (NYJ),Total de Touchdowns du joueur (Incl. Prolongations) (Isaiah Williams (NYJ)),2145,72900,1744202714,NYJ|dst:player:511092,4538540910,1+,1+,NYJ|dst:player:511092,5.5,0,False
16551449,DET Lions vs. NY Jets,Isaiah Williams,Isaiah Williams (NYJ),Total de Touchdowns du joueur (Incl. Prolongations) (Isaiah Williams (NYJ)),2145,72900,1744202714,NYJ|dst:player:511092,4538540911,2+,2+,NYJ|dst:player:511092,36.0,0,False
16551449,DET Lions vs. NY Jets,Mason Taylor,Mason Taylor (NYJ),Total de Touchdowns du joueur (Incl. Prolongations) (Mason Taylor (NYJ)),2145,72900,1744202711,NYJ|dst:player:498182,4538540901,1+,1+,NYJ|dst:player:498182,6.5,0,False
16551449,DET Lions vs. NY Jets,Mason Taylor,Mason Taylor (NYJ),Total de Touchdowns du joueur (Incl. Prolongations) (Mason Taylor (NYJ)),2145,72900,1744202711,NYJ|dst:player:498182,4538540902,2+,2+,NYJ|dst:player:498182,41.0,0,False
16551449,DET Lions vs. NY Jets,Mason Taylor,Mason Taylor (NYJ),Total de Touchdowns du joueur (Incl. Prolongations) (Mason Taylor (NYJ)),2145,72900,1744202711,NYJ|dst:player:498182,4538540903,3+,3+,NYJ|dst:player:498182,201.0,0,False
16551449,DET Lions vs. NY Jets,Sione Vaki,Sione Vaki (DET),Total de Touchdowns du joueur (Incl. Prolongations) (Sione Vaki (DET)),2145,72900,1744202639,DET|dst:player:429998,4538540741,1+,1+,DET|dst:player:429998,8.0,0,False
16551449,DET Lions vs. NY Jets,Sione Vaki,Sione Vaki (DET),Total de Touchdowns du joueur (Incl. Prolongations) (Sione Vaki (DET)),2145,72900,1744202639,DET|dst:player:429998,4538540742,2+,2+,DET|dst:player:429998,61.0,0,False
16551449,DET Lions vs. NY Jets,Sione Vaki,Sione Vaki (DET),Total de Touchdowns du joueur (Incl. Prolongations) (Sione Vaki (DET)),2145,72900,1744202639,DET|dst:player:429998,4538540743,3+,3+,DET|dst:player:429998,201.0,0,False
16551449,DET Lions vs. NY Jets,Geno Smith,Geno Smith (NYJ),Total de Touchdowns du joueur (Incl. Prolongations) (Geno Smith (NYJ)),2145,72900,1744202554,NYJ|dst:player:125379,4538540509,1+,1+,NYJ|dst:player:125379,8.0,0,False
16551449,DET Lions vs. NY Jets,Geno Smith,Geno Smith (NYJ),Total de Touchdowns du joueur (Incl. Prolongations) (Geno Smith (NYJ)),2145,72900,1744202554,NYJ|dst:player:125379,4538540510,2+,2+,NYJ|dst:player:125379,61.0,0,False
16551449,DET Lions vs. NY Jets,Geno Smith,Geno Smith (NYJ),Total de Touchdowns du joueur (Incl. Prolongations) (Geno Smith (NYJ)),2145,72900,1744202554,NYJ|dst:player:125379,4538540511,3+,3+,NYJ|dst:player:125379,201.0,0,False
16551449,DET Lions vs. NY Jets,Kenyon Sadiq,Kenyon Sadiq (NYJ),Total de Touchdowns du joueur (Incl. Prolongations) (Kenyon Sadiq (NYJ)),2145,72900,1744202789,NYJ|dst:player:546491,4538541107,1+,1+,NYJ|dst:player:546491,8.0,0,False
16551449,DET Lions vs. NY Jets,Kenyon Sadiq,Kenyon Sadiq (NYJ),Total de Touchdowns du joueur (Incl. Prolongations) (Kenyon Sadiq (NYJ)),2145,72900,1744202789,NYJ|dst:player:546491,4538541108,2+,2+,NYJ|dst:player:546491,61.0,0,False
16551449,DET Lions vs. NY Jets,Kenyon Sadiq,Kenyon Sadiq (NYJ),Total de Touchdowns du joueur (Incl. Prolongations) (Kenyon Sadiq (NYJ)),2145,72900,1744202789,NYJ|dst:player:546491,4538541109,3+,3+,NYJ|dst:player:546491,201.0,0,False
16551449,DET Lions vs. NY Jets,Brock Wright,Brock Wright (DET),Total de Touchdowns du joueur (Incl. Prolongations) (Brock Wright (DET)),2145,72900,1744202558,DET|dst:player:277552,4538540521,1+,1+,DET|dst:player:277552,9.0,0,False
16551449,DET Lions vs. NY Jets,Brock Wright,Brock Wright (DET),Total de Touchdowns du joueur (Incl. Prolongations) (Brock Wright (DET)),2145,72900,1744202558,DET|dst:player:277552,4538540522,2+,2+,DET|dst:player:277552,71.0,0,False
16551449,DET Lions vs. NY Jets,Brock Wright,Brock Wright (DET),Total de Touchdowns du joueur (Incl. Prolongations) (Brock Wright (DET)),2145,72900,1744202558,DET|dst:player:277552,4538540523,3+,3+,DET|dst:player:277552,201.0,0,False
16551449,DET Lions vs. NY Jets,Jacob Saylors,Jacob Saylors (DET),Total de Touchdowns du joueur (Incl. Prolongations) (Jacob Saylors (DET)),2145,72900,1744202712,DET|dst:player:500349,4538540904,1+,1+,DET|dst:player:500349,12.0,0,False
16551449,DET Lions vs. NY Jets,Jacob Saylors,Jacob Saylors (DET),Total de Touchdowns du joueur (Incl. Prolongations) (Jacob Saylors (DET)),2145,72900,1744202712,DET|dst:player:500349,4538540905,2+,2+,DET|dst:player:500349,91.0,0,False
16551449,DET Lions vs. NY Jets,Jacob Saylors,Jacob Saylors (DET),Total de Touchdowns du joueur (Incl. Prolongations) (Jacob Saylors (DET)),2145,72900,1744202712,DET|dst:player:500349,4538540906,3+,3+,DET|dst:player:500349,251.0,0,False
16551449,DET Lions vs. NY Jets,Jared Goff,Jared Goff (DET),Total de Touchdowns du joueur (Incl. Prolongations) (Jared Goff (DET)),2145,72900,1744202556,DET|dst:player:264246,4538540515,1+,1+,DET|dst:player:264246,15.0,0,False
16551449,DET Lions vs. NY Jets,Jared Goff,Jared Goff (DET),Total de Touchdowns du joueur (Incl. Prolongations) (Jared Goff (DET)),2145,72900,1744202556,DET|dst:player:264246,4538540516,2+,2+,DET|dst:player:264246,101.0,0,False
16551449,DET Lions vs. NY Jets,Jared Goff,Jared Goff (DET),Total de Touchdowns du joueur (Incl. Prolongations) (Jared Goff (DET)),2145,72900,1744202556,DET|dst:player:264246,4538540517,3+,3+,DET|dst:player:264246,251.0,0,False
16551449,DET Lions vs. NY Jets,Isaiah Davis,Isaiah Davis (NYJ),Total de Touchdowns du joueur (Incl. Prolongations) (Isaiah Davis (NYJ)),2145,72900,1744202641,NYJ|dst:player:430323,4538540747,1+,1+,NYJ|dst:player:430323,15.0,0,False
16551449,DET Lions vs. NY Jets,Isaiah Davis,Isaiah Davis (NYJ),Total de Touchdowns du joueur (Incl. Prolongations) (Isaiah Davis (NYJ)),2145,72900,1744202641,NYJ|dst:player:430323,4538540748,2+,2+,NYJ|dst:player:430323,101.0,0,False
16551449,DET Lions vs. NY Jets,Isaiah Davis,Isaiah Davis (NYJ),Total de Touchdowns du joueur (Incl. Prolongations) (Isaiah Davis (NYJ)),2145,72900,1744202641,NYJ|dst:player:430323,4538540749,3+,3+,NYJ|dst:player:430323,251.0,0,False
16551449,DET Lions vs. NY Jets,Tyler Conklin,Tyler Conklin (DET),Total de Touchdowns du joueur (Incl. Prolongations) (Tyler Conklin (DET)),2145,72900,1744202745,DET|dst:player:541079,4538540978,1+,1+,DET|dst:player:541079,20.0,0,False
16551449,DET Lions vs. NY Jets,Tyler Conklin,Tyler Conklin (DET),Total de Touchdowns du joueur (Incl. Prolongations) (Tyler Conklin (DET)),2145,72900,1744202745,DET|dst:player:541079,4538540979,2+,2+,DET|dst:player:541079,101.0,0,False
16551449,DET Lions vs. NY Jets,Tyler Conklin,Tyler Conklin (DET),Total de Touchdowns du joueur (Incl. Prolongations) (Tyler Conklin (DET)),2145,72900,1744202745,DET|dst:player:541079,4538540980,3+,3+,DET|dst:player:541079,251.0,0,False
16551449,DET Lions vs. NY Jets,Jeremy Ruckert,Jeremy Ruckert (NYJ),Total de Touchdowns du joueur (Incl. Prolongations) (Jeremy Ruckert (NYJ)),2145,72900,1744202576,NYJ|dst:player:309382,4538540568,1+,1+,NYJ|dst:player:309382,20.0,0,False
16551449,DET Lions vs. NY Jets,Jeremy Ruckert,Jeremy Ruckert (NYJ),Total de Touchdowns du joueur (Incl. Prolongations) (Jeremy Ruckert (NYJ)),2145,72900,1744202576,NYJ|dst:player:309382,4538540569,2+,2+,NYJ|dst:player:309382,101.0,0,False
16551449,DET Lions vs. NY Jets,Jeremy Ruckert,Jeremy Ruckert (NYJ),Total de Touchdowns du joueur (Incl. Prolongations) (Jeremy Ruckert (NYJ)),2145,72900,1744202576,NYJ|dst:player:309382,4538540570,3+,3+,NYJ|dst:player:309382,251.0,0,False
16551449,DET Lions vs. NY Jets,Andrew Beck,Andrew Beck (NYJ),Total de Touchdowns du joueur (Incl. Prolongations) (Andrew Beck (NYJ)),2145,72900,1744202707,NYJ|dst:player:477205,4538540889,1+,1+,NYJ|dst:player:477205,20.0,0,False
16551449,DET Lions vs. NY Jets,Andrew Beck,Andrew Beck (NYJ),Total de Touchdowns du joueur (Incl. Prolongations) (Andrew Beck (NYJ)),2145,72900,1744202707,NYJ|dst:player:477205,4538540890,2+,2+,NYJ|dst:player:477205,101.0,0,False
16551449,DET Lions vs. NY Jets,Andrew Beck,Andrew Beck (NYJ),Total de Touchdowns du joueur (Incl. Prolongations) (Andrew Beck (NYJ)),2145,72900,1744202707,NYJ|dst:player:477205,4538540891,3+,3+,NYJ|dst:player:477205,251.0,0,False
16551449,DET Lions vs. NY Jets,Arian Smith,Arian Smith (NYJ),Total de Touchdowns du joueur (Incl. Prolongations) (Arian Smith (NYJ)),2145,72900,1744202709,NYJ|dst:player:484934,4538540896,2+,2+,NYJ|dst:player:484934,101.0,0,False
16551449,DET Lions vs. NY Jets,Arian Smith,Arian Smith (NYJ),Total de Touchdowns du joueur (Incl. Prolongations) (Arian Smith (NYJ)),2145,72900,1744202709,NYJ|dst:player:484934,4538540897,3+,3+,NYJ|dst:player:484934,251.0,0,False
16551449,DET Lions vs. NY Jets,Arian Smith,Arian Smith (NYJ),Total de Touchdowns du joueur (Incl. Prolongations) (Arian Smith (NYJ)),2145,72900,1744202709,NYJ|dst:player:484934,4538540895,1+,1+,NYJ|dst:player:484934,20.0,0,False
16551449,DET Lions vs. NY Jets,Tom Kennedy,Tom Kennedy (DET),Total de Touchdowns du joueur (Incl. Prolongations) (Tom Kennedy (DET)),2145,72900,1744202555,DET|dst:player:229184,4538540512,1+,1+,DET|dst:player:229184,26.0,0,False
16551449,DET Lions vs. NY Jets,Tom Kennedy,Tom Kennedy (DET),Total de Touchdowns du joueur (Incl. Prolongations) (Tom Kennedy (DET)),2145,72900,1744202555,DET|dst:player:229184,4538540513,2+,2+,DET|dst:player:229184,151.0,0,False
16551449,DET Lions vs. NY Jets,Tom Kennedy,Tom Kennedy (DET),Total de Touchdowns du joueur (Incl. Prolongations) (Tom Kennedy (DET)),2145,72900,1744202555,DET|dst:player:229184,4538540514,3+,3+,DET|dst:player:229184,251.0,0,False
16551449,DET Lions vs. NY Jets,Jelani Woods,Jelani Woods (NYJ),Total de Touchdowns du joueur (Incl. Prolongations) (Jelani Woods (NYJ)),2145,72900,1744202713,NYJ|dst:player:506502,4538540907,1+,1+,NYJ|dst:player:506502,31.0,0,False
16551449,DET Lions vs. NY Jets,Jelani Woods,Jelani Woods (NYJ),Total de Touchdowns du joueur (Incl. Prolongations) (Jelani Woods (NYJ)),2145,72900,1744202713,NYJ|dst:player:506502,4538540908,2+,2+,NYJ|dst:player:506502,151.0,0,False
16551449,DET Lions vs. NY Jets,Jelani Woods,Jelani Woods (NYJ),Total de Touchdowns du joueur (Incl. Prolongations) (Jelani Woods (NYJ)),2145,72900,1744202713,NYJ|dst:player:506502,4538540909,3+,3+,NYJ|dst:player:506502,251.0,0,False
16551449,DET Lions vs. NY Jets,Jackson Meeks,Jackson Meeks (DET),Total de Touchdowns du joueur (Incl. Prolongations) (Jackson Meeks (DET)),2145,72900,1744202708,DET|dst:player:483667,4538540892,1+,1+,DET|dst:player:483667,36.0,0,False
16551449,DET Lions vs. NY Jets,Jackson Meeks,Jackson Meeks (DET),Total de Touchdowns du joueur (Incl. Prolongations) (Jackson Meeks (DET)),2145,72900,1744202708,DET|dst:player:483667,4538540893,2+,2+,DET|dst:player:483667,151.0,0,False
16551449,DET Lions vs. NY Jets,Jackson Meeks,Jackson Meeks (DET),Total de Touchdowns du joueur (Incl. Prolongations) (Jackson Meeks (DET)),2145,72900,1744202708,DET|dst:player:483667,4538540894,3+,3+,DET|dst:player:483667,251.0,0,False
16551449,DET Lions vs. NY Jets,Javontay Martin,Javontay Martin (DET),Total de Touchdowns du joueur (Incl. Prolongations) (Javontay Martin (DET)),2145,72900,1744202790,DET|dst:player:550060,4538541112,3+,3+,DET|dst:player:550060,251.0,0,False
16551449,DET Lions vs. NY Jets,Javontay Martin,Javontay Martin (DET),Total de Touchdowns du joueur (Incl. Prolongations) (Javontay Martin (DET)),2145,72900,1744202790,DET|dst:player:550060,4538541110,1+,1+,DET|dst:player:550060,36.0,0,False
16551449,DET Lions vs. NY Jets,Javontay Martin,Javontay Martin (DET),Total de Touchdowns du joueur (Incl. Prolongations) (Javontay Martin (DET)),2145,72900,1744202790,DET|dst:player:550060,4538541111,2+,2+,DET|dst:player:550060,151.0,0,False
16551475,JAX Jaguars vs. NE Patriots,Bhayshul Tuten,Bhayshul Tuten (JAX),Total de Touchdowns du joueur (Incl. Prolongations) (Bhayshul Tuten (JAX)),2145,72900,1744201306,JAX|dst:player:492792,4538537564,1+,1+,JAX|dst:player:492792,2.2,0,False
16551475,JAX Jaguars vs. NE Patriots,Bhayshul Tuten,Bhayshul Tuten (JAX),Total de Touchdowns du joueur (Incl. Prolongations) (Bhayshul Tuten (JAX)),2145,72900,1744201306,JAX|dst:player:492792,4538537565,2+,2+,JAX|dst:player:492792,7.0,0,False
16551475,JAX Jaguars vs. NE Patriots,Bhayshul Tuten,Bhayshul Tuten (JAX),Total de Touchdowns du joueur (Incl. Prolongations) (Bhayshul Tuten (JAX)),2145,72900,1744201306,JAX|dst:player:492792,4538537566,3+,3+,JAX|dst:player:492792,36.0,0,False
16551475,JAX Jaguars vs. NE Patriots,Rhamondre Stevenson,Rhamondre Stevenson (NE),Total de Touchdowns du joueur (Incl. Prolongations) (Rhamondre Stevenson (NE)),2145,72900,1744201209,NE|dst:player:264208,4538537340,1+,1+,NE|dst:player:264208,2.3,0,False
16551475,JAX Jaguars vs. NE Patriots,Rhamondre Stevenson,Rhamondre Stevenson (NE),Total de Touchdowns du joueur (Incl. Prolongations) (Rhamondre Stevenson (NE)),2145,72900,1744201209,NE|dst:player:264208,4538537341,2+,2+,NE|dst:player:264208,7.5,0,False
16551475,JAX Jaguars vs. NE Patriots,Rhamondre Stevenson,Rhamondre Stevenson (NE),Total de Touchdowns du joueur (Incl. Prolongations) (Rhamondre Stevenson (NE)),2145,72900,1744201209,NE|dst:player:264208,4538537342,3+,3+,NE|dst:player:264208,41.0,0,False
16551475,JAX Jaguars vs. NE Patriots,Parker Washington,Parker Washington (JAX),Total de Touchdowns du joueur (Incl. Prolongations) (Parker Washington (JAX)),2145,72900,1744201212,JAX|dst:player:373972,4538537349,1+,1+,JAX|dst:player:373972,2.6,0,False
16551475,JAX Jaguars vs. NE Patriots,Parker Washington,Parker Washington (JAX),Total de Touchdowns du joueur (Incl. Prolongations) (Parker Washington (JAX)),2145,72900,1744201212,JAX|dst:player:373972,4538537350,2+,2+,JAX|dst:player:373972,10.0,0,False
16551475,JAX Jaguars vs. NE Patriots,Parker Washington,Parker Washington (JAX),Total de Touchdowns du joueur (Incl. Prolongations) (Parker Washington (JAX)),2145,72900,1744201212,JAX|dst:player:373972,4538537351,3+,3+,JAX|dst:player:373972,61.0,0,False
16551475,JAX Jaguars vs. NE Patriots,TreVeyon Henderson,TreVeyon Henderson (NE),Total de Touchdowns du joueur (Incl. Prolongations) (TreVeyon Henderson (NE)),2145,72900,1744201307,NE|dst:player:498181,4538537568,2+,2+,NE|dst:player:498181,10.0,0,False
16551475,JAX Jaguars vs. NE Patriots,TreVeyon Henderson,TreVeyon Henderson (NE),Total de Touchdowns du joueur (Incl. Prolongations) (TreVeyon Henderson (NE)),2145,72900,1744201307,NE|dst:player:498181,4538537569,3+,3+,NE|dst:player:498181,61.0,0,False
16551475,JAX Jaguars vs. NE Patriots,TreVeyon Henderson,TreVeyon Henderson (NE),Total de Touchdowns du joueur (Incl. Prolongations) (TreVeyon Henderson (NE)),2145,72900,1744201307,NE|dst:player:498181,4538537567,1+,1+,NE|dst:player:498181,2.6,0,False
16551475,JAX Jaguars vs. NE Patriots,Christopher Rodriguez Jr.,Christopher Rodriguez Jr. (JAX),Total de Touchdowns du joueur (Incl. Prolongations) (Christopher Rodriguez Jr. (JAX)),2145,72900,1744201587,JAX|dst:player:540933,4538538192,3+,3+,JAX|dst:player:540933,91.0,0,False
16551475,JAX Jaguars vs. NE Patriots,Christopher Rodriguez Jr.,Christopher Rodriguez Jr. (JAX),Total de Touchdowns du joueur (Incl. Prolongations) (Christopher Rodriguez Jr. (JAX)),2145,72900,1744201587,JAX|dst:player:540933,4538538190,1+,1+,JAX|dst:player:540933,3.2,0,False
16551475,JAX Jaguars vs. NE Patriots,Christopher Rodriguez Jr.,Christopher Rodriguez Jr. (JAX),Total de Touchdowns du joueur (Incl. Prolongations) (Christopher Rodriguez Jr. (JAX)),2145,72900,1744201587,JAX|dst:player:540933,4538538191,2+,2+,JAX|dst:player:540933,15.0,0,False
16551475,JAX Jaguars vs. NE Patriots,Brian Thomas,Brian Thomas (JAX),Total de Touchdowns du joueur (Incl. Prolongations) (Brian Thomas (JAX)),2145,72900,1744201216,JAX|dst:player:431983,4538537361,1+,1+,JAX|dst:player:431983,3.4,0,False
16551475,JAX Jaguars vs. NE Patriots,Brian Thomas,Brian Thomas (JAX),Total de Touchdowns du joueur (Incl. Prolongations) (Brian Thomas (JAX)),2145,72900,1744201216,JAX|dst:player:431983,4538537362,2+,2+,JAX|dst:player:431983,17.0,0,False
16551475,JAX Jaguars vs. NE Patriots,Brian Thomas,Brian Thomas (JAX),Total de Touchdowns du joueur (Incl. Prolongations) (Brian Thomas (JAX)),2145,72900,1744201216,JAX|dst:player:431983,4538537363,3+,3+,JAX|dst:player:431983,101.0,0,False
16551475,JAX Jaguars vs. NE Patriots,Brenton Strange,Brenton Strange (JAX),Total de Touchdowns du joueur (Incl. Prolongations) (Brenton Strange (JAX)),2145,72900,1744201214,JAX|dst:player:374563,4538537355,1+,1+,JAX|dst:player:374563,3.75,0,False
16551475,JAX Jaguars vs. NE Patriots,Brenton Strange,Brenton Strange (JAX),Total de Touchdowns du joueur (Incl. Prolongations) (Brenton Strange (JAX)),2145,72900,1744201214,JAX|dst:player:374563,4538537356,2+,2+,JAX|dst:player:374563,20.0,0,False
16551475,JAX Jaguars vs. NE Patriots,Brenton Strange,Brenton Strange (JAX),Total de Touchdowns du joueur (Incl. Prolongations) (Brenton Strange (JAX)),2145,72900,1744201214,JAX|dst:player:374563,4538537357,3+,3+,JAX|dst:player:374563,101.0,0,False
16551475,JAX Jaguars vs. NE Patriots,Jakobi Meyers,Jakobi Meyers (JAX),Total de Touchdowns du joueur (Incl. Prolongations) (Jakobi Meyers (JAX)),2145,72900,1744201585,JAX|dst:player:523085,4538538184,1+,1+,JAX|dst:player:523085,3.75,0,False
16551475,JAX Jaguars vs. NE Patriots,Jakobi Meyers,Jakobi Meyers (JAX),Total de Touchdowns du joueur (Incl. Prolongations) (Jakobi Meyers (JAX)),2145,72900,1744201585,JAX|dst:player:523085,4538538185,2+,2+,JAX|dst:player:523085,20.0,0,False
16551475,JAX Jaguars vs. NE Patriots,Jakobi Meyers,Jakobi Meyers (JAX),Total de Touchdowns du joueur (Incl. Prolongations) (Jakobi Meyers (JAX)),2145,72900,1744201585,JAX|dst:player:523085,4538538186,3+,3+,JAX|dst:player:523085,101.0,0,False
16551475,JAX Jaguars vs. NE Patriots,Drake Maye,Drake Maye (NE),Total de Touchdowns du joueur (Incl. Prolongations) (Drake Maye (NE)),2145,72900,1744201215,NE|dst:player:431246,4538537360,3+,3+,NE|dst:player:431246,101.0,0,False
16551475,JAX Jaguars vs. NE Patriots,Drake Maye,Drake Maye (NE),Total de Touchdowns du joueur (Incl. Prolongations) (Drake Maye (NE)),2145,72900,1744201215,NE|dst:player:431246,4538537358,1+,1+,NE|dst:player:431246,4.0,0,False
16551475,JAX Jaguars vs. NE Patriots,Drake Maye,Drake Maye (NE),Total de Touchdowns du joueur (Incl. Prolongations) (Drake Maye (NE)),2145,72900,1744201215,NE|dst:player:431246,4538537359,2+,2+,NE|dst:player:431246,26.0,0,False
16551475,JAX Jaguars vs. NE Patriots,Trevor Lawrence,Trevor Lawrence (JAX),Total de Touchdowns du joueur (Incl. Prolongations) (Trevor Lawrence (JAX)),2145,72900,1744201210,JAX|dst:player:264485,4538537344,2+,2+,JAX|dst:player:264485,26.0,0,False
16551475,JAX Jaguars vs. NE Patriots,Trevor Lawrence,Trevor Lawrence (JAX),Total de Touchdowns du joueur (Incl. Prolongations) (Trevor Lawrence (JAX)),2145,72900,1744201210,JAX|dst:player:264485,4538537345,3+,3+,JAX|dst:player:264485,101.0,0,False
16551475,JAX Jaguars vs. NE Patriots,Trevor Lawrence,Trevor Lawrence (JAX),Total de Touchdowns du joueur (Incl. Prolongations) (Trevor Lawrence (JAX)),2145,72900,1744201210,JAX|dst:player:264485,4538537343,1+,1+,JAX|dst:player:264485,4.25,0,False
16551475,JAX Jaguars vs. NE Patriots,Mack Hollins,Mack Hollins (NE),Total de Touchdowns du joueur (Incl. Prolongations) (Mack Hollins (NE)),2145,72900,1744201217,NE|dst:player:476322,4538537364,1+,1+,NE|dst:player:476322,4.25,0,False
16551475,JAX Jaguars vs. NE Patriots,Mack Hollins,Mack Hollins (NE),Total de Touchdowns du joueur (Incl. Prolongations) (Mack Hollins (NE)),2145,72900,1744201217,NE|dst:player:476322,4538537365,2+,2+,NE|dst:player:476322,26.0,0,False
16551475,JAX Jaguars vs. NE Patriots,Mack Hollins,Mack Hollins (NE),Total de Touchdowns du joueur (Incl. Prolongations) (Mack Hollins (NE)),2145,72900,1744201217,NE|dst:player:476322,4538537366,3+,3+,NE|dst:player:476322,101.0,0,False
16551475,JAX Jaguars vs. NE Patriots,Romeo Doubs,Romeo Doubs (NE),Total de Touchdowns du joueur (Incl. Prolongations) (Romeo Doubs (NE)),2145,72900,1744201588,NE|dst:player:540853,4538538193,1+,1+,NE|dst:player:540853,4.25,0,False
16551475,JAX Jaguars vs. NE Patriots,Romeo Doubs,Romeo Doubs (NE),Total de Touchdowns du joueur (Incl. Prolongations) (Romeo Doubs (NE)),2145,72900,1744201588,NE|dst:player:540853,4538538194,2+,2+,NE|dst:player:540853,26.0,0,False
16551475,JAX Jaguars vs. NE Patriots,Romeo Doubs,Romeo Doubs (NE),Total de Touchdowns du joueur (Incl. Prolongations) (Romeo Doubs (NE)),2145,72900,1744201588,NE|dst:player:540853,4538538195,3+,3+,NE|dst:player:540853,101.0,0,False
16551475,JAX Jaguars vs. NE Patriots,Hunter Henry,Hunter Henry (NE),Total de Touchdowns du joueur (Incl. Prolongations) (Hunter Henry (NE)),2145,72900,1744201211,NE|dst:player:269169,4538537346,1+,1+,NE|dst:player:269169,4.5,0,False
16551475,JAX Jaguars vs. NE Patriots,Hunter Henry,Hunter Henry (NE),Total de Touchdowns du joueur (Incl. Prolongations) (Hunter Henry (NE)),2145,72900,1744201211,NE|dst:player:269169,4538537347,2+,2+,NE|dst:player:269169,31.0,0,False
16551475,JAX Jaguars vs. NE Patriots,Hunter Henry,Hunter Henry (NE),Total de Touchdowns du joueur (Incl. Prolongations) (Hunter Henry (NE)),2145,72900,1744201211,NE|dst:player:269169,4538537348,3+,3+,NE|dst:player:269169,151.0,0,False
16551475,JAX Jaguars vs. NE Patriots,Demario Douglas,Demario Douglas (NE),Total de Touchdowns du joueur (Incl. Prolongations) (Demario Douglas (NE)),2145,72900,1744201213,NE|dst:player:374442,4538537352,1+,1+,NE|dst:player:374442,5.0,0,False
16551475,JAX Jaguars vs. NE Patriots,Demario Douglas,Demario Douglas (NE),Total de Touchdowns du joueur (Incl. Prolongations) (Demario Douglas (NE)),2145,72900,1744201213,NE|dst:player:374442,4538537353,2+,2+,NE|dst:player:374442,36.0,0,False
16551475,JAX Jaguars vs. NE Patriots,Demario Douglas,Demario Douglas (NE),Total de Touchdowns du joueur (Incl. Prolongations) (Demario Douglas (NE)),2145,72900,1744201213,NE|dst:player:374442,4538537354,3+,3+,NE|dst:player:374442,151.0,0,False
16551475,JAX Jaguars vs. NE Patriots,Ameer Abdullah,Ameer Abdullah (JAX),Total de Touchdowns du joueur (Incl. Prolongations) (Ameer Abdullah (JAX)),2145,72900,1744201637,JAX|dst:player:546789,4538538328,2+,2+,JAX|dst:player:546789,61.0,0,False
16551475,JAX Jaguars vs. NE Patriots,Ameer Abdullah,Ameer Abdullah (JAX),Total de Touchdowns du joueur (Incl. Prolongations) (Ameer Abdullah (JAX)),2145,72900,1744201637,JAX|dst:player:546789,4538538329,3+,3+,JAX|dst:player:546789,201.0,0,False
16551475,JAX Jaguars vs. NE Patriots,Ameer Abdullah,Ameer Abdullah (JAX),Total de Touchdowns du joueur (Incl. Prolongations) (Ameer Abdullah (JAX)),2145,72900,1744201637,JAX|dst:player:546789,4538538327,1+,1+,JAX|dst:player:546789,8.0,0,False
16551475,JAX Jaguars vs. NE Patriots,LeQuint Allen,LeQuint Allen (JAX),Total de Touchdowns du joueur (Incl. Prolongations) (LeQuint Allen (JAX)),2145,72900,1744201303,JAX|dst:player:484785,4538537555,1+,1+,JAX|dst:player:484785,9.0,0,False
16551475,JAX Jaguars vs. NE Patriots,LeQuint Allen,LeQuint Allen (JAX),Total de Touchdowns du joueur (Incl. Prolongations) (LeQuint Allen (JAX)),2145,72900,1744201303,JAX|dst:player:484785,4538537556,2+,2+,JAX|dst:player:484785,71.0,0,False
16551475,JAX Jaguars vs. NE Patriots,LeQuint Allen,LeQuint Allen (JAX),Total de Touchdowns du joueur (Incl. Prolongations) (LeQuint Allen (JAX)),2145,72900,1744201303,JAX|dst:player:484785,4538537557,3+,3+,JAX|dst:player:484785,201.0,0,False
16551475,JAX Jaguars vs. NE Patriots,Nate Boerkircher,Nate Boerkircher (JAX),Total de Touchdowns du joueur (Incl. Prolongations) (Nate Boerkircher (JAX)),2145,72900,1744201678,JAX|dst:player:547549,4538538416,1+,1+,JAX|dst:player:547549,9.0,0,False
16551475,JAX Jaguars vs. NE Patriots,Nate Boerkircher,Nate Boerkircher (JAX),Total de Touchdowns du joueur (Incl. Prolongations) (Nate Boerkircher (JAX)),2145,72900,1744201678,JAX|dst:player:547549,4538538417,2+,2+,JAX|dst:player:547549,71.0,0,False
16551475,JAX Jaguars vs. NE Patriots,Nate Boerkircher,Nate Boerkircher (JAX),Total de Touchdowns du joueur (Incl. Prolongations) (Nate Boerkircher (JAX)),2145,72900,1744201678,JAX|dst:player:547549,4538538418,3+,3+,JAX|dst:player:547549,201.0,0,False
16551475,JAX Jaguars vs. NE Patriots,Travis Hunter,Travis Hunter (JAX),Total de Touchdowns du joueur (Incl. Prolongations) (Travis Hunter (JAX)),2145,72900,1744201305,JAX|dst:player:492731,4538537561,1+,1+,JAX|dst:player:492731,11.0,0,False
16551475,JAX Jaguars vs. NE Patriots,Travis Hunter,Travis Hunter (JAX),Total de Touchdowns du joueur (Incl. Prolongations) (Travis Hunter (JAX)),2145,72900,1744201305,JAX|dst:player:492731,4538537562,2+,2+,JAX|dst:player:492731,81.0,0,False
16551475,JAX Jaguars vs. NE Patriots,Travis Hunter,Travis Hunter (JAX),Total de Touchdowns du joueur (Incl. Prolongations) (Travis Hunter (JAX)),2145,72900,1744201305,JAX|dst:player:492731,4538537563,3+,3+,JAX|dst:player:492731,201.0,0,False
16551475,JAX Jaguars vs. NE Patriots,Josh Cameron,Josh Cameron (JAX),Total de Touchdowns du joueur (Incl. Prolongations) (Josh Cameron (JAX)),2145,72900,1744201679,JAX|dst:player:550297,4538538419,1+,1+,JAX|dst:player:550297,12.0,0,False
16551475,JAX Jaguars vs. NE Patriots,Josh Cameron,Josh Cameron (JAX),Total de Touchdowns du joueur (Incl. Prolongations) (Josh Cameron (JAX)),2145,72900,1744201679,JAX|dst:player:550297,4538538420,2+,2+,JAX|dst:player:550297,91.0,0,False
16551475,JAX Jaguars vs. NE Patriots,Josh Cameron,Josh Cameron (JAX),Total de Touchdowns du joueur (Incl. Prolongations) (Josh Cameron (JAX)),2145,72900,1744201679,JAX|dst:player:550297,4538538421,3+,3+,JAX|dst:player:550297,251.0,0,False
16551475,JAX Jaguars vs. NE Patriots,Kyle Williams,Kyle Williams (NE),Total de Touchdowns du joueur (Incl. Prolongations) (Kyle Williams (NE)),2145,72900,1744201302,NE|dst:player:484632,4538537552,1+,1+,NE|dst:player:484632,12.0,0,False
16551475,JAX Jaguars vs. NE Patriots,Kyle Williams,Kyle Williams (NE),Total de Touchdowns du joueur (Incl. Prolongations) (Kyle Williams (NE)),2145,72900,1744201302,NE|dst:player:484632,4538537553,2+,2+,NE|dst:player:484632,91.0,0,False
16551475,JAX Jaguars vs. NE Patriots,Kyle Williams,Kyle Williams (NE),Total de Touchdowns du joueur (Incl. Prolongations) (Kyle Williams (NE)),2145,72900,1744201302,NE|dst:player:484632,4538537554,3+,3+,NE|dst:player:484632,251.0,0,False
16551475,JAX Jaguars vs. NE Patriots,Eli Raridon,Eli Raridon (NE),Total de Touchdowns du joueur (Incl. Prolongations) (Eli Raridon (NE)),2145,72900,1744201636,NE|dst:player:546661,4538538324,1+,1+,NE|dst:player:546661,12.0,0,False
16551475,JAX Jaguars vs. NE Patriots,Eli Raridon,Eli Raridon (NE),Total de Touchdowns du joueur (Incl. Prolongations) (Eli Raridon (NE)),2145,72900,1744201636,NE|dst:player:546661,4538538325,2+,2+,NE|dst:player:546661,91.0,0,False
16551475,JAX Jaguars vs. NE Patriots,Eli Raridon,Eli Raridon (NE),Total de Touchdowns du joueur (Incl. Prolongations) (Eli Raridon (NE)),2145,72900,1744201636,NE|dst:player:546661,4538538326,3+,3+,NE|dst:player:546661,251.0,0,False
16551475,JAX Jaguars vs. NE Patriots,Corey Kiner,Corey Kiner (NE),Total de Touchdowns du joueur (Incl. Prolongations) (Corey Kiner (NE)),2145,72900,1744201680,NE|dst:player:566606,4538538424,3+,3+,NE|dst:player:566606,251.0,0,False
16551475,JAX Jaguars vs. NE Patriots,Corey Kiner,Corey Kiner (NE),Total de Touchdowns du joueur (Incl. Prolongations) (Corey Kiner (NE)),2145,72900,1744201680,NE|dst:player:566606,4538538422,1+,1+,NE|dst:player:566606,12.0,0,False
16551475,JAX Jaguars vs. NE Patriots,Corey Kiner,Corey Kiner (NE),Total de Touchdowns du joueur (Incl. Prolongations) (Corey Kiner (NE)),2145,72900,1744201680,NE|dst:player:566606,4538538423,2+,2+,NE|dst:player:566606,91.0,0,False
16551475,JAX Jaguars vs. NE Patriots,Quintin Morris,Quintin Morris (JAX),Total de Touchdowns du joueur (Incl. Prolongations) (Quintin Morris (JAX)),2145,72900,1744201304,JAX|dst:player:485029,4538537560,3+,3+,JAX|dst:player:485029,251.0,0,False
16551475,JAX Jaguars vs. NE Patriots,Quintin Morris,Quintin Morris (JAX),Total de Touchdowns du joueur (Incl. Prolongations) (Quintin Morris (JAX)),2145,72900,1744201304,JAX|dst:player:485029,4538537558,1+,1+,JAX|dst:player:485029,15.0,0,False
16551475,JAX Jaguars vs. NE Patriots,Quintin Morris,Quintin Morris (JAX),Total de Touchdowns du joueur (Incl. Prolongations) (Quintin Morris (JAX)),2145,72900,1744201304,JAX|dst:player:485029,4538537559,2+,2+,JAX|dst:player:485029,101.0,0,False
16551475,JAX Jaguars vs. NE Patriots,Efton Chism III,Efton Chism III (NE),Total de Touchdowns du joueur (Incl. Prolongations) (Efton Chism III (NE)),2145,72900,1744201301,NE|dst:player:483723,4538537549,1+,1+,NE|dst:player:483723,15.0,0,False
16551475,JAX Jaguars vs. NE Patriots,Efton Chism III,Efton Chism III (NE),Total de Touchdowns du joueur (Incl. Prolongations) (Efton Chism III (NE)),2145,72900,1744201301,NE|dst:player:483723,4538537550,2+,2+,NE|dst:player:483723,101.0,0,False
16551475,JAX Jaguars vs. NE Patriots,Efton Chism III,Efton Chism III (NE),Total de Touchdowns du joueur (Incl. Prolongations) (Efton Chism III (NE)),2145,72900,1744201301,NE|dst:player:483723,4538537551,3+,3+,NE|dst:player:483723,251.0,0,False
16551475,JAX Jaguars vs. NE Patriots,Reggie Gilliam,Reggie Gilliam (NE),Total de Touchdowns du joueur (Incl. Prolongations) (Reggie Gilliam (NE)),2145,72900,1744201586,NE|dst:player:540755,4538538187,1+,1+,NE|dst:player:540755,26.0,0,False
16551475,JAX Jaguars vs. NE Patriots,Reggie Gilliam,Reggie Gilliam (NE),Total de Touchdowns du joueur (Incl. Prolongations) (Reggie Gilliam (NE)),2145,72900,1744201586,NE|dst:player:540755,4538538188,2+,2+,NE|dst:player:540755,151.0,0,False
16551475,JAX Jaguars vs. NE Patriots,Reggie Gilliam,Reggie Gilliam (NE),Total de Touchdowns du joueur (Incl. Prolongations) (Reggie Gilliam (NE)),2145,72900,1744201586,NE|dst:player:540755,4538538189,3+,3+,NE|dst:player:540755,251.0,0,False
16551475,JAX Jaguars vs. NE Patriots,Tanner Arkin,Tanner Arkin (NE),Total de Touchdowns du joueur (Incl. Prolongations) (Tanner Arkin (NE)),2145,72900,1744201589,NE|dst:player:545592,4538538196,1+,1+,NE|dst:player:545592,36.0,0,False
16551475,JAX Jaguars vs. NE Patriots,Tanner Arkin,Tanner Arkin (NE),Total de Touchdowns du joueur (Incl. Prolongations) (Tanner Arkin (NE)),2145,72900,1744201589,NE|dst:player:545592,4538538197,2+,2+,NE|dst:player:545592,151.0,0,False
16551475,JAX Jaguars vs. NE Patriots,Tanner Arkin,Tanner Arkin (NE),Total de Touchdowns du joueur (Incl. Prolongations) (Tanner Arkin (NE)),2145,72900,1744201589,NE|dst:player:545592,4538538198,3+,3+,NE|dst:player:545592,251.0,0,False
16551466,MIA Dolphins vs. KC Chiefs,Kenneth Walker III,Kenneth Walker III (KC),Total de Touchdowns du joueur (Incl. Prolongations) (Kenneth Walker III (KC)),2145,72900,1744203052,KC|dst:player:540744,4538541756,1+,1+,KC|dst:player:540744,1.4,0,False
16551466,MIA Dolphins vs. KC Chiefs,Kenneth Walker III,Kenneth Walker III (KC),Total de Touchdowns du joueur (Incl. Prolongations) (Kenneth Walker III (KC)),2145,72900,1744203052,KC|dst:player:540744,4538541757,2+,2+,KC|dst:player:540744,3.0,0,False
16551466,MIA Dolphins vs. KC Chiefs,Kenneth Walker III,Kenneth Walker III (KC),Total de Touchdowns du joueur (Incl. Prolongations) (Kenneth Walker III (KC)),2145,72900,1744203052,KC|dst:player:540744,4538541758,3+,3+,KC|dst:player:540744,12.0,0,False
16551466,MIA Dolphins vs. KC Chiefs,Devon Achane,Devon Achane (MIA),Total de Touchdowns du joueur (Incl. Prolongations) (Devon Achane (MIA)),2145,72900,1744202797,MIA|dst:player:376779,4538541133,1+,1+,MIA|dst:player:376779,1.9091,0,False
16551466,MIA Dolphins vs. KC Chiefs,Devon Achane,Devon Achane (MIA),Total de Touchdowns du joueur (Incl. Prolongations) (Devon Achane (MIA)),2145,72900,1744202797,MIA|dst:player:376779,4538541134,2+,2+,MIA|dst:player:376779,5.5,0,False
16551466,MIA Dolphins vs. KC Chiefs,Devon Achane,Devon Achane (MIA),Total de Touchdowns du joueur (Incl. Prolongations) (Devon Achane (MIA)),2145,72900,1744202797,MIA|dst:player:376779,4538541135,3+,3+,MIA|dst:player:376779,26.0,0,False
16551466,MIA Dolphins vs. KC Chiefs,Travis Kelce,Travis Kelce (KC),Total de Touchdowns du joueur (Incl. Prolongations) (Travis Kelce (KC)),2145,72900,1744202792,KC|dst:player:124561,4538541113,1+,1+,KC|dst:player:124561,2.5,0,False
16551466,MIA Dolphins vs. KC Chiefs,Travis Kelce,Travis Kelce (KC),Total de Touchdowns du joueur (Incl. Prolongations) (Travis Kelce (KC)),2145,72900,1744202792,KC|dst:player:124561,4538541114,2+,2+,KC|dst:player:124561,9.0,0,False
16551466,MIA Dolphins vs. KC Chiefs,Travis Kelce,Travis Kelce (KC),Total de Touchdowns du joueur (Incl. Prolongations) (Travis Kelce (KC)),2145,72900,1744202792,KC|dst:player:124561,4538541115,3+,3+,KC|dst:player:124561,61.0,0,False
16551466,MIA Dolphins vs. KC Chiefs,Rashee Rice,Rashee Rice (KC),Total de Touchdowns du joueur (Incl. Prolongations) (Rashee Rice (KC)),2145,72900,1744202798,KC|dst:player:378265,4538541136,1+,1+,KC|dst:player:378265,2.5,0,False
16551466,MIA Dolphins vs. KC Chiefs,Rashee Rice,Rashee Rice (KC),Total de Touchdowns du joueur (Incl. Prolongations) (Rashee Rice (KC)),2145,72900,1744202798,KC|dst:player:378265,4538541137,2+,2+,KC|dst:player:378265,9.0,0,False
16551466,MIA Dolphins vs. KC Chiefs,Rashee Rice,Rashee Rice (KC),Total de Touchdowns du joueur (Incl. Prolongations) (Rashee Rice (KC)),2145,72900,1744202798,KC|dst:player:378265,4538541138,3+,3+,KC|dst:player:378265,61.0,0,False
16551466,MIA Dolphins vs. KC Chiefs,Xavier Worthy,Xavier Worthy (KC),Total de Touchdowns du joueur (Incl. Prolongations) (Xavier Worthy (KC)),2145,72900,1744202953,KC|dst:player:431742,4538541524,1+,1+,KC|dst:player:431742,3.0,0,False
16551466,MIA Dolphins vs. KC Chiefs,Xavier Worthy,Xavier Worthy (KC),Total de Touchdowns du joueur (Incl. Prolongations) (Xavier Worthy (KC)),2145,72900,1744202953,KC|dst:player:431742,4538541525,2+,2+,KC|dst:player:431742,13.0,0,False
16551466,MIA Dolphins vs. KC Chiefs,Xavier Worthy,Xavier Worthy (KC),Total de Touchdowns du joueur (Incl. Prolongations) (Xavier Worthy (KC)),2145,72900,1744202953,KC|dst:player:431742,4538541526,3+,3+,KC|dst:player:431742,81.0,0,False
16551466,MIA Dolphins vs. KC Chiefs,Tyquan Thornton,Tyquan Thornton (KC),Total de Touchdowns du joueur (Incl. Prolongations) (Tyquan Thornton (KC)),2145,72900,1744202954,KC|dst:player:477298,4538541528,2+,2+,KC|dst:player:477298,26.0,0,False
16551466,MIA Dolphins vs. KC Chiefs,Tyquan Thornton,Tyquan Thornton (KC),Total de Touchdowns du joueur (Incl. Prolongations) (Tyquan Thornton (KC)),2145,72900,1744202954,KC|dst:player:477298,4538541529,3+,3+,KC|dst:player:477298,101.0,0,False
16551466,MIA Dolphins vs. KC Chiefs,Tyquan Thornton,Tyquan Thornton (KC),Total de Touchdowns du joueur (Incl. Prolongations) (Tyquan Thornton (KC)),2145,72900,1744202954,KC|dst:player:477298,4538541527,1+,1+,KC|dst:player:477298,3.85,0,False
16551466,MIA Dolphins vs. KC Chiefs,Malik Willis,Malik Willis (MIA),Total de Touchdowns du joueur (Incl. Prolongations) (Malik Willis (MIA)),2145,72900,1744203051,MIA|dst:player:540753,4538541753,1+,1+,MIA|dst:player:540753,4.0,0,False
16551466,MIA Dolphins vs. KC Chiefs,Malik Willis,Malik Willis (MIA),Total de Touchdowns du joueur (Incl. Prolongations) (Malik Willis (MIA)),2145,72900,1744203051,MIA|dst:player:540753,4538541754,2+,2+,MIA|dst:player:540753,26.0,0,False
16551466,MIA Dolphins vs. KC Chiefs,Malik Willis,Malik Willis (MIA),Total de Touchdowns du joueur (Incl. Prolongations) (Malik Willis (MIA)),2145,72900,1744203051,MIA|dst:player:540753,4538541755,3+,3+,MIA|dst:player:540753,101.0,0,False
16551466,MIA Dolphins vs. KC Chiefs,Emmett Johnson,Emmett Johnson (KC),Total de Touchdowns du joueur (Incl. Prolongations) (Emmett Johnson (KC)),2145,72900,1744203053,KC|dst:player:546205,4538541760,2+,2+,KC|dst:player:546205,26.0,0,False
16551466,MIA Dolphins vs. KC Chiefs,Emmett Johnson,Emmett Johnson (KC),Total de Touchdowns du joueur (Incl. Prolongations) (Emmett Johnson (KC)),2145,72900,1744203053,KC|dst:player:546205,4538541761,3+,3+,KC|dst:player:546205,101.0,0,False
16551466,MIA Dolphins vs. KC Chiefs,Emmett Johnson,Emmett Johnson (KC),Total de Touchdowns du joueur (Incl. Prolongations) (Emmett Johnson (KC)),2145,72900,1744203053,KC|dst:player:546205,4538541759,1+,1+,KC|dst:player:546205,4.25,0,False
16551466,MIA Dolphins vs. KC Chiefs,Caleb Douglas,Caleb Douglas (MIA),Total de Touchdowns du joueur (Incl. Prolongations) (Caleb Douglas (MIA)),2145,72900,1744203056,MIA|dst:player:548955,4538541768,1+,1+,MIA|dst:player:548955,4.25,0,False
16551466,MIA Dolphins vs. KC Chiefs,Caleb Douglas,Caleb Douglas (MIA),Total de Touchdowns du joueur (Incl. Prolongations) (Caleb Douglas (MIA)),2145,72900,1744203056,MIA|dst:player:548955,4538541769,2+,2+,MIA|dst:player:548955,26.0,0,False
16551466,MIA Dolphins vs. KC Chiefs,Caleb Douglas,Caleb Douglas (MIA),Total de Touchdowns du joueur (Incl. Prolongations) (Caleb Douglas (MIA)),2145,72900,1744203056,MIA|dst:player:548955,4538541770,3+,3+,MIA|dst:player:548955,101.0,0,False
16551466,MIA Dolphins vs. KC Chiefs,Patrick Mahomes,Patrick Mahomes (KC),Total de Touchdowns du joueur (Incl. Prolongations) (Patrick Mahomes (KC)),2145,72900,1744202793,KC|dst:player:156564,4538541116,1+,1+,KC|dst:player:156564,4.5,0,False
16551466,MIA Dolphins vs. KC Chiefs,Patrick Mahomes,Patrick Mahomes (KC),Total de Touchdowns du joueur (Incl. Prolongations) (Patrick Mahomes (KC)),2145,72900,1744202793,KC|dst:player:156564,4538541117,2+,2+,KC|dst:player:156564,31.0,0,False
16551466,MIA Dolphins vs. KC Chiefs,Patrick Mahomes,Patrick Mahomes (KC),Total de Touchdowns du joueur (Incl. Prolongations) (Patrick Mahomes (KC)),2145,72900,1744202793,KC|dst:player:156564,4538541118,3+,3+,KC|dst:player:156564,151.0,0,False
16551466,MIA Dolphins vs. KC Chiefs,Malik Washington,Malik Washington (MIA),Total de Touchdowns du joueur (Incl. Prolongations) (Malik Washington (MIA)),2145,72900,1744202952,MIA|dst:player:431680,4538541521,1+,1+,MIA|dst:player:431680,5.0,0,False
16551466,MIA Dolphins vs. KC Chiefs,Malik Washington,Malik Washington (MIA),Total de Touchdowns du joueur (Incl. Prolongations) (Malik Washington (MIA)),2145,72900,1744202952,MIA|dst:player:431680,4538541522,2+,2+,MIA|dst:player:431680,36.0,0,False
16551466,MIA Dolphins vs. KC Chiefs,Malik Washington,Malik Washington (MIA),Total de Touchdowns du joueur (Incl. Prolongations) (Malik Washington (MIA)),2145,72900,1744202952,MIA|dst:player:431680,4538541523,3+,3+,MIA|dst:player:431680,151.0,0,False
16551466,MIA Dolphins vs. KC Chiefs,Greg Dulcich,Greg Dulcich (MIA),Total de Touchdowns du joueur (Incl. Prolongations) (Greg Dulcich (MIA)),2145,72900,1744202959,MIA|dst:player:521308,4538541544,3+,3+,MIA|dst:player:521308,201.0,0,False
16551466,MIA Dolphins vs. KC Chiefs,Greg Dulcich,Greg Dulcich (MIA),Total de Touchdowns du joueur (Incl. Prolongations) (Greg Dulcich (MIA)),2145,72900,1744202959,MIA|dst:player:521308,4538541542,1+,1+,MIA|dst:player:521308,6.5,0,False
16551466,MIA Dolphins vs. KC Chiefs,Greg Dulcich,Greg Dulcich (MIA),Total de Touchdowns du joueur (Incl. Prolongations) (Greg Dulcich (MIA)),2145,72900,1744202959,MIA|dst:player:521308,4538541543,2+,2+,MIA|dst:player:521308,41.0,0,False
16551466,MIA Dolphins vs. KC Chiefs,Jaylen Wright,Jaylen Wright (MIA),Total de Touchdowns du joueur (Incl. Prolongations) (Jaylen Wright (MIA)),2145,72900,1744202951,MIA|dst:player:431679,4538541520,3+,3+,MIA|dst:player:431679,201.0,0,False
16551466,MIA Dolphins vs. KC Chiefs,Jaylen Wright,Jaylen Wright (MIA),Total de Touchdowns du joueur (Incl. Prolongations) (Jaylen Wright (MIA)),2145,72900,1744202951,MIA|dst:player:431679,4538541518,1+,1+,MIA|dst:player:431679,8.0,0,False
16551466,MIA Dolphins vs. KC Chiefs,Jaylen Wright,Jaylen Wright (MIA),Total de Touchdowns du joueur (Incl. Prolongations) (Jaylen Wright (MIA)),2145,72900,1744202951,MIA|dst:player:431679,4538541519,2+,2+,MIA|dst:player:431679,61.0,0,False
16551466,MIA Dolphins vs. KC Chiefs,Noah Gray,Noah Gray (KC),Total de Touchdowns du joueur (Incl. Prolongations) (Noah Gray (KC)),2145,72900,1744202795,KC|dst:player:264814,4538541128,2+,2+,KC|dst:player:264814,61.0,0,False
16551466,MIA Dolphins vs. KC Chiefs,Noah Gray,Noah Gray (KC),Total de Touchdowns du joueur (Incl. Prolongations) (Noah Gray (KC)),2145,72900,1744202795,KC|dst:player:264814,4538541129,3+,3+,KC|dst:player:264814,201.0,0,False
16551466,MIA Dolphins vs. KC Chiefs,Noah Gray,Noah Gray (KC),Total de Touchdowns du joueur (Incl. Prolongations) (Noah Gray (KC)),2145,72900,1744202795,KC|dst:player:264814,4538541127,1+,1+,KC|dst:player:264814,8.5,0,False
16551466,MIA Dolphins vs. KC Chiefs,Brashard Smith,Brashard Smith (KC),Total de Touchdowns du joueur (Incl. Prolongations) (Brashard Smith (KC)),2145,72900,1744202956,KC|dst:player:484213,4538541533,1+,1+,KC|dst:player:484213,9.0,0,False
16551466,MIA Dolphins vs. KC Chiefs,Brashard Smith,Brashard Smith (KC),Total de Touchdowns du joueur (Incl. Prolongations) (Brashard Smith (KC)),2145,72900,1744202956,KC|dst:player:484213,4538541534,2+,2+,KC|dst:player:484213,71.0,0,False
16551466,MIA Dolphins vs. KC Chiefs,Brashard Smith,Brashard Smith (KC),Total de Touchdowns du joueur (Incl. Prolongations) (Brashard Smith (KC)),2145,72900,1744202956,KC|dst:player:484213,4538541535,3+,3+,KC|dst:player:484213,201.0,0,False
16551466,MIA Dolphins vs. KC Chiefs,Chris Bell,Chris Bell (MIA),Total de Touchdowns du joueur (Incl. Prolongations) (Chris Bell (MIA)),2145,72900,1744203057,MIA|dst:player:548956,4538541771,1+,1+,MIA|dst:player:548956,10.0,0,False
16551466,MIA Dolphins vs. KC Chiefs,Chris Bell,Chris Bell (MIA),Total de Touchdowns du joueur (Incl. Prolongations) (Chris Bell (MIA)),2145,72900,1744203057,MIA|dst:player:548956,4538541772,2+,2+,MIA|dst:player:548956,81.0,0,False
16551466,MIA Dolphins vs. KC Chiefs,Chris Bell,Chris Bell (MIA),Total de Touchdowns du joueur (Incl. Prolongations) (Chris Bell (MIA)),2145,72900,1744203057,MIA|dst:player:548956,4538541773,3+,3+,MIA|dst:player:548956,201.0,0,False
16551466,MIA Dolphins vs. KC Chiefs,Ollie Gordon,Ollie Gordon (MIA),Total de Touchdowns du joueur (Incl. Prolongations) (Ollie Gordon (MIA)),2145,72900,1744202957,MIA|dst:player:484626,4538541536,1+,1+,MIA|dst:player:484626,12.0,0,False
16551466,MIA Dolphins vs. KC Chiefs,Ollie Gordon,Ollie Gordon (MIA),Total de Touchdowns du joueur (Incl. Prolongations) (Ollie Gordon (MIA)),2145,72900,1744202957,MIA|dst:player:484626,4538541537,2+,2+,MIA|dst:player:484626,91.0,0,False
16551466,MIA Dolphins vs. KC Chiefs,Ollie Gordon,Ollie Gordon (MIA),Total de Touchdowns du joueur (Incl. Prolongations) (Ollie Gordon (MIA)),2145,72900,1744202957,MIA|dst:player:484626,4538541538,3+,3+,MIA|dst:player:484626,251.0,0,False
16551466,MIA Dolphins vs. KC Chiefs,Kevin Coleman Jr.,Kevin Coleman Jr. (MIA),Total de Touchdowns du joueur (Incl. Prolongations) (Kevin Coleman Jr. (MIA)),2145,72900,1744203054,MIA|dst:player:548948,4538541762,1+,1+,MIA|dst:player:548948,15.0,0,False
16551466,MIA Dolphins vs. KC Chiefs,Kevin Coleman Jr.,Kevin Coleman Jr. (MIA),Total de Touchdowns du joueur (Incl. Prolongations) (Kevin Coleman Jr. (MIA)),2145,72900,1744203054,MIA|dst:player:548948,4538541763,2+,2+,MIA|dst:player:548948,101.0,0,False
16551466,MIA Dolphins vs. KC Chiefs,Kevin Coleman Jr.,Kevin Coleman Jr. (MIA),Total de Touchdowns du joueur (Incl. Prolongations) (Kevin Coleman Jr. (MIA)),2145,72900,1744203054,MIA|dst:player:548948,4538541764,3+,3+,MIA|dst:player:548948,251.0,0,False
16551466,MIA Dolphins vs. KC Chiefs,Will Kacmarek,Will Kacmarek (MIA),Total de Touchdowns du joueur (Incl. Prolongations) (Will Kacmarek (MIA)),2145,72900,1744203055,MIA|dst:player:548954,4538541765,1+,1+,MIA|dst:player:548954,15.0,0,False
16551466,MIA Dolphins vs. KC Chiefs,Will Kacmarek,Will Kacmarek (MIA),Total de Touchdowns du joueur (Incl. Prolongations) (Will Kacmarek (MIA)),2145,72900,1744203055,MIA|dst:player:548954,4538541766,2+,2+,MIA|dst:player:548954,101.0,0,False
16551466,MIA Dolphins vs. KC Chiefs,Will Kacmarek,Will Kacmarek (MIA),Total de Touchdowns du joueur (Incl. Prolongations) (Will Kacmarek (MIA)),2145,72900,1744203055,MIA|dst:player:548954,4538541767,3+,3+,MIA|dst:player:548954,251.0,0,False
16551466,MIA Dolphins vs. KC Chiefs,Jake Briningstool,Jake Briningstool (KC),Total de Touchdowns du joueur (Incl. Prolongations) (Jake Briningstool (KC)),2145,72900,1744202955,KC|dst:player:483442,4538541530,1+,1+,KC|dst:player:483442,20.0,0,False
16551466,MIA Dolphins vs. KC Chiefs,Jake Briningstool,Jake Briningstool (KC),Total de Touchdowns du joueur (Incl. Prolongations) (Jake Briningstool (KC)),2145,72900,1744202955,KC|dst:player:483442,4538541531,2+,2+,KC|dst:player:483442,101.0,0,False
16551466,MIA Dolphins vs. KC Chiefs,Jake Briningstool,Jake Briningstool (KC),Total de Touchdowns du joueur (Incl. Prolongations) (Jake Briningstool (KC)),2145,72900,1744202955,KC|dst:player:483442,4538541532,3+,3+,KC|dst:player:483442,251.0,0,False
16551466,MIA Dolphins vs. KC Chiefs,Jalen Royals,Jalen Royals (KC),Total de Touchdowns du joueur (Incl. Prolongations) (Jalen Royals (KC)),2145,72900,1744202958,KC|dst:player:484967,4538541539,1+,1+,KC|dst:player:484967,20.0,0,False
16551466,MIA Dolphins vs. KC Chiefs,Jalen Royals,Jalen Royals (KC),Total de Touchdowns du joueur (Incl. Prolongations) (Jalen Royals (KC)),2145,72900,1744202958,KC|dst:player:484967,4538541540,2+,2+,KC|dst:player:484967,101.0,0,False
16551466,MIA Dolphins vs. KC Chiefs,Jalen Royals,Jalen Royals (KC),Total de Touchdowns du joueur (Incl. Prolongations) (Jalen Royals (KC)),2145,72900,1744202958,KC|dst:player:484967,4538541541,3+,3+,KC|dst:player:484967,251.0,0,False
16551466,MIA Dolphins vs. KC Chiefs,Nikko Remigio,Nikko Remigio (KC),Total de Touchdowns du joueur (Incl. Prolongations) (Nikko Remigio (KC)),2145,72900,1744202796,KC|dst:player:374138,4538541130,1+,1+,KC|dst:player:374138,36.0,0,False
16551466,MIA Dolphins vs. KC Chiefs,Nikko Remigio,Nikko Remigio (KC),Total de Touchdowns du joueur (Incl. Prolongations) (Nikko Remigio (KC)),2145,72900,1744202796,KC|dst:player:374138,4538541131,2+,2+,KC|dst:player:374138,151.0,0,False
16551466,MIA Dolphins vs. KC Chiefs,Nikko Remigio,Nikko Remigio (KC),Total de Touchdowns du joueur (Incl. Prolongations) (Nikko Remigio (KC)),2145,72900,1744202796,KC|dst:player:374138,4538541132,3+,3+,KC|dst:player:374138,251.0,0,False
16551466,MIA Dolphins vs. KC Chiefs,Cyrus Allen,Cyrus Allen (KC),Total de Touchdowns du joueur (Incl. Prolongations) (Cyrus Allen (KC)),2145,72900,1744203185,KC|dst:player:561047,4538542146,1+,1+,KC|dst:player:561047,36.0,0,False
16551466,MIA Dolphins vs. KC Chiefs,Cyrus Allen,Cyrus Allen (KC),Total de Touchdowns du joueur (Incl. Prolongations) (Cyrus Allen (KC)),2145,72900,1744203185,KC|dst:player:561047,4538542147,2+,2+,KC|dst:player:561047,151.0,0,False
16551466,MIA Dolphins vs. KC Chiefs,Cyrus Allen,Cyrus Allen (KC),Total de Touchdowns du joueur (Incl. Prolongations) (Cyrus Allen (KC)),2145,72900,1744203185,KC|dst:player:561047,4538542148,3+,3+,KC|dst:player:561047,251.0,0,False
16551466,MIA Dolphins vs. KC Chiefs,Seydou Traore,Seydou Traore (MIA),Total de Touchdowns du joueur (Incl. Prolongations) (Seydou Traore (MIA)),2145,72900,1744203058,MIA|dst:player:549060,4538541776,3+,3+,MIA|dst:player:549060,251.0,0,False
16551466,MIA Dolphins vs. KC Chiefs,Seydou Traore,Seydou Traore (MIA),Total de Touchdowns du joueur (Incl. Prolongations) (Seydou Traore (MIA)),2145,72900,1744203058,MIA|dst:player:549060,4538541774,1+,1+,MIA|dst:player:549060,36.0,0,False
16551466,MIA Dolphins vs. KC Chiefs,Seydou Traore,Seydou Traore (MIA),Total de Touchdowns du joueur (Incl. Prolongations) (Seydou Traore (MIA)),2145,72900,1744203058,MIA|dst:player:549060,4538541775,2+,2+,MIA|dst:player:549060,151.0,0,False
16551466,MIA Dolphins vs. KC Chiefs,Ryan Miller,Ryan Miller (MIA),Total de Touchdowns du joueur (Incl. Prolongations) (Ryan Miller (MIA)),2145,72900,1744203184,MIA|dst:player:565329,4538542144,2+,2+,MIA|dst:player:565329,151.0,0,False
16551466,MIA Dolphins vs. KC Chiefs,Ryan Miller,Ryan Miller (MIA),Total de Touchdowns du joueur (Incl. Prolongations) (Ryan Miller (MIA)),2145,72900,1744203184,MIA|dst:player:565329,4538542145,3+,3+,MIA|dst:player:565329,251.0,0,False
16551466,MIA Dolphins vs. KC Chiefs,Ryan Miller,Ryan Miller (MIA),Total de Touchdowns du joueur (Incl. Prolongations) (Ryan Miller (MIA)),2145,72900,1744203184,MIA|dst:player:565329,4538542143,1+,1+,MIA|dst:player:565329,36.0,0,False
16551466,MIA Dolphins vs. KC Chiefs,Patrick Mahomes,Patrick Mahomes (KC),Passes réussis du joueur (Incl. Prolongations) (Patrick Mahomes (KC)),2137,72892,1744202794,KC|dst:player:156564,4538541120,23+,23+,KC|dst:player:156564,2.45,0,False
16551466,MIA Dolphins vs. KC Chiefs,Patrick Mahomes,Patrick Mahomes (KC),Passes réussis du joueur (Incl. Prolongations) (Patrick Mahomes (KC)),2137,72892,1744202794,KC|dst:player:156564,4538541121,25+,25+,KC|dst:player:156564,3.4,0,False
16551466,MIA Dolphins vs. KC Chiefs,Patrick Mahomes,Patrick Mahomes (KC),Passes réussis du joueur (Incl. Prolongations) (Patrick Mahomes (KC)),2137,72892,1744202794,KC|dst:player:156564,4538541122,27+,27+,KC|dst:player:156564,5.0,0,False
16551466,MIA Dolphins vs. KC Chiefs,Patrick Mahomes,Patrick Mahomes (KC),Passes réussis du joueur (Incl. Prolongations) (Patrick Mahomes (KC)),2137,72892,1744202794,KC|dst:player:156564,4538541123,29+,29+,KC|dst:player:156564,7.75,0,False
16551466,MIA Dolphins vs. KC Chiefs,Patrick Mahomes,Patrick Mahomes (KC),Passes réussis du joueur (Incl. Prolongations) (Patrick Mahomes (KC)),2137,72892,1744202794,KC|dst:player:156564,4538541124,31+,31+,KC|dst:player:156564,13.0,0,False
16551466,MIA Dolphins vs. KC Chiefs,Patrick Mahomes,Patrick Mahomes (KC),Passes réussis du joueur (Incl. Prolongations) (Patrick Mahomes (KC)),2137,72892,1744202794,KC|dst:player:156564,4538541125,33+,33+,KC|dst:player:156564,21.0,0,False
16551466,MIA Dolphins vs. KC Chiefs,Patrick Mahomes,Patrick Mahomes (KC),Passes réussis du joueur (Incl. Prolongations) (Patrick Mahomes (KC)),2137,72892,1744202794,KC|dst:player:156564,4538541126,19+,19+,KC|dst:player:156564,1.4445,0,False
16551466,MIA Dolphins vs. KC Chiefs,Patrick Mahomes,Patrick Mahomes (KC),Passes réussis du joueur (Incl. Prolongations) (Patrick Mahomes (KC)),2137,72892,1744202794,KC|dst:player:156564,4538541119,21+,21+,KC|dst:player:156564,1.8696,0,False
16551472,PIT Steelers		 vs. CIN Bengals,Chase Brown,Chase Brown (CIN),Total de Touchdowns du joueur (Incl. Prolongations) (Chase Brown (CIN)),2145,72900,1744202299,CIN|dst:player:374217,4538539916,1+,1+,CIN|dst:player:374217,1.6897,0,False
16551472,PIT Steelers		 vs. CIN Bengals,Chase Brown,Chase Brown (CIN),Total de Touchdowns du joueur (Incl. Prolongations) (Chase Brown (CIN)),2145,72900,1744202299,CIN|dst:player:374217,4538539917,2+,2+,CIN|dst:player:374217,4.5,0,False
16551472,PIT Steelers		 vs. CIN Bengals,Chase Brown,Chase Brown (CIN),Total de Touchdowns du joueur (Incl. Prolongations) (Chase Brown (CIN)),2145,72900,1744202299,CIN|dst:player:374217,4538539918,3+,3+,CIN|dst:player:374217,20.0,0,False
16551472,PIT Steelers		 vs. CIN Bengals,Ja'Marr Chase,Ja'Marr Chase (CIN),Total de Touchdowns du joueur (Incl. Prolongations) (Ja'Marr Chase (CIN)),2145,72900,1744202214,CIN|dst:player:264511,4538539721,1+,1+,CIN|dst:player:264511,2.2,0,False
16551472,PIT Steelers		 vs. CIN Bengals,Ja'Marr Chase,Ja'Marr Chase (CIN),Total de Touchdowns du joueur (Incl. Prolongations) (Ja'Marr Chase (CIN)),2145,72900,1744202214,CIN|dst:player:264511,4538539722,2+,2+,CIN|dst:player:264511,7.0,0,False
16551472,PIT Steelers		 vs. CIN Bengals,Ja'Marr Chase,Ja'Marr Chase (CIN),Total de Touchdowns du joueur (Incl. Prolongations) (Ja'Marr Chase (CIN)),2145,72900,1744202214,CIN|dst:player:264511,4538539723,3+,3+,CIN|dst:player:264511,36.0,0,False
16551472,PIT Steelers		 vs. CIN Bengals,Tee Higgins,Tee Higgins (CIN),Total de Touchdowns du joueur (Incl. Prolongations) (Tee Higgins (CIN)),2145,72900,1744202212,CIN|dst:player:243187,4538539715,1+,1+,CIN|dst:player:243187,2.7,0,False
16551472,PIT Steelers		 vs. CIN Bengals,Tee Higgins,Tee Higgins (CIN),Total de Touchdowns du joueur (Incl. Prolongations) (Tee Higgins (CIN)),2145,72900,1744202212,CIN|dst:player:243187,4538539716,2+,2+,CIN|dst:player:243187,10.0,0,False
16551472,PIT Steelers		 vs. CIN Bengals,Tee Higgins,Tee Higgins (CIN),Total de Touchdowns du joueur (Incl. Prolongations) (Tee Higgins (CIN)),2145,72900,1744202212,CIN|dst:player:243187,4538539717,3+,3+,CIN|dst:player:243187,71.0,0,False
16551472,PIT Steelers		 vs. CIN Bengals,Rico Dowdle,Rico Dowdle (PIT),Total de Touchdowns du joueur (Incl. Prolongations) (Rico Dowdle (PIT)),2145,72900,1744202458,PIT|dst:player:540768,4538540242,1+,1+,PIT|dst:player:540768,2.8,0,False
16551472,PIT Steelers		 vs. CIN Bengals,Rico Dowdle,Rico Dowdle (PIT),Total de Touchdowns du joueur (Incl. Prolongations) (Rico Dowdle (PIT)),2145,72900,1744202458,PIT|dst:player:540768,4538540243,2+,2+,PIT|dst:player:540768,11.0,0,False
16551472,PIT Steelers		 vs. CIN Bengals,Rico Dowdle,Rico Dowdle (PIT),Total de Touchdowns du joueur (Incl. Prolongations) (Rico Dowdle (PIT)),2145,72900,1744202458,PIT|dst:player:540768,4538540244,3+,3+,PIT|dst:player:540768,71.0,0,False
16551472,PIT Steelers		 vs. CIN Bengals,Jaylen Warren,Jaylen Warren (PIT),Total de Touchdowns du joueur (Incl. Prolongations) (Jaylen Warren (PIT)),2145,72900,1744202298,PIT|dst:player:309419,4538539913,1+,1+,PIT|dst:player:309419,2.9,0,False
16551472,PIT Steelers		 vs. CIN Bengals,Jaylen Warren,Jaylen Warren (PIT),Total de Touchdowns du joueur (Incl. Prolongations) (Jaylen Warren (PIT)),2145,72900,1744202298,PIT|dst:player:309419,4538539914,2+,2+,PIT|dst:player:309419,12.0,0,False
16551472,PIT Steelers		 vs. CIN Bengals,Jaylen Warren,Jaylen Warren (PIT),Total de Touchdowns du joueur (Incl. Prolongations) (Jaylen Warren (PIT)),2145,72900,1744202298,PIT|dst:player:309419,4538539915,3+,3+,PIT|dst:player:309419,81.0,0,False
16551472,PIT Steelers		 vs. CIN Bengals,D.K. Metcalf,D.K. Metcalf (PIT),Total de Touchdowns du joueur (Incl. Prolongations) (D.K. Metcalf (PIT)),2145,72900,1744202306,PIT|dst:player:476259,4538539937,1+,1+,PIT|dst:player:476259,3.3,0,False
16551472,PIT Steelers		 vs. CIN Bengals,D.K. Metcalf,D.K. Metcalf (PIT),Total de Touchdowns du joueur (Incl. Prolongations) (D.K. Metcalf (PIT)),2145,72900,1744202306,PIT|dst:player:476259,4538539938,2+,2+,PIT|dst:player:476259,16.0,0,False
16551472,PIT Steelers		 vs. CIN Bengals,D.K. Metcalf,D.K. Metcalf (PIT),Total de Touchdowns du joueur (Incl. Prolongations) (D.K. Metcalf (PIT)),2145,72900,1744202306,PIT|dst:player:476259,4538539939,3+,3+,PIT|dst:player:476259,101.0,0,False
16551472,PIT Steelers		 vs. CIN Bengals,Samaje Perine,Samaje Perine (CIN),Total de Touchdowns du joueur (Incl. Prolongations) (Samaje Perine (CIN)),2145,72900,1744202181,CIN|dst:player:229752,4538539641,1+,1+,CIN|dst:player:229752,4.5,0,False
16551472,PIT Steelers		 vs. CIN Bengals,Samaje Perine,Samaje Perine (CIN),Total de Touchdowns du joueur (Incl. Prolongations) (Samaje Perine (CIN)),2145,72900,1744202181,CIN|dst:player:229752,4538539642,2+,2+,CIN|dst:player:229752,31.0,0,False
16551472,PIT Steelers		 vs. CIN Bengals,Samaje Perine,Samaje Perine (CIN),Total de Touchdowns du joueur (Incl. Prolongations) (Samaje Perine (CIN)),2145,72900,1744202181,CIN|dst:player:229752,4538539643,3+,3+,CIN|dst:player:229752,151.0,0,False
16551472,PIT Steelers		 vs. CIN Bengals,Pat Freiermuth,Pat Freiermuth (PIT),Total de Touchdowns du joueur (Incl. Prolongations) (Pat Freiermuth (PIT)),2145,72900,1744202213,PIT|dst:player:264182,4538539720,3+,3+,PIT|dst:player:264182,151.0,0,False
16551472,PIT Steelers		 vs. CIN Bengals,Pat Freiermuth,Pat Freiermuth (PIT),Total de Touchdowns du joueur (Incl. Prolongations) (Pat Freiermuth (PIT)),2145,72900,1744202213,PIT|dst:player:264182,4538539718,1+,1+,PIT|dst:player:264182,4.5,0,False
16551472,PIT Steelers		 vs. CIN Bengals,Pat Freiermuth,Pat Freiermuth (PIT),Total de Touchdowns du joueur (Incl. Prolongations) (Pat Freiermuth (PIT)),2145,72900,1744202213,PIT|dst:player:264182,4538539719,2+,2+,PIT|dst:player:264182,31.0,0,False
16551472,PIT Steelers		 vs. CIN Bengals,Michael Pittman Jr.,Michael Pittman Jr. (PIT),Total de Touchdowns du joueur (Incl. Prolongations) (Michael Pittman Jr. (PIT)),2145,72900,1744202457,PIT|dst:player:540766,4538540240,2+,2+,PIT|dst:player:540766,31.0,0,False
16551472,PIT Steelers		 vs. CIN Bengals,Michael Pittman Jr.,Michael Pittman Jr. (PIT),Total de Touchdowns du joueur (Incl. Prolongations) (Michael Pittman Jr. (PIT)),2145,72900,1744202457,PIT|dst:player:540766,4538540241,3+,3+,PIT|dst:player:540766,151.0,0,False
16551472,PIT Steelers		 vs. CIN Bengals,Michael Pittman Jr.,Michael Pittman Jr. (PIT),Total de Touchdowns du joueur (Incl. Prolongations) (Michael Pittman Jr. (PIT)),2145,72900,1744202457,PIT|dst:player:540766,4538540239,1+,1+,PIT|dst:player:540766,4.5,0,False
16551472,PIT Steelers		 vs. CIN Bengals,Mike Gesicki,Mike Gesicki (CIN),Total de Touchdowns du joueur (Incl. Prolongations) (Mike Gesicki (CIN)),2145,72900,1744202302,CIN|dst:player:409951,4538539925,1+,1+,CIN|dst:player:409951,5.0,0,False
16551472,PIT Steelers		 vs. CIN Bengals,Mike Gesicki,Mike Gesicki (CIN),Total de Touchdowns du joueur (Incl. Prolongations) (Mike Gesicki (CIN)),2145,72900,1744202302,CIN|dst:player:409951,4538539926,2+,2+,CIN|dst:player:409951,36.0,0,False
16551472,PIT Steelers		 vs. CIN Bengals,Mike Gesicki,Mike Gesicki (CIN),Total de Touchdowns du joueur (Incl. Prolongations) (Mike Gesicki (CIN)),2145,72900,1744202302,CIN|dst:player:409951,4538539927,3+,3+,CIN|dst:player:409951,151.0,0,False
16551472,PIT Steelers		 vs. CIN Bengals,Andrei Iosivas,Andrei Iosivas (CIN),Total de Touchdowns du joueur (Incl. Prolongations) (Andrei Iosivas (CIN)),2145,72900,1744202300,CIN|dst:player:374402,4538539920,2+,2+,CIN|dst:player:374402,36.0,0,False
16551472,PIT Steelers		 vs. CIN Bengals,Andrei Iosivas,Andrei Iosivas (CIN),Total de Touchdowns du joueur (Incl. Prolongations) (Andrei Iosivas (CIN)),2145,72900,1744202300,CIN|dst:player:374402,4538539921,3+,3+,CIN|dst:player:374402,201.0,0,False
16551472,PIT Steelers		 vs. CIN Bengals,Andrei Iosivas,Andrei Iosivas (CIN),Total de Touchdowns du joueur (Incl. Prolongations) (Andrei Iosivas (CIN)),2145,72900,1744202300,CIN|dst:player:374402,4538539919,1+,1+,CIN|dst:player:374402,5.5,0,False
16551472,PIT Steelers		 vs. CIN Bengals,Drew Sample,Drew Sample (CIN),Total de Touchdowns du joueur (Incl. Prolongations) (Drew Sample (CIN)),2145,72900,1744202180,CIN|dst:player:229120,4538539640,3+,3+,CIN|dst:player:229120,201.0,0,False
16551472,PIT Steelers		 vs. CIN Bengals,Drew Sample,Drew Sample (CIN),Total de Touchdowns du joueur (Incl. Prolongations) (Drew Sample (CIN)),2145,72900,1744202180,CIN|dst:player:229120,4538539638,1+,1+,CIN|dst:player:229120,8.5,0,False
16551472,PIT Steelers		 vs. CIN Bengals,Drew Sample,Drew Sample (CIN),Total de Touchdowns du joueur (Incl. Prolongations) (Drew Sample (CIN)),2145,72900,1744202180,CIN|dst:player:229120,4538539639,2+,2+,CIN|dst:player:229120,61.0,0,False
16551472,PIT Steelers		 vs. CIN Bengals,Joe Burrow,Joe Burrow (CIN),Total de Touchdowns du joueur (Incl. Prolongations) (Joe Burrow (CIN)),2145,72900,1744202182,CIN|dst:player:242628,4538539644,1+,1+,CIN|dst:player:242628,8.5,0,False
16551472,PIT Steelers		 vs. CIN Bengals,Joe Burrow,Joe Burrow (CIN),Total de Touchdowns du joueur (Incl. Prolongations) (Joe Burrow (CIN)),2145,72900,1744202182,CIN|dst:player:242628,4538539645,2+,2+,CIN|dst:player:242628,61.0,0,False
16551472,PIT Steelers		 vs. CIN Bengals,Joe Burrow,Joe Burrow (CIN),Total de Touchdowns du joueur (Incl. Prolongations) (Joe Burrow (CIN)),2145,72900,1744202182,CIN|dst:player:242628,4538539646,3+,3+,CIN|dst:player:242628,201.0,0,False
16551472,PIT Steelers		 vs. CIN Bengals,Roman Wilson,Roman Wilson (PIT),Total de Touchdowns du joueur (Incl. Prolongations) (Roman Wilson (PIT)),2145,72900,1744202303,PIT|dst:player:430018,4538539928,1+,1+,PIT|dst:player:430018,8.5,0,False
16551472,PIT Steelers		 vs. CIN Bengals,Roman Wilson,Roman Wilson (PIT),Total de Touchdowns du joueur (Incl. Prolongations) (Roman Wilson (PIT)),2145,72900,1744202303,PIT|dst:player:430018,4538539929,2+,2+,PIT|dst:player:430018,61.0,0,False
16551472,PIT Steelers		 vs. CIN Bengals,Roman Wilson,Roman Wilson (PIT),Total de Touchdowns du joueur (Incl. Prolongations) (Roman Wilson (PIT)),2145,72900,1744202303,PIT|dst:player:430018,4538539930,3+,3+,PIT|dst:player:430018,201.0,0,False
16551472,PIT Steelers		 vs. CIN Bengals,Darnell Washington,Darnell Washington (PIT),Total de Touchdowns du joueur (Incl. Prolongations) (Darnell Washington (PIT)),2145,72900,1744202301,PIT|dst:player:374493,4538539922,1+,1+,PIT|dst:player:374493,9.0,0,False
16551472,PIT Steelers		 vs. CIN Bengals,Darnell Washington,Darnell Washington (PIT),Total de Touchdowns du joueur (Incl. Prolongations) (Darnell Washington (PIT)),2145,72900,1744202301,PIT|dst:player:374493,4538539923,2+,2+,PIT|dst:player:374493,71.0,0,False
16551472,PIT Steelers		 vs. CIN Bengals,Darnell Washington,Darnell Washington (PIT),Total de Touchdowns du joueur (Incl. Prolongations) (Darnell Washington (PIT)),2145,72900,1744202301,PIT|dst:player:374493,4538539924,3+,3+,PIT|dst:player:374493,201.0,0,False
16551472,PIT Steelers		 vs. CIN Bengals,Germie Bernard,Germie Bernard (PIT),Total de Touchdowns du joueur (Incl. Prolongations) (Germie Bernard (PIT)),2145,72900,1744202551,PIT|dst:player:547481,4538540501,1+,1+,PIT|dst:player:547481,9.0,0,False
16551472,PIT Steelers		 vs. CIN Bengals,Germie Bernard,Germie Bernard (PIT),Total de Touchdowns du joueur (Incl. Prolongations) (Germie Bernard (PIT)),2145,72900,1744202551,PIT|dst:player:547481,4538540502,2+,2+,PIT|dst:player:547481,71.0,0,False
16551472,PIT Steelers		 vs. CIN Bengals,Germie Bernard,Germie Bernard (PIT),Total de Touchdowns du joueur (Incl. Prolongations) (Germie Bernard (PIT)),2145,72900,1744202551,PIT|dst:player:547481,4538540503,3+,3+,PIT|dst:player:547481,201.0,0,False
16551472,PIT Steelers		 vs. CIN Bengals,Erick All,Erick All (CIN),Total de Touchdowns du joueur (Incl. Prolongations) (Erick All (CIN)),2145,72900,1744202304,CIN|dst:player:430312,4538539931,1+,1+,CIN|dst:player:430312,10.0,0,False
16551472,PIT Steelers		 vs. CIN Bengals,Erick All,Erick All (CIN),Total de Touchdowns du joueur (Incl. Prolongations) (Erick All (CIN)),2145,72900,1744202304,CIN|dst:player:430312,4538539932,2+,2+,CIN|dst:player:430312,81.0,0,False
16551472,PIT Steelers		 vs. CIN Bengals,Erick All,Erick All (CIN),Total de Touchdowns du joueur (Incl. Prolongations) (Erick All (CIN)),2145,72900,1744202304,CIN|dst:player:430312,4538539933,3+,3+,CIN|dst:player:430312,201.0,0,False
16551472,PIT Steelers		 vs. CIN Bengals,Dohnte Meyers,Dohnte Meyers (CIN),Total de Touchdowns du joueur (Incl. Prolongations) (Dohnte Meyers (CIN)),2145,72900,1744202460,CIN|dst:player:542617,4538540248,1+,1+,CIN|dst:player:542617,12.0,0,False
16551472,PIT Steelers		 vs. CIN Bengals,Dohnte Meyers,Dohnte Meyers (CIN),Total de Touchdowns du joueur (Incl. Prolongations) (Dohnte Meyers (CIN)),2145,72900,1744202460,CIN|dst:player:542617,4538540249,2+,2+,CIN|dst:player:542617,91.0,0,False
16551472,PIT Steelers		 vs. CIN Bengals,Dohnte Meyers,Dohnte Meyers (CIN),Total de Touchdowns du joueur (Incl. Prolongations) (Dohnte Meyers (CIN)),2145,72900,1744202460,CIN|dst:player:542617,4538540250,3+,3+,CIN|dst:player:542617,251.0,0,False
16551472,PIT Steelers		 vs. CIN Bengals,Tahj Brooks,Tahj Brooks (CIN),Total de Touchdowns du joueur (Incl. Prolongations) (Tahj Brooks (CIN)),2145,72900,1744202455,CIN|dst:player:484442,4538540233,1+,1+,CIN|dst:player:484442,15.0,0,False
16551472,PIT Steelers		 vs. CIN Bengals,Tahj Brooks,Tahj Brooks (CIN),Total de Touchdowns du joueur (Incl. Prolongations) (Tahj Brooks (CIN)),2145,72900,1744202455,CIN|dst:player:484442,4538540234,2+,2+,CIN|dst:player:484442,101.0,0,False
16551472,PIT Steelers		 vs. CIN Bengals,Tahj Brooks,Tahj Brooks (CIN),Total de Touchdowns du joueur (Incl. Prolongations) (Tahj Brooks (CIN)),2145,72900,1744202455,CIN|dst:player:484442,4538540235,3+,3+,CIN|dst:player:484442,251.0,0,False
16551472,PIT Steelers		 vs. CIN Bengals,Aaron Rodgers,Aaron Rodgers (PIT),Total de Touchdowns du joueur (Incl. Prolongations) (Aaron Rodgers (PIT)),2145,72900,1744202456,PIT|dst:player:490761,4538540236,1+,1+,PIT|dst:player:490761,18.0,0,False
16551472,PIT Steelers		 vs. CIN Bengals,Aaron Rodgers,Aaron Rodgers (PIT),Total de Touchdowns du joueur (Incl. Prolongations) (Aaron Rodgers (PIT)),2145,72900,1744202456,PIT|dst:player:490761,4538540237,2+,2+,PIT|dst:player:490761,101.0,0,False
16551472,PIT Steelers		 vs. CIN Bengals,Aaron Rodgers,Aaron Rodgers (PIT),Total de Touchdowns du joueur (Incl. Prolongations) (Aaron Rodgers (PIT)),2145,72900,1744202456,PIT|dst:player:490761,4538540238,3+,3+,PIT|dst:player:490761,251.0,0,False
16551472,PIT Steelers		 vs. CIN Bengals,Ben Skowronek,Ben Skowronek (PIT),Total de Touchdowns du joueur (Incl. Prolongations) (Ben Skowronek (PIT)),2145,72900,1744202305,PIT|dst:player:450986,4538539936,3+,3+,PIT|dst:player:450986,251.0,0,False
16551472,PIT Steelers		 vs. CIN Bengals,Ben Skowronek,Ben Skowronek (PIT),Total de Touchdowns du joueur (Incl. Prolongations) (Ben Skowronek (PIT)),2145,72900,1744202305,PIT|dst:player:450986,4538539934,1+,1+,PIT|dst:player:450986,20.0,0,False
16551472,PIT Steelers		 vs. CIN Bengals,Ben Skowronek,Ben Skowronek (PIT),Total de Touchdowns du joueur (Incl. Prolongations) (Ben Skowronek (PIT)),2145,72900,1744202305,PIT|dst:player:450986,4538539935,2+,2+,PIT|dst:player:450986,101.0,0,False
16551472,PIT Steelers		 vs. CIN Bengals,Kaden Wetjen,Kaden Wetjen (PIT),Total de Touchdowns du joueur (Incl. Prolongations) (Kaden Wetjen (PIT)),2145,72900,1744202463,PIT|dst:player:546499,4538540257,1+,1+,PIT|dst:player:546499,20.0,0,False
16551472,PIT Steelers		 vs. CIN Bengals,Kaden Wetjen,Kaden Wetjen (PIT),Total de Touchdowns du joueur (Incl. Prolongations) (Kaden Wetjen (PIT)),2145,72900,1744202463,PIT|dst:player:546499,4538540258,2+,2+,PIT|dst:player:546499,101.0,0,False
16551472,PIT Steelers		 vs. CIN Bengals,Kaden Wetjen,Kaden Wetjen (PIT),Total de Touchdowns du joueur (Incl. Prolongations) (Kaden Wetjen (PIT)),2145,72900,1744202463,PIT|dst:player:546499,4538540259,3+,3+,PIT|dst:player:546499,251.0,0,False
16551472,PIT Steelers		 vs. CIN Bengals,Colbie Young,Colbie Young (CIN),Total de Touchdowns du joueur (Incl. Prolongations) (Colbie Young (CIN)),2145,72900,1744202461,CIN|dst:player:546443,4538540251,1+,1+,CIN|dst:player:546443,26.0,0,False
16551472,PIT Steelers		 vs. CIN Bengals,Colbie Young,Colbie Young (CIN),Total de Touchdowns du joueur (Incl. Prolongations) (Colbie Young (CIN)),2145,72900,1744202461,CIN|dst:player:546443,4538540252,2+,2+,CIN|dst:player:546443,151.0,0,False
16551472,PIT Steelers		 vs. CIN Bengals,Colbie Young,Colbie Young (CIN),Total de Touchdowns du joueur (Incl. Prolongations) (Colbie Young (CIN)),2145,72900,1744202461,CIN|dst:player:546443,4538540253,3+,3+,CIN|dst:player:546443,251.0,0,False
16551472,PIT Steelers		 vs. CIN Bengals,Eli Heidenreich,Eli Heidenreich (PIT),Total de Touchdowns du joueur (Incl. Prolongations) (Eli Heidenreich (PIT)),2145,72900,1744202462,PIT|dst:player:546496,4538540256,3+,3+,PIT|dst:player:546496,251.0,0,False
16551472,PIT Steelers		 vs. CIN Bengals,Eli Heidenreich,Eli Heidenreich (PIT),Total de Touchdowns du joueur (Incl. Prolongations) (Eli Heidenreich (PIT)),2145,72900,1744202462,PIT|dst:player:546496,4538540254,1+,1+,PIT|dst:player:546496,26.0,0,False
16551472,PIT Steelers		 vs. CIN Bengals,Eli Heidenreich,Eli Heidenreich (PIT),Total de Touchdowns du joueur (Incl. Prolongations) (Eli Heidenreich (PIT)),2145,72900,1744202462,PIT|dst:player:546496,4538540255,2+,2+,PIT|dst:player:546496,151.0,0,False
16551472,PIT Steelers		 vs. CIN Bengals,Travis Homer,Travis Homer (PIT),Total de Touchdowns du joueur (Incl. Prolongations) (Travis Homer (PIT)),2145,72900,1744202459,PIT|dst:player:541834,4538540245,1+,1+,PIT|dst:player:541834,36.0,0,False
16551472,PIT Steelers		 vs. CIN Bengals,Travis Homer,Travis Homer (PIT),Total de Touchdowns du joueur (Incl. Prolongations) (Travis Homer (PIT)),2145,72900,1744202459,PIT|dst:player:541834,4538540246,2+,2+,PIT|dst:player:541834,151.0,0,False
16551472,PIT Steelers		 vs. CIN Bengals,Travis Homer,Travis Homer (PIT),Total de Touchdowns du joueur (Incl. Prolongations) (Travis Homer (PIT)),2145,72900,1744202459,PIT|dst:player:541834,4538540247,3+,3+,PIT|dst:player:541834,251.0,0,False
16551472,PIT Steelers		 vs. CIN Bengals,Riley Nowakowski,Riley Nowakowski (PIT),Total de Touchdowns du joueur (Incl. Prolongations) (Riley Nowakowski (PIT)),2145,72900,1744202550,PIT|dst:player:546664,4538540498,1+,1+,PIT|dst:player:546664,36.0,0,False
16551472,PIT Steelers		 vs. CIN Bengals,Riley Nowakowski,Riley Nowakowski (PIT),Total de Touchdowns du joueur (Incl. Prolongations) (Riley Nowakowski (PIT)),2145,72900,1744202550,PIT|dst:player:546664,4538540499,2+,2+,PIT|dst:player:546664,151.0,0,False
16551472,PIT Steelers		 vs. CIN Bengals,Riley Nowakowski,Riley Nowakowski (PIT),Total de Touchdowns du joueur (Incl. Prolongations) (Riley Nowakowski (PIT)),2145,72900,1744202550,PIT|dst:player:546664,4538540500,3+,3+,PIT|dst:player:546664,251.0,0,False
16551472,PIT Steelers		 vs. CIN Bengals,Robert Tonyan,Robert Tonyan (PIT),Total de Touchdowns du joueur (Incl. Prolongations) (Robert Tonyan (PIT)),2145,72900,1744202552,PIT|dst:player:549065,4538540504,1+,1+,PIT|dst:player:549065,36.0,0,False
16551472,PIT Steelers		 vs. CIN Bengals,Robert Tonyan,Robert Tonyan (PIT),Total de Touchdowns du joueur (Incl. Prolongations) (Robert Tonyan (PIT)),2145,72900,1744202552,PIT|dst:player:549065,4538540505,2+,2+,PIT|dst:player:549065,151.0,0,False
16551472,PIT Steelers		 vs. CIN Bengals,Robert Tonyan,Robert Tonyan (PIT),Total de Touchdowns du joueur (Incl. Prolongations) (Robert Tonyan (PIT)),2145,72900,1744202552,PIT|dst:player:549065,4538540506,3+,3+,PIT|dst:player:549065,251.0,0,False
