event_id,match,player,short_name,market,market_type_id,sport_market_id,child_market_id,market_sv,odd_id,selection,line,raw_sv,price,odd_status,is_main_bet
16551508,CHI Bears	 vs. PHI Eagles,Jalen Hurts,Jalen Hurts (PHI),Joueur total de yards par la passe (Jalen Hurts (PHI))(prolongations incluses),2136,72891,1746665089,PHI|dst:player:242970,4547745312,347+,347+,PHI|dst:player:242970,17.0,0,False
16551508,CHI Bears	 vs. PHI Eagles,Jalen Hurts,Jalen Hurts (PHI),Joueur total de yards par la passe (Jalen Hurts (PHI))(prolongations incluses),2136,72891,1746665089,PHI|dst:player:242970,4547745313,357+,357+,PHI|dst:player:242970,21.0,0,False
16551508,CHI Bears	 vs. PHI Eagles,Jalen Hurts,Jalen Hurts (PHI),Joueur total de yards par la passe (Jalen Hurts (PHI))(prolongations incluses),2136,72891,1746665089,PHI|dst:player:242970,4547745314,207+,207+,PHI|dst:player:242970,1.6667,0,False
16551508,CHI Bears	 vs. PHI Eagles,Jalen Hurts,Jalen Hurts (PHI),Joueur total de yards par la passe (Jalen Hurts (PHI))(prolongations incluses),2136,72891,1746665089,PHI|dst:player:242970,4547745315,197+,197+,PHI|dst:player:242970,1.5,0,False
16551508,CHI Bears	 vs. PHI Eagles,Jalen Hurts,Jalen Hurts (PHI),Joueur total de yards par la passe (Jalen Hurts (PHI))(prolongations incluses),2136,72891,1746665089,PHI|dst:player:242970,4547745295,217+,217+,PHI|dst:player:242970,1.8696,0,False
16551508,CHI Bears	 vs. PHI Eagles,Jalen Hurts,Jalen Hurts (PHI),Joueur total de yards par la passe (Jalen Hurts (PHI))(prolongations incluses),2136,72891,1746665089,PHI|dst:player:242970,4547745297,227+,227+,PHI|dst:player:242970,2.1,0,False
16551508,CHI Bears	 vs. PHI Eagles,Jalen Hurts,Jalen Hurts (PHI),Joueur total de yards par la passe (Jalen Hurts (PHI))(prolongations incluses),2136,72891,1746665089,PHI|dst:player:242970,4547745299,237+,237+,PHI|dst:player:242970,2.35,0,False
16551508,CHI Bears	 vs. PHI Eagles,Jalen Hurts,Jalen Hurts (PHI),Joueur total de yards par la passe (Jalen Hurts (PHI))(prolongations incluses),2136,72891,1746665089,PHI|dst:player:242970,4547745301,247+,247+,PHI|dst:player:242970,2.65,0,False
16551508,CHI Bears	 vs. PHI Eagles,Jalen Hurts,Jalen Hurts (PHI),Joueur total de yards par la passe (Jalen Hurts (PHI))(prolongations incluses),2136,72891,1746665089,PHI|dst:player:242970,4547745303,257+,257+,PHI|dst:player:242970,3.0,0,False
16551508,CHI Bears	 vs. PHI Eagles,Jalen Hurts,Jalen Hurts (PHI),Joueur total de yards par la passe (Jalen Hurts (PHI))(prolongations incluses),2136,72891,1746665089,PHI|dst:player:242970,4547745304,267+,267+,PHI|dst:player:242970,3.5,0,False
16551508,CHI Bears	 vs. PHI Eagles,Jalen Hurts,Jalen Hurts (PHI),Joueur total de yards par la passe (Jalen Hurts (PHI))(prolongations incluses),2136,72891,1746665089,PHI|dst:player:242970,4547745305,277+,277+,PHI|dst:player:242970,4.0,0,False
16551508,CHI Bears	 vs. PHI Eagles,Jalen Hurts,Jalen Hurts (PHI),Joueur total de yards par la passe (Jalen Hurts (PHI))(prolongations incluses),2136,72891,1746665089,PHI|dst:player:242970,4547745306,287+,287+,PHI|dst:player:242970,4.75,0,False
16551508,CHI Bears	 vs. PHI Eagles,Jalen Hurts,Jalen Hurts (PHI),Joueur total de yards par la passe (Jalen Hurts (PHI))(prolongations incluses),2136,72891,1746665089,PHI|dst:player:242970,4547745307,297+,297+,PHI|dst:player:242970,5.75,0,False
16551508,CHI Bears	 vs. PHI Eagles,Jalen Hurts,Jalen Hurts (PHI),Joueur total de yards par la passe (Jalen Hurts (PHI))(prolongations incluses),2136,72891,1746665089,PHI|dst:player:242970,4547745308,307+,307+,PHI|dst:player:242970,7.0,0,False
16551508,CHI Bears	 vs. PHI Eagles,Jalen Hurts,Jalen Hurts (PHI),Joueur total de yards par la passe (Jalen Hurts (PHI))(prolongations incluses),2136,72891,1746665089,PHI|dst:player:242970,4547745309,317+,317+,PHI|dst:player:242970,8.5,0,False
16551508,CHI Bears	 vs. PHI Eagles,Jalen Hurts,Jalen Hurts (PHI),Joueur total de yards par la passe (Jalen Hurts (PHI))(prolongations incluses),2136,72891,1746665089,PHI|dst:player:242970,4547745310,327+,327+,PHI|dst:player:242970,11.0,0,False
16551508,CHI Bears	 vs. PHI Eagles,Jalen Hurts,Jalen Hurts (PHI),Joueur total de yards par la passe (Jalen Hurts (PHI))(prolongations incluses),2136,72891,1746665089,PHI|dst:player:242970,4547745311,337+,337+,PHI|dst:player:242970,14.0,0,False
16551508,CHI Bears	 vs. PHI Eagles,Case Keenum,Case Keenum (CHI),Joueur total de yards par la passe (Case Keenum (CHI))(prolongations incluses),2136,72891,1753024534,CHI|dst:player:480180,4569418536,172+,172+,CHI|dst:player:480180,1.9091,0,False
16551508,CHI Bears	 vs. PHI Eagles,Case Keenum,Case Keenum (CHI),Joueur total de yards par la passe (Case Keenum (CHI))(prolongations incluses),2136,72891,1753024534,CHI|dst:player:480180,4569418537,182+,182+,CHI|dst:player:480180,2.05,0,False
16551508,CHI Bears	 vs. PHI Eagles,Case Keenum,Case Keenum (CHI),Joueur total de yards par la passe (Case Keenum (CHI))(prolongations incluses),2136,72891,1753024534,CHI|dst:player:480180,4569418538,192+,192+,CHI|dst:player:480180,2.25,0,False
16551508,CHI Bears	 vs. PHI Eagles,Case Keenum,Case Keenum (CHI),Joueur total de yards par la passe (Case Keenum (CHI))(prolongations incluses),2136,72891,1753024534,CHI|dst:player:480180,4569418539,202+,202+,CHI|dst:player:480180,2.5,0,False
16551508,CHI Bears	 vs. PHI Eagles,Case Keenum,Case Keenum (CHI),Joueur total de yards par la passe (Case Keenum (CHI))(prolongations incluses),2136,72891,1753024534,CHI|dst:player:480180,4569418540,212+,212+,CHI|dst:player:480180,2.8,0,False
16551508,CHI Bears	 vs. PHI Eagles,Case Keenum,Case Keenum (CHI),Joueur total de yards par la passe (Case Keenum (CHI))(prolongations incluses),2136,72891,1753024534,CHI|dst:player:480180,4569418541,222+,222+,CHI|dst:player:480180,3.1,0,False
16551508,CHI Bears	 vs. PHI Eagles,Case Keenum,Case Keenum (CHI),Joueur total de yards par la passe (Case Keenum (CHI))(prolongations incluses),2136,72891,1753024534,CHI|dst:player:480180,4569418542,232+,232+,CHI|dst:player:480180,3.5,0,False
16551508,CHI Bears	 vs. PHI Eagles,Case Keenum,Case Keenum (CHI),Joueur total de yards par la passe (Case Keenum (CHI))(prolongations incluses),2136,72891,1753024534,CHI|dst:player:480180,4569418543,242+,242+,CHI|dst:player:480180,4.0,0,False
16551508,CHI Bears	 vs. PHI Eagles,Case Keenum,Case Keenum (CHI),Joueur total de yards par la passe (Case Keenum (CHI))(prolongations incluses),2136,72891,1753024534,CHI|dst:player:480180,4569418544,252+,252+,CHI|dst:player:480180,4.5,0,False
16551508,CHI Bears	 vs. PHI Eagles,Case Keenum,Case Keenum (CHI),Joueur total de yards par la passe (Case Keenum (CHI))(prolongations incluses),2136,72891,1753024534,CHI|dst:player:480180,4569418545,262+,262+,CHI|dst:player:480180,5.25,0,False
16551508,CHI Bears	 vs. PHI Eagles,Case Keenum,Case Keenum (CHI),Joueur total de yards par la passe (Case Keenum (CHI))(prolongations incluses),2136,72891,1753024534,CHI|dst:player:480180,4569418546,272+,272+,CHI|dst:player:480180,6.25,0,False
16551508,CHI Bears	 vs. PHI Eagles,Case Keenum,Case Keenum (CHI),Joueur total de yards par la passe (Case Keenum (CHI))(prolongations incluses),2136,72891,1753024534,CHI|dst:player:480180,4569418547,282+,282+,CHI|dst:player:480180,7.25,0,False
16551508,CHI Bears	 vs. PHI Eagles,Case Keenum,Case Keenum (CHI),Joueur total de yards par la passe (Case Keenum (CHI))(prolongations incluses),2136,72891,1753024534,CHI|dst:player:480180,4569418548,292+,292+,CHI|dst:player:480180,8.5,0,False
16551508,CHI Bears	 vs. PHI Eagles,Case Keenum,Case Keenum (CHI),Joueur total de yards par la passe (Case Keenum (CHI))(prolongations incluses),2136,72891,1753024534,CHI|dst:player:480180,4569418549,302+,302+,CHI|dst:player:480180,10.0,0,False
16551508,CHI Bears	 vs. PHI Eagles,Case Keenum,Case Keenum (CHI),Joueur total de yards par la passe (Case Keenum (CHI))(prolongations incluses),2136,72891,1753024534,CHI|dst:player:480180,4569418550,312+,312+,CHI|dst:player:480180,13.0,0,False
16551508,CHI Bears	 vs. PHI Eagles,Case Keenum,Case Keenum (CHI),Joueur total de yards par la passe (Case Keenum (CHI))(prolongations incluses),2136,72891,1753024534,CHI|dst:player:480180,4569418551,162+,162+,CHI|dst:player:480180,1.7143,0,False
16551508,CHI Bears	 vs. PHI Eagles,Case Keenum,Case Keenum (CHI),Joueur total de yards par la passe (Case Keenum (CHI))(prolongations incluses),2136,72891,1753024534,CHI|dst:player:480180,4569418552,152+,152+,CHI|dst:player:480180,1.5556,0,False
16551508,CHI Bears	 vs. PHI Eagles,Saquon Barkley,Saquon Barkley (PHI),Total de Touchdowns du joueur (Incl. Prolongations) (Saquon Barkley (PHI)),2145,72900,1744403436,PHI|dst:player:409916,4539050339,1+,1+,PHI|dst:player:409916,1.9091,0,False
16551508,CHI Bears	 vs. PHI Eagles,Saquon Barkley,Saquon Barkley (PHI),Total de Touchdowns du joueur (Incl. Prolongations) (Saquon Barkley (PHI)),2145,72900,1744403436,PHI|dst:player:409916,4539050340,2+,2+,PHI|dst:player:409916,5.5,0,False
16551508,CHI Bears	 vs. PHI Eagles,Saquon Barkley,Saquon Barkley (PHI),Total de Touchdowns du joueur (Incl. Prolongations) (Saquon Barkley (PHI)),2145,72900,1744403436,PHI|dst:player:409916,4539050341,3+,3+,PHI|dst:player:409916,26.0,0,False
16551508,CHI Bears	 vs. PHI Eagles,D'Andre Swift,D'Andre Swift (CHI),Total de Touchdowns du joueur (Incl. Prolongations) (D'Andre Swift (CHI)),2145,72900,1744403437,CHI|dst:player:410023,4539050344,3+,3+,CHI|dst:player:410023,26.0,0,False
16551508,CHI Bears	 vs. PHI Eagles,D'Andre Swift,D'Andre Swift (CHI),Total de Touchdowns du joueur (Incl. Prolongations) (D'Andre Swift (CHI)),2145,72900,1744403437,CHI|dst:player:410023,4539050342,1+,1+,CHI|dst:player:410023,2.0,0,False
16551508,CHI Bears	 vs. PHI Eagles,D'Andre Swift,D'Andre Swift (CHI),Total de Touchdowns du joueur (Incl. Prolongations) (D'Andre Swift (CHI)),2145,72900,1744403437,CHI|dst:player:410023,4539050343,2+,2+,CHI|dst:player:410023,6.0,0,False
16551508,CHI Bears	 vs. PHI Eagles,Jalen Hurts,Jalen Hurts (PHI),Total de Touchdowns du joueur (Incl. Prolongations) (Jalen Hurts (PHI)),2145,72900,1744403421,PHI|dst:player:242970,4539050304,1+,1+,PHI|dst:player:242970,2.4,0,False
16551508,CHI Bears	 vs. PHI Eagles,Jalen Hurts,Jalen Hurts (PHI),Total de Touchdowns du joueur (Incl. Prolongations) (Jalen Hurts (PHI)),2145,72900,1744403421,PHI|dst:player:242970,4539050305,2+,2+,PHI|dst:player:242970,8.0,0,False
16551508,CHI Bears	 vs. PHI Eagles,Jalen Hurts,Jalen Hurts (PHI),Total de Touchdowns du joueur (Incl. Prolongations) (Jalen Hurts (PHI)),2145,72900,1744403421,PHI|dst:player:242970,4539050306,3+,3+,PHI|dst:player:242970,51.0,0,False
16551508,CHI Bears	 vs. PHI Eagles,Kyle Monangai,Kyle Monangai (CHI),Total de Touchdowns du joueur (Incl. Prolongations) (Kyle Monangai (CHI)),2145,72900,1744403536,CHI|dst:player:484441,4539050578,1+,1+,CHI|dst:player:484441,2.7,0,False
16551508,CHI Bears	 vs. PHI Eagles,Kyle Monangai,Kyle Monangai (CHI),Total de Touchdowns du joueur (Incl. Prolongations) (Kyle Monangai (CHI)),2145,72900,1744403536,CHI|dst:player:484441,4539050579,2+,2+,CHI|dst:player:484441,10.0,0,False
16551508,CHI Bears	 vs. PHI Eagles,Kyle Monangai,Kyle Monangai (CHI),Total de Touchdowns du joueur (Incl. Prolongations) (Kyle Monangai (CHI)),2145,72900,1744403536,CHI|dst:player:484441,4539050580,3+,3+,CHI|dst:player:484441,71.0,0,False
16551508,CHI Bears	 vs. PHI Eagles,Devonta Smith,Devonta Smith (PHI),Total de Touchdowns du joueur (Incl. Prolongations) (Devonta Smith (PHI)),2145,72900,1744403432,PHI|dst:player:264983,4539050328,2+,2+,PHI|dst:player:264983,10.0,0,False
16551508,CHI Bears	 vs. PHI Eagles,Devonta Smith,Devonta Smith (PHI),Total de Touchdowns du joueur (Incl. Prolongations) (Devonta Smith (PHI)),2145,72900,1744403432,PHI|dst:player:264983,4539050329,3+,3+,PHI|dst:player:264983,71.0,0,False
16551508,CHI Bears	 vs. PHI Eagles,Devonta Smith,Devonta Smith (PHI),Total de Touchdowns du joueur (Incl. Prolongations) (Devonta Smith (PHI)),2145,72900,1744403432,PHI|dst:player:264983,4539050327,1+,1+,PHI|dst:player:264983,2.7,0,False
16551508,CHI Bears	 vs. PHI Eagles,Dontayvion Wicks,Dontayvion Wicks (PHI),Total de Touchdowns du joueur (Incl. Prolongations) (Dontayvion Wicks (PHI)),2145,72900,1744403611,PHI|dst:player:543667,4539050721,1+,1+,PHI|dst:player:543667,3.85,0,False
16551508,CHI Bears	 vs. PHI Eagles,Dontayvion Wicks,Dontayvion Wicks (PHI),Total de Touchdowns du joueur (Incl. Prolongations) (Dontayvion Wicks (PHI)),2145,72900,1744403611,PHI|dst:player:543667,4539050722,2+,2+,PHI|dst:player:543667,26.0,0,False
16551508,CHI Bears	 vs. PHI Eagles,Dontayvion Wicks,Dontayvion Wicks (PHI),Total de Touchdowns du joueur (Incl. Prolongations) (Dontayvion Wicks (PHI)),2145,72900,1744403611,PHI|dst:player:543667,4539050723,3+,3+,PHI|dst:player:543667,101.0,0,False
16551508,CHI Bears	 vs. PHI Eagles,Colston Loveland,Colston Loveland (CHI),Total de Touchdowns du joueur (Incl. Prolongations) (Colston Loveland (CHI)),2145,72900,1744403535,CHI|dst:player:484440,4539050576,2+,2+,CHI|dst:player:484440,26.0,0,False
16551508,CHI Bears	 vs. PHI Eagles,Colston Loveland,Colston Loveland (CHI),Total de Touchdowns du joueur (Incl. Prolongations) (Colston Loveland (CHI)),2145,72900,1744403535,CHI|dst:player:484440,4539050577,3+,3+,CHI|dst:player:484440,101.0,0,False
16551508,CHI Bears	 vs. PHI Eagles,Colston Loveland,Colston Loveland (CHI),Total de Touchdowns du joueur (Incl. Prolongations) (Colston Loveland (CHI)),2145,72900,1744403535,CHI|dst:player:484440,4539050575,1+,1+,CHI|dst:player:484440,4.0,0,False
16551508,CHI Bears	 vs. PHI Eagles,Luther Burden,Luther Burden (CHI),Total de Touchdowns du joueur (Incl. Prolongations) (Luther Burden (CHI)),2145,72900,1744403537,CHI|dst:player:498348,4539050581,1+,1+,CHI|dst:player:498348,4.5,0,False
16551508,CHI Bears	 vs. PHI Eagles,Luther Burden,Luther Burden (CHI),Total de Touchdowns du joueur (Incl. Prolongations) (Luther Burden (CHI)),2145,72900,1744403537,CHI|dst:player:498348,4539050582,2+,2+,CHI|dst:player:498348,31.0,0,False
16551508,CHI Bears	 vs. PHI Eagles,Luther Burden,Luther Burden (CHI),Total de Touchdowns du joueur (Incl. Prolongations) (Luther Burden (CHI)),2145,72900,1744403537,CHI|dst:player:498348,4539050583,3+,3+,CHI|dst:player:498348,151.0,0,False
16551508,CHI Bears	 vs. PHI Eagles,Makai Lemon,Makai Lemon (PHI),Total de Touchdowns du joueur (Incl. Prolongations) (Makai Lemon (PHI)),2145,72900,1744403612,PHI|dst:player:545861,4539050724,1+,1+,PHI|dst:player:545861,5.0,0,False
16551508,CHI Bears	 vs. PHI Eagles,Makai Lemon,Makai Lemon (PHI),Total de Touchdowns du joueur (Incl. Prolongations) (Makai Lemon (PHI)),2145,72900,1744403612,PHI|dst:player:545861,4539050725,2+,2+,PHI|dst:player:545861,36.0,0,False
16551508,CHI Bears	 vs. PHI Eagles,Makai Lemon,Makai Lemon (PHI),Total de Touchdowns du joueur (Incl. Prolongations) (Makai Lemon (PHI)),2145,72900,1744403612,PHI|dst:player:545861,4539050726,3+,3+,PHI|dst:player:545861,151.0,0,False
16551508,CHI Bears	 vs. PHI Eagles,Rome Odunze,Rome Odunze (CHI),Total de Touchdowns du joueur (Incl. Prolongations) (Rome Odunze (CHI)),2145,72900,1744403532,CHI|dst:player:438602,4539050568,3+,3+,CHI|dst:player:438602,201.0,0,False
16551508,CHI Bears	 vs. PHI Eagles,Rome Odunze,Rome Odunze (CHI),Total de Touchdowns du joueur (Incl. Prolongations) (Rome Odunze (CHI)),2145,72900,1744403532,CHI|dst:player:438602,4539050566,1+,1+,CHI|dst:player:438602,5.5,0,False
16551508,CHI Bears	 vs. PHI Eagles,Rome Odunze,Rome Odunze (CHI),Total de Touchdowns du joueur (Incl. Prolongations) (Rome Odunze (CHI)),2145,72900,1744403532,CHI|dst:player:438602,4539050567,2+,2+,CHI|dst:player:438602,36.0,0,False
16551508,CHI Bears	 vs. PHI Eagles,Zach Ertz,Zach Ertz (PHI),Total de Touchdowns du joueur (Incl. Prolongations) (Zach Ertz (PHI)),2145,72900,1750046144,PHI|dst:player:125422,4557622801,1+,1+,PHI|dst:player:125422,5.5,0,False
16551508,CHI Bears	 vs. PHI Eagles,Zach Ertz,Zach Ertz (PHI),Total de Touchdowns du joueur (Incl. Prolongations) (Zach Ertz (PHI)),2145,72900,1750046144,PHI|dst:player:125422,4557622802,2+,2+,PHI|dst:player:125422,36.0,0,False
16551508,CHI Bears	 vs. PHI Eagles,Zach Ertz,Zach Ertz (PHI),Total de Touchdowns du joueur (Incl. Prolongations) (Zach Ertz (PHI)),2145,72900,1750046144,PHI|dst:player:125422,4557622803,3+,3+,PHI|dst:player:125422,201.0,0,False
16551508,CHI Bears	 vs. PHI Eagles,Kalif Raymond,Kalif Raymond (CHI),Total de Touchdowns du joueur (Incl. Prolongations) (Kalif Raymond (CHI)),2145,72900,1744403608,CHI|dst:player:540843,4539050712,1+,1+,CHI|dst:player:540843,6.0,0,False
16551508,CHI Bears	 vs. PHI Eagles,Kalif Raymond,Kalif Raymond (CHI),Total de Touchdowns du joueur (Incl. Prolongations) (Kalif Raymond (CHI)),2145,72900,1744403608,CHI|dst:player:540843,4539050713,2+,2+,CHI|dst:player:540843,41.0,0,False
16551508,CHI Bears	 vs. PHI Eagles,Kalif Raymond,Kalif Raymond (CHI),Total de Touchdowns du joueur (Incl. Prolongations) (Kalif Raymond (CHI)),2145,72900,1744403608,CHI|dst:player:540843,4539050714,3+,3+,CHI|dst:player:540843,201.0,0,False
16551508,CHI Bears	 vs. PHI Eagles,Cole Kmet,Cole Kmet (CHI),Total de Touchdowns du joueur (Incl. Prolongations) (Cole Kmet (CHI)),2145,72900,1744403420,CHI|dst:player:242604,4539050301,1+,1+,CHI|dst:player:242604,6.5,0,False
16551508,CHI Bears	 vs. PHI Eagles,Cole Kmet,Cole Kmet (CHI),Total de Touchdowns du joueur (Incl. Prolongations) (Cole Kmet (CHI)),2145,72900,1744403420,CHI|dst:player:242604,4539050302,2+,2+,CHI|dst:player:242604,41.0,0,False
16551508,CHI Bears	 vs. PHI Eagles,Cole Kmet,Cole Kmet (CHI),Total de Touchdowns du joueur (Incl. Prolongations) (Cole Kmet (CHI)),2145,72900,1744403420,CHI|dst:player:242604,4539050303,3+,3+,CHI|dst:player:242604,201.0,0,False
16551508,CHI Bears	 vs. PHI Eagles,Tank Bigsby,Tank Bigsby (PHI),Total de Touchdowns du joueur (Incl. Prolongations) (Tank Bigsby (PHI)),2145,72900,1744403538,PHI|dst:player:510429,4539050584,1+,1+,PHI|dst:player:510429,7.0,0,False
16551508,CHI Bears	 vs. PHI Eagles,Tank Bigsby,Tank Bigsby (PHI),Total de Touchdowns du joueur (Incl. Prolongations) (Tank Bigsby (PHI)),2145,72900,1744403538,PHI|dst:player:510429,4539050585,2+,2+,PHI|dst:player:510429,51.0,0,False
16551508,CHI Bears	 vs. PHI Eagles,Tank Bigsby,Tank Bigsby (PHI),Total de Touchdowns du joueur (Incl. Prolongations) (Tank Bigsby (PHI)),2145,72900,1744403538,PHI|dst:player:510429,4539050586,3+,3+,PHI|dst:player:510429,201.0,0,False
16551508,CHI Bears	 vs. PHI Eagles,Will Shipley,Will Shipley (PHI),Total de Touchdowns du joueur (Incl. Prolongations) (Will Shipley (PHI)),2145,72900,1744403531,PHI|dst:player:430269,4539050563,1+,1+,PHI|dst:player:430269,7.5,0,False
16551508,CHI Bears	 vs. PHI Eagles,Will Shipley,Will Shipley (PHI),Total de Touchdowns du joueur (Incl. Prolongations) (Will Shipley (PHI)),2145,72900,1744403531,PHI|dst:player:430269,4539050564,2+,2+,PHI|dst:player:430269,51.0,0,False
16551508,CHI Bears	 vs. PHI Eagles,Will Shipley,Will Shipley (PHI),Total de Touchdowns du joueur (Incl. Prolongations) (Will Shipley (PHI)),2145,72900,1744403531,PHI|dst:player:430269,4539050565,3+,3+,PHI|dst:player:430269,201.0,0,False
16551508,CHI Bears	 vs. PHI Eagles,Johnny Mundt,Johnny Mundt (PHI),Total de Touchdowns du joueur (Incl. Prolongations) (Johnny Mundt (PHI)),2145,72900,1744403609,PHI|dst:player:540859,4539050715,1+,1+,PHI|dst:player:540859,8.0,0,False
16551508,CHI Bears	 vs. PHI Eagles,Johnny Mundt,Johnny Mundt (PHI),Total de Touchdowns du joueur (Incl. Prolongations) (Johnny Mundt (PHI)),2145,72900,1744403609,PHI|dst:player:540859,4539050716,2+,2+,PHI|dst:player:540859,61.0,0,False
16551508,CHI Bears	 vs. PHI Eagles,Johnny Mundt,Johnny Mundt (PHI),Total de Touchdowns du joueur (Incl. Prolongations) (Johnny Mundt (PHI)),2145,72900,1744403609,PHI|dst:player:540859,4539050717,3+,3+,PHI|dst:player:540859,201.0,0,False
16551508,CHI Bears	 vs. PHI Eagles,Darius Cooper,Darius Cooper (PHI),Total de Touchdowns du joueur (Incl. Prolongations) (Darius Cooper (PHI)),2145,72900,1744403534,PHI|dst:player:484006,4539050572,1+,1+,PHI|dst:player:484006,9.0,0,False
16551508,CHI Bears	 vs. PHI Eagles,Darius Cooper,Darius Cooper (PHI),Total de Touchdowns du joueur (Incl. Prolongations) (Darius Cooper (PHI)),2145,72900,1744403534,PHI|dst:player:484006,4539050573,2+,2+,PHI|dst:player:484006,71.0,0,False
16551508,CHI Bears	 vs. PHI Eagles,Darius Cooper,Darius Cooper (PHI),Total de Touchdowns du joueur (Incl. Prolongations) (Darius Cooper (PHI)),2145,72900,1744403534,PHI|dst:player:484006,4539050574,3+,3+,PHI|dst:player:484006,201.0,0,False
16551508,CHI Bears	 vs. PHI Eagles,Case Keenum,Case Keenum (CHI),Total de Touchdowns du joueur (Incl. Prolongations) (Case Keenum (CHI)),2145,72900,1751136794,CHI|dst:player:480180,4561036348,1+,1+,CHI|dst:player:480180,15.0,0,False
16551508,CHI Bears	 vs. PHI Eagles,Case Keenum,Case Keenum (CHI),Total de Touchdowns du joueur (Incl. Prolongations) (Case Keenum (CHI)),2145,72900,1751136794,CHI|dst:player:480180,4561036349,2+,2+,CHI|dst:player:480180,101.0,0,False
16551508,CHI Bears	 vs. PHI Eagles,Case Keenum,Case Keenum (CHI),Total de Touchdowns du joueur (Incl. Prolongations) (Case Keenum (CHI)),2145,72900,1751136794,CHI|dst:player:480180,4561036350,3+,3+,CHI|dst:player:480180,251.0,0,False
16551508,CHI Bears	 vs. PHI Eagles,Jahdae Walker,Jahdae Walker (CHI),Total de Touchdowns du joueur (Incl. Prolongations) (Jahdae Walker (CHI)),2145,72900,1744403533,CHI|dst:player:483834,4539050569,1+,1+,CHI|dst:player:483834,15.0,0,False
16551508,CHI Bears	 vs. PHI Eagles,Jahdae Walker,Jahdae Walker (CHI),Total de Touchdowns du joueur (Incl. Prolongations) (Jahdae Walker (CHI)),2145,72900,1744403533,CHI|dst:player:483834,4539050570,2+,2+,CHI|dst:player:483834,101.0,0,False
16551508,CHI Bears	 vs. PHI Eagles,Jahdae Walker,Jahdae Walker (CHI),Total de Touchdowns du joueur (Incl. Prolongations) (Jahdae Walker (CHI)),2145,72900,1744403533,CHI|dst:player:483834,4539050571,3+,3+,CHI|dst:player:483834,251.0,0,False
16551508,CHI Bears	 vs. PHI Eagles,Hollywood Brown,Hollywood Brown (PHI),Total de Touchdowns du joueur (Incl. Prolongations) (Hollywood Brown (PHI)),2145,72900,1744403610,PHI|dst:player:541309,4539050720,3+,3+,PHI|dst:player:541309,251.0,0,False
16551508,CHI Bears	 vs. PHI Eagles,Hollywood Brown,Hollywood Brown (PHI),Total de Touchdowns du joueur (Incl. Prolongations) (Hollywood Brown (PHI)),2145,72900,1744403610,PHI|dst:player:541309,4539050718,1+,1+,PHI|dst:player:541309,15.0,0,False
16551508,CHI Bears	 vs. PHI Eagles,Hollywood Brown,Hollywood Brown (PHI),Total de Touchdowns du joueur (Incl. Prolongations) (Hollywood Brown (PHI)),2145,72900,1744403610,PHI|dst:player:541309,4539050719,2+,2+,PHI|dst:player:541309,101.0,0,False
16551508,CHI Bears	 vs. PHI Eagles,Elijah Moore,Elijah Moore (PHI),Total de Touchdowns du joueur (Incl. Prolongations) (Elijah Moore (PHI)),2145,72900,1746604014,PHI|dst:player:541881,4546545200,3+,3+,PHI|dst:player:541881,251.0,0,False
16551508,CHI Bears	 vs. PHI Eagles,Elijah Moore,Elijah Moore (PHI),Total de Touchdowns du joueur (Incl. Prolongations) (Elijah Moore (PHI)),2145,72900,1746604014,PHI|dst:player:541881,4546545198,1+,1+,PHI|dst:player:541881,15.0,0,False
16551508,CHI Bears	 vs. PHI Eagles,Elijah Moore,Elijah Moore (PHI),Total de Touchdowns du joueur (Incl. Prolongations) (Elijah Moore (PHI)),2145,72900,1746604014,PHI|dst:player:541881,4546545199,2+,2+,PHI|dst:player:541881,101.0,0,False
16551508,CHI Bears	 vs. PHI Eagles,Roschon Johnson,Roschon Johnson (CHI),Total de Touchdowns du joueur (Incl. Prolongations) (Roschon Johnson (CHI)),2145,72900,1744403435,CHI|dst:player:375018,4539050336,1+,1+,CHI|dst:player:375018,20.0,0,False
16551508,CHI Bears	 vs. PHI Eagles,Roschon Johnson,Roschon Johnson (CHI),Total de Touchdowns du joueur (Incl. Prolongations) (Roschon Johnson (CHI)),2145,72900,1744403435,CHI|dst:player:375018,4539050337,2+,2+,CHI|dst:player:375018,101.0,0,False
16551508,CHI Bears	 vs. PHI Eagles,Roschon Johnson,Roschon Johnson (CHI),Total de Touchdowns du joueur (Incl. Prolongations) (Roschon Johnson (CHI)),2145,72900,1744403435,CHI|dst:player:375018,4539050338,3+,3+,CHI|dst:player:375018,251.0,0,False
16551508,CHI Bears	 vs. PHI Eagles,Sam Roush,Sam Roush (CHI),Total de Touchdowns du joueur (Incl. Prolongations) (Sam Roush (CHI)),2145,72900,1744403614,CHI|dst:player:553695,4539050730,1+,1+,CHI|dst:player:553695,20.0,0,False
16551508,CHI Bears	 vs. PHI Eagles,Sam Roush,Sam Roush (CHI),Total de Touchdowns du joueur (Incl. Prolongations) (Sam Roush (CHI)),2145,72900,1744403614,CHI|dst:player:553695,4539050731,2+,2+,CHI|dst:player:553695,101.0,0,False
16551508,CHI Bears	 vs. PHI Eagles,Sam Roush,Sam Roush (CHI),Total de Touchdowns du joueur (Incl. Prolongations) (Sam Roush (CHI)),2145,72900,1744403614,CHI|dst:player:553695,4539050732,3+,3+,CHI|dst:player:553695,251.0,0,False
16551508,CHI Bears	 vs. PHI Eagles,Britain Covey,Britain Covey (PHI),Total de Touchdowns du joueur (Incl. Prolongations) (Britain Covey (PHI)),2145,72900,1744403433,PHI|dst:player:309400,4539050330,1+,1+,PHI|dst:player:309400,20.0,0,False
16551508,CHI Bears	 vs. PHI Eagles,Britain Covey,Britain Covey (PHI),Total de Touchdowns du joueur (Incl. Prolongations) (Britain Covey (PHI)),2145,72900,1744403433,PHI|dst:player:309400,4539050331,2+,2+,PHI|dst:player:309400,101.0,0,False
16551508,CHI Bears	 vs. PHI Eagles,Britain Covey,Britain Covey (PHI),Total de Touchdowns du joueur (Incl. Prolongations) (Britain Covey (PHI)),2145,72900,1744403433,PHI|dst:player:309400,4539050332,3+,3+,PHI|dst:player:309400,251.0,0,False
16551508,CHI Bears	 vs. PHI Eagles,E.J. Jenkins,E.J. Jenkins (PHI),Total de Touchdowns du joueur (Incl. Prolongations) (E.J. Jenkins (PHI)),2145,72900,1744403530,PHI|dst:player:428824,4539050560,1+,1+,PHI|dst:player:428824,20.0,0,False
16551508,CHI Bears	 vs. PHI Eagles,E.J. Jenkins,E.J. Jenkins (PHI),Total de Touchdowns du joueur (Incl. Prolongations) (E.J. Jenkins (PHI)),2145,72900,1744403530,PHI|dst:player:428824,4539050561,2+,2+,PHI|dst:player:428824,101.0,0,False
16551508,CHI Bears	 vs. PHI Eagles,E.J. Jenkins,E.J. Jenkins (PHI),Total de Touchdowns du joueur (Incl. Prolongations) (E.J. Jenkins (PHI)),2145,72900,1744403530,PHI|dst:player:428824,4539050562,3+,3+,PHI|dst:player:428824,251.0,0,False
16551508,CHI Bears	 vs. PHI Eagles,Zavion Thomas,Zavion Thomas (CHI),Total de Touchdowns du joueur (Incl. Prolongations) (Zavion Thomas (CHI)),2145,72900,1744403613,CHI|dst:player:546438,4539050728,2+,2+,CHI|dst:player:546438,151.0,0,False
16551508,CHI Bears	 vs. PHI Eagles,Zavion Thomas,Zavion Thomas (CHI),Total de Touchdowns du joueur (Incl. Prolongations) (Zavion Thomas (CHI)),2145,72900,1744403613,CHI|dst:player:546438,4539050729,3+,3+,CHI|dst:player:546438,251.0,0,False
16551508,CHI Bears	 vs. PHI Eagles,Zavion Thomas,Zavion Thomas (CHI),Total de Touchdowns du joueur (Incl. Prolongations) (Zavion Thomas (CHI)),2145,72900,1744403613,CHI|dst:player:546438,4539050727,1+,1+,CHI|dst:player:546438,31.0,0,False
16551508,CHI Bears	 vs. PHI Eagles,Jalen Hurts,Jalen Hurts (PHI),Joueur total de TDs par la passe (Jalen Hurts (PHI) (prolongations incluses),2138,72893,1746665088,PHI|dst:player:242970,4546749074,2+,2+,PHI|dst:player:242970,2.15,0,False
16551508,CHI Bears	 vs. PHI Eagles,Jalen Hurts,Jalen Hurts (PHI),Joueur total de TDs par la passe (Jalen Hurts (PHI) (prolongations incluses),2138,72893,1746665088,PHI|dst:player:242970,4546749075,3+,3+,PHI|dst:player:242970,4.75,0,False
16551508,CHI Bears	 vs. PHI Eagles,Jalen Hurts,Jalen Hurts (PHI),Joueur total de TDs par la passe (Jalen Hurts (PHI) (prolongations incluses),2138,72893,1746665088,PHI|dst:player:242970,4546749076,4+,4+,PHI|dst:player:242970,14.0,0,False
16551508,CHI Bears	 vs. PHI Eagles,Jalen Hurts,Jalen Hurts (PHI),Joueur total de TDs par la passe (Jalen Hurts (PHI) (prolongations incluses),2138,72893,1746665088,PHI|dst:player:242970,4546749077,1+,1+,PHI|dst:player:242970,1.2,0,False
16551508,CHI Bears	 vs. PHI Eagles,Case Keenum,Case Keenum (CHI),Joueur total de TDs par la passe (Case Keenum (CHI) (prolongations incluses),2138,72893,1753024463,CHI|dst:player:480180,4566032313,1+,1+,CHI|dst:player:480180,1.5,0,False
16551508,CHI Bears	 vs. PHI Eagles,Case Keenum,Case Keenum (CHI),Joueur total de TDs par la passe (Case Keenum (CHI) (prolongations incluses),2138,72893,1753024463,CHI|dst:player:480180,4566032314,2+,2+,CHI|dst:player:480180,3.0,0,False
16551508,CHI Bears	 vs. PHI Eagles,Case Keenum,Case Keenum (CHI),Joueur total de TDs par la passe (Case Keenum (CHI) (prolongations incluses),2138,72893,1753024463,CHI|dst:player:480180,4566032315,3+,3+,CHI|dst:player:480180,8.5,0,False
16551508,CHI Bears	 vs. PHI Eagles,Case Keenum,Case Keenum (CHI),Joueur total de TDs par la passe (Case Keenum (CHI) (prolongations incluses),2138,72893,1753024463,CHI|dst:player:480180,4566032316,4+,4+,CHI|dst:player:480180,31.0,0,False
16551508,CHI Bears	 vs. PHI Eagles,Kalif Raymond,Kalif Raymond (CHI),Total des yards reçus par le joueur (Kalif Raymond (CHI)) (prolongations incluses),2143,72898,1749523027,CHI|dst:player:540843,4565849568,24+,24+,CHI|dst:player:540843,1.8334,0,False
16551508,CHI Bears	 vs. PHI Eagles,Kalif Raymond,Kalif Raymond (CHI),Total des yards reçus par le joueur (Kalif Raymond (CHI)) (prolongations incluses),2143,72898,1749523027,CHI|dst:player:540843,4565849569,34+,34+,CHI|dst:player:540843,2.4,0,False
16551508,CHI Bears	 vs. PHI Eagles,Kalif Raymond,Kalif Raymond (CHI),Total des yards reçus par le joueur (Kalif Raymond (CHI)) (prolongations incluses),2143,72898,1749523027,CHI|dst:player:540843,4565849570,44+,44+,CHI|dst:player:540843,3.2,0,False
16551508,CHI Bears	 vs. PHI Eagles,Kalif Raymond,Kalif Raymond (CHI),Total des yards reçus par le joueur (Kalif Raymond (CHI)) (prolongations incluses),2143,72898,1749523027,CHI|dst:player:540843,4565849571,54+,54+,CHI|dst:player:540843,4.5,0,False
16551508,CHI Bears	 vs. PHI Eagles,Kalif Raymond,Kalif Raymond (CHI),Total des yards reçus par le joueur (Kalif Raymond (CHI)) (prolongations incluses),2143,72898,1749523027,CHI|dst:player:540843,4565849572,64+,64+,CHI|dst:player:540843,7.0,0,False
16551508,CHI Bears	 vs. PHI Eagles,Kalif Raymond,Kalif Raymond (CHI),Total des yards reçus par le joueur (Kalif Raymond (CHI)) (prolongations incluses),2143,72898,1749523027,CHI|dst:player:540843,4565849573,74+,74+,CHI|dst:player:540843,12.0,0,False
16551508,CHI Bears	 vs. PHI Eagles,Kalif Raymond,Kalif Raymond (CHI),Total des yards reçus par le joueur (Kalif Raymond (CHI)) (prolongations incluses),2143,72898,1749523027,CHI|dst:player:540843,4565849574,84+,84+,CHI|dst:player:540843,20.0,0,False
16551508,CHI Bears	 vs. PHI Eagles,Kalif Raymond,Kalif Raymond (CHI),Total des yards reçus par le joueur (Kalif Raymond (CHI)) (prolongations incluses),2143,72898,1749523027,CHI|dst:player:540843,4565849575,94+,94+,CHI|dst:player:540843,36.0,0,False
16551508,CHI Bears	 vs. PHI Eagles,Kalif Raymond,Kalif Raymond (CHI),Total des yards reçus par le joueur (Kalif Raymond (CHI)) (prolongations incluses),2143,72898,1749523027,CHI|dst:player:540843,4565849576,14+,14+,CHI|dst:player:540843,1.3125,0,False
16551508,CHI Bears	 vs. PHI Eagles,Rome Odunze,Rome Odunze (CHI),Total des yards reçus par le joueur (Rome Odunze (CHI)) (prolongations incluses),2143,72898,1749527342,CHI|dst:player:438602,4556271968,86+,86+,CHI|dst:player:438602,7.75,0,False
16551508,CHI Bears	 vs. PHI Eagles,Rome Odunze,Rome Odunze (CHI),Total des yards reçus par le joueur (Rome Odunze (CHI)) (prolongations incluses),2143,72898,1749527342,CHI|dst:player:438602,4556271969,96+,96+,CHI|dst:player:438602,11.0,0,False
16551508,CHI Bears	 vs. PHI Eagles,Rome Odunze,Rome Odunze (CHI),Total des yards reçus par le joueur (Rome Odunze (CHI)) (prolongations incluses),2143,72898,1749527342,CHI|dst:player:438602,4556271970,106+,106+,CHI|dst:player:438602,16.0,0,False
16551508,CHI Bears	 vs. PHI Eagles,Rome Odunze,Rome Odunze (CHI),Total des yards reçus par le joueur (Rome Odunze (CHI)) (prolongations incluses),2143,72898,1749527342,CHI|dst:player:438602,4556271971,16+,16+,CHI|dst:player:438602,1.4348,0,False
16551508,CHI Bears	 vs. PHI Eagles,Rome Odunze,Rome Odunze (CHI),Total des yards reçus par le joueur (Rome Odunze (CHI)) (prolongations incluses),2143,72898,1749527342,CHI|dst:player:438602,4556271962,26+,26+,CHI|dst:player:438602,1.8334,0,False
16551508,CHI Bears	 vs. PHI Eagles,Rome Odunze,Rome Odunze (CHI),Total des yards reçus par le joueur (Rome Odunze (CHI)) (prolongations incluses),2143,72898,1749527342,CHI|dst:player:438602,4556271963,36+,36+,CHI|dst:player:438602,2.2,0,False
16551508,CHI Bears	 vs. PHI Eagles,Rome Odunze,Rome Odunze (CHI),Total des yards reçus par le joueur (Rome Odunze (CHI)) (prolongations incluses),2143,72898,1749527342,CHI|dst:player:438602,4556271964,46+,46+,CHI|dst:player:438602,2.65,0,False
16551508,CHI Bears	 vs. PHI Eagles,Rome Odunze,Rome Odunze (CHI),Total des yards reçus par le joueur (Rome Odunze (CHI)) (prolongations incluses),2143,72898,1749527342,CHI|dst:player:438602,4556271965,56+,56+,CHI|dst:player:438602,3.3,0,False
16551508,CHI Bears	 vs. PHI Eagles,Rome Odunze,Rome Odunze (CHI),Total des yards reçus par le joueur (Rome Odunze (CHI)) (prolongations incluses),2143,72898,1749527342,CHI|dst:player:438602,4556271966,66+,66+,CHI|dst:player:438602,4.3,0,False
16551508,CHI Bears	 vs. PHI Eagles,Rome Odunze,Rome Odunze (CHI),Total des yards reçus par le joueur (Rome Odunze (CHI)) (prolongations incluses),2143,72898,1749527342,CHI|dst:player:438602,4556271967,76+,76+,CHI|dst:player:438602,5.75,0,False
16551508,CHI Bears	 vs. PHI Eagles,Luther Burden,Luther Burden (CHI),Total des yards reçus par le joueur (Luther Burden (CHI)) (prolongations incluses),2143,72898,1749523026,CHI|dst:player:498348,4562523723,38+,38+,CHI|dst:player:498348,1.9091,0,False
16551508,CHI Bears	 vs. PHI Eagles,Luther Burden,Luther Burden (CHI),Total des yards reçus par le joueur (Luther Burden (CHI)) (prolongations incluses),2143,72898,1749523026,CHI|dst:player:498348,4562523724,48+,48+,CHI|dst:player:498348,2.25,0,False
16551508,CHI Bears	 vs. PHI Eagles,Luther Burden,Luther Burden (CHI),Total des yards reçus par le joueur (Luther Burden (CHI)) (prolongations incluses),2143,72898,1749523026,CHI|dst:player:498348,4562523725,58+,58+,CHI|dst:player:498348,2.7,0,False
16551508,CHI Bears	 vs. PHI Eagles,Luther Burden,Luther Burden (CHI),Total des yards reçus par le joueur (Luther Burden (CHI)) (prolongations incluses),2143,72898,1749523026,CHI|dst:player:498348,4562523726,68+,68+,CHI|dst:player:498348,3.4,0,False
16551508,CHI Bears	 vs. PHI Eagles,Luther Burden,Luther Burden (CHI),Total des yards reçus par le joueur (Luther Burden (CHI)) (prolongations incluses),2143,72898,1749523026,CHI|dst:player:498348,4562523727,78+,78+,CHI|dst:player:498348,4.3,0,False
16551508,CHI Bears	 vs. PHI Eagles,Luther Burden,Luther Burden (CHI),Total des yards reçus par le joueur (Luther Burden (CHI)) (prolongations incluses),2143,72898,1749523026,CHI|dst:player:498348,4562523728,88+,88+,CHI|dst:player:498348,5.75,0,False
16551508,CHI Bears	 vs. PHI Eagles,Luther Burden,Luther Burden (CHI),Total des yards reçus par le joueur (Luther Burden (CHI)) (prolongations incluses),2143,72898,1749523026,CHI|dst:player:498348,4562523729,98+,98+,CHI|dst:player:498348,7.5,0,False
16551508,CHI Bears	 vs. PHI Eagles,Luther Burden,Luther Burden (CHI),Total des yards reçus par le joueur (Luther Burden (CHI)) (prolongations incluses),2143,72898,1749523026,CHI|dst:player:498348,4562523730,108+,108+,CHI|dst:player:498348,11.0,0,False
16551508,CHI Bears	 vs. PHI Eagles,Luther Burden,Luther Burden (CHI),Total des yards reçus par le joueur (Luther Burden (CHI)) (prolongations incluses),2143,72898,1749523026,CHI|dst:player:498348,4562523731,118+,118+,CHI|dst:player:498348,15.0,0,False
16551508,CHI Bears	 vs. PHI Eagles,Luther Burden,Luther Burden (CHI),Total des yards reçus par le joueur (Luther Burden (CHI)) (prolongations incluses),2143,72898,1749523026,CHI|dst:player:498348,4562523732,28+,28+,CHI|dst:player:498348,1.4762,0,False
16551508,CHI Bears	 vs. PHI Eagles,Makai Lemon,Makai Lemon (PHI),Total des yards reçus par le joueur (Makai Lemon (PHI)) (prolongations incluses),2143,72898,1749527343,PHI|dst:player:545861,4558816397,27+,27+,PHI|dst:player:545861,1.8696,0,False
16551508,CHI Bears	 vs. PHI Eagles,Makai Lemon,Makai Lemon (PHI),Total des yards reçus par le joueur (Makai Lemon (PHI)) (prolongations incluses),2143,72898,1749527343,PHI|dst:player:545861,4558816398,37+,37+,PHI|dst:player:545861,2.25,0,False
16551508,CHI Bears	 vs. PHI Eagles,Makai Lemon,Makai Lemon (PHI),Total des yards reçus par le joueur (Makai Lemon (PHI)) (prolongations incluses),2143,72898,1749527343,PHI|dst:player:545861,4558816399,47+,47+,PHI|dst:player:545861,2.75,0,False
16551508,CHI Bears	 vs. PHI Eagles,Makai Lemon,Makai Lemon (PHI),Total des yards reçus par le joueur (Makai Lemon (PHI)) (prolongations incluses),2143,72898,1749527343,PHI|dst:player:545861,4558816400,57+,57+,PHI|dst:player:545861,3.5,0,False
16551508,CHI Bears	 vs. PHI Eagles,Makai Lemon,Makai Lemon (PHI),Total des yards reçus par le joueur (Makai Lemon (PHI)) (prolongations incluses),2143,72898,1749527343,PHI|dst:player:545861,4558816401,67+,67+,PHI|dst:player:545861,4.5,0,False
16551508,CHI Bears	 vs. PHI Eagles,Makai Lemon,Makai Lemon (PHI),Total des yards reçus par le joueur (Makai Lemon (PHI)) (prolongations incluses),2143,72898,1749527343,PHI|dst:player:545861,4558816402,77+,77+,PHI|dst:player:545861,6.0,0,False
16551508,CHI Bears	 vs. PHI Eagles,Makai Lemon,Makai Lemon (PHI),Total des yards reçus par le joueur (Makai Lemon (PHI)) (prolongations incluses),2143,72898,1749527343,PHI|dst:player:545861,4558816403,87+,87+,PHI|dst:player:545861,8.5,0,False
16551508,CHI Bears	 vs. PHI Eagles,Makai Lemon,Makai Lemon (PHI),Total des yards reçus par le joueur (Makai Lemon (PHI)) (prolongations incluses),2143,72898,1749527343,PHI|dst:player:545861,4558816404,97+,97+,PHI|dst:player:545861,12.0,0,False
16551508,CHI Bears	 vs. PHI Eagles,Makai Lemon,Makai Lemon (PHI),Total des yards reçus par le joueur (Makai Lemon (PHI)) (prolongations incluses),2143,72898,1749527343,PHI|dst:player:545861,4558816405,107+,107+,PHI|dst:player:545861,18.0,0,False
16551508,CHI Bears	 vs. PHI Eagles,Makai Lemon,Makai Lemon (PHI),Total des yards reçus par le joueur (Makai Lemon (PHI)) (prolongations incluses),2143,72898,1749527343,PHI|dst:player:545861,4558816406,17+,17+,PHI|dst:player:545861,1.4762,0,False
16551508,CHI Bears	 vs. PHI Eagles,Devonta Smith,Devonta Smith (PHI),Total des yards reçus par le joueur (Devonta Smith (PHI)) (prolongations incluses),2143,72898,1746667040,PHI|dst:player:264983,4552384002,72+,72+,PHI|dst:player:264983,1.8696,0,False
16551508,CHI Bears	 vs. PHI Eagles,Devonta Smith,Devonta Smith (PHI),Total des yards reçus par le joueur (Devonta Smith (PHI)) (prolongations incluses),2143,72898,1746667040,PHI|dst:player:264983,4552384003,82+,82+,PHI|dst:player:264983,2.15,0,False
16551508,CHI Bears	 vs. PHI Eagles,Devonta Smith,Devonta Smith (PHI),Total des yards reçus par le joueur (Devonta Smith (PHI)) (prolongations incluses),2143,72898,1746667040,PHI|dst:player:264983,4552384004,92+,92+,PHI|dst:player:264983,2.55,0,False
16551508,CHI Bears	 vs. PHI Eagles,Devonta Smith,Devonta Smith (PHI),Total des yards reçus par le joueur (Devonta Smith (PHI)) (prolongations incluses),2143,72898,1746667040,PHI|dst:player:264983,4552384006,112+,112+,PHI|dst:player:264983,3.75,0,False
16551508,CHI Bears	 vs. PHI Eagles,Devonta Smith,Devonta Smith (PHI),Total des yards reçus par le joueur (Devonta Smith (PHI)) (prolongations incluses),2143,72898,1746667040,PHI|dst:player:264983,4552384007,122+,122+,PHI|dst:player:264983,4.5,0,False
16551508,CHI Bears	 vs. PHI Eagles,Devonta Smith,Devonta Smith (PHI),Total des yards reçus par le joueur (Devonta Smith (PHI)) (prolongations incluses),2143,72898,1746667040,PHI|dst:player:264983,4552384008,132+,132+,PHI|dst:player:264983,5.75,0,False
16551508,CHI Bears	 vs. PHI Eagles,Devonta Smith,Devonta Smith (PHI),Total des yards reçus par le joueur (Devonta Smith (PHI)) (prolongations incluses),2143,72898,1746667040,PHI|dst:player:264983,4552384009,142+,142+,PHI|dst:player:264983,7.5,0,False
16551508,CHI Bears	 vs. PHI Eagles,Devonta Smith,Devonta Smith (PHI),Total des yards reçus par le joueur (Devonta Smith (PHI)) (prolongations incluses),2143,72898,1746667040,PHI|dst:player:264983,4552384010,152+,152+,PHI|dst:player:264983,10.0,0,False
16551508,CHI Bears	 vs. PHI Eagles,Devonta Smith,Devonta Smith (PHI),Total des yards reçus par le joueur (Devonta Smith (PHI)) (prolongations incluses),2143,72898,1746667040,PHI|dst:player:264983,4552384011,62+,62+,PHI|dst:player:264983,1.5,0,False
16551508,CHI Bears	 vs. PHI Eagles,Dontayvion Wicks,Dontayvion Wicks (PHI),Total des yards reçus par le joueur (Dontayvion Wicks (PHI)) (prolongations incluses),2143,72898,1746667041,PHI|dst:player:543667,4547745587,44+,44+,PHI|dst:player:543667,1.9091,0,False
16551508,CHI Bears	 vs. PHI Eagles,Dontayvion Wicks,Dontayvion Wicks (PHI),Total des yards reçus par le joueur (Dontayvion Wicks (PHI)) (prolongations incluses),2143,72898,1746667041,PHI|dst:player:543667,4547745588,54+,54+,PHI|dst:player:543667,2.3,0,False
16551508,CHI Bears	 vs. PHI Eagles,Dontayvion Wicks,Dontayvion Wicks (PHI),Total des yards reçus par le joueur (Dontayvion Wicks (PHI)) (prolongations incluses),2143,72898,1746667041,PHI|dst:player:543667,4547745589,64+,64+,PHI|dst:player:543667,2.8,0,False
16551508,CHI Bears	 vs. PHI Eagles,Dontayvion Wicks,Dontayvion Wicks (PHI),Total des yards reçus par le joueur (Dontayvion Wicks (PHI)) (prolongations incluses),2143,72898,1746667041,PHI|dst:player:543667,4547745590,74+,74+,PHI|dst:player:543667,3.5,0,False
16551508,CHI Bears	 vs. PHI Eagles,Dontayvion Wicks,Dontayvion Wicks (PHI),Total des yards reçus par le joueur (Dontayvion Wicks (PHI)) (prolongations incluses),2143,72898,1746667041,PHI|dst:player:543667,4547745591,84+,84+,PHI|dst:player:543667,4.5,0,False
16551508,CHI Bears	 vs. PHI Eagles,Dontayvion Wicks,Dontayvion Wicks (PHI),Total des yards reçus par le joueur (Dontayvion Wicks (PHI)) (prolongations incluses),2143,72898,1746667041,PHI|dst:player:543667,4547745592,94+,94+,PHI|dst:player:543667,6.0,0,False
16551508,CHI Bears	 vs. PHI Eagles,Dontayvion Wicks,Dontayvion Wicks (PHI),Total des yards reçus par le joueur (Dontayvion Wicks (PHI)) (prolongations incluses),2143,72898,1746667041,PHI|dst:player:543667,4547745593,104+,104+,PHI|dst:player:543667,8.5,0,False
16551508,CHI Bears	 vs. PHI Eagles,Dontayvion Wicks,Dontayvion Wicks (PHI),Total des yards reçus par le joueur (Dontayvion Wicks (PHI)) (prolongations incluses),2143,72898,1746667041,PHI|dst:player:543667,4547745594,114+,114+,PHI|dst:player:543667,12.0,0,False
16551508,CHI Bears	 vs. PHI Eagles,Dontayvion Wicks,Dontayvion Wicks (PHI),Total des yards reçus par le joueur (Dontayvion Wicks (PHI)) (prolongations incluses),2143,72898,1746667041,PHI|dst:player:543667,4547745595,124+,124+,PHI|dst:player:543667,17.0,0,False
16551508,CHI Bears	 vs. PHI Eagles,Dontayvion Wicks,Dontayvion Wicks (PHI),Total des yards reçus par le joueur (Dontayvion Wicks (PHI)) (prolongations incluses),2143,72898,1746667041,PHI|dst:player:543667,4547745596,34+,34+,PHI|dst:player:543667,1.5,0,False
16551508,CHI Bears	 vs. PHI Eagles,Colston Loveland,Colston Loveland (CHI),Total des yards reçus par le joueur (Colston Loveland (CHI)) (prolongations incluses),2143,72898,1749523028,CHI|dst:player:484440,4561794464,95+,95+,CHI|dst:player:484440,7.0,0,False
16551508,CHI Bears	 vs. PHI Eagles,Colston Loveland,Colston Loveland (CHI),Total des yards reçus par le joueur (Colston Loveland (CHI)) (prolongations incluses),2143,72898,1749523028,CHI|dst:player:484440,4561794465,105+,105+,CHI|dst:player:484440,10.0,0,False
16551508,CHI Bears	 vs. PHI Eagles,Colston Loveland,Colston Loveland (CHI),Total des yards reçus par le joueur (Colston Loveland (CHI)) (prolongations incluses),2143,72898,1749523028,CHI|dst:player:484440,4561794467,25+,25+,CHI|dst:player:484440,1.5264,0,False
16551508,CHI Bears	 vs. PHI Eagles,Colston Loveland,Colston Loveland (CHI),Total des yards reçus par le joueur (Colston Loveland (CHI)) (prolongations incluses),2143,72898,1749523028,CHI|dst:player:484440,4561794458,35+,35+,CHI|dst:player:484440,1.9091,0,False
16551508,CHI Bears	 vs. PHI Eagles,Colston Loveland,Colston Loveland (CHI),Total des yards reçus par le joueur (Colston Loveland (CHI)) (prolongations incluses),2143,72898,1749523028,CHI|dst:player:484440,4561794459,45+,45+,CHI|dst:player:484440,2.25,0,False
16551508,CHI Bears	 vs. PHI Eagles,Colston Loveland,Colston Loveland (CHI),Total des yards reçus par le joueur (Colston Loveland (CHI)) (prolongations incluses),2143,72898,1749523028,CHI|dst:player:484440,4561794460,55+,55+,CHI|dst:player:484440,2.7,0,False
16551508,CHI Bears	 vs. PHI Eagles,Colston Loveland,Colston Loveland (CHI),Total des yards reçus par le joueur (Colston Loveland (CHI)) (prolongations incluses),2143,72898,1749523028,CHI|dst:player:484440,4561794461,65+,65+,CHI|dst:player:484440,3.3,0,False
16551508,CHI Bears	 vs. PHI Eagles,Colston Loveland,Colston Loveland (CHI),Total des yards reçus par le joueur (Colston Loveland (CHI)) (prolongations incluses),2143,72898,1749523028,CHI|dst:player:484440,4561794462,75+,75+,CHI|dst:player:484440,4.25,0,False
16551508,CHI Bears	 vs. PHI Eagles,Colston Loveland,Colston Loveland (CHI),Total des yards reçus par le joueur (Colston Loveland (CHI)) (prolongations incluses),2143,72898,1749523028,CHI|dst:player:484440,4561794463,85+,85+,CHI|dst:player:484440,5.25,0,False
16551508,CHI Bears	 vs. PHI Eagles,D'Andre Swift,D'Andre Swift (CHI),Total des yards reçus par le joueur (D'Andre Swift (CHI)) (prolongations incluses),2143,72898,1750197212,CHI|dst:player:410023,4569774160,15+,15+,CHI|dst:player:410023,1.8696,0,False
16551508,CHI Bears	 vs. PHI Eagles,D'Andre Swift,D'Andre Swift (CHI),Total des yards reçus par le joueur (D'Andre Swift (CHI)) (prolongations incluses),2143,72898,1750197212,CHI|dst:player:410023,4569774161,25+,25+,CHI|dst:player:410023,2.4,0,False
16551508,CHI Bears	 vs. PHI Eagles,D'Andre Swift,D'Andre Swift (CHI),Total des yards reçus par le joueur (D'Andre Swift (CHI)) (prolongations incluses),2143,72898,1750197212,CHI|dst:player:410023,4569774162,35+,35+,CHI|dst:player:410023,3.2,0,False
16551508,CHI Bears	 vs. PHI Eagles,D'Andre Swift,D'Andre Swift (CHI),Total des yards reçus par le joueur (D'Andre Swift (CHI)) (prolongations incluses),2143,72898,1750197212,CHI|dst:player:410023,4569774163,45+,45+,CHI|dst:player:410023,4.5,0,False
16551508,CHI Bears	 vs. PHI Eagles,D'Andre Swift,D'Andre Swift (CHI),Total des yards reçus par le joueur (D'Andre Swift (CHI)) (prolongations incluses),2143,72898,1750197212,CHI|dst:player:410023,4569774164,55+,55+,CHI|dst:player:410023,6.75,0,False
16551508,CHI Bears	 vs. PHI Eagles,D'Andre Swift,D'Andre Swift (CHI),Total des yards reçus par le joueur (D'Andre Swift (CHI)) (prolongations incluses),2143,72898,1750197212,CHI|dst:player:410023,4569774165,65+,65+,CHI|dst:player:410023,11.0,0,False
16551508,CHI Bears	 vs. PHI Eagles,D'Andre Swift,D'Andre Swift (CHI),Total des yards reçus par le joueur (D'Andre Swift (CHI)) (prolongations incluses),2143,72898,1750197212,CHI|dst:player:410023,4569774166,75+,75+,CHI|dst:player:410023,18.0,0,False
16551508,CHI Bears	 vs. PHI Eagles,D'Andre Swift,D'Andre Swift (CHI),Total des yards reçus par le joueur (D'Andre Swift (CHI)) (prolongations incluses),2143,72898,1750197212,CHI|dst:player:410023,4569774167,85+,85+,CHI|dst:player:410023,31.0,0,False
16551508,CHI Bears	 vs. PHI Eagles,Zach Ertz,Zach Ertz (PHI),Total des yards reçus par le joueur (Zach Ertz (PHI)) (prolongations incluses),2143,72898,1750197211,PHI|dst:player:125422,4558494176,81+,81+,PHI|dst:player:125422,17.0,0,False
16551508,CHI Bears	 vs. PHI Eagles,Zach Ertz,Zach Ertz (PHI),Total des yards reçus par le joueur (Zach Ertz (PHI)) (prolongations incluses),2143,72898,1750197211,PHI|dst:player:125422,4558494177,91+,91+,PHI|dst:player:125422,26.0,0,False
16551508,CHI Bears	 vs. PHI Eagles,Zach Ertz,Zach Ertz (PHI),Total des yards reçus par le joueur (Zach Ertz (PHI)) (prolongations incluses),2143,72898,1750197211,PHI|dst:player:125422,4558494169,11+,11+,PHI|dst:player:125422,1.8696,0,False
16551508,CHI Bears	 vs. PHI Eagles,Zach Ertz,Zach Ertz (PHI),Total des yards reçus par le joueur (Zach Ertz (PHI)) (prolongations incluses),2143,72898,1750197211,PHI|dst:player:125422,4558494170,21+,21+,PHI|dst:player:125422,2.3,0,False
16551508,CHI Bears	 vs. PHI Eagles,Zach Ertz,Zach Ertz (PHI),Total des yards reçus par le joueur (Zach Ertz (PHI)) (prolongations incluses),2143,72898,1750197211,PHI|dst:player:125422,4558494171,31+,31+,PHI|dst:player:125422,2.9,0,False
16551508,CHI Bears	 vs. PHI Eagles,Zach Ertz,Zach Ertz (PHI),Total des yards reçus par le joueur (Zach Ertz (PHI)) (prolongations incluses),2143,72898,1750197211,PHI|dst:player:125422,4558494172,41+,41+,PHI|dst:player:125422,3.85,0,False
16551508,CHI Bears	 vs. PHI Eagles,Zach Ertz,Zach Ertz (PHI),Total des yards reçus par le joueur (Zach Ertz (PHI)) (prolongations incluses),2143,72898,1750197211,PHI|dst:player:125422,4558494173,51+,51+,PHI|dst:player:125422,5.25,0,False
16551508,CHI Bears	 vs. PHI Eagles,Zach Ertz,Zach Ertz (PHI),Total des yards reçus par le joueur (Zach Ertz (PHI)) (prolongations incluses),2143,72898,1750197211,PHI|dst:player:125422,4558494174,61+,61+,PHI|dst:player:125422,7.5,0,False
16551508,CHI Bears	 vs. PHI Eagles,Zach Ertz,Zach Ertz (PHI),Total des yards reçus par le joueur (Zach Ertz (PHI)) (prolongations incluses),2143,72898,1750197211,PHI|dst:player:125422,4558494175,71+,71+,PHI|dst:player:125422,11.0,0,False
16551508,CHI Bears	 vs. PHI Eagles,Saquon Barkley,Saquon Barkley (PHI),Total des yards reçus par le joueur (Saquon Barkley (PHI)) (prolongations incluses),2143,72898,1746667042,PHI|dst:player:409916,4547890794,13+,13+,PHI|dst:player:409916,1.8696,0,False
16551508,CHI Bears	 vs. PHI Eagles,Saquon Barkley,Saquon Barkley (PHI),Total des yards reçus par le joueur (Saquon Barkley (PHI)) (prolongations incluses),2143,72898,1746667042,PHI|dst:player:409916,4547890795,23+,23+,PHI|dst:player:409916,2.35,0,False
16551508,CHI Bears	 vs. PHI Eagles,Saquon Barkley,Saquon Barkley (PHI),Total des yards reçus par le joueur (Saquon Barkley (PHI)) (prolongations incluses),2143,72898,1746667042,PHI|dst:player:409916,4547890796,33+,33+,PHI|dst:player:409916,3.1,0,False
16551508,CHI Bears	 vs. PHI Eagles,Saquon Barkley,Saquon Barkley (PHI),Total des yards reçus par le joueur (Saquon Barkley (PHI)) (prolongations incluses),2143,72898,1746667042,PHI|dst:player:409916,4547890797,43+,43+,PHI|dst:player:409916,4.25,0,False
16551508,CHI Bears	 vs. PHI Eagles,Saquon Barkley,Saquon Barkley (PHI),Total des yards reçus par le joueur (Saquon Barkley (PHI)) (prolongations incluses),2143,72898,1746667042,PHI|dst:player:409916,4547890798,53+,53+,PHI|dst:player:409916,6.0,0,False
16551508,CHI Bears	 vs. PHI Eagles,Saquon Barkley,Saquon Barkley (PHI),Total des yards reçus par le joueur (Saquon Barkley (PHI)) (prolongations incluses),2143,72898,1746667042,PHI|dst:player:409916,4547890799,63+,63+,PHI|dst:player:409916,9.0,0,False
16551508,CHI Bears	 vs. PHI Eagles,Saquon Barkley,Saquon Barkley (PHI),Total des yards reçus par le joueur (Saquon Barkley (PHI)) (prolongations incluses),2143,72898,1746667042,PHI|dst:player:409916,4547890800,73+,73+,PHI|dst:player:409916,14.0,0,False
16551508,CHI Bears	 vs. PHI Eagles,Saquon Barkley,Saquon Barkley (PHI),Total des yards reçus par le joueur (Saquon Barkley (PHI)) (prolongations incluses),2143,72898,1746667042,PHI|dst:player:409916,4547890801,83+,83+,PHI|dst:player:409916,21.0,0,False
16551508,CHI Bears	 vs. PHI Eagles,Saquon Barkley,Saquon Barkley (PHI),Total des yards reçus par le joueur (Saquon Barkley (PHI)) (prolongations incluses),2143,72898,1746667042,PHI|dst:player:409916,4547890802,93+,93+,PHI|dst:player:409916,41.0,0,False
16551508,CHI Bears	 vs. PHI Eagles,Johnny Mundt,Johnny Mundt (PHI),Total des yards reçus par le joueur (Johnny Mundt (PHI)) (prolongations incluses),2143,72898,1754032597,PHI|dst:player:540859,4569849220,10+,10+,PHI|dst:player:540859,1.9091,0,False
16551508,CHI Bears	 vs. PHI Eagles,Johnny Mundt,Johnny Mundt (PHI),Total des yards reçus par le joueur (Johnny Mundt (PHI)) (prolongations incluses),2143,72898,1754032597,PHI|dst:player:540859,4569849221,20+,20+,PHI|dst:player:540859,2.4,0,False
16551508,CHI Bears	 vs. PHI Eagles,Johnny Mundt,Johnny Mundt (PHI),Total des yards reçus par le joueur (Johnny Mundt (PHI)) (prolongations incluses),2143,72898,1754032597,PHI|dst:player:540859,4569849222,30+,30+,PHI|dst:player:540859,3.1,0,False
16551508,CHI Bears	 vs. PHI Eagles,Johnny Mundt,Johnny Mundt (PHI),Total des yards reçus par le joueur (Johnny Mundt (PHI)) (prolongations incluses),2143,72898,1754032597,PHI|dst:player:540859,4569849223,40+,40+,PHI|dst:player:540859,4.3,0,False
16551508,CHI Bears	 vs. PHI Eagles,Johnny Mundt,Johnny Mundt (PHI),Total des yards reçus par le joueur (Johnny Mundt (PHI)) (prolongations incluses),2143,72898,1754032597,PHI|dst:player:540859,4569849224,50+,50+,PHI|dst:player:540859,6.25,0,False
16551508,CHI Bears	 vs. PHI Eagles,Johnny Mundt,Johnny Mundt (PHI),Total des yards reçus par le joueur (Johnny Mundt (PHI)) (prolongations incluses),2143,72898,1754032597,PHI|dst:player:540859,4569849225,60+,60+,PHI|dst:player:540859,10.0,0,False
16551508,CHI Bears	 vs. PHI Eagles,Johnny Mundt,Johnny Mundt (PHI),Total des yards reçus par le joueur (Johnny Mundt (PHI)) (prolongations incluses),2143,72898,1754032597,PHI|dst:player:540859,4569849226,70+,70+,PHI|dst:player:540859,15.0,0,False
16551508,CHI Bears	 vs. PHI Eagles,Johnny Mundt,Johnny Mundt (PHI),Total des yards reçus par le joueur (Johnny Mundt (PHI)) (prolongations incluses),2143,72898,1754032597,PHI|dst:player:540859,4569849227,80+,80+,PHI|dst:player:540859,26.0,0,False
16551508,CHI Bears	 vs. PHI Eagles,Johnny Mundt,Johnny Mundt (PHI),Total des yards reçus par le joueur (Johnny Mundt (PHI)) (prolongations incluses),2143,72898,1754032597,PHI|dst:player:540859,4569849228,90+,90+,PHI|dst:player:540859,41.0,0,False
16551508,CHI Bears	 vs. PHI Eagles,Cole Kmet,Cole Kmet (CHI),Total des yards reçus par le joueur (Cole Kmet (CHI)) (prolongations incluses),2143,72898,1751677019,CHI|dst:player:242604,4568815441,19+,19+,CHI|dst:player:242604,2.35,0,False
16551508,CHI Bears	 vs. PHI Eagles,Cole Kmet,Cole Kmet (CHI),Total des yards reçus par le joueur (Cole Kmet (CHI)) (prolongations incluses),2143,72898,1751677019,CHI|dst:player:242604,4568815442,29+,29+,CHI|dst:player:242604,3.0,0,False
16551508,CHI Bears	 vs. PHI Eagles,Cole Kmet,Cole Kmet (CHI),Total des yards reçus par le joueur (Cole Kmet (CHI)) (prolongations incluses),2143,72898,1751677019,CHI|dst:player:242604,4568815443,39+,39+,CHI|dst:player:242604,4.0,0,False
16551508,CHI Bears	 vs. PHI Eagles,Cole Kmet,Cole Kmet (CHI),Total des yards reçus par le joueur (Cole Kmet (CHI)) (prolongations incluses),2143,72898,1751677019,CHI|dst:player:242604,4568815444,49+,49+,CHI|dst:player:242604,5.5,0,False
16551508,CHI Bears	 vs. PHI Eagles,Cole Kmet,Cole Kmet (CHI),Total des yards reçus par le joueur (Cole Kmet (CHI)) (prolongations incluses),2143,72898,1751677019,CHI|dst:player:242604,4568815445,59+,59+,CHI|dst:player:242604,8.5,0,False
16551508,CHI Bears	 vs. PHI Eagles,Cole Kmet,Cole Kmet (CHI),Total des yards reçus par le joueur (Cole Kmet (CHI)) (prolongations incluses),2143,72898,1751677019,CHI|dst:player:242604,4568815446,69+,69+,CHI|dst:player:242604,13.0,0,False
16551508,CHI Bears	 vs. PHI Eagles,Cole Kmet,Cole Kmet (CHI),Total des yards reçus par le joueur (Cole Kmet (CHI)) (prolongations incluses),2143,72898,1751677019,CHI|dst:player:242604,4568815447,79+,79+,CHI|dst:player:242604,20.0,0,False
16551508,CHI Bears	 vs. PHI Eagles,Cole Kmet,Cole Kmet (CHI),Total des yards reçus par le joueur (Cole Kmet (CHI)) (prolongations incluses),2143,72898,1751677019,CHI|dst:player:242604,4568815448,89+,89+,CHI|dst:player:242604,31.0,0,False
16551508,CHI Bears	 vs. PHI Eagles,Kyle Monangai,Kyle Monangai (CHI),Total des yards reçus par le joueur (Kyle Monangai (CHI)) (prolongations incluses),2143,72898,1754112368,CHI|dst:player:484441,4569263341,19+,19+,CHI|dst:player:484441,2.35,0,False
16551508,CHI Bears	 vs. PHI Eagles,Kyle Monangai,Kyle Monangai (CHI),Total des yards reçus par le joueur (Kyle Monangai (CHI)) (prolongations incluses),2143,72898,1754112368,CHI|dst:player:484441,4569263342,29+,29+,CHI|dst:player:484441,3.1,0,False
16551508,CHI Bears	 vs. PHI Eagles,Kyle Monangai,Kyle Monangai (CHI),Total des yards reçus par le joueur (Kyle Monangai (CHI)) (prolongations incluses),2143,72898,1754112368,CHI|dst:player:484441,4569263343,39+,39+,CHI|dst:player:484441,4.3,0,False
16551508,CHI Bears	 vs. PHI Eagles,Kyle Monangai,Kyle Monangai (CHI),Total des yards reçus par le joueur (Kyle Monangai (CHI)) (prolongations incluses),2143,72898,1754112368,CHI|dst:player:484441,4569263344,49+,49+,CHI|dst:player:484441,6.25,0,False
16551508,CHI Bears	 vs. PHI Eagles,Kyle Monangai,Kyle Monangai (CHI),Total des yards reçus par le joueur (Kyle Monangai (CHI)) (prolongations incluses),2143,72898,1754112368,CHI|dst:player:484441,4569263345,59+,59+,CHI|dst:player:484441,10.0,0,False
16551508,CHI Bears	 vs. PHI Eagles,Kyle Monangai,Kyle Monangai (CHI),Total des yards reçus par le joueur (Kyle Monangai (CHI)) (prolongations incluses),2143,72898,1754112368,CHI|dst:player:484441,4569263346,69+,69+,CHI|dst:player:484441,16.0,0,False
16551508,CHI Bears	 vs. PHI Eagles,Kyle Monangai,Kyle Monangai (CHI),Total des yards reçus par le joueur (Kyle Monangai (CHI)) (prolongations incluses),2143,72898,1754112368,CHI|dst:player:484441,4569263347,79+,79+,CHI|dst:player:484441,26.0,0,False
16551508,CHI Bears	 vs. PHI Eagles,Kyle Monangai,Kyle Monangai (CHI),Total des yards reçus par le joueur (Kyle Monangai (CHI)) (prolongations incluses),2143,72898,1754112368,CHI|dst:player:484441,4569263348,89+,89+,CHI|dst:player:484441,51.0,0,False
16551508,CHI Bears	 vs. PHI Eagles,D'Andre Swift,D'Andre Swift (CHI),Joueur total de yards par la course (D'Andre Swift (CHI)) (prolongations incluses),2140,72895,1749520934,CHI|dst:player:410023,4557702917,62+,62+,CHI|dst:player:410023,1.8696,0,False
16551508,CHI Bears	 vs. PHI Eagles,D'Andre Swift,D'Andre Swift (CHI),Joueur total de yards par la course (D'Andre Swift (CHI)) (prolongations incluses),2140,72895,1749520934,CHI|dst:player:410023,4557702918,72+,72+,CHI|dst:player:410023,2.3,0,False
16551508,CHI Bears	 vs. PHI Eagles,D'Andre Swift,D'Andre Swift (CHI),Joueur total de yards par la course (D'Andre Swift (CHI)) (prolongations incluses),2140,72895,1749520934,CHI|dst:player:410023,4557702919,82+,82+,CHI|dst:player:410023,2.85,0,False
16551508,CHI Bears	 vs. PHI Eagles,D'Andre Swift,D'Andre Swift (CHI),Joueur total de yards par la course (D'Andre Swift (CHI)) (prolongations incluses),2140,72895,1749520934,CHI|dst:player:410023,4557702920,92+,92+,CHI|dst:player:410023,3.75,0,False
16551508,CHI Bears	 vs. PHI Eagles,D'Andre Swift,D'Andre Swift (CHI),Joueur total de yards par la course (D'Andre Swift (CHI)) (prolongations incluses),2140,72895,1749520934,CHI|dst:player:410023,4557702922,112+,112+,CHI|dst:player:410023,7.0,0,False
16551508,CHI Bears	 vs. PHI Eagles,D'Andre Swift,D'Andre Swift (CHI),Joueur total de yards par la course (D'Andre Swift (CHI)) (prolongations incluses),2140,72895,1749520934,CHI|dst:player:410023,4557702923,122+,122+,CHI|dst:player:410023,11.0,0,False
16551508,CHI Bears	 vs. PHI Eagles,D'Andre Swift,D'Andre Swift (CHI),Joueur total de yards par la course (D'Andre Swift (CHI)) (prolongations incluses),2140,72895,1749520934,CHI|dst:player:410023,4557702924,132+,132+,CHI|dst:player:410023,16.0,0,False
16551508,CHI Bears	 vs. PHI Eagles,D'Andre Swift,D'Andre Swift (CHI),Joueur total de yards par la course (D'Andre Swift (CHI)) (prolongations incluses),2140,72895,1749520934,CHI|dst:player:410023,4557702925,142+,142+,CHI|dst:player:410023,26.0,0,False
16551508,CHI Bears	 vs. PHI Eagles,D'Andre Swift,D'Andre Swift (CHI),Joueur total de yards par la course (D'Andre Swift (CHI)) (prolongations incluses),2140,72895,1749520934,CHI|dst:player:410023,4557702926,52+,52+,CHI|dst:player:410023,1.4762,0,False
16551508,CHI Bears	 vs. PHI Eagles,D'Andre Swift,D'Andre Swift (CHI),Joueur total de yards par la course (D'Andre Swift (CHI)) (prolongations incluses),2140,72895,1749520934,CHI|dst:player:410023,4557702927,42+,42+,CHI|dst:player:410023,1.2353,0,False
16551508,CHI Bears	 vs. PHI Eagles,Kyle Monangai,Kyle Monangai (CHI),Joueur total de yards par la course (Kyle Monangai (CHI)) (prolongations incluses),2140,72895,1750196495,CHI|dst:player:484441,4557998611,40+,40+,CHI|dst:player:484441,1.9091,0,False
16551508,CHI Bears	 vs. PHI Eagles,Kyle Monangai,Kyle Monangai (CHI),Joueur total de yards par la course (Kyle Monangai (CHI)) (prolongations incluses),2140,72895,1750196495,CHI|dst:player:484441,4557998612,50+,50+,CHI|dst:player:484441,2.2,0,False
16551508,CHI Bears	 vs. PHI Eagles,Kyle Monangai,Kyle Monangai (CHI),Joueur total de yards par la course (Kyle Monangai (CHI)) (prolongations incluses),2140,72895,1750196495,CHI|dst:player:484441,4557998613,60+,60+,CHI|dst:player:484441,2.55,0,False
16551508,CHI Bears	 vs. PHI Eagles,Kyle Monangai,Kyle Monangai (CHI),Joueur total de yards par la course (Kyle Monangai (CHI)) (prolongations incluses),2140,72895,1750196495,CHI|dst:player:484441,4557998614,70+,70+,CHI|dst:player:484441,3.0,0,False
16551508,CHI Bears	 vs. PHI Eagles,Kyle Monangai,Kyle Monangai (CHI),Joueur total de yards par la course (Kyle Monangai (CHI)) (prolongations incluses),2140,72895,1750196495,CHI|dst:player:484441,4557998615,80+,80+,CHI|dst:player:484441,3.75,0,False
16551508,CHI Bears	 vs. PHI Eagles,Kyle Monangai,Kyle Monangai (CHI),Joueur total de yards par la course (Kyle Monangai (CHI)) (prolongations incluses),2140,72895,1750196495,CHI|dst:player:484441,4557998616,90+,90+,CHI|dst:player:484441,4.5,0,False
16551508,CHI Bears	 vs. PHI Eagles,Kyle Monangai,Kyle Monangai (CHI),Joueur total de yards par la course (Kyle Monangai (CHI)) (prolongations incluses),2140,72895,1750196495,CHI|dst:player:484441,4557998617,100+,100+,CHI|dst:player:484441,5.75,0,False
16551508,CHI Bears	 vs. PHI Eagles,Kyle Monangai,Kyle Monangai (CHI),Joueur total de yards par la course (Kyle Monangai (CHI)) (prolongations incluses),2140,72895,1750196495,CHI|dst:player:484441,4557998618,110+,110+,CHI|dst:player:484441,7.25,0,False
16551508,CHI Bears	 vs. PHI Eagles,Kyle Monangai,Kyle Monangai (CHI),Joueur total de yards par la course (Kyle Monangai (CHI)) (prolongations incluses),2140,72895,1750196495,CHI|dst:player:484441,4557998619,120+,120+,CHI|dst:player:484441,10.0,0,False
16551508,CHI Bears	 vs. PHI Eagles,Kyle Monangai,Kyle Monangai (CHI),Joueur total de yards par la course (Kyle Monangai (CHI)) (prolongations incluses),2140,72895,1750196495,CHI|dst:player:484441,4557998620,30+,30+,CHI|dst:player:484441,1.5264,0,False
16551508,CHI Bears	 vs. PHI Eagles,Kyle Monangai,Kyle Monangai (CHI),Joueur total de yards par la course (Kyle Monangai (CHI)) (prolongations incluses),2140,72895,1750196495,CHI|dst:player:484441,4557998621,20+,20+,CHI|dst:player:484441,1.2667,0,False
16551508,CHI Bears	 vs. PHI Eagles,Saquon Barkley,Saquon Barkley (PHI),Joueur total de yards par la course (Saquon Barkley (PHI)) (prolongations incluses),2140,72895,1746664711,PHI|dst:player:409916,4549390798,73+,73+,PHI|dst:player:409916,1.8334,0,False
16551508,CHI Bears	 vs. PHI Eagles,Saquon Barkley,Saquon Barkley (PHI),Joueur total de yards par la course (Saquon Barkley (PHI)) (prolongations incluses),2140,72895,1746664711,PHI|dst:player:409916,4549390799,83+,83+,PHI|dst:player:409916,2.15,0,False
16551508,CHI Bears	 vs. PHI Eagles,Saquon Barkley,Saquon Barkley (PHI),Joueur total de yards par la course (Saquon Barkley (PHI)) (prolongations incluses),2140,72895,1746664711,PHI|dst:player:409916,4549390800,93+,93+,PHI|dst:player:409916,2.45,0,False
16551508,CHI Bears	 vs. PHI Eagles,Saquon Barkley,Saquon Barkley (PHI),Joueur total de yards par la course (Saquon Barkley (PHI)) (prolongations incluses),2140,72895,1746664711,PHI|dst:player:409916,4549390801,103+,103+,PHI|dst:player:409916,2.95,0,False
16551508,CHI Bears	 vs. PHI Eagles,Saquon Barkley,Saquon Barkley (PHI),Joueur total de yards par la course (Saquon Barkley (PHI)) (prolongations incluses),2140,72895,1746664711,PHI|dst:player:409916,4549390802,113+,113+,PHI|dst:player:409916,3.5,0,False
16551508,CHI Bears	 vs. PHI Eagles,Saquon Barkley,Saquon Barkley (PHI),Joueur total de yards par la course (Saquon Barkley (PHI)) (prolongations incluses),2140,72895,1746664711,PHI|dst:player:409916,4549390803,123+,123+,PHI|dst:player:409916,4.3,0,False
16551508,CHI Bears	 vs. PHI Eagles,Saquon Barkley,Saquon Barkley (PHI),Joueur total de yards par la course (Saquon Barkley (PHI)) (prolongations incluses),2140,72895,1746664711,PHI|dst:player:409916,4549390804,133+,133+,PHI|dst:player:409916,5.5,0,False
16551508,CHI Bears	 vs. PHI Eagles,Saquon Barkley,Saquon Barkley (PHI),Joueur total de yards par la course (Saquon Barkley (PHI)) (prolongations incluses),2140,72895,1746664711,PHI|dst:player:409916,4549390805,143+,143+,PHI|dst:player:409916,7.0,0,False
16551508,CHI Bears	 vs. PHI Eagles,Saquon Barkley,Saquon Barkley (PHI),Joueur total de yards par la course (Saquon Barkley (PHI)) (prolongations incluses),2140,72895,1746664711,PHI|dst:player:409916,4549390806,153+,153+,PHI|dst:player:409916,9.0,0,False
16551508,CHI Bears	 vs. PHI Eagles,Saquon Barkley,Saquon Barkley (PHI),Joueur total de yards par la course (Saquon Barkley (PHI)) (prolongations incluses),2140,72895,1746664711,PHI|dst:player:409916,4549390807,63+,63+,PHI|dst:player:409916,1.5,0,False
16551508,CHI Bears	 vs. PHI Eagles,Saquon Barkley,Saquon Barkley (PHI),Joueur total de yards par la course (Saquon Barkley (PHI)) (prolongations incluses),2140,72895,1746664711,PHI|dst:player:409916,4549390808,53+,53+,PHI|dst:player:409916,1.2667,0,False
16551508,CHI Bears	 vs. PHI Eagles,Jalen Hurts,Jalen Hurts (PHI),Joueur total de yards par la course (Jalen Hurts (PHI)) (prolongations incluses),2140,72895,1746664710,PHI|dst:player:242970,4546748162,25+,25+,PHI|dst:player:242970,1.8334,0,False
16551508,CHI Bears	 vs. PHI Eagles,Jalen Hurts,Jalen Hurts (PHI),Joueur total de yards par la course (Jalen Hurts (PHI)) (prolongations incluses),2140,72895,1746664710,PHI|dst:player:242970,4546748163,35+,35+,PHI|dst:player:242970,2.3,0,False
16551508,CHI Bears	 vs. PHI Eagles,Jalen Hurts,Jalen Hurts (PHI),Joueur total de yards par la course (Jalen Hurts (PHI)) (prolongations incluses),2140,72895,1746664710,PHI|dst:player:242970,4546748164,45+,45+,PHI|dst:player:242970,2.95,0,False
16551508,CHI Bears	 vs. PHI Eagles,Jalen Hurts,Jalen Hurts (PHI),Joueur total de yards par la course (Jalen Hurts (PHI)) (prolongations incluses),2140,72895,1746664710,PHI|dst:player:242970,4546748165,55+,55+,PHI|dst:player:242970,4.0,0,False
16551508,CHI Bears	 vs. PHI Eagles,Jalen Hurts,Jalen Hurts (PHI),Joueur total de yards par la course (Jalen Hurts (PHI)) (prolongations incluses),2140,72895,1746664710,PHI|dst:player:242970,4546748166,65+,65+,PHI|dst:player:242970,5.5,0,False
16551508,CHI Bears	 vs. PHI Eagles,Jalen Hurts,Jalen Hurts (PHI),Joueur total de yards par la course (Jalen Hurts (PHI)) (prolongations incluses),2140,72895,1746664710,PHI|dst:player:242970,4546748167,75+,75+,PHI|dst:player:242970,8.5,0,False
16551508,CHI Bears	 vs. PHI Eagles,Jalen Hurts,Jalen Hurts (PHI),Joueur total de yards par la course (Jalen Hurts (PHI)) (prolongations incluses),2140,72895,1746664710,PHI|dst:player:242970,4546748168,85+,85+,PHI|dst:player:242970,13.0,0,False
16551508,CHI Bears	 vs. PHI Eagles,Jalen Hurts,Jalen Hurts (PHI),Joueur total de yards par la course (Jalen Hurts (PHI)) (prolongations incluses),2140,72895,1746664710,PHI|dst:player:242970,4546748169,95+,95+,PHI|dst:player:242970,21.0,0,False
16551508,CHI Bears	 vs. PHI Eagles,Jalen Hurts,Jalen Hurts (PHI),Joueur total de yards par la course (Jalen Hurts (PHI)) (prolongations incluses),2140,72895,1746664710,PHI|dst:player:242970,4546748170,105+,105+,PHI|dst:player:242970,36.0,0,False
16551508,CHI Bears	 vs. PHI Eagles,Jalen Hurts,Jalen Hurts (PHI),Joueur total de yards par la course (Jalen Hurts (PHI)) (prolongations incluses),2140,72895,1746664710,PHI|dst:player:242970,4546748171,15+,15+,PHI|dst:player:242970,1.3847,0,False
16551508,CHI Bears	 vs. PHI Eagles,Tank Bigsby,Tank Bigsby (PHI),Joueur total de yards par la course (Tank Bigsby (PHI)) (prolongations incluses),2140,72895,1754031736,PHI|dst:player:510429,4569040078,13+,13+,PHI|dst:player:510429,1.8696,0,False
16551508,CHI Bears	 vs. PHI Eagles,Tank Bigsby,Tank Bigsby (PHI),Joueur total de yards par la course (Tank Bigsby (PHI)) (prolongations incluses),2140,72895,1754031736,PHI|dst:player:510429,4569040079,23+,23+,PHI|dst:player:510429,2.25,0,False
16551508,CHI Bears	 vs. PHI Eagles,Tank Bigsby,Tank Bigsby (PHI),Joueur total de yards par la course (Tank Bigsby (PHI)) (prolongations incluses),2140,72895,1754031736,PHI|dst:player:510429,4569040080,33+,33+,PHI|dst:player:510429,2.85,0,False
16551508,CHI Bears	 vs. PHI Eagles,Tank Bigsby,Tank Bigsby (PHI),Joueur total de yards par la course (Tank Bigsby (PHI)) (prolongations incluses),2140,72895,1754031736,PHI|dst:player:510429,4569040081,43+,43+,PHI|dst:player:510429,3.75,0,False
16551508,CHI Bears	 vs. PHI Eagles,Tank Bigsby,Tank Bigsby (PHI),Joueur total de yards par la course (Tank Bigsby (PHI)) (prolongations incluses),2140,72895,1754031736,PHI|dst:player:510429,4569040082,53+,53+,PHI|dst:player:510429,5.0,0,False
16551508,CHI Bears	 vs. PHI Eagles,Tank Bigsby,Tank Bigsby (PHI),Joueur total de yards par la course (Tank Bigsby (PHI)) (prolongations incluses),2140,72895,1754031736,PHI|dst:player:510429,4569040083,63+,63+,PHI|dst:player:510429,7.25,0,False
16551508,CHI Bears	 vs. PHI Eagles,Tank Bigsby,Tank Bigsby (PHI),Joueur total de yards par la course (Tank Bigsby (PHI)) (prolongations incluses),2140,72895,1754031736,PHI|dst:player:510429,4569040084,73+,73+,PHI|dst:player:510429,11.0,0,False
16551508,CHI Bears	 vs. PHI Eagles,Tank Bigsby,Tank Bigsby (PHI),Joueur total de yards par la course (Tank Bigsby (PHI)) (prolongations incluses),2140,72895,1754031736,PHI|dst:player:510429,4569040085,83+,83+,PHI|dst:player:510429,16.0,0,False
16551508,CHI Bears	 vs. PHI Eagles,Tank Bigsby,Tank Bigsby (PHI),Joueur total de yards par la course (Tank Bigsby (PHI)) (prolongations incluses),2140,72895,1754031736,PHI|dst:player:510429,4569040086,93+,93+,PHI|dst:player:510429,26.0,0,False
16551508,CHI Bears	 vs. PHI Eagles,Jalen Hurts,Jalen Hurts (PHI),Passes réussis du joueur (Incl. Prolongations) (Jalen Hurts (PHI)),2137,72892,1746665359,PHI|dst:player:242970,4547746977,18+,18+,PHI|dst:player:242970,1.7693,0,False
16551508,CHI Bears	 vs. PHI Eagles,Jalen Hurts,Jalen Hurts (PHI),Passes réussis du joueur (Incl. Prolongations) (Jalen Hurts (PHI)),2137,72892,1746665359,PHI|dst:player:242970,4547746978,20+,20+,PHI|dst:player:242970,2.35,0,False
16551508,CHI Bears	 vs. PHI Eagles,Jalen Hurts,Jalen Hurts (PHI),Passes réussis du joueur (Incl. Prolongations) (Jalen Hurts (PHI)),2137,72892,1746665359,PHI|dst:player:242970,4547746979,22+,22+,PHI|dst:player:242970,3.3,0,False
16551508,CHI Bears	 vs. PHI Eagles,Jalen Hurts,Jalen Hurts (PHI),Passes réussis du joueur (Incl. Prolongations) (Jalen Hurts (PHI)),2137,72892,1746665359,PHI|dst:player:242970,4547746980,24+,24+,PHI|dst:player:242970,5.0,0,False
16551508,CHI Bears	 vs. PHI Eagles,Jalen Hurts,Jalen Hurts (PHI),Passes réussis du joueur (Incl. Prolongations) (Jalen Hurts (PHI)),2137,72892,1746665359,PHI|dst:player:242970,4547746981,26+,26+,PHI|dst:player:242970,8.5,0,False
16551508,CHI Bears	 vs. PHI Eagles,Jalen Hurts,Jalen Hurts (PHI),Passes réussis du joueur (Incl. Prolongations) (Jalen Hurts (PHI)),2137,72892,1746665359,PHI|dst:player:242970,4547746982,28+,28+,PHI|dst:player:242970,15.0,0,False
16551508,CHI Bears	 vs. PHI Eagles,Jalen Hurts,Jalen Hurts (PHI),Passes réussis du joueur (Incl. Prolongations) (Jalen Hurts (PHI)),2137,72892,1746665359,PHI|dst:player:242970,4547746983,30+,30+,PHI|dst:player:242970,26.0,0,False
16551508,CHI Bears	 vs. PHI Eagles,Jalen Hurts,Jalen Hurts (PHI),Passes réussis du joueur (Incl. Prolongations) (Jalen Hurts (PHI)),2137,72892,1746665359,PHI|dst:player:242970,4547746984,16+,16+,PHI|dst:player:242970,1.3449,0,False
16551508,CHI Bears	 vs. PHI Eagles,Case Keenum,Case Keenum (CHI),Passes réussis du joueur (Incl. Prolongations) (Case Keenum (CHI)),2137,72892,1753234847,CHI|dst:player:480180,4566535138,18+,18+,CHI|dst:player:480180,1.9091,0,False
16551508,CHI Bears	 vs. PHI Eagles,Case Keenum,Case Keenum (CHI),Passes réussis du joueur (Incl. Prolongations) (Case Keenum (CHI)),2137,72892,1753234847,CHI|dst:player:480180,4566535139,20+,20+,CHI|dst:player:480180,2.4,0,False
16551508,CHI Bears	 vs. PHI Eagles,Case Keenum,Case Keenum (CHI),Passes réussis du joueur (Incl. Prolongations) (Case Keenum (CHI)),2137,72892,1753234847,CHI|dst:player:480180,4566535140,22+,22+,CHI|dst:player:480180,3.2,0,False
16551508,CHI Bears	 vs. PHI Eagles,Case Keenum,Case Keenum (CHI),Passes réussis du joueur (Incl. Prolongations) (Case Keenum (CHI)),2137,72892,1753234847,CHI|dst:player:480180,4566535141,24+,24+,CHI|dst:player:480180,4.4,0,False
16551508,CHI Bears	 vs. PHI Eagles,Case Keenum,Case Keenum (CHI),Passes réussis du joueur (Incl. Prolongations) (Case Keenum (CHI)),2137,72892,1753234847,CHI|dst:player:480180,4566535142,26+,26+,CHI|dst:player:480180,6.5,0,False
16551508,CHI Bears	 vs. PHI Eagles,Case Keenum,Case Keenum (CHI),Passes réussis du joueur (Incl. Prolongations) (Case Keenum (CHI)),2137,72892,1753234847,CHI|dst:player:480180,4566535143,28+,28+,CHI|dst:player:480180,10.0,0,False
16551508,CHI Bears	 vs. PHI Eagles,Case Keenum,Case Keenum (CHI),Passes réussis du joueur (Incl. Prolongations) (Case Keenum (CHI)),2137,72892,1753234847,CHI|dst:player:480180,4566535144,30+,30+,CHI|dst:player:480180,16.0,0,False
16551508,CHI Bears	 vs. PHI Eagles,Case Keenum,Case Keenum (CHI),Passes réussis du joueur (Incl. Prolongations) (Case Keenum (CHI)),2137,72892,1753234847,CHI|dst:player:480180,4566535145,16+,16+,CHI|dst:player:480180,1.5,0,False
16551508,CHI Bears	 vs. PHI Eagles,Jalen Hurts,Jalen Hurts (PHI),Total de yards à la passe du joueur Plus/Moins(Incl. Prolongations),759,71922,1744377716,210.5|sa:player:nfl-913271|PHI,4538984648,Jalen Hurts (PHI) Plus de 210.5,Jalen Hurts (PHI) Plus de 210.5,210.5,1.8,0,False
16551508,CHI Bears	 vs. PHI Eagles,Jalen Hurts,Jalen Hurts (PHI),Total de yards à la passe du joueur Plus/Moins(Incl. Prolongations),759,71922,1744377716,210.5|sa:player:nfl-913271|PHI,4538984649,Jalen Hurts (PHI) moins de 210.5,Jalen Hurts (PHI) moins de 210.5,210.5,1.8334,0,False
16551508,CHI Bears	 vs. PHI Eagles,Case Keenum,Case Keenum (CHI),Total de yards à la passe du joueur Plus/Moins(Incl. Prolongations),759,71922,1747024897,171.5|sa:player:nfl-338280|CHI,4547683030,Case Keenum (CHI) Plus de 171.5,Case Keenum (CHI) Plus de 171.5,171.5,1.8334,0,False
16551508,CHI Bears	 vs. PHI Eagles,Case Keenum,Case Keenum (CHI),Total de yards à la passe du joueur Plus/Moins(Incl. Prolongations),759,71922,1747024897,171.5|sa:player:nfl-338280|CHI,4547683031,Case Keenum (CHI) moins de 171.5,Case Keenum (CHI) moins de 171.5,171.5,1.8,0,False
16551508,CHI Bears	 vs. PHI Eagles,Saquon Barkley,Saquon Barkley (PHI),Total de yards à la course du joueur Plus/Moins (Incl. Prolongations),764,71924,1747031004,68.5|sa:player:nfl-883302|PHI,4547697147,Saquon Barkley (PHI) Plus de 68.5,Saquon Barkley (PHI) Plus de 68.5,68.5,1.8,0,False
16551508,CHI Bears	 vs. PHI Eagles,Saquon Barkley,Saquon Barkley (PHI),Total de yards à la course du joueur Plus/Moins (Incl. Prolongations),764,71924,1747031004,68.5|sa:player:nfl-883302|PHI,4547697148,Saquon Barkley (PHI) moins de 68.5,Saquon Barkley (PHI) moins de 68.5,68.5,1.8334,0,False
16551508,CHI Bears	 vs. PHI Eagles,D'Andre Swift,D'Andre Swift (CHI),Total de yards à la course du joueur Plus/Moins (Incl. Prolongations),764,71924,1750068641,61.5|sa:player:nfl-1069808|CHI,4557677267,D'Andre Swift (CHI) Plus de 61.5,D'Andre Swift (CHI) Plus de 61.5,61.5,1.8334,0,False
16551508,CHI Bears	 vs. PHI Eagles,D'Andre Swift,D'Andre Swift (CHI),Total de yards à la course du joueur Plus/Moins (Incl. Prolongations),764,71924,1750068641,61.5|sa:player:nfl-1069808|CHI,4557677268,D'Andre Swift (CHI) moins de 61.5,D'Andre Swift (CHI) moins de 61.5,61.5,1.8,0,False
16551508,CHI Bears	 vs. PHI Eagles,Kyle Monangai,Kyle Monangai (CHI),Total de yards à la course du joueur Plus/Moins (Incl. Prolongations),764,71924,1744217396,39.5|sa:player:nfl-1250886|CHI,4538576108,Kyle Monangai (CHI) Plus de 39.5,Kyle Monangai (CHI) Plus de 39.5,39.5,1.8,0,False
16551508,CHI Bears	 vs. PHI Eagles,Kyle Monangai,Kyle Monangai (CHI),Total de yards à la course du joueur Plus/Moins (Incl. Prolongations),764,71924,1744217396,39.5|sa:player:nfl-1250886|CHI,4538576109,Kyle Monangai (CHI) moins de 39.5,Kyle Monangai (CHI) moins de 39.5,39.5,1.8334,0,False
16551508,CHI Bears	 vs. PHI Eagles,Jalen Hurts,Jalen Hurts (PHI),Total de yards à la course du joueur Plus/Moins (Incl. Prolongations),764,71924,1744216402,24.5|sa:player:nfl-913271|PHI,4538573856,Jalen Hurts (PHI) moins de 24.5,Jalen Hurts (PHI) moins de 24.5,24.5,1.8696,0,False
16551508,CHI Bears	 vs. PHI Eagles,Jalen Hurts,Jalen Hurts (PHI),Total de yards à la course du joueur Plus/Moins (Incl. Prolongations),764,71924,1744216402,24.5|sa:player:nfl-913271|PHI,4538573855,Jalen Hurts (PHI) Plus de 24.5,Jalen Hurts (PHI) Plus de 24.5,24.5,1.7693,0,False
16551508,CHI Bears	 vs. PHI Eagles,Tank Bigsby,Tank Bigsby (PHI),Total de yards à la course du joueur Plus/Moins (Incl. Prolongations),764,71924,1750161741,11.5|sa:player:nfl-1215035|PHI,4557905796,Tank Bigsby (PHI) Plus de 11.5,Tank Bigsby (PHI) Plus de 11.5,11.5,1.8696,0,False
16551508,CHI Bears	 vs. PHI Eagles,Tank Bigsby,Tank Bigsby (PHI),Total de yards à la course du joueur Plus/Moins (Incl. Prolongations),764,71924,1750161741,11.5|sa:player:nfl-1215035|PHI,4557905797,Tank Bigsby (PHI) moins de 11.5,Tank Bigsby (PHI) moins de 11.5,11.5,1.7693,0,False
16551508,CHI Bears	 vs. PHI Eagles,Case Keenum,Case Keenum (CHI),Total de yards à la course du joueur Plus/Moins (Incl. Prolongations),764,71924,1753153795,5.5|sa:player:nfl-338280|CHI,4566340953,Case Keenum (CHI) Plus de 5.5,Case Keenum (CHI) Plus de 5.5,5.5,1.8696,0,False
16551508,CHI Bears	 vs. PHI Eagles,Case Keenum,Case Keenum (CHI),Total de yards à la course du joueur Plus/Moins (Incl. Prolongations),764,71924,1753153795,5.5|sa:player:nfl-338280|CHI,4566340954,Case Keenum (CHI) moins de 5.5,Case Keenum (CHI) moins de 5.5,5.5,1.7693,0,False
16551508,CHI Bears	 vs. PHI Eagles,Will Shipley,Will Shipley (PHI),Total de yards à la course du joueur Plus/Moins (Incl. Prolongations),764,71924,1743053642,3.5|sa:player:nfl-1287636|PHI,4534959322,Will Shipley (PHI) Plus de 3.5,Will Shipley (PHI) Plus de 3.5,3.5,1.7693,0,False
16551508,CHI Bears	 vs. PHI Eagles,Will Shipley,Will Shipley (PHI),Total de yards à la course du joueur Plus/Moins (Incl. Prolongations),764,71924,1743053642,3.5|sa:player:nfl-1287636|PHI,4534959323,Will Shipley (PHI) moins de 3.5,Will Shipley (PHI) moins de 3.5,3.5,1.8696,0,False
16551508,CHI Bears	 vs. PHI Eagles,Devonta Smith,Devonta Smith (PHI),Total des yards après réception du joueur Plus/Moins(Incl. Prolongations),765,71925,1744377728,69.5|sa:player:nfl-1060262|PHI,4538984672,Devonta Smith (PHI) Plus de 69.5,Devonta Smith (PHI) Plus de 69.5,69.5,1.8334,0,False
16551508,CHI Bears	 vs. PHI Eagles,Devonta Smith,Devonta Smith (PHI),Total des yards après réception du joueur Plus/Moins(Incl. Prolongations),765,71925,1744377728,69.5|sa:player:nfl-1060262|PHI,4538984673,Devonta Smith (PHI) moins de 69.5,Devonta Smith (PHI) moins de 69.5,69.5,1.8,0,False
16551508,CHI Bears	 vs. PHI Eagles,Dontayvion Wicks,Dontayvion Wicks (PHI),Total des yards après réception du joueur Plus/Moins(Incl. Prolongations),765,71925,1744377187,39.5|sa:player:nfl-1172428|PHI,4538983404,Dontayvion Wicks (PHI) Plus de 39.5,Dontayvion Wicks (PHI) Plus de 39.5,39.5,1.8,0,False
16551508,CHI Bears	 vs. PHI Eagles,Dontayvion Wicks,Dontayvion Wicks (PHI),Total des yards après réception du joueur Plus/Moins(Incl. Prolongations),765,71925,1744377187,39.5|sa:player:nfl-1172428|PHI,4538983405,Dontayvion Wicks (PHI) moins de 39.5,Dontayvion Wicks (PHI) moins de 39.5,39.5,1.8334,0,False
16551508,CHI Bears	 vs. PHI Eagles,Luther Burden,Luther Burden (CHI),Total des yards après réception du joueur Plus/Moins(Incl. Prolongations),765,71925,1744213345,34.5|sa:player:nfl-1377732|CHI,4538567008,Luther Burden (CHI) Plus de 34.5,Luther Burden (CHI) Plus de 34.5,34.5,1.8696,0,False
16551508,CHI Bears	 vs. PHI Eagles,Luther Burden,Luther Burden (CHI),Total des yards après réception du joueur Plus/Moins(Incl. Prolongations),765,71925,1744213345,34.5|sa:player:nfl-1377732|CHI,4538567009,Luther Burden (CHI) moins de 34.5,Luther Burden (CHI) moins de 34.5,34.5,1.7693,0,False
16551508,CHI Bears	 vs. PHI Eagles,Colston Loveland,Colston Loveland (CHI),Total des yards après réception du joueur Plus/Moins(Incl. Prolongations),765,71925,1744203929,31.5|sa:player:nfl-1378821|CHI,4538544336,Colston Loveland (CHI) moins de 31.5,Colston Loveland (CHI) moins de 31.5,31.5,1.8334,0,False
16551508,CHI Bears	 vs. PHI Eagles,Colston Loveland,Colston Loveland (CHI),Total des yards après réception du joueur Plus/Moins(Incl. Prolongations),765,71925,1744203929,31.5|sa:player:nfl-1378821|CHI,4538544335,Colston Loveland (CHI) Plus de 31.5,Colston Loveland (CHI) Plus de 31.5,31.5,1.8,0,False
16551508,CHI Bears	 vs. PHI Eagles,Makai Lemon,Makai Lemon (PHI),Total des yards après réception du joueur Plus/Moins(Incl. Prolongations),765,71925,1745593684,28.5|sa:player:nfl-1441120|PHI,4542892592,Makai Lemon (PHI) Plus de 28.5,Makai Lemon (PHI) Plus de 28.5,28.5,1.8334,0,False
16551508,CHI Bears	 vs. PHI Eagles,Makai Lemon,Makai Lemon (PHI),Total des yards après réception du joueur Plus/Moins(Incl. Prolongations),765,71925,1745593684,28.5|sa:player:nfl-1441120|PHI,4542892593,Makai Lemon (PHI) moins de 28.5,Makai Lemon (PHI) moins de 28.5,28.5,1.8,0,False
16551508,CHI Bears	 vs. PHI Eagles,Rome Odunze,Rome Odunze (CHI),Total des yards après réception du joueur Plus/Moins(Incl. Prolongations),765,71925,1744236215,26.5|sa:player:nfl-1213727|CHI,4538621030,Rome Odunze (CHI) Plus de 26.5,Rome Odunze (CHI) Plus de 26.5,26.5,1.8334,0,False
16551508,CHI Bears	 vs. PHI Eagles,Rome Odunze,Rome Odunze (CHI),Total des yards après réception du joueur Plus/Moins(Incl. Prolongations),765,71925,1744236215,26.5|sa:player:nfl-1213727|CHI,4538621031,Rome Odunze (CHI) moins de 26.5,Rome Odunze (CHI) moins de 26.5,26.5,1.8,0,False
16551508,CHI Bears	 vs. PHI Eagles,Kalif Raymond,Kalif Raymond (CHI),Total des yards après réception du joueur Plus/Moins(Incl. Prolongations),765,71925,1752953762,25.5|sa:player:nfl-692660|CHI,4565866851,Kalif Raymond (CHI) Plus de 25.5,Kalif Raymond (CHI) Plus de 25.5,25.5,1.8,0,False
16551508,CHI Bears	 vs. PHI Eagles,Kalif Raymond,Kalif Raymond (CHI),Total des yards après réception du joueur Plus/Moins(Incl. Prolongations),765,71925,1752953762,25.5|sa:player:nfl-692660|CHI,4565866852,Kalif Raymond (CHI) moins de 25.5,Kalif Raymond (CHI) moins de 25.5,25.5,1.8334,0,False
16551508,CHI Bears	 vs. PHI Eagles,D'Andre Swift,D'Andre Swift (CHI),Total des yards après réception du joueur Plus/Moins(Incl. Prolongations),765,71925,1744203904,12.5|sa:player:nfl-1069808|CHI,4538544285,D'Andre Swift (CHI) Plus de 12.5,D'Andre Swift (CHI) Plus de 12.5,12.5,1.8,0,False
16551508,CHI Bears	 vs. PHI Eagles,D'Andre Swift,D'Andre Swift (CHI),Total des yards après réception du joueur Plus/Moins(Incl. Prolongations),765,71925,1744203904,12.5|sa:player:nfl-1069808|CHI,4538544286,D'Andre Swift (CHI) moins de 12.5,D'Andre Swift (CHI) moins de 12.5,12.5,1.8334,0,False
16551508,CHI Bears	 vs. PHI Eagles,Saquon Barkley,Saquon Barkley (PHI),Total des yards après réception du joueur Plus/Moins(Incl. Prolongations),765,71925,1744375693,11.5|sa:player:nfl-883302|PHI,4538980965,Saquon Barkley (PHI) Plus de 11.5,Saquon Barkley (PHI) Plus de 11.5,11.5,1.7693,0,False
16551508,CHI Bears	 vs. PHI Eagles,Saquon Barkley,Saquon Barkley (PHI),Total des yards après réception du joueur Plus/Moins(Incl. Prolongations),765,71925,1744375693,11.5|sa:player:nfl-883302|PHI,4538980966,Saquon Barkley (PHI) moins de 11.5,Saquon Barkley (PHI) moins de 11.5,11.5,1.8696,0,False
16551508,CHI Bears	 vs. PHI Eagles,Cole Kmet,Cole Kmet (CHI),Total des yards après réception du joueur Plus/Moins(Incl. Prolongations),765,71925,1743053213,9.5|sa:player:nfl-1066765|CHI,4534958562,Cole Kmet (CHI) Plus de 9.5,Cole Kmet (CHI) Plus de 9.5,9.5,1.8334,0,False
16551508,CHI Bears	 vs. PHI Eagles,Cole Kmet,Cole Kmet (CHI),Total des yards après réception du joueur Plus/Moins(Incl. Prolongations),765,71925,1743053213,9.5|sa:player:nfl-1066765|CHI,4534958563,Cole Kmet (CHI) moins de 9.5,Cole Kmet (CHI) moins de 9.5,9.5,1.8,0,False
16551508,CHI Bears	 vs. PHI Eagles,Zach Ertz,Zach Ertz (PHI),Total des yards après réception du joueur Plus/Moins(Incl. Prolongations),765,71925,1753539942,8.5|sa:player:nfl-503177|PHI,4567362011,Zach Ertz (PHI) Plus de 8.5,Zach Ertz (PHI) Plus de 8.5,8.5,1.8334,0,False
16551508,CHI Bears	 vs. PHI Eagles,Zach Ertz,Zach Ertz (PHI),Total des yards après réception du joueur Plus/Moins(Incl. Prolongations),765,71925,1753539942,8.5|sa:player:nfl-503177|PHI,4567362012,Zach Ertz (PHI) moins de 8.5,Zach Ertz (PHI) moins de 8.5,8.5,1.8,0,False
16551508,CHI Bears	 vs. PHI Eagles,Johnny Mundt,Johnny Mundt (PHI),Total des yards après réception du joueur Plus/Moins(Incl. Prolongations),765,71925,1754217162,7.5|sa:player:nfl-740704|PHI,4569518325,Johnny Mundt (PHI) Plus de 7.5,Johnny Mundt (PHI) Plus de 7.5,7.5,1.8,0,False
16551508,CHI Bears	 vs. PHI Eagles,Johnny Mundt,Johnny Mundt (PHI),Total des yards après réception du joueur Plus/Moins(Incl. Prolongations),765,71925,1754217162,7.5|sa:player:nfl-740704|PHI,4569518326,Johnny Mundt (PHI) moins de 7.5,Johnny Mundt (PHI) moins de 7.5,7.5,1.8334,0,False
16551508,CHI Bears	 vs. PHI Eagles,Kyle Monangai,Kyle Monangai (CHI),Total des yards après réception du joueur Plus/Moins(Incl. Prolongations),765,71925,1744203918,6.5|sa:player:nfl-1250886|CHI,4538544313,Kyle Monangai (CHI) Plus de 6.5,Kyle Monangai (CHI) Plus de 6.5,6.5,1.7693,0,False
16551508,CHI Bears	 vs. PHI Eagles,Kyle Monangai,Kyle Monangai (CHI),Total des yards après réception du joueur Plus/Moins(Incl. Prolongations),765,71925,1744203918,6.5|sa:player:nfl-1250886|CHI,4538544314,Kyle Monangai (CHI) moins de 6.5,Kyle Monangai (CHI) moins de 6.5,6.5,1.8696,0,False
16551508,CHI Bears	 vs. PHI Eagles,Will Shipley,Will Shipley (PHI),Total des yards après réception du joueur Plus/Moins(Incl. Prolongations),765,71925,1744213344,1.5|sa:player:nfl-1287636|PHI,4538567006,Will Shipley (PHI) Plus de 1.5,Will Shipley (PHI) Plus de 1.5,1.5,1.7693,0,False
16551508,CHI Bears	 vs. PHI Eagles,Will Shipley,Will Shipley (PHI),Total des yards après réception du joueur Plus/Moins(Incl. Prolongations),765,71925,1744213344,1.5|sa:player:nfl-1287636|PHI,4538567007,Will Shipley (PHI) moins de 1.5,Will Shipley (PHI) moins de 1.5,1.5,1.8696,0,False
16551508,CHI Bears	 vs. PHI Eagles,Tank Bigsby,Tank Bigsby (PHI),Total des yards après réception du joueur Plus/Moins(Incl. Prolongations),765,71925,1743053445,0.5|sa:player:nfl-1215035|PHI,4534958968,Tank Bigsby (PHI) Plus de 0.5,Tank Bigsby (PHI) Plus de 0.5,0.5,3.1,0,False
16551508,CHI Bears	 vs. PHI Eagles,Tank Bigsby,Tank Bigsby (PHI),Total des yards après réception du joueur Plus/Moins(Incl. Prolongations),765,71925,1743053445,0.5|sa:player:nfl-1215035|PHI,4534958969,Tank Bigsby (PHI) moins de 0.5,Tank Bigsby (PHI) moins de 0.5,0.5,1.2858,0,False
16551508,CHI Bears	 vs. PHI Eagles,Saquon Barkley,Saquon Barkley,Yards de course et de réception du joueur Plus/Moins (prolongations incluses),3317,73841,1743609840,84.5|sa:player:nfl-883302|PHI,4536649597,Saquon Barkley (PHI) Plus de 84.5,Saquon Barkley (PHI) Plus de 84.5,84.5,1.8,0,False
16551508,CHI Bears	 vs. PHI Eagles,Saquon Barkley,Saquon Barkley,Yards de course et de réception du joueur Plus/Moins (prolongations incluses),3317,73841,1743609840,84.5|sa:player:nfl-883302|PHI,4536649598,Saquon Barkley (PHI) moins de 84.5,Saquon Barkley (PHI) moins de 84.5,84.5,1.8334,0,False
16551508,CHI Bears	 vs. PHI Eagles,D'Andre Swift,D'Andre Swift,Yards de course et de réception du joueur Plus/Moins (prolongations incluses),3317,73841,1750083045,78.5|sa:player:nfl-1069808|CHI,4557712160,D'Andre Swift (CHI) Plus de 78.5,D'Andre Swift (CHI) Plus de 78.5,78.5,1.8,0,False
16551508,CHI Bears	 vs. PHI Eagles,D'Andre Swift,D'Andre Swift,Yards de course et de réception du joueur Plus/Moins (prolongations incluses),3317,73841,1750083045,78.5|sa:player:nfl-1069808|CHI,4557712161,D'Andre Swift (CHI) moins de 78.5,D'Andre Swift (CHI) moins de 78.5,78.5,1.8334,0,False
16551508,CHI Bears	 vs. PHI Eagles,Devonta Smith,Devonta Smith,Yards de course et de réception du joueur Plus/Moins (prolongations incluses),3317,73841,1744377117,70.5|sa:player:nfl-1060262|PHI,4538983248,Devonta Smith (PHI) moins de 70.5,Devonta Smith (PHI) moins de 70.5,70.5,1.8,0,False
16551508,CHI Bears	 vs. PHI Eagles,Devonta Smith,Devonta Smith,Yards de course et de réception du joueur Plus/Moins (prolongations incluses),3317,73841,1744377117,70.5|sa:player:nfl-1060262|PHI,4538983247,Devonta Smith (PHI) Plus de 70.5,Devonta Smith (PHI) Plus de 70.5,70.5,1.8334,0,False
16551508,CHI Bears	 vs. PHI Eagles,Kyle Monangai,Kyle Monangai,Yards de course et de réception du joueur Plus/Moins (prolongations incluses),3317,73841,1748140078,50.5|sa:player:nfl-1250886|CHI,4551701917,Kyle Monangai (CHI) Plus de 50.5,Kyle Monangai (CHI) Plus de 50.5,50.5,1.8334,0,False
16551508,CHI Bears	 vs. PHI Eagles,Kyle Monangai,Kyle Monangai,Yards de course et de réception du joueur Plus/Moins (prolongations incluses),3317,73841,1748140078,50.5|sa:player:nfl-1250886|CHI,4551701918,Kyle Monangai (CHI) moins de 50.5,Kyle Monangai (CHI) moins de 50.5,50.5,1.8,0,False
16551508,CHI Bears	 vs. PHI Eagles,Dontayvion Wicks,Dontayvion Wicks,Yards de course et de réception du joueur Plus/Moins (prolongations incluses),3317,73841,1748138955,40.5|sa:player:nfl-1172428|PHI,4551698952,Dontayvion Wicks (PHI) moins de 40.5,Dontayvion Wicks (PHI) moins de 40.5,40.5,1.8,0,False
16551508,CHI Bears	 vs. PHI Eagles,Dontayvion Wicks,Dontayvion Wicks,Yards de course et de réception du joueur Plus/Moins (prolongations incluses),3317,73841,1748138955,40.5|sa:player:nfl-1172428|PHI,4551698951,Dontayvion Wicks (PHI) Plus de 40.5,Dontayvion Wicks (PHI) Plus de 40.5,40.5,1.8334,0,False
16551508,CHI Bears	 vs. PHI Eagles,Makai Lemon,Makai Lemon,Yards de course et de réception du joueur Plus/Moins (prolongations incluses),3317,73841,1744387262,29.5|sa:player:nfl-1441120|PHI,4539010570,Makai Lemon (PHI) Plus de 29.5,Makai Lemon (PHI) Plus de 29.5,29.5,1.8,0,False
16551508,CHI Bears	 vs. PHI Eagles,Makai Lemon,Makai Lemon,Yards de course et de réception du joueur Plus/Moins (prolongations incluses),3317,73841,1744387262,29.5|sa:player:nfl-1441120|PHI,4539010571,Makai Lemon (PHI) moins de 29.5,Makai Lemon (PHI) moins de 29.5,29.5,1.8334,0,False
16551508,CHI Bears	 vs. PHI Eagles,Tank Bigsby,Tank Bigsby,Yards de course et de réception du joueur Plus/Moins (prolongations incluses),3317,73841,1750161742,13.5|sa:player:nfl-1215035|PHI,4557905798,Tank Bigsby (PHI) Plus de 13.5,Tank Bigsby (PHI) Plus de 13.5,13.5,1.7693,0,False
16551508,CHI Bears	 vs. PHI Eagles,Tank Bigsby,Tank Bigsby,Yards de course et de réception du joueur Plus/Moins (prolongations incluses),3317,73841,1750161742,13.5|sa:player:nfl-1215035|PHI,4557905799,Tank Bigsby (PHI) moins de 13.5,Tank Bigsby (PHI) moins de 13.5,13.5,1.8696,0,False
16551508,CHI Bears	 vs. PHI Eagles,Will Shipley,Will Shipley,Yards de course et de réception du joueur Plus/Moins (prolongations incluses),3317,73841,1744377189,9.5|sa:player:nfl-1287636|PHI,4538983408,Will Shipley (PHI) Plus de 9.5,Will Shipley (PHI) Plus de 9.5,9.5,1.7693,0,False
16551508,CHI Bears	 vs. PHI Eagles,Will Shipley,Will Shipley,Yards de course et de réception du joueur Plus/Moins (prolongations incluses),3317,73841,1744377189,9.5|sa:player:nfl-1287636|PHI,4538983409,Will Shipley (PHI) moins de 9.5,Will Shipley (PHI) moins de 9.5,9.5,1.8696,0,False
16551508,CHI Bears	 vs. PHI Eagles,Case Keenum,Case Keenum (CHI),Fumbles du joueur Plus / Moins (incl. prolongation),25005,75650,1744197237,0.5|sa:player:nfl-338280|CHI,4538527412,Case Keenum (CHI) Plus de 0.5,Case Keenum (CHI) Plus de 0.5,0.5,2.2,0,False
16551508,CHI Bears	 vs. PHI Eagles,Case Keenum,Case Keenum (CHI),Fumbles du joueur Plus / Moins (incl. prolongation),25005,75650,1744197237,0.5|sa:player:nfl-338280|CHI,4538527413,Case Keenum (CHI) moins de 0.5,Case Keenum (CHI) moins de 0.5,0.5,1.5264,0,False
16551508,CHI Bears	 vs. PHI Eagles,Jalen Hurts,Jalen Hurts (PHI),Fumbles du joueur Plus / Moins (incl. prolongation),25005,75650,1743053077,0.5|sa:player:nfl-913271|PHI,4534958331,Jalen Hurts (PHI) Plus de 0.5,Jalen Hurts (PHI) Plus de 0.5,0.5,2.2,0,False
16551508,CHI Bears	 vs. PHI Eagles,Jalen Hurts,Jalen Hurts (PHI),Fumbles du joueur Plus / Moins (incl. prolongation),25005,75650,1743053077,0.5|sa:player:nfl-913271|PHI,4534958332,Jalen Hurts (PHI) moins de 0.5,Jalen Hurts (PHI) moins de 0.5,0.5,1.5264,0,False
16551508,CHI Bears	 vs. PHI Eagles,Saquon Barkley,Saquon Barkley (PHI),Fumbles du joueur Plus / Moins (incl. prolongation),25005,75650,1743053016,0.5|sa:player:nfl-883302|PHI,4534958219,Saquon Barkley (PHI) Plus de 0.5,Saquon Barkley (PHI) Plus de 0.5,0.5,4.4,0,False
16551508,CHI Bears	 vs. PHI Eagles,Saquon Barkley,Saquon Barkley (PHI),Fumbles du joueur Plus / Moins (incl. prolongation),25005,75650,1743053016,0.5|sa:player:nfl-883302|PHI,4534958220,Saquon Barkley (PHI) moins de 0.5,Saquon Barkley (PHI) moins de 0.5,0.5,1.1334,0,False
16551508,CHI Bears	 vs. PHI Eagles,D'Andre Swift,D'Andre Swift (CHI),Fumbles du joueur Plus / Moins (incl. prolongation),25005,75650,1743053280,0.5|sa:player:nfl-1069808|CHI,4534958682,D'Andre Swift (CHI) Plus de 0.5,D'Andre Swift (CHI) Plus de 0.5,0.5,4.75,0,False
16551508,CHI Bears	 vs. PHI Eagles,D'Andre Swift,D'Andre Swift (CHI),Fumbles du joueur Plus / Moins (incl. prolongation),25005,75650,1743053280,0.5|sa:player:nfl-1069808|CHI,4534958683,D'Andre Swift (CHI) moins de 0.5,D'Andre Swift (CHI) moins de 0.5,0.5,1.1112,0,False
16551508,CHI Bears	 vs. PHI Eagles,Makai Lemon,Makai Lemon (PHI),Fumbles du joueur Plus / Moins (incl. prolongation),25005,75650,1743053870,0.5|sa:player:nfl-1441120|PHI,4534959713,Makai Lemon (PHI) Plus de 0.5,Makai Lemon (PHI) Plus de 0.5,0.5,6.0,0,False
16551508,CHI Bears	 vs. PHI Eagles,Makai Lemon,Makai Lemon (PHI),Fumbles du joueur Plus / Moins (incl. prolongation),25005,75650,1743053870,0.5|sa:player:nfl-1441120|PHI,4534959714,Makai Lemon (PHI) moins de 0.5,Makai Lemon (PHI) moins de 0.5,0.5,1.0589,0,False
16551508,CHI Bears	 vs. PHI Eagles,Kyle Monangai,Kyle Monangai (CHI),Fumbles du joueur Plus / Moins (incl. prolongation),25005,75650,1743053560,0.5|sa:player:nfl-1250886|CHI,4534959174,Kyle Monangai (CHI) Plus de 0.5,Kyle Monangai (CHI) Plus de 0.5,0.5,6.75,0,False
16551508,CHI Bears	 vs. PHI Eagles,Kyle Monangai,Kyle Monangai (CHI),Fumbles du joueur Plus / Moins (incl. prolongation),25005,75650,1743053560,0.5|sa:player:nfl-1250886|CHI,4534959175,Kyle Monangai (CHI) moins de 0.5,Kyle Monangai (CHI) moins de 0.5,0.5,1.04,0,False
16551508,CHI Bears	 vs. PHI Eagles,Will Shipley,Will Shipley (PHI),Fumbles du joueur Plus / Moins (incl. prolongation),25005,75650,1743053659,0.5|sa:player:nfl-1287636|PHI,4534959353,Will Shipley (PHI) Plus de 0.5,Will Shipley (PHI) Plus de 0.5,0.5,6.75,0,False
16551508,CHI Bears	 vs. PHI Eagles,Will Shipley,Will Shipley (PHI),Fumbles du joueur Plus / Moins (incl. prolongation),25005,75650,1743053659,0.5|sa:player:nfl-1287636|PHI,4534959354,Will Shipley (PHI) moins de 0.5,Will Shipley (PHI) moins de 0.5,0.5,1.04,0,False
16551508,CHI Bears	 vs. PHI Eagles,Devonta Smith,Devonta Smith (PHI),Fumbles du joueur Plus / Moins (incl. prolongation),25005,75650,1743053199,0.5|sa:player:nfl-1060262|PHI,4534958541,Devonta Smith (PHI) Plus de 0.5,Devonta Smith (PHI) Plus de 0.5,0.5,7.75,0,False
16551508,CHI Bears	 vs. PHI Eagles,Devonta Smith,Devonta Smith (PHI),Fumbles du joueur Plus / Moins (incl. prolongation),25005,75650,1743053199,0.5|sa:player:nfl-1060262|PHI,4534958542,Devonta Smith (PHI) moins de 0.5,Devonta Smith (PHI) moins de 0.5,0.5,1.02,0,False
16551508,CHI Bears	 vs. PHI Eagles,Tank Bigsby,Tank Bigsby (PHI),Fumbles du joueur Plus / Moins (incl. prolongation),25005,75650,1743053475,0.5|sa:player:nfl-1215035|PHI,4534959025,Tank Bigsby (PHI) Plus de 0.5,Tank Bigsby (PHI) Plus de 0.5,0.5,7.75,0,False
16551508,CHI Bears	 vs. PHI Eagles,Tank Bigsby,Tank Bigsby (PHI),Fumbles du joueur Plus / Moins (incl. prolongation),25005,75650,1743053475,0.5|sa:player:nfl-1215035|PHI,4534959026,Tank Bigsby (PHI) moins de 0.5,Tank Bigsby (PHI) moins de 0.5,0.5,1.02,0,False
16551508,CHI Bears	 vs. PHI Eagles,Cole Kmet,Cole Kmet (CHI),Fumbles du joueur Plus / Moins (incl. prolongation),25005,75650,1743053232,0.5|sa:player:nfl-1066765|CHI,4534958597,Cole Kmet (CHI) Plus de 0.5,Cole Kmet (CHI) Plus de 0.5,0.5,8.5,0,False
16551508,CHI Bears	 vs. PHI Eagles,Cole Kmet,Cole Kmet (CHI),Fumbles du joueur Plus / Moins (incl. prolongation),25005,75650,1743053232,0.5|sa:player:nfl-1066765|CHI,4534958598,Cole Kmet (CHI) moins de 0.5,Cole Kmet (CHI) moins de 0.5,0.5,0.0,7,False
16551508,CHI Bears	 vs. PHI Eagles,Dontayvion Wicks,Dontayvion Wicks (PHI),Fumbles du joueur Plus / Moins (incl. prolongation),25005,75650,1743053393,0.5|sa:player:nfl-1172428|PHI,4534958882,Dontayvion Wicks (PHI) Plus de 0.5,Dontayvion Wicks (PHI) Plus de 0.5,0.5,8.5,0,False
16551508,CHI Bears	 vs. PHI Eagles,Dontayvion Wicks,Dontayvion Wicks (PHI),Fumbles du joueur Plus / Moins (incl. prolongation),25005,75650,1743053393,0.5|sa:player:nfl-1172428|PHI,4534958883,Dontayvion Wicks (PHI) moins de 0.5,Dontayvion Wicks (PHI) moins de 0.5,0.5,1.01,0,False
16551508,CHI Bears	 vs. PHI Eagles,Johnny Mundt,Johnny Mundt (PHI),Fumbles du joueur Plus / Moins (incl. prolongation),25005,75650,1743052904,0.5|sa:player:nfl-740704|PHI,4534958021,Johnny Mundt (PHI) Plus de 0.5,Johnny Mundt (PHI) Plus de 0.5,0.5,8.5,0,False
16551508,CHI Bears	 vs. PHI Eagles,Johnny Mundt,Johnny Mundt (PHI),Fumbles du joueur Plus / Moins (incl. prolongation),25005,75650,1743052904,0.5|sa:player:nfl-740704|PHI,4534958022,Johnny Mundt (PHI) moins de 0.5,Johnny Mundt (PHI) moins de 0.5,0.5,0.0,7,False
16551508,CHI Bears	 vs. PHI Eagles,Zach Ertz,Zach Ertz (PHI),Fumbles du joueur Plus / Moins (incl. prolongation),25005,75650,1753537110,0.5|sa:player:nfl-503177|PHI,4567351010,Zach Ertz (PHI) Plus de 0.5,Zach Ertz (PHI) Plus de 0.5,0.5,8.5,0,False
16551508,CHI Bears	 vs. PHI Eagles,Zach Ertz,Zach Ertz (PHI),Fumbles du joueur Plus / Moins (incl. prolongation),25005,75650,1753537110,0.5|sa:player:nfl-503177|PHI,4567351011,Zach Ertz (PHI) moins de 0.5,Zach Ertz (PHI) moins de 0.5,0.5,0.0,7,False
16551508,CHI Bears	 vs. PHI Eagles,Jihaad Campbell,Jihaad Campbell (PHI),Passes décisives P/M (prolongations incluses),770,75644,1743053813,3.5|sa:player:nfl-1378908|PHI,4534959613,Jihaad Campbell (PHI) Plus de 3.5,Jihaad Campbell (PHI) Plus de 3.5,3.5,1.7693,0,False
16551508,CHI Bears	 vs. PHI Eagles,Jihaad Campbell,Jihaad Campbell (PHI),Passes décisives P/M (prolongations incluses),770,75644,1743053813,3.5|sa:player:nfl-1378908|PHI,4534959614,Jihaad Campbell (PHI) moins de 3.5,Jihaad Campbell (PHI) moins de 3.5,3.5,1.8334,0,False
16551508,CHI Bears	 vs. PHI Eagles,Zack Baun,Zack Baun (PHI),Passes décisives P/M (prolongations incluses),770,75644,1743052975,3.5|sa:player:nfl-880307|PHI,4534958142,Zack Baun (PHI) Plus de 3.5,Zack Baun (PHI) Plus de 3.5,3.5,1.5715,0,False
16551508,CHI Bears	 vs. PHI Eagles,Zack Baun,Zack Baun (PHI),Passes décisives P/M (prolongations incluses),770,75644,1743052975,3.5|sa:player:nfl-880307|PHI,4534958143,Zack Baun (PHI) moins de 3.5,Zack Baun (PHI) moins de 3.5,3.5,2.1,0,False
16551508,CHI Bears	 vs. PHI Eagles,Dillon Thieneman,Dillon Thieneman (CHI),Passes décisives P/M (prolongations incluses),770,75644,1743832689,2.5|sa:player:nfl-1441920|CHI,4537565820,Dillon Thieneman (CHI) Plus de 2.5,Dillon Thieneman (CHI) Plus de 2.5,2.5,2.3,0,False
16551508,CHI Bears	 vs. PHI Eagles,Dillon Thieneman,Dillon Thieneman (CHI),Passes décisives P/M (prolongations incluses),770,75644,1743832689,2.5|sa:player:nfl-1441920|CHI,4537565821,Dillon Thieneman (CHI) moins de 2.5,Dillon Thieneman (CHI) moins de 2.5,2.5,1.4762,0,False
16551508,CHI Bears	 vs. PHI Eagles,T.J. Edwards,T.J. Edwards (CHI),Passes décisives P/M (prolongations incluses),770,75644,1743052948,2.5|sa:player:nfl-836191|CHI,4534958093,T.J. Edwards (CHI) Plus de 2.5,T.J. Edwards (CHI) Plus de 2.5,2.5,2.25,0,False
16551508,CHI Bears	 vs. PHI Eagles,T.J. Edwards,T.J. Edwards (CHI),Passes décisives P/M (prolongations incluses),770,75644,1743052948,2.5|sa:player:nfl-836191|CHI,4534958094,T.J. Edwards (CHI) moins de 2.5,T.J. Edwards (CHI) moins de 2.5,2.5,1.5,0,False
16551508,CHI Bears	 vs. PHI Eagles,Devin Bush,Devin Bush (CHI),Passes décisives P/M (prolongations incluses),770,75644,1743053028,2.5|sa:player:nfl-910976|CHI,4534958237,Devin Bush (CHI) Plus de 2.5,Devin Bush (CHI) Plus de 2.5,2.5,1.8334,0,False
16551508,CHI Bears	 vs. PHI Eagles,Devin Bush,Devin Bush (CHI),Passes décisives P/M (prolongations incluses),770,75644,1743053028,2.5|sa:player:nfl-910976|CHI,4534958238,Devin Bush (CHI) moins de 2.5,Devin Bush (CHI) moins de 2.5,2.5,1.7693,0,False
16551508,CHI Bears	 vs. PHI Eagles,Montez Sweat,Montez Sweat (CHI),Passes décisives P/M (prolongations incluses),770,75644,1743052954,1.5|sa:player:nfl-838242|CHI,4534958104,Montez Sweat (CHI) Plus de 1.5,Montez Sweat (CHI) Plus de 1.5,1.5,2.6,0,False
16551508,CHI Bears	 vs. PHI Eagles,Montez Sweat,Montez Sweat (CHI),Passes décisives P/M (prolongations incluses),770,75644,1743052954,1.5|sa:player:nfl-838242|CHI,4534958105,Montez Sweat (CHI) moins de 1.5,Montez Sweat (CHI) moins de 1.5,1.5,1.3847,0,False
16551508,CHI Bears	 vs. PHI Eagles,Kentavius Street,Kentavius Street (CHI),Passes décisives P/M (prolongations incluses),770,75644,1743052943,1.5|sa:player:nfl-832247|CHI,4534958084,Kentavius Street (CHI) Plus de 1.5,Kentavius Street (CHI) Plus de 1.5,1.5,2.55,0,False
16551508,CHI Bears	 vs. PHI Eagles,Kentavius Street,Kentavius Street (CHI),Passes décisives P/M (prolongations incluses),770,75644,1743052943,1.5|sa:player:nfl-832247|CHI,4534958085,Kentavius Street (CHI) moins de 1.5,Kentavius Street (CHI) moins de 1.5,1.5,1.4,0,False
16551508,CHI Bears	 vs. PHI Eagles,Grady Jarrett,Grady Jarrett (CHI),Passes décisives P/M (prolongations incluses),770,75644,1743052842,1.5|sa:player:nfl-602098|CHI,4534957912,Grady Jarrett (CHI) Plus de 1.5,Grady Jarrett (CHI) Plus de 1.5,1.5,2.15,0,False
16551508,CHI Bears	 vs. PHI Eagles,Grady Jarrett,Grady Jarrett (CHI),Passes décisives P/M (prolongations incluses),770,75644,1743052842,1.5|sa:player:nfl-602098|CHI,4534957913,Grady Jarrett (CHI) moins de 1.5,Grady Jarrett (CHI) moins de 1.5,1.5,1.5556,0,False
16551508,CHI Bears	 vs. PHI Eagles,Jalen Carter,Jalen Carter (PHI),Passes décisives P/M (prolongations incluses),770,75644,1743053487,1.5|sa:player:nfl-1218633|PHI,4534959043,Jalen Carter (PHI) Plus de 1.5,Jalen Carter (PHI) Plus de 1.5,1.5,1.6667,0,False
16551508,CHI Bears	 vs. PHI Eagles,Jalen Carter,Jalen Carter (PHI),Passes décisives P/M (prolongations incluses),770,75644,1743053487,1.5|sa:player:nfl-1218633|PHI,4534959044,Jalen Carter (PHI) moins de 1.5,Jalen Carter (PHI) moins de 1.5,1.5,1.9524,0,False
16551508,CHI Bears	 vs. PHI Eagles,Cooper DeJean,Cooper DeJean (PHI),Passes décisives P/M (prolongations incluses),770,75644,1743053688,1.5|sa:player:nfl-1305870|PHI,4534959402,Cooper DeJean (PHI) Plus de 1.5,Cooper DeJean (PHI) Plus de 1.5,1.5,1.5264,0,False
16551508,CHI Bears	 vs. PHI Eagles,Cooper DeJean,Cooper DeJean (PHI),Passes décisives P/M (prolongations incluses),770,75644,1743053688,1.5|sa:player:nfl-1305870|PHI,4534959403,Cooper DeJean (PHI) moins de 1.5,Cooper DeJean (PHI) moins de 1.5,1.5,2.2,0,False
16551508,CHI Bears	 vs. PHI Eagles,Andrew Mukuba,Andrew Mukuba (PHI),Passes décisives P/M (prolongations incluses),770,75644,1743053671,1.5|sa:player:nfl-1287637|PHI,4534959371,Andrew Mukuba (PHI) Plus de 1.5,Andrew Mukuba (PHI) Plus de 1.5,1.5,1.5264,0,False
16551508,CHI Bears	 vs. PHI Eagles,Andrew Mukuba,Andrew Mukuba (PHI),Passes décisives P/M (prolongations incluses),770,75644,1743053671,1.5|sa:player:nfl-1287637|PHI,4534959372,Andrew Mukuba (PHI) moins de 1.5,Andrew Mukuba (PHI) moins de 1.5,1.5,2.2,0,False
16551508,CHI Bears	 vs. PHI Eagles,Cameron Lewis,Cameron Lewis (CHI),Passes décisives P/M (prolongations incluses),770,75644,1743052981,1.5|sa:player:nfl-881054|CHI,4534958153,Cameron Lewis (CHI) Plus de 1.5,Cameron Lewis (CHI) Plus de 1.5,1.5,1.5,0,False
16551508,CHI Bears	 vs. PHI Eagles,Cameron Lewis,Cameron Lewis (CHI),Passes décisives P/M (prolongations incluses),770,75644,1743052981,1.5|sa:player:nfl-881054|CHI,4534958154,Cameron Lewis (CHI) moins de 1.5,Cameron Lewis (CHI) moins de 1.5,1.5,2.25,0,False
16551508,CHI Bears	 vs. PHI Eagles,Jaylon Johnson,Jaylon Johnson (CHI),Passes décisives P/M (prolongations incluses),770,75644,1743053152,0.5|sa:player:nfl-1052309|CHI,4534958456,Jaylon Johnson (CHI) moins de 0.5,Jaylon Johnson (CHI) moins de 0.5,0.5,2.25,0,False
16551508,CHI Bears	 vs. PHI Eagles,Jaylon Johnson,Jaylon Johnson (CHI),Passes décisives P/M (prolongations incluses),770,75644,1743053152,0.5|sa:player:nfl-1052309|CHI,4534958455,Jaylon Johnson (CHI) Plus de 0.5,Jaylon Johnson (CHI) Plus de 0.5,0.5,1.5,0,False
16551508,CHI Bears	 vs. PHI Eagles,Quinyon Mitchell,Quinyon Mitchell (PHI),Passes décisives P/M (prolongations incluses),770,75644,1743053440,0.5|sa:player:nfl-1214662|PHI,4534958960,Quinyon Mitchell (PHI) moins de 0.5,Quinyon Mitchell (PHI) moins de 0.5,0.5,2.4,0,False
16551508,CHI Bears	 vs. PHI Eagles,Quinyon Mitchell,Quinyon Mitchell (PHI),Passes décisives P/M (prolongations incluses),770,75644,1743053440,0.5|sa:player:nfl-1214662|PHI,4534958959,Quinyon Mitchell (PHI) Plus de 0.5,Quinyon Mitchell (PHI) Plus de 0.5,0.5,1.4445,0,False
16551508,CHI Bears	 vs. PHI Eagles,Tariq Woolen,Tariq Woolen (PHI),Passes décisives P/M (prolongations incluses),770,75644,1743053208,0.5|sa:player:nfl-1063262|PHI,4534958553,Tariq Woolen (PHI) Plus de 0.5,Tariq Woolen (PHI) Plus de 0.5,0.5,1.4348,0,False
16551508,CHI Bears	 vs. PHI Eagles,Tariq Woolen,Tariq Woolen (PHI),Passes décisives P/M (prolongations incluses),770,75644,1743053208,0.5|sa:player:nfl-1063262|PHI,4534958554,Tariq Woolen (PHI) moins de 0.5,Tariq Woolen (PHI) moins de 0.5,0.5,2.4,0,False
16551508,CHI Bears	 vs. PHI Eagles,Jihaad Campbell,Jihaad Campbell (PHI),Joueur Total de Tackles (prolongations incluses),2010,72301,1743053812,4.5|sa:player:nfl-1378908|PHI,4534959611,Jihaad Campbell (PHI) Plus de 4.5,Jihaad Campbell (PHI) Plus de 4.5,4.5,2.0,0,False
16551508,CHI Bears	 vs. PHI Eagles,Jihaad Campbell,Jihaad Campbell (PHI),Joueur Total de Tackles (prolongations incluses),2010,72301,1743053812,4.5|sa:player:nfl-1378908|PHI,4534959612,Jihaad Campbell (PHI) moins de 4.5,Jihaad Campbell (PHI) moins de 4.5,4.5,1.6667,0,False
16551508,CHI Bears	 vs. PHI Eagles,Zack Baun,Zack Baun (PHI),Joueur Total de Tackles (prolongations incluses),2010,72301,1743052974,4.5|sa:player:nfl-880307|PHI,4534958140,Zack Baun (PHI) Plus de 4.5,Zack Baun (PHI) Plus de 4.5,4.5,2.0,0,False
16551508,CHI Bears	 vs. PHI Eagles,Zack Baun,Zack Baun (PHI),Joueur Total de Tackles (prolongations incluses),2010,72301,1743052974,4.5|sa:player:nfl-880307|PHI,4534958141,Zack Baun (PHI) moins de 4.5,Zack Baun (PHI) moins de 4.5,4.5,1.6667,0,False
16551508,CHI Bears	 vs. PHI Eagles,Cameron Lewis,Cameron Lewis (CHI),Joueur Total de Tackles (prolongations incluses),2010,72301,1743052980,3.5|sa:player:nfl-881054|CHI,4534958152,Cameron Lewis (CHI) moins de 3.5,Cameron Lewis (CHI) moins de 3.5,3.5,1.8696,0,False
16551508,CHI Bears	 vs. PHI Eagles,Cameron Lewis,Cameron Lewis (CHI),Joueur Total de Tackles (prolongations incluses),2010,72301,1743052980,3.5|sa:player:nfl-881054|CHI,4534958151,Cameron Lewis (CHI) Plus de 3.5,Cameron Lewis (CHI) Plus de 3.5,3.5,1.7693,0,False
16551508,CHI Bears	 vs. PHI Eagles,Dillon Thieneman,Dillon Thieneman (CHI),Joueur Total de Tackles (prolongations incluses),2010,72301,1743053884,3.5|sa:player:nfl-1441920|CHI,4534959734,Dillon Thieneman (CHI) Plus de 3.5,Dillon Thieneman (CHI) Plus de 3.5,3.5,1.7693,0,False
16551508,CHI Bears	 vs. PHI Eagles,Dillon Thieneman,Dillon Thieneman (CHI),Joueur Total de Tackles (prolongations incluses),2010,72301,1743053884,3.5|sa:player:nfl-1441920|CHI,4534959735,Dillon Thieneman (CHI) moins de 3.5,Dillon Thieneman (CHI) moins de 3.5,3.5,1.8696,0,False
16551508,CHI Bears	 vs. PHI Eagles,Devin Bush,Devin Bush (CHI),Joueur Total de Tackles (prolongations incluses),2010,72301,1743053027,3.5|sa:player:nfl-910976|CHI,4534958235,Devin Bush (CHI) Plus de 3.5,Devin Bush (CHI) Plus de 3.5,3.5,2.05,0,False
16551508,CHI Bears	 vs. PHI Eagles,Devin Bush,Devin Bush (CHI),Joueur Total de Tackles (prolongations incluses),2010,72301,1743053027,3.5|sa:player:nfl-910976|CHI,4534958236,Devin Bush (CHI) moins de 3.5,Devin Bush (CHI) moins de 3.5,3.5,1.625,0,False
16551508,CHI Bears	 vs. PHI Eagles,Cooper DeJean,Cooper DeJean (PHI),Joueur Total de Tackles (prolongations incluses),2010,72301,1743053687,3.5|sa:player:nfl-1305870|PHI,4534959400,Cooper DeJean (PHI) Plus de 3.5,Cooper DeJean (PHI) Plus de 3.5,3.5,2.15,0,False
16551508,CHI Bears	 vs. PHI Eagles,Cooper DeJean,Cooper DeJean (PHI),Joueur Total de Tackles (prolongations incluses),2010,72301,1743053687,3.5|sa:player:nfl-1305870|PHI,4534959401,Cooper DeJean (PHI) moins de 3.5,Cooper DeJean (PHI) moins de 3.5,3.5,1.5715,0,False
16551508,CHI Bears	 vs. PHI Eagles,Andrew Mukuba,Andrew Mukuba (PHI),Joueur Total de Tackles (prolongations incluses),2010,72301,1743053670,2.5|sa:player:nfl-1287637|PHI,4534959369,Andrew Mukuba (PHI) Plus de 2.5,Andrew Mukuba (PHI) Plus de 2.5,2.5,1.6897,0,False
16551508,CHI Bears	 vs. PHI Eagles,Andrew Mukuba,Andrew Mukuba (PHI),Joueur Total de Tackles (prolongations incluses),2010,72301,1743053670,2.5|sa:player:nfl-1287637|PHI,4534959370,Andrew Mukuba (PHI) moins de 2.5,Andrew Mukuba (PHI) moins de 2.5,2.5,1.9524,0,False
16551508,CHI Bears	 vs. PHI Eagles,Jaylon Johnson,Jaylon Johnson (CHI),Joueur Total de Tackles (prolongations incluses),2010,72301,1743053151,2.5|sa:player:nfl-1052309|CHI,4534958453,Jaylon Johnson (CHI) Plus de 2.5,Jaylon Johnson (CHI) Plus de 2.5,2.5,1.6897,0,False
16551508,CHI Bears	 vs. PHI Eagles,Jaylon Johnson,Jaylon Johnson (CHI),Joueur Total de Tackles (prolongations incluses),2010,72301,1743053151,2.5|sa:player:nfl-1052309|CHI,4534958454,Jaylon Johnson (CHI) moins de 2.5,Jaylon Johnson (CHI) moins de 2.5,2.5,1.9524,0,False
16551508,CHI Bears	 vs. PHI Eagles,Tariq Woolen,Tariq Woolen (PHI),Joueur Total de Tackles (prolongations incluses),2010,72301,1743053207,2.5|sa:player:nfl-1063262|PHI,4534958552,Tariq Woolen (PHI) moins de 2.5,Tariq Woolen (PHI) moins de 2.5,2.5,1.8696,0,False
16551508,CHI Bears	 vs. PHI Eagles,Tariq Woolen,Tariq Woolen (PHI),Joueur Total de Tackles (prolongations incluses),2010,72301,1743053207,2.5|sa:player:nfl-1063262|PHI,4534958551,Tariq Woolen (PHI) Plus de 2.5,Tariq Woolen (PHI) Plus de 2.5,2.5,1.7693,0,False
16551508,CHI Bears	 vs. PHI Eagles,Quinyon Mitchell,Quinyon Mitchell (PHI),Joueur Total de Tackles (prolongations incluses),2010,72301,1743053439,2.5|sa:player:nfl-1214662|PHI,4534958957,Quinyon Mitchell (PHI) Plus de 2.5,Quinyon Mitchell (PHI) Plus de 2.5,2.5,1.9091,0,False
16551508,CHI Bears	 vs. PHI Eagles,Quinyon Mitchell,Quinyon Mitchell (PHI),Joueur Total de Tackles (prolongations incluses),2010,72301,1743053439,2.5|sa:player:nfl-1214662|PHI,4534958958,Quinyon Mitchell (PHI) moins de 2.5,Quinyon Mitchell (PHI) moins de 2.5,2.5,1.7408,0,False
16551508,CHI Bears	 vs. PHI Eagles,T.J. Edwards,T.J. Edwards (CHI),Joueur Total de Tackles (prolongations incluses),2010,72301,1743052947,2.5|sa:player:nfl-836191|CHI,4534958091,T.J. Edwards (CHI) Plus de 2.5,T.J. Edwards (CHI) Plus de 2.5,2.5,1.9091,0,False
16551508,CHI Bears	 vs. PHI Eagles,T.J. Edwards,T.J. Edwards (CHI),Joueur Total de Tackles (prolongations incluses),2010,72301,1743052947,2.5|sa:player:nfl-836191|CHI,4534958092,T.J. Edwards (CHI) moins de 2.5,T.J. Edwards (CHI) moins de 2.5,2.5,1.7408,0,False
16551508,CHI Bears	 vs. PHI Eagles,Jalen Carter,Jalen Carter (PHI),Joueur Total de Tackles (prolongations incluses),2010,72301,1743053486,1.5|sa:player:nfl-1218633|PHI,4534959041,Jalen Carter (PHI) Plus de 1.5,Jalen Carter (PHI) Plus de 1.5,1.5,1.7693,0,False
16551508,CHI Bears	 vs. PHI Eagles,Jalen Carter,Jalen Carter (PHI),Joueur Total de Tackles (prolongations incluses),2010,72301,1743053486,1.5|sa:player:nfl-1218633|PHI,4534959042,Jalen Carter (PHI) moins de 1.5,Jalen Carter (PHI) moins de 1.5,1.5,1.8696,0,False
16551508,CHI Bears	 vs. PHI Eagles,Montez Sweat,Montez Sweat (CHI),Joueur Total de Tackles (prolongations incluses),2010,72301,1743052953,1.5|sa:player:nfl-838242|CHI,4534958102,Montez Sweat (CHI) Plus de 1.5,Montez Sweat (CHI) Plus de 1.5,1.5,2.2,0,False
16551508,CHI Bears	 vs. PHI Eagles,Montez Sweat,Montez Sweat (CHI),Joueur Total de Tackles (prolongations incluses),2010,72301,1743052953,1.5|sa:player:nfl-838242|CHI,4534958103,Montez Sweat (CHI) moins de 1.5,Montez Sweat (CHI) moins de 1.5,1.5,1.5556,0,False
16551508,CHI Bears	 vs. PHI Eagles,Grady Jarrett,Grady Jarrett (CHI),Joueur Total de Tackles (prolongations incluses),2010,72301,1743052841,1.5|sa:player:nfl-602098|CHI,4534957910,Grady Jarrett (CHI) Plus de 1.5,Grady Jarrett (CHI) Plus de 1.5,1.5,2.45,0,False
16551508,CHI Bears	 vs. PHI Eagles,Grady Jarrett,Grady Jarrett (CHI),Joueur Total de Tackles (prolongations incluses),2010,72301,1743052841,1.5|sa:player:nfl-602098|CHI,4534957911,Grady Jarrett (CHI) moins de 1.5,Grady Jarrett (CHI) moins de 1.5,1.5,1.4445,0,False
16551508,CHI Bears	 vs. PHI Eagles,Kentavius Street,Kentavius Street (CHI),Joueur Total de Tackles (prolongations incluses),2010,72301,1744202317,0.5|sa:player:nfl-832247|CHI,4538539961,Kentavius Street (CHI) Plus de 0.5,Kentavius Street (CHI) Plus de 0.5,0.5,1.3847,0,False
16551508,CHI Bears	 vs. PHI Eagles,Kentavius Street,Kentavius Street (CHI),Joueur Total de Tackles (prolongations incluses),2010,72301,1744202317,0.5|sa:player:nfl-832247|CHI,4538539962,Kentavius Street (CHI) moins de 0.5,Kentavius Street (CHI) moins de 0.5,0.5,2.65,0,False
16551508,CHI Bears	 vs. PHI Eagles,Jalen Carter,Jalen Carter (PHI),Sacks du joueur Plus/Moins (Incl. Prolongations),2254,73704,1754219194,0.5|PHI|dst:player:373977,4569523515,Jalen Carter (PHI) Plus de 0.5,Jalen Carter (PHI) Plus de 0.5,0.5,2.4,0,False
16551508,CHI Bears	 vs. PHI Eagles,Jalen Carter,Jalen Carter (PHI),Sacks du joueur Plus/Moins (Incl. Prolongations),2254,73704,1754219194,0.5|PHI|dst:player:373977,4569523516,Jalen Carter (PHI) moins de 0.5,Jalen Carter (PHI) moins de 0.5,0.5,1.4546,0,False
16551508,CHI Bears	 vs. PHI Eagles,Jalyx Hunt,Jalyx Hunt (PHI),Sacks du joueur Plus/Moins (Incl. Prolongations),2254,73704,1754219196,0.5|PHI|dst:player:430271,4569523520,Jalyx Hunt (PHI) Plus de 0.5,Jalyx Hunt (PHI) Plus de 0.5,0.5,2.4,0,False
16551508,CHI Bears	 vs. PHI Eagles,Jalyx Hunt,Jalyx Hunt (PHI),Sacks du joueur Plus/Moins (Incl. Prolongations),2254,73704,1754219196,0.5|PHI|dst:player:430271,4569523519,Jalyx Hunt (PHI) moins de 0.5,Jalyx Hunt (PHI) moins de 0.5,0.5,1.4546,0,False
16551508,CHI Bears	 vs. PHI Eagles,Montez Sweat,Montez Sweat (CHI),Sacks du joueur Plus/Moins (Incl. Prolongations),2254,73704,1754219195,0.5|CHI|dst:player:397724,4569523517,Montez Sweat (CHI) Plus de 0.5,Montez Sweat (CHI) Plus de 0.5,0.5,2.65,0,False
16551508,CHI Bears	 vs. PHI Eagles,Montez Sweat,Montez Sweat (CHI),Sacks du joueur Plus/Moins (Incl. Prolongations),2254,73704,1754219195,0.5|CHI|dst:player:397724,4569523518,Montez Sweat (CHI) moins de 0.5,Montez Sweat (CHI) moins de 0.5,0.5,1.3847,0,False
16551508,CHI Bears	 vs. PHI Eagles,Dayo Odeyingbo,Dayo Odeyingbo (CHI),Sacks du joueur Plus/Moins (Incl. Prolongations),2254,73704,1754219197,0.5|CHI|dst:player:476297,4569523521,Dayo Odeyingbo (CHI) Plus de 0.5,Dayo Odeyingbo (CHI) Plus de 0.5,0.5,2.95,0,False
16551508,CHI Bears	 vs. PHI Eagles,Dayo Odeyingbo,Dayo Odeyingbo (CHI),Sacks du joueur Plus/Moins (Incl. Prolongations),2254,73704,1754219197,0.5|CHI|dst:player:476297,4569523522,Dayo Odeyingbo (CHI) moins de 0.5,Dayo Odeyingbo (CHI) moins de 0.5,0.5,1.3125,0,False
16551508,CHI Bears	 vs. PHI Eagles,Saquon Barkley,Saquon Barkley (PHI),Joueur tentative de gain par la course (prolongations incluses),2012,72303,1743053001,16.5|sa:player:nfl-883302|PHI,4534958192,Saquon Barkley (PHI) Plus de 16.5,Saquon Barkley (PHI) Plus de 16.5,16.5,1.7693,0,False
16551508,CHI Bears	 vs. PHI Eagles,Saquon Barkley,Saquon Barkley (PHI),Joueur tentative de gain par la course (prolongations incluses),2012,72303,1743053001,16.5|sa:player:nfl-883302|PHI,4534958193,Saquon Barkley (PHI) moins de 16.5,Saquon Barkley (PHI) moins de 16.5,16.5,1.8696,0,False
16551508,CHI Bears	 vs. PHI Eagles,D'Andre Swift,D'Andre Swift (CHI),Joueur tentative de gain par la course (prolongations incluses),2012,72303,1744203906,14.5|sa:player:nfl-1069808|CHI,4538544289,D'Andre Swift (CHI) Plus de 14.5,D'Andre Swift (CHI) Plus de 14.5,14.5,1.7693,0,False
16551508,CHI Bears	 vs. PHI Eagles,D'Andre Swift,D'Andre Swift (CHI),Joueur tentative de gain par la course (prolongations incluses),2012,72303,1744203906,14.5|sa:player:nfl-1069808|CHI,4538544290,D'Andre Swift (CHI) moins de 14.5,D'Andre Swift (CHI) moins de 14.5,14.5,1.8696,0,False
16551508,CHI Bears	 vs. PHI Eagles,Kyle Monangai,Kyle Monangai (CHI),Joueur tentative de gain par la course (prolongations incluses),2012,72303,1744217397,9.5|sa:player:nfl-1250886|CHI,4538576110,Kyle Monangai (CHI) Plus de 9.5,Kyle Monangai (CHI) Plus de 9.5,9.5,1.8334,0,False
16551508,CHI Bears	 vs. PHI Eagles,Kyle Monangai,Kyle Monangai (CHI),Joueur tentative de gain par la course (prolongations incluses),2012,72303,1744217397,9.5|sa:player:nfl-1250886|CHI,4538576111,Kyle Monangai (CHI) moins de 9.5,Kyle Monangai (CHI) moins de 9.5,9.5,1.8,0,False
16551508,CHI Bears	 vs. PHI Eagles,Jalen Hurts,Jalen Hurts (PHI),Joueur tentative de gain par la course (prolongations incluses),2012,72303,1744377724,6.5|sa:player:nfl-913271|PHI,4538984664,Jalen Hurts (PHI) Plus de 6.5,Jalen Hurts (PHI) Plus de 6.5,6.5,2.0,0,False
16551508,CHI Bears	 vs. PHI Eagles,Jalen Hurts,Jalen Hurts (PHI),Joueur tentative de gain par la course (prolongations incluses),2012,72303,1744377724,6.5|sa:player:nfl-913271|PHI,4538984665,Jalen Hurts (PHI) moins de 6.5,Jalen Hurts (PHI) moins de 6.5,6.5,1.6667,0,False
16551508,CHI Bears	 vs. PHI Eagles,Tank Bigsby,Tank Bigsby (PHI),Joueur tentative de gain par la course (prolongations incluses),2012,72303,1743053460,3.5|sa:player:nfl-1215035|PHI,4534958998,Tank Bigsby (PHI) Plus de 3.5,Tank Bigsby (PHI) Plus de 3.5,3.5,1.9524,0,False
16551508,CHI Bears	 vs. PHI Eagles,Tank Bigsby,Tank Bigsby (PHI),Joueur tentative de gain par la course (prolongations incluses),2012,72303,1743053460,3.5|sa:player:nfl-1215035|PHI,4534958999,Tank Bigsby (PHI) moins de 3.5,Tank Bigsby (PHI) moins de 3.5,3.5,1.6897,0,False
16551508,CHI Bears	 vs. PHI Eagles,Case Keenum,Case Keenum (CHI),Joueur tentative de gain par la course (prolongations incluses),2012,72303,1745593674,2.5|sa:player:nfl-338280|CHI,4542892572,Case Keenum (CHI) Plus de 2.5,Case Keenum (CHI) Plus de 2.5,2.5,2.0,0,False
16551508,CHI Bears	 vs. PHI Eagles,Case Keenum,Case Keenum (CHI),Joueur tentative de gain par la course (prolongations incluses),2012,72303,1745593674,2.5|sa:player:nfl-338280|CHI,4542892573,Case Keenum (CHI) moins de 2.5,Case Keenum (CHI) moins de 2.5,2.5,1.6667,0,False
16551508,CHI Bears	 vs. PHI Eagles,Will Shipley,Will Shipley (PHI),Joueur tentative de gain par la course (prolongations incluses),2012,72303,1743053644,1.5|sa:player:nfl-1287636|PHI,4534959326,Will Shipley (PHI) Plus de 1.5,Will Shipley (PHI) Plus de 1.5,1.5,2.0,0,False
16551508,CHI Bears	 vs. PHI Eagles,Will Shipley,Will Shipley (PHI),Joueur tentative de gain par la course (prolongations incluses),2012,72303,1743053644,1.5|sa:player:nfl-1287636|PHI,4534959327,Will Shipley (PHI) moins de 1.5,Will Shipley (PHI) moins de 1.5,1.5,1.6667,0,False
16551508,CHI Bears	 vs. PHI Eagles,Devonta Smith,Devonta Smith (PHI),Total de réceptions Plus/Moins(Incl. Prolongations),767,71926,1744369337,5.5|sa:player:nfl-1060262|PHI,4538964904,Devonta Smith (PHI) Plus de 5.5,Devonta Smith (PHI) Plus de 5.5,5.5,1.9091,0,False
16551508,CHI Bears	 vs. PHI Eagles,Devonta Smith,Devonta Smith (PHI),Total de réceptions Plus/Moins(Incl. Prolongations),767,71926,1744369337,5.5|sa:player:nfl-1060262|PHI,4538964905,Devonta Smith (PHI) moins de 5.5,Devonta Smith (PHI) moins de 5.5,5.5,1.7408,0,False
16551508,CHI Bears	 vs. PHI Eagles,Luther Burden,Luther Burden (CHI),Total de réceptions Plus/Moins(Incl. Prolongations),767,71926,1743053733,3.5|sa:player:nfl-1377732|CHI,4534959480,Luther Burden (CHI) Plus de 3.5,Luther Burden (CHI) Plus de 3.5,3.5,1.8696,0,False
16551508,CHI Bears	 vs. PHI Eagles,Luther Burden,Luther Burden (CHI),Total de réceptions Plus/Moins(Incl. Prolongations),767,71926,1743053733,3.5|sa:player:nfl-1377732|CHI,4534959481,Luther Burden (CHI) moins de 3.5,Luther Burden (CHI) moins de 3.5,3.5,1.7693,0,False
16551508,CHI Bears	 vs. PHI Eagles,Colston Loveland,Colston Loveland (CHI),Total de réceptions Plus/Moins(Incl. Prolongations),767,71926,1743053787,3.5|sa:player:nfl-1378821|CHI,4534959570,Colston Loveland (CHI) Plus de 3.5,Colston Loveland (CHI) Plus de 3.5,3.5,1.9091,0,False
16551508,CHI Bears	 vs. PHI Eagles,Colston Loveland,Colston Loveland (CHI),Total de réceptions Plus/Moins(Incl. Prolongations),767,71926,1743053787,3.5|sa:player:nfl-1378821|CHI,4534959571,Colston Loveland (CHI) moins de 3.5,Colston Loveland (CHI) moins de 3.5,3.5,1.7408,0,False
16551508,CHI Bears	 vs. PHI Eagles,Dontayvion Wicks,Dontayvion Wicks (PHI),Total de réceptions Plus/Moins(Incl. Prolongations),767,71926,1744375704,3.5|sa:player:nfl-1172428|PHI,4538980987,Dontayvion Wicks (PHI) Plus de 3.5,Dontayvion Wicks (PHI) Plus de 3.5,3.5,2.15,0,False
16551508,CHI Bears	 vs. PHI Eagles,Dontayvion Wicks,Dontayvion Wicks (PHI),Total de réceptions Plus/Moins(Incl. Prolongations),767,71926,1744375704,3.5|sa:player:nfl-1172428|PHI,4538980988,Dontayvion Wicks (PHI) moins de 3.5,Dontayvion Wicks (PHI) moins de 3.5,3.5,1.5715,0,False
16551508,CHI Bears	 vs. PHI Eagles,Kalif Raymond,Kalif Raymond (CHI),Total de réceptions Plus/Moins(Incl. Prolongations),767,71926,1744203889,2.5|sa:player:nfl-692660|CHI,4538544256,Kalif Raymond (CHI) moins de 2.5,Kalif Raymond (CHI) moins de 2.5,2.5,2.05,0,False
16551508,CHI Bears	 vs. PHI Eagles,Kalif Raymond,Kalif Raymond (CHI),Total de réceptions Plus/Moins(Incl. Prolongations),767,71926,1744203889,2.5|sa:player:nfl-692660|CHI,4538544255,Kalif Raymond (CHI) Plus de 2.5,Kalif Raymond (CHI) Plus de 2.5,2.5,1.625,0,False
16551508,CHI Bears	 vs. PHI Eagles,Makai Lemon,Makai Lemon (PHI),Total de réceptions Plus/Moins(Incl. Prolongations),767,71926,1744387256,2.5|sa:player:nfl-1441120|PHI,4539010558,Makai Lemon (PHI) Plus de 2.5,Makai Lemon (PHI) Plus de 2.5,2.5,1.8696,0,False
16551508,CHI Bears	 vs. PHI Eagles,Makai Lemon,Makai Lemon (PHI),Total de réceptions Plus/Moins(Incl. Prolongations),767,71926,1744387256,2.5|sa:player:nfl-1441120|PHI,4539010559,Makai Lemon (PHI) moins de 2.5,Makai Lemon (PHI) moins de 2.5,2.5,1.7693,0,False
16551508,CHI Bears	 vs. PHI Eagles,Rome Odunze,Rome Odunze (CHI),Total de réceptions Plus/Moins(Incl. Prolongations),767,71926,1743053414,2.5|sa:player:nfl-1213727|CHI,4534958916,Rome Odunze (CHI) Plus de 2.5,Rome Odunze (CHI) Plus de 2.5,2.5,1.9091,0,False
16551508,CHI Bears	 vs. PHI Eagles,Rome Odunze,Rome Odunze (CHI),Total de réceptions Plus/Moins(Incl. Prolongations),767,71926,1743053414,2.5|sa:player:nfl-1213727|CHI,4534958917,Rome Odunze (CHI) moins de 2.5,Rome Odunze (CHI) moins de 2.5,2.5,1.7408,0,False
16551508,CHI Bears	 vs. PHI Eagles,D'Andre Swift,D'Andre Swift (CHI),Total de réceptions Plus/Moins(Incl. Prolongations),767,71926,1743726206,2.5|sa:player:nfl-1069808|CHI,4537102454,D'Andre Swift (CHI) Plus de 2.5,D'Andre Swift (CHI) Plus de 2.5,2.5,2.35,0,False
16551508,CHI Bears	 vs. PHI Eagles,D'Andre Swift,D'Andre Swift (CHI),Total de réceptions Plus/Moins(Incl. Prolongations),767,71926,1743726206,2.5|sa:player:nfl-1069808|CHI,4537102455,D'Andre Swift (CHI) moins de 2.5,D'Andre Swift (CHI) moins de 2.5,2.5,1.4762,0,False
16551508,CHI Bears	 vs. PHI Eagles,Saquon Barkley,Saquon Barkley (PHI),Total de réceptions Plus/Moins(Incl. Prolongations),767,71926,1744375694,1.5|sa:player:nfl-883302|PHI,4538980968,Saquon Barkley (PHI) moins de 1.5,Saquon Barkley (PHI) moins de 1.5,1.5,2.35,0,False
16551508,CHI Bears	 vs. PHI Eagles,Saquon Barkley,Saquon Barkley (PHI),Total de réceptions Plus/Moins(Incl. Prolongations),767,71926,1744375694,1.5|sa:player:nfl-883302|PHI,4538980967,Saquon Barkley (PHI) Plus de 1.5,Saquon Barkley (PHI) Plus de 1.5,1.5,1.4762,0,False
16551508,CHI Bears	 vs. PHI Eagles,Cole Kmet,Cole Kmet (CHI),Total de réceptions Plus/Moins(Incl. Prolongations),767,71926,1743053215,1.5|sa:player:nfl-1066765|CHI,4534958566,Cole Kmet (CHI) Plus de 1.5,Cole Kmet (CHI) Plus de 1.5,1.5,2.1,0,False
16551508,CHI Bears	 vs. PHI Eagles,Cole Kmet,Cole Kmet (CHI),Total de réceptions Plus/Moins(Incl. Prolongations),767,71926,1743053215,1.5|sa:player:nfl-1066765|CHI,4534958567,Cole Kmet (CHI) moins de 1.5,Cole Kmet (CHI) moins de 1.5,1.5,1.6061,0,False
16551508,CHI Bears	 vs. PHI Eagles,Kyle Monangai,Kyle Monangai (CHI),Total de réceptions Plus/Moins(Incl. Prolongations),767,71926,1743053532,1.5|sa:player:nfl-1250886|CHI,4534959121,Kyle Monangai (CHI) Plus de 1.5,Kyle Monangai (CHI) Plus de 1.5,1.5,2.15,0,False
16551508,CHI Bears	 vs. PHI Eagles,Kyle Monangai,Kyle Monangai (CHI),Total de réceptions Plus/Moins(Incl. Prolongations),767,71926,1743053532,1.5|sa:player:nfl-1250886|CHI,4534959122,Kyle Monangai (CHI) moins de 1.5,Kyle Monangai (CHI) moins de 1.5,1.5,1.5715,0,False
16551508,CHI Bears	 vs. PHI Eagles,Zach Ertz,Zach Ertz (PHI),Total de réceptions Plus/Moins(Incl. Prolongations),767,71926,1753539404,1.5|sa:player:nfl-503177|PHI,4567360845,Zach Ertz (PHI) Plus de 1.5,Zach Ertz (PHI) Plus de 1.5,1.5,2.25,0,False
16551508,CHI Bears	 vs. PHI Eagles,Zach Ertz,Zach Ertz (PHI),Total de réceptions Plus/Moins(Incl. Prolongations),767,71926,1753539404,1.5|sa:player:nfl-503177|PHI,4567360846,Zach Ertz (PHI) moins de 1.5,Zach Ertz (PHI) moins de 1.5,1.5,1.5264,0,False
16551508,CHI Bears	 vs. PHI Eagles,Johnny Mundt,Johnny Mundt (PHI),Total de réceptions Plus/Moins(Incl. Prolongations),767,71926,1744369273,1.5|sa:player:nfl-740704|PHI,4538964794,Johnny Mundt (PHI) Plus de 1.5,Johnny Mundt (PHI) Plus de 1.5,1.5,2.6,0,False
16551508,CHI Bears	 vs. PHI Eagles,Johnny Mundt,Johnny Mundt (PHI),Total de réceptions Plus/Moins(Incl. Prolongations),767,71926,1744369273,1.5|sa:player:nfl-740704|PHI,4538964795,Johnny Mundt (PHI) moins de 1.5,Johnny Mundt (PHI) moins de 1.5,1.5,1.4,0,False
16551508,CHI Bears	 vs. PHI Eagles,Will Shipley,Will Shipley (PHI),Total de réceptions Plus/Moins(Incl. Prolongations),767,71926,1743053631,0.5|sa:player:nfl-1287636|PHI,4534959300,Will Shipley (PHI) Plus de 0.5,Will Shipley (PHI) Plus de 0.5,0.5,1.6061,0,False
16551508,CHI Bears	 vs. PHI Eagles,Will Shipley,Will Shipley (PHI),Total de réceptions Plus/Moins(Incl. Prolongations),767,71926,1743053631,0.5|sa:player:nfl-1287636|PHI,4534959301,Will Shipley (PHI) moins de 0.5,Will Shipley (PHI) moins de 0.5,0.5,2.1,0,False
16551508,CHI Bears	 vs. PHI Eagles,Tank Bigsby,Tank Bigsby (PHI),Total de réceptions Plus/Moins(Incl. Prolongations),767,71926,1743053447,0.5|sa:player:nfl-1215035|PHI,4534958972,Tank Bigsby (PHI) Plus de 0.5,Tank Bigsby (PHI) Plus de 0.5,0.5,2.8,0,False
16551508,CHI Bears	 vs. PHI Eagles,Tank Bigsby,Tank Bigsby (PHI),Total de réceptions Plus/Moins(Incl. Prolongations),767,71926,1743053447,0.5|sa:player:nfl-1215035|PHI,4534958973,Tank Bigsby (PHI) moins de 0.5,Tank Bigsby (PHI) moins de 0.5,0.5,1.3449,0,False
16551508,CHI Bears	 vs. PHI Eagles,Case Keenum,Case Keenum (CHI),Passes du joueur interceptées Plus/Moins (Incl. Prolongations),2253,73703,1753234848,0.5|CHI|dst:player:480180,4566535146,Case Keenum (CHI) moins de 0.5,Case Keenum (CHI) moins de 0.5,0.5,2.0,0,False
16551508,CHI Bears	 vs. PHI Eagles,Case Keenum,Case Keenum (CHI),Passes du joueur interceptées Plus/Moins (Incl. Prolongations),2253,73703,1753234848,0.5|CHI|dst:player:480180,4566535147,Case Keenum (CHI) Plus de 0.5,Case Keenum (CHI) Plus de 0.5,0.5,1.6667,0,False
16551508,CHI Bears	 vs. PHI Eagles,Jalen Hurts,Jalen Hurts (PHI),Passes du joueur interceptées Plus/Moins (Incl. Prolongations),2253,73703,1746665091,0.5|PHI|dst:player:242970,4546749097,Jalen Hurts (PHI) Plus de 0.5,Jalen Hurts (PHI) Plus de 0.5,0.5,2.25,0,False
16551508,CHI Bears	 vs. PHI Eagles,Jalen Hurts,Jalen Hurts (PHI),Passes du joueur interceptées Plus/Moins (Incl. Prolongations),2253,73703,1746665091,0.5|PHI|dst:player:242970,4546749098,Jalen Hurts (PHI) moins de 0.5,Jalen Hurts (PHI) moins de 0.5,0.5,1.5264,0,False
16551508,CHI Bears	 vs. PHI Eagles,Jalen Hurts,Jalen Hurts (PHI),"Passes complétées, Joueur (prolongations incluses) ",760,71921,1744204365,18.5|sa:player:nfl-913271|PHI,4538545323,Jalen Hurts (PHI) Plus de 18.5,Jalen Hurts (PHI) Plus de 18.5,18.5,1.9524,0,False
16551508,CHI Bears	 vs. PHI Eagles,Jalen Hurts,Jalen Hurts (PHI),"Passes complétées, Joueur (prolongations incluses) ",760,71921,1744204365,18.5|sa:player:nfl-913271|PHI,4538545324,Jalen Hurts (PHI) moins de 18.5,Jalen Hurts (PHI) moins de 18.5,18.5,1.6897,0,False
16551508,CHI Bears	 vs. PHI Eagles,Case Keenum,Case Keenum (CHI),"Passes complétées, Joueur (prolongations incluses) ",760,71921,1745597087,17.5|sa:player:nfl-338280|CHI,4542900914,Case Keenum (CHI) Plus de 17.5,Case Keenum (CHI) Plus de 17.5,17.5,1.7693,0,False
16551508,CHI Bears	 vs. PHI Eagles,Case Keenum,Case Keenum (CHI),"Passes complétées, Joueur (prolongations incluses) ",760,71921,1745597087,17.5|sa:player:nfl-338280|CHI,4542900915,Case Keenum (CHI) moins de 17.5,Case Keenum (CHI) moins de 17.5,17.5,1.8696,0,False
16551508,CHI Bears	 vs. PHI Eagles,Jalen Hurts,Jalen Hurts (PHI),Tentatives de passes du joueur Plus/Moins (Incl. Prolongations),2252,73702,1744240066,29.5|sa:player:nfl-913271|PHI,4538629734,Jalen Hurts (PHI) Plus de 29.5,Jalen Hurts (PHI) Plus de 29.5,29.5,1.8696,0,False
16551508,CHI Bears	 vs. PHI Eagles,Jalen Hurts,Jalen Hurts (PHI),Tentatives de passes du joueur Plus/Moins (Incl. Prolongations),2252,73702,1744240066,29.5|sa:player:nfl-913271|PHI,4538629735,Jalen Hurts (PHI) moins de 29.5,Jalen Hurts (PHI) moins de 29.5,29.5,1.7693,0,False
16551508,CHI Bears	 vs. PHI Eagles,Case Keenum,Case Keenum (CHI),Tentatives de passes du joueur Plus/Moins (Incl. Prolongations),2252,73702,1745593658,28.5|sa:player:nfl-338280|CHI,4542892540,Case Keenum (CHI) Plus de 28.5,Case Keenum (CHI) Plus de 28.5,28.5,1.7693,0,False
16551508,CHI Bears	 vs. PHI Eagles,Case Keenum,Case Keenum (CHI),Tentatives de passes du joueur Plus/Moins (Incl. Prolongations),2252,73702,1745593658,28.5|sa:player:nfl-338280|CHI,4542892541,Case Keenum (CHI) moins de 28.5,Case Keenum (CHI) moins de 28.5,28.5,1.8696,0,False
16551508,CHI Bears	 vs. PHI Eagles,Devonta Smith,Devonta Smith (PHI),Joueuer Plus longue réception (prolongations incluses) ,2009,72300,1743726200,24.5|sa:player:nfl-1060262|PHI,4537102442,Devonta Smith (PHI) Plus de 24.5,Devonta Smith (PHI) Plus de 24.5,24.5,1.7693,0,False
16551508,CHI Bears	 vs. PHI Eagles,Devonta Smith,Devonta Smith (PHI),Joueuer Plus longue réception (prolongations incluses) ,2009,72300,1743726200,24.5|sa:player:nfl-1060262|PHI,4537102443,Devonta Smith (PHI) moins de 24.5,Devonta Smith (PHI) moins de 24.5,24.5,1.8696,0,False
16551508,CHI Bears	 vs. PHI Eagles,Dontayvion Wicks,Dontayvion Wicks (PHI),Joueuer Plus longue réception (prolongations incluses) ,2009,72300,1744377540,19.5|sa:player:nfl-1172428|PHI,4538984262,Dontayvion Wicks (PHI) Plus de 19.5,Dontayvion Wicks (PHI) Plus de 19.5,19.5,1.8334,0,False
16551508,CHI Bears	 vs. PHI Eagles,Dontayvion Wicks,Dontayvion Wicks (PHI),Joueuer Plus longue réception (prolongations incluses) ,2009,72300,1744377540,19.5|sa:player:nfl-1172428|PHI,4538984263,Dontayvion Wicks (PHI) moins de 19.5,Dontayvion Wicks (PHI) moins de 19.5,19.5,1.8,0,False
16551508,CHI Bears	 vs. PHI Eagles,Makai Lemon,Makai Lemon (PHI),Joueuer Plus longue réception (prolongations incluses) ,2009,72300,1744600644,16.5|sa:player:nfl-1441120|PHI,4539724942,Makai Lemon (PHI) Plus de 16.5,Makai Lemon (PHI) Plus de 16.5,16.5,1.8696,0,False
16551508,CHI Bears	 vs. PHI Eagles,Makai Lemon,Makai Lemon (PHI),Joueuer Plus longue réception (prolongations incluses) ,2009,72300,1744600644,16.5|sa:player:nfl-1441120|PHI,4539724943,Makai Lemon (PHI) moins de 16.5,Makai Lemon (PHI) moins de 16.5,16.5,1.7693,0,False
16551508,CHI Bears	 vs. PHI Eagles,Luther Burden,Luther Burden (CHI),Joueuer Plus longue réception (prolongations incluses) ,2009,72300,1744240067,15.5|sa:player:nfl-1377732|CHI,4538629736,Luther Burden (CHI) Plus de 15.5,Luther Burden (CHI) Plus de 15.5,15.5,1.7693,0,False
16551508,CHI Bears	 vs. PHI Eagles,Luther Burden,Luther Burden (CHI),Joueuer Plus longue réception (prolongations incluses) ,2009,72300,1744240067,15.5|sa:player:nfl-1377732|CHI,4538629737,Luther Burden (CHI) moins de 15.5,Luther Burden (CHI) moins de 15.5,15.5,1.8696,0,False
16551508,CHI Bears	 vs. PHI Eagles,Colston Loveland,Colston Loveland (CHI),Joueuer Plus longue réception (prolongations incluses) ,2009,72300,1744204392,14.5|sa:player:nfl-1378821|CHI,4538545377,Colston Loveland (CHI) Plus de 14.5,Colston Loveland (CHI) Plus de 14.5,14.5,1.8696,0,False
16551508,CHI Bears	 vs. PHI Eagles,Colston Loveland,Colston Loveland (CHI),Joueuer Plus longue réception (prolongations incluses) ,2009,72300,1744204392,14.5|sa:player:nfl-1378821|CHI,4538545378,Colston Loveland (CHI) moins de 14.5,Colston Loveland (CHI) moins de 14.5,14.5,1.7693,0,False
16551508,CHI Bears	 vs. PHI Eagles,Kalif Raymond,Kalif Raymond (CHI),Joueuer Plus longue réception (prolongations incluses) ,2009,72300,1747397311,13.5|sa:player:nfl-692660|CHI,4548929553,Kalif Raymond (CHI) Plus de 13.5,Kalif Raymond (CHI) Plus de 13.5,13.5,1.8,0,False
16551508,CHI Bears	 vs. PHI Eagles,Kalif Raymond,Kalif Raymond (CHI),Joueuer Plus longue réception (prolongations incluses) ,2009,72300,1747397311,13.5|sa:player:nfl-692660|CHI,4548929554,Kalif Raymond (CHI) moins de 13.5,Kalif Raymond (CHI) moins de 13.5,13.5,1.8334,0,False
16551508,CHI Bears	 vs. PHI Eagles,D'Andre Swift,D'Andre Swift (CHI),Joueuer Plus longue réception (prolongations incluses) ,2009,72300,1743053253,8.5|sa:player:nfl-1069808|CHI,4534958632,D'Andre Swift (CHI) moins de 8.5,D'Andre Swift (CHI) moins de 8.5,8.5,1.9091,0,False
16551508,CHI Bears	 vs. PHI Eagles,D'Andre Swift,D'Andre Swift (CHI),Joueuer Plus longue réception (prolongations incluses) ,2009,72300,1743053253,8.5|sa:player:nfl-1069808|CHI,4534958631,D'Andre Swift (CHI) Plus de 8.5,D'Andre Swift (CHI) Plus de 8.5,8.5,1.7408,0,False
16551508,CHI Bears	 vs. PHI Eagles,Saquon Barkley,Saquon Barkley (PHI),Joueuer Plus longue réception (prolongations incluses) ,2009,72300,1744375695,8.5|sa:player:nfl-883302|PHI,4538980969,Saquon Barkley (PHI) Plus de 8.5,Saquon Barkley (PHI) Plus de 8.5,8.5,1.7693,0,False
16551508,CHI Bears	 vs. PHI Eagles,Saquon Barkley,Saquon Barkley (PHI),Joueuer Plus longue réception (prolongations incluses) ,2009,72300,1744375695,8.5|sa:player:nfl-883302|PHI,4538980970,Saquon Barkley (PHI) moins de 8.5,Saquon Barkley (PHI) moins de 8.5,8.5,1.8696,0,False
16551508,CHI Bears	 vs. PHI Eagles,Cole Kmet,Cole Kmet (CHI),Joueuer Plus longue réception (prolongations incluses) ,2009,72300,1743480076,7.5|sa:player:nfl-1066765|CHI,4536202075,Cole Kmet (CHI) Plus de 7.5,Cole Kmet (CHI) Plus de 7.5,7.5,1.7693,0,False
16551508,CHI Bears	 vs. PHI Eagles,Cole Kmet,Cole Kmet (CHI),Joueuer Plus longue réception (prolongations incluses) ,2009,72300,1743480076,7.5|sa:player:nfl-1066765|CHI,4536202076,Cole Kmet (CHI) moins de 7.5,Cole Kmet (CHI) moins de 7.5,7.5,1.8696,0,False
16551508,CHI Bears	 vs. PHI Eagles,Zach Ertz,Zach Ertz (PHI),Joueuer Plus longue réception (prolongations incluses) ,2009,72300,1753540986,7.5|sa:player:nfl-503177|PHI,4567368922,Zach Ertz (PHI) Plus de 7.5,Zach Ertz (PHI) Plus de 7.5,7.5,1.9091,0,False
16551508,CHI Bears	 vs. PHI Eagles,Zach Ertz,Zach Ertz (PHI),Joueuer Plus longue réception (prolongations incluses) ,2009,72300,1753540986,7.5|sa:player:nfl-503177|PHI,4567368923,Zach Ertz (PHI) moins de 7.5,Zach Ertz (PHI) moins de 7.5,7.5,1.7408,0,False
16551508,CHI Bears	 vs. PHI Eagles,Johnny Mundt,Johnny Mundt (PHI),Joueuer Plus longue réception (prolongations incluses) ,2009,72300,1754217163,6.5|sa:player:nfl-740704|PHI,4569518328,Johnny Mundt (PHI) moins de 6.5,Johnny Mundt (PHI) moins de 6.5,6.5,1.8696,0,False
16551508,CHI Bears	 vs. PHI Eagles,Johnny Mundt,Johnny Mundt (PHI),Joueuer Plus longue réception (prolongations incluses) ,2009,72300,1754217163,6.5|sa:player:nfl-740704|PHI,4569518327,Johnny Mundt (PHI) Plus de 6.5,Johnny Mundt (PHI) Plus de 6.5,6.5,1.7693,0,False
16551508,CHI Bears	 vs. PHI Eagles,Kyle Monangai,Kyle Monangai (CHI),Joueuer Plus longue réception (prolongations incluses) ,2009,72300,1743053533,6.5|sa:player:nfl-1250886|CHI,4534959123,Kyle Monangai (CHI) Plus de 6.5,Kyle Monangai (CHI) Plus de 6.5,6.5,1.8696,0,False
16551508,CHI Bears	 vs. PHI Eagles,Kyle Monangai,Kyle Monangai (CHI),Joueuer Plus longue réception (prolongations incluses) ,2009,72300,1743053533,6.5|sa:player:nfl-1250886|CHI,4534959124,Kyle Monangai (CHI) moins de 6.5,Kyle Monangai (CHI) moins de 6.5,6.5,1.7693,0,False
16551508,CHI Bears	 vs. PHI Eagles,Will Shipley,Will Shipley (PHI),Joueuer Plus longue réception (prolongations incluses) ,2009,72300,1744198548,2.5|sa:player:nfl-1287636|PHI,4538530546,Will Shipley (PHI) Plus de 2.5,Will Shipley (PHI) Plus de 2.5,2.5,1.8696,0,False
16551508,CHI Bears	 vs. PHI Eagles,Will Shipley,Will Shipley (PHI),Joueuer Plus longue réception (prolongations incluses) ,2009,72300,1744198548,2.5|sa:player:nfl-1287636|PHI,4538530547,Will Shipley (PHI) moins de 2.5,Will Shipley (PHI) moins de 2.5,2.5,1.7693,0,False
16551508,CHI Bears	 vs. PHI Eagles,Tank Bigsby,Tank Bigsby (PHI),Joueuer Plus longue réception (prolongations incluses) ,2009,72300,1743053448,0.5|sa:player:nfl-1215035|PHI,4534958974,Tank Bigsby (PHI) Plus de 0.5,Tank Bigsby (PHI) Plus de 0.5,0.5,3.1,0,False
16551508,CHI Bears	 vs. PHI Eagles,Tank Bigsby,Tank Bigsby (PHI),Joueuer Plus longue réception (prolongations incluses) ,2009,72300,1743053448,0.5|sa:player:nfl-1215035|PHI,4534958975,Tank Bigsby (PHI) moins de 0.5,Tank Bigsby (PHI) moins de 0.5,0.5,1.2858,0,False
16551508,CHI Bears	 vs. PHI Eagles,Jalen Hurts,Jalen Hurts (PHI),Joueur Plus longue passe complétée (prolongations incluses) ,2001,72292,1743866278,38.5|sa:player:nfl-913271|PHI,4537671945,Jalen Hurts (PHI) Plus de 38.5,Jalen Hurts (PHI) Plus de 38.5,38.5,1.8334,0,False
16551508,CHI Bears	 vs. PHI Eagles,Jalen Hurts,Jalen Hurts (PHI),Joueur Plus longue passe complétée (prolongations incluses) ,2001,72292,1743866278,38.5|sa:player:nfl-913271|PHI,4537671946,Jalen Hurts (PHI) moins de 38.5,Jalen Hurts (PHI) moins de 38.5,38.5,1.8,0,False
16551508,CHI Bears	 vs. PHI Eagles,Case Keenum,Case Keenum (CHI),Joueur Plus longue passe complétée (prolongations incluses) ,2001,72292,1747037935,28.5|sa:player:nfl-338280|CHI,4547713986,Case Keenum (CHI) Plus de 28.5,Case Keenum (CHI) Plus de 28.5,28.5,1.7693,0,False
16551508,CHI Bears	 vs. PHI Eagles,Case Keenum,Case Keenum (CHI),Joueur Plus longue passe complétée (prolongations incluses) ,2001,72292,1747037935,28.5|sa:player:nfl-338280|CHI,4547713987,Case Keenum (CHI) moins de 28.5,Case Keenum (CHI) moins de 28.5,28.5,1.8696,0,False
16551508,CHI Bears	 vs. PHI Eagles,Jake Elliott,Jake Elliott (PHI),Points de tir du joueur Plus/Moins (prolongations incluses) ,2003,72294,1743052914,6.5|sa:player:nfl-746154|PHI,4534958035,Jake Elliott (PHI) Plus de 6.5,Jake Elliott (PHI) Plus de 6.5,6.5,1.7408,0,False
16551508,CHI Bears	 vs. PHI Eagles,Jake Elliott,Jake Elliott (PHI),Points de tir du joueur Plus/Moins (prolongations incluses) ,2003,72294,1743052914,6.5|sa:player:nfl-746154|PHI,4534958036,Jake Elliott (PHI) moins de 6.5,Jake Elliott (PHI) moins de 6.5,6.5,1.9091,0,False
16551508,CHI Bears	 vs. PHI Eagles,Cairo Santos,Cairo Santos (CHI),Points de tir du joueur Plus/Moins (prolongations incluses) ,2003,72294,1744204357,5.5|sa:player:nfl-546669|CHI,4538545307,Cairo Santos (CHI) Plus de 5.5,Cairo Santos (CHI) Plus de 5.5,5.5,1.6667,0,False
16551508,CHI Bears	 vs. PHI Eagles,Cairo Santos,Cairo Santos (CHI),Points de tir du joueur Plus/Moins (prolongations incluses) ,2003,72294,1744204357,5.5|sa:player:nfl-546669|CHI,4538545308,Cairo Santos (CHI) moins de 5.5,Cairo Santos (CHI) moins de 5.5,5.5,2.0,0,False
16551508,CHI Bears	 vs. PHI Eagles,Jake Elliott,Jake Elliott (PHI),Field goals du joueur (prolongations incluses) ,769,71927,1743052912,1.5|sa:player:nfl-746154|PHI,4534958032,Jake Elliott (PHI) moins de 1.5,Jake Elliott (PHI) moins de 1.5,1.5,1.7693,0,False
16551508,CHI Bears	 vs. PHI Eagles,Jake Elliott,Jake Elliott (PHI),Field goals du joueur (prolongations incluses) ,769,71927,1743052912,1.5|sa:player:nfl-746154|PHI,4534958031,Jake Elliott (PHI) Plus de 1.5,Jake Elliott (PHI) Plus de 1.5,1.5,1.8696,0,False
16551508,CHI Bears	 vs. PHI Eagles,Cairo Santos,Cairo Santos (CHI),Field goals du joueur (prolongations incluses) ,769,71927,1743052838,1.5|sa:player:nfl-546669|CHI,4534957904,Cairo Santos (CHI) Plus de 1.5,Cairo Santos (CHI) Plus de 1.5,1.5,1.9524,0,False
16551508,CHI Bears	 vs. PHI Eagles,Cairo Santos,Cairo Santos (CHI),Field goals du joueur (prolongations incluses) ,769,71927,1743052838,1.5|sa:player:nfl-546669|CHI,4534957905,Cairo Santos (CHI) moins de 1.5,Cairo Santos (CHI) moins de 1.5,1.5,1.6897,0,False
16551508,CHI Bears	 vs. PHI Eagles,Marcus Epps,Marcus Epps (PHI),Interceptions défensives Plus/Moins (prolongations incluses),3304,73828,1743052962,0.5|sa:player:nfl-840324|PHI,4534958120,Marcus Epps (PHI) moins de 0.5,Marcus Epps (PHI) moins de 0.5,0.5,1.0834,0,False
16551508,CHI Bears	 vs. PHI Eagles,Marcus Epps,Marcus Epps (PHI),Interceptions défensives Plus/Moins (prolongations incluses),3304,73828,1743052962,0.5|sa:player:nfl-840324|PHI,4534958119,Marcus Epps (PHI) Plus de 0.5,Marcus Epps (PHI) Plus de 0.5,0.5,5.75,0,False
16551508,CHI Bears	 vs. PHI Eagles,Quinyon Mitchell,Quinyon Mitchell (PHI),Interceptions défensives Plus/Moins (prolongations incluses),3304,73828,1743053443,0.5|sa:player:nfl-1214662|PHI,4534958965,Quinyon Mitchell (PHI) Plus de 0.5,Quinyon Mitchell (PHI) Plus de 0.5,0.5,5.75,0,False
16551508,CHI Bears	 vs. PHI Eagles,Quinyon Mitchell,Quinyon Mitchell (PHI),Interceptions défensives Plus/Moins (prolongations incluses),3304,73828,1743053443,0.5|sa:player:nfl-1214662|PHI,4534958966,Quinyon Mitchell (PHI) moins de 0.5,Quinyon Mitchell (PHI) moins de 0.5,0.5,1.0834,0,False
16551508,CHI Bears	 vs. PHI Eagles,Jihaad Campbell,Jihaad Campbell (PHI),Interceptions défensives Plus/Moins (prolongations incluses),3304,73828,1743053816,0.5|sa:player:nfl-1378908|PHI,4534959619,Jihaad Campbell (PHI) Plus de 0.5,Jihaad Campbell (PHI) Plus de 0.5,0.5,6.0,0,False
16551508,CHI Bears	 vs. PHI Eagles,Jihaad Campbell,Jihaad Campbell (PHI),Interceptions défensives Plus/Moins (prolongations incluses),3304,73828,1743053816,0.5|sa:player:nfl-1378908|PHI,4534959620,Jihaad Campbell (PHI) moins de 0.5,Jihaad Campbell (PHI) moins de 0.5,0.5,1.0715,0,False
16551508,CHI Bears	 vs. PHI Eagles,Tariq Woolen,Tariq Woolen (PHI),Interceptions défensives Plus/Moins (prolongations incluses),3304,73828,1743053211,0.5|sa:player:nfl-1063262|PHI,4534958560,Tariq Woolen (PHI) moins de 0.5,Tariq Woolen (PHI) moins de 0.5,0.5,1.0715,0,False
16551508,CHI Bears	 vs. PHI Eagles,Tariq Woolen,Tariq Woolen (PHI),Interceptions défensives Plus/Moins (prolongations incluses),3304,73828,1743053211,0.5|sa:player:nfl-1063262|PHI,4534958559,Tariq Woolen (PHI) Plus de 0.5,Tariq Woolen (PHI) Plus de 0.5,0.5,6.0,0,False
16551508,CHI Bears	 vs. PHI Eagles,Cameron Lewis,Cameron Lewis (CHI),Interceptions défensives Plus/Moins (prolongations incluses),3304,73828,1743052984,0.5|sa:player:nfl-881054|CHI,4534958160,Cameron Lewis (CHI) moins de 0.5,Cameron Lewis (CHI) moins de 0.5,0.5,1.0625,0,False
16551508,CHI Bears	 vs. PHI Eagles,Cameron Lewis,Cameron Lewis (CHI),Interceptions défensives Plus/Moins (prolongations incluses),3304,73828,1743052984,0.5|sa:player:nfl-881054|CHI,4534958159,Cameron Lewis (CHI) Plus de 0.5,Cameron Lewis (CHI) Plus de 0.5,0.5,6.25,0,False
16551508,CHI Bears	 vs. PHI Eagles,Cooper DeJean,Cooper DeJean (PHI),Interceptions défensives Plus/Moins (prolongations incluses),3304,73828,1743053691,0.5|sa:player:nfl-1305870|PHI,4534959408,Cooper DeJean (PHI) Plus de 0.5,Cooper DeJean (PHI) Plus de 0.5,0.5,6.75,0,False
16551508,CHI Bears	 vs. PHI Eagles,Cooper DeJean,Cooper DeJean (PHI),Interceptions défensives Plus/Moins (prolongations incluses),3304,73828,1743053691,0.5|sa:player:nfl-1305870|PHI,4534959409,Cooper DeJean (PHI) moins de 0.5,Cooper DeJean (PHI) moins de 0.5,0.5,1.05,0,False
16551508,CHI Bears	 vs. PHI Eagles,Jaylon Johnson,Jaylon Johnson (CHI),Interceptions défensives Plus/Moins (prolongations incluses),3304,73828,1743053155,0.5|sa:player:nfl-1052309|CHI,4534958461,Jaylon Johnson (CHI) Plus de 0.5,Jaylon Johnson (CHI) Plus de 0.5,0.5,6.75,0,False
16551508,CHI Bears	 vs. PHI Eagles,Jaylon Johnson,Jaylon Johnson (CHI),Interceptions défensives Plus/Moins (prolongations incluses),3304,73828,1743053155,0.5|sa:player:nfl-1052309|CHI,4534958462,Jaylon Johnson (CHI) moins de 0.5,Jaylon Johnson (CHI) moins de 0.5,0.5,1.05,0,False
16551508,CHI Bears	 vs. PHI Eagles,Andrew Mukuba,Andrew Mukuba (PHI),Interceptions défensives Plus/Moins (prolongations incluses),3304,73828,1743053674,0.5|sa:player:nfl-1287637|PHI,4534959377,Andrew Mukuba (PHI) Plus de 0.5,Andrew Mukuba (PHI) Plus de 0.5,0.5,7.25,0,False
16551508,CHI Bears	 vs. PHI Eagles,Andrew Mukuba,Andrew Mukuba (PHI),Interceptions défensives Plus/Moins (prolongations incluses),3304,73828,1743053674,0.5|sa:player:nfl-1287637|PHI,4534959378,Andrew Mukuba (PHI) moins de 0.5,Andrew Mukuba (PHI) moins de 0.5,0.5,1.04,0,False
16551508,CHI Bears	 vs. PHI Eagles,Devin Bush,Devin Bush (CHI),Interceptions défensives Plus/Moins (prolongations incluses),3304,73828,1743053031,0.5|sa:player:nfl-910976|CHI,4534958243,Devin Bush (CHI) Plus de 0.5,Devin Bush (CHI) Plus de 0.5,0.5,7.25,0,False
16551508,CHI Bears	 vs. PHI Eagles,Devin Bush,Devin Bush (CHI),Interceptions défensives Plus/Moins (prolongations incluses),3304,73828,1743053031,0.5|sa:player:nfl-910976|CHI,4534958244,Devin Bush (CHI) moins de 0.5,Devin Bush (CHI) moins de 0.5,0.5,1.04,0,False
16551508,CHI Bears	 vs. PHI Eagles,Dillon Thieneman,Dillon Thieneman (CHI),Interceptions défensives Plus/Moins (prolongations incluses),3304,73828,1743053888,0.5|sa:player:nfl-1441920|CHI,4534959742,Dillon Thieneman (CHI) Plus de 0.5,Dillon Thieneman (CHI) Plus de 0.5,0.5,7.25,0,False
16551508,CHI Bears	 vs. PHI Eagles,Dillon Thieneman,Dillon Thieneman (CHI),Interceptions défensives Plus/Moins (prolongations incluses),3304,73828,1743053888,0.5|sa:player:nfl-1441920|CHI,4534959743,Dillon Thieneman (CHI) moins de 0.5,Dillon Thieneman (CHI) moins de 0.5,0.5,1.04,0,False
16551508,CHI Bears	 vs. PHI Eagles,Tyrique Stevenson,Tyrique Stevenson (CHI),Interceptions défensives Plus/Moins (prolongations incluses),3304,73828,1743053367,0.5|sa:player:nfl-1172056|CHI,4534958835,Tyrique Stevenson (CHI) Plus de 0.5,Tyrique Stevenson (CHI) Plus de 0.5,0.5,7.25,0,False
16551508,CHI Bears	 vs. PHI Eagles,Tyrique Stevenson,Tyrique Stevenson (CHI),Interceptions défensives Plus/Moins (prolongations incluses),3304,73828,1743053367,0.5|sa:player:nfl-1172056|CHI,4534958836,Tyrique Stevenson (CHI) moins de 0.5,Tyrique Stevenson (CHI) moins de 0.5,0.5,1.04,0,False
16551508,CHI Bears	 vs. PHI Eagles,Zack Baun,Zack Baun (PHI),Interceptions défensives Plus/Moins (prolongations incluses),3304,73828,1743052978,0.5|sa:player:nfl-880307|PHI,4534958148,Zack Baun (PHI) Plus de 0.5,Zack Baun (PHI) Plus de 0.5,0.5,7.25,0,False
16551508,CHI Bears	 vs. PHI Eagles,Zack Baun,Zack Baun (PHI),Interceptions défensives Plus/Moins (prolongations incluses),3304,73828,1743052978,0.5|sa:player:nfl-880307|PHI,4534958149,Zack Baun (PHI) moins de 0.5,Zack Baun (PHI) moins de 0.5,0.5,1.04,0,False
16551508,CHI Bears	 vs. PHI Eagles,T.J. Edwards,T.J. Edwards (CHI),Interceptions défensives Plus/Moins (prolongations incluses),3304,73828,1743052951,0.5|sa:player:nfl-836191|CHI,4534958099,T.J. Edwards (CHI) Plus de 0.5,T.J. Edwards (CHI) Plus de 0.5,0.5,9.0,0,False
16551508,CHI Bears	 vs. PHI Eagles,T.J. Edwards,T.J. Edwards (CHI),Interceptions défensives Plus/Moins (prolongations incluses),3304,73828,1743052951,0.5|sa:player:nfl-836191|CHI,4534958100,T.J. Edwards (CHI) moins de 0.5,T.J. Edwards (CHI) moins de 0.5,0.5,0.0,7,False
16551508,CHI Bears	 vs. PHI Eagles,D'Andre Swift,D'Andre Swift (CHI),1ère mi-temps - Total de yards à la course du joueur Plus/Moins,31470,77064,1744198538,31.5|sa:player:nfl-1069808|CHI,4538530526,D'Andre Swift (CHI) Plus de 31.5,D'Andre Swift (CHI) Plus de 31.5,31.5,1.8334,0,False
16551508,CHI Bears	 vs. PHI Eagles,D'Andre Swift,D'Andre Swift (CHI),1ère mi-temps - Total de yards à la course du joueur Plus/Moins,31470,77064,1744198538,31.5|sa:player:nfl-1069808|CHI,4538530527,D'Andre Swift (CHI) moins de 31.5,D'Andre Swift (CHI) moins de 31.5,31.5,1.7693,0,False
16551508,CHI Bears	 vs. PHI Eagles,Saquon Barkley,Saquon Barkley (PHI),1ère mi-temps - Total de yards à la course du joueur Plus/Moins,31470,77064,1747031731,31.5|sa:player:nfl-883302|PHI,4547698856,Saquon Barkley (PHI) Plus de 31.5,Saquon Barkley (PHI) Plus de 31.5,31.5,1.8334,0,False
16551508,CHI Bears	 vs. PHI Eagles,Saquon Barkley,Saquon Barkley (PHI),1ère mi-temps - Total de yards à la course du joueur Plus/Moins,31470,77064,1747031731,31.5|sa:player:nfl-883302|PHI,4547698857,Saquon Barkley (PHI) moins de 31.5,Saquon Barkley (PHI) moins de 31.5,31.5,1.7693,0,False
16551508,CHI Bears	 vs. PHI Eagles,Kyle Monangai,Kyle Monangai (CHI),1ère mi-temps - Total de yards à la course du joueur Plus/Moins,31470,77064,1745593511,19.5|sa:player:nfl-1250886|CHI,4542892204,Kyle Monangai (CHI) Plus de 19.5,Kyle Monangai (CHI) Plus de 19.5,19.5,1.8334,0,False
16551508,CHI Bears	 vs. PHI Eagles,Kyle Monangai,Kyle Monangai (CHI),1ère mi-temps - Total de yards à la course du joueur Plus/Moins,31470,77064,1745593511,19.5|sa:player:nfl-1250886|CHI,4542892205,Kyle Monangai (CHI) moins de 19.5,Kyle Monangai (CHI) moins de 19.5,19.5,1.7693,0,False
16551508,CHI Bears	 vs. PHI Eagles,Jalen Hurts,Jalen Hurts (PHI),1ère mi-temps - Total de yards à la course du joueur Plus/Moins,31470,77064,1743866280,10.5|sa:player:nfl-913271|PHI,4537671949,Jalen Hurts (PHI) Plus de 10.5,Jalen Hurts (PHI) Plus de 10.5,10.5,1.7693,0,False
16551508,CHI Bears	 vs. PHI Eagles,Jalen Hurts,Jalen Hurts (PHI),1ère mi-temps - Total de yards à la course du joueur Plus/Moins,31470,77064,1743866280,10.5|sa:player:nfl-913271|PHI,4537671950,Jalen Hurts (PHI) moins de 10.5,Jalen Hurts (PHI) moins de 10.5,10.5,1.8334,0,False
16551508,CHI Bears	 vs. PHI Eagles,Tank Bigsby,Tank Bigsby (PHI),1ère mi-temps - Total de yards à la course du joueur Plus/Moins,31470,77064,1750175659,3.5|sa:player:nfl-1215035|PHI,4557939832,Tank Bigsby (PHI) Plus de 3.5,Tank Bigsby (PHI) Plus de 3.5,3.5,1.7693,0,False
16551508,CHI Bears	 vs. PHI Eagles,Tank Bigsby,Tank Bigsby (PHI),1ère mi-temps - Total de yards à la course du joueur Plus/Moins,31470,77064,1750175659,3.5|sa:player:nfl-1215035|PHI,4557939833,Tank Bigsby (PHI) moins de 3.5,Tank Bigsby (PHI) moins de 3.5,3.5,1.8334,0,False
16551508,CHI Bears	 vs. PHI Eagles,Case Keenum,Case Keenum (CHI),1ère mi-temps - Total de yards à la course du joueur Plus/Moins,31470,77064,1750158374,1.5|sa:player:nfl-338280|CHI,4557897393,Case Keenum (CHI) Plus de 1.5,Case Keenum (CHI) Plus de 1.5,1.5,1.8334,0,False
16551508,CHI Bears	 vs. PHI Eagles,Case Keenum,Case Keenum (CHI),1ère mi-temps - Total de yards à la course du joueur Plus/Moins,31470,77064,1750158374,1.5|sa:player:nfl-338280|CHI,4557897394,Case Keenum (CHI) moins de 1.5,Case Keenum (CHI) moins de 1.5,1.5,1.7693,0,False
16551508,CHI Bears	 vs. PHI Eagles,Will Shipley,Will Shipley (PHI),1ère mi-temps - Total de yards à la course du joueur Plus/Moins,31470,77064,1743053646,0.5|sa:player:nfl-1287636|PHI,4534959330,Will Shipley (PHI) Plus de 0.5,Will Shipley (PHI) Plus de 0.5,0.5,2.0,0,False
16551508,CHI Bears	 vs. PHI Eagles,Will Shipley,Will Shipley (PHI),1ère mi-temps - Total de yards à la course du joueur Plus/Moins,31470,77064,1743053646,0.5|sa:player:nfl-1287636|PHI,4534959331,Will Shipley (PHI) moins de 0.5,Will Shipley (PHI) moins de 0.5,0.5,1.6471,0,False
16551508,CHI Bears	 vs. PHI Eagles,Saquon Barkley,Saquon Barkley (PHI),1ère mi-temps - Touchdowns de course du joueur Plus / Moins,31473,77067,1743053006,0.5|sa:player:nfl-883302|PHI,4534958202,Saquon Barkley (PHI) Plus de 0.5,Saquon Barkley (PHI) Plus de 0.5,0.5,3.4,0,False
16551508,CHI Bears	 vs. PHI Eagles,Saquon Barkley,Saquon Barkley (PHI),1ère mi-temps - Touchdowns de course du joueur Plus / Moins,31473,77067,1743053006,0.5|sa:player:nfl-883302|PHI,4534958203,Saquon Barkley (PHI) moins de 0.5,Saquon Barkley (PHI) moins de 0.5,0.5,1.2223,0,False
16551508,CHI Bears	 vs. PHI Eagles,D'Andre Swift,D'Andre Swift (CHI),1ère mi-temps - Touchdowns de course du joueur Plus / Moins,31473,77067,1743053270,0.5|sa:player:nfl-1069808|CHI,4534958665,D'Andre Swift (CHI) Plus de 0.5,D'Andre Swift (CHI) Plus de 0.5,0.5,4.0,0,False
16551508,CHI Bears	 vs. PHI Eagles,D'Andre Swift,D'Andre Swift (CHI),1ère mi-temps - Touchdowns de course du joueur Plus / Moins,31473,77067,1743053270,0.5|sa:player:nfl-1069808|CHI,4534958666,D'Andre Swift (CHI) moins de 0.5,D'Andre Swift (CHI) moins de 0.5,0.5,1.1667,0,False
16551508,CHI Bears	 vs. PHI Eagles,Jalen Hurts,Jalen Hurts (PHI),1ère mi-temps - Touchdowns de course du joueur Plus / Moins,31473,77067,1743053067,0.5|sa:player:nfl-913271|PHI,4534958314,Jalen Hurts (PHI) Plus de 0.5,Jalen Hurts (PHI) Plus de 0.5,0.5,4.0,0,False
16551508,CHI Bears	 vs. PHI Eagles,Jalen Hurts,Jalen Hurts (PHI),1ère mi-temps - Touchdowns de course du joueur Plus / Moins,31473,77067,1743053067,0.5|sa:player:nfl-913271|PHI,4534958315,Jalen Hurts (PHI) moins de 0.5,Jalen Hurts (PHI) moins de 0.5,0.5,1.1667,0,False
16551508,CHI Bears	 vs. PHI Eagles,Kyle Monangai,Kyle Monangai (CHI),1ère mi-temps - Touchdowns de course du joueur Plus / Moins,31473,77067,1743053550,0.5|sa:player:nfl-1250886|CHI,4534959157,Kyle Monangai (CHI) Plus de 0.5,Kyle Monangai (CHI) Plus de 0.5,0.5,5.0,0,False
16551508,CHI Bears	 vs. PHI Eagles,Kyle Monangai,Kyle Monangai (CHI),1ère mi-temps - Touchdowns de course du joueur Plus / Moins,31473,77067,1743053550,0.5|sa:player:nfl-1250886|CHI,4534959158,Kyle Monangai (CHI) moins de 0.5,Kyle Monangai (CHI) moins de 0.5,0.5,1.1,0,False
16551508,CHI Bears	 vs. PHI Eagles,Tank Bigsby,Tank Bigsby (PHI),1ère mi-temps - Touchdowns de course du joueur Plus / Moins,31473,77067,1743053465,0.5|sa:player:nfl-1215035|PHI,4534959008,Tank Bigsby (PHI) Plus de 0.5,Tank Bigsby (PHI) Plus de 0.5,0.5,7.75,0,False
16551508,CHI Bears	 vs. PHI Eagles,Tank Bigsby,Tank Bigsby (PHI),1ère mi-temps - Touchdowns de course du joueur Plus / Moins,31473,77067,1743053465,0.5|sa:player:nfl-1215035|PHI,4534959009,Tank Bigsby (PHI) moins de 0.5,Tank Bigsby (PHI) moins de 0.5,0.5,1.02,0,False
16551508,CHI Bears	 vs. PHI Eagles,Case Keenum,Case Keenum (CHI),1ère mi-temps - Touchdowns de course du joueur Plus / Moins,31473,77067,1744197227,0.5|sa:player:nfl-338280|CHI,4538527395,Case Keenum (CHI) Plus de 0.5,Case Keenum (CHI) Plus de 0.5,0.5,8.5,0,False
16551508,CHI Bears	 vs. PHI Eagles,Case Keenum,Case Keenum (CHI),1ère mi-temps - Touchdowns de course du joueur Plus / Moins,31473,77067,1744197227,0.5|sa:player:nfl-338280|CHI,4538527396,Case Keenum (CHI) moins de 0.5,Case Keenum (CHI) moins de 0.5,0.5,1.01,0,False
16551508,CHI Bears	 vs. PHI Eagles,Will Shipley,Will Shipley (PHI),1ère mi-temps - Touchdowns de course du joueur Plus / Moins,31473,77067,1743053649,0.5|sa:player:nfl-1287636|PHI,4534959336,Will Shipley (PHI) Plus de 0.5,Will Shipley (PHI) Plus de 0.5,0.5,8.5,0,False
16551508,CHI Bears	 vs. PHI Eagles,Will Shipley,Will Shipley (PHI),1ère mi-temps - Touchdowns de course du joueur Plus / Moins,31473,77067,1743053649,0.5|sa:player:nfl-1287636|PHI,4534959337,Will Shipley (PHI) moins de 0.5,Will Shipley (PHI) moins de 0.5,0.5,0.0,7,False
16551508,CHI Bears	 vs. PHI Eagles,Saquon Barkley,Saquon Barkley (PHI),1ère mi-temps - Tentatives de rushing du joueur Plus/Moins,31482,77076,1743053009,7.5|sa:player:nfl-883302|PHI,4534958208,Saquon Barkley (PHI) Plus de 7.5,Saquon Barkley (PHI) Plus de 7.5,7.5,1.6471,0,False
16551508,CHI Bears	 vs. PHI Eagles,Saquon Barkley,Saquon Barkley (PHI),1ère mi-temps - Tentatives de rushing du joueur Plus/Moins,31482,77076,1743053009,7.5|sa:player:nfl-883302|PHI,4534958209,Saquon Barkley (PHI) moins de 7.5,Saquon Barkley (PHI) moins de 7.5,7.5,2.0,0,False
16551508,CHI Bears	 vs. PHI Eagles,D'Andre Swift,D'Andre Swift (CHI),1ère mi-temps - Tentatives de rushing du joueur Plus/Moins,31482,77076,1744197275,7.5|sa:player:nfl-1069808|CHI,4538527482,D'Andre Swift (CHI) Plus de 7.5,D'Andre Swift (CHI) Plus de 7.5,7.5,1.6667,0,False
16551508,CHI Bears	 vs. PHI Eagles,D'Andre Swift,D'Andre Swift (CHI),1ère mi-temps - Tentatives de rushing du joueur Plus/Moins,31482,77076,1744197275,7.5|sa:player:nfl-1069808|CHI,4538527483,D'Andre Swift (CHI) moins de 7.5,D'Andre Swift (CHI) moins de 7.5,7.5,1.9524,0,False
16551508,CHI Bears	 vs. PHI Eagles,Kyle Monangai,Kyle Monangai (CHI),1ère mi-temps - Tentatives de rushing du joueur Plus/Moins,31482,77076,1744197295,4.5|sa:player:nfl-1250886|CHI,4538527522,Kyle Monangai (CHI) Plus de 4.5,Kyle Monangai (CHI) Plus de 4.5,4.5,1.6061,0,False
16551508,CHI Bears	 vs. PHI Eagles,Kyle Monangai,Kyle Monangai (CHI),1ère mi-temps - Tentatives de rushing du joueur Plus/Moins,31482,77076,1744197295,4.5|sa:player:nfl-1250886|CHI,4538527523,Kyle Monangai (CHI) moins de 4.5,Kyle Monangai (CHI) moins de 4.5,4.5,2.05,0,False
16551508,CHI Bears	 vs. PHI Eagles,Jalen Hurts,Jalen Hurts (PHI),1ère mi-temps - Tentatives de rushing du joueur Plus/Moins,31482,77076,1743053070,2.5|sa:player:nfl-913271|PHI,4534958320,Jalen Hurts (PHI) Plus de 2.5,Jalen Hurts (PHI) Plus de 2.5,2.5,1.7693,0,False
16551508,CHI Bears	 vs. PHI Eagles,Jalen Hurts,Jalen Hurts (PHI),1ère mi-temps - Tentatives de rushing du joueur Plus/Moins,31482,77076,1743053070,2.5|sa:player:nfl-913271|PHI,4534958321,Jalen Hurts (PHI) moins de 2.5,Jalen Hurts (PHI) moins de 2.5,2.5,1.8334,0,False
16551508,CHI Bears	 vs. PHI Eagles,Tank Bigsby,Tank Bigsby (PHI),1ère mi-temps - Tentatives de rushing du joueur Plus/Moins,31482,77076,1743053468,1.5|sa:player:nfl-1215035|PHI,4534959014,Tank Bigsby (PHI) Plus de 1.5,Tank Bigsby (PHI) Plus de 1.5,1.5,1.8696,0,False
16551508,CHI Bears	 vs. PHI Eagles,Tank Bigsby,Tank Bigsby (PHI),1ère mi-temps - Tentatives de rushing du joueur Plus/Moins,31482,77076,1743053468,1.5|sa:player:nfl-1215035|PHI,4534959015,Tank Bigsby (PHI) moins de 1.5,Tank Bigsby (PHI) moins de 1.5,1.5,1.7408,0,False
16551508,CHI Bears	 vs. PHI Eagles,Case Keenum,Case Keenum (CHI),1ère mi-temps - Tentatives de rushing du joueur Plus/Moins,31482,77076,1744197230,0.5|sa:player:nfl-338280|CHI,4538527401,Case Keenum (CHI) Plus de 0.5,Case Keenum (CHI) Plus de 0.5,0.5,1.4,0,False
16551508,CHI Bears	 vs. PHI Eagles,Case Keenum,Case Keenum (CHI),1ère mi-temps - Tentatives de rushing du joueur Plus/Moins,31482,77076,1744197230,0.5|sa:player:nfl-338280|CHI,4538527402,Case Keenum (CHI) moins de 0.5,Case Keenum (CHI) moins de 0.5,0.5,2.55,0,False
16551508,CHI Bears	 vs. PHI Eagles,Will Shipley,Will Shipley (PHI),1ère mi-temps - Tentatives de rushing du joueur Plus/Moins,31482,77076,1743053652,0.5|sa:player:nfl-1287636|PHI,4534959342,Will Shipley (PHI) Plus de 0.5,Will Shipley (PHI) Plus de 0.5,0.5,1.7693,0,False
16551508,CHI Bears	 vs. PHI Eagles,Will Shipley,Will Shipley (PHI),1ère mi-temps - Tentatives de rushing du joueur Plus/Moins,31482,77076,1743053652,0.5|sa:player:nfl-1287636|PHI,4534959343,Will Shipley (PHI) moins de 0.5,Will Shipley (PHI) moins de 0.5,0.5,1.8334,0,False
16551508,CHI Bears	 vs. PHI Eagles,D'Andre Swift,D'Andre Swift (CHI),1ère mi-temps - Yards rushing et receiving du joueur - Plus/Moins,31488,77082,1750068643,38.5|sa:player:nfl-1069808|CHI,4557677272,D'Andre Swift (CHI) moins de 38.5,D'Andre Swift (CHI) moins de 38.5,38.5,1.8334,0,False
16551508,CHI Bears	 vs. PHI Eagles,D'Andre Swift,D'Andre Swift (CHI),1ère mi-temps - Yards rushing et receiving du joueur - Plus/Moins,31488,77082,1750068643,38.5|sa:player:nfl-1069808|CHI,4557677271,D'Andre Swift (CHI) Plus de 38.5,D'Andre Swift (CHI) Plus de 38.5,38.5,1.7693,0,False
16551508,CHI Bears	 vs. PHI Eagles,Saquon Barkley,Saquon Barkley (PHI),1ère mi-temps - Yards rushing et receiving du joueur - Plus/Moins,31488,77082,1744375267,38.5|sa:player:nfl-883302|PHI,4538978779,Saquon Barkley (PHI) Plus de 38.5,Saquon Barkley (PHI) Plus de 38.5,38.5,1.7693,0,False
16551508,CHI Bears	 vs. PHI Eagles,Saquon Barkley,Saquon Barkley (PHI),1ère mi-temps - Yards rushing et receiving du joueur - Plus/Moins,31488,77082,1744375267,38.5|sa:player:nfl-883302|PHI,4538978780,Saquon Barkley (PHI) moins de 38.5,Saquon Barkley (PHI) moins de 38.5,38.5,1.8334,0,False
16551508,CHI Bears	 vs. PHI Eagles,Kyle Monangai,Kyle Monangai (CHI),1ère mi-temps - Yards rushing et receiving du joueur - Plus/Moins,31488,77082,1747088069,24.5|sa:player:nfl-1250886|CHI,4547900764,Kyle Monangai (CHI) Plus de 24.5,Kyle Monangai (CHI) Plus de 24.5,24.5,1.8334,0,False
16551508,CHI Bears	 vs. PHI Eagles,Kyle Monangai,Kyle Monangai (CHI),1ère mi-temps - Yards rushing et receiving du joueur - Plus/Moins,31488,77082,1747088069,24.5|sa:player:nfl-1250886|CHI,4547900765,Kyle Monangai (CHI) moins de 24.5,Kyle Monangai (CHI) moins de 24.5,24.5,1.7693,0,False
16551508,CHI Bears	 vs. PHI Eagles,Tank Bigsby,Tank Bigsby (PHI),1ère mi-temps - Yards rushing et receiving du joueur - Plus/Moins,31488,77082,1750162917,4.5|sa:player:nfl-1215035|PHI,4557908438,Tank Bigsby (PHI) Plus de 4.5,Tank Bigsby (PHI) Plus de 4.5,4.5,1.7693,0,False
16551508,CHI Bears	 vs. PHI Eagles,Tank Bigsby,Tank Bigsby (PHI),1ère mi-temps - Yards rushing et receiving du joueur - Plus/Moins,31488,77082,1750162917,4.5|sa:player:nfl-1215035|PHI,4557908439,Tank Bigsby (PHI) moins de 4.5,Tank Bigsby (PHI) moins de 4.5,4.5,1.8334,0,False
16551508,CHI Bears	 vs. PHI Eagles,Will Shipley,Will Shipley (PHI),1ère mi-temps - Yards rushing et receiving du joueur - Plus/Moins,31488,77082,1744377190,2.5|sa:player:nfl-1287636|PHI,4538983410,Will Shipley (PHI) Plus de 2.5,Will Shipley (PHI) Plus de 2.5,2.5,1.7693,0,False
16551508,CHI Bears	 vs. PHI Eagles,Will Shipley,Will Shipley (PHI),1ère mi-temps - Yards rushing et receiving du joueur - Plus/Moins,31488,77082,1744377190,2.5|sa:player:nfl-1287636|PHI,4538983411,Will Shipley (PHI) moins de 2.5,Will Shipley (PHI) moins de 2.5,2.5,1.8334,0,False
16551508,CHI Bears	 vs. PHI Eagles,Devonta Smith,Devonta Smith (PHI),1ère mi-temps - Total de réceptions Plus/Moins,31485,77079,1743053190,2.5|sa:player:nfl-1060262|PHI,4534958526,Devonta Smith (PHI) Plus de 2.5,Devonta Smith (PHI) Plus de 2.5,2.5,1.7143,0,False
16551508,CHI Bears	 vs. PHI Eagles,Devonta Smith,Devonta Smith (PHI),1ère mi-temps - Total de réceptions Plus/Moins,31485,77079,1743053190,2.5|sa:player:nfl-1060262|PHI,4534958527,Devonta Smith (PHI) moins de 2.5,Devonta Smith (PHI) moins de 2.5,2.5,1.9091,0,False
16551508,CHI Bears	 vs. PHI Eagles,Luther Burden,Luther Burden (CHI),1ère mi-temps - Total de réceptions Plus/Moins,31485,77079,1743053741,1.5|sa:player:nfl-1377732|CHI,4534959496,Luther Burden (CHI) Plus de 1.5,Luther Burden (CHI) Plus de 1.5,1.5,1.7408,0,False
16551508,CHI Bears	 vs. PHI Eagles,Luther Burden,Luther Burden (CHI),1ère mi-temps - Total de réceptions Plus/Moins,31485,77079,1743053741,1.5|sa:player:nfl-1377732|CHI,4534959497,Luther Burden (CHI) moins de 1.5,Luther Burden (CHI) moins de 1.5,1.5,1.8696,0,False
16551508,CHI Bears	 vs. PHI Eagles,Colston Loveland,Colston Loveland (CHI),1ère mi-temps - Total de réceptions Plus/Moins,31485,77079,1743053795,1.5|sa:player:nfl-1378821|CHI,4534959586,Colston Loveland (CHI) Plus de 1.5,Colston Loveland (CHI) Plus de 1.5,1.5,1.7693,0,False
16551508,CHI Bears	 vs. PHI Eagles,Colston Loveland,Colston Loveland (CHI),1ère mi-temps - Total de réceptions Plus/Moins,31485,77079,1743053795,1.5|sa:player:nfl-1378821|CHI,4534959587,Colston Loveland (CHI) moins de 1.5,Colston Loveland (CHI) moins de 1.5,1.5,1.8334,0,False
16551508,CHI Bears	 vs. PHI Eagles,Dontayvion Wicks,Dontayvion Wicks (PHI),1ère mi-temps - Total de réceptions Plus/Moins,31485,77079,1743053384,1.5|sa:player:nfl-1172428|PHI,4534958867,Dontayvion Wicks (PHI) Plus de 1.5,Dontayvion Wicks (PHI) Plus de 1.5,1.5,1.8334,0,False
16551508,CHI Bears	 vs. PHI Eagles,Dontayvion Wicks,Dontayvion Wicks (PHI),1ère mi-temps - Total de réceptions Plus/Moins,31485,77079,1743053384,1.5|sa:player:nfl-1172428|PHI,4534958868,Dontayvion Wicks (PHI) moins de 1.5,Dontayvion Wicks (PHI) moins de 1.5,1.5,1.7693,0,False
16551508,CHI Bears	 vs. PHI Eagles,Kalif Raymond,Kalif Raymond (CHI),1ère mi-temps - Total de réceptions Plus/Moins,31485,77079,1743052862,1.5|sa:player:nfl-692660|CHI,4534957950,Kalif Raymond (CHI) Plus de 1.5,Kalif Raymond (CHI) Plus de 1.5,1.5,2.15,0,False
16551508,CHI Bears	 vs. PHI Eagles,Kalif Raymond,Kalif Raymond (CHI),1ère mi-temps - Total de réceptions Plus/Moins,31485,77079,1743052862,1.5|sa:player:nfl-692660|CHI,4534957951,Kalif Raymond (CHI) moins de 1.5,Kalif Raymond (CHI) moins de 1.5,1.5,1.5556,0,False
16551508,CHI Bears	 vs. PHI Eagles,Makai Lemon,Makai Lemon (PHI),1ère mi-temps - Total de réceptions Plus/Moins,31485,77079,1744387260,1.5|sa:player:nfl-1441120|PHI,4539010566,Makai Lemon (PHI) Plus de 1.5,Makai Lemon (PHI) Plus de 1.5,1.5,2.3,0,False
16551508,CHI Bears	 vs. PHI Eagles,Makai Lemon,Makai Lemon (PHI),1ère mi-temps - Total de réceptions Plus/Moins,31485,77079,1744387260,1.5|sa:player:nfl-1441120|PHI,4539010567,Makai Lemon (PHI) moins de 1.5,Makai Lemon (PHI) moins de 1.5,1.5,1.4762,0,False
16551508,CHI Bears	 vs. PHI Eagles,Rome Odunze,Rome Odunze (CHI),1ère mi-temps - Total de réceptions Plus/Moins,31485,77079,1743053422,1.5|sa:player:nfl-1213727|CHI,4534958932,Rome Odunze (CHI) Plus de 1.5,Rome Odunze (CHI) Plus de 1.5,1.5,2.45,0,False
16551508,CHI Bears	 vs. PHI Eagles,Rome Odunze,Rome Odunze (CHI),1ère mi-temps - Total de réceptions Plus/Moins,31485,77079,1743053422,1.5|sa:player:nfl-1213727|CHI,4534958933,Rome Odunze (CHI) moins de 1.5,Rome Odunze (CHI) moins de 1.5,1.5,1.4167,0,False
16551508,CHI Bears	 vs. PHI Eagles,Saquon Barkley,Saquon Barkley (PHI),1ère mi-temps - Total de réceptions Plus/Moins,31485,77079,1744198529,0.5|sa:player:nfl-883302|PHI,4538530508,Saquon Barkley (PHI) Plus de 0.5,Saquon Barkley (PHI) Plus de 0.5,0.5,1.4167,0,False
16551508,CHI Bears	 vs. PHI Eagles,Saquon Barkley,Saquon Barkley (PHI),1ère mi-temps - Total de réceptions Plus/Moins,31485,77079,1744198529,0.5|sa:player:nfl-883302|PHI,4538530509,Saquon Barkley (PHI) moins de 0.5,Saquon Barkley (PHI) moins de 0.5,0.5,2.45,0,False
16551508,CHI Bears	 vs. PHI Eagles,D'Andre Swift,D'Andre Swift (CHI),1ère mi-temps - Total de réceptions Plus/Moins,31485,77079,1743053260,0.5|sa:player:nfl-1069808|CHI,4534958645,D'Andre Swift (CHI) Plus de 0.5,D'Andre Swift (CHI) Plus de 0.5,0.5,1.4445,0,False
16551508,CHI Bears	 vs. PHI Eagles,D'Andre Swift,D'Andre Swift (CHI),1ère mi-temps - Total de réceptions Plus/Moins,31485,77079,1743053260,0.5|sa:player:nfl-1069808|CHI,4534958646,D'Andre Swift (CHI) moins de 0.5,D'Andre Swift (CHI) moins de 0.5,0.5,2.4,0,False
16551508,CHI Bears	 vs. PHI Eagles,Cole Kmet,Cole Kmet (CHI),1ère mi-temps - Total de réceptions Plus/Moins,31485,77079,1743053223,0.5|sa:player:nfl-1066765|CHI,4534958582,Cole Kmet (CHI) Plus de 0.5,Cole Kmet (CHI) Plus de 0.5,0.5,1.7693,0,False
16551508,CHI Bears	 vs. PHI Eagles,Cole Kmet,Cole Kmet (CHI),1ère mi-temps - Total de réceptions Plus/Moins,31485,77079,1743053223,0.5|sa:player:nfl-1066765|CHI,4534958583,Cole Kmet (CHI) moins de 0.5,Cole Kmet (CHI) moins de 0.5,0.5,1.8334,0,False
16551508,CHI Bears	 vs. PHI Eagles,Kyle Monangai,Kyle Monangai (CHI),1ère mi-temps - Total de réceptions Plus/Moins,31485,77079,1743053540,0.5|sa:player:nfl-1250886|CHI,4534959137,Kyle Monangai (CHI) Plus de 0.5,Kyle Monangai (CHI) Plus de 0.5,0.5,1.8334,0,False
16551508,CHI Bears	 vs. PHI Eagles,Kyle Monangai,Kyle Monangai (CHI),1ère mi-temps - Total de réceptions Plus/Moins,31485,77079,1743053540,0.5|sa:player:nfl-1250886|CHI,4534959138,Kyle Monangai (CHI) moins de 0.5,Kyle Monangai (CHI) moins de 0.5,0.5,1.7693,0,False
16551508,CHI Bears	 vs. PHI Eagles,Zach Ertz,Zach Ertz (PHI),1ère mi-temps - Total de réceptions Plus/Moins,31485,77079,1753539408,0.5|sa:player:nfl-503177|PHI,4567360853,Zach Ertz (PHI) Plus de 0.5,Zach Ertz (PHI) Plus de 0.5,0.5,1.8334,0,False
16551508,CHI Bears	 vs. PHI Eagles,Zach Ertz,Zach Ertz (PHI),1ère mi-temps - Total de réceptions Plus/Moins,31485,77079,1753539408,0.5|sa:player:nfl-503177|PHI,4567360854,Zach Ertz (PHI) moins de 0.5,Zach Ertz (PHI) moins de 0.5,0.5,1.7693,0,False
16551508,CHI Bears	 vs. PHI Eagles,Johnny Mundt,Johnny Mundt (PHI),1ère mi-temps - Total de réceptions Plus/Moins,31485,77079,1743052895,0.5|sa:player:nfl-740704|PHI,4534958006,Johnny Mundt (PHI) Plus de 0.5,Johnny Mundt (PHI) Plus de 0.5,0.5,1.9524,0,False
16551508,CHI Bears	 vs. PHI Eagles,Johnny Mundt,Johnny Mundt (PHI),1ère mi-temps - Total de réceptions Plus/Moins,31485,77079,1743052895,0.5|sa:player:nfl-740704|PHI,4534958007,Johnny Mundt (PHI) moins de 0.5,Johnny Mundt (PHI) moins de 0.5,0.5,1.6667,0,False
16551508,CHI Bears	 vs. PHI Eagles,Will Shipley,Will Shipley (PHI),1ère mi-temps - Total de réceptions Plus/Moins,31485,77079,1743053639,0.5|sa:player:nfl-1287636|PHI,4534959316,Will Shipley (PHI) Plus de 0.5,Will Shipley (PHI) Plus de 0.5,0.5,2.6,0,False
16551508,CHI Bears	 vs. PHI Eagles,Will Shipley,Will Shipley (PHI),1ère mi-temps - Total de réceptions Plus/Moins,31485,77079,1743053639,0.5|sa:player:nfl-1287636|PHI,4534959317,Will Shipley (PHI) moins de 0.5,Will Shipley (PHI) moins de 0.5,0.5,1.3847,0,False
16551508,CHI Bears	 vs. PHI Eagles,Tank Bigsby,Tank Bigsby (PHI),1ère mi-temps - Total de réceptions Plus/Moins,31485,77079,1743053455,0.5|sa:player:nfl-1215035|PHI,4534958988,Tank Bigsby (PHI) Plus de 0.5,Tank Bigsby (PHI) Plus de 0.5,0.5,4.4,0,False
16551508,CHI Bears	 vs. PHI Eagles,Tank Bigsby,Tank Bigsby (PHI),1ère mi-temps - Total de réceptions Plus/Moins,31485,77079,1743053455,0.5|sa:player:nfl-1215035|PHI,4534958989,Tank Bigsby (PHI) moins de 0.5,Tank Bigsby (PHI) moins de 0.5,0.5,1.1334,0,False
16551508,CHI Bears	 vs. PHI Eagles,Devonta Smith,Devonta Smith (PHI),1ère mi-temps - Yards reçus par le joueur - Plus/Moins,31464,77058,1744369923,31.5|sa:player:nfl-1060262|PHI,4538966000,Devonta Smith (PHI) Plus de 31.5,Devonta Smith (PHI) Plus de 31.5,31.5,1.7693,0,False
16551508,CHI Bears	 vs. PHI Eagles,Devonta Smith,Devonta Smith (PHI),1ère mi-temps - Yards reçus par le joueur - Plus/Moins,31464,77058,1744369923,31.5|sa:player:nfl-1060262|PHI,4538966001,Devonta Smith (PHI) moins de 31.5,Devonta Smith (PHI) moins de 31.5,31.5,1.8334,0,False
16551508,CHI Bears	 vs. PHI Eagles,Dontayvion Wicks,Dontayvion Wicks (PHI),1ère mi-temps - Yards reçus par le joueur - Plus/Moins,31464,77058,1744377118,16.5|sa:player:nfl-1172428|PHI,4538983249,Dontayvion Wicks (PHI) Plus de 16.5,Dontayvion Wicks (PHI) Plus de 16.5,16.5,1.7693,0,False
16551508,CHI Bears	 vs. PHI Eagles,Dontayvion Wicks,Dontayvion Wicks (PHI),1ère mi-temps - Yards reçus par le joueur - Plus/Moins,31464,77058,1744377118,16.5|sa:player:nfl-1172428|PHI,4538983250,Dontayvion Wicks (PHI) moins de 16.5,Dontayvion Wicks (PHI) moins de 16.5,16.5,1.8334,0,False
16551508,CHI Bears	 vs. PHI Eagles,Luther Burden,Luther Burden (CHI),1ère mi-temps - Yards reçus par le joueur - Plus/Moins,31464,77058,1744213347,14.5|sa:player:nfl-1377732|CHI,4538567012,Luther Burden (CHI) Plus de 14.5,Luther Burden (CHI) Plus de 14.5,14.5,1.8334,0,False
16551508,CHI Bears	 vs. PHI Eagles,Luther Burden,Luther Burden (CHI),1ère mi-temps - Yards reçus par le joueur - Plus/Moins,31464,77058,1744213347,14.5|sa:player:nfl-1377732|CHI,4538567013,Luther Burden (CHI) moins de 14.5,Luther Burden (CHI) moins de 14.5,14.5,1.7693,0,False
16551508,CHI Bears	 vs. PHI Eagles,Colston Loveland,Colston Loveland (CHI),1ère mi-temps - Yards reçus par le joueur - Plus/Moins,31464,77058,1744203931,13.5|sa:player:nfl-1378821|CHI,4538544339,Colston Loveland (CHI) Plus de 13.5,Colston Loveland (CHI) Plus de 13.5,13.5,1.8334,0,False
16551508,CHI Bears	 vs. PHI Eagles,Colston Loveland,Colston Loveland (CHI),1ère mi-temps - Yards reçus par le joueur - Plus/Moins,31464,77058,1744203931,13.5|sa:player:nfl-1378821|CHI,4538544340,Colston Loveland (CHI) moins de 13.5,Colston Loveland (CHI) moins de 13.5,13.5,1.7693,0,False
16551508,CHI Bears	 vs. PHI Eagles,Makai Lemon,Makai Lemon (PHI),1ère mi-temps - Yards reçus par le joueur - Plus/Moins,31464,77058,1745593685,11.5|sa:player:nfl-1441120|PHI,4542892594,Makai Lemon (PHI) Plus de 11.5,Makai Lemon (PHI) Plus de 11.5,11.5,1.8334,0,False
16551508,CHI Bears	 vs. PHI Eagles,Makai Lemon,Makai Lemon (PHI),1ère mi-temps - Yards reçus par le joueur - Plus/Moins,31464,77058,1745593685,11.5|sa:player:nfl-1441120|PHI,4542892595,Makai Lemon (PHI) moins de 11.5,Makai Lemon (PHI) moins de 11.5,11.5,1.7693,0,False
16551508,CHI Bears	 vs. PHI Eagles,Rome Odunze,Rome Odunze (CHI),1ère mi-temps - Yards reçus par le joueur - Plus/Moins,31464,77058,1744203913,9.5|sa:player:nfl-1213727|CHI,4538544304,Rome Odunze (CHI) moins de 9.5,Rome Odunze (CHI) moins de 9.5,9.5,1.8334,0,False
16551508,CHI Bears	 vs. PHI Eagles,Rome Odunze,Rome Odunze (CHI),1ère mi-temps - Yards reçus par le joueur - Plus/Moins,31464,77058,1744203913,9.5|sa:player:nfl-1213727|CHI,4538544303,Rome Odunze (CHI) Plus de 9.5,Rome Odunze (CHI) Plus de 9.5,9.5,1.7693,0,False
16551508,CHI Bears	 vs. PHI Eagles,Kalif Raymond,Kalif Raymond (CHI),1ère mi-temps - Yards reçus par le joueur - Plus/Moins,31464,77058,1747397259,9.5|sa:player:nfl-692660|CHI,4548929427,Kalif Raymond (CHI) Plus de 9.5,Kalif Raymond (CHI) Plus de 9.5,9.5,1.8,0,False
16551508,CHI Bears	 vs. PHI Eagles,Kalif Raymond,Kalif Raymond (CHI),1ère mi-temps - Yards reçus par le joueur - Plus/Moins,31464,77058,1747397259,9.5|sa:player:nfl-692660|CHI,4548929428,Kalif Raymond (CHI) moins de 9.5,Kalif Raymond (CHI) moins de 9.5,9.5,1.8,0,False
16551508,CHI Bears	 vs. PHI Eagles,D'Andre Swift,D'Andre Swift (CHI),1ère mi-temps - Yards reçus par le joueur - Plus/Moins,31464,77058,1743053254,3.5|sa:player:nfl-1069808|CHI,4534958633,D'Andre Swift (CHI) Plus de 3.5,D'Andre Swift (CHI) Plus de 3.5,3.5,1.7693,0,False
16551508,CHI Bears	 vs. PHI Eagles,D'Andre Swift,D'Andre Swift (CHI),1ère mi-temps - Yards reçus par le joueur - Plus/Moins,31464,77058,1743053254,3.5|sa:player:nfl-1069808|CHI,4534958634,D'Andre Swift (CHI) moins de 3.5,D'Andre Swift (CHI) moins de 3.5,3.5,1.8334,0,False
16551508,CHI Bears	 vs. PHI Eagles,Saquon Barkley,Saquon Barkley (PHI),1ère mi-temps - Yards reçus par le joueur - Plus/Moins,31464,77058,1744375696,3.5|sa:player:nfl-883302|PHI,4538980971,Saquon Barkley (PHI) Plus de 3.5,Saquon Barkley (PHI) Plus de 3.5,3.5,1.7693,0,False
16551508,CHI Bears	 vs. PHI Eagles,Saquon Barkley,Saquon Barkley (PHI),1ère mi-temps - Yards reçus par le joueur - Plus/Moins,31464,77058,1744375696,3.5|sa:player:nfl-883302|PHI,4538980972,Saquon Barkley (PHI) moins de 3.5,Saquon Barkley (PHI) moins de 3.5,3.5,1.8334,0,False
16551508,CHI Bears	 vs. PHI Eagles,Cole Kmet,Cole Kmet (CHI),1ère mi-temps - Yards reçus par le joueur - Plus/Moins,31464,77058,1743241772,0.5|sa:player:nfl-1066765|CHI,4535401846,Cole Kmet (CHI) Plus de 0.5,Cole Kmet (CHI) Plus de 0.5,0.5,1.7693,0,False
16551508,CHI Bears	 vs. PHI Eagles,Cole Kmet,Cole Kmet (CHI),1ère mi-temps - Yards reçus par le joueur - Plus/Moins,31464,77058,1743241772,0.5|sa:player:nfl-1066765|CHI,4535401847,Cole Kmet (CHI) moins de 0.5,Cole Kmet (CHI) moins de 0.5,0.5,1.8334,0,False
16551508,CHI Bears	 vs. PHI Eagles,Zach Ertz,Zach Ertz (PHI),1ère mi-temps - Yards reçus par le joueur - Plus/Moins,31464,77058,1753539457,0.5|sa:player:nfl-503177|PHI,4567360955,Zach Ertz (PHI) Plus de 0.5,Zach Ertz (PHI) Plus de 0.5,0.5,1.8696,0,False
16551508,CHI Bears	 vs. PHI Eagles,Zach Ertz,Zach Ertz (PHI),1ère mi-temps - Yards reçus par le joueur - Plus/Moins,31464,77058,1753539457,0.5|sa:player:nfl-503177|PHI,4567360956,Zach Ertz (PHI) moins de 0.5,Zach Ertz (PHI) moins de 0.5,0.5,1.7408,0,False
16551508,CHI Bears	 vs. PHI Eagles,Johnny Mundt,Johnny Mundt (PHI),1ère mi-temps - Yards reçus par le joueur - Plus/Moins,31464,77058,1743052889,0.5|sa:player:nfl-740704|PHI,4534957994,Johnny Mundt (PHI) Plus de 0.5,Johnny Mundt (PHI) Plus de 0.5,0.5,2.0,0,False
16551508,CHI Bears	 vs. PHI Eagles,Johnny Mundt,Johnny Mundt (PHI),1ère mi-temps - Yards reçus par le joueur - Plus/Moins,31464,77058,1743052889,0.5|sa:player:nfl-740704|PHI,4534957995,Johnny Mundt (PHI) moins de 0.5,Johnny Mundt (PHI) moins de 0.5,0.5,1.6471,0,False
16551508,CHI Bears	 vs. PHI Eagles,Kyle Monangai,Kyle Monangai (CHI),1ère mi-temps - Yards reçus par le joueur - Plus/Moins,31464,77058,1743053534,0.5|sa:player:nfl-1250886|CHI,4534959125,Kyle Monangai (CHI) Plus de 0.5,Kyle Monangai (CHI) Plus de 0.5,0.5,2.05,0,False
16551508,CHI Bears	 vs. PHI Eagles,Kyle Monangai,Kyle Monangai (CHI),1ère mi-temps - Yards reçus par le joueur - Plus/Moins,31464,77058,1743053534,0.5|sa:player:nfl-1250886|CHI,4534959126,Kyle Monangai (CHI) moins de 0.5,Kyle Monangai (CHI) moins de 0.5,0.5,1.6061,0,False
16551508,CHI Bears	 vs. PHI Eagles,Will Shipley,Will Shipley (PHI),1ère mi-temps - Yards reçus par le joueur - Plus/Moins,31464,77058,1743053633,0.5|sa:player:nfl-1287636|PHI,4534959304,Will Shipley (PHI) Plus de 0.5,Will Shipley (PHI) Plus de 0.5,0.5,2.75,0,False
16551508,CHI Bears	 vs. PHI Eagles,Will Shipley,Will Shipley (PHI),1ère mi-temps - Yards reçus par le joueur - Plus/Moins,31464,77058,1743053633,0.5|sa:player:nfl-1287636|PHI,4534959305,Will Shipley (PHI) moins de 0.5,Will Shipley (PHI) moins de 0.5,0.5,1.3449,0,False
16551508,CHI Bears	 vs. PHI Eagles,Tank Bigsby,Tank Bigsby (PHI),1ère mi-temps - Yards reçus par le joueur - Plus/Moins,31464,77058,1743053449,0.5|sa:player:nfl-1215035|PHI,4534958976,Tank Bigsby (PHI) Plus de 0.5,Tank Bigsby (PHI) Plus de 0.5,0.5,4.75,0,False
16551508,CHI Bears	 vs. PHI Eagles,Tank Bigsby,Tank Bigsby (PHI),1ère mi-temps - Yards reçus par le joueur - Plus/Moins,31464,77058,1743053449,0.5|sa:player:nfl-1215035|PHI,4534958977,Tank Bigsby (PHI) moins de 0.5,Tank Bigsby (PHI) moins de 0.5,0.5,1.1112,0,False
16551508,CHI Bears	 vs. PHI Eagles,Devonta Smith,Devonta Smith (PHI),1ère mi-temps - Touchdowns de réception du joueur Plus / Moins,31467,77061,1743053187,0.5|sa:player:nfl-1060262|PHI,4534958520,Devonta Smith (PHI) Plus de 0.5,Devonta Smith (PHI) Plus de 0.5,0.5,4.0,0,False
16551508,CHI Bears	 vs. PHI Eagles,Devonta Smith,Devonta Smith (PHI),1ère mi-temps - Touchdowns de réception du joueur Plus / Moins,31467,77061,1743053187,0.5|sa:player:nfl-1060262|PHI,4534958521,Devonta Smith (PHI) moins de 0.5,Devonta Smith (PHI) moins de 0.5,0.5,1.1667,0,False
16551508,CHI Bears	 vs. PHI Eagles,Dontayvion Wicks,Dontayvion Wicks (PHI),1ère mi-temps - Touchdowns de réception du joueur Plus / Moins,31467,77061,1743053381,0.5|sa:player:nfl-1172428|PHI,4534958861,Dontayvion Wicks (PHI) Plus de 0.5,Dontayvion Wicks (PHI) Plus de 0.5,0.5,5.0,0,False
16551508,CHI Bears	 vs. PHI Eagles,Dontayvion Wicks,Dontayvion Wicks (PHI),1ère mi-temps - Touchdowns de réception du joueur Plus / Moins,31467,77061,1743053381,0.5|sa:player:nfl-1172428|PHI,4534958862,Dontayvion Wicks (PHI) moins de 0.5,Dontayvion Wicks (PHI) moins de 0.5,0.5,1.1,0,False
16551508,CHI Bears	 vs. PHI Eagles,Makai Lemon,Makai Lemon (PHI),1ère mi-temps - Touchdowns de réception du joueur Plus / Moins,31467,77061,1743053858,0.5|sa:player:nfl-1441120|PHI,4534959692,Makai Lemon (PHI) Plus de 0.5,Makai Lemon (PHI) Plus de 0.5,0.5,6.0,0,False
16551508,CHI Bears	 vs. PHI Eagles,Makai Lemon,Makai Lemon (PHI),1ère mi-temps - Touchdowns de réception du joueur Plus / Moins,31467,77061,1743053858,0.5|sa:player:nfl-1441120|PHI,4534959693,Makai Lemon (PHI) moins de 0.5,Makai Lemon (PHI) moins de 0.5,0.5,1.0589,0,False
16551508,CHI Bears	 vs. PHI Eagles,Colston Loveland,Colston Loveland (CHI),1ère mi-temps - Touchdowns de réception du joueur Plus / Moins,31467,77061,1743053792,0.5|sa:player:nfl-1378821|CHI,4534959580,Colston Loveland (CHI) Plus de 0.5,Colston Loveland (CHI) Plus de 0.5,0.5,6.25,0,False
16551508,CHI Bears	 vs. PHI Eagles,Colston Loveland,Colston Loveland (CHI),1ère mi-temps - Touchdowns de réception du joueur Plus / Moins,31467,77061,1743053792,0.5|sa:player:nfl-1378821|CHI,4534959581,Colston Loveland (CHI) moins de 0.5,Colston Loveland (CHI) moins de 0.5,0.5,1.05,0,False
16551508,CHI Bears	 vs. PHI Eagles,Luther Burden,Luther Burden (CHI),1ère mi-temps - Touchdowns de réception du joueur Plus / Moins,31467,77061,1743053738,0.5|sa:player:nfl-1377732|CHI,4534959490,Luther Burden (CHI) Plus de 0.5,Luther Burden (CHI) Plus de 0.5,0.5,6.75,0,False
16551508,CHI Bears	 vs. PHI Eagles,Luther Burden,Luther Burden (CHI),1ère mi-temps - Touchdowns de réception du joueur Plus / Moins,31467,77061,1743053738,0.5|sa:player:nfl-1377732|CHI,4534959491,Luther Burden (CHI) moins de 0.5,Luther Burden (CHI) moins de 0.5,0.5,1.04,0,False
16551508,CHI Bears	 vs. PHI Eagles,Rome Odunze,Rome Odunze (CHI),1ère mi-temps - Touchdowns de réception du joueur Plus / Moins,31467,77061,1743053419,0.5|sa:player:nfl-1213727|CHI,4534958926,Rome Odunze (CHI) Plus de 0.5,Rome Odunze (CHI) Plus de 0.5,0.5,7.0,0,False
16551508,CHI Bears	 vs. PHI Eagles,Rome Odunze,Rome Odunze (CHI),1ère mi-temps - Touchdowns de réception du joueur Plus / Moins,31467,77061,1743053419,0.5|sa:player:nfl-1213727|CHI,4534958927,Rome Odunze (CHI) moins de 0.5,Rome Odunze (CHI) moins de 0.5,0.5,1.0334,0,False
16551508,CHI Bears	 vs. PHI Eagles,Kalif Raymond,Kalif Raymond (CHI),1ère mi-temps - Touchdowns de réception du joueur Plus / Moins,31467,77061,1743052859,0.5|sa:player:nfl-692660|CHI,4534957944,Kalif Raymond (CHI) Plus de 0.5,Kalif Raymond (CHI) Plus de 0.5,0.5,7.5,0,False
16551508,CHI Bears	 vs. PHI Eagles,Kalif Raymond,Kalif Raymond (CHI),1ère mi-temps - Touchdowns de réception du joueur Plus / Moins,31467,77061,1743052859,0.5|sa:player:nfl-692660|CHI,4534957945,Kalif Raymond (CHI) moins de 0.5,Kalif Raymond (CHI) moins de 0.5,0.5,1.02,0,False
16551508,CHI Bears	 vs. PHI Eagles,Zach Ertz,Zach Ertz (PHI),1ère mi-temps - Touchdowns de réception du joueur Plus / Moins,31467,77061,1753537098,0.5|sa:player:nfl-503177|PHI,4567350989,Zach Ertz (PHI) Plus de 0.5,Zach Ertz (PHI) Plus de 0.5,0.5,7.5,0,False
16551508,CHI Bears	 vs. PHI Eagles,Zach Ertz,Zach Ertz (PHI),1ère mi-temps - Touchdowns de réception du joueur Plus / Moins,31467,77061,1753537098,0.5|sa:player:nfl-503177|PHI,4567350990,Zach Ertz (PHI) moins de 0.5,Zach Ertz (PHI) moins de 0.5,0.5,1.02,0,False
16551508,CHI Bears	 vs. PHI Eagles,Saquon Barkley,Saquon Barkley (PHI),1ère mi-temps - Touchdowns de réception du joueur Plus / Moins,31467,77061,1743052993,0.5|sa:player:nfl-883302|PHI,4534958176,Saquon Barkley (PHI) Plus de 0.5,Saquon Barkley (PHI) Plus de 0.5,0.5,7.75,0,False
16551508,CHI Bears	 vs. PHI Eagles,Saquon Barkley,Saquon Barkley (PHI),1ère mi-temps - Touchdowns de réception du joueur Plus / Moins,31467,77061,1743052993,0.5|sa:player:nfl-883302|PHI,4534958177,Saquon Barkley (PHI) moins de 0.5,Saquon Barkley (PHI) moins de 0.5,0.5,1.02,0,False
16551508,CHI Bears	 vs. PHI Eagles,Cole Kmet,Cole Kmet (CHI),1ère mi-temps - Touchdowns de réception du joueur Plus / Moins,31467,77061,1743053220,0.5|sa:player:nfl-1066765|CHI,4534958576,Cole Kmet (CHI) Plus de 0.5,Cole Kmet (CHI) Plus de 0.5,0.5,8.5,0,False
16551508,CHI Bears	 vs. PHI Eagles,Cole Kmet,Cole Kmet (CHI),1ère mi-temps - Touchdowns de réception du joueur Plus / Moins,31467,77061,1743053220,0.5|sa:player:nfl-1066765|CHI,4534958577,Cole Kmet (CHI) moins de 0.5,Cole Kmet (CHI) moins de 0.5,0.5,1.01,0,False
16551508,CHI Bears	 vs. PHI Eagles,D'Andre Swift,D'Andre Swift (CHI),1ère mi-temps - Touchdowns de réception du joueur Plus / Moins,31467,77061,1743053257,0.5|sa:player:nfl-1069808|CHI,4534958640,D'Andre Swift (CHI) moins de 0.5,D'Andre Swift (CHI) moins de 0.5,0.5,1.01,0,False
16551508,CHI Bears	 vs. PHI Eagles,D'Andre Swift,D'Andre Swift (CHI),1ère mi-temps - Touchdowns de réception du joueur Plus / Moins,31467,77061,1743053257,0.5|sa:player:nfl-1069808|CHI,4534958639,D'Andre Swift (CHI) Plus de 0.5,D'Andre Swift (CHI) Plus de 0.5,0.5,8.5,0,False
16551508,CHI Bears	 vs. PHI Eagles,Darius Cooper,Darius Cooper (PHI),1ère mi-temps - Touchdowns de réception du joueur Plus / Moins,31467,77061,1743053504,0.5|sa:player:nfl-1223318|PHI,4534959075,Darius Cooper (PHI) Plus de 0.5,Darius Cooper (PHI) Plus de 0.5,0.5,8.5,0,False
16551508,CHI Bears	 vs. PHI Eagles,Darius Cooper,Darius Cooper (PHI),1ère mi-temps - Touchdowns de réception du joueur Plus / Moins,31467,77061,1743053504,0.5|sa:player:nfl-1223318|PHI,4534959076,Darius Cooper (PHI) moins de 0.5,Darius Cooper (PHI) moins de 0.5,0.5,0.0,7,False
16551508,CHI Bears	 vs. PHI Eagles,Elijah Moore,Elijah Moore (PHI),1ère mi-temps - Touchdowns de réception du joueur Plus / Moins,31467,77061,1751722886,0.5|sa:player:nfl-1128783|PHI,4562459750,Elijah Moore (PHI) Plus de 0.5,Elijah Moore (PHI) Plus de 0.5,0.5,8.5,0,False
16551508,CHI Bears	 vs. PHI Eagles,Elijah Moore,Elijah Moore (PHI),1ère mi-temps - Touchdowns de réception du joueur Plus / Moins,31467,77061,1751722886,0.5|sa:player:nfl-1128783|PHI,4562459751,Elijah Moore (PHI) moins de 0.5,Elijah Moore (PHI) moins de 0.5,0.5,0.0,7,False
16551508,CHI Bears	 vs. PHI Eagles,Jahdae Walker,Jahdae Walker (CHI),1ère mi-temps - Touchdowns de réception du joueur Plus / Moins,31467,77061,1743053949,0.5|sa:player:nfl-1465213|CHI,4534959854,Jahdae Walker (CHI) Plus de 0.5,Jahdae Walker (CHI) Plus de 0.5,0.5,8.5,0,False
16551508,CHI Bears	 vs. PHI Eagles,Jahdae Walker,Jahdae Walker (CHI),1ère mi-temps - Touchdowns de réception du joueur Plus / Moins,31467,77061,1743053949,0.5|sa:player:nfl-1465213|CHI,4534959855,Jahdae Walker (CHI) moins de 0.5,Jahdae Walker (CHI) moins de 0.5,0.5,0.0,7,False
16551508,CHI Bears	 vs. PHI Eagles,Johnny Mundt,Johnny Mundt (PHI),1ère mi-temps - Touchdowns de réception du joueur Plus / Moins,31467,77061,1743052892,0.5|sa:player:nfl-740704|PHI,4534958000,Johnny Mundt (PHI) Plus de 0.5,Johnny Mundt (PHI) Plus de 0.5,0.5,8.5,0,False
16551508,CHI Bears	 vs. PHI Eagles,Johnny Mundt,Johnny Mundt (PHI),1ère mi-temps - Touchdowns de réception du joueur Plus / Moins,31467,77061,1743052892,0.5|sa:player:nfl-740704|PHI,4534958001,Johnny Mundt (PHI) moins de 0.5,Johnny Mundt (PHI) moins de 0.5,0.5,1.01,0,False
16551508,CHI Bears	 vs. PHI Eagles,Kyle Monangai,Kyle Monangai (CHI),1ère mi-temps - Touchdowns de réception du joueur Plus / Moins,31467,77061,1743053537,0.5|sa:player:nfl-1250886|CHI,4534959131,Kyle Monangai (CHI) Plus de 0.5,Kyle Monangai (CHI) Plus de 0.5,0.5,8.5,0,False
16551508,CHI Bears	 vs. PHI Eagles,Kyle Monangai,Kyle Monangai (CHI),1ère mi-temps - Touchdowns de réception du joueur Plus / Moins,31467,77061,1743053537,0.5|sa:player:nfl-1250886|CHI,4534959132,Kyle Monangai (CHI) moins de 0.5,Kyle Monangai (CHI) moins de 0.5,0.5,0.0,7,False
16551508,CHI Bears	 vs. PHI Eagles,Sam Roush,Sam Roush (CHI),1ère mi-temps - Touchdowns de réception du joueur Plus / Moins,31467,77061,1743053765,0.5|sa:player:nfl-1378156|CHI,4534959536,Sam Roush (CHI) moins de 0.5,Sam Roush (CHI) moins de 0.5,0.5,0.0,7,False
16551508,CHI Bears	 vs. PHI Eagles,Sam Roush,Sam Roush (CHI),1ère mi-temps - Touchdowns de réception du joueur Plus / Moins,31467,77061,1743053765,0.5|sa:player:nfl-1378156|CHI,4534959535,Sam Roush (CHI) Plus de 0.5,Sam Roush (CHI) Plus de 0.5,0.5,8.5,0,False
16551508,CHI Bears	 vs. PHI Eagles,Will Shipley,Will Shipley (PHI),1ère mi-temps - Touchdowns de réception du joueur Plus / Moins,31467,77061,1743053636,0.5|sa:player:nfl-1287636|PHI,4534959310,Will Shipley (PHI) Plus de 0.5,Will Shipley (PHI) Plus de 0.5,0.5,8.5,0,False
16551508,CHI Bears	 vs. PHI Eagles,Will Shipley,Will Shipley (PHI),1ère mi-temps - Touchdowns de réception du joueur Plus / Moins,31467,77061,1743053636,0.5|sa:player:nfl-1287636|PHI,4534959311,Will Shipley (PHI) moins de 0.5,Will Shipley (PHI) moins de 0.5,0.5,0.0,7,False
16551508,CHI Bears	 vs. PHI Eagles,Jalen Hurts,Jalen Hurts (PHI),1ère mi-temps - Total de yards à la passe du joueur Plus/Moins,31458,77052,1744375700,103.5|sa:player:nfl-913271|PHI,4538980979,Jalen Hurts (PHI) Plus de 103.5,Jalen Hurts (PHI) Plus de 103.5,103.5,1.8334,0,False
16551508,CHI Bears	 vs. PHI Eagles,Jalen Hurts,Jalen Hurts (PHI),1ère mi-temps - Total de yards à la passe du joueur Plus/Moins,31458,77052,1744375700,103.5|sa:player:nfl-913271|PHI,4538980980,Jalen Hurts (PHI) moins de 103.5,Jalen Hurts (PHI) moins de 103.5,103.5,1.7693,0,False
16551508,CHI Bears	 vs. PHI Eagles,Case Keenum,Case Keenum (CHI),1ère mi-temps - Total de yards à la passe du joueur Plus/Moins,31458,77052,1747550192,82.5|sa:player:nfl-338280|CHI,4549446866,Case Keenum (CHI) Plus de 82.5,Case Keenum (CHI) Plus de 82.5,82.5,1.7693,0,False
16551508,CHI Bears	 vs. PHI Eagles,Case Keenum,Case Keenum (CHI),1ère mi-temps - Total de yards à la passe du joueur Plus/Moins,31458,77052,1747550192,82.5|sa:player:nfl-338280|CHI,4549446867,Case Keenum (CHI) moins de 82.5,Case Keenum (CHI) moins de 82.5,82.5,1.8334,0,False
16551508,CHI Bears	 vs. PHI Eagles,Jalen Hurts,Jalen Hurts (PHI),1ère mi-temps - Total de Touchdowns à la passe du joueur - Plus/Moins,31461,77055,1743053045,0.5|sa:player:nfl-913271|PHI,4534958270,Jalen Hurts (PHI) Plus de 0.5,Jalen Hurts (PHI) Plus de 0.5,0.5,1.7693,0,False
16551508,CHI Bears	 vs. PHI Eagles,Jalen Hurts,Jalen Hurts (PHI),1ère mi-temps - Total de Touchdowns à la passe du joueur - Plus/Moins,31461,77055,1743053045,0.5|sa:player:nfl-913271|PHI,4534958271,Jalen Hurts (PHI) moins de 0.5,Jalen Hurts (PHI) moins de 0.5,0.5,1.8334,0,False
16551508,CHI Bears	 vs. PHI Eagles,Case Keenum,Case Keenum (CHI),1ère mi-temps - Total de Touchdowns à la passe du joueur - Plus/Moins,31461,77055,1744197205,0.5|sa:player:nfl-338280|CHI,4538527352,Case Keenum (CHI) moins de 0.5,Case Keenum (CHI) moins de 0.5,0.5,1.4762,0,False
16551508,CHI Bears	 vs. PHI Eagles,Case Keenum,Case Keenum (CHI),1ère mi-temps - Total de Touchdowns à la passe du joueur - Plus/Moins,31461,77055,1744197205,0.5|sa:player:nfl-338280|CHI,4538527351,Case Keenum (CHI) Plus de 0.5,Case Keenum (CHI) Plus de 0.5,0.5,2.3,0,False
16551508,CHI Bears	 vs. PHI Eagles,Jalen Hurts,Jalen Hurts (PHI),1ère mi-temps - Passes réussies du joueur - Plus/Moins,31491,77085,1743053057,9.5|sa:player:nfl-913271|PHI,4534958294,Jalen Hurts (PHI) Plus de 9.5,Jalen Hurts (PHI) Plus de 9.5,9.5,1.9524,0,False
16551508,CHI Bears	 vs. PHI Eagles,Jalen Hurts,Jalen Hurts (PHI),1ère mi-temps - Passes réussies du joueur - Plus/Moins,31491,77085,1743053057,9.5|sa:player:nfl-913271|PHI,4534958295,Jalen Hurts (PHI) moins de 9.5,Jalen Hurts (PHI) moins de 9.5,9.5,1.6667,0,False
16551508,CHI Bears	 vs. PHI Eagles,Case Keenum,Case Keenum (CHI),1ère mi-temps - Passes réussies du joueur - Plus/Moins,31491,77085,1745593670,8.5|sa:player:nfl-338280|CHI,4542892564,Case Keenum (CHI) Plus de 8.5,Case Keenum (CHI) Plus de 8.5,8.5,1.7408,0,False
16551508,CHI Bears	 vs. PHI Eagles,Case Keenum,Case Keenum (CHI),1ère mi-temps - Passes réussies du joueur - Plus/Moins,31491,77085,1745593670,8.5|sa:player:nfl-338280|CHI,4542892565,Case Keenum (CHI) moins de 8.5,Case Keenum (CHI) moins de 8.5,8.5,1.8696,0,False
16551508,CHI Bears	 vs. PHI Eagles,Jalen Hurts,Jalen Hurts (PHI),1ère mi-temps - Joueur Tentative de passe - Plus/Moins,31479,77073,1744236687,14.5|sa:player:nfl-913271|PHI,4538622251,Jalen Hurts (PHI) Plus de 14.5,Jalen Hurts (PHI) Plus de 14.5,14.5,1.7408,0,False
16551508,CHI Bears	 vs. PHI Eagles,Jalen Hurts,Jalen Hurts (PHI),1ère mi-temps - Joueur Tentative de passe - Plus/Moins,31479,77073,1744236687,14.5|sa:player:nfl-913271|PHI,4538622252,Jalen Hurts (PHI) moins de 14.5,Jalen Hurts (PHI) moins de 14.5,14.5,1.8696,0,False
16551508,CHI Bears	 vs. PHI Eagles,Case Keenum,Case Keenum (CHI),1ère mi-temps - Joueur Tentative de passe - Plus/Moins,31479,77073,1745596198,14.5|sa:player:nfl-338280|CHI,4542898674,Case Keenum (CHI) Plus de 14.5,Case Keenum (CHI) Plus de 14.5,14.5,1.8696,0,False
16551508,CHI Bears	 vs. PHI Eagles,Case Keenum,Case Keenum (CHI),1ère mi-temps - Joueur Tentative de passe - Plus/Moins,31479,77073,1745596198,14.5|sa:player:nfl-338280|CHI,4542898675,Case Keenum (CHI) moins de 14.5,Case Keenum (CHI) moins de 14.5,14.5,1.7408,0,False
16551508,CHI Bears	 vs. PHI Eagles,Case Keenum,Case Keenum (CHI),1ère mi-temps - Interceptions du joueur Plus/Moins,31476,77070,1744197211,0.5|sa:player:nfl-338280|CHI,4538527363,Case Keenum (CHI) Plus de 0.5,Case Keenum (CHI) Plus de 0.5,0.5,2.85,0,False
16551508,CHI Bears	 vs. PHI Eagles,Case Keenum,Case Keenum (CHI),1ère mi-temps - Interceptions du joueur Plus/Moins,31476,77070,1744197211,0.5|sa:player:nfl-338280|CHI,4538527364,Case Keenum (CHI) moins de 0.5,Case Keenum (CHI) moins de 0.5,0.5,1.3125,0,False
16551508,CHI Bears	 vs. PHI Eagles,Jalen Hurts,Jalen Hurts (PHI),1ère mi-temps - Interceptions du joueur Plus/Moins,31476,77070,1743053051,0.5|sa:player:nfl-913271|PHI,4534958282,Jalen Hurts (PHI) Plus de 0.5,Jalen Hurts (PHI) Plus de 0.5,0.5,3.2,0,False
16551508,CHI Bears	 vs. PHI Eagles,Jalen Hurts,Jalen Hurts (PHI),1ère mi-temps - Interceptions du joueur Plus/Moins,31476,77070,1743053051,0.5|sa:player:nfl-913271|PHI,4534958283,Jalen Hurts (PHI) moins de 0.5,Jalen Hurts (PHI) moins de 0.5,0.5,1.25,0,False
16551508,CHI Bears	 vs. PHI Eagles,Jalen Hurts,Jalen Hurts (PHI),Total de Touchdowns à la passe du joueur (Incl. Prolongations),761,71923,1743053034,1.5|sa:player:nfl-913271|PHI,4534958248,Jalen Hurts (PHI) Plus de 1.5,Jalen Hurts (PHI) Plus de 1.5,1.5,2.25,0,False
16551508,CHI Bears	 vs. PHI Eagles,Jalen Hurts,Jalen Hurts (PHI),Total de Touchdowns à la passe du joueur (Incl. Prolongations),761,71923,1743053034,1.5|sa:player:nfl-913271|PHI,4534958249,Jalen Hurts (PHI) moins de 1.5,Jalen Hurts (PHI) moins de 1.5,1.5,1.5264,0,False
16551508,CHI Bears	 vs. PHI Eagles,Case Keenum,Case Keenum (CHI),Total de Touchdowns à la passe du joueur (Incl. Prolongations),761,71923,1744197194,0.5|sa:player:nfl-338280|CHI,4538527329,Case Keenum (CHI) Plus de 0.5,Case Keenum (CHI) Plus de 0.5,0.5,1.5,0,False
16551508,CHI Bears	 vs. PHI Eagles,Case Keenum,Case Keenum (CHI),Total de Touchdowns à la passe du joueur (Incl. Prolongations),761,71923,1744197194,0.5|sa:player:nfl-338280|CHI,4538527330,Case Keenum (CHI) moins de 0.5,Case Keenum (CHI) moins de 0.5,0.5,2.3,0,False
16551508,CHI Bears	 vs. PHI Eagles,Saquon Barkley,Saquon Barkley (PHI),2ème mi-temps - Total de yards à la course du joueur Plus/Moins,31471,77065,1747031005,33.5|sa:player:nfl-883302|PHI,4547697149,Saquon Barkley (PHI) Plus de 33.5,Saquon Barkley (PHI) Plus de 33.5,33.5,1.7693,0,False
16551508,CHI Bears	 vs. PHI Eagles,Saquon Barkley,Saquon Barkley (PHI),2ème mi-temps - Total de yards à la course du joueur Plus/Moins,31471,77065,1747031005,33.5|sa:player:nfl-883302|PHI,4547697150,Saquon Barkley (PHI) moins de 33.5,Saquon Barkley (PHI) moins de 33.5,33.5,1.8334,0,False
16551508,CHI Bears	 vs. PHI Eagles,D'Andre Swift,D'Andre Swift (CHI),2ème mi-temps - Total de yards à la course du joueur Plus/Moins,31471,77065,1743053268,26.5|sa:player:nfl-1069808|CHI,4534958661,D'Andre Swift (CHI) Plus de 26.5,D'Andre Swift (CHI) Plus de 26.5,26.5,1.8334,0,False
16551508,CHI Bears	 vs. PHI Eagles,D'Andre Swift,D'Andre Swift (CHI),2ème mi-temps - Total de yards à la course du joueur Plus/Moins,31471,77065,1743053268,26.5|sa:player:nfl-1069808|CHI,4534958662,D'Andre Swift (CHI) moins de 26.5,D'Andre Swift (CHI) moins de 26.5,26.5,1.7693,0,False
16551508,CHI Bears	 vs. PHI Eagles,Kyle Monangai,Kyle Monangai (CHI),2ème mi-temps - Total de yards à la course du joueur Plus/Moins,31471,77065,1744197293,16.5|sa:player:nfl-1250886|CHI,4538527518,Kyle Monangai (CHI) Plus de 16.5,Kyle Monangai (CHI) Plus de 16.5,16.5,1.7693,0,False
16551508,CHI Bears	 vs. PHI Eagles,Kyle Monangai,Kyle Monangai (CHI),2ème mi-temps - Total de yards à la course du joueur Plus/Moins,31471,77065,1744197293,16.5|sa:player:nfl-1250886|CHI,4538527519,Kyle Monangai (CHI) moins de 16.5,Kyle Monangai (CHI) moins de 16.5,16.5,1.8334,0,False
16551508,CHI Bears	 vs. PHI Eagles,Jalen Hurts,Jalen Hurts (PHI),2ème mi-temps - Total de yards à la course du joueur Plus/Moins,31471,77065,1744216403,9.5|sa:player:nfl-913271|PHI,4538573857,Jalen Hurts (PHI) Plus de 9.5,Jalen Hurts (PHI) Plus de 9.5,9.5,1.7693,0,False
16551508,CHI Bears	 vs. PHI Eagles,Jalen Hurts,Jalen Hurts (PHI),2ème mi-temps - Total de yards à la course du joueur Plus/Moins,31471,77065,1744216403,9.5|sa:player:nfl-913271|PHI,4538573858,Jalen Hurts (PHI) moins de 9.5,Jalen Hurts (PHI) moins de 9.5,9.5,1.8334,0,False
16551508,CHI Bears	 vs. PHI Eagles,Tank Bigsby,Tank Bigsby (PHI),2ème mi-temps - Total de yards à la course du joueur Plus/Moins,31471,77065,1750175660,4.5|sa:player:nfl-1215035|PHI,4557939834,Tank Bigsby (PHI) Plus de 4.5,Tank Bigsby (PHI) Plus de 4.5,4.5,1.7408,0,False
16551508,CHI Bears	 vs. PHI Eagles,Tank Bigsby,Tank Bigsby (PHI),2ème mi-temps - Total de yards à la course du joueur Plus/Moins,31471,77065,1750175660,4.5|sa:player:nfl-1215035|PHI,4557939835,Tank Bigsby (PHI) moins de 4.5,Tank Bigsby (PHI) moins de 4.5,4.5,1.8696,0,False
16551508,CHI Bears	 vs. PHI Eagles,Case Keenum,Case Keenum (CHI),2ème mi-temps - Total de yards à la course du joueur Plus/Moins,31471,77065,1744204355,0.5|sa:player:nfl-338280|CHI,4538545304,Case Keenum (CHI) moins de 0.5,Case Keenum (CHI) moins de 0.5,0.5,1.8334,0,False
16551508,CHI Bears	 vs. PHI Eagles,Case Keenum,Case Keenum (CHI),2ème mi-temps - Total de yards à la course du joueur Plus/Moins,31471,77065,1744204355,0.5|sa:player:nfl-338280|CHI,4538545303,Case Keenum (CHI) Plus de 0.5,Case Keenum (CHI) Plus de 0.5,0.5,1.7693,0,False
16551508,CHI Bears	 vs. PHI Eagles,Will Shipley,Will Shipley (PHI),2ème mi-temps - Total de yards à la course du joueur Plus/Moins,31471,77065,1743053647,0.5|sa:player:nfl-1287636|PHI,4534959332,Will Shipley (PHI) Plus de 0.5,Will Shipley (PHI) Plus de 0.5,0.5,1.8696,0,False
16551508,CHI Bears	 vs. PHI Eagles,Will Shipley,Will Shipley (PHI),2ème mi-temps - Total de yards à la course du joueur Plus/Moins,31471,77065,1743053647,0.5|sa:player:nfl-1287636|PHI,4534959333,Will Shipley (PHI) moins de 0.5,Will Shipley (PHI) moins de 0.5,0.5,1.7408,0,False
16551508,CHI Bears	 vs. PHI Eagles,Saquon Barkley,Saquon Barkley (PHI),2ème mi-temps - Touchdowns de course du joueur Plus / Moins,31474,77068,1743053007,0.5|sa:player:nfl-883302|PHI,4534958204,Saquon Barkley (PHI) Plus de 0.5,Saquon Barkley (PHI) Plus de 0.5,0.5,3.2,0,False
16551508,CHI Bears	 vs. PHI Eagles,Saquon Barkley,Saquon Barkley (PHI),2ème mi-temps - Touchdowns de course du joueur Plus / Moins,31474,77068,1743053007,0.5|sa:player:nfl-883302|PHI,4534958205,Saquon Barkley (PHI) moins de 0.5,Saquon Barkley (PHI) moins de 0.5,0.5,1.25,0,False
16551508,CHI Bears	 vs. PHI Eagles,Jalen Hurts,Jalen Hurts (PHI),2ème mi-temps - Touchdowns de course du joueur Plus / Moins,31474,77068,1743053068,0.5|sa:player:nfl-913271|PHI,4534958316,Jalen Hurts (PHI) Plus de 0.5,Jalen Hurts (PHI) Plus de 0.5,0.5,3.75,0,False
16551508,CHI Bears	 vs. PHI Eagles,Jalen Hurts,Jalen Hurts (PHI),2ème mi-temps - Touchdowns de course du joueur Plus / Moins,31474,77068,1743053068,0.5|sa:player:nfl-913271|PHI,4534958317,Jalen Hurts (PHI) moins de 0.5,Jalen Hurts (PHI) moins de 0.5,0.5,1.1819,0,False
16551508,CHI Bears	 vs. PHI Eagles,D'Andre Swift,D'Andre Swift (CHI),2ème mi-temps - Touchdowns de course du joueur Plus / Moins,31474,77068,1743053271,0.5|sa:player:nfl-1069808|CHI,4534958667,D'Andre Swift (CHI) Plus de 0.5,D'Andre Swift (CHI) Plus de 0.5,0.5,4.0,0,False
16551508,CHI Bears	 vs. PHI Eagles,D'Andre Swift,D'Andre Swift (CHI),2ème mi-temps - Touchdowns de course du joueur Plus / Moins,31474,77068,1743053271,0.5|sa:player:nfl-1069808|CHI,4534958668,D'Andre Swift (CHI) moins de 0.5,D'Andre Swift (CHI) moins de 0.5,0.5,1.1667,0,False
16551508,CHI Bears	 vs. PHI Eagles,Kyle Monangai,Kyle Monangai (CHI),2ème mi-temps - Touchdowns de course du joueur Plus / Moins,31474,77068,1743053551,0.5|sa:player:nfl-1250886|CHI,4534959160,Kyle Monangai (CHI) moins de 0.5,Kyle Monangai (CHI) moins de 0.5,0.5,1.1,0,False
16551508,CHI Bears	 vs. PHI Eagles,Kyle Monangai,Kyle Monangai (CHI),2ème mi-temps - Touchdowns de course du joueur Plus / Moins,31474,77068,1743053551,0.5|sa:player:nfl-1250886|CHI,4534959159,Kyle Monangai (CHI) Plus de 0.5,Kyle Monangai (CHI) Plus de 0.5,0.5,5.0,0,False
16551508,CHI Bears	 vs. PHI Eagles,Tank Bigsby,Tank Bigsby (PHI),2ème mi-temps - Touchdowns de course du joueur Plus / Moins,31474,77068,1743053466,0.5|sa:player:nfl-1215035|PHI,4534959010,Tank Bigsby (PHI) Plus de 0.5,Tank Bigsby (PHI) Plus de 0.5,0.5,7.5,0,False
16551508,CHI Bears	 vs. PHI Eagles,Tank Bigsby,Tank Bigsby (PHI),2ème mi-temps - Touchdowns de course du joueur Plus / Moins,31474,77068,1743053466,0.5|sa:player:nfl-1215035|PHI,4534959011,Tank Bigsby (PHI) moins de 0.5,Tank Bigsby (PHI) moins de 0.5,0.5,1.02,0,False
16551508,CHI Bears	 vs. PHI Eagles,Case Keenum,Case Keenum (CHI),2ème mi-temps - Touchdowns de course du joueur Plus / Moins,31474,77068,1744197228,0.5|sa:player:nfl-338280|CHI,4538527397,Case Keenum (CHI) Plus de 0.5,Case Keenum (CHI) Plus de 0.5,0.5,8.5,0,False
16551508,CHI Bears	 vs. PHI Eagles,Case Keenum,Case Keenum (CHI),2ème mi-temps - Touchdowns de course du joueur Plus / Moins,31474,77068,1744197228,0.5|sa:player:nfl-338280|CHI,4538527398,Case Keenum (CHI) moins de 0.5,Case Keenum (CHI) moins de 0.5,0.5,1.01,0,False
16551508,CHI Bears	 vs. PHI Eagles,Roschon Johnson,Roschon Johnson (CHI),2ème mi-temps - Touchdowns de course du joueur Plus / Moins,31474,77068,1743053333,0.5|sa:player:nfl-1163265|CHI,4534958778,Roschon Johnson (CHI) Plus de 0.5,Roschon Johnson (CHI) Plus de 0.5,0.5,8.5,0,False
16551508,CHI Bears	 vs. PHI Eagles,Roschon Johnson,Roschon Johnson (CHI),2ème mi-temps - Touchdowns de course du joueur Plus / Moins,31474,77068,1743053333,0.5|sa:player:nfl-1163265|CHI,4534958779,Roschon Johnson (CHI) moins de 0.5,Roschon Johnson (CHI) moins de 0.5,0.5,0.0,7,False
16551508,CHI Bears	 vs. PHI Eagles,Will Shipley,Will Shipley (PHI),2ème mi-temps - Touchdowns de course du joueur Plus / Moins,31474,77068,1743053650,0.5|sa:player:nfl-1287636|PHI,4534959338,Will Shipley (PHI) Plus de 0.5,Will Shipley (PHI) Plus de 0.5,0.5,8.5,0,False
16551508,CHI Bears	 vs. PHI Eagles,Will Shipley,Will Shipley (PHI),2ème mi-temps - Touchdowns de course du joueur Plus / Moins,31474,77068,1743053650,0.5|sa:player:nfl-1287636|PHI,4534959339,Will Shipley (PHI) moins de 0.5,Will Shipley (PHI) moins de 0.5,0.5,0.0,7,False
16551508,CHI Bears	 vs. PHI Eagles,Saquon Barkley,Saquon Barkley (PHI),2ème mi-temps - Tentatives de rushing du joueur Plus/Moins,31483,77077,1744377714,8.5|sa:player:nfl-883302|PHI,4538984644,Saquon Barkley (PHI) Plus de 8.5,Saquon Barkley (PHI) Plus de 8.5,8.5,1.7693,0,False
16551508,CHI Bears	 vs. PHI Eagles,Saquon Barkley,Saquon Barkley (PHI),2ème mi-temps - Tentatives de rushing du joueur Plus/Moins,31483,77077,1744377714,8.5|sa:player:nfl-883302|PHI,4538984645,Saquon Barkley (PHI) moins de 8.5,Saquon Barkley (PHI) moins de 8.5,8.5,1.8334,0,False
16551508,CHI Bears	 vs. PHI Eagles,D'Andre Swift,D'Andre Swift (CHI),2ème mi-temps - Tentatives de rushing du joueur Plus/Moins,31483,77077,1743053274,6.5|sa:player:nfl-1069808|CHI,4534958673,D'Andre Swift (CHI) Plus de 6.5,D'Andre Swift (CHI) Plus de 6.5,6.5,1.7693,0,False
16551508,CHI Bears	 vs. PHI Eagles,D'Andre Swift,D'Andre Swift (CHI),2ème mi-temps - Tentatives de rushing du joueur Plus/Moins,31483,77077,1743053274,6.5|sa:player:nfl-1069808|CHI,4534958674,D'Andre Swift (CHI) moins de 6.5,D'Andre Swift (CHI) moins de 6.5,6.5,1.8334,0,False
16551508,CHI Bears	 vs. PHI Eagles,Kyle Monangai,Kyle Monangai (CHI),2ème mi-temps - Tentatives de rushing du joueur Plus/Moins,31483,77077,1744197296,4.5|sa:player:nfl-1250886|CHI,4538527524,Kyle Monangai (CHI) Plus de 4.5,Kyle Monangai (CHI) Plus de 4.5,4.5,1.8696,0,False
16551508,CHI Bears	 vs. PHI Eagles,Kyle Monangai,Kyle Monangai (CHI),2ème mi-temps - Tentatives de rushing du joueur Plus/Moins,31483,77077,1744197296,4.5|sa:player:nfl-1250886|CHI,4538527525,Kyle Monangai (CHI) moins de 4.5,Kyle Monangai (CHI) moins de 4.5,4.5,1.7408,0,False
16551508,CHI Bears	 vs. PHI Eagles,Jalen Hurts,Jalen Hurts (PHI),2ème mi-temps - Tentatives de rushing du joueur Plus/Moins,31483,77077,1743053071,3.5|sa:player:nfl-913271|PHI,4534958322,Jalen Hurts (PHI) Plus de 3.5,Jalen Hurts (PHI) Plus de 3.5,3.5,1.9524,0,False
16551508,CHI Bears	 vs. PHI Eagles,Jalen Hurts,Jalen Hurts (PHI),2ème mi-temps - Tentatives de rushing du joueur Plus/Moins,31483,77077,1743053071,3.5|sa:player:nfl-913271|PHI,4534958323,Jalen Hurts (PHI) moins de 3.5,Jalen Hurts (PHI) moins de 3.5,3.5,1.6667,0,False
16551508,CHI Bears	 vs. PHI Eagles,Tank Bigsby,Tank Bigsby (PHI),2ème mi-temps - Tentatives de rushing du joueur Plus/Moins,31483,77077,1743053469,1.5|sa:player:nfl-1215035|PHI,4534959016,Tank Bigsby (PHI) Plus de 1.5,Tank Bigsby (PHI) Plus de 1.5,1.5,1.6667,0,False
16551508,CHI Bears	 vs. PHI Eagles,Tank Bigsby,Tank Bigsby (PHI),2ème mi-temps - Tentatives de rushing du joueur Plus/Moins,31483,77077,1743053469,1.5|sa:player:nfl-1215035|PHI,4534959017,Tank Bigsby (PHI) moins de 1.5,Tank Bigsby (PHI) moins de 1.5,1.5,1.9524,0,False
16551508,CHI Bears	 vs. PHI Eagles,Case Keenum,Case Keenum (CHI),2ème mi-temps - Tentatives de rushing du joueur Plus/Moins,31483,77077,1744197231,1.5|sa:player:nfl-338280|CHI,4538527403,Case Keenum (CHI) Plus de 1.5,Case Keenum (CHI) Plus de 1.5,1.5,2.25,0,False
16551508,CHI Bears	 vs. PHI Eagles,Case Keenum,Case Keenum (CHI),2ème mi-temps - Tentatives de rushing du joueur Plus/Moins,31483,77077,1744197231,1.5|sa:player:nfl-338280|CHI,4538527404,Case Keenum (CHI) moins de 1.5,Case Keenum (CHI) moins de 1.5,1.5,1.5,0,False
16551508,CHI Bears	 vs. PHI Eagles,Will Shipley,Will Shipley (PHI),2ème mi-temps - Tentatives de rushing du joueur Plus/Moins,31483,77077,1743053653,0.5|sa:player:nfl-1287636|PHI,4534959344,Will Shipley (PHI) Plus de 0.5,Will Shipley (PHI) Plus de 0.5,0.5,1.6471,0,False
16551508,CHI Bears	 vs. PHI Eagles,Will Shipley,Will Shipley (PHI),2ème mi-temps - Tentatives de rushing du joueur Plus/Moins,31483,77077,1743053653,0.5|sa:player:nfl-1287636|PHI,4534959345,Will Shipley (PHI) moins de 0.5,Will Shipley (PHI) moins de 0.5,0.5,2.0,0,False
16551508,CHI Bears	 vs. PHI Eagles,Saquon Barkley,Saquon Barkley (PHI),2ème mi-temps - Yards de course et de réception du joueur Plus / Moins,31489,77083,1747031006,41.5|sa:player:nfl-883302|PHI,4547697152,Saquon Barkley (PHI) moins de 41.5,Saquon Barkley (PHI) moins de 41.5,41.5,1.8,0,False
16551508,CHI Bears	 vs. PHI Eagles,Saquon Barkley,Saquon Barkley (PHI),2ème mi-temps - Yards de course et de réception du joueur Plus / Moins,31489,77083,1747031006,41.5|sa:player:nfl-883302|PHI,4547697151,Saquon Barkley (PHI) Plus de 41.5,Saquon Barkley (PHI) Plus de 41.5,41.5,1.8,0,False
16551508,CHI Bears	 vs. PHI Eagles,D'Andre Swift,D'Andre Swift (CHI),2ème mi-temps - Yards de course et de réception du joueur Plus / Moins,31489,77083,1750068644,35.5|sa:player:nfl-1069808|CHI,4557677273,D'Andre Swift (CHI) Plus de 35.5,D'Andre Swift (CHI) Plus de 35.5,35.5,1.8334,0,False
16551508,CHI Bears	 vs. PHI Eagles,D'Andre Swift,D'Andre Swift (CHI),2ème mi-temps - Yards de course et de réception du joueur Plus / Moins,31489,77083,1750068644,35.5|sa:player:nfl-1069808|CHI,4557677274,D'Andre Swift (CHI) moins de 35.5,D'Andre Swift (CHI) moins de 35.5,35.5,1.7693,0,False
16551508,CHI Bears	 vs. PHI Eagles,Kyle Monangai,Kyle Monangai (CHI),2ème mi-temps - Yards de course et de réception du joueur Plus / Moins,31489,77083,1744217401,22.5|sa:player:nfl-1250886|CHI,4538576118,Kyle Monangai (CHI) Plus de 22.5,Kyle Monangai (CHI) Plus de 22.5,22.5,1.8334,0,False
16551508,CHI Bears	 vs. PHI Eagles,Kyle Monangai,Kyle Monangai (CHI),2ème mi-temps - Yards de course et de réception du joueur Plus / Moins,31489,77083,1744217401,22.5|sa:player:nfl-1250886|CHI,4538576119,Kyle Monangai (CHI) moins de 22.5,Kyle Monangai (CHI) moins de 22.5,22.5,1.7693,0,False
16551508,CHI Bears	 vs. PHI Eagles,Tank Bigsby,Tank Bigsby (PHI),2ème mi-temps - Yards de course et de réception du joueur Plus / Moins,31489,77083,1744376765,6.5|sa:player:nfl-1215035|PHI,4538982329,Tank Bigsby (PHI) Plus de 6.5,Tank Bigsby (PHI) Plus de 6.5,6.5,1.8334,0,False
16551508,CHI Bears	 vs. PHI Eagles,Tank Bigsby,Tank Bigsby (PHI),2ème mi-temps - Yards de course et de réception du joueur Plus / Moins,31489,77083,1744376765,6.5|sa:player:nfl-1215035|PHI,4538982330,Tank Bigsby (PHI) moins de 6.5,Tank Bigsby (PHI) moins de 6.5,6.5,1.7693,0,False
16551508,CHI Bears	 vs. PHI Eagles,Will Shipley,Will Shipley (PHI),2ème mi-temps - Yards de course et de réception du joueur Plus / Moins,31489,77083,1744377191,3.5|sa:player:nfl-1287636|PHI,4538983412,Will Shipley (PHI) Plus de 3.5,Will Shipley (PHI) Plus de 3.5,3.5,1.7693,0,False
16551508,CHI Bears	 vs. PHI Eagles,Will Shipley,Will Shipley (PHI),2ème mi-temps - Yards de course et de réception du joueur Plus / Moins,31489,77083,1744377191,3.5|sa:player:nfl-1287636|PHI,4538983413,Will Shipley (PHI) moins de 3.5,Will Shipley (PHI) moins de 3.5,3.5,1.8334,0,False
16551508,CHI Bears	 vs. PHI Eagles,Devonta Smith,Devonta Smith (PHI),2ème mi-temps - Total de réceptions Plus/Moins,31486,77080,1743053191,2.5|sa:player:nfl-1060262|PHI,4534958528,Devonta Smith (PHI) Plus de 2.5,Devonta Smith (PHI) Plus de 2.5,2.5,1.8334,0,False
16551508,CHI Bears	 vs. PHI Eagles,Devonta Smith,Devonta Smith (PHI),2ème mi-temps - Total de réceptions Plus/Moins,31486,77080,1743053191,2.5|sa:player:nfl-1060262|PHI,4534958529,Devonta Smith (PHI) moins de 2.5,Devonta Smith (PHI) moins de 2.5,2.5,1.7693,0,False
16551508,CHI Bears	 vs. PHI Eagles,Luther Burden,Luther Burden (CHI),2ème mi-temps - Total de réceptions Plus/Moins,31486,77080,1743053742,1.5|sa:player:nfl-1377732|CHI,4534959498,Luther Burden (CHI) Plus de 1.5,Luther Burden (CHI) Plus de 1.5,1.5,1.6667,0,False
16551508,CHI Bears	 vs. PHI Eagles,Luther Burden,Luther Burden (CHI),2ème mi-temps - Total de réceptions Plus/Moins,31486,77080,1743053742,1.5|sa:player:nfl-1377732|CHI,4534959499,Luther Burden (CHI) moins de 1.5,Luther Burden (CHI) moins de 1.5,1.5,1.9524,0,False
16551508,CHI Bears	 vs. PHI Eagles,Colston Loveland,Colston Loveland (CHI),2ème mi-temps - Total de réceptions Plus/Moins,31486,77080,1743053796,1.5|sa:player:nfl-1378821|CHI,4534959588,Colston Loveland (CHI) Plus de 1.5,Colston Loveland (CHI) Plus de 1.5,1.5,1.7143,0,False
16551508,CHI Bears	 vs. PHI Eagles,Colston Loveland,Colston Loveland (CHI),2ème mi-temps - Total de réceptions Plus/Moins,31486,77080,1743053796,1.5|sa:player:nfl-1378821|CHI,4534959589,Colston Loveland (CHI) moins de 1.5,Colston Loveland (CHI) moins de 1.5,1.5,1.9091,0,False
16551508,CHI Bears	 vs. PHI Eagles,Dontayvion Wicks,Dontayvion Wicks (PHI),2ème mi-temps - Total de réceptions Plus/Moins,31486,77080,1743053385,1.5|sa:player:nfl-1172428|PHI,4534958869,Dontayvion Wicks (PHI) Plus de 1.5,Dontayvion Wicks (PHI) Plus de 1.5,1.5,1.8696,0,False
16551508,CHI Bears	 vs. PHI Eagles,Dontayvion Wicks,Dontayvion Wicks (PHI),2ème mi-temps - Total de réceptions Plus/Moins,31486,77080,1743053385,1.5|sa:player:nfl-1172428|PHI,4534958870,Dontayvion Wicks (PHI) moins de 1.5,Dontayvion Wicks (PHI) moins de 1.5,1.5,1.7408,0,False
16551508,CHI Bears	 vs. PHI Eagles,Kalif Raymond,Kalif Raymond (CHI),2ème mi-temps - Total de réceptions Plus/Moins,31486,77080,1743052863,1.5|sa:player:nfl-692660|CHI,4534957952,Kalif Raymond (CHI) Plus de 1.5,Kalif Raymond (CHI) Plus de 1.5,1.5,2.0,0,False
16551508,CHI Bears	 vs. PHI Eagles,Kalif Raymond,Kalif Raymond (CHI),2ème mi-temps - Total de réceptions Plus/Moins,31486,77080,1743052863,1.5|sa:player:nfl-692660|CHI,4534957953,Kalif Raymond (CHI) moins de 1.5,Kalif Raymond (CHI) moins de 1.5,1.5,1.6471,0,False
16551508,CHI Bears	 vs. PHI Eagles,Makai Lemon,Makai Lemon (PHI),2ème mi-temps - Total de réceptions Plus/Moins,31486,77080,1744387261,1.5|sa:player:nfl-1441120|PHI,4539010568,Makai Lemon (PHI) Plus de 1.5,Makai Lemon (PHI) Plus de 1.5,1.5,2.3,0,False
16551508,CHI Bears	 vs. PHI Eagles,Makai Lemon,Makai Lemon (PHI),2ème mi-temps - Total de réceptions Plus/Moins,31486,77080,1744387261,1.5|sa:player:nfl-1441120|PHI,4539010569,Makai Lemon (PHI) moins de 1.5,Makai Lemon (PHI) moins de 1.5,1.5,1.4762,0,False
16551508,CHI Bears	 vs. PHI Eagles,Rome Odunze,Rome Odunze (CHI),2ème mi-temps - Total de réceptions Plus/Moins,31486,77080,1743053423,1.5|sa:player:nfl-1213727|CHI,4534958934,Rome Odunze (CHI) Plus de 1.5,Rome Odunze (CHI) Plus de 1.5,1.5,2.3,0,False
16551508,CHI Bears	 vs. PHI Eagles,Rome Odunze,Rome Odunze (CHI),2ème mi-temps - Total de réceptions Plus/Moins,31486,77080,1743053423,1.5|sa:player:nfl-1213727|CHI,4534958935,Rome Odunze (CHI) moins de 1.5,Rome Odunze (CHI) moins de 1.5,1.5,1.4762,0,False
16551508,CHI Bears	 vs. PHI Eagles,D'Andre Swift,D'Andre Swift (CHI),2ème mi-temps - Total de réceptions Plus/Moins,31486,77080,1743053261,0.5|sa:player:nfl-1069808|CHI,4534958648,D'Andre Swift (CHI) moins de 0.5,D'Andre Swift (CHI) moins de 0.5,0.5,2.65,0,False
16551508,CHI Bears	 vs. PHI Eagles,D'Andre Swift,D'Andre Swift (CHI),2ème mi-temps - Total de réceptions Plus/Moins,31486,77080,1743053261,0.5|sa:player:nfl-1069808|CHI,4534958647,D'Andre Swift (CHI) Plus de 0.5,D'Andre Swift (CHI) Plus de 0.5,0.5,1.3637,0,False
16551508,CHI Bears	 vs. PHI Eagles,Saquon Barkley,Saquon Barkley (PHI),2ème mi-temps - Total de réceptions Plus/Moins,31486,77080,1744216389,0.5|sa:player:nfl-883302|PHI,4538573829,Saquon Barkley (PHI) Plus de 0.5,Saquon Barkley (PHI) Plus de 0.5,0.5,1.4348,0,False
16551508,CHI Bears	 vs. PHI Eagles,Saquon Barkley,Saquon Barkley (PHI),2ème mi-temps - Total de réceptions Plus/Moins,31486,77080,1744216389,0.5|sa:player:nfl-883302|PHI,4538573830,Saquon Barkley (PHI) moins de 0.5,Saquon Barkley (PHI) moins de 0.5,0.5,2.4,0,False
16551508,CHI Bears	 vs. PHI Eagles,Cole Kmet,Cole Kmet (CHI),2ème mi-temps - Total de réceptions Plus/Moins,31486,77080,1743053224,0.5|sa:player:nfl-1066765|CHI,4534958584,Cole Kmet (CHI) Plus de 0.5,Cole Kmet (CHI) Plus de 0.5,0.5,1.7408,0,False
16551508,CHI Bears	 vs. PHI Eagles,Cole Kmet,Cole Kmet (CHI),2ème mi-temps - Total de réceptions Plus/Moins,31486,77080,1743053224,0.5|sa:player:nfl-1066765|CHI,4534958585,Cole Kmet (CHI) moins de 0.5,Cole Kmet (CHI) moins de 0.5,0.5,1.8696,0,False
16551508,CHI Bears	 vs. PHI Eagles,Kyle Monangai,Kyle Monangai (CHI),2ème mi-temps - Total de réceptions Plus/Moins,31486,77080,1743053541,0.5|sa:player:nfl-1250886|CHI,4534959139,Kyle Monangai (CHI) Plus de 0.5,Kyle Monangai (CHI) Plus de 0.5,0.5,1.7693,0,False
16551508,CHI Bears	 vs. PHI Eagles,Kyle Monangai,Kyle Monangai (CHI),2ème mi-temps - Total de réceptions Plus/Moins,31486,77080,1743053541,0.5|sa:player:nfl-1250886|CHI,4534959140,Kyle Monangai (CHI) moins de 0.5,Kyle Monangai (CHI) moins de 0.5,0.5,1.8334,0,False
16551508,CHI Bears	 vs. PHI Eagles,Zach Ertz,Zach Ertz (PHI),2ème mi-temps - Total de réceptions Plus/Moins,31486,77080,1753539409,0.5|sa:player:nfl-503177|PHI,4567360856,Zach Ertz (PHI) moins de 0.5,Zach Ertz (PHI) moins de 0.5,0.5,1.7408,0,False
16551508,CHI Bears	 vs. PHI Eagles,Zach Ertz,Zach Ertz (PHI),2ème mi-temps - Total de réceptions Plus/Moins,31486,77080,1753539409,0.5|sa:player:nfl-503177|PHI,4567360855,Zach Ertz (PHI) Plus de 0.5,Zach Ertz (PHI) Plus de 0.5,0.5,1.8696,0,False
16551508,CHI Bears	 vs. PHI Eagles,Johnny Mundt,Johnny Mundt (PHI),2ème mi-temps - Total de réceptions Plus/Moins,31486,77080,1743052896,0.5|sa:player:nfl-740704|PHI,4534958008,Johnny Mundt (PHI) Plus de 0.5,Johnny Mundt (PHI) Plus de 0.5,0.5,2.0,0,False
16551508,CHI Bears	 vs. PHI Eagles,Johnny Mundt,Johnny Mundt (PHI),2ème mi-temps - Total de réceptions Plus/Moins,31486,77080,1743052896,0.5|sa:player:nfl-740704|PHI,4534958009,Johnny Mundt (PHI) moins de 0.5,Johnny Mundt (PHI) moins de 0.5,0.5,1.6471,0,False
16551508,CHI Bears	 vs. PHI Eagles,Will Shipley,Will Shipley (PHI),2ème mi-temps - Total de réceptions Plus/Moins,31486,77080,1743053640,0.5|sa:player:nfl-1287636|PHI,4534959318,Will Shipley (PHI) Plus de 0.5,Will Shipley (PHI) Plus de 0.5,0.5,2.45,0,False
16551508,CHI Bears	 vs. PHI Eagles,Will Shipley,Will Shipley (PHI),2ème mi-temps - Total de réceptions Plus/Moins,31486,77080,1743053640,0.5|sa:player:nfl-1287636|PHI,4534959319,Will Shipley (PHI) moins de 0.5,Will Shipley (PHI) moins de 0.5,0.5,1.4167,0,False
16551508,CHI Bears	 vs. PHI Eagles,Tank Bigsby,Tank Bigsby (PHI),2ème mi-temps - Total de réceptions Plus/Moins,31486,77080,1743053456,0.5|sa:player:nfl-1215035|PHI,4534958990,Tank Bigsby (PHI) Plus de 0.5,Tank Bigsby (PHI) Plus de 0.5,0.5,4.4,0,False
16551508,CHI Bears	 vs. PHI Eagles,Tank Bigsby,Tank Bigsby (PHI),2ème mi-temps - Total de réceptions Plus/Moins,31486,77080,1743053456,0.5|sa:player:nfl-1215035|PHI,4534958991,Tank Bigsby (PHI) moins de 0.5,Tank Bigsby (PHI) moins de 0.5,0.5,1.1334,0,False
16551508,CHI Bears	 vs. PHI Eagles,Devonta Smith,Devonta Smith (PHI),2ème mi-temps - Yards reçus par le joueur - Plus/Moins,31465,77059,1744369710,30.5|sa:player:nfl-1060262|PHI,4538965644,Devonta Smith (PHI) Plus de 30.5,Devonta Smith (PHI) Plus de 30.5,30.5,1.8334,0,False
16551508,CHI Bears	 vs. PHI Eagles,Devonta Smith,Devonta Smith (PHI),2ème mi-temps - Yards reçus par le joueur - Plus/Moins,31465,77059,1744369710,30.5|sa:player:nfl-1060262|PHI,4538965645,Devonta Smith (PHI) moins de 30.5,Devonta Smith (PHI) moins de 30.5,30.5,1.7693,0,False
16551508,CHI Bears	 vs. PHI Eagles,Dontayvion Wicks,Dontayvion Wicks (PHI),2ème mi-temps - Yards reçus par le joueur - Plus/Moins,31465,77059,1744369345,16.5|sa:player:nfl-1172428|PHI,4538964920,Dontayvion Wicks (PHI) Plus de 16.5,Dontayvion Wicks (PHI) Plus de 16.5,16.5,1.7693,0,False
16551508,CHI Bears	 vs. PHI Eagles,Dontayvion Wicks,Dontayvion Wicks (PHI),2ème mi-temps - Yards reçus par le joueur - Plus/Moins,31465,77059,1744369345,16.5|sa:player:nfl-1172428|PHI,4538964921,Dontayvion Wicks (PHI) moins de 16.5,Dontayvion Wicks (PHI) moins de 16.5,16.5,1.8334,0,False
16551508,CHI Bears	 vs. PHI Eagles,Luther Burden,Luther Burden (CHI),2ème mi-temps - Yards reçus par le joueur - Plus/Moins,31465,77059,1744203927,15.5|sa:player:nfl-1377732|CHI,4538544331,Luther Burden (CHI) Plus de 15.5,Luther Burden (CHI) Plus de 15.5,15.5,1.7693,0,False
16551508,CHI Bears	 vs. PHI Eagles,Luther Burden,Luther Burden (CHI),2ème mi-temps - Yards reçus par le joueur - Plus/Moins,31465,77059,1744203927,15.5|sa:player:nfl-1377732|CHI,4538544332,Luther Burden (CHI) moins de 15.5,Luther Burden (CHI) moins de 15.5,15.5,1.8334,0,False
16551508,CHI Bears	 vs. PHI Eagles,Colston Loveland,Colston Loveland (CHI),2ème mi-temps - Yards reçus par le joueur - Plus/Moins,31465,77059,1744203932,13.5|sa:player:nfl-1378821|CHI,4538544341,Colston Loveland (CHI) Plus de 13.5,Colston Loveland (CHI) Plus de 13.5,13.5,1.7693,0,False
16551508,CHI Bears	 vs. PHI Eagles,Colston Loveland,Colston Loveland (CHI),2ème mi-temps - Yards reçus par le joueur - Plus/Moins,31465,77059,1744203932,13.5|sa:player:nfl-1378821|CHI,4538544342,Colston Loveland (CHI) moins de 13.5,Colston Loveland (CHI) moins de 13.5,13.5,1.8334,0,False
16551508,CHI Bears	 vs. PHI Eagles,Kalif Raymond,Kalif Raymond (CHI),2ème mi-temps - Yards reçus par le joueur - Plus/Moins,31465,77059,1753571361,10.5|sa:player:nfl-692660|CHI,4567456710,Kalif Raymond (CHI) Plus de 10.5,Kalif Raymond (CHI) Plus de 10.5,10.5,1.7693,0,False
16551508,CHI Bears	 vs. PHI Eagles,Kalif Raymond,Kalif Raymond (CHI),2ème mi-temps - Yards reçus par le joueur - Plus/Moins,31465,77059,1753571361,10.5|sa:player:nfl-692660|CHI,4567456711,Kalif Raymond (CHI) moins de 10.5,Kalif Raymond (CHI) moins de 10.5,10.5,1.8334,0,False
16551508,CHI Bears	 vs. PHI Eagles,Makai Lemon,Makai Lemon (PHI),2ème mi-temps - Yards reçus par le joueur - Plus/Moins,31465,77059,1744387259,10.5|sa:player:nfl-1441120|PHI,4539010564,Makai Lemon (PHI) Plus de 10.5,Makai Lemon (PHI) Plus de 10.5,10.5,1.7693,0,False
16551508,CHI Bears	 vs. PHI Eagles,Makai Lemon,Makai Lemon (PHI),2ème mi-temps - Yards reçus par le joueur - Plus/Moins,31465,77059,1744387259,10.5|sa:player:nfl-1441120|PHI,4539010565,Makai Lemon (PHI) moins de 10.5,Makai Lemon (PHI) moins de 10.5,10.5,1.8334,0,False
16551508,CHI Bears	 vs. PHI Eagles,Rome Odunze,Rome Odunze (CHI),2ème mi-temps - Yards reçus par le joueur - Plus/Moins,31465,77059,1744197286,10.5|sa:player:nfl-1213727|CHI,4538527504,Rome Odunze (CHI) Plus de 10.5,Rome Odunze (CHI) Plus de 10.5,10.5,1.7693,0,False
16551508,CHI Bears	 vs. PHI Eagles,Rome Odunze,Rome Odunze (CHI),2ème mi-temps - Yards reçus par le joueur - Plus/Moins,31465,77059,1744197286,10.5|sa:player:nfl-1213727|CHI,4538527505,Rome Odunze (CHI) moins de 10.5,Rome Odunze (CHI) moins de 10.5,10.5,1.8334,0,False
16551508,CHI Bears	 vs. PHI Eagles,D'Andre Swift,D'Andre Swift (CHI),2ème mi-temps - Yards reçus par le joueur - Plus/Moins,31465,77059,1743726209,4.5|sa:player:nfl-1069808|CHI,4537102460,D'Andre Swift (CHI) Plus de 4.5,D'Andre Swift (CHI) Plus de 4.5,4.5,1.7693,0,False
16551508,CHI Bears	 vs. PHI Eagles,D'Andre Swift,D'Andre Swift (CHI),2ème mi-temps - Yards reçus par le joueur - Plus/Moins,31465,77059,1743726209,4.5|sa:player:nfl-1069808|CHI,4537102461,D'Andre Swift (CHI) moins de 4.5,D'Andre Swift (CHI) moins de 4.5,4.5,1.8334,0,False
16551508,CHI Bears	 vs. PHI Eagles,Saquon Barkley,Saquon Barkley (PHI),2ème mi-temps - Yards reçus par le joueur - Plus/Moins,31465,77059,1744375697,3.5|sa:player:nfl-883302|PHI,4538980973,Saquon Barkley (PHI) Plus de 3.5,Saquon Barkley (PHI) Plus de 3.5,3.5,1.7693,0,False
16551508,CHI Bears	 vs. PHI Eagles,Saquon Barkley,Saquon Barkley (PHI),2ème mi-temps - Yards reçus par le joueur - Plus/Moins,31465,77059,1744375697,3.5|sa:player:nfl-883302|PHI,4538980974,Saquon Barkley (PHI) moins de 3.5,Saquon Barkley (PHI) moins de 3.5,3.5,1.8334,0,False
16551508,CHI Bears	 vs. PHI Eagles,Cole Kmet,Cole Kmet (CHI),2ème mi-temps - Yards reçus par le joueur - Plus/Moins,31465,77059,1750174380,1.5|sa:player:nfl-1066765|CHI,4557936803,Cole Kmet (CHI) Plus de 1.5,Cole Kmet (CHI) Plus de 1.5,1.5,1.8334,0,False
16551508,CHI Bears	 vs. PHI Eagles,Cole Kmet,Cole Kmet (CHI),2ème mi-temps - Yards reçus par le joueur - Plus/Moins,31465,77059,1750174380,1.5|sa:player:nfl-1066765|CHI,4557936804,Cole Kmet (CHI) moins de 1.5,Cole Kmet (CHI) moins de 1.5,1.5,1.7693,0,False
16551508,CHI Bears	 vs. PHI Eagles,Kyle Monangai,Kyle Monangai (CHI),2ème mi-temps - Yards reçus par le joueur - Plus/Moins,31465,77059,1743053535,0.5|sa:player:nfl-1250886|CHI,4534959128,Kyle Monangai (CHI) moins de 0.5,Kyle Monangai (CHI) moins de 0.5,0.5,1.7143,0,False
16551508,CHI Bears	 vs. PHI Eagles,Kyle Monangai,Kyle Monangai (CHI),2ème mi-temps - Yards reçus par le joueur - Plus/Moins,31465,77059,1743053535,0.5|sa:player:nfl-1250886|CHI,4534959127,Kyle Monangai (CHI) Plus de 0.5,Kyle Monangai (CHI) Plus de 0.5,0.5,1.9091,0,False
16551508,CHI Bears	 vs. PHI Eagles,Zach Ertz,Zach Ertz (PHI),2ème mi-temps - Yards reçus par le joueur - Plus/Moins,31465,77059,1753539407,0.5|sa:player:nfl-503177|PHI,4567360851,Zach Ertz (PHI) Plus de 0.5,Zach Ertz (PHI) Plus de 0.5,0.5,1.9091,0,False
16551508,CHI Bears	 vs. PHI Eagles,Zach Ertz,Zach Ertz (PHI),2ème mi-temps - Yards reçus par le joueur - Plus/Moins,31465,77059,1753539407,0.5|sa:player:nfl-503177|PHI,4567360852,Zach Ertz (PHI) moins de 0.5,Zach Ertz (PHI) moins de 0.5,0.5,1.7143,0,False
16551508,CHI Bears	 vs. PHI Eagles,Johnny Mundt,Johnny Mundt (PHI),2ème mi-temps - Yards reçus par le joueur - Plus/Moins,31465,77059,1743052890,0.5|sa:player:nfl-740704|PHI,4534957996,Johnny Mundt (PHI) Plus de 0.5,Johnny Mundt (PHI) Plus de 0.5,0.5,2.05,0,False
16551508,CHI Bears	 vs. PHI Eagles,Johnny Mundt,Johnny Mundt (PHI),2ème mi-temps - Yards reçus par le joueur - Plus/Moins,31465,77059,1743052890,0.5|sa:player:nfl-740704|PHI,4534957997,Johnny Mundt (PHI) moins de 0.5,Johnny Mundt (PHI) moins de 0.5,0.5,1.6061,0,False
16551508,CHI Bears	 vs. PHI Eagles,Will Shipley,Will Shipley (PHI),2ème mi-temps - Yards reçus par le joueur - Plus/Moins,31465,77059,1743053634,0.5|sa:player:nfl-1287636|PHI,4534959306,Will Shipley (PHI) Plus de 0.5,Will Shipley (PHI) Plus de 0.5,0.5,2.65,0,False
16551508,CHI Bears	 vs. PHI Eagles,Will Shipley,Will Shipley (PHI),2ème mi-temps - Yards reçus par le joueur - Plus/Moins,31465,77059,1743053634,0.5|sa:player:nfl-1287636|PHI,4534959307,Will Shipley (PHI) moins de 0.5,Will Shipley (PHI) moins de 0.5,0.5,1.3637,0,False
16551508,CHI Bears	 vs. PHI Eagles,Tank Bigsby,Tank Bigsby (PHI),2ème mi-temps - Yards reçus par le joueur - Plus/Moins,31465,77059,1743053450,0.5|sa:player:nfl-1215035|PHI,4534958978,Tank Bigsby (PHI) Plus de 0.5,Tank Bigsby (PHI) Plus de 0.5,0.5,4.75,0,False
16551508,CHI Bears	 vs. PHI Eagles,Tank Bigsby,Tank Bigsby (PHI),2ème mi-temps - Yards reçus par le joueur - Plus/Moins,31465,77059,1743053450,0.5|sa:player:nfl-1215035|PHI,4534958979,Tank Bigsby (PHI) moins de 0.5,Tank Bigsby (PHI) moins de 0.5,0.5,1.1112,0,False
16551508,CHI Bears	 vs. PHI Eagles,Devonta Smith,Devonta Smith (PHI),2ème mi-temps - Touchdowns de réception du joueur Plus / Moins,31468,77062,1743053188,0.5|sa:player:nfl-1060262|PHI,4534958522,Devonta Smith (PHI) Plus de 0.5,Devonta Smith (PHI) Plus de 0.5,0.5,4.0,0,False
16551508,CHI Bears	 vs. PHI Eagles,Devonta Smith,Devonta Smith (PHI),2ème mi-temps - Touchdowns de réception du joueur Plus / Moins,31468,77062,1743053188,0.5|sa:player:nfl-1060262|PHI,4534958523,Devonta Smith (PHI) moins de 0.5,Devonta Smith (PHI) moins de 0.5,0.5,1.1667,0,False
16551508,CHI Bears	 vs. PHI Eagles,Dontayvion Wicks,Dontayvion Wicks (PHI),2ème mi-temps - Touchdowns de réception du joueur Plus / Moins,31468,77062,1743053382,0.5|sa:player:nfl-1172428|PHI,4534958864,Dontayvion Wicks (PHI) moins de 0.5,Dontayvion Wicks (PHI) moins de 0.5,0.5,1.091,0,False
16551508,CHI Bears	 vs. PHI Eagles,Dontayvion Wicks,Dontayvion Wicks (PHI),2ème mi-temps - Touchdowns de réception du joueur Plus / Moins,31468,77062,1743053382,0.5|sa:player:nfl-1172428|PHI,4534958863,Dontayvion Wicks (PHI) Plus de 0.5,Dontayvion Wicks (PHI) Plus de 0.5,0.5,5.25,0,False
16551508,CHI Bears	 vs. PHI Eagles,Colston Loveland,Colston Loveland (CHI),2ème mi-temps - Touchdowns de réception du joueur Plus / Moins,31468,77062,1743053793,0.5|sa:player:nfl-1378821|CHI,4534959582,Colston Loveland (CHI) Plus de 0.5,Colston Loveland (CHI) Plus de 0.5,0.5,6.0,0,False
16551508,CHI Bears	 vs. PHI Eagles,Colston Loveland,Colston Loveland (CHI),2ème mi-temps - Touchdowns de réception du joueur Plus / Moins,31468,77062,1743053793,0.5|sa:player:nfl-1378821|CHI,4534959583,Colston Loveland (CHI) moins de 0.5,Colston Loveland (CHI) moins de 0.5,0.5,1.0625,0,False
16551508,CHI Bears	 vs. PHI Eagles,Luther Burden,Luther Burden (CHI),2ème mi-temps - Touchdowns de réception du joueur Plus / Moins,31468,77062,1743053739,0.5|sa:player:nfl-1377732|CHI,4534959492,Luther Burden (CHI) Plus de 0.5,Luther Burden (CHI) Plus de 0.5,0.5,6.0,0,False
16551508,CHI Bears	 vs. PHI Eagles,Luther Burden,Luther Burden (CHI),2ème mi-temps - Touchdowns de réception du joueur Plus / Moins,31468,77062,1743053739,0.5|sa:player:nfl-1377732|CHI,4534959493,Luther Burden (CHI) moins de 0.5,Luther Burden (CHI) moins de 0.5,0.5,1.0625,0,False
16551508,CHI Bears	 vs. PHI Eagles,Makai Lemon,Makai Lemon (PHI),2ème mi-temps - Touchdowns de réception du joueur Plus / Moins,31468,77062,1743053859,0.5|sa:player:nfl-1441120|PHI,4534959694,Makai Lemon (PHI) Plus de 0.5,Makai Lemon (PHI) Plus de 0.5,0.5,6.25,0,False
16551508,CHI Bears	 vs. PHI Eagles,Makai Lemon,Makai Lemon (PHI),2ème mi-temps - Touchdowns de réception du joueur Plus / Moins,31468,77062,1743053859,0.5|sa:player:nfl-1441120|PHI,4534959695,Makai Lemon (PHI) moins de 0.5,Makai Lemon (PHI) moins de 0.5,0.5,1.05,0,False
16551508,CHI Bears	 vs. PHI Eagles,Rome Odunze,Rome Odunze (CHI),2ème mi-temps - Touchdowns de réception du joueur Plus / Moins,31468,77062,1743053420,0.5|sa:player:nfl-1213727|CHI,4534958928,Rome Odunze (CHI) Plus de 0.5,Rome Odunze (CHI) Plus de 0.5,0.5,6.25,0,False
16551508,CHI Bears	 vs. PHI Eagles,Rome Odunze,Rome Odunze (CHI),2ème mi-temps - Touchdowns de réception du joueur Plus / Moins,31468,77062,1743053420,0.5|sa:player:nfl-1213727|CHI,4534958929,Rome Odunze (CHI) moins de 0.5,Rome Odunze (CHI) moins de 0.5,0.5,1.05,0,False
16551508,CHI Bears	 vs. PHI Eagles,Kalif Raymond,Kalif Raymond (CHI),2ème mi-temps - Touchdowns de réception du joueur Plus / Moins,31468,77062,1743052860,0.5|sa:player:nfl-692660|CHI,4534957946,Kalif Raymond (CHI) Plus de 0.5,Kalif Raymond (CHI) Plus de 0.5,0.5,6.75,0,False
16551508,CHI Bears	 vs. PHI Eagles,Kalif Raymond,Kalif Raymond (CHI),2ème mi-temps - Touchdowns de réception du joueur Plus / Moins,31468,77062,1743052860,0.5|sa:player:nfl-692660|CHI,4534957947,Kalif Raymond (CHI) moins de 0.5,Kalif Raymond (CHI) moins de 0.5,0.5,1.04,0,False
16551508,CHI Bears	 vs. PHI Eagles,Saquon Barkley,Saquon Barkley (PHI),2ème mi-temps - Touchdowns de réception du joueur Plus / Moins,31468,77062,1743052994,0.5|sa:player:nfl-883302|PHI,4534958178,Saquon Barkley (PHI) Plus de 0.5,Saquon Barkley (PHI) Plus de 0.5,0.5,7.75,0,False
16551508,CHI Bears	 vs. PHI Eagles,Saquon Barkley,Saquon Barkley (PHI),2ème mi-temps - Touchdowns de réception du joueur Plus / Moins,31468,77062,1743052994,0.5|sa:player:nfl-883302|PHI,4534958179,Saquon Barkley (PHI) moins de 0.5,Saquon Barkley (PHI) moins de 0.5,0.5,1.02,0,False
16551508,CHI Bears	 vs. PHI Eagles,Zach Ertz,Zach Ertz (PHI),2ème mi-temps - Touchdowns de réception du joueur Plus / Moins,31468,77062,1753537099,0.5|sa:player:nfl-503177|PHI,4567350992,Zach Ertz (PHI) moins de 0.5,Zach Ertz (PHI) moins de 0.5,0.5,1.02,0,False
16551508,CHI Bears	 vs. PHI Eagles,Zach Ertz,Zach Ertz (PHI),2ème mi-temps - Touchdowns de réception du joueur Plus / Moins,31468,77062,1753537099,0.5|sa:player:nfl-503177|PHI,4567350991,Zach Ertz (PHI) Plus de 0.5,Zach Ertz (PHI) Plus de 0.5,0.5,7.75,0,False
16551508,CHI Bears	 vs. PHI Eagles,Cole Kmet,Cole Kmet (CHI),2ème mi-temps - Touchdowns de réception du joueur Plus / Moins,31468,77062,1743053221,0.5|sa:player:nfl-1066765|CHI,4534958578,Cole Kmet (CHI) Plus de 0.5,Cole Kmet (CHI) Plus de 0.5,0.5,8.5,0,False
16551508,CHI Bears	 vs. PHI Eagles,Cole Kmet,Cole Kmet (CHI),2ème mi-temps - Touchdowns de réception du joueur Plus / Moins,31468,77062,1743053221,0.5|sa:player:nfl-1066765|CHI,4534958579,Cole Kmet (CHI) moins de 0.5,Cole Kmet (CHI) moins de 0.5,0.5,1.01,0,False
16551508,CHI Bears	 vs. PHI Eagles,D'Andre Swift,D'Andre Swift (CHI),2ème mi-temps - Touchdowns de réception du joueur Plus / Moins,31468,77062,1743053258,0.5|sa:player:nfl-1069808|CHI,4534958641,D'Andre Swift (CHI) Plus de 0.5,D'Andre Swift (CHI) Plus de 0.5,0.5,8.5,0,False
16551508,CHI Bears	 vs. PHI Eagles,D'Andre Swift,D'Andre Swift (CHI),2ème mi-temps - Touchdowns de réception du joueur Plus / Moins,31468,77062,1743053258,0.5|sa:player:nfl-1069808|CHI,4534958642,D'Andre Swift (CHI) moins de 0.5,D'Andre Swift (CHI) moins de 0.5,0.5,1.01,0,False
16551508,CHI Bears	 vs. PHI Eagles,Darius Cooper,Darius Cooper (PHI),2ème mi-temps - Touchdowns de réception du joueur Plus / Moins,31468,77062,1743053505,0.5|sa:player:nfl-1223318|PHI,4534959077,Darius Cooper (PHI) Plus de 0.5,Darius Cooper (PHI) Plus de 0.5,0.5,8.5,0,False
16551508,CHI Bears	 vs. PHI Eagles,Darius Cooper,Darius Cooper (PHI),2ème mi-temps - Touchdowns de réception du joueur Plus / Moins,31468,77062,1743053505,0.5|sa:player:nfl-1223318|PHI,4534959078,Darius Cooper (PHI) moins de 0.5,Darius Cooper (PHI) moins de 0.5,0.5,0.0,7,False
16551508,CHI Bears	 vs. PHI Eagles,Elijah Moore,Elijah Moore (PHI),2ème mi-temps - Touchdowns de réception du joueur Plus / Moins,31468,77062,1751722887,0.5|sa:player:nfl-1128783|PHI,4562459752,Elijah Moore (PHI) Plus de 0.5,Elijah Moore (PHI) Plus de 0.5,0.5,8.5,0,False
16551508,CHI Bears	 vs. PHI Eagles,Elijah Moore,Elijah Moore (PHI),2ème mi-temps - Touchdowns de réception du joueur Plus / Moins,31468,77062,1751722887,0.5|sa:player:nfl-1128783|PHI,4562459753,Elijah Moore (PHI) moins de 0.5,Elijah Moore (PHI) moins de 0.5,0.5,0.0,7,False
16551508,CHI Bears	 vs. PHI Eagles,Jahdae Walker,Jahdae Walker (CHI),2ème mi-temps - Touchdowns de réception du joueur Plus / Moins,31468,77062,1743053950,0.5|sa:player:nfl-1465213|CHI,4534959856,Jahdae Walker (CHI) Plus de 0.5,Jahdae Walker (CHI) Plus de 0.5,0.5,8.5,0,False
16551508,CHI Bears	 vs. PHI Eagles,Jahdae Walker,Jahdae Walker (CHI),2ème mi-temps - Touchdowns de réception du joueur Plus / Moins,31468,77062,1743053950,0.5|sa:player:nfl-1465213|CHI,4534959857,Jahdae Walker (CHI) moins de 0.5,Jahdae Walker (CHI) moins de 0.5,0.5,0.0,7,False
16551508,CHI Bears	 vs. PHI Eagles,Johnny Mundt,Johnny Mundt (PHI),2ème mi-temps - Touchdowns de réception du joueur Plus / Moins,31468,77062,1743052893,0.5|sa:player:nfl-740704|PHI,4534958002,Johnny Mundt (PHI) Plus de 0.5,Johnny Mundt (PHI) Plus de 0.5,0.5,8.5,0,False
16551508,CHI Bears	 vs. PHI Eagles,Johnny Mundt,Johnny Mundt (PHI),2ème mi-temps - Touchdowns de réception du joueur Plus / Moins,31468,77062,1743052893,0.5|sa:player:nfl-740704|PHI,4534958003,Johnny Mundt (PHI) moins de 0.5,Johnny Mundt (PHI) moins de 0.5,0.5,1.01,0,False
16551508,CHI Bears	 vs. PHI Eagles,Kyle Monangai,Kyle Monangai (CHI),2ème mi-temps - Touchdowns de réception du joueur Plus / Moins,31468,77062,1743053538,0.5|sa:player:nfl-1250886|CHI,4534959133,Kyle Monangai (CHI) Plus de 0.5,Kyle Monangai (CHI) Plus de 0.5,0.5,8.5,0,False
16551508,CHI Bears	 vs. PHI Eagles,Kyle Monangai,Kyle Monangai (CHI),2ème mi-temps - Touchdowns de réception du joueur Plus / Moins,31468,77062,1743053538,0.5|sa:player:nfl-1250886|CHI,4534959134,Kyle Monangai (CHI) moins de 0.5,Kyle Monangai (CHI) moins de 0.5,0.5,0.0,7,False
16551508,CHI Bears	 vs. PHI Eagles,Sam Roush,Sam Roush (CHI),2ème mi-temps - Touchdowns de réception du joueur Plus / Moins,31468,77062,1743053766,0.5|sa:player:nfl-1378156|CHI,4534959537,Sam Roush (CHI) Plus de 0.5,Sam Roush (CHI) Plus de 0.5,0.5,8.5,0,False
16551508,CHI Bears	 vs. PHI Eagles,Sam Roush,Sam Roush (CHI),2ème mi-temps - Touchdowns de réception du joueur Plus / Moins,31468,77062,1743053766,0.5|sa:player:nfl-1378156|CHI,4534959538,Sam Roush (CHI) moins de 0.5,Sam Roush (CHI) moins de 0.5,0.5,0.0,7,False
16551508,CHI Bears	 vs. PHI Eagles,Will Shipley,Will Shipley (PHI),2ème mi-temps - Touchdowns de réception du joueur Plus / Moins,31468,77062,1743053637,0.5|sa:player:nfl-1287636|PHI,4534959312,Will Shipley (PHI) Plus de 0.5,Will Shipley (PHI) Plus de 0.5,0.5,8.5,0,False
16551508,CHI Bears	 vs. PHI Eagles,Will Shipley,Will Shipley (PHI),2ème mi-temps - Touchdowns de réception du joueur Plus / Moins,31468,77062,1743053637,0.5|sa:player:nfl-1287636|PHI,4534959313,Will Shipley (PHI) moins de 0.5,Will Shipley (PHI) moins de 0.5,0.5,0.0,7,False
16551508,CHI Bears	 vs. PHI Eagles,Jalen Hurts,Jalen Hurts (PHI),2ème mi-temps - Total de yards à la passe du joueur Plus/Moins,31459,77053,1744378111,99.5|sa:player:nfl-913271|PHI,4538985656,Jalen Hurts (PHI) moins de 99.5,Jalen Hurts (PHI) moins de 99.5,99.5,1.8,0,False
16551508,CHI Bears	 vs. PHI Eagles,Jalen Hurts,Jalen Hurts (PHI),2ème mi-temps - Total de yards à la passe du joueur Plus/Moins,31459,77053,1744378111,99.5|sa:player:nfl-913271|PHI,4538985655,Jalen Hurts (PHI) Plus de 99.5,Jalen Hurts (PHI) Plus de 99.5,99.5,1.8,0,False
16551508,CHI Bears	 vs. PHI Eagles,Case Keenum,Case Keenum (CHI),2ème mi-temps - Total de yards à la passe du joueur Plus/Moins,31459,77053,1752947038,81.5|sa:player:nfl-338280|CHI,4565851222,Case Keenum (CHI) Plus de 81.5,Case Keenum (CHI) Plus de 81.5,81.5,1.7693,0,False
16551508,CHI Bears	 vs. PHI Eagles,Case Keenum,Case Keenum (CHI),2ème mi-temps - Total de yards à la passe du joueur Plus/Moins,31459,77053,1752947038,81.5|sa:player:nfl-338280|CHI,4565851223,Case Keenum (CHI) moins de 81.5,Case Keenum (CHI) moins de 81.5,81.5,1.8334,0,False
16551508,CHI Bears	 vs. PHI Eagles,Jalen Hurts,Jalen Hurts (PHI),2ème mi-temps - Total de Touchdowns à la passe du joueur - Plus/Moins,31462,77056,1743053046,0.5|sa:player:nfl-913271|PHI,4534958272,Jalen Hurts (PHI) Plus de 0.5,Jalen Hurts (PHI) Plus de 0.5,0.5,1.7693,0,False
16551508,CHI Bears	 vs. PHI Eagles,Jalen Hurts,Jalen Hurts (PHI),2ème mi-temps - Total de Touchdowns à la passe du joueur - Plus/Moins,31462,77056,1743053046,0.5|sa:player:nfl-913271|PHI,4534958273,Jalen Hurts (PHI) moins de 0.5,Jalen Hurts (PHI) moins de 0.5,0.5,1.8334,0,False
16551508,CHI Bears	 vs. PHI Eagles,Case Keenum,Case Keenum (CHI),2ème mi-temps - Total de Touchdowns à la passe du joueur - Plus/Moins,31462,77056,1744197206,0.5|sa:player:nfl-338280|CHI,4538527353,Case Keenum (CHI) Plus de 0.5,Case Keenum (CHI) Plus de 0.5,0.5,2.25,0,False
16551508,CHI Bears	 vs. PHI Eagles,Case Keenum,Case Keenum (CHI),2ème mi-temps - Total de Touchdowns à la passe du joueur - Plus/Moins,31462,77056,1744197206,0.5|sa:player:nfl-338280|CHI,4538527354,Case Keenum (CHI) moins de 0.5,Case Keenum (CHI) moins de 0.5,0.5,1.5,0,False
16551508,CHI Bears	 vs. PHI Eagles,Jalen Hurts,Jalen Hurts (PHI),2ème mi-temps - Joueur Tentative de passe - Plus/Moins,31480,77074,1744204368,14.5|sa:player:nfl-913271|PHI,4538545329,Jalen Hurts (PHI) Plus de 14.5,Jalen Hurts (PHI) Plus de 14.5,14.5,1.9091,0,False
16551508,CHI Bears	 vs. PHI Eagles,Jalen Hurts,Jalen Hurts (PHI),2ème mi-temps - Joueur Tentative de passe - Plus/Moins,31480,77074,1744204368,14.5|sa:player:nfl-913271|PHI,4538545330,Jalen Hurts (PHI) moins de 14.5,Jalen Hurts (PHI) moins de 14.5,14.5,1.7143,0,False
16551508,CHI Bears	 vs. PHI Eagles,Case Keenum,Case Keenum (CHI),2ème mi-temps - Joueur Tentative de passe - Plus/Moins,31480,77074,1753482958,13.5|sa:player:nfl-338280|CHI,4567190323,Case Keenum (CHI) Plus de 13.5,Case Keenum (CHI) Plus de 13.5,13.5,1.7143,0,False
16551508,CHI Bears	 vs. PHI Eagles,Case Keenum,Case Keenum (CHI),2ème mi-temps - Joueur Tentative de passe - Plus/Moins,31480,77074,1753482958,13.5|sa:player:nfl-338280|CHI,4567190324,Case Keenum (CHI) moins de 13.5,Case Keenum (CHI) moins de 13.5,13.5,1.9091,0,False
16551508,CHI Bears	 vs. PHI Eagles,Case Keenum,Case Keenum (CHI),2ème mi-temps - Interceptions du joueur Plus/Moins,31477,77071,1744197212,0.5|sa:player:nfl-338280|CHI,4538527365,Case Keenum (CHI) Plus de 0.5,Case Keenum (CHI) Plus de 0.5,0.5,2.75,0,False
16551508,CHI Bears	 vs. PHI Eagles,Case Keenum,Case Keenum (CHI),2ème mi-temps - Interceptions du joueur Plus/Moins,31477,77071,1744197212,0.5|sa:player:nfl-338280|CHI,4538527366,Case Keenum (CHI) moins de 0.5,Case Keenum (CHI) moins de 0.5,0.5,1.3449,0,False
16551508,CHI Bears	 vs. PHI Eagles,Jalen Hurts,Jalen Hurts (PHI),2ème mi-temps - Interceptions du joueur Plus/Moins,31477,77071,1743053052,0.5|sa:player:nfl-913271|PHI,4534958284,Jalen Hurts (PHI) Plus de 0.5,Jalen Hurts (PHI) Plus de 0.5,0.5,3.1,0,False
16551508,CHI Bears	 vs. PHI Eagles,Jalen Hurts,Jalen Hurts (PHI),2ème mi-temps - Interceptions du joueur Plus/Moins,31477,77071,1743053052,0.5|sa:player:nfl-913271|PHI,4534958285,Jalen Hurts (PHI) moins de 0.5,Jalen Hurts (PHI) moins de 0.5,0.5,1.2667,0,False
16551508,CHI Bears	 vs. PHI Eagles,Jalen Hurts,Jalen Hurts (PHI),2ème mi-temps - Passes réussies du joueur - Plus/Moins,31492,77086,1744216401,8.5|sa:player:nfl-913271|PHI,4538573853,Jalen Hurts (PHI) Plus de 8.5,Jalen Hurts (PHI) Plus de 8.5,8.5,1.7693,0,False
16551508,CHI Bears	 vs. PHI Eagles,Jalen Hurts,Jalen Hurts (PHI),2ème mi-temps - Passes réussies du joueur - Plus/Moins,31492,77086,1744216401,8.5|sa:player:nfl-913271|PHI,4538573854,Jalen Hurts (PHI) moins de 8.5,Jalen Hurts (PHI) moins de 8.5,8.5,1.8334,0,False
16551508,CHI Bears	 vs. PHI Eagles,Case Keenum,Case Keenum (CHI),2ème mi-temps - Passes réussies du joueur - Plus/Moins,31492,77086,1745593671,8.5|sa:player:nfl-338280|CHI,4542892566,Case Keenum (CHI) Plus de 8.5,Case Keenum (CHI) Plus de 8.5,8.5,1.8334,0,False
16551508,CHI Bears	 vs. PHI Eagles,Case Keenum,Case Keenum (CHI),2ème mi-temps - Passes réussies du joueur - Plus/Moins,31492,77086,1745593671,8.5|sa:player:nfl-338280|CHI,4542892567,Case Keenum (CHI) moins de 8.5,Case Keenum (CHI) moins de 8.5,8.5,1.7693,0,False
16551508,CHI Bears	 vs. PHI Eagles,D'Andre Swift,D'Andre Swift (CHI),Premier quart-temps - Total de yards à la course du joueur Plus/Moins,31472,77066,1744197274,14.5|sa:player:nfl-1069808|CHI|1,4538527480,D'Andre Swift (CHI) Plus de 14.5,D'Andre Swift (CHI) Plus de 14.5,14.5,1.7693,0,False
16551508,CHI Bears	 vs. PHI Eagles,D'Andre Swift,D'Andre Swift (CHI),Premier quart-temps - Total de yards à la course du joueur Plus/Moins,31472,77066,1744197274,14.5|sa:player:nfl-1069808|CHI|1,4538527481,D'Andre Swift (CHI) moins de 14.5,D'Andre Swift (CHI) moins de 14.5,14.5,1.8334,0,False
16551508,CHI Bears	 vs. PHI Eagles,Saquon Barkley,Saquon Barkley (PHI),Premier quart-temps - Total de yards à la course du joueur Plus/Moins,31472,77066,1743053005,13.5|sa:player:nfl-883302|PHI|1,4534958200,Saquon Barkley (PHI) Plus de 13.5,Saquon Barkley (PHI) Plus de 13.5,13.5,1.7693,0,False
16551508,CHI Bears	 vs. PHI Eagles,Saquon Barkley,Saquon Barkley (PHI),Premier quart-temps - Total de yards à la course du joueur Plus/Moins,31472,77066,1743053005,13.5|sa:player:nfl-883302|PHI|1,4534958201,Saquon Barkley (PHI) moins de 13.5,Saquon Barkley (PHI) moins de 13.5,13.5,1.8334,0,False
16551508,CHI Bears	 vs. PHI Eagles,Kyle Monangai,Kyle Monangai (CHI),Premier quart-temps - Total de yards à la course du joueur Plus/Moins,31472,77066,1744217193,8.5|sa:player:nfl-1250886|CHI|1,4538575688,Kyle Monangai (CHI) Plus de 8.5,Kyle Monangai (CHI) Plus de 8.5,8.5,1.7693,0,False
16551508,CHI Bears	 vs. PHI Eagles,Kyle Monangai,Kyle Monangai (CHI),Premier quart-temps - Total de yards à la course du joueur Plus/Moins,31472,77066,1744217193,8.5|sa:player:nfl-1250886|CHI|1,4538575689,Kyle Monangai (CHI) moins de 8.5,Kyle Monangai (CHI) moins de 8.5,8.5,1.8334,0,False
16551508,CHI Bears	 vs. PHI Eagles,Jalen Hurts,Jalen Hurts (PHI),Premier quart-temps - Total de yards à la course du joueur Plus/Moins,31472,77066,1743053066,2.5|sa:player:nfl-913271|PHI|1,4534958312,Jalen Hurts (PHI) Plus de 2.5,Jalen Hurts (PHI) Plus de 2.5,2.5,1.8334,0,False
16551508,CHI Bears	 vs. PHI Eagles,Jalen Hurts,Jalen Hurts (PHI),Premier quart-temps - Total de yards à la course du joueur Plus/Moins,31472,77066,1743053066,2.5|sa:player:nfl-913271|PHI|1,4534958313,Jalen Hurts (PHI) moins de 2.5,Jalen Hurts (PHI) moins de 2.5,2.5,1.7693,0,False
16551508,CHI Bears	 vs. PHI Eagles,Tank Bigsby,Tank Bigsby (PHI),Premier quart-temps - Total de yards à la course du joueur Plus/Moins,31472,77066,1744369713,0.5|sa:player:nfl-1215035|PHI|1,4538965650,Tank Bigsby (PHI) Plus de 0.5,Tank Bigsby (PHI) Plus de 0.5,0.5,1.9524,0,False
16551508,CHI Bears	 vs. PHI Eagles,Tank Bigsby,Tank Bigsby (PHI),Premier quart-temps - Total de yards à la course du joueur Plus/Moins,31472,77066,1744369713,0.5|sa:player:nfl-1215035|PHI|1,4538965651,Tank Bigsby (PHI) moins de 0.5,Tank Bigsby (PHI) moins de 0.5,0.5,1.6667,0,False
16551508,CHI Bears	 vs. PHI Eagles,Case Keenum,Case Keenum (CHI),Premier quart-temps - Total de yards à la course du joueur Plus/Moins,31472,77066,1744197226,0.5|sa:player:nfl-338280|CHI|1,4538527393,Case Keenum (CHI) Plus de 0.5,Case Keenum (CHI) Plus de 0.5,0.5,2.65,0,False
16551508,CHI Bears	 vs. PHI Eagles,Case Keenum,Case Keenum (CHI),Premier quart-temps - Total de yards à la course du joueur Plus/Moins,31472,77066,1744197226,0.5|sa:player:nfl-338280|CHI|1,4538527394,Case Keenum (CHI) moins de 0.5,Case Keenum (CHI) moins de 0.5,0.5,1.3637,0,False
16551508,CHI Bears	 vs. PHI Eagles,Will Shipley,Will Shipley (PHI),Premier quart-temps - Total de yards à la course du joueur Plus/Moins,31472,77066,1743053648,0.5|sa:player:nfl-1287636|PHI|1,4534959334,Will Shipley (PHI) Plus de 0.5,Will Shipley (PHI) Plus de 0.5,0.5,3.5,0,False
16551508,CHI Bears	 vs. PHI Eagles,Will Shipley,Will Shipley (PHI),Premier quart-temps - Total de yards à la course du joueur Plus/Moins,31472,77066,1743053648,0.5|sa:player:nfl-1287636|PHI|1,4534959335,Will Shipley (PHI) moins de 0.5,Will Shipley (PHI) moins de 0.5,0.5,1.2106,0,False
16551508,CHI Bears	 vs. PHI Eagles,D'Andre Swift,D'Andre Swift (CHI),Premier quart-temps - Touchdowns de course du joueur Plus / Moins,31475,77069,1743053272,0.5|sa:player:nfl-1069808|CHI|1,4534958669,D'Andre Swift (CHI) Plus de 0.5,D'Andre Swift (CHI) Plus de 0.5,0.5,6.0,0,False
16551508,CHI Bears	 vs. PHI Eagles,D'Andre Swift,D'Andre Swift (CHI),Premier quart-temps - Touchdowns de course du joueur Plus / Moins,31475,77069,1743053272,0.5|sa:player:nfl-1069808|CHI|1,4534958670,D'Andre Swift (CHI) moins de 0.5,D'Andre Swift (CHI) moins de 0.5,0.5,1.0589,0,False
16551508,CHI Bears	 vs. PHI Eagles,Saquon Barkley,Saquon Barkley (PHI),Premier quart-temps - Touchdowns de course du joueur Plus / Moins,31475,77069,1743053008,0.5|sa:player:nfl-883302|PHI|1,4534958206,Saquon Barkley (PHI) Plus de 0.5,Saquon Barkley (PHI) Plus de 0.5,0.5,6.0,0,False
16551508,CHI Bears	 vs. PHI Eagles,Saquon Barkley,Saquon Barkley (PHI),Premier quart-temps - Touchdowns de course du joueur Plus / Moins,31475,77069,1743053008,0.5|sa:player:nfl-883302|PHI|1,4534958207,Saquon Barkley (PHI) moins de 0.5,Saquon Barkley (PHI) moins de 0.5,0.5,1.0625,0,False
16551508,CHI Bears	 vs. PHI Eagles,Jalen Hurts,Jalen Hurts (PHI),Premier quart-temps - Touchdowns de course du joueur Plus / Moins,31475,77069,1743053069,0.5|sa:player:nfl-913271|PHI|1,4534958318,Jalen Hurts (PHI) Plus de 0.5,Jalen Hurts (PHI) Plus de 0.5,0.5,6.75,0,False
16551508,CHI Bears	 vs. PHI Eagles,Jalen Hurts,Jalen Hurts (PHI),Premier quart-temps - Touchdowns de course du joueur Plus / Moins,31475,77069,1743053069,0.5|sa:player:nfl-913271|PHI|1,4534958319,Jalen Hurts (PHI) moins de 0.5,Jalen Hurts (PHI) moins de 0.5,0.5,1.04,0,False
16551508,CHI Bears	 vs. PHI Eagles,Kyle Monangai,Kyle Monangai (CHI),Premier quart-temps - Touchdowns de course du joueur Plus / Moins,31475,77069,1743053552,0.5|sa:player:nfl-1250886|CHI|1,4534959161,Kyle Monangai (CHI) Plus de 0.5,Kyle Monangai (CHI) Plus de 0.5,0.5,7.0,0,False
16551508,CHI Bears	 vs. PHI Eagles,Kyle Monangai,Kyle Monangai (CHI),Premier quart-temps - Touchdowns de course du joueur Plus / Moins,31475,77069,1743053552,0.5|sa:player:nfl-1250886|CHI|1,4534959162,Kyle Monangai (CHI) moins de 0.5,Kyle Monangai (CHI) moins de 0.5,0.5,1.0334,0,False
16551508,CHI Bears	 vs. PHI Eagles,Tank Bigsby,Tank Bigsby (PHI),Premier quart-temps - Touchdowns de course du joueur Plus / Moins,31475,77069,1743053467,0.5|sa:player:nfl-1215035|PHI|1,4534959012,Tank Bigsby (PHI) Plus de 0.5,Tank Bigsby (PHI) Plus de 0.5,0.5,8.5,0,False
16551508,CHI Bears	 vs. PHI Eagles,Tank Bigsby,Tank Bigsby (PHI),Premier quart-temps - Touchdowns de course du joueur Plus / Moins,31475,77069,1743053467,0.5|sa:player:nfl-1215035|PHI|1,4534959013,Tank Bigsby (PHI) moins de 0.5,Tank Bigsby (PHI) moins de 0.5,0.5,0.0,7,False
16551508,CHI Bears	 vs. PHI Eagles,Case Keenum,Case Keenum (CHI),Premier quart-temps - Touchdowns de course du joueur Plus / Moins,31475,77069,1744197229,0.5|sa:player:nfl-338280|CHI|1,4538527400,Case Keenum (CHI) moins de 0.5,Case Keenum (CHI) moins de 0.5,0.5,0.0,7,False
16551508,CHI Bears	 vs. PHI Eagles,Case Keenum,Case Keenum (CHI),Premier quart-temps - Touchdowns de course du joueur Plus / Moins,31475,77069,1744197229,0.5|sa:player:nfl-338280|CHI|1,4538527399,Case Keenum (CHI) Plus de 0.5,Case Keenum (CHI) Plus de 0.5,0.5,9.0,0,False
16551508,CHI Bears	 vs. PHI Eagles,D'Andre Swift,D'Andre Swift (CHI),Premier quart-temps - Tentatives de rushing du joueur Plus/Moins,31484,77078,1743053275,3.5|sa:player:nfl-1069808|CHI|1,4534958675,D'Andre Swift (CHI) Plus de 3.5,D'Andre Swift (CHI) Plus de 3.5,3.5,1.5556,0,False
16551508,CHI Bears	 vs. PHI Eagles,D'Andre Swift,D'Andre Swift (CHI),Premier quart-temps - Tentatives de rushing du joueur Plus/Moins,31484,77078,1743053275,3.5|sa:player:nfl-1069808|CHI|1,4534958676,D'Andre Swift (CHI) moins de 3.5,D'Andre Swift (CHI) moins de 3.5,3.5,2.15,0,False
16551508,CHI Bears	 vs. PHI Eagles,Saquon Barkley,Saquon Barkley (PHI),Premier quart-temps - Tentatives de rushing du joueur Plus/Moins,31484,77078,1743053011,3.5|sa:player:nfl-883302|PHI|1,4534958212,Saquon Barkley (PHI) Plus de 3.5,Saquon Barkley (PHI) Plus de 3.5,3.5,1.6471,0,False
16551508,CHI Bears	 vs. PHI Eagles,Saquon Barkley,Saquon Barkley (PHI),Premier quart-temps - Tentatives de rushing du joueur Plus/Moins,31484,77078,1743053011,3.5|sa:player:nfl-883302|PHI|1,4534958213,Saquon Barkley (PHI) moins de 3.5,Saquon Barkley (PHI) moins de 3.5,3.5,2.0,0,False
16551508,CHI Bears	 vs. PHI Eagles,Kyle Monangai,Kyle Monangai (CHI),Premier quart-temps - Tentatives de rushing du joueur Plus/Moins,31484,77078,1744197297,2.5|sa:player:nfl-1250886|CHI|1,4538527526,Kyle Monangai (CHI) Plus de 2.5,Kyle Monangai (CHI) Plus de 2.5,2.5,1.8334,0,False
16551508,CHI Bears	 vs. PHI Eagles,Kyle Monangai,Kyle Monangai (CHI),Premier quart-temps - Tentatives de rushing du joueur Plus/Moins,31484,77078,1744197297,2.5|sa:player:nfl-1250886|CHI|1,4538527527,Kyle Monangai (CHI) moins de 2.5,Kyle Monangai (CHI) moins de 2.5,2.5,1.7693,0,False
16551508,CHI Bears	 vs. PHI Eagles,Jalen Hurts,Jalen Hurts (PHI),Premier quart-temps - Tentatives de rushing du joueur Plus/Moins,31484,77078,1743053072,0.5|sa:player:nfl-913271|PHI|1,4534958324,Jalen Hurts (PHI) Plus de 0.5,Jalen Hurts (PHI) Plus de 0.5,0.5,1.4167,0,False
16551508,CHI Bears	 vs. PHI Eagles,Jalen Hurts,Jalen Hurts (PHI),Premier quart-temps - Tentatives de rushing du joueur Plus/Moins,31484,77078,1743053072,0.5|sa:player:nfl-913271|PHI|1,4534958325,Jalen Hurts (PHI) moins de 0.5,Jalen Hurts (PHI) moins de 0.5,0.5,2.45,0,False
16551508,CHI Bears	 vs. PHI Eagles,Tank Bigsby,Tank Bigsby (PHI),Premier quart-temps - Tentatives de rushing du joueur Plus/Moins,31484,77078,1743053470,0.5|sa:player:nfl-1215035|PHI|1,4534959018,Tank Bigsby (PHI) Plus de 0.5,Tank Bigsby (PHI) Plus de 0.5,0.5,1.6667,0,False
16551508,CHI Bears	 vs. PHI Eagles,Tank Bigsby,Tank Bigsby (PHI),Premier quart-temps - Tentatives de rushing du joueur Plus/Moins,31484,77078,1743053470,0.5|sa:player:nfl-1215035|PHI|1,4534959019,Tank Bigsby (PHI) moins de 0.5,Tank Bigsby (PHI) moins de 0.5,0.5,1.9524,0,False
16551508,CHI Bears	 vs. PHI Eagles,Case Keenum,Case Keenum (CHI),Premier quart-temps - Tentatives de rushing du joueur Plus/Moins,31484,77078,1744197232,0.5|sa:player:nfl-338280|CHI|1,4538527405,Case Keenum (CHI) Plus de 0.5,Case Keenum (CHI) Plus de 0.5,0.5,2.3,0,False
16551508,CHI Bears	 vs. PHI Eagles,Case Keenum,Case Keenum (CHI),Premier quart-temps - Tentatives de rushing du joueur Plus/Moins,31484,77078,1744197232,0.5|sa:player:nfl-338280|CHI|1,4538527406,Case Keenum (CHI) moins de 0.5,Case Keenum (CHI) moins de 0.5,0.5,1.4762,0,False
16551508,CHI Bears	 vs. PHI Eagles,Will Shipley,Will Shipley (PHI),Premier quart-temps - Tentatives de rushing du joueur Plus/Moins,31484,77078,1743053654,0.5|sa:player:nfl-1287636|PHI|1,4534959346,Will Shipley (PHI) Plus de 0.5,Will Shipley (PHI) Plus de 0.5,0.5,3.0,0,False
16551508,CHI Bears	 vs. PHI Eagles,Will Shipley,Will Shipley (PHI),Premier quart-temps - Tentatives de rushing du joueur Plus/Moins,31484,77078,1743053654,0.5|sa:player:nfl-1287636|PHI|1,4534959347,Will Shipley (PHI) moins de 0.5,Will Shipley (PHI) moins de 0.5,0.5,1.2858,0,False
16551508,CHI Bears	 vs. PHI Eagles,D'Andre Swift,D'Andre Swift (CHI),Premier quart-temps - Yards de course et de réception du joueur Plus / Moins,31490,77084,1744197280,18.5|sa:player:nfl-1069808|CHI|1,4538527492,D'Andre Swift (CHI) Plus de 18.5,D'Andre Swift (CHI) Plus de 18.5,18.5,1.8334,0,False
16551508,CHI Bears	 vs. PHI Eagles,D'Andre Swift,D'Andre Swift (CHI),Premier quart-temps - Yards de course et de réception du joueur Plus / Moins,31490,77084,1744197280,18.5|sa:player:nfl-1069808|CHI|1,4538527493,D'Andre Swift (CHI) moins de 18.5,D'Andre Swift (CHI) moins de 18.5,18.5,1.7693,0,False
16551508,CHI Bears	 vs. PHI Eagles,Saquon Barkley,Saquon Barkley (PHI),Premier quart-temps - Yards de course et de réception du joueur Plus / Moins,31490,77084,1743726183,16.5|sa:player:nfl-883302|PHI|1,4537102408,Saquon Barkley (PHI) Plus de 16.5,Saquon Barkley (PHI) Plus de 16.5,16.5,1.7693,0,False
16551508,CHI Bears	 vs. PHI Eagles,Saquon Barkley,Saquon Barkley (PHI),Premier quart-temps - Yards de course et de réception du joueur Plus / Moins,31490,77084,1743726183,16.5|sa:player:nfl-883302|PHI|1,4537102409,Saquon Barkley (PHI) moins de 16.5,Saquon Barkley (PHI) moins de 16.5,16.5,1.8334,0,False
16551508,CHI Bears	 vs. PHI Eagles,Kyle Monangai,Kyle Monangai (CHI),Premier quart-temps - Yards de course et de réception du joueur Plus / Moins,31490,77084,1744217402,10.5|sa:player:nfl-1250886|CHI|1,4538576120,Kyle Monangai (CHI) Plus de 10.5,Kyle Monangai (CHI) Plus de 10.5,10.5,1.7693,0,False
16551508,CHI Bears	 vs. PHI Eagles,Kyle Monangai,Kyle Monangai (CHI),Premier quart-temps - Yards de course et de réception du joueur Plus / Moins,31490,77084,1744217402,10.5|sa:player:nfl-1250886|CHI|1,4538576121,Kyle Monangai (CHI) moins de 10.5,Kyle Monangai (CHI) moins de 10.5,10.5,1.8334,0,False
16551508,CHI Bears	 vs. PHI Eagles,Tank Bigsby,Tank Bigsby (PHI),Premier quart-temps - Yards de course et de réception du joueur Plus / Moins,31490,77084,1750161668,0.5|sa:player:nfl-1215035|PHI|1,4557905638,Tank Bigsby (PHI) Plus de 0.5,Tank Bigsby (PHI) Plus de 0.5,0.5,1.8334,0,False
16551508,CHI Bears	 vs. PHI Eagles,Tank Bigsby,Tank Bigsby (PHI),Premier quart-temps - Yards de course et de réception du joueur Plus / Moins,31490,77084,1750161668,0.5|sa:player:nfl-1215035|PHI|1,4557905639,Tank Bigsby (PHI) moins de 0.5,Tank Bigsby (PHI) moins de 0.5,0.5,1.7693,0,False
16551508,CHI Bears	 vs. PHI Eagles,Will Shipley,Will Shipley (PHI),Premier quart-temps - Yards de course et de réception du joueur Plus / Moins,31490,77084,1743053663,0.5|sa:player:nfl-1287636|PHI|1,4534959361,Will Shipley (PHI) Plus de 0.5,Will Shipley (PHI) Plus de 0.5,0.5,2.65,0,False
16551508,CHI Bears	 vs. PHI Eagles,Will Shipley,Will Shipley (PHI),Premier quart-temps - Yards de course et de réception du joueur Plus / Moins,31490,77084,1743053663,0.5|sa:player:nfl-1287636|PHI|1,4534959362,Will Shipley (PHI) moins de 0.5,Will Shipley (PHI) moins de 0.5,0.5,1.3637,0,False
16551508,CHI Bears	 vs. PHI Eagles,Devonta Smith,Devonta Smith (PHI),Premier quart-temps - Total de réceptions Plus/Moins,31487,77081,1744369341,1.5|sa:player:nfl-1060262|PHI|1,4538964912,Devonta Smith (PHI) Plus de 1.5,Devonta Smith (PHI) Plus de 1.5,1.5,2.4,0,False
16551508,CHI Bears	 vs. PHI Eagles,Devonta Smith,Devonta Smith (PHI),Premier quart-temps - Total de réceptions Plus/Moins,31487,77081,1744369341,1.5|sa:player:nfl-1060262|PHI|1,4538964913,Devonta Smith (PHI) moins de 1.5,Devonta Smith (PHI) moins de 1.5,1.5,1.4445,0,False
16551508,CHI Bears	 vs. PHI Eagles,Colston Loveland,Colston Loveland (CHI),Premier quart-temps - Total de réceptions Plus/Moins,31487,77081,1743053797,0.5|sa:player:nfl-1378821|CHI|1,4534959590,Colston Loveland (CHI) Plus de 0.5,Colston Loveland (CHI) Plus de 0.5,0.5,1.7408,0,False
16551508,CHI Bears	 vs. PHI Eagles,Colston Loveland,Colston Loveland (CHI),Premier quart-temps - Total de réceptions Plus/Moins,31487,77081,1743053797,0.5|sa:player:nfl-1378821|CHI|1,4534959591,Colston Loveland (CHI) moins de 0.5,Colston Loveland (CHI) moins de 0.5,0.5,1.8696,0,False
16551508,CHI Bears	 vs. PHI Eagles,Dontayvion Wicks,Dontayvion Wicks (PHI),Premier quart-temps - Total de réceptions Plus/Moins,31487,77081,1743053386,0.5|sa:player:nfl-1172428|PHI|1,4534958872,Dontayvion Wicks (PHI) moins de 0.5,Dontayvion Wicks (PHI) moins de 0.5,0.5,1.8334,0,False
16551508,CHI Bears	 vs. PHI Eagles,Dontayvion Wicks,Dontayvion Wicks (PHI),Premier quart-temps - Total de réceptions Plus/Moins,31487,77081,1743053386,0.5|sa:player:nfl-1172428|PHI|1,4534958871,Dontayvion Wicks (PHI) Plus de 0.5,Dontayvion Wicks (PHI) Plus de 0.5,0.5,1.7693,0,False
16551508,CHI Bears	 vs. PHI Eagles,Luther Burden,Luther Burden (CHI),Premier quart-temps - Total de réceptions Plus/Moins,31487,77081,1743053743,0.5|sa:player:nfl-1377732|CHI|1,4534959500,Luther Burden (CHI) Plus de 0.5,Luther Burden (CHI) Plus de 0.5,0.5,1.7693,0,False
16551508,CHI Bears	 vs. PHI Eagles,Luther Burden,Luther Burden (CHI),Premier quart-temps - Total de réceptions Plus/Moins,31487,77081,1743053743,0.5|sa:player:nfl-1377732|CHI|1,4534959501,Luther Burden (CHI) moins de 0.5,Luther Burden (CHI) moins de 0.5,0.5,1.8334,0,False
16551508,CHI Bears	 vs. PHI Eagles,Kalif Raymond,Kalif Raymond (CHI),Premier quart-temps - Total de réceptions Plus/Moins,31487,77081,1743052864,0.5|sa:player:nfl-692660|CHI|1,4534957954,Kalif Raymond (CHI) Plus de 0.5,Kalif Raymond (CHI) Plus de 0.5,0.5,2.05,0,False
16551508,CHI Bears	 vs. PHI Eagles,Kalif Raymond,Kalif Raymond (CHI),Premier quart-temps - Total de réceptions Plus/Moins,31487,77081,1743052864,0.5|sa:player:nfl-692660|CHI|1,4534957955,Kalif Raymond (CHI) moins de 0.5,Kalif Raymond (CHI) moins de 0.5,0.5,1.6061,0,False
16551508,CHI Bears	 vs. PHI Eagles,Makai Lemon,Makai Lemon (PHI),Premier quart-temps - Total de réceptions Plus/Moins,31487,77081,1743053863,0.5|sa:player:nfl-1441120|PHI|1,4534959702,Makai Lemon (PHI) Plus de 0.5,Makai Lemon (PHI) Plus de 0.5,0.5,2.05,0,False
16551508,CHI Bears	 vs. PHI Eagles,Makai Lemon,Makai Lemon (PHI),Premier quart-temps - Total de réceptions Plus/Moins,31487,77081,1743053863,0.5|sa:player:nfl-1441120|PHI|1,4534959703,Makai Lemon (PHI) moins de 0.5,Makai Lemon (PHI) moins de 0.5,0.5,1.6061,0,False
16551508,CHI Bears	 vs. PHI Eagles,Rome Odunze,Rome Odunze (CHI),Premier quart-temps - Total de réceptions Plus/Moins,31487,77081,1743053424,0.5|sa:player:nfl-1213727|CHI|1,4534958936,Rome Odunze (CHI) Plus de 0.5,Rome Odunze (CHI) Plus de 0.5,0.5,2.2,0,False
16551508,CHI Bears	 vs. PHI Eagles,Rome Odunze,Rome Odunze (CHI),Premier quart-temps - Total de réceptions Plus/Moins,31487,77081,1743053424,0.5|sa:player:nfl-1213727|CHI|1,4534958937,Rome Odunze (CHI) moins de 0.5,Rome Odunze (CHI) moins de 0.5,0.5,1.5264,0,False
16551508,CHI Bears	 vs. PHI Eagles,Saquon Barkley,Saquon Barkley (PHI),Premier quart-temps - Total de réceptions Plus/Moins,31487,77081,1743052998,0.5|sa:player:nfl-883302|PHI|1,4534958186,Saquon Barkley (PHI) Plus de 0.5,Saquon Barkley (PHI) Plus de 0.5,0.5,2.4,0,False
16551508,CHI Bears	 vs. PHI Eagles,Saquon Barkley,Saquon Barkley (PHI),Premier quart-temps - Total de réceptions Plus/Moins,31487,77081,1743052998,0.5|sa:player:nfl-883302|PHI|1,4534958187,Saquon Barkley (PHI) moins de 0.5,Saquon Barkley (PHI) moins de 0.5,0.5,1.4445,0,False
16551508,CHI Bears	 vs. PHI Eagles,D'Andre Swift,D'Andre Swift (CHI),Premier quart-temps - Total de réceptions Plus/Moins,31487,77081,1743053262,0.5|sa:player:nfl-1069808|CHI|1,4534958649,D'Andre Swift (CHI) Plus de 0.5,D'Andre Swift (CHI) Plus de 0.5,0.5,2.45,0,False
16551508,CHI Bears	 vs. PHI Eagles,D'Andre Swift,D'Andre Swift (CHI),Premier quart-temps - Total de réceptions Plus/Moins,31487,77081,1743053262,0.5|sa:player:nfl-1069808|CHI|1,4534958650,D'Andre Swift (CHI) moins de 0.5,D'Andre Swift (CHI) moins de 0.5,0.5,1.4167,0,False
16551508,CHI Bears	 vs. PHI Eagles,Cole Kmet,Cole Kmet (CHI),Premier quart-temps - Total de réceptions Plus/Moins,31487,77081,1743053225,0.5|sa:player:nfl-1066765|CHI|1,4534958586,Cole Kmet (CHI) Plus de 0.5,Cole Kmet (CHI) Plus de 0.5,0.5,3.0,0,False
16551508,CHI Bears	 vs. PHI Eagles,Cole Kmet,Cole Kmet (CHI),Premier quart-temps - Total de réceptions Plus/Moins,31487,77081,1743053225,0.5|sa:player:nfl-1066765|CHI|1,4534958587,Cole Kmet (CHI) moins de 0.5,Cole Kmet (CHI) moins de 0.5,0.5,1.2858,0,False
16551508,CHI Bears	 vs. PHI Eagles,Johnny Mundt,Johnny Mundt (PHI),Premier quart-temps - Total de réceptions Plus/Moins,31487,77081,1743052897,0.5|sa:player:nfl-740704|PHI|1,4534958010,Johnny Mundt (PHI) Plus de 0.5,Johnny Mundt (PHI) Plus de 0.5,0.5,3.4,0,False
16551508,CHI Bears	 vs. PHI Eagles,Johnny Mundt,Johnny Mundt (PHI),Premier quart-temps - Total de réceptions Plus/Moins,31487,77081,1743052897,0.5|sa:player:nfl-740704|PHI|1,4534958011,Johnny Mundt (PHI) moins de 0.5,Johnny Mundt (PHI) moins de 0.5,0.5,1.2223,0,False
16551508,CHI Bears	 vs. PHI Eagles,Kyle Monangai,Kyle Monangai (CHI),Premier quart-temps - Total de réceptions Plus/Moins,31487,77081,1743053542,0.5|sa:player:nfl-1250886|CHI|1,4534959141,Kyle Monangai (CHI) Plus de 0.5,Kyle Monangai (CHI) Plus de 0.5,0.5,3.4,0,False
16551508,CHI Bears	 vs. PHI Eagles,Kyle Monangai,Kyle Monangai (CHI),Premier quart-temps - Total de réceptions Plus/Moins,31487,77081,1743053542,0.5|sa:player:nfl-1250886|CHI|1,4534959142,Kyle Monangai (CHI) moins de 0.5,Kyle Monangai (CHI) moins de 0.5,0.5,1.2223,0,False
16551508,CHI Bears	 vs. PHI Eagles,Zach Ertz,Zach Ertz (PHI),Premier quart-temps - Total de réceptions Plus/Moins,31487,77081,1753537103,0.5|sa:player:nfl-503177|PHI|1,4567351000,Zach Ertz (PHI) moins de 0.5,Zach Ertz (PHI) moins de 0.5,0.5,1.2223,0,False
16551508,CHI Bears	 vs. PHI Eagles,Zach Ertz,Zach Ertz (PHI),Premier quart-temps - Total de réceptions Plus/Moins,31487,77081,1753537103,0.5|sa:player:nfl-503177|PHI|1,4567350999,Zach Ertz (PHI) Plus de 0.5,Zach Ertz (PHI) Plus de 0.5,0.5,3.4,0,False
16551508,CHI Bears	 vs. PHI Eagles,Will Shipley,Will Shipley (PHI),Premier quart-temps - Total de réceptions Plus/Moins,31487,77081,1743053641,0.5|sa:player:nfl-1287636|PHI|1,4534959320,Will Shipley (PHI) Plus de 0.5,Will Shipley (PHI) Plus de 0.5,0.5,4.75,0,False
16551508,CHI Bears	 vs. PHI Eagles,Will Shipley,Will Shipley (PHI),Premier quart-temps - Total de réceptions Plus/Moins,31487,77081,1743053641,0.5|sa:player:nfl-1287636|PHI|1,4534959321,Will Shipley (PHI) moins de 0.5,Will Shipley (PHI) moins de 0.5,0.5,1.1112,0,False
16551508,CHI Bears	 vs. PHI Eagles,Tank Bigsby,Tank Bigsby (PHI),Premier quart-temps - Total de réceptions Plus/Moins,31487,77081,1743053457,0.5|sa:player:nfl-1215035|PHI|1,4534958992,Tank Bigsby (PHI) Plus de 0.5,Tank Bigsby (PHI) Plus de 0.5,0.5,6.75,0,False
16551508,CHI Bears	 vs. PHI Eagles,Tank Bigsby,Tank Bigsby (PHI),Premier quart-temps - Total de réceptions Plus/Moins,31487,77081,1743053457,0.5|sa:player:nfl-1215035|PHI|1,4534958993,Tank Bigsby (PHI) moins de 0.5,Tank Bigsby (PHI) moins de 0.5,0.5,1.04,0,False
16551508,CHI Bears	 vs. PHI Eagles,Devonta Smith,Devonta Smith (PHI),Premier quart-temps - Yards reçus par le joueur - Plus/Moins,31466,77060,1744369340,10.5|sa:player:nfl-1060262|PHI|1,4538964910,Devonta Smith (PHI) Plus de 10.5,Devonta Smith (PHI) Plus de 10.5,10.5,1.8334,0,False
16551508,CHI Bears	 vs. PHI Eagles,Devonta Smith,Devonta Smith (PHI),Premier quart-temps - Yards reçus par le joueur - Plus/Moins,31466,77060,1744369340,10.5|sa:player:nfl-1060262|PHI|1,4538964911,Devonta Smith (PHI) moins de 10.5,Devonta Smith (PHI) moins de 10.5,10.5,1.7693,0,False
16551508,CHI Bears	 vs. PHI Eagles,Colston Loveland,Colston Loveland (CHI),Premier quart-temps - Yards reçus par le joueur - Plus/Moins,31466,77060,1744204394,1.5|sa:player:nfl-1378821|CHI|1,4538545381,Colston Loveland (CHI) Plus de 1.5,Colston Loveland (CHI) Plus de 1.5,1.5,1.7693,0,False
16551508,CHI Bears	 vs. PHI Eagles,Colston Loveland,Colston Loveland (CHI),Premier quart-temps - Yards reçus par le joueur - Plus/Moins,31466,77060,1744204394,1.5|sa:player:nfl-1378821|CHI|1,4538545382,Colston Loveland (CHI) moins de 1.5,Colston Loveland (CHI) moins de 1.5,1.5,1.8334,0,False
16551508,CHI Bears	 vs. PHI Eagles,Dontayvion Wicks,Dontayvion Wicks (PHI),Premier quart-temps - Yards reçus par le joueur - Plus/Moins,31466,77060,1743053380,0.5|sa:player:nfl-1172428|PHI|1,4534958859,Dontayvion Wicks (PHI) Plus de 0.5,Dontayvion Wicks (PHI) Plus de 0.5,0.5,1.8334,0,False
16551508,CHI Bears	 vs. PHI Eagles,Dontayvion Wicks,Dontayvion Wicks (PHI),Premier quart-temps - Yards reçus par le joueur - Plus/Moins,31466,77060,1743053380,0.5|sa:player:nfl-1172428|PHI|1,4534958860,Dontayvion Wicks (PHI) moins de 0.5,Dontayvion Wicks (PHI) moins de 0.5,0.5,1.7693,0,False
16551508,CHI Bears	 vs. PHI Eagles,Luther Burden,Luther Burden (CHI),Premier quart-temps - Yards reçus par le joueur - Plus/Moins,31466,77060,1744222732,0.5|sa:player:nfl-1377732|CHI|1,4538588509,Luther Burden (CHI) Plus de 0.5,Luther Burden (CHI) Plus de 0.5,0.5,1.8334,0,False
16551508,CHI Bears	 vs. PHI Eagles,Luther Burden,Luther Burden (CHI),Premier quart-temps - Yards reçus par le joueur - Plus/Moins,31466,77060,1744222732,0.5|sa:player:nfl-1377732|CHI|1,4538588510,Luther Burden (CHI) moins de 0.5,Luther Burden (CHI) moins de 0.5,0.5,1.7693,0,False
16551508,CHI Bears	 vs. PHI Eagles,Makai Lemon,Makai Lemon (PHI),Premier quart-temps - Yards reçus par le joueur - Plus/Moins,31466,77060,1743053857,0.5|sa:player:nfl-1441120|PHI|1,4534959690,Makai Lemon (PHI) Plus de 0.5,Makai Lemon (PHI) Plus de 0.5,0.5,2.1,0,False
16551508,CHI Bears	 vs. PHI Eagles,Makai Lemon,Makai Lemon (PHI),Premier quart-temps - Yards reçus par le joueur - Plus/Moins,31466,77060,1743053857,0.5|sa:player:nfl-1441120|PHI|1,4534959691,Makai Lemon (PHI) moins de 0.5,Makai Lemon (PHI) moins de 0.5,0.5,1.5715,0,False
16551508,CHI Bears	 vs. PHI Eagles,Kalif Raymond,Kalif Raymond (CHI),Premier quart-temps - Yards reçus par le joueur - Plus/Moins,31466,77060,1743052858,0.5|sa:player:nfl-692660|CHI|1,4534957942,Kalif Raymond (CHI) Plus de 0.5,Kalif Raymond (CHI) Plus de 0.5,0.5,2.15,0,False
16551508,CHI Bears	 vs. PHI Eagles,Kalif Raymond,Kalif Raymond (CHI),Premier quart-temps - Yards reçus par le joueur - Plus/Moins,31466,77060,1743052858,0.5|sa:player:nfl-692660|CHI|1,4534957943,Kalif Raymond (CHI) moins de 0.5,Kalif Raymond (CHI) moins de 0.5,0.5,1.5556,0,False
16551508,CHI Bears	 vs. PHI Eagles,Rome Odunze,Rome Odunze (CHI),Premier quart-temps - Yards reçus par le joueur - Plus/Moins,31466,77060,1743053418,0.5|sa:player:nfl-1213727|CHI|1,4534958924,Rome Odunze (CHI) Plus de 0.5,Rome Odunze (CHI) Plus de 0.5,0.5,2.2,0,False
16551508,CHI Bears	 vs. PHI Eagles,Rome Odunze,Rome Odunze (CHI),Premier quart-temps - Yards reçus par le joueur - Plus/Moins,31466,77060,1743053418,0.5|sa:player:nfl-1213727|CHI|1,4534958925,Rome Odunze (CHI) moins de 0.5,Rome Odunze (CHI) moins de 0.5,0.5,1.5264,0,False
16551508,CHI Bears	 vs. PHI Eagles,Saquon Barkley,Saquon Barkley (PHI),Premier quart-temps - Yards reçus par le joueur - Plus/Moins,31466,77060,1743052992,0.5|sa:player:nfl-883302|PHI|1,4534958174,Saquon Barkley (PHI) Plus de 0.5,Saquon Barkley (PHI) Plus de 0.5,0.5,2.65,0,False
16551508,CHI Bears	 vs. PHI Eagles,Saquon Barkley,Saquon Barkley (PHI),Premier quart-temps - Yards reçus par le joueur - Plus/Moins,31466,77060,1743052992,0.5|sa:player:nfl-883302|PHI|1,4534958175,Saquon Barkley (PHI) moins de 0.5,Saquon Barkley (PHI) moins de 0.5,0.5,1.3637,0,False
16551508,CHI Bears	 vs. PHI Eagles,D'Andre Swift,D'Andre Swift (CHI),Premier quart-temps - Yards reçus par le joueur - Plus/Moins,31466,77060,1743053256,0.5|sa:player:nfl-1069808|CHI|1,4534958637,D'Andre Swift (CHI) Plus de 0.5,D'Andre Swift (CHI) Plus de 0.5,0.5,2.7,0,False
16551508,CHI Bears	 vs. PHI Eagles,D'Andre Swift,D'Andre Swift (CHI),Premier quart-temps - Yards reçus par le joueur - Plus/Moins,31466,77060,1743053256,0.5|sa:player:nfl-1069808|CHI|1,4534958638,D'Andre Swift (CHI) moins de 0.5,D'Andre Swift (CHI) moins de 0.5,0.5,1.3572,0,False
16551508,CHI Bears	 vs. PHI Eagles,Cole Kmet,Cole Kmet (CHI),Premier quart-temps - Yards reçus par le joueur - Plus/Moins,31466,77060,1743053219,0.5|sa:player:nfl-1066765|CHI|1,4534958574,Cole Kmet (CHI) Plus de 0.5,Cole Kmet (CHI) Plus de 0.5,0.5,3.1,0,False
16551508,CHI Bears	 vs. PHI Eagles,Cole Kmet,Cole Kmet (CHI),Premier quart-temps - Yards reçus par le joueur - Plus/Moins,31466,77060,1743053219,0.5|sa:player:nfl-1066765|CHI|1,4534958575,Cole Kmet (CHI) moins de 0.5,Cole Kmet (CHI) moins de 0.5,0.5,1.2667,0,False
16551508,CHI Bears	 vs. PHI Eagles,Zach Ertz,Zach Ertz (PHI),Premier quart-temps - Yards reçus par le joueur - Plus/Moins,31466,77060,1753537097,0.5|sa:player:nfl-503177|PHI|1,4567350987,Zach Ertz (PHI) Plus de 0.5,Zach Ertz (PHI) Plus de 0.5,0.5,3.5,0,False
16551508,CHI Bears	 vs. PHI Eagles,Zach Ertz,Zach Ertz (PHI),Premier quart-temps - Yards reçus par le joueur - Plus/Moins,31466,77060,1753537097,0.5|sa:player:nfl-503177|PHI|1,4567350988,Zach Ertz (PHI) moins de 0.5,Zach Ertz (PHI) moins de 0.5,0.5,1.2106,0,False
16551508,CHI Bears	 vs. PHI Eagles,Johnny Mundt,Johnny Mundt (PHI),Premier quart-temps - Yards reçus par le joueur - Plus/Moins,31466,77060,1743052891,0.5|sa:player:nfl-740704|PHI|1,4534957998,Johnny Mundt (PHI) Plus de 0.5,Johnny Mundt (PHI) Plus de 0.5,0.5,3.6,0,False
16551508,CHI Bears	 vs. PHI Eagles,Johnny Mundt,Johnny Mundt (PHI),Premier quart-temps - Yards reçus par le joueur - Plus/Moins,31466,77060,1743052891,0.5|sa:player:nfl-740704|PHI|1,4534957999,Johnny Mundt (PHI) moins de 0.5,Johnny Mundt (PHI) moins de 0.5,0.5,1.2,0,False
16551508,CHI Bears	 vs. PHI Eagles,Kyle Monangai,Kyle Monangai (CHI),Premier quart-temps - Yards reçus par le joueur - Plus/Moins,31466,77060,1743053536,0.5|sa:player:nfl-1250886|CHI|1,4534959129,Kyle Monangai (CHI) Plus de 0.5,Kyle Monangai (CHI) Plus de 0.5,0.5,3.6,0,False
16551508,CHI Bears	 vs. PHI Eagles,Kyle Monangai,Kyle Monangai (CHI),Premier quart-temps - Yards reçus par le joueur - Plus/Moins,31466,77060,1743053536,0.5|sa:player:nfl-1250886|CHI|1,4534959130,Kyle Monangai (CHI) moins de 0.5,Kyle Monangai (CHI) moins de 0.5,0.5,1.2,0,False
16551508,CHI Bears	 vs. PHI Eagles,Will Shipley,Will Shipley (PHI),Premier quart-temps - Yards reçus par le joueur - Plus/Moins,31466,77060,1743053635,0.5|sa:player:nfl-1287636|PHI|1,4534959308,Will Shipley (PHI) Plus de 0.5,Will Shipley (PHI) Plus de 0.5,0.5,5.25,0,False
16551508,CHI Bears	 vs. PHI Eagles,Will Shipley,Will Shipley (PHI),Premier quart-temps - Yards reçus par le joueur - Plus/Moins,31466,77060,1743053635,0.5|sa:player:nfl-1287636|PHI|1,4534959309,Will Shipley (PHI) moins de 0.5,Will Shipley (PHI) moins de 0.5,0.5,1.091,0,False
16551508,CHI Bears	 vs. PHI Eagles,Tank Bigsby,Tank Bigsby (PHI),Premier quart-temps - Yards reçus par le joueur - Plus/Moins,31466,77060,1743053451,0.5|sa:player:nfl-1215035|PHI|1,4534958980,Tank Bigsby (PHI) Plus de 0.5,Tank Bigsby (PHI) Plus de 0.5,0.5,7.0,0,False
16551508,CHI Bears	 vs. PHI Eagles,Tank Bigsby,Tank Bigsby (PHI),Premier quart-temps - Yards reçus par le joueur - Plus/Moins,31466,77060,1743053451,0.5|sa:player:nfl-1215035|PHI|1,4534958981,Tank Bigsby (PHI) moins de 0.5,Tank Bigsby (PHI) moins de 0.5,0.5,1.0334,0,False
16551508,CHI Bears	 vs. PHI Eagles,Devonta Smith,Devonta Smith (PHI),Premier quart-temps - Touchdowns de réception du joueur Plus / Moins,31469,77063,1743053189,0.5|sa:player:nfl-1060262|PHI|1,4534958524,Devonta Smith (PHI) Plus de 0.5,Devonta Smith (PHI) Plus de 0.5,0.5,6.75,0,False
16551508,CHI Bears	 vs. PHI Eagles,Devonta Smith,Devonta Smith (PHI),Premier quart-temps - Touchdowns de réception du joueur Plus / Moins,31469,77063,1743053189,0.5|sa:player:nfl-1060262|PHI|1,4534958525,Devonta Smith (PHI) moins de 0.5,Devonta Smith (PHI) moins de 0.5,0.5,1.04,0,False
16551508,CHI Bears	 vs. PHI Eagles,Dontayvion Wicks,Dontayvion Wicks (PHI),Premier quart-temps - Touchdowns de réception du joueur Plus / Moins,31469,77063,1743053383,0.5|sa:player:nfl-1172428|PHI|1,4534958865,Dontayvion Wicks (PHI) Plus de 0.5,Dontayvion Wicks (PHI) Plus de 0.5,0.5,7.75,0,False
16551508,CHI Bears	 vs. PHI Eagles,Dontayvion Wicks,Dontayvion Wicks (PHI),Premier quart-temps - Touchdowns de réception du joueur Plus / Moins,31469,77063,1743053383,0.5|sa:player:nfl-1172428|PHI|1,4534958866,Dontayvion Wicks (PHI) moins de 0.5,Dontayvion Wicks (PHI) moins de 0.5,0.5,1.02,0,False
16551508,CHI Bears	 vs. PHI Eagles,Cole Kmet,Cole Kmet (CHI),Premier quart-temps - Touchdowns de réception du joueur Plus / Moins,31469,77063,1743053222,0.5|sa:player:nfl-1066765|CHI|1,4534958580,Cole Kmet (CHI) Plus de 0.5,Cole Kmet (CHI) Plus de 0.5,0.5,8.5,0,False
16551508,CHI Bears	 vs. PHI Eagles,Cole Kmet,Cole Kmet (CHI),Premier quart-temps - Touchdowns de réception du joueur Plus / Moins,31469,77063,1743053222,0.5|sa:player:nfl-1066765|CHI|1,4534958581,Cole Kmet (CHI) moins de 0.5,Cole Kmet (CHI) moins de 0.5,0.5,0.0,7,False
16551508,CHI Bears	 vs. PHI Eagles,Colston Loveland,Colston Loveland (CHI),Premier quart-temps - Touchdowns de réception du joueur Plus / Moins,31469,77063,1743053794,0.5|sa:player:nfl-1378821|CHI|1,4534959584,Colston Loveland (CHI) Plus de 0.5,Colston Loveland (CHI) Plus de 0.5,0.5,8.5,0,False
16551508,CHI Bears	 vs. PHI Eagles,Colston Loveland,Colston Loveland (CHI),Premier quart-temps - Touchdowns de réception du joueur Plus / Moins,31469,77063,1743053794,0.5|sa:player:nfl-1378821|CHI|1,4534959585,Colston Loveland (CHI) moins de 0.5,Colston Loveland (CHI) moins de 0.5,0.5,1.01,0,False
16551508,CHI Bears	 vs. PHI Eagles,D'Andre Swift,D'Andre Swift (CHI),Premier quart-temps - Touchdowns de réception du joueur Plus / Moins,31469,77063,1743053259,0.5|sa:player:nfl-1069808|CHI|1,4534958643,D'Andre Swift (CHI) Plus de 0.5,D'Andre Swift (CHI) Plus de 0.5,0.5,8.5,0,False
16551508,CHI Bears	 vs. PHI Eagles,D'Andre Swift,D'Andre Swift (CHI),Premier quart-temps - Touchdowns de réception du joueur Plus / Moins,31469,77063,1743053259,0.5|sa:player:nfl-1069808|CHI|1,4534958644,D'Andre Swift (CHI) moins de 0.5,D'Andre Swift (CHI) moins de 0.5,0.5,0.0,7,False
16551508,CHI Bears	 vs. PHI Eagles,Johnny Mundt,Johnny Mundt (PHI),Premier quart-temps - Touchdowns de réception du joueur Plus / Moins,31469,77063,1743052894,0.5|sa:player:nfl-740704|PHI|1,4534958004,Johnny Mundt (PHI) Plus de 0.5,Johnny Mundt (PHI) Plus de 0.5,0.5,8.5,0,False
16551508,CHI Bears	 vs. PHI Eagles,Johnny Mundt,Johnny Mundt (PHI),Premier quart-temps - Touchdowns de réception du joueur Plus / Moins,31469,77063,1743052894,0.5|sa:player:nfl-740704|PHI|1,4534958005,Johnny Mundt (PHI) moins de 0.5,Johnny Mundt (PHI) moins de 0.5,0.5,0.0,7,False
16551508,CHI Bears	 vs. PHI Eagles,Kalif Raymond,Kalif Raymond (CHI),Premier quart-temps - Touchdowns de réception du joueur Plus / Moins,31469,77063,1743052861,0.5|sa:player:nfl-692660|CHI|1,4534957948,Kalif Raymond (CHI) Plus de 0.5,Kalif Raymond (CHI) Plus de 0.5,0.5,8.5,0,False
16551508,CHI Bears	 vs. PHI Eagles,Kalif Raymond,Kalif Raymond (CHI),Premier quart-temps - Touchdowns de réception du joueur Plus / Moins,31469,77063,1743052861,0.5|sa:player:nfl-692660|CHI|1,4534957949,Kalif Raymond (CHI) moins de 0.5,Kalif Raymond (CHI) moins de 0.5,0.5,0.0,7,False
16551508,CHI Bears	 vs. PHI Eagles,Luther Burden,Luther Burden (CHI),Premier quart-temps - Touchdowns de réception du joueur Plus / Moins,31469,77063,1743053740,0.5|sa:player:nfl-1377732|CHI|1,4534959494,Luther Burden (CHI) Plus de 0.5,Luther Burden (CHI) Plus de 0.5,0.5,8.5,0,False
16551508,CHI Bears	 vs. PHI Eagles,Luther Burden,Luther Burden (CHI),Premier quart-temps - Touchdowns de réception du joueur Plus / Moins,31469,77063,1743053740,0.5|sa:player:nfl-1377732|CHI|1,4534959495,Luther Burden (CHI) moins de 0.5,Luther Burden (CHI) moins de 0.5,0.5,0.0,7,False
16551508,CHI Bears	 vs. PHI Eagles,Makai Lemon,Makai Lemon (PHI),Premier quart-temps - Touchdowns de réception du joueur Plus / Moins,31469,77063,1743053860,0.5|sa:player:nfl-1441120|PHI|1,4534959696,Makai Lemon (PHI) Plus de 0.5,Makai Lemon (PHI) Plus de 0.5,0.5,8.5,0,False
16551508,CHI Bears	 vs. PHI Eagles,Makai Lemon,Makai Lemon (PHI),Premier quart-temps - Touchdowns de réception du joueur Plus / Moins,31469,77063,1743053860,0.5|sa:player:nfl-1441120|PHI|1,4534959697,Makai Lemon (PHI) moins de 0.5,Makai Lemon (PHI) moins de 0.5,0.5,1.01,0,False
16551508,CHI Bears	 vs. PHI Eagles,Rome Odunze,Rome Odunze (CHI),Premier quart-temps - Touchdowns de réception du joueur Plus / Moins,31469,77063,1743053421,0.5|sa:player:nfl-1213727|CHI|1,4534958930,Rome Odunze (CHI) Plus de 0.5,Rome Odunze (CHI) Plus de 0.5,0.5,8.5,0,False
16551508,CHI Bears	 vs. PHI Eagles,Rome Odunze,Rome Odunze (CHI),Premier quart-temps - Touchdowns de réception du joueur Plus / Moins,31469,77063,1743053421,0.5|sa:player:nfl-1213727|CHI|1,4534958931,Rome Odunze (CHI) moins de 0.5,Rome Odunze (CHI) moins de 0.5,0.5,0.0,7,False
16551508,CHI Bears	 vs. PHI Eagles,Saquon Barkley,Saquon Barkley (PHI),Premier quart-temps - Touchdowns de réception du joueur Plus / Moins,31469,77063,1743052995,0.5|sa:player:nfl-883302|PHI|1,4534958180,Saquon Barkley (PHI) Plus de 0.5,Saquon Barkley (PHI) Plus de 0.5,0.5,8.5,0,False
16551508,CHI Bears	 vs. PHI Eagles,Saquon Barkley,Saquon Barkley (PHI),Premier quart-temps - Touchdowns de réception du joueur Plus / Moins,31469,77063,1743052995,0.5|sa:player:nfl-883302|PHI|1,4534958181,Saquon Barkley (PHI) moins de 0.5,Saquon Barkley (PHI) moins de 0.5,0.5,0.0,7,False
16551508,CHI Bears	 vs. PHI Eagles,Zach Ertz,Zach Ertz (PHI),Premier quart-temps - Touchdowns de réception du joueur Plus / Moins,31469,77063,1753537100,0.5|sa:player:nfl-503177|PHI|1,4567350993,Zach Ertz (PHI) Plus de 0.5,Zach Ertz (PHI) Plus de 0.5,0.5,8.5,0,False
16551508,CHI Bears	 vs. PHI Eagles,Zach Ertz,Zach Ertz (PHI),Premier quart-temps - Touchdowns de réception du joueur Plus / Moins,31469,77063,1753537100,0.5|sa:player:nfl-503177|PHI|1,4567350994,Zach Ertz (PHI) moins de 0.5,Zach Ertz (PHI) moins de 0.5,0.5,0.0,7,False
16551508,CHI Bears	 vs. PHI Eagles,Darius Cooper,Darius Cooper (PHI),Premier quart-temps - Touchdowns de réception du joueur Plus / Moins,31469,77063,1743053506,0.5|sa:player:nfl-1223318|PHI|1,4534959080,Darius Cooper (PHI) moins de 0.5,Darius Cooper (PHI) moins de 0.5,0.5,0.0,7,False
16551508,CHI Bears	 vs. PHI Eagles,Darius Cooper,Darius Cooper (PHI),Premier quart-temps - Touchdowns de réception du joueur Plus / Moins,31469,77063,1743053506,0.5|sa:player:nfl-1223318|PHI|1,4534959079,Darius Cooper (PHI) Plus de 0.5,Darius Cooper (PHI) Plus de 0.5,0.5,9.0,0,False
16551508,CHI Bears	 vs. PHI Eagles,Kyle Monangai,Kyle Monangai (CHI),Premier quart-temps - Touchdowns de réception du joueur Plus / Moins,31469,77063,1743053539,0.5|sa:player:nfl-1250886|CHI|1,4534959136,Kyle Monangai (CHI) moins de 0.5,Kyle Monangai (CHI) moins de 0.5,0.5,0.0,7,False
16551508,CHI Bears	 vs. PHI Eagles,Kyle Monangai,Kyle Monangai (CHI),Premier quart-temps - Touchdowns de réception du joueur Plus / Moins,31469,77063,1743053539,0.5|sa:player:nfl-1250886|CHI|1,4534959135,Kyle Monangai (CHI) Plus de 0.5,Kyle Monangai (CHI) Plus de 0.5,0.5,9.0,0,False
16551508,CHI Bears	 vs. PHI Eagles,Jalen Hurts,Jalen Hurts (PHI),Premier quart-temps - Total de yards à la passe du joueur Plus/Moins,31460,77054,1744236686,42.5|sa:player:nfl-913271|PHI|1,4538622249,Jalen Hurts (PHI) Plus de 42.5,Jalen Hurts (PHI) Plus de 42.5,42.5,1.8334,0,False
16551508,CHI Bears	 vs. PHI Eagles,Jalen Hurts,Jalen Hurts (PHI),Premier quart-temps - Total de yards à la passe du joueur Plus/Moins,31460,77054,1744236686,42.5|sa:player:nfl-913271|PHI|1,4538622250,Jalen Hurts (PHI) moins de 42.5,Jalen Hurts (PHI) moins de 42.5,42.5,1.7693,0,False
16551508,CHI Bears	 vs. PHI Eagles,Case Keenum,Case Keenum (CHI),Premier quart-temps - Total de yards à la passe du joueur Plus/Moins,31460,77054,1745598156,33.5|sa:player:nfl-338280|CHI|1,4542903500,Case Keenum (CHI) Plus de 33.5,Case Keenum (CHI) Plus de 33.5,33.5,1.8334,0,False
16551508,CHI Bears	 vs. PHI Eagles,Case Keenum,Case Keenum (CHI),Premier quart-temps - Total de yards à la passe du joueur Plus/Moins,31460,77054,1745598156,33.5|sa:player:nfl-338280|CHI|1,4542903501,Case Keenum (CHI) moins de 33.5,Case Keenum (CHI) moins de 33.5,33.5,1.7693,0,False
16551508,CHI Bears	 vs. PHI Eagles,Jalen Hurts,Jalen Hurts (PHI),Deuxième quart-temps - Total de yards à la passe du joueur Plus/Moins,31460,77054,1744369332,57.5|sa:player:nfl-913271|PHI|2,4538964894,Jalen Hurts (PHI) Plus de 57.5,Jalen Hurts (PHI) Plus de 57.5,57.5,1.7693,0,False
16551508,CHI Bears	 vs. PHI Eagles,Jalen Hurts,Jalen Hurts (PHI),Deuxième quart-temps - Total de yards à la passe du joueur Plus/Moins,31460,77054,1744369332,57.5|sa:player:nfl-913271|PHI|2,4538964895,Jalen Hurts (PHI) moins de 57.5,Jalen Hurts (PHI) moins de 57.5,57.5,1.8334,0,False
16551508,CHI Bears	 vs. PHI Eagles,Case Keenum,Case Keenum (CHI),Deuxième quart-temps - Total de yards à la passe du joueur Plus/Moins,31460,77054,1748496597,45.5|sa:player:nfl-338280|CHI|2,4552582513,Case Keenum (CHI) Plus de 45.5,Case Keenum (CHI) Plus de 45.5,45.5,1.8334,0,False
16551508,CHI Bears	 vs. PHI Eagles,Case Keenum,Case Keenum (CHI),Deuxième quart-temps - Total de yards à la passe du joueur Plus/Moins,31460,77054,1748496597,45.5|sa:player:nfl-338280|CHI|2,4552582514,Case Keenum (CHI) moins de 45.5,Case Keenum (CHI) moins de 45.5,45.5,1.7693,0,False
16551508,CHI Bears	 vs. PHI Eagles,Jalen Hurts,Jalen Hurts (PHI),Troisième quart-temps - Total de yards à la passe du joueur Plus/Moins,31460,77054,1744217387,47.5|sa:player:nfl-913271|PHI|3,4538576090,Jalen Hurts (PHI) Plus de 47.5,Jalen Hurts (PHI) Plus de 47.5,47.5,1.7693,0,False
16551508,CHI Bears	 vs. PHI Eagles,Jalen Hurts,Jalen Hurts (PHI),Troisième quart-temps - Total de yards à la passe du joueur Plus/Moins,31460,77054,1744217387,47.5|sa:player:nfl-913271|PHI|3,4538576091,Jalen Hurts (PHI) moins de 47.5,Jalen Hurts (PHI) moins de 47.5,47.5,1.8334,0,False
16551508,CHI Bears	 vs. PHI Eagles,Case Keenum,Case Keenum (CHI),Troisième quart-temps - Total de yards à la passe du joueur Plus/Moins,31460,77054,1745597091,31.5|sa:player:nfl-338280|CHI|3,4542900922,Case Keenum (CHI) Plus de 31.5,Case Keenum (CHI) Plus de 31.5,31.5,1.7693,0,False
16551508,CHI Bears	 vs. PHI Eagles,Case Keenum,Case Keenum (CHI),Troisième quart-temps - Total de yards à la passe du joueur Plus/Moins,31460,77054,1745597091,31.5|sa:player:nfl-338280|CHI|3,4542900923,Case Keenum (CHI) moins de 31.5,Case Keenum (CHI) moins de 31.5,31.5,1.8334,0,False
16551508,CHI Bears	 vs. PHI Eagles,Jalen Hurts,Jalen Hurts (PHI),Quatrième quart-temps - Total de yards à la passe du joueur Plus/Moins,31460,77054,1744217939,46.5|sa:player:nfl-913271|PHI|4,4538577522,Jalen Hurts (PHI) Plus de 46.5,Jalen Hurts (PHI) Plus de 46.5,46.5,1.8334,0,False
16551508,CHI Bears	 vs. PHI Eagles,Jalen Hurts,Jalen Hurts (PHI),Quatrième quart-temps - Total de yards à la passe du joueur Plus/Moins,31460,77054,1744217939,46.5|sa:player:nfl-913271|PHI|4,4538577523,Jalen Hurts (PHI) moins de 46.5,Jalen Hurts (PHI) moins de 46.5,46.5,1.7693,0,False
16551508,CHI Bears	 vs. PHI Eagles,Case Keenum,Case Keenum (CHI),Quatrième quart-temps - Total de yards à la passe du joueur Plus/Moins,31460,77054,1752968699,42.5|sa:player:nfl-338280|CHI|4,4565902504,Case Keenum (CHI) moins de 42.5,Case Keenum (CHI) moins de 42.5,42.5,1.8334,0,False
16551508,CHI Bears	 vs. PHI Eagles,Case Keenum,Case Keenum (CHI),Quatrième quart-temps - Total de yards à la passe du joueur Plus/Moins,31460,77054,1752968699,42.5|sa:player:nfl-338280|CHI|4,4565902503,Case Keenum (CHI) Plus de 42.5,Case Keenum (CHI) Plus de 42.5,42.5,1.7693,0,False
16551508,CHI Bears	 vs. PHI Eagles,Jalen Hurts,Jalen Hurts (PHI),Premier quart-temps - 	 Total de Touchdowns à la passe du joueur - Plus/Moins,31463,77057,1743053047,0.5|sa:player:nfl-913271|PHI|1,4534958274,Jalen Hurts (PHI) Plus de 0.5,Jalen Hurts (PHI) Plus de 0.5,0.5,3.4,0,False
16551508,CHI Bears	 vs. PHI Eagles,Jalen Hurts,Jalen Hurts (PHI),Premier quart-temps - 	 Total de Touchdowns à la passe du joueur - Plus/Moins,31463,77057,1743053047,0.5|sa:player:nfl-913271|PHI|1,4534958275,Jalen Hurts (PHI) moins de 0.5,Jalen Hurts (PHI) moins de 0.5,0.5,1.2223,0,False
16551508,CHI Bears	 vs. PHI Eagles,Case Keenum,Case Keenum (CHI),Premier quart-temps - 	 Total de Touchdowns à la passe du joueur - Plus/Moins,31463,77057,1744197207,0.5|sa:player:nfl-338280|CHI|1,4538527355,Case Keenum (CHI) Plus de 0.5,Case Keenum (CHI) Plus de 0.5,0.5,4.4,0,False
16551508,CHI Bears	 vs. PHI Eagles,Case Keenum,Case Keenum (CHI),Premier quart-temps - 	 Total de Touchdowns à la passe du joueur - Plus/Moins,31463,77057,1744197207,0.5|sa:player:nfl-338280|CHI|1,4538527356,Case Keenum (CHI) moins de 0.5,Case Keenum (CHI) moins de 0.5,0.5,1.1334,0,False
16551508,CHI Bears	 vs. PHI Eagles,Jalen Hurts,Jalen Hurts (PHI),Deuxième quart-temps - 	 Total de Touchdowns à la passe du joueur - Plus/Moins,31463,77057,1743053048,0.5|sa:player:nfl-913271|PHI|2,4534958276,Jalen Hurts (PHI) Plus de 0.5,Jalen Hurts (PHI) Plus de 0.5,0.5,2.4,0,False
16551508,CHI Bears	 vs. PHI Eagles,Jalen Hurts,Jalen Hurts (PHI),Deuxième quart-temps - 	 Total de Touchdowns à la passe du joueur - Plus/Moins,31463,77057,1743053048,0.5|sa:player:nfl-913271|PHI|2,4534958277,Jalen Hurts (PHI) moins de 0.5,Jalen Hurts (PHI) moins de 0.5,0.5,1.4445,0,False
16551508,CHI Bears	 vs. PHI Eagles,Case Keenum,Case Keenum (CHI),Deuxième quart-temps - 	 Total de Touchdowns à la passe du joueur - Plus/Moins,31463,77057,1744197208,0.5|sa:player:nfl-338280|CHI|2,4538527357,Case Keenum (CHI) Plus de 0.5,Case Keenum (CHI) Plus de 0.5,0.5,3.3,0,False
16551508,CHI Bears	 vs. PHI Eagles,Case Keenum,Case Keenum (CHI),Deuxième quart-temps - 	 Total de Touchdowns à la passe du joueur - Plus/Moins,31463,77057,1744197208,0.5|sa:player:nfl-338280|CHI|2,4538527358,Case Keenum (CHI) moins de 0.5,Case Keenum (CHI) moins de 0.5,0.5,1.2353,0,False
16551508,CHI Bears	 vs. PHI Eagles,Jalen Hurts,Jalen Hurts (PHI),Troisième quart-temps - 	 Total de Touchdowns à la passe du joueur - Plus/Moins,31463,77057,1743053049,0.5|sa:player:nfl-913271|PHI|3,4534958278,Jalen Hurts (PHI) Plus de 0.5,Jalen Hurts (PHI) Plus de 0.5,0.5,3.1,0,False
16551508,CHI Bears	 vs. PHI Eagles,Jalen Hurts,Jalen Hurts (PHI),Troisième quart-temps - 	 Total de Touchdowns à la passe du joueur - Plus/Moins,31463,77057,1743053049,0.5|sa:player:nfl-913271|PHI|3,4534958279,Jalen Hurts (PHI) moins de 0.5,Jalen Hurts (PHI) moins de 0.5,0.5,1.2667,0,False
16551508,CHI Bears	 vs. PHI Eagles,Case Keenum,Case Keenum (CHI),Troisième quart-temps - 	 Total de Touchdowns à la passe du joueur - Plus/Moins,31463,77057,1744197209,0.5|sa:player:nfl-338280|CHI|3,4538527360,Case Keenum (CHI) moins de 0.5,Case Keenum (CHI) moins de 0.5,0.5,1.1334,0,False
16551508,CHI Bears	 vs. PHI Eagles,Case Keenum,Case Keenum (CHI),Troisième quart-temps - 	 Total de Touchdowns à la passe du joueur - Plus/Moins,31463,77057,1744197209,0.5|sa:player:nfl-338280|CHI|3,4538527359,Case Keenum (CHI) Plus de 0.5,Case Keenum (CHI) Plus de 0.5,0.5,4.4,0,False
16551508,CHI Bears	 vs. PHI Eagles,Jalen Hurts,Jalen Hurts (PHI),Quatrième quart-temps - 	 Total de Touchdowns à la passe du joueur - Plus/Moins,31463,77057,1743053050,0.5|sa:player:nfl-913271|PHI|4,4534958280,Jalen Hurts (PHI) Plus de 0.5,Jalen Hurts (PHI) Plus de 0.5,0.5,2.75,0,False
16551508,CHI Bears	 vs. PHI Eagles,Jalen Hurts,Jalen Hurts (PHI),Quatrième quart-temps - 	 Total de Touchdowns à la passe du joueur - Plus/Moins,31463,77057,1743053050,0.5|sa:player:nfl-913271|PHI|4,4534958281,Jalen Hurts (PHI) moins de 0.5,Jalen Hurts (PHI) moins de 0.5,0.5,1.3449,0,False
16551508,CHI Bears	 vs. PHI Eagles,Case Keenum,Case Keenum (CHI),Quatrième quart-temps - 	 Total de Touchdowns à la passe du joueur - Plus/Moins,31463,77057,1744197210,0.5|sa:player:nfl-338280|CHI|4,4538527361,Case Keenum (CHI) Plus de 0.5,Case Keenum (CHI) Plus de 0.5,0.5,3.2,0,False
16551508,CHI Bears	 vs. PHI Eagles,Case Keenum,Case Keenum (CHI),Quatrième quart-temps - 	 Total de Touchdowns à la passe du joueur - Plus/Moins,31463,77057,1744197210,0.5|sa:player:nfl-338280|CHI|4,4538527362,Case Keenum (CHI) moins de 0.5,Case Keenum (CHI) moins de 0.5,0.5,1.25,0,False
16551508,CHI Bears	 vs. PHI Eagles,Jalen Hurts,Jalen Hurts (PHI),Premier quart-temps - Passes réussies du joueur - Plus/Moins,31493,77087,1743053059,3.5|sa:player:nfl-913271|PHI|1,4534958298,Jalen Hurts (PHI) Plus de 3.5,Jalen Hurts (PHI) Plus de 3.5,3.5,1.6471,0,False
16551508,CHI Bears	 vs. PHI Eagles,Jalen Hurts,Jalen Hurts (PHI),Premier quart-temps - Passes réussies du joueur - Plus/Moins,31493,77087,1743053059,3.5|sa:player:nfl-913271|PHI|1,4534958299,Jalen Hurts (PHI) moins de 3.5,Jalen Hurts (PHI) moins de 3.5,3.5,2.0,0,False
16551508,CHI Bears	 vs. PHI Eagles,Case Keenum,Case Keenum (CHI),Premier quart-temps - Passes réussies du joueur - Plus/Moins,31493,77087,1745593672,3.5|sa:player:nfl-338280|CHI|1,4542892568,Case Keenum (CHI) Plus de 3.5,Case Keenum (CHI) Plus de 3.5,3.5,1.7408,0,False
16551508,CHI Bears	 vs. PHI Eagles,Case Keenum,Case Keenum (CHI),Premier quart-temps - Passes réussies du joueur - Plus/Moins,31493,77087,1745593672,3.5|sa:player:nfl-338280|CHI|1,4542892569,Case Keenum (CHI) moins de 3.5,Case Keenum (CHI) moins de 3.5,3.5,1.8696,0,False
16551508,CHI Bears	 vs. PHI Eagles,Jalen Hurts,Jalen Hurts (PHI),Premier quart-temps - Joueur Tentative de passe - Plus/Moins,31481,77075,1743053056,6.5|sa:player:nfl-913271|PHI|1,4534958292,Jalen Hurts (PHI) Plus de 6.5,Jalen Hurts (PHI) Plus de 6.5,6.5,2.0,0,False
16551508,CHI Bears	 vs. PHI Eagles,Jalen Hurts,Jalen Hurts (PHI),Premier quart-temps - Joueur Tentative de passe - Plus/Moins,31481,77075,1743053056,6.5|sa:player:nfl-913271|PHI|1,4534958293,Jalen Hurts (PHI) moins de 6.5,Jalen Hurts (PHI) moins de 6.5,6.5,1.6471,0,False
16551508,CHI Bears	 vs. PHI Eagles,Case Keenum,Case Keenum (CHI),Premier quart-temps - Joueur Tentative de passe - Plus/Moins,31481,77075,1745593669,5.5|sa:player:nfl-338280|CHI|1,4542892562,Case Keenum (CHI) Plus de 5.5,Case Keenum (CHI) Plus de 5.5,5.5,1.6061,0,False
16551508,CHI Bears	 vs. PHI Eagles,Case Keenum,Case Keenum (CHI),Premier quart-temps - Joueur Tentative de passe - Plus/Moins,31481,77075,1745593669,5.5|sa:player:nfl-338280|CHI|1,4542892563,Case Keenum (CHI) moins de 5.5,Case Keenum (CHI) moins de 5.5,5.5,2.05,0,False
16551508,CHI Bears	 vs. PHI Eagles,Case Keenum,Case Keenum (CHI),Premier quart-temps - Interceptions du joueur Plus/Moins,31478,77072,1744197213,0.5|sa:player:nfl-338280|CHI|1,4538527368,Case Keenum (CHI) moins de 0.5,Case Keenum (CHI) moins de 0.5,0.5,1.1,0,False
16551508,CHI Bears	 vs. PHI Eagles,Case Keenum,Case Keenum (CHI),Premier quart-temps - Interceptions du joueur Plus/Moins,31478,77072,1744197213,0.5|sa:player:nfl-338280|CHI|1,4538527367,Case Keenum (CHI) Plus de 0.5,Case Keenum (CHI) Plus de 0.5,0.5,5.0,0,False
16551508,CHI Bears	 vs. PHI Eagles,Jalen Hurts,Jalen Hurts (PHI),Premier quart-temps - Interceptions du joueur Plus/Moins,31478,77072,1743053053,0.5|sa:player:nfl-913271|PHI|1,4534958286,Jalen Hurts (PHI) Plus de 0.5,Jalen Hurts (PHI) Plus de 0.5,0.5,5.25,0,False
16551508,CHI Bears	 vs. PHI Eagles,Jalen Hurts,Jalen Hurts (PHI),Premier quart-temps - Interceptions du joueur Plus/Moins,31478,77072,1743053053,0.5|sa:player:nfl-913271|PHI|1,4534958287,Jalen Hurts (PHI) moins de 0.5,Jalen Hurts (PHI) moins de 0.5,0.5,1.0834,0,False
16551508,CHI Bears	 vs. PHI Eagles,Jalen Hurts,Jalen Hurts (PHI),Joueur total nombre de tentatives de passes(Jalen Hurts (PHI)) (prolongations incluses),2248,73698,1746665086,PHI|dst:player:242970,4546749063,29+,29+,PHI|dst:player:242970,1.9524,0,False
16551508,CHI Bears	 vs. PHI Eagles,Jalen Hurts,Jalen Hurts (PHI),Joueur total nombre de tentatives de passes(Jalen Hurts (PHI)) (prolongations incluses),2248,73698,1746665086,PHI|dst:player:242970,4546749064,31+,31+,PHI|dst:player:242970,2.35,0,False
16551508,CHI Bears	 vs. PHI Eagles,Jalen Hurts,Jalen Hurts (PHI),Joueur total nombre de tentatives de passes(Jalen Hurts (PHI)) (prolongations incluses),2248,73698,1746665086,PHI|dst:player:242970,4546749065,33+,33+,PHI|dst:player:242970,2.9,0,False
16551508,CHI Bears	 vs. PHI Eagles,Jalen Hurts,Jalen Hurts (PHI),Joueur total nombre de tentatives de passes(Jalen Hurts (PHI)) (prolongations incluses),2248,73698,1746665086,PHI|dst:player:242970,4546749066,35+,35+,PHI|dst:player:242970,3.75,0,False
16551508,CHI Bears	 vs. PHI Eagles,Jalen Hurts,Jalen Hurts (PHI),Joueur total nombre de tentatives de passes(Jalen Hurts (PHI)) (prolongations incluses),2248,73698,1746665086,PHI|dst:player:242970,4546749067,37+,37+,PHI|dst:player:242970,5.0,0,False
16551508,CHI Bears	 vs. PHI Eagles,Jalen Hurts,Jalen Hurts (PHI),Joueur total nombre de tentatives de passes(Jalen Hurts (PHI)) (prolongations incluses),2248,73698,1746665086,PHI|dst:player:242970,4546749068,39+,39+,PHI|dst:player:242970,6.75,0,False
16551508,CHI Bears	 vs. PHI Eagles,Jalen Hurts,Jalen Hurts (PHI),Joueur total nombre de tentatives de passes(Jalen Hurts (PHI)) (prolongations incluses),2248,73698,1746665086,PHI|dst:player:242970,4546749069,41+,41+,PHI|dst:player:242970,10.0,0,False
16551508,CHI Bears	 vs. PHI Eagles,Jalen Hurts,Jalen Hurts (PHI),Joueur total nombre de tentatives de passes(Jalen Hurts (PHI)) (prolongations incluses),2248,73698,1746665086,PHI|dst:player:242970,4546749070,27+,27+,PHI|dst:player:242970,1.5556,0,False
16551508,CHI Bears	 vs. PHI Eagles,Case Keenum,Case Keenum (CHI),Joueur total nombre de tentatives de passes(Case Keenum (CHI)) (prolongations incluses),2248,73698,1753024464,CHI|dst:player:480180,4566032320,35+,35+,CHI|dst:player:480180,2.5,0,False
16551508,CHI Bears	 vs. PHI Eagles,Case Keenum,Case Keenum (CHI),Joueur total nombre de tentatives de passes(Case Keenum (CHI)) (prolongations incluses),2248,73698,1753024464,CHI|dst:player:480180,4566032321,37+,37+,CHI|dst:player:480180,2.75,0,False
16551508,CHI Bears	 vs. PHI Eagles,Case Keenum,Case Keenum (CHI),Joueur total nombre de tentatives de passes(Case Keenum (CHI)) (prolongations incluses),2248,73698,1753024464,CHI|dst:player:480180,4566032322,39+,39+,CHI|dst:player:480180,3.1,0,False
16551508,CHI Bears	 vs. PHI Eagles,Case Keenum,Case Keenum (CHI),Joueur total nombre de tentatives de passes(Case Keenum (CHI)) (prolongations incluses),2248,73698,1753024464,CHI|dst:player:480180,4566032323,41+,41+,CHI|dst:player:480180,3.5,0,False
16551508,CHI Bears	 vs. PHI Eagles,Case Keenum,Case Keenum (CHI),Joueur total nombre de tentatives de passes(Case Keenum (CHI)) (prolongations incluses),2248,73698,1753024464,CHI|dst:player:480180,4566032324,27+,27+,CHI|dst:player:480180,1.6897,0,False
16551508,CHI Bears	 vs. PHI Eagles,Case Keenum,Case Keenum (CHI),Joueur total nombre de tentatives de passes(Case Keenum (CHI)) (prolongations incluses),2248,73698,1753024464,CHI|dst:player:480180,4566032317,29+,29+,CHI|dst:player:480180,1.8696,0,False
16551508,CHI Bears	 vs. PHI Eagles,Case Keenum,Case Keenum (CHI),Joueur total nombre de tentatives de passes(Case Keenum (CHI)) (prolongations incluses),2248,73698,1753024464,CHI|dst:player:480180,4566032318,31+,31+,CHI|dst:player:480180,2.05,0,False
16551508,CHI Bears	 vs. PHI Eagles,Case Keenum,Case Keenum (CHI),Joueur total nombre de tentatives de passes(Case Keenum (CHI)) (prolongations incluses),2248,73698,1753024464,CHI|dst:player:480180,4566032319,33+,33+,CHI|dst:player:480180,2.25,0,False
16551508,CHI Bears	 vs. PHI Eagles,Makai Lemon,Makai Lemon (PHI),Joueur total de réception (Makai Lemon (PHI)) (incl. OT),2142,72897,1749521165,PHI|dst:player:545861,4556259950,8+,8+,PHI|dst:player:545861,26.0,0,False
16551508,CHI Bears	 vs. PHI Eagles,Makai Lemon,Makai Lemon (PHI),Joueur total de réception (Makai Lemon (PHI)) (incl. OT),2142,72897,1749521165,PHI|dst:player:545861,4556255699,3+,3+,PHI|dst:player:545861,1.7408,0,False
16551508,CHI Bears	 vs. PHI Eagles,Makai Lemon,Makai Lemon (PHI),Joueur total de réception (Makai Lemon (PHI)) (incl. OT),2142,72897,1749521165,PHI|dst:player:545861,4556255700,4+,4+,PHI|dst:player:545861,2.5,0,False
16551508,CHI Bears	 vs. PHI Eagles,Makai Lemon,Makai Lemon (PHI),Joueur total de réception (Makai Lemon (PHI)) (incl. OT),2142,72897,1749521165,PHI|dst:player:545861,4556255701,5+,5+,PHI|dst:player:545861,3.85,0,False
16551508,CHI Bears	 vs. PHI Eagles,Makai Lemon,Makai Lemon (PHI),Joueur total de réception (Makai Lemon (PHI)) (incl. OT),2142,72897,1749521165,PHI|dst:player:545861,4556255702,6+,6+,PHI|dst:player:545861,6.75,0,False
16551508,CHI Bears	 vs. PHI Eagles,Makai Lemon,Makai Lemon (PHI),Joueur total de réception (Makai Lemon (PHI)) (incl. OT),2142,72897,1749521165,PHI|dst:player:545861,4556255703,7+,7+,PHI|dst:player:545861,13.0,0,False
16551508,CHI Bears	 vs. PHI Eagles,Makai Lemon,Makai Lemon (PHI),Joueur total de réception (Makai Lemon (PHI)) (incl. OT),2142,72897,1749521165,PHI|dst:player:545861,4556255704,2+,2+,PHI|dst:player:545861,1.2,0,False
16551508,CHI Bears	 vs. PHI Eagles,Kalif Raymond,Kalif Raymond (CHI),Joueur total de réception (Kalif Raymond (CHI)) (incl. OT),2142,72897,1749521164,CHI|dst:player:540843,4556255692,4+,4+,CHI|dst:player:540843,2.5,0,False
16551508,CHI Bears	 vs. PHI Eagles,Kalif Raymond,Kalif Raymond (CHI),Joueur total de réception (Kalif Raymond (CHI)) (incl. OT),2142,72897,1749521164,CHI|dst:player:540843,4556255693,5+,5+,CHI|dst:player:540843,3.6,0,False
16551508,CHI Bears	 vs. PHI Eagles,Kalif Raymond,Kalif Raymond (CHI),Joueur total de réception (Kalif Raymond (CHI)) (incl. OT),2142,72897,1749521164,CHI|dst:player:540843,4556255694,6+,6+,CHI|dst:player:540843,5.75,0,False
16551508,CHI Bears	 vs. PHI Eagles,Kalif Raymond,Kalif Raymond (CHI),Joueur total de réception (Kalif Raymond (CHI)) (incl. OT),2142,72897,1749521164,CHI|dst:player:540843,4556255695,7+,7+,CHI|dst:player:540843,10.0,0,False
16551508,CHI Bears	 vs. PHI Eagles,Kalif Raymond,Kalif Raymond (CHI),Joueur total de réception (Kalif Raymond (CHI)) (incl. OT),2142,72897,1749521164,CHI|dst:player:540843,4556255696,8+,8+,CHI|dst:player:540843,18.0,0,False
16551508,CHI Bears	 vs. PHI Eagles,Kalif Raymond,Kalif Raymond (CHI),Joueur total de réception (Kalif Raymond (CHI)) (incl. OT),2142,72897,1749521164,CHI|dst:player:540843,4556255698,3+,3+,CHI|dst:player:540843,1.8,0,False
16551508,CHI Bears	 vs. PHI Eagles,Kalif Raymond,Kalif Raymond (CHI),Joueur total de réception (Kalif Raymond (CHI)) (incl. OT),2142,72897,1749521164,CHI|dst:player:540843,4561804531,2+,2+,CHI|dst:player:540843,1.2353,0,False
16551508,CHI Bears	 vs. PHI Eagles,Luther Burden,Luther Burden (CHI),Joueur total de réception (Luther Burden (CHI)) (incl. OT),2142,72897,1749521161,CHI|dst:player:498348,4556255671,4+,4+,CHI|dst:player:498348,1.9091,0,False
16551508,CHI Bears	 vs. PHI Eagles,Luther Burden,Luther Burden (CHI),Joueur total de réception (Luther Burden (CHI)) (incl. OT),2142,72897,1749521161,CHI|dst:player:498348,4556255672,5+,5+,CHI|dst:player:498348,2.75,0,False
16551508,CHI Bears	 vs. PHI Eagles,Luther Burden,Luther Burden (CHI),Joueur total de réception (Luther Burden (CHI)) (incl. OT),2142,72897,1749521161,CHI|dst:player:498348,4556255673,6+,6+,CHI|dst:player:498348,4.3,0,False
16551508,CHI Bears	 vs. PHI Eagles,Luther Burden,Luther Burden (CHI),Joueur total de réception (Luther Burden (CHI)) (incl. OT),2142,72897,1749521161,CHI|dst:player:498348,4556255674,7+,7+,CHI|dst:player:498348,7.5,0,False
16551508,CHI Bears	 vs. PHI Eagles,Luther Burden,Luther Burden (CHI),Joueur total de réception (Luther Burden (CHI)) (incl. OT),2142,72897,1749521161,CHI|dst:player:498348,4556255675,8+,8+,CHI|dst:player:498348,14.0,0,False
16551508,CHI Bears	 vs. PHI Eagles,Luther Burden,Luther Burden (CHI),Joueur total de réception (Luther Burden (CHI)) (incl. OT),2142,72897,1749521161,CHI|dst:player:498348,4556255676,9+,9+,CHI|dst:player:498348,26.0,0,False
16551508,CHI Bears	 vs. PHI Eagles,Luther Burden,Luther Burden (CHI),Joueur total de réception (Luther Burden (CHI)) (incl. OT),2142,72897,1749521161,CHI|dst:player:498348,4556255677,3+,3+,CHI|dst:player:498348,1.2667,0,False
16551508,CHI Bears	 vs. PHI Eagles,Devonta Smith,Devonta Smith (PHI),Joueur total de réception (Devonta Smith (PHI)) (incl. OT),2142,72897,1746666661,PHI|dst:player:264983,4546753010,6+,6+,PHI|dst:player:264983,1.8,0,False
16551508,CHI Bears	 vs. PHI Eagles,Devonta Smith,Devonta Smith (PHI),Joueur total de réception (Devonta Smith (PHI)) (incl. OT),2142,72897,1746666661,PHI|dst:player:264983,4546753011,7+,7+,PHI|dst:player:264983,2.35,0,False
16551508,CHI Bears	 vs. PHI Eagles,Devonta Smith,Devonta Smith (PHI),Joueur total de réception (Devonta Smith (PHI)) (incl. OT),2142,72897,1746666661,PHI|dst:player:264983,4546753012,8+,8+,PHI|dst:player:264983,3.2,0,False
16551508,CHI Bears	 vs. PHI Eagles,Devonta Smith,Devonta Smith (PHI),Joueur total de réception (Devonta Smith (PHI)) (incl. OT),2142,72897,1746666661,PHI|dst:player:264983,4546753013,9+,9+,PHI|dst:player:264983,4.5,0,False
16551508,CHI Bears	 vs. PHI Eagles,Devonta Smith,Devonta Smith (PHI),Joueur total de réception (Devonta Smith (PHI)) (incl. OT),2142,72897,1746666661,PHI|dst:player:264983,4546753014,10+,10+,PHI|dst:player:264983,7.0,0,False
16551508,CHI Bears	 vs. PHI Eagles,Devonta Smith,Devonta Smith (PHI),Joueur total de réception (Devonta Smith (PHI)) (incl. OT),2142,72897,1746666661,PHI|dst:player:264983,4546753015,11+,11+,PHI|dst:player:264983,11.0,0,False
16551508,CHI Bears	 vs. PHI Eagles,Devonta Smith,Devonta Smith (PHI),Joueur total de réception (Devonta Smith (PHI)) (incl. OT),2142,72897,1746666661,PHI|dst:player:264983,4546753016,5+,5+,PHI|dst:player:264983,1.2858,0,False
16551508,CHI Bears	 vs. PHI Eagles,Rome Odunze,Rome Odunze (CHI),Joueur total de réception (Rome Odunze (CHI)) (incl. OT),2142,72897,1749521163,CHI|dst:player:438602,4556255685,3+,3+,CHI|dst:player:438602,2.15,0,False
16551508,CHI Bears	 vs. PHI Eagles,Rome Odunze,Rome Odunze (CHI),Joueur total de réception (Rome Odunze (CHI)) (incl. OT),2142,72897,1749521163,CHI|dst:player:438602,4556255686,4+,4+,CHI|dst:player:438602,2.95,0,False
16551508,CHI Bears	 vs. PHI Eagles,Rome Odunze,Rome Odunze (CHI),Joueur total de réception (Rome Odunze (CHI)) (incl. OT),2142,72897,1749521163,CHI|dst:player:438602,4556255687,5+,5+,CHI|dst:player:438602,4.5,0,False
16551508,CHI Bears	 vs. PHI Eagles,Rome Odunze,Rome Odunze (CHI),Joueur total de réception (Rome Odunze (CHI)) (incl. OT),2142,72897,1749521163,CHI|dst:player:438602,4556255688,6+,6+,CHI|dst:player:438602,7.75,0,False
16551508,CHI Bears	 vs. PHI Eagles,Rome Odunze,Rome Odunze (CHI),Joueur total de réception (Rome Odunze (CHI)) (incl. OT),2142,72897,1749521163,CHI|dst:player:438602,4556255689,7+,7+,CHI|dst:player:438602,14.0,0,False
16551508,CHI Bears	 vs. PHI Eagles,Rome Odunze,Rome Odunze (CHI),Joueur total de réception (Rome Odunze (CHI)) (incl. OT),2142,72897,1749521163,CHI|dst:player:438602,4556255690,8+,8+,CHI|dst:player:438602,26.0,0,False
16551508,CHI Bears	 vs. PHI Eagles,Rome Odunze,Rome Odunze (CHI),Joueur total de réception (Rome Odunze (CHI)) (incl. OT),2142,72897,1749521163,CHI|dst:player:438602,4556255691,2+,2+,CHI|dst:player:438602,1.3449,0,False
16551508,CHI Bears	 vs. PHI Eagles,D'Andre Swift,D'Andre Swift (CHI),Joueur total de réception (D'Andre Swift (CHI)) (incl. OT),2142,72897,1750196667,CHI|dst:player:410023,4557998983,2+,2+,CHI|dst:player:410023,1.3847,0,False
16551508,CHI Bears	 vs. PHI Eagles,D'Andre Swift,D'Andre Swift (CHI),Joueur total de réception (D'Andre Swift (CHI)) (incl. OT),2142,72897,1750196667,CHI|dst:player:410023,4557998984,3+,3+,CHI|dst:player:410023,2.25,0,False
16551508,CHI Bears	 vs. PHI Eagles,D'Andre Swift,D'Andre Swift (CHI),Joueur total de réception (D'Andre Swift (CHI)) (incl. OT),2142,72897,1750196667,CHI|dst:player:410023,4557998985,4+,4+,CHI|dst:player:410023,3.0,0,False
16551508,CHI Bears	 vs. PHI Eagles,D'Andre Swift,D'Andre Swift (CHI),Joueur total de réception (D'Andre Swift (CHI)) (incl. OT),2142,72897,1750196667,CHI|dst:player:410023,4557998986,5+,5+,CHI|dst:player:410023,4.5,0,False
16551508,CHI Bears	 vs. PHI Eagles,D'Andre Swift,D'Andre Swift (CHI),Joueur total de réception (D'Andre Swift (CHI)) (incl. OT),2142,72897,1750196667,CHI|dst:player:410023,4557998987,6+,6+,CHI|dst:player:410023,7.25,0,False
16551508,CHI Bears	 vs. PHI Eagles,D'Andre Swift,D'Andre Swift (CHI),Joueur total de réception (D'Andre Swift (CHI)) (incl. OT),2142,72897,1750196667,CHI|dst:player:410023,4557998988,7+,7+,CHI|dst:player:410023,13.0,0,False
16551508,CHI Bears	 vs. PHI Eagles,D'Andre Swift,D'Andre Swift (CHI),Joueur total de réception (D'Andre Swift (CHI)) (incl. OT),2142,72897,1750196667,CHI|dst:player:410023,4569715500,8+,8+,CHI|dst:player:410023,21.0,0,False
16551508,CHI Bears	 vs. PHI Eagles,Dontayvion Wicks,Dontayvion Wicks (PHI),Joueur total de réception (Dontayvion Wicks (PHI)) (incl. OT),2142,72897,1746666662,PHI|dst:player:543667,4547745585,9+,9+,PHI|dst:player:543667,36.0,0,False
16551508,CHI Bears	 vs. PHI Eagles,Dontayvion Wicks,Dontayvion Wicks (PHI),Joueur total de réception (Dontayvion Wicks (PHI)) (incl. OT),2142,72897,1746666662,PHI|dst:player:543667,4546753017,3+,3+,PHI|dst:player:543667,1.4167,0,False
16551508,CHI Bears	 vs. PHI Eagles,Dontayvion Wicks,Dontayvion Wicks (PHI),Joueur total de réception (Dontayvion Wicks (PHI)) (incl. OT),2142,72897,1746666662,PHI|dst:player:543667,4546753018,4+,4+,PHI|dst:player:543667,2.2,0,False
16551508,CHI Bears	 vs. PHI Eagles,Dontayvion Wicks,Dontayvion Wicks (PHI),Joueur total de réception (Dontayvion Wicks (PHI)) (incl. OT),2142,72897,1746666662,PHI|dst:player:543667,4546753019,5+,5+,PHI|dst:player:543667,3.2,0,False
16551508,CHI Bears	 vs. PHI Eagles,Dontayvion Wicks,Dontayvion Wicks (PHI),Joueur total de réception (Dontayvion Wicks (PHI)) (incl. OT),2142,72897,1746666662,PHI|dst:player:543667,4546753020,6+,6+,PHI|dst:player:543667,5.25,0,False
16551508,CHI Bears	 vs. PHI Eagles,Dontayvion Wicks,Dontayvion Wicks (PHI),Joueur total de réception (Dontayvion Wicks (PHI)) (incl. OT),2142,72897,1746666662,PHI|dst:player:543667,4546753021,7+,7+,PHI|dst:player:543667,9.0,0,False
16551508,CHI Bears	 vs. PHI Eagles,Dontayvion Wicks,Dontayvion Wicks (PHI),Joueur total de réception (Dontayvion Wicks (PHI)) (incl. OT),2142,72897,1746666662,PHI|dst:player:543667,4546753022,8+,8+,PHI|dst:player:543667,18.0,0,False
16551508,CHI Bears	 vs. PHI Eagles,Saquon Barkley,Saquon Barkley (PHI),Joueur total de réception (Saquon Barkley (PHI)) (incl. OT),2142,72897,1746666663,PHI|dst:player:409916,4546753024,3+,3+,PHI|dst:player:409916,2.3,0,False
16551508,CHI Bears	 vs. PHI Eagles,Saquon Barkley,Saquon Barkley (PHI),Joueur total de réception (Saquon Barkley (PHI)) (incl. OT),2142,72897,1746666663,PHI|dst:player:409916,4546753025,4+,4+,PHI|dst:player:409916,3.3,0,False
16551508,CHI Bears	 vs. PHI Eagles,Saquon Barkley,Saquon Barkley (PHI),Joueur total de réception (Saquon Barkley (PHI)) (incl. OT),2142,72897,1746666663,PHI|dst:player:409916,4546753026,5+,5+,PHI|dst:player:409916,5.75,0,False
16551508,CHI Bears	 vs. PHI Eagles,Saquon Barkley,Saquon Barkley (PHI),Joueur total de réception (Saquon Barkley (PHI)) (incl. OT),2142,72897,1746666663,PHI|dst:player:409916,4546753027,6+,6+,PHI|dst:player:409916,11.0,0,False
16551508,CHI Bears	 vs. PHI Eagles,Saquon Barkley,Saquon Barkley (PHI),Joueur total de réception (Saquon Barkley (PHI)) (incl. OT),2142,72897,1746666663,PHI|dst:player:409916,4546753028,7+,7+,PHI|dst:player:409916,21.0,0,False
16551508,CHI Bears	 vs. PHI Eagles,Saquon Barkley,Saquon Barkley (PHI),Joueur total de réception (Saquon Barkley (PHI)) (incl. OT),2142,72897,1746666663,PHI|dst:player:409916,4546753029,8+,8+,PHI|dst:player:409916,41.0,0,False
16551508,CHI Bears	 vs. PHI Eagles,Saquon Barkley,Saquon Barkley (PHI),Joueur total de réception (Saquon Barkley (PHI)) (incl. OT),2142,72897,1746666663,PHI|dst:player:409916,4546753030,2+,2+,PHI|dst:player:409916,1.4348,0,False
16551508,CHI Bears	 vs. PHI Eagles,Colston Loveland,Colston Loveland (CHI),Joueur total de réception (Colston Loveland (CHI)) (incl. OT),2142,72897,1749521162,CHI|dst:player:484440,4556255680,6+,6+,CHI|dst:player:484440,4.0,0,False
16551508,CHI Bears	 vs. PHI Eagles,Colston Loveland,Colston Loveland (CHI),Joueur total de réception (Colston Loveland (CHI)) (incl. OT),2142,72897,1749521162,CHI|dst:player:484440,4556255681,7+,7+,CHI|dst:player:484440,6.25,0,False
16551508,CHI Bears	 vs. PHI Eagles,Colston Loveland,Colston Loveland (CHI),Joueur total de réception (Colston Loveland (CHI)) (incl. OT),2142,72897,1749521162,CHI|dst:player:484440,4556255682,8+,8+,CHI|dst:player:484440,10.0,0,False
16551508,CHI Bears	 vs. PHI Eagles,Colston Loveland,Colston Loveland (CHI),Joueur total de réception (Colston Loveland (CHI)) (incl. OT),2142,72897,1749521162,CHI|dst:player:484440,4556255683,9+,9+,CHI|dst:player:484440,18.0,0,False
16551508,CHI Bears	 vs. PHI Eagles,Colston Loveland,Colston Loveland (CHI),Joueur total de réception (Colston Loveland (CHI)) (incl. OT),2142,72897,1749521162,CHI|dst:player:484440,4556255684,3+,3+,CHI|dst:player:484440,1.4445,0,False
16551508,CHI Bears	 vs. PHI Eagles,Colston Loveland,Colston Loveland (CHI),Joueur total de réception (Colston Loveland (CHI)) (incl. OT),2142,72897,1749521162,CHI|dst:player:484440,4556255678,4+,4+,CHI|dst:player:484440,2.1,0,False
16551508,CHI Bears	 vs. PHI Eagles,Colston Loveland,Colston Loveland (CHI),Joueur total de réception (Colston Loveland (CHI)) (incl. OT),2142,72897,1749521162,CHI|dst:player:484440,4556255679,5+,5+,CHI|dst:player:484440,2.8,0,False
16551508,CHI Bears	 vs. PHI Eagles,Zach Ertz,Zach Ertz (PHI),Joueur total de réception (Zach Ertz (PHI)) (incl. OT),2142,72897,1750196668,PHI|dst:player:125422,4557998989,2+,2+,PHI|dst:player:125422,2.0,0,False
16551508,CHI Bears	 vs. PHI Eagles,Zach Ertz,Zach Ertz (PHI),Joueur total de réception (Zach Ertz (PHI)) (incl. OT),2142,72897,1750196668,PHI|dst:player:125422,4557998990,3+,3+,PHI|dst:player:125422,2.55,0,False
16551508,CHI Bears	 vs. PHI Eagles,Zach Ertz,Zach Ertz (PHI),Joueur total de réception (Zach Ertz (PHI)) (incl. OT),2142,72897,1750196668,PHI|dst:player:125422,4557998991,4+,4+,PHI|dst:player:125422,3.5,0,False
16551508,CHI Bears	 vs. PHI Eagles,Zach Ertz,Zach Ertz (PHI),Joueur total de réception (Zach Ertz (PHI)) (incl. OT),2142,72897,1750196668,PHI|dst:player:125422,4557998992,5+,5+,PHI|dst:player:125422,5.0,0,False
16551508,CHI Bears	 vs. PHI Eagles,Zach Ertz,Zach Ertz (PHI),Joueur total de réception (Zach Ertz (PHI)) (incl. OT),2142,72897,1750196668,PHI|dst:player:125422,4557998993,6+,6+,PHI|dst:player:125422,7.5,0,False
16551508,CHI Bears	 vs. PHI Eagles,Zach Ertz,Zach Ertz (PHI),Joueur total de réception (Zach Ertz (PHI)) (incl. OT),2142,72897,1750196668,PHI|dst:player:125422,4557998994,7+,7+,PHI|dst:player:125422,12.0,0,False
16551508,CHI Bears	 vs. PHI Eagles,Cole Kmet,Cole Kmet (CHI),Joueur total de réception (Cole Kmet (CHI)) (incl. OT),2142,72897,1751676682,CHI|dst:player:242604,4562346964,2+,2+,CHI|dst:player:242604,2.15,0,False
16551508,CHI Bears	 vs. PHI Eagles,Cole Kmet,Cole Kmet (CHI),Joueur total de réception (Cole Kmet (CHI)) (incl. OT),2142,72897,1751676682,CHI|dst:player:242604,4562346965,3+,3+,CHI|dst:player:242604,3.3,0,False
16551508,CHI Bears	 vs. PHI Eagles,Cole Kmet,Cole Kmet (CHI),Joueur total de réception (Cole Kmet (CHI)) (incl. OT),2142,72897,1751676682,CHI|dst:player:242604,4562346966,4+,4+,CHI|dst:player:242604,6.0,0,False
16551508,CHI Bears	 vs. PHI Eagles,Cole Kmet,Cole Kmet (CHI),Joueur total de réception (Cole Kmet (CHI)) (incl. OT),2142,72897,1751676682,CHI|dst:player:242604,4562346967,5+,5+,CHI|dst:player:242604,12.0,0,False
16551508,CHI Bears	 vs. PHI Eagles,Cole Kmet,Cole Kmet (CHI),Joueur total de réception (Cole Kmet (CHI)) (incl. OT),2142,72897,1751676682,CHI|dst:player:242604,4562346968,6+,6+,CHI|dst:player:242604,26.0,0,False
16551508,CHI Bears	 vs. PHI Eagles,Kyle Monangai,Kyle Monangai (CHI),Joueur total de réception (Kyle Monangai (CHI)) (incl. OT),2142,72897,1754032079,CHI|dst:player:484441,4569040823,2+,2+,CHI|dst:player:484441,2.2,0,False
16551508,CHI Bears	 vs. PHI Eagles,Kyle Monangai,Kyle Monangai (CHI),Joueur total de réception (Kyle Monangai (CHI)) (incl. OT),2142,72897,1754032079,CHI|dst:player:484441,4569040824,3+,3+,CHI|dst:player:484441,3.5,0,False
16551508,CHI Bears	 vs. PHI Eagles,Kyle Monangai,Kyle Monangai (CHI),Joueur total de réception (Kyle Monangai (CHI)) (incl. OT),2142,72897,1754032079,CHI|dst:player:484441,4569040825,4+,4+,CHI|dst:player:484441,6.75,0,False
16551508,CHI Bears	 vs. PHI Eagles,Kyle Monangai,Kyle Monangai (CHI),Joueur total de réception (Kyle Monangai (CHI)) (incl. OT),2142,72897,1754032079,CHI|dst:player:484441,4569040826,5+,5+,CHI|dst:player:484441,15.0,0,False
16551508,CHI Bears	 vs. PHI Eagles,Kyle Monangai,Kyle Monangai (CHI),Joueur total de réception (Kyle Monangai (CHI)) (incl. OT),2142,72897,1754032079,CHI|dst:player:484441,4569040827,6+,6+,CHI|dst:player:484441,36.0,0,False
16551508,CHI Bears	 vs. PHI Eagles,Johnny Mundt,Johnny Mundt (PHI),Joueur total de réception (Johnny Mundt (PHI)) (incl. OT),2142,72897,1754032598,PHI|dst:player:540859,4569041908,2+,2+,PHI|dst:player:540859,2.4,0,False
16551508,CHI Bears	 vs. PHI Eagles,Johnny Mundt,Johnny Mundt (PHI),Joueur total de réception (Johnny Mundt (PHI)) (incl. OT),2142,72897,1754032598,PHI|dst:player:540859,4569041909,3+,3+,PHI|dst:player:540859,3.75,0,False
16551508,CHI Bears	 vs. PHI Eagles,Johnny Mundt,Johnny Mundt (PHI),Joueur total de réception (Johnny Mundt (PHI)) (incl. OT),2142,72897,1754032598,PHI|dst:player:540859,4569041910,4+,4+,PHI|dst:player:540859,7.0,0,False
16551508,CHI Bears	 vs. PHI Eagles,Johnny Mundt,Johnny Mundt (PHI),Joueur total de réception (Johnny Mundt (PHI)) (incl. OT),2142,72897,1754032598,PHI|dst:player:540859,4569041911,5+,5+,PHI|dst:player:540859,15.0,0,False
16551508,CHI Bears	 vs. PHI Eagles,Johnny Mundt,Johnny Mundt (PHI),Joueur total de réception (Johnny Mundt (PHI)) (incl. OT),2142,72897,1754032598,PHI|dst:player:540859,4569041912,6+,6+,PHI|dst:player:540859,31.0,0,False
16551508,CHI Bears	 vs. PHI Eagles,Jalen Hurts,Jalen Hurts (PHI),Joueur total de courses (Jalen Hurts (PHI)) (prolongations incluses),2133,72890,1746664239,PHI|dst:player:242970,4546746912,15+,15+,PHI|dst:player:242970,11.0,0,False
16551508,CHI Bears	 vs. PHI Eagles,Jalen Hurts,Jalen Hurts (PHI),Joueur total de courses (Jalen Hurts (PHI)) (prolongations incluses),2133,72890,1746664239,PHI|dst:player:242970,4546746913,6+,6+,PHI|dst:player:242970,1.5,0,False
16551508,CHI Bears	 vs. PHI Eagles,Jalen Hurts,Jalen Hurts (PHI),Joueur total de courses (Jalen Hurts (PHI)) (prolongations incluses),2133,72890,1746664239,PHI|dst:player:242970,4546746914,5+,5+,PHI|dst:player:242970,1.3077,0,False
16551508,CHI Bears	 vs. PHI Eagles,Jalen Hurts,Jalen Hurts (PHI),Joueur total de courses (Jalen Hurts (PHI)) (prolongations incluses),2133,72890,1746664239,PHI|dst:player:242970,4546746904,7+,7+,PHI|dst:player:242970,1.8334,0,False
16551508,CHI Bears	 vs. PHI Eagles,Jalen Hurts,Jalen Hurts (PHI),Joueur total de courses (Jalen Hurts (PHI)) (prolongations incluses),2133,72890,1746664239,PHI|dst:player:242970,4546746905,8+,8+,PHI|dst:player:242970,2.15,0,False
16551508,CHI Bears	 vs. PHI Eagles,Jalen Hurts,Jalen Hurts (PHI),Joueur total de courses (Jalen Hurts (PHI)) (prolongations incluses),2133,72890,1746664239,PHI|dst:player:242970,4546746906,9+,9+,PHI|dst:player:242970,2.5,0,False
16551508,CHI Bears	 vs. PHI Eagles,Jalen Hurts,Jalen Hurts (PHI),Joueur total de courses (Jalen Hurts (PHI)) (prolongations incluses),2133,72890,1746664239,PHI|dst:player:242970,4546746907,10+,10+,PHI|dst:player:242970,3.0,0,False
16551508,CHI Bears	 vs. PHI Eagles,Jalen Hurts,Jalen Hurts (PHI),Joueur total de courses (Jalen Hurts (PHI)) (prolongations incluses),2133,72890,1746664239,PHI|dst:player:242970,4546746908,11+,11+,PHI|dst:player:242970,3.75,0,False
16551508,CHI Bears	 vs. PHI Eagles,Jalen Hurts,Jalen Hurts (PHI),Joueur total de courses (Jalen Hurts (PHI)) (prolongations incluses),2133,72890,1746664239,PHI|dst:player:242970,4546746909,12+,12+,PHI|dst:player:242970,4.75,0,False
16551508,CHI Bears	 vs. PHI Eagles,Jalen Hurts,Jalen Hurts (PHI),Joueur total de courses (Jalen Hurts (PHI)) (prolongations incluses),2133,72890,1746664239,PHI|dst:player:242970,4546746910,13+,13+,PHI|dst:player:242970,6.0,0,False
16551508,CHI Bears	 vs. PHI Eagles,Jalen Hurts,Jalen Hurts (PHI),Joueur total de courses (Jalen Hurts (PHI)) (prolongations incluses),2133,72890,1746664239,PHI|dst:player:242970,4546746911,14+,14+,PHI|dst:player:242970,8.0,0,False
16551508,CHI Bears	 vs. PHI Eagles,D'Andre Swift,D'Andre Swift (CHI),Joueur total de courses (D'Andre Swift (CHI)) (prolongations incluses),2133,72890,1749519598,CHI|dst:player:410023,4556251520,23+,23+,CHI|dst:player:410023,7.0,0,False
16551508,CHI Bears	 vs. PHI Eagles,D'Andre Swift,D'Andre Swift (CHI),Joueur total de courses (D'Andre Swift (CHI)) (prolongations incluses),2133,72890,1749519598,CHI|dst:player:410023,4556251522,15+,15+,CHI|dst:player:410023,1.8,0,False
16551508,CHI Bears	 vs. PHI Eagles,D'Andre Swift,D'Andre Swift (CHI),Joueur total de courses (D'Andre Swift (CHI)) (prolongations incluses),2133,72890,1749519598,CHI|dst:player:410023,4556251523,14+,14+,CHI|dst:player:410023,1.5,0,False
16551508,CHI Bears	 vs. PHI Eagles,D'Andre Swift,D'Andre Swift (CHI),Joueur total de courses (D'Andre Swift (CHI)) (prolongations incluses),2133,72890,1749519598,CHI|dst:player:410023,4557702836,13+,13+,CHI|dst:player:410023,1.3334,0,False
16551508,CHI Bears	 vs. PHI Eagles,D'Andre Swift,D'Andre Swift (CHI),Joueur total de courses (D'Andre Swift (CHI)) (prolongations incluses),2133,72890,1749519598,CHI|dst:player:410023,4556251513,16+,16+,CHI|dst:player:410023,2.0,0,False
16551508,CHI Bears	 vs. PHI Eagles,D'Andre Swift,D'Andre Swift (CHI),Joueur total de courses (D'Andre Swift (CHI)) (prolongations incluses),2133,72890,1749519598,CHI|dst:player:410023,4556251514,17+,17+,CHI|dst:player:410023,2.3,0,False
16551508,CHI Bears	 vs. PHI Eagles,D'Andre Swift,D'Andre Swift (CHI),Joueur total de courses (D'Andre Swift (CHI)) (prolongations incluses),2133,72890,1749519598,CHI|dst:player:410023,4556251515,18+,18+,CHI|dst:player:410023,2.65,0,False
16551508,CHI Bears	 vs. PHI Eagles,D'Andre Swift,D'Andre Swift (CHI),Joueur total de courses (D'Andre Swift (CHI)) (prolongations incluses),2133,72890,1749519598,CHI|dst:player:410023,4556251516,19+,19+,CHI|dst:player:410023,3.1,0,False
16551508,CHI Bears	 vs. PHI Eagles,D'Andre Swift,D'Andre Swift (CHI),Joueur total de courses (D'Andre Swift (CHI)) (prolongations incluses),2133,72890,1749519598,CHI|dst:player:410023,4556251517,20+,20+,CHI|dst:player:410023,3.75,0,False
16551508,CHI Bears	 vs. PHI Eagles,D'Andre Swift,D'Andre Swift (CHI),Joueur total de courses (D'Andre Swift (CHI)) (prolongations incluses),2133,72890,1749519598,CHI|dst:player:410023,4556251518,21+,21+,CHI|dst:player:410023,4.5,0,False
16551508,CHI Bears	 vs. PHI Eagles,D'Andre Swift,D'Andre Swift (CHI),Joueur total de courses (D'Andre Swift (CHI)) (prolongations incluses),2133,72890,1749519598,CHI|dst:player:410023,4556251519,22+,22+,CHI|dst:player:410023,5.5,0,False
16551508,CHI Bears	 vs. PHI Eagles,Saquon Barkley,Saquon Barkley (PHI),Joueur total de courses (Saquon Barkley (PHI)) (prolongations incluses),2133,72890,1746664240,PHI|dst:player:409916,4546746915,18+,18+,PHI|dst:player:409916,2.0,0,False
16551508,CHI Bears	 vs. PHI Eagles,Saquon Barkley,Saquon Barkley (PHI),Joueur total de courses (Saquon Barkley (PHI)) (prolongations incluses),2133,72890,1746664240,PHI|dst:player:409916,4546746916,19+,19+,PHI|dst:player:409916,2.25,0,False
16551508,CHI Bears	 vs. PHI Eagles,Saquon Barkley,Saquon Barkley (PHI),Joueur total de courses (Saquon Barkley (PHI)) (prolongations incluses),2133,72890,1746664240,PHI|dst:player:409916,4546746917,20+,20+,PHI|dst:player:409916,2.55,0,False
16551508,CHI Bears	 vs. PHI Eagles,Saquon Barkley,Saquon Barkley (PHI),Joueur total de courses (Saquon Barkley (PHI)) (prolongations incluses),2133,72890,1746664240,PHI|dst:player:409916,4546746918,21+,21+,PHI|dst:player:409916,2.95,0,False
16551508,CHI Bears	 vs. PHI Eagles,Saquon Barkley,Saquon Barkley (PHI),Joueur total de courses (Saquon Barkley (PHI)) (prolongations incluses),2133,72890,1746664240,PHI|dst:player:409916,4546746919,22+,22+,PHI|dst:player:409916,3.4,0,False
16551508,CHI Bears	 vs. PHI Eagles,Saquon Barkley,Saquon Barkley (PHI),Joueur total de courses (Saquon Barkley (PHI)) (prolongations incluses),2133,72890,1746664240,PHI|dst:player:409916,4546746920,23+,23+,PHI|dst:player:409916,4.0,0,False
16551508,CHI Bears	 vs. PHI Eagles,Saquon Barkley,Saquon Barkley (PHI),Joueur total de courses (Saquon Barkley (PHI)) (prolongations incluses),2133,72890,1746664240,PHI|dst:player:409916,4546746921,24+,24+,PHI|dst:player:409916,4.75,0,False
16551508,CHI Bears	 vs. PHI Eagles,Saquon Barkley,Saquon Barkley (PHI),Joueur total de courses (Saquon Barkley (PHI)) (prolongations incluses),2133,72890,1746664240,PHI|dst:player:409916,4546746922,25+,25+,PHI|dst:player:409916,5.75,0,False
16551508,CHI Bears	 vs. PHI Eagles,Saquon Barkley,Saquon Barkley (PHI),Joueur total de courses (Saquon Barkley (PHI)) (prolongations incluses),2133,72890,1746664240,PHI|dst:player:409916,4546746924,17+,17+,PHI|dst:player:409916,1.8,0,False
16551508,CHI Bears	 vs. PHI Eagles,Saquon Barkley,Saquon Barkley (PHI),Joueur total de courses (Saquon Barkley (PHI)) (prolongations incluses),2133,72890,1746664240,PHI|dst:player:409916,4546746925,16+,16+,PHI|dst:player:409916,1.5264,0,False
16551508,CHI Bears	 vs. PHI Eagles,Saquon Barkley,Saquon Barkley (PHI),Joueur total de courses (Saquon Barkley (PHI)) (prolongations incluses),2133,72890,1746664240,PHI|dst:player:409916,4547712658,15+,15+,PHI|dst:player:409916,1.3449,0,False
16551508,CHI Bears	 vs. PHI Eagles,Kyle Monangai,Kyle Monangai (CHI),Joueur total de courses (Kyle Monangai (CHI)) (prolongations incluses),2133,72890,1751543178,CHI|dst:player:484441,4562028576,16+,16+,CHI|dst:player:484441,4.75,0,False
16551508,CHI Bears	 vs. PHI Eagles,Kyle Monangai,Kyle Monangai (CHI),Joueur total de courses (Kyle Monangai (CHI)) (prolongations incluses),2133,72890,1751543178,CHI|dst:player:484441,4562028577,17+,17+,CHI|dst:player:484441,6.0,0,False
16551508,CHI Bears	 vs. PHI Eagles,Kyle Monangai,Kyle Monangai (CHI),Joueur total de courses (Kyle Monangai (CHI)) (prolongations incluses),2133,72890,1751543178,CHI|dst:player:484441,4562028578,18+,18+,CHI|dst:player:484441,7.5,0,False
16551508,CHI Bears	 vs. PHI Eagles,Kyle Monangai,Kyle Monangai (CHI),Joueur total de courses (Kyle Monangai (CHI)) (prolongations incluses),2133,72890,1751543178,CHI|dst:player:484441,4562028579,9+,9+,CHI|dst:player:484441,1.5556,0,False
16551508,CHI Bears	 vs. PHI Eagles,Kyle Monangai,Kyle Monangai (CHI),Joueur total de courses (Kyle Monangai (CHI)) (prolongations incluses),2133,72890,1751543178,CHI|dst:player:484441,4562028580,8+,8+,CHI|dst:player:484441,1.3637,0,False
16551508,CHI Bears	 vs. PHI Eagles,Kyle Monangai,Kyle Monangai (CHI),Joueur total de courses (Kyle Monangai (CHI)) (prolongations incluses),2133,72890,1751543178,CHI|dst:player:484441,4562028570,10+,10+,CHI|dst:player:484441,1.8334,0,False
16551508,CHI Bears	 vs. PHI Eagles,Kyle Monangai,Kyle Monangai (CHI),Joueur total de courses (Kyle Monangai (CHI)) (prolongations incluses),2133,72890,1751543178,CHI|dst:player:484441,4562028571,11+,11+,CHI|dst:player:484441,2.1,0,False
16551508,CHI Bears	 vs. PHI Eagles,Kyle Monangai,Kyle Monangai (CHI),Joueur total de courses (Kyle Monangai (CHI)) (prolongations incluses),2133,72890,1751543178,CHI|dst:player:484441,4562028572,12+,12+,CHI|dst:player:484441,2.4,0,False
16551508,CHI Bears	 vs. PHI Eagles,Kyle Monangai,Kyle Monangai (CHI),Joueur total de courses (Kyle Monangai (CHI)) (prolongations incluses),2133,72890,1751543178,CHI|dst:player:484441,4562028573,13+,13+,CHI|dst:player:484441,2.75,0,False
16551508,CHI Bears	 vs. PHI Eagles,Kyle Monangai,Kyle Monangai (CHI),Joueur total de courses (Kyle Monangai (CHI)) (prolongations incluses),2133,72890,1751543178,CHI|dst:player:484441,4562028574,14+,14+,CHI|dst:player:484441,3.3,0,False
16551508,CHI Bears	 vs. PHI Eagles,Kyle Monangai,Kyle Monangai (CHI),Joueur total de courses (Kyle Monangai (CHI)) (prolongations incluses),2133,72890,1751543178,CHI|dst:player:484441,4562028575,15+,15+,CHI|dst:player:484441,3.85,0,False
16551508,CHI Bears	 vs. PHI Eagles,Jalen Carter,Jalen Carter (PHI),Player total sacks (Jalen Carter (PHI)) (incl. OT),2250,73700,1754219190,PHI|dst:player:373977,4569523507,1+,1+,PHI|dst:player:373977,2.5,0,False
16551508,CHI Bears	 vs. PHI Eagles,Jalen Carter,Jalen Carter (PHI),Player total sacks (Jalen Carter (PHI)) (incl. OT),2250,73700,1754219190,PHI|dst:player:373977,4569523508,2+,2+,PHI|dst:player:373977,10.0,0,False
16551508,CHI Bears	 vs. PHI Eagles,Jalyx Hunt,Jalyx Hunt (PHI),Player total sacks (Jalyx Hunt (PHI)) (incl. OT),2250,73700,1754219192,PHI|dst:player:430271,4569523512,2+,2+,PHI|dst:player:430271,8.0,0,False
16551508,CHI Bears	 vs. PHI Eagles,Jalyx Hunt,Jalyx Hunt (PHI),Player total sacks (Jalyx Hunt (PHI)) (incl. OT),2250,73700,1754219192,PHI|dst:player:430271,4569523511,1+,1+,PHI|dst:player:430271,2.5,0,False
16551508,CHI Bears	 vs. PHI Eagles,Montez Sweat,Montez Sweat (CHI),Player total sacks (Montez Sweat (CHI)) (incl. OT),2250,73700,1754219191,CHI|dst:player:397724,4569523509,1+,1+,CHI|dst:player:397724,2.75,0,False
16551508,CHI Bears	 vs. PHI Eagles,Montez Sweat,Montez Sweat (CHI),Player total sacks (Montez Sweat (CHI)) (incl. OT),2250,73700,1754219191,CHI|dst:player:397724,4569523510,2+,2+,CHI|dst:player:397724,10.0,0,False
16551508,CHI Bears	 vs. PHI Eagles,Dayo Odeyingbo,Dayo Odeyingbo (CHI),Player total sacks (Dayo Odeyingbo (CHI)) (incl. OT),2250,73700,1754219193,CHI|dst:player:476297,4569523513,1+,1+,CHI|dst:player:476297,3.15,0,False
16551508,CHI Bears	 vs. PHI Eagles,Dayo Odeyingbo,Dayo Odeyingbo (CHI),Player total sacks (Dayo Odeyingbo (CHI)) (incl. OT),2250,73700,1754219193,CHI|dst:player:476297,4569523514,2+,2+,CHI|dst:player:476297,10.0,0,False
16551508,CHI Bears	 vs. PHI Eagles,Cooper DeJean,Cooper DeJean (PHI),Joueur plaqués totaux (Cooper DeJean (PHI)) (inclus prolongations),2131,73697,1754032755,PHI|dst:player:430748,4569042254,6+,6+,PHI|dst:player:430748,2.05,0,False
16551508,CHI Bears	 vs. PHI Eagles,Cooper DeJean,Cooper DeJean (PHI),Joueur plaqués totaux (Cooper DeJean (PHI)) (inclus prolongations),2131,73697,1754032755,PHI|dst:player:430748,4569042255,7+,7+,PHI|dst:player:430748,2.7,0,False
16551508,CHI Bears	 vs. PHI Eagles,Cooper DeJean,Cooper DeJean (PHI),Joueur plaqués totaux (Cooper DeJean (PHI)) (inclus prolongations),2131,73697,1754032755,PHI|dst:player:430748,4569042256,8+,8+,PHI|dst:player:430748,3.75,0,False
16551508,CHI Bears	 vs. PHI Eagles,Cooper DeJean,Cooper DeJean (PHI),Joueur plaqués totaux (Cooper DeJean (PHI)) (inclus prolongations),2131,73697,1754032755,PHI|dst:player:430748,4569042257,9+,9+,PHI|dst:player:430748,5.25,0,False
16551508,CHI Bears	 vs. PHI Eagles,Cooper DeJean,Cooper DeJean (PHI),Joueur plaqués totaux (Cooper DeJean (PHI)) (inclus prolongations),2131,73697,1754032755,PHI|dst:player:430748,4569042259,5+,5+,PHI|dst:player:430748,1.6061,0,False
16551508,CHI Bears	 vs. PHI Eagles,Cooper DeJean,Cooper DeJean (PHI),Joueur plaqués totaux (Cooper DeJean (PHI)) (inclus prolongations),2131,73697,1754032755,PHI|dst:player:430748,4569835191,4+,4+,PHI|dst:player:430748,1.2353,0,False
16551508,CHI Bears	 vs. PHI Eagles,Devin Bush,Devin Bush (CHI),Joueur plaqués totaux (Devin Bush (CHI)) (inclus prolongations),2131,73697,1754032756,CHI|dst:player:540734,4569042260,7+,7+,CHI|dst:player:540734,1.9524,0,False
16551508,CHI Bears	 vs. PHI Eagles,Devin Bush,Devin Bush (CHI),Joueur plaqués totaux (Devin Bush (CHI)) (inclus prolongations),2131,73697,1754032756,CHI|dst:player:540734,4569042261,8+,8+,CHI|dst:player:540734,2.45,0,False
16551508,CHI Bears	 vs. PHI Eagles,Devin Bush,Devin Bush (CHI),Joueur plaqués totaux (Devin Bush (CHI)) (inclus prolongations),2131,73697,1754032756,CHI|dst:player:540734,4569042262,9+,9+,CHI|dst:player:540734,3.3,0,False
16551508,CHI Bears	 vs. PHI Eagles,Devin Bush,Devin Bush (CHI),Joueur plaqués totaux (Devin Bush (CHI)) (inclus prolongations),2131,73697,1754032756,CHI|dst:player:540734,4569042263,10+,10+,CHI|dst:player:540734,4.5,0,False
16551508,CHI Bears	 vs. PHI Eagles,Devin Bush,Devin Bush (CHI),Joueur plaqués totaux (Devin Bush (CHI)) (inclus prolongations),2131,73697,1754032756,CHI|dst:player:540734,4569042264,11+,11+,CHI|dst:player:540734,6.5,0,False
16551508,CHI Bears	 vs. PHI Eagles,Devin Bush,Devin Bush (CHI),Joueur plaqués totaux (Devin Bush (CHI)) (inclus prolongations),2131,73697,1754032756,CHI|dst:player:540734,4569042265,6+,6+,CHI|dst:player:540734,1.4762,0,False
16551508,CHI Bears	 vs. PHI Eagles,T.J. Edwards,T.J. Edwards (CHI),Joueur plaqués totaux (T.J. Edwards (CHI)) (inclus prolongations),2131,73697,1754032687,CHI|dst:player:370210,4569782027,11+,11+,CHI|dst:player:370210,7.0,0,False
16551508,CHI Bears	 vs. PHI Eagles,T.J. Edwards,T.J. Edwards (CHI),Joueur plaqués totaux (T.J. Edwards (CHI)) (inclus prolongations),2131,73697,1754032687,CHI|dst:player:370210,4569042096,6+,6+,CHI|dst:player:370210,1.625,0,False
16551508,CHI Bears	 vs. PHI Eagles,T.J. Edwards,T.J. Edwards (CHI),Joueur plaqués totaux (T.J. Edwards (CHI)) (inclus prolongations),2131,73697,1754032687,CHI|dst:player:370210,4569042097,7+,7+,CHI|dst:player:370210,2.2,0,False
16551508,CHI Bears	 vs. PHI Eagles,T.J. Edwards,T.J. Edwards (CHI),Joueur plaqués totaux (T.J. Edwards (CHI)) (inclus prolongations),2131,73697,1754032687,CHI|dst:player:370210,4569042098,8+,8+,CHI|dst:player:370210,2.7,0,False
16551508,CHI Bears	 vs. PHI Eagles,T.J. Edwards,T.J. Edwards (CHI),Joueur plaqués totaux (T.J. Edwards (CHI)) (inclus prolongations),2131,73697,1754032687,CHI|dst:player:370210,4569042099,9+,9+,CHI|dst:player:370210,3.6,0,False
16551508,CHI Bears	 vs. PHI Eagles,T.J. Edwards,T.J. Edwards (CHI),Joueur plaqués totaux (T.J. Edwards (CHI)) (inclus prolongations),2131,73697,1754032687,CHI|dst:player:370210,4569042100,10+,10+,CHI|dst:player:370210,5.0,0,False
16551508,CHI Bears	 vs. PHI Eagles,Jihaad Campbell,Jihaad Campbell (PHI),Joueur plaqués totaux (Jihaad Campbell (PHI)) (inclus prolongations),2131,73697,1754032686,PHI|dst:player:491487,4569042090,8+,8+,PHI|dst:player:491487,2.15,0,False
16551508,CHI Bears	 vs. PHI Eagles,Jihaad Campbell,Jihaad Campbell (PHI),Joueur plaqués totaux (Jihaad Campbell (PHI)) (inclus prolongations),2131,73697,1754032686,PHI|dst:player:491487,4569042091,9+,9+,PHI|dst:player:491487,2.6,0,False
16551508,CHI Bears	 vs. PHI Eagles,Jihaad Campbell,Jihaad Campbell (PHI),Joueur plaqués totaux (Jihaad Campbell (PHI)) (inclus prolongations),2131,73697,1754032686,PHI|dst:player:491487,4569042092,10+,10+,PHI|dst:player:491487,3.3,0,False
16551508,CHI Bears	 vs. PHI Eagles,Jihaad Campbell,Jihaad Campbell (PHI),Joueur plaqués totaux (Jihaad Campbell (PHI)) (inclus prolongations),2131,73697,1754032686,PHI|dst:player:491487,4569042093,11+,11+,PHI|dst:player:491487,4.5,0,False
16551508,CHI Bears	 vs. PHI Eagles,Jihaad Campbell,Jihaad Campbell (PHI),Joueur plaqués totaux (Jihaad Campbell (PHI)) (inclus prolongations),2131,73697,1754032686,PHI|dst:player:491487,4569042094,12+,12+,PHI|dst:player:491487,6.25,0,False
16551508,CHI Bears	 vs. PHI Eagles,Jihaad Campbell,Jihaad Campbell (PHI),Joueur plaqués totaux (Jihaad Campbell (PHI)) (inclus prolongations),2131,73697,1754032686,PHI|dst:player:491487,4569042095,7+,7+,PHI|dst:player:491487,1.6667,0,False
16551508,CHI Bears	 vs. PHI Eagles,Zack Baun,Zack Baun (PHI),Joueur plaqués totaux (Zack Baun (PHI)) (inclus prolongations),2131,73697,1754032688,PHI|dst:player:409915,4569042102,9+,9+,PHI|dst:player:409915,2.3,0,False
16551508,CHI Bears	 vs. PHI Eagles,Zack Baun,Zack Baun (PHI),Joueur plaqués totaux (Zack Baun (PHI)) (inclus prolongations),2131,73697,1754032688,PHI|dst:player:409915,4569042103,10+,10+,PHI|dst:player:409915,2.85,0,False
16551508,CHI Bears	 vs. PHI Eagles,Zack Baun,Zack Baun (PHI),Joueur plaqués totaux (Zack Baun (PHI)) (inclus prolongations),2131,73697,1754032688,PHI|dst:player:409915,4569042104,11+,11+,PHI|dst:player:409915,3.85,0,False
16551508,CHI Bears	 vs. PHI Eagles,Zack Baun,Zack Baun (PHI),Joueur plaqués totaux (Zack Baun (PHI)) (inclus prolongations),2131,73697,1754032688,PHI|dst:player:409915,4569042105,12+,12+,PHI|dst:player:409915,5.5,0,False
16551508,CHI Bears	 vs. PHI Eagles,Zack Baun,Zack Baun (PHI),Joueur plaqués totaux (Zack Baun (PHI)) (inclus prolongations),2131,73697,1754032688,PHI|dst:player:409915,4569042106,13+,13+,PHI|dst:player:409915,8.5,0,False
16551508,CHI Bears	 vs. PHI Eagles,Zack Baun,Zack Baun (PHI),Joueur plaqués totaux (Zack Baun (PHI)) (inclus prolongations),2131,73697,1754032688,PHI|dst:player:409915,4569042107,8+,8+,PHI|dst:player:409915,1.6897,0,False
16551508,CHI Bears	 vs. PHI Eagles,Tariq Woolen,Tariq Woolen (PHI),Player total interceptions (Tariq Woolen (PHI)) (incl. OT),2251,73701,1754033361,PHI|dst:player:540860,4569043717,1+,1+,PHI|dst:player:540860,6.25,0,False
16551508,CHI Bears	 vs. PHI Eagles,Tariq Woolen,Tariq Woolen (PHI),Player total interceptions (Tariq Woolen (PHI)) (incl. OT),2251,73701,1754033361,PHI|dst:player:540860,4569043718,2+,2+,PHI|dst:player:540860,18.0,0,False
16551508,CHI Bears	 vs. PHI Eagles,Cooper DeJean,Cooper DeJean (PHI),Player total interceptions (Cooper DeJean (PHI)) (incl. OT),2251,73701,1754033197,PHI|dst:player:430748,4569043316,1+,1+,PHI|dst:player:430748,6.5,0,False
16551508,CHI Bears	 vs. PHI Eagles,Cooper DeJean,Cooper DeJean (PHI),Player total interceptions (Cooper DeJean (PHI)) (incl. OT),2251,73701,1754033197,PHI|dst:player:430748,4569043317,2+,2+,PHI|dst:player:430748,18.0,0,False
16551508,CHI Bears	 vs. PHI Eagles,Quinyon Mitchell,Quinyon Mitchell (PHI),Player total interceptions (Quinyon Mitchell (PHI)) (incl. OT),2251,73701,1754033358,PHI|dst:player:431865,4569043712,2+,2+,PHI|dst:player:431865,18.0,0,False
16551508,CHI Bears	 vs. PHI Eagles,Quinyon Mitchell,Quinyon Mitchell (PHI),Player total interceptions (Quinyon Mitchell (PHI)) (incl. OT),2251,73701,1754033358,PHI|dst:player:431865,4569043711,1+,1+,PHI|dst:player:431865,6.5,0,False
16551508,CHI Bears	 vs. PHI Eagles,Andrew Mukuba,Andrew Mukuba (PHI),Player total interceptions (Andrew Mukuba (PHI)) (incl. OT),2251,73701,1754033360,PHI|dst:player:498547,4569043715,1+,1+,PHI|dst:player:498547,7.25,0,False
16551508,CHI Bears	 vs. PHI Eagles,Andrew Mukuba,Andrew Mukuba (PHI),Player total interceptions (Andrew Mukuba (PHI)) (incl. OT),2251,73701,1754033360,PHI|dst:player:498547,4569043716,2+,2+,PHI|dst:player:498547,18.0,0,False
16551508,CHI Bears	 vs. PHI Eagles,Jaylon Johnson,Jaylon Johnson (CHI),Player total interceptions (Jaylon Johnson (CHI)) (incl. OT),2251,73701,1754033531,CHI|dst:player:242613,4569044558,1+,1+,CHI|dst:player:242613,10.0,0,False
16551508,CHI Bears	 vs. PHI Eagles,Jaylon Johnson,Jaylon Johnson (CHI),Player total interceptions (Jaylon Johnson (CHI)) (incl. OT),2251,73701,1754033531,CHI|dst:player:242613,4569044559,2+,2+,CHI|dst:player:242613,20.0,0,False
16551508,CHI Bears	 vs. PHI Eagles,Marcus Epps,Marcus Epps (PHI),Player total interceptions (Marcus Epps (PHI)) (incl. OT),2251,73701,1754033357,PHI|dst:player:272237,4569043709,1+,1+,PHI|dst:player:272237,11.0,0,False
16551508,CHI Bears	 vs. PHI Eagles,Marcus Epps,Marcus Epps (PHI),Player total interceptions (Marcus Epps (PHI)) (incl. OT),2251,73701,1754033357,PHI|dst:player:272237,4569043710,2+,2+,PHI|dst:player:272237,15.0,0,False
16551508,CHI Bears	 vs. PHI Eagles,Zack Baun,Zack Baun (PHI),Player total interceptions (Zack Baun (PHI)) (incl. OT),2251,73701,1754033198,PHI|dst:player:409915,4569043318,1+,1+,PHI|dst:player:409915,11.0,0,False
16551508,CHI Bears	 vs. PHI Eagles,Zack Baun,Zack Baun (PHI),Player total interceptions (Zack Baun (PHI)) (incl. OT),2251,73701,1754033198,PHI|dst:player:409915,4569043319,2+,2+,PHI|dst:player:409915,20.0,0,False
16551508,CHI Bears	 vs. PHI Eagles,Cam Lewis,Cam Lewis (CHI),Player total interceptions (Cam Lewis (CHI)) (incl. OT),2251,73701,1754033362,CHI|dst:player:540842,4569043720,2+,2+,CHI|dst:player:540842,15.0,0,False
16551508,CHI Bears	 vs. PHI Eagles,Cam Lewis,Cam Lewis (CHI),Player total interceptions (Cam Lewis (CHI)) (incl. OT),2251,73701,1754033362,CHI|dst:player:540842,4569043719,1+,1+,CHI|dst:player:540842,12.0,0,False
16551508,CHI Bears	 vs. PHI Eagles,Dillon Thieneman,Dillon Thieneman (CHI),Player total interceptions (Dillon Thieneman (CHI)) (incl. OT),2251,73701,1754033359,CHI|dst:player:549122,4569043713,1+,1+,CHI|dst:player:549122,12.0,0,False
16551508,CHI Bears	 vs. PHI Eagles,Dillon Thieneman,Dillon Thieneman (CHI),Player total interceptions (Dillon Thieneman (CHI)) (incl. OT),2251,73701,1754033359,CHI|dst:player:549122,4569043714,2+,2+,CHI|dst:player:549122,15.0,0,False
16551345,CLE Browns vs. PIT Steelers,Jaylen Warren,Jaylen Warren (PIT),Total de Touchdowns du joueur (Incl. Prolongations) (Jaylen Warren (PIT)),2145,72900,1754087252,PIT|dst:player:309419,4569200899,1+,1+,PIT|dst:player:309419,1.9091,0,False
16551345,CLE Browns vs. PIT Steelers,Jaylen Warren,Jaylen Warren (PIT),Total de Touchdowns du joueur (Incl. Prolongations) (Jaylen Warren (PIT)),2145,72900,1754087252,PIT|dst:player:309419,4569200900,2+,2+,PIT|dst:player:309419,5.5,0,False
16551345,CLE Browns vs. PIT Steelers,Jaylen Warren,Jaylen Warren (PIT),Total de Touchdowns du joueur (Incl. Prolongations) (Jaylen Warren (PIT)),2145,72900,1754087252,PIT|dst:player:309419,4569200901,3+,3+,PIT|dst:player:309419,26.0,0,False
16551345,CLE Browns vs. PIT Steelers,Quinshon Judkins,Quinshon Judkins (CLE),Total de Touchdowns du joueur (Incl. Prolongations) (Quinshon Judkins (CLE)),2145,72900,1754087561,CLE|dst:player:510187,4569201696,2+,2+,CLE|dst:player:510187,6.5,0,False
16551345,CLE Browns vs. PIT Steelers,Quinshon Judkins,Quinshon Judkins (CLE),Total de Touchdowns du joueur (Incl. Prolongations) (Quinshon Judkins (CLE)),2145,72900,1754087561,CLE|dst:player:510187,4569201697,3+,3+,CLE|dst:player:510187,31.0,0,False
16551345,CLE Browns vs. PIT Steelers,Quinshon Judkins,Quinshon Judkins (CLE),Total de Touchdowns du joueur (Incl. Prolongations) (Quinshon Judkins (CLE)),2145,72900,1754087561,CLE|dst:player:510187,4569201695,1+,1+,CLE|dst:player:510187,2.1,0,False
16551345,CLE Browns vs. PIT Steelers,Rico Dowdle,Rico Dowdle (PIT),Total de Touchdowns du joueur (Incl. Prolongations) (Rico Dowdle (PIT)),2145,72900,1754087563,PIT|dst:player:540768,4569201701,1+,1+,PIT|dst:player:540768,2.3,0,False
16551345,CLE Browns vs. PIT Steelers,Rico Dowdle,Rico Dowdle (PIT),Total de Touchdowns du joueur (Incl. Prolongations) (Rico Dowdle (PIT)),2145,72900,1754087563,PIT|dst:player:540768,4569201702,2+,2+,PIT|dst:player:540768,7.5,0,False
16551345,CLE Browns vs. PIT Steelers,Rico Dowdle,Rico Dowdle (PIT),Total de Touchdowns du joueur (Incl. Prolongations) (Rico Dowdle (PIT)),2145,72900,1754087563,PIT|dst:player:540768,4569201703,3+,3+,PIT|dst:player:540768,41.0,0,False
16551345,CLE Browns vs. PIT Steelers,D.K. Metcalf,D.K. Metcalf (PIT),Total de Touchdowns du joueur (Incl. Prolongations) (D.K. Metcalf (PIT)),2145,72900,1754087259,PIT|dst:player:476259,4569200920,1+,1+,PIT|dst:player:476259,2.7,0,False
16551345,CLE Browns vs. PIT Steelers,D.K. Metcalf,D.K. Metcalf (PIT),Total de Touchdowns du joueur (Incl. Prolongations) (D.K. Metcalf (PIT)),2145,72900,1754087259,PIT|dst:player:476259,4569200921,2+,2+,PIT|dst:player:476259,10.0,0,False
16551345,CLE Browns vs. PIT Steelers,D.K. Metcalf,D.K. Metcalf (PIT),Total de Touchdowns du joueur (Incl. Prolongations) (D.K. Metcalf (PIT)),2145,72900,1754087259,PIT|dst:player:476259,4569200922,3+,3+,PIT|dst:player:476259,71.0,0,False
16551345,CLE Browns vs. PIT Steelers,Harold Fannin,Harold Fannin (CLE),Total de Touchdowns du joueur (Incl. Prolongations) (Harold Fannin (CLE)),2145,72900,1754087339,CLE|dst:player:485137,4569201144,1+,1+,CLE|dst:player:485137,3.5,0,False
16551345,CLE Browns vs. PIT Steelers,Harold Fannin,Harold Fannin (CLE),Total de Touchdowns du joueur (Incl. Prolongations) (Harold Fannin (CLE)),2145,72900,1754087339,CLE|dst:player:485137,4569201145,2+,2+,CLE|dst:player:485137,18.0,0,False
16551345,CLE Browns vs. PIT Steelers,Harold Fannin,Harold Fannin (CLE),Total de Touchdowns du joueur (Incl. Prolongations) (Harold Fannin (CLE)),2145,72900,1754087339,CLE|dst:player:485137,4569201146,3+,3+,CLE|dst:player:485137,101.0,0,False
16551345,CLE Browns vs. PIT Steelers,Denzel Boston,Denzel Boston (CLE),Total de Touchdowns du joueur (Incl. Prolongations) (Denzel Boston (CLE)),2145,72900,1754087595,CLE|dst:player:546454,4569201771,1+,1+,CLE|dst:player:546454,3.75,0,False
16551345,CLE Browns vs. PIT Steelers,Denzel Boston,Denzel Boston (CLE),Total de Touchdowns du joueur (Incl. Prolongations) (Denzel Boston (CLE)),2145,72900,1754087595,CLE|dst:player:546454,4569201772,2+,2+,CLE|dst:player:546454,20.0,0,False
16551345,CLE Browns vs. PIT Steelers,Denzel Boston,Denzel Boston (CLE),Total de Touchdowns du joueur (Incl. Prolongations) (Denzel Boston (CLE)),2145,72900,1754087595,CLE|dst:player:546454,4569201773,3+,3+,CLE|dst:player:546454,101.0,0,False
16551345,CLE Browns vs. PIT Steelers,KC Concepcion,KC Concepcion (CLE),Total de Touchdowns du joueur (Incl. Prolongations) (KC Concepcion (CLE)),2145,72900,1754087683,CLE|dst:player:549318,4569201962,1+,1+,CLE|dst:player:549318,4.0,0,False
16551345,CLE Browns vs. PIT Steelers,KC Concepcion,KC Concepcion (CLE),Total de Touchdowns du joueur (Incl. Prolongations) (KC Concepcion (CLE)),2145,72900,1754087683,CLE|dst:player:549318,4569201963,2+,2+,CLE|dst:player:549318,26.0,0,False
16551345,CLE Browns vs. PIT Steelers,KC Concepcion,KC Concepcion (CLE),Total de Touchdowns du joueur (Incl. Prolongations) (KC Concepcion (CLE)),2145,72900,1754087683,CLE|dst:player:549318,4569201964,3+,3+,CLE|dst:player:549318,101.0,0,False
16551345,CLE Browns vs. PIT Steelers,Pat Freiermuth,Pat Freiermuth (PIT),Total de Touchdowns du joueur (Incl. Prolongations) (Pat Freiermuth (PIT)),2145,72900,1754087251,PIT|dst:player:264182,4569200896,1+,1+,PIT|dst:player:264182,4.0,0,False
16551345,CLE Browns vs. PIT Steelers,Pat Freiermuth,Pat Freiermuth (PIT),Total de Touchdowns du joueur (Incl. Prolongations) (Pat Freiermuth (PIT)),2145,72900,1754087251,PIT|dst:player:264182,4569200897,2+,2+,PIT|dst:player:264182,26.0,0,False
16551345,CLE Browns vs. PIT Steelers,Pat Freiermuth,Pat Freiermuth (PIT),Total de Touchdowns du joueur (Incl. Prolongations) (Pat Freiermuth (PIT)),2145,72900,1754087251,PIT|dst:player:264182,4569200898,3+,3+,PIT|dst:player:264182,101.0,0,False
16551345,CLE Browns vs. PIT Steelers,Michael Pittman Jr.,Michael Pittman Jr. (PIT),Total de Touchdowns du joueur (Incl. Prolongations) (Michael Pittman Jr. (PIT)),2145,72900,1754087562,PIT|dst:player:540766,4569201698,1+,1+,PIT|dst:player:540766,4.0,0,False
16551345,CLE Browns vs. PIT Steelers,Michael Pittman Jr.,Michael Pittman Jr. (PIT),Total de Touchdowns du joueur (Incl. Prolongations) (Michael Pittman Jr. (PIT)),2145,72900,1754087562,PIT|dst:player:540766,4569201699,2+,2+,PIT|dst:player:540766,26.0,0,False
16551345,CLE Browns vs. PIT Steelers,Michael Pittman Jr.,Michael Pittman Jr. (PIT),Total de Touchdowns du joueur (Incl. Prolongations) (Michael Pittman Jr. (PIT)),2145,72900,1754087562,PIT|dst:player:540766,4569201700,3+,3+,PIT|dst:player:540766,101.0,0,False
16551345,CLE Browns vs. PIT Steelers,Deshaun Watson,Deshaun Watson (CLE),Total de Touchdowns du joueur (Incl. Prolongations) (Deshaun Watson (CLE)),2145,72900,1754087253,CLE|dst:player:355898,4569200904,3+,3+,CLE|dst:player:355898,151.0,0,False
16551345,CLE Browns vs. PIT Steelers,Deshaun Watson,Deshaun Watson (CLE),Total de Touchdowns du joueur (Incl. Prolongations) (Deshaun Watson (CLE)),2145,72900,1754087253,CLE|dst:player:355898,4569200902,1+,1+,CLE|dst:player:355898,4.5,0,False
16551345,CLE Browns vs. PIT Steelers,Deshaun Watson,Deshaun Watson (CLE),Total de Touchdowns du joueur (Incl. Prolongations) (Deshaun Watson (CLE)),2145,72900,1754087253,CLE|dst:player:355898,4569200903,2+,2+,CLE|dst:player:355898,31.0,0,False
16551345,CLE Browns vs. PIT Steelers,Roman Wilson,Roman Wilson (PIT),Total de Touchdowns du joueur (Incl. Prolongations) (Roman Wilson (PIT)),2145,72900,1754087256,PIT|dst:player:430018,4569200912,2+,2+,PIT|dst:player:430018,36.0,0,False
16551345,CLE Browns vs. PIT Steelers,Roman Wilson,Roman Wilson (PIT),Total de Touchdowns du joueur (Incl. Prolongations) (Roman Wilson (PIT)),2145,72900,1754087256,PIT|dst:player:430018,4569200913,3+,3+,PIT|dst:player:430018,151.0,0,False
16551345,CLE Browns vs. PIT Steelers,Roman Wilson,Roman Wilson (PIT),Total de Touchdowns du joueur (Incl. Prolongations) (Roman Wilson (PIT)),2145,72900,1754087256,PIT|dst:player:430018,4569200911,1+,1+,PIT|dst:player:430018,5.0,0,False
16551345,CLE Browns vs. PIT Steelers,Raheim Sanders,Raheim Sanders (CLE),Total de Touchdowns du joueur (Incl. Prolongations) (Raheim Sanders (CLE)),2145,72900,1754087455,CLE|dst:player:506484,4569201434,1+,1+,CLE|dst:player:506484,5.5,0,False
16551345,CLE Browns vs. PIT Steelers,Raheim Sanders,Raheim Sanders (CLE),Total de Touchdowns du joueur (Incl. Prolongations) (Raheim Sanders (CLE)),2145,72900,1754087455,CLE|dst:player:506484,4569201435,2+,2+,CLE|dst:player:506484,36.0,0,False
16551345,CLE Browns vs. PIT Steelers,Raheim Sanders,Raheim Sanders (CLE),Total de Touchdowns du joueur (Incl. Prolongations) (Raheim Sanders (CLE)),2145,72900,1754087455,CLE|dst:player:506484,4569201436,3+,3+,CLE|dst:player:506484,201.0,0,False
16551345,CLE Browns vs. PIT Steelers,Darnell Washington,Darnell Washington (PIT),Total de Touchdowns du joueur (Incl. Prolongations) (Darnell Washington (PIT)),2145,72900,1754087254,PIT|dst:player:374493,4569200905,1+,1+,PIT|dst:player:374493,6.0,0,False
16551345,CLE Browns vs. PIT Steelers,Darnell Washington,Darnell Washington (PIT),Total de Touchdowns du joueur (Incl. Prolongations) (Darnell Washington (PIT)),2145,72900,1754087254,PIT|dst:player:374493,4569200906,2+,2+,PIT|dst:player:374493,41.0,0,False
16551345,CLE Browns vs. PIT Steelers,Darnell Washington,Darnell Washington (PIT),Total de Touchdowns du joueur (Incl. Prolongations) (Darnell Washington (PIT)),2145,72900,1754087254,PIT|dst:player:374493,4569200907,3+,3+,PIT|dst:player:374493,201.0,0,False
16551345,CLE Browns vs. PIT Steelers,Germie Bernard,Germie Bernard (PIT),Total de Touchdowns du joueur (Incl. Prolongations) (Germie Bernard (PIT)),2145,72900,1754087653,PIT|dst:player:547481,4569201896,1+,1+,PIT|dst:player:547481,6.5,0,False
16551345,CLE Browns vs. PIT Steelers,Germie Bernard,Germie Bernard (PIT),Total de Touchdowns du joueur (Incl. Prolongations) (Germie Bernard (PIT)),2145,72900,1754087653,PIT|dst:player:547481,4569201897,2+,2+,PIT|dst:player:547481,41.0,0,False
16551345,CLE Browns vs. PIT Steelers,Germie Bernard,Germie Bernard (PIT),Total de Touchdowns du joueur (Incl. Prolongations) (Germie Bernard (PIT)),2145,72900,1754087653,PIT|dst:player:547481,4569201898,3+,3+,PIT|dst:player:547481,201.0,0,False
16551345,CLE Browns vs. PIT Steelers,Jerry Jeudy,Jerry Jeudy (CLE),Total de Touchdowns du joueur (Incl. Prolongations) (Jerry Jeudy (CLE)),2145,72900,1754087255,CLE|dst:player:409718,4569200908,1+,1+,CLE|dst:player:409718,7.0,0,False
16551345,CLE Browns vs. PIT Steelers,Jerry Jeudy,Jerry Jeudy (CLE),Total de Touchdowns du joueur (Incl. Prolongations) (Jerry Jeudy (CLE)),2145,72900,1754087255,CLE|dst:player:409718,4569200909,2+,2+,CLE|dst:player:409718,51.0,0,False
16551345,CLE Browns vs. PIT Steelers,Jerry Jeudy,Jerry Jeudy (CLE),Total de Touchdowns du joueur (Incl. Prolongations) (Jerry Jeudy (CLE)),2145,72900,1754087255,CLE|dst:player:409718,4569200910,3+,3+,CLE|dst:player:409718,201.0,0,False
16551345,CLE Browns vs. PIT Steelers,Travis Homer,Travis Homer (PIT),Total de Touchdowns du joueur (Incl. Prolongations) (Travis Homer (PIT)),2145,72900,1754087565,PIT|dst:player:541834,4569201707,1+,1+,PIT|dst:player:541834,8.5,0,False
16551345,CLE Browns vs. PIT Steelers,Travis Homer,Travis Homer (PIT),Total de Touchdowns du joueur (Incl. Prolongations) (Travis Homer (PIT)),2145,72900,1754087565,PIT|dst:player:541834,4569201708,2+,2+,PIT|dst:player:541834,61.0,0,False
16551345,CLE Browns vs. PIT Steelers,Travis Homer,Travis Homer (PIT),Total de Touchdowns du joueur (Incl. Prolongations) (Travis Homer (PIT)),2145,72900,1754087565,PIT|dst:player:541834,4569201709,3+,3+,PIT|dst:player:541834,201.0,0,False
16551345,CLE Browns vs. PIT Steelers,Blake Whiteheart,Blake Whiteheart (CLE),Total de Touchdowns du joueur (Incl. Prolongations) (Blake Whiteheart (CLE)),2145,72900,1754087258,CLE|dst:player:451399,4569200917,1+,1+,CLE|dst:player:451399,10.0,0,False
16551345,CLE Browns vs. PIT Steelers,Blake Whiteheart,Blake Whiteheart (CLE),Total de Touchdowns du joueur (Incl. Prolongations) (Blake Whiteheart (CLE)),2145,72900,1754087258,CLE|dst:player:451399,4569200918,2+,2+,CLE|dst:player:451399,81.0,0,False
16551345,CLE Browns vs. PIT Steelers,Blake Whiteheart,Blake Whiteheart (CLE),Total de Touchdowns du joueur (Incl. Prolongations) (Blake Whiteheart (CLE)),2145,72900,1754087258,CLE|dst:player:451399,4569200919,3+,3+,CLE|dst:player:451399,201.0,0,False
16551345,CLE Browns vs. PIT Steelers,Lew Nichols,Lew Nichols (PIT),Total de Touchdowns du joueur (Incl. Prolongations) (Lew Nichols (PIT)),2145,72900,1754087453,PIT|dst:player:500352,4569201428,1+,1+,PIT|dst:player:500352,10.0,0,False
16551345,CLE Browns vs. PIT Steelers,Lew Nichols,Lew Nichols (PIT),Total de Touchdowns du joueur (Incl. Prolongations) (Lew Nichols (PIT)),2145,72900,1754087453,PIT|dst:player:500352,4569201429,2+,2+,PIT|dst:player:500352,81.0,0,False
16551345,CLE Browns vs. PIT Steelers,Lew Nichols,Lew Nichols (PIT),Total de Touchdowns du joueur (Incl. Prolongations) (Lew Nichols (PIT)),2145,72900,1754087453,PIT|dst:player:500352,4569201430,3+,3+,PIT|dst:player:500352,201.0,0,False
16551345,CLE Browns vs. PIT Steelers,Isaiah Bond,Isaiah Bond (CLE),Total de Touchdowns du joueur (Incl. Prolongations) (Isaiah Bond (CLE)),2145,72900,1754087454,CLE|dst:player:504324,4569201432,2+,2+,CLE|dst:player:504324,91.0,0,False
16551345,CLE Browns vs. PIT Steelers,Isaiah Bond,Isaiah Bond (CLE),Total de Touchdowns du joueur (Incl. Prolongations) (Isaiah Bond (CLE)),2145,72900,1754087454,CLE|dst:player:504324,4569201433,3+,3+,CLE|dst:player:504324,251.0,0,False
16551345,CLE Browns vs. PIT Steelers,Isaiah Bond,Isaiah Bond (CLE),Total de Touchdowns du joueur (Incl. Prolongations) (Isaiah Bond (CLE)),2145,72900,1754087454,CLE|dst:player:504324,4569201431,1+,1+,CLE|dst:player:504324,12.0,0,False
16551345,CLE Browns vs. PIT Steelers,Malachi Corley,Malachi Corley (CLE),Total de Touchdowns du joueur (Incl. Prolongations) (Malachi Corley (CLE)),2145,72900,1754087560,CLE|dst:player:506485,4569201692,1+,1+,CLE|dst:player:506485,12.0,0,False
16551345,CLE Browns vs. PIT Steelers,Malachi Corley,Malachi Corley (CLE),Total de Touchdowns du joueur (Incl. Prolongations) (Malachi Corley (CLE)),2145,72900,1754087560,CLE|dst:player:506485,4569201693,2+,2+,CLE|dst:player:506485,91.0,0,False
16551345,CLE Browns vs. PIT Steelers,Malachi Corley,Malachi Corley (CLE),Total de Touchdowns du joueur (Incl. Prolongations) (Malachi Corley (CLE)),2145,72900,1754087560,CLE|dst:player:506485,4569201694,3+,3+,CLE|dst:player:506485,251.0,0,False
16551345,CLE Browns vs. PIT Steelers,Tylan Wallace,Tylan Wallace (CLE),Total de Touchdowns du joueur (Incl. Prolongations) (Tylan Wallace (CLE)),2145,72900,1754087564,CLE|dst:player:541340,4569201704,1+,1+,CLE|dst:player:541340,12.0,0,False
16551345,CLE Browns vs. PIT Steelers,Tylan Wallace,Tylan Wallace (CLE),Total de Touchdowns du joueur (Incl. Prolongations) (Tylan Wallace (CLE)),2145,72900,1754087564,CLE|dst:player:541340,4569201705,2+,2+,CLE|dst:player:541340,91.0,0,False
16551345,CLE Browns vs. PIT Steelers,Tylan Wallace,Tylan Wallace (CLE),Total de Touchdowns du joueur (Incl. Prolongations) (Tylan Wallace (CLE)),2145,72900,1754087564,CLE|dst:player:541340,4569201706,3+,3+,CLE|dst:player:541340,251.0,0,False
16551345,CLE Browns vs. PIT Steelers,Jaleel McLaughlin,Jaleel McLaughlin (CLE),Total de Touchdowns du joueur (Incl. Prolongations) (Jaleel McLaughlin (CLE)),2145,72900,1754087684,CLE|dst:player:570674,4569201965,1+,1+,CLE|dst:player:570674,12.0,0,False
16551345,CLE Browns vs. PIT Steelers,Jaleel McLaughlin,Jaleel McLaughlin (CLE),Total de Touchdowns du joueur (Incl. Prolongations) (Jaleel McLaughlin (CLE)),2145,72900,1754087684,CLE|dst:player:570674,4569201966,2+,2+,CLE|dst:player:570674,91.0,0,False
16551345,CLE Browns vs. PIT Steelers,Jaleel McLaughlin,Jaleel McLaughlin (CLE),Total de Touchdowns du joueur (Incl. Prolongations) (Jaleel McLaughlin (CLE)),2145,72900,1754087684,CLE|dst:player:570674,4569201967,3+,3+,CLE|dst:player:570674,251.0,0,False
16551345,CLE Browns vs. PIT Steelers,Aaron Rodgers,Aaron Rodgers (PIT),Total de Touchdowns du joueur (Incl. Prolongations) (Aaron Rodgers (PIT)),2145,72900,1754087452,PIT|dst:player:490761,4569201425,1+,1+,PIT|dst:player:490761,12.0,0,False
16551345,CLE Browns vs. PIT Steelers,Aaron Rodgers,Aaron Rodgers (PIT),Total de Touchdowns du joueur (Incl. Prolongations) (Aaron Rodgers (PIT)),2145,72900,1754087452,PIT|dst:player:490761,4569201426,2+,2+,PIT|dst:player:490761,91.0,0,False
16551345,CLE Browns vs. PIT Steelers,Aaron Rodgers,Aaron Rodgers (PIT),Total de Touchdowns du joueur (Incl. Prolongations) (Aaron Rodgers (PIT)),2145,72900,1754087452,PIT|dst:player:490761,4569201427,3+,3+,PIT|dst:player:490761,251.0,0,False
16551345,CLE Browns vs. PIT Steelers,Ben Skowronek,Ben Skowronek (PIT),Total de Touchdowns du joueur (Incl. Prolongations) (Ben Skowronek (PIT)),2145,72900,1754087257,PIT|dst:player:450986,4569200914,1+,1+,PIT|dst:player:450986,15.0,0,False
16551345,CLE Browns vs. PIT Steelers,Ben Skowronek,Ben Skowronek (PIT),Total de Touchdowns du joueur (Incl. Prolongations) (Ben Skowronek (PIT)),2145,72900,1754087257,PIT|dst:player:450986,4569200915,2+,2+,PIT|dst:player:450986,101.0,0,False
16551345,CLE Browns vs. PIT Steelers,Ben Skowronek,Ben Skowronek (PIT),Total de Touchdowns du joueur (Incl. Prolongations) (Ben Skowronek (PIT)),2145,72900,1754087257,PIT|dst:player:450986,4569200916,3+,3+,PIT|dst:player:450986,251.0,0,False
16551345,CLE Browns vs. PIT Steelers,Kaden Wetjen,Kaden Wetjen (PIT),Total de Touchdowns du joueur (Incl. Prolongations) (Kaden Wetjen (PIT)),2145,72900,1754087594,PIT|dst:player:546499,4569201768,1+,1+,PIT|dst:player:546499,15.0,0,False
16551345,CLE Browns vs. PIT Steelers,Kaden Wetjen,Kaden Wetjen (PIT),Total de Touchdowns du joueur (Incl. Prolongations) (Kaden Wetjen (PIT)),2145,72900,1754087594,PIT|dst:player:546499,4569201769,2+,2+,PIT|dst:player:546499,101.0,0,False
16551345,CLE Browns vs. PIT Steelers,Kaden Wetjen,Kaden Wetjen (PIT),Total de Touchdowns du joueur (Incl. Prolongations) (Kaden Wetjen (PIT)),2145,72900,1754087594,PIT|dst:player:546499,4569201770,3+,3+,PIT|dst:player:546499,251.0,0,False
16551345,CLE Browns vs. PIT Steelers,Michael Burton,Michael Burton (CLE),Total de Touchdowns du joueur (Incl. Prolongations) (Michael Burton (CLE)),2145,72900,1754087566,CLE|dst:player:545686,4569201712,3+,3+,CLE|dst:player:545686,251.0,0,False
16551345,CLE Browns vs. PIT Steelers,Michael Burton,Michael Burton (CLE),Total de Touchdowns du joueur (Incl. Prolongations) (Michael Burton (CLE)),2145,72900,1754087566,CLE|dst:player:545686,4569201710,1+,1+,CLE|dst:player:545686,18.0,0,False
16551345,CLE Browns vs. PIT Steelers,Michael Burton,Michael Burton (CLE),Total de Touchdowns du joueur (Incl. Prolongations) (Michael Burton (CLE)),2145,72900,1754087566,CLE|dst:player:545686,4569201711,2+,2+,CLE|dst:player:545686,101.0,0,False
16551345,CLE Browns vs. PIT Steelers,Carsen Ryan,Carsen Ryan (CLE),Total de Touchdowns du joueur (Incl. Prolongations) (Carsen Ryan (CLE)),2145,72900,1754087593,CLE|dst:player:546453,4569201765,1+,1+,CLE|dst:player:546453,18.0,0,False
16551345,CLE Browns vs. PIT Steelers,Carsen Ryan,Carsen Ryan (CLE),Total de Touchdowns du joueur (Incl. Prolongations) (Carsen Ryan (CLE)),2145,72900,1754087593,CLE|dst:player:546453,4569201766,2+,2+,CLE|dst:player:546453,101.0,0,False
16551345,CLE Browns vs. PIT Steelers,Carsen Ryan,Carsen Ryan (CLE),Total de Touchdowns du joueur (Incl. Prolongations) (Carsen Ryan (CLE)),2145,72900,1754087593,CLE|dst:player:546453,4569201767,3+,3+,CLE|dst:player:546453,251.0,0,False
16551345,CLE Browns vs. PIT Steelers,Riley Nowakowski,Riley Nowakowski (PIT),Total de Touchdowns du joueur (Incl. Prolongations) (Riley Nowakowski (PIT)),2145,72900,1754087652,PIT|dst:player:546664,4569201893,1+,1+,PIT|dst:player:546664,20.0,0,False
16551345,CLE Browns vs. PIT Steelers,Riley Nowakowski,Riley Nowakowski (PIT),Total de Touchdowns du joueur (Incl. Prolongations) (Riley Nowakowski (PIT)),2145,72900,1754087652,PIT|dst:player:546664,4569201894,2+,2+,PIT|dst:player:546664,101.0,0,False
16551345,CLE Browns vs. PIT Steelers,Riley Nowakowski,Riley Nowakowski (PIT),Total de Touchdowns du joueur (Incl. Prolongations) (Riley Nowakowski (PIT)),2145,72900,1754087652,PIT|dst:player:546664,4569201895,3+,3+,PIT|dst:player:546664,251.0,0,False
16551345,CLE Browns vs. PIT Steelers,Robert Tonyan,Robert Tonyan (PIT),Total de Touchdowns du joueur (Incl. Prolongations) (Robert Tonyan (PIT)),2145,72900,1754087682,PIT|dst:player:549065,4569201960,2+,2+,PIT|dst:player:549065,101.0,0,False
16551345,CLE Browns vs. PIT Steelers,Robert Tonyan,Robert Tonyan (PIT),Total de Touchdowns du joueur (Incl. Prolongations) (Robert Tonyan (PIT)),2145,72900,1754087682,PIT|dst:player:549065,4569201961,3+,3+,PIT|dst:player:549065,251.0,0,False
16551345,CLE Browns vs. PIT Steelers,Robert Tonyan,Robert Tonyan (PIT),Total de Touchdowns du joueur (Incl. Prolongations) (Robert Tonyan (PIT)),2145,72900,1754087682,PIT|dst:player:549065,4569201959,1+,1+,PIT|dst:player:549065,20.0,0,False
16551345,CLE Browns vs. PIT Steelers,Aaron Rodgers,Aaron Rodgers (PIT),Total de yards à la passe du joueur Plus/Moins(Incl. Prolongations),759,71922,1754246727,214.5|sa:player:nfl-213957|PIT,4569590181,Aaron Rodgers (PIT) Plus de 214.5,Aaron Rodgers (PIT) Plus de 214.5,214.5,1.8334,0,False
16551345,CLE Browns vs. PIT Steelers,Aaron Rodgers,Aaron Rodgers (PIT),Total de yards à la passe du joueur Plus/Moins(Incl. Prolongations),759,71922,1754246727,214.5|sa:player:nfl-213957|PIT,4569590182,Aaron Rodgers (PIT) moins de 214.5,Aaron Rodgers (PIT) moins de 214.5,214.5,1.8,0,False
16551345,CLE Browns vs. PIT Steelers,Deshaun Watson,Deshaun Watson (CLE),Total de yards à la passe du joueur Plus/Moins(Incl. Prolongations),759,71922,1754238630,185.5|sa:player:nfl-828743|CLE,4569569500,Deshaun Watson (CLE) Plus de 185.5,Deshaun Watson (CLE) Plus de 185.5,185.5,1.8334,0,False
16551345,CLE Browns vs. PIT Steelers,Deshaun Watson,Deshaun Watson (CLE),Total de yards à la passe du joueur Plus/Moins(Incl. Prolongations),759,71922,1754238630,185.5|sa:player:nfl-828743|CLE,4569569501,Deshaun Watson (CLE) moins de 185.5,Deshaun Watson (CLE) moins de 185.5,185.5,1.8,0,False
16551345,CLE Browns vs. PIT Steelers,Jaylen Warren,Jaylen Warren (PIT),Total de yards à la course du joueur Plus/Moins (Incl. Prolongations),764,71924,1754247907,64.5|sa:player:nfl-1176443|PIT,4569592962,Jaylen Warren (PIT) Plus de 64.5,Jaylen Warren (PIT) Plus de 64.5,64.5,1.8334,0,False
16551345,CLE Browns vs. PIT Steelers,Jaylen Warren,Jaylen Warren (PIT),Total de yards à la course du joueur Plus/Moins (Incl. Prolongations),764,71924,1754247907,64.5|sa:player:nfl-1176443|PIT,4569592963,Jaylen Warren (PIT) moins de 64.5,Jaylen Warren (PIT) moins de 64.5,64.5,1.8,0,False
16551345,CLE Browns vs. PIT Steelers,Quinshon Judkins,Quinshon Judkins (CLE),Total de yards à la course du joueur Plus/Moins (Incl. Prolongations),764,71924,1754239296,55.5|sa:player:nfl-1383807|CLE,4569571029,Quinshon Judkins (CLE) Plus de 55.5,Quinshon Judkins (CLE) Plus de 55.5,55.5,1.8,0,False
16551345,CLE Browns vs. PIT Steelers,Quinshon Judkins,Quinshon Judkins (CLE),Total de yards à la course du joueur Plus/Moins (Incl. Prolongations),764,71924,1754239296,55.5|sa:player:nfl-1383807|CLE,4569571030,Quinshon Judkins (CLE) moins de 55.5,Quinshon Judkins (CLE) moins de 55.5,55.5,1.8334,0,False
16551345,CLE Browns vs. PIT Steelers,Deshaun Watson,Deshaun Watson (CLE),Total de yards à la course du joueur Plus/Moins (Incl. Prolongations),764,71924,1754230404,28.5|sa:player:nfl-828743|CLE,4569550502,Deshaun Watson (CLE) Plus de 28.5,Deshaun Watson (CLE) Plus de 28.5,28.5,1.7693,0,False
16551345,CLE Browns vs. PIT Steelers,Deshaun Watson,Deshaun Watson (CLE),Total de yards à la course du joueur Plus/Moins (Incl. Prolongations),764,71924,1754230404,28.5|sa:player:nfl-828743|CLE,4569550503,Deshaun Watson (CLE) moins de 28.5,Deshaun Watson (CLE) moins de 28.5,28.5,1.8696,0,False
16551345,CLE Browns vs. PIT Steelers,Aaron Rodgers,Aaron Rodgers (PIT),Total de yards à la course du joueur Plus/Moins (Incl. Prolongations),764,71924,1753254477,1.5|sa:player:nfl-213957|PIT,4566580538,Aaron Rodgers (PIT) Plus de 1.5,Aaron Rodgers (PIT) Plus de 1.5,1.5,1.8696,0,False
16551345,CLE Browns vs. PIT Steelers,Aaron Rodgers,Aaron Rodgers (PIT),Total de yards à la course du joueur Plus/Moins (Incl. Prolongations),764,71924,1753254477,1.5|sa:player:nfl-213957|PIT,4566580539,Aaron Rodgers (PIT) moins de 1.5,Aaron Rodgers (PIT) moins de 1.5,1.5,1.7693,0,False
16551345,CLE Browns vs. PIT Steelers,Kevin Concepcion,Kevin Concepcion (CLE),Total de yards à la course du joueur Plus/Moins (Incl. Prolongations),764,71924,1753255691,0.5|sa:player:nfl-1441576|CLE,4566582665,Kevin Concepcion (CLE) Plus de 0.5,Kevin Concepcion (CLE) Plus de 0.5,0.5,1.8696,0,False
16551345,CLE Browns vs. PIT Steelers,Kevin Concepcion,Kevin Concepcion (CLE),Total de yards à la course du joueur Plus/Moins (Incl. Prolongations),764,71924,1753255691,0.5|sa:player:nfl-1441576|CLE,4566582666,Kevin Concepcion (CLE) moins de 0.5,Kevin Concepcion (CLE) moins de 0.5,0.5,1.7693,0,False
16551345,CLE Browns vs. PIT Steelers,D.K. Metcalf,D.K. Metcalf (PIT),Total des yards après réception du joueur Plus/Moins(Incl. Prolongations),765,71925,1754247353,40.5|sa:player:nfl-945633|PIT,4569591629,D.K. Metcalf (PIT) Plus de 40.5,D.K. Metcalf (PIT) Plus de 40.5,40.5,1.8,0,False
16551345,CLE Browns vs. PIT Steelers,D.K. Metcalf,D.K. Metcalf (PIT),Total des yards après réception du joueur Plus/Moins(Incl. Prolongations),765,71925,1754247353,40.5|sa:player:nfl-945633|PIT,4569591630,D.K. Metcalf (PIT) moins de 40.5,D.K. Metcalf (PIT) moins de 40.5,40.5,1.8334,0,False
16551345,CLE Browns vs. PIT Steelers,Harold Fannin,Harold Fannin (CLE),Total des yards après réception du joueur Plus/Moins(Incl. Prolongations),765,71925,1754230120,40.5|sa:player:nfl-1394752|CLE,4569549886,Harold Fannin (CLE) Plus de 40.5,Harold Fannin (CLE) Plus de 40.5,40.5,1.8,0,False
16551345,CLE Browns vs. PIT Steelers,Harold Fannin,Harold Fannin (CLE),Total des yards après réception du joueur Plus/Moins(Incl. Prolongations),765,71925,1754230120,40.5|sa:player:nfl-1394752|CLE,4569549887,Harold Fannin (CLE) moins de 40.5,Harold Fannin (CLE) moins de 40.5,40.5,1.8334,0,False
16551345,CLE Browns vs. PIT Steelers,Denzel Boston,Denzel Boston (CLE),Total des yards après réception du joueur Plus/Moins(Incl. Prolongations),765,71925,1754031191,38.5|sa:player:nfl-1379904|CLE,4569038494,Denzel Boston (CLE) Plus de 38.5,Denzel Boston (CLE) Plus de 38.5,38.5,1.8334,0,False
16551345,CLE Browns vs. PIT Steelers,Denzel Boston,Denzel Boston (CLE),Total des yards après réception du joueur Plus/Moins(Incl. Prolongations),765,71925,1754031191,38.5|sa:player:nfl-1379904|CLE,4569038495,Denzel Boston (CLE) moins de 38.5,Denzel Boston (CLE) moins de 38.5,38.5,1.8,0,False
16551345,CLE Browns vs. PIT Steelers,Michael Pittman,Michael Pittman (PIT),Total des yards après réception du joueur Plus/Moins(Incl. Prolongations),765,71925,1753958174,35.5|sa:player:nfl-911348|PIT,4568782611,Michael Pittman (PIT) Plus de 35.5,Michael Pittman (PIT) Plus de 35.5,35.5,1.8,0,False
16551345,CLE Browns vs. PIT Steelers,Michael Pittman,Michael Pittman (PIT),Total des yards après réception du joueur Plus/Moins(Incl. Prolongations),765,71925,1753958174,35.5|sa:player:nfl-911348|PIT,4568782612,Michael Pittman (PIT) moins de 35.5,Michael Pittman (PIT) moins de 35.5,35.5,1.8334,0,False
16551345,CLE Browns vs. PIT Steelers,Kevin Concepcion,Kevin Concepcion (CLE),Total des yards après réception du joueur Plus/Moins(Incl. Prolongations),765,71925,1754118867,33.5|sa:player:nfl-1441576|CLE,4569279808,Kevin Concepcion (CLE) moins de 33.5,Kevin Concepcion (CLE) moins de 33.5,33.5,1.7693,0,False
16551345,CLE Browns vs. PIT Steelers,Kevin Concepcion,Kevin Concepcion (CLE),Total des yards après réception du joueur Plus/Moins(Incl. Prolongations),765,71925,1754118867,33.5|sa:player:nfl-1441576|CLE,4569279807,Kevin Concepcion (CLE) Plus de 33.5,Kevin Concepcion (CLE) Plus de 33.5,33.5,1.8696,0,False
16551345,CLE Browns vs. PIT Steelers,Pat Freiermuth,Pat Freiermuth (PIT),Total des yards après réception du joueur Plus/Moins(Incl. Prolongations),765,71925,1754246041,29.5|sa:player:nfl-1116662|PIT,4569588643,Pat Freiermuth (PIT) Plus de 29.5,Pat Freiermuth (PIT) Plus de 29.5,29.5,1.8334,0,False
16551345,CLE Browns vs. PIT Steelers,Pat Freiermuth,Pat Freiermuth (PIT),Total des yards après réception du joueur Plus/Moins(Incl. Prolongations),765,71925,1754246041,29.5|sa:player:nfl-1116662|PIT,4569588644,Pat Freiermuth (PIT) moins de 29.5,Pat Freiermuth (PIT) moins de 29.5,29.5,1.8,0,False
16551345,CLE Browns vs. PIT Steelers,Jaylen Warren,Jaylen Warren (PIT),Total des yards après réception du joueur Plus/Moins(Incl. Prolongations),765,71925,1754246550,20.5|sa:player:nfl-1176443|PIT,4569589801,Jaylen Warren (PIT) Plus de 20.5,Jaylen Warren (PIT) Plus de 20.5,20.5,1.8696,0,False
16551345,CLE Browns vs. PIT Steelers,Jaylen Warren,Jaylen Warren (PIT),Total des yards après réception du joueur Plus/Moins(Incl. Prolongations),765,71925,1754246550,20.5|sa:player:nfl-1176443|PIT,4569589802,Jaylen Warren (PIT) moins de 20.5,Jaylen Warren (PIT) moins de 20.5,20.5,1.7693,0,False
16551345,CLE Browns vs. PIT Steelers,Darnell Washington,Darnell Washington (PIT),Total des yards après réception du joueur Plus/Moins(Incl. Prolongations),765,71925,1753958259,15.5|sa:player:nfl-1218658|PIT,4568782771,Darnell Washington (PIT) Plus de 15.5,Darnell Washington (PIT) Plus de 15.5,15.5,1.8,0,False
16551345,CLE Browns vs. PIT Steelers,Darnell Washington,Darnell Washington (PIT),Total des yards après réception du joueur Plus/Moins(Incl. Prolongations),765,71925,1753958259,15.5|sa:player:nfl-1218658|PIT,4568782772,Darnell Washington (PIT) moins de 15.5,Darnell Washington (PIT) moins de 15.5,15.5,1.8334,0,False
16551345,CLE Browns vs. PIT Steelers,Jerry Jeudy,Jerry Jeudy (CLE),Total des yards après réception du joueur Plus/Moins(Incl. Prolongations),765,71925,1754158157,13.5|sa:player:nfl-973935|CLE,4569376342,Jerry Jeudy (CLE) Plus de 13.5,Jerry Jeudy (CLE) Plus de 13.5,13.5,1.8334,0,False
16551345,CLE Browns vs. PIT Steelers,Jerry Jeudy,Jerry Jeudy (CLE),Total des yards après réception du joueur Plus/Moins(Incl. Prolongations),765,71925,1754158157,13.5|sa:player:nfl-973935|CLE,4569376343,Jerry Jeudy (CLE) moins de 13.5,Jerry Jeudy (CLE) moins de 13.5,13.5,1.8,0,False
16551345,CLE Browns vs. PIT Steelers,Quinshon Judkins,Quinshon Judkins (CLE),Total des yards après réception du joueur Plus/Moins(Incl. Prolongations),765,71925,1754238976,12.5|sa:player:nfl-1383807|CLE,4569570257,Quinshon Judkins (CLE) Plus de 12.5,Quinshon Judkins (CLE) Plus de 12.5,12.5,1.7693,0,False
16551345,CLE Browns vs. PIT Steelers,Quinshon Judkins,Quinshon Judkins (CLE),Total des yards après réception du joueur Plus/Moins(Incl. Prolongations),765,71925,1754238976,12.5|sa:player:nfl-1383807|CLE,4569570258,Quinshon Judkins (CLE) moins de 12.5,Quinshon Judkins (CLE) moins de 12.5,12.5,1.8696,0,False
16551345,CLE Browns vs. PIT Steelers,Jaylen Warren,Jaylen Warren,Yards de course et de réception du joueur Plus/Moins (prolongations incluses),3317,73841,1754247570,88.5|sa:player:nfl-1176443|PIT,4569592230,Jaylen Warren (PIT) Plus de 88.5,Jaylen Warren (PIT) Plus de 88.5,88.5,1.8334,0,False
16551345,CLE Browns vs. PIT Steelers,Jaylen Warren,Jaylen Warren,Yards de course et de réception du joueur Plus/Moins (prolongations incluses),3317,73841,1754247570,88.5|sa:player:nfl-1176443|PIT,4569592231,Jaylen Warren (PIT) moins de 88.5,Jaylen Warren (PIT) moins de 88.5,88.5,1.8,0,False
16551345,CLE Browns vs. PIT Steelers,Quinshon Judkins,Quinshon Judkins,Yards de course et de réception du joueur Plus/Moins (prolongations incluses),3317,73841,1754231010,72.5|sa:player:nfl-1383807|CLE,4569551929,Quinshon Judkins (CLE) Plus de 72.5,Quinshon Judkins (CLE) Plus de 72.5,72.5,1.8334,0,False
16551345,CLE Browns vs. PIT Steelers,Quinshon Judkins,Quinshon Judkins,Yards de course et de réception du joueur Plus/Moins (prolongations incluses),3317,73841,1754231010,72.5|sa:player:nfl-1383807|CLE,4569551930,Quinshon Judkins (CLE) moins de 72.5,Quinshon Judkins (CLE) moins de 72.5,72.5,1.8,0,False
16551345,CLE Browns vs. PIT Steelers,D.K. Metcalf,D.K. Metcalf,Yards de course et de réception du joueur Plus/Moins (prolongations incluses),3317,73841,1754247356,40.5|sa:player:nfl-945633|PIT,4569591635,D.K. Metcalf (PIT) Plus de 40.5,D.K. Metcalf (PIT) Plus de 40.5,40.5,1.8,0,False
16551345,CLE Browns vs. PIT Steelers,D.K. Metcalf,D.K. Metcalf,Yards de course et de réception du joueur Plus/Moins (prolongations incluses),3317,73841,1754247356,40.5|sa:player:nfl-945633|PIT,4569591636,D.K. Metcalf (PIT) moins de 40.5,D.K. Metcalf (PIT) moins de 40.5,40.5,1.8334,0,False
16551345,CLE Browns vs. PIT Steelers,Kevin Concepcion,Kevin Concepcion,Yards de course et de réception du joueur Plus/Moins (prolongations incluses),3317,73841,1754231448,39.5|sa:player:nfl-1441576|CLE,4569552891,Kevin Concepcion (CLE) Plus de 39.5,Kevin Concepcion (CLE) Plus de 39.5,39.5,1.8696,0,False
16551345,CLE Browns vs. PIT Steelers,Kevin Concepcion,Kevin Concepcion,Yards de course et de réception du joueur Plus/Moins (prolongations incluses),3317,73841,1754231448,39.5|sa:player:nfl-1441576|CLE,4569552892,Kevin Concepcion (CLE) moins de 39.5,Kevin Concepcion (CLE) moins de 39.5,39.5,1.7693,0,False
16551345,CLE Browns vs. PIT Steelers,Denzel Boston,Denzel Boston,Yards de course et de réception du joueur Plus/Moins (prolongations incluses),3317,73841,1754031194,38.5|sa:player:nfl-1379904|CLE,4569038500,Denzel Boston (CLE) Plus de 38.5,Denzel Boston (CLE) Plus de 38.5,38.5,1.8,0,False
16551345,CLE Browns vs. PIT Steelers,Denzel Boston,Denzel Boston,Yards de course et de réception du joueur Plus/Moins (prolongations incluses),3317,73841,1754031194,38.5|sa:player:nfl-1379904|CLE,4569038501,Denzel Boston (CLE) moins de 38.5,Denzel Boston (CLE) moins de 38.5,38.5,1.8334,0,False
16551345,CLE Browns vs. PIT Steelers,Michael Pittman,Michael Pittman,Yards de course et de réception du joueur Plus/Moins (prolongations incluses),3317,73841,1753958179,35.5|sa:player:nfl-911348|PIT,4568782621,Michael Pittman (PIT) Plus de 35.5,Michael Pittman (PIT) Plus de 35.5,35.5,1.8334,0,False
16551345,CLE Browns vs. PIT Steelers,Michael Pittman,Michael Pittman,Yards de course et de réception du joueur Plus/Moins (prolongations incluses),3317,73841,1753958179,35.5|sa:player:nfl-911348|PIT,4568782622,Michael Pittman (PIT) moins de 35.5,Michael Pittman (PIT) moins de 35.5,35.5,1.8,0,False
16551345,CLE Browns vs. PIT Steelers,Jerry Jeudy,Jerry Jeudy,Yards de course et de réception du joueur Plus/Moins (prolongations incluses),3317,73841,1754118828,14.5|sa:player:nfl-973935|CLE,4569279729,Jerry Jeudy (CLE) Plus de 14.5,Jerry Jeudy (CLE) Plus de 14.5,14.5,1.8,0,False
16551345,CLE Browns vs. PIT Steelers,Jerry Jeudy,Jerry Jeudy,Yards de course et de réception du joueur Plus/Moins (prolongations incluses),3317,73841,1754118828,14.5|sa:player:nfl-973935|CLE,4569279730,Jerry Jeudy (CLE) moins de 14.5,Jerry Jeudy (CLE) moins de 14.5,14.5,1.8334,0,False
16551345,CLE Browns vs. PIT Steelers,Deshaun Watson,Deshaun Watson (CLE),Fumbles du joueur Plus / Moins (incl. prolongation),25005,75650,1753254707,0.5|sa:player:nfl-828743|CLE,4566580952,Deshaun Watson (CLE) Plus de 0.5,Deshaun Watson (CLE) Plus de 0.5,0.5,1.7693,0,False
16551345,CLE Browns vs. PIT Steelers,Deshaun Watson,Deshaun Watson (CLE),Fumbles du joueur Plus / Moins (incl. prolongation),25005,75650,1753254707,0.5|sa:player:nfl-828743|CLE,4566580953,Deshaun Watson (CLE) moins de 0.5,Deshaun Watson (CLE) moins de 0.5,0.5,1.8334,0,False
16551345,CLE Browns vs. PIT Steelers,Aaron Rodgers,Aaron Rodgers (PIT),Fumbles du joueur Plus / Moins (incl. prolongation),25005,75650,1753254494,0.5|sa:player:nfl-213957|PIT,4566580569,Aaron Rodgers (PIT) Plus de 0.5,Aaron Rodgers (PIT) Plus de 0.5,0.5,2.65,0,False
16551345,CLE Browns vs. PIT Steelers,Aaron Rodgers,Aaron Rodgers (PIT),Fumbles du joueur Plus / Moins (incl. prolongation),25005,75650,1753254494,0.5|sa:player:nfl-213957|PIT,4566580570,Aaron Rodgers (PIT) moins de 0.5,Aaron Rodgers (PIT) moins de 0.5,0.5,1.3637,0,False
16551345,CLE Browns vs. PIT Steelers,Jaylen Warren,Jaylen Warren (PIT),Fumbles du joueur Plus / Moins (incl. prolongation),25005,75650,1753255388,0.5|sa:player:nfl-1176443|PIT,4566582128,Jaylen Warren (PIT) Plus de 0.5,Jaylen Warren (PIT) Plus de 0.5,0.5,4.75,0,False
16551345,CLE Browns vs. PIT Steelers,Jaylen Warren,Jaylen Warren (PIT),Fumbles du joueur Plus / Moins (incl. prolongation),25005,75650,1753255388,0.5|sa:player:nfl-1176443|PIT,4566582129,Jaylen Warren (PIT) moins de 0.5,Jaylen Warren (PIT) moins de 0.5,0.5,1.1112,0,False
16551345,CLE Browns vs. PIT Steelers,Quinshon Judkins,Quinshon Judkins (CLE),Fumbles du joueur Plus / Moins (incl. prolongation),25005,75650,1753254907,0.5|sa:player:nfl-1383807|CLE,4566581298,Quinshon Judkins (CLE) Plus de 0.5,Quinshon Judkins (CLE) Plus de 0.5,0.5,4.75,0,False
16551345,CLE Browns vs. PIT Steelers,Quinshon Judkins,Quinshon Judkins (CLE),Fumbles du joueur Plus / Moins (incl. prolongation),25005,75650,1753254907,0.5|sa:player:nfl-1383807|CLE,4566581299,Quinshon Judkins (CLE) moins de 0.5,Quinshon Judkins (CLE) moins de 0.5,0.5,1.1112,0,False
16551345,CLE Browns vs. PIT Steelers,Kevin Concepcion,Kevin Concepcion (CLE),Fumbles du joueur Plus / Moins (incl. prolongation),25005,75650,1753255697,0.5|sa:player:nfl-1441576|CLE,4566582674,Kevin Concepcion (CLE) Plus de 0.5,Kevin Concepcion (CLE) Plus de 0.5,0.5,5.25,0,False
16551345,CLE Browns vs. PIT Steelers,Kevin Concepcion,Kevin Concepcion (CLE),Fumbles du joueur Plus / Moins (incl. prolongation),25005,75650,1753255697,0.5|sa:player:nfl-1441576|CLE,4566582675,Kevin Concepcion (CLE) moins de 0.5,Kevin Concepcion (CLE) moins de 0.5,0.5,1.0834,0,False
16551345,CLE Browns vs. PIT Steelers,D.K. Metcalf,D.K. Metcalf (PIT),Fumbles du joueur Plus / Moins (incl. prolongation),25005,75650,1753255157,0.5|sa:player:nfl-945633|PIT,4566581725,D.K. Metcalf (PIT) Plus de 0.5,D.K. Metcalf (PIT) Plus de 0.5,0.5,8.5,0,False
16551345,CLE Browns vs. PIT Steelers,D.K. Metcalf,D.K. Metcalf (PIT),Fumbles du joueur Plus / Moins (incl. prolongation),25005,75650,1753255157,0.5|sa:player:nfl-945633|PIT,4566581726,D.K. Metcalf (PIT) moins de 0.5,D.K. Metcalf (PIT) moins de 0.5,0.5,1.01,0,False
16551345,CLE Browns vs. PIT Steelers,Darnell Washington,Darnell Washington (PIT),Fumbles du joueur Plus / Moins (incl. prolongation),25005,75650,1753255444,0.5|sa:player:nfl-1218658|PIT,4566582226,Darnell Washington (PIT) Plus de 0.5,Darnell Washington (PIT) Plus de 0.5,0.5,8.5,0,False
16551345,CLE Browns vs. PIT Steelers,Darnell Washington,Darnell Washington (PIT),Fumbles du joueur Plus / Moins (incl. prolongation),25005,75650,1753255444,0.5|sa:player:nfl-1218658|PIT,4566582227,Darnell Washington (PIT) moins de 0.5,Darnell Washington (PIT) moins de 0.5,0.5,0.0,7,False
16551345,CLE Browns vs. PIT Steelers,Denzel Boston,Denzel Boston (CLE),Fumbles du joueur Plus / Moins (incl. prolongation),25005,75650,1753254834,0.5|sa:player:nfl-1379904|CLE,4566581176,Denzel Boston (CLE) moins de 0.5,Denzel Boston (CLE) moins de 0.5,0.5,1.01,0,False
16551345,CLE Browns vs. PIT Steelers,Denzel Boston,Denzel Boston (CLE),Fumbles du joueur Plus / Moins (incl. prolongation),25005,75650,1753254834,0.5|sa:player:nfl-1379904|CLE,4566581175,Denzel Boston (CLE) Plus de 0.5,Denzel Boston (CLE) Plus de 0.5,0.5,8.5,0,False
16551345,CLE Browns vs. PIT Steelers,Harold Fannin,Harold Fannin (CLE),Fumbles du joueur Plus / Moins (incl. prolongation),25005,75650,1753254991,0.5|sa:player:nfl-1394752|CLE,4566581440,Harold Fannin (CLE) moins de 0.5,Harold Fannin (CLE) moins de 0.5,0.5,1.01,0,False
16551345,CLE Browns vs. PIT Steelers,Harold Fannin,Harold Fannin (CLE),Fumbles du joueur Plus / Moins (incl. prolongation),25005,75650,1753254991,0.5|sa:player:nfl-1394752|CLE,4566581439,Harold Fannin (CLE) Plus de 0.5,Harold Fannin (CLE) Plus de 0.5,0.5,8.5,0,False
16551345,CLE Browns vs. PIT Steelers,Jerry Jeudy,Jerry Jeudy (CLE),Fumbles du joueur Plus / Moins (incl. prolongation),25005,75650,1753255184,0.5|sa:player:nfl-973935|CLE,4566581770,Jerry Jeudy (CLE) Plus de 0.5,Jerry Jeudy (CLE) Plus de 0.5,0.5,8.5,0,False
16551345,CLE Browns vs. PIT Steelers,Jerry Jeudy,Jerry Jeudy (CLE),Fumbles du joueur Plus / Moins (incl. prolongation),25005,75650,1753255184,0.5|sa:player:nfl-973935|CLE,4566581771,Jerry Jeudy (CLE) moins de 0.5,Jerry Jeudy (CLE) moins de 0.5,0.5,0.0,7,False
16551345,CLE Browns vs. PIT Steelers,Michael Pittman,Michael Pittman (PIT),Fumbles du joueur Plus / Moins (incl. prolongation),25005,75650,1753255057,0.5|sa:player:nfl-911348|PIT,4566581553,Michael Pittman (PIT) Plus de 0.5,Michael Pittman (PIT) Plus de 0.5,0.5,8.5,0,False
16551345,CLE Browns vs. PIT Steelers,Michael Pittman,Michael Pittman (PIT),Fumbles du joueur Plus / Moins (incl. prolongation),25005,75650,1753255057,0.5|sa:player:nfl-911348|PIT,4566581554,Michael Pittman (PIT) moins de 0.5,Michael Pittman (PIT) moins de 0.5,0.5,1.01,0,False
16551345,CLE Browns vs. PIT Steelers,Pat Freiermuth,Pat Freiermuth (PIT),Fumbles du joueur Plus / Moins (incl. prolongation),25005,75650,1753255298,0.5|sa:player:nfl-1116662|PIT,4566581966,Pat Freiermuth (PIT) Plus de 0.5,Pat Freiermuth (PIT) Plus de 0.5,0.5,8.5,0,False
16551345,CLE Browns vs. PIT Steelers,Pat Freiermuth,Pat Freiermuth (PIT),Fumbles du joueur Plus / Moins (incl. prolongation),25005,75650,1753255298,0.5|sa:player:nfl-1116662|PIT,4566581967,Pat Freiermuth (PIT) moins de 0.5,Pat Freiermuth (PIT) moins de 0.5,0.5,1.01,0,False
16551345,CLE Browns vs. PIT Steelers,Quinshon Judkins,Quinshon Judkins (CLE),Joueur tentative de gain par la course (prolongations incluses),2012,72303,1754231578,15.5|sa:player:nfl-1383807|CLE,4569553197,Quinshon Judkins (CLE) Plus de 15.5,Quinshon Judkins (CLE) Plus de 15.5,15.5,1.8,0,False
16551345,CLE Browns vs. PIT Steelers,Quinshon Judkins,Quinshon Judkins (CLE),Joueur tentative de gain par la course (prolongations incluses),2012,72303,1754231578,15.5|sa:player:nfl-1383807|CLE,4569553198,Quinshon Judkins (CLE) moins de 15.5,Quinshon Judkins (CLE) moins de 15.5,15.5,1.8334,0,False
16551345,CLE Browns vs. PIT Steelers,Jaylen Warren,Jaylen Warren (PIT),Joueur tentative de gain par la course (prolongations incluses),2012,72303,1754246553,15.5|sa:player:nfl-1176443|PIT,4569589808,Jaylen Warren (PIT) moins de 15.5,Jaylen Warren (PIT) moins de 15.5,15.5,1.7408,0,False
16551345,CLE Browns vs. PIT Steelers,Jaylen Warren,Jaylen Warren (PIT),Joueur tentative de gain par la course (prolongations incluses),2012,72303,1754246553,15.5|sa:player:nfl-1176443|PIT,4569589807,Jaylen Warren (PIT) Plus de 15.5,Jaylen Warren (PIT) Plus de 15.5,15.5,1.9091,0,False
16551345,CLE Browns vs. PIT Steelers,Deshaun Watson,Deshaun Watson (CLE),Joueur tentative de gain par la course (prolongations incluses),2012,72303,1754230670,6.5|sa:player:nfl-828743|CLE,4569551106,Deshaun Watson (CLE) Plus de 6.5,Deshaun Watson (CLE) Plus de 6.5,6.5,2.05,0,False
16551345,CLE Browns vs. PIT Steelers,Deshaun Watson,Deshaun Watson (CLE),Joueur tentative de gain par la course (prolongations incluses),2012,72303,1754230670,6.5|sa:player:nfl-828743|CLE,4569551107,Deshaun Watson (CLE) moins de 6.5,Deshaun Watson (CLE) moins de 6.5,6.5,1.625,0,False
16551345,CLE Browns vs. PIT Steelers,Aaron Rodgers,Aaron Rodgers (PIT),Joueur tentative de gain par la course (prolongations incluses),2012,72303,1753254479,1.5|sa:player:nfl-213957|PIT,4566580542,Aaron Rodgers (PIT) Plus de 1.5,Aaron Rodgers (PIT) Plus de 1.5,1.5,1.8,0,False
16551345,CLE Browns vs. PIT Steelers,Aaron Rodgers,Aaron Rodgers (PIT),Joueur tentative de gain par la course (prolongations incluses),2012,72303,1753254479,1.5|sa:player:nfl-213957|PIT,4566580543,Aaron Rodgers (PIT) moins de 1.5,Aaron Rodgers (PIT) moins de 1.5,1.5,1.8334,0,False
16551345,CLE Browns vs. PIT Steelers,Kevin Concepcion,Kevin Concepcion (CLE),Joueur tentative de gain par la course (prolongations incluses),2012,72303,1753255692,0.5|sa:player:nfl-1441576|CLE,4566582667,Kevin Concepcion (CLE) Plus de 0.5,Kevin Concepcion (CLE) Plus de 0.5,0.5,1.6061,0,False
16551345,CLE Browns vs. PIT Steelers,Kevin Concepcion,Kevin Concepcion (CLE),Joueur tentative de gain par la course (prolongations incluses),2012,72303,1753255692,0.5|sa:player:nfl-1441576|CLE,4566582668,Kevin Concepcion (CLE) moins de 0.5,Kevin Concepcion (CLE) moins de 0.5,0.5,2.1,0,False
16551345,CLE Browns vs. PIT Steelers,Harold Fannin,Harold Fannin (CLE),Total de réceptions Plus/Moins(Incl. Prolongations),767,71926,1753254974,4.5|sa:player:nfl-1394752|CLE,4566581408,Harold Fannin (CLE) Plus de 4.5,Harold Fannin (CLE) Plus de 4.5,4.5,2.05,0,False
16551345,CLE Browns vs. PIT Steelers,Harold Fannin,Harold Fannin (CLE),Total de réceptions Plus/Moins(Incl. Prolongations),767,71926,1753254974,4.5|sa:player:nfl-1394752|CLE,4566581409,Harold Fannin (CLE) moins de 4.5,Harold Fannin (CLE) moins de 4.5,4.5,1.6471,0,False
16551345,CLE Browns vs. PIT Steelers,D.K. Metcalf,D.K. Metcalf (PIT),Total de réceptions Plus/Moins(Incl. Prolongations),767,71926,1753958196,3.5|sa:player:nfl-945633|PIT,4568782656,D.K. Metcalf (PIT) moins de 3.5,D.K. Metcalf (PIT) moins de 3.5,3.5,1.9091,0,False
16551345,CLE Browns vs. PIT Steelers,D.K. Metcalf,D.K. Metcalf (PIT),Total de réceptions Plus/Moins(Incl. Prolongations),767,71926,1753958196,3.5|sa:player:nfl-945633|PIT,4568782655,D.K. Metcalf (PIT) Plus de 3.5,D.K. Metcalf (PIT) Plus de 3.5,3.5,1.7408,0,False
16551345,CLE Browns vs. PIT Steelers,Kevin Concepcion,Kevin Concepcion (CLE),Total de réceptions Plus/Moins(Incl. Prolongations),767,71926,1753255680,3.5|sa:player:nfl-1441576|CLE,4566582643,Kevin Concepcion (CLE) Plus de 3.5,Kevin Concepcion (CLE) Plus de 3.5,3.5,1.7693,0,False
16551345,CLE Browns vs. PIT Steelers,Kevin Concepcion,Kevin Concepcion (CLE),Total de réceptions Plus/Moins(Incl. Prolongations),767,71926,1753255680,3.5|sa:player:nfl-1441576|CLE,4566582644,Kevin Concepcion (CLE) moins de 3.5,Kevin Concepcion (CLE) moins de 3.5,3.5,1.8696,0,False
16551345,CLE Browns vs. PIT Steelers,Michael Pittman,Michael Pittman (PIT),Total de réceptions Plus/Moins(Incl. Prolongations),767,71926,1753254746,3.5|sa:player:nfl-911348|PIT,4566581019,Michael Pittman (PIT) Plus de 3.5,Michael Pittman (PIT) Plus de 3.5,3.5,2.0,0,False
16551345,CLE Browns vs. PIT Steelers,Michael Pittman,Michael Pittman (PIT),Total de réceptions Plus/Moins(Incl. Prolongations),767,71926,1753254746,3.5|sa:player:nfl-911348|PIT,4566581020,Michael Pittman (PIT) moins de 3.5,Michael Pittman (PIT) moins de 3.5,3.5,1.6667,0,False
16551345,CLE Browns vs. PIT Steelers,Jaylen Warren,Jaylen Warren (PIT),Total de réceptions Plus/Moins(Incl. Prolongations),767,71926,1754243752,3.5|sa:player:nfl-1176443|PIT,4569583600,Jaylen Warren (PIT) Plus de 3.5,Jaylen Warren (PIT) Plus de 3.5,3.5,2.1,0,False
16551345,CLE Browns vs. PIT Steelers,Jaylen Warren,Jaylen Warren (PIT),Total de réceptions Plus/Moins(Incl. Prolongations),767,71926,1754243752,3.5|sa:player:nfl-1176443|PIT,4569583601,Jaylen Warren (PIT) moins de 3.5,Jaylen Warren (PIT) moins de 3.5,3.5,1.6061,0,False
16551345,CLE Browns vs. PIT Steelers,Pat Freiermuth,Pat Freiermuth (PIT),Total de réceptions Plus/Moins(Incl. Prolongations),767,71926,1753255281,3.5|sa:player:nfl-1116662|PIT,4566581936,Pat Freiermuth (PIT) moins de 3.5,Pat Freiermuth (PIT) moins de 3.5,3.5,1.5715,0,False
16551345,CLE Browns vs. PIT Steelers,Pat Freiermuth,Pat Freiermuth (PIT),Total de réceptions Plus/Moins(Incl. Prolongations),767,71926,1753255281,3.5|sa:player:nfl-1116662|PIT,4566581935,Pat Freiermuth (PIT) Plus de 3.5,Pat Freiermuth (PIT) Plus de 3.5,3.5,2.15,0,False
16551345,CLE Browns vs. PIT Steelers,Denzel Boston,Denzel Boston (CLE),Total de réceptions Plus/Moins(Incl. Prolongations),767,71926,1753254817,3.5|sa:player:nfl-1379904|CLE,4566581144,Denzel Boston (CLE) Plus de 3.5,Denzel Boston (CLE) Plus de 3.5,3.5,2.2,0,False
16551345,CLE Browns vs. PIT Steelers,Denzel Boston,Denzel Boston (CLE),Total de réceptions Plus/Moins(Incl. Prolongations),767,71926,1753254817,3.5|sa:player:nfl-1379904|CLE,4566581145,Denzel Boston (CLE) moins de 3.5,Denzel Boston (CLE) moins de 3.5,3.5,1.5556,0,False
16551345,CLE Browns vs. PIT Steelers,Quinshon Judkins,Quinshon Judkins (CLE),Total de réceptions Plus/Moins(Incl. Prolongations),767,71926,1753254877,2.5|sa:player:nfl-1383807|CLE,4566581245,Quinshon Judkins (CLE) Plus de 2.5,Quinshon Judkins (CLE) Plus de 2.5,2.5,2.25,0,False
16551345,CLE Browns vs. PIT Steelers,Quinshon Judkins,Quinshon Judkins (CLE),Total de réceptions Plus/Moins(Incl. Prolongations),767,71926,1753254877,2.5|sa:player:nfl-1383807|CLE,4566581246,Quinshon Judkins (CLE) moins de 2.5,Quinshon Judkins (CLE) moins de 2.5,2.5,1.5264,0,False
16551345,CLE Browns vs. PIT Steelers,Darnell Washington,Darnell Washington (PIT),Total de réceptions Plus/Moins(Incl. Prolongations),767,71926,1753255427,1.5|sa:player:nfl-1218658|PIT,4566582195,Darnell Washington (PIT) Plus de 1.5,Darnell Washington (PIT) Plus de 1.5,1.5,1.5264,0,False
16551345,CLE Browns vs. PIT Steelers,Darnell Washington,Darnell Washington (PIT),Total de réceptions Plus/Moins(Incl. Prolongations),767,71926,1753255427,1.5|sa:player:nfl-1218658|PIT,4566582196,Darnell Washington (PIT) moins de 1.5,Darnell Washington (PIT) moins de 1.5,1.5,2.25,0,False
16551345,CLE Browns vs. PIT Steelers,Jerry Jeudy,Jerry Jeudy (CLE),Total de réceptions Plus/Moins(Incl. Prolongations),767,71926,1753255167,1.5|sa:player:nfl-973935|CLE,4566581739,Jerry Jeudy (CLE) Plus de 1.5,Jerry Jeudy (CLE) Plus de 1.5,1.5,2.15,0,False
16551345,CLE Browns vs. PIT Steelers,Jerry Jeudy,Jerry Jeudy (CLE),Total de réceptions Plus/Moins(Incl. Prolongations),767,71926,1753255167,1.5|sa:player:nfl-973935|CLE,4566581740,Jerry Jeudy (CLE) moins de 1.5,Jerry Jeudy (CLE) moins de 1.5,1.5,1.5715,0,False
16551345,CLE Browns vs. PIT Steelers,Aaron Rodgers,Aaron Rodgers (PIT),"Passes complétées, Joueur (prolongations incluses) ",760,71921,1753958144,20.5|sa:player:nfl-213957|PIT,4568782552,Aaron Rodgers (PIT) moins de 20.5,Aaron Rodgers (PIT) moins de 20.5,20.5,1.9524,0,False
16551345,CLE Browns vs. PIT Steelers,Aaron Rodgers,Aaron Rodgers (PIT),"Passes complétées, Joueur (prolongations incluses) ",760,71921,1753958144,20.5|sa:player:nfl-213957|PIT,4568782551,Aaron Rodgers (PIT) Plus de 20.5,Aaron Rodgers (PIT) Plus de 20.5,20.5,1.6897,0,False
16551345,CLE Browns vs. PIT Steelers,Deshaun Watson,Deshaun Watson (CLE),"Passes complétées, Joueur (prolongations incluses) ",760,71921,1754230665,17.5|sa:player:nfl-828743|CLE,4569551096,Deshaun Watson (CLE) Plus de 17.5,Deshaun Watson (CLE) Plus de 17.5,17.5,1.6897,0,False
16551345,CLE Browns vs. PIT Steelers,Deshaun Watson,Deshaun Watson (CLE),"Passes complétées, Joueur (prolongations incluses) ",760,71921,1754230665,17.5|sa:player:nfl-828743|CLE,4569551097,Deshaun Watson (CLE) moins de 17.5,Deshaun Watson (CLE) moins de 17.5,17.5,1.9524,0,False
16551345,CLE Browns vs. PIT Steelers,Aaron Rodgers,Aaron Rodgers (PIT),Tentatives de passes du joueur Plus/Moins (Incl. Prolongations),2252,73702,1753254453,33.5|sa:player:nfl-213957|PIT,4566580490,Aaron Rodgers (PIT) Plus de 33.5,Aaron Rodgers (PIT) Plus de 33.5,33.5,1.7693,0,False
16551345,CLE Browns vs. PIT Steelers,Aaron Rodgers,Aaron Rodgers (PIT),Tentatives de passes du joueur Plus/Moins (Incl. Prolongations),2252,73702,1753254453,33.5|sa:player:nfl-213957|PIT,4566580491,Aaron Rodgers (PIT) moins de 33.5,Aaron Rodgers (PIT) moins de 33.5,33.5,1.8696,0,False
16551345,CLE Browns vs. PIT Steelers,Deshaun Watson,Deshaun Watson (CLE),Tentatives de passes du joueur Plus/Moins (Incl. Prolongations),2252,73702,1754229162,28.5|sa:player:nfl-828743|CLE,4569547784,Deshaun Watson (CLE) Plus de 28.5,Deshaun Watson (CLE) Plus de 28.5,28.5,1.7408,0,False
16551345,CLE Browns vs. PIT Steelers,Deshaun Watson,Deshaun Watson (CLE),Tentatives de passes du joueur Plus/Moins (Incl. Prolongations),2252,73702,1754229162,28.5|sa:player:nfl-828743|CLE,4569547785,Deshaun Watson (CLE) moins de 28.5,Deshaun Watson (CLE) moins de 28.5,28.5,1.9091,0,False
16551345,CLE Browns vs. PIT Steelers,Denzel Boston,Denzel Boston (CLE),Joueuer Plus longue réception (prolongations incluses) ,2009,72300,1753254818,19.5|sa:player:nfl-1379904|CLE,4566581146,Denzel Boston (CLE) Plus de 19.5,Denzel Boston (CLE) Plus de 19.5,19.5,1.8696,0,False
16551345,CLE Browns vs. PIT Steelers,Denzel Boston,Denzel Boston (CLE),Joueuer Plus longue réception (prolongations incluses) ,2009,72300,1753254818,19.5|sa:player:nfl-1379904|CLE,4566581147,Denzel Boston (CLE) moins de 19.5,Denzel Boston (CLE) moins de 19.5,19.5,1.7693,0,False
16551345,CLE Browns vs. PIT Steelers,D.K. Metcalf,D.K. Metcalf (PIT),Joueuer Plus longue réception (prolongations incluses) ,2009,72300,1754247567,18.5|sa:player:nfl-945633|PIT,4569592224,D.K. Metcalf (PIT) Plus de 18.5,D.K. Metcalf (PIT) Plus de 18.5,18.5,1.8334,0,False
16551345,CLE Browns vs. PIT Steelers,D.K. Metcalf,D.K. Metcalf (PIT),Joueuer Plus longue réception (prolongations incluses) ,2009,72300,1754247567,18.5|sa:player:nfl-945633|PIT,4569592225,D.K. Metcalf (PIT) moins de 18.5,D.K. Metcalf (PIT) moins de 18.5,18.5,1.8,0,False
16551345,CLE Browns vs. PIT Steelers,Harold Fannin,Harold Fannin (CLE),Joueuer Plus longue réception (prolongations incluses) ,2009,72300,1754228982,16.5|sa:player:nfl-1394752|CLE,4569547414,Harold Fannin (CLE) Plus de 16.5,Harold Fannin (CLE) Plus de 16.5,16.5,1.8,0,False
16551345,CLE Browns vs. PIT Steelers,Harold Fannin,Harold Fannin (CLE),Joueuer Plus longue réception (prolongations incluses) ,2009,72300,1754228982,16.5|sa:player:nfl-1394752|CLE,4569547415,Harold Fannin (CLE) moins de 16.5,Harold Fannin (CLE) moins de 16.5,16.5,1.8334,0,False
16551345,CLE Browns vs. PIT Steelers,Michael Pittman,Michael Pittman (PIT),Joueuer Plus longue réception (prolongations incluses) ,2009,72300,1754229089,16.5|sa:player:nfl-911348|PIT,4569547658,Michael Pittman (PIT) Plus de 16.5,Michael Pittman (PIT) Plus de 16.5,16.5,1.8696,0,False
16551345,CLE Browns vs. PIT Steelers,Michael Pittman,Michael Pittman (PIT),Joueuer Plus longue réception (prolongations incluses) ,2009,72300,1754229089,16.5|sa:player:nfl-911348|PIT,4569547659,Michael Pittman (PIT) moins de 16.5,Michael Pittman (PIT) moins de 16.5,16.5,1.7693,0,False
16551345,CLE Browns vs. PIT Steelers,Kevin Concepcion,Kevin Concepcion (CLE),Joueuer Plus longue réception (prolongations incluses) ,2009,72300,1754228984,15.5|sa:player:nfl-1441576|CLE,4569547418,Kevin Concepcion (CLE) Plus de 15.5,Kevin Concepcion (CLE) Plus de 15.5,15.5,1.8334,0,False
16551345,CLE Browns vs. PIT Steelers,Kevin Concepcion,Kevin Concepcion (CLE),Joueuer Plus longue réception (prolongations incluses) ,2009,72300,1754228984,15.5|sa:player:nfl-1441576|CLE,4569547419,Kevin Concepcion (CLE) moins de 15.5,Kevin Concepcion (CLE) moins de 15.5,15.5,1.8,0,False
16551345,CLE Browns vs. PIT Steelers,Pat Freiermuth,Pat Freiermuth (PIT),Joueuer Plus longue réception (prolongations incluses) ,2009,72300,1753958211,14.5|sa:player:nfl-1116662|PIT,4568782685,Pat Freiermuth (PIT) Plus de 14.5,Pat Freiermuth (PIT) Plus de 14.5,14.5,1.8696,0,False
16551345,CLE Browns vs. PIT Steelers,Pat Freiermuth,Pat Freiermuth (PIT),Joueuer Plus longue réception (prolongations incluses) ,2009,72300,1753958211,14.5|sa:player:nfl-1116662|PIT,4568782686,Pat Freiermuth (PIT) moins de 14.5,Pat Freiermuth (PIT) moins de 14.5,14.5,1.7693,0,False
16551345,CLE Browns vs. PIT Steelers,Jaylen Warren,Jaylen Warren (PIT),Joueuer Plus longue réception (prolongations incluses) ,2009,72300,1754246084,11.5|sa:player:nfl-1176443|PIT,4569588761,Jaylen Warren (PIT) Plus de 11.5,Jaylen Warren (PIT) Plus de 11.5,11.5,1.8696,0,False
16551345,CLE Browns vs. PIT Steelers,Jaylen Warren,Jaylen Warren (PIT),Joueuer Plus longue réception (prolongations incluses) ,2009,72300,1754246084,11.5|sa:player:nfl-1176443|PIT,4569588762,Jaylen Warren (PIT) moins de 11.5,Jaylen Warren (PIT) moins de 11.5,11.5,1.7693,0,False
16551345,CLE Browns vs. PIT Steelers,Jerry Jeudy,Jerry Jeudy (CLE),Joueuer Plus longue réception (prolongations incluses) ,2009,72300,1754224318,10.5|sa:player:nfl-973935|CLE,4569536341,Jerry Jeudy (CLE) Plus de 10.5,Jerry Jeudy (CLE) Plus de 10.5,10.5,1.7693,0,False
16551345,CLE Browns vs. PIT Steelers,Jerry Jeudy,Jerry Jeudy (CLE),Joueuer Plus longue réception (prolongations incluses) ,2009,72300,1754224318,10.5|sa:player:nfl-973935|CLE,4569536342,Jerry Jeudy (CLE) moins de 10.5,Jerry Jeudy (CLE) moins de 10.5,10.5,1.8696,0,False
16551345,CLE Browns vs. PIT Steelers,Darnell Washington,Darnell Washington (PIT),Joueuer Plus longue réception (prolongations incluses) ,2009,72300,1753958260,10.5|sa:player:nfl-1218658|PIT,4568782773,Darnell Washington (PIT) Plus de 10.5,Darnell Washington (PIT) Plus de 10.5,10.5,1.8696,0,False
16551345,CLE Browns vs. PIT Steelers,Darnell Washington,Darnell Washington (PIT),Joueuer Plus longue réception (prolongations incluses) ,2009,72300,1753958260,10.5|sa:player:nfl-1218658|PIT,4568782774,Darnell Washington (PIT) moins de 10.5,Darnell Washington (PIT) moins de 10.5,10.5,1.7693,0,False
16551345,CLE Browns vs. PIT Steelers,Quinshon Judkins,Quinshon Judkins (CLE),Joueuer Plus longue réception (prolongations incluses) ,2009,72300,1754237928,8.5|sa:player:nfl-1383807|CLE,4569567870,Quinshon Judkins (CLE) Plus de 8.5,Quinshon Judkins (CLE) Plus de 8.5,8.5,1.7408,0,False
16551345,CLE Browns vs. PIT Steelers,Quinshon Judkins,Quinshon Judkins (CLE),Joueuer Plus longue réception (prolongations incluses) ,2009,72300,1754237928,8.5|sa:player:nfl-1383807|CLE,4569567871,Quinshon Judkins (CLE) moins de 8.5,Quinshon Judkins (CLE) moins de 8.5,8.5,1.9091,0,False
16551345,CLE Browns vs. PIT Steelers,Aaron Rodgers,Aaron Rodgers (PIT),Joueur Plus longue passe complétée (prolongations incluses) ,2001,72292,1754246080,35.5|sa:player:nfl-213957|PIT,4569588753,Aaron Rodgers (PIT) Plus de 35.5,Aaron Rodgers (PIT) Plus de 35.5,35.5,1.8334,0,False
16551345,CLE Browns vs. PIT Steelers,Aaron Rodgers,Aaron Rodgers (PIT),Joueur Plus longue passe complétée (prolongations incluses) ,2001,72292,1754246080,35.5|sa:player:nfl-213957|PIT,4569588754,Aaron Rodgers (PIT) moins de 35.5,Aaron Rodgers (PIT) moins de 35.5,35.5,1.8,0,False
16551345,CLE Browns vs. PIT Steelers,Deshaun Watson,Deshaun Watson (CLE),Joueur Plus longue passe complétée (prolongations incluses) ,2001,72292,1754229163,32.5|sa:player:nfl-828743|CLE,4569547786,Deshaun Watson (CLE) Plus de 32.5,Deshaun Watson (CLE) Plus de 32.5,32.5,1.8696,0,False
16551345,CLE Browns vs. PIT Steelers,Deshaun Watson,Deshaun Watson (CLE),Joueur Plus longue passe complétée (prolongations incluses) ,2001,72292,1754229163,32.5|sa:player:nfl-828743|CLE,4569547787,Deshaun Watson (CLE) moins de 32.5,Deshaun Watson (CLE) moins de 32.5,32.5,1.7693,0,False
16551345,CLE Browns vs. PIT Steelers,Chris Boswell,Chris Boswell (PIT),Points de tir du joueur Plus/Moins (prolongations incluses) ,2003,72294,1753254509,6.5|sa:player:nfl-504436|PIT,4566580592,Chris Boswell (PIT) Plus de 6.5,Chris Boswell (PIT) Plus de 6.5,6.5,1.7408,0,False
16551345,CLE Browns vs. PIT Steelers,Chris Boswell,Chris Boswell (PIT),Points de tir du joueur Plus/Moins (prolongations incluses) ,2003,72294,1753254509,6.5|sa:player:nfl-504436|PIT,4566580593,Chris Boswell (PIT) moins de 6.5,Chris Boswell (PIT) moins de 6.5,6.5,1.9091,0,False
16551345,CLE Browns vs. PIT Steelers,Andre Szmyt,Andre Szmyt (CLE),Points de tir du joueur Plus/Moins (prolongations incluses) ,2003,72294,1753255239,5.5|sa:player:nfl-1066885|CLE,4566581862,Andre Szmyt (CLE) Plus de 5.5,Andre Szmyt (CLE) Plus de 5.5,5.5,1.7693,0,False
16551345,CLE Browns vs. PIT Steelers,Andre Szmyt,Andre Szmyt (CLE),Points de tir du joueur Plus/Moins (prolongations incluses) ,2003,72294,1753255239,5.5|sa:player:nfl-1066885|CLE,4566581863,Andre Szmyt (CLE) moins de 5.5,Andre Szmyt (CLE) moins de 5.5,5.5,1.8696,0,False
16551345,CLE Browns vs. PIT Steelers,Chris Boswell,Chris Boswell (PIT),Field goals du joueur (prolongations incluses) ,769,71927,1753254507,1.5|sa:player:nfl-504436|PIT,4566580588,Chris Boswell (PIT) Plus de 1.5,Chris Boswell (PIT) Plus de 1.5,1.5,1.7408,0,False
16551345,CLE Browns vs. PIT Steelers,Chris Boswell,Chris Boswell (PIT),Field goals du joueur (prolongations incluses) ,769,71927,1753254507,1.5|sa:player:nfl-504436|PIT,4566580589,Chris Boswell (PIT) moins de 1.5,Chris Boswell (PIT) moins de 1.5,1.5,1.9091,0,False
16551345,CLE Browns vs. PIT Steelers,Andre Szmyt,Andre Szmyt (CLE),Field goals du joueur (prolongations incluses) ,769,71927,1753255237,1.5|sa:player:nfl-1066885|CLE,4566581858,Andre Szmyt (CLE) Plus de 1.5,Andre Szmyt (CLE) Plus de 1.5,1.5,2.1,0,False
16551345,CLE Browns vs. PIT Steelers,Andre Szmyt,Andre Szmyt (CLE),Field goals du joueur (prolongations incluses) ,769,71927,1753255237,1.5|sa:player:nfl-1066885|CLE,4566581859,Andre Szmyt (CLE) moins de 1.5,Andre Szmyt (CLE) moins de 1.5,1.5,1.6061,0,False
16551345,CLE Browns vs. PIT Steelers,Quinshon Judkins,Quinshon Judkins (CLE),1ère mi-temps - Touchdowns de course du joueur Plus / Moins,31473,77067,1753254895,0.5|sa:player:nfl-1383807|CLE,4566581281,Quinshon Judkins (CLE) Plus de 0.5,Quinshon Judkins (CLE) Plus de 0.5,0.5,3.6,0,False
16551345,CLE Browns vs. PIT Steelers,Quinshon Judkins,Quinshon Judkins (CLE),1ère mi-temps - Touchdowns de course du joueur Plus / Moins,31473,77067,1753254895,0.5|sa:player:nfl-1383807|CLE,4566581282,Quinshon Judkins (CLE) moins de 0.5,Quinshon Judkins (CLE) moins de 0.5,0.5,1.2,0,False
16551345,CLE Browns vs. PIT Steelers,Jaylen Warren,Jaylen Warren (PIT),1ère mi-temps - Touchdowns de course du joueur Plus / Moins,31473,77067,1753255378,0.5|sa:player:nfl-1176443|PIT,4566582112,Jaylen Warren (PIT) moins de 0.5,Jaylen Warren (PIT) moins de 0.5,0.5,1.1667,0,False
16551345,CLE Browns vs. PIT Steelers,Jaylen Warren,Jaylen Warren (PIT),1ère mi-temps - Touchdowns de course du joueur Plus / Moins,31473,77067,1753255378,0.5|sa:player:nfl-1176443|PIT,4566582111,Jaylen Warren (PIT) Plus de 0.5,Jaylen Warren (PIT) Plus de 0.5,0.5,4.0,0,False
16551345,CLE Browns vs. PIT Steelers,Deshaun Watson,Deshaun Watson (CLE),1ère mi-temps - Touchdowns de course du joueur Plus / Moins,31473,77067,1753254697,0.5|sa:player:nfl-828743|CLE,4566580936,Deshaun Watson (CLE) moins de 0.5,Deshaun Watson (CLE) moins de 0.5,0.5,1.05,0,False
16551345,CLE Browns vs. PIT Steelers,Deshaun Watson,Deshaun Watson (CLE),1ère mi-temps - Touchdowns de course du joueur Plus / Moins,31473,77067,1753254697,0.5|sa:player:nfl-828743|CLE,4566580935,Deshaun Watson (CLE) Plus de 0.5,Deshaun Watson (CLE) Plus de 0.5,0.5,6.25,0,False
16551345,CLE Browns vs. PIT Steelers,Raheim Sanders,Raheim Sanders (CLE),1ère mi-temps - Touchdowns de course du joueur Plus / Moins,31473,77067,1753255644,0.5|sa:player:nfl-1285895|CLE,4566582582,Raheim Sanders (CLE) Plus de 0.5,Raheim Sanders (CLE) Plus de 0.5,0.5,8.0,0,False
16551345,CLE Browns vs. PIT Steelers,Raheim Sanders,Raheim Sanders (CLE),1ère mi-temps - Touchdowns de course du joueur Plus / Moins,31473,77067,1753255644,0.5|sa:player:nfl-1285895|CLE,4566582583,Raheim Sanders (CLE) moins de 0.5,Raheim Sanders (CLE) moins de 0.5,0.5,0.0,7,False
16551345,CLE Browns vs. PIT Steelers,Aaron Rodgers,Aaron Rodgers (PIT),1ère mi-temps - Touchdowns de course du joueur Plus / Moins,31473,77067,1753254484,0.5|sa:player:nfl-213957|PIT,4566580552,Aaron Rodgers (PIT) Plus de 0.5,Aaron Rodgers (PIT) Plus de 0.5,0.5,8.5,0,False
16551345,CLE Browns vs. PIT Steelers,Aaron Rodgers,Aaron Rodgers (PIT),1ère mi-temps - Touchdowns de course du joueur Plus / Moins,31473,77067,1753254484,0.5|sa:player:nfl-213957|PIT,4566580553,Aaron Rodgers (PIT) moins de 0.5,Aaron Rodgers (PIT) moins de 0.5,0.5,0.0,7,False
16551345,CLE Browns vs. PIT Steelers,Jaleel McLaughlin,Jaleel McLaughlin (CLE),1ère mi-temps - Touchdowns de course du joueur Plus / Moins,31473,77067,1753255551,0.5|sa:player:nfl-1271738|CLE,4566582414,Jaleel McLaughlin (CLE) Plus de 0.5,Jaleel McLaughlin (CLE) Plus de 0.5,0.5,8.5,0,False
16551345,CLE Browns vs. PIT Steelers,Jaleel McLaughlin,Jaleel McLaughlin (CLE),1ère mi-temps - Touchdowns de course du joueur Plus / Moins,31473,77067,1753255551,0.5|sa:player:nfl-1271738|CLE,4566582415,Jaleel McLaughlin (CLE) moins de 0.5,Jaleel McLaughlin (CLE) moins de 0.5,0.5,0.0,7,False
16551345,CLE Browns vs. PIT Steelers,Michael Burton,Michael Burton (CLE),1ère mi-temps - Touchdowns de course du joueur Plus / Moins,31473,77067,1753254530,0.5|sa:player:nfl-556483|CLE,4566580634,Michael Burton (CLE) Plus de 0.5,Michael Burton (CLE) Plus de 0.5,0.5,9.0,0,False
16551345,CLE Browns vs. PIT Steelers,Michael Burton,Michael Burton (CLE),1ère mi-temps - Touchdowns de course du joueur Plus / Moins,31473,77067,1753254530,0.5|sa:player:nfl-556483|CLE,4566580635,Michael Burton (CLE) moins de 0.5,Michael Burton (CLE) moins de 0.5,0.5,0.0,7,False
16551345,CLE Browns vs. PIT Steelers,D.K. Metcalf,D.K. Metcalf (PIT),1ère mi-temps - Touchdowns de réception du joueur Plus / Moins,31467,77061,1753255145,0.5|sa:player:nfl-945633|PIT,4566581704,D.K. Metcalf (PIT) Plus de 0.5,D.K. Metcalf (PIT) Plus de 0.5,0.5,4.75,0,False
16551345,CLE Browns vs. PIT Steelers,D.K. Metcalf,D.K. Metcalf (PIT),1ère mi-temps - Touchdowns de réception du joueur Plus / Moins,31467,77061,1753255145,0.5|sa:player:nfl-945633|PIT,4566581705,D.K. Metcalf (PIT) moins de 0.5,D.K. Metcalf (PIT) moins de 0.5,0.5,1.1112,0,False
16551345,CLE Browns vs. PIT Steelers,Harold Fannin,Harold Fannin (CLE),1ère mi-temps - Touchdowns de réception du joueur Plus / Moins,31467,77061,1753254979,0.5|sa:player:nfl-1394752|CLE,4566581418,Harold Fannin (CLE) Plus de 0.5,Harold Fannin (CLE) Plus de 0.5,0.5,5.25,0,False
16551345,CLE Browns vs. PIT Steelers,Harold Fannin,Harold Fannin (CLE),1ère mi-temps - Touchdowns de réception du joueur Plus / Moins,31467,77061,1753254979,0.5|sa:player:nfl-1394752|CLE,4566581419,Harold Fannin (CLE) moins de 0.5,Harold Fannin (CLE) moins de 0.5,0.5,1.0834,0,False
16551345,CLE Browns vs. PIT Steelers,Denzel Boston,Denzel Boston (CLE),1ère mi-temps - Touchdowns de réception du joueur Plus / Moins,31467,77061,1753254822,0.5|sa:player:nfl-1379904|CLE,4566581154,Denzel Boston (CLE) Plus de 0.5,Denzel Boston (CLE) Plus de 0.5,0.5,5.75,0,False
16551345,CLE Browns vs. PIT Steelers,Denzel Boston,Denzel Boston (CLE),1ère mi-temps - Touchdowns de réception du joueur Plus / Moins,31467,77061,1753254822,0.5|sa:player:nfl-1379904|CLE,4566581155,Denzel Boston (CLE) moins de 0.5,Denzel Boston (CLE) moins de 0.5,0.5,1.0715,0,False
16551345,CLE Browns vs. PIT Steelers,Pat Freiermuth,Pat Freiermuth (PIT),1ère mi-temps - Touchdowns de réception du joueur Plus / Moins,31467,77061,1753255286,0.5|sa:player:nfl-1116662|PIT,4566581945,Pat Freiermuth (PIT) Plus de 0.5,Pat Freiermuth (PIT) Plus de 0.5,0.5,5.75,0,False
16551345,CLE Browns vs. PIT Steelers,Pat Freiermuth,Pat Freiermuth (PIT),1ère mi-temps - Touchdowns de réception du joueur Plus / Moins,31467,77061,1753255286,0.5|sa:player:nfl-1116662|PIT,4566581946,Pat Freiermuth (PIT) moins de 0.5,Pat Freiermuth (PIT) moins de 0.5,0.5,1.0715,0,False
16551345,CLE Browns vs. PIT Steelers,Michael Pittman,Michael Pittman (PIT),1ère mi-temps - Touchdowns de réception du joueur Plus / Moins,31467,77061,1753254751,0.5|sa:player:nfl-911348|PIT,4566581029,Michael Pittman (PIT) Plus de 0.5,Michael Pittman (PIT) Plus de 0.5,0.5,6.0,0,False
16551345,CLE Browns vs. PIT Steelers,Michael Pittman,Michael Pittman (PIT),1ère mi-temps - Touchdowns de réception du joueur Plus / Moins,31467,77061,1753254751,0.5|sa:player:nfl-911348|PIT,4566581030,Michael Pittman (PIT) moins de 0.5,Michael Pittman (PIT) moins de 0.5,0.5,1.0625,0,False
16551345,CLE Browns vs. PIT Steelers,Kevin Concepcion,Kevin Concepcion (CLE),1ère mi-temps - Touchdowns de réception du joueur Plus / Moins,31467,77061,1753255685,0.5|sa:player:nfl-1441576|CLE,4566582653,Kevin Concepcion (CLE) Plus de 0.5,Kevin Concepcion (CLE) Plus de 0.5,0.5,6.25,0,False
16551345,CLE Browns vs. PIT Steelers,Kevin Concepcion,Kevin Concepcion (CLE),1ère mi-temps - Touchdowns de réception du joueur Plus / Moins,31467,77061,1753255685,0.5|sa:player:nfl-1441576|CLE,4566582654,Kevin Concepcion (CLE) moins de 0.5,Kevin Concepcion (CLE) moins de 0.5,0.5,1.05,0,False
16551345,CLE Browns vs. PIT Steelers,Jaylen Warren,Jaylen Warren (PIT),1ère mi-temps - Touchdowns de réception du joueur Plus / Moins,31467,77061,1753255365,0.5|sa:player:nfl-1176443|PIT,4566582085,Jaylen Warren (PIT) Plus de 0.5,Jaylen Warren (PIT) Plus de 0.5,0.5,6.75,0,False
16551345,CLE Browns vs. PIT Steelers,Jaylen Warren,Jaylen Warren (PIT),1ère mi-temps - Touchdowns de réception du joueur Plus / Moins,31467,77061,1753255365,0.5|sa:player:nfl-1176443|PIT,4566582086,Jaylen Warren (PIT) moins de 0.5,Jaylen Warren (PIT) moins de 0.5,0.5,1.04,0,False
16551345,CLE Browns vs. PIT Steelers,Roman Wilson,Roman Wilson (PIT),1ère mi-temps - Touchdowns de réception du joueur Plus / Moins,31467,77061,1753255459,0.5|sa:player:nfl-1229669|PIT,4566582250,Roman Wilson (PIT) Plus de 0.5,Roman Wilson (PIT) Plus de 0.5,0.5,6.75,0,False
16551345,CLE Browns vs. PIT Steelers,Roman Wilson,Roman Wilson (PIT),1ère mi-temps - Touchdowns de réception du joueur Plus / Moins,31467,77061,1753255459,0.5|sa:player:nfl-1229669|PIT,4566582251,Roman Wilson (PIT) moins de 0.5,Roman Wilson (PIT) moins de 0.5,0.5,1.04,0,False
16551345,CLE Browns vs. PIT Steelers,Darnell Washington,Darnell Washington (PIT),1ère mi-temps - Touchdowns de réception du joueur Plus / Moins,31467,77061,1753255432,0.5|sa:player:nfl-1218658|PIT,4566582205,Darnell Washington (PIT) Plus de 0.5,Darnell Washington (PIT) Plus de 0.5,0.5,7.5,0,False
16551345,CLE Browns vs. PIT Steelers,Darnell Washington,Darnell Washington (PIT),1ère mi-temps - Touchdowns de réception du joueur Plus / Moins,31467,77061,1753255432,0.5|sa:player:nfl-1218658|PIT,4566582206,Darnell Washington (PIT) moins de 0.5,Darnell Washington (PIT) moins de 0.5,0.5,1.02,0,False
16551345,CLE Browns vs. PIT Steelers,Germie Bernard,Germie Bernard (PIT),1ère mi-temps - Touchdowns de réception du joueur Plus / Moins,31467,77061,1753254849,0.5|sa:player:nfl-1380613|PIT,4566581200,Germie Bernard (PIT) moins de 0.5,Germie Bernard (PIT) moins de 0.5,0.5,1.02,0,False
16551345,CLE Browns vs. PIT Steelers,Germie Bernard,Germie Bernard (PIT),1ère mi-temps - Touchdowns de réception du joueur Plus / Moins,31467,77061,1753254849,0.5|sa:player:nfl-1380613|PIT,4566581199,Germie Bernard (PIT) Plus de 0.5,Germie Bernard (PIT) Plus de 0.5,0.5,7.75,0,False
16551345,CLE Browns vs. PIT Steelers,Quinshon Judkins,Quinshon Judkins (CLE),1ère mi-temps - Touchdowns de réception du joueur Plus / Moins,31467,77061,1753254882,0.5|sa:player:nfl-1383807|CLE,4566581256,Quinshon Judkins (CLE) moins de 0.5,Quinshon Judkins (CLE) moins de 0.5,0.5,1.02,0,False
16551345,CLE Browns vs. PIT Steelers,Quinshon Judkins,Quinshon Judkins (CLE),1ère mi-temps - Touchdowns de réception du joueur Plus / Moins,31467,77061,1753254882,0.5|sa:player:nfl-1383807|CLE,4566581255,Quinshon Judkins (CLE) Plus de 0.5,Quinshon Judkins (CLE) Plus de 0.5,0.5,7.75,0,False
16551345,CLE Browns vs. PIT Steelers,Ben Skowronek,Ben Skowronek (PIT),1ère mi-temps - Touchdowns de réception du joueur Plus / Moins,31467,77061,1753255077,0.5|sa:player:nfl-920944|PIT,4566581586,Ben Skowronek (PIT) Plus de 0.5,Ben Skowronek (PIT) Plus de 0.5,0.5,8.5,0,False
16551345,CLE Browns vs. PIT Steelers,Ben Skowronek,Ben Skowronek (PIT),1ère mi-temps - Touchdowns de réception du joueur Plus / Moins,31467,77061,1753255077,0.5|sa:player:nfl-920944|PIT,4566581587,Ben Skowronek (PIT) moins de 0.5,Ben Skowronek (PIT) moins de 0.5,0.5,0.0,7,False
16551345,CLE Browns vs. PIT Steelers,Blake Whiteheart,Blake Whiteheart (CLE),1ère mi-temps - Touchdowns de réception du joueur Plus / Moins,31467,77061,1753255259,0.5|sa:player:nfl-1109731|CLE,4566581900,Blake Whiteheart (CLE) Plus de 0.5,Blake Whiteheart (CLE) Plus de 0.5,0.5,8.5,0,False
16551345,CLE Browns vs. PIT Steelers,Blake Whiteheart,Blake Whiteheart (CLE),1ère mi-temps - Touchdowns de réception du joueur Plus / Moins,31467,77061,1753255259,0.5|sa:player:nfl-1109731|CLE,4566581901,Blake Whiteheart (CLE) moins de 0.5,Blake Whiteheart (CLE) moins de 0.5,0.5,0.0,7,False
16551345,CLE Browns vs. PIT Steelers,Jerry Jeudy,Jerry Jeudy (CLE),1ère mi-temps - Touchdowns de réception du joueur Plus / Moins,31467,77061,1753255172,0.5|sa:player:nfl-973935|CLE,4566581749,Jerry Jeudy (CLE) Plus de 0.5,Jerry Jeudy (CLE) Plus de 0.5,0.5,8.5,0,False
16551345,CLE Browns vs. PIT Steelers,Jerry Jeudy,Jerry Jeudy (CLE),1ère mi-temps - Touchdowns de réception du joueur Plus / Moins,31467,77061,1753255172,0.5|sa:player:nfl-973935|CLE,4566581750,Jerry Jeudy (CLE) moins de 0.5,Jerry Jeudy (CLE) moins de 0.5,0.5,1.01,0,False
16551345,CLE Browns vs. PIT Steelers,Raheim Sanders,Raheim Sanders (CLE),1ère mi-temps - Touchdowns de réception du joueur Plus / Moins,31467,77061,1753255631,0.5|sa:player:nfl-1285895|CLE,4566582556,Raheim Sanders (CLE) Plus de 0.5,Raheim Sanders (CLE) Plus de 0.5,0.5,8.5,0,False
16551345,CLE Browns vs. PIT Steelers,Raheim Sanders,Raheim Sanders (CLE),1ère mi-temps - Touchdowns de réception du joueur Plus / Moins,31467,77061,1753255631,0.5|sa:player:nfl-1285895|CLE,4566582557,Raheim Sanders (CLE) moins de 0.5,Raheim Sanders (CLE) moins de 0.5,0.5,0.0,7,False
16551345,CLE Browns vs. PIT Steelers,Tylan Wallace,Tylan Wallace (CLE),1ère mi-temps - Touchdowns de réception du joueur Plus / Moins,31467,77061,1753255217,0.5|sa:player:nfl-1062546|CLE,4566581827,Tylan Wallace (CLE) Plus de 0.5,Tylan Wallace (CLE) Plus de 0.5,0.5,8.5,0,False
16551345,CLE Browns vs. PIT Steelers,Tylan Wallace,Tylan Wallace (CLE),1ère mi-temps - Touchdowns de réception du joueur Plus / Moins,31467,77061,1753255217,0.5|sa:player:nfl-1062546|CLE,4566581828,Tylan Wallace (CLE) moins de 0.5,Tylan Wallace (CLE) moins de 0.5,0.5,0.0,7,False
16551345,CLE Browns vs. PIT Steelers,Isaiah Bond,Isaiah Bond (CLE),1ère mi-temps - Touchdowns de réception du joueur Plus / Moins,31467,77061,1753255047,0.5|sa:player:nfl-1398503|CLE,4566581536,Isaiah Bond (CLE) Plus de 0.5,Isaiah Bond (CLE) Plus de 0.5,0.5,9.0,0,False
16551345,CLE Browns vs. PIT Steelers,Isaiah Bond,Isaiah Bond (CLE),1ère mi-temps - Touchdowns de réception du joueur Plus / Moins,31467,77061,1753255047,0.5|sa:player:nfl-1398503|CLE,4566581537,Isaiah Bond (CLE) moins de 0.5,Isaiah Bond (CLE) moins de 0.5,0.5,0.0,7,False
16551345,CLE Browns vs. PIT Steelers,Aaron Rodgers,Aaron Rodgers (PIT),1ère mi-temps - Total de Touchdowns à la passe du joueur - Plus/Moins,31461,77055,1753254462,0.5|sa:player:nfl-213957|PIT,4566580508,Aaron Rodgers (PIT) Plus de 0.5,Aaron Rodgers (PIT) Plus de 0.5,0.5,1.7693,0,False
16551345,CLE Browns vs. PIT Steelers,Aaron Rodgers,Aaron Rodgers (PIT),1ère mi-temps - Total de Touchdowns à la passe du joueur - Plus/Moins,31461,77055,1753254462,0.5|sa:player:nfl-213957|PIT,4566580509,Aaron Rodgers (PIT) moins de 0.5,Aaron Rodgers (PIT) moins de 0.5,0.5,1.8334,0,False
16551345,CLE Browns vs. PIT Steelers,Deshaun Watson,Deshaun Watson (CLE),1ère mi-temps - Total de Touchdowns à la passe du joueur - Plus/Moins,31461,77055,1753254675,0.5|sa:player:nfl-828743|CLE,4566580891,Deshaun Watson (CLE) Plus de 0.5,Deshaun Watson (CLE) Plus de 0.5,0.5,2.2,0,False
16551345,CLE Browns vs. PIT Steelers,Deshaun Watson,Deshaun Watson (CLE),1ère mi-temps - Total de Touchdowns à la passe du joueur - Plus/Moins,31461,77055,1753254675,0.5|sa:player:nfl-828743|CLE,4566580892,Deshaun Watson (CLE) moins de 0.5,Deshaun Watson (CLE) moins de 0.5,0.5,1.5264,0,False
16551345,CLE Browns vs. PIT Steelers,Aaron Rodgers,Aaron Rodgers (PIT),Total de Touchdowns à la passe du joueur (Incl. Prolongations),761,71923,1753254451,1.5|sa:player:nfl-213957|PIT,4566580486,Aaron Rodgers (PIT) Plus de 1.5,Aaron Rodgers (PIT) Plus de 1.5,1.5,2.25,0,False
16551345,CLE Browns vs. PIT Steelers,Aaron Rodgers,Aaron Rodgers (PIT),Total de Touchdowns à la passe du joueur (Incl. Prolongations),761,71923,1753254451,1.5|sa:player:nfl-213957|PIT,4566580487,Aaron Rodgers (PIT) moins de 1.5,Aaron Rodgers (PIT) moins de 1.5,1.5,1.5264,0,False
16551345,CLE Browns vs. PIT Steelers,Deshaun Watson,Deshaun Watson (CLE),Total de Touchdowns à la passe du joueur (Incl. Prolongations),761,71923,1754228961,0.5|sa:player:nfl-828743|CLE,4569547372,Deshaun Watson (CLE) Plus de 0.5,Deshaun Watson (CLE) Plus de 0.5,0.5,1.4167,0,False
16551345,CLE Browns vs. PIT Steelers,Deshaun Watson,Deshaun Watson (CLE),Total de Touchdowns à la passe du joueur (Incl. Prolongations),761,71923,1754228961,0.5|sa:player:nfl-828743|CLE,4569547373,Deshaun Watson (CLE) moins de 0.5,Deshaun Watson (CLE) moins de 0.5,0.5,2.55,0,False
16551345,CLE Browns vs. PIT Steelers,Quinshon Judkins,Quinshon Judkins (CLE),2ème mi-temps - Touchdowns de course du joueur Plus / Moins,31474,77068,1753254896,0.5|sa:player:nfl-1383807|CLE,4566581283,Quinshon Judkins (CLE) Plus de 0.5,Quinshon Judkins (CLE) Plus de 0.5,0.5,3.5,0,False
16551345,CLE Browns vs. PIT Steelers,Quinshon Judkins,Quinshon Judkins (CLE),2ème mi-temps - Touchdowns de course du joueur Plus / Moins,31474,77068,1753254896,0.5|sa:player:nfl-1383807|CLE,4566581284,Quinshon Judkins (CLE) moins de 0.5,Quinshon Judkins (CLE) moins de 0.5,0.5,1.2106,0,False
16551345,CLE Browns vs. PIT Steelers,Jaylen Warren,Jaylen Warren (PIT),2ème mi-temps - Touchdowns de course du joueur Plus / Moins,31474,77068,1753255379,0.5|sa:player:nfl-1176443|PIT,4566582113,Jaylen Warren (PIT) Plus de 0.5,Jaylen Warren (PIT) Plus de 0.5,0.5,4.0,0,False
16551345,CLE Browns vs. PIT Steelers,Jaylen Warren,Jaylen Warren (PIT),2ème mi-temps - Touchdowns de course du joueur Plus / Moins,31474,77068,1753255379,0.5|sa:player:nfl-1176443|PIT,4566582114,Jaylen Warren (PIT) moins de 0.5,Jaylen Warren (PIT) moins de 0.5,0.5,1.1667,0,False
16551345,CLE Browns vs. PIT Steelers,Deshaun Watson,Deshaun Watson (CLE),2ème mi-temps - Touchdowns de course du joueur Plus / Moins,31474,77068,1753254698,0.5|sa:player:nfl-828743|CLE,4566580937,Deshaun Watson (CLE) Plus de 0.5,Deshaun Watson (CLE) Plus de 0.5,0.5,6.25,0,False
16551345,CLE Browns vs. PIT Steelers,Deshaun Watson,Deshaun Watson (CLE),2ème mi-temps - Touchdowns de course du joueur Plus / Moins,31474,77068,1753254698,0.5|sa:player:nfl-828743|CLE,4566580938,Deshaun Watson (CLE) moins de 0.5,Deshaun Watson (CLE) moins de 0.5,0.5,1.05,0,False
16551345,CLE Browns vs. PIT Steelers,Aaron Rodgers,Aaron Rodgers (PIT),2ème mi-temps - Touchdowns de course du joueur Plus / Moins,31474,77068,1753254485,0.5|sa:player:nfl-213957|PIT,4566580554,Aaron Rodgers (PIT) Plus de 0.5,Aaron Rodgers (PIT) Plus de 0.5,0.5,8.5,0,False
16551345,CLE Browns vs. PIT Steelers,Aaron Rodgers,Aaron Rodgers (PIT),2ème mi-temps - Touchdowns de course du joueur Plus / Moins,31474,77068,1753254485,0.5|sa:player:nfl-213957|PIT,4566580555,Aaron Rodgers (PIT) moins de 0.5,Aaron Rodgers (PIT) moins de 0.5,0.5,0.0,7,False
16551345,CLE Browns vs. PIT Steelers,Jaleel McLaughlin,Jaleel McLaughlin (CLE),2ème mi-temps - Touchdowns de course du joueur Plus / Moins,31474,77068,1753255552,0.5|sa:player:nfl-1271738|CLE,4566582416,Jaleel McLaughlin (CLE) Plus de 0.5,Jaleel McLaughlin (CLE) Plus de 0.5,0.5,8.5,0,False
16551345,CLE Browns vs. PIT Steelers,Jaleel McLaughlin,Jaleel McLaughlin (CLE),2ème mi-temps - Touchdowns de course du joueur Plus / Moins,31474,77068,1753255552,0.5|sa:player:nfl-1271738|CLE,4566582417,Jaleel McLaughlin (CLE) moins de 0.5,Jaleel McLaughlin (CLE) moins de 0.5,0.5,0.0,7,False
16551345,CLE Browns vs. PIT Steelers,Raheim Sanders,Raheim Sanders (CLE),2ème mi-temps - Touchdowns de course du joueur Plus / Moins,31474,77068,1753255645,0.5|sa:player:nfl-1285895|CLE,4566582584,Raheim Sanders (CLE) Plus de 0.5,Raheim Sanders (CLE) Plus de 0.5,0.5,8.5,0,False
16551345,CLE Browns vs. PIT Steelers,Raheim Sanders,Raheim Sanders (CLE),2ème mi-temps - Touchdowns de course du joueur Plus / Moins,31474,77068,1753255645,0.5|sa:player:nfl-1285895|CLE,4566582585,Raheim Sanders (CLE) moins de 0.5,Raheim Sanders (CLE) moins de 0.5,0.5,1.01,0,False
16551345,CLE Browns vs. PIT Steelers,D.K. Metcalf,D.K. Metcalf (PIT),2ème mi-temps - Touchdowns de réception du joueur Plus / Moins,31468,77062,1753255146,0.5|sa:player:nfl-945633|PIT,4566581706,D.K. Metcalf (PIT) Plus de 0.5,D.K. Metcalf (PIT) Plus de 0.5,0.5,4.75,0,False
16551345,CLE Browns vs. PIT Steelers,D.K. Metcalf,D.K. Metcalf (PIT),2ème mi-temps - Touchdowns de réception du joueur Plus / Moins,31468,77062,1753255146,0.5|sa:player:nfl-945633|PIT,4566581707,D.K. Metcalf (PIT) moins de 0.5,D.K. Metcalf (PIT) moins de 0.5,0.5,1.1112,0,False
16551345,CLE Browns vs. PIT Steelers,Harold Fannin,Harold Fannin (CLE),2ème mi-temps - Touchdowns de réception du joueur Plus / Moins,31468,77062,1753254980,0.5|sa:player:nfl-1394752|CLE,4566581420,Harold Fannin (CLE) Plus de 0.5,Harold Fannin (CLE) Plus de 0.5,0.5,4.75,0,False
16551345,CLE Browns vs. PIT Steelers,Harold Fannin,Harold Fannin (CLE),2ème mi-temps - Touchdowns de réception du joueur Plus / Moins,31468,77062,1753254980,0.5|sa:player:nfl-1394752|CLE,4566581421,Harold Fannin (CLE) moins de 0.5,Harold Fannin (CLE) moins de 0.5,0.5,1.1112,0,False
16551345,CLE Browns vs. PIT Steelers,Denzel Boston,Denzel Boston (CLE),2ème mi-temps - Touchdowns de réception du joueur Plus / Moins,31468,77062,1753254823,0.5|sa:player:nfl-1379904|CLE,4566581156,Denzel Boston (CLE) Plus de 0.5,Denzel Boston (CLE) Plus de 0.5,0.5,5.25,0,False
16551345,CLE Browns vs. PIT Steelers,Denzel Boston,Denzel Boston (CLE),2ème mi-temps - Touchdowns de réception du joueur Plus / Moins,31468,77062,1753254823,0.5|sa:player:nfl-1379904|CLE,4566581157,Denzel Boston (CLE) moins de 0.5,Denzel Boston (CLE) moins de 0.5,0.5,1.0834,0,False
16551345,CLE Browns vs. PIT Steelers,Pat Freiermuth,Pat Freiermuth (PIT),2ème mi-temps - Touchdowns de réception du joueur Plus / Moins,31468,77062,1753255287,0.5|sa:player:nfl-1116662|PIT,4566581947,Pat Freiermuth (PIT) Plus de 0.5,Pat Freiermuth (PIT) Plus de 0.5,0.5,5.75,0,False
16551345,CLE Browns vs. PIT Steelers,Pat Freiermuth,Pat Freiermuth (PIT),2ème mi-temps - Touchdowns de réception du joueur Plus / Moins,31468,77062,1753255287,0.5|sa:player:nfl-1116662|PIT,4566581948,Pat Freiermuth (PIT) moins de 0.5,Pat Freiermuth (PIT) moins de 0.5,0.5,1.0715,0,False
16551345,CLE Browns vs. PIT Steelers,Michael Pittman,Michael Pittman (PIT),2ème mi-temps - Touchdowns de réception du joueur Plus / Moins,31468,77062,1753254752,0.5|sa:player:nfl-911348|PIT,4566581032,Michael Pittman (PIT) moins de 0.5,Michael Pittman (PIT) moins de 0.5,0.5,1.0589,0,False
16551345,CLE Browns vs. PIT Steelers,Michael Pittman,Michael Pittman (PIT),2ème mi-temps - Touchdowns de réception du joueur Plus / Moins,31468,77062,1753254752,0.5|sa:player:nfl-911348|PIT,4566581031,Michael Pittman (PIT) Plus de 0.5,Michael Pittman (PIT) Plus de 0.5,0.5,6.0,0,False
16551345,CLE Browns vs. PIT Steelers,Kevin Concepcion,Kevin Concepcion (CLE),2ème mi-temps - Touchdowns de réception du joueur Plus / Moins,31468,77062,1753255686,0.5|sa:player:nfl-1441576|CLE,4566582656,Kevin Concepcion (CLE) moins de 0.5,Kevin Concepcion (CLE) moins de 0.5,0.5,1.05,0,False
16551345,CLE Browns vs. PIT Steelers,Kevin Concepcion,Kevin Concepcion (CLE),2ème mi-temps - Touchdowns de réception du joueur Plus / Moins,31468,77062,1753255686,0.5|sa:player:nfl-1441576|CLE,4566582655,Kevin Concepcion (CLE) Plus de 0.5,Kevin Concepcion (CLE) Plus de 0.5,0.5,6.25,0,False
16551345,CLE Browns vs. PIT Steelers,Roman Wilson,Roman Wilson (PIT),2ème mi-temps - Touchdowns de réception du joueur Plus / Moins,31468,77062,1753255460,0.5|sa:player:nfl-1229669|PIT,4566582252,Roman Wilson (PIT) Plus de 0.5,Roman Wilson (PIT) Plus de 0.5,0.5,6.75,0,False
16551345,CLE Browns vs. PIT Steelers,Roman Wilson,Roman Wilson (PIT),2ème mi-temps - Touchdowns de réception du joueur Plus / Moins,31468,77062,1753255460,0.5|sa:player:nfl-1229669|PIT,4566582253,Roman Wilson (PIT) moins de 0.5,Roman Wilson (PIT) moins de 0.5,0.5,1.04,0,False
16551345,CLE Browns vs. PIT Steelers,Jaylen Warren,Jaylen Warren (PIT),2ème mi-temps - Touchdowns de réception du joueur Plus / Moins,31468,77062,1753255366,0.5|sa:player:nfl-1176443|PIT,4566582088,Jaylen Warren (PIT) moins de 0.5,Jaylen Warren (PIT) moins de 0.5,0.5,1.0334,0,False
16551345,CLE Browns vs. PIT Steelers,Jaylen Warren,Jaylen Warren (PIT),2ème mi-temps - Touchdowns de réception du joueur Plus / Moins,31468,77062,1753255366,0.5|sa:player:nfl-1176443|PIT,4566582087,Jaylen Warren (PIT) Plus de 0.5,Jaylen Warren (PIT) Plus de 0.5,0.5,7.0,0,False
16551345,CLE Browns vs. PIT Steelers,Darnell Washington,Darnell Washington (PIT),2ème mi-temps - Touchdowns de réception du joueur Plus / Moins,31468,77062,1753255433,0.5|sa:player:nfl-1218658|PIT,4566582208,Darnell Washington (PIT) moins de 0.5,Darnell Washington (PIT) moins de 0.5,0.5,1.02,0,False
16551345,CLE Browns vs. PIT Steelers,Darnell Washington,Darnell Washington (PIT),2ème mi-temps - Touchdowns de réception du joueur Plus / Moins,31468,77062,1753255433,0.5|sa:player:nfl-1218658|PIT,4566582207,Darnell Washington (PIT) Plus de 0.5,Darnell Washington (PIT) Plus de 0.5,0.5,7.75,0,False
16551345,CLE Browns vs. PIT Steelers,Germie Bernard,Germie Bernard (PIT),2ème mi-temps - Touchdowns de réception du joueur Plus / Moins,31468,77062,1753254850,0.5|sa:player:nfl-1380613|PIT,4566581201,Germie Bernard (PIT) Plus de 0.5,Germie Bernard (PIT) Plus de 0.5,0.5,7.75,0,False
16551345,CLE Browns vs. PIT Steelers,Germie Bernard,Germie Bernard (PIT),2ème mi-temps - Touchdowns de réception du joueur Plus / Moins,31468,77062,1753254850,0.5|sa:player:nfl-1380613|PIT,4566581202,Germie Bernard (PIT) moins de 0.5,Germie Bernard (PIT) moins de 0.5,0.5,1.02,0,False
16551345,CLE Browns vs. PIT Steelers,Jerry Jeudy,Jerry Jeudy (CLE),2ème mi-temps - Touchdowns de réception du joueur Plus / Moins,31468,77062,1753255173,0.5|sa:player:nfl-973935|CLE,4566581752,Jerry Jeudy (CLE) moins de 0.5,Jerry Jeudy (CLE) moins de 0.5,0.5,1.02,0,False
16551345,CLE Browns vs. PIT Steelers,Jerry Jeudy,Jerry Jeudy (CLE),2ème mi-temps - Touchdowns de réception du joueur Plus / Moins,31468,77062,1753255173,0.5|sa:player:nfl-973935|CLE,4566581751,Jerry Jeudy (CLE) Plus de 0.5,Jerry Jeudy (CLE) Plus de 0.5,0.5,7.75,0,False
16551345,CLE Browns vs. PIT Steelers,Ben Skowronek,Ben Skowronek (PIT),2ème mi-temps - Touchdowns de réception du joueur Plus / Moins,31468,77062,1753255078,0.5|sa:player:nfl-920944|PIT,4566581588,Ben Skowronek (PIT) Plus de 0.5,Ben Skowronek (PIT) Plus de 0.5,0.5,8.5,0,False
16551345,CLE Browns vs. PIT Steelers,Ben Skowronek,Ben Skowronek (PIT),2ème mi-temps - Touchdowns de réception du joueur Plus / Moins,31468,77062,1753255078,0.5|sa:player:nfl-920944|PIT,4566581589,Ben Skowronek (PIT) moins de 0.5,Ben Skowronek (PIT) moins de 0.5,0.5,0.0,7,False
16551345,CLE Browns vs. PIT Steelers,Blake Whiteheart,Blake Whiteheart (CLE),2ème mi-temps - Touchdowns de réception du joueur Plus / Moins,31468,77062,1753255260,0.5|sa:player:nfl-1109731|CLE,4566581902,Blake Whiteheart (CLE) Plus de 0.5,Blake Whiteheart (CLE) Plus de 0.5,0.5,8.5,0,False
16551345,CLE Browns vs. PIT Steelers,Blake Whiteheart,Blake Whiteheart (CLE),2ème mi-temps - Touchdowns de réception du joueur Plus / Moins,31468,77062,1753255260,0.5|sa:player:nfl-1109731|CLE,4566581903,Blake Whiteheart (CLE) moins de 0.5,Blake Whiteheart (CLE) moins de 0.5,0.5,0.0,7,False
16551345,CLE Browns vs. PIT Steelers,Isaiah Bond,Isaiah Bond (CLE),2ème mi-temps - Touchdowns de réception du joueur Plus / Moins,31468,77062,1753255647,0.5|sa:player:nfl-1398503|CLE,4566582588,Isaiah Bond (CLE) Plus de 0.5,Isaiah Bond (CLE) Plus de 0.5,0.5,8.5,0,False
16551345,CLE Browns vs. PIT Steelers,Isaiah Bond,Isaiah Bond (CLE),2ème mi-temps - Touchdowns de réception du joueur Plus / Moins,31468,77062,1753255647,0.5|sa:player:nfl-1398503|CLE,4566582589,Isaiah Bond (CLE) moins de 0.5,Isaiah Bond (CLE) moins de 0.5,0.5,0.0,7,False
16551345,CLE Browns vs. PIT Steelers,Quinshon Judkins,Quinshon Judkins (CLE),2ème mi-temps - Touchdowns de réception du joueur Plus / Moins,31468,77062,1753254883,0.5|sa:player:nfl-1383807|CLE,4566581257,Quinshon Judkins (CLE) Plus de 0.5,Quinshon Judkins (CLE) Plus de 0.5,0.5,8.5,0,False
16551345,CLE Browns vs. PIT Steelers,Quinshon Judkins,Quinshon Judkins (CLE),2ème mi-temps - Touchdowns de réception du joueur Plus / Moins,31468,77062,1753254883,0.5|sa:player:nfl-1383807|CLE,4566581258,Quinshon Judkins (CLE) moins de 0.5,Quinshon Judkins (CLE) moins de 0.5,0.5,1.01,0,False
16551345,CLE Browns vs. PIT Steelers,Raheim Sanders,Raheim Sanders (CLE),2ème mi-temps - Touchdowns de réception du joueur Plus / Moins,31468,77062,1753255632,0.5|sa:player:nfl-1285895|CLE,4566582558,Raheim Sanders (CLE) Plus de 0.5,Raheim Sanders (CLE) Plus de 0.5,0.5,8.5,0,False
16551345,CLE Browns vs. PIT Steelers,Raheim Sanders,Raheim Sanders (CLE),2ème mi-temps - Touchdowns de réception du joueur Plus / Moins,31468,77062,1753255632,0.5|sa:player:nfl-1285895|CLE,4566582559,Raheim Sanders (CLE) moins de 0.5,Raheim Sanders (CLE) moins de 0.5,0.5,0.0,7,False
16551345,CLE Browns vs. PIT Steelers,Tylan Wallace,Tylan Wallace (CLE),2ème mi-temps - Touchdowns de réception du joueur Plus / Moins,31468,77062,1753255218,0.5|sa:player:nfl-1062546|CLE,4566581829,Tylan Wallace (CLE) Plus de 0.5,Tylan Wallace (CLE) Plus de 0.5,0.5,8.5,0,False
16551345,CLE Browns vs. PIT Steelers,Tylan Wallace,Tylan Wallace (CLE),2ème mi-temps - Touchdowns de réception du joueur Plus / Moins,31468,77062,1753255218,0.5|sa:player:nfl-1062546|CLE,4566581830,Tylan Wallace (CLE) moins de 0.5,Tylan Wallace (CLE) moins de 0.5,0.5,0.0,7,False
16551345,CLE Browns vs. PIT Steelers,Aaron Rodgers,Aaron Rodgers (PIT),2ème mi-temps - Total de Touchdowns à la passe du joueur - Plus/Moins,31462,77056,1753254463,0.5|sa:player:nfl-213957|PIT,4566580510,Aaron Rodgers (PIT) Plus de 0.5,Aaron Rodgers (PIT) Plus de 0.5,0.5,1.7693,0,False
16551345,CLE Browns vs. PIT Steelers,Aaron Rodgers,Aaron Rodgers (PIT),2ème mi-temps - Total de Touchdowns à la passe du joueur - Plus/Moins,31462,77056,1753254463,0.5|sa:player:nfl-213957|PIT,4566580511,Aaron Rodgers (PIT) moins de 0.5,Aaron Rodgers (PIT) moins de 0.5,0.5,1.8334,0,False
16551345,CLE Browns vs. PIT Steelers,Deshaun Watson,Deshaun Watson (CLE),2ème mi-temps - Total de Touchdowns à la passe du joueur - Plus/Moins,31462,77056,1753254676,0.5|sa:player:nfl-828743|CLE,4566580893,Deshaun Watson (CLE) Plus de 0.5,Deshaun Watson (CLE) Plus de 0.5,0.5,2.2,0,False
16551345,CLE Browns vs. PIT Steelers,Deshaun Watson,Deshaun Watson (CLE),2ème mi-temps - Total de Touchdowns à la passe du joueur - Plus/Moins,31462,77056,1753254676,0.5|sa:player:nfl-828743|CLE,4566580894,Deshaun Watson (CLE) moins de 0.5,Deshaun Watson (CLE) moins de 0.5,0.5,1.5264,0,False
16551345,CLE Browns vs. PIT Steelers,Jaylen Warren,Jaylen Warren (PIT),Premier quart-temps - Touchdowns de course du joueur Plus / Moins,31475,77069,1753255380,0.5|sa:player:nfl-1176443|PIT|1,4566582115,Jaylen Warren (PIT) Plus de 0.5,Jaylen Warren (PIT) Plus de 0.5,0.5,6.0,0,False
16551345,CLE Browns vs. PIT Steelers,Jaylen Warren,Jaylen Warren (PIT),Premier quart-temps - Touchdowns de course du joueur Plus / Moins,31475,77069,1753255380,0.5|sa:player:nfl-1176443|PIT|1,4566582116,Jaylen Warren (PIT) moins de 0.5,Jaylen Warren (PIT) moins de 0.5,0.5,1.0589,0,False
16551345,CLE Browns vs. PIT Steelers,Quinshon Judkins,Quinshon Judkins (CLE),Premier quart-temps - Touchdowns de course du joueur Plus / Moins,31475,77069,1753254897,0.5|sa:player:nfl-1383807|CLE|1,4566581285,Quinshon Judkins (CLE) Plus de 0.5,Quinshon Judkins (CLE) Plus de 0.5,0.5,6.25,0,False
16551345,CLE Browns vs. PIT Steelers,Quinshon Judkins,Quinshon Judkins (CLE),Premier quart-temps - Touchdowns de course du joueur Plus / Moins,31475,77069,1753254897,0.5|sa:player:nfl-1383807|CLE|1,4566581286,Quinshon Judkins (CLE) moins de 0.5,Quinshon Judkins (CLE) moins de 0.5,0.5,1.05,0,False
16551345,CLE Browns vs. PIT Steelers,Aaron Rodgers,Aaron Rodgers (PIT),Premier quart-temps - Touchdowns de course du joueur Plus / Moins,31475,77069,1753254486,0.5|sa:player:nfl-213957|PIT|1,4566580556,Aaron Rodgers (PIT) Plus de 0.5,Aaron Rodgers (PIT) Plus de 0.5,0.5,8.5,0,False
16551345,CLE Browns vs. PIT Steelers,Aaron Rodgers,Aaron Rodgers (PIT),Premier quart-temps - Touchdowns de course du joueur Plus / Moins,31475,77069,1753254486,0.5|sa:player:nfl-213957|PIT|1,4566580557,Aaron Rodgers (PIT) moins de 0.5,Aaron Rodgers (PIT) moins de 0.5,0.5,0.0,7,False
16551345,CLE Browns vs. PIT Steelers,Deshaun Watson,Deshaun Watson (CLE),Premier quart-temps - Touchdowns de course du joueur Plus / Moins,31475,77069,1753254699,0.5|sa:player:nfl-828743|CLE|1,4566580939,Deshaun Watson (CLE) Plus de 0.5,Deshaun Watson (CLE) Plus de 0.5,0.5,8.5,0,False
16551345,CLE Browns vs. PIT Steelers,Deshaun Watson,Deshaun Watson (CLE),Premier quart-temps - Touchdowns de course du joueur Plus / Moins,31475,77069,1753254699,0.5|sa:player:nfl-828743|CLE|1,4566580940,Deshaun Watson (CLE) moins de 0.5,Deshaun Watson (CLE) moins de 0.5,0.5,1.01,0,False
16551345,CLE Browns vs. PIT Steelers,Raheim Sanders,Raheim Sanders (CLE),Premier quart-temps - Touchdowns de course du joueur Plus / Moins,31475,77069,1753255646,0.5|sa:player:nfl-1285895|CLE|1,4566582586,Raheim Sanders (CLE) Plus de 0.5,Raheim Sanders (CLE) Plus de 0.5,0.5,8.5,0,False
16551345,CLE Browns vs. PIT Steelers,Raheim Sanders,Raheim Sanders (CLE),Premier quart-temps - Touchdowns de course du joueur Plus / Moins,31475,77069,1753255646,0.5|sa:player:nfl-1285895|CLE|1,4566582587,Raheim Sanders (CLE) moins de 0.5,Raheim Sanders (CLE) moins de 0.5,0.5,0.0,7,False
16551345,CLE Browns vs. PIT Steelers,D.K. Metcalf,D.K. Metcalf (PIT),Premier quart-temps - Touchdowns de réception du joueur Plus / Moins,31469,77063,1753255147,0.5|sa:player:nfl-945633|PIT|1,4566581708,D.K. Metcalf (PIT) Plus de 0.5,D.K. Metcalf (PIT) Plus de 0.5,0.5,7.5,0,False
16551345,CLE Browns vs. PIT Steelers,D.K. Metcalf,D.K. Metcalf (PIT),Premier quart-temps - Touchdowns de réception du joueur Plus / Moins,31469,77063,1753255147,0.5|sa:player:nfl-945633|PIT|1,4566581709,D.K. Metcalf (PIT) moins de 0.5,D.K. Metcalf (PIT) moins de 0.5,0.5,1.02,0,False
16551345,CLE Browns vs. PIT Steelers,Harold Fannin,Harold Fannin (CLE),Premier quart-temps - Touchdowns de réception du joueur Plus / Moins,31469,77063,1753254981,0.5|sa:player:nfl-1394752|CLE|1,4566581422,Harold Fannin (CLE) Plus de 0.5,Harold Fannin (CLE) Plus de 0.5,0.5,7.75,0,False
16551345,CLE Browns vs. PIT Steelers,Harold Fannin,Harold Fannin (CLE),Premier quart-temps - Touchdowns de réception du joueur Plus / Moins,31469,77063,1753254981,0.5|sa:player:nfl-1394752|CLE|1,4566581423,Harold Fannin (CLE) moins de 0.5,Harold Fannin (CLE) moins de 0.5,0.5,1.02,0,False
16551345,CLE Browns vs. PIT Steelers,Pat Freiermuth,Pat Freiermuth (PIT),Premier quart-temps - Touchdowns de réception du joueur Plus / Moins,31469,77063,1753255288,0.5|sa:player:nfl-1116662|PIT|1,4566581949,Pat Freiermuth (PIT) Plus de 0.5,Pat Freiermuth (PIT) Plus de 0.5,0.5,7.75,0,False
16551345,CLE Browns vs. PIT Steelers,Pat Freiermuth,Pat Freiermuth (PIT),Premier quart-temps - Touchdowns de réception du joueur Plus / Moins,31469,77063,1753255288,0.5|sa:player:nfl-1116662|PIT|1,4566581950,Pat Freiermuth (PIT) moins de 0.5,Pat Freiermuth (PIT) moins de 0.5,0.5,1.02,0,False
16551345,CLE Browns vs. PIT Steelers,Darnell Washington,Darnell Washington (PIT),Premier quart-temps - Touchdowns de réception du joueur Plus / Moins,31469,77063,1753255434,0.5|sa:player:nfl-1218658|PIT|1,4566582209,Darnell Washington (PIT) Plus de 0.5,Darnell Washington (PIT) Plus de 0.5,0.5,8.5,0,False
16551345,CLE Browns vs. PIT Steelers,Darnell Washington,Darnell Washington (PIT),Premier quart-temps - Touchdowns de réception du joueur Plus / Moins,31469,77063,1753255434,0.5|sa:player:nfl-1218658|PIT|1,4566582210,Darnell Washington (PIT) moins de 0.5,Darnell Washington (PIT) moins de 0.5,0.5,0.0,7,False
16551345,CLE Browns vs. PIT Steelers,Denzel Boston,Denzel Boston (CLE),Premier quart-temps - Touchdowns de réception du joueur Plus / Moins,31469,77063,1753254824,0.5|sa:player:nfl-1379904|CLE|1,4566581158,Denzel Boston (CLE) Plus de 0.5,Denzel Boston (CLE) Plus de 0.5,0.5,8.5,0,False
16551345,CLE Browns vs. PIT Steelers,Denzel Boston,Denzel Boston (CLE),Premier quart-temps - Touchdowns de réception du joueur Plus / Moins,31469,77063,1753254824,0.5|sa:player:nfl-1379904|CLE|1,4566581159,Denzel Boston (CLE) moins de 0.5,Denzel Boston (CLE) moins de 0.5,0.5,1.01,0,False
16551345,CLE Browns vs. PIT Steelers,Germie Bernard,Germie Bernard (PIT),Premier quart-temps - Touchdowns de réception du joueur Plus / Moins,31469,77063,1753254851,0.5|sa:player:nfl-1380613|PIT|1,4566581203,Germie Bernard (PIT) Plus de 0.5,Germie Bernard (PIT) Plus de 0.5,0.5,8.5,0,False
16551345,CLE Browns vs. PIT Steelers,Germie Bernard,Germie Bernard (PIT),Premier quart-temps - Touchdowns de réception du joueur Plus / Moins,31469,77063,1753254851,0.5|sa:player:nfl-1380613|PIT|1,4566581204,Germie Bernard (PIT) moins de 0.5,Germie Bernard (PIT) moins de 0.5,0.5,0.0,7,False
16551345,CLE Browns vs. PIT Steelers,Jaylen Warren,Jaylen Warren (PIT),Premier quart-temps - Touchdowns de réception du joueur Plus / Moins,31469,77063,1753255367,0.5|sa:player:nfl-1176443|PIT|1,4566582089,Jaylen Warren (PIT) Plus de 0.5,Jaylen Warren (PIT) Plus de 0.5,0.5,8.5,0,False
16551345,CLE Browns vs. PIT Steelers,Jaylen Warren,Jaylen Warren (PIT),Premier quart-temps - Touchdowns de réception du joueur Plus / Moins,31469,77063,1753255367,0.5|sa:player:nfl-1176443|PIT|1,4566582090,Jaylen Warren (PIT) moins de 0.5,Jaylen Warren (PIT) moins de 0.5,0.5,0.0,7,False
16551345,CLE Browns vs. PIT Steelers,Jerry Jeudy,Jerry Jeudy (CLE),Premier quart-temps - Touchdowns de réception du joueur Plus / Moins,31469,77063,1753255174,0.5|sa:player:nfl-973935|CLE|1,4566581753,Jerry Jeudy (CLE) Plus de 0.5,Jerry Jeudy (CLE) Plus de 0.5,0.5,8.5,0,False
16551345,CLE Browns vs. PIT Steelers,Jerry Jeudy,Jerry Jeudy (CLE),Premier quart-temps - Touchdowns de réception du joueur Plus / Moins,31469,77063,1753255174,0.5|sa:player:nfl-973935|CLE|1,4566581754,Jerry Jeudy (CLE) moins de 0.5,Jerry Jeudy (CLE) moins de 0.5,0.5,0.0,7,False
16551345,CLE Browns vs. PIT Steelers,Kevin Concepcion,Kevin Concepcion (CLE),Premier quart-temps - Touchdowns de réception du joueur Plus / Moins,31469,77063,1753255687,0.5|sa:player:nfl-1441576|CLE|1,4566582657,Kevin Concepcion (CLE) Plus de 0.5,Kevin Concepcion (CLE) Plus de 0.5,0.5,8.5,0,False
16551345,CLE Browns vs. PIT Steelers,Kevin Concepcion,Kevin Concepcion (CLE),Premier quart-temps - Touchdowns de réception du joueur Plus / Moins,31469,77063,1753255687,0.5|sa:player:nfl-1441576|CLE|1,4566582658,Kevin Concepcion (CLE) moins de 0.5,Kevin Concepcion (CLE) moins de 0.5,0.5,1.01,0,False
16551345,CLE Browns vs. PIT Steelers,Michael Pittman,Michael Pittman (PIT),Premier quart-temps - Touchdowns de réception du joueur Plus / Moins,31469,77063,1753254753,0.5|sa:player:nfl-911348|PIT|1,4566581033,Michael Pittman (PIT) Plus de 0.5,Michael Pittman (PIT) Plus de 0.5,0.5,8.5,0,False
16551345,CLE Browns vs. PIT Steelers,Michael Pittman,Michael Pittman (PIT),Premier quart-temps - Touchdowns de réception du joueur Plus / Moins,31469,77063,1753254753,0.5|sa:player:nfl-911348|PIT|1,4566581034,Michael Pittman (PIT) moins de 0.5,Michael Pittman (PIT) moins de 0.5,0.5,1.01,0,False
16551345,CLE Browns vs. PIT Steelers,Quinshon Judkins,Quinshon Judkins (CLE),Premier quart-temps - Touchdowns de réception du joueur Plus / Moins,31469,77063,1753254884,0.5|sa:player:nfl-1383807|CLE|1,4566581259,Quinshon Judkins (CLE) Plus de 0.5,Quinshon Judkins (CLE) Plus de 0.5,0.5,8.5,0,False
16551345,CLE Browns vs. PIT Steelers,Quinshon Judkins,Quinshon Judkins (CLE),Premier quart-temps - Touchdowns de réception du joueur Plus / Moins,31469,77063,1753254884,0.5|sa:player:nfl-1383807|CLE|1,4566581260,Quinshon Judkins (CLE) moins de 0.5,Quinshon Judkins (CLE) moins de 0.5,0.5,0.0,7,False
16551345,CLE Browns vs. PIT Steelers,Roman Wilson,Roman Wilson (PIT),Premier quart-temps - Touchdowns de réception du joueur Plus / Moins,31469,77063,1753255461,0.5|sa:player:nfl-1229669|PIT|1,4566582254,Roman Wilson (PIT) Plus de 0.5,Roman Wilson (PIT) Plus de 0.5,0.5,8.5,0,False
16551345,CLE Browns vs. PIT Steelers,Roman Wilson,Roman Wilson (PIT),Premier quart-temps - Touchdowns de réception du joueur Plus / Moins,31469,77063,1753255461,0.5|sa:player:nfl-1229669|PIT|1,4566582255,Roman Wilson (PIT) moins de 0.5,Roman Wilson (PIT) moins de 0.5,0.5,1.01,0,False
16551345,CLE Browns vs. PIT Steelers,Raheim Sanders,Raheim Sanders (CLE),Premier quart-temps - Touchdowns de réception du joueur Plus / Moins,31469,77063,1753255633,0.5|sa:player:nfl-1285895|CLE|1,4566582560,Raheim Sanders (CLE) Plus de 0.5,Raheim Sanders (CLE) Plus de 0.5,0.5,9.0,0,False
16551345,CLE Browns vs. PIT Steelers,Raheim Sanders,Raheim Sanders (CLE),Premier quart-temps - Touchdowns de réception du joueur Plus / Moins,31469,77063,1753255633,0.5|sa:player:nfl-1285895|CLE|1,4566582561,Raheim Sanders (CLE) moins de 0.5,Raheim Sanders (CLE) moins de 0.5,0.5,0.0,7,False
16551345,CLE Browns vs. PIT Steelers,Aaron Rodgers,Aaron Rodgers (PIT),Premier quart-temps - 	 Total de Touchdowns à la passe du joueur - Plus/Moins,31463,77057,1753254464,0.5|sa:player:nfl-213957|PIT|1,4566580512,Aaron Rodgers (PIT) Plus de 0.5,Aaron Rodgers (PIT) Plus de 0.5,0.5,3.2,0,False
16551345,CLE Browns vs. PIT Steelers,Aaron Rodgers,Aaron Rodgers (PIT),Premier quart-temps - 	 Total de Touchdowns à la passe du joueur - Plus/Moins,31463,77057,1753254464,0.5|sa:player:nfl-213957|PIT|1,4566580513,Aaron Rodgers (PIT) moins de 0.5,Aaron Rodgers (PIT) moins de 0.5,0.5,1.25,0,False
16551345,CLE Browns vs. PIT Steelers,Deshaun Watson,Deshaun Watson (CLE),Premier quart-temps - 	 Total de Touchdowns à la passe du joueur - Plus/Moins,31463,77057,1753254677,0.5|sa:player:nfl-828743|CLE|1,4566580896,Deshaun Watson (CLE) moins de 0.5,Deshaun Watson (CLE) moins de 0.5,0.5,1.1667,0,False
16551345,CLE Browns vs. PIT Steelers,Deshaun Watson,Deshaun Watson (CLE),Premier quart-temps - 	 Total de Touchdowns à la passe du joueur - Plus/Moins,31463,77057,1753254677,0.5|sa:player:nfl-828743|CLE|1,4566580895,Deshaun Watson (CLE) Plus de 0.5,Deshaun Watson (CLE) Plus de 0.5,0.5,4.0,0,False
16551345,CLE Browns vs. PIT Steelers,Aaron Rodgers,Aaron Rodgers (PIT),Deuxième quart-temps - 	 Total de Touchdowns à la passe du joueur - Plus/Moins,31463,77057,1753254465,0.5|sa:player:nfl-213957|PIT|2,4566580514,Aaron Rodgers (PIT) Plus de 0.5,Aaron Rodgers (PIT) Plus de 0.5,0.5,2.45,0,False
16551345,CLE Browns vs. PIT Steelers,Aaron Rodgers,Aaron Rodgers (PIT),Deuxième quart-temps - 	 Total de Touchdowns à la passe du joueur - Plus/Moins,31463,77057,1753254465,0.5|sa:player:nfl-213957|PIT|2,4566580515,Aaron Rodgers (PIT) moins de 0.5,Aaron Rodgers (PIT) moins de 0.5,0.5,1.4167,0,False
16551345,CLE Browns vs. PIT Steelers,Deshaun Watson,Deshaun Watson (CLE),Deuxième quart-temps - 	 Total de Touchdowns à la passe du joueur - Plus/Moins,31463,77057,1753254678,0.5|sa:player:nfl-828743|CLE|2,4566580897,Deshaun Watson (CLE) Plus de 0.5,Deshaun Watson (CLE) Plus de 0.5,0.5,3.1,0,False
16551345,CLE Browns vs. PIT Steelers,Deshaun Watson,Deshaun Watson (CLE),Deuxième quart-temps - 	 Total de Touchdowns à la passe du joueur - Plus/Moins,31463,77057,1753254678,0.5|sa:player:nfl-828743|CLE|2,4566580898,Deshaun Watson (CLE) moins de 0.5,Deshaun Watson (CLE) moins de 0.5,0.5,1.2667,0,False
16551345,CLE Browns vs. PIT Steelers,Aaron Rodgers,Aaron Rodgers (PIT),Troisième quart-temps - 	 Total de Touchdowns à la passe du joueur - Plus/Moins,31463,77057,1753254466,0.5|sa:player:nfl-213957|PIT|3,4566580516,Aaron Rodgers (PIT) Plus de 0.5,Aaron Rodgers (PIT) Plus de 0.5,0.5,3.25,0,False
16551345,CLE Browns vs. PIT Steelers,Aaron Rodgers,Aaron Rodgers (PIT),Troisième quart-temps - 	 Total de Touchdowns à la passe du joueur - Plus/Moins,31463,77057,1753254466,0.5|sa:player:nfl-213957|PIT|3,4566580517,Aaron Rodgers (PIT) moins de 0.5,Aaron Rodgers (PIT) moins de 0.5,0.5,1.25,0,False
16551345,CLE Browns vs. PIT Steelers,Deshaun Watson,Deshaun Watson (CLE),Troisième quart-temps - 	 Total de Touchdowns à la passe du joueur - Plus/Moins,31463,77057,1753254679,0.5|sa:player:nfl-828743|CLE|3,4566580899,Deshaun Watson (CLE) Plus de 0.5,Deshaun Watson (CLE) Plus de 0.5,0.5,4.0,0,False
16551345,CLE Browns vs. PIT Steelers,Deshaun Watson,Deshaun Watson (CLE),Troisième quart-temps - 	 Total de Touchdowns à la passe du joueur - Plus/Moins,31463,77057,1753254679,0.5|sa:player:nfl-828743|CLE|3,4566580900,Deshaun Watson (CLE) moins de 0.5,Deshaun Watson (CLE) moins de 0.5,0.5,1.1667,0,False
16551345,CLE Browns vs. PIT Steelers,Aaron Rodgers,Aaron Rodgers (PIT),Quatrième quart-temps - 	 Total de Touchdowns à la passe du joueur - Plus/Moins,31463,77057,1753254467,0.5|sa:player:nfl-213957|PIT|4,4566580518,Aaron Rodgers (PIT) Plus de 0.5,Aaron Rodgers (PIT) Plus de 0.5,0.5,2.6,0,False
16551345,CLE Browns vs. PIT Steelers,Aaron Rodgers,Aaron Rodgers (PIT),Quatrième quart-temps - 	 Total de Touchdowns à la passe du joueur - Plus/Moins,31463,77057,1753254467,0.5|sa:player:nfl-213957|PIT|4,4566580519,Aaron Rodgers (PIT) moins de 0.5,Aaron Rodgers (PIT) moins de 0.5,0.5,1.3847,0,False
16551345,CLE Browns vs. PIT Steelers,Deshaun Watson,Deshaun Watson (CLE),Quatrième quart-temps - 	 Total de Touchdowns à la passe du joueur - Plus/Moins,31463,77057,1753254680,0.5|sa:player:nfl-828743|CLE|4,4566580901,Deshaun Watson (CLE) Plus de 0.5,Deshaun Watson (CLE) Plus de 0.5,0.5,3.1,0,False
16551345,CLE Browns vs. PIT Steelers,Deshaun Watson,Deshaun Watson (CLE),Quatrième quart-temps - 	 Total de Touchdowns à la passe du joueur - Plus/Moins,31463,77057,1753254680,0.5|sa:player:nfl-828743|CLE|4,4566580902,Deshaun Watson (CLE) moins de 0.5,Deshaun Watson (CLE) moins de 0.5,0.5,1.2667,0,False
16498853,WAS Commanders		 vs. IND Colts,Jonathan Taylor,Jonathan Taylor (IND),Total de Touchdowns du joueur (Incl. Prolongations) (Jonathan Taylor (IND)),2145,72900,1754087688,IND|dst:player:242753,4569201976,3+,3+,IND|dst:player:242753,12.0,0,False
16498853,WAS Commanders		 vs. IND Colts,Jonathan Taylor,Jonathan Taylor (IND),Total de Touchdowns du joueur (Incl. Prolongations) (Jonathan Taylor (IND)),2145,72900,1754087688,IND|dst:player:242753,4569201974,1+,1+,IND|dst:player:242753,1.4,0,False
16498853,WAS Commanders		 vs. IND Colts,Jonathan Taylor,Jonathan Taylor (IND),Total de Touchdowns du joueur (Incl. Prolongations) (Jonathan Taylor (IND)),2145,72900,1754087688,IND|dst:player:242753,4569201975,2+,2+,IND|dst:player:242753,3.0,0,False
16498853,WAS Commanders		 vs. IND Colts,Jacory Croskey-Merritt,Jacory Croskey-Merritt (WAS),Total de Touchdowns du joueur (Incl. Prolongations) (Jacory Croskey-Merritt (WAS)),2145,72900,1754088034,WAS|dst:player:484655,4569202788,1+,1+,WAS|dst:player:484655,2.3,0,False
16498853,WAS Commanders		 vs. IND Colts,Jacory Croskey-Merritt,Jacory Croskey-Merritt (WAS),Total de Touchdowns du joueur (Incl. Prolongations) (Jacory Croskey-Merritt (WAS)),2145,72900,1754088034,WAS|dst:player:484655,4569202789,2+,2+,WAS|dst:player:484655,7.5,0,False
16498853,WAS Commanders		 vs. IND Colts,Jacory Croskey-Merritt,Jacory Croskey-Merritt (WAS),Total de Touchdowns du joueur (Incl. Prolongations) (Jacory Croskey-Merritt (WAS)),2145,72900,1754088034,WAS|dst:player:484655,4569202790,3+,3+,WAS|dst:player:484655,41.0,0,False
16498853,WAS Commanders		 vs. IND Colts,Tyler Warren,Tyler Warren (IND),Total de Touchdowns du joueur (Incl. Prolongations) (Tyler Warren (IND)),2145,72900,1754088033,IND|dst:player:484622,4569202785,1+,1+,IND|dst:player:484622,2.4,0,False
16498853,WAS Commanders		 vs. IND Colts,Tyler Warren,Tyler Warren (IND),Total de Touchdowns du joueur (Incl. Prolongations) (Tyler Warren (IND)),2145,72900,1754088033,IND|dst:player:484622,4569202786,2+,2+,IND|dst:player:484622,8.0,0,False
16498853,WAS Commanders		 vs. IND Colts,Tyler Warren,Tyler Warren (IND),Total de Touchdowns du joueur (Incl. Prolongations) (Tyler Warren (IND)),2145,72900,1754088033,IND|dst:player:484622,4569202787,3+,3+,IND|dst:player:484622,51.0,0,False
16498853,WAS Commanders		 vs. IND Colts,Josh Downs,Josh Downs (IND),Total de Touchdowns du joueur (Incl. Prolongations) (Josh Downs (IND)),2145,72900,1754087894,IND|dst:player:374671,4569202481,1+,1+,IND|dst:player:374671,2.7,0,False
16498853,WAS Commanders		 vs. IND Colts,Josh Downs,Josh Downs (IND),Total de Touchdowns du joueur (Incl. Prolongations) (Josh Downs (IND)),2145,72900,1754087894,IND|dst:player:374671,4569202482,2+,2+,IND|dst:player:374671,10.0,0,False
16498853,WAS Commanders		 vs. IND Colts,Josh Downs,Josh Downs (IND),Total de Touchdowns du joueur (Incl. Prolongations) (Josh Downs (IND)),2145,72900,1754087894,IND|dst:player:374671,4569202483,3+,3+,IND|dst:player:374671,71.0,0,False
16498853,WAS Commanders		 vs. IND Colts,Keenan Allen,Keenan Allen (IND),Total de Touchdowns du joueur (Incl. Prolongations) (Keenan Allen (IND)),2145,72900,1754088161,IND|dst:player:564085,4569203131,1+,1+,IND|dst:player:564085,2.8,0,False
16498853,WAS Commanders		 vs. IND Colts,Keenan Allen,Keenan Allen (IND),Total de Touchdowns du joueur (Incl. Prolongations) (Keenan Allen (IND)),2145,72900,1754088161,IND|dst:player:564085,4569203132,2+,2+,IND|dst:player:564085,11.0,0,False
16498853,WAS Commanders		 vs. IND Colts,Keenan Allen,Keenan Allen (IND),Total de Touchdowns du joueur (Incl. Prolongations) (Keenan Allen (IND)),2145,72900,1754088161,IND|dst:player:564085,4569203133,3+,3+,IND|dst:player:564085,71.0,0,False
16498853,WAS Commanders		 vs. IND Colts,Terry McLaurin,Terry McLaurin (WAS),Total de Touchdowns du joueur (Incl. Prolongations) (Terry McLaurin (WAS)),2145,72900,1754087687,WAS|dst:player:229456,4569201971,1+,1+,WAS|dst:player:229456,2.8,0,False
16498853,WAS Commanders		 vs. IND Colts,Terry McLaurin,Terry McLaurin (WAS),Total de Touchdowns du joueur (Incl. Prolongations) (Terry McLaurin (WAS)),2145,72900,1754087687,WAS|dst:player:229456,4569201972,2+,2+,WAS|dst:player:229456,11.0,0,False
16498853,WAS Commanders		 vs. IND Colts,Terry McLaurin,Terry McLaurin (WAS),Total de Touchdowns du joueur (Incl. Prolongations) (Terry McLaurin (WAS)),2145,72900,1754087687,WAS|dst:player:229456,4569201973,3+,3+,WAS|dst:player:229456,71.0,0,False
16498853,WAS Commanders		 vs. IND Colts,Rachaad White,Rachaad White (WAS),Total de Touchdowns du joueur (Incl. Prolongations) (Rachaad White (WAS)),2145,72900,1754088038,WAS|dst:player:541023,4569202800,1+,1+,WAS|dst:player:541023,2.8,0,False
16498853,WAS Commanders		 vs. IND Colts,Rachaad White,Rachaad White (WAS),Total de Touchdowns du joueur (Incl. Prolongations) (Rachaad White (WAS)),2145,72900,1754088038,WAS|dst:player:541023,4569202801,2+,2+,WAS|dst:player:541023,11.0,0,False
16498853,WAS Commanders		 vs. IND Colts,Rachaad White,Rachaad White (WAS),Total de Touchdowns du joueur (Incl. Prolongations) (Rachaad White (WAS)),2145,72900,1754088038,WAS|dst:player:541023,4569202802,3+,3+,WAS|dst:player:541023,71.0,0,False
16498853,WAS Commanders		 vs. IND Colts,Stefon Diggs,Stefon Diggs (WAS),Total de Touchdowns du joueur (Incl. Prolongations) (Stefon Diggs (WAS)),2145,72900,1754088160,WAS|dst:player:561058,4569203128,1+,1+,WAS|dst:player:561058,3.4,0,False
16498853,WAS Commanders		 vs. IND Colts,Stefon Diggs,Stefon Diggs (WAS),Total de Touchdowns du joueur (Incl. Prolongations) (Stefon Diggs (WAS)),2145,72900,1754088160,WAS|dst:player:561058,4569203129,2+,2+,WAS|dst:player:561058,17.0,0,False
16498853,WAS Commanders		 vs. IND Colts,Stefon Diggs,Stefon Diggs (WAS),Total de Touchdowns du joueur (Incl. Prolongations) (Stefon Diggs (WAS)),2145,72900,1754088160,WAS|dst:player:561058,4569203130,3+,3+,WAS|dst:player:561058,101.0,0,False
16498853,WAS Commanders		 vs. IND Colts,Marcus Mariota,Marcus Mariota (WAS),Total de Touchdowns du joueur (Incl. Prolongations) (Marcus Mariota (WAS)),2145,72900,1754087895,WAS|dst:player:409981,4569202484,1+,1+,WAS|dst:player:409981,4.5,0,False
16498853,WAS Commanders		 vs. IND Colts,Marcus Mariota,Marcus Mariota (WAS),Total de Touchdowns du joueur (Incl. Prolongations) (Marcus Mariota (WAS)),2145,72900,1754087895,WAS|dst:player:409981,4569202485,2+,2+,WAS|dst:player:409981,31.0,0,False
16498853,WAS Commanders		 vs. IND Colts,Marcus Mariota,Marcus Mariota (WAS),Total de Touchdowns du joueur (Incl. Prolongations) (Marcus Mariota (WAS)),2145,72900,1754087895,WAS|dst:player:409981,4569202486,3+,3+,WAS|dst:player:409981,151.0,0,False
16498853,WAS Commanders		 vs. IND Colts,Chigoziem Okonkwo,Chigoziem Okonkwo (WAS),Total de Touchdowns du joueur (Incl. Prolongations) (Chigoziem Okonkwo (WAS)),2145,72900,1754088037,WAS|dst:player:540949,4569202797,1+,1+,WAS|dst:player:540949,4.5,0,False
16498853,WAS Commanders		 vs. IND Colts,Chigoziem Okonkwo,Chigoziem Okonkwo (WAS),Total de Touchdowns du joueur (Incl. Prolongations) (Chigoziem Okonkwo (WAS)),2145,72900,1754088037,WAS|dst:player:540949,4569202798,2+,2+,WAS|dst:player:540949,31.0,0,False
16498853,WAS Commanders		 vs. IND Colts,Chigoziem Okonkwo,Chigoziem Okonkwo (WAS),Total de Touchdowns du joueur (Incl. Prolongations) (Chigoziem Okonkwo (WAS)),2145,72900,1754088037,WAS|dst:player:540949,4569202799,3+,3+,WAS|dst:player:540949,151.0,0,False
16498853,WAS Commanders		 vs. IND Colts,Laquon Treadwell,Laquon Treadwell (IND),Total de Touchdowns du joueur (Incl. Prolongations) (Laquon Treadwell (IND)),2145,72900,1754087900,IND|dst:player:440897,4569202499,1+,1+,IND|dst:player:440897,5.5,0,False
16498853,WAS Commanders		 vs. IND Colts,Laquon Treadwell,Laquon Treadwell (IND),Total de Touchdowns du joueur (Incl. Prolongations) (Laquon Treadwell (IND)),2145,72900,1754087900,IND|dst:player:440897,4569202500,2+,2+,IND|dst:player:440897,36.0,0,False
16498853,WAS Commanders		 vs. IND Colts,Laquon Treadwell,Laquon Treadwell (IND),Total de Touchdowns du joueur (Incl. Prolongations) (Laquon Treadwell (IND)),2145,72900,1754087900,IND|dst:player:440897,4569202501,3+,3+,IND|dst:player:440897,201.0,0,False
16498853,WAS Commanders		 vs. IND Colts,Daniel Jones,Daniel Jones (IND),Total de Touchdowns du joueur (Incl. Prolongations) (Daniel Jones (IND)),2145,72900,1754087901,IND|dst:player:476374,4569202504,3+,3+,IND|dst:player:476374,201.0,0,False
16498853,WAS Commanders		 vs. IND Colts,Daniel Jones,Daniel Jones (IND),Total de Touchdowns du joueur (Incl. Prolongations) (Daniel Jones (IND)),2145,72900,1754087901,IND|dst:player:476374,4569202502,1+,1+,IND|dst:player:476374,5.5,0,False
16498853,WAS Commanders		 vs. IND Colts,Daniel Jones,Daniel Jones (IND),Total de Touchdowns du joueur (Incl. Prolongations) (Daniel Jones (IND)),2145,72900,1754087901,IND|dst:player:476374,4569202503,2+,2+,IND|dst:player:476374,36.0,0,False
16498853,WAS Commanders		 vs. IND Colts,Treylon Burks,Treylon Burks (WAS),Total de Touchdowns du joueur (Incl. Prolongations) (Treylon Burks (WAS)),2145,72900,1754088036,WAS|dst:player:522541,4569202794,1+,1+,WAS|dst:player:522541,5.5,0,False
16498853,WAS Commanders		 vs. IND Colts,Treylon Burks,Treylon Burks (WAS),Total de Touchdowns du joueur (Incl. Prolongations) (Treylon Burks (WAS)),2145,72900,1754088036,WAS|dst:player:522541,4569202795,2+,2+,WAS|dst:player:522541,36.0,0,False
16498853,WAS Commanders		 vs. IND Colts,Treylon Burks,Treylon Burks (WAS),Total de Touchdowns du joueur (Incl. Prolongations) (Treylon Burks (WAS)),2145,72900,1754088036,WAS|dst:player:522541,4569202796,3+,3+,WAS|dst:player:522541,201.0,0,False
16498853,WAS Commanders		 vs. IND Colts,Antonio Williams,Antonio Williams (WAS),Total de Touchdowns du joueur (Incl. Prolongations) (Antonio Williams (WAS)),2145,72900,1754088159,WAS|dst:player:546516,4569203125,1+,1+,WAS|dst:player:546516,6.0,0,False
16498853,WAS Commanders		 vs. IND Colts,Antonio Williams,Antonio Williams (WAS),Total de Touchdowns du joueur (Incl. Prolongations) (Antonio Williams (WAS)),2145,72900,1754088159,WAS|dst:player:546516,4569203126,2+,2+,WAS|dst:player:546516,41.0,0,False
16498853,WAS Commanders		 vs. IND Colts,Antonio Williams,Antonio Williams (WAS),Total de Touchdowns du joueur (Incl. Prolongations) (Antonio Williams (WAS)),2145,72900,1754088159,WAS|dst:player:546516,4569203127,3+,3+,WAS|dst:player:546516,201.0,0,False
16498853,WAS Commanders		 vs. IND Colts,Ben Sinnott,Ben Sinnott (WAS),Total de Touchdowns du joueur (Incl. Prolongations) (Ben Sinnott (WAS)),2145,72900,1754087899,WAS|dst:player:432406,4569202496,1+,1+,WAS|dst:player:432406,6.5,0,False
16498853,WAS Commanders		 vs. IND Colts,Ben Sinnott,Ben Sinnott (WAS),Total de Touchdowns du joueur (Incl. Prolongations) (Ben Sinnott (WAS)),2145,72900,1754087899,WAS|dst:player:432406,4569202497,2+,2+,WAS|dst:player:432406,41.0,0,False
16498853,WAS Commanders		 vs. IND Colts,Ben Sinnott,Ben Sinnott (WAS),Total de Touchdowns du joueur (Incl. Prolongations) (Ben Sinnott (WAS)),2145,72900,1754087899,WAS|dst:player:432406,4569202498,3+,3+,WAS|dst:player:432406,201.0,0,False
16498853,WAS Commanders		 vs. IND Colts,Dyami Brown,Dyami Brown (WAS),Total de Touchdowns du joueur (Incl. Prolongations) (Dyami Brown (WAS)),2145,72900,1754087689,WAS|dst:player:264173,4569201977,1+,1+,WAS|dst:player:264173,7.0,0,False
16498853,WAS Commanders		 vs. IND Colts,Dyami Brown,Dyami Brown (WAS),Total de Touchdowns du joueur (Incl. Prolongations) (Dyami Brown (WAS)),2145,72900,1754087689,WAS|dst:player:264173,4569201978,2+,2+,WAS|dst:player:264173,51.0,0,False
16498853,WAS Commanders		 vs. IND Colts,Dyami Brown,Dyami Brown (WAS),Total de Touchdowns du joueur (Incl. Prolongations) (Dyami Brown (WAS)),2145,72900,1754087689,WAS|dst:player:264173,4569201979,3+,3+,WAS|dst:player:264173,201.0,0,False
16498853,WAS Commanders		 vs. IND Colts,Mo Alie-Cox,Mo Alie-Cox (IND),Total de Touchdowns du joueur (Incl. Prolongations) (Mo Alie-Cox (IND)),2145,72900,1754087686,IND|dst:player:156522,4569201968,1+,1+,IND|dst:player:156522,9.0,0,False
16498853,WAS Commanders		 vs. IND Colts,Mo Alie-Cox,Mo Alie-Cox (IND),Total de Touchdowns du joueur (Incl. Prolongations) (Mo Alie-Cox (IND)),2145,72900,1754087686,IND|dst:player:156522,4569201969,2+,2+,IND|dst:player:156522,71.0,0,False
16498853,WAS Commanders		 vs. IND Colts,Mo Alie-Cox,Mo Alie-Cox (IND),Total de Touchdowns du joueur (Incl. Prolongations) (Mo Alie-Cox (IND)),2145,72900,1754087686,IND|dst:player:156522,4569201970,3+,3+,IND|dst:player:156522,201.0,0,False
16498853,WAS Commanders		 vs. IND Colts,Seth McGowan,Seth McGowan (IND),Total de Touchdowns du joueur (Incl. Prolongations) (Seth McGowan (IND)),2145,72900,1754088040,IND|dst:player:546319,4569202808,3+,3+,IND|dst:player:546319,201.0,0,False
16498853,WAS Commanders		 vs. IND Colts,Seth McGowan,Seth McGowan (IND),Total de Touchdowns du joueur (Incl. Prolongations) (Seth McGowan (IND)),2145,72900,1754088040,IND|dst:player:546319,4569202806,1+,1+,IND|dst:player:546319,9.0,0,False
16498853,WAS Commanders		 vs. IND Colts,Seth McGowan,Seth McGowan (IND),Total de Touchdowns du joueur (Incl. Prolongations) (Seth McGowan (IND)),2145,72900,1754088040,IND|dst:player:546319,4569202807,2+,2+,IND|dst:player:546319,71.0,0,False
16498853,WAS Commanders		 vs. IND Colts,John Bates,John Bates (WAS),Total de Touchdowns du joueur (Incl. Prolongations) (John Bates (WAS)),2145,72900,1754087690,WAS|dst:player:264176,4569201980,1+,1+,WAS|dst:player:264176,9.0,0,False
16498853,WAS Commanders		 vs. IND Colts,John Bates,John Bates (WAS),Total de Touchdowns du joueur (Incl. Prolongations) (John Bates (WAS)),2145,72900,1754087690,WAS|dst:player:264176,4569201981,2+,2+,WAS|dst:player:264176,71.0,0,False
16498853,WAS Commanders		 vs. IND Colts,John Bates,John Bates (WAS),Total de Touchdowns du joueur (Incl. Prolongations) (John Bates (WAS)),2145,72900,1754087690,WAS|dst:player:264176,4569201982,3+,3+,WAS|dst:player:264176,201.0,0,False
16498853,WAS Commanders		 vs. IND Colts,Kaytron Allen,Kaytron Allen (WAS),Total de Touchdowns du joueur (Incl. Prolongations) (Kaytron Allen (WAS)),2145,72900,1754088158,WAS|dst:player:546514,4569203122,1+,1+,WAS|dst:player:546514,9.0,0,False
16498853,WAS Commanders		 vs. IND Colts,Kaytron Allen,Kaytron Allen (WAS),Total de Touchdowns du joueur (Incl. Prolongations) (Kaytron Allen (WAS)),2145,72900,1754088158,WAS|dst:player:546514,4569203123,2+,2+,WAS|dst:player:546514,71.0,0,False
16498853,WAS Commanders		 vs. IND Colts,Kaytron Allen,Kaytron Allen (WAS),Total de Touchdowns du joueur (Incl. Prolongations) (Kaytron Allen (WAS)),2145,72900,1754088158,WAS|dst:player:546514,4569203124,3+,3+,WAS|dst:player:546514,201.0,0,False
16498853,WAS Commanders		 vs. IND Colts,Jaylin Lane,Jaylin Lane (WAS),Total de Touchdowns du joueur (Incl. Prolongations) (Jaylin Lane (WAS)),2145,72900,1754088035,WAS|dst:player:484656,4569202792,2+,2+,WAS|dst:player:484656,81.0,0,False
16498853,WAS Commanders		 vs. IND Colts,Jaylin Lane,Jaylin Lane (WAS),Total de Touchdowns du joueur (Incl. Prolongations) (Jaylin Lane (WAS)),2145,72900,1754088035,WAS|dst:player:484656,4569202793,3+,3+,WAS|dst:player:484656,201.0,0,False
16498853,WAS Commanders		 vs. IND Colts,Jaylin Lane,Jaylin Lane (WAS),Total de Touchdowns du joueur (Incl. Prolongations) (Jaylin Lane (WAS)),2145,72900,1754088035,WAS|dst:player:484656,4569202791,1+,1+,WAS|dst:player:484656,10.0,0,False
16498853,WAS Commanders		 vs. IND Colts,Andrew Ogletree,Andrew Ogletree (IND),Total de Touchdowns du joueur (Incl. Prolongations) (Andrew Ogletree (IND)),2145,72900,1754087893,IND|dst:player:370322,4569202480,3+,3+,IND|dst:player:370322,251.0,0,False
16498853,WAS Commanders		 vs. IND Colts,Andrew Ogletree,Andrew Ogletree (IND),Total de Touchdowns du joueur (Incl. Prolongations) (Andrew Ogletree (IND)),2145,72900,1754087893,IND|dst:player:370322,4569202478,1+,1+,IND|dst:player:370322,12.0,0,False
16498853,WAS Commanders		 vs. IND Colts,Andrew Ogletree,Andrew Ogletree (IND),Total de Touchdowns du joueur (Incl. Prolongations) (Andrew Ogletree (IND)),2145,72900,1754087893,IND|dst:player:370322,4569202479,2+,2+,IND|dst:player:370322,91.0,0,False
16498853,WAS Commanders		 vs. IND Colts,Anthony Gould,Anthony Gould (IND),Total de Touchdowns du joueur (Incl. Prolongations) (Anthony Gould (IND)),2145,72900,1754087898,IND|dst:player:430318,4569202493,1+,1+,IND|dst:player:430318,12.0,0,False
16498853,WAS Commanders		 vs. IND Colts,Anthony Gould,Anthony Gould (IND),Total de Touchdowns du joueur (Incl. Prolongations) (Anthony Gould (IND)),2145,72900,1754087898,IND|dst:player:430318,4569202494,2+,2+,IND|dst:player:430318,91.0,0,False
16498853,WAS Commanders		 vs. IND Colts,Anthony Gould,Anthony Gould (IND),Total de Touchdowns du joueur (Incl. Prolongations) (Anthony Gould (IND)),2145,72900,1754087898,IND|dst:player:430318,4569202495,3+,3+,IND|dst:player:430318,251.0,0,False
16498853,WAS Commanders		 vs. IND Colts,Nick Westbrook-Ikhine,Nick Westbrook-Ikhine (IND),Total de Touchdowns du joueur (Incl. Prolongations) (Nick Westbrook-Ikhine (IND)),2145,72900,1754088039,IND|dst:player:541343,4569202803,1+,1+,IND|dst:player:541343,12.0,0,False
16498853,WAS Commanders		 vs. IND Colts,Nick Westbrook-Ikhine,Nick Westbrook-Ikhine (IND),Total de Touchdowns du joueur (Incl. Prolongations) (Nick Westbrook-Ikhine (IND)),2145,72900,1754088039,IND|dst:player:541343,4569202804,2+,2+,IND|dst:player:541343,91.0,0,False
16498853,WAS Commanders		 vs. IND Colts,Nick Westbrook-Ikhine,Nick Westbrook-Ikhine (IND),Total de Touchdowns du joueur (Incl. Prolongations) (Nick Westbrook-Ikhine (IND)),2145,72900,1754088039,IND|dst:player:541343,4569202805,3+,3+,IND|dst:player:541343,251.0,0,False
16498853,WAS Commanders		 vs. IND Colts,Deion Burks,Deion Burks (IND),Total de Touchdowns du joueur (Incl. Prolongations) (Deion Burks (IND)),2145,72900,1754088041,IND|dst:player:546324,4569202809,1+,1+,IND|dst:player:546324,12.0,0,False
16498853,WAS Commanders		 vs. IND Colts,Deion Burks,Deion Burks (IND),Total de Touchdowns du joueur (Incl. Prolongations) (Deion Burks (IND)),2145,72900,1754088041,IND|dst:player:546324,4569202810,2+,2+,IND|dst:player:546324,91.0,0,False
16498853,WAS Commanders		 vs. IND Colts,Deion Burks,Deion Burks (IND),Total de Touchdowns du joueur (Incl. Prolongations) (Deion Burks (IND)),2145,72900,1754088041,IND|dst:player:546324,4569202811,3+,3+,IND|dst:player:546324,251.0,0,False
16498853,WAS Commanders		 vs. IND Colts,Colson Yankoff,Colson Yankoff (WAS),Total de Touchdowns du joueur (Incl. Prolongations) (Colson Yankoff (WAS)),2145,72900,1754087896,WAS|dst:player:429133,4569202488,2+,2+,WAS|dst:player:429133,91.0,0,False
16498853,WAS Commanders		 vs. IND Colts,Colson Yankoff,Colson Yankoff (WAS),Total de Touchdowns du joueur (Incl. Prolongations) (Colson Yankoff (WAS)),2145,72900,1754087896,WAS|dst:player:429133,4569202489,3+,3+,WAS|dst:player:429133,251.0,0,False
16498853,WAS Commanders		 vs. IND Colts,Colson Yankoff,Colson Yankoff (WAS),Total de Touchdowns du joueur (Incl. Prolongations) (Colson Yankoff (WAS)),2145,72900,1754087896,WAS|dst:player:429133,4569202487,1+,1+,WAS|dst:player:429133,12.0,0,False
16498853,WAS Commanders		 vs. IND Colts,Luke McCaffrey,Luke McCaffrey (WAS),Total de Touchdowns du joueur (Incl. Prolongations) (Luke McCaffrey (WAS)),2145,72900,1754087897,WAS|dst:player:430024,4569202490,1+,1+,WAS|dst:player:430024,12.0,0,False
16498853,WAS Commanders		 vs. IND Colts,Luke McCaffrey,Luke McCaffrey (WAS),Total de Touchdowns du joueur (Incl. Prolongations) (Luke McCaffrey (WAS)),2145,72900,1754087897,WAS|dst:player:430024,4569202491,2+,2+,WAS|dst:player:430024,91.0,0,False
16498853,WAS Commanders		 vs. IND Colts,Luke McCaffrey,Luke McCaffrey (WAS),Total de Touchdowns du joueur (Incl. Prolongations) (Luke McCaffrey (WAS)),2145,72900,1754087897,WAS|dst:player:430024,4569202492,3+,3+,WAS|dst:player:430024,251.0,0,False
16551790,BAL Ravens vs. TEN Titans,Derrick Henry,Derrick Henry (BAL),Total de Touchdowns du joueur (Incl. Prolongations) (Derrick Henry (BAL)),2145,72900,1754090939,BAL|dst:player:409945,4569209688,3+,3+,BAL|dst:player:409945,10.0,0,False
16551790,BAL Ravens vs. TEN Titans,Derrick Henry,Derrick Henry (BAL),Total de Touchdowns du joueur (Incl. Prolongations) (Derrick Henry (BAL)),2145,72900,1754090939,BAL|dst:player:409945,4569209686,1+,1+,BAL|dst:player:409945,1.3077,0,False
16551790,BAL Ravens vs. TEN Titans,Derrick Henry,Derrick Henry (BAL),Total de Touchdowns du joueur (Incl. Prolongations) (Derrick Henry (BAL)),2145,72900,1754090939,BAL|dst:player:409945,4569209687,2+,2+,BAL|dst:player:409945,2.5,0,False
16551790,BAL Ravens vs. TEN Titans,Tony Pollard,Tony Pollard (TEN),Total de Touchdowns du joueur (Incl. Prolongations) (Tony Pollard (TEN)),2145,72900,1754090823,TEN|dst:player:409920,4569209392,1+,1+,TEN|dst:player:409920,2.3,0,False
16551790,BAL Ravens vs. TEN Titans,Tony Pollard,Tony Pollard (TEN),Total de Touchdowns du joueur (Incl. Prolongations) (Tony Pollard (TEN)),2145,72900,1754090823,TEN|dst:player:409920,4569209393,2+,2+,TEN|dst:player:409920,7.5,0,False
16551790,BAL Ravens vs. TEN Titans,Tony Pollard,Tony Pollard (TEN),Total de Touchdowns du joueur (Incl. Prolongations) (Tony Pollard (TEN)),2145,72900,1754090823,TEN|dst:player:409920,4569209394,3+,3+,TEN|dst:player:409920,41.0,0,False
16551790,BAL Ravens vs. TEN Titans,Zay Flowers,Zay Flowers (BAL),Total de Touchdowns du joueur (Incl. Prolongations) (Zay Flowers (BAL)),2145,72900,1754090731,BAL|dst:player:378007,4569209195,1+,1+,BAL|dst:player:378007,2.4,0,False
16551790,BAL Ravens vs. TEN Titans,Zay Flowers,Zay Flowers (BAL),Total de Touchdowns du joueur (Incl. Prolongations) (Zay Flowers (BAL)),2145,72900,1754090731,BAL|dst:player:378007,4569209196,2+,2+,BAL|dst:player:378007,8.0,0,False
16551790,BAL Ravens vs. TEN Titans,Zay Flowers,Zay Flowers (BAL),Total de Touchdowns du joueur (Incl. Prolongations) (Zay Flowers (BAL)),2145,72900,1754090731,BAL|dst:player:378007,4569209197,3+,3+,BAL|dst:player:378007,51.0,0,False
16551790,BAL Ravens vs. TEN Titans,Lamar Jackson,Lamar Jackson (BAL),Total de Touchdowns du joueur (Incl. Prolongations) (Lamar Jackson (BAL)),2145,72900,1754090730,BAL|dst:player:169345,4569209192,1+,1+,BAL|dst:player:169345,2.7,0,False
16551790,BAL Ravens vs. TEN Titans,Lamar Jackson,Lamar Jackson (BAL),Total de Touchdowns du joueur (Incl. Prolongations) (Lamar Jackson (BAL)),2145,72900,1754090730,BAL|dst:player:169345,4569209193,2+,2+,BAL|dst:player:169345,10.0,0,False
16551790,BAL Ravens vs. TEN Titans,Lamar Jackson,Lamar Jackson (BAL),Total de Touchdowns du joueur (Incl. Prolongations) (Lamar Jackson (BAL)),2145,72900,1754090730,BAL|dst:player:169345,4569209194,3+,3+,BAL|dst:player:169345,71.0,0,False
16551790,BAL Ravens vs. TEN Titans,Cameron Ward,Cameron Ward (TEN),Total de yards à la passe du joueur Plus/Moins(Incl. Prolongations),759,71922,1754241314,191.5|sa:player:nfl-1228691|TEN,4569575761,Cameron Ward (TEN) Plus de 191.5,Cameron Ward (TEN) Plus de 191.5,191.5,1.8,0,False
16551790,BAL Ravens vs. TEN Titans,Cameron Ward,Cameron Ward (TEN),Total de yards à la passe du joueur Plus/Moins(Incl. Prolongations),759,71922,1754241314,191.5|sa:player:nfl-1228691|TEN,4569575762,Cameron Ward (TEN) moins de 191.5,Cameron Ward (TEN) moins de 191.5,191.5,1.8334,0,False
16551790,BAL Ravens vs. TEN Titans,Tony Pollard,Tony Pollard (TEN),Total de yards à la course du joueur Plus/Moins (Incl. Prolongations),764,71924,1754021435,52.5|sa:player:nfl-880398|TEN,4569013837,Tony Pollard (TEN) Plus de 52.5,Tony Pollard (TEN) Plus de 52.5,52.5,1.8334,0,False
16551790,BAL Ravens vs. TEN Titans,Tony Pollard,Tony Pollard (TEN),Total de yards à la course du joueur Plus/Moins (Incl. Prolongations),764,71924,1754021435,52.5|sa:player:nfl-880398|TEN,4569013838,Tony Pollard (TEN) moins de 52.5,Tony Pollard (TEN) moins de 52.5,52.5,1.8,0,False
16551790,BAL Ravens vs. TEN Titans,Tyjae Spears,Tyjae Spears (TEN),Total de yards à la course du joueur Plus/Moins (Incl. Prolongations),764,71924,1754244677,14.5|sa:player:nfl-1169430|TEN,4569585722,Tyjae Spears (TEN) Plus de 14.5,Tyjae Spears (TEN) Plus de 14.5,14.5,1.7693,0,False
16551790,BAL Ravens vs. TEN Titans,Tyjae Spears,Tyjae Spears (TEN),Total de yards à la course du joueur Plus/Moins (Incl. Prolongations),764,71924,1754244677,14.5|sa:player:nfl-1169430|TEN,4569585723,Tyjae Spears (TEN) moins de 14.5,Tyjae Spears (TEN) moins de 14.5,14.5,1.8696,0,False
16551790,BAL Ravens vs. TEN Titans,Cameron Ward,Cameron Ward (TEN),Total de yards à la course du joueur Plus/Moins (Incl. Prolongations),764,71924,1754240199,10.5|sa:player:nfl-1228691|TEN,4569573168,Cameron Ward (TEN) Plus de 10.5,Cameron Ward (TEN) Plus de 10.5,10.5,1.8696,0,False
16551790,BAL Ravens vs. TEN Titans,Cameron Ward,Cameron Ward (TEN),Total de yards à la course du joueur Plus/Moins (Incl. Prolongations),764,71924,1754240199,10.5|sa:player:nfl-1228691|TEN,4569573169,Cameron Ward (TEN) moins de 10.5,Cameron Ward (TEN) moins de 10.5,10.5,1.7693,0,False
16551790,BAL Ravens vs. TEN Titans,Carnell Tate,Carnell Tate (TEN),Total des yards après réception du joueur Plus/Moins(Incl. Prolongations),765,71925,1754285914,40.5|sa:player:nfl-1441839|TEN,4569685304,Carnell Tate (TEN) moins de 40.5,Carnell Tate (TEN) moins de 40.5,40.5,1.7693,0,False
16551790,BAL Ravens vs. TEN Titans,Carnell Tate,Carnell Tate (TEN),Total des yards après réception du joueur Plus/Moins(Incl. Prolongations),765,71925,1754285914,40.5|sa:player:nfl-1441839|TEN,4569685303,Carnell Tate (TEN) Plus de 40.5,Carnell Tate (TEN) Plus de 40.5,40.5,1.8696,0,False
16551790,BAL Ravens vs. TEN Titans,Wan'dale Robinson,Wan'dale Robinson (TEN),Total des yards après réception du joueur Plus/Moins(Incl. Prolongations),765,71925,1754118358,34.5|sa:player:nfl-1164875|TEN,4569278710,Wan'dale Robinson (TEN) Plus de 34.5,Wan'dale Robinson (TEN) Plus de 34.5,34.5,1.8,0,False
16551790,BAL Ravens vs. TEN Titans,Wan'dale Robinson,Wan'dale Robinson (TEN),Total des yards après réception du joueur Plus/Moins(Incl. Prolongations),765,71925,1754118358,34.5|sa:player:nfl-1164875|TEN,4569278711,Wan'dale Robinson (TEN) moins de 34.5,Wan'dale Robinson (TEN) moins de 34.5,34.5,1.8334,0,False
16551790,BAL Ravens vs. TEN Titans,Gunnar Helm,Gunnar Helm (TEN),Total des yards après réception du joueur Plus/Moins(Incl. Prolongations),765,71925,1754243653,18.5|sa:player:nfl-1286438|TEN,4569583417,Gunnar Helm (TEN) Plus de 18.5,Gunnar Helm (TEN) Plus de 18.5,18.5,1.7693,0,False
16551790,BAL Ravens vs. TEN Titans,Gunnar Helm,Gunnar Helm (TEN),Total des yards après réception du joueur Plus/Moins(Incl. Prolongations),765,71925,1754243653,18.5|sa:player:nfl-1286438|TEN,4569583418,Gunnar Helm (TEN) moins de 18.5,Gunnar Helm (TEN) moins de 18.5,18.5,1.8696,0,False
16551790,BAL Ravens vs. TEN Titans,Calvin Ridley,Calvin Ridley (TEN),Total des yards après réception du joueur Plus/Moins(Incl. Prolongations),765,71925,1754165884,16.5|sa:player:nfl-884013|TEN,4569394689,Calvin Ridley (TEN) Plus de 16.5,Calvin Ridley (TEN) Plus de 16.5,16.5,1.8334,0,False
16551790,BAL Ravens vs. TEN Titans,Calvin Ridley,Calvin Ridley (TEN),Total des yards après réception du joueur Plus/Moins(Incl. Prolongations),765,71925,1754165884,16.5|sa:player:nfl-884013|TEN,4569394690,Calvin Ridley (TEN) moins de 16.5,Calvin Ridley (TEN) moins de 16.5,16.5,1.8,0,False
16551790,BAL Ravens vs. TEN Titans,Elic Ayomanor,Elic Ayomanor (TEN),Total des yards après réception du joueur Plus/Moins(Incl. Prolongations),765,71925,1754241330,15.5|sa:player:nfl-1395319|TEN,4569575793,Elic Ayomanor (TEN) Plus de 15.5,Elic Ayomanor (TEN) Plus de 15.5,15.5,1.8334,0,False
16551790,BAL Ravens vs. TEN Titans,Elic Ayomanor,Elic Ayomanor (TEN),Total des yards après réception du joueur Plus/Moins(Incl. Prolongations),765,71925,1754241330,15.5|sa:player:nfl-1395319|TEN,4569575794,Elic Ayomanor (TEN) moins de 15.5,Elic Ayomanor (TEN) moins de 15.5,15.5,1.8,0,False
16551790,BAL Ravens vs. TEN Titans,Tyjae Spears,Tyjae Spears (TEN),Total des yards après réception du joueur Plus/Moins(Incl. Prolongations),765,71925,1754230523,13.5|sa:player:nfl-1169430|TEN,4569550803,Tyjae Spears (TEN) Plus de 13.5,Tyjae Spears (TEN) Plus de 13.5,13.5,1.8334,0,False
16551790,BAL Ravens vs. TEN Titans,Tyjae Spears,Tyjae Spears (TEN),Total des yards après réception du joueur Plus/Moins(Incl. Prolongations),765,71925,1754230523,13.5|sa:player:nfl-1169430|TEN,4569550804,Tyjae Spears (TEN) moins de 13.5,Tyjae Spears (TEN) moins de 13.5,13.5,1.8,0,False
16551790,BAL Ravens vs. TEN Titans,Tony Pollard,Tony Pollard (TEN),Total des yards après réception du joueur Plus/Moins(Incl. Prolongations),765,71925,1753957361,10.5|sa:player:nfl-880398|TEN,4568780905,Tony Pollard (TEN) Plus de 10.5,Tony Pollard (TEN) Plus de 10.5,10.5,1.7693,0,False
16551790,BAL Ravens vs. TEN Titans,Tony Pollard,Tony Pollard (TEN),Total des yards après réception du joueur Plus/Moins(Incl. Prolongations),765,71925,1753957361,10.5|sa:player:nfl-880398|TEN,4568780906,Tony Pollard (TEN) moins de 10.5,Tony Pollard (TEN) moins de 10.5,10.5,1.8696,0,False
16551790,BAL Ravens vs. TEN Titans,Tony Pollard,Tony Pollard,Yards de course et de réception du joueur Plus/Moins (prolongations incluses),3317,73841,1753880653,66.5|sa:player:nfl-880398|TEN,4568360976,Tony Pollard (TEN) Plus de 66.5,Tony Pollard (TEN) Plus de 66.5,66.5,1.8334,0,False
16551790,BAL Ravens vs. TEN Titans,Tony Pollard,Tony Pollard,Yards de course et de réception du joueur Plus/Moins (prolongations incluses),3317,73841,1753880653,66.5|sa:player:nfl-880398|TEN,4568360977,Tony Pollard (TEN) moins de 66.5,Tony Pollard (TEN) moins de 66.5,66.5,1.8,0,False
16551790,BAL Ravens vs. TEN Titans,Carnell Tate,Carnell Tate,Yards de course et de réception du joueur Plus/Moins (prolongations incluses),3317,73841,1754235075,40.5|sa:player:nfl-1441839|TEN,4569561504,Carnell Tate (TEN) Plus de 40.5,Carnell Tate (TEN) Plus de 40.5,40.5,1.8,0,False
16551790,BAL Ravens vs. TEN Titans,Carnell Tate,Carnell Tate,Yards de course et de réception du joueur Plus/Moins (prolongations incluses),3317,73841,1754235075,40.5|sa:player:nfl-1441839|TEN,4569561505,Carnell Tate (TEN) moins de 40.5,Carnell Tate (TEN) moins de 40.5,40.5,1.8334,0,False
16551790,BAL Ravens vs. TEN Titans,Wan'dale Robinson,Wan'dale Robinson,Yards de course et de réception du joueur Plus/Moins (prolongations incluses),3317,73841,1754118362,34.5|sa:player:nfl-1164875|TEN,4569278718,Wan'dale Robinson (TEN) Plus de 34.5,Wan'dale Robinson (TEN) Plus de 34.5,34.5,1.8334,0,False
16551790,BAL Ravens vs. TEN Titans,Wan'dale Robinson,Wan'dale Robinson,Yards de course et de réception du joueur Plus/Moins (prolongations incluses),3317,73841,1754118362,34.5|sa:player:nfl-1164875|TEN,4569278719,Wan'dale Robinson (TEN) moins de 34.5,Wan'dale Robinson (TEN) moins de 34.5,34.5,1.8,0,False
16551790,BAL Ravens vs. TEN Titans,Tyjae Spears,Tyjae Spears,Yards de course et de réception du joueur Plus/Moins (prolongations incluses),3317,73841,1754244678,31.5|sa:player:nfl-1169430|TEN,4569585724,Tyjae Spears (TEN) Plus de 31.5,Tyjae Spears (TEN) Plus de 31.5,31.5,1.8,0,False
16551790,BAL Ravens vs. TEN Titans,Tyjae Spears,Tyjae Spears,Yards de course et de réception du joueur Plus/Moins (prolongations incluses),3317,73841,1754244678,31.5|sa:player:nfl-1169430|TEN,4569585725,Tyjae Spears (TEN) moins de 31.5,Tyjae Spears (TEN) moins de 31.5,31.5,1.8334,0,False
16551790,BAL Ravens vs. TEN Titans,Calvin Ridley,Calvin Ridley,Yards de course et de réception du joueur Plus/Moins (prolongations incluses),3317,73841,1754165885,16.5|sa:player:nfl-884013|TEN,4569394691,Calvin Ridley (TEN) Plus de 16.5,Calvin Ridley (TEN) Plus de 16.5,16.5,1.8334,0,False
16551790,BAL Ravens vs. TEN Titans,Calvin Ridley,Calvin Ridley,Yards de course et de réception du joueur Plus/Moins (prolongations incluses),3317,73841,1754165885,16.5|sa:player:nfl-884013|TEN,4569394692,Calvin Ridley (TEN) moins de 16.5,Calvin Ridley (TEN) moins de 16.5,16.5,1.8,0,False
16551790,BAL Ravens vs. TEN Titans,Elic Ayomanor,Elic Ayomanor,Yards de course et de réception du joueur Plus/Moins (prolongations incluses),3317,73841,1754241463,15.5|sa:player:nfl-1395319|TEN,4569576064,Elic Ayomanor (TEN) Plus de 15.5,Elic Ayomanor (TEN) Plus de 15.5,15.5,1.8334,0,False
16551790,BAL Ravens vs. TEN Titans,Elic Ayomanor,Elic Ayomanor,Yards de course et de réception du joueur Plus/Moins (prolongations incluses),3317,73841,1754241463,15.5|sa:player:nfl-1395319|TEN,4569576065,Elic Ayomanor (TEN) moins de 15.5,Elic Ayomanor (TEN) moins de 15.5,15.5,1.8,0,False
16551790,BAL Ravens vs. TEN Titans,Cameron Ward,Cameron Ward (TEN),Fumbles du joueur Plus / Moins (incl. prolongation),25005,75650,1753435801,0.5|sa:player:nfl-1228691|TEN,4567021796,Cameron Ward (TEN) Plus de 0.5,Cameron Ward (TEN) Plus de 0.5,0.5,1.8334,0,False
16551790,BAL Ravens vs. TEN Titans,Cameron Ward,Cameron Ward (TEN),Fumbles du joueur Plus / Moins (incl. prolongation),25005,75650,1753435801,0.5|sa:player:nfl-1228691|TEN,4567021797,Cameron Ward (TEN) moins de 0.5,Cameron Ward (TEN) moins de 0.5,0.5,1.7693,0,False
16551790,BAL Ravens vs. TEN Titans,Tony Pollard,Tony Pollard (TEN),Fumbles du joueur Plus / Moins (incl. prolongation),25005,75650,1753435259,0.5|sa:player:nfl-880398|TEN,4567020842,Tony Pollard (TEN) Plus de 0.5,Tony Pollard (TEN) Plus de 0.5,0.5,5.0,0,False
16551790,BAL Ravens vs. TEN Titans,Tony Pollard,Tony Pollard (TEN),Fumbles du joueur Plus / Moins (incl. prolongation),25005,75650,1753435259,0.5|sa:player:nfl-880398|TEN,4567020843,Tony Pollard (TEN) moins de 0.5,Tony Pollard (TEN) moins de 0.5,0.5,1.1,0,False
16551790,BAL Ravens vs. TEN Titans,Tyjae Spears,Tyjae Spears (TEN),Fumbles du joueur Plus / Moins (incl. prolongation),25005,75650,1753435635,0.5|sa:player:nfl-1169430|TEN,4567021501,Tyjae Spears (TEN) Plus de 0.5,Tyjae Spears (TEN) Plus de 0.5,0.5,6.75,0,False
16551790,BAL Ravens vs. TEN Titans,Tyjae Spears,Tyjae Spears (TEN),Fumbles du joueur Plus / Moins (incl. prolongation),25005,75650,1753435635,0.5|sa:player:nfl-1169430|TEN,4567021502,Tyjae Spears (TEN) moins de 0.5,Tyjae Spears (TEN) moins de 0.5,0.5,1.04,0,False
16551790,BAL Ravens vs. TEN Titans,Carnell Tate,Carnell Tate (TEN),Fumbles du joueur Plus / Moins (incl. prolongation),25005,75650,1753436145,0.5|sa:player:nfl-1441839|TEN,4567022392,Carnell Tate (TEN) moins de 0.5,Carnell Tate (TEN) moins de 0.5,0.5,1.02,0,False
16551790,BAL Ravens vs. TEN Titans,Carnell Tate,Carnell Tate (TEN),Fumbles du joueur Plus / Moins (incl. prolongation),25005,75650,1753436145,0.5|sa:player:nfl-1441839|TEN,4567022391,Carnell Tate (TEN) Plus de 0.5,Carnell Tate (TEN) Plus de 0.5,0.5,7.75,0,False
16551790,BAL Ravens vs. TEN Titans,Wan'dale Robinson,Wan'dale Robinson (TEN),Fumbles du joueur Plus / Moins (incl. prolongation),25005,75650,1753435597,0.5|sa:player:nfl-1164875|TEN,4567021434,Wan'dale Robinson (TEN) Plus de 0.5,Wan'dale Robinson (TEN) Plus de 0.5,0.5,7.75,0,False
16551790,BAL Ravens vs. TEN Titans,Wan'dale Robinson,Wan'dale Robinson (TEN),Fumbles du joueur Plus / Moins (incl. prolongation),25005,75650,1753435597,0.5|sa:player:nfl-1164875|TEN,4567021435,Wan'dale Robinson (TEN) moins de 0.5,Wan'dale Robinson (TEN) moins de 0.5,0.5,1.02,0,False
16551790,BAL Ravens vs. TEN Titans,Calvin Ridley,Calvin Ridley (TEN),Fumbles du joueur Plus / Moins (incl. prolongation),25005,75650,1753435300,0.5|sa:player:nfl-884013|TEN,4567020913,Calvin Ridley (TEN) Plus de 0.5,Calvin Ridley (TEN) Plus de 0.5,0.5,8.5,0,False
16551790,BAL Ravens vs. TEN Titans,Calvin Ridley,Calvin Ridley (TEN),Fumbles du joueur Plus / Moins (incl. prolongation),25005,75650,1753435300,0.5|sa:player:nfl-884013|TEN,4567020914,Calvin Ridley (TEN) moins de 0.5,Calvin Ridley (TEN) moins de 0.5,0.5,0.0,7,False
16551790,BAL Ravens vs. TEN Titans,Elic Ayomanor,Elic Ayomanor (TEN),Fumbles du joueur Plus / Moins (incl. prolongation),25005,75650,1753436101,0.5|sa:player:nfl-1395319|TEN,4567022315,Elic Ayomanor (TEN) Plus de 0.5,Elic Ayomanor (TEN) Plus de 0.5,0.5,8.5,0,False
16551790,BAL Ravens vs. TEN Titans,Elic Ayomanor,Elic Ayomanor (TEN),Fumbles du joueur Plus / Moins (incl. prolongation),25005,75650,1753436101,0.5|sa:player:nfl-1395319|TEN,4567022316,Elic Ayomanor (TEN) moins de 0.5,Elic Ayomanor (TEN) moins de 0.5,0.5,0.0,7,False
16551790,BAL Ravens vs. TEN Titans,Gunnar Helm,Gunnar Helm (TEN),Fumbles du joueur Plus / Moins (incl. prolongation),25005,75650,1753435971,0.5|sa:player:nfl-1286438|TEN,4567022088,Gunnar Helm (TEN) Plus de 0.5,Gunnar Helm (TEN) Plus de 0.5,0.5,8.5,0,False
16551790,BAL Ravens vs. TEN Titans,Gunnar Helm,Gunnar Helm (TEN),Fumbles du joueur Plus / Moins (incl. prolongation),25005,75650,1753435971,0.5|sa:player:nfl-1286438|TEN,4567022089,Gunnar Helm (TEN) moins de 0.5,Gunnar Helm (TEN) moins de 0.5,0.5,1.01,0,False
16551790,BAL Ravens vs. TEN Titans,Tony Pollard,Tony Pollard (TEN),Joueur tentative de gain par la course (prolongations incluses),2012,72303,1753435244,12.5|sa:player:nfl-880398|TEN,4567020816,Tony Pollard (TEN) moins de 12.5,Tony Pollard (TEN) moins de 12.5,12.5,1.8334,0,False
16551790,BAL Ravens vs. TEN Titans,Tony Pollard,Tony Pollard (TEN),Joueur tentative de gain par la course (prolongations incluses),2012,72303,1753435244,12.5|sa:player:nfl-880398|TEN,4567020815,Tony Pollard (TEN) Plus de 12.5,Tony Pollard (TEN) Plus de 12.5,12.5,1.8,0,False
16551790,BAL Ravens vs. TEN Titans,Tyjae Spears,Tyjae Spears (TEN),Joueur tentative de gain par la course (prolongations incluses),2012,72303,1754230525,4.5|sa:player:nfl-1169430|TEN,4569550808,Tyjae Spears (TEN) moins de 4.5,Tyjae Spears (TEN) moins de 4.5,4.5,1.6667,0,False
16551790,BAL Ravens vs. TEN Titans,Tyjae Spears,Tyjae Spears (TEN),Joueur tentative de gain par la course (prolongations incluses),2012,72303,1754230525,4.5|sa:player:nfl-1169430|TEN,4569550807,Tyjae Spears (TEN) Plus de 4.5,Tyjae Spears (TEN) Plus de 4.5,4.5,2.0,0,False
16551790,BAL Ravens vs. TEN Titans,Cameron Ward,Cameron Ward (TEN),Joueur tentative de gain par la course (prolongations incluses),2012,72303,1753957425,3.5|sa:player:nfl-1228691|TEN,4568781024,Cameron Ward (TEN) moins de 3.5,Cameron Ward (TEN) moins de 3.5,3.5,1.6061,0,False
16551790,BAL Ravens vs. TEN Titans,Cameron Ward,Cameron Ward (TEN),Joueur tentative de gain par la course (prolongations incluses),2012,72303,1753957425,3.5|sa:player:nfl-1228691|TEN,4568781023,Cameron Ward (TEN) Plus de 3.5,Cameron Ward (TEN) Plus de 3.5,3.5,2.1,0,False
16551790,BAL Ravens vs. TEN Titans,Wan'dale Robinson,Wan'dale Robinson (TEN),Total de réceptions Plus/Moins(Incl. Prolongations),767,71926,1753880675,4.5|sa:player:nfl-1164875|TEN,4568361020,Wan'dale Robinson (TEN) Plus de 4.5,Wan'dale Robinson (TEN) Plus de 4.5,4.5,2.15,0,False
16551790,BAL Ravens vs. TEN Titans,Wan'dale Robinson,Wan'dale Robinson (TEN),Total de réceptions Plus/Moins(Incl. Prolongations),767,71926,1753880675,4.5|sa:player:nfl-1164875|TEN,4568361021,Wan'dale Robinson (TEN) moins de 4.5,Wan'dale Robinson (TEN) moins de 4.5,4.5,1.5715,0,False
16551790,BAL Ravens vs. TEN Titans,Carnell Tate,Carnell Tate (TEN),Total de réceptions Plus/Moins(Incl. Prolongations),767,71926,1753880725,3.5|sa:player:nfl-1441839|TEN,4568361120,Carnell Tate (TEN) Plus de 3.5,Carnell Tate (TEN) Plus de 3.5,3.5,1.5715,0,False
16551790,BAL Ravens vs. TEN Titans,Carnell Tate,Carnell Tate (TEN),Total de réceptions Plus/Moins(Incl. Prolongations),767,71926,1753880725,3.5|sa:player:nfl-1441839|TEN,4568361121,Carnell Tate (TEN) moins de 3.5,Carnell Tate (TEN) moins de 3.5,3.5,2.15,0,False
16551790,BAL Ravens vs. TEN Titans,Gunnar Helm,Gunnar Helm (TEN),Total de réceptions Plus/Moins(Incl. Prolongations),767,71926,1753880715,2.5|sa:player:nfl-1286438|TEN,4568361100,Gunnar Helm (TEN) Plus de 2.5,Gunnar Helm (TEN) Plus de 2.5,2.5,1.7693,0,False
16551790,BAL Ravens vs. TEN Titans,Gunnar Helm,Gunnar Helm (TEN),Total de réceptions Plus/Moins(Incl. Prolongations),767,71926,1753880715,2.5|sa:player:nfl-1286438|TEN,4568361101,Gunnar Helm (TEN) moins de 2.5,Gunnar Helm (TEN) moins de 2.5,2.5,1.8696,0,False
16551790,BAL Ravens vs. TEN Titans,Tyjae Spears,Tyjae Spears (TEN),Total de réceptions Plus/Moins(Incl. Prolongations),767,71926,1753435607,2.5|sa:player:nfl-1169430|TEN,4567021448,Tyjae Spears (TEN) Plus de 2.5,Tyjae Spears (TEN) Plus de 2.5,2.5,2.05,0,False
16551790,BAL Ravens vs. TEN Titans,Tyjae Spears,Tyjae Spears (TEN),Total de réceptions Plus/Moins(Incl. Prolongations),767,71926,1753435607,2.5|sa:player:nfl-1169430|TEN,4567021449,Tyjae Spears (TEN) moins de 2.5,Tyjae Spears (TEN) moins de 2.5,2.5,1.625,0,False
16551790,BAL Ravens vs. TEN Titans,Tony Pollard,Tony Pollard (TEN),Total de réceptions Plus/Moins(Incl. Prolongations),767,71926,1753435231,1.5|sa:player:nfl-880398|TEN,4567020789,Tony Pollard (TEN) Plus de 1.5,Tony Pollard (TEN) Plus de 1.5,1.5,1.5715,0,False
16551790,BAL Ravens vs. TEN Titans,Tony Pollard,Tony Pollard (TEN),Total de réceptions Plus/Moins(Incl. Prolongations),767,71926,1753435231,1.5|sa:player:nfl-880398|TEN,4567020790,Tony Pollard (TEN) moins de 1.5,Tony Pollard (TEN) moins de 1.5,1.5,2.15,0,False
16551790,BAL Ravens vs. TEN Titans,Calvin Ridley,Calvin Ridley (TEN),Total de réceptions Plus/Moins(Incl. Prolongations),767,71926,1753435283,1.5|sa:player:nfl-884013|TEN,4567020882,Calvin Ridley (TEN) Plus de 1.5,Calvin Ridley (TEN) Plus de 1.5,1.5,1.7693,0,False
16551790,BAL Ravens vs. TEN Titans,Calvin Ridley,Calvin Ridley (TEN),Total de réceptions Plus/Moins(Incl. Prolongations),767,71926,1753435283,1.5|sa:player:nfl-884013|TEN,4567020883,Calvin Ridley (TEN) moins de 1.5,Calvin Ridley (TEN) moins de 1.5,1.5,1.8696,0,False
16551790,BAL Ravens vs. TEN Titans,Elic Ayomanor,Elic Ayomanor (TEN),Total de réceptions Plus/Moins(Incl. Prolongations),767,71926,1753436084,1.5|sa:player:nfl-1395319|TEN,4567022284,Elic Ayomanor (TEN) Plus de 1.5,Elic Ayomanor (TEN) Plus de 1.5,1.5,1.7693,0,False
16551790,BAL Ravens vs. TEN Titans,Elic Ayomanor,Elic Ayomanor (TEN),Total de réceptions Plus/Moins(Incl. Prolongations),767,71926,1753436084,1.5|sa:player:nfl-1395319|TEN,4567022285,Elic Ayomanor (TEN) moins de 1.5,Elic Ayomanor (TEN) moins de 1.5,1.5,1.8696,0,False
16551790,BAL Ravens vs. TEN Titans,Cameron Ward,Cameron Ward (TEN),"Passes complétées, Joueur (prolongations incluses) ",760,71921,1754230533,20.5|sa:player:nfl-1228691|TEN,4569550824,Cameron Ward (TEN) moins de 20.5,Cameron Ward (TEN) moins de 20.5,20.5,1.7408,0,False
16551790,BAL Ravens vs. TEN Titans,Cameron Ward,Cameron Ward (TEN),"Passes complétées, Joueur (prolongations incluses) ",760,71921,1754230533,20.5|sa:player:nfl-1228691|TEN,4569550823,Cameron Ward (TEN) Plus de 20.5,Cameron Ward (TEN) Plus de 20.5,20.5,1.9091,0,False
16551790,BAL Ravens vs. TEN Titans,Cameron Ward,Cameron Ward (TEN),Tentatives de passes du joueur Plus/Moins (Incl. Prolongations),2252,73702,1754244680,33.5|sa:player:nfl-1228691|TEN,4569585728,Cameron Ward (TEN) Plus de 33.5,Cameron Ward (TEN) Plus de 33.5,33.5,1.8696,0,False
16551790,BAL Ravens vs. TEN Titans,Cameron Ward,Cameron Ward (TEN),Tentatives de passes du joueur Plus/Moins (Incl. Prolongations),2252,73702,1754244680,33.5|sa:player:nfl-1228691|TEN,4569585729,Cameron Ward (TEN) moins de 33.5,Cameron Ward (TEN) moins de 33.5,33.5,1.7693,0,False
16551790,BAL Ravens vs. TEN Titans,Carnell Tate,Carnell Tate (TEN),Joueuer Plus longue réception (prolongations incluses) ,2009,72300,1753436129,16.5|sa:player:nfl-1441839|TEN,4567022362,Carnell Tate (TEN) Plus de 16.5,Carnell Tate (TEN) Plus de 16.5,16.5,1.8696,0,False
16551790,BAL Ravens vs. TEN Titans,Carnell Tate,Carnell Tate (TEN),Joueuer Plus longue réception (prolongations incluses) ,2009,72300,1753436129,16.5|sa:player:nfl-1441839|TEN,4567022363,Carnell Tate (TEN) moins de 16.5,Carnell Tate (TEN) moins de 16.5,16.5,1.7693,0,False
16551790,BAL Ravens vs. TEN Titans,Wan'dale Robinson,Wan'dale Robinson (TEN),Joueuer Plus longue réception (prolongations incluses) ,2009,72300,1754244676,14.5|sa:player:nfl-1164875|TEN,4569585720,Wan'dale Robinson (TEN) Plus de 14.5,Wan'dale Robinson (TEN) Plus de 14.5,14.5,1.7693,0,False
16551790,BAL Ravens vs. TEN Titans,Wan'dale Robinson,Wan'dale Robinson (TEN),Joueuer Plus longue réception (prolongations incluses) ,2009,72300,1754244676,14.5|sa:player:nfl-1164875|TEN,4569585721,Wan'dale Robinson (TEN) moins de 14.5,Wan'dale Robinson (TEN) moins de 14.5,14.5,1.8696,0,False
16551790,BAL Ravens vs. TEN Titans,Calvin Ridley,Calvin Ridley (TEN),Joueuer Plus longue réception (prolongations incluses) ,2009,72300,1754233469,11.5|sa:player:nfl-884013|TEN,4569557708,Calvin Ridley (TEN) Plus de 11.5,Calvin Ridley (TEN) Plus de 11.5,11.5,1.7693,0,False
16551790,BAL Ravens vs. TEN Titans,Calvin Ridley,Calvin Ridley (TEN),Joueuer Plus longue réception (prolongations incluses) ,2009,72300,1754233469,11.5|sa:player:nfl-884013|TEN,4569557709,Calvin Ridley (TEN) moins de 11.5,Calvin Ridley (TEN) moins de 11.5,11.5,1.8696,0,False
16551790,BAL Ravens vs. TEN Titans,Elic Ayomanor,Elic Ayomanor (TEN),Joueuer Plus longue réception (prolongations incluses) ,2009,72300,1754241461,11.5|sa:player:nfl-1395319|TEN,4569576060,Elic Ayomanor (TEN) Plus de 11.5,Elic Ayomanor (TEN) Plus de 11.5,11.5,1.8696,0,False
16551790,BAL Ravens vs. TEN Titans,Elic Ayomanor,Elic Ayomanor (TEN),Joueuer Plus longue réception (prolongations incluses) ,2009,72300,1754241461,11.5|sa:player:nfl-1395319|TEN,4569576061,Elic Ayomanor (TEN) moins de 11.5,Elic Ayomanor (TEN) moins de 11.5,11.5,1.7693,0,False
16551790,BAL Ravens vs. TEN Titans,Gunnar Helm,Gunnar Helm (TEN),Joueuer Plus longue réception (prolongations incluses) ,2009,72300,1754241536,10.5|sa:player:nfl-1286438|TEN,4569576250,Gunnar Helm (TEN) Plus de 10.5,Gunnar Helm (TEN) Plus de 10.5,10.5,1.8334,0,False
16551790,BAL Ravens vs. TEN Titans,Gunnar Helm,Gunnar Helm (TEN),Joueuer Plus longue réception (prolongations incluses) ,2009,72300,1754241536,10.5|sa:player:nfl-1286438|TEN,4569576251,Gunnar Helm (TEN) moins de 10.5,Gunnar Helm (TEN) moins de 10.5,10.5,1.8,0,False
16551790,BAL Ravens vs. TEN Titans,Tyjae Spears,Tyjae Spears (TEN),Joueuer Plus longue réception (prolongations incluses) ,2009,72300,1754232498,9.5|sa:player:nfl-1169430|TEN,4569555475,Tyjae Spears (TEN) Plus de 9.5,Tyjae Spears (TEN) Plus de 9.5,9.5,1.9091,0,False
16551790,BAL Ravens vs. TEN Titans,Tyjae Spears,Tyjae Spears (TEN),Joueuer Plus longue réception (prolongations incluses) ,2009,72300,1754232498,9.5|sa:player:nfl-1169430|TEN,4569555476,Tyjae Spears (TEN) moins de 9.5,Tyjae Spears (TEN) moins de 9.5,9.5,1.7408,0,False
16551790,BAL Ravens vs. TEN Titans,Tony Pollard,Tony Pollard (TEN),Joueuer Plus longue réception (prolongations incluses) ,2009,72300,1754021433,8.5|sa:player:nfl-880398|TEN,4569013833,Tony Pollard (TEN) Plus de 8.5,Tony Pollard (TEN) Plus de 8.5,8.5,1.8696,0,False
16551790,BAL Ravens vs. TEN Titans,Tony Pollard,Tony Pollard (TEN),Joueuer Plus longue réception (prolongations incluses) ,2009,72300,1754021433,8.5|sa:player:nfl-880398|TEN,4569013834,Tony Pollard (TEN) moins de 8.5,Tony Pollard (TEN) moins de 8.5,8.5,1.7693,0,False
16551790,BAL Ravens vs. TEN Titans,Cameron Ward,Cameron Ward (TEN),Joueur Plus longue passe complétée (prolongations incluses) ,2001,72292,1754241531,30.5|sa:player:nfl-1228691|TEN,4569576240,Cameron Ward (TEN) Plus de 30.5,Cameron Ward (TEN) Plus de 30.5,30.5,1.7693,0,False
16551790,BAL Ravens vs. TEN Titans,Cameron Ward,Cameron Ward (TEN),Joueur Plus longue passe complétée (prolongations incluses) ,2001,72292,1754241531,30.5|sa:player:nfl-1228691|TEN,4569576241,Cameron Ward (TEN) moins de 30.5,Cameron Ward (TEN) moins de 30.5,30.5,1.8696,0,False
16551790,BAL Ravens vs. TEN Titans,Joey Slye,Joey Slye (TEN),Points de tir du joueur Plus/Moins (prolongations incluses) ,2003,72294,1754241291,4.5|sa:player:nfl-836963|TEN,4569575715,Joey Slye (TEN) Plus de 4.5,Joey Slye (TEN) Plus de 4.5,4.5,1.7693,0,False
16551790,BAL Ravens vs. TEN Titans,Joey Slye,Joey Slye (TEN),Points de tir du joueur Plus/Moins (prolongations incluses) ,2003,72294,1754241291,4.5|sa:player:nfl-836963|TEN,4569575716,Joey Slye (TEN) moins de 4.5,Joey Slye (TEN) moins de 4.5,4.5,1.8696,0,False
16551790,BAL Ravens vs. TEN Titans,Joey Slye,Joey Slye (TEN),Field goals du joueur (prolongations incluses) ,769,71927,1753435157,1.5|sa:player:nfl-836963|TEN,4567020653,Joey Slye (TEN) Plus de 1.5,Joey Slye (TEN) Plus de 1.5,1.5,2.45,0,False
16551790,BAL Ravens vs. TEN Titans,Joey Slye,Joey Slye (TEN),Field goals du joueur (prolongations incluses) ,769,71927,1753435157,1.5|sa:player:nfl-836963|TEN,4567020654,Joey Slye (TEN) moins de 1.5,Joey Slye (TEN) moins de 1.5,1.5,1.4445,0,False
16551790,BAL Ravens vs. TEN Titans,Cameron Ward,Cameron Ward (TEN),Total de Touchdowns à la passe du joueur (Incl. Prolongations),761,71923,1754239881,0.5|sa:player:nfl-1228691|TEN,4569572332,Cameron Ward (TEN) Plus de 0.5,Cameron Ward (TEN) Plus de 0.5,0.5,1.5,0,False
16551790,BAL Ravens vs. TEN Titans,Cameron Ward,Cameron Ward (TEN),Total de Touchdowns à la passe du joueur (Incl. Prolongations),761,71923,1754239881,0.5|sa:player:nfl-1228691|TEN,4569572333,Cameron Ward (TEN) moins de 0.5,Cameron Ward (TEN) moins de 0.5,0.5,2.3,0,False
16564354,BUF Bills vs. NE Patriots,Josh Allen,Josh Allen (BUF),Total de Touchdowns du joueur (Incl. Prolongations) (Josh Allen (BUF)),2145,72900,1754088573,BUF|dst:player:169271,4569204164,1+,1+,BUF|dst:player:169271,1.5,0,False
16564354,BUF Bills vs. NE Patriots,Josh Allen,Josh Allen (BUF),Total de Touchdowns du joueur (Incl. Prolongations) (Josh Allen (BUF)),2145,72900,1754088573,BUF|dst:player:169271,4569204165,2+,2+,BUF|dst:player:169271,3.5,0,False
16564354,BUF Bills vs. NE Patriots,Josh Allen,Josh Allen (BUF),Total de Touchdowns du joueur (Incl. Prolongations) (Josh Allen (BUF)),2145,72900,1754088573,BUF|dst:player:169271,4569204166,3+,3+,BUF|dst:player:169271,15.0,0,False
16564354,BUF Bills vs. NE Patriots,James Cook,James Cook (BUF),Total de Touchdowns du joueur (Incl. Prolongations) (James Cook (BUF)),2145,72900,1754088931,BUF|dst:player:308977,4569205037,1+,1+,BUF|dst:player:308977,1.5,0,False
16564354,BUF Bills vs. NE Patriots,James Cook,James Cook (BUF),Total de Touchdowns du joueur (Incl. Prolongations) (James Cook (BUF)),2145,72900,1754088931,BUF|dst:player:308977,4569205038,2+,2+,BUF|dst:player:308977,3.5,0,False
16564354,BUF Bills vs. NE Patriots,James Cook,James Cook (BUF),Total de Touchdowns du joueur (Incl. Prolongations) (James Cook (BUF)),2145,72900,1754088931,BUF|dst:player:308977,4569205039,3+,3+,BUF|dst:player:308977,15.0,0,False
16564354,BUF Bills vs. NE Patriots,Rhamondre Stevenson,Rhamondre Stevenson (NE),Total de Touchdowns du joueur (Incl. Prolongations) (Rhamondre Stevenson (NE)),2145,72900,1754088575,NE|dst:player:264208,4569204170,1+,1+,NE|dst:player:264208,2.4,0,False
16564354,BUF Bills vs. NE Patriots,Rhamondre Stevenson,Rhamondre Stevenson (NE),Total de Touchdowns du joueur (Incl. Prolongations) (Rhamondre Stevenson (NE)),2145,72900,1754088575,NE|dst:player:264208,4569204171,2+,2+,NE|dst:player:264208,8.0,0,False
16564354,BUF Bills vs. NE Patriots,Rhamondre Stevenson,Rhamondre Stevenson (NE),Total de Touchdowns du joueur (Incl. Prolongations) (Rhamondre Stevenson (NE)),2145,72900,1754088575,NE|dst:player:264208,4569204172,3+,3+,NE|dst:player:264208,51.0,0,False
16564354,BUF Bills vs. NE Patriots,TreVeyon Henderson,TreVeyon Henderson (NE),Total de Touchdowns du joueur (Incl. Prolongations) (TreVeyon Henderson (NE)),2145,72900,1754090055,NE|dst:player:498181,4569207512,3+,3+,NE|dst:player:498181,61.0,0,False
16564354,BUF Bills vs. NE Patriots,TreVeyon Henderson,TreVeyon Henderson (NE),Total de Touchdowns du joueur (Incl. Prolongations) (TreVeyon Henderson (NE)),2145,72900,1754090055,NE|dst:player:498181,4569207510,1+,1+,NE|dst:player:498181,2.5,0,False
16564354,BUF Bills vs. NE Patriots,TreVeyon Henderson,TreVeyon Henderson (NE),Total de Touchdowns du joueur (Incl. Prolongations) (TreVeyon Henderson (NE)),2145,72900,1754090055,NE|dst:player:498181,4569207511,2+,2+,NE|dst:player:498181,9.0,0,False
16564354,BUF Bills vs. NE Patriots,D J Moore,D J Moore (BUF),Total de Touchdowns du joueur (Incl. Prolongations) (D J Moore (BUF)),2145,72900,1754090056,BUF|dst:player:540498,4569207513,1+,1+,BUF|dst:player:540498,2.6,0,False
16564354,BUF Bills vs. NE Patriots,D J Moore,D J Moore (BUF),Total de Touchdowns du joueur (Incl. Prolongations) (D J Moore (BUF)),2145,72900,1754090056,BUF|dst:player:540498,4569207514,2+,2+,BUF|dst:player:540498,10.0,0,False
16564354,BUF Bills vs. NE Patriots,D J Moore,D J Moore (BUF),Total de Touchdowns du joueur (Incl. Prolongations) (D J Moore (BUF)),2145,72900,1754090056,BUF|dst:player:540498,4569207515,3+,3+,BUF|dst:player:540498,61.0,0,False
16564354,BUF Bills vs. NE Patriots,Dalton Kincaid,Dalton Kincaid (BUF),Total de Touchdowns du joueur (Incl. Prolongations) (Dalton Kincaid (BUF)),2145,72900,1754088933,BUF|dst:player:374582,4569205043,1+,1+,BUF|dst:player:374582,2.7,0,False
16564354,BUF Bills vs. NE Patriots,Dalton Kincaid,Dalton Kincaid (BUF),Total de Touchdowns du joueur (Incl. Prolongations) (Dalton Kincaid (BUF)),2145,72900,1754088933,BUF|dst:player:374582,4569205044,2+,2+,BUF|dst:player:374582,10.0,0,False
16564354,BUF Bills vs. NE Patriots,Dalton Kincaid,Dalton Kincaid (BUF),Total de Touchdowns du joueur (Incl. Prolongations) (Dalton Kincaid (BUF)),2145,72900,1754088933,BUF|dst:player:374582,4569205045,3+,3+,BUF|dst:player:374582,71.0,0,False
16564354,BUF Bills vs. NE Patriots,Khalil Shakir,Khalil Shakir (BUF),Total de Touchdowns du joueur (Incl. Prolongations) (Khalil Shakir (BUF)),2145,72900,1754088577,BUF|dst:player:308964,4569204176,1+,1+,BUF|dst:player:308964,3.5,0,False
16564354,BUF Bills vs. NE Patriots,Khalil Shakir,Khalil Shakir (BUF),Total de Touchdowns du joueur (Incl. Prolongations) (Khalil Shakir (BUF)),2145,72900,1754088577,BUF|dst:player:308964,4569204177,2+,2+,BUF|dst:player:308964,18.0,0,False
16564354,BUF Bills vs. NE Patriots,Khalil Shakir,Khalil Shakir (BUF),Total de Touchdowns du joueur (Incl. Prolongations) (Khalil Shakir (BUF)),2145,72900,1754088577,BUF|dst:player:308964,4569204178,3+,3+,BUF|dst:player:308964,101.0,0,False
16564354,BUF Bills vs. NE Patriots,Hunter Henry,Hunter Henry (NE),Total de Touchdowns du joueur (Incl. Prolongations) (Hunter Henry (NE)),2145,72900,1754088576,NE|dst:player:269169,4569204173,1+,1+,NE|dst:player:269169,3.6,0,False
16564354,BUF Bills vs. NE Patriots,Hunter Henry,Hunter Henry (NE),Total de Touchdowns du joueur (Incl. Prolongations) (Hunter Henry (NE)),2145,72900,1754088576,NE|dst:player:269169,4569204174,2+,2+,NE|dst:player:269169,19.0,0,False
16564354,BUF Bills vs. NE Patriots,Hunter Henry,Hunter Henry (NE),Total de Touchdowns du joueur (Incl. Prolongations) (Hunter Henry (NE)),2145,72900,1754088576,NE|dst:player:269169,4569204175,3+,3+,NE|dst:player:269169,101.0,0,False
16564354,BUF Bills vs. NE Patriots,Drake Maye,Drake Maye (NE),Total de Touchdowns du joueur (Incl. Prolongations) (Drake Maye (NE)),2145,72900,1754088935,NE|dst:player:431246,4569205049,1+,1+,NE|dst:player:431246,3.85,0,False
16564354,BUF Bills vs. NE Patriots,Drake Maye,Drake Maye (NE),Total de Touchdowns du joueur (Incl. Prolongations) (Drake Maye (NE)),2145,72900,1754088935,NE|dst:player:431246,4569205050,2+,2+,NE|dst:player:431246,26.0,0,False
16564354,BUF Bills vs. NE Patriots,Drake Maye,Drake Maye (NE),Total de Touchdowns du joueur (Incl. Prolongations) (Drake Maye (NE)),2145,72900,1754088935,NE|dst:player:431246,4569205051,3+,3+,NE|dst:player:431246,101.0,0,False
16564354,BUF Bills vs. NE Patriots,Romeo Doubs,Romeo Doubs (NE),Total de Touchdowns du joueur (Incl. Prolongations) (Romeo Doubs (NE)),2145,72900,1754090234,NE|dst:player:540853,4569208024,2+,2+,NE|dst:player:540853,26.0,0,False
16564354,BUF Bills vs. NE Patriots,Romeo Doubs,Romeo Doubs (NE),Total de Touchdowns du joueur (Incl. Prolongations) (Romeo Doubs (NE)),2145,72900,1754090234,NE|dst:player:540853,4569208025,3+,3+,NE|dst:player:540853,101.0,0,False
16564354,BUF Bills vs. NE Patriots,Romeo Doubs,Romeo Doubs (NE),Total de Touchdowns du joueur (Incl. Prolongations) (Romeo Doubs (NE)),2145,72900,1754090234,NE|dst:player:540853,4569208023,1+,1+,NE|dst:player:540853,4.0,0,False
16564354,BUF Bills vs. NE Patriots,Mack Hollins,Mack Hollins (NE),Total de Touchdowns du joueur (Incl. Prolongations) (Mack Hollins (NE)),2145,72900,1754090050,NE|dst:player:476322,4569207496,2+,2+,NE|dst:player:476322,26.0,0,False
16564354,BUF Bills vs. NE Patriots,Mack Hollins,Mack Hollins (NE),Total de Touchdowns du joueur (Incl. Prolongations) (Mack Hollins (NE)),2145,72900,1754090050,NE|dst:player:476322,4569207497,3+,3+,NE|dst:player:476322,101.0,0,False
16564354,BUF Bills vs. NE Patriots,Mack Hollins,Mack Hollins (NE),Total de Touchdowns du joueur (Incl. Prolongations) (Mack Hollins (NE)),2145,72900,1754090050,NE|dst:player:476322,4569207495,1+,1+,NE|dst:player:476322,4.25,0,False
16564354,BUF Bills vs. NE Patriots,Ty Johnson,Ty Johnson (BUF),Total de Touchdowns du joueur (Incl. Prolongations) (Ty Johnson (BUF)),2145,72900,1754088934,BUF|dst:player:387121,4569205048,3+,3+,BUF|dst:player:387121,151.0,0,False
16564354,BUF Bills vs. NE Patriots,Ty Johnson,Ty Johnson (BUF),Total de Touchdowns du joueur (Incl. Prolongations) (Ty Johnson (BUF)),2145,72900,1754088934,BUF|dst:player:387121,4569205046,1+,1+,BUF|dst:player:387121,5.0,0,False
16564354,BUF Bills vs. NE Patriots,Ty Johnson,Ty Johnson (BUF),Total de Touchdowns du joueur (Incl. Prolongations) (Ty Johnson (BUF)),2145,72900,1754088934,BUF|dst:player:387121,4569205047,2+,2+,BUF|dst:player:387121,36.0,0,False
16564354,BUF Bills vs. NE Patriots,Demario Douglas,Demario Douglas (NE),Total de Touchdowns du joueur (Incl. Prolongations) (Demario Douglas (NE)),2145,72900,1754088932,NE|dst:player:374442,4569205040,1+,1+,NE|dst:player:374442,5.0,0,False
16564354,BUF Bills vs. NE Patriots,Demario Douglas,Demario Douglas (NE),Total de Touchdowns du joueur (Incl. Prolongations) (Demario Douglas (NE)),2145,72900,1754088932,NE|dst:player:374442,4569205041,2+,2+,NE|dst:player:374442,36.0,0,False
16564354,BUF Bills vs. NE Patriots,Demario Douglas,Demario Douglas (NE),Total de Touchdowns du joueur (Incl. Prolongations) (Demario Douglas (NE)),2145,72900,1754088932,NE|dst:player:374442,4569205042,3+,3+,NE|dst:player:374442,151.0,0,False
16564354,BUF Bills vs. NE Patriots,Keon Coleman,Keon Coleman (BUF),Total de Touchdowns du joueur (Incl. Prolongations) (Keon Coleman (BUF)),2145,72900,1754088937,BUF|dst:player:432272,4569205056,2+,2+,BUF|dst:player:432272,36.0,0,False
16564354,BUF Bills vs. NE Patriots,Keon Coleman,Keon Coleman (BUF),Total de Touchdowns du joueur (Incl. Prolongations) (Keon Coleman (BUF)),2145,72900,1754088937,BUF|dst:player:432272,4569205057,3+,3+,BUF|dst:player:432272,201.0,0,False
16564354,BUF Bills vs. NE Patriots,Keon Coleman,Keon Coleman (BUF),Total de Touchdowns du joueur (Incl. Prolongations) (Keon Coleman (BUF)),2145,72900,1754088937,BUF|dst:player:432272,4569205055,1+,1+,BUF|dst:player:432272,5.5,0,False
16564354,BUF Bills vs. NE Patriots,Josh Palmer,Josh Palmer (BUF),Total de Touchdowns du joueur (Incl. Prolongations) (Josh Palmer (BUF)),2145,72900,1754088938,BUF|dst:player:476292,4569205058,1+,1+,BUF|dst:player:476292,5.5,0,False
16564354,BUF Bills vs. NE Patriots,Josh Palmer,Josh Palmer (BUF),Total de Touchdowns du joueur (Incl. Prolongations) (Josh Palmer (BUF)),2145,72900,1754088938,BUF|dst:player:476292,4569205059,2+,2+,BUF|dst:player:476292,36.0,0,False
16564354,BUF Bills vs. NE Patriots,Josh Palmer,Josh Palmer (BUF),Total de Touchdowns du joueur (Incl. Prolongations) (Josh Palmer (BUF)),2145,72900,1754088938,BUF|dst:player:476292,4569205060,3+,3+,BUF|dst:player:476292,201.0,0,False
16564354,BUF Bills vs. NE Patriots,Dawson Knox,Dawson Knox (BUF),Total de Touchdowns du joueur (Incl. Prolongations) (Dawson Knox (BUF)),2145,72900,1754088574,BUF|dst:player:229082,4569204168,2+,2+,BUF|dst:player:229082,61.0,0,False
16564354,BUF Bills vs. NE Patriots,Dawson Knox,Dawson Knox (BUF),Total de Touchdowns du joueur (Incl. Prolongations) (Dawson Knox (BUF)),2145,72900,1754088574,BUF|dst:player:229082,4569204169,3+,3+,BUF|dst:player:229082,201.0,0,False
16564354,BUF Bills vs. NE Patriots,Dawson Knox,Dawson Knox (BUF),Total de Touchdowns du joueur (Incl. Prolongations) (Dawson Knox (BUF)),2145,72900,1754088574,BUF|dst:player:229082,4569204167,1+,1+,BUF|dst:player:229082,8.0,0,False
16564354,BUF Bills vs. NE Patriots,Kyle Williams,Kyle Williams (NE),Total de Touchdowns du joueur (Incl. Prolongations) (Kyle Williams (NE)),2145,72900,1754090054,NE|dst:player:484632,4569207507,1+,1+,NE|dst:player:484632,9.0,0,False
16564354,BUF Bills vs. NE Patriots,Kyle Williams,Kyle Williams (NE),Total de Touchdowns du joueur (Incl. Prolongations) (Kyle Williams (NE)),2145,72900,1754090054,NE|dst:player:484632,4569207508,2+,2+,NE|dst:player:484632,71.0,0,False
16564354,BUF Bills vs. NE Patriots,Kyle Williams,Kyle Williams (NE),Total de Touchdowns du joueur (Incl. Prolongations) (Kyle Williams (NE)),2145,72900,1754090054,NE|dst:player:484632,4569207509,3+,3+,NE|dst:player:484632,201.0,0,False
16564354,BUF Bills vs. NE Patriots,Eli Raridon,Eli Raridon (NE),Total de Touchdowns du joueur (Incl. Prolongations) (Eli Raridon (NE)),2145,72900,1754090236,NE|dst:player:546661,4569208029,1+,1+,NE|dst:player:546661,9.0,0,False
16564354,BUF Bills vs. NE Patriots,Eli Raridon,Eli Raridon (NE),Total de Touchdowns du joueur (Incl. Prolongations) (Eli Raridon (NE)),2145,72900,1754090236,NE|dst:player:546661,4569208030,2+,2+,NE|dst:player:546661,71.0,0,False
16564354,BUF Bills vs. NE Patriots,Eli Raridon,Eli Raridon (NE),Total de Touchdowns du joueur (Incl. Prolongations) (Eli Raridon (NE)),2145,72900,1754090236,NE|dst:player:546661,4569208031,3+,3+,NE|dst:player:546661,201.0,0,False
16564354,BUF Bills vs. NE Patriots,Ray Davis,Ray Davis (BUF),Total de Touchdowns du joueur (Incl. Prolongations) (Ray Davis (BUF)),2145,72900,1754088936,BUF|dst:player:431670,4569205052,1+,1+,BUF|dst:player:431670,11.0,0,False
16564354,BUF Bills vs. NE Patriots,Ray Davis,Ray Davis (BUF),Total de Touchdowns du joueur (Incl. Prolongations) (Ray Davis (BUF)),2145,72900,1754088936,BUF|dst:player:431670,4569205053,2+,2+,BUF|dst:player:431670,81.0,0,False
16564354,BUF Bills vs. NE Patriots,Ray Davis,Ray Davis (BUF),Total de Touchdowns du joueur (Incl. Prolongations) (Ray Davis (BUF)),2145,72900,1754088936,BUF|dst:player:431670,4569205054,3+,3+,BUF|dst:player:431670,201.0,0,False
16564354,BUF Bills vs. NE Patriots,Jackson Hawes,Jackson Hawes (BUF),Total de Touchdowns du joueur (Incl. Prolongations) (Jackson Hawes (BUF)),2145,72900,1754090053,BUF|dst:player:484606,4569207504,1+,1+,BUF|dst:player:484606,11.0,0,False
16564354,BUF Bills vs. NE Patriots,Jackson Hawes,Jackson Hawes (BUF),Total de Touchdowns du joueur (Incl. Prolongations) (Jackson Hawes (BUF)),2145,72900,1754090053,BUF|dst:player:484606,4569207505,2+,2+,BUF|dst:player:484606,81.0,0,False
16564354,BUF Bills vs. NE Patriots,Jackson Hawes,Jackson Hawes (BUF),Total de Touchdowns du joueur (Incl. Prolongations) (Jackson Hawes (BUF)),2145,72900,1754090053,BUF|dst:player:484606,4569207506,3+,3+,BUF|dst:player:484606,201.0,0,False
16564354,BUF Bills vs. NE Patriots,Efton Chism III,Efton Chism III (NE),Total de Touchdowns du joueur (Incl. Prolongations) (Efton Chism III (NE)),2145,72900,1754090052,NE|dst:player:483723,4569207501,1+,1+,NE|dst:player:483723,12.0,0,False
16564354,BUF Bills vs. NE Patriots,Efton Chism III,Efton Chism III (NE),Total de Touchdowns du joueur (Incl. Prolongations) (Efton Chism III (NE)),2145,72900,1754090052,NE|dst:player:483723,4569207502,2+,2+,NE|dst:player:483723,91.0,0,False
16564354,BUF Bills vs. NE Patriots,Efton Chism III,Efton Chism III (NE),Total de Touchdowns du joueur (Incl. Prolongations) (Efton Chism III (NE)),2145,72900,1754090052,NE|dst:player:483723,4569207503,3+,3+,NE|dst:player:483723,251.0,0,False
16564354,BUF Bills vs. NE Patriots,Corey Kiner,Corey Kiner (NE),Total de Touchdowns du joueur (Incl. Prolongations) (Corey Kiner (NE)),2145,72900,1754090237,NE|dst:player:566606,4569208032,1+,1+,NE|dst:player:566606,12.0,0,False
16564354,BUF Bills vs. NE Patriots,Corey Kiner,Corey Kiner (NE),Total de Touchdowns du joueur (Incl. Prolongations) (Corey Kiner (NE)),2145,72900,1754090237,NE|dst:player:566606,4569208033,2+,2+,NE|dst:player:566606,91.0,0,False
16564354,BUF Bills vs. NE Patriots,Corey Kiner,Corey Kiner (NE),Total de Touchdowns du joueur (Incl. Prolongations) (Corey Kiner (NE)),2145,72900,1754090237,NE|dst:player:566606,4569208034,3+,3+,NE|dst:player:566606,251.0,0,False
16564354,BUF Bills vs. NE Patriots,Reggie Gilliam,Reggie Gilliam (NE),Total de Touchdowns du joueur (Incl. Prolongations) (Reggie Gilliam (NE)),2145,72900,1754090057,NE|dst:player:540755,4569207516,1+,1+,NE|dst:player:540755,15.0,0,False
16564354,BUF Bills vs. NE Patriots,Reggie Gilliam,Reggie Gilliam (NE),Total de Touchdowns du joueur (Incl. Prolongations) (Reggie Gilliam (NE)),2145,72900,1754090057,NE|dst:player:540755,4569207517,2+,2+,NE|dst:player:540755,101.0,0,False
16564354,BUF Bills vs. NE Patriots,Reggie Gilliam,Reggie Gilliam (NE),Total de Touchdowns du joueur (Incl. Prolongations) (Reggie Gilliam (NE)),2145,72900,1754090057,NE|dst:player:540755,4569207518,3+,3+,NE|dst:player:540755,251.0,0,False
16564354,BUF Bills vs. NE Patriots,Cameron Latu,Cameron Latu (NE),Total de Touchdowns du joueur (Incl. Prolongations) (Cameron Latu (NE)),2145,72900,1754090238,NE|dst:player:567270,4569208035,1+,1+,NE|dst:player:567270,15.0,0,False
16564354,BUF Bills vs. NE Patriots,Cameron Latu,Cameron Latu (NE),Total de Touchdowns du joueur (Incl. Prolongations) (Cameron Latu (NE)),2145,72900,1754090238,NE|dst:player:567270,4569208036,2+,2+,NE|dst:player:567270,101.0,0,False
16564354,BUF Bills vs. NE Patriots,Cameron Latu,Cameron Latu (NE),Total de Touchdowns du joueur (Incl. Prolongations) (Cameron Latu (NE)),2145,72900,1754090238,NE|dst:player:567270,4569208037,3+,3+,NE|dst:player:567270,251.0,0,False
16564354,BUF Bills vs. NE Patriots,Keleki Latu,Keleki Latu (BUF),Total de Touchdowns du joueur (Incl. Prolongations) (Keleki Latu (BUF)),2145,72900,1754090051,BUF|dst:player:483335,4569207498,1+,1+,BUF|dst:player:483335,20.0,0,False
16564354,BUF Bills vs. NE Patriots,Keleki Latu,Keleki Latu (BUF),Total de Touchdowns du joueur (Incl. Prolongations) (Keleki Latu (BUF)),2145,72900,1754090051,BUF|dst:player:483335,4569207499,2+,2+,BUF|dst:player:483335,101.0,0,False
16564354,BUF Bills vs. NE Patriots,Keleki Latu,Keleki Latu (BUF),Total de Touchdowns du joueur (Incl. Prolongations) (Keleki Latu (BUF)),2145,72900,1754090051,BUF|dst:player:483335,4569207500,3+,3+,BUF|dst:player:483335,251.0,0,False
16564354,BUF Bills vs. NE Patriots,Greg Dortch,Greg Dortch (BUF),Total de Touchdowns du joueur (Incl. Prolongations) (Greg Dortch (BUF)),2145,72900,1754090239,BUF|dst:player:569902,4569208040,3+,3+,BUF|dst:player:569902,251.0,0,False
16564354,BUF Bills vs. NE Patriots,Greg Dortch,Greg Dortch (BUF),Total de Touchdowns du joueur (Incl. Prolongations) (Greg Dortch (BUF)),2145,72900,1754090239,BUF|dst:player:569902,4569208038,1+,1+,BUF|dst:player:569902,20.0,0,False
16564354,BUF Bills vs. NE Patriots,Greg Dortch,Greg Dortch (BUF),Total de Touchdowns du joueur (Incl. Prolongations) (Greg Dortch (BUF)),2145,72900,1754090239,BUF|dst:player:569902,4569208039,2+,2+,BUF|dst:player:569902,101.0,0,False
16564354,BUF Bills vs. NE Patriots,Tanner Arkin,Tanner Arkin (NE),Total de Touchdowns du joueur (Incl. Prolongations) (Tanner Arkin (NE)),2145,72900,1754090235,NE|dst:player:545592,4569208026,1+,1+,NE|dst:player:545592,20.0,0,False
16564354,BUF Bills vs. NE Patriots,Tanner Arkin,Tanner Arkin (NE),Total de Touchdowns du joueur (Incl. Prolongations) (Tanner Arkin (NE)),2145,72900,1754090235,NE|dst:player:545592,4569208027,2+,2+,NE|dst:player:545592,101.0,0,False
16564354,BUF Bills vs. NE Patriots,Tanner Arkin,Tanner Arkin (NE),Total de Touchdowns du joueur (Incl. Prolongations) (Tanner Arkin (NE)),2145,72900,1754090235,NE|dst:player:545592,4569208028,3+,3+,NE|dst:player:545592,251.0,0,False
17035367,CIN Bengals vs. JAX Jaguars,Chase Brown,Chase Brown (CIN),Total de Touchdowns du joueur (Incl. Prolongations) (Chase Brown (CIN)),2145,72900,1754090947,CIN|dst:player:374217,4569209683,1+,1+,CIN|dst:player:374217,1.6061,0,False
17035367,CIN Bengals vs. JAX Jaguars,Chase Brown,Chase Brown (CIN),Total de Touchdowns du joueur (Incl. Prolongations) (Chase Brown (CIN)),2145,72900,1754090947,CIN|dst:player:374217,4569209684,2+,2+,CIN|dst:player:374217,4.0,0,False
17035367,CIN Bengals vs. JAX Jaguars,Chase Brown,Chase Brown (CIN),Total de Touchdowns du joueur (Incl. Prolongations) (Chase Brown (CIN)),2145,72900,1754090947,CIN|dst:player:374217,4569209685,3+,3+,CIN|dst:player:374217,18.0,0,False
17035367,CIN Bengals vs. JAX Jaguars,Ja'Marr Chase,Ja'Marr Chase (CIN),Total de Touchdowns du joueur (Incl. Prolongations) (Ja'Marr Chase (CIN)),2145,72900,1754090945,CIN|dst:player:264511,4569209677,1+,1+,CIN|dst:player:264511,1.6897,0,False
17035367,CIN Bengals vs. JAX Jaguars,Ja'Marr Chase,Ja'Marr Chase (CIN),Total de Touchdowns du joueur (Incl. Prolongations) (Ja'Marr Chase (CIN)),2145,72900,1754090945,CIN|dst:player:264511,4569209678,2+,2+,CIN|dst:player:264511,4.5,0,False
17035367,CIN Bengals vs. JAX Jaguars,Ja'Marr Chase,Ja'Marr Chase (CIN),Total de Touchdowns du joueur (Incl. Prolongations) (Ja'Marr Chase (CIN)),2145,72900,1754090945,CIN|dst:player:264511,4569209679,3+,3+,CIN|dst:player:264511,20.0,0,False
17035367,CIN Bengals vs. JAX Jaguars,Tee Higgins,Tee Higgins (CIN),Total de Touchdowns du joueur (Incl. Prolongations) (Tee Higgins (CIN)),2145,72900,1754090943,CIN|dst:player:243187,4569209672,2+,2+,CIN|dst:player:243187,6.0,0,False
17035367,CIN Bengals vs. JAX Jaguars,Tee Higgins,Tee Higgins (CIN),Total de Touchdowns du joueur (Incl. Prolongations) (Tee Higgins (CIN)),2145,72900,1754090943,CIN|dst:player:243187,4569209673,3+,3+,CIN|dst:player:243187,26.0,0,False
17035367,CIN Bengals vs. JAX Jaguars,Tee Higgins,Tee Higgins (CIN),Total de Touchdowns du joueur (Incl. Prolongations) (Tee Higgins (CIN)),2145,72900,1754090943,CIN|dst:player:243187,4569209671,1+,1+,CIN|dst:player:243187,2.0,0,False
17035367,CIN Bengals vs. JAX Jaguars,Bhayshul Tuten,Bhayshul Tuten (JAX),Total de Touchdowns du joueur (Incl. Prolongations) (Bhayshul Tuten (JAX)),2145,72900,1754091094,JAX|dst:player:492792,4569210064,1+,1+,JAX|dst:player:492792,2.0,0,False
17035367,CIN Bengals vs. JAX Jaguars,Bhayshul Tuten,Bhayshul Tuten (JAX),Total de Touchdowns du joueur (Incl. Prolongations) (Bhayshul Tuten (JAX)),2145,72900,1754091094,JAX|dst:player:492792,4569210065,2+,2+,JAX|dst:player:492792,6.0,0,False
17035367,CIN Bengals vs. JAX Jaguars,Bhayshul Tuten,Bhayshul Tuten (JAX),Total de Touchdowns du joueur (Incl. Prolongations) (Bhayshul Tuten (JAX)),2145,72900,1754091094,JAX|dst:player:492792,4569210066,3+,3+,JAX|dst:player:492792,26.0,0,False
17035367,CIN Bengals vs. JAX Jaguars,Parker Washington,Parker Washington (JAX),Total de Touchdowns du joueur (Incl. Prolongations) (Parker Washington (JAX)),2145,72900,1754090946,JAX|dst:player:373972,4569209680,1+,1+,JAX|dst:player:373972,2.5,0,False
17035367,CIN Bengals vs. JAX Jaguars,Parker Washington,Parker Washington (JAX),Total de Touchdowns du joueur (Incl. Prolongations) (Parker Washington (JAX)),2145,72900,1754090946,JAX|dst:player:373972,4569209681,2+,2+,JAX|dst:player:373972,9.0,0,False
17035367,CIN Bengals vs. JAX Jaguars,Parker Washington,Parker Washington (JAX),Total de Touchdowns du joueur (Incl. Prolongations) (Parker Washington (JAX)),2145,72900,1754090946,JAX|dst:player:373972,4569209682,3+,3+,JAX|dst:player:373972,61.0,0,False
17035367,CIN Bengals vs. JAX Jaguars,Jakobi Meyers,Jakobi Meyers (JAX),Total de Touchdowns du joueur (Incl. Prolongations) (Jakobi Meyers (JAX)),2145,72900,1754091095,JAX|dst:player:523085,4569210067,1+,1+,JAX|dst:player:523085,2.9,0,False
17035367,CIN Bengals vs. JAX Jaguars,Jakobi Meyers,Jakobi Meyers (JAX),Total de Touchdowns du joueur (Incl. Prolongations) (Jakobi Meyers (JAX)),2145,72900,1754091095,JAX|dst:player:523085,4569210068,2+,2+,JAX|dst:player:523085,12.0,0,False
17035367,CIN Bengals vs. JAX Jaguars,Jakobi Meyers,Jakobi Meyers (JAX),Total de Touchdowns du joueur (Incl. Prolongations) (Jakobi Meyers (JAX)),2145,72900,1754091095,JAX|dst:player:523085,4569210069,3+,3+,JAX|dst:player:523085,81.0,0,False
17035367,CIN Bengals vs. JAX Jaguars,Christopher Rodriguez Jr.,Christopher Rodriguez Jr. (JAX),Total de Touchdowns du joueur (Incl. Prolongations) (Christopher Rodriguez Jr. (JAX)),2145,72900,1754091190,JAX|dst:player:540933,4569210440,2+,2+,JAX|dst:player:540933,12.0,0,False
17035367,CIN Bengals vs. JAX Jaguars,Christopher Rodriguez Jr.,Christopher Rodriguez Jr. (JAX),Total de Touchdowns du joueur (Incl. Prolongations) (Christopher Rodriguez Jr. (JAX)),2145,72900,1754091190,JAX|dst:player:540933,4569210441,3+,3+,JAX|dst:player:540933,81.0,0,False
17035367,CIN Bengals vs. JAX Jaguars,Christopher Rodriguez Jr.,Christopher Rodriguez Jr. (JAX),Total de Touchdowns du joueur (Incl. Prolongations) (Christopher Rodriguez Jr. (JAX)),2145,72900,1754091190,JAX|dst:player:540933,4569210439,1+,1+,JAX|dst:player:540933,2.9,0,False
17035367,CIN Bengals vs. JAX Jaguars,Mike Gesicki,Mike Gesicki (CIN),Total de Touchdowns du joueur (Incl. Prolongations) (Mike Gesicki (CIN)),2145,72900,1754091040,CIN|dst:player:409951,4569209924,1+,1+,CIN|dst:player:409951,3.6,0,False
17035367,CIN Bengals vs. JAX Jaguars,Mike Gesicki,Mike Gesicki (CIN),Total de Touchdowns du joueur (Incl. Prolongations) (Mike Gesicki (CIN)),2145,72900,1754091040,CIN|dst:player:409951,4569209925,2+,2+,CIN|dst:player:409951,19.0,0,False
17035367,CIN Bengals vs. JAX Jaguars,Mike Gesicki,Mike Gesicki (CIN),Total de Touchdowns du joueur (Incl. Prolongations) (Mike Gesicki (CIN)),2145,72900,1754091040,CIN|dst:player:409951,4569209926,3+,3+,CIN|dst:player:409951,101.0,0,False
17035367,CIN Bengals vs. JAX Jaguars,Trevor Lawrence,Trevor Lawrence (JAX),Total de Touchdowns du joueur (Incl. Prolongations) (Trevor Lawrence (JAX)),2145,72900,1754090944,JAX|dst:player:264485,4569209674,1+,1+,JAX|dst:player:264485,3.85,0,False
17035367,CIN Bengals vs. JAX Jaguars,Trevor Lawrence,Trevor Lawrence (JAX),Total de Touchdowns du joueur (Incl. Prolongations) (Trevor Lawrence (JAX)),2145,72900,1754090944,JAX|dst:player:264485,4569209675,2+,2+,JAX|dst:player:264485,26.0,0,False
17035367,CIN Bengals vs. JAX Jaguars,Trevor Lawrence,Trevor Lawrence (JAX),Total de Touchdowns du joueur (Incl. Prolongations) (Trevor Lawrence (JAX)),2145,72900,1754090944,JAX|dst:player:264485,4569209676,3+,3+,JAX|dst:player:264485,101.0,0,False
17035367,CIN Bengals vs. JAX Jaguars,Brenton Strange,Brenton Strange (JAX),Total de Touchdowns du joueur (Incl. Prolongations) (Brenton Strange (JAX)),2145,72900,1754091039,JAX|dst:player:374563,4569209921,1+,1+,JAX|dst:player:374563,3.85,0,False
17035367,CIN Bengals vs. JAX Jaguars,Brenton Strange,Brenton Strange (JAX),Total de Touchdowns du joueur (Incl. Prolongations) (Brenton Strange (JAX)),2145,72900,1754091039,JAX|dst:player:374563,4569209922,2+,2+,JAX|dst:player:374563,26.0,0,False
17035367,CIN Bengals vs. JAX Jaguars,Brenton Strange,Brenton Strange (JAX),Total de Touchdowns du joueur (Incl. Prolongations) (Brenton Strange (JAX)),2145,72900,1754091039,JAX|dst:player:374563,4569209923,3+,3+,JAX|dst:player:374563,101.0,0,False
17035367,CIN Bengals vs. JAX Jaguars,Brian Thomas,Brian Thomas (JAX),Total de Touchdowns du joueur (Incl. Prolongations) (Brian Thomas (JAX)),2145,72900,1754091042,JAX|dst:player:431983,4569209930,1+,1+,JAX|dst:player:431983,3.85,0,False
17035367,CIN Bengals vs. JAX Jaguars,Brian Thomas,Brian Thomas (JAX),Total de Touchdowns du joueur (Incl. Prolongations) (Brian Thomas (JAX)),2145,72900,1754091042,JAX|dst:player:431983,4569209931,2+,2+,JAX|dst:player:431983,26.0,0,False
17035367,CIN Bengals vs. JAX Jaguars,Brian Thomas,Brian Thomas (JAX),Total de Touchdowns du joueur (Incl. Prolongations) (Brian Thomas (JAX)),2145,72900,1754091042,JAX|dst:player:431983,4569209932,3+,3+,JAX|dst:player:431983,101.0,0,False
17035367,CIN Bengals vs. JAX Jaguars,Samaje Perine,Samaje Perine (CIN),Total de Touchdowns du joueur (Incl. Prolongations) (Samaje Perine (CIN)),2145,72900,1754090941,CIN|dst:player:229752,4569209665,1+,1+,CIN|dst:player:229752,4.25,0,False
17035367,CIN Bengals vs. JAX Jaguars,Samaje Perine,Samaje Perine (CIN),Total de Touchdowns du joueur (Incl. Prolongations) (Samaje Perine (CIN)),2145,72900,1754090941,CIN|dst:player:229752,4569209666,2+,2+,CIN|dst:player:229752,26.0,0,False
17035367,CIN Bengals vs. JAX Jaguars,Samaje Perine,Samaje Perine (CIN),Total de Touchdowns du joueur (Incl. Prolongations) (Samaje Perine (CIN)),2145,72900,1754090941,CIN|dst:player:229752,4569209667,3+,3+,CIN|dst:player:229752,101.0,0,False
17035367,CIN Bengals vs. JAX Jaguars,Josh Cameron,Josh Cameron (JAX),Total de Touchdowns du joueur (Incl. Prolongations) (Josh Cameron (JAX)),2145,72900,1754091195,JAX|dst:player:550297,4569210456,3+,3+,JAX|dst:player:550297,201.0,0,False
17035367,CIN Bengals vs. JAX Jaguars,Josh Cameron,Josh Cameron (JAX),Total de Touchdowns du joueur (Incl. Prolongations) (Josh Cameron (JAX)),2145,72900,1754091195,JAX|dst:player:550297,4569210454,1+,1+,JAX|dst:player:550297,5.5,0,False
17035367,CIN Bengals vs. JAX Jaguars,Josh Cameron,Josh Cameron (JAX),Total de Touchdowns du joueur (Incl. Prolongations) (Josh Cameron (JAX)),2145,72900,1754091195,JAX|dst:player:550297,4569210455,2+,2+,JAX|dst:player:550297,36.0,0,False
17035367,CIN Bengals vs. JAX Jaguars,Joe Burrow,Joe Burrow (CIN),Total de Touchdowns du joueur (Incl. Prolongations) (Joe Burrow (CIN)),2145,72900,1754090942,CIN|dst:player:242628,4569209668,1+,1+,CIN|dst:player:242628,6.0,0,False
17035367,CIN Bengals vs. JAX Jaguars,Joe Burrow,Joe Burrow (CIN),Total de Touchdowns du joueur (Incl. Prolongations) (Joe Burrow (CIN)),2145,72900,1754090942,CIN|dst:player:242628,4569209669,2+,2+,CIN|dst:player:242628,41.0,0,False
17035367,CIN Bengals vs. JAX Jaguars,Joe Burrow,Joe Burrow (CIN),Total de Touchdowns du joueur (Incl. Prolongations) (Joe Burrow (CIN)),2145,72900,1754090942,CIN|dst:player:242628,4569209670,3+,3+,CIN|dst:player:242628,201.0,0,False
17035367,CIN Bengals vs. JAX Jaguars,Dohnte Meyers,Dohnte Meyers (CIN),Total de Touchdowns du joueur (Incl. Prolongations) (Dohnte Meyers (CIN)),2145,72900,1754091191,CIN|dst:player:542617,4569210442,1+,1+,CIN|dst:player:542617,6.0,0,False
17035367,CIN Bengals vs. JAX Jaguars,Dohnte Meyers,Dohnte Meyers (CIN),Total de Touchdowns du joueur (Incl. Prolongations) (Dohnte Meyers (CIN)),2145,72900,1754091191,CIN|dst:player:542617,4569210443,2+,2+,CIN|dst:player:542617,41.0,0,False
17035367,CIN Bengals vs. JAX Jaguars,Dohnte Meyers,Dohnte Meyers (CIN),Total de Touchdowns du joueur (Incl. Prolongations) (Dohnte Meyers (CIN)),2145,72900,1754091191,CIN|dst:player:542617,4569210444,3+,3+,CIN|dst:player:542617,201.0,0,False
17035367,CIN Bengals vs. JAX Jaguars,Drew Sample,Drew Sample (CIN),Total de Touchdowns du joueur (Incl. Prolongations) (Drew Sample (CIN)),2145,72900,1754090940,CIN|dst:player:229120,4569209664,3+,3+,CIN|dst:player:229120,201.0,0,False
17035367,CIN Bengals vs. JAX Jaguars,Drew Sample,Drew Sample (CIN),Total de Touchdowns du joueur (Incl. Prolongations) (Drew Sample (CIN)),2145,72900,1754090940,CIN|dst:player:229120,4569209662,1+,1+,CIN|dst:player:229120,6.5,0,False
17035367,CIN Bengals vs. JAX Jaguars,Drew Sample,Drew Sample (CIN),Total de Touchdowns du joueur (Incl. Prolongations) (Drew Sample (CIN)),2145,72900,1754090940,CIN|dst:player:229120,4569209663,2+,2+,CIN|dst:player:229120,41.0,0,False
17035367,CIN Bengals vs. JAX Jaguars,Ameer Abdullah,Ameer Abdullah (JAX),Total de Touchdowns du joueur (Incl. Prolongations) (Ameer Abdullah (JAX)),2145,72900,1754091193,JAX|dst:player:546789,4569210448,1+,1+,JAX|dst:player:546789,10.0,0,False
17035367,CIN Bengals vs. JAX Jaguars,Ameer Abdullah,Ameer Abdullah (JAX),Total de Touchdowns du joueur (Incl. Prolongations) (Ameer Abdullah (JAX)),2145,72900,1754091193,JAX|dst:player:546789,4569210449,2+,2+,JAX|dst:player:546789,81.0,0,False
17035367,CIN Bengals vs. JAX Jaguars,Ameer Abdullah,Ameer Abdullah (JAX),Total de Touchdowns du joueur (Incl. Prolongations) (Ameer Abdullah (JAX)),2145,72900,1754091193,JAX|dst:player:546789,4569210450,3+,3+,JAX|dst:player:546789,201.0,0,False
17035367,CIN Bengals vs. JAX Jaguars,Nate Boerkircher,Nate Boerkircher (JAX),Total de Touchdowns du joueur (Incl. Prolongations) (Nate Boerkircher (JAX)),2145,72900,1754091194,JAX|dst:player:547549,4569210451,1+,1+,JAX|dst:player:547549,10.0,0,False
17035367,CIN Bengals vs. JAX Jaguars,Nate Boerkircher,Nate Boerkircher (JAX),Total de Touchdowns du joueur (Incl. Prolongations) (Nate Boerkircher (JAX)),2145,72900,1754091194,JAX|dst:player:547549,4569210452,2+,2+,JAX|dst:player:547549,81.0,0,False
17035367,CIN Bengals vs. JAX Jaguars,Nate Boerkircher,Nate Boerkircher (JAX),Total de Touchdowns du joueur (Incl. Prolongations) (Nate Boerkircher (JAX)),2145,72900,1754091194,JAX|dst:player:547549,4569210453,3+,3+,JAX|dst:player:547549,201.0,0,False
17035367,CIN Bengals vs. JAX Jaguars,Erick All,Erick All (CIN),Total de Touchdowns du joueur (Incl. Prolongations) (Erick All (CIN)),2145,72900,1754091041,CIN|dst:player:430312,4569209928,2+,2+,CIN|dst:player:430312,81.0,0,False
17035367,CIN Bengals vs. JAX Jaguars,Erick All,Erick All (CIN),Total de Touchdowns du joueur (Incl. Prolongations) (Erick All (CIN)),2145,72900,1754091041,CIN|dst:player:430312,4569209929,3+,3+,CIN|dst:player:430312,201.0,0,False
17035367,CIN Bengals vs. JAX Jaguars,Erick All,Erick All (CIN),Total de Touchdowns du joueur (Incl. Prolongations) (Erick All (CIN)),2145,72900,1754091041,CIN|dst:player:430312,4569209927,1+,1+,CIN|dst:player:430312,11.0,0,False
17035367,CIN Bengals vs. JAX Jaguars,Colbie Young,Colbie Young (CIN),Total de Touchdowns du joueur (Incl. Prolongations) (Colbie Young (CIN)),2145,72900,1754091192,CIN|dst:player:546443,4569210445,1+,1+,CIN|dst:player:546443,11.0,0,False
17035367,CIN Bengals vs. JAX Jaguars,Colbie Young,Colbie Young (CIN),Total de Touchdowns du joueur (Incl. Prolongations) (Colbie Young (CIN)),2145,72900,1754091192,CIN|dst:player:546443,4569210446,2+,2+,CIN|dst:player:546443,81.0,0,False
17035367,CIN Bengals vs. JAX Jaguars,Colbie Young,Colbie Young (CIN),Total de Touchdowns du joueur (Incl. Prolongations) (Colbie Young (CIN)),2145,72900,1754091192,CIN|dst:player:546443,4569210447,3+,3+,CIN|dst:player:546443,201.0,0,False
17035367,CIN Bengals vs. JAX Jaguars,LeQuint Allen,LeQuint Allen (JAX),Total de Touchdowns du joueur (Incl. Prolongations) (LeQuint Allen (JAX)),2145,72900,1754091044,JAX|dst:player:484785,4569209936,1+,1+,JAX|dst:player:484785,12.0,0,False
17035367,CIN Bengals vs. JAX Jaguars,LeQuint Allen,LeQuint Allen (JAX),Total de Touchdowns du joueur (Incl. Prolongations) (LeQuint Allen (JAX)),2145,72900,1754091044,JAX|dst:player:484785,4569209937,2+,2+,JAX|dst:player:484785,91.0,0,False
17035367,CIN Bengals vs. JAX Jaguars,LeQuint Allen,LeQuint Allen (JAX),Total de Touchdowns du joueur (Incl. Prolongations) (LeQuint Allen (JAX)),2145,72900,1754091044,JAX|dst:player:484785,4569209938,3+,3+,JAX|dst:player:484785,251.0,0,False
17035367,CIN Bengals vs. JAX Jaguars,Travis Hunter,Travis Hunter (JAX),Total de Touchdowns du joueur (Incl. Prolongations) (Travis Hunter (JAX)),2145,72900,1754091046,JAX|dst:player:492731,4569209944,3+,3+,JAX|dst:player:492731,251.0,0,False
17035367,CIN Bengals vs. JAX Jaguars,Travis Hunter,Travis Hunter (JAX),Total de Touchdowns du joueur (Incl. Prolongations) (Travis Hunter (JAX)),2145,72900,1754091046,JAX|dst:player:492731,4569209942,1+,1+,JAX|dst:player:492731,12.0,0,False
17035367,CIN Bengals vs. JAX Jaguars,Travis Hunter,Travis Hunter (JAX),Total de Touchdowns du joueur (Incl. Prolongations) (Travis Hunter (JAX)),2145,72900,1754091046,JAX|dst:player:492731,4569209943,2+,2+,JAX|dst:player:492731,91.0,0,False
17035367,CIN Bengals vs. JAX Jaguars,CJ Williams,CJ Williams (JAX),Total de Touchdowns du joueur (Incl. Prolongations) (CJ Williams (JAX)),2145,72900,1754091196,JAX|dst:player:550299,4569210457,1+,1+,JAX|dst:player:550299,12.0,0,False
17035367,CIN Bengals vs. JAX Jaguars,CJ Williams,CJ Williams (JAX),Total de Touchdowns du joueur (Incl. Prolongations) (CJ Williams (JAX)),2145,72900,1754091196,JAX|dst:player:550299,4569210458,2+,2+,JAX|dst:player:550299,91.0,0,False
17035367,CIN Bengals vs. JAX Jaguars,CJ Williams,CJ Williams (JAX),Total de Touchdowns du joueur (Incl. Prolongations) (CJ Williams (JAX)),2145,72900,1754091196,JAX|dst:player:550299,4569210459,3+,3+,JAX|dst:player:550299,251.0,0,False
17035367,CIN Bengals vs. JAX Jaguars,Ke'Shawn Williams,Ke'Shawn Williams (CIN),Total de Touchdowns du joueur (Incl. Prolongations) (Ke'Shawn Williams (CIN)),2145,72900,1754091189,CIN|dst:player:529519,4569210436,1+,1+,CIN|dst:player:529519,15.0,0,False
17035367,CIN Bengals vs. JAX Jaguars,Ke'Shawn Williams,Ke'Shawn Williams (CIN),Total de Touchdowns du joueur (Incl. Prolongations) (Ke'Shawn Williams (CIN)),2145,72900,1754091189,CIN|dst:player:529519,4569210437,2+,2+,CIN|dst:player:529519,101.0,0,False
17035367,CIN Bengals vs. JAX Jaguars,Ke'Shawn Williams,Ke'Shawn Williams (CIN),Total de Touchdowns du joueur (Incl. Prolongations) (Ke'Shawn Williams (CIN)),2145,72900,1754091189,CIN|dst:player:529519,4569210438,3+,3+,CIN|dst:player:529519,251.0,0,False
17035367,CIN Bengals vs. JAX Jaguars,Quintin Morris,Quintin Morris (JAX),Total de Touchdowns du joueur (Incl. Prolongations) (Quintin Morris (JAX)),2145,72900,1754091045,JAX|dst:player:485029,4569209939,1+,1+,JAX|dst:player:485029,15.0,0,False
17035367,CIN Bengals vs. JAX Jaguars,Quintin Morris,Quintin Morris (JAX),Total de Touchdowns du joueur (Incl. Prolongations) (Quintin Morris (JAX)),2145,72900,1754091045,JAX|dst:player:485029,4569209940,2+,2+,JAX|dst:player:485029,101.0,0,False
17035367,CIN Bengals vs. JAX Jaguars,Quintin Morris,Quintin Morris (JAX),Total de Touchdowns du joueur (Incl. Prolongations) (Quintin Morris (JAX)),2145,72900,1754091045,JAX|dst:player:485029,4569209941,3+,3+,JAX|dst:player:485029,251.0,0,False
17035367,CIN Bengals vs. JAX Jaguars,Tanner Koziol,Tanner Koziol (JAX),Total de Touchdowns du joueur (Incl. Prolongations) (Tanner Koziol (JAX)),2145,72900,1754091197,JAX|dst:player:550300,4569210460,1+,1+,JAX|dst:player:550300,15.0,0,False
17035367,CIN Bengals vs. JAX Jaguars,Tanner Koziol,Tanner Koziol (JAX),Total de Touchdowns du joueur (Incl. Prolongations) (Tanner Koziol (JAX)),2145,72900,1754091197,JAX|dst:player:550300,4569210461,2+,2+,JAX|dst:player:550300,101.0,0,False
17035367,CIN Bengals vs. JAX Jaguars,Tanner Koziol,Tanner Koziol (JAX),Total de Touchdowns du joueur (Incl. Prolongations) (Tanner Koziol (JAX)),2145,72900,1754091197,JAX|dst:player:550300,4569210462,3+,3+,JAX|dst:player:550300,251.0,0,False
17035367,CIN Bengals vs. JAX Jaguars,Tahj Brooks,Tahj Brooks (CIN),Total de Touchdowns du joueur (Incl. Prolongations) (Tahj Brooks (CIN)),2145,72900,1754091043,CIN|dst:player:484442,4569209933,1+,1+,CIN|dst:player:484442,20.0,0,False
17035367,CIN Bengals vs. JAX Jaguars,Tahj Brooks,Tahj Brooks (CIN),Total de Touchdowns du joueur (Incl. Prolongations) (Tahj Brooks (CIN)),2145,72900,1754091043,CIN|dst:player:484442,4569209934,2+,2+,CIN|dst:player:484442,101.0,0,False
17035367,CIN Bengals vs. JAX Jaguars,Tahj Brooks,Tahj Brooks (CIN),Total de Touchdowns du joueur (Incl. Prolongations) (Tahj Brooks (CIN)),2145,72900,1754091043,CIN|dst:player:484442,4569209935,3+,3+,CIN|dst:player:484442,251.0,0,False
16551768,NY Giants vs. ARZ Cardinals,Cameron Skattebo,Cameron Skattebo (NYG),Total de Touchdowns du joueur (Incl. Prolongations) (Cameron Skattebo (NYG)),2145,72900,1754088350,NYG|dst:player:492573,4569203626,1+,1+,NYG|dst:player:492573,1.6897,0,False
16551768,NY Giants vs. ARZ Cardinals,Cameron Skattebo,Cameron Skattebo (NYG),Total de Touchdowns du joueur (Incl. Prolongations) (Cameron Skattebo (NYG)),2145,72900,1754088350,NYG|dst:player:492573,4569203627,2+,2+,NYG|dst:player:492573,4.5,0,False
16551768,NY Giants vs. ARZ Cardinals,Cameron Skattebo,Cameron Skattebo (NYG),Total de Touchdowns du joueur (Incl. Prolongations) (Cameron Skattebo (NYG)),2145,72900,1754088350,NYG|dst:player:492573,4569203628,3+,3+,NYG|dst:player:492573,20.0,0,False
16551768,NY Giants vs. ARZ Cardinals,Jeremiyah Love,Jeremiyah Love (ARI),Total de Touchdowns du joueur (Incl. Prolongations) (Jeremiyah Love (ARI)),2145,72900,1754088578,ARI|dst:player:546415,4569204149,1+,1+,ARI|dst:player:546415,1.8,0,False
16551768,NY Giants vs. ARZ Cardinals,Jeremiyah Love,Jeremiyah Love (ARI),Total de Touchdowns du joueur (Incl. Prolongations) (Jeremiyah Love (ARI)),2145,72900,1754088578,ARI|dst:player:546415,4569204150,2+,2+,ARI|dst:player:546415,5.0,0,False
16551768,NY Giants vs. ARZ Cardinals,Jeremiyah Love,Jeremiyah Love (ARI),Total de Touchdowns du joueur (Incl. Prolongations) (Jeremiyah Love (ARI)),2145,72900,1754088578,ARI|dst:player:546415,4569204151,3+,3+,ARI|dst:player:546415,21.0,0,False
16551768,NY Giants vs. ARZ Cardinals,Trey McBride,Trey McBride (ARI),Total de Touchdowns du joueur (Incl. Prolongations) (Trey McBride (ARI)),2145,72900,1754088239,ARI|dst:player:308902,4569203321,1+,1+,ARI|dst:player:308902,2.1,0,False
16551768,NY Giants vs. ARZ Cardinals,Trey McBride,Trey McBride (ARI),Total de Touchdowns du joueur (Incl. Prolongations) (Trey McBride (ARI)),2145,72900,1754088239,ARI|dst:player:308902,4569203322,2+,2+,ARI|dst:player:308902,6.5,0,False
16551768,NY Giants vs. ARZ Cardinals,Trey McBride,Trey McBride (ARI),Total de Touchdowns du joueur (Incl. Prolongations) (Trey McBride (ARI)),2145,72900,1754088239,ARI|dst:player:308902,4569203323,3+,3+,ARI|dst:player:308902,31.0,0,False
16551768,NY Giants vs. ARZ Cardinals,Malik Nabers,Malik Nabers (NYG),Total de Touchdowns du joueur (Incl. Prolongations) (Malik Nabers (NYG)),2145,72900,1754088343,NYG|dst:player:430013,4569203605,1+,1+,NYG|dst:player:430013,2.4,0,False
16551768,NY Giants vs. ARZ Cardinals,Malik Nabers,Malik Nabers (NYG),Total de Touchdowns du joueur (Incl. Prolongations) (Malik Nabers (NYG)),2145,72900,1754088343,NYG|dst:player:430013,4569203606,2+,2+,NYG|dst:player:430013,8.0,0,False
16551768,NY Giants vs. ARZ Cardinals,Malik Nabers,Malik Nabers (NYG),Total de Touchdowns du joueur (Incl. Prolongations) (Malik Nabers (NYG)),2145,72900,1754088343,NYG|dst:player:430013,4569203607,3+,3+,NYG|dst:player:430013,51.0,0,False
16551768,NY Giants vs. ARZ Cardinals,Tyler Allgeier,Tyler Allgeier (ARI),Total de Touchdowns du joueur (Incl. Prolongations) (Tyler Allgeier (ARI)),2145,72900,1754088450,ARI|dst:player:540726,4569203844,1+,1+,ARI|dst:player:540726,2.6,0,False
16551768,NY Giants vs. ARZ Cardinals,Tyler Allgeier,Tyler Allgeier (ARI),Total de Touchdowns du joueur (Incl. Prolongations) (Tyler Allgeier (ARI)),2145,72900,1754088450,ARI|dst:player:540726,4569203845,2+,2+,ARI|dst:player:540726,10.0,0,False
16551768,NY Giants vs. ARZ Cardinals,Tyler Allgeier,Tyler Allgeier (ARI),Total de Touchdowns du joueur (Incl. Prolongations) (Tyler Allgeier (ARI)),2145,72900,1754088450,ARI|dst:player:540726,4569203846,3+,3+,ARI|dst:player:540726,61.0,0,False
16551768,NY Giants vs. ARZ Cardinals,Michael Wilson,Michael Wilson (ARI),Total de Touchdowns du joueur (Incl. Prolongations) (Michael Wilson (ARI)),2145,72900,1754088238,ARI|dst:player:374310,4569203320,3+,3+,ARI|dst:player:374310,81.0,0,False
16551768,NY Giants vs. ARZ Cardinals,Michael Wilson,Michael Wilson (ARI),Total de Touchdowns du joueur (Incl. Prolongations) (Michael Wilson (ARI)),2145,72900,1754088238,ARI|dst:player:374310,4569203318,1+,1+,ARI|dst:player:374310,2.9,0,False
16551768,NY Giants vs. ARZ Cardinals,Michael Wilson,Michael Wilson (ARI),Total de Touchdowns du joueur (Incl. Prolongations) (Michael Wilson (ARI)),2145,72900,1754088238,ARI|dst:player:374310,4569203319,2+,2+,ARI|dst:player:374310,12.0,0,False
16551768,NY Giants vs. ARZ Cardinals,Isaiah Likely,Isaiah Likely (NYG),Total de Touchdowns du joueur (Incl. Prolongations) (Isaiah Likely (NYG)),2145,72900,1754088451,NYG|dst:player:540760,4569203848,2+,2+,NYG|dst:player:540760,16.0,0,False
16551768,NY Giants vs. ARZ Cardinals,Isaiah Likely,Isaiah Likely (NYG),Total de Touchdowns du joueur (Incl. Prolongations) (Isaiah Likely (NYG)),2145,72900,1754088451,NYG|dst:player:540760,4569203849,3+,3+,NYG|dst:player:540760,101.0,0,False
16551768,NY Giants vs. ARZ Cardinals,Isaiah Likely,Isaiah Likely (NYG),Total de Touchdowns du joueur (Incl. Prolongations) (Isaiah Likely (NYG)),2145,72900,1754088451,NYG|dst:player:540760,4569203847,1+,1+,NYG|dst:player:540760,3.3,0,False
16551768,NY Giants vs. ARZ Cardinals,Marvin Harrison,Marvin Harrison (ARI),Total de Touchdowns du joueur (Incl. Prolongations) (Marvin Harrison (ARI)),2145,72900,1754088346,ARI|dst:player:430924,4569203616,3+,3+,ARI|dst:player:430924,101.0,0,False
16551768,NY Giants vs. ARZ Cardinals,Marvin Harrison,Marvin Harrison (ARI),Total de Touchdowns du joueur (Incl. Prolongations) (Marvin Harrison (ARI)),2145,72900,1754088346,ARI|dst:player:430924,4569203614,1+,1+,ARI|dst:player:430924,4.25,0,False
16551768,NY Giants vs. ARZ Cardinals,Marvin Harrison,Marvin Harrison (ARI),Total de Touchdowns du joueur (Incl. Prolongations) (Marvin Harrison (ARI)),2145,72900,1754088346,ARI|dst:player:430924,4569203615,2+,2+,ARI|dst:player:430924,26.0,0,False
16551768,NY Giants vs. ARZ Cardinals,Malachi Fields,Malachi Fields (NYG),Total de Touchdowns du joueur (Incl. Prolongations) (Malachi Fields (NYG)),2145,72900,1754088579,NYG|dst:player:546489,4569204152,1+,1+,NYG|dst:player:546489,4.25,0,False
16551768,NY Giants vs. ARZ Cardinals,Malachi Fields,Malachi Fields (NYG),Total de Touchdowns du joueur (Incl. Prolongations) (Malachi Fields (NYG)),2145,72900,1754088579,NYG|dst:player:546489,4569204153,2+,2+,NYG|dst:player:546489,26.0,0,False
16551768,NY Giants vs. ARZ Cardinals,Malachi Fields,Malachi Fields (NYG),Total de Touchdowns du joueur (Incl. Prolongations) (Malachi Fields (NYG)),2145,72900,1754088579,NYG|dst:player:546489,4569204154,3+,3+,NYG|dst:player:546489,101.0,0,False
16551768,NY Giants vs. ARZ Cardinals,Jacoby Brissett,Jacoby Brissett (ARI),Total de Touchdowns du joueur (Incl. Prolongations) (Jacoby Brissett (ARI)),2145,72900,1754088347,ARI|dst:player:476362,4569203617,1+,1+,ARI|dst:player:476362,4.5,0,False
16551768,NY Giants vs. ARZ Cardinals,Jacoby Brissett,Jacoby Brissett (ARI),Total de Touchdowns du joueur (Incl. Prolongations) (Jacoby Brissett (ARI)),2145,72900,1754088347,ARI|dst:player:476362,4569203618,2+,2+,ARI|dst:player:476362,31.0,0,False
16551768,NY Giants vs. ARZ Cardinals,Jacoby Brissett,Jacoby Brissett (ARI),Total de Touchdowns du joueur (Incl. Prolongations) (Jacoby Brissett (ARI)),2145,72900,1754088347,ARI|dst:player:476362,4569203619,3+,3+,ARI|dst:player:476362,151.0,0,False
16551768,NY Giants vs. ARZ Cardinals,Kendrick Bourne,Kendrick Bourne (ARI),Total de Touchdowns du joueur (Incl. Prolongations) (Kendrick Bourne (ARI)),2145,72900,1754088449,ARI|dst:player:540724,4569203841,1+,1+,ARI|dst:player:540724,4.5,0,False
16551768,NY Giants vs. ARZ Cardinals,Kendrick Bourne,Kendrick Bourne (ARI),Total de Touchdowns du joueur (Incl. Prolongations) (Kendrick Bourne (ARI)),2145,72900,1754088449,ARI|dst:player:540724,4569203842,2+,2+,ARI|dst:player:540724,31.0,0,False
16551768,NY Giants vs. ARZ Cardinals,Kendrick Bourne,Kendrick Bourne (ARI),Total de Touchdowns du joueur (Incl. Prolongations) (Kendrick Bourne (ARI)),2145,72900,1754088449,ARI|dst:player:540724,4569203843,3+,3+,ARI|dst:player:540724,151.0,0,False
16551768,NY Giants vs. ARZ Cardinals,Jameis Winston,Jameis Winston (NYG),Total de Touchdowns du joueur (Incl. Prolongations) (Jameis Winston (NYG)),2145,72900,1754088349,NYG|dst:player:477203,4569203624,2+,2+,NYG|dst:player:477203,31.0,0,False
16551768,NY Giants vs. ARZ Cardinals,Jameis Winston,Jameis Winston (NYG),Total de Touchdowns du joueur (Incl. Prolongations) (Jameis Winston (NYG)),2145,72900,1754088349,NYG|dst:player:477203,4569203625,3+,3+,NYG|dst:player:477203,151.0,0,False
16551768,NY Giants vs. ARZ Cardinals,Jameis Winston,Jameis Winston (NYG),Total de Touchdowns du joueur (Incl. Prolongations) (Jameis Winston (NYG)),2145,72900,1754088349,NYG|dst:player:477203,4569203623,1+,1+,NYG|dst:player:477203,4.5,0,False
16551768,NY Giants vs. ARZ Cardinals,Najee Harris,Najee Harris (NYG),Total de Touchdowns du joueur (Incl. Prolongations) (Najee Harris (NYG)),2145,72900,1754088581,NYG|dst:player:564087,4569204160,3+,3+,NYG|dst:player:564087,151.0,0,False
16551768,NY Giants vs. ARZ Cardinals,Najee Harris,Najee Harris (NYG),Total de Touchdowns du joueur (Incl. Prolongations) (Najee Harris (NYG)),2145,72900,1754088581,NYG|dst:player:564087,4569204158,1+,1+,NYG|dst:player:564087,4.5,0,False
16551768,NY Giants vs. ARZ Cardinals,Najee Harris,Najee Harris (NYG),Total de Touchdowns du joueur (Incl. Prolongations) (Najee Harris (NYG)),2145,72900,1754088581,NYG|dst:player:564087,4569204159,2+,2+,NYG|dst:player:564087,31.0,0,False
16551768,NY Giants vs. ARZ Cardinals,Devin Singletary,Devin Singletary (NYG),Total de Touchdowns du joueur (Incl. Prolongations) (Devin Singletary (NYG)),2145,72900,1754088241,NYG|dst:player:409911,4569203328,2+,2+,NYG|dst:player:409911,36.0,0,False
16551768,NY Giants vs. ARZ Cardinals,Devin Singletary,Devin Singletary (NYG),Total de Touchdowns du joueur (Incl. Prolongations) (Devin Singletary (NYG)),2145,72900,1754088241,NYG|dst:player:409911,4569203329,3+,3+,NYG|dst:player:409911,151.0,0,False
16551768,NY Giants vs. ARZ Cardinals,Devin Singletary,Devin Singletary (NYG),Total de Touchdowns du joueur (Incl. Prolongations) (Devin Singletary (NYG)),2145,72900,1754088241,NYG|dst:player:409911,4569203327,1+,1+,NYG|dst:player:409911,5.0,0,False
16551768,NY Giants vs. ARZ Cardinals,Theo Johnson,Theo Johnson (NYG),Total de Touchdowns du joueur (Incl. Prolongations) (Theo Johnson (NYG)),2145,72900,1754088345,NYG|dst:player:430841,4569203611,1+,1+,NYG|dst:player:430841,6.0,0,False
16551768,NY Giants vs. ARZ Cardinals,Theo Johnson,Theo Johnson (NYG),Total de Touchdowns du joueur (Incl. Prolongations) (Theo Johnson (NYG)),2145,72900,1754088345,NYG|dst:player:430841,4569203612,2+,2+,NYG|dst:player:430841,41.0,0,False
16551768,NY Giants vs. ARZ Cardinals,Theo Johnson,Theo Johnson (NYG),Total de Touchdowns du joueur (Incl. Prolongations) (Theo Johnson (NYG)),2145,72900,1754088345,NYG|dst:player:430841,4569203613,3+,3+,NYG|dst:player:430841,201.0,0,False
16551768,NY Giants vs. ARZ Cardinals,Darnell Mooney,Darnell Mooney (NYG),Total de Touchdowns du joueur (Incl. Prolongations) (Darnell Mooney (NYG)),2145,72900,1754088453,NYG|dst:player:541181,4569203853,1+,1+,NYG|dst:player:541181,6.0,0,False
16551768,NY Giants vs. ARZ Cardinals,Darnell Mooney,Darnell Mooney (NYG),Total de Touchdowns du joueur (Incl. Prolongations) (Darnell Mooney (NYG)),2145,72900,1754088453,NYG|dst:player:541181,4569203854,2+,2+,NYG|dst:player:541181,41.0,0,False
16551768,NY Giants vs. ARZ Cardinals,Darnell Mooney,Darnell Mooney (NYG),Total de Touchdowns du joueur (Incl. Prolongations) (Darnell Mooney (NYG)),2145,72900,1754088453,NYG|dst:player:541181,4569203855,3+,3+,NYG|dst:player:541181,201.0,0,False
16551768,NY Giants vs. ARZ Cardinals,Tyrone Tracy,Tyrone Tracy (NYG),Total de Touchdowns du joueur (Incl. Prolongations) (Tyrone Tracy (NYG)),2145,72900,1754088344,NYG|dst:player:430015,4569203608,1+,1+,NYG|dst:player:430015,6.5,0,False
16551768,NY Giants vs. ARZ Cardinals,Tyrone Tracy,Tyrone Tracy (NYG),Total de Touchdowns du joueur (Incl. Prolongations) (Tyrone Tracy (NYG)),2145,72900,1754088344,NYG|dst:player:430015,4569203609,2+,2+,NYG|dst:player:430015,41.0,0,False
16551768,NY Giants vs. ARZ Cardinals,Tyrone Tracy,Tyrone Tracy (NYG),Total de Touchdowns du joueur (Incl. Prolongations) (Tyrone Tracy (NYG)),2145,72900,1754088344,NYG|dst:player:430015,4569203610,3+,3+,NYG|dst:player:430015,201.0,0,False
16551768,NY Giants vs. ARZ Cardinals,Elijah Higgins,Elijah Higgins (ARI),Total de Touchdowns du joueur (Incl. Prolongations) (Elijah Higgins (ARI)),2145,72900,1754088240,ARI|dst:player:388287,4569203324,1+,1+,ARI|dst:player:388287,7.5,0,False
16551768,NY Giants vs. ARZ Cardinals,Elijah Higgins,Elijah Higgins (ARI),Total de Touchdowns du joueur (Incl. Prolongations) (Elijah Higgins (ARI)),2145,72900,1754088240,ARI|dst:player:388287,4569203325,2+,2+,ARI|dst:player:388287,51.0,0,False
16551768,NY Giants vs. ARZ Cardinals,Elijah Higgins,Elijah Higgins (ARI),Total de Touchdowns du joueur (Incl. Prolongations) (Elijah Higgins (ARI)),2145,72900,1754088240,ARI|dst:player:388287,4569203326,3+,3+,ARI|dst:player:388287,201.0,0,False
16551768,NY Giants vs. ARZ Cardinals,Hunter Long,Hunter Long (ARI),Total de Touchdowns du joueur (Incl. Prolongations) (Hunter Long (ARI)),2145,72900,1754088582,ARI|dst:player:566742,4569204161,1+,1+,ARI|dst:player:566742,12.0,0,False
16551768,NY Giants vs. ARZ Cardinals,Hunter Long,Hunter Long (ARI),Total de Touchdowns du joueur (Incl. Prolongations) (Hunter Long (ARI)),2145,72900,1754088582,ARI|dst:player:566742,4569204162,2+,2+,ARI|dst:player:566742,91.0,0,False
16551768,NY Giants vs. ARZ Cardinals,Hunter Long,Hunter Long (ARI),Total de Touchdowns du joueur (Incl. Prolongations) (Hunter Long (ARI)),2145,72900,1754088582,ARI|dst:player:566742,4569204163,3+,3+,ARI|dst:player:566742,251.0,0,False
16551768,NY Giants vs. ARZ Cardinals,Braxton Berrios,Braxton Berrios (NYG),Total de Touchdowns du joueur (Incl. Prolongations) (Braxton Berrios (NYG)),2145,72900,1754088580,NYG|dst:player:548884,4569204155,1+,1+,NYG|dst:player:548884,12.0,0,False
16551768,NY Giants vs. ARZ Cardinals,Braxton Berrios,Braxton Berrios (NYG),Total de Touchdowns du joueur (Incl. Prolongations) (Braxton Berrios (NYG)),2145,72900,1754088580,NYG|dst:player:548884,4569204156,2+,2+,NYG|dst:player:548884,91.0,0,False
16551768,NY Giants vs. ARZ Cardinals,Braxton Berrios,Braxton Berrios (NYG),Total de Touchdowns du joueur (Incl. Prolongations) (Braxton Berrios (NYG)),2145,72900,1754088580,NYG|dst:player:548884,4569204157,3+,3+,NYG|dst:player:548884,251.0,0,False
16551768,NY Giants vs. ARZ Cardinals,Odell Beckham Jr.,Odell Beckham Jr. (NYG),Total de Touchdowns du joueur (Incl. Prolongations) (Odell Beckham Jr. (NYG)),2145,72900,1754088237,NYG|dst:player:125200,4569203315,1+,1+,NYG|dst:player:125200,15.0,0,False
16551768,NY Giants vs. ARZ Cardinals,Odell Beckham Jr.,Odell Beckham Jr. (NYG),Total de Touchdowns du joueur (Incl. Prolongations) (Odell Beckham Jr. (NYG)),2145,72900,1754088237,NYG|dst:player:125200,4569203316,2+,2+,NYG|dst:player:125200,101.0,0,False
16551768,NY Giants vs. ARZ Cardinals,Odell Beckham Jr.,Odell Beckham Jr. (NYG),Total de Touchdowns du joueur (Incl. Prolongations) (Odell Beckham Jr. (NYG)),2145,72900,1754088237,NYG|dst:player:125200,4569203317,3+,3+,NYG|dst:player:125200,251.0,0,False
16551768,NY Giants vs. ARZ Cardinals,Simi Fehoko,Simi Fehoko (ARI),Total de Touchdowns du joueur (Incl. Prolongations) (Simi Fehoko (ARI)),2145,72900,1754088348,ARI|dst:player:476606,4569203620,1+,1+,ARI|dst:player:476606,26.0,0,False
16551768,NY Giants vs. ARZ Cardinals,Simi Fehoko,Simi Fehoko (ARI),Total de Touchdowns du joueur (Incl. Prolongations) (Simi Fehoko (ARI)),2145,72900,1754088348,ARI|dst:player:476606,4569203621,2+,2+,ARI|dst:player:476606,151.0,0,False
16551768,NY Giants vs. ARZ Cardinals,Simi Fehoko,Simi Fehoko (ARI),Total de Touchdowns du joueur (Incl. Prolongations) (Simi Fehoko (ARI)),2145,72900,1754088348,ARI|dst:player:476606,4569203622,3+,3+,ARI|dst:player:476606,251.0,0,False
16551768,NY Giants vs. ARZ Cardinals,Zonovan Knight,Zonovan Knight (ARI),Total de Touchdowns du joueur (Incl. Prolongations) (Zonovan Knight (ARI)),2145,72900,1754088447,ARI|dst:player:501935,4569203835,1+,1+,ARI|dst:player:501935,26.0,0,False
16551768,NY Giants vs. ARZ Cardinals,Zonovan Knight,Zonovan Knight (ARI),Total de Touchdowns du joueur (Incl. Prolongations) (Zonovan Knight (ARI)),2145,72900,1754088447,ARI|dst:player:501935,4569203836,2+,2+,ARI|dst:player:501935,151.0,0,False
16551768,NY Giants vs. ARZ Cardinals,Zonovan Knight,Zonovan Knight (ARI),Total de Touchdowns du joueur (Incl. Prolongations) (Zonovan Knight (ARI)),2145,72900,1754088447,ARI|dst:player:501935,4569203837,3+,3+,ARI|dst:player:501935,251.0,0,False
16551768,NY Giants vs. ARZ Cardinals,Jalen Brooks,Jalen Brooks (ARI),Total de Touchdowns du joueur (Incl. Prolongations) (Jalen Brooks (ARI)),2145,72900,1754088448,ARI|dst:player:528606,4569203840,3+,3+,ARI|dst:player:528606,251.0,0,False
16551768,NY Giants vs. ARZ Cardinals,Jalen Brooks,Jalen Brooks (ARI),Total de Touchdowns du joueur (Incl. Prolongations) (Jalen Brooks (ARI)),2145,72900,1754088448,ARI|dst:player:528606,4569203838,1+,1+,ARI|dst:player:528606,26.0,0,False
16551768,NY Giants vs. ARZ Cardinals,Jalen Brooks,Jalen Brooks (ARI),Total de Touchdowns du joueur (Incl. Prolongations) (Jalen Brooks (ARI)),2145,72900,1754088448,ARI|dst:player:528606,4569203839,2+,2+,ARI|dst:player:528606,151.0,0,False
16551768,NY Giants vs. ARZ Cardinals,Devin Duvernay,Devin Duvernay (ARI),Total de Touchdowns du joueur (Incl. Prolongations) (Devin Duvernay (ARI)),2145,72900,1754088454,ARI|dst:player:541235,4569203856,1+,1+,ARI|dst:player:541235,26.0,0,False
16551768,NY Giants vs. ARZ Cardinals,Devin Duvernay,Devin Duvernay (ARI),Total de Touchdowns du joueur (Incl. Prolongations) (Devin Duvernay (ARI)),2145,72900,1754088454,ARI|dst:player:541235,4569203857,2+,2+,ARI|dst:player:541235,151.0,0,False
16551768,NY Giants vs. ARZ Cardinals,Devin Duvernay,Devin Duvernay (ARI),Total de Touchdowns du joueur (Incl. Prolongations) (Devin Duvernay (ARI)),2145,72900,1754088454,ARI|dst:player:541235,4569203858,3+,3+,ARI|dst:player:541235,251.0,0,False
16551768,NY Giants vs. ARZ Cardinals,Chris Manhertz,Chris Manhertz (NYG),Total de Touchdowns du joueur (Incl. Prolongations) (Chris Manhertz (NYG)),2145,72900,1754088242,NYG|dst:player:410346,4569203330,1+,1+,NYG|dst:player:410346,26.0,0,False
16551768,NY Giants vs. ARZ Cardinals,Chris Manhertz,Chris Manhertz (NYG),Total de Touchdowns du joueur (Incl. Prolongations) (Chris Manhertz (NYG)),2145,72900,1754088242,NYG|dst:player:410346,4569203331,2+,2+,NYG|dst:player:410346,151.0,0,False
16551768,NY Giants vs. ARZ Cardinals,Chris Manhertz,Chris Manhertz (NYG),Total de Touchdowns du joueur (Incl. Prolongations) (Chris Manhertz (NYG)),2145,72900,1754088242,NYG|dst:player:410346,4569203332,3+,3+,NYG|dst:player:410346,251.0,0,False
16551768,NY Giants vs. ARZ Cardinals,Patrick Ricard,Patrick Ricard (NYG),Total de Touchdowns du joueur (Incl. Prolongations) (Patrick Ricard (NYG)),2145,72900,1754088452,NYG|dst:player:540856,4569203850,1+,1+,NYG|dst:player:540856,26.0,0,False
16551768,NY Giants vs. ARZ Cardinals,Patrick Ricard,Patrick Ricard (NYG),Total de Touchdowns du joueur (Incl. Prolongations) (Patrick Ricard (NYG)),2145,72900,1754088452,NYG|dst:player:540856,4569203851,2+,2+,NYG|dst:player:540856,151.0,0,False
16551768,NY Giants vs. ARZ Cardinals,Patrick Ricard,Patrick Ricard (NYG),Total de Touchdowns du joueur (Incl. Prolongations) (Patrick Ricard (NYG)),2145,72900,1754088452,NYG|dst:player:540856,4569203852,3+,3+,NYG|dst:player:540856,251.0,0,False
