event_id,match,player,short_name,market,market_type_id,sport_market_id,child_market_id,market_sv,odd_id,selection,line,raw_sv,price,odd_status,is_main_bet
16535421,KC Chiefs vs. IND Colts,Patrick Mahomes,Patrick Mahomes (KC),Joueur total de yards par la passe (Patrick Mahomes (KC))(prolongations incluses),2136,72891,1735705004,KC|dst:player:156564,4512000160,231+,231+,KC|dst:player:156564,2.05,0,False
16535421,KC Chiefs vs. IND Colts,Patrick Mahomes,Patrick Mahomes (KC),Joueur total de yards par la passe (Patrick Mahomes (KC))(prolongations incluses),2136,72891,1735705004,KC|dst:player:156564,4512000161,241+,241+,KC|dst:player:156564,2.3,0,False
16535421,KC Chiefs vs. IND Colts,Patrick Mahomes,Patrick Mahomes (KC),Joueur total de yards par la passe (Patrick Mahomes (KC))(prolongations incluses),2136,72891,1735705004,KC|dst:player:156564,4512000162,251+,251+,KC|dst:player:156564,2.6,0,False
16535421,KC Chiefs vs. IND Colts,Patrick Mahomes,Patrick Mahomes (KC),Joueur total de yards par la passe (Patrick Mahomes (KC))(prolongations incluses),2136,72891,1735705004,KC|dst:player:156564,4512000163,261+,261+,KC|dst:player:156564,2.95,0,False
16535421,KC Chiefs vs. IND Colts,Patrick Mahomes,Patrick Mahomes (KC),Joueur total de yards par la passe (Patrick Mahomes (KC))(prolongations incluses),2136,72891,1735705004,KC|dst:player:156564,4512000164,271+,271+,KC|dst:player:156564,3.4,0,False
16535421,KC Chiefs vs. IND Colts,Patrick Mahomes,Patrick Mahomes (KC),Joueur total de yards par la passe (Patrick Mahomes (KC))(prolongations incluses),2136,72891,1735705004,KC|dst:player:156564,4512000165,281+,281+,KC|dst:player:156564,4.0,0,False
16535421,KC Chiefs vs. IND Colts,Patrick Mahomes,Patrick Mahomes (KC),Joueur total de yards par la passe (Patrick Mahomes (KC))(prolongations incluses),2136,72891,1735705004,KC|dst:player:156564,4512000166,291+,291+,KC|dst:player:156564,4.75,0,False
16535421,KC Chiefs vs. IND Colts,Patrick Mahomes,Patrick Mahomes (KC),Joueur total de yards par la passe (Patrick Mahomes (KC))(prolongations incluses),2136,72891,1735705004,KC|dst:player:156564,4512000167,301+,301+,KC|dst:player:156564,5.75,0,False
16535421,KC Chiefs vs. IND Colts,Patrick Mahomes,Patrick Mahomes (KC),Joueur total de yards par la passe (Patrick Mahomes (KC))(prolongations incluses),2136,72891,1735705004,KC|dst:player:156564,4512000168,311+,311+,KC|dst:player:156564,6.75,0,False
16535421,KC Chiefs vs. IND Colts,Patrick Mahomes,Patrick Mahomes (KC),Joueur total de yards par la passe (Patrick Mahomes (KC))(prolongations incluses),2136,72891,1735705004,KC|dst:player:156564,4512000169,321+,321+,KC|dst:player:156564,8.5,0,False
16535421,KC Chiefs vs. IND Colts,Patrick Mahomes,Patrick Mahomes (KC),Joueur total de yards par la passe (Patrick Mahomes (KC))(prolongations incluses),2136,72891,1735705004,KC|dst:player:156564,4512000170,331+,331+,KC|dst:player:156564,11.0,0,False
16535421,KC Chiefs vs. IND Colts,Patrick Mahomes,Patrick Mahomes (KC),Joueur total de yards par la passe (Patrick Mahomes (KC))(prolongations incluses),2136,72891,1735705004,KC|dst:player:156564,4512000171,341+,341+,KC|dst:player:156564,13.0,0,False
16535421,KC Chiefs vs. IND Colts,Patrick Mahomes,Patrick Mahomes (KC),Joueur total de yards par la passe (Patrick Mahomes (KC))(prolongations incluses),2136,72891,1735705004,KC|dst:player:156564,4512000172,351+,351+,KC|dst:player:156564,17.0,0,False
16535421,KC Chiefs vs. IND Colts,Patrick Mahomes,Patrick Mahomes (KC),Joueur total de yards par la passe (Patrick Mahomes (KC))(prolongations incluses),2136,72891,1735705004,KC|dst:player:156564,4512000173,361+,361+,KC|dst:player:156564,21.0,0,False
16535421,KC Chiefs vs. IND Colts,Patrick Mahomes,Patrick Mahomes (KC),Joueur total de yards par la passe (Patrick Mahomes (KC))(prolongations incluses),2136,72891,1735705004,KC|dst:player:156564,4512000174,211+,211+,KC|dst:player:156564,1.6471,0,False
16535421,KC Chiefs vs. IND Colts,Patrick Mahomes,Patrick Mahomes (KC),Joueur total de yards par la passe (Patrick Mahomes (KC))(prolongations incluses),2136,72891,1735705004,KC|dst:player:156564,4512000175,201+,201+,KC|dst:player:156564,1.4762,0,False
16535421,KC Chiefs vs. IND Colts,Patrick Mahomes,Patrick Mahomes (KC),Joueur total de yards par la passe (Patrick Mahomes (KC))(prolongations incluses),2136,72891,1735705004,KC|dst:player:156564,4512000159,221+,221+,KC|dst:player:156564,1.8334,0,False
16535421,KC Chiefs vs. IND Colts,Daniel Jones,Daniel Jones (IND),Joueur total de yards par la passe (Daniel Jones (IND))(prolongations incluses),2136,72891,1735292063,IND|dst:player:476374,4523599106,217+,217+,IND|dst:player:476374,1.8334,0,False
16535421,KC Chiefs vs. IND Colts,Daniel Jones,Daniel Jones (IND),Joueur total de yards par la passe (Daniel Jones (IND))(prolongations incluses),2136,72891,1735292063,IND|dst:player:476374,4523599107,227+,227+,IND|dst:player:476374,2.05,0,False
16535421,KC Chiefs vs. IND Colts,Daniel Jones,Daniel Jones (IND),Joueur total de yards par la passe (Daniel Jones (IND))(prolongations incluses),2136,72891,1735292063,IND|dst:player:476374,4523599108,237+,237+,IND|dst:player:476374,2.3,0,False
16535421,KC Chiefs vs. IND Colts,Daniel Jones,Daniel Jones (IND),Joueur total de yards par la passe (Daniel Jones (IND))(prolongations incluses),2136,72891,1735292063,IND|dst:player:476374,4523599109,247+,247+,IND|dst:player:476374,2.55,0,False
16535421,KC Chiefs vs. IND Colts,Daniel Jones,Daniel Jones (IND),Joueur total de yards par la passe (Daniel Jones (IND))(prolongations incluses),2136,72891,1735292063,IND|dst:player:476374,4523599110,257+,257+,IND|dst:player:476374,2.9,0,False
16535421,KC Chiefs vs. IND Colts,Daniel Jones,Daniel Jones (IND),Joueur total de yards par la passe (Daniel Jones (IND))(prolongations incluses),2136,72891,1735292063,IND|dst:player:476374,4523599111,267+,267+,IND|dst:player:476374,3.4,0,False
16535421,KC Chiefs vs. IND Colts,Daniel Jones,Daniel Jones (IND),Joueur total de yards par la passe (Daniel Jones (IND))(prolongations incluses),2136,72891,1735292063,IND|dst:player:476374,4523599112,277+,277+,IND|dst:player:476374,3.85,0,False
16535421,KC Chiefs vs. IND Colts,Daniel Jones,Daniel Jones (IND),Joueur total de yards par la passe (Daniel Jones (IND))(prolongations incluses),2136,72891,1735292063,IND|dst:player:476374,4523599113,287+,287+,IND|dst:player:476374,4.5,0,False
16535421,KC Chiefs vs. IND Colts,Daniel Jones,Daniel Jones (IND),Joueur total de yards par la passe (Daniel Jones (IND))(prolongations incluses),2136,72891,1735292063,IND|dst:player:476374,4523599114,297+,297+,IND|dst:player:476374,5.5,0,False
16535421,KC Chiefs vs. IND Colts,Daniel Jones,Daniel Jones (IND),Joueur total de yards par la passe (Daniel Jones (IND))(prolongations incluses),2136,72891,1735292063,IND|dst:player:476374,4523599115,307+,307+,IND|dst:player:476374,6.5,0,False
16535421,KC Chiefs vs. IND Colts,Daniel Jones,Daniel Jones (IND),Joueur total de yards par la passe (Daniel Jones (IND))(prolongations incluses),2136,72891,1735292063,IND|dst:player:476374,4523599116,317+,317+,IND|dst:player:476374,8.0,0,False
16535421,KC Chiefs vs. IND Colts,Daniel Jones,Daniel Jones (IND),Joueur total de yards par la passe (Daniel Jones (IND))(prolongations incluses),2136,72891,1735292063,IND|dst:player:476374,4523599117,327+,327+,IND|dst:player:476374,10.0,0,False
16535421,KC Chiefs vs. IND Colts,Daniel Jones,Daniel Jones (IND),Joueur total de yards par la passe (Daniel Jones (IND))(prolongations incluses),2136,72891,1735292063,IND|dst:player:476374,4523599118,337+,337+,IND|dst:player:476374,12.0,0,False
16535421,KC Chiefs vs. IND Colts,Daniel Jones,Daniel Jones (IND),Joueur total de yards par la passe (Daniel Jones (IND))(prolongations incluses),2136,72891,1735292063,IND|dst:player:476374,4523599119,347+,347+,IND|dst:player:476374,16.0,0,False
16535421,KC Chiefs vs. IND Colts,Daniel Jones,Daniel Jones (IND),Joueur total de yards par la passe (Daniel Jones (IND))(prolongations incluses),2136,72891,1735292063,IND|dst:player:476374,4523599120,357+,357+,IND|dst:player:476374,20.0,0,False
16535421,KC Chiefs vs. IND Colts,Daniel Jones,Daniel Jones (IND),Joueur total de yards par la passe (Daniel Jones (IND))(prolongations incluses),2136,72891,1735292063,IND|dst:player:476374,4523599121,207+,207+,IND|dst:player:476374,1.6471,0,False
16535421,KC Chiefs vs. IND Colts,Daniel Jones,Daniel Jones (IND),Joueur total de yards par la passe (Daniel Jones (IND))(prolongations incluses),2136,72891,1735292063,IND|dst:player:476374,4523599122,197+,197+,IND|dst:player:476374,1.5,0,False
16535421,KC Chiefs vs. IND Colts,Kenneth Walker III,Kenneth Walker III (KC),Total de Touchdowns du joueur (Incl. Prolongations) (Kenneth Walker III (KC)),2145,72900,1733785236,KC|dst:player:540744,4504401621,1+,1+,KC|dst:player:540744,1.4,0,False
16535421,KC Chiefs vs. IND Colts,Kenneth Walker III,Kenneth Walker III (KC),Total de Touchdowns du joueur (Incl. Prolongations) (Kenneth Walker III (KC)),2145,72900,1733785236,KC|dst:player:540744,4504401622,2+,2+,KC|dst:player:540744,3.0,0,False
16535421,KC Chiefs vs. IND Colts,Kenneth Walker III,Kenneth Walker III (KC),Total de Touchdowns du joueur (Incl. Prolongations) (Kenneth Walker III (KC)),2145,72900,1733785236,KC|dst:player:540744,4504401623,3+,3+,KC|dst:player:540744,12.0,0,False
16535421,KC Chiefs vs. IND Colts,Jonathan Taylor,Jonathan Taylor (IND),Total de Touchdowns du joueur (Incl. Prolongations) (Jonathan Taylor (IND)),2145,72900,1733784811,IND|dst:player:242753,4504400538,1+,1+,IND|dst:player:242753,1.6061,0,False
16535421,KC Chiefs vs. IND Colts,Jonathan Taylor,Jonathan Taylor (IND),Total de Touchdowns du joueur (Incl. Prolongations) (Jonathan Taylor (IND)),2145,72900,1733784811,IND|dst:player:242753,4504400539,2+,2+,IND|dst:player:242753,4.0,0,False
16535421,KC Chiefs vs. IND Colts,Jonathan Taylor,Jonathan Taylor (IND),Total de Touchdowns du joueur (Incl. Prolongations) (Jonathan Taylor (IND)),2145,72900,1733784811,IND|dst:player:242753,4504400540,3+,3+,IND|dst:player:242753,18.0,0,False
16535421,KC Chiefs vs. IND Colts,Rashee Rice,Rashee Rice (KC),Total de Touchdowns du joueur (Incl. Prolongations) (Rashee Rice (KC)),2145,72900,1733784988,KC|dst:player:378265,4504400993,1+,1+,KC|dst:player:378265,2.4,0,False
16535421,KC Chiefs vs. IND Colts,Rashee Rice,Rashee Rice (KC),Total de Touchdowns du joueur (Incl. Prolongations) (Rashee Rice (KC)),2145,72900,1733784988,KC|dst:player:378265,4504400994,2+,2+,KC|dst:player:378265,8.0,0,False
16535421,KC Chiefs vs. IND Colts,Rashee Rice,Rashee Rice (KC),Total de Touchdowns du joueur (Incl. Prolongations) (Rashee Rice (KC)),2145,72900,1733784988,KC|dst:player:378265,4504400995,3+,3+,KC|dst:player:378265,51.0,0,False
16535421,KC Chiefs vs. IND Colts,Travis Kelce,Travis Kelce (KC),Total de Touchdowns du joueur (Incl. Prolongations) (Travis Kelce (KC)),2145,72900,1733784807,KC|dst:player:124561,4504400528,3+,3+,KC|dst:player:124561,71.0,0,False
16535421,KC Chiefs vs. IND Colts,Travis Kelce,Travis Kelce (KC),Total de Touchdowns du joueur (Incl. Prolongations) (Travis Kelce (KC)),2145,72900,1733784807,KC|dst:player:124561,4504400526,1+,1+,KC|dst:player:124561,2.8,0,False
16535421,KC Chiefs vs. IND Colts,Travis Kelce,Travis Kelce (KC),Total de Touchdowns du joueur (Incl. Prolongations) (Travis Kelce (KC)),2145,72900,1733784807,KC|dst:player:124561,4504400527,2+,2+,KC|dst:player:124561,11.0,0,False
16535421,KC Chiefs vs. IND Colts,Tyler Warren,Tyler Warren (IND),Total de Touchdowns du joueur (Incl. Prolongations) (Tyler Warren (IND)),2145,72900,1733784995,IND|dst:player:484622,4504401016,3+,3+,IND|dst:player:484622,91.0,0,False
16535421,KC Chiefs vs. IND Colts,Tyler Warren,Tyler Warren (IND),Total de Touchdowns du joueur (Incl. Prolongations) (Tyler Warren (IND)),2145,72900,1733784995,IND|dst:player:484622,4504401014,1+,1+,IND|dst:player:484622,3.2,0,False
16535421,KC Chiefs vs. IND Colts,Tyler Warren,Tyler Warren (IND),Total de Touchdowns du joueur (Incl. Prolongations) (Tyler Warren (IND)),2145,72900,1733784995,IND|dst:player:484622,4504401015,2+,2+,IND|dst:player:484622,15.0,0,False
16535421,KC Chiefs vs. IND Colts,Xavier Worthy,Xavier Worthy (KC),Total de Touchdowns du joueur (Incl. Prolongations) (Xavier Worthy (KC)),2145,72900,1733784989,KC|dst:player:431742,4504400996,1+,1+,KC|dst:player:431742,3.3,0,False
16535421,KC Chiefs vs. IND Colts,Xavier Worthy,Xavier Worthy (KC),Total de Touchdowns du joueur (Incl. Prolongations) (Xavier Worthy (KC)),2145,72900,1733784989,KC|dst:player:431742,4504400997,2+,2+,KC|dst:player:431742,16.0,0,False
16535421,KC Chiefs vs. IND Colts,Xavier Worthy,Xavier Worthy (KC),Total de Touchdowns du joueur (Incl. Prolongations) (Xavier Worthy (KC)),2145,72900,1733784989,KC|dst:player:431742,4504400998,3+,3+,KC|dst:player:431742,101.0,0,False
16535421,KC Chiefs vs. IND Colts,Alec Pierce,Alec Pierce (IND),Total de Touchdowns du joueur (Incl. Prolongations) (Alec Pierce (IND)),2145,72900,1733784813,IND|dst:player:309173,4504400544,1+,1+,IND|dst:player:309173,3.75,0,False
16535421,KC Chiefs vs. IND Colts,Alec Pierce,Alec Pierce (IND),Total de Touchdowns du joueur (Incl. Prolongations) (Alec Pierce (IND)),2145,72900,1733784813,IND|dst:player:309173,4504400545,2+,2+,IND|dst:player:309173,20.0,0,False
16535421,KC Chiefs vs. IND Colts,Alec Pierce,Alec Pierce (IND),Total de Touchdowns du joueur (Incl. Prolongations) (Alec Pierce (IND)),2145,72900,1733784813,IND|dst:player:309173,4504400546,3+,3+,IND|dst:player:309173,101.0,0,False
16535421,KC Chiefs vs. IND Colts,Patrick Mahomes,Patrick Mahomes (KC),Total de Touchdowns du joueur (Incl. Prolongations) (Patrick Mahomes (KC)),2145,72900,1733784809,KC|dst:player:156564,4504400532,1+,1+,KC|dst:player:156564,4.0,0,False
16535421,KC Chiefs vs. IND Colts,Patrick Mahomes,Patrick Mahomes (KC),Total de Touchdowns du joueur (Incl. Prolongations) (Patrick Mahomes (KC)),2145,72900,1733784809,KC|dst:player:156564,4504400533,2+,2+,KC|dst:player:156564,26.0,0,False
16535421,KC Chiefs vs. IND Colts,Patrick Mahomes,Patrick Mahomes (KC),Total de Touchdowns du joueur (Incl. Prolongations) (Patrick Mahomes (KC)),2145,72900,1733784809,KC|dst:player:156564,4504400534,3+,3+,KC|dst:player:156564,101.0,0,False
16535421,KC Chiefs vs. IND Colts,Josh Downs,Josh Downs (IND),Total de Touchdowns du joueur (Incl. Prolongations) (Josh Downs (IND)),2145,72900,1733784816,IND|dst:player:374671,4504400553,1+,1+,IND|dst:player:374671,4.5,0,False
16535421,KC Chiefs vs. IND Colts,Josh Downs,Josh Downs (IND),Total de Touchdowns du joueur (Incl. Prolongations) (Josh Downs (IND)),2145,72900,1733784816,IND|dst:player:374671,4504400554,2+,2+,IND|dst:player:374671,31.0,0,False
16535421,KC Chiefs vs. IND Colts,Josh Downs,Josh Downs (IND),Total de Touchdowns du joueur (Incl. Prolongations) (Josh Downs (IND)),2145,72900,1733784816,IND|dst:player:374671,4504400555,3+,3+,IND|dst:player:374671,151.0,0,False
16535421,KC Chiefs vs. IND Colts,Keenan Allen,Keenan Allen (IND),Total de Touchdowns du joueur (Incl. Prolongations) (Keenan Allen (IND)),2145,72900,1733785241,IND|dst:player:564085,4504401636,1+,1+,IND|dst:player:564085,5.0,0,False
16535421,KC Chiefs vs. IND Colts,Keenan Allen,Keenan Allen (IND),Total de Touchdowns du joueur (Incl. Prolongations) (Keenan Allen (IND)),2145,72900,1733785241,IND|dst:player:564085,4504401637,2+,2+,IND|dst:player:564085,36.0,0,False
16535421,KC Chiefs vs. IND Colts,Keenan Allen,Keenan Allen (IND),Total de Touchdowns du joueur (Incl. Prolongations) (Keenan Allen (IND)),2145,72900,1733785241,IND|dst:player:564085,4504401638,3+,3+,IND|dst:player:564085,151.0,0,False
16535421,KC Chiefs vs. IND Colts,Emmett Johnson,Emmett Johnson (KC),Total de Touchdowns du joueur (Incl. Prolongations) (Emmett Johnson (KC)),2145,72900,1733785237,KC|dst:player:546205,4504401624,1+,1+,KC|dst:player:546205,5.5,0,False
16535421,KC Chiefs vs. IND Colts,Emmett Johnson,Emmett Johnson (KC),Total de Touchdowns du joueur (Incl. Prolongations) (Emmett Johnson (KC)),2145,72900,1733785237,KC|dst:player:546205,4504401625,2+,2+,KC|dst:player:546205,36.0,0,False
16535421,KC Chiefs vs. IND Colts,Emmett Johnson,Emmett Johnson (KC),Total de Touchdowns du joueur (Incl. Prolongations) (Emmett Johnson (KC)),2145,72900,1733785237,KC|dst:player:546205,4504401626,3+,3+,KC|dst:player:546205,201.0,0,False
16535421,KC Chiefs vs. IND Colts,Daniel Jones,Daniel Jones (IND),Total de Touchdowns du joueur (Incl. Prolongations) (Daniel Jones (IND)),2145,72900,1733784991,IND|dst:player:476374,4504401002,1+,1+,IND|dst:player:476374,6.0,0,False
16535421,KC Chiefs vs. IND Colts,Daniel Jones,Daniel Jones (IND),Total de Touchdowns du joueur (Incl. Prolongations) (Daniel Jones (IND)),2145,72900,1733784991,IND|dst:player:476374,4504401003,2+,2+,IND|dst:player:476374,41.0,0,False
16535421,KC Chiefs vs. IND Colts,Daniel Jones,Daniel Jones (IND),Total de Touchdowns du joueur (Incl. Prolongations) (Daniel Jones (IND)),2145,72900,1733784991,IND|dst:player:476374,4504401004,3+,3+,IND|dst:player:476374,201.0,0,False
16535421,KC Chiefs vs. IND Colts,Tyquan Thornton,Tyquan Thornton (KC),Total de Touchdowns du joueur (Incl. Prolongations) (Tyquan Thornton (KC)),2145,72900,1733784992,KC|dst:player:477298,4504401005,1+,1+,KC|dst:player:477298,6.5,0,False
16535421,KC Chiefs vs. IND Colts,Tyquan Thornton,Tyquan Thornton (KC),Total de Touchdowns du joueur (Incl. Prolongations) (Tyquan Thornton (KC)),2145,72900,1733784992,KC|dst:player:477298,4504401006,2+,2+,KC|dst:player:477298,41.0,0,False
16535421,KC Chiefs vs. IND Colts,Tyquan Thornton,Tyquan Thornton (KC),Total de Touchdowns du joueur (Incl. Prolongations) (Tyquan Thornton (KC)),2145,72900,1733784992,KC|dst:player:477298,4504401007,3+,3+,KC|dst:player:477298,201.0,0,False
16535421,KC Chiefs vs. IND Colts,Noah Gray,Noah Gray (KC),Total de Touchdowns du joueur (Incl. Prolongations) (Noah Gray (KC)),2145,72900,1733784812,KC|dst:player:264814,4504400541,1+,1+,KC|dst:player:264814,7.0,0,False
16535421,KC Chiefs vs. IND Colts,Noah Gray,Noah Gray (KC),Total de Touchdowns du joueur (Incl. Prolongations) (Noah Gray (KC)),2145,72900,1733784812,KC|dst:player:264814,4504400542,2+,2+,KC|dst:player:264814,51.0,0,False
16535421,KC Chiefs vs. IND Colts,Noah Gray,Noah Gray (KC),Total de Touchdowns du joueur (Incl. Prolongations) (Noah Gray (KC)),2145,72900,1733784812,KC|dst:player:264814,4504400543,3+,3+,KC|dst:player:264814,201.0,0,False
16535421,KC Chiefs vs. IND Colts,Mo Alie-Cox,Mo Alie-Cox (IND),Total de Touchdowns du joueur (Incl. Prolongations) (Mo Alie-Cox (IND)),2145,72900,1733784808,IND|dst:player:156522,4504400529,1+,1+,IND|dst:player:156522,10.0,0,False
16535421,KC Chiefs vs. IND Colts,Mo Alie-Cox,Mo Alie-Cox (IND),Total de Touchdowns du joueur (Incl. Prolongations) (Mo Alie-Cox (IND)),2145,72900,1733784808,IND|dst:player:156522,4504400530,2+,2+,IND|dst:player:156522,81.0,0,False
16535421,KC Chiefs vs. IND Colts,Mo Alie-Cox,Mo Alie-Cox (IND),Total de Touchdowns du joueur (Incl. Prolongations) (Mo Alie-Cox (IND)),2145,72900,1733784808,IND|dst:player:156522,4504400531,3+,3+,IND|dst:player:156522,201.0,0,False
16535421,KC Chiefs vs. IND Colts,DJ Giddens,DJ Giddens (IND),Total de Touchdowns du joueur (Incl. Prolongations) (DJ Giddens (IND)),2145,72900,1734645437,IND|dst:player:484618,4506952488,2+,2+,IND|dst:player:484618,91.0,0,False
16535421,KC Chiefs vs. IND Colts,DJ Giddens,DJ Giddens (IND),Total de Touchdowns du joueur (Incl. Prolongations) (DJ Giddens (IND)),2145,72900,1734645437,IND|dst:player:484618,4506952489,3+,3+,IND|dst:player:484618,251.0,0,False
16535421,KC Chiefs vs. IND Colts,DJ Giddens,DJ Giddens (IND),Total de Touchdowns du joueur (Incl. Prolongations) (DJ Giddens (IND)),2145,72900,1734645437,IND|dst:player:484618,4506952487,1+,1+,IND|dst:player:484618,12.0,0,False
16535421,KC Chiefs vs. IND Colts,Seth McGowan,Seth McGowan (IND),Total de Touchdowns du joueur (Incl. Prolongations) (Seth McGowan (IND)),2145,72900,1733785238,IND|dst:player:546319,4504401627,1+,1+,IND|dst:player:546319,12.0,0,False
16535421,KC Chiefs vs. IND Colts,Seth McGowan,Seth McGowan (IND),Total de Touchdowns du joueur (Incl. Prolongations) (Seth McGowan (IND)),2145,72900,1733785238,IND|dst:player:546319,4504401628,2+,2+,IND|dst:player:546319,91.0,0,False
16535421,KC Chiefs vs. IND Colts,Seth McGowan,Seth McGowan (IND),Total de Touchdowns du joueur (Incl. Prolongations) (Seth McGowan (IND)),2145,72900,1733785238,IND|dst:player:546319,4504401629,3+,3+,IND|dst:player:546319,251.0,0,False
16535421,KC Chiefs vs. IND Colts,Jared Wiley,Jared Wiley (KC),Total de Touchdowns du joueur (Incl. Prolongations) (Jared Wiley (KC)),2145,72900,1734645367,KC|dst:player:430372,4506952298,1+,1+,KC|dst:player:430372,12.0,0,False
16535421,KC Chiefs vs. IND Colts,Jared Wiley,Jared Wiley (KC),Total de Touchdowns du joueur (Incl. Prolongations) (Jared Wiley (KC)),2145,72900,1734645367,KC|dst:player:430372,4506952299,2+,2+,KC|dst:player:430372,91.0,0,False
16535421,KC Chiefs vs. IND Colts,Jared Wiley,Jared Wiley (KC),Total de Touchdowns du joueur (Incl. Prolongations) (Jared Wiley (KC)),2145,72900,1734645367,KC|dst:player:430372,4506952300,3+,3+,KC|dst:player:430372,251.0,0,False
16535421,KC Chiefs vs. IND Colts,Jake Briningstool,Jake Briningstool (KC),Total de Touchdowns du joueur (Incl. Prolongations) (Jake Briningstool (KC)),2145,72900,1733784993,KC|dst:player:483442,4504401008,1+,1+,KC|dst:player:483442,14.0,0,False
16535421,KC Chiefs vs. IND Colts,Jake Briningstool,Jake Briningstool (KC),Total de Touchdowns du joueur (Incl. Prolongations) (Jake Briningstool (KC)),2145,72900,1733784993,KC|dst:player:483442,4504401009,2+,2+,KC|dst:player:483442,91.0,0,False
16535421,KC Chiefs vs. IND Colts,Jake Briningstool,Jake Briningstool (KC),Total de Touchdowns du joueur (Incl. Prolongations) (Jake Briningstool (KC)),2145,72900,1733784993,KC|dst:player:483442,4504401010,3+,3+,KC|dst:player:483442,251.0,0,False
16535421,KC Chiefs vs. IND Colts,Laquon Treadwell,Laquon Treadwell (IND),Total de Touchdowns du joueur (Incl. Prolongations) (Laquon Treadwell (IND)),2145,72900,1733784990,IND|dst:player:440897,4504401000,2+,2+,IND|dst:player:440897,101.0,0,False
16535421,KC Chiefs vs. IND Colts,Laquon Treadwell,Laquon Treadwell (IND),Total de Touchdowns du joueur (Incl. Prolongations) (Laquon Treadwell (IND)),2145,72900,1733784990,IND|dst:player:440897,4504401001,3+,3+,IND|dst:player:440897,251.0,0,False
16535421,KC Chiefs vs. IND Colts,Laquon Treadwell,Laquon Treadwell (IND),Total de Touchdowns du joueur (Incl. Prolongations) (Laquon Treadwell (IND)),2145,72900,1733784990,IND|dst:player:440897,4504400999,1+,1+,IND|dst:player:440897,15.0,0,False
16535421,KC Chiefs vs. IND Colts,Nikko Remigio,Nikko Remigio (KC),Total de Touchdowns du joueur (Incl. Prolongations) (Nikko Remigio (KC)),2145,72900,1733784815,KC|dst:player:374138,4504400552,3+,3+,KC|dst:player:374138,251.0,0,False
16535421,KC Chiefs vs. IND Colts,Nikko Remigio,Nikko Remigio (KC),Total de Touchdowns du joueur (Incl. Prolongations) (Nikko Remigio (KC)),2145,72900,1733784815,KC|dst:player:374138,4504400550,1+,1+,KC|dst:player:374138,18.0,0,False
16535421,KC Chiefs vs. IND Colts,Nikko Remigio,Nikko Remigio (KC),Total de Touchdowns du joueur (Incl. Prolongations) (Nikko Remigio (KC)),2145,72900,1733784815,KC|dst:player:374138,4504400551,2+,2+,KC|dst:player:374138,101.0,0,False
16535421,KC Chiefs vs. IND Colts,Brashard Smith,Brashard Smith (KC),Total de Touchdowns du joueur (Incl. Prolongations) (Brashard Smith (KC)),2145,72900,1733784994,KC|dst:player:484213,4504401011,1+,1+,KC|dst:player:484213,18.0,0,False
16535421,KC Chiefs vs. IND Colts,Brashard Smith,Brashard Smith (KC),Total de Touchdowns du joueur (Incl. Prolongations) (Brashard Smith (KC)),2145,72900,1733784994,KC|dst:player:484213,4504401012,2+,2+,KC|dst:player:484213,101.0,0,False
16535421,KC Chiefs vs. IND Colts,Brashard Smith,Brashard Smith (KC),Total de Touchdowns du joueur (Incl. Prolongations) (Brashard Smith (KC)),2145,72900,1733784994,KC|dst:player:484213,4504401013,3+,3+,KC|dst:player:484213,251.0,0,False
16535421,KC Chiefs vs. IND Colts,Cyrus Allen,Cyrus Allen (KC),Total de Touchdowns du joueur (Incl. Prolongations) (Cyrus Allen (KC)),2145,72900,1733785240,KC|dst:player:561047,4504401633,1+,1+,KC|dst:player:561047,18.0,0,False
16535421,KC Chiefs vs. IND Colts,Cyrus Allen,Cyrus Allen (KC),Total de Touchdowns du joueur (Incl. Prolongations) (Cyrus Allen (KC)),2145,72900,1733785240,KC|dst:player:561047,4504401634,2+,2+,KC|dst:player:561047,101.0,0,False
16535421,KC Chiefs vs. IND Colts,Cyrus Allen,Cyrus Allen (KC),Total de Touchdowns du joueur (Incl. Prolongations) (Cyrus Allen (KC)),2145,72900,1733785240,KC|dst:player:561047,4504401635,3+,3+,KC|dst:player:561047,251.0,0,False
16535421,KC Chiefs vs. IND Colts,Jalen Royals,Jalen Royals (KC),Total de Touchdowns du joueur (Incl. Prolongations) (Jalen Royals (KC)),2145,72900,1733784996,KC|dst:player:484967,4504401017,1+,1+,KC|dst:player:484967,20.0,0,False
16535421,KC Chiefs vs. IND Colts,Jalen Royals,Jalen Royals (KC),Total de Touchdowns du joueur (Incl. Prolongations) (Jalen Royals (KC)),2145,72900,1733784996,KC|dst:player:484967,4504401018,2+,2+,KC|dst:player:484967,101.0,0,False
16535421,KC Chiefs vs. IND Colts,Jalen Royals,Jalen Royals (KC),Total de Touchdowns du joueur (Incl. Prolongations) (Jalen Royals (KC)),2145,72900,1733784996,KC|dst:player:484967,4504401019,3+,3+,KC|dst:player:484967,251.0,0,False
16535421,KC Chiefs vs. IND Colts,Andrew Ogletree,Andrew Ogletree (IND),Total de Touchdowns du joueur (Incl. Prolongations) (Andrew Ogletree (IND)),2145,72900,1733784814,IND|dst:player:370322,4504400547,1+,1+,IND|dst:player:370322,31.0,0,False
16535421,KC Chiefs vs. IND Colts,Andrew Ogletree,Andrew Ogletree (IND),Total de Touchdowns du joueur (Incl. Prolongations) (Andrew Ogletree (IND)),2145,72900,1733784814,IND|dst:player:370322,4504400548,2+,2+,IND|dst:player:370322,151.0,0,False
16535421,KC Chiefs vs. IND Colts,Andrew Ogletree,Andrew Ogletree (IND),Total de Touchdowns du joueur (Incl. Prolongations) (Andrew Ogletree (IND)),2145,72900,1733784814,IND|dst:player:370322,4504400549,3+,3+,IND|dst:player:370322,251.0,0,False
16535421,KC Chiefs vs. IND Colts,Deion Burks,Deion Burks (IND),Total de Touchdowns du joueur (Incl. Prolongations) (Deion Burks (IND)),2145,72900,1733785239,IND|dst:player:546324,4504401632,3+,3+,IND|dst:player:546324,251.0,0,False
16535421,KC Chiefs vs. IND Colts,Deion Burks,Deion Burks (IND),Total de Touchdowns du joueur (Incl. Prolongations) (Deion Burks (IND)),2145,72900,1733785239,IND|dst:player:546324,4504401630,1+,1+,IND|dst:player:546324,36.0,0,False
16535421,KC Chiefs vs. IND Colts,Deion Burks,Deion Burks (IND),Total de Touchdowns du joueur (Incl. Prolongations) (Deion Burks (IND)),2145,72900,1733785239,IND|dst:player:546324,4504401631,2+,2+,IND|dst:player:546324,151.0,0,False
16535421,KC Chiefs vs. IND Colts,Patrick Mahomes,Patrick Mahomes (KC),Joueur total de TDs par la passe (Patrick Mahomes (KC) (prolongations incluses),2138,72893,1735292064,KC|dst:player:156564,4509424912,2+,2+,KC|dst:player:156564,1.8696,0,False
16535421,KC Chiefs vs. IND Colts,Patrick Mahomes,Patrick Mahomes (KC),Joueur total de TDs par la passe (Patrick Mahomes (KC) (prolongations incluses),2138,72893,1735292064,KC|dst:player:156564,4509424913,3+,3+,KC|dst:player:156564,3.3,0,False
16535421,KC Chiefs vs. IND Colts,Patrick Mahomes,Patrick Mahomes (KC),Joueur total de TDs par la passe (Patrick Mahomes (KC) (prolongations incluses),2138,72893,1735292064,KC|dst:player:156564,4509424914,4+,4+,KC|dst:player:156564,7.25,0,False
16535421,KC Chiefs vs. IND Colts,Patrick Mahomes,Patrick Mahomes (KC),Joueur total de TDs par la passe (Patrick Mahomes (KC) (prolongations incluses),2138,72893,1735292064,KC|dst:player:156564,4509424915,1+,1+,KC|dst:player:156564,1.1429,0,False
16535421,KC Chiefs vs. IND Colts,Daniel Jones,Daniel Jones (IND),Joueur total de TDs par la passe (Daniel Jones (IND) (prolongations incluses),2138,72893,1735292062,IND|dst:player:476374,4509424891,2+,2+,IND|dst:player:476374,2.65,0,False
16535421,KC Chiefs vs. IND Colts,Daniel Jones,Daniel Jones (IND),Joueur total de TDs par la passe (Daniel Jones (IND) (prolongations incluses),2138,72893,1735292062,IND|dst:player:476374,4509424892,3+,3+,IND|dst:player:476374,5.5,0,False
16535421,KC Chiefs vs. IND Colts,Daniel Jones,Daniel Jones (IND),Joueur total de TDs par la passe (Daniel Jones (IND) (prolongations incluses),2138,72893,1735292062,IND|dst:player:476374,4509424893,4+,4+,IND|dst:player:476374,16.0,0,False
16535421,KC Chiefs vs. IND Colts,Daniel Jones,Daniel Jones (IND),Joueur total de TDs par la passe (Daniel Jones (IND) (prolongations incluses),2138,72893,1735292062,IND|dst:player:476374,4509424894,1+,1+,IND|dst:player:476374,1.3077,0,False
16535421,KC Chiefs vs. IND Colts,Kenneth Walker III,Kenneth Walker III (KC),Joueur total de yards sur réception (Kenneth Walker III (KC)) (prolongations incluses),2143,72898,1735293918,KC|dst:player:540744,4516041153,21+,21+,KC|dst:player:540744,1.8696,0,False
16535421,KC Chiefs vs. IND Colts,Kenneth Walker III,Kenneth Walker III (KC),Joueur total de yards sur réception (Kenneth Walker III (KC)) (prolongations incluses),2143,72898,1735293918,KC|dst:player:540744,4516041154,31+,31+,KC|dst:player:540744,2.4,0,False
16535421,KC Chiefs vs. IND Colts,Kenneth Walker III,Kenneth Walker III (KC),Joueur total de yards sur réception (Kenneth Walker III (KC)) (prolongations incluses),2143,72898,1735293918,KC|dst:player:540744,4516041155,41+,41+,KC|dst:player:540744,3.2,0,False
16535421,KC Chiefs vs. IND Colts,Kenneth Walker III,Kenneth Walker III (KC),Joueur total de yards sur réception (Kenneth Walker III (KC)) (prolongations incluses),2143,72898,1735293918,KC|dst:player:540744,4516041156,51+,51+,KC|dst:player:540744,4.5,0,False
16535421,KC Chiefs vs. IND Colts,Kenneth Walker III,Kenneth Walker III (KC),Joueur total de yards sur réception (Kenneth Walker III (KC)) (prolongations incluses),2143,72898,1735293918,KC|dst:player:540744,4516041157,61+,61+,KC|dst:player:540744,6.75,0,False
16535421,KC Chiefs vs. IND Colts,Kenneth Walker III,Kenneth Walker III (KC),Joueur total de yards sur réception (Kenneth Walker III (KC)) (prolongations incluses),2143,72898,1735293918,KC|dst:player:540744,4516041158,71+,71+,KC|dst:player:540744,11.0,0,False
16535421,KC Chiefs vs. IND Colts,Kenneth Walker III,Kenneth Walker III (KC),Joueur total de yards sur réception (Kenneth Walker III (KC)) (prolongations incluses),2143,72898,1735293918,KC|dst:player:540744,4516041159,81+,81+,KC|dst:player:540744,18.0,0,False
16535421,KC Chiefs vs. IND Colts,Kenneth Walker III,Kenneth Walker III (KC),Joueur total de yards sur réception (Kenneth Walker III (KC)) (prolongations incluses),2143,72898,1735293918,KC|dst:player:540744,4516041160,91+,91+,KC|dst:player:540744,31.0,0,False
16535421,KC Chiefs vs. IND Colts,Kenneth Walker III,Kenneth Walker III (KC),Joueur total de yards sur réception (Kenneth Walker III (KC)) (prolongations incluses),2143,72898,1735293918,KC|dst:player:540744,4516041161,11+,11+,KC|dst:player:540744,1.3334,0,False
16535421,KC Chiefs vs. IND Colts,Keenan Allen,Keenan Allen (IND),Joueur total de yards sur réception (Keenan Allen (IND)) (prolongations incluses),2143,72898,1735293917,IND|dst:player:564085,4530847877,30+,30+,IND|dst:player:564085,1.8334,0,False
16535421,KC Chiefs vs. IND Colts,Keenan Allen,Keenan Allen (IND),Joueur total de yards sur réception (Keenan Allen (IND)) (prolongations incluses),2143,72898,1735293917,IND|dst:player:564085,4530847878,40+,40+,IND|dst:player:564085,2.25,0,False
16535421,KC Chiefs vs. IND Colts,Keenan Allen,Keenan Allen (IND),Joueur total de yards sur réception (Keenan Allen (IND)) (prolongations incluses),2143,72898,1735293917,IND|dst:player:564085,4530847879,50+,50+,IND|dst:player:564085,2.85,0,False
16535421,KC Chiefs vs. IND Colts,Keenan Allen,Keenan Allen (IND),Joueur total de yards sur réception (Keenan Allen (IND)) (prolongations incluses),2143,72898,1735293917,IND|dst:player:564085,4530847880,60+,60+,IND|dst:player:564085,3.75,0,False
16535421,KC Chiefs vs. IND Colts,Keenan Allen,Keenan Allen (IND),Joueur total de yards sur réception (Keenan Allen (IND)) (prolongations incluses),2143,72898,1735293917,IND|dst:player:564085,4530847881,70+,70+,IND|dst:player:564085,5.0,0,False
16535421,KC Chiefs vs. IND Colts,Keenan Allen,Keenan Allen (IND),Joueur total de yards sur réception (Keenan Allen (IND)) (prolongations incluses),2143,72898,1735293917,IND|dst:player:564085,4530847882,80+,80+,IND|dst:player:564085,7.25,0,False
16535421,KC Chiefs vs. IND Colts,Keenan Allen,Keenan Allen (IND),Joueur total de yards sur réception (Keenan Allen (IND)) (prolongations incluses),2143,72898,1735293917,IND|dst:player:564085,4530847883,90+,90+,IND|dst:player:564085,11.0,0,False
16535421,KC Chiefs vs. IND Colts,Keenan Allen,Keenan Allen (IND),Joueur total de yards sur réception (Keenan Allen (IND)) (prolongations incluses),2143,72898,1735293917,IND|dst:player:564085,4530847884,100+,100+,IND|dst:player:564085,17.0,0,False
16535421,KC Chiefs vs. IND Colts,Keenan Allen,Keenan Allen (IND),Joueur total de yards sur réception (Keenan Allen (IND)) (prolongations incluses),2143,72898,1735293917,IND|dst:player:564085,4530847885,110+,110+,IND|dst:player:564085,26.0,0,False
16535421,KC Chiefs vs. IND Colts,Keenan Allen,Keenan Allen (IND),Joueur total de yards sur réception (Keenan Allen (IND)) (prolongations incluses),2143,72898,1735293917,IND|dst:player:564085,4530847886,20+,20+,IND|dst:player:564085,1.3847,0,False
16535421,KC Chiefs vs. IND Colts,Tyler Warren,Tyler Warren (IND),Joueur total de yards sur réception (Tyler Warren (IND)) (prolongations incluses),2143,72898,1735293827,IND|dst:player:484622,4516701314,64+,64+,IND|dst:player:484622,2.95,0,False
16535421,KC Chiefs vs. IND Colts,Tyler Warren,Tyler Warren (IND),Joueur total de yards sur réception (Tyler Warren (IND)) (prolongations incluses),2143,72898,1735293827,IND|dst:player:484622,4516701315,74+,74+,IND|dst:player:484622,3.85,0,False
16535421,KC Chiefs vs. IND Colts,Tyler Warren,Tyler Warren (IND),Joueur total de yards sur réception (Tyler Warren (IND)) (prolongations incluses),2143,72898,1735293827,IND|dst:player:484622,4516701316,84+,84+,IND|dst:player:484622,5.5,0,False
16535421,KC Chiefs vs. IND Colts,Tyler Warren,Tyler Warren (IND),Joueur total de yards sur réception (Tyler Warren (IND)) (prolongations incluses),2143,72898,1735293827,IND|dst:player:484622,4516701317,94+,94+,IND|dst:player:484622,8.0,0,False
16535421,KC Chiefs vs. IND Colts,Tyler Warren,Tyler Warren (IND),Joueur total de yards sur réception (Tyler Warren (IND)) (prolongations incluses),2143,72898,1735293827,IND|dst:player:484622,4516701318,104+,104+,IND|dst:player:484622,13.0,0,False
16535421,KC Chiefs vs. IND Colts,Tyler Warren,Tyler Warren (IND),Joueur total de yards sur réception (Tyler Warren (IND)) (prolongations incluses),2143,72898,1735293827,IND|dst:player:484622,4516701319,114+,114+,IND|dst:player:484622,20.0,0,False
16535421,KC Chiefs vs. IND Colts,Tyler Warren,Tyler Warren (IND),Joueur total de yards sur réception (Tyler Warren (IND)) (prolongations incluses),2143,72898,1735293827,IND|dst:player:484622,4516701320,124+,124+,IND|dst:player:484622,31.0,0,False
16535421,KC Chiefs vs. IND Colts,Tyler Warren,Tyler Warren (IND),Joueur total de yards sur réception (Tyler Warren (IND)) (prolongations incluses),2143,72898,1735293827,IND|dst:player:484622,4516701321,34+,34+,IND|dst:player:484622,1.4167,0,False
16535421,KC Chiefs vs. IND Colts,Tyler Warren,Tyler Warren (IND),Joueur total de yards sur réception (Tyler Warren (IND)) (prolongations incluses),2143,72898,1735293827,IND|dst:player:484622,4516701236,44+,44+,IND|dst:player:484622,1.8334,0,False
16535421,KC Chiefs vs. IND Colts,Tyler Warren,Tyler Warren (IND),Joueur total de yards sur réception (Tyler Warren (IND)) (prolongations incluses),2143,72898,1735293827,IND|dst:player:484622,4516701237,54+,54+,IND|dst:player:484622,2.3,0,False
16535421,KC Chiefs vs. IND Colts,Xavier Worthy,Xavier Worthy (KC),Joueur total de yards sur réception (Xavier Worthy (KC)) (prolongations incluses),2143,72898,1735298512,KC|dst:player:431742,4526100323,40+,40+,KC|dst:player:431742,1.8696,0,False
16535421,KC Chiefs vs. IND Colts,Xavier Worthy,Xavier Worthy (KC),Joueur total de yards sur réception (Xavier Worthy (KC)) (prolongations incluses),2143,72898,1735298512,KC|dst:player:431742,4526100324,50+,50+,KC|dst:player:431742,2.3,0,False
16535421,KC Chiefs vs. IND Colts,Xavier Worthy,Xavier Worthy (KC),Joueur total de yards sur réception (Xavier Worthy (KC)) (prolongations incluses),2143,72898,1735298512,KC|dst:player:431742,4526100325,60+,60+,KC|dst:player:431742,2.95,0,False
16535421,KC Chiefs vs. IND Colts,Xavier Worthy,Xavier Worthy (KC),Joueur total de yards sur réception (Xavier Worthy (KC)) (prolongations incluses),2143,72898,1735298512,KC|dst:player:431742,4526100326,70+,70+,KC|dst:player:431742,3.85,0,False
16535421,KC Chiefs vs. IND Colts,Xavier Worthy,Xavier Worthy (KC),Joueur total de yards sur réception (Xavier Worthy (KC)) (prolongations incluses),2143,72898,1735298512,KC|dst:player:431742,4526100327,80+,80+,KC|dst:player:431742,5.5,0,False
16535421,KC Chiefs vs. IND Colts,Xavier Worthy,Xavier Worthy (KC),Joueur total de yards sur réception (Xavier Worthy (KC)) (prolongations incluses),2143,72898,1735298512,KC|dst:player:431742,4526100328,90+,90+,KC|dst:player:431742,8.0,0,False
16535421,KC Chiefs vs. IND Colts,Xavier Worthy,Xavier Worthy (KC),Joueur total de yards sur réception (Xavier Worthy (KC)) (prolongations incluses),2143,72898,1735298512,KC|dst:player:431742,4526100329,100+,100+,KC|dst:player:431742,12.0,0,False
16535421,KC Chiefs vs. IND Colts,Xavier Worthy,Xavier Worthy (KC),Joueur total de yards sur réception (Xavier Worthy (KC)) (prolongations incluses),2143,72898,1735298512,KC|dst:player:431742,4526100330,110+,110+,KC|dst:player:431742,20.0,0,False
16535421,KC Chiefs vs. IND Colts,Xavier Worthy,Xavier Worthy (KC),Joueur total de yards sur réception (Xavier Worthy (KC)) (prolongations incluses),2143,72898,1735298512,KC|dst:player:431742,4526100331,120+,120+,KC|dst:player:431742,31.0,0,False
16535421,KC Chiefs vs. IND Colts,Xavier Worthy,Xavier Worthy (KC),Joueur total de yards sur réception (Xavier Worthy (KC)) (prolongations incluses),2143,72898,1735298512,KC|dst:player:431742,4526100332,30+,30+,KC|dst:player:431742,1.4167,0,False
16535421,KC Chiefs vs. IND Colts,Josh Downs,Josh Downs (IND),Joueur total de yards sur réception (Josh Downs (IND)) (prolongations incluses),2143,72898,1735298509,IND|dst:player:374671,4516554213,43+,43+,IND|dst:player:374671,1.8696,0,False
16535421,KC Chiefs vs. IND Colts,Josh Downs,Josh Downs (IND),Joueur total de yards sur réception (Josh Downs (IND)) (prolongations incluses),2143,72898,1735298509,IND|dst:player:374671,4516554214,53+,53+,IND|dst:player:374671,2.3,0,False
16535421,KC Chiefs vs. IND Colts,Josh Downs,Josh Downs (IND),Joueur total de yards sur réception (Josh Downs (IND)) (prolongations incluses),2143,72898,1735298509,IND|dst:player:374671,4516554215,63+,63+,IND|dst:player:374671,2.95,0,False
16535421,KC Chiefs vs. IND Colts,Josh Downs,Josh Downs (IND),Joueur total de yards sur réception (Josh Downs (IND)) (prolongations incluses),2143,72898,1735298509,IND|dst:player:374671,4516554216,73+,73+,IND|dst:player:374671,4.0,0,False
16535421,KC Chiefs vs. IND Colts,Josh Downs,Josh Downs (IND),Joueur total de yards sur réception (Josh Downs (IND)) (prolongations incluses),2143,72898,1735298509,IND|dst:player:374671,4516554217,83+,83+,IND|dst:player:374671,5.5,0,False
16535421,KC Chiefs vs. IND Colts,Josh Downs,Josh Downs (IND),Joueur total de yards sur réception (Josh Downs (IND)) (prolongations incluses),2143,72898,1735298509,IND|dst:player:374671,4516554218,93+,93+,IND|dst:player:374671,8.0,0,False
16535421,KC Chiefs vs. IND Colts,Josh Downs,Josh Downs (IND),Joueur total de yards sur réception (Josh Downs (IND)) (prolongations incluses),2143,72898,1735298509,IND|dst:player:374671,4516554219,103+,103+,IND|dst:player:374671,13.0,0,False
16535421,KC Chiefs vs. IND Colts,Josh Downs,Josh Downs (IND),Joueur total de yards sur réception (Josh Downs (IND)) (prolongations incluses),2143,72898,1735298509,IND|dst:player:374671,4516554220,113+,113+,IND|dst:player:374671,20.0,0,False
16535421,KC Chiefs vs. IND Colts,Josh Downs,Josh Downs (IND),Joueur total de yards sur réception (Josh Downs (IND)) (prolongations incluses),2143,72898,1735298509,IND|dst:player:374671,4516554221,123+,123+,IND|dst:player:374671,31.0,0,False
16535421,KC Chiefs vs. IND Colts,Josh Downs,Josh Downs (IND),Joueur total de yards sur réception (Josh Downs (IND)) (prolongations incluses),2143,72898,1735298509,IND|dst:player:374671,4516554222,33+,33+,IND|dst:player:374671,1.4348,0,False
16535421,KC Chiefs vs. IND Colts,Travis Kelce,Travis Kelce (KC),Joueur total de yards sur réception (Travis Kelce (KC)) (prolongations incluses),2143,72898,1735293916,KC|dst:player:124561,4516041152,32+,32+,KC|dst:player:124561,1.4348,0,False
16535421,KC Chiefs vs. IND Colts,Travis Kelce,Travis Kelce (KC),Joueur total de yards sur réception (Travis Kelce (KC)) (prolongations incluses),2143,72898,1735293916,KC|dst:player:124561,4516041143,42+,42+,KC|dst:player:124561,1.9091,0,False
16535421,KC Chiefs vs. IND Colts,Travis Kelce,Travis Kelce (KC),Joueur total de yards sur réception (Travis Kelce (KC)) (prolongations incluses),2143,72898,1735293916,KC|dst:player:124561,4516041144,52+,52+,KC|dst:player:124561,2.3,0,False
16535421,KC Chiefs vs. IND Colts,Travis Kelce,Travis Kelce (KC),Joueur total de yards sur réception (Travis Kelce (KC)) (prolongations incluses),2143,72898,1735293916,KC|dst:player:124561,4516041145,62+,62+,KC|dst:player:124561,2.95,0,False
16535421,KC Chiefs vs. IND Colts,Travis Kelce,Travis Kelce (KC),Joueur total de yards sur réception (Travis Kelce (KC)) (prolongations incluses),2143,72898,1735293916,KC|dst:player:124561,4516041146,72+,72+,KC|dst:player:124561,3.85,0,False
16535421,KC Chiefs vs. IND Colts,Travis Kelce,Travis Kelce (KC),Joueur total de yards sur réception (Travis Kelce (KC)) (prolongations incluses),2143,72898,1735293916,KC|dst:player:124561,4516041147,82+,82+,KC|dst:player:124561,5.5,0,False
16535421,KC Chiefs vs. IND Colts,Travis Kelce,Travis Kelce (KC),Joueur total de yards sur réception (Travis Kelce (KC)) (prolongations incluses),2143,72898,1735293916,KC|dst:player:124561,4516041148,92+,92+,KC|dst:player:124561,8.0,0,False
16535421,KC Chiefs vs. IND Colts,Travis Kelce,Travis Kelce (KC),Joueur total de yards sur réception (Travis Kelce (KC)) (prolongations incluses),2143,72898,1735293916,KC|dst:player:124561,4516041150,112+,112+,KC|dst:player:124561,19.0,0,False
16535421,KC Chiefs vs. IND Colts,Travis Kelce,Travis Kelce (KC),Joueur total de yards sur réception (Travis Kelce (KC)) (prolongations incluses),2143,72898,1735293916,KC|dst:player:124561,4516041151,122+,122+,KC|dst:player:124561,31.0,0,False
16535421,KC Chiefs vs. IND Colts,Alec Pierce,Alec Pierce (IND),Joueur total de yards sur réception (Alec Pierce (IND)) (prolongations incluses),2143,72898,1735298513,IND|dst:player:309173,4523945536,36+,36+,IND|dst:player:309173,1.4762,0,False
16535421,KC Chiefs vs. IND Colts,Alec Pierce,Alec Pierce (IND),Joueur total de yards sur réception (Alec Pierce (IND)) (prolongations incluses),2143,72898,1735298513,IND|dst:player:309173,4523945527,46+,46+,IND|dst:player:309173,1.8696,0,False
16535421,KC Chiefs vs. IND Colts,Alec Pierce,Alec Pierce (IND),Joueur total de yards sur réception (Alec Pierce (IND)) (prolongations incluses),2143,72898,1735298513,IND|dst:player:309173,4523945528,56+,56+,IND|dst:player:309173,2.25,0,False
16535421,KC Chiefs vs. IND Colts,Alec Pierce,Alec Pierce (IND),Joueur total de yards sur réception (Alec Pierce (IND)) (prolongations incluses),2143,72898,1735298513,IND|dst:player:309173,4523945529,66+,66+,IND|dst:player:309173,2.75,0,False
16535421,KC Chiefs vs. IND Colts,Alec Pierce,Alec Pierce (IND),Joueur total de yards sur réception (Alec Pierce (IND)) (prolongations incluses),2143,72898,1735298513,IND|dst:player:309173,4523945530,76+,76+,IND|dst:player:309173,3.5,0,False
16535421,KC Chiefs vs. IND Colts,Alec Pierce,Alec Pierce (IND),Joueur total de yards sur réception (Alec Pierce (IND)) (prolongations incluses),2143,72898,1735298513,IND|dst:player:309173,4523945531,86+,86+,IND|dst:player:309173,4.5,0,False
16535421,KC Chiefs vs. IND Colts,Alec Pierce,Alec Pierce (IND),Joueur total de yards sur réception (Alec Pierce (IND)) (prolongations incluses),2143,72898,1735298513,IND|dst:player:309173,4523945532,96+,96+,IND|dst:player:309173,6.0,0,False
16535421,KC Chiefs vs. IND Colts,Alec Pierce,Alec Pierce (IND),Joueur total de yards sur réception (Alec Pierce (IND)) (prolongations incluses),2143,72898,1735298513,IND|dst:player:309173,4523945533,106+,106+,IND|dst:player:309173,8.5,0,False
16535421,KC Chiefs vs. IND Colts,Alec Pierce,Alec Pierce (IND),Joueur total de yards sur réception (Alec Pierce (IND)) (prolongations incluses),2143,72898,1735298513,IND|dst:player:309173,4523945534,116+,116+,IND|dst:player:309173,12.0,0,False
16535421,KC Chiefs vs. IND Colts,Alec Pierce,Alec Pierce (IND),Joueur total de yards sur réception (Alec Pierce (IND)) (prolongations incluses),2143,72898,1735298513,IND|dst:player:309173,4523945535,126+,126+,IND|dst:player:309173,18.0,0,False
16535421,KC Chiefs vs. IND Colts,Rashee Rice,Rashee Rice (KC),Joueur total de yards sur réception (Rashee Rice (KC)) (prolongations incluses),2143,72898,1735293919,KC|dst:player:378265,4535299413,48+,48+,KC|dst:player:378265,1.9091,0,False
16535421,KC Chiefs vs. IND Colts,Rashee Rice,Rashee Rice (KC),Joueur total de yards sur réception (Rashee Rice (KC)) (prolongations incluses),2143,72898,1735293919,KC|dst:player:378265,4535299414,58+,58+,KC|dst:player:378265,2.2,0,False
16535421,KC Chiefs vs. IND Colts,Rashee Rice,Rashee Rice (KC),Joueur total de yards sur réception (Rashee Rice (KC)) (prolongations incluses),2143,72898,1735293919,KC|dst:player:378265,4535299415,68+,68+,KC|dst:player:378265,2.6,0,False
16535421,KC Chiefs vs. IND Colts,Rashee Rice,Rashee Rice (KC),Joueur total de yards sur réception (Rashee Rice (KC)) (prolongations incluses),2143,72898,1735293919,KC|dst:player:378265,4535299416,78+,78+,KC|dst:player:378265,3.2,0,False
16535421,KC Chiefs vs. IND Colts,Rashee Rice,Rashee Rice (KC),Joueur total de yards sur réception (Rashee Rice (KC)) (prolongations incluses),2143,72898,1735293919,KC|dst:player:378265,4535299417,88+,88+,KC|dst:player:378265,3.85,0,False
16535421,KC Chiefs vs. IND Colts,Rashee Rice,Rashee Rice (KC),Joueur total de yards sur réception (Rashee Rice (KC)) (prolongations incluses),2143,72898,1735293919,KC|dst:player:378265,4535299418,98+,98+,KC|dst:player:378265,5.0,0,False
16535421,KC Chiefs vs. IND Colts,Rashee Rice,Rashee Rice (KC),Joueur total de yards sur réception (Rashee Rice (KC)) (prolongations incluses),2143,72898,1735293919,KC|dst:player:378265,4535299419,108+,108+,KC|dst:player:378265,6.5,0,False
16535421,KC Chiefs vs. IND Colts,Rashee Rice,Rashee Rice (KC),Joueur total de yards sur réception (Rashee Rice (KC)) (prolongations incluses),2143,72898,1735293919,KC|dst:player:378265,4535299420,118+,118+,KC|dst:player:378265,8.5,0,False
16535421,KC Chiefs vs. IND Colts,Rashee Rice,Rashee Rice (KC),Joueur total de yards sur réception (Rashee Rice (KC)) (prolongations incluses),2143,72898,1735293919,KC|dst:player:378265,4535299421,128+,128+,KC|dst:player:378265,12.0,0,False
16535421,KC Chiefs vs. IND Colts,Rashee Rice,Rashee Rice (KC),Joueur total de yards sur réception (Rashee Rice (KC)) (prolongations incluses),2143,72898,1735293919,KC|dst:player:378265,4535299422,38+,38+,KC|dst:player:378265,1.4762,0,False
16535421,KC Chiefs vs. IND Colts,Jonathan Taylor,Jonathan Taylor (IND),Joueur total de yards sur réception (Jonathan Taylor (IND)) (prolongations incluses),2143,72898,1735298510,IND|dst:player:242753,4510369874,17+,17+,IND|dst:player:242753,1.8334,0,False
16535421,KC Chiefs vs. IND Colts,Jonathan Taylor,Jonathan Taylor (IND),Joueur total de yards sur réception (Jonathan Taylor (IND)) (prolongations incluses),2143,72898,1735298510,IND|dst:player:242753,4510369875,27+,27+,IND|dst:player:242753,2.35,0,False
16535421,KC Chiefs vs. IND Colts,Jonathan Taylor,Jonathan Taylor (IND),Joueur total de yards sur réception (Jonathan Taylor (IND)) (prolongations incluses),2143,72898,1735298510,IND|dst:player:242753,4510369876,37+,37+,IND|dst:player:242753,3.1,0,False
16535421,KC Chiefs vs. IND Colts,Jonathan Taylor,Jonathan Taylor (IND),Joueur total de yards sur réception (Jonathan Taylor (IND)) (prolongations incluses),2143,72898,1735298510,IND|dst:player:242753,4510369877,47+,47+,IND|dst:player:242753,4.4,0,False
16535421,KC Chiefs vs. IND Colts,Jonathan Taylor,Jonathan Taylor (IND),Joueur total de yards sur réception (Jonathan Taylor (IND)) (prolongations incluses),2143,72898,1735298510,IND|dst:player:242753,4510369878,57+,57+,IND|dst:player:242753,6.5,0,False
16535421,KC Chiefs vs. IND Colts,Jonathan Taylor,Jonathan Taylor (IND),Joueur total de yards sur réception (Jonathan Taylor (IND)) (prolongations incluses),2143,72898,1735298510,IND|dst:player:242753,4510369879,67+,67+,IND|dst:player:242753,10.0,0,False
16535421,KC Chiefs vs. IND Colts,Jonathan Taylor,Jonathan Taylor (IND),Joueur total de yards sur réception (Jonathan Taylor (IND)) (prolongations incluses),2143,72898,1735298510,IND|dst:player:242753,4510369880,77+,77+,IND|dst:player:242753,17.0,0,False
16535421,KC Chiefs vs. IND Colts,Jonathan Taylor,Jonathan Taylor (IND),Joueur total de yards sur réception (Jonathan Taylor (IND)) (prolongations incluses),2143,72898,1735298510,IND|dst:player:242753,4510369881,87+,87+,IND|dst:player:242753,31.0,0,False
16535421,KC Chiefs vs. IND Colts,Noah Gray,Noah Gray (KC),Joueur total de yards sur réception (Noah Gray (KC)) (prolongations incluses),2143,72898,1739066573,KC|dst:player:264814,4523929187,11+,11+,KC|dst:player:264814,1.8696,0,False
16535421,KC Chiefs vs. IND Colts,Noah Gray,Noah Gray (KC),Joueur total de yards sur réception (Noah Gray (KC)) (prolongations incluses),2143,72898,1739066573,KC|dst:player:264814,4523929188,21+,21+,KC|dst:player:264814,2.35,0,False
16535421,KC Chiefs vs. IND Colts,Noah Gray,Noah Gray (KC),Joueur total de yards sur réception (Noah Gray (KC)) (prolongations incluses),2143,72898,1739066573,KC|dst:player:264814,4523929189,31+,31+,KC|dst:player:264814,3.1,0,False
16535421,KC Chiefs vs. IND Colts,Noah Gray,Noah Gray (KC),Joueur total de yards sur réception (Noah Gray (KC)) (prolongations incluses),2143,72898,1739066573,KC|dst:player:264814,4523929190,41+,41+,KC|dst:player:264814,4.25,0,False
16535421,KC Chiefs vs. IND Colts,Noah Gray,Noah Gray (KC),Joueur total de yards sur réception (Noah Gray (KC)) (prolongations incluses),2143,72898,1739066573,KC|dst:player:264814,4523929191,51+,51+,KC|dst:player:264814,6.0,0,False
16535421,KC Chiefs vs. IND Colts,Noah Gray,Noah Gray (KC),Joueur total de yards sur réception (Noah Gray (KC)) (prolongations incluses),2143,72898,1739066573,KC|dst:player:264814,4523929192,61+,61+,KC|dst:player:264814,9.0,0,False
16535421,KC Chiefs vs. IND Colts,Noah Gray,Noah Gray (KC),Joueur total de yards sur réception (Noah Gray (KC)) (prolongations incluses),2143,72898,1739066573,KC|dst:player:264814,4523929193,71+,71+,KC|dst:player:264814,14.0,0,False
16535421,KC Chiefs vs. IND Colts,Noah Gray,Noah Gray (KC),Joueur total de yards sur réception (Noah Gray (KC)) (prolongations incluses),2143,72898,1739066573,KC|dst:player:264814,4523929194,81+,81+,KC|dst:player:264814,21.0,0,False
16535421,KC Chiefs vs. IND Colts,Noah Gray,Noah Gray (KC),Joueur total de yards sur réception (Noah Gray (KC)) (prolongations incluses),2143,72898,1739066573,KC|dst:player:264814,4524932713,91+,91+,KC|dst:player:264814,41.0,0,False
16535421,KC Chiefs vs. IND Colts,Tyquan Thornton,Tyquan Thornton (KC),Joueur total de yards sur réception (Tyquan Thornton (KC)) (prolongations incluses),2143,72898,1735298511,KC|dst:player:477298,4509443616,56+,56+,KC|dst:player:477298,5.0,0,False
16535421,KC Chiefs vs. IND Colts,Tyquan Thornton,Tyquan Thornton (KC),Joueur total de yards sur réception (Tyquan Thornton (KC)) (prolongations incluses),2143,72898,1735298511,KC|dst:player:477298,4509443617,66+,66+,KC|dst:player:477298,6.75,0,False
16535421,KC Chiefs vs. IND Colts,Tyquan Thornton,Tyquan Thornton (KC),Joueur total de yards sur réception (Tyquan Thornton (KC)) (prolongations incluses),2143,72898,1735298511,KC|dst:player:477298,4509443618,76+,76+,KC|dst:player:477298,10.0,0,False
16535421,KC Chiefs vs. IND Colts,Tyquan Thornton,Tyquan Thornton (KC),Joueur total de yards sur réception (Tyquan Thornton (KC)) (prolongations incluses),2143,72898,1735298511,KC|dst:player:477298,4509443619,86+,86+,KC|dst:player:477298,15.0,0,False
16535421,KC Chiefs vs. IND Colts,Tyquan Thornton,Tyquan Thornton (KC),Joueur total de yards sur réception (Tyquan Thornton (KC)) (prolongations incluses),2143,72898,1735298511,KC|dst:player:477298,4509443620,96+,96+,KC|dst:player:477298,21.0,0,False
16535421,KC Chiefs vs. IND Colts,Tyquan Thornton,Tyquan Thornton (KC),Joueur total de yards sur réception (Tyquan Thornton (KC)) (prolongations incluses),2143,72898,1735298511,KC|dst:player:477298,4509443612,16+,16+,KC|dst:player:477298,1.8696,0,False
16535421,KC Chiefs vs. IND Colts,Tyquan Thornton,Tyquan Thornton (KC),Joueur total de yards sur réception (Tyquan Thornton (KC)) (prolongations incluses),2143,72898,1735298511,KC|dst:player:477298,4509443613,26+,26+,KC|dst:player:477298,2.25,0,False
16535421,KC Chiefs vs. IND Colts,Tyquan Thornton,Tyquan Thornton (KC),Joueur total de yards sur réception (Tyquan Thornton (KC)) (prolongations incluses),2143,72898,1735298511,KC|dst:player:477298,4509443614,36+,36+,KC|dst:player:477298,2.85,0,False
16535421,KC Chiefs vs. IND Colts,Tyquan Thornton,Tyquan Thornton (KC),Joueur total de yards sur réception (Tyquan Thornton (KC)) (prolongations incluses),2143,72898,1735298511,KC|dst:player:477298,4509443615,46+,46+,KC|dst:player:477298,3.75,0,False
16535421,KC Chiefs vs. IND Colts,Emmett Johnson,Emmett Johnson (KC),Joueur total de yards sur réception (Emmett Johnson (KC)) (prolongations incluses),2143,72898,1737467976,KC|dst:player:546205,4517475173,18+,18+,KC|dst:player:546205,2.35,0,False
16535421,KC Chiefs vs. IND Colts,Emmett Johnson,Emmett Johnson (KC),Joueur total de yards sur réception (Emmett Johnson (KC)) (prolongations incluses),2143,72898,1737467976,KC|dst:player:546205,4517475174,28+,28+,KC|dst:player:546205,3.0,0,False
16535421,KC Chiefs vs. IND Colts,Emmett Johnson,Emmett Johnson (KC),Joueur total de yards sur réception (Emmett Johnson (KC)) (prolongations incluses),2143,72898,1737467976,KC|dst:player:546205,4517475175,38+,38+,KC|dst:player:546205,4.0,0,False
16535421,KC Chiefs vs. IND Colts,Emmett Johnson,Emmett Johnson (KC),Joueur total de yards sur réception (Emmett Johnson (KC)) (prolongations incluses),2143,72898,1737467976,KC|dst:player:546205,4517475176,48+,48+,KC|dst:player:546205,5.75,0,False
16535421,KC Chiefs vs. IND Colts,Emmett Johnson,Emmett Johnson (KC),Joueur total de yards sur réception (Emmett Johnson (KC)) (prolongations incluses),2143,72898,1737467976,KC|dst:player:546205,4517475177,58+,58+,KC|dst:player:546205,8.5,0,False
16535421,KC Chiefs vs. IND Colts,Emmett Johnson,Emmett Johnson (KC),Joueur total de yards sur réception (Emmett Johnson (KC)) (prolongations incluses),2143,72898,1737467976,KC|dst:player:546205,4517475178,68+,68+,KC|dst:player:546205,14.0,0,False
16535421,KC Chiefs vs. IND Colts,Emmett Johnson,Emmett Johnson (KC),Joueur total de yards sur réception (Emmett Johnson (KC)) (prolongations incluses),2143,72898,1737467976,KC|dst:player:546205,4517475179,78+,78+,KC|dst:player:546205,21.0,0,False
16535421,KC Chiefs vs. IND Colts,Emmett Johnson,Emmett Johnson (KC),Joueur total de yards sur réception (Emmett Johnson (KC)) (prolongations incluses),2143,72898,1737467976,KC|dst:player:546205,4517475180,88+,88+,KC|dst:player:546205,36.0,0,False
16535421,KC Chiefs vs. IND Colts,Kenneth Walker III,Kenneth Walker III (KC),Joueur total de yards par la course (Kenneth Walker III (KC)) (prolongations incluses),2140,72895,1735291513,KC|dst:player:540744,4534261568,84+,84+,KC|dst:player:540744,1.8334,0,False
16535421,KC Chiefs vs. IND Colts,Kenneth Walker III,Kenneth Walker III (KC),Joueur total de yards par la course (Kenneth Walker III (KC)) (prolongations incluses),2140,72895,1735291513,KC|dst:player:540744,4534261569,94+,94+,KC|dst:player:540744,2.2,0,False
16535421,KC Chiefs vs. IND Colts,Kenneth Walker III,Kenneth Walker III (KC),Joueur total de yards par la course (Kenneth Walker III (KC)) (prolongations incluses),2140,72895,1735291513,KC|dst:player:540744,4534261570,104+,104+,KC|dst:player:540744,2.65,0,False
16535421,KC Chiefs vs. IND Colts,Kenneth Walker III,Kenneth Walker III (KC),Joueur total de yards par la course (Kenneth Walker III (KC)) (prolongations incluses),2140,72895,1735291513,KC|dst:player:540744,4534261571,114+,114+,KC|dst:player:540744,3.3,0,False
16535421,KC Chiefs vs. IND Colts,Kenneth Walker III,Kenneth Walker III (KC),Joueur total de yards par la course (Kenneth Walker III (KC)) (prolongations incluses),2140,72895,1735291513,KC|dst:player:540744,4534261572,124+,124+,KC|dst:player:540744,4.3,0,False
16535421,KC Chiefs vs. IND Colts,Kenneth Walker III,Kenneth Walker III (KC),Joueur total de yards par la course (Kenneth Walker III (KC)) (prolongations incluses),2140,72895,1735291513,KC|dst:player:540744,4534261573,134+,134+,KC|dst:player:540744,5.75,0,False
16535421,KC Chiefs vs. IND Colts,Kenneth Walker III,Kenneth Walker III (KC),Joueur total de yards par la course (Kenneth Walker III (KC)) (prolongations incluses),2140,72895,1735291513,KC|dst:player:540744,4534261574,144+,144+,KC|dst:player:540744,8.0,0,False
16535421,KC Chiefs vs. IND Colts,Kenneth Walker III,Kenneth Walker III (KC),Joueur total de yards par la course (Kenneth Walker III (KC)) (prolongations incluses),2140,72895,1735291513,KC|dst:player:540744,4534261575,154+,154+,KC|dst:player:540744,12.0,0,False
16535421,KC Chiefs vs. IND Colts,Kenneth Walker III,Kenneth Walker III (KC),Joueur total de yards par la course (Kenneth Walker III (KC)) (prolongations incluses),2140,72895,1735291513,KC|dst:player:540744,4534261576,164+,164+,KC|dst:player:540744,17.0,0,False
16535421,KC Chiefs vs. IND Colts,Kenneth Walker III,Kenneth Walker III (KC),Joueur total de yards par la course (Kenneth Walker III (KC)) (prolongations incluses),2140,72895,1735291513,KC|dst:player:540744,4534261577,74+,74+,KC|dst:player:540744,1.5,0,False
16535421,KC Chiefs vs. IND Colts,Kenneth Walker III,Kenneth Walker III (KC),Joueur total de yards par la course (Kenneth Walker III (KC)) (prolongations incluses),2140,72895,1735291513,KC|dst:player:540744,4534261578,64+,64+,KC|dst:player:540744,1.2858,0,False
16535421,KC Chiefs vs. IND Colts,Jonathan Taylor,Jonathan Taylor (IND),Joueur total de yards par la course (Jonathan Taylor (IND)) (prolongations incluses),2140,72895,1735291399,IND|dst:player:242753,4535345088,60+,60+,IND|dst:player:242753,1.3572,0,False
16535421,KC Chiefs vs. IND Colts,Jonathan Taylor,Jonathan Taylor (IND),Joueur total de yards par la course (Jonathan Taylor (IND)) (prolongations incluses),2140,72895,1735291399,IND|dst:player:242753,4535345078,80+,80+,IND|dst:player:242753,1.8696,0,False
16535421,KC Chiefs vs. IND Colts,Jonathan Taylor,Jonathan Taylor (IND),Joueur total de yards par la course (Jonathan Taylor (IND)) (prolongations incluses),2140,72895,1735291399,IND|dst:player:242753,4535345079,90+,90+,IND|dst:player:242753,2.15,0,False
16535421,KC Chiefs vs. IND Colts,Jonathan Taylor,Jonathan Taylor (IND),Joueur total de yards par la course (Jonathan Taylor (IND)) (prolongations incluses),2140,72895,1735291399,IND|dst:player:242753,4535345080,100+,100+,IND|dst:player:242753,2.45,0,False
16535421,KC Chiefs vs. IND Colts,Jonathan Taylor,Jonathan Taylor (IND),Joueur total de yards par la course (Jonathan Taylor (IND)) (prolongations incluses),2140,72895,1735291399,IND|dst:player:242753,4535345081,110+,110+,IND|dst:player:242753,2.85,0,False
16535421,KC Chiefs vs. IND Colts,Jonathan Taylor,Jonathan Taylor (IND),Joueur total de yards par la course (Jonathan Taylor (IND)) (prolongations incluses),2140,72895,1735291399,IND|dst:player:242753,4535345082,120+,120+,IND|dst:player:242753,3.4,0,False
16535421,KC Chiefs vs. IND Colts,Jonathan Taylor,Jonathan Taylor (IND),Joueur total de yards par la course (Jonathan Taylor (IND)) (prolongations incluses),2140,72895,1735291399,IND|dst:player:242753,4535345085,150+,150+,IND|dst:player:242753,6.0,0,False
16535421,KC Chiefs vs. IND Colts,Jonathan Taylor,Jonathan Taylor (IND),Joueur total de yards par la course (Jonathan Taylor (IND)) (prolongations incluses),2140,72895,1735291399,IND|dst:player:242753,4535345086,160+,160+,IND|dst:player:242753,7.75,0,False
16535421,KC Chiefs vs. IND Colts,Jonathan Taylor,Jonathan Taylor (IND),Joueur total de yards par la course (Jonathan Taylor (IND)) (prolongations incluses),2140,72895,1735291399,IND|dst:player:242753,4535345087,70+,70+,IND|dst:player:242753,1.5715,0,False
16535421,KC Chiefs vs. IND Colts,Emmett Johnson,Emmett Johnson (KC),Joueur total de yards par la course (Emmett Johnson (KC)) (prolongations incluses),2140,72895,1735291400,KC|dst:player:546205,4509423334,18+,18+,KC|dst:player:546205,1.8696,0,False
16535421,KC Chiefs vs. IND Colts,Emmett Johnson,Emmett Johnson (KC),Joueur total de yards par la course (Emmett Johnson (KC)) (prolongations incluses),2140,72895,1735291400,KC|dst:player:546205,4509423335,28+,28+,KC|dst:player:546205,2.4,0,False
16535421,KC Chiefs vs. IND Colts,Emmett Johnson,Emmett Johnson (KC),Joueur total de yards par la course (Emmett Johnson (KC)) (prolongations incluses),2140,72895,1735291400,KC|dst:player:546205,4509423336,38+,38+,KC|dst:player:546205,3.3,0,False
16535421,KC Chiefs vs. IND Colts,Emmett Johnson,Emmett Johnson (KC),Joueur total de yards par la course (Emmett Johnson (KC)) (prolongations incluses),2140,72895,1735291400,KC|dst:player:546205,4509423337,48+,48+,KC|dst:player:546205,4.75,0,False
16535421,KC Chiefs vs. IND Colts,Emmett Johnson,Emmett Johnson (KC),Joueur total de yards par la course (Emmett Johnson (KC)) (prolongations incluses),2140,72895,1735291400,KC|dst:player:546205,4509423338,58+,58+,KC|dst:player:546205,7.25,0,False
16535421,KC Chiefs vs. IND Colts,Emmett Johnson,Emmett Johnson (KC),Joueur total de yards par la course (Emmett Johnson (KC)) (prolongations incluses),2140,72895,1735291400,KC|dst:player:546205,4509423339,68+,68+,KC|dst:player:546205,12.0,0,False
16535421,KC Chiefs vs. IND Colts,Emmett Johnson,Emmett Johnson (KC),Joueur total de yards par la course (Emmett Johnson (KC)) (prolongations incluses),2140,72895,1735291400,KC|dst:player:546205,4509423340,78+,78+,KC|dst:player:546205,20.0,0,False
16535421,KC Chiefs vs. IND Colts,Emmett Johnson,Emmett Johnson (KC),Joueur total de yards par la course (Emmett Johnson (KC)) (prolongations incluses),2140,72895,1735291400,KC|dst:player:546205,4509423341,88+,88+,KC|dst:player:546205,36.0,0,False
16535421,KC Chiefs vs. IND Colts,Patrick Mahomes,Patrick Mahomes (KC),Joueur total de yards par la course (Patrick Mahomes (KC)) (prolongations incluses),2140,72895,1735291511,KC|dst:player:156564,4511073108,18+,18+,KC|dst:player:156564,1.9091,0,False
16535421,KC Chiefs vs. IND Colts,Patrick Mahomes,Patrick Mahomes (KC),Joueur total de yards par la course (Patrick Mahomes (KC)) (prolongations incluses),2140,72895,1735291511,KC|dst:player:156564,4511073109,28+,28+,KC|dst:player:156564,2.45,0,False
16535421,KC Chiefs vs. IND Colts,Patrick Mahomes,Patrick Mahomes (KC),Joueur total de yards par la course (Patrick Mahomes (KC)) (prolongations incluses),2140,72895,1735291511,KC|dst:player:156564,4511073110,38+,38+,KC|dst:player:156564,3.4,0,False
16535421,KC Chiefs vs. IND Colts,Patrick Mahomes,Patrick Mahomes (KC),Joueur total de yards par la course (Patrick Mahomes (KC)) (prolongations incluses),2140,72895,1735291511,KC|dst:player:156564,4511073111,48+,48+,KC|dst:player:156564,5.0,0,False
16535421,KC Chiefs vs. IND Colts,Patrick Mahomes,Patrick Mahomes (KC),Joueur total de yards par la course (Patrick Mahomes (KC)) (prolongations incluses),2140,72895,1735291511,KC|dst:player:156564,4511073112,58+,58+,KC|dst:player:156564,7.5,0,False
16535421,KC Chiefs vs. IND Colts,Patrick Mahomes,Patrick Mahomes (KC),Joueur total de yards par la course (Patrick Mahomes (KC)) (prolongations incluses),2140,72895,1735291511,KC|dst:player:156564,4511073113,68+,68+,KC|dst:player:156564,13.0,0,False
16535421,KC Chiefs vs. IND Colts,Patrick Mahomes,Patrick Mahomes (KC),Joueur total de yards par la course (Patrick Mahomes (KC)) (prolongations incluses),2140,72895,1735291511,KC|dst:player:156564,4511073114,78+,78+,KC|dst:player:156564,21.0,0,False
16535421,KC Chiefs vs. IND Colts,Patrick Mahomes,Patrick Mahomes (KC),Joueur total de yards par la course (Patrick Mahomes (KC)) (prolongations incluses),2140,72895,1735291511,KC|dst:player:156564,4511073115,88+,88+,KC|dst:player:156564,41.0,0,False
16535421,KC Chiefs vs. IND Colts,Daniel Jones,Daniel Jones (IND),Joueur total de yards par la course (Daniel Jones (IND)) (prolongations incluses),2140,72895,1735291401,IND|dst:player:476374,4509423342,19+,19+,IND|dst:player:476374,2.65,0,False
16535421,KC Chiefs vs. IND Colts,Daniel Jones,Daniel Jones (IND),Joueur total de yards par la course (Daniel Jones (IND)) (prolongations incluses),2140,72895,1735291401,IND|dst:player:476374,4509423343,29+,29+,IND|dst:player:476374,4.3,0,False
16535421,KC Chiefs vs. IND Colts,Daniel Jones,Daniel Jones (IND),Joueur total de yards par la course (Daniel Jones (IND)) (prolongations incluses),2140,72895,1735291401,IND|dst:player:476374,4509423344,39+,39+,IND|dst:player:476374,7.75,0,False
16535421,KC Chiefs vs. IND Colts,Daniel Jones,Daniel Jones (IND),Joueur total de yards par la course (Daniel Jones (IND)) (prolongations incluses),2140,72895,1735291401,IND|dst:player:476374,4509423345,49+,49+,IND|dst:player:476374,16.0,0,False
16535421,KC Chiefs vs. IND Colts,Daniel Jones,Daniel Jones (IND),Joueur total de yards par la course (Daniel Jones (IND)) (prolongations incluses),2140,72895,1735291401,IND|dst:player:476374,4509424445,59+,59+,IND|dst:player:476374,36.0,0,False
16535421,KC Chiefs vs. IND Colts,Daniel Jones,Daniel Jones (IND),Passes réussis du joueur (Incl. Prolongations) (Daniel Jones (IND)),2137,72892,1737466999,IND|dst:player:476374,4517127968,30+,30+,IND|dst:player:476374,9.0,0,False
16535421,KC Chiefs vs. IND Colts,Daniel Jones,Daniel Jones (IND),Passes réussis du joueur (Incl. Prolongations) (Daniel Jones (IND)),2137,72892,1737466999,IND|dst:player:476374,4517127969,32+,32+,IND|dst:player:476374,15.0,0,False
16535421,KC Chiefs vs. IND Colts,Daniel Jones,Daniel Jones (IND),Passes réussis du joueur (Incl. Prolongations) (Daniel Jones (IND)),2137,72892,1737466999,IND|dst:player:476374,4517127970,34+,34+,IND|dst:player:476374,26.0,0,False
16535421,KC Chiefs vs. IND Colts,Daniel Jones,Daniel Jones (IND),Passes réussis du joueur (Incl. Prolongations) (Daniel Jones (IND)),2137,72892,1737466999,IND|dst:player:476374,4517127971,20+,20+,IND|dst:player:476374,1.5264,0,False
16535421,KC Chiefs vs. IND Colts,Daniel Jones,Daniel Jones (IND),Passes réussis du joueur (Incl. Prolongations) (Daniel Jones (IND)),2137,72892,1737466999,IND|dst:player:476374,4517127964,22+,22+,IND|dst:player:476374,2.0,0,False
16535421,KC Chiefs vs. IND Colts,Daniel Jones,Daniel Jones (IND),Passes réussis du joueur (Incl. Prolongations) (Daniel Jones (IND)),2137,72892,1737466999,IND|dst:player:476374,4517127965,24+,24+,IND|dst:player:476374,2.65,0,False
16535421,KC Chiefs vs. IND Colts,Daniel Jones,Daniel Jones (IND),Passes réussis du joueur (Incl. Prolongations) (Daniel Jones (IND)),2137,72892,1737466999,IND|dst:player:476374,4517127966,26+,26+,IND|dst:player:476374,3.75,0,False
16535421,KC Chiefs vs. IND Colts,Daniel Jones,Daniel Jones (IND),Passes réussis du joueur (Incl. Prolongations) (Daniel Jones (IND)),2137,72892,1737466999,IND|dst:player:476374,4517127967,28+,28+,IND|dst:player:476374,5.5,0,False
16535421,KC Chiefs vs. IND Colts,Patrick Mahomes,Patrick Mahomes (KC),Passes réussis du joueur (Incl. Prolongations) (Patrick Mahomes (KC)),2137,72892,1737466894,KC|dst:player:156564,4535340586,21+,21+,KC|dst:player:156564,2.0,0,False
16535421,KC Chiefs vs. IND Colts,Patrick Mahomes,Patrick Mahomes (KC),Passes réussis du joueur (Incl. Prolongations) (Patrick Mahomes (KC)),2137,72892,1737466894,KC|dst:player:156564,4535340587,23+,23+,KC|dst:player:156564,2.6,0,False
16535421,KC Chiefs vs. IND Colts,Patrick Mahomes,Patrick Mahomes (KC),Passes réussis du joueur (Incl. Prolongations) (Patrick Mahomes (KC)),2137,72892,1737466894,KC|dst:player:156564,4535340588,25+,25+,KC|dst:player:156564,3.6,0,False
16535421,KC Chiefs vs. IND Colts,Patrick Mahomes,Patrick Mahomes (KC),Passes réussis du joueur (Incl. Prolongations) (Patrick Mahomes (KC)),2137,72892,1737466894,KC|dst:player:156564,4535340589,27+,27+,KC|dst:player:156564,5.25,0,False
16535421,KC Chiefs vs. IND Colts,Patrick Mahomes,Patrick Mahomes (KC),Passes réussis du joueur (Incl. Prolongations) (Patrick Mahomes (KC)),2137,72892,1737466894,KC|dst:player:156564,4535340590,29+,29+,KC|dst:player:156564,7.75,0,False
16535421,KC Chiefs vs. IND Colts,Patrick Mahomes,Patrick Mahomes (KC),Passes réussis du joueur (Incl. Prolongations) (Patrick Mahomes (KC)),2137,72892,1737466894,KC|dst:player:156564,4535340591,31+,31+,KC|dst:player:156564,13.0,0,False
16535421,KC Chiefs vs. IND Colts,Patrick Mahomes,Patrick Mahomes (KC),Passes réussis du joueur (Incl. Prolongations) (Patrick Mahomes (KC)),2137,72892,1737466894,KC|dst:player:156564,4535340592,33+,33+,KC|dst:player:156564,21.0,0,False
16535421,KC Chiefs vs. IND Colts,Patrick Mahomes,Patrick Mahomes (KC),Passes réussis du joueur (Incl. Prolongations) (Patrick Mahomes (KC)),2137,72892,1737466894,KC|dst:player:156564,4535340593,19+,19+,KC|dst:player:156564,1.5556,0,False
16535421,KC Chiefs vs. IND Colts,Patrick Mahomes,Patrick Mahomes (KC),Total de yards à la passe du joueur Plus/Moins(Incl. Prolongations),759,71922,1734312224,219.5|sa:player:nfl-839031|KC,4505755470,Patrick Mahomes (KC) Plus de 219.5,Patrick Mahomes (KC) Plus de 219.5,219.5,1.8334,0,False
16535421,KC Chiefs vs. IND Colts,Patrick Mahomes,Patrick Mahomes (KC),Total de yards à la passe du joueur Plus/Moins(Incl. Prolongations),759,71922,1734312224,219.5|sa:player:nfl-839031|KC,4505755471,Patrick Mahomes (KC) moins de 219.5,Patrick Mahomes (KC) moins de 219.5,219.5,1.8,0,False
16535421,KC Chiefs vs. IND Colts,Daniel Jones,Daniel Jones (IND),Total de yards à la passe du joueur Plus/Moins(Incl. Prolongations),759,71922,1743104322,212.5|sa:player:nfl-879981|IND,4535078056,Daniel Jones (IND) Plus de 212.5,Daniel Jones (IND) Plus de 212.5,212.5,1.8,0,False
16535421,KC Chiefs vs. IND Colts,Daniel Jones,Daniel Jones (IND),Total de yards à la passe du joueur Plus/Moins(Incl. Prolongations),759,71922,1743104322,212.5|sa:player:nfl-879981|IND,4535078057,Daniel Jones (IND) moins de 212.5,Daniel Jones (IND) moins de 212.5,212.5,1.8334,0,False
16535421,KC Chiefs vs. IND Colts,Kenneth Walker III,Kenneth Walker III (KC),Total de yards à la course du joueur Plus/Moins (Incl. Prolongations),764,71924,1733175456,82.5|sa:player:nfl-1164402|KC,4502144624,Kenneth Walker III (KC) Plus de 82.5,Kenneth Walker III (KC) Plus de 82.5,82.5,1.8334,0,False
16535421,KC Chiefs vs. IND Colts,Kenneth Walker III,Kenneth Walker III (KC),Total de yards à la course du joueur Plus/Moins (Incl. Prolongations),764,71924,1733175456,82.5|sa:player:nfl-1164402|KC,4502144625,Kenneth Walker III (KC) moins de 82.5,Kenneth Walker III (KC) moins de 82.5,82.5,1.8,0,False
16535421,KC Chiefs vs. IND Colts,Jonathan Taylor,Jonathan Taylor (IND),Total de yards à la course du joueur Plus/Moins (Incl. Prolongations),764,71924,1734355686,80.5|sa:player:nfl-1065406|IND,4505872865,Jonathan Taylor (IND) Plus de 80.5,Jonathan Taylor (IND) Plus de 80.5,80.5,1.8334,0,False
16535421,KC Chiefs vs. IND Colts,Jonathan Taylor,Jonathan Taylor (IND),Total de yards à la course du joueur Plus/Moins (Incl. Prolongations),764,71924,1734355686,80.5|sa:player:nfl-1065406|IND,4505872866,Jonathan Taylor (IND) moins de 80.5,Jonathan Taylor (IND) moins de 80.5,80.5,1.8,0,False
16535421,KC Chiefs vs. IND Colts,Patrick Mahomes,Patrick Mahomes (KC),Total de yards à la course du joueur Plus/Moins (Incl. Prolongations),764,71924,1737207327,19.5|sa:player:nfl-839031|KC,4516460881,Patrick Mahomes (KC) Plus de 19.5,Patrick Mahomes (KC) Plus de 19.5,19.5,1.8696,0,False
16535421,KC Chiefs vs. IND Colts,Patrick Mahomes,Patrick Mahomes (KC),Total de yards à la course du joueur Plus/Moins (Incl. Prolongations),764,71924,1737207327,19.5|sa:player:nfl-839031|KC,4516460882,Patrick Mahomes (KC) moins de 19.5,Patrick Mahomes (KC) moins de 19.5,19.5,1.7693,0,False
16535421,KC Chiefs vs. IND Colts,Emmett Johnson,Emmett Johnson (KC),Total de yards à la course du joueur Plus/Moins (Incl. Prolongations),764,71924,1733562062,16.5|sa:player:nfl-1379251|KC,4503692446,Emmett Johnson (KC) Plus de 16.5,Emmett Johnson (KC) Plus de 16.5,16.5,1.7693,0,False
16535421,KC Chiefs vs. IND Colts,Emmett Johnson,Emmett Johnson (KC),Total de yards à la course du joueur Plus/Moins (Incl. Prolongations),764,71924,1733562062,16.5|sa:player:nfl-1379251|KC,4503692447,Emmett Johnson (KC) moins de 16.5,Emmett Johnson (KC) moins de 16.5,16.5,1.8696,0,False
16535421,KC Chiefs vs. IND Colts,Daniel Jones,Daniel Jones (IND),Total de yards à la course du joueur Plus/Moins (Incl. Prolongations),764,71924,1734336864,7.5|sa:player:nfl-879981|IND,4505826450,Daniel Jones (IND) Plus de 7.5,Daniel Jones (IND) Plus de 7.5,7.5,1.7693,0,False
16535421,KC Chiefs vs. IND Colts,Daniel Jones,Daniel Jones (IND),Total de yards à la course du joueur Plus/Moins (Incl. Prolongations),764,71924,1734336864,7.5|sa:player:nfl-879981|IND,4505826451,Daniel Jones (IND) moins de 7.5,Daniel Jones (IND) moins de 7.5,7.5,1.8696,0,False
16535421,KC Chiefs vs. IND Colts,Xavier Worthy,Xavier Worthy (KC),Total de yards à la course du joueur Plus/Moins (Incl. Prolongations),764,71924,1733145462,0.5|sa:player:nfl-1326638|KC,4502060133,Xavier Worthy (KC) Plus de 0.5,Xavier Worthy (KC) Plus de 0.5,0.5,2.3,0,False
16535421,KC Chiefs vs. IND Colts,Xavier Worthy,Xavier Worthy (KC),Total de yards à la course du joueur Plus/Moins (Incl. Prolongations),764,71924,1733145462,0.5|sa:player:nfl-1326638|KC,4502060134,Xavier Worthy (KC) moins de 0.5,Xavier Worthy (KC) moins de 0.5,0.5,1.5,0,False
16535421,KC Chiefs vs. IND Colts,Rashee Rice,Rashee Rice (KC),Total de yards à la course du joueur Plus/Moins (Incl. Prolongations),764,71924,1733145054,0.5|sa:player:nfl-1173538|KC,4502059419,Rashee Rice (KC) Plus de 0.5,Rashee Rice (KC) Plus de 0.5,0.5,2.8,0,False
16535421,KC Chiefs vs. IND Colts,Rashee Rice,Rashee Rice (KC),Total de yards à la course du joueur Plus/Moins (Incl. Prolongations),764,71924,1733145054,0.5|sa:player:nfl-1173538|KC,4502059420,Rashee Rice (KC) moins de 0.5,Rashee Rice (KC) moins de 0.5,0.5,1.3449,0,False
16535421,KC Chiefs vs. IND Colts,Rashee Rice,Rashee Rice (KC),Total des yards après réception du joueur Plus/Moins(Incl. Prolongations),765,71925,1734183511,47.5|sa:player:nfl-1173538|KC,4505437330,Rashee Rice (KC) Plus de 47.5,Rashee Rice (KC) Plus de 47.5,47.5,1.8,0,False
16535421,KC Chiefs vs. IND Colts,Rashee Rice,Rashee Rice (KC),Total des yards après réception du joueur Plus/Moins(Incl. Prolongations),765,71925,1734183511,47.5|sa:player:nfl-1173538|KC,4505437331,Rashee Rice (KC) moins de 47.5,Rashee Rice (KC) moins de 47.5,47.5,1.8334,0,False
16535421,KC Chiefs vs. IND Colts,Alec Pierce,Alec Pierce (IND),Total des yards après réception du joueur Plus/Moins(Incl. Prolongations),765,71925,1733144682,44.5|sa:player:nfl-1107027|IND,4502058768,Alec Pierce (IND) moins de 44.5,Alec Pierce (IND) moins de 44.5,44.5,1.8,0,False
16535421,KC Chiefs vs. IND Colts,Alec Pierce,Alec Pierce (IND),Total des yards après réception du joueur Plus/Moins(Incl. Prolongations),765,71925,1733144682,44.5|sa:player:nfl-1107027|IND,4502058767,Alec Pierce (IND) Plus de 44.5,Alec Pierce (IND) Plus de 44.5,44.5,1.8334,0,False
16535421,KC Chiefs vs. IND Colts,Tyler Warren,Tyler Warren (IND),Total des yards après réception du joueur Plus/Moins(Incl. Prolongations),765,71925,1733174523,43.5|sa:player:nfl-1229083|IND,4502142360,Tyler Warren (IND) Plus de 43.5,Tyler Warren (IND) Plus de 43.5,43.5,1.7693,0,False
16535421,KC Chiefs vs. IND Colts,Tyler Warren,Tyler Warren (IND),Total des yards après réception du joueur Plus/Moins(Incl. Prolongations),765,71925,1733174523,43.5|sa:player:nfl-1229083|IND,4502142361,Tyler Warren (IND) moins de 43.5,Tyler Warren (IND) moins de 43.5,43.5,1.8696,0,False
16535421,KC Chiefs vs. IND Colts,Josh Downs,Josh Downs (IND),Total des yards après réception du joueur Plus/Moins(Incl. Prolongations),765,71925,1736198825,41.5|sa:player:nfl-1215077|IND,4512123932,Josh Downs (IND) Plus de 41.5,Josh Downs (IND) Plus de 41.5,41.5,1.8,0,False
16535421,KC Chiefs vs. IND Colts,Josh Downs,Josh Downs (IND),Total des yards après réception du joueur Plus/Moins(Incl. Prolongations),765,71925,1736198825,41.5|sa:player:nfl-1215077|IND,4512123933,Josh Downs (IND) moins de 41.5,Josh Downs (IND) moins de 41.5,41.5,1.8334,0,False
16535421,KC Chiefs vs. IND Colts,Travis Kelce,Travis Kelce (KC),Total des yards après réception du joueur Plus/Moins(Incl. Prolongations),765,71925,1733163180,39.5|sa:player:nfl-448240|KC,4502112172,Travis Kelce (KC) Plus de 39.5,Travis Kelce (KC) Plus de 39.5,39.5,1.8334,0,False
16535421,KC Chiefs vs. IND Colts,Travis Kelce,Travis Kelce (KC),Total des yards après réception du joueur Plus/Moins(Incl. Prolongations),765,71925,1733163180,39.5|sa:player:nfl-448240|KC,4502112173,Travis Kelce (KC) moins de 39.5,Travis Kelce (KC) moins de 39.5,39.5,1.8,0,False
16535421,KC Chiefs vs. IND Colts,Xavier Worthy,Xavier Worthy (KC),Total des yards après réception du joueur Plus/Moins(Incl. Prolongations),765,71925,1733145449,36.5|sa:player:nfl-1326638|KC,4502060107,Xavier Worthy (KC) Plus de 36.5,Xavier Worthy (KC) Plus de 36.5,36.5,1.8696,0,False
16535421,KC Chiefs vs. IND Colts,Xavier Worthy,Xavier Worthy (KC),Total des yards après réception du joueur Plus/Moins(Incl. Prolongations),765,71925,1733145449,36.5|sa:player:nfl-1326638|KC,4502060108,Xavier Worthy (KC) moins de 36.5,Xavier Worthy (KC) moins de 36.5,36.5,1.7693,0,False
16535421,KC Chiefs vs. IND Colts,Keenan Allen,Keenan Allen (IND),Total des yards après réception du joueur Plus/Moins(Incl. Prolongations),765,71925,1735837711,30.5|sa:player:nfl-557210|IND,4510884113,Keenan Allen (IND) Plus de 30.5,Keenan Allen (IND) Plus de 30.5,30.5,1.8334,0,False
16535421,KC Chiefs vs. IND Colts,Keenan Allen,Keenan Allen (IND),Total des yards après réception du joueur Plus/Moins(Incl. Prolongations),765,71925,1735837711,30.5|sa:player:nfl-557210|IND,4510884114,Keenan Allen (IND) moins de 30.5,Keenan Allen (IND) moins de 30.5,30.5,1.8,0,False
16535421,KC Chiefs vs. IND Colts,Kenneth Walker III,Kenneth Walker III (KC),Total des yards après réception du joueur Plus/Moins(Incl. Prolongations),765,71925,1733161273,21.5|sa:player:nfl-1164402|KC,4502107440,Kenneth Walker III (KC) Plus de 21.5,Kenneth Walker III (KC) Plus de 21.5,21.5,1.8696,0,False
16535421,KC Chiefs vs. IND Colts,Kenneth Walker III,Kenneth Walker III (KC),Total des yards après réception du joueur Plus/Moins(Incl. Prolongations),765,71925,1733161273,21.5|sa:player:nfl-1164402|KC,4502107441,Kenneth Walker III (KC) moins de 21.5,Kenneth Walker III (KC) moins de 21.5,21.5,1.7693,0,False
16535421,KC Chiefs vs. IND Colts,Tyquan Thornton,Tyquan Thornton (KC),Total des yards après réception du joueur Plus/Moins(Incl. Prolongations),765,71925,1734356022,16.5|sa:player:nfl-1110301|KC,4505873716,Tyquan Thornton (KC) Plus de 16.5,Tyquan Thornton (KC) Plus de 16.5,16.5,1.8696,0,False
16535421,KC Chiefs vs. IND Colts,Tyquan Thornton,Tyquan Thornton (KC),Total des yards après réception du joueur Plus/Moins(Incl. Prolongations),765,71925,1734356022,16.5|sa:player:nfl-1110301|KC,4505873717,Tyquan Thornton (KC) moins de 16.5,Tyquan Thornton (KC) moins de 16.5,16.5,1.7693,0,False
16535421,KC Chiefs vs. IND Colts,Jonathan Taylor,Jonathan Taylor (IND),Total des yards après réception du joueur Plus/Moins(Incl. Prolongations),765,71925,1742541421,15.5|sa:player:nfl-1065406|IND,4533666096,Jonathan Taylor (IND) Plus de 15.5,Jonathan Taylor (IND) Plus de 15.5,15.5,1.8334,0,False
16535421,KC Chiefs vs. IND Colts,Jonathan Taylor,Jonathan Taylor (IND),Total des yards après réception du joueur Plus/Moins(Incl. Prolongations),765,71925,1742541421,15.5|sa:player:nfl-1065406|IND,4533666097,Jonathan Taylor (IND) moins de 15.5,Jonathan Taylor (IND) moins de 15.5,15.5,1.8,0,False
16535421,KC Chiefs vs. IND Colts,Noah Gray,Noah Gray (KC),Total des yards après réception du joueur Plus/Moins(Incl. Prolongations),765,71925,1733159934,8.5|sa:player:nfl-1056981|KC,4502104488,Noah Gray (KC) moins de 8.5,Noah Gray (KC) moins de 8.5,8.5,1.8334,0,False
16535421,KC Chiefs vs. IND Colts,Noah Gray,Noah Gray (KC),Total des yards après réception du joueur Plus/Moins(Incl. Prolongations),765,71925,1733159934,8.5|sa:player:nfl-1056981|KC,4502104487,Noah Gray (KC) Plus de 8.5,Noah Gray (KC) Plus de 8.5,8.5,1.8,0,False
16535421,KC Chiefs vs. IND Colts,Emmett Johnson,Emmett Johnson (KC),Total des yards après réception du joueur Plus/Moins(Incl. Prolongations),765,71925,1734325040,7.5|sa:player:nfl-1379251|KC,4505787624,Emmett Johnson (KC) moins de 7.5,Emmett Johnson (KC) moins de 7.5,7.5,1.7693,0,False
16535421,KC Chiefs vs. IND Colts,Emmett Johnson,Emmett Johnson (KC),Total des yards après réception du joueur Plus/Moins(Incl. Prolongations),765,71925,1734325040,7.5|sa:player:nfl-1379251|KC,4505787623,Emmett Johnson (KC) Plus de 7.5,Emmett Johnson (KC) Plus de 7.5,7.5,1.8696,0,False
16535421,KC Chiefs vs. IND Colts,Kenneth Walker III,Kenneth Walker III,Yards de course et de réception du joueur Plus/Moins (prolongations incluses),3317,73841,1733173127,108.5|sa:player:nfl-1164402|KC,4502138758,Kenneth Walker III (KC) Plus de 108.5,Kenneth Walker III (KC) Plus de 108.5,108.5,1.8,0,False
16535421,KC Chiefs vs. IND Colts,Kenneth Walker III,Kenneth Walker III,Yards de course et de réception du joueur Plus/Moins (prolongations incluses),3317,73841,1733173127,108.5|sa:player:nfl-1164402|KC,4502138759,Kenneth Walker III (KC) moins de 108.5,Kenneth Walker III (KC) moins de 108.5,108.5,1.8334,0,False
16535421,KC Chiefs vs. IND Colts,Jonathan Taylor,Jonathan Taylor,Yards de course et de réception du joueur Plus/Moins (prolongations incluses),3317,73841,1734337167,99.5|sa:player:nfl-1065406|IND,4505827219,Jonathan Taylor (IND) Plus de 99.5,Jonathan Taylor (IND) Plus de 99.5,99.5,1.8334,0,False
16535421,KC Chiefs vs. IND Colts,Jonathan Taylor,Jonathan Taylor,Yards de course et de réception du joueur Plus/Moins (prolongations incluses),3317,73841,1734337167,99.5|sa:player:nfl-1065406|IND,4505827220,Jonathan Taylor (IND) moins de 99.5,Jonathan Taylor (IND) moins de 99.5,99.5,1.8,0,False
16535421,KC Chiefs vs. IND Colts,Rashee Rice,Rashee Rice,Yards de course et de réception du joueur Plus/Moins (prolongations incluses),3317,73841,1734319939,50.5|sa:player:nfl-1173538|KC,4505774075,Rashee Rice (KC) Plus de 50.5,Rashee Rice (KC) Plus de 50.5,50.5,1.8334,0,False
16535421,KC Chiefs vs. IND Colts,Rashee Rice,Rashee Rice,Yards de course et de réception du joueur Plus/Moins (prolongations incluses),3317,73841,1734319939,50.5|sa:player:nfl-1173538|KC,4505774076,Rashee Rice (KC) moins de 50.5,Rashee Rice (KC) moins de 50.5,50.5,1.8,0,False
16535421,KC Chiefs vs. IND Colts,Alec Pierce,Alec Pierce,Yards de course et de réception du joueur Plus/Moins (prolongations incluses),3317,73841,1733144697,44.5|sa:player:nfl-1107027|IND,4502058797,Alec Pierce (IND) Plus de 44.5,Alec Pierce (IND) Plus de 44.5,44.5,1.8,0,False
16535421,KC Chiefs vs. IND Colts,Alec Pierce,Alec Pierce,Yards de course et de réception du joueur Plus/Moins (prolongations incluses),3317,73841,1733144697,44.5|sa:player:nfl-1107027|IND,4502058798,Alec Pierce (IND) moins de 44.5,Alec Pierce (IND) moins de 44.5,44.5,1.8334,0,False
16535421,KC Chiefs vs. IND Colts,Josh Downs,Josh Downs,Yards de course et de réception du joueur Plus/Moins (prolongations incluses),3317,73841,1736138870,42.5|sa:player:nfl-1215077|IND,4511935062,Josh Downs (IND) Plus de 42.5,Josh Downs (IND) Plus de 42.5,42.5,1.7693,0,False
16535421,KC Chiefs vs. IND Colts,Josh Downs,Josh Downs,Yards de course et de réception du joueur Plus/Moins (prolongations incluses),3317,73841,1736138870,42.5|sa:player:nfl-1215077|IND,4511935063,Josh Downs (IND) moins de 42.5,Josh Downs (IND) moins de 42.5,42.5,1.8696,0,False
16535421,KC Chiefs vs. IND Colts,Xavier Worthy,Xavier Worthy,Yards de course et de réception du joueur Plus/Moins (prolongations incluses),3317,73841,1733159852,40.5|sa:player:nfl-1326638|KC,4502104250,Xavier Worthy (KC) Plus de 40.5,Xavier Worthy (KC) Plus de 40.5,40.5,1.8334,0,False
16535421,KC Chiefs vs. IND Colts,Xavier Worthy,Xavier Worthy,Yards de course et de réception du joueur Plus/Moins (prolongations incluses),3317,73841,1733159852,40.5|sa:player:nfl-1326638|KC,4502104251,Xavier Worthy (KC) moins de 40.5,Xavier Worthy (KC) moins de 40.5,40.5,1.8,0,False
16535421,KC Chiefs vs. IND Colts,Keenan Allen,Keenan Allen,Yards de course et de réception du joueur Plus/Moins (prolongations incluses),3317,73841,1735837714,30.5|sa:player:nfl-557210|IND,4510884120,Keenan Allen (IND) moins de 30.5,Keenan Allen (IND) moins de 30.5,30.5,1.8334,0,False
16535421,KC Chiefs vs. IND Colts,Keenan Allen,Keenan Allen,Yards de course et de réception du joueur Plus/Moins (prolongations incluses),3317,73841,1735837714,30.5|sa:player:nfl-557210|IND,4510884119,Keenan Allen (IND) Plus de 30.5,Keenan Allen (IND) Plus de 30.5,30.5,1.8,0,False
16535421,KC Chiefs vs. IND Colts,Emmett Johnson,Emmett Johnson,Yards de course et de réception du joueur Plus/Moins (prolongations incluses),3317,73841,1734309214,26.5|sa:player:nfl-1379251|KC,4505747657,Emmett Johnson (KC) Plus de 26.5,Emmett Johnson (KC) Plus de 26.5,26.5,1.7693,0,False
16535421,KC Chiefs vs. IND Colts,Emmett Johnson,Emmett Johnson,Yards de course et de réception du joueur Plus/Moins (prolongations incluses),3317,73841,1734309214,26.5|sa:player:nfl-1379251|KC,4505747658,Emmett Johnson (KC) moins de 26.5,Emmett Johnson (KC) moins de 26.5,26.5,1.8696,0,False
16535421,KC Chiefs vs. IND Colts,Tyquan Thornton,Tyquan Thornton,Yards de course et de réception du joueur Plus/Moins (prolongations incluses),3317,73841,1734356023,16.5|sa:player:nfl-1110301|KC,4505873718,Tyquan Thornton (KC) Plus de 16.5,Tyquan Thornton (KC) Plus de 16.5,16.5,1.8334,0,False
16535421,KC Chiefs vs. IND Colts,Tyquan Thornton,Tyquan Thornton,Yards de course et de réception du joueur Plus/Moins (prolongations incluses),3317,73841,1734356023,16.5|sa:player:nfl-1110301|KC,4505873719,Tyquan Thornton (KC) moins de 16.5,Tyquan Thornton (KC) moins de 16.5,16.5,1.8,0,False
16535421,KC Chiefs vs. IND Colts,Daniel Jones,Daniel Jones (IND),Fumbles du joueur Plus / Moins (incl. prolongation),25005,75650,1733144555,0.5|sa:player:nfl-879981|IND,4502058546,Daniel Jones (IND) Plus de 0.5,Daniel Jones (IND) Plus de 0.5,0.5,2.2,0,False
16535421,KC Chiefs vs. IND Colts,Daniel Jones,Daniel Jones (IND),Fumbles du joueur Plus / Moins (incl. prolongation),25005,75650,1733144555,0.5|sa:player:nfl-879981|IND,4502058547,Daniel Jones (IND) moins de 0.5,Daniel Jones (IND) moins de 0.5,0.5,1.5264,0,False
16535421,KC Chiefs vs. IND Colts,Jonathan Taylor,Jonathan Taylor (IND),Fumbles du joueur Plus / Moins (incl. prolongation),25005,75650,1733144666,0.5|sa:player:nfl-1065406|IND,4502058742,Jonathan Taylor (IND) Plus de 0.5,Jonathan Taylor (IND) Plus de 0.5,0.5,4.25,0,False
16535421,KC Chiefs vs. IND Colts,Jonathan Taylor,Jonathan Taylor (IND),Fumbles du joueur Plus / Moins (incl. prolongation),25005,75650,1733144666,0.5|sa:player:nfl-1065406|IND,4502058743,Jonathan Taylor (IND) moins de 0.5,Jonathan Taylor (IND) moins de 0.5,0.5,1.1429,0,False
16535421,KC Chiefs vs. IND Colts,Patrick Mahomes,Patrick Mahomes (KC),Fumbles du joueur Plus / Moins (incl. prolongation),25005,75650,1733144481,0.5|sa:player:nfl-839031|KC,4502058411,Patrick Mahomes (KC) Plus de 0.5,Patrick Mahomes (KC) Plus de 0.5,0.5,4.25,0,False
16535421,KC Chiefs vs. IND Colts,Patrick Mahomes,Patrick Mahomes (KC),Fumbles du joueur Plus / Moins (incl. prolongation),25005,75650,1733144481,0.5|sa:player:nfl-839031|KC,4502058412,Patrick Mahomes (KC) moins de 0.5,Patrick Mahomes (KC) moins de 0.5,0.5,1.1429,0,False
16535421,KC Chiefs vs. IND Colts,Josh Downs,Josh Downs (IND),Fumbles du joueur Plus / Moins (incl. prolongation),25005,75650,1733145189,0.5|sa:player:nfl-1215077|IND,4502059658,Josh Downs (IND) Plus de 0.5,Josh Downs (IND) Plus de 0.5,0.5,4.75,0,False
16535421,KC Chiefs vs. IND Colts,Josh Downs,Josh Downs (IND),Fumbles du joueur Plus / Moins (incl. prolongation),25005,75650,1733145189,0.5|sa:player:nfl-1215077|IND,4502059659,Josh Downs (IND) moins de 0.5,Josh Downs (IND) moins de 0.5,0.5,1.1112,0,False
16535421,KC Chiefs vs. IND Colts,Kenneth Walker III,Kenneth Walker III (KC),Fumbles du joueur Plus / Moins (incl. prolongation),25005,75650,1733144981,0.5|sa:player:nfl-1164402|KC,4502059292,Kenneth Walker III (KC) Plus de 0.5,Kenneth Walker III (KC) Plus de 0.5,0.5,4.75,0,False
16535421,KC Chiefs vs. IND Colts,Kenneth Walker III,Kenneth Walker III (KC),Fumbles du joueur Plus / Moins (incl. prolongation),25005,75650,1733144981,0.5|sa:player:nfl-1164402|KC,4502059293,Kenneth Walker III (KC) moins de 0.5,Kenneth Walker III (KC) moins de 0.5,0.5,1.1112,0,False
16535421,KC Chiefs vs. IND Colts,Brashard Smith,Brashard Smith (KC),Fumbles du joueur Plus / Moins (incl. prolongation),25005,75650,1733145421,0.5|sa:player:nfl-1313668|KC,4502060060,Brashard Smith (KC) Plus de 0.5,Brashard Smith (KC) Plus de 0.5,0.5,7.0,0,False
16535421,KC Chiefs vs. IND Colts,Brashard Smith,Brashard Smith (KC),Fumbles du joueur Plus / Moins (incl. prolongation),25005,75650,1733145421,0.5|sa:player:nfl-1313668|KC,4502060061,Brashard Smith (KC) moins de 0.5,Brashard Smith (KC) moins de 0.5,0.5,1.0334,0,False
16535421,KC Chiefs vs. IND Colts,Emmett Johnson,Emmett Johnson (KC),Fumbles du joueur Plus / Moins (incl. prolongation),25005,75650,1733145511,0.5|sa:player:nfl-1379251|KC,4502060218,Emmett Johnson (KC) Plus de 0.5,Emmett Johnson (KC) Plus de 0.5,0.5,7.0,0,False
16535421,KC Chiefs vs. IND Colts,Emmett Johnson,Emmett Johnson (KC),Fumbles du joueur Plus / Moins (incl. prolongation),25005,75650,1733145511,0.5|sa:player:nfl-1379251|KC,4502060219,Emmett Johnson (KC) moins de 0.5,Emmett Johnson (KC) moins de 0.5,0.5,1.0334,0,False
16535421,KC Chiefs vs. IND Colts,Rashee Rice,Rashee Rice (KC),Fumbles du joueur Plus / Moins (incl. prolongation),25005,75650,1733145060,0.5|sa:player:nfl-1173538|KC,4502059428,Rashee Rice (KC) Plus de 0.5,Rashee Rice (KC) Plus de 0.5,0.5,7.75,0,False
16535421,KC Chiefs vs. IND Colts,Rashee Rice,Rashee Rice (KC),Fumbles du joueur Plus / Moins (incl. prolongation),25005,75650,1733145060,0.5|sa:player:nfl-1173538|KC,4502059429,Rashee Rice (KC) moins de 0.5,Rashee Rice (KC) moins de 0.5,0.5,1.02,0,False
16535421,KC Chiefs vs. IND Colts,Tyler Warren,Tyler Warren (IND),Fumbles du joueur Plus / Moins (incl. prolongation),25005,75650,1733145233,0.5|sa:player:nfl-1229083|IND,4502059734,Tyler Warren (IND) Plus de 0.5,Tyler Warren (IND) Plus de 0.5,0.5,7.75,0,False
16535421,KC Chiefs vs. IND Colts,Tyler Warren,Tyler Warren (IND),Fumbles du joueur Plus / Moins (incl. prolongation),25005,75650,1733145233,0.5|sa:player:nfl-1229083|IND,4502059735,Tyler Warren (IND) moins de 0.5,Tyler Warren (IND) moins de 0.5,0.5,1.02,0,False
16535421,KC Chiefs vs. IND Colts,Xavier Worthy,Xavier Worthy (KC),Fumbles du joueur Plus / Moins (incl. prolongation),25005,75650,1733145468,0.5|sa:player:nfl-1326638|KC,4502060142,Xavier Worthy (KC) Plus de 0.5,Xavier Worthy (KC) Plus de 0.5,0.5,7.75,0,False
16535421,KC Chiefs vs. IND Colts,Xavier Worthy,Xavier Worthy (KC),Fumbles du joueur Plus / Moins (incl. prolongation),25005,75650,1733145468,0.5|sa:player:nfl-1326638|KC,4502060143,Xavier Worthy (KC) moins de 0.5,Xavier Worthy (KC) moins de 0.5,0.5,1.02,0,False
16535421,KC Chiefs vs. IND Colts,Alec Pierce,Alec Pierce (IND),Fumbles du joueur Plus / Moins (incl. prolongation),25005,75650,1733144701,0.5|sa:player:nfl-1107027|IND,4502058802,Alec Pierce (IND) Plus de 0.5,Alec Pierce (IND) Plus de 0.5,0.5,8.5,0,False
16535421,KC Chiefs vs. IND Colts,Alec Pierce,Alec Pierce (IND),Fumbles du joueur Plus / Moins (incl. prolongation),25005,75650,1733144701,0.5|sa:player:nfl-1107027|IND,4502058803,Alec Pierce (IND) moins de 0.5,Alec Pierce (IND) moins de 0.5,0.5,1.01,0,False
16535421,KC Chiefs vs. IND Colts,Keenan Allen,Keenan Allen (IND),Fumbles du joueur Plus / Moins (incl. prolongation),25005,75650,1733144362,0.5|sa:player:nfl-557210|IND,4502058202,Keenan Allen (IND) Plus de 0.5,Keenan Allen (IND) Plus de 0.5,0.5,8.5,0,False
16535421,KC Chiefs vs. IND Colts,Keenan Allen,Keenan Allen (IND),Fumbles du joueur Plus / Moins (incl. prolongation),25005,75650,1733144362,0.5|sa:player:nfl-557210|IND,4502058203,Keenan Allen (IND) moins de 0.5,Keenan Allen (IND) moins de 0.5,0.5,1.01,0,False
16535421,KC Chiefs vs. IND Colts,Noah Gray,Noah Gray (KC),Fumbles du joueur Plus / Moins (incl. prolongation),25005,75650,1733144617,0.5|sa:player:nfl-1056981|KC,4502058656,Noah Gray (KC) moins de 0.5,Noah Gray (KC) moins de 0.5,0.5,0.0,7,False
16535421,KC Chiefs vs. IND Colts,Noah Gray,Noah Gray (KC),Fumbles du joueur Plus / Moins (incl. prolongation),25005,75650,1733144617,0.5|sa:player:nfl-1056981|KC,4502058655,Noah Gray (KC) Plus de 0.5,Noah Gray (KC) Plus de 0.5,0.5,8.5,0,False
16535421,KC Chiefs vs. IND Colts,Travis Kelce,Travis Kelce (KC),Fumbles du joueur Plus / Moins (incl. prolongation),25005,75650,1733144308,0.5|sa:player:nfl-448240|KC,4502058112,Travis Kelce (KC) Plus de 0.5,Travis Kelce (KC) Plus de 0.5,0.5,8.5,0,False
16535421,KC Chiefs vs. IND Colts,Travis Kelce,Travis Kelce (KC),Fumbles du joueur Plus / Moins (incl. prolongation),25005,75650,1733144308,0.5|sa:player:nfl-448240|KC,4502058113,Travis Kelce (KC) moins de 0.5,Travis Kelce (KC) moins de 0.5,0.5,1.01,0,False
16535421,KC Chiefs vs. IND Colts,Tyquan Thornton,Tyquan Thornton (KC),Fumbles du joueur Plus / Moins (incl. prolongation),25005,75650,1733144728,0.5|sa:player:nfl-1110301|KC,4502058848,Tyquan Thornton (KC) moins de 0.5,Tyquan Thornton (KC) moins de 0.5,0.5,0.0,7,False
16535421,KC Chiefs vs. IND Colts,Tyquan Thornton,Tyquan Thornton (KC),Fumbles du joueur Plus / Moins (incl. prolongation),25005,75650,1733144728,0.5|sa:player:nfl-1110301|KC,4502058847,Tyquan Thornton (KC) Plus de 0.5,Tyquan Thornton (KC) Plus de 0.5,0.5,8.5,0,False
16535421,KC Chiefs vs. IND Colts,Drue Tranquill,Drue Tranquill (KC),Passes décisives P/M (prolongations incluses),770,75644,1733144490,3.5|sa:player:nfl-839068|KC,4502058424,Drue Tranquill (KC) moins de 3.5,Drue Tranquill (KC) moins de 3.5,3.5,1.7693,0,False
16535421,KC Chiefs vs. IND Colts,Drue Tranquill,Drue Tranquill (KC),Passes décisives P/M (prolongations incluses),770,75644,1733144490,3.5|sa:player:nfl-839068|KC,4502058423,Drue Tranquill (KC) Plus de 3.5,Drue Tranquill (KC) Plus de 3.5,3.5,1.8334,0,False
16535421,KC Chiefs vs. IND Colts,Akeem Davis-Gaither,Akeem Davis-Gaither (IND),Passes décisives P/M (prolongations incluses),770,75644,1733144501,3.5|sa:player:nfl-867222|IND,4502058443,Akeem Davis-Gaither (IND) Plus de 3.5,Akeem Davis-Gaither (IND) Plus de 3.5,3.5,1.7693,0,False
16535421,KC Chiefs vs. IND Colts,Akeem Davis-Gaither,Akeem Davis-Gaither (IND),Passes décisives P/M (prolongations incluses),770,75644,1733144501,3.5|sa:player:nfl-867222|IND,4502058444,Akeem Davis-Gaither (IND) moins de 3.5,Akeem Davis-Gaither (IND) moins de 3.5,3.5,1.8334,0,False
16535421,KC Chiefs vs. IND Colts,Nick Bolton,Nick Bolton (KC),Passes décisives P/M (prolongations incluses),770,75644,1733159946,3.5|sa:player:nfl-1124341|KC,4502104512,Nick Bolton (KC) moins de 3.5,Nick Bolton (KC) moins de 3.5,3.5,2.05,0,False
16535421,KC Chiefs vs. IND Colts,Nick Bolton,Nick Bolton (KC),Passes décisives P/M (prolongations incluses),770,75644,1733159946,3.5|sa:player:nfl-1124341|KC,4502104511,Nick Bolton (KC) Plus de 3.5,Nick Bolton (KC) Plus de 3.5,3.5,1.6061,0,False
16535421,KC Chiefs vs. IND Colts,Alohi Gilman,Alohi Gilman (KC),Passes décisives P/M (prolongations incluses),770,75644,1733144588,2.5|sa:player:nfl-924403|KC,4502058602,Alohi Gilman (KC) Plus de 2.5,Alohi Gilman (KC) Plus de 2.5,2.5,2.4,0,False
16535421,KC Chiefs vs. IND Colts,Alohi Gilman,Alohi Gilman (KC),Passes décisives P/M (prolongations incluses),770,75644,1733144588,2.5|sa:player:nfl-924403|KC,4502058603,Alohi Gilman (KC) moins de 2.5,Alohi Gilman (KC) moins de 2.5,2.5,1.4445,0,False
16535421,KC Chiefs vs. IND Colts,Camryn Bynum,Camryn Bynum (IND),Passes décisives P/M (prolongations incluses),770,75644,1733162174,2.5|sa:player:nfl-923333|IND,4502109634,Camryn Bynum (IND) Plus de 2.5,Camryn Bynum (IND) Plus de 2.5,2.5,2.0,0,False
16535421,KC Chiefs vs. IND Colts,Camryn Bynum,Camryn Bynum (IND),Passes décisives P/M (prolongations incluses),770,75644,1733162174,2.5|sa:player:nfl-923333|IND,4502109635,Camryn Bynum (IND) moins de 2.5,Camryn Bynum (IND) moins de 2.5,2.5,1.6471,0,False
16535421,KC Chiefs vs. IND Colts,AJ Haulcy,AJ Haulcy (IND),Passes décisives P/M (prolongations incluses),770,75644,1733162226,2.5|sa:player:nfl-1400630|IND,4502109760,AJ Haulcy (IND) Plus de 2.5,AJ Haulcy (IND) Plus de 2.5,2.5,2.0,0,False
16535421,KC Chiefs vs. IND Colts,AJ Haulcy,AJ Haulcy (IND),Passes décisives P/M (prolongations incluses),770,75644,1733162226,2.5|sa:player:nfl-1400630|IND,4502109761,AJ Haulcy (IND) moins de 2.5,AJ Haulcy (IND) moins de 2.5,2.5,1.6471,0,False
16535421,KC Chiefs vs. IND Colts,Charvarius Ward,Charvarius Ward (IND),Passes décisives P/M (prolongations incluses),770,75644,1733162223,1.5|sa:player:nfl-912248|IND,4502109754,Charvarius Ward (IND) Plus de 1.5,Charvarius Ward (IND) Plus de 1.5,1.5,2.4,0,False
16535421,KC Chiefs vs. IND Colts,Charvarius Ward,Charvarius Ward (IND),Passes décisives P/M (prolongations incluses),770,75644,1733162223,1.5|sa:player:nfl-912248|IND,4502109755,Charvarius Ward (IND) moins de 1.5,Charvarius Ward (IND) moins de 1.5,1.5,1.4348,0,False
16535421,KC Chiefs vs. IND Colts,Nohl Williams,Nohl Williams (KC),Passes décisives P/M (prolongations incluses),770,75644,1733145204,1.5|sa:player:nfl-1227161|KC,4502059681,Nohl Williams (KC) Plus de 1.5,Nohl Williams (KC) Plus de 1.5,1.5,1.9524,0,False
16535421,KC Chiefs vs. IND Colts,Nohl Williams,Nohl Williams (KC),Passes décisives P/M (prolongations incluses),770,75644,1733145204,1.5|sa:player:nfl-1227161|KC,4502059682,Nohl Williams (KC) moins de 1.5,Nohl Williams (KC) moins de 1.5,1.5,1.6667,0,False
16535421,KC Chiefs vs. IND Colts,Jaden Hicks,Jaden Hicks (KC),Passes décisives P/M (prolongations incluses),770,75644,1733145433,1.5|sa:player:nfl-1324696|KC,4502060078,Jaden Hicks (KC) Plus de 1.5,Jaden Hicks (KC) Plus de 1.5,1.5,1.7408,0,False
16535421,KC Chiefs vs. IND Colts,Jaden Hicks,Jaden Hicks (KC),Passes décisives P/M (prolongations incluses),770,75644,1733145433,1.5|sa:player:nfl-1324696|KC,4502060079,Jaden Hicks (KC) moins de 1.5,Jaden Hicks (KC) moins de 1.5,1.5,1.8696,0,False
16535421,KC Chiefs vs. IND Colts,DeForest Buckner,DeForest Buckner (IND),Passes décisives P/M (prolongations incluses),770,75644,1733144371,1.5|sa:player:nfl-689690|IND,4502058214,DeForest Buckner (IND) Plus de 1.5,DeForest Buckner (IND) Plus de 1.5,1.5,1.5556,0,False
16535421,KC Chiefs vs. IND Colts,DeForest Buckner,DeForest Buckner (IND),Passes décisives P/M (prolongations incluses),770,75644,1733144371,1.5|sa:player:nfl-689690|IND,4502058215,DeForest Buckner (IND) moins de 1.5,DeForest Buckner (IND) moins de 1.5,1.5,2.15,0,False
16535421,KC Chiefs vs. IND Colts,Akeem Davis-Gaither,Akeem Davis-Gaither (IND),Joueur Total de Tackles (prolongations incluses),2010,72301,1733144500,4.5|sa:player:nfl-867222|IND,4502058441,Akeem Davis-Gaither (IND) Plus de 4.5,Akeem Davis-Gaither (IND) Plus de 4.5,4.5,1.8,0,False
16535421,KC Chiefs vs. IND Colts,Akeem Davis-Gaither,Akeem Davis-Gaither (IND),Joueur Total de Tackles (prolongations incluses),2010,72301,1733144500,4.5|sa:player:nfl-867222|IND,4502058442,Akeem Davis-Gaither (IND) moins de 4.5,Akeem Davis-Gaither (IND) moins de 4.5,4.5,1.8334,0,False
16535421,KC Chiefs vs. IND Colts,Nick Bolton,Nick Bolton (KC),Joueur Total de Tackles (prolongations incluses),2010,72301,1733144806,4.5|sa:player:nfl-1124341|KC,4502058985,Nick Bolton (KC) Plus de 4.5,Nick Bolton (KC) Plus de 4.5,4.5,1.8696,0,False
16535421,KC Chiefs vs. IND Colts,Nick Bolton,Nick Bolton (KC),Joueur Total de Tackles (prolongations incluses),2010,72301,1733144806,4.5|sa:player:nfl-1124341|KC,4502058986,Nick Bolton (KC) moins de 4.5,Nick Bolton (KC) moins de 4.5,4.5,1.7693,0,False
16535421,KC Chiefs vs. IND Colts,Drue Tranquill,Drue Tranquill (KC),Joueur Total de Tackles (prolongations incluses),2010,72301,1733144489,3.5|sa:player:nfl-839068|KC,4502058421,Drue Tranquill (KC) Plus de 3.5,Drue Tranquill (KC) Plus de 3.5,3.5,1.7693,0,False
16535421,KC Chiefs vs. IND Colts,Drue Tranquill,Drue Tranquill (KC),Joueur Total de Tackles (prolongations incluses),2010,72301,1733144489,3.5|sa:player:nfl-839068|KC,4502058422,Drue Tranquill (KC) moins de 3.5,Drue Tranquill (KC) moins de 3.5,3.5,1.8696,0,False
16535421,KC Chiefs vs. IND Colts,Camryn Bynum,Camryn Bynum (IND),Joueur Total de Tackles (prolongations incluses),2010,72301,1733144581,3.5|sa:player:nfl-923333|IND,4502058589,Camryn Bynum (IND) Plus de 3.5,Camryn Bynum (IND) Plus de 3.5,3.5,1.8334,0,False
16535421,KC Chiefs vs. IND Colts,Camryn Bynum,Camryn Bynum (IND),Joueur Total de Tackles (prolongations incluses),2010,72301,1733144581,3.5|sa:player:nfl-923333|IND,4502058590,Camryn Bynum (IND) moins de 3.5,Camryn Bynum (IND) moins de 3.5,3.5,1.8,0,False
16535421,KC Chiefs vs. IND Colts,AJ Haulcy,AJ Haulcy (IND),Joueur Total de Tackles (prolongations incluses),2010,72301,1733144911,3.5|sa:player:nfl-1400630|IND,4502059168,AJ Haulcy (IND) Plus de 3.5,AJ Haulcy (IND) Plus de 3.5,3.5,2.0,0,False
16535421,KC Chiefs vs. IND Colts,AJ Haulcy,AJ Haulcy (IND),Joueur Total de Tackles (prolongations incluses),2010,72301,1733144911,3.5|sa:player:nfl-1400630|IND,4502059169,AJ Haulcy (IND) moins de 3.5,AJ Haulcy (IND) moins de 3.5,3.5,1.6667,0,False
16535421,KC Chiefs vs. IND Colts,Alohi Gilman,Alohi Gilman (KC),Joueur Total de Tackles (prolongations incluses),2010,72301,1733144587,3.5|sa:player:nfl-924403|KC,4502058600,Alohi Gilman (KC) Plus de 3.5,Alohi Gilman (KC) Plus de 3.5,3.5,2.25,0,False
16535421,KC Chiefs vs. IND Colts,Alohi Gilman,Alohi Gilman (KC),Joueur Total de Tackles (prolongations incluses),2010,72301,1733144587,3.5|sa:player:nfl-924403|KC,4502058601,Alohi Gilman (KC) moins de 3.5,Alohi Gilman (KC) moins de 3.5,3.5,1.5264,0,False
16535421,KC Chiefs vs. IND Colts,Nohl Williams,Nohl Williams (KC),Joueur Total de Tackles (prolongations incluses),2010,72301,1733159958,2.5|sa:player:nfl-1227161|KC,4502104536,Nohl Williams (KC) moins de 2.5,Nohl Williams (KC) moins de 2.5,2.5,2.25,0,False
16535421,KC Chiefs vs. IND Colts,Nohl Williams,Nohl Williams (KC),Joueur Total de Tackles (prolongations incluses),2010,72301,1733159958,2.5|sa:player:nfl-1227161|KC,4502104535,Nohl Williams (KC) Plus de 2.5,Nohl Williams (KC) Plus de 2.5,2.5,1.5264,0,False
16535421,KC Chiefs vs. IND Colts,Charvarius Ward,Charvarius Ward (IND),Joueur Total de Tackles (prolongations incluses),2010,72301,1733144569,2.5|sa:player:nfl-912248|IND,4502058568,Charvarius Ward (IND) moins de 2.5,Charvarius Ward (IND) moins de 2.5,2.5,1.9091,0,False
16535421,KC Chiefs vs. IND Colts,Charvarius Ward,Charvarius Ward (IND),Joueur Total de Tackles (prolongations incluses),2010,72301,1733144569,2.5|sa:player:nfl-912248|IND,4502058567,Charvarius Ward (IND) Plus de 2.5,Charvarius Ward (IND) Plus de 2.5,2.5,1.7408,0,False
16535421,KC Chiefs vs. IND Colts,Jaden Hicks,Jaden Hicks (KC),Joueur Total de Tackles (prolongations incluses),2010,72301,1733145432,2.5|sa:player:nfl-1324696|KC,4502060076,Jaden Hicks (KC) Plus de 2.5,Jaden Hicks (KC) Plus de 2.5,2.5,2.0,0,False
16535421,KC Chiefs vs. IND Colts,Jaden Hicks,Jaden Hicks (KC),Joueur Total de Tackles (prolongations incluses),2010,72301,1733145432,2.5|sa:player:nfl-1324696|KC,4502060077,Jaden Hicks (KC) moins de 2.5,Jaden Hicks (KC) moins de 2.5,2.5,1.6667,0,False
16535421,KC Chiefs vs. IND Colts,DeForest Buckner,DeForest Buckner (IND),Joueur Total de Tackles (prolongations incluses),2010,72301,1733144370,1.5|sa:player:nfl-689690|IND,4502058212,DeForest Buckner (IND) Plus de 1.5,DeForest Buckner (IND) Plus de 1.5,1.5,1.5715,0,False
16535421,KC Chiefs vs. IND Colts,DeForest Buckner,DeForest Buckner (IND),Joueur Total de Tackles (prolongations incluses),2010,72301,1733144370,1.5|sa:player:nfl-689690|IND,4502058213,DeForest Buckner (IND) moins de 1.5,DeForest Buckner (IND) moins de 1.5,1.5,2.15,0,False
16535421,KC Chiefs vs. IND Colts,George Karlaftis,George Karlaftis (KC),Sacks du joueur Plus/Moins (Incl. Prolongations),2254,73704,1740731940,0.5|KC|dst:player:309218,4528754422,George Karlaftis (KC) moins de 0.5,George Karlaftis (KC) moins de 0.5,0.5,1.5,0,False
16535421,KC Chiefs vs. IND Colts,George Karlaftis,George Karlaftis (KC),Sacks du joueur Plus/Moins (Incl. Prolongations),2254,73704,1740731940,0.5|KC|dst:player:309218,4528754423,George Karlaftis (KC) Plus de 0.5,George Karlaftis (KC) Plus de 0.5,0.5,2.3,0,False
16535421,KC Chiefs vs. IND Colts,Chris Jones,Chris Jones (KC),Sacks du joueur Plus/Moins (Incl. Prolongations),2254,73704,1740733042,0.5|KC|dst:player:145329,4528757385,Chris Jones (KC) Plus de 0.5,Chris Jones (KC) Plus de 0.5,0.5,2.65,0,False
16535421,KC Chiefs vs. IND Colts,Chris Jones,Chris Jones (KC),Sacks du joueur Plus/Moins (Incl. Prolongations),2254,73704,1740733042,0.5|KC|dst:player:145329,4528757386,Chris Jones (KC) moins de 0.5,Chris Jones (KC) moins de 0.5,0.5,1.3847,0,False
16535421,KC Chiefs vs. IND Colts,Laiatu Latu,Laiatu Latu (IND),Sacks du joueur Plus/Moins (Incl. Prolongations),2254,73704,1741294586,0.5|IND|dst:player:430000,4530156089,Laiatu Latu (IND) Plus de 0.5,Laiatu Latu (IND) Plus de 0.5,0.5,3.1,0,False
16535421,KC Chiefs vs. IND Colts,Laiatu Latu,Laiatu Latu (IND),Sacks du joueur Plus/Moins (Incl. Prolongations),2254,73704,1741294586,0.5|IND|dst:player:430000,4530156090,Laiatu Latu (IND) moins de 0.5,Laiatu Latu (IND) moins de 0.5,0.5,1.2858,0,False
16535421,KC Chiefs vs. IND Colts,DeForest Buckner,DeForest Buckner (IND),Sacks du joueur Plus/Moins (Incl. Prolongations),2254,73704,1741294346,0.5|IND|dst:player:242757,4530155568,DeForest Buckner (IND) Plus de 0.5,DeForest Buckner (IND) Plus de 0.5,0.5,3.25,0,False
16535421,KC Chiefs vs. IND Colts,DeForest Buckner,DeForest Buckner (IND),Sacks du joueur Plus/Moins (Incl. Prolongations),2254,73704,1741294346,0.5|IND|dst:player:242757,4530155567,DeForest Buckner (IND) moins de 0.5,DeForest Buckner (IND) moins de 0.5,0.5,1.2667,0,False
16535421,KC Chiefs vs. IND Colts,Arden Key,Arden Key (IND),Sacks du joueur Plus/Moins (Incl. Prolongations),2254,73704,1741293953,0.5|IND|dst:player:540743,4530154744,Arden Key (IND) Plus de 0.5,Arden Key (IND) Plus de 0.5,0.5,3.5,0,False
16535421,KC Chiefs vs. IND Colts,Arden Key,Arden Key (IND),Sacks du joueur Plus/Moins (Incl. Prolongations),2254,73704,1741293953,0.5|IND|dst:player:540743,4530154745,Arden Key (IND) moins de 0.5,Arden Key (IND) moins de 0.5,0.5,1.2223,0,False
16535421,KC Chiefs vs. IND Colts,R Mason Thomas,R Mason Thomas (KC),Sacks du joueur Plus/Moins (Incl. Prolongations),2254,73704,1740738574,0.5|KC|dst:player:547603,4528772618,R Mason Thomas (KC) Plus de 0.5,R Mason Thomas (KC) Plus de 0.5,0.5,3.5,0,False
16535421,KC Chiefs vs. IND Colts,R Mason Thomas,R Mason Thomas (KC),Sacks du joueur Plus/Moins (Incl. Prolongations),2254,73704,1740738574,0.5|KC|dst:player:547603,4528772619,R Mason Thomas (KC) moins de 0.5,R Mason Thomas (KC) moins de 0.5,0.5,1.2223,0,False
16535421,KC Chiefs vs. IND Colts,Felix Anudike,Felix Anudike (KC),Sacks du joueur Plus/Moins (Incl. Prolongations),2254,73704,1740735105,0.5|KC|dst:player:374844,4528763076,Felix Anudike (KC) moins de 0.5,Felix Anudike (KC) moins de 0.5,0.5,1.1819,0,False
16535421,KC Chiefs vs. IND Colts,Felix Anudike,Felix Anudike (KC),Sacks du joueur Plus/Moins (Incl. Prolongations),2254,73704,1740735105,0.5|KC|dst:player:374844,4528763077,Felix Anudike (KC) Plus de 0.5,Felix Anudike (KC) Plus de 0.5,0.5,4.0,0,False
16535421,KC Chiefs vs. IND Colts,Kenneth Walker III,Kenneth Walker III (KC),Joueur tentative de gain par la course (prolongations incluses),2012,72303,1733166964,18.5|sa:player:nfl-1164402|KC,4502122362,Kenneth Walker III (KC) Plus de 18.5,Kenneth Walker III (KC) Plus de 18.5,18.5,1.7693,0,False
16535421,KC Chiefs vs. IND Colts,Kenneth Walker III,Kenneth Walker III (KC),Joueur tentative de gain par la course (prolongations incluses),2012,72303,1733166964,18.5|sa:player:nfl-1164402|KC,4502122363,Kenneth Walker III (KC) moins de 18.5,Kenneth Walker III (KC) moins de 18.5,18.5,1.8696,0,False
16535421,KC Chiefs vs. IND Colts,Jonathan Taylor,Jonathan Taylor (IND),Joueur tentative de gain par la course (prolongations incluses),2012,72303,1734347286,18.5|sa:player:nfl-1065406|IND,4505852753,Jonathan Taylor (IND) Plus de 18.5,Jonathan Taylor (IND) Plus de 18.5,18.5,1.8,0,False
16535421,KC Chiefs vs. IND Colts,Jonathan Taylor,Jonathan Taylor (IND),Joueur tentative de gain par la course (prolongations incluses),2012,72303,1734347286,18.5|sa:player:nfl-1065406|IND,4505852754,Jonathan Taylor (IND) moins de 18.5,Jonathan Taylor (IND) moins de 18.5,18.5,1.8334,0,False
16535421,KC Chiefs vs. IND Colts,Emmett Johnson,Emmett Johnson (KC),Joueur tentative de gain par la course (prolongations incluses),2012,72303,1734309212,4.5|sa:player:nfl-1379251|KC,4505747653,Emmett Johnson (KC) Plus de 4.5,Emmett Johnson (KC) Plus de 4.5,4.5,1.7693,0,False
16535421,KC Chiefs vs. IND Colts,Emmett Johnson,Emmett Johnson (KC),Joueur tentative de gain par la course (prolongations incluses),2012,72303,1734309212,4.5|sa:player:nfl-1379251|KC,4505747654,Emmett Johnson (KC) moins de 4.5,Emmett Johnson (KC) moins de 4.5,4.5,1.8696,0,False
16535421,KC Chiefs vs. IND Colts,Patrick Mahomes,Patrick Mahomes (KC),Joueur tentative de gain par la course (prolongations incluses),2012,72303,1733144466,3.5|sa:player:nfl-839031|KC,4502058384,Patrick Mahomes (KC) Plus de 3.5,Patrick Mahomes (KC) Plus de 3.5,3.5,1.6667,0,False
16535421,KC Chiefs vs. IND Colts,Patrick Mahomes,Patrick Mahomes (KC),Joueur tentative de gain par la course (prolongations incluses),2012,72303,1733144466,3.5|sa:player:nfl-839031|KC,4502058385,Patrick Mahomes (KC) moins de 3.5,Patrick Mahomes (KC) moins de 3.5,3.5,2.0,0,False
16535421,KC Chiefs vs. IND Colts,Daniel Jones,Daniel Jones (IND),Joueur tentative de gain par la course (prolongations incluses),2012,72303,1734183505,2.5|sa:player:nfl-879981|IND,4505437318,Daniel Jones (IND) Plus de 2.5,Daniel Jones (IND) Plus de 2.5,2.5,2.05,0,False
16535421,KC Chiefs vs. IND Colts,Daniel Jones,Daniel Jones (IND),Joueur tentative de gain par la course (prolongations incluses),2012,72303,1734183505,2.5|sa:player:nfl-879981|IND,4505437319,Daniel Jones (IND) moins de 2.5,Daniel Jones (IND) moins de 2.5,2.5,1.625,0,False
16535421,KC Chiefs vs. IND Colts,Xavier Worthy,Xavier Worthy (KC),Joueur tentative de gain par la course (prolongations incluses),2012,72303,1733145463,0.5|sa:player:nfl-1326638|KC,4502060136,Xavier Worthy (KC) moins de 0.5,Xavier Worthy (KC) moins de 0.5,0.5,1.6667,0,False
16535421,KC Chiefs vs. IND Colts,Xavier Worthy,Xavier Worthy (KC),Joueur tentative de gain par la course (prolongations incluses),2012,72303,1733145463,0.5|sa:player:nfl-1326638|KC,4502060135,Xavier Worthy (KC) Plus de 0.5,Xavier Worthy (KC) Plus de 0.5,0.5,2.0,0,False
16535421,KC Chiefs vs. IND Colts,Rashee Rice,Rashee Rice (KC),Joueur tentative de gain par la course (prolongations incluses),2012,72303,1733145055,0.5|sa:player:nfl-1173538|KC,4502059421,Rashee Rice (KC) Plus de 0.5,Rashee Rice (KC) Plus de 0.5,0.5,2.5,0,False
16535421,KC Chiefs vs. IND Colts,Rashee Rice,Rashee Rice (KC),Joueur tentative de gain par la course (prolongations incluses),2012,72303,1733145055,0.5|sa:player:nfl-1173538|KC,4502059422,Rashee Rice (KC) moins de 0.5,Rashee Rice (KC) moins de 0.5,0.5,1.4348,0,False
16535421,KC Chiefs vs. IND Colts,Tyler Warren,Tyler Warren (IND),Total de réceptions Plus/Moins(Incl. Prolongations),767,71926,1733145216,4.5|sa:player:nfl-1229083|IND,4502059704,Tyler Warren (IND) moins de 4.5,Tyler Warren (IND) moins de 4.5,4.5,2.0,0,False
16535421,KC Chiefs vs. IND Colts,Tyler Warren,Tyler Warren (IND),Total de réceptions Plus/Moins(Incl. Prolongations),767,71926,1733145216,4.5|sa:player:nfl-1229083|IND,4502059703,Tyler Warren (IND) Plus de 4.5,Tyler Warren (IND) Plus de 4.5,4.5,1.6667,0,False
16535421,KC Chiefs vs. IND Colts,Rashee Rice,Rashee Rice (KC),Total de réceptions Plus/Moins(Incl. Prolongations),767,71926,1733145043,4.5|sa:player:nfl-1173538|KC,4502059397,Rashee Rice (KC) Plus de 4.5,Rashee Rice (KC) Plus de 4.5,4.5,1.7693,0,False
16535421,KC Chiefs vs. IND Colts,Rashee Rice,Rashee Rice (KC),Total de réceptions Plus/Moins(Incl. Prolongations),767,71926,1733145043,4.5|sa:player:nfl-1173538|KC,4502059398,Rashee Rice (KC) moins de 4.5,Rashee Rice (KC) moins de 4.5,4.5,1.8696,0,False
16535421,KC Chiefs vs. IND Colts,Josh Downs,Josh Downs (IND),Total de réceptions Plus/Moins(Incl. Prolongations),767,71926,1736122758,4.5|sa:player:nfl-1215077|IND,4511882136,Josh Downs (IND) Plus de 4.5,Josh Downs (IND) Plus de 4.5,4.5,1.9091,0,False
16535421,KC Chiefs vs. IND Colts,Josh Downs,Josh Downs (IND),Total de réceptions Plus/Moins(Incl. Prolongations),767,71926,1736122758,4.5|sa:player:nfl-1215077|IND,4511882137,Josh Downs (IND) moins de 4.5,Josh Downs (IND) moins de 4.5,4.5,1.7408,0,False
16535421,KC Chiefs vs. IND Colts,Travis Kelce,Travis Kelce (KC),Total de réceptions Plus/Moins(Incl. Prolongations),767,71926,1733174658,3.5|sa:player:nfl-448240|KC,4502142659,Travis Kelce (KC) Plus de 3.5,Travis Kelce (KC) Plus de 3.5,3.5,1.625,0,False
16535421,KC Chiefs vs. IND Colts,Travis Kelce,Travis Kelce (KC),Total de réceptions Plus/Moins(Incl. Prolongations),767,71926,1733174658,3.5|sa:player:nfl-448240|KC,4502142660,Travis Kelce (KC) moins de 3.5,Travis Kelce (KC) moins de 3.5,3.5,2.05,0,False
16535421,KC Chiefs vs. IND Colts,Keenan Allen,Keenan Allen (IND),Total de réceptions Plus/Moins(Incl. Prolongations),767,71926,1733144345,3.5|sa:player:nfl-557210|IND,4502058171,Keenan Allen (IND) Plus de 3.5,Keenan Allen (IND) Plus de 3.5,3.5,1.7693,0,False
16535421,KC Chiefs vs. IND Colts,Keenan Allen,Keenan Allen (IND),Total de réceptions Plus/Moins(Incl. Prolongations),767,71926,1733144345,3.5|sa:player:nfl-557210|IND,4502058172,Keenan Allen (IND) moins de 3.5,Keenan Allen (IND) moins de 3.5,3.5,1.8696,0,False
16535421,KC Chiefs vs. IND Colts,Xavier Worthy,Xavier Worthy (KC),Total de réceptions Plus/Moins(Incl. Prolongations),767,71926,1734331996,3.5|sa:player:nfl-1326638|KC,4505813566,Xavier Worthy (KC) Plus de 3.5,Xavier Worthy (KC) Plus de 3.5,3.5,2.1,0,False
16535421,KC Chiefs vs. IND Colts,Xavier Worthy,Xavier Worthy (KC),Total de réceptions Plus/Moins(Incl. Prolongations),767,71926,1734331996,3.5|sa:player:nfl-1326638|KC,4505813567,Xavier Worthy (KC) moins de 3.5,Xavier Worthy (KC) moins de 3.5,3.5,1.6061,0,False
16535421,KC Chiefs vs. IND Colts,Kenneth Walker III,Kenneth Walker III (KC),Total de réceptions Plus/Moins(Incl. Prolongations),767,71926,1733159826,3.5|sa:player:nfl-1164402|KC,4502104198,Kenneth Walker III (KC) Plus de 3.5,Kenneth Walker III (KC) Plus de 3.5,3.5,2.15,0,False
16535421,KC Chiefs vs. IND Colts,Kenneth Walker III,Kenneth Walker III (KC),Total de réceptions Plus/Moins(Incl. Prolongations),767,71926,1733159826,3.5|sa:player:nfl-1164402|KC,4502104199,Kenneth Walker III (KC) moins de 3.5,Kenneth Walker III (KC) moins de 3.5,3.5,1.5715,0,False
16535421,KC Chiefs vs. IND Colts,Alec Pierce,Alec Pierce (IND),Total de réceptions Plus/Moins(Incl. Prolongations),767,71926,1734313395,2.5|sa:player:nfl-1107027|IND,4505758347,Alec Pierce (IND) Plus de 2.5,Alec Pierce (IND) Plus de 2.5,2.5,1.6061,0,False
16535421,KC Chiefs vs. IND Colts,Alec Pierce,Alec Pierce (IND),Total de réceptions Plus/Moins(Incl. Prolongations),767,71926,1734313395,2.5|sa:player:nfl-1107027|IND,4505758348,Alec Pierce (IND) moins de 2.5,Alec Pierce (IND) moins de 2.5,2.5,2.1,0,False
16535421,KC Chiefs vs. IND Colts,Jonathan Taylor,Jonathan Taylor (IND),Total de réceptions Plus/Moins(Incl. Prolongations),767,71926,1734340019,2.5|sa:player:nfl-1065406|IND,4505834565,Jonathan Taylor (IND) Plus de 2.5,Jonathan Taylor (IND) Plus de 2.5,2.5,1.8334,0,False
16535421,KC Chiefs vs. IND Colts,Jonathan Taylor,Jonathan Taylor (IND),Total de réceptions Plus/Moins(Incl. Prolongations),767,71926,1734340019,2.5|sa:player:nfl-1065406|IND,4505834566,Jonathan Taylor (IND) moins de 2.5,Jonathan Taylor (IND) moins de 2.5,2.5,1.8,0,False
16535421,KC Chiefs vs. IND Colts,Tyquan Thornton,Tyquan Thornton (KC),Total de réceptions Plus/Moins(Incl. Prolongations),767,71926,1733144711,1.5|sa:player:nfl-1110301|KC,4502058816,Tyquan Thornton (KC) Plus de 1.5,Tyquan Thornton (KC) Plus de 1.5,1.5,2.15,0,False
16535421,KC Chiefs vs. IND Colts,Tyquan Thornton,Tyquan Thornton (KC),Total de réceptions Plus/Moins(Incl. Prolongations),767,71926,1733144711,1.5|sa:player:nfl-1110301|KC,4502058817,Tyquan Thornton (KC) moins de 1.5,Tyquan Thornton (KC) moins de 1.5,1.5,1.5715,0,False
16535421,KC Chiefs vs. IND Colts,Noah Gray,Noah Gray (KC),Total de réceptions Plus/Moins(Incl. Prolongations),767,71926,1733159935,1.5|sa:player:nfl-1056981|KC,4502104489,Noah Gray (KC) Plus de 1.5,Noah Gray (KC) Plus de 1.5,1.5,2.35,0,False
16535421,KC Chiefs vs. IND Colts,Noah Gray,Noah Gray (KC),Total de réceptions Plus/Moins(Incl. Prolongations),767,71926,1733159935,1.5|sa:player:nfl-1056981|KC,4502104490,Noah Gray (KC) moins de 1.5,Noah Gray (KC) moins de 1.5,1.5,1.4762,0,False
16535421,KC Chiefs vs. IND Colts,Emmett Johnson,Emmett Johnson (KC),Total de réceptions Plus/Moins(Incl. Prolongations),767,71926,1733145483,1.5|sa:player:nfl-1379251|KC,4502060165,Emmett Johnson (KC) Plus de 1.5,Emmett Johnson (KC) Plus de 1.5,1.5,2.4,0,False
16535421,KC Chiefs vs. IND Colts,Emmett Johnson,Emmett Johnson (KC),Total de réceptions Plus/Moins(Incl. Prolongations),767,71926,1733145483,1.5|sa:player:nfl-1379251|KC,4502060166,Emmett Johnson (KC) moins de 1.5,Emmett Johnson (KC) moins de 1.5,1.5,1.4546,0,False
16535421,KC Chiefs vs. IND Colts,Daniel Jones,Daniel Jones (IND),Passes du joueur interceptées Plus/Moins (Incl. Prolongations),2253,73703,1735899278,0.5|IND|dst:player:476374,4511065464,Daniel Jones (IND) Plus de 0.5,Daniel Jones (IND) Plus de 0.5,0.5,1.8,0,False
16535421,KC Chiefs vs. IND Colts,Daniel Jones,Daniel Jones (IND),Passes du joueur interceptées Plus/Moins (Incl. Prolongations),2253,73703,1735899278,0.5|IND|dst:player:476374,4511065465,Daniel Jones (IND) moins de 0.5,Daniel Jones (IND) moins de 0.5,0.5,1.8334,0,False
16535421,KC Chiefs vs. IND Colts,Patrick Mahomes,Patrick Mahomes (KC),Passes du joueur interceptées Plus/Moins (Incl. Prolongations),2253,73703,1735579444,0.5|KC|dst:player:156564,4510220374,Patrick Mahomes (KC) moins de 0.5,Patrick Mahomes (KC) moins de 0.5,0.5,1.6667,0,False
16535421,KC Chiefs vs. IND Colts,Patrick Mahomes,Patrick Mahomes (KC),Passes du joueur interceptées Plus/Moins (Incl. Prolongations),2253,73703,1735579444,0.5|KC|dst:player:156564,4510220375,Patrick Mahomes (KC) Plus de 0.5,Patrick Mahomes (KC) Plus de 0.5,0.5,2.0,0,False
16535421,KC Chiefs vs. IND Colts,Daniel Jones,Daniel Jones (IND),"Passes complétées, Joueur (prolongations incluses) ",760,71921,1734331107,20.5|sa:player:nfl-879981|IND,4505811048,Daniel Jones (IND) Plus de 20.5,Daniel Jones (IND) Plus de 20.5,20.5,1.7408,0,False
16535421,KC Chiefs vs. IND Colts,Daniel Jones,Daniel Jones (IND),"Passes complétées, Joueur (prolongations incluses) ",760,71921,1734331107,20.5|sa:player:nfl-879981|IND,4505811049,Daniel Jones (IND) moins de 20.5,Daniel Jones (IND) moins de 20.5,20.5,1.9091,0,False
16535421,KC Chiefs vs. IND Colts,Patrick Mahomes,Patrick Mahomes (KC),"Passes complétées, Joueur (prolongations incluses) ",760,71921,1733144441,20.5|sa:player:nfl-839031|KC,4502058334,Patrick Mahomes (KC) Plus de 20.5,Patrick Mahomes (KC) Plus de 20.5,20.5,1.8334,0,False
16535421,KC Chiefs vs. IND Colts,Patrick Mahomes,Patrick Mahomes (KC),"Passes complétées, Joueur (prolongations incluses) ",760,71921,1733144441,20.5|sa:player:nfl-839031|KC,4502058335,Patrick Mahomes (KC) moins de 20.5,Patrick Mahomes (KC) moins de 20.5,20.5,1.8,0,False
16535421,KC Chiefs vs. IND Colts,Daniel Jones,Daniel Jones (IND),Tentatives de passes du joueur Plus/Moins (Incl. Prolongations),2252,73702,1733144514,33.5|sa:player:nfl-879981|IND,4502058467,Daniel Jones (IND) Plus de 33.5,Daniel Jones (IND) Plus de 33.5,33.5,1.9091,0,False
16535421,KC Chiefs vs. IND Colts,Daniel Jones,Daniel Jones (IND),Tentatives de passes du joueur Plus/Moins (Incl. Prolongations),2252,73702,1733144514,33.5|sa:player:nfl-879981|IND,4502058468,Daniel Jones (IND) moins de 33.5,Daniel Jones (IND) moins de 33.5,33.5,1.7408,0,False
16535421,KC Chiefs vs. IND Colts,Patrick Mahomes,Patrick Mahomes (KC),Tentatives de passes du joueur Plus/Moins (Incl. Prolongations),2252,73702,1733562033,29.5|sa:player:nfl-839031|KC,4503692388,Patrick Mahomes (KC) Plus de 29.5,Patrick Mahomes (KC) Plus de 29.5,29.5,1.8,0,False
16535421,KC Chiefs vs. IND Colts,Patrick Mahomes,Patrick Mahomes (KC),Tentatives de passes du joueur Plus/Moins (Incl. Prolongations),2252,73702,1733562033,29.5|sa:player:nfl-839031|KC,4503692389,Patrick Mahomes (KC) moins de 29.5,Patrick Mahomes (KC) moins de 29.5,29.5,1.8334,0,False
16535421,KC Chiefs vs. IND Colts,Alec Pierce,Alec Pierce (IND),Joueuer Plus longue réception (prolongations incluses) ,2009,72300,1735837716,22.5|sa:player:nfl-1107027|IND,4510884123,Alec Pierce (IND) Plus de 22.5,Alec Pierce (IND) Plus de 22.5,22.5,1.8,0,False
16535421,KC Chiefs vs. IND Colts,Alec Pierce,Alec Pierce (IND),Joueuer Plus longue réception (prolongations incluses) ,2009,72300,1735837716,22.5|sa:player:nfl-1107027|IND,4510884124,Alec Pierce (IND) moins de 22.5,Alec Pierce (IND) moins de 22.5,22.5,1.8334,0,False
16535421,KC Chiefs vs. IND Colts,Rashee Rice,Rashee Rice (KC),Joueuer Plus longue réception (prolongations incluses) ,2009,72300,1734319800,18.5|sa:player:nfl-1173538|KC,4505773762,Rashee Rice (KC) Plus de 18.5,Rashee Rice (KC) Plus de 18.5,18.5,1.7693,0,False
16535421,KC Chiefs vs. IND Colts,Rashee Rice,Rashee Rice (KC),Joueuer Plus longue réception (prolongations incluses) ,2009,72300,1734319800,18.5|sa:player:nfl-1173538|KC,4505773763,Rashee Rice (KC) moins de 18.5,Rashee Rice (KC) moins de 18.5,18.5,1.8696,0,False
16535421,KC Chiefs vs. IND Colts,Xavier Worthy,Xavier Worthy (KC),Joueuer Plus longue réception (prolongations incluses) ,2009,72300,1733162183,17.5|sa:player:nfl-1326638|KC,4502109652,Xavier Worthy (KC) Plus de 17.5,Xavier Worthy (KC) Plus de 17.5,17.5,1.7693,0,False
16535421,KC Chiefs vs. IND Colts,Xavier Worthy,Xavier Worthy (KC),Joueuer Plus longue réception (prolongations incluses) ,2009,72300,1733162183,17.5|sa:player:nfl-1326638|KC,4502109653,Xavier Worthy (KC) moins de 17.5,Xavier Worthy (KC) moins de 17.5,17.5,1.8696,0,False
16535421,KC Chiefs vs. IND Colts,Tyler Warren,Tyler Warren (IND),Joueuer Plus longue réception (prolongations incluses) ,2009,72300,1733145217,17.5|sa:player:nfl-1229083|IND,4502059705,Tyler Warren (IND) Plus de 17.5,Tyler Warren (IND) Plus de 17.5,17.5,1.9091,0,False
16535421,KC Chiefs vs. IND Colts,Tyler Warren,Tyler Warren (IND),Joueuer Plus longue réception (prolongations incluses) ,2009,72300,1733145217,17.5|sa:player:nfl-1229083|IND,4502059706,Tyler Warren (IND) moins de 17.5,Tyler Warren (IND) moins de 17.5,17.5,1.7408,0,False
16535421,KC Chiefs vs. IND Colts,Josh Downs,Josh Downs (IND),Joueuer Plus longue réception (prolongations incluses) ,2009,72300,1734371478,16.5|sa:player:nfl-1215077|IND,4505914410,Josh Downs (IND) Plus de 16.5,Josh Downs (IND) Plus de 16.5,16.5,1.7693,0,False
16535421,KC Chiefs vs. IND Colts,Josh Downs,Josh Downs (IND),Joueuer Plus longue réception (prolongations incluses) ,2009,72300,1734371478,16.5|sa:player:nfl-1215077|IND,4505914411,Josh Downs (IND) moins de 16.5,Josh Downs (IND) moins de 16.5,16.5,1.8696,0,False
16535421,KC Chiefs vs. IND Colts,Travis Kelce,Travis Kelce (KC),Joueuer Plus longue réception (prolongations incluses) ,2009,72300,1733161999,16.5|sa:player:nfl-448240|KC,4502109264,Travis Kelce (KC) moins de 16.5,Travis Kelce (KC) moins de 16.5,16.5,1.8696,0,False
16535421,KC Chiefs vs. IND Colts,Travis Kelce,Travis Kelce (KC),Joueuer Plus longue réception (prolongations incluses) ,2009,72300,1733161999,16.5|sa:player:nfl-448240|KC,4502109263,Travis Kelce (KC) Plus de 16.5,Travis Kelce (KC) Plus de 16.5,16.5,1.7693,0,False
16535421,KC Chiefs vs. IND Colts,Tyquan Thornton,Tyquan Thornton (KC),Joueuer Plus longue réception (prolongations incluses) ,2009,72300,1734354222,13.5|sa:player:nfl-1110301|KC,4505869248,Tyquan Thornton (KC) moins de 13.5,Tyquan Thornton (KC) moins de 13.5,13.5,1.7693,0,False
16535421,KC Chiefs vs. IND Colts,Tyquan Thornton,Tyquan Thornton (KC),Joueuer Plus longue réception (prolongations incluses) ,2009,72300,1734354222,13.5|sa:player:nfl-1110301|KC,4505869247,Tyquan Thornton (KC) Plus de 13.5,Tyquan Thornton (KC) Plus de 13.5,13.5,1.8696,0,False
16535421,KC Chiefs vs. IND Colts,Keenan Allen,Keenan Allen (IND),Joueuer Plus longue réception (prolongations incluses) ,2009,72300,1734363300,13.5|sa:player:nfl-557210|IND,4505894315,Keenan Allen (IND) Plus de 13.5,Keenan Allen (IND) Plus de 13.5,13.5,1.9091,0,False
16535421,KC Chiefs vs. IND Colts,Keenan Allen,Keenan Allen (IND),Joueuer Plus longue réception (prolongations incluses) ,2009,72300,1734363300,13.5|sa:player:nfl-557210|IND,4505894316,Keenan Allen (IND) moins de 13.5,Keenan Allen (IND) moins de 13.5,13.5,1.7408,0,False
16535421,KC Chiefs vs. IND Colts,Kenneth Walker III,Kenneth Walker III (KC),Joueuer Plus longue réception (prolongations incluses) ,2009,72300,1733159827,11.5|sa:player:nfl-1164402|KC,4502104200,Kenneth Walker III (KC) Plus de 11.5,Kenneth Walker III (KC) Plus de 11.5,11.5,1.8696,0,False
16535421,KC Chiefs vs. IND Colts,Kenneth Walker III,Kenneth Walker III (KC),Joueuer Plus longue réception (prolongations incluses) ,2009,72300,1733159827,11.5|sa:player:nfl-1164402|KC,4502104201,Kenneth Walker III (KC) moins de 11.5,Kenneth Walker III (KC) moins de 11.5,11.5,1.7693,0,False
16535421,KC Chiefs vs. IND Colts,Jonathan Taylor,Jonathan Taylor (IND),Joueuer Plus longue réception (prolongations incluses) ,2009,72300,1742540502,9.5|sa:player:nfl-1065406|IND,4533663933,Jonathan Taylor (IND) Plus de 9.5,Jonathan Taylor (IND) Plus de 9.5,9.5,1.7693,0,False
16535421,KC Chiefs vs. IND Colts,Jonathan Taylor,Jonathan Taylor (IND),Joueuer Plus longue réception (prolongations incluses) ,2009,72300,1742540502,9.5|sa:player:nfl-1065406|IND,4533663934,Jonathan Taylor (IND) moins de 9.5,Jonathan Taylor (IND) moins de 9.5,9.5,1.8696,0,False
16535421,KC Chiefs vs. IND Colts,Noah Gray,Noah Gray (KC),Joueuer Plus longue réception (prolongations incluses) ,2009,72300,1733159936,7.5|sa:player:nfl-1056981|KC,4502104491,Noah Gray (KC) Plus de 7.5,Noah Gray (KC) Plus de 7.5,7.5,1.8696,0,False
16535421,KC Chiefs vs. IND Colts,Noah Gray,Noah Gray (KC),Joueuer Plus longue réception (prolongations incluses) ,2009,72300,1733159936,7.5|sa:player:nfl-1056981|KC,4502104492,Noah Gray (KC) moins de 7.5,Noah Gray (KC) moins de 7.5,7.5,1.7693,0,False
16535421,KC Chiefs vs. IND Colts,Emmett Johnson,Emmett Johnson (KC),Joueuer Plus longue réception (prolongations incluses) ,2009,72300,1734316800,6.5|sa:player:nfl-1379251|KC,4505766472,Emmett Johnson (KC) moins de 6.5,Emmett Johnson (KC) moins de 6.5,6.5,1.8,0,False
16535421,KC Chiefs vs. IND Colts,Emmett Johnson,Emmett Johnson (KC),Joueuer Plus longue réception (prolongations incluses) ,2009,72300,1734316800,6.5|sa:player:nfl-1379251|KC,4505766471,Emmett Johnson (KC) Plus de 6.5,Emmett Johnson (KC) Plus de 6.5,6.5,1.8334,0,False
16535421,KC Chiefs vs. IND Colts,Patrick Mahomes,Patrick Mahomes (KC),Joueur Plus longue passe complétée (prolongations incluses) ,2001,72292,1733562034,34.5|sa:player:nfl-839031|KC,4503692390,Patrick Mahomes (KC) Plus de 34.5,Patrick Mahomes (KC) Plus de 34.5,34.5,1.8334,0,False
16535421,KC Chiefs vs. IND Colts,Patrick Mahomes,Patrick Mahomes (KC),Joueur Plus longue passe complétée (prolongations incluses) ,2001,72292,1733562034,34.5|sa:player:nfl-839031|KC,4503692391,Patrick Mahomes (KC) moins de 34.5,Patrick Mahomes (KC) moins de 34.5,34.5,1.8,0,False
16535421,KC Chiefs vs. IND Colts,Daniel Jones,Daniel Jones (IND),Joueur Plus longue passe complétée (prolongations incluses) ,2001,72292,1733160094,33.5|sa:player:nfl-879981|IND,4502104811,Daniel Jones (IND) Plus de 33.5,Daniel Jones (IND) Plus de 33.5,33.5,1.7693,0,False
16535421,KC Chiefs vs. IND Colts,Daniel Jones,Daniel Jones (IND),Joueur Plus longue passe complétée (prolongations incluses) ,2001,72292,1733160094,33.5|sa:player:nfl-879981|IND,4502104812,Daniel Jones (IND) moins de 33.5,Daniel Jones (IND) moins de 33.5,33.5,1.8696,0,False
16535421,KC Chiefs vs. IND Colts,Harrison Butker,Harrison Butker (KC),Points de tir du joueur Plus/Moins (prolongations incluses) ,2003,72294,1733166016,7.5|sa:player:nfl-748560|KC,4502120060,Harrison Butker (KC) Plus de 7.5,Harrison Butker (KC) Plus de 7.5,7.5,1.7693,0,False
16535421,KC Chiefs vs. IND Colts,Harrison Butker,Harrison Butker (KC),Points de tir du joueur Plus/Moins (prolongations incluses) ,2003,72294,1733166016,7.5|sa:player:nfl-748560|KC,4502120061,Harrison Butker (KC) moins de 7.5,Harrison Butker (KC) moins de 7.5,7.5,1.8696,0,False
16535421,KC Chiefs vs. IND Colts,Spencer Shrader,Spencer Shrader (IND),Points de tir du joueur Plus/Moins (prolongations incluses) ,2003,72294,1733174512,5.5|sa:player:nfl-1180533|IND,4502142338,Spencer Shrader (IND) Plus de 5.5,Spencer Shrader (IND) Plus de 5.5,5.5,1.7408,0,False
16535421,KC Chiefs vs. IND Colts,Spencer Shrader,Spencer Shrader (IND),Points de tir du joueur Plus/Moins (prolongations incluses) ,2003,72294,1733174512,5.5|sa:player:nfl-1180533|IND,4502142339,Spencer Shrader (IND) moins de 5.5,Spencer Shrader (IND) moins de 5.5,5.5,1.9091,0,False
16535421,KC Chiefs vs. IND Colts,Harrison Butker,Harrison Butker (KC),Field goals du joueur (prolongations incluses) ,769,71927,1733144434,1.5|sa:player:nfl-748560|KC,4502058320,Harrison Butker (KC) Plus de 1.5,Harrison Butker (KC) Plus de 1.5,1.5,1.6667,0,False
16535421,KC Chiefs vs. IND Colts,Harrison Butker,Harrison Butker (KC),Field goals du joueur (prolongations incluses) ,769,71927,1733144434,1.5|sa:player:nfl-748560|KC,4502058321,Harrison Butker (KC) moins de 1.5,Harrison Butker (KC) moins de 1.5,1.5,2.0,0,False
16535421,KC Chiefs vs. IND Colts,Spencer Shrader,Spencer Shrader (IND),Field goals du joueur (prolongations incluses) ,769,71927,1733145068,1.5|sa:player:nfl-1180533|IND,4502059438,Spencer Shrader (IND) Plus de 1.5,Spencer Shrader (IND) Plus de 1.5,1.5,2.1,0,False
16535421,KC Chiefs vs. IND Colts,Spencer Shrader,Spencer Shrader (IND),Field goals du joueur (prolongations incluses) ,769,71927,1733145068,1.5|sa:player:nfl-1180533|IND,4502059439,Spencer Shrader (IND) moins de 1.5,Spencer Shrader (IND) moins de 1.5,1.5,1.6061,0,False
16535421,KC Chiefs vs. IND Colts,Nohl Williams,Nohl Williams (KC),Interceptions défensives Plus/Moins (prolongations incluses),3304,73828,1733145207,0.5|sa:player:nfl-1227161|KC,4502059688,Nohl Williams (KC) moins de 0.5,Nohl Williams (KC) moins de 0.5,0.5,1.0834,0,False
16535421,KC Chiefs vs. IND Colts,Nohl Williams,Nohl Williams (KC),Interceptions défensives Plus/Moins (prolongations incluses),3304,73828,1733145207,0.5|sa:player:nfl-1227161|KC,4502059687,Nohl Williams (KC) Plus de 0.5,Nohl Williams (KC) Plus de 0.5,0.5,5.75,0,False
16535421,KC Chiefs vs. IND Colts,Alohi Gilman,Alohi Gilman (KC),Interceptions défensives Plus/Moins (prolongations incluses),3304,73828,1733144591,0.5|sa:player:nfl-924403|KC,4502058608,Alohi Gilman (KC) Plus de 0.5,Alohi Gilman (KC) Plus de 0.5,0.5,6.0,0,False
16535421,KC Chiefs vs. IND Colts,Alohi Gilman,Alohi Gilman (KC),Interceptions défensives Plus/Moins (prolongations incluses),3304,73828,1733144591,0.5|sa:player:nfl-924403|KC,4502058609,Alohi Gilman (KC) moins de 0.5,Alohi Gilman (KC) moins de 0.5,0.5,1.0715,0,False
16535421,KC Chiefs vs. IND Colts,Camryn Bynum,Camryn Bynum (IND),Interceptions défensives Plus/Moins (prolongations incluses),3304,73828,1733144585,0.5|sa:player:nfl-923333|IND,4502058597,Camryn Bynum (IND) Plus de 0.5,Camryn Bynum (IND) Plus de 0.5,0.5,6.25,0,False
16535421,KC Chiefs vs. IND Colts,Camryn Bynum,Camryn Bynum (IND),Interceptions défensives Plus/Moins (prolongations incluses),3304,73828,1733144585,0.5|sa:player:nfl-923333|IND,4502058598,Camryn Bynum (IND) moins de 0.5,Camryn Bynum (IND) moins de 0.5,0.5,1.0625,0,False
16535421,KC Chiefs vs. IND Colts,Jaden Hicks,Jaden Hicks (KC),Interceptions défensives Plus/Moins (prolongations incluses),3304,73828,1733145436,0.5|sa:player:nfl-1324696|KC,4502060084,Jaden Hicks (KC) Plus de 0.5,Jaden Hicks (KC) Plus de 0.5,0.5,6.25,0,False
16535421,KC Chiefs vs. IND Colts,Jaden Hicks,Jaden Hicks (KC),Interceptions défensives Plus/Moins (prolongations incluses),3304,73828,1733145436,0.5|sa:player:nfl-1324696|KC,4502060085,Jaden Hicks (KC) moins de 0.5,Jaden Hicks (KC) moins de 0.5,0.5,1.0625,0,False
16535421,KC Chiefs vs. IND Colts,AJ Haulcy,AJ Haulcy (IND),Interceptions défensives Plus/Moins (prolongations incluses),3304,73828,1733144915,0.5|sa:player:nfl-1400630|IND,4502059176,AJ Haulcy (IND) Plus de 0.5,AJ Haulcy (IND) Plus de 0.5,0.5,6.75,0,False
16535421,KC Chiefs vs. IND Colts,AJ Haulcy,AJ Haulcy (IND),Interceptions défensives Plus/Moins (prolongations incluses),3304,73828,1733144915,0.5|sa:player:nfl-1400630|IND,4502059177,AJ Haulcy (IND) moins de 0.5,AJ Haulcy (IND) moins de 0.5,0.5,1.05,0,False
16535421,KC Chiefs vs. IND Colts,Nick Bolton,Nick Bolton (KC),Interceptions défensives Plus/Moins (prolongations incluses),3304,73828,1733144810,0.5|sa:player:nfl-1124341|KC,4502058993,Nick Bolton (KC) Plus de 0.5,Nick Bolton (KC) Plus de 0.5,0.5,7.25,0,False
16535421,KC Chiefs vs. IND Colts,Nick Bolton,Nick Bolton (KC),Interceptions défensives Plus/Moins (prolongations incluses),3304,73828,1733144810,0.5|sa:player:nfl-1124341|KC,4502058994,Nick Bolton (KC) moins de 0.5,Nick Bolton (KC) moins de 0.5,0.5,1.04,0,False
16535421,KC Chiefs vs. IND Colts,Charvarius Ward,Charvarius Ward (IND),Interceptions défensives Plus/Moins (prolongations incluses),3304,73828,1733144573,0.5|sa:player:nfl-912248|IND,4502058576,Charvarius Ward (IND) moins de 0.5,Charvarius Ward (IND) moins de 0.5,0.5,1.0334,0,False
16535421,KC Chiefs vs. IND Colts,Charvarius Ward,Charvarius Ward (IND),Interceptions défensives Plus/Moins (prolongations incluses),3304,73828,1733144573,0.5|sa:player:nfl-912248|IND,4502058575,Charvarius Ward (IND) Plus de 0.5,Charvarius Ward (IND) Plus de 0.5,0.5,7.5,0,False
16535421,KC Chiefs vs. IND Colts,Sauce Gardner,Sauce Gardner (IND),Interceptions défensives Plus/Moins (prolongations incluses),3304,73828,1733145001,0.5|sa:player:nfl-1164968|IND,4502059325,Sauce Gardner (IND) Plus de 0.5,Sauce Gardner (IND) Plus de 0.5,0.5,7.5,0,False
16535421,KC Chiefs vs. IND Colts,Sauce Gardner,Sauce Gardner (IND),Interceptions défensives Plus/Moins (prolongations incluses),3304,73828,1733145001,0.5|sa:player:nfl-1164968|IND,4502059326,Sauce Gardner (IND) moins de 0.5,Sauce Gardner (IND) moins de 0.5,0.5,1.0334,0,False
16535421,KC Chiefs vs. IND Colts,Justin Walley,Justin Walley (IND),Interceptions défensives Plus/Moins (prolongations incluses),3304,73828,1733145348,0.5|sa:player:nfl-1287910|IND,4502059928,Justin Walley (IND) moins de 0.5,Justin Walley (IND) moins de 0.5,0.5,1.02,0,False
16535421,KC Chiefs vs. IND Colts,Justin Walley,Justin Walley (IND),Interceptions défensives Plus/Moins (prolongations incluses),3304,73828,1733145348,0.5|sa:player:nfl-1287910|IND,4502059927,Justin Walley (IND) Plus de 0.5,Justin Walley (IND) Plus de 0.5,0.5,8.5,0,False
16535421,KC Chiefs vs. IND Colts,Akeem Davis-Gaither,Akeem Davis-Gaither (IND),Interceptions défensives Plus/Moins (prolongations incluses),3304,73828,1733144504,0.5|sa:player:nfl-867222|IND,4502058449,Akeem Davis-Gaither (IND) Plus de 0.5,Akeem Davis-Gaither (IND) Plus de 0.5,0.5,9.0,0,False
16535421,KC Chiefs vs. IND Colts,Akeem Davis-Gaither,Akeem Davis-Gaither (IND),Interceptions défensives Plus/Moins (prolongations incluses),3304,73828,1733144504,0.5|sa:player:nfl-867222|IND,4502058450,Akeem Davis-Gaither (IND) moins de 0.5,Akeem Davis-Gaither (IND) moins de 0.5,0.5,1.01,0,False
16535421,KC Chiefs vs. IND Colts,Drue Tranquill,Drue Tranquill (KC),Interceptions défensives Plus/Moins (prolongations incluses),3304,73828,1733144493,0.5|sa:player:nfl-839068|KC,4502058429,Drue Tranquill (KC) Plus de 0.5,Drue Tranquill (KC) Plus de 0.5,0.5,9.0,0,False
16535421,KC Chiefs vs. IND Colts,Drue Tranquill,Drue Tranquill (KC),Interceptions défensives Plus/Moins (prolongations incluses),3304,73828,1733144493,0.5|sa:player:nfl-839068|KC,4502058430,Drue Tranquill (KC) moins de 0.5,Drue Tranquill (KC) moins de 0.5,0.5,1.01,0,False
16535421,KC Chiefs vs. IND Colts,Jonathan Taylor,Jonathan Taylor (IND),1ère mi-temps - Total de yards à la course du joueur Plus/Moins,31470,77064,1735108964,41.5|sa:player:nfl-1065406|IND,4508894744,Jonathan Taylor (IND) moins de 41.5,Jonathan Taylor (IND) moins de 41.5,41.5,1.8334,0,False
16535421,KC Chiefs vs. IND Colts,Jonathan Taylor,Jonathan Taylor (IND),1ère mi-temps - Total de yards à la course du joueur Plus/Moins,31470,77064,1735108964,41.5|sa:player:nfl-1065406|IND,4508894743,Jonathan Taylor (IND) Plus de 41.5,Jonathan Taylor (IND) Plus de 41.5,41.5,1.7693,0,False
16535421,KC Chiefs vs. IND Colts,Kenneth Walker III,Kenneth Walker III (KC),1ère mi-temps - Total de yards à la course du joueur Plus/Moins,31470,77064,1743103698,39.5|sa:player:nfl-1164402|KC,4535076629,Kenneth Walker III (KC) Plus de 39.5,Kenneth Walker III (KC) Plus de 39.5,39.5,1.7693,0,False
16535421,KC Chiefs vs. IND Colts,Kenneth Walker III,Kenneth Walker III (KC),1ère mi-temps - Total de yards à la course du joueur Plus/Moins,31470,77064,1743103698,39.5|sa:player:nfl-1164402|KC,4535076630,Kenneth Walker III (KC) moins de 39.5,Kenneth Walker III (KC) moins de 39.5,39.5,1.8334,0,False
16535421,KC Chiefs vs. IND Colts,Patrick Mahomes,Patrick Mahomes (KC),1ère mi-temps - Total de yards à la course du joueur Plus/Moins,31470,77064,1734319938,7.5|sa:player:nfl-839031|KC,4505774073,Patrick Mahomes (KC) Plus de 7.5,Patrick Mahomes (KC) Plus de 7.5,7.5,1.7693,0,False
16535421,KC Chiefs vs. IND Colts,Patrick Mahomes,Patrick Mahomes (KC),1ère mi-temps - Total de yards à la course du joueur Plus/Moins,31470,77064,1734319938,7.5|sa:player:nfl-839031|KC,4505774074,Patrick Mahomes (KC) moins de 7.5,Patrick Mahomes (KC) moins de 7.5,7.5,1.8334,0,False
16535421,KC Chiefs vs. IND Colts,Emmett Johnson,Emmett Johnson (KC),1ère mi-temps - Total de yards à la course du joueur Plus/Moins,31470,77064,1734309213,6.5|sa:player:nfl-1379251|KC,4505747656,Emmett Johnson (KC) moins de 6.5,Emmett Johnson (KC) moins de 6.5,6.5,1.7693,0,False
16535421,KC Chiefs vs. IND Colts,Emmett Johnson,Emmett Johnson (KC),1ère mi-temps - Total de yards à la course du joueur Plus/Moins,31470,77064,1734309213,6.5|sa:player:nfl-1379251|KC,4505747655,Emmett Johnson (KC) Plus de 6.5,Emmett Johnson (KC) Plus de 6.5,6.5,1.8334,0,False
16535421,KC Chiefs vs. IND Colts,Daniel Jones,Daniel Jones (IND),1ère mi-temps - Total de yards à la course du joueur Plus/Moins,31470,77064,1734336865,1.5|sa:player:nfl-879981|IND,4505826452,Daniel Jones (IND) Plus de 1.5,Daniel Jones (IND) Plus de 1.5,1.5,1.8334,0,False
16535421,KC Chiefs vs. IND Colts,Daniel Jones,Daniel Jones (IND),1ère mi-temps - Total de yards à la course du joueur Plus/Moins,31470,77064,1734336865,1.5|sa:player:nfl-879981|IND,4505826453,Daniel Jones (IND) moins de 1.5,Daniel Jones (IND) moins de 1.5,1.5,1.7693,0,False
16535421,KC Chiefs vs. IND Colts,Kenneth Walker III,Kenneth Walker III (KC),1ère mi-temps - Touchdowns de course du joueur Plus / Moins,31473,77067,1733144971,0.5|sa:player:nfl-1164402|KC,4502059275,Kenneth Walker III (KC) Plus de 0.5,Kenneth Walker III (KC) Plus de 0.5,0.5,2.7,0,False
16535421,KC Chiefs vs. IND Colts,Kenneth Walker III,Kenneth Walker III (KC),1ère mi-temps - Touchdowns de course du joueur Plus / Moins,31473,77067,1733144971,0.5|sa:player:nfl-1164402|KC,4502059276,Kenneth Walker III (KC) moins de 0.5,Kenneth Walker III (KC) moins de 0.5,0.5,1.3572,0,False
16535421,KC Chiefs vs. IND Colts,Jonathan Taylor,Jonathan Taylor (IND),1ère mi-temps - Touchdowns de course du joueur Plus / Moins,31473,77067,1733144656,0.5|sa:player:nfl-1065406|IND,4502058725,Jonathan Taylor (IND) Plus de 0.5,Jonathan Taylor (IND) Plus de 0.5,0.5,2.9,0,False
16535421,KC Chiefs vs. IND Colts,Jonathan Taylor,Jonathan Taylor (IND),1ère mi-temps - Touchdowns de course du joueur Plus / Moins,31473,77067,1733144656,0.5|sa:player:nfl-1065406|IND,4502058726,Jonathan Taylor (IND) moins de 0.5,Jonathan Taylor (IND) moins de 0.5,0.5,1.3077,0,False
16535421,KC Chiefs vs. IND Colts,Patrick Mahomes,Patrick Mahomes (KC),1ère mi-temps - Touchdowns de course du joueur Plus / Moins,31473,77067,1733144471,0.5|sa:player:nfl-839031|KC,4502058394,Patrick Mahomes (KC) Plus de 0.5,Patrick Mahomes (KC) Plus de 0.5,0.5,6.25,0,False
16535421,KC Chiefs vs. IND Colts,Patrick Mahomes,Patrick Mahomes (KC),1ère mi-temps - Touchdowns de course du joueur Plus / Moins,31473,77067,1733144471,0.5|sa:player:nfl-839031|KC,4502058395,Patrick Mahomes (KC) moins de 0.5,Patrick Mahomes (KC) moins de 0.5,0.5,1.05,0,False
16535421,KC Chiefs vs. IND Colts,Emmett Johnson,Emmett Johnson (KC),1ère mi-temps - Touchdowns de course du joueur Plus / Moins,31473,77067,1733145501,0.5|sa:player:nfl-1379251|KC,4502060201,Emmett Johnson (KC) Plus de 0.5,Emmett Johnson (KC) Plus de 0.5,0.5,7.0,0,False
16535421,KC Chiefs vs. IND Colts,Emmett Johnson,Emmett Johnson (KC),1ère mi-temps - Touchdowns de course du joueur Plus / Moins,31473,77067,1733145501,0.5|sa:player:nfl-1379251|KC,4502060202,Emmett Johnson (KC) moins de 0.5,Emmett Johnson (KC) moins de 0.5,0.5,1.0334,0,False
16535421,KC Chiefs vs. IND Colts,Daniel Jones,Daniel Jones (IND),1ère mi-temps - Touchdowns de course du joueur Plus / Moins,31473,77067,1733144545,0.5|sa:player:nfl-879981|IND,4502058529,Daniel Jones (IND) Plus de 0.5,Daniel Jones (IND) Plus de 0.5,0.5,7.75,0,False
16535421,KC Chiefs vs. IND Colts,Daniel Jones,Daniel Jones (IND),1ère mi-temps - Touchdowns de course du joueur Plus / Moins,31473,77067,1733144545,0.5|sa:player:nfl-879981|IND,4502058530,Daniel Jones (IND) moins de 0.5,Daniel Jones (IND) moins de 0.5,0.5,1.02,0,False
16535421,KC Chiefs vs. IND Colts,Brashard Smith,Brashard Smith (KC),1ère mi-temps - Touchdowns de course du joueur Plus / Moins,31473,77067,1733145411,0.5|sa:player:nfl-1313668|KC,4502060043,Brashard Smith (KC) Plus de 0.5,Brashard Smith (KC) Plus de 0.5,0.5,8.5,0,False
16535421,KC Chiefs vs. IND Colts,Brashard Smith,Brashard Smith (KC),1ère mi-temps - Touchdowns de course du joueur Plus / Moins,31473,77067,1733145411,0.5|sa:player:nfl-1313668|KC,4502060044,Brashard Smith (KC) moins de 0.5,Brashard Smith (KC) moins de 0.5,0.5,0.0,7,False
16535421,KC Chiefs vs. IND Colts,Seth McGowan,Seth McGowan (IND),1ère mi-temps - Touchdowns de course du joueur Plus / Moins,31473,77067,1733145097,0.5|sa:player:nfl-1213794|IND,4502059496,Seth McGowan (IND) moins de 0.5,Seth McGowan (IND) moins de 0.5,0.5,1.01,0,False
16535421,KC Chiefs vs. IND Colts,Seth McGowan,Seth McGowan (IND),1ère mi-temps - Touchdowns de course du joueur Plus / Moins,31473,77067,1733145097,0.5|sa:player:nfl-1213794|IND,4502059495,Seth McGowan (IND) Plus de 0.5,Seth McGowan (IND) Plus de 0.5,0.5,8.5,0,False
16535421,KC Chiefs vs. IND Colts,Jonathan Taylor,Jonathan Taylor (IND),1ère mi-temps - Tentatives de rushing du joueur Plus/Moins,31482,77076,1733144659,9.5|sa:player:nfl-1065406|IND,4502058731,Jonathan Taylor (IND) Plus de 9.5,Jonathan Taylor (IND) Plus de 9.5,9.5,1.6667,0,False
16535421,KC Chiefs vs. IND Colts,Jonathan Taylor,Jonathan Taylor (IND),1ère mi-temps - Tentatives de rushing du joueur Plus/Moins,31482,77076,1733144659,9.5|sa:player:nfl-1065406|IND,4502058732,Jonathan Taylor (IND) moins de 9.5,Jonathan Taylor (IND) moins de 9.5,9.5,1.9524,0,False
16535421,KC Chiefs vs. IND Colts,Kenneth Walker III,Kenneth Walker III (KC),1ère mi-temps - Tentatives de rushing du joueur Plus/Moins,31482,77076,1734308953,9.5|sa:player:nfl-1164402|KC,4505747140,Kenneth Walker III (KC) Plus de 9.5,Kenneth Walker III (KC) Plus de 9.5,9.5,2.0,0,False
16535421,KC Chiefs vs. IND Colts,Kenneth Walker III,Kenneth Walker III (KC),1ère mi-temps - Tentatives de rushing du joueur Plus/Moins,31482,77076,1734308953,9.5|sa:player:nfl-1164402|KC,4505747141,Kenneth Walker III (KC) moins de 9.5,Kenneth Walker III (KC) moins de 9.5,9.5,1.6471,0,False
16535421,KC Chiefs vs. IND Colts,Emmett Johnson,Emmett Johnson (KC),1ère mi-temps - Tentatives de rushing du joueur Plus/Moins,31482,77076,1733145504,1.5|sa:player:nfl-1379251|KC,4502060208,Emmett Johnson (KC) moins de 1.5,Emmett Johnson (KC) moins de 1.5,1.5,2.3,0,False
16535421,KC Chiefs vs. IND Colts,Emmett Johnson,Emmett Johnson (KC),1ère mi-temps - Tentatives de rushing du joueur Plus/Moins,31482,77076,1733145504,1.5|sa:player:nfl-1379251|KC,4502060207,Emmett Johnson (KC) Plus de 1.5,Emmett Johnson (KC) Plus de 1.5,1.5,1.4762,0,False
16535421,KC Chiefs vs. IND Colts,Patrick Mahomes,Patrick Mahomes (KC),1ère mi-temps - Tentatives de rushing du joueur Plus/Moins,31482,77076,1733144474,1.5|sa:player:nfl-839031|KC,4502058400,Patrick Mahomes (KC) Plus de 1.5,Patrick Mahomes (KC) Plus de 1.5,1.5,1.8334,0,False
16535421,KC Chiefs vs. IND Colts,Patrick Mahomes,Patrick Mahomes (KC),1ère mi-temps - Tentatives de rushing du joueur Plus/Moins,31482,77076,1733144474,1.5|sa:player:nfl-839031|KC,4502058401,Patrick Mahomes (KC) moins de 1.5,Patrick Mahomes (KC) moins de 1.5,1.5,1.7693,0,False
16535421,KC Chiefs vs. IND Colts,Daniel Jones,Daniel Jones (IND),1ère mi-temps - Tentatives de rushing du joueur Plus/Moins,31482,77076,1734336867,0.5|sa:player:nfl-879981|IND,4505826456,Daniel Jones (IND) Plus de 0.5,Daniel Jones (IND) Plus de 0.5,0.5,1.4445,0,False
16535421,KC Chiefs vs. IND Colts,Daniel Jones,Daniel Jones (IND),1ère mi-temps - Tentatives de rushing du joueur Plus/Moins,31482,77076,1734336867,0.5|sa:player:nfl-879981|IND,4505826457,Daniel Jones (IND) moins de 0.5,Daniel Jones (IND) moins de 0.5,0.5,2.4,0,False
16535421,KC Chiefs vs. IND Colts,Kenneth Walker III,Kenneth Walker III (KC),1ère mi-temps - Yards rushing et receiving du joueur - Plus/Moins,31488,77082,1734320133,53.5|sa:player:nfl-1164402|KC,4505774499,Kenneth Walker III (KC) Plus de 53.5,Kenneth Walker III (KC) Plus de 53.5,53.5,1.7693,0,False
16535421,KC Chiefs vs. IND Colts,Kenneth Walker III,Kenneth Walker III (KC),1ère mi-temps - Yards rushing et receiving du joueur - Plus/Moins,31488,77082,1734320133,53.5|sa:player:nfl-1164402|KC,4505774500,Kenneth Walker III (KC) moins de 53.5,Kenneth Walker III (KC) moins de 53.5,53.5,1.8334,0,False
16535421,KC Chiefs vs. IND Colts,Jonathan Taylor,Jonathan Taylor (IND),1ère mi-temps - Yards rushing et receiving du joueur - Plus/Moins,31488,77082,1734348432,51.5|sa:player:nfl-1065406|IND,4505855564,Jonathan Taylor (IND) Plus de 51.5,Jonathan Taylor (IND) Plus de 51.5,51.5,1.8,0,False
16535421,KC Chiefs vs. IND Colts,Jonathan Taylor,Jonathan Taylor (IND),1ère mi-temps - Yards rushing et receiving du joueur - Plus/Moins,31488,77082,1734348432,51.5|sa:player:nfl-1065406|IND,4505855565,Jonathan Taylor (IND) moins de 51.5,Jonathan Taylor (IND) moins de 51.5,51.5,1.8,0,False
16535421,KC Chiefs vs. IND Colts,Emmett Johnson,Emmett Johnson (KC),1ère mi-temps - Yards rushing et receiving du joueur - Plus/Moins,31488,77082,1734309215,10.5|sa:player:nfl-1379251|KC,4505747659,Emmett Johnson (KC) Plus de 10.5,Emmett Johnson (KC) Plus de 10.5,10.5,1.7693,0,False
16535421,KC Chiefs vs. IND Colts,Emmett Johnson,Emmett Johnson (KC),1ère mi-temps - Yards rushing et receiving du joueur - Plus/Moins,31488,77082,1734309215,10.5|sa:player:nfl-1379251|KC,4505747660,Emmett Johnson (KC) moins de 10.5,Emmett Johnson (KC) moins de 10.5,10.5,1.8334,0,False
16535421,KC Chiefs vs. IND Colts,Tyler Warren,Tyler Warren (IND),1ère mi-temps - Total de réceptions Plus/Moins,31485,77079,1733145224,2.5|sa:player:nfl-1229083|IND,4502059720,Tyler Warren (IND) moins de 2.5,Tyler Warren (IND) moins de 2.5,2.5,1.6471,0,False
16535421,KC Chiefs vs. IND Colts,Tyler Warren,Tyler Warren (IND),1ère mi-temps - Total de réceptions Plus/Moins,31485,77079,1733145224,2.5|sa:player:nfl-1229083|IND,4502059719,Tyler Warren (IND) Plus de 2.5,Tyler Warren (IND) Plus de 2.5,2.5,2.0,0,False
16535421,KC Chiefs vs. IND Colts,Rashee Rice,Rashee Rice (KC),1ère mi-temps - Total de réceptions Plus/Moins,31485,77079,1733145051,2.5|sa:player:nfl-1173538|KC,4502059413,Rashee Rice (KC) Plus de 2.5,Rashee Rice (KC) Plus de 2.5,2.5,2.05,0,False
16535421,KC Chiefs vs. IND Colts,Rashee Rice,Rashee Rice (KC),1ère mi-temps - Total de réceptions Plus/Moins,31485,77079,1733145051,2.5|sa:player:nfl-1173538|KC,4502059414,Rashee Rice (KC) moins de 2.5,Rashee Rice (KC) moins de 2.5,2.5,1.6061,0,False
16535421,KC Chiefs vs. IND Colts,Josh Downs,Josh Downs (IND),1ère mi-temps - Total de réceptions Plus/Moins,31485,77079,1736407581,2.5|sa:player:nfl-1215077|IND,4512831070,Josh Downs (IND) Plus de 2.5,Josh Downs (IND) Plus de 2.5,2.5,2.25,0,False
16535421,KC Chiefs vs. IND Colts,Josh Downs,Josh Downs (IND),1ère mi-temps - Total de réceptions Plus/Moins,31485,77079,1736407581,2.5|sa:player:nfl-1215077|IND,4512831071,Josh Downs (IND) moins de 2.5,Josh Downs (IND) moins de 2.5,2.5,1.5,0,False
16535421,KC Chiefs vs. IND Colts,Travis Kelce,Travis Kelce (KC),1ère mi-temps - Total de réceptions Plus/Moins,31485,77079,1733144299,1.5|sa:player:nfl-448240|KC,4502058097,Travis Kelce (KC) Plus de 1.5,Travis Kelce (KC) Plus de 1.5,1.5,1.5264,0,False
16535421,KC Chiefs vs. IND Colts,Travis Kelce,Travis Kelce (KC),1ère mi-temps - Total de réceptions Plus/Moins,31485,77079,1733144299,1.5|sa:player:nfl-448240|KC,4502058098,Travis Kelce (KC) moins de 1.5,Travis Kelce (KC) moins de 1.5,1.5,2.2,0,False
16535421,KC Chiefs vs. IND Colts,Keenan Allen,Keenan Allen (IND),1ère mi-temps - Total de réceptions Plus/Moins,31485,77079,1733144353,1.5|sa:player:nfl-557210|IND,4502058187,Keenan Allen (IND) Plus de 1.5,Keenan Allen (IND) Plus de 1.5,1.5,1.6471,0,False
16535421,KC Chiefs vs. IND Colts,Keenan Allen,Keenan Allen (IND),1ère mi-temps - Total de réceptions Plus/Moins,31485,77079,1733144353,1.5|sa:player:nfl-557210|IND,4502058188,Keenan Allen (IND) moins de 1.5,Keenan Allen (IND) moins de 1.5,1.5,2.0,0,False
16535421,KC Chiefs vs. IND Colts,Kenneth Walker III,Kenneth Walker III (KC),1ère mi-temps - Total de réceptions Plus/Moins,31485,77079,1733144961,1.5|sa:player:nfl-1164402|KC,4502059256,Kenneth Walker III (KC) moins de 1.5,Kenneth Walker III (KC) moins de 1.5,1.5,1.8696,0,False
16535421,KC Chiefs vs. IND Colts,Kenneth Walker III,Kenneth Walker III (KC),1ère mi-temps - Total de réceptions Plus/Moins,31485,77079,1733144961,1.5|sa:player:nfl-1164402|KC,4502059255,Kenneth Walker III (KC) Plus de 1.5,Kenneth Walker III (KC) Plus de 1.5,1.5,1.7408,0,False
16535421,KC Chiefs vs. IND Colts,Xavier Worthy,Xavier Worthy (KC),1ère mi-temps - Total de réceptions Plus/Moins,31485,77079,1733145459,1.5|sa:player:nfl-1326638|KC,4502060128,Xavier Worthy (KC) moins de 1.5,Xavier Worthy (KC) moins de 1.5,1.5,1.8334,0,False
16535421,KC Chiefs vs. IND Colts,Xavier Worthy,Xavier Worthy (KC),1ère mi-temps - Total de réceptions Plus/Moins,31485,77079,1733145459,1.5|sa:player:nfl-1326638|KC,4502060127,Xavier Worthy (KC) Plus de 1.5,Xavier Worthy (KC) Plus de 1.5,1.5,1.7693,0,False
16535421,KC Chiefs vs. IND Colts,Alec Pierce,Alec Pierce (IND),1ère mi-temps - Total de réceptions Plus/Moins,31485,77079,1733144692,1.5|sa:player:nfl-1107027|IND,4502058787,Alec Pierce (IND) Plus de 1.5,Alec Pierce (IND) Plus de 1.5,1.5,2.05,0,False
16535421,KC Chiefs vs. IND Colts,Alec Pierce,Alec Pierce (IND),1ère mi-temps - Total de réceptions Plus/Moins,31485,77079,1733144692,1.5|sa:player:nfl-1107027|IND,4502058788,Alec Pierce (IND) moins de 1.5,Alec Pierce (IND) moins de 1.5,1.5,1.6061,0,False
16535421,KC Chiefs vs. IND Colts,Jonathan Taylor,Jonathan Taylor (IND),1ère mi-temps - Total de réceptions Plus/Moins,31485,77079,1733144646,1.5|sa:player:nfl-1065406|IND,4502058705,Jonathan Taylor (IND) Plus de 1.5,Jonathan Taylor (IND) Plus de 1.5,1.5,2.25,0,False
16535421,KC Chiefs vs. IND Colts,Jonathan Taylor,Jonathan Taylor (IND),1ère mi-temps - Total de réceptions Plus/Moins,31485,77079,1733144646,1.5|sa:player:nfl-1065406|IND,4502058706,Jonathan Taylor (IND) moins de 1.5,Jonathan Taylor (IND) moins de 1.5,1.5,1.5,0,False
16535421,KC Chiefs vs. IND Colts,Tyquan Thornton,Tyquan Thornton (KC),1ère mi-temps - Total de réceptions Plus/Moins,31485,77079,1733144719,0.5|sa:player:nfl-1110301|KC,4502058832,Tyquan Thornton (KC) Plus de 0.5,Tyquan Thornton (KC) Plus de 0.5,0.5,1.7693,0,False
16535421,KC Chiefs vs. IND Colts,Tyquan Thornton,Tyquan Thornton (KC),1ère mi-temps - Total de réceptions Plus/Moins,31485,77079,1733144719,0.5|sa:player:nfl-1110301|KC,4502058833,Tyquan Thornton (KC) moins de 0.5,Tyquan Thornton (KC) moins de 0.5,0.5,1.8334,0,False
16535421,KC Chiefs vs. IND Colts,Noah Gray,Noah Gray (KC),1ère mi-temps - Total de réceptions Plus/Moins,31485,77079,1733144608,0.5|sa:player:nfl-1056981|KC,4502058640,Noah Gray (KC) Plus de 0.5,Noah Gray (KC) Plus de 0.5,0.5,1.8334,0,False
16535421,KC Chiefs vs. IND Colts,Noah Gray,Noah Gray (KC),1ère mi-temps - Total de réceptions Plus/Moins,31485,77079,1733144608,0.5|sa:player:nfl-1056981|KC,4502058641,Noah Gray (KC) moins de 0.5,Noah Gray (KC) moins de 0.5,0.5,1.7693,0,False
16535421,KC Chiefs vs. IND Colts,Emmett Johnson,Emmett Johnson (KC),1ère mi-temps - Total de réceptions Plus/Moins,31485,77079,1733145491,0.5|sa:player:nfl-1379251|KC,4502060181,Emmett Johnson (KC) Plus de 0.5,Emmett Johnson (KC) Plus de 0.5,0.5,1.8696,0,False
16535421,KC Chiefs vs. IND Colts,Emmett Johnson,Emmett Johnson (KC),1ère mi-temps - Total de réceptions Plus/Moins,31485,77079,1733145491,0.5|sa:player:nfl-1379251|KC,4502060182,Emmett Johnson (KC) moins de 0.5,Emmett Johnson (KC) moins de 0.5,0.5,1.7408,0,False
16535421,KC Chiefs vs. IND Colts,Rashee Rice,Rashee Rice (KC),1ère mi-temps - Yards reçus par le joueur - Plus/Moins,31464,77058,1733562047,21.5|sa:player:nfl-1173538|KC,4503692416,Rashee Rice (KC) Plus de 21.5,Rashee Rice (KC) Plus de 21.5,21.5,1.7693,0,False
16535421,KC Chiefs vs. IND Colts,Rashee Rice,Rashee Rice (KC),1ère mi-temps - Yards reçus par le joueur - Plus/Moins,31464,77058,1733562047,21.5|sa:player:nfl-1173538|KC,4503692417,Rashee Rice (KC) moins de 21.5,Rashee Rice (KC) moins de 21.5,21.5,1.8334,0,False
16535421,KC Chiefs vs. IND Colts,Tyler Warren,Tyler Warren (IND),1ère mi-temps - Yards reçus par le joueur - Plus/Moins,31464,77058,1733174525,19.5|sa:player:nfl-1229083|IND,4502142364,Tyler Warren (IND) Plus de 19.5,Tyler Warren (IND) Plus de 19.5,19.5,1.7693,0,False
16535421,KC Chiefs vs. IND Colts,Tyler Warren,Tyler Warren (IND),1ère mi-temps - Yards reçus par le joueur - Plus/Moins,31464,77058,1733174525,19.5|sa:player:nfl-1229083|IND,4502142365,Tyler Warren (IND) moins de 19.5,Tyler Warren (IND) moins de 19.5,19.5,1.8334,0,False
16535421,KC Chiefs vs. IND Colts,Travis Kelce,Travis Kelce (KC),1ère mi-temps - Yards reçus par le joueur - Plus/Moins,31464,77058,1733144293,18.5|sa:player:nfl-448240|KC,4502058085,Travis Kelce (KC) Plus de 18.5,Travis Kelce (KC) Plus de 18.5,18.5,1.8334,0,False
16535421,KC Chiefs vs. IND Colts,Travis Kelce,Travis Kelce (KC),1ère mi-temps - Yards reçus par le joueur - Plus/Moins,31464,77058,1733144293,18.5|sa:player:nfl-448240|KC,4502058086,Travis Kelce (KC) moins de 18.5,Travis Kelce (KC) moins de 18.5,18.5,1.7693,0,False
16535421,KC Chiefs vs. IND Colts,Alec Pierce,Alec Pierce (IND),1ère mi-temps - Yards reçus par le joueur - Plus/Moins,31464,77058,1733174497,17.5|sa:player:nfl-1107027|IND,4502142308,Alec Pierce (IND) Plus de 17.5,Alec Pierce (IND) Plus de 17.5,17.5,1.7693,0,False
16535421,KC Chiefs vs. IND Colts,Alec Pierce,Alec Pierce (IND),1ère mi-temps - Yards reçus par le joueur - Plus/Moins,31464,77058,1733174497,17.5|sa:player:nfl-1107027|IND,4502142309,Alec Pierce (IND) moins de 17.5,Alec Pierce (IND) moins de 17.5,17.5,1.8334,0,False
16535421,KC Chiefs vs. IND Colts,Josh Downs,Josh Downs (IND),1ère mi-temps - Yards reçus par le joueur - Plus/Moins,31464,77058,1736122223,17.5|sa:player:nfl-1215077|IND,4511880829,Josh Downs (IND) Plus de 17.5,Josh Downs (IND) Plus de 17.5,17.5,1.7693,0,False
16535421,KC Chiefs vs. IND Colts,Josh Downs,Josh Downs (IND),1ère mi-temps - Yards reçus par le joueur - Plus/Moins,31464,77058,1736122223,17.5|sa:player:nfl-1215077|IND,4511880830,Josh Downs (IND) moins de 17.5,Josh Downs (IND) moins de 17.5,17.5,1.8334,0,False
16535421,KC Chiefs vs. IND Colts,Xavier Worthy,Xavier Worthy (KC),1ère mi-temps - Yards reçus par le joueur - Plus/Moins,31464,77058,1734328957,16.5|sa:player:nfl-1326638|KC,4505805305,Xavier Worthy (KC) Plus de 16.5,Xavier Worthy (KC) Plus de 16.5,16.5,1.8334,0,False
16535421,KC Chiefs vs. IND Colts,Xavier Worthy,Xavier Worthy (KC),1ère mi-temps - Yards reçus par le joueur - Plus/Moins,31464,77058,1734328957,16.5|sa:player:nfl-1326638|KC,4505805306,Xavier Worthy (KC) moins de 16.5,Xavier Worthy (KC) moins de 16.5,16.5,1.7693,0,False
16535421,KC Chiefs vs. IND Colts,Keenan Allen,Keenan Allen (IND),1ère mi-temps - Yards reçus par le joueur - Plus/Moins,31464,77058,1735837712,12.5|sa:player:nfl-557210|IND,4510884115,Keenan Allen (IND) Plus de 12.5,Keenan Allen (IND) Plus de 12.5,12.5,1.7693,0,False
16535421,KC Chiefs vs. IND Colts,Keenan Allen,Keenan Allen (IND),1ère mi-temps - Yards reçus par le joueur - Plus/Moins,31464,77058,1735837712,12.5|sa:player:nfl-557210|IND,4510884116,Keenan Allen (IND) moins de 12.5,Keenan Allen (IND) moins de 12.5,12.5,1.8334,0,False
16535421,KC Chiefs vs. IND Colts,Kenneth Walker III,Kenneth Walker III (KC),1ère mi-temps - Yards reçus par le joueur - Plus/Moins,31464,77058,1733162180,9.5|sa:player:nfl-1164402|KC,4502109646,Kenneth Walker III (KC) Plus de 9.5,Kenneth Walker III (KC) Plus de 9.5,9.5,1.7693,0,False
16535421,KC Chiefs vs. IND Colts,Kenneth Walker III,Kenneth Walker III (KC),1ère mi-temps - Yards reçus par le joueur - Plus/Moins,31464,77058,1733162180,9.5|sa:player:nfl-1164402|KC,4502109647,Kenneth Walker III (KC) moins de 9.5,Kenneth Walker III (KC) moins de 9.5,9.5,1.8334,0,False
16535421,KC Chiefs vs. IND Colts,Jonathan Taylor,Jonathan Taylor (IND),1ère mi-temps - Yards reçus par le joueur - Plus/Moins,31464,77058,1742540503,5.5|sa:player:nfl-1065406|IND,4533663936,Jonathan Taylor (IND) moins de 5.5,Jonathan Taylor (IND) moins de 5.5,5.5,1.8,0,False
16535421,KC Chiefs vs. IND Colts,Jonathan Taylor,Jonathan Taylor (IND),1ère mi-temps - Yards reçus par le joueur - Plus/Moins,31464,77058,1742540503,5.5|sa:player:nfl-1065406|IND,4533663935,Jonathan Taylor (IND) Plus de 5.5,Jonathan Taylor (IND) Plus de 5.5,5.5,1.8,0,False
16535421,KC Chiefs vs. IND Colts,Tyquan Thornton,Tyquan Thornton (KC),1ère mi-temps - Yards reçus par le joueur - Plus/Moins,31464,77058,1735580566,1.5|sa:player:nfl-1110301|KC,4510223114,Tyquan Thornton (KC) Plus de 1.5,Tyquan Thornton (KC) Plus de 1.5,1.5,1.8334,0,False
16535421,KC Chiefs vs. IND Colts,Tyquan Thornton,Tyquan Thornton (KC),1ère mi-temps - Yards reçus par le joueur - Plus/Moins,31464,77058,1735580566,1.5|sa:player:nfl-1110301|KC,4510223115,Tyquan Thornton (KC) moins de 1.5,Tyquan Thornton (KC) moins de 1.5,1.5,1.7693,0,False
16535421,KC Chiefs vs. IND Colts,Noah Gray,Noah Gray (KC),1ère mi-temps - Yards reçus par le joueur - Plus/Moins,31464,77058,1733144602,0.5|sa:player:nfl-1056981|KC,4502058628,Noah Gray (KC) Plus de 0.5,Noah Gray (KC) Plus de 0.5,0.5,1.8334,0,False
16535421,KC Chiefs vs. IND Colts,Noah Gray,Noah Gray (KC),1ère mi-temps - Yards reçus par le joueur - Plus/Moins,31464,77058,1733144602,0.5|sa:player:nfl-1056981|KC,4502058629,Noah Gray (KC) moins de 0.5,Noah Gray (KC) moins de 0.5,0.5,1.7693,0,False
16535421,KC Chiefs vs. IND Colts,Emmett Johnson,Emmett Johnson (KC),1ère mi-temps - Yards reçus par le joueur - Plus/Moins,31464,77058,1733145485,0.5|sa:player:nfl-1379251|KC,4502060169,Emmett Johnson (KC) Plus de 0.5,Emmett Johnson (KC) Plus de 0.5,0.5,2.05,0,False
16535421,KC Chiefs vs. IND Colts,Emmett Johnson,Emmett Johnson (KC),1ère mi-temps - Yards reçus par le joueur - Plus/Moins,31464,77058,1733145485,0.5|sa:player:nfl-1379251|KC,4502060170,Emmett Johnson (KC) moins de 0.5,Emmett Johnson (KC) moins de 0.5,0.5,1.6061,0,False
16535421,KC Chiefs vs. IND Colts,Rashee Rice,Rashee Rice (KC),1ère mi-temps - Touchdowns de réception du joueur Plus / Moins,31467,77061,1733145048,0.5|sa:player:nfl-1173538|KC,4502059408,Rashee Rice (KC) moins de 0.5,Rashee Rice (KC) moins de 0.5,0.5,1.1667,0,False
16535421,KC Chiefs vs. IND Colts,Rashee Rice,Rashee Rice (KC),1ère mi-temps - Touchdowns de réception du joueur Plus / Moins,31467,77061,1733145048,0.5|sa:player:nfl-1173538|KC,4502059407,Rashee Rice (KC) Plus de 0.5,Rashee Rice (KC) Plus de 0.5,0.5,4.0,0,False
16535421,KC Chiefs vs. IND Colts,Travis Kelce,Travis Kelce (KC),1ère mi-temps - Touchdowns de réception du joueur Plus / Moins,31467,77061,1733144296,0.5|sa:player:nfl-448240|KC,4502058091,Travis Kelce (KC) Plus de 0.5,Travis Kelce (KC) Plus de 0.5,0.5,4.0,0,False
16535421,KC Chiefs vs. IND Colts,Travis Kelce,Travis Kelce (KC),1ère mi-temps - Touchdowns de réception du joueur Plus / Moins,31467,77061,1733144296,0.5|sa:player:nfl-448240|KC,4502058092,Travis Kelce (KC) moins de 0.5,Travis Kelce (KC) moins de 0.5,0.5,1.1667,0,False
16535421,KC Chiefs vs. IND Colts,Alec Pierce,Alec Pierce (IND),1ère mi-temps - Touchdowns de réception du joueur Plus / Moins,31467,77061,1733144689,0.5|sa:player:nfl-1107027|IND,4502058781,Alec Pierce (IND) Plus de 0.5,Alec Pierce (IND) Plus de 0.5,0.5,5.25,0,False
16535421,KC Chiefs vs. IND Colts,Alec Pierce,Alec Pierce (IND),1ère mi-temps - Touchdowns de réception du joueur Plus / Moins,31467,77061,1733144689,0.5|sa:player:nfl-1107027|IND,4502058782,Alec Pierce (IND) moins de 0.5,Alec Pierce (IND) moins de 0.5,0.5,1.0834,0,False
16535421,KC Chiefs vs. IND Colts,Xavier Worthy,Xavier Worthy (KC),1ère mi-temps - Touchdowns de réception du joueur Plus / Moins,31467,77061,1733145456,0.5|sa:player:nfl-1326638|KC,4502060121,Xavier Worthy (KC) Plus de 0.5,Xavier Worthy (KC) Plus de 0.5,0.5,5.25,0,False
16535421,KC Chiefs vs. IND Colts,Xavier Worthy,Xavier Worthy (KC),1ère mi-temps - Touchdowns de réception du joueur Plus / Moins,31467,77061,1733145456,0.5|sa:player:nfl-1326638|KC,4502060122,Xavier Worthy (KC) moins de 0.5,Xavier Worthy (KC) moins de 0.5,0.5,1.0834,0,False
16535421,KC Chiefs vs. IND Colts,Tyler Warren,Tyler Warren (IND),1ère mi-temps - Touchdowns de réception du joueur Plus / Moins,31467,77061,1733145221,0.5|sa:player:nfl-1229083|IND,4502059713,Tyler Warren (IND) Plus de 0.5,Tyler Warren (IND) Plus de 0.5,0.5,5.75,0,False
16535421,KC Chiefs vs. IND Colts,Tyler Warren,Tyler Warren (IND),1ère mi-temps - Touchdowns de réception du joueur Plus / Moins,31467,77061,1733145221,0.5|sa:player:nfl-1229083|IND,4502059714,Tyler Warren (IND) moins de 0.5,Tyler Warren (IND) moins de 0.5,0.5,1.0715,0,False
16535421,KC Chiefs vs. IND Colts,Josh Downs,Josh Downs (IND),1ère mi-temps - Touchdowns de réception du joueur Plus / Moins,31467,77061,1733145177,0.5|sa:player:nfl-1215077|IND,4502059637,Josh Downs (IND) Plus de 0.5,Josh Downs (IND) Plus de 0.5,0.5,6.25,0,False
16535421,KC Chiefs vs. IND Colts,Josh Downs,Josh Downs (IND),1ère mi-temps - Touchdowns de réception du joueur Plus / Moins,31467,77061,1733145177,0.5|sa:player:nfl-1215077|IND,4502059638,Josh Downs (IND) moins de 0.5,Josh Downs (IND) moins de 0.5,0.5,1.05,0,False
16535421,KC Chiefs vs. IND Colts,Keenan Allen,Keenan Allen (IND),1ère mi-temps - Touchdowns de réception du joueur Plus / Moins,31467,77061,1733144350,0.5|sa:player:nfl-557210|IND,4502058181,Keenan Allen (IND) Plus de 0.5,Keenan Allen (IND) Plus de 0.5,0.5,6.25,0,False
16535421,KC Chiefs vs. IND Colts,Keenan Allen,Keenan Allen (IND),1ère mi-temps - Touchdowns de réception du joueur Plus / Moins,31467,77061,1733144350,0.5|sa:player:nfl-557210|IND,4502058182,Keenan Allen (IND) moins de 0.5,Keenan Allen (IND) moins de 0.5,0.5,1.05,0,False
16535421,KC Chiefs vs. IND Colts,Kenneth Walker III,Kenneth Walker III (KC),1ère mi-temps - Touchdowns de réception du joueur Plus / Moins,31467,77061,1733144892,0.5|sa:player:nfl-1164402|KC,4502059137,Kenneth Walker III (KC) Plus de 0.5,Kenneth Walker III (KC) Plus de 0.5,0.5,6.75,0,False
16535421,KC Chiefs vs. IND Colts,Kenneth Walker III,Kenneth Walker III (KC),1ère mi-temps - Touchdowns de réception du joueur Plus / Moins,31467,77061,1733144892,0.5|sa:player:nfl-1164402|KC,4502059138,Kenneth Walker III (KC) moins de 0.5,Kenneth Walker III (KC) moins de 0.5,0.5,1.04,0,False
16535421,KC Chiefs vs. IND Colts,Tyquan Thornton,Tyquan Thornton (KC),1ère mi-temps - Touchdowns de réception du joueur Plus / Moins,31467,77061,1733144716,0.5|sa:player:nfl-1110301|KC,4502058826,Tyquan Thornton (KC) Plus de 0.5,Tyquan Thornton (KC) Plus de 0.5,0.5,6.75,0,False
16535421,KC Chiefs vs. IND Colts,Tyquan Thornton,Tyquan Thornton (KC),1ère mi-temps - Touchdowns de réception du joueur Plus / Moins,31467,77061,1733144716,0.5|sa:player:nfl-1110301|KC,4502058827,Tyquan Thornton (KC) moins de 0.5,Tyquan Thornton (KC) moins de 0.5,0.5,1.04,0,False
16535421,KC Chiefs vs. IND Colts,Jonathan Taylor,Jonathan Taylor (IND),1ère mi-temps - Touchdowns de réception du joueur Plus / Moins,31467,77061,1733144643,0.5|sa:player:nfl-1065406|IND,4502058699,Jonathan Taylor (IND) Plus de 0.5,Jonathan Taylor (IND) Plus de 0.5,0.5,7.5,0,False
16535421,KC Chiefs vs. IND Colts,Jonathan Taylor,Jonathan Taylor (IND),1ère mi-temps - Touchdowns de réception du joueur Plus / Moins,31467,77061,1733144643,0.5|sa:player:nfl-1065406|IND,4502058700,Jonathan Taylor (IND) moins de 0.5,Jonathan Taylor (IND) moins de 0.5,0.5,1.02,0,False
16535421,KC Chiefs vs. IND Colts,Noah Gray,Noah Gray (KC),1ère mi-temps - Touchdowns de réception du joueur Plus / Moins,31467,77061,1733144605,0.5|sa:player:nfl-1056981|KC,4502058634,Noah Gray (KC) Plus de 0.5,Noah Gray (KC) Plus de 0.5,0.5,7.75,0,False
16535421,KC Chiefs vs. IND Colts,Noah Gray,Noah Gray (KC),1ère mi-temps - Touchdowns de réception du joueur Plus / Moins,31467,77061,1733144605,0.5|sa:player:nfl-1056981|KC,4502058635,Noah Gray (KC) moins de 0.5,Noah Gray (KC) moins de 0.5,0.5,1.02,0,False
16535421,KC Chiefs vs. IND Colts,Brashard Smith,Brashard Smith (KC),1ère mi-temps - Touchdowns de réception du joueur Plus / Moins,31467,77061,1733145398,0.5|sa:player:nfl-1313668|KC,4502060017,Brashard Smith (KC) Plus de 0.5,Brashard Smith (KC) Plus de 0.5,0.5,8.5,0,False
16535421,KC Chiefs vs. IND Colts,Brashard Smith,Brashard Smith (KC),1ère mi-temps - Touchdowns de réception du joueur Plus / Moins,31467,77061,1733145398,0.5|sa:player:nfl-1313668|KC,4502060018,Brashard Smith (KC) moins de 0.5,Brashard Smith (KC) moins de 0.5,0.5,0.0,7,False
16535421,KC Chiefs vs. IND Colts,Cyrus Allen,Cyrus Allen (KC),1ère mi-temps - Touchdowns de réception du joueur Plus / Moins,31467,77061,1733145535,0.5|sa:player:nfl-1382670|KC,4502060259,Cyrus Allen (KC) Plus de 0.5,Cyrus Allen (KC) Plus de 0.5,0.5,8.5,0,False
16535421,KC Chiefs vs. IND Colts,Cyrus Allen,Cyrus Allen (KC),1ère mi-temps - Touchdowns de réception du joueur Plus / Moins,31467,77061,1733145535,0.5|sa:player:nfl-1382670|KC,4502060260,Cyrus Allen (KC) moins de 0.5,Cyrus Allen (KC) moins de 0.5,0.5,0.0,7,False
16535421,KC Chiefs vs. IND Colts,Emmett Johnson,Emmett Johnson (KC),1ère mi-temps - Touchdowns de réception du joueur Plus / Moins,31467,77061,1733145488,0.5|sa:player:nfl-1379251|KC,4502060176,Emmett Johnson (KC) moins de 0.5,Emmett Johnson (KC) moins de 0.5,0.5,0.0,7,False
16535421,KC Chiefs vs. IND Colts,Emmett Johnson,Emmett Johnson (KC),1ère mi-temps - Touchdowns de réception du joueur Plus / Moins,31467,77061,1733145488,0.5|sa:player:nfl-1379251|KC,4502060175,Emmett Johnson (KC) Plus de 0.5,Emmett Johnson (KC) Plus de 0.5,0.5,8.5,0,False
16535421,KC Chiefs vs. IND Colts,Jake Briningstool,Jake Briningstool (KC),1ère mi-temps - Touchdowns de réception du joueur Plus / Moins,31467,77061,1733145297,0.5|sa:player:nfl-1287639|KC,4502059843,Jake Briningstool (KC) Plus de 0.5,Jake Briningstool (KC) Plus de 0.5,0.5,8.5,0,False
16535421,KC Chiefs vs. IND Colts,Jake Briningstool,Jake Briningstool (KC),1ère mi-temps - Touchdowns de réception du joueur Plus / Moins,31467,77061,1733145297,0.5|sa:player:nfl-1287639|KC,4502059844,Jake Briningstool (KC) moins de 0.5,Jake Briningstool (KC) moins de 0.5,0.5,0.0,7,False
16535421,KC Chiefs vs. IND Colts,Laquon Treadwell,Laquon Treadwell (IND),1ère mi-temps - Touchdowns de réception du joueur Plus / Moins,31467,77061,1733144414,0.5|sa:player:nfl-748554|IND,4502058289,Laquon Treadwell (IND) Plus de 0.5,Laquon Treadwell (IND) Plus de 0.5,0.5,8.5,0,False
16535421,KC Chiefs vs. IND Colts,Laquon Treadwell,Laquon Treadwell (IND),1ère mi-temps - Touchdowns de réception du joueur Plus / Moins,31467,77061,1733144414,0.5|sa:player:nfl-748554|IND,4502058290,Laquon Treadwell (IND) moins de 0.5,Laquon Treadwell (IND) moins de 0.5,0.5,0.0,7,False
16535421,KC Chiefs vs. IND Colts,Mo Alie-Cox,Mo Alie-Cox (IND),1ère mi-temps - Touchdowns de réception du joueur Plus / Moins,31467,77061,1733144382,0.5|sa:player:nfl-712506|IND,4502058235,Mo Alie-Cox (IND) Plus de 0.5,Mo Alie-Cox (IND) Plus de 0.5,0.5,8.5,0,False
16535421,KC Chiefs vs. IND Colts,Mo Alie-Cox,Mo Alie-Cox (IND),1ère mi-temps - Touchdowns de réception du joueur Plus / Moins,31467,77061,1733144382,0.5|sa:player:nfl-712506|IND,4502058236,Mo Alie-Cox (IND) moins de 0.5,Mo Alie-Cox (IND) moins de 0.5,0.5,0.0,7,False
16535421,KC Chiefs vs. IND Colts,Jalen Royals,Jalen Royals (KC),1ère mi-temps - Touchdowns de réception du joueur Plus / Moins,31467,77061,1733144930,0.5|sa:player:nfl-1403491|KC,4502059204,Jalen Royals (KC) Plus de 0.5,Jalen Royals (KC) Plus de 0.5,0.5,9.0,0,False
16535421,KC Chiefs vs. IND Colts,Jalen Royals,Jalen Royals (KC),1ère mi-temps - Touchdowns de réception du joueur Plus / Moins,31467,77061,1733144930,0.5|sa:player:nfl-1403491|KC,4502059205,Jalen Royals (KC) moins de 0.5,Jalen Royals (KC) moins de 0.5,0.5,0.0,7,False
16535421,KC Chiefs vs. IND Colts,Patrick Mahomes,Patrick Mahomes (KC),1ère mi-temps - Total de yards à la passe du joueur Plus/Moins,31458,77052,1733166950,110.5|sa:player:nfl-839031|KC,4502122334,Patrick Mahomes (KC) Plus de 110.5,Patrick Mahomes (KC) Plus de 110.5,110.5,1.7693,0,False
16535421,KC Chiefs vs. IND Colts,Patrick Mahomes,Patrick Mahomes (KC),1ère mi-temps - Total de yards à la passe du joueur Plus/Moins,31458,77052,1733166950,110.5|sa:player:nfl-839031|KC,4502122335,Patrick Mahomes (KC) moins de 110.5,Patrick Mahomes (KC) moins de 110.5,110.5,1.8334,0,False
16535421,KC Chiefs vs. IND Colts,Daniel Jones,Daniel Jones (IND),1ère mi-temps - Total de yards à la passe du joueur Plus/Moins,31458,77052,1739860630,102.5|sa:player:nfl-879981|IND,4525980740,Daniel Jones (IND) Plus de 102.5,Daniel Jones (IND) Plus de 102.5,102.5,1.8334,0,False
16535421,KC Chiefs vs. IND Colts,Daniel Jones,Daniel Jones (IND),1ère mi-temps - Total de yards à la passe du joueur Plus/Moins,31458,77052,1739860630,102.5|sa:player:nfl-879981|IND,4525980741,Daniel Jones (IND) moins de 102.5,Daniel Jones (IND) moins de 102.5,102.5,1.7693,0,False
16535421,KC Chiefs vs. IND Colts,Patrick Mahomes,Patrick Mahomes (KC),1ère mi-temps - Total de Touchdowns à la passe du joueur - Plus/Moins,31461,77055,1733144449,0.5|sa:player:nfl-839031|KC,4502058350,Patrick Mahomes (KC) Plus de 0.5,Patrick Mahomes (KC) Plus de 0.5,0.5,1.5264,0,False
16535421,KC Chiefs vs. IND Colts,Patrick Mahomes,Patrick Mahomes (KC),1ère mi-temps - Total de Touchdowns à la passe du joueur - Plus/Moins,31461,77055,1733144449,0.5|sa:player:nfl-839031|KC,4502058351,Patrick Mahomes (KC) moins de 0.5,Patrick Mahomes (KC) moins de 0.5,0.5,2.2,0,False
16535421,KC Chiefs vs. IND Colts,Daniel Jones,Daniel Jones (IND),1ère mi-temps - Total de Touchdowns à la passe du joueur - Plus/Moins,31461,77055,1733144523,0.5|sa:player:nfl-879981|IND,4502058485,Daniel Jones (IND) Plus de 0.5,Daniel Jones (IND) Plus de 0.5,0.5,2.0,0,False
16535421,KC Chiefs vs. IND Colts,Daniel Jones,Daniel Jones (IND),1ère mi-temps - Total de Touchdowns à la passe du joueur - Plus/Moins,31461,77055,1733144523,0.5|sa:player:nfl-879981|IND,4502058486,Daniel Jones (IND) moins de 0.5,Daniel Jones (IND) moins de 0.5,0.5,1.6471,0,False
16535421,KC Chiefs vs. IND Colts,Patrick Mahomes,Patrick Mahomes (KC),1ère mi-temps - Passes réussies du joueur - Plus/Moins,31491,77085,1733144461,10.5|sa:player:nfl-839031|KC,4502058374,Patrick Mahomes (KC) Plus de 10.5,Patrick Mahomes (KC) Plus de 10.5,10.5,1.7693,0,False
16535421,KC Chiefs vs. IND Colts,Patrick Mahomes,Patrick Mahomes (KC),1ère mi-temps - Passes réussies du joueur - Plus/Moins,31491,77085,1733144461,10.5|sa:player:nfl-839031|KC,4502058375,Patrick Mahomes (KC) moins de 10.5,Patrick Mahomes (KC) moins de 10.5,10.5,1.8334,0,False
16535421,KC Chiefs vs. IND Colts,Daniel Jones,Daniel Jones (IND),1ère mi-temps - Passes réussies du joueur - Plus/Moins,31491,77085,1733162221,10.5|sa:player:nfl-879981|IND,4502109750,Daniel Jones (IND) Plus de 10.5,Daniel Jones (IND) Plus de 10.5,10.5,1.8696,0,False
16535421,KC Chiefs vs. IND Colts,Daniel Jones,Daniel Jones (IND),1ère mi-temps - Passes réussies du joueur - Plus/Moins,31491,77085,1733162221,10.5|sa:player:nfl-879981|IND,4502109751,Daniel Jones (IND) moins de 10.5,Daniel Jones (IND) moins de 10.5,10.5,1.7408,0,False
16535421,KC Chiefs vs. IND Colts,Daniel Jones,Daniel Jones (IND),1ère mi-temps - Joueur Tentative de passe - Plus/Moins,31479,77073,1733159768,16.5|sa:player:nfl-879981|IND,4502104082,Daniel Jones (IND) Plus de 16.5,Daniel Jones (IND) Plus de 16.5,16.5,1.9091,0,False
16535421,KC Chiefs vs. IND Colts,Daniel Jones,Daniel Jones (IND),1ère mi-temps - Joueur Tentative de passe - Plus/Moins,31479,77073,1733159768,16.5|sa:player:nfl-879981|IND,4502104083,Daniel Jones (IND) moins de 16.5,Daniel Jones (IND) moins de 16.5,16.5,1.7143,0,False
16535421,KC Chiefs vs. IND Colts,Patrick Mahomes,Patrick Mahomes (KC),1ère mi-temps - Joueur Tentative de passe - Plus/Moins,31479,77073,1733144458,15.5|sa:player:nfl-839031|KC,4502058368,Patrick Mahomes (KC) Plus de 15.5,Patrick Mahomes (KC) Plus de 15.5,15.5,1.9524,0,False
16535421,KC Chiefs vs. IND Colts,Patrick Mahomes,Patrick Mahomes (KC),1ère mi-temps - Joueur Tentative de passe - Plus/Moins,31479,77073,1733144458,15.5|sa:player:nfl-839031|KC,4502058369,Patrick Mahomes (KC) moins de 15.5,Patrick Mahomes (KC) moins de 15.5,15.5,1.6667,0,False
16535421,KC Chiefs vs. IND Colts,Daniel Jones,Daniel Jones (IND),1ère mi-temps - Interceptions du joueur Plus/Moins,31476,77070,1733144529,0.5|sa:player:nfl-879981|IND,4502058497,Daniel Jones (IND) Plus de 0.5,Daniel Jones (IND) Plus de 0.5,0.5,2.7,0,False
16535421,KC Chiefs vs. IND Colts,Daniel Jones,Daniel Jones (IND),1ère mi-temps - Interceptions du joueur Plus/Moins,31476,77070,1733144529,0.5|sa:player:nfl-879981|IND,4502058498,Daniel Jones (IND) moins de 0.5,Daniel Jones (IND) moins de 0.5,0.5,1.3572,0,False
16535421,KC Chiefs vs. IND Colts,Patrick Mahomes,Patrick Mahomes (KC),1ère mi-temps - Interceptions du joueur Plus/Moins,31476,77070,1733144455,0.5|sa:player:nfl-839031|KC,4502058362,Patrick Mahomes (KC) Plus de 0.5,Patrick Mahomes (KC) Plus de 0.5,0.5,3.6,0,False
16535421,KC Chiefs vs. IND Colts,Patrick Mahomes,Patrick Mahomes (KC),1ère mi-temps - Interceptions du joueur Plus/Moins,31476,77070,1733144455,0.5|sa:player:nfl-839031|KC,4502058363,Patrick Mahomes (KC) moins de 0.5,Patrick Mahomes (KC) moins de 0.5,0.5,1.2,0,False
16535421,KC Chiefs vs. IND Colts,Patrick Mahomes,Patrick Mahomes (KC),Total de Touchdowns à la passe du joueur (Incl. Prolongations),761,71923,1733144438,1.5|sa:player:nfl-839031|KC,4502058328,Patrick Mahomes (KC) Plus de 1.5,Patrick Mahomes (KC) Plus de 1.5,1.5,1.8,0,False
16535421,KC Chiefs vs. IND Colts,Patrick Mahomes,Patrick Mahomes (KC),Total de Touchdowns à la passe du joueur (Incl. Prolongations),761,71923,1733144438,1.5|sa:player:nfl-839031|KC,4502058329,Patrick Mahomes (KC) moins de 1.5,Patrick Mahomes (KC) moins de 1.5,1.5,1.8334,0,False
16535421,KC Chiefs vs. IND Colts,Daniel Jones,Daniel Jones (IND),Total de Touchdowns à la passe du joueur (Incl. Prolongations),761,71923,1733144512,1.5|sa:player:nfl-879981|IND,4502058464,Daniel Jones (IND) moins de 1.5,Daniel Jones (IND) moins de 1.5,1.5,1.4,0,False
16535421,KC Chiefs vs. IND Colts,Daniel Jones,Daniel Jones (IND),Total de Touchdowns à la passe du joueur (Incl. Prolongations),761,71923,1733144512,1.5|sa:player:nfl-879981|IND,4502058463,Daniel Jones (IND) Plus de 1.5,Daniel Jones (IND) Plus de 1.5,1.5,2.6,0,False
16535421,KC Chiefs vs. IND Colts,Kenneth Walker III,Kenneth Walker III (KC),2ème mi-temps - Total de yards à la course du joueur Plus/Moins,31471,77065,1733174509,38.5|sa:player:nfl-1164402|KC,4502142332,Kenneth Walker III (KC) Plus de 38.5,Kenneth Walker III (KC) Plus de 38.5,38.5,1.8334,0,False
16535421,KC Chiefs vs. IND Colts,Kenneth Walker III,Kenneth Walker III (KC),2ème mi-temps - Total de yards à la course du joueur Plus/Moins,31471,77065,1733174509,38.5|sa:player:nfl-1164402|KC,4502142333,Kenneth Walker III (KC) moins de 38.5,Kenneth Walker III (KC) moins de 38.5,38.5,1.7693,0,False
16535421,KC Chiefs vs. IND Colts,Jonathan Taylor,Jonathan Taylor (IND),2ème mi-temps - Total de yards à la course du joueur Plus/Moins,31471,77065,1733159799,33.5|sa:player:nfl-1065406|IND,4502104144,Jonathan Taylor (IND) Plus de 33.5,Jonathan Taylor (IND) Plus de 33.5,33.5,1.7693,0,False
16535421,KC Chiefs vs. IND Colts,Jonathan Taylor,Jonathan Taylor (IND),2ème mi-temps - Total de yards à la course du joueur Plus/Moins,31471,77065,1733159799,33.5|sa:player:nfl-1065406|IND,4502104145,Jonathan Taylor (IND) moins de 33.5,Jonathan Taylor (IND) moins de 33.5,33.5,1.8334,0,False
16535421,KC Chiefs vs. IND Colts,Emmett Johnson,Emmett Johnson (KC),2ème mi-temps - Total de yards à la course du joueur Plus/Moins,31471,77065,1733562065,8.5|sa:player:nfl-1379251|KC,4503692452,Emmett Johnson (KC) Plus de 8.5,Emmett Johnson (KC) Plus de 8.5,8.5,1.8334,0,False
16535421,KC Chiefs vs. IND Colts,Emmett Johnson,Emmett Johnson (KC),2ème mi-temps - Total de yards à la course du joueur Plus/Moins,31471,77065,1733562065,8.5|sa:player:nfl-1379251|KC,4503692453,Emmett Johnson (KC) moins de 8.5,Emmett Johnson (KC) moins de 8.5,8.5,1.7693,0,False
16535421,KC Chiefs vs. IND Colts,Patrick Mahomes,Patrick Mahomes (KC),2ème mi-temps - Total de yards à la course du joueur Plus/Moins,31471,77065,1737206693,7.5|sa:player:nfl-839031|KC,4516459304,Patrick Mahomes (KC) Plus de 7.5,Patrick Mahomes (KC) Plus de 7.5,7.5,1.8334,0,False
16535421,KC Chiefs vs. IND Colts,Patrick Mahomes,Patrick Mahomes (KC),2ème mi-temps - Total de yards à la course du joueur Plus/Moins,31471,77065,1737206693,7.5|sa:player:nfl-839031|KC,4516459305,Patrick Mahomes (KC) moins de 7.5,Patrick Mahomes (KC) moins de 7.5,7.5,1.7693,0,False
16535421,KC Chiefs vs. IND Colts,Daniel Jones,Daniel Jones (IND),2ème mi-temps - Total de yards à la course du joueur Plus/Moins,31471,77065,1734336866,2.5|sa:player:nfl-879981|IND,4505826454,Daniel Jones (IND) Plus de 2.5,Daniel Jones (IND) Plus de 2.5,2.5,1.8334,0,False
16535421,KC Chiefs vs. IND Colts,Daniel Jones,Daniel Jones (IND),2ème mi-temps - Total de yards à la course du joueur Plus/Moins,31471,77065,1734336866,2.5|sa:player:nfl-879981|IND,4505826455,Daniel Jones (IND) moins de 2.5,Daniel Jones (IND) moins de 2.5,2.5,1.7693,0,False
16535421,KC Chiefs vs. IND Colts,Kenneth Walker III,Kenneth Walker III (KC),2ème mi-temps - Touchdowns de course du joueur Plus / Moins,31474,77068,1733144972,0.5|sa:player:nfl-1164402|KC,4502059277,Kenneth Walker III (KC) Plus de 0.5,Kenneth Walker III (KC) Plus de 0.5,0.5,2.65,0,False
16535421,KC Chiefs vs. IND Colts,Kenneth Walker III,Kenneth Walker III (KC),2ème mi-temps - Touchdowns de course du joueur Plus / Moins,31474,77068,1733144972,0.5|sa:player:nfl-1164402|KC,4502059278,Kenneth Walker III (KC) moins de 0.5,Kenneth Walker III (KC) moins de 0.5,0.5,1.3637,0,False
16535421,KC Chiefs vs. IND Colts,Jonathan Taylor,Jonathan Taylor (IND),2ème mi-temps - Touchdowns de course du joueur Plus / Moins,31474,77068,1733144657,0.5|sa:player:nfl-1065406|IND,4502058728,Jonathan Taylor (IND) moins de 0.5,Jonathan Taylor (IND) moins de 0.5,0.5,1.25,0,False
16535421,KC Chiefs vs. IND Colts,Jonathan Taylor,Jonathan Taylor (IND),2ème mi-temps - Touchdowns de course du joueur Plus / Moins,31474,77068,1733144657,0.5|sa:player:nfl-1065406|IND,4502058727,Jonathan Taylor (IND) Plus de 0.5,Jonathan Taylor (IND) Plus de 0.5,0.5,3.25,0,False
16535421,KC Chiefs vs. IND Colts,Patrick Mahomes,Patrick Mahomes (KC),2ème mi-temps - Touchdowns de course du joueur Plus / Moins,31474,77068,1733144472,0.5|sa:player:nfl-839031|KC,4502058396,Patrick Mahomes (KC) Plus de 0.5,Patrick Mahomes (KC) Plus de 0.5,0.5,5.75,0,False
16535421,KC Chiefs vs. IND Colts,Patrick Mahomes,Patrick Mahomes (KC),2ème mi-temps - Touchdowns de course du joueur Plus / Moins,31474,77068,1733144472,0.5|sa:player:nfl-839031|KC,4502058397,Patrick Mahomes (KC) moins de 0.5,Patrick Mahomes (KC) moins de 0.5,0.5,1.0715,0,False
16535421,KC Chiefs vs. IND Colts,Emmett Johnson,Emmett Johnson (KC),2ème mi-temps - Touchdowns de course du joueur Plus / Moins,31474,77068,1733145502,0.5|sa:player:nfl-1379251|KC,4502060203,Emmett Johnson (KC) Plus de 0.5,Emmett Johnson (KC) Plus de 0.5,0.5,6.75,0,False
16535421,KC Chiefs vs. IND Colts,Emmett Johnson,Emmett Johnson (KC),2ème mi-temps - Touchdowns de course du joueur Plus / Moins,31474,77068,1733145502,0.5|sa:player:nfl-1379251|KC,4502060204,Emmett Johnson (KC) moins de 0.5,Emmett Johnson (KC) moins de 0.5,0.5,1.04,0,False
16535421,KC Chiefs vs. IND Colts,Daniel Jones,Daniel Jones (IND),2ème mi-temps - Touchdowns de course du joueur Plus / Moins,31474,77068,1733144546,0.5|sa:player:nfl-879981|IND,4502058531,Daniel Jones (IND) Plus de 0.5,Daniel Jones (IND) Plus de 0.5,0.5,7.0,0,False
16535421,KC Chiefs vs. IND Colts,Daniel Jones,Daniel Jones (IND),2ème mi-temps - Touchdowns de course du joueur Plus / Moins,31474,77068,1733144546,0.5|sa:player:nfl-879981|IND,4502058532,Daniel Jones (IND) moins de 0.5,Daniel Jones (IND) moins de 0.5,0.5,1.0334,0,False
16535421,KC Chiefs vs. IND Colts,Brashard Smith,Brashard Smith (KC),2ème mi-temps - Touchdowns de course du joueur Plus / Moins,31474,77068,1733145412,0.5|sa:player:nfl-1313668|KC,4502060045,Brashard Smith (KC) Plus de 0.5,Brashard Smith (KC) Plus de 0.5,0.5,8.5,0,False
16535421,KC Chiefs vs. IND Colts,Brashard Smith,Brashard Smith (KC),2ème mi-temps - Touchdowns de course du joueur Plus / Moins,31474,77068,1733145412,0.5|sa:player:nfl-1313668|KC,4502060046,Brashard Smith (KC) moins de 0.5,Brashard Smith (KC) moins de 0.5,0.5,0.0,7,False
16535421,KC Chiefs vs. IND Colts,Seth McGowan,Seth McGowan (IND),2ème mi-temps - Touchdowns de course du joueur Plus / Moins,31474,77068,1733145098,0.5|sa:player:nfl-1213794|IND,4502059497,Seth McGowan (IND) Plus de 0.5,Seth McGowan (IND) Plus de 0.5,0.5,8.5,0,False
16535421,KC Chiefs vs. IND Colts,Seth McGowan,Seth McGowan (IND),2ème mi-temps - Touchdowns de course du joueur Plus / Moins,31474,77068,1733145098,0.5|sa:player:nfl-1213794|IND,4502059498,Seth McGowan (IND) moins de 0.5,Seth McGowan (IND) moins de 0.5,0.5,1.01,0,False
16535421,KC Chiefs vs. IND Colts,Kenneth Walker III,Kenneth Walker III (KC),2ème mi-temps - Tentatives de rushing du joueur Plus/Moins,31483,77077,1733166966,9.5|sa:player:nfl-1164402|KC,4502122366,Kenneth Walker III (KC) Plus de 9.5,Kenneth Walker III (KC) Plus de 9.5,9.5,1.8696,0,False
16535421,KC Chiefs vs. IND Colts,Kenneth Walker III,Kenneth Walker III (KC),2ème mi-temps - Tentatives de rushing du joueur Plus/Moins,31483,77077,1733166966,9.5|sa:player:nfl-1164402|KC,4502122367,Kenneth Walker III (KC) moins de 9.5,Kenneth Walker III (KC) moins de 9.5,9.5,1.7408,0,False
16535421,KC Chiefs vs. IND Colts,Jonathan Taylor,Jonathan Taylor (IND),2ème mi-temps - Tentatives de rushing du joueur Plus/Moins,31483,77077,1733144660,8.5|sa:player:nfl-1065406|IND,4502058733,Jonathan Taylor (IND) Plus de 8.5,Jonathan Taylor (IND) Plus de 8.5,8.5,1.8696,0,False
16535421,KC Chiefs vs. IND Colts,Jonathan Taylor,Jonathan Taylor (IND),2ème mi-temps - Tentatives de rushing du joueur Plus/Moins,31483,77077,1733144660,8.5|sa:player:nfl-1065406|IND,4502058734,Jonathan Taylor (IND) moins de 8.5,Jonathan Taylor (IND) moins de 8.5,8.5,1.7408,0,False
16535421,KC Chiefs vs. IND Colts,Emmett Johnson,Emmett Johnson (KC),2ème mi-temps - Tentatives de rushing du joueur Plus/Moins,31483,77077,1733562066,2.5|sa:player:nfl-1379251|KC,4503692454,Emmett Johnson (KC) Plus de 2.5,Emmett Johnson (KC) Plus de 2.5,2.5,1.8334,0,False
16535421,KC Chiefs vs. IND Colts,Emmett Johnson,Emmett Johnson (KC),2ème mi-temps - Tentatives de rushing du joueur Plus/Moins,31483,77077,1733562066,2.5|sa:player:nfl-1379251|KC,4503692455,Emmett Johnson (KC) moins de 2.5,Emmett Johnson (KC) moins de 2.5,2.5,1.7693,0,False
16535421,KC Chiefs vs. IND Colts,Patrick Mahomes,Patrick Mahomes (KC),2ème mi-temps - Tentatives de rushing du joueur Plus/Moins,31483,77077,1734310801,2.5|sa:player:nfl-839031|KC,4505752065,Patrick Mahomes (KC) Plus de 2.5,Patrick Mahomes (KC) Plus de 2.5,2.5,2.15,0,False
16535421,KC Chiefs vs. IND Colts,Patrick Mahomes,Patrick Mahomes (KC),2ème mi-temps - Tentatives de rushing du joueur Plus/Moins,31483,77077,1734310801,2.5|sa:player:nfl-839031|KC,4505752066,Patrick Mahomes (KC) moins de 2.5,Patrick Mahomes (KC) moins de 2.5,2.5,1.5556,0,False
16535421,KC Chiefs vs. IND Colts,Daniel Jones,Daniel Jones (IND),2ème mi-temps - Tentatives de rushing du joueur Plus/Moins,31483,77077,1733159771,1.5|sa:player:nfl-879981|IND,4502104088,Daniel Jones (IND) Plus de 1.5,Daniel Jones (IND) Plus de 1.5,1.5,2.2,0,False
16535421,KC Chiefs vs. IND Colts,Daniel Jones,Daniel Jones (IND),2ème mi-temps - Tentatives de rushing du joueur Plus/Moins,31483,77077,1733159771,1.5|sa:player:nfl-879981|IND,4502104089,Daniel Jones (IND) moins de 1.5,Daniel Jones (IND) moins de 1.5,1.5,1.5264,0,False
16535421,KC Chiefs vs. IND Colts,Kenneth Walker III,Kenneth Walker III (KC),2ème mi-temps - Yards de course et de réception du joueur Plus / Moins,31489,77083,1733163101,50.5|sa:player:nfl-1164402|KC,4502112002,Kenneth Walker III (KC) Plus de 50.5,Kenneth Walker III (KC) Plus de 50.5,50.5,1.7693,0,False
16535421,KC Chiefs vs. IND Colts,Kenneth Walker III,Kenneth Walker III (KC),2ème mi-temps - Yards de course et de réception du joueur Plus / Moins,31489,77083,1733163101,50.5|sa:player:nfl-1164402|KC,4502112003,Kenneth Walker III (KC) moins de 50.5,Kenneth Walker III (KC) moins de 50.5,50.5,1.8334,0,False
16535421,KC Chiefs vs. IND Colts,Jonathan Taylor,Jonathan Taylor (IND),2ème mi-temps - Yards de course et de réception du joueur Plus / Moins,31489,77083,1733144669,44.5|sa:player:nfl-1065406|IND,4502058748,Jonathan Taylor (IND) Plus de 44.5,Jonathan Taylor (IND) Plus de 44.5,44.5,1.7693,0,False
16535421,KC Chiefs vs. IND Colts,Jonathan Taylor,Jonathan Taylor (IND),2ème mi-temps - Yards de course et de réception du joueur Plus / Moins,31489,77083,1733144669,44.5|sa:player:nfl-1065406|IND,4502058749,Jonathan Taylor (IND) moins de 44.5,Jonathan Taylor (IND) moins de 44.5,44.5,1.8334,0,False
16535421,KC Chiefs vs. IND Colts,Emmett Johnson,Emmett Johnson (KC),2ème mi-temps - Yards de course et de réception du joueur Plus / Moins,31489,77083,1733562069,12.5|sa:player:nfl-1379251|KC,4503692460,Emmett Johnson (KC) Plus de 12.5,Emmett Johnson (KC) Plus de 12.5,12.5,1.7693,0,False
16535421,KC Chiefs vs. IND Colts,Emmett Johnson,Emmett Johnson (KC),2ème mi-temps - Yards de course et de réception du joueur Plus / Moins,31489,77083,1733562069,12.5|sa:player:nfl-1379251|KC,4503692461,Emmett Johnson (KC) moins de 12.5,Emmett Johnson (KC) moins de 12.5,12.5,1.8334,0,False
16535421,KC Chiefs vs. IND Colts,Tyler Warren,Tyler Warren (IND),2ème mi-temps - Total de réceptions Plus/Moins,31486,77080,1733145225,2.5|sa:player:nfl-1229083|IND,4502059721,Tyler Warren (IND) Plus de 2.5,Tyler Warren (IND) Plus de 2.5,2.5,2.0,0,False
16535421,KC Chiefs vs. IND Colts,Tyler Warren,Tyler Warren (IND),2ème mi-temps - Total de réceptions Plus/Moins,31486,77080,1733145225,2.5|sa:player:nfl-1229083|IND,4502059722,Tyler Warren (IND) moins de 2.5,Tyler Warren (IND) moins de 2.5,2.5,1.6471,0,False
16535421,KC Chiefs vs. IND Colts,Rashee Rice,Rashee Rice (KC),2ème mi-temps - Total de réceptions Plus/Moins,31486,77080,1733145052,2.5|sa:player:nfl-1173538|KC,4502059416,Rashee Rice (KC) moins de 2.5,Rashee Rice (KC) moins de 2.5,2.5,1.5264,0,False
16535421,KC Chiefs vs. IND Colts,Rashee Rice,Rashee Rice (KC),2ème mi-temps - Total de réceptions Plus/Moins,31486,77080,1733145052,2.5|sa:player:nfl-1173538|KC,4502059415,Rashee Rice (KC) Plus de 2.5,Rashee Rice (KC) Plus de 2.5,2.5,2.2,0,False
16535421,KC Chiefs vs. IND Colts,Josh Downs,Josh Downs (IND),2ème mi-temps - Total de réceptions Plus/Moins,31486,77080,1736125988,2.5|sa:player:nfl-1215077|IND,4511890868,Josh Downs (IND) Plus de 2.5,Josh Downs (IND) Plus de 2.5,2.5,2.25,0,False
16535421,KC Chiefs vs. IND Colts,Josh Downs,Josh Downs (IND),2ème mi-temps - Total de réceptions Plus/Moins,31486,77080,1736125988,2.5|sa:player:nfl-1215077|IND,4511890869,Josh Downs (IND) moins de 2.5,Josh Downs (IND) moins de 2.5,2.5,1.5,0,False
16535421,KC Chiefs vs. IND Colts,Keenan Allen,Keenan Allen (IND),2ème mi-temps - Total de réceptions Plus/Moins,31486,77080,1733144354,1.5|sa:player:nfl-557210|IND,4502058189,Keenan Allen (IND) Plus de 1.5,Keenan Allen (IND) Plus de 1.5,1.5,1.6061,0,False
16535421,KC Chiefs vs. IND Colts,Keenan Allen,Keenan Allen (IND),2ème mi-temps - Total de réceptions Plus/Moins,31486,77080,1733144354,1.5|sa:player:nfl-557210|IND,4502058190,Keenan Allen (IND) moins de 1.5,Keenan Allen (IND) moins de 1.5,1.5,2.05,0,False
16535421,KC Chiefs vs. IND Colts,Travis Kelce,Travis Kelce (KC),2ème mi-temps - Total de réceptions Plus/Moins,31486,77080,1733144300,1.5|sa:player:nfl-448240|KC,4502058099,Travis Kelce (KC) Plus de 1.5,Travis Kelce (KC) Plus de 1.5,1.5,1.6061,0,False
16535421,KC Chiefs vs. IND Colts,Travis Kelce,Travis Kelce (KC),2ème mi-temps - Total de réceptions Plus/Moins,31486,77080,1733144300,1.5|sa:player:nfl-448240|KC,4502058100,Travis Kelce (KC) moins de 1.5,Travis Kelce (KC) moins de 1.5,1.5,2.05,0,False
16535421,KC Chiefs vs. IND Colts,Xavier Worthy,Xavier Worthy (KC),2ème mi-temps - Total de réceptions Plus/Moins,31486,77080,1733145460,1.5|sa:player:nfl-1326638|KC,4502060129,Xavier Worthy (KC) Plus de 1.5,Xavier Worthy (KC) Plus de 1.5,1.5,1.9091,0,False
16535421,KC Chiefs vs. IND Colts,Xavier Worthy,Xavier Worthy (KC),2ème mi-temps - Total de réceptions Plus/Moins,31486,77080,1733145460,1.5|sa:player:nfl-1326638|KC,4502060130,Xavier Worthy (KC) moins de 1.5,Xavier Worthy (KC) moins de 1.5,1.5,1.7143,0,False
16535421,KC Chiefs vs. IND Colts,Kenneth Walker III,Kenneth Walker III (KC),2ème mi-temps - Total de réceptions Plus/Moins,31486,77080,1733144962,1.5|sa:player:nfl-1164402|KC,4502059257,Kenneth Walker III (KC) Plus de 1.5,Kenneth Walker III (KC) Plus de 1.5,1.5,1.9524,0,False
16535421,KC Chiefs vs. IND Colts,Kenneth Walker III,Kenneth Walker III (KC),2ème mi-temps - Total de réceptions Plus/Moins,31486,77080,1733144962,1.5|sa:player:nfl-1164402|KC,4502059258,Kenneth Walker III (KC) moins de 1.5,Kenneth Walker III (KC) moins de 1.5,1.5,1.6667,0,False
16535421,KC Chiefs vs. IND Colts,Alec Pierce,Alec Pierce (IND),2ème mi-temps - Total de réceptions Plus/Moins,31486,77080,1733144693,1.5|sa:player:nfl-1107027|IND,4502058789,Alec Pierce (IND) Plus de 1.5,Alec Pierce (IND) Plus de 1.5,1.5,2.0,0,False
16535421,KC Chiefs vs. IND Colts,Alec Pierce,Alec Pierce (IND),2ème mi-temps - Total de réceptions Plus/Moins,31486,77080,1733144693,1.5|sa:player:nfl-1107027|IND,4502058790,Alec Pierce (IND) moins de 1.5,Alec Pierce (IND) moins de 1.5,1.5,1.6471,0,False
16535421,KC Chiefs vs. IND Colts,Jonathan Taylor,Jonathan Taylor (IND),2ème mi-temps - Total de réceptions Plus/Moins,31486,77080,1733144647,1.5|sa:player:nfl-1065406|IND,4502058707,Jonathan Taylor (IND) Plus de 1.5,Jonathan Taylor (IND) Plus de 1.5,1.5,2.2,0,False
16535421,KC Chiefs vs. IND Colts,Jonathan Taylor,Jonathan Taylor (IND),2ème mi-temps - Total de réceptions Plus/Moins,31486,77080,1733144647,1.5|sa:player:nfl-1065406|IND,4502058708,Jonathan Taylor (IND) moins de 1.5,Jonathan Taylor (IND) moins de 1.5,1.5,1.5264,0,False
16535421,KC Chiefs vs. IND Colts,Tyquan Thornton,Tyquan Thornton (KC),2ème mi-temps - Total de réceptions Plus/Moins,31486,77080,1733144720,0.5|sa:player:nfl-1110301|KC,4502058834,Tyquan Thornton (KC) Plus de 0.5,Tyquan Thornton (KC) Plus de 0.5,0.5,1.8334,0,False
16535421,KC Chiefs vs. IND Colts,Tyquan Thornton,Tyquan Thornton (KC),2ème mi-temps - Total de réceptions Plus/Moins,31486,77080,1733144720,0.5|sa:player:nfl-1110301|KC,4502058835,Tyquan Thornton (KC) moins de 0.5,Tyquan Thornton (KC) moins de 0.5,0.5,1.7693,0,False
16535421,KC Chiefs vs. IND Colts,Emmett Johnson,Emmett Johnson (KC),2ème mi-temps - Total de réceptions Plus/Moins,31486,77080,1733145492,0.5|sa:player:nfl-1379251|KC,4502060184,Emmett Johnson (KC) moins de 0.5,Emmett Johnson (KC) moins de 0.5,0.5,1.6667,0,False
16535421,KC Chiefs vs. IND Colts,Emmett Johnson,Emmett Johnson (KC),2ème mi-temps - Total de réceptions Plus/Moins,31486,77080,1733145492,0.5|sa:player:nfl-1379251|KC,4502060183,Emmett Johnson (KC) Plus de 0.5,Emmett Johnson (KC) Plus de 0.5,0.5,1.9524,0,False
16535421,KC Chiefs vs. IND Colts,Noah Gray,Noah Gray (KC),2ème mi-temps - Total de réceptions Plus/Moins,31486,77080,1733144609,0.5|sa:player:nfl-1056981|KC,4502058642,Noah Gray (KC) Plus de 0.5,Noah Gray (KC) Plus de 0.5,0.5,1.9524,0,False
16535421,KC Chiefs vs. IND Colts,Noah Gray,Noah Gray (KC),2ème mi-temps - Total de réceptions Plus/Moins,31486,77080,1733144609,0.5|sa:player:nfl-1056981|KC,4502058643,Noah Gray (KC) moins de 0.5,Noah Gray (KC) moins de 0.5,0.5,1.6667,0,False
16535421,KC Chiefs vs. IND Colts,Rashee Rice,Rashee Rice (KC),2ème mi-temps - Yards reçus par le joueur - Plus/Moins,31465,77059,1734309210,20.5|sa:player:nfl-1173538|KC,4505747649,Rashee Rice (KC) Plus de 20.5,Rashee Rice (KC) Plus de 20.5,20.5,1.7693,0,False
16535421,KC Chiefs vs. IND Colts,Rashee Rice,Rashee Rice (KC),2ème mi-temps - Yards reçus par le joueur - Plus/Moins,31465,77059,1734309210,20.5|sa:player:nfl-1173538|KC,4505747650,Rashee Rice (KC) moins de 20.5,Rashee Rice (KC) moins de 20.5,20.5,1.8334,0,False
16535421,KC Chiefs vs. IND Colts,Tyler Warren,Tyler Warren (IND),2ème mi-temps - Yards reçus par le joueur - Plus/Moins,31465,77059,1733160121,20.5|sa:player:nfl-1229083|IND,4502104865,Tyler Warren (IND) Plus de 20.5,Tyler Warren (IND) Plus de 20.5,20.5,1.8334,0,False
16535421,KC Chiefs vs. IND Colts,Tyler Warren,Tyler Warren (IND),2ème mi-temps - Yards reçus par le joueur - Plus/Moins,31465,77059,1733160121,20.5|sa:player:nfl-1229083|IND,4502104866,Tyler Warren (IND) moins de 20.5,Tyler Warren (IND) moins de 20.5,20.5,1.7693,0,False
16535421,KC Chiefs vs. IND Colts,Josh Downs,Josh Downs (IND),2ème mi-temps - Yards reçus par le joueur - Plus/Moins,31465,77059,1736122760,18.5|sa:player:nfl-1215077|IND,4511882140,Josh Downs (IND) Plus de 18.5,Josh Downs (IND) Plus de 18.5,18.5,1.7693,0,False
16535421,KC Chiefs vs. IND Colts,Josh Downs,Josh Downs (IND),2ème mi-temps - Yards reçus par le joueur - Plus/Moins,31465,77059,1736122760,18.5|sa:player:nfl-1215077|IND,4511882141,Josh Downs (IND) moins de 18.5,Josh Downs (IND) moins de 18.5,18.5,1.8334,0,False
16535421,KC Chiefs vs. IND Colts,Alec Pierce,Alec Pierce (IND),2ème mi-temps - Yards reçus par le joueur - Plus/Moins,31465,77059,1733144687,17.5|sa:player:nfl-1107027|IND,4502058777,Alec Pierce (IND) Plus de 17.5,Alec Pierce (IND) Plus de 17.5,17.5,1.7693,0,False
16535421,KC Chiefs vs. IND Colts,Alec Pierce,Alec Pierce (IND),2ème mi-temps - Yards reçus par le joueur - Plus/Moins,31465,77059,1733144687,17.5|sa:player:nfl-1107027|IND,4502058778,Alec Pierce (IND) moins de 17.5,Alec Pierce (IND) moins de 17.5,17.5,1.8334,0,False
16535421,KC Chiefs vs. IND Colts,Travis Kelce,Travis Kelce (KC),2ème mi-temps - Yards reçus par le joueur - Plus/Moins,31465,77059,1733175511,16.5|sa:player:nfl-448240|KC,4502144739,Travis Kelce (KC) Plus de 16.5,Travis Kelce (KC) Plus de 16.5,16.5,1.8334,0,False
16535421,KC Chiefs vs. IND Colts,Travis Kelce,Travis Kelce (KC),2ème mi-temps - Yards reçus par le joueur - Plus/Moins,31465,77059,1733175511,16.5|sa:player:nfl-448240|KC,4502144740,Travis Kelce (KC) moins de 16.5,Travis Kelce (KC) moins de 16.5,16.5,1.7693,0,False
16535421,KC Chiefs vs. IND Colts,Xavier Worthy,Xavier Worthy (KC),2ème mi-temps - Yards reçus par le joueur - Plus/Moins,31465,77059,1733159851,14.5|sa:player:nfl-1326638|KC,4502104248,Xavier Worthy (KC) Plus de 14.5,Xavier Worthy (KC) Plus de 14.5,14.5,1.8334,0,False
16535421,KC Chiefs vs. IND Colts,Xavier Worthy,Xavier Worthy (KC),2ème mi-temps - Yards reçus par le joueur - Plus/Moins,31465,77059,1733159851,14.5|sa:player:nfl-1326638|KC,4502104249,Xavier Worthy (KC) moins de 14.5,Xavier Worthy (KC) moins de 14.5,14.5,1.7693,0,False
16535421,KC Chiefs vs. IND Colts,Keenan Allen,Keenan Allen (IND),2ème mi-temps - Yards reçus par le joueur - Plus/Moins,31465,77059,1735837713,13.5|sa:player:nfl-557210|IND,4510884117,Keenan Allen (IND) Plus de 13.5,Keenan Allen (IND) Plus de 13.5,13.5,1.8334,0,False
16535421,KC Chiefs vs. IND Colts,Keenan Allen,Keenan Allen (IND),2ème mi-temps - Yards reçus par le joueur - Plus/Moins,31465,77059,1735837713,13.5|sa:player:nfl-557210|IND,4510884118,Keenan Allen (IND) moins de 13.5,Keenan Allen (IND) moins de 13.5,13.5,1.7693,0,False
16535421,KC Chiefs vs. IND Colts,Kenneth Walker III,Kenneth Walker III (KC),2ème mi-temps - Yards reçus par le joueur - Plus/Moins,31465,77059,1734321679,7.5|sa:player:nfl-1164402|KC,4505778522,Kenneth Walker III (KC) Plus de 7.5,Kenneth Walker III (KC) Plus de 7.5,7.5,1.7693,0,False
16535421,KC Chiefs vs. IND Colts,Kenneth Walker III,Kenneth Walker III (KC),2ème mi-temps - Yards reçus par le joueur - Plus/Moins,31465,77059,1734321679,7.5|sa:player:nfl-1164402|KC,4505778523,Kenneth Walker III (KC) moins de 7.5,Kenneth Walker III (KC) moins de 7.5,7.5,1.8334,0,False
16535421,KC Chiefs vs. IND Colts,Jonathan Taylor,Jonathan Taylor (IND),2ème mi-temps - Yards reçus par le joueur - Plus/Moins,31465,77059,1734354265,6.5|sa:player:nfl-1065406|IND,4505869352,Jonathan Taylor (IND) moins de 6.5,Jonathan Taylor (IND) moins de 6.5,6.5,1.7693,0,False
16535421,KC Chiefs vs. IND Colts,Jonathan Taylor,Jonathan Taylor (IND),2ème mi-temps - Yards reçus par le joueur - Plus/Moins,31465,77059,1734354265,6.5|sa:player:nfl-1065406|IND,4505869351,Jonathan Taylor (IND) Plus de 6.5,Jonathan Taylor (IND) Plus de 6.5,6.5,1.8334,0,False
16535421,KC Chiefs vs. IND Colts,Tyquan Thornton,Tyquan Thornton (KC),2ème mi-temps - Yards reçus par le joueur - Plus/Moins,31465,77059,1733176827,0.5|sa:player:nfl-1110301|KC,4502148488,Tyquan Thornton (KC) moins de 0.5,Tyquan Thornton (KC) moins de 0.5,0.5,1.7408,0,False
16535421,KC Chiefs vs. IND Colts,Tyquan Thornton,Tyquan Thornton (KC),2ème mi-temps - Yards reçus par le joueur - Plus/Moins,31465,77059,1733176827,0.5|sa:player:nfl-1110301|KC,4502148487,Tyquan Thornton (KC) Plus de 0.5,Tyquan Thornton (KC) Plus de 0.5,0.5,1.8696,0,False
16535421,KC Chiefs vs. IND Colts,Noah Gray,Noah Gray (KC),2ème mi-temps - Yards reçus par le joueur - Plus/Moins,31465,77059,1733144603,0.5|sa:player:nfl-1056981|KC,4502058630,Noah Gray (KC) Plus de 0.5,Noah Gray (KC) Plus de 0.5,0.5,2.0,0,False
16535421,KC Chiefs vs. IND Colts,Noah Gray,Noah Gray (KC),2ème mi-temps - Yards reçus par le joueur - Plus/Moins,31465,77059,1733144603,0.5|sa:player:nfl-1056981|KC,4502058631,Noah Gray (KC) moins de 0.5,Noah Gray (KC) moins de 0.5,0.5,1.6471,0,False
16535421,KC Chiefs vs. IND Colts,Emmett Johnson,Emmett Johnson (KC),2ème mi-temps - Yards reçus par le joueur - Plus/Moins,31465,77059,1733145486,0.5|sa:player:nfl-1379251|KC,4502060171,Emmett Johnson (KC) Plus de 0.5,Emmett Johnson (KC) Plus de 0.5,0.5,2.1,0,False
16535421,KC Chiefs vs. IND Colts,Emmett Johnson,Emmett Johnson (KC),2ème mi-temps - Yards reçus par le joueur - Plus/Moins,31465,77059,1733145486,0.5|sa:player:nfl-1379251|KC,4502060172,Emmett Johnson (KC) moins de 0.5,Emmett Johnson (KC) moins de 0.5,0.5,1.5715,0,False
16535421,KC Chiefs vs. IND Colts,Rashee Rice,Rashee Rice (KC),2ème mi-temps - Touchdowns de réception du joueur Plus / Moins,31468,77062,1733145049,0.5|sa:player:nfl-1173538|KC,4502059409,Rashee Rice (KC) Plus de 0.5,Rashee Rice (KC) Plus de 0.5,0.5,4.0,0,False
16535421,KC Chiefs vs. IND Colts,Rashee Rice,Rashee Rice (KC),2ème mi-temps - Touchdowns de réception du joueur Plus / Moins,31468,77062,1733145049,0.5|sa:player:nfl-1173538|KC,4502059410,Rashee Rice (KC) moins de 0.5,Rashee Rice (KC) moins de 0.5,0.5,1.1667,0,False
16535421,KC Chiefs vs. IND Colts,Travis Kelce,Travis Kelce (KC),2ème mi-temps - Touchdowns de réception du joueur Plus / Moins,31468,77062,1733144297,0.5|sa:player:nfl-448240|KC,4502058093,Travis Kelce (KC) Plus de 0.5,Travis Kelce (KC) Plus de 0.5,0.5,4.25,0,False
16535421,KC Chiefs vs. IND Colts,Travis Kelce,Travis Kelce (KC),2ème mi-temps - Touchdowns de réception du joueur Plus / Moins,31468,77062,1733144297,0.5|sa:player:nfl-448240|KC,4502058094,Travis Kelce (KC) moins de 0.5,Travis Kelce (KC) moins de 0.5,0.5,1.1429,0,False
16535421,KC Chiefs vs. IND Colts,Alec Pierce,Alec Pierce (IND),2ème mi-temps - Touchdowns de réception du joueur Plus / Moins,31468,77062,1733144690,0.5|sa:player:nfl-1107027|IND,4502058784,Alec Pierce (IND) moins de 0.5,Alec Pierce (IND) moins de 0.5,0.5,1.1112,0,False
16535421,KC Chiefs vs. IND Colts,Alec Pierce,Alec Pierce (IND),2ème mi-temps - Touchdowns de réception du joueur Plus / Moins,31468,77062,1733144690,0.5|sa:player:nfl-1107027|IND,4502058783,Alec Pierce (IND) Plus de 0.5,Alec Pierce (IND) Plus de 0.5,0.5,4.75,0,False
16535421,KC Chiefs vs. IND Colts,Tyler Warren,Tyler Warren (IND),2ème mi-temps - Touchdowns de réception du joueur Plus / Moins,31468,77062,1733145222,0.5|sa:player:nfl-1229083|IND,4502059715,Tyler Warren (IND) Plus de 0.5,Tyler Warren (IND) Plus de 0.5,0.5,4.75,0,False
16535421,KC Chiefs vs. IND Colts,Tyler Warren,Tyler Warren (IND),2ème mi-temps - Touchdowns de réception du joueur Plus / Moins,31468,77062,1733145222,0.5|sa:player:nfl-1229083|IND,4502059716,Tyler Warren (IND) moins de 0.5,Tyler Warren (IND) moins de 0.5,0.5,1.1112,0,False
16535421,KC Chiefs vs. IND Colts,Keenan Allen,Keenan Allen (IND),2ème mi-temps - Touchdowns de réception du joueur Plus / Moins,31468,77062,1733144351,0.5|sa:player:nfl-557210|IND,4502058184,Keenan Allen (IND) moins de 0.5,Keenan Allen (IND) moins de 0.5,0.5,1.0715,0,False
16535421,KC Chiefs vs. IND Colts,Keenan Allen,Keenan Allen (IND),2ème mi-temps - Touchdowns de réception du joueur Plus / Moins,31468,77062,1733144351,0.5|sa:player:nfl-557210|IND,4502058183,Keenan Allen (IND) Plus de 0.5,Keenan Allen (IND) Plus de 0.5,0.5,5.75,0,False
16535421,KC Chiefs vs. IND Colts,Xavier Worthy,Xavier Worthy (KC),2ème mi-temps - Touchdowns de réception du joueur Plus / Moins,31468,77062,1733145457,0.5|sa:player:nfl-1326638|KC,4502060123,Xavier Worthy (KC) Plus de 0.5,Xavier Worthy (KC) Plus de 0.5,0.5,5.75,0,False
16535421,KC Chiefs vs. IND Colts,Xavier Worthy,Xavier Worthy (KC),2ème mi-temps - Touchdowns de réception du joueur Plus / Moins,31468,77062,1733145457,0.5|sa:player:nfl-1326638|KC,4502060124,Xavier Worthy (KC) moins de 0.5,Xavier Worthy (KC) moins de 0.5,0.5,1.0715,0,False
16535421,KC Chiefs vs. IND Colts,Josh Downs,Josh Downs (IND),2ème mi-temps - Touchdowns de réception du joueur Plus / Moins,31468,77062,1733145178,0.5|sa:player:nfl-1215077|IND,4502059640,Josh Downs (IND) moins de 0.5,Josh Downs (IND) moins de 0.5,0.5,1.0625,0,False
16535421,KC Chiefs vs. IND Colts,Josh Downs,Josh Downs (IND),2ème mi-temps - Touchdowns de réception du joueur Plus / Moins,31468,77062,1733145178,0.5|sa:player:nfl-1215077|IND,4502059639,Josh Downs (IND) Plus de 0.5,Josh Downs (IND) Plus de 0.5,0.5,6.0,0,False
16535421,KC Chiefs vs. IND Colts,Jonathan Taylor,Jonathan Taylor (IND),2ème mi-temps - Touchdowns de réception du joueur Plus / Moins,31468,77062,1733144644,0.5|sa:player:nfl-1065406|IND,4502058701,Jonathan Taylor (IND) Plus de 0.5,Jonathan Taylor (IND) Plus de 0.5,0.5,6.75,0,False
16535421,KC Chiefs vs. IND Colts,Jonathan Taylor,Jonathan Taylor (IND),2ème mi-temps - Touchdowns de réception du joueur Plus / Moins,31468,77062,1733144644,0.5|sa:player:nfl-1065406|IND,4502058702,Jonathan Taylor (IND) moins de 0.5,Jonathan Taylor (IND) moins de 0.5,0.5,1.04,0,False
16535421,KC Chiefs vs. IND Colts,Kenneth Walker III,Kenneth Walker III (KC),2ème mi-temps - Touchdowns de réception du joueur Plus / Moins,31468,77062,1733144893,0.5|sa:player:nfl-1164402|KC,4502059139,Kenneth Walker III (KC) Plus de 0.5,Kenneth Walker III (KC) Plus de 0.5,0.5,7.0,0,False
16535421,KC Chiefs vs. IND Colts,Kenneth Walker III,Kenneth Walker III (KC),2ème mi-temps - Touchdowns de réception du joueur Plus / Moins,31468,77062,1733144893,0.5|sa:player:nfl-1164402|KC,4502059140,Kenneth Walker III (KC) moins de 0.5,Kenneth Walker III (KC) moins de 0.5,0.5,1.0334,0,False
16535421,KC Chiefs vs. IND Colts,Tyquan Thornton,Tyquan Thornton (KC),2ème mi-temps - Touchdowns de réception du joueur Plus / Moins,31468,77062,1733144717,0.5|sa:player:nfl-1110301|KC,4502058828,Tyquan Thornton (KC) Plus de 0.5,Tyquan Thornton (KC) Plus de 0.5,0.5,7.0,0,False
16535421,KC Chiefs vs. IND Colts,Tyquan Thornton,Tyquan Thornton (KC),2ème mi-temps - Touchdowns de réception du joueur Plus / Moins,31468,77062,1733144717,0.5|sa:player:nfl-1110301|KC,4502058829,Tyquan Thornton (KC) moins de 0.5,Tyquan Thornton (KC) moins de 0.5,0.5,1.0334,0,False
16535421,KC Chiefs vs. IND Colts,Noah Gray,Noah Gray (KC),2ème mi-temps - Touchdowns de réception du joueur Plus / Moins,31468,77062,1733144606,0.5|sa:player:nfl-1056981|KC,4502058636,Noah Gray (KC) Plus de 0.5,Noah Gray (KC) Plus de 0.5,0.5,7.75,0,False
16535421,KC Chiefs vs. IND Colts,Noah Gray,Noah Gray (KC),2ème mi-temps - Touchdowns de réception du joueur Plus / Moins,31468,77062,1733144606,0.5|sa:player:nfl-1056981|KC,4502058637,Noah Gray (KC) moins de 0.5,Noah Gray (KC) moins de 0.5,0.5,1.02,0,False
16535421,KC Chiefs vs. IND Colts,Brashard Smith,Brashard Smith (KC),2ème mi-temps - Touchdowns de réception du joueur Plus / Moins,31468,77062,1733145399,0.5|sa:player:nfl-1313668|KC,4502060019,Brashard Smith (KC) Plus de 0.5,Brashard Smith (KC) Plus de 0.5,0.5,8.5,0,False
16535421,KC Chiefs vs. IND Colts,Brashard Smith,Brashard Smith (KC),2ème mi-temps - Touchdowns de réception du joueur Plus / Moins,31468,77062,1733145399,0.5|sa:player:nfl-1313668|KC,4502060020,Brashard Smith (KC) moins de 0.5,Brashard Smith (KC) moins de 0.5,0.5,0.0,7,False
16535421,KC Chiefs vs. IND Colts,Cyrus Allen,Cyrus Allen (KC),2ème mi-temps - Touchdowns de réception du joueur Plus / Moins,31468,77062,1733145536,0.5|sa:player:nfl-1382670|KC,4502060261,Cyrus Allen (KC) Plus de 0.5,Cyrus Allen (KC) Plus de 0.5,0.5,8.5,0,False
16535421,KC Chiefs vs. IND Colts,Cyrus Allen,Cyrus Allen (KC),2ème mi-temps - Touchdowns de réception du joueur Plus / Moins,31468,77062,1733145536,0.5|sa:player:nfl-1382670|KC,4502060262,Cyrus Allen (KC) moins de 0.5,Cyrus Allen (KC) moins de 0.5,0.5,0.0,7,False
16535421,KC Chiefs vs. IND Colts,Emmett Johnson,Emmett Johnson (KC),2ème mi-temps - Touchdowns de réception du joueur Plus / Moins,31468,77062,1733145489,0.5|sa:player:nfl-1379251|KC,4502060177,Emmett Johnson (KC) Plus de 0.5,Emmett Johnson (KC) Plus de 0.5,0.5,8.5,0,False
16535421,KC Chiefs vs. IND Colts,Emmett Johnson,Emmett Johnson (KC),2ème mi-temps - Touchdowns de réception du joueur Plus / Moins,31468,77062,1733145489,0.5|sa:player:nfl-1379251|KC,4502060178,Emmett Johnson (KC) moins de 0.5,Emmett Johnson (KC) moins de 0.5,0.5,0.0,7,False
16535421,KC Chiefs vs. IND Colts,Jake Briningstool,Jake Briningstool (KC),2ème mi-temps - Touchdowns de réception du joueur Plus / Moins,31468,77062,1733145298,0.5|sa:player:nfl-1287639|KC,4502059845,Jake Briningstool (KC) Plus de 0.5,Jake Briningstool (KC) Plus de 0.5,0.5,8.5,0,False
16535421,KC Chiefs vs. IND Colts,Jake Briningstool,Jake Briningstool (KC),2ème mi-temps - Touchdowns de réception du joueur Plus / Moins,31468,77062,1733145298,0.5|sa:player:nfl-1287639|KC,4502059846,Jake Briningstool (KC) moins de 0.5,Jake Briningstool (KC) moins de 0.5,0.5,0.0,7,False
16535421,KC Chiefs vs. IND Colts,Laquon Treadwell,Laquon Treadwell (IND),2ème mi-temps - Touchdowns de réception du joueur Plus / Moins,31468,77062,1733144415,0.5|sa:player:nfl-748554|IND,4502058291,Laquon Treadwell (IND) Plus de 0.5,Laquon Treadwell (IND) Plus de 0.5,0.5,8.5,0,False
16535421,KC Chiefs vs. IND Colts,Laquon Treadwell,Laquon Treadwell (IND),2ème mi-temps - Touchdowns de réception du joueur Plus / Moins,31468,77062,1733144415,0.5|sa:player:nfl-748554|IND,4502058292,Laquon Treadwell (IND) moins de 0.5,Laquon Treadwell (IND) moins de 0.5,0.5,0.0,7,False
16535421,KC Chiefs vs. IND Colts,Mo Alie-Cox,Mo Alie-Cox (IND),2ème mi-temps - Touchdowns de réception du joueur Plus / Moins,31468,77062,1733144383,0.5|sa:player:nfl-712506|IND,4502058237,Mo Alie-Cox (IND) Plus de 0.5,Mo Alie-Cox (IND) Plus de 0.5,0.5,8.5,0,False
16535421,KC Chiefs vs. IND Colts,Mo Alie-Cox,Mo Alie-Cox (IND),2ème mi-temps - Touchdowns de réception du joueur Plus / Moins,31468,77062,1733144383,0.5|sa:player:nfl-712506|IND,4502058238,Mo Alie-Cox (IND) moins de 0.5,Mo Alie-Cox (IND) moins de 0.5,0.5,0.0,7,False
16535421,KC Chiefs vs. IND Colts,Seth McGowan,Seth McGowan (IND),2ème mi-temps - Touchdowns de réception du joueur Plus / Moins,31468,77062,1733145085,0.5|sa:player:nfl-1213794|IND,4502059472,Seth McGowan (IND) moins de 0.5,Seth McGowan (IND) moins de 0.5,0.5,0.0,7,False
16535421,KC Chiefs vs. IND Colts,Seth McGowan,Seth McGowan (IND),2ème mi-temps - Touchdowns de réception du joueur Plus / Moins,31468,77062,1733145085,0.5|sa:player:nfl-1213794|IND,4502059471,Seth McGowan (IND) Plus de 0.5,Seth McGowan (IND) Plus de 0.5,0.5,8.5,0,False
16535421,KC Chiefs vs. IND Colts,Daniel Jones,Daniel Jones (IND),2ème mi-temps - Total de yards à la passe du joueur Plus/Moins,31459,77053,1733144518,105.5|sa:player:nfl-879981|IND,4502058475,Daniel Jones (IND) Plus de 105.5,Daniel Jones (IND) Plus de 105.5,105.5,1.8334,0,False
16535421,KC Chiefs vs. IND Colts,Daniel Jones,Daniel Jones (IND),2ème mi-temps - Total de yards à la passe du joueur Plus/Moins,31459,77053,1733144518,105.5|sa:player:nfl-879981|IND,4502058476,Daniel Jones (IND) moins de 105.5,Daniel Jones (IND) moins de 105.5,105.5,1.7693,0,False
16535421,KC Chiefs vs. IND Colts,Patrick Mahomes,Patrick Mahomes (KC),2ème mi-temps - Total de yards à la passe du joueur Plus/Moins,31459,77053,1734316792,101.5|sa:player:nfl-839031|KC,4505766456,Patrick Mahomes (KC) moins de 101.5,Patrick Mahomes (KC) moins de 101.5,101.5,1.7693,0,False
16535421,KC Chiefs vs. IND Colts,Patrick Mahomes,Patrick Mahomes (KC),2ème mi-temps - Total de yards à la passe du joueur Plus/Moins,31459,77053,1734316792,101.5|sa:player:nfl-839031|KC,4505766455,Patrick Mahomes (KC) Plus de 101.5,Patrick Mahomes (KC) Plus de 101.5,101.5,1.8334,0,False
16535421,KC Chiefs vs. IND Colts,Patrick Mahomes,Patrick Mahomes (KC),2ème mi-temps - Total de Touchdowns à la passe du joueur - Plus/Moins,31462,77056,1733144450,0.5|sa:player:nfl-839031|KC,4502058352,Patrick Mahomes (KC) Plus de 0.5,Patrick Mahomes (KC) Plus de 0.5,0.5,1.5715,0,False
16535421,KC Chiefs vs. IND Colts,Patrick Mahomes,Patrick Mahomes (KC),2ème mi-temps - Total de Touchdowns à la passe du joueur - Plus/Moins,31462,77056,1733144450,0.5|sa:player:nfl-839031|KC,4502058353,Patrick Mahomes (KC) moins de 0.5,Patrick Mahomes (KC) moins de 0.5,0.5,2.1,0,False
16535421,KC Chiefs vs. IND Colts,Daniel Jones,Daniel Jones (IND),2ème mi-temps - Total de Touchdowns à la passe du joueur - Plus/Moins,31462,77056,1733144524,0.5|sa:player:nfl-879981|IND,4502058488,Daniel Jones (IND) moins de 0.5,Daniel Jones (IND) moins de 0.5,0.5,1.8334,0,False
16535421,KC Chiefs vs. IND Colts,Daniel Jones,Daniel Jones (IND),2ème mi-temps - Total de Touchdowns à la passe du joueur - Plus/Moins,31462,77056,1733144524,0.5|sa:player:nfl-879981|IND,4502058487,Daniel Jones (IND) Plus de 0.5,Daniel Jones (IND) Plus de 0.5,0.5,1.7693,0,False
16535421,KC Chiefs vs. IND Colts,Daniel Jones,Daniel Jones (IND),2ème mi-temps - Joueur Tentative de passe - Plus/Moins,31480,77074,1733174488,16.5|sa:player:nfl-879981|IND,4502142290,Daniel Jones (IND) Plus de 16.5,Daniel Jones (IND) Plus de 16.5,16.5,1.8334,0,False
16535421,KC Chiefs vs. IND Colts,Daniel Jones,Daniel Jones (IND),2ème mi-temps - Joueur Tentative de passe - Plus/Moins,31480,77074,1733174488,16.5|sa:player:nfl-879981|IND,4502142291,Daniel Jones (IND) moins de 16.5,Daniel Jones (IND) moins de 16.5,16.5,1.7693,0,False
16535421,KC Chiefs vs. IND Colts,Patrick Mahomes,Patrick Mahomes (KC),2ème mi-temps - Joueur Tentative de passe - Plus/Moins,31480,77074,1733176825,13.5|sa:player:nfl-839031|KC,4502148483,Patrick Mahomes (KC) Plus de 13.5,Patrick Mahomes (KC) Plus de 13.5,13.5,1.7408,0,False
16535421,KC Chiefs vs. IND Colts,Patrick Mahomes,Patrick Mahomes (KC),2ème mi-temps - Joueur Tentative de passe - Plus/Moins,31480,77074,1733176825,13.5|sa:player:nfl-839031|KC,4502148484,Patrick Mahomes (KC) moins de 13.5,Patrick Mahomes (KC) moins de 13.5,13.5,1.8696,0,False
16535421,KC Chiefs vs. IND Colts,Daniel Jones,Daniel Jones (IND),2ème mi-temps - Interceptions du joueur Plus/Moins,31477,77071,1733144530,0.5|sa:player:nfl-879981|IND,4502058499,Daniel Jones (IND) Plus de 0.5,Daniel Jones (IND) Plus de 0.5,0.5,2.6,0,False
16535421,KC Chiefs vs. IND Colts,Daniel Jones,Daniel Jones (IND),2ème mi-temps - Interceptions du joueur Plus/Moins,31477,77071,1733144530,0.5|sa:player:nfl-879981|IND,4502058500,Daniel Jones (IND) moins de 0.5,Daniel Jones (IND) moins de 0.5,0.5,1.3847,0,False
16535421,KC Chiefs vs. IND Colts,Patrick Mahomes,Patrick Mahomes (KC),2ème mi-temps - Interceptions du joueur Plus/Moins,31477,77071,1733144456,0.5|sa:player:nfl-839031|KC,4502058364,Patrick Mahomes (KC) Plus de 0.5,Patrick Mahomes (KC) Plus de 0.5,0.5,3.6,0,False
16535421,KC Chiefs vs. IND Colts,Patrick Mahomes,Patrick Mahomes (KC),2ème mi-temps - Interceptions du joueur Plus/Moins,31477,77071,1733144456,0.5|sa:player:nfl-839031|KC,4502058365,Patrick Mahomes (KC) moins de 0.5,Patrick Mahomes (KC) moins de 0.5,0.5,1.2,0,False
16535421,KC Chiefs vs. IND Colts,Daniel Jones,Daniel Jones (IND),2ème mi-temps - Passes réussies du joueur - Plus/Moins,31492,77086,1733159932,10.5|sa:player:nfl-879981|IND,4502104483,Daniel Jones (IND) Plus de 10.5,Daniel Jones (IND) Plus de 10.5,10.5,1.9091,0,False
16535421,KC Chiefs vs. IND Colts,Daniel Jones,Daniel Jones (IND),2ème mi-temps - Passes réussies du joueur - Plus/Moins,31492,77086,1733159932,10.5|sa:player:nfl-879981|IND,4502104484,Daniel Jones (IND) moins de 10.5,Daniel Jones (IND) moins de 10.5,10.5,1.7143,0,False
16535421,KC Chiefs vs. IND Colts,Patrick Mahomes,Patrick Mahomes (KC),2ème mi-temps - Passes réussies du joueur - Plus/Moins,31492,77086,1733144462,9.5|sa:player:nfl-839031|KC,4502058376,Patrick Mahomes (KC) Plus de 9.5,Patrick Mahomes (KC) Plus de 9.5,9.5,1.7693,0,False
16535421,KC Chiefs vs. IND Colts,Patrick Mahomes,Patrick Mahomes (KC),2ème mi-temps - Passes réussies du joueur - Plus/Moins,31492,77086,1733144462,9.5|sa:player:nfl-839031|KC,4502058377,Patrick Mahomes (KC) moins de 9.5,Patrick Mahomes (KC) moins de 9.5,9.5,1.8334,0,False
16535421,KC Chiefs vs. IND Colts,Jonathan Taylor,Jonathan Taylor (IND),Premier quart-temps - Total de yards à la course du joueur Plus/Moins,31472,77066,1734604592,20.5|sa:player:nfl-1065406|IND|1,4506820587,Jonathan Taylor (IND) Plus de 20.5,Jonathan Taylor (IND) Plus de 20.5,20.5,1.8334,0,False
16535421,KC Chiefs vs. IND Colts,Jonathan Taylor,Jonathan Taylor (IND),Premier quart-temps - Total de yards à la course du joueur Plus/Moins,31472,77066,1734604592,20.5|sa:player:nfl-1065406|IND|1,4506820588,Jonathan Taylor (IND) moins de 20.5,Jonathan Taylor (IND) moins de 20.5,20.5,1.7693,0,False
16535421,KC Chiefs vs. IND Colts,Kenneth Walker III,Kenneth Walker III (KC),Premier quart-temps - Total de yards à la course du joueur Plus/Moins,31472,77066,1733175250,19.5|sa:player:nfl-1164402|KC|1,4502144116,Kenneth Walker III (KC) Plus de 19.5,Kenneth Walker III (KC) Plus de 19.5,19.5,1.8334,0,False
16535421,KC Chiefs vs. IND Colts,Kenneth Walker III,Kenneth Walker III (KC),Premier quart-temps - Total de yards à la course du joueur Plus/Moins,31472,77066,1733175250,19.5|sa:player:nfl-1164402|KC|1,4502144117,Kenneth Walker III (KC) moins de 19.5,Kenneth Walker III (KC) moins de 19.5,19.5,1.7693,0,False
16535421,KC Chiefs vs. IND Colts,Emmett Johnson,Emmett Johnson (KC),Premier quart-temps - Total de yards à la course du joueur Plus/Moins,31472,77066,1734310812,1.5|sa:player:nfl-1379251|KC|1,4505752088,Emmett Johnson (KC) moins de 1.5,Emmett Johnson (KC) moins de 1.5,1.5,1.7693,0,False
16535421,KC Chiefs vs. IND Colts,Emmett Johnson,Emmett Johnson (KC),Premier quart-temps - Total de yards à la course du joueur Plus/Moins,31472,77066,1734310812,1.5|sa:player:nfl-1379251|KC|1,4505752087,Emmett Johnson (KC) Plus de 1.5,Emmett Johnson (KC) Plus de 1.5,1.5,1.8334,0,False
16535421,KC Chiefs vs. IND Colts,Patrick Mahomes,Patrick Mahomes (KC),Premier quart-temps - Total de yards à la course du joueur Plus/Moins,31472,77066,1733144470,0.5|sa:player:nfl-839031|KC|1,4502058392,Patrick Mahomes (KC) Plus de 0.5,Patrick Mahomes (KC) Plus de 0.5,0.5,2.05,0,False
16535421,KC Chiefs vs. IND Colts,Patrick Mahomes,Patrick Mahomes (KC),Premier quart-temps - Total de yards à la course du joueur Plus/Moins,31472,77066,1733144470,0.5|sa:player:nfl-839031|KC|1,4502058393,Patrick Mahomes (KC) moins de 0.5,Patrick Mahomes (KC) moins de 0.5,0.5,1.6061,0,False
16535421,KC Chiefs vs. IND Colts,Daniel Jones,Daniel Jones (IND),Premier quart-temps - Total de yards à la course du joueur Plus/Moins,31472,77066,1733144544,0.5|sa:player:nfl-879981|IND|1,4502058528,Daniel Jones (IND) moins de 0.5,Daniel Jones (IND) moins de 0.5,0.5,1.2667,0,False
16535421,KC Chiefs vs. IND Colts,Daniel Jones,Daniel Jones (IND),Premier quart-temps - Total de yards à la course du joueur Plus/Moins,31472,77066,1733144544,0.5|sa:player:nfl-879981|IND|1,4502058527,Daniel Jones (IND) Plus de 0.5,Daniel Jones (IND) Plus de 0.5,0.5,3.1,0,False
16535421,KC Chiefs vs. IND Colts,Kenneth Walker III,Kenneth Walker III (KC),Premier quart-temps - Touchdowns de course du joueur Plus / Moins,31475,77069,1733144973,0.5|sa:player:nfl-1164402|KC|1,4502059280,Kenneth Walker III (KC) moins de 0.5,Kenneth Walker III (KC) moins de 0.5,0.5,1.1334,0,False
16535421,KC Chiefs vs. IND Colts,Kenneth Walker III,Kenneth Walker III (KC),Premier quart-temps - Touchdowns de course du joueur Plus / Moins,31475,77069,1733144973,0.5|sa:player:nfl-1164402|KC|1,4502059279,Kenneth Walker III (KC) Plus de 0.5,Kenneth Walker III (KC) Plus de 0.5,0.5,4.4,0,False
16535421,KC Chiefs vs. IND Colts,Jonathan Taylor,Jonathan Taylor (IND),Premier quart-temps - Touchdowns de course du joueur Plus / Moins,31475,77069,1733144658,0.5|sa:player:nfl-1065406|IND|1,4502058729,Jonathan Taylor (IND) Plus de 0.5,Jonathan Taylor (IND) Plus de 0.5,0.5,4.75,0,False
16535421,KC Chiefs vs. IND Colts,Jonathan Taylor,Jonathan Taylor (IND),Premier quart-temps - Touchdowns de course du joueur Plus / Moins,31475,77069,1733144658,0.5|sa:player:nfl-1065406|IND|1,4502058730,Jonathan Taylor (IND) moins de 0.5,Jonathan Taylor (IND) moins de 0.5,0.5,1.1112,0,False
16535421,KC Chiefs vs. IND Colts,Daniel Jones,Daniel Jones (IND),Premier quart-temps - Touchdowns de course du joueur Plus / Moins,31475,77069,1733144547,0.5|sa:player:nfl-879981|IND|1,4502058533,Daniel Jones (IND) Plus de 0.5,Daniel Jones (IND) Plus de 0.5,0.5,8.5,0,False
16535421,KC Chiefs vs. IND Colts,Daniel Jones,Daniel Jones (IND),Premier quart-temps - Touchdowns de course du joueur Plus / Moins,31475,77069,1733144547,0.5|sa:player:nfl-879981|IND|1,4502058534,Daniel Jones (IND) moins de 0.5,Daniel Jones (IND) moins de 0.5,0.5,0.0,7,False
16535421,KC Chiefs vs. IND Colts,Emmett Johnson,Emmett Johnson (KC),Premier quart-temps - Touchdowns de course du joueur Plus / Moins,31475,77069,1733145503,0.5|sa:player:nfl-1379251|KC|1,4502060205,Emmett Johnson (KC) Plus de 0.5,Emmett Johnson (KC) Plus de 0.5,0.5,8.5,0,False
16535421,KC Chiefs vs. IND Colts,Emmett Johnson,Emmett Johnson (KC),Premier quart-temps - Touchdowns de course du joueur Plus / Moins,31475,77069,1733145503,0.5|sa:player:nfl-1379251|KC|1,4502060206,Emmett Johnson (KC) moins de 0.5,Emmett Johnson (KC) moins de 0.5,0.5,0.0,7,False
16535421,KC Chiefs vs. IND Colts,Patrick Mahomes,Patrick Mahomes (KC),Premier quart-temps - Touchdowns de course du joueur Plus / Moins,31475,77069,1733144473,0.5|sa:player:nfl-839031|KC|1,4502058398,Patrick Mahomes (KC) Plus de 0.5,Patrick Mahomes (KC) Plus de 0.5,0.5,8.5,0,False
16535421,KC Chiefs vs. IND Colts,Patrick Mahomes,Patrick Mahomes (KC),Premier quart-temps - Touchdowns de course du joueur Plus / Moins,31475,77069,1733144473,0.5|sa:player:nfl-839031|KC|1,4502058399,Patrick Mahomes (KC) moins de 0.5,Patrick Mahomes (KC) moins de 0.5,0.5,0.0,7,False
16535421,KC Chiefs vs. IND Colts,Seth McGowan,Seth McGowan (IND),Premier quart-temps - Touchdowns de course du joueur Plus / Moins,31475,77069,1733145099,0.5|sa:player:nfl-1213794|IND|1,4502059499,Seth McGowan (IND) Plus de 0.5,Seth McGowan (IND) Plus de 0.5,0.5,8.5,0,False
16535421,KC Chiefs vs. IND Colts,Seth McGowan,Seth McGowan (IND),Premier quart-temps - Touchdowns de course du joueur Plus / Moins,31475,77069,1733145099,0.5|sa:player:nfl-1213794|IND|1,4502059500,Seth McGowan (IND) moins de 0.5,Seth McGowan (IND) moins de 0.5,0.5,0.0,7,False
16535421,KC Chiefs vs. IND Colts,Jonathan Taylor,Jonathan Taylor (IND),Premier quart-temps - Tentatives de rushing du joueur Plus/Moins,31484,77078,1735241518,5.5|sa:player:nfl-1065406|IND|1,4509288274,Jonathan Taylor (IND) Plus de 5.5,Jonathan Taylor (IND) Plus de 5.5,5.5,2.05,0,False
16535421,KC Chiefs vs. IND Colts,Jonathan Taylor,Jonathan Taylor (IND),Premier quart-temps - Tentatives de rushing du joueur Plus/Moins,31484,77078,1735241518,5.5|sa:player:nfl-1065406|IND|1,4509288275,Jonathan Taylor (IND) moins de 5.5,Jonathan Taylor (IND) moins de 5.5,5.5,1.6061,0,False
16535421,KC Chiefs vs. IND Colts,Kenneth Walker III,Kenneth Walker III (KC),Premier quart-temps - Tentatives de rushing du joueur Plus/Moins,31484,77078,1733162388,4.5|sa:player:nfl-1164402|KC|1,4502110110,Kenneth Walker III (KC) Plus de 4.5,Kenneth Walker III (KC) Plus de 4.5,4.5,1.7693,0,False
16535421,KC Chiefs vs. IND Colts,Kenneth Walker III,Kenneth Walker III (KC),Premier quart-temps - Tentatives de rushing du joueur Plus/Moins,31484,77078,1733162388,4.5|sa:player:nfl-1164402|KC|1,4502110111,Kenneth Walker III (KC) moins de 4.5,Kenneth Walker III (KC) moins de 4.5,4.5,1.8334,0,False
16535421,KC Chiefs vs. IND Colts,Emmett Johnson,Emmett Johnson (KC),Premier quart-temps - Tentatives de rushing du joueur Plus/Moins,31484,77078,1733145506,0.5|sa:player:nfl-1379251|KC|1,4502060211,Emmett Johnson (KC) Plus de 0.5,Emmett Johnson (KC) Plus de 0.5,0.5,1.5,0,False
16535421,KC Chiefs vs. IND Colts,Emmett Johnson,Emmett Johnson (KC),Premier quart-temps - Tentatives de rushing du joueur Plus/Moins,31484,77078,1733145506,0.5|sa:player:nfl-1379251|KC|1,4502060212,Emmett Johnson (KC) moins de 0.5,Emmett Johnson (KC) moins de 0.5,0.5,2.25,0,False
16535421,KC Chiefs vs. IND Colts,Patrick Mahomes,Patrick Mahomes (KC),Premier quart-temps - Tentatives de rushing du joueur Plus/Moins,31484,77078,1733144476,0.5|sa:player:nfl-839031|KC|1,4502058404,Patrick Mahomes (KC) Plus de 0.5,Patrick Mahomes (KC) Plus de 0.5,0.5,1.9091,0,False
16535421,KC Chiefs vs. IND Colts,Patrick Mahomes,Patrick Mahomes (KC),Premier quart-temps - Tentatives de rushing du joueur Plus/Moins,31484,77078,1733144476,0.5|sa:player:nfl-839031|KC|1,4502058405,Patrick Mahomes (KC) moins de 0.5,Patrick Mahomes (KC) moins de 0.5,0.5,1.7143,0,False
16535421,KC Chiefs vs. IND Colts,Daniel Jones,Daniel Jones (IND),Premier quart-temps - Tentatives de rushing du joueur Plus/Moins,31484,77078,1733144550,0.5|sa:player:nfl-879981|IND|1,4502058539,Daniel Jones (IND) Plus de 0.5,Daniel Jones (IND) Plus de 0.5,0.5,2.8,0,False
16535421,KC Chiefs vs. IND Colts,Daniel Jones,Daniel Jones (IND),Premier quart-temps - Tentatives de rushing du joueur Plus/Moins,31484,77078,1733144550,0.5|sa:player:nfl-879981|IND|1,4502058540,Daniel Jones (IND) moins de 0.5,Daniel Jones (IND) moins de 0.5,0.5,1.3334,0,False
16535421,KC Chiefs vs. IND Colts,Kenneth Walker III,Kenneth Walker III (KC),Premier quart-temps - Yards de course et de réception du joueur Plus / Moins,31490,77084,1733166970,25.5|sa:player:nfl-1164402|KC|1,4502122374,Kenneth Walker III (KC) Plus de 25.5,Kenneth Walker III (KC) Plus de 25.5,25.5,1.8334,0,False
16535421,KC Chiefs vs. IND Colts,Kenneth Walker III,Kenneth Walker III (KC),Premier quart-temps - Yards de course et de réception du joueur Plus / Moins,31490,77084,1733166970,25.5|sa:player:nfl-1164402|KC|1,4502122375,Kenneth Walker III (KC) moins de 25.5,Kenneth Walker III (KC) moins de 25.5,25.5,1.7693,0,False
16535421,KC Chiefs vs. IND Colts,Jonathan Taylor,Jonathan Taylor (IND),Premier quart-temps - Yards de course et de réception du joueur Plus / Moins,31490,77084,1734600031,24.5|sa:player:nfl-1065406|IND|1,4506809356,Jonathan Taylor (IND) Plus de 24.5,Jonathan Taylor (IND) Plus de 24.5,24.5,1.7693,0,False
16535421,KC Chiefs vs. IND Colts,Jonathan Taylor,Jonathan Taylor (IND),Premier quart-temps - Yards de course et de réception du joueur Plus / Moins,31490,77084,1734600031,24.5|sa:player:nfl-1065406|IND|1,4506809357,Jonathan Taylor (IND) moins de 24.5,Jonathan Taylor (IND) moins de 24.5,24.5,1.8334,0,False
16535421,KC Chiefs vs. IND Colts,Emmett Johnson,Emmett Johnson (KC),Premier quart-temps - Yards de course et de réception du joueur Plus / Moins,31490,77084,1734309216,2.5|sa:player:nfl-1379251|KC|1,4505747661,Emmett Johnson (KC) Plus de 2.5,Emmett Johnson (KC) Plus de 2.5,2.5,1.7143,0,False
16535421,KC Chiefs vs. IND Colts,Emmett Johnson,Emmett Johnson (KC),Premier quart-temps - Yards de course et de réception du joueur Plus / Moins,31490,77084,1734309216,2.5|sa:player:nfl-1379251|KC|1,4505747662,Emmett Johnson (KC) moins de 2.5,Emmett Johnson (KC) moins de 2.5,2.5,1.9091,0,False
16535421,KC Chiefs vs. IND Colts,Tyler Warren,Tyler Warren (IND),Premier quart-temps - Total de réceptions Plus/Moins,31487,77081,1733159960,0.5|sa:player:nfl-1229083|IND|1,4502104539,Tyler Warren (IND) Plus de 0.5,Tyler Warren (IND) Plus de 0.5,0.5,1.3847,0,False
16535421,KC Chiefs vs. IND Colts,Tyler Warren,Tyler Warren (IND),Premier quart-temps - Total de réceptions Plus/Moins,31487,77081,1733159960,0.5|sa:player:nfl-1229083|IND|1,4502104540,Tyler Warren (IND) moins de 0.5,Tyler Warren (IND) moins de 0.5,0.5,2.6,0,False
16535421,KC Chiefs vs. IND Colts,Josh Downs,Josh Downs (IND),Premier quart-temps - Total de réceptions Plus/Moins,31487,77081,1733145182,0.5|sa:player:nfl-1215077|IND|1,4502059648,Josh Downs (IND) moins de 0.5,Josh Downs (IND) moins de 0.5,0.5,2.35,0,False
16535421,KC Chiefs vs. IND Colts,Josh Downs,Josh Downs (IND),Premier quart-temps - Total de réceptions Plus/Moins,31487,77081,1733145182,0.5|sa:player:nfl-1215077|IND|1,4502059647,Josh Downs (IND) Plus de 0.5,Josh Downs (IND) Plus de 0.5,0.5,1.4546,0,False
16535421,KC Chiefs vs. IND Colts,Rashee Rice,Rashee Rice (KC),Premier quart-temps - Total de réceptions Plus/Moins,31487,77081,1733145053,0.5|sa:player:nfl-1173538|KC|1,4502059417,Rashee Rice (KC) Plus de 0.5,Rashee Rice (KC) Plus de 0.5,0.5,1.4762,0,False
16535421,KC Chiefs vs. IND Colts,Rashee Rice,Rashee Rice (KC),Premier quart-temps - Total de réceptions Plus/Moins,31487,77081,1733145053,0.5|sa:player:nfl-1173538|KC|1,4502059418,Rashee Rice (KC) moins de 0.5,Rashee Rice (KC) moins de 0.5,0.5,2.3,0,False
16535421,KC Chiefs vs. IND Colts,Keenan Allen,Keenan Allen (IND),Premier quart-temps - Total de réceptions Plus/Moins,31487,77081,1733144355,0.5|sa:player:nfl-557210|IND|1,4502058192,Keenan Allen (IND) moins de 0.5,Keenan Allen (IND) moins de 0.5,0.5,2.05,0,False
16535421,KC Chiefs vs. IND Colts,Keenan Allen,Keenan Allen (IND),Premier quart-temps - Total de réceptions Plus/Moins,31487,77081,1733144355,0.5|sa:player:nfl-557210|IND|1,4502058191,Keenan Allen (IND) Plus de 0.5,Keenan Allen (IND) Plus de 0.5,0.5,1.6061,0,False
16535421,KC Chiefs vs. IND Colts,Travis Kelce,Travis Kelce (KC),Premier quart-temps - Total de réceptions Plus/Moins,31487,77081,1733144301,0.5|sa:player:nfl-448240|KC|1,4502058101,Travis Kelce (KC) Plus de 0.5,Travis Kelce (KC) Plus de 0.5,0.5,1.6061,0,False
16535421,KC Chiefs vs. IND Colts,Travis Kelce,Travis Kelce (KC),Premier quart-temps - Total de réceptions Plus/Moins,31487,77081,1733144301,0.5|sa:player:nfl-448240|KC|1,4502058102,Travis Kelce (KC) moins de 0.5,Travis Kelce (KC) moins de 0.5,0.5,2.05,0,False
16535421,KC Chiefs vs. IND Colts,Kenneth Walker III,Kenneth Walker III (KC),Premier quart-temps - Total de réceptions Plus/Moins,31487,77081,1733144963,0.5|sa:player:nfl-1164402|KC|1,4502059259,Kenneth Walker III (KC) Plus de 0.5,Kenneth Walker III (KC) Plus de 0.5,0.5,1.7143,0,False
16535421,KC Chiefs vs. IND Colts,Kenneth Walker III,Kenneth Walker III (KC),Premier quart-temps - Total de réceptions Plus/Moins,31487,77081,1733144963,0.5|sa:player:nfl-1164402|KC|1,4502059260,Kenneth Walker III (KC) moins de 0.5,Kenneth Walker III (KC) moins de 0.5,0.5,1.9091,0,False
16535421,KC Chiefs vs. IND Colts,Xavier Worthy,Xavier Worthy (KC),Premier quart-temps - Total de réceptions Plus/Moins,31487,77081,1733145461,0.5|sa:player:nfl-1326638|KC|1,4502060131,Xavier Worthy (KC) Plus de 0.5,Xavier Worthy (KC) Plus de 0.5,0.5,1.7408,0,False
16535421,KC Chiefs vs. IND Colts,Xavier Worthy,Xavier Worthy (KC),Premier quart-temps - Total de réceptions Plus/Moins,31487,77081,1733145461,0.5|sa:player:nfl-1326638|KC|1,4502060132,Xavier Worthy (KC) moins de 0.5,Xavier Worthy (KC) moins de 0.5,0.5,1.8696,0,False
16535421,KC Chiefs vs. IND Colts,Alec Pierce,Alec Pierce (IND),Premier quart-temps - Total de réceptions Plus/Moins,31487,77081,1733144694,0.5|sa:player:nfl-1107027|IND|1,4502058792,Alec Pierce (IND) moins de 0.5,Alec Pierce (IND) moins de 0.5,0.5,1.8334,0,False
16535421,KC Chiefs vs. IND Colts,Alec Pierce,Alec Pierce (IND),Premier quart-temps - Total de réceptions Plus/Moins,31487,77081,1733144694,0.5|sa:player:nfl-1107027|IND|1,4502058791,Alec Pierce (IND) Plus de 0.5,Alec Pierce (IND) Plus de 0.5,0.5,1.7693,0,False
16535421,KC Chiefs vs. IND Colts,Jonathan Taylor,Jonathan Taylor (IND),Premier quart-temps - Total de réceptions Plus/Moins,31487,77081,1733144648,0.5|sa:player:nfl-1065406|IND|1,4502058709,Jonathan Taylor (IND) Plus de 0.5,Jonathan Taylor (IND) Plus de 0.5,0.5,1.9524,0,False
16535421,KC Chiefs vs. IND Colts,Jonathan Taylor,Jonathan Taylor (IND),Premier quart-temps - Total de réceptions Plus/Moins,31487,77081,1733144648,0.5|sa:player:nfl-1065406|IND|1,4502058710,Jonathan Taylor (IND) moins de 0.5,Jonathan Taylor (IND) moins de 0.5,0.5,1.6667,0,False
16535421,KC Chiefs vs. IND Colts,Noah Gray,Noah Gray (KC),Premier quart-temps - Total de réceptions Plus/Moins,31487,77081,1733144610,0.5|sa:player:nfl-1056981|KC|1,4502058644,Noah Gray (KC) Plus de 0.5,Noah Gray (KC) Plus de 0.5,0.5,3.0,0,False
16535421,KC Chiefs vs. IND Colts,Noah Gray,Noah Gray (KC),Premier quart-temps - Total de réceptions Plus/Moins,31487,77081,1733144610,0.5|sa:player:nfl-1056981|KC|1,4502058645,Noah Gray (KC) moins de 0.5,Noah Gray (KC) moins de 0.5,0.5,1.2858,0,False
16535421,KC Chiefs vs. IND Colts,Tyquan Thornton,Tyquan Thornton (KC),Premier quart-temps - Total de réceptions Plus/Moins,31487,77081,1733144721,0.5|sa:player:nfl-1110301|KC|1,4502058836,Tyquan Thornton (KC) Plus de 0.5,Tyquan Thornton (KC) Plus de 0.5,0.5,3.3,0,False
16535421,KC Chiefs vs. IND Colts,Tyquan Thornton,Tyquan Thornton (KC),Premier quart-temps - Total de réceptions Plus/Moins,31487,77081,1733144721,0.5|sa:player:nfl-1110301|KC|1,4502058837,Tyquan Thornton (KC) moins de 0.5,Tyquan Thornton (KC) moins de 0.5,0.5,1.2353,0,False
16535421,KC Chiefs vs. IND Colts,Emmett Johnson,Emmett Johnson (KC),Premier quart-temps - Total de réceptions Plus/Moins,31487,77081,1733145493,0.5|sa:player:nfl-1379251|KC|1,4502060185,Emmett Johnson (KC) Plus de 0.5,Emmett Johnson (KC) Plus de 0.5,0.5,3.6,0,False
16535421,KC Chiefs vs. IND Colts,Emmett Johnson,Emmett Johnson (KC),Premier quart-temps - Total de réceptions Plus/Moins,31487,77081,1733145493,0.5|sa:player:nfl-1379251|KC|1,4502060186,Emmett Johnson (KC) moins de 0.5,Emmett Johnson (KC) moins de 0.5,0.5,1.2,0,False
16535421,KC Chiefs vs. IND Colts,Tyler Warren,Tyler Warren (IND),Premier quart-temps - Yards reçus par le joueur - Plus/Moins,31466,77060,1733174526,6.5|sa:player:nfl-1229083|IND|1,4502142366,Tyler Warren (IND) Plus de 6.5,Tyler Warren (IND) Plus de 6.5,6.5,1.7693,0,False
16535421,KC Chiefs vs. IND Colts,Tyler Warren,Tyler Warren (IND),Premier quart-temps - Yards reçus par le joueur - Plus/Moins,31466,77060,1733174526,6.5|sa:player:nfl-1229083|IND|1,4502142367,Tyler Warren (IND) moins de 6.5,Tyler Warren (IND) moins de 6.5,6.5,1.8334,0,False
16535421,KC Chiefs vs. IND Colts,Rashee Rice,Rashee Rice (KC),Premier quart-temps - Yards reçus par le joueur - Plus/Moins,31466,77060,1733174511,6.5|sa:player:nfl-1173538|KC|1,4502142336,Rashee Rice (KC) Plus de 6.5,Rashee Rice (KC) Plus de 6.5,6.5,1.8334,0,False
16535421,KC Chiefs vs. IND Colts,Rashee Rice,Rashee Rice (KC),Premier quart-temps - Yards reçus par le joueur - Plus/Moins,31466,77060,1733174511,6.5|sa:player:nfl-1173538|KC|1,4502142337,Rashee Rice (KC) moins de 6.5,Rashee Rice (KC) moins de 6.5,6.5,1.7693,0,False
16535421,KC Chiefs vs. IND Colts,Josh Downs,Josh Downs (IND),Premier quart-temps - Yards reçus par le joueur - Plus/Moins,31466,77060,1736122488,5.5|sa:player:nfl-1215077|IND|1,4511881488,Josh Downs (IND) moins de 5.5,Josh Downs (IND) moins de 5.5,5.5,1.8334,0,False
16535421,KC Chiefs vs. IND Colts,Josh Downs,Josh Downs (IND),Premier quart-temps - Yards reçus par le joueur - Plus/Moins,31466,77060,1736122488,5.5|sa:player:nfl-1215077|IND|1,4511881487,Josh Downs (IND) Plus de 5.5,Josh Downs (IND) Plus de 5.5,5.5,1.7693,0,False
16535421,KC Chiefs vs. IND Colts,Travis Kelce,Travis Kelce (KC),Premier quart-temps - Yards reçus par le joueur - Plus/Moins,31466,77060,1733163077,4.5|sa:player:nfl-448240|KC|1,4502111954,Travis Kelce (KC) Plus de 4.5,Travis Kelce (KC) Plus de 4.5,4.5,1.7693,0,False
16535421,KC Chiefs vs. IND Colts,Travis Kelce,Travis Kelce (KC),Premier quart-temps - Yards reçus par le joueur - Plus/Moins,31466,77060,1733163077,4.5|sa:player:nfl-448240|KC|1,4502111955,Travis Kelce (KC) moins de 4.5,Travis Kelce (KC) moins de 4.5,4.5,1.8334,0,False
16535421,KC Chiefs vs. IND Colts,Keenan Allen,Keenan Allen (IND),Premier quart-temps - Yards reçus par le joueur - Plus/Moins,31466,77060,1734361006,3.5|sa:player:nfl-557210|IND|1,4505888304,Keenan Allen (IND) Plus de 3.5,Keenan Allen (IND) Plus de 3.5,3.5,1.7693,0,False
16535421,KC Chiefs vs. IND Colts,Keenan Allen,Keenan Allen (IND),Premier quart-temps - Yards reçus par le joueur - Plus/Moins,31466,77060,1734361006,3.5|sa:player:nfl-557210|IND|1,4505888305,Keenan Allen (IND) moins de 3.5,Keenan Allen (IND) moins de 3.5,3.5,1.8334,0,False
16535421,KC Chiefs vs. IND Colts,Xavier Worthy,Xavier Worthy (KC),Premier quart-temps - Yards reçus par le joueur - Plus/Moins,31466,77060,1734336876,1.5|sa:player:nfl-1326638|KC|1,4505826474,Xavier Worthy (KC) Plus de 1.5,Xavier Worthy (KC) Plus de 1.5,1.5,1.8334,0,False
16535421,KC Chiefs vs. IND Colts,Xavier Worthy,Xavier Worthy (KC),Premier quart-temps - Yards reçus par le joueur - Plus/Moins,31466,77060,1734336876,1.5|sa:player:nfl-1326638|KC|1,4505826475,Xavier Worthy (KC) moins de 1.5,Xavier Worthy (KC) moins de 1.5,1.5,1.7693,0,False
16535421,KC Chiefs vs. IND Colts,Alec Pierce,Alec Pierce (IND),Premier quart-temps - Yards reçus par le joueur - Plus/Moins,31466,77060,1734336749,0.5|sa:player:nfl-1107027|IND|1,4505826224,Alec Pierce (IND) moins de 0.5,Alec Pierce (IND) moins de 0.5,0.5,1.7693,0,False
16535421,KC Chiefs vs. IND Colts,Alec Pierce,Alec Pierce (IND),Premier quart-temps - Yards reçus par le joueur - Plus/Moins,31466,77060,1734336749,0.5|sa:player:nfl-1107027|IND|1,4505826223,Alec Pierce (IND) Plus de 0.5,Alec Pierce (IND) Plus de 0.5,0.5,1.8334,0,False
16535421,KC Chiefs vs. IND Colts,Kenneth Walker III,Kenneth Walker III (KC),Premier quart-temps - Yards reçus par le joueur - Plus/Moins,31466,77060,1733144891,0.5|sa:player:nfl-1164402|KC|1,4502059136,Kenneth Walker III (KC) moins de 0.5,Kenneth Walker III (KC) moins de 0.5,0.5,1.7693,0,False
16535421,KC Chiefs vs. IND Colts,Kenneth Walker III,Kenneth Walker III (KC),Premier quart-temps - Yards reçus par le joueur - Plus/Moins,31466,77060,1733144891,0.5|sa:player:nfl-1164402|KC|1,4502059135,Kenneth Walker III (KC) Plus de 0.5,Kenneth Walker III (KC) Plus de 0.5,0.5,1.8334,0,False
16535421,KC Chiefs vs. IND Colts,Jonathan Taylor,Jonathan Taylor (IND),Premier quart-temps - Yards reçus par le joueur - Plus/Moins,31466,77060,1733144642,0.5|sa:player:nfl-1065406|IND|1,4502058697,Jonathan Taylor (IND) Plus de 0.5,Jonathan Taylor (IND) Plus de 0.5,0.5,2.2,0,False
16535421,KC Chiefs vs. IND Colts,Jonathan Taylor,Jonathan Taylor (IND),Premier quart-temps - Yards reçus par le joueur - Plus/Moins,31466,77060,1733144642,0.5|sa:player:nfl-1065406|IND|1,4502058698,Jonathan Taylor (IND) moins de 0.5,Jonathan Taylor (IND) moins de 0.5,0.5,1.5264,0,False
16535421,KC Chiefs vs. IND Colts,Noah Gray,Noah Gray (KC),Premier quart-temps - Yards reçus par le joueur - Plus/Moins,31466,77060,1733144604,0.5|sa:player:nfl-1056981|KC|1,4502058632,Noah Gray (KC) Plus de 0.5,Noah Gray (KC) Plus de 0.5,0.5,3.1,0,False
16535421,KC Chiefs vs. IND Colts,Noah Gray,Noah Gray (KC),Premier quart-temps - Yards reçus par le joueur - Plus/Moins,31466,77060,1733144604,0.5|sa:player:nfl-1056981|KC|1,4502058633,Noah Gray (KC) moins de 0.5,Noah Gray (KC) moins de 0.5,0.5,1.2667,0,False
16535421,KC Chiefs vs. IND Colts,Tyquan Thornton,Tyquan Thornton (KC),Premier quart-temps - Yards reçus par le joueur - Plus/Moins,31466,77060,1733144715,0.5|sa:player:nfl-1110301|KC|1,4502058824,Tyquan Thornton (KC) Plus de 0.5,Tyquan Thornton (KC) Plus de 0.5,0.5,3.4,0,False
16535421,KC Chiefs vs. IND Colts,Tyquan Thornton,Tyquan Thornton (KC),Premier quart-temps - Yards reçus par le joueur - Plus/Moins,31466,77060,1733144715,0.5|sa:player:nfl-1110301|KC|1,4502058825,Tyquan Thornton (KC) moins de 0.5,Tyquan Thornton (KC) moins de 0.5,0.5,1.2223,0,False
16535421,KC Chiefs vs. IND Colts,Emmett Johnson,Emmett Johnson (KC),Premier quart-temps - Yards reçus par le joueur - Plus/Moins,31466,77060,1733145487,0.5|sa:player:nfl-1379251|KC|1,4502060173,Emmett Johnson (KC) Plus de 0.5,Emmett Johnson (KC) Plus de 0.5,0.5,4.0,0,False
16535421,KC Chiefs vs. IND Colts,Emmett Johnson,Emmett Johnson (KC),Premier quart-temps - Yards reçus par le joueur - Plus/Moins,31466,77060,1733145487,0.5|sa:player:nfl-1379251|KC|1,4502060174,Emmett Johnson (KC) moins de 0.5,Emmett Johnson (KC) moins de 0.5,0.5,1.1667,0,False
16535421,KC Chiefs vs. IND Colts,Rashee Rice,Rashee Rice (KC),Premier quart-temps - Touchdowns de réception du joueur Plus / Moins,31469,77063,1733145050,0.5|sa:player:nfl-1173538|KC|1,4502059411,Rashee Rice (KC) Plus de 0.5,Rashee Rice (KC) Plus de 0.5,0.5,6.75,0,False
16535421,KC Chiefs vs. IND Colts,Rashee Rice,Rashee Rice (KC),Premier quart-temps - Touchdowns de réception du joueur Plus / Moins,31469,77063,1733145050,0.5|sa:player:nfl-1173538|KC|1,4502059412,Rashee Rice (KC) moins de 0.5,Rashee Rice (KC) moins de 0.5,0.5,1.04,0,False
16535421,KC Chiefs vs. IND Colts,Travis Kelce,Travis Kelce (KC),Premier quart-temps - Touchdowns de réception du joueur Plus / Moins,31469,77063,1733144298,0.5|sa:player:nfl-448240|KC|1,4502058096,Travis Kelce (KC) moins de 0.5,Travis Kelce (KC) moins de 0.5,0.5,1.04,0,False
16535421,KC Chiefs vs. IND Colts,Travis Kelce,Travis Kelce (KC),Premier quart-temps - Touchdowns de réception du joueur Plus / Moins,31469,77063,1733144298,0.5|sa:player:nfl-448240|KC|1,4502058095,Travis Kelce (KC) Plus de 0.5,Travis Kelce (KC) Plus de 0.5,0.5,6.75,0,False
16535421,KC Chiefs vs. IND Colts,Alec Pierce,Alec Pierce (IND),Premier quart-temps - Touchdowns de réception du joueur Plus / Moins,31469,77063,1733144691,0.5|sa:player:nfl-1107027|IND|1,4502058785,Alec Pierce (IND) Plus de 0.5,Alec Pierce (IND) Plus de 0.5,0.5,7.75,0,False
16535421,KC Chiefs vs. IND Colts,Alec Pierce,Alec Pierce (IND),Premier quart-temps - Touchdowns de réception du joueur Plus / Moins,31469,77063,1733144691,0.5|sa:player:nfl-1107027|IND|1,4502058786,Alec Pierce (IND) moins de 0.5,Alec Pierce (IND) moins de 0.5,0.5,1.02,0,False
16535421,KC Chiefs vs. IND Colts,Tyler Warren,Tyler Warren (IND),Premier quart-temps - Touchdowns de réception du joueur Plus / Moins,31469,77063,1733145223,0.5|sa:player:nfl-1229083|IND|1,4502059717,Tyler Warren (IND) Plus de 0.5,Tyler Warren (IND) Plus de 0.5,0.5,7.75,0,False
16535421,KC Chiefs vs. IND Colts,Tyler Warren,Tyler Warren (IND),Premier quart-temps - Touchdowns de réception du joueur Plus / Moins,31469,77063,1733145223,0.5|sa:player:nfl-1229083|IND|1,4502059718,Tyler Warren (IND) moins de 0.5,Tyler Warren (IND) moins de 0.5,0.5,1.02,0,False
16535421,KC Chiefs vs. IND Colts,Xavier Worthy,Xavier Worthy (KC),Premier quart-temps - Touchdowns de réception du joueur Plus / Moins,31469,77063,1733145458,0.5|sa:player:nfl-1326638|KC|1,4502060125,Xavier Worthy (KC) Plus de 0.5,Xavier Worthy (KC) Plus de 0.5,0.5,7.75,0,False
16535421,KC Chiefs vs. IND Colts,Xavier Worthy,Xavier Worthy (KC),Premier quart-temps - Touchdowns de réception du joueur Plus / Moins,31469,77063,1733145458,0.5|sa:player:nfl-1326638|KC|1,4502060126,Xavier Worthy (KC) moins de 0.5,Xavier Worthy (KC) moins de 0.5,0.5,1.02,0,False
16535421,KC Chiefs vs. IND Colts,Emmett Johnson,Emmett Johnson (KC),Premier quart-temps - Touchdowns de réception du joueur Plus / Moins,31469,77063,1733145490,0.5|sa:player:nfl-1379251|KC|1,4502060179,Emmett Johnson (KC) Plus de 0.5,Emmett Johnson (KC) Plus de 0.5,0.5,8.5,0,False
16535421,KC Chiefs vs. IND Colts,Emmett Johnson,Emmett Johnson (KC),Premier quart-temps - Touchdowns de réception du joueur Plus / Moins,31469,77063,1733145490,0.5|sa:player:nfl-1379251|KC|1,4502060180,Emmett Johnson (KC) moins de 0.5,Emmett Johnson (KC) moins de 0.5,0.5,0.0,7,False
16535421,KC Chiefs vs. IND Colts,Jonathan Taylor,Jonathan Taylor (IND),Premier quart-temps - Touchdowns de réception du joueur Plus / Moins,31469,77063,1733144645,0.5|sa:player:nfl-1065406|IND|1,4502058704,Jonathan Taylor (IND) moins de 0.5,Jonathan Taylor (IND) moins de 0.5,0.5,0.0,7,False
16535421,KC Chiefs vs. IND Colts,Jonathan Taylor,Jonathan Taylor (IND),Premier quart-temps - Touchdowns de réception du joueur Plus / Moins,31469,77063,1733144645,0.5|sa:player:nfl-1065406|IND|1,4502058703,Jonathan Taylor (IND) Plus de 0.5,Jonathan Taylor (IND) Plus de 0.5,0.5,8.5,0,False
16535421,KC Chiefs vs. IND Colts,Josh Downs,Josh Downs (IND),Premier quart-temps - Touchdowns de réception du joueur Plus / Moins,31469,77063,1733145179,0.5|sa:player:nfl-1215077|IND|1,4502059641,Josh Downs (IND) Plus de 0.5,Josh Downs (IND) Plus de 0.5,0.5,8.5,0,False
16535421,KC Chiefs vs. IND Colts,Josh Downs,Josh Downs (IND),Premier quart-temps - Touchdowns de réception du joueur Plus / Moins,31469,77063,1733145179,0.5|sa:player:nfl-1215077|IND|1,4502059642,Josh Downs (IND) moins de 0.5,Josh Downs (IND) moins de 0.5,0.5,1.01,0,False
16535421,KC Chiefs vs. IND Colts,Keenan Allen,Keenan Allen (IND),Premier quart-temps - Touchdowns de réception du joueur Plus / Moins,31469,77063,1733144352,0.5|sa:player:nfl-557210|IND|1,4502058185,Keenan Allen (IND) Plus de 0.5,Keenan Allen (IND) Plus de 0.5,0.5,8.5,0,False
16535421,KC Chiefs vs. IND Colts,Keenan Allen,Keenan Allen (IND),Premier quart-temps - Touchdowns de réception du joueur Plus / Moins,31469,77063,1733144352,0.5|sa:player:nfl-557210|IND|1,4502058186,Keenan Allen (IND) moins de 0.5,Keenan Allen (IND) moins de 0.5,0.5,1.01,0,False
16535421,KC Chiefs vs. IND Colts,Kenneth Walker III,Kenneth Walker III (KC),Premier quart-temps - Touchdowns de réception du joueur Plus / Moins,31469,77063,1733144894,0.5|sa:player:nfl-1164402|KC|1,4502059141,Kenneth Walker III (KC) Plus de 0.5,Kenneth Walker III (KC) Plus de 0.5,0.5,8.5,0,False
16535421,KC Chiefs vs. IND Colts,Kenneth Walker III,Kenneth Walker III (KC),Premier quart-temps - Touchdowns de réception du joueur Plus / Moins,31469,77063,1733144894,0.5|sa:player:nfl-1164402|KC|1,4502059142,Kenneth Walker III (KC) moins de 0.5,Kenneth Walker III (KC) moins de 0.5,0.5,1.01,0,False
16535421,KC Chiefs vs. IND Colts,Noah Gray,Noah Gray (KC),Premier quart-temps - Touchdowns de réception du joueur Plus / Moins,31469,77063,1733144607,0.5|sa:player:nfl-1056981|KC|1,4502058638,Noah Gray (KC) Plus de 0.5,Noah Gray (KC) Plus de 0.5,0.5,8.5,0,False
16535421,KC Chiefs vs. IND Colts,Noah Gray,Noah Gray (KC),Premier quart-temps - Touchdowns de réception du joueur Plus / Moins,31469,77063,1733144607,0.5|sa:player:nfl-1056981|KC|1,4502058639,Noah Gray (KC) moins de 0.5,Noah Gray (KC) moins de 0.5,0.5,0.0,7,False
16535421,KC Chiefs vs. IND Colts,Tyquan Thornton,Tyquan Thornton (KC),Premier quart-temps - Touchdowns de réception du joueur Plus / Moins,31469,77063,1733144718,0.5|sa:player:nfl-1110301|KC|1,4502058830,Tyquan Thornton (KC) Plus de 0.5,Tyquan Thornton (KC) Plus de 0.5,0.5,8.5,0,False
16535421,KC Chiefs vs. IND Colts,Tyquan Thornton,Tyquan Thornton (KC),Premier quart-temps - Touchdowns de réception du joueur Plus / Moins,31469,77063,1733144718,0.5|sa:player:nfl-1110301|KC|1,4502058831,Tyquan Thornton (KC) moins de 0.5,Tyquan Thornton (KC) moins de 0.5,0.5,0.0,7,False
16535421,KC Chiefs vs. IND Colts,Daniel Jones,Daniel Jones (IND),Premier quart-temps - Total de yards à la passe du joueur Plus/Moins,31460,77054,1734340276,45.5|sa:player:nfl-879981|IND|1,4505835307,Daniel Jones (IND) Plus de 45.5,Daniel Jones (IND) Plus de 45.5,45.5,1.8334,0,False
16535421,KC Chiefs vs. IND Colts,Daniel Jones,Daniel Jones (IND),Premier quart-temps - Total de yards à la passe du joueur Plus/Moins,31460,77054,1734340276,45.5|sa:player:nfl-879981|IND|1,4505835308,Daniel Jones (IND) moins de 45.5,Daniel Jones (IND) moins de 45.5,45.5,1.7693,0,False
16535421,KC Chiefs vs. IND Colts,Patrick Mahomes,Patrick Mahomes (KC),Premier quart-temps - Total de yards à la passe du joueur Plus/Moins,31460,77054,1733163081,43.5|sa:player:nfl-839031|KC|1,4502111962,Patrick Mahomes (KC) Plus de 43.5,Patrick Mahomes (KC) Plus de 43.5,43.5,1.7693,0,False
16535421,KC Chiefs vs. IND Colts,Patrick Mahomes,Patrick Mahomes (KC),Premier quart-temps - Total de yards à la passe du joueur Plus/Moins,31460,77054,1733163081,43.5|sa:player:nfl-839031|KC|1,4502111963,Patrick Mahomes (KC) moins de 43.5,Patrick Mahomes (KC) moins de 43.5,43.5,1.8334,0,False
16535421,KC Chiefs vs. IND Colts,Patrick Mahomes,Patrick Mahomes (KC),Deuxième quart-temps - Total de yards à la passe du joueur Plus/Moins,31460,77054,1733144446,63.5|sa:player:nfl-839031|KC|2,4502058344,Patrick Mahomes (KC) Plus de 63.5,Patrick Mahomes (KC) Plus de 63.5,63.5,1.7693,0,False
16535421,KC Chiefs vs. IND Colts,Patrick Mahomes,Patrick Mahomes (KC),Deuxième quart-temps - Total de yards à la passe du joueur Plus/Moins,31460,77054,1733144446,63.5|sa:player:nfl-839031|KC|2,4502058345,Patrick Mahomes (KC) moins de 63.5,Patrick Mahomes (KC) moins de 63.5,63.5,1.8334,0,False
16535421,KC Chiefs vs. IND Colts,Daniel Jones,Daniel Jones (IND),Deuxième quart-temps - Total de yards à la passe du joueur Plus/Moins,31460,77054,1739865739,53.5|sa:player:nfl-879981|IND|2,4525993064,Daniel Jones (IND) moins de 53.5,Daniel Jones (IND) moins de 53.5,53.5,1.7693,0,False
16535421,KC Chiefs vs. IND Colts,Daniel Jones,Daniel Jones (IND),Deuxième quart-temps - Total de yards à la passe du joueur Plus/Moins,31460,77054,1739865739,53.5|sa:player:nfl-879981|IND|2,4525993063,Daniel Jones (IND) Plus de 53.5,Daniel Jones (IND) Plus de 53.5,53.5,1.8334,0,False
16535421,KC Chiefs vs. IND Colts,Patrick Mahomes,Patrick Mahomes (KC),Troisième quart-temps - Total de yards à la passe du joueur Plus/Moins,31460,77054,1733162170,51.5|sa:player:nfl-839031|KC|3,4502109626,Patrick Mahomes (KC) Plus de 51.5,Patrick Mahomes (KC) Plus de 51.5,51.5,1.7693,0,False
16535421,KC Chiefs vs. IND Colts,Patrick Mahomes,Patrick Mahomes (KC),Troisième quart-temps - Total de yards à la passe du joueur Plus/Moins,31460,77054,1733162170,51.5|sa:player:nfl-839031|KC|3,4502109627,Patrick Mahomes (KC) moins de 51.5,Patrick Mahomes (KC) moins de 51.5,51.5,1.8334,0,False
16535421,KC Chiefs vs. IND Colts,Daniel Jones,Daniel Jones (IND),Troisième quart-temps - Total de yards à la passe du joueur Plus/Moins,31460,77054,1734316795,39.5|sa:player:nfl-879981|IND|3,4505766461,Daniel Jones (IND) Plus de 39.5,Daniel Jones (IND) Plus de 39.5,39.5,1.7693,0,False
16535421,KC Chiefs vs. IND Colts,Daniel Jones,Daniel Jones (IND),Troisième quart-temps - Total de yards à la passe du joueur Plus/Moins,31460,77054,1734316795,39.5|sa:player:nfl-879981|IND|3,4505766462,Daniel Jones (IND) moins de 39.5,Daniel Jones (IND) moins de 39.5,39.5,1.8334,0,False
16535421,KC Chiefs vs. IND Colts,Daniel Jones,Daniel Jones (IND),Quatrième quart-temps - Total de yards à la passe du joueur Plus/Moins,31460,77054,1733177722,61.5|sa:player:nfl-879981|IND|4,4502150604,Daniel Jones (IND) Plus de 61.5,Daniel Jones (IND) Plus de 61.5,61.5,1.8334,0,False
16535421,KC Chiefs vs. IND Colts,Daniel Jones,Daniel Jones (IND),Quatrième quart-temps - Total de yards à la passe du joueur Plus/Moins,31460,77054,1733177722,61.5|sa:player:nfl-879981|IND|4,4502150605,Daniel Jones (IND) moins de 61.5,Daniel Jones (IND) moins de 61.5,61.5,1.7693,0,False
16535421,KC Chiefs vs. IND Colts,Patrick Mahomes,Patrick Mahomes (KC),Quatrième quart-temps - Total de yards à la passe du joueur Plus/Moins,31460,77054,1734316793,44.5|sa:player:nfl-839031|KC|4,4505766457,Patrick Mahomes (KC) Plus de 44.5,Patrick Mahomes (KC) Plus de 44.5,44.5,1.7693,0,False
16535421,KC Chiefs vs. IND Colts,Patrick Mahomes,Patrick Mahomes (KC),Quatrième quart-temps - Total de yards à la passe du joueur Plus/Moins,31460,77054,1734316793,44.5|sa:player:nfl-839031|KC|4,4505766458,Patrick Mahomes (KC) moins de 44.5,Patrick Mahomes (KC) moins de 44.5,44.5,1.8334,0,False
16535421,KC Chiefs vs. IND Colts,Patrick Mahomes,Patrick Mahomes (KC),Premier quart-temps - 	 Total de Touchdowns à la passe du joueur - Plus/Moins,31463,77057,1733144451,0.5|sa:player:nfl-839031|KC|1,4502058354,Patrick Mahomes (KC) Plus de 0.5,Patrick Mahomes (KC) Plus de 0.5,0.5,2.85,0,False
16535421,KC Chiefs vs. IND Colts,Patrick Mahomes,Patrick Mahomes (KC),Premier quart-temps - 	 Total de Touchdowns à la passe du joueur - Plus/Moins,31463,77057,1733144451,0.5|sa:player:nfl-839031|KC|1,4502058355,Patrick Mahomes (KC) moins de 0.5,Patrick Mahomes (KC) moins de 0.5,0.5,1.3125,0,False
16535421,KC Chiefs vs. IND Colts,Daniel Jones,Daniel Jones (IND),Premier quart-temps - 	 Total de Touchdowns à la passe du joueur - Plus/Moins,31463,77057,1733144525,0.5|sa:player:nfl-879981|IND|1,4502058489,Daniel Jones (IND) Plus de 0.5,Daniel Jones (IND) Plus de 0.5,0.5,3.6,0,False
16535421,KC Chiefs vs. IND Colts,Daniel Jones,Daniel Jones (IND),Premier quart-temps - 	 Total de Touchdowns à la passe du joueur - Plus/Moins,31463,77057,1733144525,0.5|sa:player:nfl-879981|IND|1,4502058490,Daniel Jones (IND) moins de 0.5,Daniel Jones (IND) moins de 0.5,0.5,1.2,0,False
16535421,KC Chiefs vs. IND Colts,Patrick Mahomes,Patrick Mahomes (KC),Deuxième quart-temps - 	 Total de Touchdowns à la passe du joueur - Plus/Moins,31463,77057,1733144452,0.5|sa:player:nfl-839031|KC|2,4502058356,Patrick Mahomes (KC) Plus de 0.5,Patrick Mahomes (KC) Plus de 0.5,0.5,2.05,0,False
16535421,KC Chiefs vs. IND Colts,Patrick Mahomes,Patrick Mahomes (KC),Deuxième quart-temps - 	 Total de Touchdowns à la passe du joueur - Plus/Moins,31463,77057,1733144452,0.5|sa:player:nfl-839031|KC|2,4502058357,Patrick Mahomes (KC) moins de 0.5,Patrick Mahomes (KC) moins de 0.5,0.5,1.6061,0,False
16535421,KC Chiefs vs. IND Colts,Daniel Jones,Daniel Jones (IND),Deuxième quart-temps - 	 Total de Touchdowns à la passe du joueur - Plus/Moins,31463,77057,1733144526,0.5|sa:player:nfl-879981|IND|2,4502058491,Daniel Jones (IND) Plus de 0.5,Daniel Jones (IND) Plus de 0.5,0.5,2.9,0,False
16535421,KC Chiefs vs. IND Colts,Daniel Jones,Daniel Jones (IND),Deuxième quart-temps - 	 Total de Touchdowns à la passe du joueur - Plus/Moins,31463,77057,1733144526,0.5|sa:player:nfl-879981|IND|2,4502058492,Daniel Jones (IND) moins de 0.5,Daniel Jones (IND) moins de 0.5,0.5,1.3077,0,False
16535421,KC Chiefs vs. IND Colts,Patrick Mahomes,Patrick Mahomes (KC),Troisième quart-temps - 	 Total de Touchdowns à la passe du joueur - Plus/Moins,31463,77057,1733144453,0.5|sa:player:nfl-839031|KC|3,4502058358,Patrick Mahomes (KC) Plus de 0.5,Patrick Mahomes (KC) Plus de 0.5,0.5,2.6,0,False
16535421,KC Chiefs vs. IND Colts,Patrick Mahomes,Patrick Mahomes (KC),Troisième quart-temps - 	 Total de Touchdowns à la passe du joueur - Plus/Moins,31463,77057,1733144453,0.5|sa:player:nfl-839031|KC|3,4502058359,Patrick Mahomes (KC) moins de 0.5,Patrick Mahomes (KC) moins de 0.5,0.5,1.3847,0,False
16535421,KC Chiefs vs. IND Colts,Daniel Jones,Daniel Jones (IND),Troisième quart-temps - 	 Total de Touchdowns à la passe du joueur - Plus/Moins,31463,77057,1733144527,0.5|sa:player:nfl-879981|IND|3,4502058493,Daniel Jones (IND) Plus de 0.5,Daniel Jones (IND) Plus de 0.5,0.5,3.6,0,False
16535421,KC Chiefs vs. IND Colts,Daniel Jones,Daniel Jones (IND),Troisième quart-temps - 	 Total de Touchdowns à la passe du joueur - Plus/Moins,31463,77057,1733144527,0.5|sa:player:nfl-879981|IND|3,4502058494,Daniel Jones (IND) moins de 0.5,Daniel Jones (IND) moins de 0.5,0.5,1.2,0,False
16535421,KC Chiefs vs. IND Colts,Daniel Jones,Daniel Jones (IND),Quatrième quart-temps - 	 Total de Touchdowns à la passe du joueur - Plus/Moins,31463,77057,1733144528,0.5|sa:player:nfl-879981|IND|4,4502058496,Daniel Jones (IND) moins de 0.5,Daniel Jones (IND) moins de 0.5,0.5,1.4445,0,False
16535421,KC Chiefs vs. IND Colts,Daniel Jones,Daniel Jones (IND),Quatrième quart-temps - 	 Total de Touchdowns à la passe du joueur - Plus/Moins,31463,77057,1733144528,0.5|sa:player:nfl-879981|IND|4,4502058495,Daniel Jones (IND) Plus de 0.5,Daniel Jones (IND) Plus de 0.5,0.5,2.4,0,False
16535421,KC Chiefs vs. IND Colts,Patrick Mahomes,Patrick Mahomes (KC),Quatrième quart-temps - 	 Total de Touchdowns à la passe du joueur - Plus/Moins,31463,77057,1733144454,0.5|sa:player:nfl-839031|KC|4,4502058360,Patrick Mahomes (KC) Plus de 0.5,Patrick Mahomes (KC) Plus de 0.5,0.5,2.4,0,False
16535421,KC Chiefs vs. IND Colts,Patrick Mahomes,Patrick Mahomes (KC),Quatrième quart-temps - 	 Total de Touchdowns à la passe du joueur - Plus/Moins,31463,77057,1733144454,0.5|sa:player:nfl-839031|KC|4,4502058361,Patrick Mahomes (KC) moins de 0.5,Patrick Mahomes (KC) moins de 0.5,0.5,1.4348,0,False
16535421,KC Chiefs vs. IND Colts,Daniel Jones,Daniel Jones (IND),Premier quart-temps - Passes réussies du joueur - Plus/Moins,31493,77087,1733159933,4.5|sa:player:nfl-879981|IND|1,4502104485,Daniel Jones (IND) Plus de 4.5,Daniel Jones (IND) Plus de 4.5,4.5,1.7408,0,False
16535421,KC Chiefs vs. IND Colts,Daniel Jones,Daniel Jones (IND),Premier quart-temps - Passes réussies du joueur - Plus/Moins,31493,77087,1733159933,4.5|sa:player:nfl-879981|IND|1,4502104486,Daniel Jones (IND) moins de 4.5,Daniel Jones (IND) moins de 4.5,4.5,1.8696,0,False
16535421,KC Chiefs vs. IND Colts,Patrick Mahomes,Patrick Mahomes (KC),Premier quart-temps - Passes réussies du joueur - Plus/Moins,31493,77087,1733144463,4.5|sa:player:nfl-839031|KC|1,4502058378,Patrick Mahomes (KC) Plus de 4.5,Patrick Mahomes (KC) Plus de 4.5,4.5,1.9091,0,False
16535421,KC Chiefs vs. IND Colts,Patrick Mahomes,Patrick Mahomes (KC),Premier quart-temps - Passes réussies du joueur - Plus/Moins,31493,77087,1733144463,4.5|sa:player:nfl-839031|KC|1,4502058379,Patrick Mahomes (KC) moins de 4.5,Patrick Mahomes (KC) moins de 4.5,4.5,1.7143,0,False
16535421,KC Chiefs vs. IND Colts,Daniel Jones,Daniel Jones (IND),Premier quart-temps - Joueur Tentative de passe - Plus/Moins,31481,77075,1733144534,7.5|sa:player:nfl-879981|IND|1,4502058507,Daniel Jones (IND) Plus de 7.5,Daniel Jones (IND) Plus de 7.5,7.5,1.9524,0,False
16535421,KC Chiefs vs. IND Colts,Daniel Jones,Daniel Jones (IND),Premier quart-temps - Joueur Tentative de passe - Plus/Moins,31481,77075,1733144534,7.5|sa:player:nfl-879981|IND|1,4502058508,Daniel Jones (IND) moins de 7.5,Daniel Jones (IND) moins de 7.5,7.5,1.6667,0,False
16535421,KC Chiefs vs. IND Colts,Patrick Mahomes,Patrick Mahomes (KC),Premier quart-temps - Joueur Tentative de passe - Plus/Moins,31481,77075,1733144460,6.5|sa:player:nfl-839031|KC|1,4502058372,Patrick Mahomes (KC) Plus de 6.5,Patrick Mahomes (KC) Plus de 6.5,6.5,2.05,0,False
16535421,KC Chiefs vs. IND Colts,Patrick Mahomes,Patrick Mahomes (KC),Premier quart-temps - Joueur Tentative de passe - Plus/Moins,31481,77075,1733144460,6.5|sa:player:nfl-839031|KC|1,4502058373,Patrick Mahomes (KC) moins de 6.5,Patrick Mahomes (KC) moins de 6.5,6.5,1.6061,0,False
16535421,KC Chiefs vs. IND Colts,Daniel Jones,Daniel Jones (IND),Premier quart-temps - Interceptions du joueur Plus/Moins,31478,77072,1733144531,0.5|sa:player:nfl-879981|IND|1,4502058501,Daniel Jones (IND) Plus de 0.5,Daniel Jones (IND) Plus de 0.5,0.5,4.75,0,False
16535421,KC Chiefs vs. IND Colts,Daniel Jones,Daniel Jones (IND),Premier quart-temps - Interceptions du joueur Plus/Moins,31478,77072,1733144531,0.5|sa:player:nfl-879981|IND|1,4502058502,Daniel Jones (IND) moins de 0.5,Daniel Jones (IND) moins de 0.5,0.5,1.1112,0,False
16535421,KC Chiefs vs. IND Colts,Patrick Mahomes,Patrick Mahomes (KC),Premier quart-temps - Interceptions du joueur Plus/Moins,31478,77072,1733144457,0.5|sa:player:nfl-839031|KC|1,4502058366,Patrick Mahomes (KC) Plus de 0.5,Patrick Mahomes (KC) Plus de 0.5,0.5,6.0,0,False
16535421,KC Chiefs vs. IND Colts,Patrick Mahomes,Patrick Mahomes (KC),Premier quart-temps - Interceptions du joueur Plus/Moins,31478,77072,1733144457,0.5|sa:player:nfl-839031|KC|1,4502058367,Patrick Mahomes (KC) moins de 0.5,Patrick Mahomes (KC) moins de 0.5,0.5,1.0589,0,False
16535421,KC Chiefs vs. IND Colts,Patrick Mahomes,Patrick Mahomes (KC),Joueur total nombre de tentatives de passes(Patrick Mahomes (KC)) (prolongations incluses),2248,73698,1737466998,KC|dst:player:156564,4517127956,31+,31+,KC|dst:player:156564,1.8,0,False
16535421,KC Chiefs vs. IND Colts,Patrick Mahomes,Patrick Mahomes (KC),Joueur total nombre de tentatives de passes(Patrick Mahomes (KC)) (prolongations incluses),2248,73698,1737466998,KC|dst:player:156564,4517127957,33+,33+,KC|dst:player:156564,2.2,0,False
16535421,KC Chiefs vs. IND Colts,Patrick Mahomes,Patrick Mahomes (KC),Joueur total nombre de tentatives de passes(Patrick Mahomes (KC)) (prolongations incluses),2248,73698,1737466998,KC|dst:player:156564,4517127958,35+,35+,KC|dst:player:156564,2.7,0,False
16535421,KC Chiefs vs. IND Colts,Patrick Mahomes,Patrick Mahomes (KC),Joueur total nombre de tentatives de passes(Patrick Mahomes (KC)) (prolongations incluses),2248,73698,1737466998,KC|dst:player:156564,4517127959,37+,37+,KC|dst:player:156564,3.4,0,False
16535421,KC Chiefs vs. IND Colts,Patrick Mahomes,Patrick Mahomes (KC),Joueur total nombre de tentatives de passes(Patrick Mahomes (KC)) (prolongations incluses),2248,73698,1737466998,KC|dst:player:156564,4517127960,39+,39+,KC|dst:player:156564,4.5,0,False
16535421,KC Chiefs vs. IND Colts,Patrick Mahomes,Patrick Mahomes (KC),Joueur total nombre de tentatives de passes(Patrick Mahomes (KC)) (prolongations incluses),2248,73698,1737466998,KC|dst:player:156564,4517127961,41+,41+,KC|dst:player:156564,6.25,0,False
16535421,KC Chiefs vs. IND Colts,Patrick Mahomes,Patrick Mahomes (KC),Joueur total nombre de tentatives de passes(Patrick Mahomes (KC)) (prolongations incluses),2248,73698,1737466998,KC|dst:player:156564,4517127962,43+,43+,KC|dst:player:156564,9.0,0,False
16535421,KC Chiefs vs. IND Colts,Patrick Mahomes,Patrick Mahomes (KC),Joueur total nombre de tentatives de passes(Patrick Mahomes (KC)) (prolongations incluses),2248,73698,1737466998,KC|dst:player:156564,4517127963,29+,29+,KC|dst:player:156564,1.4546,0,False
16535421,KC Chiefs vs. IND Colts,Daniel Jones,Daniel Jones (IND),Joueur total nombre de tentatives de passes(Daniel Jones (IND)) (prolongations incluses),2248,73698,1735899275,IND|dst:player:476374,4525715584,34+,34+,IND|dst:player:476374,2.15,0,False
16535421,KC Chiefs vs. IND Colts,Daniel Jones,Daniel Jones (IND),Joueur total nombre de tentatives de passes(Daniel Jones (IND)) (prolongations incluses),2248,73698,1735899275,IND|dst:player:476374,4525715585,36+,36+,IND|dst:player:476374,2.6,0,False
16535421,KC Chiefs vs. IND Colts,Daniel Jones,Daniel Jones (IND),Joueur total nombre de tentatives de passes(Daniel Jones (IND)) (prolongations incluses),2248,73698,1735899275,IND|dst:player:476374,4525715586,38+,38+,IND|dst:player:476374,3.2,0,False
16535421,KC Chiefs vs. IND Colts,Daniel Jones,Daniel Jones (IND),Joueur total nombre de tentatives de passes(Daniel Jones (IND)) (prolongations incluses),2248,73698,1735899275,IND|dst:player:476374,4525715587,40+,40+,IND|dst:player:476374,4.0,0,False
16535421,KC Chiefs vs. IND Colts,Daniel Jones,Daniel Jones (IND),Joueur total nombre de tentatives de passes(Daniel Jones (IND)) (prolongations incluses),2248,73698,1735899275,IND|dst:player:476374,4525715588,42+,42+,IND|dst:player:476374,5.25,0,False
16535421,KC Chiefs vs. IND Colts,Daniel Jones,Daniel Jones (IND),Joueur total nombre de tentatives de passes(Daniel Jones (IND)) (prolongations incluses),2248,73698,1735899275,IND|dst:player:476374,4525715589,44+,44+,IND|dst:player:476374,7.0,0,False
16535421,KC Chiefs vs. IND Colts,Daniel Jones,Daniel Jones (IND),Joueur total nombre de tentatives de passes(Daniel Jones (IND)) (prolongations incluses),2248,73698,1735899275,IND|dst:player:476374,4525715590,30+,30+,IND|dst:player:476374,1.5,0,False
16535421,KC Chiefs vs. IND Colts,Daniel Jones,Daniel Jones (IND),Joueur total nombre de tentatives de passes(Daniel Jones (IND)) (prolongations incluses),2248,73698,1735899275,IND|dst:player:476374,4525715583,32+,32+,IND|dst:player:476374,1.8334,0,False
16535421,KC Chiefs vs. IND Colts,Alec Pierce,Alec Pierce (IND),Joueur total de réception (Alec Pierce (IND)) (incl. OT),2142,72897,1735293011,IND|dst:player:309173,4509427681,3+,3+,IND|dst:player:309173,1.625,0,False
16535421,KC Chiefs vs. IND Colts,Alec Pierce,Alec Pierce (IND),Joueur total de réception (Alec Pierce (IND)) (incl. OT),2142,72897,1735293011,IND|dst:player:309173,4509427682,4+,4+,IND|dst:player:309173,2.3,0,False
16535421,KC Chiefs vs. IND Colts,Alec Pierce,Alec Pierce (IND),Joueur total de réception (Alec Pierce (IND)) (incl. OT),2142,72897,1735293011,IND|dst:player:309173,4509427683,5+,5+,IND|dst:player:309173,3.5,0,False
16535421,KC Chiefs vs. IND Colts,Alec Pierce,Alec Pierce (IND),Joueur total de réception (Alec Pierce (IND)) (incl. OT),2142,72897,1735293011,IND|dst:player:309173,4509427684,6+,6+,IND|dst:player:309173,5.75,0,False
16535421,KC Chiefs vs. IND Colts,Alec Pierce,Alec Pierce (IND),Joueur total de réception (Alec Pierce (IND)) (incl. OT),2142,72897,1735293011,IND|dst:player:309173,4509427685,7+,7+,IND|dst:player:309173,10.0,0,False
16535421,KC Chiefs vs. IND Colts,Alec Pierce,Alec Pierce (IND),Joueur total de réception (Alec Pierce (IND)) (incl. OT),2142,72897,1735293011,IND|dst:player:309173,4509427686,8+,8+,IND|dst:player:309173,19.0,0,False
16535421,KC Chiefs vs. IND Colts,Alec Pierce,Alec Pierce (IND),Joueur total de réception (Alec Pierce (IND)) (incl. OT),2142,72897,1735293011,IND|dst:player:309173,4509427687,2+,2+,IND|dst:player:309173,1.1334,0,False
16535421,KC Chiefs vs. IND Colts,Travis Kelce,Travis Kelce (KC),Joueur total de réception (Travis Kelce (KC)) (incl. OT),2142,72897,1735293005,KC|dst:player:124561,4509427641,4+,4+,KC|dst:player:124561,1.6897,0,False
16535421,KC Chiefs vs. IND Colts,Travis Kelce,Travis Kelce (KC),Joueur total de réception (Travis Kelce (KC)) (incl. OT),2142,72897,1735293005,KC|dst:player:124561,4509427642,5+,5+,KC|dst:player:124561,2.3,0,False
16535421,KC Chiefs vs. IND Colts,Travis Kelce,Travis Kelce (KC),Joueur total de réception (Travis Kelce (KC)) (incl. OT),2142,72897,1735293005,KC|dst:player:124561,4509427643,6+,6+,KC|dst:player:124561,3.4,0,False
16535421,KC Chiefs vs. IND Colts,Travis Kelce,Travis Kelce (KC),Joueur total de réception (Travis Kelce (KC)) (incl. OT),2142,72897,1735293005,KC|dst:player:124561,4509427644,7+,7+,KC|dst:player:124561,5.5,0,False
16535421,KC Chiefs vs. IND Colts,Travis Kelce,Travis Kelce (KC),Joueur total de réception (Travis Kelce (KC)) (incl. OT),2142,72897,1735293005,KC|dst:player:124561,4509427645,8+,8+,KC|dst:player:124561,10.0,0,False
16535421,KC Chiefs vs. IND Colts,Travis Kelce,Travis Kelce (KC),Joueur total de réception (Travis Kelce (KC)) (incl. OT),2142,72897,1735293005,KC|dst:player:124561,4509427646,9+,9+,KC|dst:player:124561,18.0,0,False
16535421,KC Chiefs vs. IND Colts,Travis Kelce,Travis Kelce (KC),Joueur total de réception (Travis Kelce (KC)) (incl. OT),2142,72897,1735293005,KC|dst:player:124561,4509427647,3+,3+,KC|dst:player:124561,1.1819,0,False
16535421,KC Chiefs vs. IND Colts,Jonathan Taylor,Jonathan Taylor (IND),Joueur total de réception (Jonathan Taylor (IND)) (incl. OT),2142,72897,1735293012,IND|dst:player:242753,4509427688,3+,3+,IND|dst:player:242753,1.8,0,False
16535421,KC Chiefs vs. IND Colts,Jonathan Taylor,Jonathan Taylor (IND),Joueur total de réception (Jonathan Taylor (IND)) (incl. OT),2142,72897,1735293012,IND|dst:player:242753,4509427689,4+,4+,IND|dst:player:242753,2.6,0,False
16535421,KC Chiefs vs. IND Colts,Jonathan Taylor,Jonathan Taylor (IND),Joueur total de réception (Jonathan Taylor (IND)) (incl. OT),2142,72897,1735293012,IND|dst:player:242753,4509427690,5+,5+,IND|dst:player:242753,4.0,0,False
16535421,KC Chiefs vs. IND Colts,Jonathan Taylor,Jonathan Taylor (IND),Joueur total de réception (Jonathan Taylor (IND)) (incl. OT),2142,72897,1735293012,IND|dst:player:242753,4509427691,6+,6+,IND|dst:player:242753,7.0,0,False
16535421,KC Chiefs vs. IND Colts,Jonathan Taylor,Jonathan Taylor (IND),Joueur total de réception (Jonathan Taylor (IND)) (incl. OT),2142,72897,1735293012,IND|dst:player:242753,4509427692,7+,7+,IND|dst:player:242753,13.0,0,False
16535421,KC Chiefs vs. IND Colts,Jonathan Taylor,Jonathan Taylor (IND),Joueur total de réception (Jonathan Taylor (IND)) (incl. OT),2142,72897,1735293012,IND|dst:player:242753,4509427693,8+,8+,IND|dst:player:242753,26.0,0,False
16535421,KC Chiefs vs. IND Colts,Jonathan Taylor,Jonathan Taylor (IND),Joueur total de réception (Jonathan Taylor (IND)) (incl. OT),2142,72897,1735293012,IND|dst:player:242753,4509427694,2+,2+,IND|dst:player:242753,1.2223,0,False
16535421,KC Chiefs vs. IND Colts,Tyler Warren,Tyler Warren (IND),Joueur total de réception (Tyler Warren (IND)) (incl. OT),2142,72897,1735293008,IND|dst:player:484622,4509427660,5+,5+,IND|dst:player:484622,1.8334,0,False
16535421,KC Chiefs vs. IND Colts,Tyler Warren,Tyler Warren (IND),Joueur total de réception (Tyler Warren (IND)) (incl. OT),2142,72897,1735293008,IND|dst:player:484622,4509427661,6+,6+,IND|dst:player:484622,2.5,0,False
16535421,KC Chiefs vs. IND Colts,Tyler Warren,Tyler Warren (IND),Joueur total de réception (Tyler Warren (IND)) (incl. OT),2142,72897,1735293008,IND|dst:player:484622,4509427662,7+,7+,IND|dst:player:484622,3.75,0,False
16535421,KC Chiefs vs. IND Colts,Tyler Warren,Tyler Warren (IND),Joueur total de réception (Tyler Warren (IND)) (incl. OT),2142,72897,1735293008,IND|dst:player:484622,4509427663,8+,8+,IND|dst:player:484622,6.0,0,False
16535421,KC Chiefs vs. IND Colts,Tyler Warren,Tyler Warren (IND),Joueur total de réception (Tyler Warren (IND)) (incl. OT),2142,72897,1735293008,IND|dst:player:484622,4509427664,9+,9+,IND|dst:player:484622,10.0,0,False
16535421,KC Chiefs vs. IND Colts,Tyler Warren,Tyler Warren (IND),Joueur total de réception (Tyler Warren (IND)) (incl. OT),2142,72897,1735293008,IND|dst:player:484622,4509427665,10+,10+,IND|dst:player:484622,19.0,0,False
16535421,KC Chiefs vs. IND Colts,Tyler Warren,Tyler Warren (IND),Joueur total de réception (Tyler Warren (IND)) (incl. OT),2142,72897,1735293008,IND|dst:player:484622,4509427666,4+,4+,IND|dst:player:484622,1.2667,0,False
16535421,KC Chiefs vs. IND Colts,Keenan Allen,Keenan Allen (IND),Joueur total de réception (Keenan Allen (IND)) (incl. OT),2142,72897,1735293013,IND|dst:player:564085,4509427695,4+,4+,IND|dst:player:564085,1.8,0,False
16535421,KC Chiefs vs. IND Colts,Keenan Allen,Keenan Allen (IND),Joueur total de réception (Keenan Allen (IND)) (incl. OT),2142,72897,1735293013,IND|dst:player:564085,4509427696,5+,5+,IND|dst:player:564085,2.45,0,False
16535421,KC Chiefs vs. IND Colts,Keenan Allen,Keenan Allen (IND),Joueur total de réception (Keenan Allen (IND)) (incl. OT),2142,72897,1735293013,IND|dst:player:564085,4509427697,6+,6+,IND|dst:player:564085,3.5,0,False
16535421,KC Chiefs vs. IND Colts,Keenan Allen,Keenan Allen (IND),Joueur total de réception (Keenan Allen (IND)) (incl. OT),2142,72897,1735293013,IND|dst:player:564085,4509427698,7+,7+,IND|dst:player:564085,5.5,0,False
16535421,KC Chiefs vs. IND Colts,Keenan Allen,Keenan Allen (IND),Joueur total de réception (Keenan Allen (IND)) (incl. OT),2142,72897,1735293013,IND|dst:player:564085,4509427699,8+,8+,IND|dst:player:564085,9.0,0,False
16535421,KC Chiefs vs. IND Colts,Keenan Allen,Keenan Allen (IND),Joueur total de réception (Keenan Allen (IND)) (incl. OT),2142,72897,1735293013,IND|dst:player:564085,4509427700,9+,9+,IND|dst:player:564085,16.0,0,False
16535421,KC Chiefs vs. IND Colts,Keenan Allen,Keenan Allen (IND),Joueur total de réception (Keenan Allen (IND)) (incl. OT),2142,72897,1735293013,IND|dst:player:564085,4509427701,3+,3+,IND|dst:player:564085,1.2667,0,False
16535421,KC Chiefs vs. IND Colts,Xavier Worthy,Xavier Worthy (KC),Joueur total de réception (Xavier Worthy (KC)) (incl. OT),2142,72897,1735293006,KC|dst:player:431742,4509427648,4+,4+,KC|dst:player:431742,2.05,0,False
16535421,KC Chiefs vs. IND Colts,Xavier Worthy,Xavier Worthy (KC),Joueur total de réception (Xavier Worthy (KC)) (incl. OT),2142,72897,1735293006,KC|dst:player:431742,4509427649,5+,5+,KC|dst:player:431742,2.9,0,False
16535421,KC Chiefs vs. IND Colts,Xavier Worthy,Xavier Worthy (KC),Joueur total de réception (Xavier Worthy (KC)) (incl. OT),2142,72897,1735293006,KC|dst:player:431742,4509427650,6+,6+,KC|dst:player:431742,4.5,0,False
16535421,KC Chiefs vs. IND Colts,Xavier Worthy,Xavier Worthy (KC),Joueur total de réception (Xavier Worthy (KC)) (incl. OT),2142,72897,1735293006,KC|dst:player:431742,4509427651,7+,7+,KC|dst:player:431742,7.75,0,False
16535421,KC Chiefs vs. IND Colts,Xavier Worthy,Xavier Worthy (KC),Joueur total de réception (Xavier Worthy (KC)) (incl. OT),2142,72897,1735293006,KC|dst:player:431742,4509427652,8+,8+,KC|dst:player:431742,15.0,0,False
16535421,KC Chiefs vs. IND Colts,Xavier Worthy,Xavier Worthy (KC),Joueur total de réception (Xavier Worthy (KC)) (incl. OT),2142,72897,1735293006,KC|dst:player:431742,4509427653,9+,9+,KC|dst:player:431742,26.0,0,False
16535421,KC Chiefs vs. IND Colts,Xavier Worthy,Xavier Worthy (KC),Joueur total de réception (Xavier Worthy (KC)) (incl. OT),2142,72897,1735293006,KC|dst:player:431742,4509427654,3+,3+,KC|dst:player:431742,1.3125,0,False
16535421,KC Chiefs vs. IND Colts,Rashee Rice,Rashee Rice (KC),Joueur total de réception (Rashee Rice (KC)) (incl. OT),2142,72897,1735292951,KC|dst:player:378265,4510070787,4+,4+,KC|dst:player:378265,1.3449,0,False
16535421,KC Chiefs vs. IND Colts,Rashee Rice,Rashee Rice (KC),Joueur total de réception (Rashee Rice (KC)) (incl. OT),2142,72897,1735292951,KC|dst:player:378265,4509427473,9+,9+,KC|dst:player:378265,6.25,0,False
16535421,KC Chiefs vs. IND Colts,Rashee Rice,Rashee Rice (KC),Joueur total de réception (Rashee Rice (KC)) (incl. OT),2142,72897,1735292951,KC|dst:player:378265,4509427474,10+,10+,KC|dst:player:378265,10.0,0,False
16535421,KC Chiefs vs. IND Colts,Rashee Rice,Rashee Rice (KC),Joueur total de réception (Rashee Rice (KC)) (incl. OT),2142,72897,1735292951,KC|dst:player:378265,4509427476,5+,5+,KC|dst:player:378265,1.8696,0,False
16535421,KC Chiefs vs. IND Colts,Rashee Rice,Rashee Rice (KC),Joueur total de réception (Rashee Rice (KC)) (incl. OT),2142,72897,1735292951,KC|dst:player:378265,4509427638,6+,6+,KC|dst:player:378265,2.35,0,False
16535421,KC Chiefs vs. IND Colts,Rashee Rice,Rashee Rice (KC),Joueur total de réception (Rashee Rice (KC)) (incl. OT),2142,72897,1735292951,KC|dst:player:378265,4509427639,7+,7+,KC|dst:player:378265,3.1,0,False
16535421,KC Chiefs vs. IND Colts,Rashee Rice,Rashee Rice (KC),Joueur total de réception (Rashee Rice (KC)) (incl. OT),2142,72897,1735292951,KC|dst:player:378265,4509427640,8+,8+,KC|dst:player:378265,4.3,0,False
16535421,KC Chiefs vs. IND Colts,Josh Downs,Josh Downs (IND),Joueur total de réception (Josh Downs (IND)) (incl. OT),2142,72897,1735293010,IND|dst:player:374671,4517387664,10+,10+,IND|dst:player:374671,21.0,0,False
16535421,KC Chiefs vs. IND Colts,Josh Downs,Josh Downs (IND),Joueur total de réception (Josh Downs (IND)) (incl. OT),2142,72897,1735293010,IND|dst:player:374671,4509427674,4+,4+,IND|dst:player:374671,1.4348,0,False
16535421,KC Chiefs vs. IND Colts,Josh Downs,Josh Downs (IND),Joueur total de réception (Josh Downs (IND)) (incl. OT),2142,72897,1735293010,IND|dst:player:374671,4509427675,5+,5+,IND|dst:player:374671,2.2,0,False
16535421,KC Chiefs vs. IND Colts,Josh Downs,Josh Downs (IND),Joueur total de réception (Josh Downs (IND)) (incl. OT),2142,72897,1735293010,IND|dst:player:374671,4509427676,6+,6+,IND|dst:player:374671,2.95,0,False
16535421,KC Chiefs vs. IND Colts,Josh Downs,Josh Downs (IND),Joueur total de réception (Josh Downs (IND)) (incl. OT),2142,72897,1735293010,IND|dst:player:374671,4509427677,7+,7+,IND|dst:player:374671,4.4,0,False
16535421,KC Chiefs vs. IND Colts,Josh Downs,Josh Downs (IND),Joueur total de réception (Josh Downs (IND)) (incl. OT),2142,72897,1735293010,IND|dst:player:374671,4509427678,8+,8+,IND|dst:player:374671,7.0,0,False
16535421,KC Chiefs vs. IND Colts,Josh Downs,Josh Downs (IND),Joueur total de réception (Josh Downs (IND)) (incl. OT),2142,72897,1735293010,IND|dst:player:374671,4509427679,9+,9+,IND|dst:player:374671,12.0,0,False
16535421,KC Chiefs vs. IND Colts,Kenneth Walker III,Kenneth Walker III (KC),Joueur total de réception (Kenneth Walker III (KC)) (incl. OT),2142,72897,1735293009,KC|dst:player:540744,4516564736,9+,9+,KC|dst:player:540744,36.0,0,False
16535421,KC Chiefs vs. IND Colts,Kenneth Walker III,Kenneth Walker III (KC),Joueur total de réception (Kenneth Walker III (KC)) (incl. OT),2142,72897,1735293009,KC|dst:player:540744,4509427667,3+,3+,KC|dst:player:540744,1.4762,0,False
16535421,KC Chiefs vs. IND Colts,Kenneth Walker III,Kenneth Walker III (KC),Joueur total de réception (Kenneth Walker III (KC)) (incl. OT),2142,72897,1735293009,KC|dst:player:540744,4509427668,4+,4+,KC|dst:player:540744,2.3,0,False
16535421,KC Chiefs vs. IND Colts,Kenneth Walker III,Kenneth Walker III (KC),Joueur total de réception (Kenneth Walker III (KC)) (incl. OT),2142,72897,1735293009,KC|dst:player:540744,4509427669,5+,5+,KC|dst:player:540744,3.3,0,False
16535421,KC Chiefs vs. IND Colts,Kenneth Walker III,Kenneth Walker III (KC),Joueur total de réception (Kenneth Walker III (KC)) (incl. OT),2142,72897,1735293009,KC|dst:player:540744,4509427670,6+,6+,KC|dst:player:540744,5.5,0,False
16535421,KC Chiefs vs. IND Colts,Kenneth Walker III,Kenneth Walker III (KC),Joueur total de réception (Kenneth Walker III (KC)) (incl. OT),2142,72897,1735293009,KC|dst:player:540744,4509427671,7+,7+,KC|dst:player:540744,10.0,0,False
16535421,KC Chiefs vs. IND Colts,Kenneth Walker III,Kenneth Walker III (KC),Joueur total de réception (Kenneth Walker III (KC)) (incl. OT),2142,72897,1735293009,KC|dst:player:540744,4509427672,8+,8+,KC|dst:player:540744,19.0,0,False
16535421,KC Chiefs vs. IND Colts,Tyquan Thornton,Tyquan Thornton (KC),Joueur total de réception (Tyquan Thornton (KC)) (incl. OT),2142,72897,1735293007,KC|dst:player:477298,4509427655,2+,2+,KC|dst:player:477298,2.4,0,False
16535421,KC Chiefs vs. IND Colts,Tyquan Thornton,Tyquan Thornton (KC),Joueur total de réception (Tyquan Thornton (KC)) (incl. OT),2142,72897,1735293007,KC|dst:player:477298,4509427656,3+,3+,KC|dst:player:477298,3.75,0,False
16535421,KC Chiefs vs. IND Colts,Tyquan Thornton,Tyquan Thornton (KC),Joueur total de réception (Tyquan Thornton (KC)) (incl. OT),2142,72897,1735293007,KC|dst:player:477298,4509427657,4+,4+,KC|dst:player:477298,7.0,0,False
16535421,KC Chiefs vs. IND Colts,Tyquan Thornton,Tyquan Thornton (KC),Joueur total de réception (Tyquan Thornton (KC)) (incl. OT),2142,72897,1735293007,KC|dst:player:477298,4509427658,5+,5+,KC|dst:player:477298,15.0,0,False
16535421,KC Chiefs vs. IND Colts,Tyquan Thornton,Tyquan Thornton (KC),Joueur total de réception (Tyquan Thornton (KC)) (incl. OT),2142,72897,1735293007,KC|dst:player:477298,4509427659,6+,6+,KC|dst:player:477298,31.0,0,False
16535421,KC Chiefs vs. IND Colts,Noah Gray,Noah Gray (KC),Joueur total de réception (Noah Gray (KC)) (incl. OT),2142,72897,1737467560,KC|dst:player:264814,4517129408,6+,6+,KC|dst:player:264814,31.0,0,False
16535421,KC Chiefs vs. IND Colts,Noah Gray,Noah Gray (KC),Joueur total de réception (Noah Gray (KC)) (incl. OT),2142,72897,1737467560,KC|dst:player:264814,4517129404,2+,2+,KC|dst:player:264814,2.45,0,False
16535421,KC Chiefs vs. IND Colts,Noah Gray,Noah Gray (KC),Joueur total de réception (Noah Gray (KC)) (incl. OT),2142,72897,1737467560,KC|dst:player:264814,4517129405,3+,3+,KC|dst:player:264814,3.85,0,False
16535421,KC Chiefs vs. IND Colts,Noah Gray,Noah Gray (KC),Joueur total de réception (Noah Gray (KC)) (incl. OT),2142,72897,1737467560,KC|dst:player:264814,4517129406,4+,4+,KC|dst:player:264814,7.0,0,False
16535421,KC Chiefs vs. IND Colts,Noah Gray,Noah Gray (KC),Joueur total de réception (Noah Gray (KC)) (incl. OT),2142,72897,1737467560,KC|dst:player:264814,4517129407,5+,5+,KC|dst:player:264814,15.0,0,False
16535421,KC Chiefs vs. IND Colts,Jonathan Taylor,Jonathan Taylor (IND),Joueur total de courses (Jonathan Taylor (IND)) (prolongations incluses),2133,72890,1735289786,IND|dst:player:242753,4509418944,20+,20+,IND|dst:player:242753,2.1,0,False
16535421,KC Chiefs vs. IND Colts,Jonathan Taylor,Jonathan Taylor (IND),Joueur total de courses (Jonathan Taylor (IND)) (prolongations incluses),2133,72890,1735289786,IND|dst:player:242753,4509418945,21+,21+,IND|dst:player:242753,2.4,0,False
16535421,KC Chiefs vs. IND Colts,Jonathan Taylor,Jonathan Taylor (IND),Joueur total de courses (Jonathan Taylor (IND)) (prolongations incluses),2133,72890,1735289786,IND|dst:player:242753,4509418946,22+,22+,IND|dst:player:242753,2.8,0,False
16535421,KC Chiefs vs. IND Colts,Jonathan Taylor,Jonathan Taylor (IND),Joueur total de courses (Jonathan Taylor (IND)) (prolongations incluses),2133,72890,1735289786,IND|dst:player:242753,4509418947,23+,23+,IND|dst:player:242753,3.3,0,False
16535421,KC Chiefs vs. IND Colts,Jonathan Taylor,Jonathan Taylor (IND),Joueur total de courses (Jonathan Taylor (IND)) (prolongations incluses),2133,72890,1735289786,IND|dst:player:242753,4509418948,24+,24+,IND|dst:player:242753,3.85,0,False
16535421,KC Chiefs vs. IND Colts,Jonathan Taylor,Jonathan Taylor (IND),Joueur total de courses (Jonathan Taylor (IND)) (prolongations incluses),2133,72890,1735289786,IND|dst:player:242753,4509418949,25+,25+,IND|dst:player:242753,4.75,0,False
16535421,KC Chiefs vs. IND Colts,Jonathan Taylor,Jonathan Taylor (IND),Joueur total de courses (Jonathan Taylor (IND)) (prolongations incluses),2133,72890,1735289786,IND|dst:player:242753,4509418950,26+,26+,IND|dst:player:242753,6.0,0,False
16535421,KC Chiefs vs. IND Colts,Jonathan Taylor,Jonathan Taylor (IND),Joueur total de courses (Jonathan Taylor (IND)) (prolongations incluses),2133,72890,1735289786,IND|dst:player:242753,4509418951,27+,27+,IND|dst:player:242753,7.5,0,False
16535421,KC Chiefs vs. IND Colts,Jonathan Taylor,Jonathan Taylor (IND),Joueur total de courses (Jonathan Taylor (IND)) (prolongations incluses),2133,72890,1735289786,IND|dst:player:242753,4509418953,19+,19+,IND|dst:player:242753,1.8334,0,False
16535421,KC Chiefs vs. IND Colts,Jonathan Taylor,Jonathan Taylor (IND),Joueur total de courses (Jonathan Taylor (IND)) (prolongations incluses),2133,72890,1735289786,IND|dst:player:242753,4509418954,18+,18+,IND|dst:player:242753,1.5715,0,False
16535421,KC Chiefs vs. IND Colts,Jonathan Taylor,Jonathan Taylor (IND),Joueur total de courses (Jonathan Taylor (IND)) (prolongations incluses),2133,72890,1735289786,IND|dst:player:242753,4511885133,17+,17+,IND|dst:player:242753,1.3637,0,False
16535421,KC Chiefs vs. IND Colts,Kenneth Walker III,Kenneth Walker III (KC),Joueur total de courses (Kenneth Walker III (KC)) (prolongations incluses),2133,72890,1739066875,KC|dst:player:540744,4523930033,19+,19+,KC|dst:player:540744,1.8334,0,False
16535421,KC Chiefs vs. IND Colts,Kenneth Walker III,Kenneth Walker III (KC),Joueur total de courses (Kenneth Walker III (KC)) (prolongations incluses),2133,72890,1739066875,KC|dst:player:540744,4523930034,20+,20+,KC|dst:player:540744,2.1,0,False
16535421,KC Chiefs vs. IND Colts,Kenneth Walker III,Kenneth Walker III (KC),Joueur total de courses (Kenneth Walker III (KC)) (prolongations incluses),2133,72890,1739066875,KC|dst:player:540744,4523930035,21+,21+,KC|dst:player:540744,2.4,0,False
16535421,KC Chiefs vs. IND Colts,Kenneth Walker III,Kenneth Walker III (KC),Joueur total de courses (Kenneth Walker III (KC)) (prolongations incluses),2133,72890,1739066875,KC|dst:player:540744,4523930036,22+,22+,KC|dst:player:540744,2.8,0,False
16535421,KC Chiefs vs. IND Colts,Kenneth Walker III,Kenneth Walker III (KC),Joueur total de courses (Kenneth Walker III (KC)) (prolongations incluses),2133,72890,1739066875,KC|dst:player:540744,4523930037,23+,23+,KC|dst:player:540744,3.3,0,False
16535421,KC Chiefs vs. IND Colts,Kenneth Walker III,Kenneth Walker III (KC),Joueur total de courses (Kenneth Walker III (KC)) (prolongations incluses),2133,72890,1739066875,KC|dst:player:540744,4523930038,24+,24+,KC|dst:player:540744,4.0,0,False
16535421,KC Chiefs vs. IND Colts,Kenneth Walker III,Kenneth Walker III (KC),Joueur total de courses (Kenneth Walker III (KC)) (prolongations incluses),2133,72890,1739066875,KC|dst:player:540744,4523930039,25+,25+,KC|dst:player:540744,5.0,0,False
16535421,KC Chiefs vs. IND Colts,Kenneth Walker III,Kenneth Walker III (KC),Joueur total de courses (Kenneth Walker III (KC)) (prolongations incluses),2133,72890,1739066875,KC|dst:player:540744,4523930040,26+,26+,KC|dst:player:540744,6.0,0,False
16535421,KC Chiefs vs. IND Colts,Kenneth Walker III,Kenneth Walker III (KC),Joueur total de courses (Kenneth Walker III (KC)) (prolongations incluses),2133,72890,1739066875,KC|dst:player:540744,4523930041,27+,27+,KC|dst:player:540744,7.75,0,False
16535421,KC Chiefs vs. IND Colts,Kenneth Walker III,Kenneth Walker III (KC),Joueur total de courses (Kenneth Walker III (KC)) (prolongations incluses),2133,72890,1739066875,KC|dst:player:540744,4523930042,18+,18+,KC|dst:player:540744,1.5556,0,False
16535421,KC Chiefs vs. IND Colts,Kenneth Walker III,Kenneth Walker III (KC),Joueur total de courses (Kenneth Walker III (KC)) (prolongations incluses),2133,72890,1739066875,KC|dst:player:540744,4523930043,17+,17+,KC|dst:player:540744,1.3847,0,False
16535421,KC Chiefs vs. IND Colts,George Karlaftis,George Karlaftis (KC),Player total sacks (George Karlaftis (KC)) (incl. OT),2250,73700,1740731939,KC|dst:player:309218,4528754420,1+,1+,KC|dst:player:309218,2.45,0,False
16535421,KC Chiefs vs. IND Colts,George Karlaftis,George Karlaftis (KC),Player total sacks (George Karlaftis (KC)) (incl. OT),2250,73700,1740731939,KC|dst:player:309218,4528754421,2+,2+,KC|dst:player:309218,10.0,0,False
16535421,KC Chiefs vs. IND Colts,Chris Jones,Chris Jones (KC),Player total sacks (Chris Jones (KC)) (incl. OT),2250,73700,1740733041,KC|dst:player:145329,4528757384,2+,2+,KC|dst:player:145329,10.0,0,False
16535421,KC Chiefs vs. IND Colts,Chris Jones,Chris Jones (KC),Player total sacks (Chris Jones (KC)) (incl. OT),2250,73700,1740733041,KC|dst:player:145329,4528757383,1+,1+,KC|dst:player:145329,2.75,0,False
16535421,KC Chiefs vs. IND Colts,Laiatu Latu,Laiatu Latu (IND),Player total sacks (Laiatu Latu (IND)) (incl. OT),2250,73700,1741294585,IND|dst:player:430000,4530156088,2+,2+,IND|dst:player:430000,10.0,0,False
16535421,KC Chiefs vs. IND Colts,Laiatu Latu,Laiatu Latu (IND),Player total sacks (Laiatu Latu (IND)) (incl. OT),2250,73700,1741294585,IND|dst:player:430000,4530156087,1+,1+,IND|dst:player:430000,3.25,0,False
16535421,KC Chiefs vs. IND Colts,DeForest Buckner,DeForest Buckner (IND),Player total sacks (DeForest Buckner (IND)) (incl. OT),2250,73700,1741294345,IND|dst:player:242757,4530155565,1+,1+,IND|dst:player:242757,3.5,0,False
16535421,KC Chiefs vs. IND Colts,DeForest Buckner,DeForest Buckner (IND),Player total sacks (DeForest Buckner (IND)) (incl. OT),2250,73700,1741294345,IND|dst:player:242757,4530155566,2+,2+,IND|dst:player:242757,10.0,0,False
16535421,KC Chiefs vs. IND Colts,Arden Key,Arden Key (IND),Player total sacks (Arden Key (IND)) (incl. OT),2250,73700,1741293952,IND|dst:player:540743,4530154742,1+,1+,IND|dst:player:540743,3.75,0,False
16535421,KC Chiefs vs. IND Colts,Arden Key,Arden Key (IND),Player total sacks (Arden Key (IND)) (incl. OT),2250,73700,1741293952,IND|dst:player:540743,4530154743,2+,2+,IND|dst:player:540743,10.0,0,False
16535421,KC Chiefs vs. IND Colts,R Mason Thomas,R Mason Thomas (KC),Player total sacks (R Mason Thomas (KC)) (incl. OT),2250,73700,1740738573,KC|dst:player:547603,4528772616,1+,1+,KC|dst:player:547603,3.75,0,False
16535421,KC Chiefs vs. IND Colts,R Mason Thomas,R Mason Thomas (KC),Player total sacks (R Mason Thomas (KC)) (incl. OT),2250,73700,1740738573,KC|dst:player:547603,4528772617,2+,2+,KC|dst:player:547603,10.0,0,False
16535421,KC Chiefs vs. IND Colts,Felix Anudike,Felix Anudike (KC),Player total sacks (Felix Anudike (KC)) (incl. OT),2250,73700,1740735104,KC|dst:player:374844,4528763074,1+,1+,KC|dst:player:374844,4.5,0,False
16535421,KC Chiefs vs. IND Colts,Felix Anudike,Felix Anudike (KC),Player total sacks (Felix Anudike (KC)) (incl. OT),2250,73700,1740735104,KC|dst:player:374844,4528763075,2+,2+,KC|dst:player:374844,10.0,0,False
16535421,KC Chiefs vs. IND Colts,Charvarius Ward,Charvarius Ward (IND),Joueur plaqués totaux (Charvarius Ward (IND)) (inclus prolongations),2131,73697,1741286940,IND|dst:player:476310,4530136845,4+,4+,IND|dst:player:476310,1.6667,0,False
16535421,KC Chiefs vs. IND Colts,Charvarius Ward,Charvarius Ward (IND),Joueur plaqués totaux (Charvarius Ward (IND)) (inclus prolongations),2131,73697,1741286940,IND|dst:player:476310,4530136846,5+,5+,IND|dst:player:476310,2.15,0,False
16535421,KC Chiefs vs. IND Colts,Charvarius Ward,Charvarius Ward (IND),Joueur plaqués totaux (Charvarius Ward (IND)) (inclus prolongations),2131,73697,1741286940,IND|dst:player:476310,4530136847,6+,6+,IND|dst:player:476310,2.85,0,False
16535421,KC Chiefs vs. IND Colts,Charvarius Ward,Charvarius Ward (IND),Joueur plaqués totaux (Charvarius Ward (IND)) (inclus prolongations),2131,73697,1741286940,IND|dst:player:476310,4530136848,7+,7+,IND|dst:player:476310,4.0,0,False
16535421,KC Chiefs vs. IND Colts,Charvarius Ward,Charvarius Ward (IND),Joueur plaqués totaux (Charvarius Ward (IND)) (inclus prolongations),2131,73697,1741286940,IND|dst:player:476310,4530136849,8+,8+,IND|dst:player:476310,6.0,0,False
16535421,KC Chiefs vs. IND Colts,Charvarius Ward,Charvarius Ward (IND),Joueur plaqués totaux (Charvarius Ward (IND)) (inclus prolongations),2131,73697,1741286940,IND|dst:player:476310,4530136850,3+,3+,IND|dst:player:476310,1.2858,0,False
16535421,KC Chiefs vs. IND Colts,Drue Tranquill,Drue Tranquill (KC),Joueur plaqués totaux (Drue Tranquill (KC)) (inclus prolongations),2131,73697,1740725387,KC|dst:player:370635,4528733376,10+,10+,KC|dst:player:370635,3.4,0,False
16535421,KC Chiefs vs. IND Colts,Drue Tranquill,Drue Tranquill (KC),Joueur plaqués totaux (Drue Tranquill (KC)) (inclus prolongations),2131,73697,1740725387,KC|dst:player:370635,4528733377,11+,11+,KC|dst:player:370635,4.5,0,False
16535421,KC Chiefs vs. IND Colts,Drue Tranquill,Drue Tranquill (KC),Joueur plaqués totaux (Drue Tranquill (KC)) (inclus prolongations),2131,73697,1740725387,KC|dst:player:370635,4528733378,6+,6+,KC|dst:player:370635,1.3572,0,False
16535421,KC Chiefs vs. IND Colts,Drue Tranquill,Drue Tranquill (KC),Joueur plaqués totaux (Drue Tranquill (KC)) (inclus prolongations),2131,73697,1740725387,KC|dst:player:370635,4528733373,7+,7+,KC|dst:player:370635,1.6897,0,False
16535421,KC Chiefs vs. IND Colts,Drue Tranquill,Drue Tranquill (KC),Joueur plaqués totaux (Drue Tranquill (KC)) (inclus prolongations),2131,73697,1740725387,KC|dst:player:370635,4528733374,8+,8+,KC|dst:player:370635,2.1,0,False
16535421,KC Chiefs vs. IND Colts,Drue Tranquill,Drue Tranquill (KC),Joueur plaqués totaux (Drue Tranquill (KC)) (inclus prolongations),2131,73697,1740725387,KC|dst:player:370635,4528733375,9+,9+,KC|dst:player:370635,2.6,0,False
16535421,KC Chiefs vs. IND Colts,Akeem Davis-Gaither,Akeem Davis-Gaither (IND),Joueur plaqués totaux (Akeem Davis-Gaither (IND)) (inclus prolongations),2131,73697,1741286939,IND|dst:player:543368,4530136839,8+,8+,IND|dst:player:543368,1.4348,0,False
16535421,KC Chiefs vs. IND Colts,Akeem Davis-Gaither,Akeem Davis-Gaither (IND),Joueur plaqués totaux (Akeem Davis-Gaither (IND)) (inclus prolongations),2131,73697,1741286939,IND|dst:player:543368,4530136840,9+,9+,IND|dst:player:543368,1.8696,0,False
16535421,KC Chiefs vs. IND Colts,Akeem Davis-Gaither,Akeem Davis-Gaither (IND),Joueur plaqués totaux (Akeem Davis-Gaither (IND)) (inclus prolongations),2131,73697,1741286939,IND|dst:player:543368,4530136841,10+,10+,IND|dst:player:543368,2.35,0,False
16535421,KC Chiefs vs. IND Colts,Akeem Davis-Gaither,Akeem Davis-Gaither (IND),Joueur plaqués totaux (Akeem Davis-Gaither (IND)) (inclus prolongations),2131,73697,1741286939,IND|dst:player:543368,4530136842,11+,11+,IND|dst:player:543368,3.1,0,False
16535421,KC Chiefs vs. IND Colts,Akeem Davis-Gaither,Akeem Davis-Gaither (IND),Joueur plaqués totaux (Akeem Davis-Gaither (IND)) (inclus prolongations),2131,73697,1741286939,IND|dst:player:543368,4530136843,12+,12+,IND|dst:player:543368,4.3,0,False
16535421,KC Chiefs vs. IND Colts,Akeem Davis-Gaither,Akeem Davis-Gaither (IND),Joueur plaqués totaux (Akeem Davis-Gaither (IND)) (inclus prolongations),2131,73697,1741286939,IND|dst:player:543368,4535024407,13+,13+,IND|dst:player:543368,6.25,0,False
16535421,KC Chiefs vs. IND Colts,A.J. Haulcy,A.J. Haulcy (IND),Joueur plaqués totaux (A.J. Haulcy (IND)) (inclus prolongations),2131,73697,1741286941,IND|dst:player:546317,4530136851,6+,6+,IND|dst:player:546317,1.9524,0,False
16535421,KC Chiefs vs. IND Colts,A.J. Haulcy,A.J. Haulcy (IND),Joueur plaqués totaux (A.J. Haulcy (IND)) (inclus prolongations),2131,73697,1741286941,IND|dst:player:546317,4530136852,7+,7+,IND|dst:player:546317,2.5,0,False
16535421,KC Chiefs vs. IND Colts,A.J. Haulcy,A.J. Haulcy (IND),Joueur plaqués totaux (A.J. Haulcy (IND)) (inclus prolongations),2131,73697,1741286941,IND|dst:player:546317,4530136853,8+,8+,IND|dst:player:546317,3.4,0,False
16535421,KC Chiefs vs. IND Colts,A.J. Haulcy,A.J. Haulcy (IND),Joueur plaqués totaux (A.J. Haulcy (IND)) (inclus prolongations),2131,73697,1741286941,IND|dst:player:546317,4530136854,9+,9+,IND|dst:player:546317,5.0,0,False
16535421,KC Chiefs vs. IND Colts,A.J. Haulcy,A.J. Haulcy (IND),Joueur plaqués totaux (A.J. Haulcy (IND)) (inclus prolongations),2131,73697,1741286941,IND|dst:player:546317,4530136855,10+,10+,IND|dst:player:546317,7.25,0,False
16535421,KC Chiefs vs. IND Colts,A.J. Haulcy,A.J. Haulcy (IND),Joueur plaqués totaux (A.J. Haulcy (IND)) (inclus prolongations),2131,73697,1741286941,IND|dst:player:546317,4530136856,5+,5+,IND|dst:player:546317,1.4546,0,False
16535421,KC Chiefs vs. IND Colts,Nick Bolton,Nick Bolton (KC),Joueur plaqués totaux (Nick Bolton (KC)) (inclus prolongations),2131,73697,1740725388,KC|dst:player:272498,4528733379,9+,9+,KC|dst:player:272498,2.05,0,False
16535421,KC Chiefs vs. IND Colts,Nick Bolton,Nick Bolton (KC),Joueur plaqués totaux (Nick Bolton (KC)) (inclus prolongations),2131,73697,1740725388,KC|dst:player:272498,4528733380,10+,10+,KC|dst:player:272498,2.5,0,False
16535421,KC Chiefs vs. IND Colts,Nick Bolton,Nick Bolton (KC),Joueur plaqués totaux (Nick Bolton (KC)) (inclus prolongations),2131,73697,1740725388,KC|dst:player:272498,4528733381,11+,11+,KC|dst:player:272498,3.3,0,False
16535421,KC Chiefs vs. IND Colts,Nick Bolton,Nick Bolton (KC),Joueur plaqués totaux (Nick Bolton (KC)) (inclus prolongations),2131,73697,1740725388,KC|dst:player:272498,4528733382,12+,12+,KC|dst:player:272498,4.5,0,False
16535421,KC Chiefs vs. IND Colts,Nick Bolton,Nick Bolton (KC),Joueur plaqués totaux (Nick Bolton (KC)) (inclus prolongations),2131,73697,1740725388,KC|dst:player:272498,4528733383,13+,13+,KC|dst:player:272498,6.25,0,False
16535421,KC Chiefs vs. IND Colts,Nick Bolton,Nick Bolton (KC),Joueur plaqués totaux (Nick Bolton (KC)) (inclus prolongations),2131,73697,1740725388,KC|dst:player:272498,4528733384,8+,8+,KC|dst:player:272498,1.5883,0,False
16535421,KC Chiefs vs. IND Colts,Alohi Gilman,Alohi Gilman (KC),Joueur plaqués totaux (Alohi Gilman (KC)) (inclus prolongations),2131,73697,1740725389,KC|dst:player:540746,4528733385,6+,6+,KC|dst:player:540746,2.2,0,False
16535421,KC Chiefs vs. IND Colts,Alohi Gilman,Alohi Gilman (KC),Joueur plaqués totaux (Alohi Gilman (KC)) (inclus prolongations),2131,73697,1740725389,KC|dst:player:540746,4528733386,7+,7+,KC|dst:player:540746,2.8,0,False
16535421,KC Chiefs vs. IND Colts,Alohi Gilman,Alohi Gilman (KC),Joueur plaqués totaux (Alohi Gilman (KC)) (inclus prolongations),2131,73697,1740725389,KC|dst:player:540746,4528733387,8+,8+,KC|dst:player:540746,3.85,0,False
16535421,KC Chiefs vs. IND Colts,Alohi Gilman,Alohi Gilman (KC),Joueur plaqués totaux (Alohi Gilman (KC)) (inclus prolongations),2131,73697,1740725389,KC|dst:player:540746,4528733388,9+,9+,KC|dst:player:540746,5.75,0,False
16535421,KC Chiefs vs. IND Colts,Alohi Gilman,Alohi Gilman (KC),Joueur plaqués totaux (Alohi Gilman (KC)) (inclus prolongations),2131,73697,1740725389,KC|dst:player:540746,4528733389,10+,10+,KC|dst:player:540746,9.0,0,False
16535421,KC Chiefs vs. IND Colts,Alohi Gilman,Alohi Gilman (KC),Joueur plaqués totaux (Alohi Gilman (KC)) (inclus prolongations),2131,73697,1740725389,KC|dst:player:540746,4528733390,5+,5+,KC|dst:player:540746,1.6061,0,False
16535421,KC Chiefs vs. IND Colts,Camryn Bynum,Camryn Bynum (IND),Player total interceptions (Camryn Bynum (IND)) (incl. OT),2251,73701,1741423880,IND|dst:player:476311,4530503272,1+,1+,IND|dst:player:476311,7.75,0,False
16535421,KC Chiefs vs. IND Colts,Camryn Bynum,Camryn Bynum (IND),Player total interceptions (Camryn Bynum (IND)) (incl. OT),2251,73701,1741423880,IND|dst:player:476311,4530503273,2+,2+,IND|dst:player:476311,20.0,0,False
16535421,KC Chiefs vs. IND Colts,Jaden Hicks,Jaden Hicks (KC),Player total interceptions (Jaden Hicks (KC)) (incl. OT),2251,73701,1741423881,KC|dst:player:430371,4530503274,1+,1+,KC|dst:player:430371,11.0,0,False
16535421,KC Chiefs vs. IND Colts,Jaden Hicks,Jaden Hicks (KC),Player total interceptions (Jaden Hicks (KC)) (incl. OT),2251,73701,1741423881,KC|dst:player:430371,4530503275,2+,2+,KC|dst:player:430371,15.0,0,False
16535421,KC Chiefs vs. IND Colts,Nohl Williams,Nohl Williams (KC),Player total interceptions (Nohl Williams (KC)) (incl. OT),2251,73701,1741423878,KC|dst:player:485430,4530503268,1+,1+,KC|dst:player:485430,11.0,0,False
16535421,KC Chiefs vs. IND Colts,Nohl Williams,Nohl Williams (KC),Player total interceptions (Nohl Williams (KC)) (incl. OT),2251,73701,1741423878,KC|dst:player:485430,4530503269,2+,2+,KC|dst:player:485430,15.0,0,False
16535421,KC Chiefs vs. IND Colts,Charvarius Ward,Charvarius Ward (IND),Player total interceptions (Charvarius Ward (IND)) (incl. OT),2251,73701,1741423879,IND|dst:player:476310,4530503270,1+,1+,IND|dst:player:476310,12.0,0,False
16535421,KC Chiefs vs. IND Colts,Charvarius Ward,Charvarius Ward (IND),Player total interceptions (Charvarius Ward (IND)) (incl. OT),2251,73701,1741423879,IND|dst:player:476310,4530503271,2+,2+,IND|dst:player:476310,15.0,0,False
16535421,KC Chiefs vs. IND Colts,Sauce Gardner,Sauce Gardner (IND),Player total interceptions (Sauce Gardner (IND)) (incl. OT),2251,73701,1741423882,IND|dst:player:523084,4530503276,1+,1+,IND|dst:player:523084,12.0,0,False
16535421,KC Chiefs vs. IND Colts,Sauce Gardner,Sauce Gardner (IND),Player total interceptions (Sauce Gardner (IND)) (incl. OT),2251,73701,1741423882,IND|dst:player:523084,4530503277,2+,2+,IND|dst:player:523084,20.0,0,False
16514244,LA Rams vs. NY Giants,Jaxson Dart,Jaxson Dart (NYG),Joueur total de yards par la passe (Jaxson Dart (NYG))(prolongations incluses),2136,72891,1735303585,NYG|dst:player:489891,4511850344,216+,216+,NYG|dst:player:489891,1.8696,0,False
16514244,LA Rams vs. NY Giants,Jaxson Dart,Jaxson Dart (NYG),Joueur total de yards par la passe (Jaxson Dart (NYG))(prolongations incluses),2136,72891,1735303585,NYG|dst:player:489891,4511850345,226+,226+,NYG|dst:player:489891,2.1,0,False
16514244,LA Rams vs. NY Giants,Jaxson Dart,Jaxson Dart (NYG),Joueur total de yards par la passe (Jaxson Dart (NYG))(prolongations incluses),2136,72891,1735303585,NYG|dst:player:489891,4511850346,236+,236+,NYG|dst:player:489891,2.35,0,False
16514244,LA Rams vs. NY Giants,Jaxson Dart,Jaxson Dart (NYG),Joueur total de yards par la passe (Jaxson Dart (NYG))(prolongations incluses),2136,72891,1735303585,NYG|dst:player:489891,4511850347,246+,246+,NYG|dst:player:489891,2.65,0,False
16514244,LA Rams vs. NY Giants,Jaxson Dart,Jaxson Dart (NYG),Joueur total de yards par la passe (Jaxson Dart (NYG))(prolongations incluses),2136,72891,1735303585,NYG|dst:player:489891,4511850348,256+,256+,NYG|dst:player:489891,3.0,0,False
16514244,LA Rams vs. NY Giants,Jaxson Dart,Jaxson Dart (NYG),Joueur total de yards par la passe (Jaxson Dart (NYG))(prolongations incluses),2136,72891,1735303585,NYG|dst:player:489891,4511850349,266+,266+,NYG|dst:player:489891,3.5,0,False
16514244,LA Rams vs. NY Giants,Jaxson Dart,Jaxson Dart (NYG),Joueur total de yards par la passe (Jaxson Dart (NYG))(prolongations incluses),2136,72891,1735303585,NYG|dst:player:489891,4511850350,276+,276+,NYG|dst:player:489891,4.0,0,False
16514244,LA Rams vs. NY Giants,Jaxson Dart,Jaxson Dart (NYG),Joueur total de yards par la passe (Jaxson Dart (NYG))(prolongations incluses),2136,72891,1735303585,NYG|dst:player:489891,4511850351,286+,286+,NYG|dst:player:489891,5.0,0,False
16514244,LA Rams vs. NY Giants,Jaxson Dart,Jaxson Dart (NYG),Joueur total de yards par la passe (Jaxson Dart (NYG))(prolongations incluses),2136,72891,1735303585,NYG|dst:player:489891,4511850352,296+,296+,NYG|dst:player:489891,5.75,0,False
16514244,LA Rams vs. NY Giants,Jaxson Dart,Jaxson Dart (NYG),Joueur total de yards par la passe (Jaxson Dart (NYG))(prolongations incluses),2136,72891,1735303585,NYG|dst:player:489891,4511850353,306+,306+,NYG|dst:player:489891,7.25,0,False
16514244,LA Rams vs. NY Giants,Jaxson Dart,Jaxson Dart (NYG),Joueur total de yards par la passe (Jaxson Dart (NYG))(prolongations incluses),2136,72891,1735303585,NYG|dst:player:489891,4511850354,316+,316+,NYG|dst:player:489891,9.0,0,False
16514244,LA Rams vs. NY Giants,Jaxson Dart,Jaxson Dart (NYG),Joueur total de yards par la passe (Jaxson Dart (NYG))(prolongations incluses),2136,72891,1735303585,NYG|dst:player:489891,4511850355,326+,326+,NYG|dst:player:489891,11.0,0,False
16514244,LA Rams vs. NY Giants,Jaxson Dart,Jaxson Dart (NYG),Joueur total de yards par la passe (Jaxson Dart (NYG))(prolongations incluses),2136,72891,1735303585,NYG|dst:player:489891,4511850356,336+,336+,NYG|dst:player:489891,14.0,0,False
16514244,LA Rams vs. NY Giants,Jaxson Dart,Jaxson Dart (NYG),Joueur total de yards par la passe (Jaxson Dart (NYG))(prolongations incluses),2136,72891,1735303585,NYG|dst:player:489891,4511850357,346+,346+,NYG|dst:player:489891,18.0,0,False
16514244,LA Rams vs. NY Giants,Jaxson Dart,Jaxson Dart (NYG),Joueur total de yards par la passe (Jaxson Dart (NYG))(prolongations incluses),2136,72891,1735303585,NYG|dst:player:489891,4511850358,356+,356+,NYG|dst:player:489891,21.0,0,False
16514244,LA Rams vs. NY Giants,Jaxson Dart,Jaxson Dart (NYG),Joueur total de yards par la passe (Jaxson Dart (NYG))(prolongations incluses),2136,72891,1735303585,NYG|dst:player:489891,4511850359,206+,206+,NYG|dst:player:489891,1.6667,0,False
16514244,LA Rams vs. NY Giants,Jaxson Dart,Jaxson Dart (NYG),Joueur total de yards par la passe (Jaxson Dart (NYG))(prolongations incluses),2136,72891,1735303585,NYG|dst:player:489891,4511850360,196+,196+,NYG|dst:player:489891,1.5,0,False
16514244,LA Rams vs. NY Giants,Matthew Stafford,Matthew Stafford (LAR),Joueur total de yards par la passe (Matthew Stafford (LAR))(prolongations incluses),2136,72891,1735303584,LAR|dst:player:269130,4534249922,239+,239+,LAR|dst:player:269130,1.8696,0,False
16514244,LA Rams vs. NY Giants,Matthew Stafford,Matthew Stafford (LAR),Joueur total de yards par la passe (Matthew Stafford (LAR))(prolongations incluses),2136,72891,1735303584,LAR|dst:player:269130,4534249923,249+,249+,LAR|dst:player:269130,2.05,0,False
16514244,LA Rams vs. NY Giants,Matthew Stafford,Matthew Stafford (LAR),Joueur total de yards par la passe (Matthew Stafford (LAR))(prolongations incluses),2136,72891,1735303584,LAR|dst:player:269130,4534249924,259+,259+,LAR|dst:player:269130,2.25,0,False
16514244,LA Rams vs. NY Giants,Matthew Stafford,Matthew Stafford (LAR),Joueur total de yards par la passe (Matthew Stafford (LAR))(prolongations incluses),2136,72891,1735303584,LAR|dst:player:269130,4534249925,269+,269+,LAR|dst:player:269130,2.45,0,False
16514244,LA Rams vs. NY Giants,Matthew Stafford,Matthew Stafford (LAR),Joueur total de yards par la passe (Matthew Stafford (LAR))(prolongations incluses),2136,72891,1735303584,LAR|dst:player:269130,4534249926,279+,279+,LAR|dst:player:269130,2.7,0,False
16514244,LA Rams vs. NY Giants,Matthew Stafford,Matthew Stafford (LAR),Joueur total de yards par la passe (Matthew Stafford (LAR))(prolongations incluses),2136,72891,1735303584,LAR|dst:player:269130,4534249927,289+,289+,LAR|dst:player:269130,3.0,0,False
16514244,LA Rams vs. NY Giants,Matthew Stafford,Matthew Stafford (LAR),Joueur total de yards par la passe (Matthew Stafford (LAR))(prolongations incluses),2136,72891,1735303584,LAR|dst:player:269130,4534249928,299+,299+,LAR|dst:player:269130,3.4,0,False
16514244,LA Rams vs. NY Giants,Matthew Stafford,Matthew Stafford (LAR),Joueur total de yards par la passe (Matthew Stafford (LAR))(prolongations incluses),2136,72891,1735303584,LAR|dst:player:269130,4534249929,309+,309+,LAR|dst:player:269130,3.85,0,False
16514244,LA Rams vs. NY Giants,Matthew Stafford,Matthew Stafford (LAR),Joueur total de yards par la passe (Matthew Stafford (LAR))(prolongations incluses),2136,72891,1735303584,LAR|dst:player:269130,4534249930,319+,319+,LAR|dst:player:269130,4.4,0,False
16514244,LA Rams vs. NY Giants,Matthew Stafford,Matthew Stafford (LAR),Joueur total de yards par la passe (Matthew Stafford (LAR))(prolongations incluses),2136,72891,1735303584,LAR|dst:player:269130,4534249931,329+,329+,LAR|dst:player:269130,5.0,0,False
16514244,LA Rams vs. NY Giants,Matthew Stafford,Matthew Stafford (LAR),Joueur total de yards par la passe (Matthew Stafford (LAR))(prolongations incluses),2136,72891,1735303584,LAR|dst:player:269130,4534249932,339+,339+,LAR|dst:player:269130,5.75,0,False
16514244,LA Rams vs. NY Giants,Matthew Stafford,Matthew Stafford (LAR),Joueur total de yards par la passe (Matthew Stafford (LAR))(prolongations incluses),2136,72891,1735303584,LAR|dst:player:269130,4534249933,349+,349+,LAR|dst:player:269130,6.75,0,False
16514244,LA Rams vs. NY Giants,Matthew Stafford,Matthew Stafford (LAR),Joueur total de yards par la passe (Matthew Stafford (LAR))(prolongations incluses),2136,72891,1735303584,LAR|dst:player:269130,4534249934,359+,359+,LAR|dst:player:269130,7.75,0,False
16514244,LA Rams vs. NY Giants,Matthew Stafford,Matthew Stafford (LAR),Joueur total de yards par la passe (Matthew Stafford (LAR))(prolongations incluses),2136,72891,1735303584,LAR|dst:player:269130,4534249935,369+,369+,LAR|dst:player:269130,9.0,0,False
16514244,LA Rams vs. NY Giants,Matthew Stafford,Matthew Stafford (LAR),Joueur total de yards par la passe (Matthew Stafford (LAR))(prolongations incluses),2136,72891,1735303584,LAR|dst:player:269130,4534249936,379+,379+,LAR|dst:player:269130,11.0,0,False
16514244,LA Rams vs. NY Giants,Matthew Stafford,Matthew Stafford (LAR),Joueur total de yards par la passe (Matthew Stafford (LAR))(prolongations incluses),2136,72891,1735303584,LAR|dst:player:269130,4534249937,229+,229+,LAR|dst:player:269130,1.6897,0,False
16514244,LA Rams vs. NY Giants,Matthew Stafford,Matthew Stafford (LAR),Joueur total de yards par la passe (Matthew Stafford (LAR))(prolongations incluses),2136,72891,1735303584,LAR|dst:player:269130,4534249938,219+,219+,LAR|dst:player:269130,1.5556,0,False
16514244,LA Rams vs. NY Giants,Kyren Williams,Kyren Williams (LAR),Total de Touchdowns du joueur (Incl. Prolongations) (Kyren Williams (LAR)),2145,72900,1733785235,LAR|dst:player:309275,4504401618,1+,1+,LAR|dst:player:309275,1.5,0,False
16514244,LA Rams vs. NY Giants,Kyren Williams,Kyren Williams (LAR),Total de Touchdowns du joueur (Incl. Prolongations) (Kyren Williams (LAR)),2145,72900,1733785235,LAR|dst:player:309275,4504401619,2+,2+,LAR|dst:player:309275,3.5,0,False
16514244,LA Rams vs. NY Giants,Kyren Williams,Kyren Williams (LAR),Total de Touchdowns du joueur (Incl. Prolongations) (Kyren Williams (LAR)),2145,72900,1733785235,LAR|dst:player:309275,4504401620,3+,3+,LAR|dst:player:309275,15.0,0,False
16514244,LA Rams vs. NY Giants,Davante Adams,Davante Adams (LAR),Total de Touchdowns du joueur (Incl. Prolongations) (Davante Adams (LAR)),2145,72900,1733785414,LAR|dst:player:476257,4504402104,2+,2+,LAR|dst:player:476257,4.5,0,False
16514244,LA Rams vs. NY Giants,Davante Adams,Davante Adams (LAR),Total de Touchdowns du joueur (Incl. Prolongations) (Davante Adams (LAR)),2145,72900,1733785414,LAR|dst:player:476257,4504402105,3+,3+,LAR|dst:player:476257,20.0,0,False
16514244,LA Rams vs. NY Giants,Davante Adams,Davante Adams (LAR),Total de Touchdowns du joueur (Incl. Prolongations) (Davante Adams (LAR)),2145,72900,1733785414,LAR|dst:player:476257,4504402103,1+,1+,LAR|dst:player:476257,1.6897,0,False
16514244,LA Rams vs. NY Giants,Cameron Skattebo,Cameron Skattebo (NYG),Total de Touchdowns du joueur (Incl. Prolongations) (Cameron Skattebo (NYG)),2145,72900,1733785477,NYG|dst:player:492573,4504402280,2+,2+,NYG|dst:player:492573,6.0,0,False
16514244,LA Rams vs. NY Giants,Cameron Skattebo,Cameron Skattebo (NYG),Total de Touchdowns du joueur (Incl. Prolongations) (Cameron Skattebo (NYG)),2145,72900,1733785477,NYG|dst:player:492573,4504402281,3+,3+,NYG|dst:player:492573,26.0,0,False
16514244,LA Rams vs. NY Giants,Cameron Skattebo,Cameron Skattebo (NYG),Total de Touchdowns du joueur (Incl. Prolongations) (Cameron Skattebo (NYG)),2145,72900,1733785477,NYG|dst:player:492573,4504402279,1+,1+,NYG|dst:player:492573,2.0,0,False
16514244,LA Rams vs. NY Giants,Malik Nabers,Malik Nabers (NYG),Total de Touchdowns du joueur (Incl. Prolongations) (Malik Nabers (NYG)),2145,72900,1733785411,NYG|dst:player:430013,4504402096,3+,3+,NYG|dst:player:430013,71.0,0,False
16514244,LA Rams vs. NY Giants,Malik Nabers,Malik Nabers (NYG),Total de Touchdowns du joueur (Incl. Prolongations) (Malik Nabers (NYG)),2145,72900,1733785411,NYG|dst:player:430013,4504402094,1+,1+,NYG|dst:player:430013,2.8,0,False
16514244,LA Rams vs. NY Giants,Malik Nabers,Malik Nabers (NYG),Total de Touchdowns du joueur (Incl. Prolongations) (Malik Nabers (NYG)),2145,72900,1733785411,NYG|dst:player:430013,4504402095,2+,2+,NYG|dst:player:430013,11.0,0,False
16514244,LA Rams vs. NY Giants,Blake Corum,Blake Corum (LAR),Total de Touchdowns du joueur (Incl. Prolongations) (Blake Corum (LAR)),2145,72900,1733785412,LAR|dst:player:430261,4504402097,1+,1+,LAR|dst:player:430261,2.9,0,False
16514244,LA Rams vs. NY Giants,Blake Corum,Blake Corum (LAR),Total de Touchdowns du joueur (Incl. Prolongations) (Blake Corum (LAR)),2145,72900,1733785412,LAR|dst:player:430261,4504402098,2+,2+,LAR|dst:player:430261,12.0,0,False
16514244,LA Rams vs. NY Giants,Blake Corum,Blake Corum (LAR),Total de Touchdowns du joueur (Incl. Prolongations) (Blake Corum (LAR)),2145,72900,1733785412,LAR|dst:player:430261,4504402099,3+,3+,LAR|dst:player:430261,81.0,0,False
16514244,LA Rams vs. NY Giants,Terrance Ferguson,Terrance Ferguson (LAR),Total de Touchdowns du joueur (Incl. Prolongations) (Terrance Ferguson (LAR)),2145,72900,1734645311,LAR|dst:player:498351,4506952161,1+,1+,LAR|dst:player:498351,3.2,0,False
16514244,LA Rams vs. NY Giants,Terrance Ferguson,Terrance Ferguson (LAR),Total de Touchdowns du joueur (Incl. Prolongations) (Terrance Ferguson (LAR)),2145,72900,1734645311,LAR|dst:player:498351,4506952162,2+,2+,LAR|dst:player:498351,15.0,0,False
16514244,LA Rams vs. NY Giants,Terrance Ferguson,Terrance Ferguson (LAR),Total de Touchdowns du joueur (Incl. Prolongations) (Terrance Ferguson (LAR)),2145,72900,1734645311,LAR|dst:player:498351,4506952163,3+,3+,LAR|dst:player:498351,91.0,0,False
16514244,LA Rams vs. NY Giants,Colby Parkinson,Colby Parkinson (LAR),Total de Touchdowns du joueur (Incl. Prolongations) (Colby Parkinson (LAR)),2145,72900,1733785347,LAR|dst:player:409903,4504401931,1+,1+,LAR|dst:player:409903,3.4,0,False
16514244,LA Rams vs. NY Giants,Colby Parkinson,Colby Parkinson (LAR),Total de Touchdowns du joueur (Incl. Prolongations) (Colby Parkinson (LAR)),2145,72900,1733785347,LAR|dst:player:409903,4504401932,2+,2+,LAR|dst:player:409903,17.0,0,False
16514244,LA Rams vs. NY Giants,Colby Parkinson,Colby Parkinson (LAR),Total de Touchdowns du joueur (Incl. Prolongations) (Colby Parkinson (LAR)),2145,72900,1733785347,LAR|dst:player:409903,4504401933,3+,3+,LAR|dst:player:409903,101.0,0,False
16514244,LA Rams vs. NY Giants,Jaxson Dart,Jaxson Dart (NYG),Total de Touchdowns du joueur (Incl. Prolongations) (Jaxson Dart (NYG)),2145,72900,1733785415,NYG|dst:player:489891,4504402106,1+,1+,NYG|dst:player:489891,3.4,0,False
16514244,LA Rams vs. NY Giants,Jaxson Dart,Jaxson Dart (NYG),Total de Touchdowns du joueur (Incl. Prolongations) (Jaxson Dart (NYG)),2145,72900,1733785415,NYG|dst:player:489891,4504402107,2+,2+,NYG|dst:player:489891,17.0,0,False
16514244,LA Rams vs. NY Giants,Jaxson Dart,Jaxson Dart (NYG),Total de Touchdowns du joueur (Incl. Prolongations) (Jaxson Dart (NYG)),2145,72900,1733785415,NYG|dst:player:489891,4504402108,3+,3+,NYG|dst:player:489891,101.0,0,False
16514244,LA Rams vs. NY Giants,Isaiah Likely,Isaiah Likely (NYG),Total de Touchdowns du joueur (Incl. Prolongations) (Isaiah Likely (NYG)),2145,72900,1733785478,NYG|dst:player:540760,4504402282,1+,1+,NYG|dst:player:540760,3.75,0,False
16514244,LA Rams vs. NY Giants,Isaiah Likely,Isaiah Likely (NYG),Total de Touchdowns du joueur (Incl. Prolongations) (Isaiah Likely (NYG)),2145,72900,1733785478,NYG|dst:player:540760,4504402283,2+,2+,NYG|dst:player:540760,20.0,0,False
16514244,LA Rams vs. NY Giants,Isaiah Likely,Isaiah Likely (NYG),Total de Touchdowns du joueur (Incl. Prolongations) (Isaiah Likely (NYG)),2145,72900,1733785478,NYG|dst:player:540760,4504402284,3+,3+,NYG|dst:player:540760,101.0,0,False
16514244,LA Rams vs. NY Giants,Tyler Higbee,Tyler Higbee (LAR),Total de Touchdowns du joueur (Incl. Prolongations) (Tyler Higbee (LAR)),2145,72900,1734645371,LAR|dst:player:145449,4506952312,1+,1+,LAR|dst:player:145449,5.0,0,False
16514244,LA Rams vs. NY Giants,Tyler Higbee,Tyler Higbee (LAR),Total de Touchdowns du joueur (Incl. Prolongations) (Tyler Higbee (LAR)),2145,72900,1734645371,LAR|dst:player:145449,4506952313,2+,2+,LAR|dst:player:145449,36.0,0,False
16514244,LA Rams vs. NY Giants,Tyler Higbee,Tyler Higbee (LAR),Total de Touchdowns du joueur (Incl. Prolongations) (Tyler Higbee (LAR)),2145,72900,1734645371,LAR|dst:player:145449,4506952314,3+,3+,LAR|dst:player:145449,151.0,0,False
16514244,LA Rams vs. NY Giants,Devin Singletary,Devin Singletary (NYG),Total de Touchdowns du joueur (Incl. Prolongations) (Devin Singletary (NYG)),2145,72900,1733785348,NYG|dst:player:409911,4504401936,3+,3+,NYG|dst:player:409911,151.0,0,False
16514244,LA Rams vs. NY Giants,Devin Singletary,Devin Singletary (NYG),Total de Touchdowns du joueur (Incl. Prolongations) (Devin Singletary (NYG)),2145,72900,1733785348,NYG|dst:player:409911,4504401934,1+,1+,NYG|dst:player:409911,5.0,0,False
16514244,LA Rams vs. NY Giants,Devin Singletary,Devin Singletary (NYG),Total de Touchdowns du joueur (Incl. Prolongations) (Devin Singletary (NYG)),2145,72900,1733785348,NYG|dst:player:409911,4504401935,2+,2+,NYG|dst:player:409911,36.0,0,False
16514244,LA Rams vs. NY Giants,Malachi Fields,Malachi Fields (NYG),Total de Touchdowns du joueur (Incl. Prolongations) (Malachi Fields (NYG)),2145,72900,1733785481,NYG|dst:player:546489,4504402291,1+,1+,NYG|dst:player:546489,5.0,0,False
16514244,LA Rams vs. NY Giants,Malachi Fields,Malachi Fields (NYG),Total de Touchdowns du joueur (Incl. Prolongations) (Malachi Fields (NYG)),2145,72900,1733785481,NYG|dst:player:546489,4504402292,2+,2+,NYG|dst:player:546489,36.0,0,False
16514244,LA Rams vs. NY Giants,Malachi Fields,Malachi Fields (NYG),Total de Touchdowns du joueur (Incl. Prolongations) (Malachi Fields (NYG)),2145,72900,1733785481,NYG|dst:player:546489,4504402293,3+,3+,NYG|dst:player:546489,151.0,0,False
16514244,LA Rams vs. NY Giants,Najee Harris,Najee Harris (NYG),Total de Touchdowns du joueur (Incl. Prolongations) (Najee Harris (NYG)),2145,72900,1737154453,NYG|dst:player:564087,4516317883,1+,1+,NYG|dst:player:564087,5.0,0,False
16514244,LA Rams vs. NY Giants,Najee Harris,Najee Harris (NYG),Total de Touchdowns du joueur (Incl. Prolongations) (Najee Harris (NYG)),2145,72900,1737154453,NYG|dst:player:564087,4516317884,2+,2+,NYG|dst:player:564087,36.0,0,False
16514244,LA Rams vs. NY Giants,Najee Harris,Najee Harris (NYG),Total de Touchdowns du joueur (Incl. Prolongations) (Najee Harris (NYG)),2145,72900,1737154453,NYG|dst:player:564087,4516317885,3+,3+,NYG|dst:player:564087,151.0,0,False
16514244,LA Rams vs. NY Giants,Tyrone Tracy,Tyrone Tracy (NYG),Total de Touchdowns du joueur (Incl. Prolongations) (Tyrone Tracy (NYG)),2145,72900,1734645312,NYG|dst:player:430015,4506952164,1+,1+,NYG|dst:player:430015,7.5,0,False
16514244,LA Rams vs. NY Giants,Tyrone Tracy,Tyrone Tracy (NYG),Total de Touchdowns du joueur (Incl. Prolongations) (Tyrone Tracy (NYG)),2145,72900,1734645312,NYG|dst:player:430015,4506952165,2+,2+,NYG|dst:player:430015,51.0,0,False
16514244,LA Rams vs. NY Giants,Tyrone Tracy,Tyrone Tracy (NYG),Total de Touchdowns du joueur (Incl. Prolongations) (Tyrone Tracy (NYG)),2145,72900,1734645312,NYG|dst:player:430015,4506952166,3+,3+,NYG|dst:player:430015,201.0,0,False
16514244,LA Rams vs. NY Giants,Theo Johnson,Theo Johnson (NYG),Total de Touchdowns du joueur (Incl. Prolongations) (Theo Johnson (NYG)),2145,72900,1733785413,NYG|dst:player:430841,4504402100,1+,1+,NYG|dst:player:430841,8.5,0,False
16514244,LA Rams vs. NY Giants,Theo Johnson,Theo Johnson (NYG),Total de Touchdowns du joueur (Incl. Prolongations) (Theo Johnson (NYG)),2145,72900,1733785413,NYG|dst:player:430841,4504402101,2+,2+,NYG|dst:player:430841,61.0,0,False
16514244,LA Rams vs. NY Giants,Theo Johnson,Theo Johnson (NYG),Total de Touchdowns du joueur (Incl. Prolongations) (Theo Johnson (NYG)),2145,72900,1733785413,NYG|dst:player:430841,4504402102,3+,3+,NYG|dst:player:430841,201.0,0,False
16514244,LA Rams vs. NY Giants,Darnell Mooney,Darnell Mooney (NYG),Total de Touchdowns du joueur (Incl. Prolongations) (Darnell Mooney (NYG)),2145,72900,1733785480,NYG|dst:player:541181,4504402288,1+,1+,NYG|dst:player:541181,8.5,0,False
16514244,LA Rams vs. NY Giants,Darnell Mooney,Darnell Mooney (NYG),Total de Touchdowns du joueur (Incl. Prolongations) (Darnell Mooney (NYG)),2145,72900,1733785480,NYG|dst:player:541181,4504402289,2+,2+,NYG|dst:player:541181,61.0,0,False
16514244,LA Rams vs. NY Giants,Darnell Mooney,Darnell Mooney (NYG),Total de Touchdowns du joueur (Incl. Prolongations) (Darnell Mooney (NYG)),2145,72900,1733785480,NYG|dst:player:541181,4504402290,3+,3+,NYG|dst:player:541181,201.0,0,False
16514244,LA Rams vs. NY Giants,Matthew Stafford,Matthew Stafford (LAR),Total de Touchdowns du joueur (Incl. Prolongations) (Matthew Stafford (LAR)),2145,72900,1733785234,LAR|dst:player:269130,4504401616,2+,2+,LAR|dst:player:269130,101.0,0,False
16514244,LA Rams vs. NY Giants,Matthew Stafford,Matthew Stafford (LAR),Total de Touchdowns du joueur (Incl. Prolongations) (Matthew Stafford (LAR)),2145,72900,1733785234,LAR|dst:player:269130,4504401617,3+,3+,LAR|dst:player:269130,251.0,0,False
16514244,LA Rams vs. NY Giants,Matthew Stafford,Matthew Stafford (LAR),Total de Touchdowns du joueur (Incl. Prolongations) (Matthew Stafford (LAR)),2145,72900,1733785234,LAR|dst:player:269130,4504401615,1+,1+,LAR|dst:player:269130,15.0,0,False
16514244,LA Rams vs. NY Giants,Odell Beckham Jr.,Odell Beckham Jr. (NYG),Total de Touchdowns du joueur (Incl. Prolongations) (Odell Beckham Jr. (NYG)),2145,72900,1733785233,NYG|dst:player:125200,4504401612,1+,1+,NYG|dst:player:125200,15.0,0,False
16514244,LA Rams vs. NY Giants,Odell Beckham Jr.,Odell Beckham Jr. (NYG),Total de Touchdowns du joueur (Incl. Prolongations) (Odell Beckham Jr. (NYG)),2145,72900,1733785233,NYG|dst:player:125200,4504401613,2+,2+,NYG|dst:player:125200,101.0,0,False
16514244,LA Rams vs. NY Giants,Odell Beckham Jr.,Odell Beckham Jr. (NYG),Total de Touchdowns du joueur (Incl. Prolongations) (Odell Beckham Jr. (NYG)),2145,72900,1733785233,NYG|dst:player:125200,4504401614,3+,3+,NYG|dst:player:125200,251.0,0,False
16514244,LA Rams vs. NY Giants,Thomas Fidone II,Thomas Fidone II (NYG),Total de Touchdowns du joueur (Incl. Prolongations) (Thomas Fidone II (NYG)),2145,72900,1736964679,NYG|dst:player:484640,4515798017,1+,1+,NYG|dst:player:484640,26.0,0,False
16514244,LA Rams vs. NY Giants,Thomas Fidone II,Thomas Fidone II (NYG),Total de Touchdowns du joueur (Incl. Prolongations) (Thomas Fidone II (NYG)),2145,72900,1736964679,NYG|dst:player:484640,4515798018,2+,2+,NYG|dst:player:484640,151.0,0,False
16514244,LA Rams vs. NY Giants,Thomas Fidone II,Thomas Fidone II (NYG),Total de Touchdowns du joueur (Incl. Prolongations) (Thomas Fidone II (NYG)),2145,72900,1736964679,NYG|dst:player:484640,4515798019,3+,3+,NYG|dst:player:484640,251.0,0,False
16514244,LA Rams vs. NY Giants,Chris Manhertz,Chris Manhertz (NYG),Total de Touchdowns du joueur (Incl. Prolongations) (Chris Manhertz (NYG)),2145,72900,1733785349,NYG|dst:player:410346,4504401937,1+,1+,NYG|dst:player:410346,31.0,0,False
16514244,LA Rams vs. NY Giants,Chris Manhertz,Chris Manhertz (NYG),Total de Touchdowns du joueur (Incl. Prolongations) (Chris Manhertz (NYG)),2145,72900,1733785349,NYG|dst:player:410346,4504401938,2+,2+,NYG|dst:player:410346,151.0,0,False
16514244,LA Rams vs. NY Giants,Chris Manhertz,Chris Manhertz (NYG),Total de Touchdowns du joueur (Incl. Prolongations) (Chris Manhertz (NYG)),2145,72900,1733785349,NYG|dst:player:410346,4504401939,3+,3+,NYG|dst:player:410346,251.0,0,False
16514244,LA Rams vs. NY Giants,Patrick Ricard,Patrick Ricard (NYG),Total de Touchdowns du joueur (Incl. Prolongations) (Patrick Ricard (NYG)),2145,72900,1733785479,NYG|dst:player:540856,4504402285,1+,1+,NYG|dst:player:540856,31.0,0,False
16514244,LA Rams vs. NY Giants,Patrick Ricard,Patrick Ricard (NYG),Total de Touchdowns du joueur (Incl. Prolongations) (Patrick Ricard (NYG)),2145,72900,1733785479,NYG|dst:player:540856,4504402286,2+,2+,NYG|dst:player:540856,151.0,0,False
16514244,LA Rams vs. NY Giants,Patrick Ricard,Patrick Ricard (NYG),Total de Touchdowns du joueur (Incl. Prolongations) (Patrick Ricard (NYG)),2145,72900,1733785479,NYG|dst:player:540856,4504402287,3+,3+,NYG|dst:player:540856,251.0,0,False
16514244,LA Rams vs. NY Giants,Matthew Stafford,Matthew Stafford (LAR),Joueur total de TDs par la passe (Matthew Stafford (LAR) (prolongations incluses),2138,72893,1735303528,LAR|dst:player:269130,4509458009,2+,2+,LAR|dst:player:269130,1.5,0,False
16514244,LA Rams vs. NY Giants,Matthew Stafford,Matthew Stafford (LAR),Joueur total de TDs par la passe (Matthew Stafford (LAR) (prolongations incluses),2138,72893,1735303528,LAR|dst:player:269130,4509458010,3+,3+,LAR|dst:player:269130,2.55,0,False
16514244,LA Rams vs. NY Giants,Matthew Stafford,Matthew Stafford (LAR),Joueur total de TDs par la passe (Matthew Stafford (LAR) (prolongations incluses),2138,72893,1735303528,LAR|dst:player:269130,4509458011,4+,4+,LAR|dst:player:269130,5.25,0,False
16514244,LA Rams vs. NY Giants,Matthew Stafford,Matthew Stafford (LAR),Joueur total de TDs par la passe (Matthew Stafford (LAR) (prolongations incluses),2138,72893,1735303528,LAR|dst:player:269130,4509458012,1+,1+,LAR|dst:player:269130,1.05,0,False
16514244,LA Rams vs. NY Giants,Jaxson Dart,Jaxson Dart (NYG),Joueur total de TDs par la passe (Jaxson Dart (NYG) (prolongations incluses),2138,72893,1735303530,NYG|dst:player:489891,4509458024,1+,1+,NYG|dst:player:489891,1.3125,0,False
16514244,LA Rams vs. NY Giants,Jaxson Dart,Jaxson Dart (NYG),Joueur total de TDs par la passe (Jaxson Dart (NYG) (prolongations incluses),2138,72893,1735303530,NYG|dst:player:489891,4509458021,2+,2+,NYG|dst:player:489891,2.75,0,False
16514244,LA Rams vs. NY Giants,Jaxson Dart,Jaxson Dart (NYG),Joueur total de TDs par la passe (Jaxson Dart (NYG) (prolongations incluses),2138,72893,1735303530,NYG|dst:player:489891,4509458022,3+,3+,NYG|dst:player:489891,5.5,0,False
16514244,LA Rams vs. NY Giants,Jaxson Dart,Jaxson Dart (NYG),Joueur total de TDs par la passe (Jaxson Dart (NYG) (prolongations incluses),2138,72893,1735303530,NYG|dst:player:489891,4509458023,4+,4+,NYG|dst:player:489891,16.0,0,False
16514244,LA Rams vs. NY Giants,Malachi Fields,Malachi Fields (NYG),Joueur total de yards sur réception (Malachi Fields (NYG)) (prolongations incluses),2143,72898,1739636364,NYG|dst:player:546489,4525385472,97+,97+,NYG|dst:player:546489,36.0,0,False
16514244,LA Rams vs. NY Giants,Malachi Fields,Malachi Fields (NYG),Joueur total de yards sur réception (Malachi Fields (NYG)) (prolongations incluses),2143,72898,1739636364,NYG|dst:player:546489,4525385473,17+,17+,NYG|dst:player:546489,1.3572,0,False
16514244,LA Rams vs. NY Giants,Malachi Fields,Malachi Fields (NYG),Joueur total de yards sur réception (Malachi Fields (NYG)) (prolongations incluses),2143,72898,1739636364,NYG|dst:player:546489,4525385465,27+,27+,NYG|dst:player:546489,1.8696,0,False
16514244,LA Rams vs. NY Giants,Malachi Fields,Malachi Fields (NYG),Joueur total de yards sur réception (Malachi Fields (NYG)) (prolongations incluses),2143,72898,1739636364,NYG|dst:player:546489,4525385466,37+,37+,NYG|dst:player:546489,2.4,0,False
16514244,LA Rams vs. NY Giants,Malachi Fields,Malachi Fields (NYG),Joueur total de yards sur réception (Malachi Fields (NYG)) (prolongations incluses),2143,72898,1739636364,NYG|dst:player:546489,4525385467,47+,47+,NYG|dst:player:546489,3.3,0,False
16514244,LA Rams vs. NY Giants,Malachi Fields,Malachi Fields (NYG),Joueur total de yards sur réception (Malachi Fields (NYG)) (prolongations incluses),2143,72898,1739636364,NYG|dst:player:546489,4525385468,57+,57+,NYG|dst:player:546489,4.75,0,False
16514244,LA Rams vs. NY Giants,Malachi Fields,Malachi Fields (NYG),Joueur total de yards sur réception (Malachi Fields (NYG)) (prolongations incluses),2143,72898,1739636364,NYG|dst:player:546489,4525385469,67+,67+,NYG|dst:player:546489,7.25,0,False
16514244,LA Rams vs. NY Giants,Malachi Fields,Malachi Fields (NYG),Joueur total de yards sur réception (Malachi Fields (NYG)) (prolongations incluses),2143,72898,1739636364,NYG|dst:player:546489,4525385470,77+,77+,NYG|dst:player:546489,12.0,0,False
16514244,LA Rams vs. NY Giants,Malachi Fields,Malachi Fields (NYG),Joueur total de yards sur réception (Malachi Fields (NYG)) (prolongations incluses),2143,72898,1739636364,NYG|dst:player:546489,4525385471,87+,87+,NYG|dst:player:546489,20.0,0,False
16514244,LA Rams vs. NY Giants,Colby Parkinson,Colby Parkinson (LAR),Joueur total de yards sur réception (Colby Parkinson (LAR)) (prolongations incluses),2143,72898,1742757263,LAR|dst:player:409903,4534252672,58+,58+,LAR|dst:player:409903,3.85,0,False
16514244,LA Rams vs. NY Giants,Colby Parkinson,Colby Parkinson (LAR),Joueur total de yards sur réception (Colby Parkinson (LAR)) (prolongations incluses),2143,72898,1742757263,LAR|dst:player:409903,4534252673,68+,68+,LAR|dst:player:409903,5.5,0,False
16514244,LA Rams vs. NY Giants,Colby Parkinson,Colby Parkinson (LAR),Joueur total de yards sur réception (Colby Parkinson (LAR)) (prolongations incluses),2143,72898,1742757263,LAR|dst:player:409903,4534252674,78+,78+,LAR|dst:player:409903,7.75,0,False
16514244,LA Rams vs. NY Giants,Colby Parkinson,Colby Parkinson (LAR),Joueur total de yards sur réception (Colby Parkinson (LAR)) (prolongations incluses),2143,72898,1742757263,LAR|dst:player:409903,4534252675,88+,88+,LAR|dst:player:409903,12.0,0,False
16514244,LA Rams vs. NY Giants,Colby Parkinson,Colby Parkinson (LAR),Joueur total de yards sur réception (Colby Parkinson (LAR)) (prolongations incluses),2143,72898,1742757263,LAR|dst:player:409903,4534252676,98+,98+,LAR|dst:player:409903,19.0,0,False
16514244,LA Rams vs. NY Giants,Colby Parkinson,Colby Parkinson (LAR),Joueur total de yards sur réception (Colby Parkinson (LAR)) (prolongations incluses),2143,72898,1742757263,LAR|dst:player:409903,4534252677,108+,108+,LAR|dst:player:409903,31.0,0,False
16514244,LA Rams vs. NY Giants,Colby Parkinson,Colby Parkinson (LAR),Joueur total de yards sur réception (Colby Parkinson (LAR)) (prolongations incluses),2143,72898,1742757263,LAR|dst:player:409903,4534252678,18+,18+,LAR|dst:player:409903,1.4167,0,False
16514244,LA Rams vs. NY Giants,Colby Parkinson,Colby Parkinson (LAR),Joueur total de yards sur réception (Colby Parkinson (LAR)) (prolongations incluses),2143,72898,1742757263,LAR|dst:player:409903,4534252669,28+,28+,LAR|dst:player:409903,1.8696,0,False
16514244,LA Rams vs. NY Giants,Colby Parkinson,Colby Parkinson (LAR),Joueur total de yards sur réception (Colby Parkinson (LAR)) (prolongations incluses),2143,72898,1742757263,LAR|dst:player:409903,4534252670,38+,38+,LAR|dst:player:409903,2.3,0,False
16514244,LA Rams vs. NY Giants,Colby Parkinson,Colby Parkinson (LAR),Joueur total de yards sur réception (Colby Parkinson (LAR)) (prolongations incluses),2143,72898,1742757263,LAR|dst:player:409903,4534252671,48+,48+,LAR|dst:player:409903,2.95,0,False
16514244,LA Rams vs. NY Giants,Isaiah Likely,Isaiah Likely (NYG),Joueur total de yards sur réception (Isaiah Likely (NYG)) (prolongations incluses),2143,72898,1735305459,NYG|dst:player:540760,4525583477,44+,44+,NYG|dst:player:540760,1.8696,0,False
16514244,LA Rams vs. NY Giants,Isaiah Likely,Isaiah Likely (NYG),Joueur total de yards sur réception (Isaiah Likely (NYG)) (prolongations incluses),2143,72898,1735305459,NYG|dst:player:540760,4525583478,54+,54+,NYG|dst:player:540760,2.3,0,False
16514244,LA Rams vs. NY Giants,Isaiah Likely,Isaiah Likely (NYG),Joueur total de yards sur réception (Isaiah Likely (NYG)) (prolongations incluses),2143,72898,1735305459,NYG|dst:player:540760,4525583479,64+,64+,NYG|dst:player:540760,2.95,0,False
16514244,LA Rams vs. NY Giants,Isaiah Likely,Isaiah Likely (NYG),Joueur total de yards sur réception (Isaiah Likely (NYG)) (prolongations incluses),2143,72898,1735305459,NYG|dst:player:540760,4525583480,74+,74+,NYG|dst:player:540760,3.85,0,False
16514244,LA Rams vs. NY Giants,Isaiah Likely,Isaiah Likely (NYG),Joueur total de yards sur réception (Isaiah Likely (NYG)) (prolongations incluses),2143,72898,1735305459,NYG|dst:player:540760,4525583481,84+,84+,NYG|dst:player:540760,5.25,0,False
16514244,LA Rams vs. NY Giants,Isaiah Likely,Isaiah Likely (NYG),Joueur total de yards sur réception (Isaiah Likely (NYG)) (prolongations incluses),2143,72898,1735305459,NYG|dst:player:540760,4525583482,94+,94+,NYG|dst:player:540760,7.5,0,False
16514244,LA Rams vs. NY Giants,Isaiah Likely,Isaiah Likely (NYG),Joueur total de yards sur réception (Isaiah Likely (NYG)) (prolongations incluses),2143,72898,1735305459,NYG|dst:player:540760,4525583483,104+,104+,NYG|dst:player:540760,12.0,0,False
16514244,LA Rams vs. NY Giants,Isaiah Likely,Isaiah Likely (NYG),Joueur total de yards sur réception (Isaiah Likely (NYG)) (prolongations incluses),2143,72898,1735305459,NYG|dst:player:540760,4525583484,114+,114+,NYG|dst:player:540760,18.0,0,False
16514244,LA Rams vs. NY Giants,Isaiah Likely,Isaiah Likely (NYG),Joueur total de yards sur réception (Isaiah Likely (NYG)) (prolongations incluses),2143,72898,1735305459,NYG|dst:player:540760,4525583485,124+,124+,NYG|dst:player:540760,31.0,0,False
16514244,LA Rams vs. NY Giants,Isaiah Likely,Isaiah Likely (NYG),Joueur total de yards sur réception (Isaiah Likely (NYG)) (prolongations incluses),2143,72898,1735305459,NYG|dst:player:540760,4525583486,34+,34+,NYG|dst:player:540760,1.4167,0,False
16514244,LA Rams vs. NY Giants,Davante Adams,Davante Adams (LAR),Joueur total de yards sur réception (Davante Adams (LAR)) (prolongations incluses),2143,72898,1735305458,LAR|dst:player:476257,4534248496,63+,63+,LAR|dst:player:476257,1.8696,0,False
16514244,LA Rams vs. NY Giants,Davante Adams,Davante Adams (LAR),Joueur total de yards sur réception (Davante Adams (LAR)) (prolongations incluses),2143,72898,1735305458,LAR|dst:player:476257,4534248497,73+,73+,LAR|dst:player:476257,2.25,0,False
16514244,LA Rams vs. NY Giants,Davante Adams,Davante Adams (LAR),Joueur total de yards sur réception (Davante Adams (LAR)) (prolongations incluses),2143,72898,1735305458,LAR|dst:player:476257,4534248498,83+,83+,LAR|dst:player:476257,2.75,0,False
16514244,LA Rams vs. NY Giants,Davante Adams,Davante Adams (LAR),Joueur total de yards sur réception (Davante Adams (LAR)) (prolongations incluses),2143,72898,1735305458,LAR|dst:player:476257,4534248499,93+,93+,LAR|dst:player:476257,3.5,0,False
16514244,LA Rams vs. NY Giants,Davante Adams,Davante Adams (LAR),Joueur total de yards sur réception (Davante Adams (LAR)) (prolongations incluses),2143,72898,1735305458,LAR|dst:player:476257,4534248500,103+,103+,LAR|dst:player:476257,4.5,0,False
16514244,LA Rams vs. NY Giants,Davante Adams,Davante Adams (LAR),Joueur total de yards sur réception (Davante Adams (LAR)) (prolongations incluses),2143,72898,1735305458,LAR|dst:player:476257,4534248501,113+,113+,LAR|dst:player:476257,6.0,0,False
16514244,LA Rams vs. NY Giants,Davante Adams,Davante Adams (LAR),Joueur total de yards sur réception (Davante Adams (LAR)) (prolongations incluses),2143,72898,1735305458,LAR|dst:player:476257,4534248502,123+,123+,LAR|dst:player:476257,8.5,0,False
16514244,LA Rams vs. NY Giants,Davante Adams,Davante Adams (LAR),Joueur total de yards sur réception (Davante Adams (LAR)) (prolongations incluses),2143,72898,1735305458,LAR|dst:player:476257,4534248503,133+,133+,LAR|dst:player:476257,12.0,0,False
16514244,LA Rams vs. NY Giants,Davante Adams,Davante Adams (LAR),Joueur total de yards sur réception (Davante Adams (LAR)) (prolongations incluses),2143,72898,1735305458,LAR|dst:player:476257,4534248504,143+,143+,LAR|dst:player:476257,18.0,0,False
16514244,LA Rams vs. NY Giants,Davante Adams,Davante Adams (LAR),Joueur total de yards sur réception (Davante Adams (LAR)) (prolongations incluses),2143,72898,1735305458,LAR|dst:player:476257,4534248505,53+,53+,LAR|dst:player:476257,1.4762,0,False
16514244,LA Rams vs. NY Giants,Malik Nabers,Malik Nabers (NYG),Joueur total de yards sur réception (Malik Nabers (NYG)) (prolongations incluses),2143,72898,1735305456,NYG|dst:player:430013,4509463392,114+,114+,NYG|dst:player:430013,5.0,0,False
16514244,LA Rams vs. NY Giants,Malik Nabers,Malik Nabers (NYG),Joueur total de yards sur réception (Malik Nabers (NYG)) (prolongations incluses),2143,72898,1735305456,NYG|dst:player:430013,4509463393,124+,124+,NYG|dst:player:430013,6.25,0,False
16514244,LA Rams vs. NY Giants,Malik Nabers,Malik Nabers (NYG),Joueur total de yards sur réception (Malik Nabers (NYG)) (prolongations incluses),2143,72898,1735305456,NYG|dst:player:430013,4509463394,134+,134+,NYG|dst:player:430013,8.5,0,False
16514244,LA Rams vs. NY Giants,Malik Nabers,Malik Nabers (NYG),Joueur total de yards sur réception (Malik Nabers (NYG)) (prolongations incluses),2143,72898,1735305456,NYG|dst:player:430013,4509463395,144+,144+,NYG|dst:player:430013,11.0,0,False
16514244,LA Rams vs. NY Giants,Malik Nabers,Malik Nabers (NYG),Joueur total de yards sur réception (Malik Nabers (NYG)) (prolongations incluses),2143,72898,1735305456,NYG|dst:player:430013,4509463396,54+,54+,NYG|dst:player:430013,1.5264,0,False
16514244,LA Rams vs. NY Giants,Malik Nabers,Malik Nabers (NYG),Joueur total de yards sur réception (Malik Nabers (NYG)) (prolongations incluses),2143,72898,1735305456,NYG|dst:player:430013,4509463387,64+,64+,NYG|dst:player:430013,1.9091,0,False
16514244,LA Rams vs. NY Giants,Malik Nabers,Malik Nabers (NYG),Joueur total de yards sur réception (Malik Nabers (NYG)) (prolongations incluses),2143,72898,1735305456,NYG|dst:player:430013,4509463388,74+,74+,NYG|dst:player:430013,2.2,0,False
16514244,LA Rams vs. NY Giants,Malik Nabers,Malik Nabers (NYG),Joueur total de yards sur réception (Malik Nabers (NYG)) (prolongations incluses),2143,72898,1735305456,NYG|dst:player:430013,4509463389,84+,84+,NYG|dst:player:430013,2.6,0,False
16514244,LA Rams vs. NY Giants,Malik Nabers,Malik Nabers (NYG),Joueur total de yards sur réception (Malik Nabers (NYG)) (prolongations incluses),2143,72898,1735305456,NYG|dst:player:430013,4509463390,94+,94+,NYG|dst:player:430013,3.1,0,False
16514244,LA Rams vs. NY Giants,Malik Nabers,Malik Nabers (NYG),Joueur total de yards sur réception (Malik Nabers (NYG)) (prolongations incluses),2143,72898,1735305456,NYG|dst:player:430013,4509463391,104+,104+,NYG|dst:player:430013,3.85,0,False
16514244,LA Rams vs. NY Giants,Cameron Skattebo,Cameron Skattebo (NYG),Joueur total de yards sur réception (Cameron Skattebo (NYG)) (prolongations incluses),2143,72898,1739636043,NYG|dst:player:492573,4525384652,12+,12+,NYG|dst:player:492573,1.8696,0,False
16514244,LA Rams vs. NY Giants,Cameron Skattebo,Cameron Skattebo (NYG),Joueur total de yards sur réception (Cameron Skattebo (NYG)) (prolongations incluses),2143,72898,1739636043,NYG|dst:player:492573,4525384653,22+,22+,NYG|dst:player:492573,2.35,0,False
16514244,LA Rams vs. NY Giants,Cameron Skattebo,Cameron Skattebo (NYG),Joueur total de yards sur réception (Cameron Skattebo (NYG)) (prolongations incluses),2143,72898,1739636043,NYG|dst:player:492573,4525384654,32+,32+,NYG|dst:player:492573,3.1,0,False
16514244,LA Rams vs. NY Giants,Cameron Skattebo,Cameron Skattebo (NYG),Joueur total de yards sur réception (Cameron Skattebo (NYG)) (prolongations incluses),2143,72898,1739636043,NYG|dst:player:492573,4525384655,42+,42+,NYG|dst:player:492573,4.4,0,False
16514244,LA Rams vs. NY Giants,Cameron Skattebo,Cameron Skattebo (NYG),Joueur total de yards sur réception (Cameron Skattebo (NYG)) (prolongations incluses),2143,72898,1739636043,NYG|dst:player:492573,4525384656,52+,52+,NYG|dst:player:492573,6.5,0,False
16514244,LA Rams vs. NY Giants,Cameron Skattebo,Cameron Skattebo (NYG),Joueur total de yards sur réception (Cameron Skattebo (NYG)) (prolongations incluses),2143,72898,1739636043,NYG|dst:player:492573,4525384657,62+,62+,NYG|dst:player:492573,10.0,0,False
16514244,LA Rams vs. NY Giants,Cameron Skattebo,Cameron Skattebo (NYG),Joueur total de yards sur réception (Cameron Skattebo (NYG)) (prolongations incluses),2143,72898,1739636043,NYG|dst:player:492573,4525384658,72+,72+,NYG|dst:player:492573,17.0,0,False
16514244,LA Rams vs. NY Giants,Cameron Skattebo,Cameron Skattebo (NYG),Joueur total de yards sur réception (Cameron Skattebo (NYG)) (prolongations incluses),2143,72898,1739636043,NYG|dst:player:492573,4525384659,82+,82+,NYG|dst:player:492573,26.0,0,False
16514244,LA Rams vs. NY Giants,Kyren Williams,Kyren Williams (LAR),Joueur total de yards sur réception (Kyren Williams (LAR)) (prolongations incluses),2143,72898,1739635844,LAR|dst:player:309275,4535313458,15+,15+,LAR|dst:player:309275,1.9091,0,False
16514244,LA Rams vs. NY Giants,Kyren Williams,Kyren Williams (LAR),Joueur total de yards sur réception (Kyren Williams (LAR)) (prolongations incluses),2143,72898,1739635844,LAR|dst:player:309275,4535313459,25+,25+,LAR|dst:player:309275,2.4,0,False
16514244,LA Rams vs. NY Giants,Kyren Williams,Kyren Williams (LAR),Joueur total de yards sur réception (Kyren Williams (LAR)) (prolongations incluses),2143,72898,1739635844,LAR|dst:player:309275,4535313460,35+,35+,LAR|dst:player:309275,3.2,0,False
16514244,LA Rams vs. NY Giants,Kyren Williams,Kyren Williams (LAR),Joueur total de yards sur réception (Kyren Williams (LAR)) (prolongations incluses),2143,72898,1739635844,LAR|dst:player:309275,4535313461,45+,45+,LAR|dst:player:309275,4.5,0,False
16514244,LA Rams vs. NY Giants,Kyren Williams,Kyren Williams (LAR),Joueur total de yards sur réception (Kyren Williams (LAR)) (prolongations incluses),2143,72898,1739635844,LAR|dst:player:309275,4535313462,55+,55+,LAR|dst:player:309275,6.75,0,False
16514244,LA Rams vs. NY Giants,Kyren Williams,Kyren Williams (LAR),Joueur total de yards sur réception (Kyren Williams (LAR)) (prolongations incluses),2143,72898,1739635844,LAR|dst:player:309275,4535313463,65+,65+,LAR|dst:player:309275,11.0,0,False
16514244,LA Rams vs. NY Giants,Kyren Williams,Kyren Williams (LAR),Joueur total de yards sur réception (Kyren Williams (LAR)) (prolongations incluses),2143,72898,1739635844,LAR|dst:player:309275,4535313464,75+,75+,LAR|dst:player:309275,17.0,0,False
16514244,LA Rams vs. NY Giants,Kyren Williams,Kyren Williams (LAR),Joueur total de yards sur réception (Kyren Williams (LAR)) (prolongations incluses),2143,72898,1739635844,LAR|dst:player:309275,4535313465,85+,85+,LAR|dst:player:309275,31.0,0,False
16514244,LA Rams vs. NY Giants,Odell Beckham Jr.,Odell Beckham Jr. (NYG),Joueur total de yards sur réception (Odell Beckham Jr. (NYG)) (prolongations incluses),2143,72898,1740739791,NYG|dst:player:125200,4531385070,16+,16+,NYG|dst:player:125200,2.3,0,False
16514244,LA Rams vs. NY Giants,Odell Beckham Jr.,Odell Beckham Jr. (NYG),Joueur total de yards sur réception (Odell Beckham Jr. (NYG)) (prolongations incluses),2143,72898,1740739791,NYG|dst:player:125200,4531385071,26+,26+,NYG|dst:player:125200,3.0,0,False
16514244,LA Rams vs. NY Giants,Odell Beckham Jr.,Odell Beckham Jr. (NYG),Joueur total de yards sur réception (Odell Beckham Jr. (NYG)) (prolongations incluses),2143,72898,1740739791,NYG|dst:player:125200,4531385072,36+,36+,NYG|dst:player:125200,4.0,0,False
16514244,LA Rams vs. NY Giants,Odell Beckham Jr.,Odell Beckham Jr. (NYG),Joueur total de yards sur réception (Odell Beckham Jr. (NYG)) (prolongations incluses),2143,72898,1740739791,NYG|dst:player:125200,4531385073,46+,46+,NYG|dst:player:125200,5.75,0,False
16514244,LA Rams vs. NY Giants,Odell Beckham Jr.,Odell Beckham Jr. (NYG),Joueur total de yards sur réception (Odell Beckham Jr. (NYG)) (prolongations incluses),2143,72898,1740739791,NYG|dst:player:125200,4531385074,56+,56+,NYG|dst:player:125200,9.0,0,False
16514244,LA Rams vs. NY Giants,Odell Beckham Jr.,Odell Beckham Jr. (NYG),Joueur total de yards sur réception (Odell Beckham Jr. (NYG)) (prolongations incluses),2143,72898,1740739791,NYG|dst:player:125200,4531385075,66+,66+,NYG|dst:player:125200,14.0,0,False
16514244,LA Rams vs. NY Giants,Odell Beckham Jr.,Odell Beckham Jr. (NYG),Joueur total de yards sur réception (Odell Beckham Jr. (NYG)) (prolongations incluses),2143,72898,1740739791,NYG|dst:player:125200,4531385076,76+,76+,NYG|dst:player:125200,21.0,0,False
16514244,LA Rams vs. NY Giants,Odell Beckham Jr.,Odell Beckham Jr. (NYG),Joueur total de yards sur réception (Odell Beckham Jr. (NYG)) (prolongations incluses),2143,72898,1740739791,NYG|dst:player:125200,4531385077,86+,86+,NYG|dst:player:125200,41.0,0,False
16514244,LA Rams vs. NY Giants,Jaxson Dart,Jaxson Dart (NYG),Joueur total de yards par la course (Jaxson Dart (NYG)) (prolongations incluses),2140,72895,1735301403,NYG|dst:player:489891,4523597156,33+,33+,NYG|dst:player:489891,1.8696,0,False
16514244,LA Rams vs. NY Giants,Jaxson Dart,Jaxson Dart (NYG),Joueur total de yards par la course (Jaxson Dart (NYG)) (prolongations incluses),2140,72895,1735301403,NYG|dst:player:489891,4523597157,43+,43+,NYG|dst:player:489891,2.35,0,False
16514244,LA Rams vs. NY Giants,Jaxson Dart,Jaxson Dart (NYG),Joueur total de yards par la course (Jaxson Dart (NYG)) (prolongations incluses),2140,72895,1735301403,NYG|dst:player:489891,4523597158,53+,53+,NYG|dst:player:489891,3.1,0,False
16514244,LA Rams vs. NY Giants,Jaxson Dart,Jaxson Dart (NYG),Joueur total de yards par la course (Jaxson Dart (NYG)) (prolongations incluses),2140,72895,1735301403,NYG|dst:player:489891,4523597159,63+,63+,NYG|dst:player:489891,4.3,0,False
16514244,LA Rams vs. NY Giants,Jaxson Dart,Jaxson Dart (NYG),Joueur total de yards par la course (Jaxson Dart (NYG)) (prolongations incluses),2140,72895,1735301403,NYG|dst:player:489891,4523597160,73+,73+,NYG|dst:player:489891,6.25,0,False
16514244,LA Rams vs. NY Giants,Jaxson Dart,Jaxson Dart (NYG),Joueur total de yards par la course (Jaxson Dart (NYG)) (prolongations incluses),2140,72895,1735301403,NYG|dst:player:489891,4523597161,83+,83+,NYG|dst:player:489891,10.0,0,False
16514244,LA Rams vs. NY Giants,Jaxson Dart,Jaxson Dart (NYG),Joueur total de yards par la course (Jaxson Dart (NYG)) (prolongations incluses),2140,72895,1735301403,NYG|dst:player:489891,4523597162,93+,93+,NYG|dst:player:489891,15.0,0,False
16514244,LA Rams vs. NY Giants,Jaxson Dart,Jaxson Dart (NYG),Joueur total de yards par la course (Jaxson Dart (NYG)) (prolongations incluses),2140,72895,1735301403,NYG|dst:player:489891,4523597163,103+,103+,NYG|dst:player:489891,26.0,0,False
16514244,LA Rams vs. NY Giants,Jaxson Dart,Jaxson Dart (NYG),Joueur total de yards par la course (Jaxson Dart (NYG)) (prolongations incluses),2140,72895,1735301403,NYG|dst:player:489891,4523597164,113+,113+,NYG|dst:player:489891,51.0,0,False
16514244,LA Rams vs. NY Giants,Jaxson Dart,Jaxson Dart (NYG),Joueur total de yards par la course (Jaxson Dart (NYG)) (prolongations incluses),2140,72895,1735301403,NYG|dst:player:489891,4523597165,23+,23+,NYG|dst:player:489891,1.4167,0,False
16514244,LA Rams vs. NY Giants,Jaxson Dart,Jaxson Dart (NYG),Joueur total de yards par la course (Jaxson Dart (NYG)) (prolongations incluses),2140,72895,1735301403,NYG|dst:player:489891,4523597166,13+,13+,NYG|dst:player:489891,1.1819,0,False
16514244,LA Rams vs. NY Giants,Kyren Williams,Kyren Williams (LAR),Joueur total de yards par la course (Kyren Williams (LAR)) (prolongations incluses),2140,72895,1735301406,LAR|dst:player:309275,4530362727,64+,64+,LAR|dst:player:309275,1.8696,0,False
16514244,LA Rams vs. NY Giants,Kyren Williams,Kyren Williams (LAR),Joueur total de yards par la course (Kyren Williams (LAR)) (prolongations incluses),2140,72895,1735301406,LAR|dst:player:309275,4530362728,74+,74+,LAR|dst:player:309275,2.3,0,False
16514244,LA Rams vs. NY Giants,Kyren Williams,Kyren Williams (LAR),Joueur total de yards par la course (Kyren Williams (LAR)) (prolongations incluses),2140,72895,1735301406,LAR|dst:player:309275,4530362729,84+,84+,LAR|dst:player:309275,2.85,0,False
16514244,LA Rams vs. NY Giants,Kyren Williams,Kyren Williams (LAR),Joueur total de yards par la course (Kyren Williams (LAR)) (prolongations incluses),2140,72895,1735301406,LAR|dst:player:309275,4530362730,94+,94+,LAR|dst:player:309275,3.75,0,False
16514244,LA Rams vs. NY Giants,Kyren Williams,Kyren Williams (LAR),Joueur total de yards par la course (Kyren Williams (LAR)) (prolongations incluses),2140,72895,1735301406,LAR|dst:player:309275,4530362731,104+,104+,LAR|dst:player:309275,5.0,0,False
16514244,LA Rams vs. NY Giants,Kyren Williams,Kyren Williams (LAR),Joueur total de yards par la course (Kyren Williams (LAR)) (prolongations incluses),2140,72895,1735301406,LAR|dst:player:309275,4530362732,114+,114+,LAR|dst:player:309275,7.0,0,False
16514244,LA Rams vs. NY Giants,Kyren Williams,Kyren Williams (LAR),Joueur total de yards par la course (Kyren Williams (LAR)) (prolongations incluses),2140,72895,1735301406,LAR|dst:player:309275,4530362733,124+,124+,LAR|dst:player:309275,11.0,0,False
16514244,LA Rams vs. NY Giants,Kyren Williams,Kyren Williams (LAR),Joueur total de yards par la course (Kyren Williams (LAR)) (prolongations incluses),2140,72895,1735301406,LAR|dst:player:309275,4530362734,134+,134+,LAR|dst:player:309275,16.0,0,False
16514244,LA Rams vs. NY Giants,Kyren Williams,Kyren Williams (LAR),Joueur total de yards par la course (Kyren Williams (LAR)) (prolongations incluses),2140,72895,1735301406,LAR|dst:player:309275,4530362735,144+,144+,LAR|dst:player:309275,26.0,0,False
16514244,LA Rams vs. NY Giants,Kyren Williams,Kyren Williams (LAR),Joueur total de yards par la course (Kyren Williams (LAR)) (prolongations incluses),2140,72895,1735301406,LAR|dst:player:309275,4530362736,54+,54+,LAR|dst:player:309275,1.4762,0,False
16514244,LA Rams vs. NY Giants,Kyren Williams,Kyren Williams (LAR),Joueur total de yards par la course (Kyren Williams (LAR)) (prolongations incluses),2140,72895,1735301406,LAR|dst:player:309275,4530362737,44+,44+,LAR|dst:player:309275,1.2353,0,False
16514244,LA Rams vs. NY Giants,Blake Corum,Blake Corum (LAR),Joueur total de yards par la course (Blake Corum (LAR)) (prolongations incluses),2140,72895,1735301404,LAR|dst:player:430261,4533400451,49+,49+,LAR|dst:player:430261,1.8334,0,False
16514244,LA Rams vs. NY Giants,Blake Corum,Blake Corum (LAR),Joueur total de yards par la course (Blake Corum (LAR)) (prolongations incluses),2140,72895,1735301404,LAR|dst:player:430261,4533400452,59+,59+,LAR|dst:player:430261,2.25,0,False
16514244,LA Rams vs. NY Giants,Blake Corum,Blake Corum (LAR),Joueur total de yards par la course (Blake Corum (LAR)) (prolongations incluses),2140,72895,1735301404,LAR|dst:player:430261,4533400453,69+,69+,LAR|dst:player:430261,2.8,0,False
16514244,LA Rams vs. NY Giants,Blake Corum,Blake Corum (LAR),Joueur total de yards par la course (Blake Corum (LAR)) (prolongations incluses),2140,72895,1735301404,LAR|dst:player:430261,4533400454,79+,79+,LAR|dst:player:430261,3.75,0,False
16514244,LA Rams vs. NY Giants,Blake Corum,Blake Corum (LAR),Joueur total de yards par la course (Blake Corum (LAR)) (prolongations incluses),2140,72895,1735301404,LAR|dst:player:430261,4533400455,89+,89+,LAR|dst:player:430261,5.0,0,False
16514244,LA Rams vs. NY Giants,Blake Corum,Blake Corum (LAR),Joueur total de yards par la course (Blake Corum (LAR)) (prolongations incluses),2140,72895,1735301404,LAR|dst:player:430261,4533400456,99+,99+,LAR|dst:player:430261,7.0,0,False
16514244,LA Rams vs. NY Giants,Blake Corum,Blake Corum (LAR),Joueur total de yards par la course (Blake Corum (LAR)) (prolongations incluses),2140,72895,1735301404,LAR|dst:player:430261,4533400457,109+,109+,LAR|dst:player:430261,10.0,0,False
16514244,LA Rams vs. NY Giants,Blake Corum,Blake Corum (LAR),Joueur total de yards par la course (Blake Corum (LAR)) (prolongations incluses),2140,72895,1735301404,LAR|dst:player:430261,4533400458,119+,119+,LAR|dst:player:430261,16.0,0,False
16514244,LA Rams vs. NY Giants,Blake Corum,Blake Corum (LAR),Joueur total de yards par la course (Blake Corum (LAR)) (prolongations incluses),2140,72895,1735301404,LAR|dst:player:430261,4533400459,129+,129+,LAR|dst:player:430261,26.0,0,False
16514244,LA Rams vs. NY Giants,Blake Corum,Blake Corum (LAR),Joueur total de yards par la course (Blake Corum (LAR)) (prolongations incluses),2140,72895,1735301404,LAR|dst:player:430261,4533400460,39+,39+,LAR|dst:player:430261,1.4546,0,False
16514244,LA Rams vs. NY Giants,Blake Corum,Blake Corum (LAR),Joueur total de yards par la course (Blake Corum (LAR)) (prolongations incluses),2140,72895,1735301404,LAR|dst:player:430261,4533400461,29+,29+,LAR|dst:player:430261,1.2353,0,False
16514244,LA Rams vs. NY Giants,Cameron Skattebo,Cameron Skattebo (NYG),Joueur total de yards par la course (Cameron Skattebo (NYG)) (prolongations incluses),2140,72895,1735301405,NYG|dst:player:492573,4509451808,111+,111+,NYG|dst:player:492573,10.0,0,False
16514244,LA Rams vs. NY Giants,Cameron Skattebo,Cameron Skattebo (NYG),Joueur total de yards par la course (Cameron Skattebo (NYG)) (prolongations incluses),2140,72895,1735301405,NYG|dst:player:492573,4509451809,121+,121+,NYG|dst:player:492573,16.0,0,False
16514244,LA Rams vs. NY Giants,Cameron Skattebo,Cameron Skattebo (NYG),Joueur total de yards par la course (Cameron Skattebo (NYG)) (prolongations incluses),2140,72895,1735301405,NYG|dst:player:492573,4509451810,131+,131+,NYG|dst:player:492573,26.0,0,False
16514244,LA Rams vs. NY Giants,Cameron Skattebo,Cameron Skattebo (NYG),Joueur total de yards par la course (Cameron Skattebo (NYG)) (prolongations incluses),2140,72895,1735301405,NYG|dst:player:492573,4509451811,41+,41+,NYG|dst:player:492573,1.4762,0,False
16514244,LA Rams vs. NY Giants,Cameron Skattebo,Cameron Skattebo (NYG),Joueur total de yards par la course (Cameron Skattebo (NYG)) (prolongations incluses),2140,72895,1735301405,NYG|dst:player:492573,4509451812,31+,31+,NYG|dst:player:492573,1.2353,0,False
16514244,LA Rams vs. NY Giants,Cameron Skattebo,Cameron Skattebo (NYG),Joueur total de yards par la course (Cameron Skattebo (NYG)) (prolongations incluses),2140,72895,1735301405,NYG|dst:player:492573,4509451802,51+,51+,NYG|dst:player:492573,1.8696,0,False
16514244,LA Rams vs. NY Giants,Cameron Skattebo,Cameron Skattebo (NYG),Joueur total de yards par la course (Cameron Skattebo (NYG)) (prolongations incluses),2140,72895,1735301405,NYG|dst:player:492573,4509451803,61+,61+,NYG|dst:player:492573,2.3,0,False
16514244,LA Rams vs. NY Giants,Cameron Skattebo,Cameron Skattebo (NYG),Joueur total de yards par la course (Cameron Skattebo (NYG)) (prolongations incluses),2140,72895,1735301405,NYG|dst:player:492573,4509451804,71+,71+,NYG|dst:player:492573,2.85,0,False
16514244,LA Rams vs. NY Giants,Cameron Skattebo,Cameron Skattebo (NYG),Joueur total de yards par la course (Cameron Skattebo (NYG)) (prolongations incluses),2140,72895,1735301405,NYG|dst:player:492573,4509451805,81+,81+,NYG|dst:player:492573,3.75,0,False
16514244,LA Rams vs. NY Giants,Cameron Skattebo,Cameron Skattebo (NYG),Joueur total de yards par la course (Cameron Skattebo (NYG)) (prolongations incluses),2140,72895,1735301405,NYG|dst:player:492573,4509451806,91+,91+,NYG|dst:player:492573,5.0,0,False
16514244,LA Rams vs. NY Giants,Cameron Skattebo,Cameron Skattebo (NYG),Joueur total de yards par la course (Cameron Skattebo (NYG)) (prolongations incluses),2140,72895,1735301405,NYG|dst:player:492573,4509451807,101+,101+,NYG|dst:player:492573,7.0,0,False
16514244,LA Rams vs. NY Giants,Matthew Stafford,Matthew Stafford (LAR),Passes réussis du joueur (Incl. Prolongations) (Matthew Stafford (LAR)),2137,72892,1737468329,LAR|dst:player:269130,4517131211,22+,22+,LAR|dst:player:269130,1.8334,0,False
16514244,LA Rams vs. NY Giants,Matthew Stafford,Matthew Stafford (LAR),Passes réussis du joueur (Incl. Prolongations) (Matthew Stafford (LAR)),2137,72892,1737468329,LAR|dst:player:269130,4517131212,24+,24+,LAR|dst:player:269130,2.4,0,False
16514244,LA Rams vs. NY Giants,Matthew Stafford,Matthew Stafford (LAR),Passes réussis du joueur (Incl. Prolongations) (Matthew Stafford (LAR)),2137,72892,1737468329,LAR|dst:player:269130,4517131213,26+,26+,LAR|dst:player:269130,3.3,0,False
16514244,LA Rams vs. NY Giants,Matthew Stafford,Matthew Stafford (LAR),Passes réussis du joueur (Incl. Prolongations) (Matthew Stafford (LAR)),2137,72892,1737468329,LAR|dst:player:269130,4517131214,28+,28+,LAR|dst:player:269130,4.75,0,False
16514244,LA Rams vs. NY Giants,Matthew Stafford,Matthew Stafford (LAR),Passes réussis du joueur (Incl. Prolongations) (Matthew Stafford (LAR)),2137,72892,1737468329,LAR|dst:player:269130,4517131215,30+,30+,LAR|dst:player:269130,7.5,0,False
16514244,LA Rams vs. NY Giants,Matthew Stafford,Matthew Stafford (LAR),Passes réussis du joueur (Incl. Prolongations) (Matthew Stafford (LAR)),2137,72892,1737468329,LAR|dst:player:269130,4517131216,32+,32+,LAR|dst:player:269130,12.0,0,False
16514244,LA Rams vs. NY Giants,Matthew Stafford,Matthew Stafford (LAR),Passes réussis du joueur (Incl. Prolongations) (Matthew Stafford (LAR)),2137,72892,1737468329,LAR|dst:player:269130,4517131217,34+,34+,LAR|dst:player:269130,21.0,0,False
16514244,LA Rams vs. NY Giants,Matthew Stafford,Matthew Stafford (LAR),Passes réussis du joueur (Incl. Prolongations) (Matthew Stafford (LAR)),2137,72892,1737468329,LAR|dst:player:269130,4517131218,20+,20+,LAR|dst:player:269130,1.4167,0,False
16514244,LA Rams vs. NY Giants,Jaxson Dart,Jaxson Dart (NYG),Passes réussis du joueur (Incl. Prolongations) (Jaxson Dart (NYG)),2137,72892,1735303531,NYG|dst:player:489891,4509458025,20+,20+,NYG|dst:player:489891,1.8334,0,False
16514244,LA Rams vs. NY Giants,Jaxson Dart,Jaxson Dart (NYG),Passes réussis du joueur (Incl. Prolongations) (Jaxson Dart (NYG)),2137,72892,1735303531,NYG|dst:player:489891,4509458026,22+,22+,NYG|dst:player:489891,2.4,0,False
16514244,LA Rams vs. NY Giants,Jaxson Dart,Jaxson Dart (NYG),Passes réussis du joueur (Incl. Prolongations) (Jaxson Dart (NYG)),2137,72892,1735303531,NYG|dst:player:489891,4509458027,24+,24+,NYG|dst:player:489891,3.3,0,False
16514244,LA Rams vs. NY Giants,Jaxson Dart,Jaxson Dart (NYG),Passes réussis du joueur (Incl. Prolongations) (Jaxson Dart (NYG)),2137,72892,1735303531,NYG|dst:player:489891,4509458028,26+,26+,NYG|dst:player:489891,4.75,0,False
16514244,LA Rams vs. NY Giants,Jaxson Dart,Jaxson Dart (NYG),Passes réussis du joueur (Incl. Prolongations) (Jaxson Dart (NYG)),2137,72892,1735303531,NYG|dst:player:489891,4509458029,28+,28+,NYG|dst:player:489891,7.5,0,False
16514244,LA Rams vs. NY Giants,Jaxson Dart,Jaxson Dart (NYG),Passes réussis du joueur (Incl. Prolongations) (Jaxson Dart (NYG)),2137,72892,1735303531,NYG|dst:player:489891,4509458158,18+,18+,NYG|dst:player:489891,1.4167,0,False
16514244,LA Rams vs. NY Giants,Jaxson Dart,Jaxson Dart (NYG),Passes réussis du joueur (Incl. Prolongations) (Jaxson Dart (NYG)),2137,72892,1735303531,NYG|dst:player:489891,4509458156,30+,30+,NYG|dst:player:489891,13.0,0,False
16514244,LA Rams vs. NY Giants,Jaxson Dart,Jaxson Dart (NYG),Passes réussis du joueur (Incl. Prolongations) (Jaxson Dart (NYG)),2137,72892,1735303531,NYG|dst:player:489891,4509458157,32+,32+,NYG|dst:player:489891,21.0,0,False
16514244,LA Rams vs. NY Giants,Matthew Stafford,Matthew Stafford (LAR),Total de yards à la passe du joueur Plus/Moins(Incl. Prolongations),759,71922,1732870056,247.5|sa:player:nfl-323205|LAR,4501227608,Matthew Stafford (LAR) moins de 247.5,Matthew Stafford (LAR) moins de 247.5,247.5,1.8,0,False
16514244,LA Rams vs. NY Giants,Matthew Stafford,Matthew Stafford (LAR),Total de yards à la passe du joueur Plus/Moins(Incl. Prolongations),759,71922,1732870056,247.5|sa:player:nfl-323205|LAR,4501227607,Matthew Stafford (LAR) Plus de 247.5,Matthew Stafford (LAR) Plus de 247.5,247.5,1.8334,0,False
16514244,LA Rams vs. NY Giants,Jaxson Dart,Jaxson Dart (NYG),Total de yards à la passe du joueur Plus/Moins(Incl. Prolongations),759,71922,1740877234,214.5|sa:player:nfl-1286260|NYG,4529111778,Jaxson Dart (NYG) Plus de 214.5,Jaxson Dart (NYG) Plus de 214.5,214.5,1.8,0,False
16514244,LA Rams vs. NY Giants,Jaxson Dart,Jaxson Dart (NYG),Total de yards à la passe du joueur Plus/Moins(Incl. Prolongations),759,71922,1740877234,214.5|sa:player:nfl-1286260|NYG,4529111779,Jaxson Dart (NYG) moins de 214.5,Jaxson Dart (NYG) moins de 214.5,214.5,1.8334,0,False
16514244,LA Rams vs. NY Giants,Kyren Williams,Kyren Williams (LAR),Total de yards à la course du joueur Plus/Moins (Incl. Prolongations),764,71924,1734178100,63.5|sa:player:nfl-1167361|LAR,4505424266,Kyren Williams (LAR) Plus de 63.5,Kyren Williams (LAR) Plus de 63.5,63.5,1.7693,0,False
16514244,LA Rams vs. NY Giants,Kyren Williams,Kyren Williams (LAR),Total de yards à la course du joueur Plus/Moins (Incl. Prolongations),764,71924,1734178100,63.5|sa:player:nfl-1167361|LAR,4505424267,Kyren Williams (LAR) moins de 63.5,Kyren Williams (LAR) moins de 63.5,63.5,1.8696,0,False
16514244,LA Rams vs. NY Giants,Cameron Skattebo,Cameron Skattebo (NYG),Total de yards à la course du joueur Plus/Moins (Incl. Prolongations),764,71924,1732534270,50.5|sa:player:nfl-1280316|NYG,4500408064,Cameron Skattebo (NYG) moins de 50.5,Cameron Skattebo (NYG) moins de 50.5,50.5,1.8696,0,False
16514244,LA Rams vs. NY Giants,Cameron Skattebo,Cameron Skattebo (NYG),Total de yards à la course du joueur Plus/Moins (Incl. Prolongations),764,71924,1732534270,50.5|sa:player:nfl-1280316|NYG,4500408063,Cameron Skattebo (NYG) Plus de 50.5,Cameron Skattebo (NYG) Plus de 50.5,50.5,1.7693,0,False
16514244,LA Rams vs. NY Giants,Blake Corum,Blake Corum (LAR),Total de yards à la course du joueur Plus/Moins (Incl. Prolongations),764,71924,1732861854,49.5|sa:player:nfl-1229540|LAR,4501208337,Blake Corum (LAR) Plus de 49.5,Blake Corum (LAR) Plus de 49.5,49.5,1.8334,0,False
16514244,LA Rams vs. NY Giants,Blake Corum,Blake Corum (LAR),Total de yards à la course du joueur Plus/Moins (Incl. Prolongations),764,71924,1732861854,49.5|sa:player:nfl-1229540|LAR,4501208338,Blake Corum (LAR) moins de 49.5,Blake Corum (LAR) moins de 49.5,49.5,1.8,0,False
16514244,LA Rams vs. NY Giants,Jaxson Dart,Jaxson Dart (NYG),Total de yards à la course du joueur Plus/Moins (Incl. Prolongations),764,71924,1734185972,31.5|sa:player:nfl-1286260|NYG,4505443886,Jaxson Dart (NYG) Plus de 31.5,Jaxson Dart (NYG) Plus de 31.5,31.5,1.8696,0,False
16514244,LA Rams vs. NY Giants,Jaxson Dart,Jaxson Dart (NYG),Total de yards à la course du joueur Plus/Moins (Incl. Prolongations),764,71924,1734185972,31.5|sa:player:nfl-1286260|NYG,4505443887,Jaxson Dart (NYG) moins de 31.5,Jaxson Dart (NYG) moins de 31.5,31.5,1.7693,0,False
16514244,LA Rams vs. NY Giants,Devin Singletary,Devin Singletary (NYG),Total de yards à la course du joueur Plus/Moins (Incl. Prolongations),764,71924,1734178236,16.5|sa:player:nfl-916466|NYG,4505424723,Devin Singletary (NYG) Plus de 16.5,Devin Singletary (NYG) Plus de 16.5,16.5,1.8696,0,False
16514244,LA Rams vs. NY Giants,Devin Singletary,Devin Singletary (NYG),Total de yards à la course du joueur Plus/Moins (Incl. Prolongations),764,71924,1734178236,16.5|sa:player:nfl-916466|NYG,4505424724,Devin Singletary (NYG) moins de 16.5,Devin Singletary (NYG) moins de 16.5,16.5,1.7693,0,False
16514244,LA Rams vs. NY Giants,Matthew Stafford,Matthew Stafford (LAR),Total de yards à la course du joueur Plus/Moins (Incl. Prolongations),764,71924,1731690296,0.5|sa:player:nfl-323205|LAR,4497680237,Matthew Stafford (LAR) Plus de 0.5,Matthew Stafford (LAR) Plus de 0.5,0.5,2.3,0,False
16514244,LA Rams vs. NY Giants,Matthew Stafford,Matthew Stafford (LAR),Total de yards à la course du joueur Plus/Moins (Incl. Prolongations),764,71924,1731690296,0.5|sa:player:nfl-323205|LAR,4497680238,Matthew Stafford (LAR) moins de 0.5,Matthew Stafford (LAR) moins de 0.5,0.5,1.5,0,False
16514244,LA Rams vs. NY Giants,Puka Nacua,Puka Nacua (LAR),Total des yards après réception du joueur Plus/Moins(Incl. Prolongations),765,71925,1741297068,77.5|sa:player:nfl-1162128|LAR,4530161742,Puka Nacua (LAR) Plus de 77.5,Puka Nacua (LAR) Plus de 77.5,77.5,1.8334,0,False
16514244,LA Rams vs. NY Giants,Puka Nacua,Puka Nacua (LAR),Total des yards après réception du joueur Plus/Moins(Incl. Prolongations),765,71925,1741297068,77.5|sa:player:nfl-1162128|LAR,4530161743,Puka Nacua (LAR) moins de 77.5,Puka Nacua (LAR) moins de 77.5,77.5,1.8,0,False
16514244,LA Rams vs. NY Giants,Malik Nabers,Malik Nabers (NYG),Total des yards après réception du joueur Plus/Moins(Incl. Prolongations),765,71925,1737217472,64.5|sa:player:nfl-1286059|NYG,4516485182,Malik Nabers (NYG) Plus de 64.5,Malik Nabers (NYG) Plus de 64.5,64.5,1.8334,0,False
16514244,LA Rams vs. NY Giants,Malik Nabers,Malik Nabers (NYG),Total des yards après réception du joueur Plus/Moins(Incl. Prolongations),765,71925,1737217472,64.5|sa:player:nfl-1286059|NYG,4516485183,Malik Nabers (NYG) moins de 64.5,Malik Nabers (NYG) moins de 64.5,64.5,1.8,0,False
16514244,LA Rams vs. NY Giants,Davante Adams,Davante Adams (LAR),Total des yards après réception du joueur Plus/Moins(Incl. Prolongations),765,71925,1742665659,61.5|sa:player:nfl-611417|LAR,4534025512,Davante Adams (LAR) Plus de 61.5,Davante Adams (LAR) Plus de 61.5,61.5,1.8334,0,False
16514244,LA Rams vs. NY Giants,Davante Adams,Davante Adams (LAR),Total des yards après réception du joueur Plus/Moins(Incl. Prolongations),765,71925,1742665659,61.5|sa:player:nfl-611417|LAR,4534025513,Davante Adams (LAR) moins de 61.5,Davante Adams (LAR) moins de 61.5,61.5,1.8,0,False
16514244,LA Rams vs. NY Giants,Isaiah Likely,Isaiah Likely (NYG),Total des yards après réception du joueur Plus/Moins(Incl. Prolongations),765,71925,1734175194,45.5|sa:player:nfl-1125111|NYG,4505417328,Isaiah Likely (NYG) Plus de 45.5,Isaiah Likely (NYG) Plus de 45.5,45.5,1.8696,0,False
16514244,LA Rams vs. NY Giants,Isaiah Likely,Isaiah Likely (NYG),Total des yards après réception du joueur Plus/Moins(Incl. Prolongations),765,71925,1734175194,45.5|sa:player:nfl-1125111|NYG,4505417329,Isaiah Likely (NYG) moins de 45.5,Isaiah Likely (NYG) moins de 45.5,45.5,1.7693,0,False
16514244,LA Rams vs. NY Giants,Colby Parkinson,Colby Parkinson (LAR),Total des yards après réception du joueur Plus/Moins(Incl. Prolongations),765,71925,1732864468,28.5|sa:player:nfl-1060312|LAR,4501214300,Colby Parkinson (LAR) Plus de 28.5,Colby Parkinson (LAR) Plus de 28.5,28.5,1.8334,0,False
16514244,LA Rams vs. NY Giants,Colby Parkinson,Colby Parkinson (LAR),Total des yards après réception du joueur Plus/Moins(Incl. Prolongations),765,71925,1732864468,28.5|sa:player:nfl-1060312|LAR,4501214301,Colby Parkinson (LAR) moins de 28.5,Colby Parkinson (LAR) moins de 28.5,28.5,1.8,0,False
16514244,LA Rams vs. NY Giants,Terrance Ferguson,Terrance Ferguson (LAR),Total des yards après réception du joueur Plus/Moins(Incl. Prolongations),765,71925,1742852303,27.5|sa:player:nfl-1286179|LAR,4534476429,Terrance Ferguson (LAR) Plus de 27.5,Terrance Ferguson (LAR) Plus de 27.5,27.5,1.8,0,False
16514244,LA Rams vs. NY Giants,Terrance Ferguson,Terrance Ferguson (LAR),Total des yards après réception du joueur Plus/Moins(Incl. Prolongations),765,71925,1742852303,27.5|sa:player:nfl-1286179|LAR,4534476430,Terrance Ferguson (LAR) moins de 27.5,Terrance Ferguson (LAR) moins de 27.5,27.5,1.8334,0,False
16514244,LA Rams vs. NY Giants,Malachi Fields,Malachi Fields (NYG),Total des yards après réception du joueur Plus/Moins(Incl. Prolongations),765,71925,1740875108,24.5|sa:player:nfl-1319589|NYG,4529106515,Malachi Fields (NYG) Plus de 24.5,Malachi Fields (NYG) Plus de 24.5,24.5,1.8334,0,False
16514244,LA Rams vs. NY Giants,Malachi Fields,Malachi Fields (NYG),Total des yards après réception du joueur Plus/Moins(Incl. Prolongations),765,71925,1740875108,24.5|sa:player:nfl-1319589|NYG,4529106516,Malachi Fields (NYG) moins de 24.5,Malachi Fields (NYG) moins de 24.5,24.5,1.8,0,False
16514244,LA Rams vs. NY Giants,Kyren Williams,Kyren Williams (LAR),Total des yards après réception du joueur Plus/Moins(Incl. Prolongations),765,71925,1732855310,14.5|sa:player:nfl-1167361|LAR,4501193360,Kyren Williams (LAR) moins de 14.5,Kyren Williams (LAR) moins de 14.5,14.5,1.7693,0,False
16514244,LA Rams vs. NY Giants,Kyren Williams,Kyren Williams (LAR),Total des yards après réception du joueur Plus/Moins(Incl. Prolongations),765,71925,1732855310,14.5|sa:player:nfl-1167361|LAR,4501193359,Kyren Williams (LAR) Plus de 14.5,Kyren Williams (LAR) Plus de 14.5,14.5,1.8696,0,False
16514244,LA Rams vs. NY Giants,Cameron Skattebo,Cameron Skattebo (NYG),Total des yards après réception du joueur Plus/Moins(Incl. Prolongations),765,71925,1732546515,11.5|sa:player:nfl-1280316|NYG,4500437448,Cameron Skattebo (NYG) Plus de 11.5,Cameron Skattebo (NYG) Plus de 11.5,11.5,1.8334,0,False
16514244,LA Rams vs. NY Giants,Cameron Skattebo,Cameron Skattebo (NYG),Total des yards après réception du joueur Plus/Moins(Incl. Prolongations),765,71925,1732546515,11.5|sa:player:nfl-1280316|NYG,4500437449,Cameron Skattebo (NYG) moins de 11.5,Cameron Skattebo (NYG) moins de 11.5,11.5,1.8,0,False
16514244,LA Rams vs. NY Giants,Darnell Mooney,Darnell Mooney (NYG),Total des yards après réception du joueur Plus/Moins(Incl. Prolongations),765,71925,1732553072,8.5|sa:player:nfl-912027|NYG,4500452781,Darnell Mooney (NYG) Plus de 8.5,Darnell Mooney (NYG) Plus de 8.5,8.5,1.7693,0,False
16514244,LA Rams vs. NY Giants,Darnell Mooney,Darnell Mooney (NYG),Total des yards après réception du joueur Plus/Moins(Incl. Prolongations),765,71925,1732553072,8.5|sa:player:nfl-912027|NYG,4500452782,Darnell Mooney (NYG) moins de 8.5,Darnell Mooney (NYG) moins de 8.5,8.5,1.8696,0,False
16514244,LA Rams vs. NY Giants,Devin Singletary,Devin Singletary (NYG),Total des yards après réception du joueur Plus/Moins(Incl. Prolongations),765,71925,1731725098,4.5|sa:player:nfl-916466|NYG,4497779824,Devin Singletary (NYG) moins de 4.5,Devin Singletary (NYG) moins de 4.5,4.5,1.8334,0,False
16514244,LA Rams vs. NY Giants,Devin Singletary,Devin Singletary (NYG),Total des yards après réception du joueur Plus/Moins(Incl. Prolongations),765,71925,1731725098,4.5|sa:player:nfl-916466|NYG,4497779823,Devin Singletary (NYG) Plus de 4.5,Devin Singletary (NYG) Plus de 4.5,4.5,1.8,0,False
16514244,LA Rams vs. NY Giants,Odell Beckham Jr.,Odell Beckham Jr. (NYG),Total des yards après réception du joueur Plus/Moins(Incl. Prolongations),765,71925,1732538505,4.5|sa:player:nfl-589984|NYG,4500418156,Odell Beckham Jr. (NYG) Plus de 4.5,Odell Beckham Jr. (NYG) Plus de 4.5,4.5,1.8696,0,False
16514244,LA Rams vs. NY Giants,Odell Beckham Jr.,Odell Beckham Jr. (NYG),Total des yards après réception du joueur Plus/Moins(Incl. Prolongations),765,71925,1732538505,4.5|sa:player:nfl-589984|NYG,4500418157,Odell Beckham Jr. (NYG) moins de 4.5,Odell Beckham Jr. (NYG) moins de 4.5,4.5,1.7693,0,False
16514244,LA Rams vs. NY Giants,Puka Nacua,Puka Nacua,Yards de course et de réception du joueur Plus/Moins (prolongations incluses),3317,73841,1732865808,83.5|sa:player:nfl-1162128|LAR,4501217592,Puka Nacua (LAR) moins de 83.5,Puka Nacua (LAR) moins de 83.5,83.5,1.8,0,False
16514244,LA Rams vs. NY Giants,Puka Nacua,Puka Nacua,Yards de course et de réception du joueur Plus/Moins (prolongations incluses),3317,73841,1732865808,83.5|sa:player:nfl-1162128|LAR,4501217591,Puka Nacua (LAR) Plus de 83.5,Puka Nacua (LAR) Plus de 83.5,83.5,1.8334,0,False
16514244,LA Rams vs. NY Giants,Kyren Williams,Kyren Williams,Yards de course et de réception du joueur Plus/Moins (prolongations incluses),3317,73841,1739632096,82.5|sa:player:nfl-1167361|LAR,4525374837,Kyren Williams (LAR) Plus de 82.5,Kyren Williams (LAR) Plus de 82.5,82.5,1.8334,0,False
16514244,LA Rams vs. NY Giants,Kyren Williams,Kyren Williams,Yards de course et de réception du joueur Plus/Moins (prolongations incluses),3317,73841,1739632096,82.5|sa:player:nfl-1167361|LAR,4525374838,Kyren Williams (LAR) moins de 82.5,Kyren Williams (LAR) moins de 82.5,82.5,1.8,0,False
16514244,LA Rams vs. NY Giants,Cameron Skattebo,Cameron Skattebo,Yards de course et de réception du joueur Plus/Moins (prolongations incluses),3317,73841,1732442394,66.5|sa:player:nfl-1280316|NYG,4500150545,Cameron Skattebo (NYG) Plus de 66.5,Cameron Skattebo (NYG) Plus de 66.5,66.5,1.8696,0,False
16514244,LA Rams vs. NY Giants,Cameron Skattebo,Cameron Skattebo,Yards de course et de réception du joueur Plus/Moins (prolongations incluses),3317,73841,1732442394,66.5|sa:player:nfl-1280316|NYG,4500150546,Cameron Skattebo (NYG) moins de 66.5,Cameron Skattebo (NYG) moins de 66.5,66.5,1.7693,0,False
16514244,LA Rams vs. NY Giants,Malik Nabers,Malik Nabers,Yards de course et de réception du joueur Plus/Moins (prolongations incluses),3317,73841,1737215386,64.5|sa:player:nfl-1286059|NYG,4516480347,Malik Nabers (NYG) Plus de 64.5,Malik Nabers (NYG) Plus de 64.5,64.5,1.8,0,False
16514244,LA Rams vs. NY Giants,Malik Nabers,Malik Nabers,Yards de course et de réception du joueur Plus/Moins (prolongations incluses),3317,73841,1737215386,64.5|sa:player:nfl-1286059|NYG,4516480348,Malik Nabers (NYG) moins de 64.5,Malik Nabers (NYG) moins de 64.5,64.5,1.8334,0,False
16514244,LA Rams vs. NY Giants,Davante Adams,Davante Adams,Yards de course et de réception du joueur Plus/Moins (prolongations incluses),3317,73841,1742665661,61.5|sa:player:nfl-611417|LAR,4534025516,Davante Adams (LAR) Plus de 61.5,Davante Adams (LAR) Plus de 61.5,61.5,1.8,0,False
16514244,LA Rams vs. NY Giants,Davante Adams,Davante Adams,Yards de course et de réception du joueur Plus/Moins (prolongations incluses),3317,73841,1742665661,61.5|sa:player:nfl-611417|LAR,4534025517,Davante Adams (LAR) moins de 61.5,Davante Adams (LAR) moins de 61.5,61.5,1.8334,0,False
16514244,LA Rams vs. NY Giants,Malachi Fields,Malachi Fields,Yards de course et de réception du joueur Plus/Moins (prolongations incluses),3317,73841,1740875109,24.5|sa:player:nfl-1319589|NYG,4529106517,Malachi Fields (NYG) Plus de 24.5,Malachi Fields (NYG) Plus de 24.5,24.5,1.8,0,False
16514244,LA Rams vs. NY Giants,Malachi Fields,Malachi Fields,Yards de course et de réception du joueur Plus/Moins (prolongations incluses),3317,73841,1740875109,24.5|sa:player:nfl-1319589|NYG,4529106518,Malachi Fields (NYG) moins de 24.5,Malachi Fields (NYG) moins de 24.5,24.5,1.8334,0,False
16514244,LA Rams vs. NY Giants,Devin Singletary,Devin Singletary,Yards de course et de réception du joueur Plus/Moins (prolongations incluses),3317,73841,1734186803,23.5|sa:player:nfl-916466|NYG,4505446081,Devin Singletary (NYG) Plus de 23.5,Devin Singletary (NYG) Plus de 23.5,23.5,1.7693,0,False
16514244,LA Rams vs. NY Giants,Devin Singletary,Devin Singletary,Yards de course et de réception du joueur Plus/Moins (prolongations incluses),3317,73841,1734186803,23.5|sa:player:nfl-916466|NYG,4505446082,Devin Singletary (NYG) moins de 23.5,Devin Singletary (NYG) moins de 23.5,23.5,1.8696,0,False
16514244,LA Rams vs. NY Giants,Darnell Mooney,Darnell Mooney,Yards de course et de réception du joueur Plus/Moins (prolongations incluses),3317,73841,1732546846,8.5|sa:player:nfl-912027|NYG,4500438259,Darnell Mooney (NYG) Plus de 8.5,Darnell Mooney (NYG) Plus de 8.5,8.5,1.7693,0,False
16514244,LA Rams vs. NY Giants,Darnell Mooney,Darnell Mooney,Yards de course et de réception du joueur Plus/Moins (prolongations incluses),3317,73841,1732546846,8.5|sa:player:nfl-912027|NYG,4500438260,Darnell Mooney (NYG) moins de 8.5,Darnell Mooney (NYG) moins de 8.5,8.5,1.8696,0,False
16514244,LA Rams vs. NY Giants,Odell Beckham Jr.,Odell Beckham Jr.,Yards de course et de réception du joueur Plus/Moins (prolongations incluses),3317,73841,1732538507,4.5|sa:player:nfl-589984|NYG,4500418160,Odell Beckham Jr. (NYG) Plus de 4.5,Odell Beckham Jr. (NYG) Plus de 4.5,4.5,1.8696,0,False
16514244,LA Rams vs. NY Giants,Odell Beckham Jr.,Odell Beckham Jr.,Yards de course et de réception du joueur Plus/Moins (prolongations incluses),3317,73841,1732538507,4.5|sa:player:nfl-589984|NYG,4500418161,Odell Beckham Jr. (NYG) moins de 4.5,Odell Beckham Jr. (NYG) moins de 4.5,4.5,1.7693,0,False
16514244,LA Rams vs. NY Giants,Jaxson Dart,Jaxson Dart (NYG),Fumbles du joueur Plus / Moins (incl. prolongation),25005,75650,1731691427,0.5|sa:player:nfl-1286260|NYG,4497682219,Jaxson Dart (NYG) Plus de 0.5,Jaxson Dart (NYG) Plus de 0.5,0.5,1.7143,0,False
16514244,LA Rams vs. NY Giants,Jaxson Dart,Jaxson Dart (NYG),Fumbles du joueur Plus / Moins (incl. prolongation),25005,75650,1731691427,0.5|sa:player:nfl-1286260|NYG,4497682220,Jaxson Dart (NYG) moins de 0.5,Jaxson Dart (NYG) moins de 0.5,0.5,1.9091,0,False
16514244,LA Rams vs. NY Giants,Matthew Stafford,Matthew Stafford (LAR),Fumbles du joueur Plus / Moins (incl. prolongation),25005,75650,1731690313,0.5|sa:player:nfl-323205|LAR,4497680268,Matthew Stafford (LAR) Plus de 0.5,Matthew Stafford (LAR) Plus de 0.5,0.5,3.6,0,False
16514244,LA Rams vs. NY Giants,Matthew Stafford,Matthew Stafford (LAR),Fumbles du joueur Plus / Moins (incl. prolongation),25005,75650,1731690313,0.5|sa:player:nfl-323205|LAR,4497680269,Matthew Stafford (LAR) moins de 0.5,Matthew Stafford (LAR) moins de 0.5,0.5,1.2,0,False
16514244,LA Rams vs. NY Giants,Kyren Williams,Kyren Williams (LAR),Fumbles du joueur Plus / Moins (incl. prolongation),25005,75650,1731691101,0.5|sa:player:nfl-1167361|LAR,4497681645,Kyren Williams (LAR) Plus de 0.5,Kyren Williams (LAR) Plus de 0.5,0.5,4.75,0,False
16514244,LA Rams vs. NY Giants,Kyren Williams,Kyren Williams (LAR),Fumbles du joueur Plus / Moins (incl. prolongation),25005,75650,1731691101,0.5|sa:player:nfl-1167361|LAR,4497681646,Kyren Williams (LAR) moins de 0.5,Kyren Williams (LAR) moins de 0.5,0.5,1.1112,0,False
16514244,LA Rams vs. NY Giants,Cameron Skattebo,Cameron Skattebo (NYG),Fumbles du joueur Plus / Moins (incl. prolongation),25005,75650,1731691318,0.5|sa:player:nfl-1280316|NYG,4497682028,Cameron Skattebo (NYG) Plus de 0.5,Cameron Skattebo (NYG) Plus de 0.5,0.5,5.25,0,False
16514244,LA Rams vs. NY Giants,Cameron Skattebo,Cameron Skattebo (NYG),Fumbles du joueur Plus / Moins (incl. prolongation),25005,75650,1731691318,0.5|sa:player:nfl-1280316|NYG,4497682029,Cameron Skattebo (NYG) moins de 0.5,Cameron Skattebo (NYG) moins de 0.5,0.5,1.0834,0,False
16514244,LA Rams vs. NY Giants,Blake Corum,Blake Corum (LAR),Fumbles du joueur Plus / Moins (incl. prolongation),25005,75650,1731691254,0.5|sa:player:nfl-1229540|LAR,4497681913,Blake Corum (LAR) Plus de 0.5,Blake Corum (LAR) Plus de 0.5,0.5,6.0,0,False
16514244,LA Rams vs. NY Giants,Blake Corum,Blake Corum (LAR),Fumbles du joueur Plus / Moins (incl. prolongation),25005,75650,1731691254,0.5|sa:player:nfl-1229540|LAR,4497681914,Blake Corum (LAR) moins de 0.5,Blake Corum (LAR) moins de 0.5,0.5,1.0625,0,False
16514244,LA Rams vs. NY Giants,Devin Singletary,Devin Singletary (NYG),Fumbles du joueur Plus / Moins (incl. prolongation),25005,75650,1731690638,0.5|sa:player:nfl-916466|NYG,4497680832,Devin Singletary (NYG) moins de 0.5,Devin Singletary (NYG) moins de 0.5,0.5,1.04,0,False
16514244,LA Rams vs. NY Giants,Devin Singletary,Devin Singletary (NYG),Fumbles du joueur Plus / Moins (incl. prolongation),25005,75650,1731690638,0.5|sa:player:nfl-916466|NYG,4497680831,Devin Singletary (NYG) Plus de 0.5,Devin Singletary (NYG) Plus de 0.5,0.5,6.75,0,False
16514244,LA Rams vs. NY Giants,Puka Nacua,Puka Nacua (LAR),Fumbles du joueur Plus / Moins (incl. prolongation),25005,75650,1731691030,0.5|sa:player:nfl-1162128|LAR,4497681522,Puka Nacua (LAR) Plus de 0.5,Puka Nacua (LAR) Plus de 0.5,0.5,6.75,0,False
16514244,LA Rams vs. NY Giants,Puka Nacua,Puka Nacua (LAR),Fumbles du joueur Plus / Moins (incl. prolongation),25005,75650,1731691030,0.5|sa:player:nfl-1162128|LAR,4497681523,Puka Nacua (LAR) moins de 0.5,Puka Nacua (LAR) moins de 0.5,0.5,1.04,0,False
16514244,LA Rams vs. NY Giants,Davante Adams,Davante Adams (LAR),Fumbles du joueur Plus / Moins (incl. prolongation),25005,75650,1731690437,0.5|sa:player:nfl-611417|LAR,4497680477,Davante Adams (LAR) Plus de 0.5,Davante Adams (LAR) Plus de 0.5,0.5,7.5,0,False
16514244,LA Rams vs. NY Giants,Davante Adams,Davante Adams (LAR),Fumbles du joueur Plus / Moins (incl. prolongation),25005,75650,1731690437,0.5|sa:player:nfl-611417|LAR,4497680478,Davante Adams (LAR) moins de 0.5,Davante Adams (LAR) moins de 0.5,0.5,1.02,0,False
16514244,LA Rams vs. NY Giants,Malik Nabers,Malik Nabers (NYG),Fumbles du joueur Plus / Moins (incl. prolongation),25005,75650,1731691348,0.5|sa:player:nfl-1286059|NYG,4497682080,Malik Nabers (NYG) moins de 0.5,Malik Nabers (NYG) moins de 0.5,0.5,1.02,0,False
16514244,LA Rams vs. NY Giants,Malik Nabers,Malik Nabers (NYG),Fumbles du joueur Plus / Moins (incl. prolongation),25005,75650,1731691348,0.5|sa:player:nfl-1286059|NYG,4497682079,Malik Nabers (NYG) Plus de 0.5,Malik Nabers (NYG) Plus de 0.5,0.5,7.5,0,False
16514244,LA Rams vs. NY Giants,Isaiah Likely,Isaiah Likely (NYG),Fumbles du joueur Plus / Moins (incl. prolongation),25005,75650,1731690903,0.5|sa:player:nfl-1125111|NYG,4497681304,Isaiah Likely (NYG) moins de 0.5,Isaiah Likely (NYG) moins de 0.5,0.5,1.02,0,False
16514244,LA Rams vs. NY Giants,Isaiah Likely,Isaiah Likely (NYG),Fumbles du joueur Plus / Moins (incl. prolongation),25005,75650,1731690903,0.5|sa:player:nfl-1125111|NYG,4497681303,Isaiah Likely (NYG) Plus de 0.5,Isaiah Likely (NYG) Plus de 0.5,0.5,7.75,0,False
16514244,LA Rams vs. NY Giants,Colby Parkinson,Colby Parkinson (LAR),Fumbles du joueur Plus / Moins (incl. prolongation),25005,75650,1731690777,0.5|sa:player:nfl-1060312|LAR,4497681077,Colby Parkinson (LAR) Plus de 0.5,Colby Parkinson (LAR) Plus de 0.5,0.5,8.5,0,False
16514244,LA Rams vs. NY Giants,Colby Parkinson,Colby Parkinson (LAR),Fumbles du joueur Plus / Moins (incl. prolongation),25005,75650,1731690777,0.5|sa:player:nfl-1060312|LAR,4497681078,Colby Parkinson (LAR) moins de 0.5,Colby Parkinson (LAR) moins de 0.5,0.5,1.01,0,False
16514244,LA Rams vs. NY Giants,Darnell Mooney,Darnell Mooney (NYG),Fumbles du joueur Plus / Moins (incl. prolongation),25005,75650,1731690600,0.5|sa:player:nfl-912027|NYG,4497680764,Darnell Mooney (NYG) Plus de 0.5,Darnell Mooney (NYG) Plus de 0.5,0.5,8.5,0,False
16514244,LA Rams vs. NY Giants,Darnell Mooney,Darnell Mooney (NYG),Fumbles du joueur Plus / Moins (incl. prolongation),25005,75650,1731690600,0.5|sa:player:nfl-912027|NYG,4497680765,Darnell Mooney (NYG) moins de 0.5,Darnell Mooney (NYG) moins de 0.5,0.5,0.0,7,False
16514244,LA Rams vs. NY Giants,Malachi Fields,Malachi Fields (NYG),Fumbles du joueur Plus / Moins (incl. prolongation),25005,75650,1731691184,0.5|sa:player:nfl-1319589|NYG,4497681788,Malachi Fields (NYG) Plus de 0.5,Malachi Fields (NYG) Plus de 0.5,0.5,8.5,0,False
16514244,LA Rams vs. NY Giants,Malachi Fields,Malachi Fields (NYG),Fumbles du joueur Plus / Moins (incl. prolongation),25005,75650,1731691184,0.5|sa:player:nfl-1319589|NYG,4497681789,Malachi Fields (NYG) moins de 0.5,Malachi Fields (NYG) moins de 0.5,0.5,1.01,0,False
16514244,LA Rams vs. NY Giants,Terrance Ferguson,Terrance Ferguson (LAR),Fumbles du joueur Plus / Moins (incl. prolongation),25005,75650,1731691375,0.5|sa:player:nfl-1286179|LAR,4497682124,Terrance Ferguson (LAR) Plus de 0.5,Terrance Ferguson (LAR) Plus de 0.5,0.5,8.5,0,False
16514244,LA Rams vs. NY Giants,Terrance Ferguson,Terrance Ferguson (LAR),Fumbles du joueur Plus / Moins (incl. prolongation),25005,75650,1731691375,0.5|sa:player:nfl-1286179|LAR,4497682125,Terrance Ferguson (LAR) moins de 0.5,Terrance Ferguson (LAR) moins de 0.5,0.5,0.0,7,False
16514244,LA Rams vs. NY Giants,Nate Landman,Nate Landman (LAR),Passes décisives P/M (prolongations incluses),770,75644,1731690798,3.5|sa:player:nfl-1061888|LAR,4497681112,Nate Landman (LAR) moins de 3.5,Nate Landman (LAR) moins de 3.5,3.5,1.5264,0,False
16514244,LA Rams vs. NY Giants,Nate Landman,Nate Landman (LAR),Passes décisives P/M (prolongations incluses),770,75644,1731690798,3.5|sa:player:nfl-1061888|LAR,4497681111,Nate Landman (LAR) Plus de 3.5,Nate Landman (LAR) Plus de 3.5,3.5,2.2,0,False
16514244,LA Rams vs. NY Giants,Arvell Reese,Arvell Reese (NYG),Passes décisives P/M (prolongations incluses),770,75644,1732442382,3.5|sa:player:nfl-1449329|NYG,4500150521,Arvell Reese (NYG) Plus de 3.5,Arvell Reese (NYG) Plus de 3.5,3.5,1.8334,0,False
16514244,LA Rams vs. NY Giants,Arvell Reese,Arvell Reese (NYG),Passes décisives P/M (prolongations incluses),770,75644,1732442382,3.5|sa:player:nfl-1449329|NYG,4500150522,Arvell Reese (NYG) moins de 3.5,Arvell Reese (NYG) moins de 3.5,3.5,1.7693,0,False
16514244,LA Rams vs. NY Giants,Tremaine Edmunds,Tremaine Edmunds (NYG),Passes décisives P/M (prolongations incluses),770,75644,1731690576,3.5|sa:player:nfl-883981|NYG,4497680720,Tremaine Edmunds (NYG) Plus de 3.5,Tremaine Edmunds (NYG) Plus de 3.5,3.5,1.6061,0,False
16514244,LA Rams vs. NY Giants,Tremaine Edmunds,Tremaine Edmunds (NYG),Passes décisives P/M (prolongations incluses),770,75644,1731690576,3.5|sa:player:nfl-883981|NYG,4497680721,Tremaine Edmunds (NYG) moins de 3.5,Tremaine Edmunds (NYG) moins de 3.5,3.5,2.05,0,False
16514244,LA Rams vs. NY Giants,Jevon Holland,Jevon Holland (NYG),Passes décisives P/M (prolongations incluses),770,75644,1731690924,2.5|sa:player:nfl-1129741|NYG,4497681337,Jevon Holland (NYG) Plus de 2.5,Jevon Holland (NYG) Plus de 2.5,2.5,2.0,0,False
16514244,LA Rams vs. NY Giants,Jevon Holland,Jevon Holland (NYG),Passes décisives P/M (prolongations incluses),770,75644,1731690924,2.5|sa:player:nfl-1129741|NYG,4497681338,Jevon Holland (NYG) moins de 2.5,Jevon Holland (NYG) moins de 2.5,2.5,1.6471,0,False
16514244,LA Rams vs. NY Giants,Kamren Curl,Kamren Curl (LAR),Passes décisives P/M (prolongations incluses),770,75644,1731690786,2.5|sa:player:nfl-1060721|LAR,4497681089,Kamren Curl (LAR) Plus de 2.5,Kamren Curl (LAR) Plus de 2.5,2.5,1.9524,0,False
16514244,LA Rams vs. NY Giants,Kamren Curl,Kamren Curl (LAR),Passes décisives P/M (prolongations incluses),770,75644,1731690786,2.5|sa:player:nfl-1060721|LAR,4497681090,Kamren Curl (LAR) moins de 2.5,Kamren Curl (LAR) moins de 2.5,2.5,1.6667,0,False
16514244,LA Rams vs. NY Giants,Quentin Lake,Quentin Lake (LAR),Passes décisives P/M (prolongations incluses),770,75644,1731690856,2.5|sa:player:nfl-1071269|LAR,4497681217,Quentin Lake (LAR) Plus de 2.5,Quentin Lake (LAR) Plus de 2.5,2.5,1.9091,0,False
16514244,LA Rams vs. NY Giants,Quentin Lake,Quentin Lake (LAR),Passes décisives P/M (prolongations incluses),770,75644,1731690856,2.5|sa:player:nfl-1071269|LAR,4497681218,Quentin Lake (LAR) moins de 2.5,Quentin Lake (LAR) moins de 2.5,2.5,1.7143,0,False
16514244,LA Rams vs. NY Giants,Omar Speights,Omar Speights (LAR),Passes décisives P/M (prolongations incluses),770,75644,1731690989,2.5|sa:player:nfl-1161680|LAR,4497681448,Omar Speights (LAR) moins de 2.5,Omar Speights (LAR) moins de 2.5,2.5,1.7693,0,False
16514244,LA Rams vs. NY Giants,Omar Speights,Omar Speights (LAR),Passes décisives P/M (prolongations incluses),770,75644,1731690989,2.5|sa:player:nfl-1161680|LAR,4497681447,Omar Speights (LAR) Plus de 2.5,Omar Speights (LAR) Plus de 2.5,2.5,1.8334,0,False
16514244,LA Rams vs. NY Giants,Tyler Nubin,Tyler Nubin (NYG),Passes décisives P/M (prolongations incluses),770,75644,1731691066,2.5|sa:player:nfl-1164740|NYG,4497681579,Tyler Nubin (NYG) Plus de 2.5,Tyler Nubin (NYG) Plus de 2.5,2.5,1.6667,0,False
16514244,LA Rams vs. NY Giants,Tyler Nubin,Tyler Nubin (NYG),Passes décisives P/M (prolongations incluses),770,75644,1731691066,2.5|sa:player:nfl-1164740|NYG,4497681580,Tyler Nubin (NYG) moins de 2.5,Tyler Nubin (NYG) moins de 2.5,2.5,1.9524,0,False
16514244,LA Rams vs. NY Giants,Shelby Harris,Shelby Harris (NYG),Passes décisives P/M (prolongations incluses),770,75644,1732077375,1.5|sa:player:nfl-500700|NYG,4499013976,Shelby Harris (NYG) Plus de 1.5,Shelby Harris (NYG) Plus de 1.5,1.5,2.55,0,False
16514244,LA Rams vs. NY Giants,Shelby Harris,Shelby Harris (NYG),Passes décisives P/M (prolongations incluses),770,75644,1732077375,1.5|sa:player:nfl-500700|NYG,4499013977,Shelby Harris (NYG) moins de 1.5,Shelby Harris (NYG) moins de 1.5,1.5,1.4,0,False
16514244,LA Rams vs. NY Giants,D.J. Reader,D.J. Reader (NYG),Passes décisives P/M (prolongations incluses),770,75644,1732442324,1.5|sa:player:nfl-653110|NYG,4500150405,D.J. Reader (NYG) Plus de 1.5,D.J. Reader (NYG) Plus de 1.5,1.5,2.55,0,False
16514244,LA Rams vs. NY Giants,D.J. Reader,D.J. Reader (NYG),Passes décisives P/M (prolongations incluses),770,75644,1732442324,1.5|sa:player:nfl-653110|NYG,4500150406,D.J. Reader (NYG) moins de 1.5,D.J. Reader (NYG) moins de 1.5,1.5,1.4,0,False
16514244,LA Rams vs. NY Giants,Greg Newsome,Greg Newsome (NYG),Passes décisives P/M (prolongations incluses),770,75644,1732077415,1.5|sa:player:nfl-1107286|NYG,4499014052,Greg Newsome (NYG) Plus de 1.5,Greg Newsome (NYG) Plus de 1.5,1.5,2.4,0,False
16514244,LA Rams vs. NY Giants,Greg Newsome,Greg Newsome (NYG),Passes décisives P/M (prolongations incluses),770,75644,1732077415,1.5|sa:player:nfl-1107286|NYG,4499014053,Greg Newsome (NYG) moins de 1.5,Greg Newsome (NYG) moins de 1.5,1.5,1.4445,0,False
16514244,LA Rams vs. NY Giants,Abdul Carter,Abdul Carter (NYG),Passes décisives P/M (prolongations incluses),770,75644,1731691202,1.5|sa:player:nfl-1393329|NYG,4497681817,Abdul Carter (NYG) Plus de 1.5,Abdul Carter (NYG) Plus de 1.5,1.5,2.35,0,False
16514244,LA Rams vs. NY Giants,Abdul Carter,Abdul Carter (NYG),Passes décisives P/M (prolongations incluses),770,75644,1731691202,1.5|sa:player:nfl-1393329|NYG,4497681818,Abdul Carter (NYG) moins de 1.5,Abdul Carter (NYG) moins de 1.5,1.5,1.4546,0,False
16514244,LA Rams vs. NY Giants,Brian Burns,Brian Burns (NYG),Passes décisives P/M (prolongations incluses),770,75644,1731690655,1.5|sa:player:nfl-936822|NYG,4497680858,Brian Burns (NYG) Plus de 1.5,Brian Burns (NYG) Plus de 1.5,1.5,2.1,0,False
16514244,LA Rams vs. NY Giants,Brian Burns,Brian Burns (NYG),Passes décisives P/M (prolongations incluses),770,75644,1731690655,1.5|sa:player:nfl-936822|NYG,4497680859,Brian Burns (NYG) moins de 1.5,Brian Burns (NYG) moins de 1.5,1.5,1.5715,0,False
16514244,LA Rams vs. NY Giants,Trent McDuffie,Trent McDuffie (LAR),Passes décisives P/M (prolongations incluses),770,75644,1731691006,1.5|sa:player:nfl-1162126|LAR,4497681478,Trent McDuffie (LAR) Plus de 1.5,Trent McDuffie (LAR) Plus de 1.5,1.5,1.7408,0,False
16514244,LA Rams vs. NY Giants,Trent McDuffie,Trent McDuffie (LAR),Passes décisives P/M (prolongations incluses),770,75644,1731691006,1.5|sa:player:nfl-1162126|LAR,4497681479,Trent McDuffie (LAR) moins de 1.5,Trent McDuffie (LAR) moins de 1.5,1.5,1.8696,0,False
16514244,LA Rams vs. NY Giants,Aaron Donald,Aaron Donald (LAR),Passes décisives P/M (prolongations incluses),770,75644,1734184492,0.5|sa:player:nfl-553982|LAR,4505440064,Aaron Donald (LAR) moins de 0.5,Aaron Donald (LAR) moins de 0.5,0.5,2.35,0,False
16514244,LA Rams vs. NY Giants,Aaron Donald,Aaron Donald (LAR),Passes décisives P/M (prolongations incluses),770,75644,1734184492,0.5|sa:player:nfl-553982|LAR,4505440063,Aaron Donald (LAR) Plus de 0.5,Aaron Donald (LAR) Plus de 0.5,0.5,1.4546,0,False
16514244,LA Rams vs. NY Giants,Tremaine Edmunds,Tremaine Edmunds (NYG),Joueur Total de Tackles (prolongations incluses),2010,72301,1732442329,4.5|sa:player:nfl-883981|NYG,4500150416,Tremaine Edmunds (NYG) moins de 4.5,Tremaine Edmunds (NYG) moins de 4.5,4.5,1.625,0,False
16514244,LA Rams vs. NY Giants,Tremaine Edmunds,Tremaine Edmunds (NYG),Joueur Total de Tackles (prolongations incluses),2010,72301,1732442329,4.5|sa:player:nfl-883981|NYG,4500150415,Tremaine Edmunds (NYG) Plus de 4.5,Tremaine Edmunds (NYG) Plus de 4.5,4.5,2.05,0,False
16514244,LA Rams vs. NY Giants,Arvell Reese,Arvell Reese (NYG),Joueur Total de Tackles (prolongations incluses),2010,72301,1732442381,3.5|sa:player:nfl-1449329|NYG,4500150520,Arvell Reese (NYG) moins de 3.5,Arvell Reese (NYG) moins de 3.5,3.5,2.15,0,False
16514244,LA Rams vs. NY Giants,Arvell Reese,Arvell Reese (NYG),Joueur Total de Tackles (prolongations incluses),2010,72301,1732442381,3.5|sa:player:nfl-1449329|NYG,4500150519,Arvell Reese (NYG) Plus de 3.5,Arvell Reese (NYG) Plus de 3.5,3.5,1.5715,0,False
16514244,LA Rams vs. NY Giants,Nate Landman,Nate Landman (LAR),Joueur Total de Tackles (prolongations incluses),2010,72301,1731690797,3.5|sa:player:nfl-1061888|LAR,4497681109,Nate Landman (LAR) Plus de 3.5,Nate Landman (LAR) Plus de 3.5,3.5,1.7408,0,False
16514244,LA Rams vs. NY Giants,Nate Landman,Nate Landman (LAR),Joueur Total de Tackles (prolongations incluses),2010,72301,1731690797,3.5|sa:player:nfl-1061888|LAR,4497681110,Nate Landman (LAR) moins de 3.5,Nate Landman (LAR) moins de 3.5,3.5,1.9091,0,False
16514244,LA Rams vs. NY Giants,Kamren Curl,Kamren Curl (LAR),Joueur Total de Tackles (prolongations incluses),2010,72301,1731690785,3.5|sa:player:nfl-1060721|LAR,4497681088,Kamren Curl (LAR) moins de 3.5,Kamren Curl (LAR) moins de 3.5,3.5,1.8696,0,False
16514244,LA Rams vs. NY Giants,Kamren Curl,Kamren Curl (LAR),Joueur Total de Tackles (prolongations incluses),2010,72301,1731690785,3.5|sa:player:nfl-1060721|LAR,4497681087,Kamren Curl (LAR) Plus de 3.5,Kamren Curl (LAR) Plus de 3.5,3.5,1.7693,0,False
16514244,LA Rams vs. NY Giants,Quentin Lake,Quentin Lake (LAR),Joueur Total de Tackles (prolongations incluses),2010,72301,1731690855,3.5|sa:player:nfl-1071269|LAR,4497681216,Quentin Lake (LAR) moins de 3.5,Quentin Lake (LAR) moins de 3.5,3.5,1.8696,0,False
16514244,LA Rams vs. NY Giants,Quentin Lake,Quentin Lake (LAR),Joueur Total de Tackles (prolongations incluses),2010,72301,1731690855,3.5|sa:player:nfl-1071269|LAR,4497681215,Quentin Lake (LAR) Plus de 3.5,Quentin Lake (LAR) Plus de 3.5,3.5,1.7693,0,False
16514244,LA Rams vs. NY Giants,Tyler Nubin,Tyler Nubin (NYG),Joueur Total de Tackles (prolongations incluses),2010,72301,1731691065,3.5|sa:player:nfl-1164740|NYG,4497681577,Tyler Nubin (NYG) Plus de 3.5,Tyler Nubin (NYG) Plus de 3.5,3.5,1.7693,0,False
16514244,LA Rams vs. NY Giants,Tyler Nubin,Tyler Nubin (NYG),Joueur Total de Tackles (prolongations incluses),2010,72301,1731691065,3.5|sa:player:nfl-1164740|NYG,4497681578,Tyler Nubin (NYG) moins de 3.5,Tyler Nubin (NYG) moins de 3.5,3.5,1.8696,0,False
16514244,LA Rams vs. NY Giants,Jevon Holland,Jevon Holland (NYG),Joueur Total de Tackles (prolongations incluses),2010,72301,1732844928,3.5|sa:player:nfl-1129741|NYG,4501147986,Jevon Holland (NYG) Plus de 3.5,Jevon Holland (NYG) Plus de 3.5,3.5,2.1,0,False
16514244,LA Rams vs. NY Giants,Jevon Holland,Jevon Holland (NYG),Joueur Total de Tackles (prolongations incluses),2010,72301,1732844928,3.5|sa:player:nfl-1129741|NYG,4501147987,Jevon Holland (NYG) moins de 3.5,Jevon Holland (NYG) moins de 3.5,3.5,1.6061,0,False
16514244,LA Rams vs. NY Giants,Trent McDuffie,Trent McDuffie (LAR),Joueur Total de Tackles (prolongations incluses),2010,72301,1731691005,2.5|sa:player:nfl-1162126|LAR,4497681476,Trent McDuffie (LAR) Plus de 2.5,Trent McDuffie (LAR) Plus de 2.5,2.5,1.5264,0,False
16514244,LA Rams vs. NY Giants,Trent McDuffie,Trent McDuffie (LAR),Joueur Total de Tackles (prolongations incluses),2010,72301,1731691005,2.5|sa:player:nfl-1162126|LAR,4497681477,Trent McDuffie (LAR) moins de 2.5,Trent McDuffie (LAR) moins de 2.5,2.5,2.25,0,False
16514244,LA Rams vs. NY Giants,Omar Speights,Omar Speights (LAR),Joueur Total de Tackles (prolongations incluses),2010,72301,1731690988,2.5|sa:player:nfl-1161680|LAR,4497681445,Omar Speights (LAR) Plus de 2.5,Omar Speights (LAR) Plus de 2.5,2.5,1.6061,0,False
16514244,LA Rams vs. NY Giants,Omar Speights,Omar Speights (LAR),Joueur Total de Tackles (prolongations incluses),2010,72301,1731690988,2.5|sa:player:nfl-1161680|LAR,4497681446,Omar Speights (LAR) moins de 2.5,Omar Speights (LAR) moins de 2.5,2.5,2.1,0,False
16514244,LA Rams vs. NY Giants,Greg Newsome,Greg Newsome (NYG),Joueur Total de Tackles (prolongations incluses),2010,72301,1732077414,2.5|sa:player:nfl-1107286|NYG,4499014050,Greg Newsome (NYG) Plus de 2.5,Greg Newsome (NYG) Plus de 2.5,2.5,1.9524,0,False
16514244,LA Rams vs. NY Giants,Greg Newsome,Greg Newsome (NYG),Joueur Total de Tackles (prolongations incluses),2010,72301,1732077414,2.5|sa:player:nfl-1107286|NYG,4499014051,Greg Newsome (NYG) moins de 2.5,Greg Newsome (NYG) moins de 2.5,2.5,1.6897,0,False
16514244,LA Rams vs. NY Giants,Brian Burns,Brian Burns (NYG),Joueur Total de Tackles (prolongations incluses),2010,72301,1731690654,1.5|sa:player:nfl-936822|NYG,4497680856,Brian Burns (NYG) Plus de 1.5,Brian Burns (NYG) Plus de 1.5,1.5,2.55,0,False
16514244,LA Rams vs. NY Giants,Brian Burns,Brian Burns (NYG),Joueur Total de Tackles (prolongations incluses),2010,72301,1731690654,1.5|sa:player:nfl-936822|NYG,4497680857,Brian Burns (NYG) moins de 1.5,Brian Burns (NYG) moins de 1.5,1.5,1.4167,0,False
16514244,LA Rams vs. NY Giants,Aaron Donald,Aaron Donald (LAR),Joueur Total de Tackles (prolongations incluses),2010,72301,1731690326,1.5|sa:player:nfl-553982|LAR,4497680288,Aaron Donald (LAR) moins de 1.5,Aaron Donald (LAR) moins de 1.5,1.5,1.3847,0,False
16514244,LA Rams vs. NY Giants,Aaron Donald,Aaron Donald (LAR),Joueur Total de Tackles (prolongations incluses),2010,72301,1731690326,1.5|sa:player:nfl-553982|LAR,4497680287,Aaron Donald (LAR) Plus de 1.5,Aaron Donald (LAR) Plus de 1.5,1.5,2.65,0,False
16514244,LA Rams vs. NY Giants,Abdul Carter,Abdul Carter (NYG),Joueur Total de Tackles (prolongations incluses),2010,72301,1732884631,0.5|sa:player:nfl-1393329|NYG,4501262240,Abdul Carter (NYG) Plus de 0.5,Abdul Carter (NYG) Plus de 0.5,0.5,1.4,0,False
16514244,LA Rams vs. NY Giants,Abdul Carter,Abdul Carter (NYG),Joueur Total de Tackles (prolongations incluses),2010,72301,1732884631,0.5|sa:player:nfl-1393329|NYG,4501262241,Abdul Carter (NYG) moins de 0.5,Abdul Carter (NYG) moins de 0.5,0.5,2.6,0,False
16514244,LA Rams vs. NY Giants,D.J. Reader,D.J. Reader (NYG),Joueur Total de Tackles (prolongations incluses),2010,72301,1731690445,0.5|sa:player:nfl-653110|NYG,4497680488,D.J. Reader (NYG) moins de 0.5,D.J. Reader (NYG) moins de 0.5,0.5,2.05,0,False
16514244,LA Rams vs. NY Giants,D.J. Reader,D.J. Reader (NYG),Joueur Total de Tackles (prolongations incluses),2010,72301,1731690445,0.5|sa:player:nfl-653110|NYG,4497680487,D.J. Reader (NYG) Plus de 0.5,D.J. Reader (NYG) Plus de 0.5,0.5,1.625,0,False
16514244,LA Rams vs. NY Giants,Shelby Harris,Shelby Harris (NYG),Joueur Total de Tackles (prolongations incluses),2010,72301,1731690321,0.5|sa:player:nfl-500700|NYG,4497680278,Shelby Harris (NYG) Plus de 0.5,Shelby Harris (NYG) Plus de 0.5,0.5,1.6667,0,False
16514244,LA Rams vs. NY Giants,Shelby Harris,Shelby Harris (NYG),Joueur Total de Tackles (prolongations incluses),2010,72301,1731690321,0.5|sa:player:nfl-500700|NYG,4497680279,Shelby Harris (NYG) moins de 0.5,Shelby Harris (NYG) moins de 0.5,0.5,2.0,0,False
16514244,LA Rams vs. NY Giants,Aaron Donald,Aaron Donald (LAR),Sacks du joueur Plus/Moins (Incl. Prolongations),2254,73704,1741295154,0.5|LAR|dst:player:124742,4530157417,Aaron Donald (LAR) Plus de 0.5,Aaron Donald (LAR) Plus de 0.5,0.5,2.8,0,False
16514244,LA Rams vs. NY Giants,Aaron Donald,Aaron Donald (LAR),Sacks du joueur Plus/Moins (Incl. Prolongations),2254,73704,1741295154,0.5|LAR|dst:player:124742,4530157418,Aaron Donald (LAR) moins de 0.5,Aaron Donald (LAR) moins de 0.5,0.5,1.3449,0,False
16514244,LA Rams vs. NY Giants,Kyren Williams,Kyren Williams (LAR),Joueur tentative de gain par la course (prolongations incluses),2012,72303,1732855313,13.5|sa:player:nfl-1167361|LAR,4501193365,Kyren Williams (LAR) Plus de 13.5,Kyren Williams (LAR) Plus de 13.5,13.5,1.9524,0,False
16514244,LA Rams vs. NY Giants,Kyren Williams,Kyren Williams (LAR),Joueur tentative de gain par la course (prolongations incluses),2012,72303,1732855313,13.5|sa:player:nfl-1167361|LAR,4501193366,Kyren Williams (LAR) moins de 13.5,Kyren Williams (LAR) moins de 13.5,13.5,1.6897,0,False
16514244,LA Rams vs. NY Giants,Cameron Skattebo,Cameron Skattebo (NYG),Joueur tentative de gain par la course (prolongations incluses),2012,72303,1732536802,12.5|sa:player:nfl-1280316|NYG,4500413942,Cameron Skattebo (NYG) Plus de 12.5,Cameron Skattebo (NYG) Plus de 12.5,12.5,1.8696,0,False
16514244,LA Rams vs. NY Giants,Cameron Skattebo,Cameron Skattebo (NYG),Joueur tentative de gain par la course (prolongations incluses),2012,72303,1732536802,12.5|sa:player:nfl-1280316|NYG,4500413943,Cameron Skattebo (NYG) moins de 12.5,Cameron Skattebo (NYG) moins de 12.5,12.5,1.7693,0,False
16514244,LA Rams vs. NY Giants,Blake Corum,Blake Corum (LAR),Joueur tentative de gain par la course (prolongations incluses),2012,72303,1732855324,10.5|sa:player:nfl-1229540|LAR,4501193387,Blake Corum (LAR) Plus de 10.5,Blake Corum (LAR) Plus de 10.5,10.5,1.6667,0,False
16514244,LA Rams vs. NY Giants,Blake Corum,Blake Corum (LAR),Joueur tentative de gain par la course (prolongations incluses),2012,72303,1732855324,10.5|sa:player:nfl-1229540|LAR,4501193388,Blake Corum (LAR) moins de 10.5,Blake Corum (LAR) moins de 10.5,10.5,2.0,0,False
16514244,LA Rams vs. NY Giants,Jaxson Dart,Jaxson Dart (NYG),Joueur tentative de gain par la course (prolongations incluses),2012,72303,1732442411,6.5|sa:player:nfl-1286260|NYG,4500150579,Jaxson Dart (NYG) Plus de 6.5,Jaxson Dart (NYG) Plus de 6.5,6.5,2.05,0,False
16514244,LA Rams vs. NY Giants,Jaxson Dart,Jaxson Dart (NYG),Joueur tentative de gain par la course (prolongations incluses),2012,72303,1732442411,6.5|sa:player:nfl-1286260|NYG,4500150580,Jaxson Dart (NYG) moins de 6.5,Jaxson Dart (NYG) moins de 6.5,6.5,1.625,0,False
16514244,LA Rams vs. NY Giants,Devin Singletary,Devin Singletary (NYG),Joueur tentative de gain par la course (prolongations incluses),2012,72303,1731723048,4.5|sa:player:nfl-916466|NYG,4497774642,Devin Singletary (NYG) Plus de 4.5,Devin Singletary (NYG) Plus de 4.5,4.5,1.8696,0,False
16514244,LA Rams vs. NY Giants,Devin Singletary,Devin Singletary (NYG),Joueur tentative de gain par la course (prolongations incluses),2012,72303,1731723048,4.5|sa:player:nfl-916466|NYG,4497774643,Devin Singletary (NYG) moins de 4.5,Devin Singletary (NYG) moins de 4.5,4.5,1.7693,0,False
16514244,LA Rams vs. NY Giants,Matthew Stafford,Matthew Stafford (LAR),Joueur tentative de gain par la course (prolongations incluses),2012,72303,1731690298,1.5|sa:player:nfl-323205|LAR,4497680241,Matthew Stafford (LAR) Plus de 1.5,Matthew Stafford (LAR) Plus de 1.5,1.5,2.0,0,False
16514244,LA Rams vs. NY Giants,Matthew Stafford,Matthew Stafford (LAR),Joueur tentative de gain par la course (prolongations incluses),2012,72303,1731690298,1.5|sa:player:nfl-323205|LAR,4497680242,Matthew Stafford (LAR) moins de 1.5,Matthew Stafford (LAR) moins de 1.5,1.5,1.6667,0,False
16514244,LA Rams vs. NY Giants,Puka Nacua,Puka Nacua (LAR),Total de réceptions Plus/Moins(Incl. Prolongations),767,71926,1731723118,6.5|sa:player:nfl-1162128|LAR,4497774773,Puka Nacua (LAR) Plus de 6.5,Puka Nacua (LAR) Plus de 6.5,6.5,1.6897,0,False
16514244,LA Rams vs. NY Giants,Puka Nacua,Puka Nacua (LAR),Total de réceptions Plus/Moins(Incl. Prolongations),767,71926,1731723118,6.5|sa:player:nfl-1162128|LAR,4497774774,Puka Nacua (LAR) moins de 6.5,Puka Nacua (LAR) moins de 6.5,6.5,1.9524,0,False
16514244,LA Rams vs. NY Giants,Malik Nabers,Malik Nabers (NYG),Total de réceptions Plus/Moins(Incl. Prolongations),767,71926,1732623070,5.5|sa:player:nfl-1286059|NYG,4500619598,Malik Nabers (NYG) Plus de 5.5,Malik Nabers (NYG) Plus de 5.5,5.5,1.7693,0,False
16514244,LA Rams vs. NY Giants,Malik Nabers,Malik Nabers (NYG),Total de réceptions Plus/Moins(Incl. Prolongations),767,71926,1732623070,5.5|sa:player:nfl-1286059|NYG,4500619599,Malik Nabers (NYG) moins de 5.5,Malik Nabers (NYG) moins de 5.5,5.5,1.8696,0,False
16514244,LA Rams vs. NY Giants,Davante Adams,Davante Adams (LAR),Total de réceptions Plus/Moins(Incl. Prolongations),767,71926,1741297051,5.5|sa:player:nfl-611417|LAR,4530161708,Davante Adams (LAR) Plus de 5.5,Davante Adams (LAR) Plus de 5.5,5.5,2.05,0,False
16514244,LA Rams vs. NY Giants,Davante Adams,Davante Adams (LAR),Total de réceptions Plus/Moins(Incl. Prolongations),767,71926,1741297051,5.5|sa:player:nfl-611417|LAR,4530161709,Davante Adams (LAR) moins de 5.5,Davante Adams (LAR) moins de 5.5,5.5,1.625,0,False
16514244,LA Rams vs. NY Giants,Isaiah Likely,Isaiah Likely (NYG),Total de réceptions Plus/Moins(Incl. Prolongations),767,71926,1732546505,4.5|sa:player:nfl-1125111|NYG,4500437428,Isaiah Likely (NYG) Plus de 4.5,Isaiah Likely (NYG) Plus de 4.5,4.5,1.7693,0,False
16514244,LA Rams vs. NY Giants,Isaiah Likely,Isaiah Likely (NYG),Total de réceptions Plus/Moins(Incl. Prolongations),767,71926,1732546505,4.5|sa:player:nfl-1125111|NYG,4500437429,Isaiah Likely (NYG) moins de 4.5,Isaiah Likely (NYG) moins de 4.5,4.5,1.8696,0,False
16514244,LA Rams vs. NY Giants,Colby Parkinson,Colby Parkinson (LAR),Total de réceptions Plus/Moins(Incl. Prolongations),767,71926,1739713050,3.5|sa:player:nfl-1060312|LAR,4525609797,Colby Parkinson (LAR) Plus de 3.5,Colby Parkinson (LAR) Plus de 3.5,3.5,2.25,0,False
16514244,LA Rams vs. NY Giants,Colby Parkinson,Colby Parkinson (LAR),Total de réceptions Plus/Moins(Incl. Prolongations),767,71926,1739713050,3.5|sa:player:nfl-1060312|LAR,4525609798,Colby Parkinson (LAR) moins de 3.5,Colby Parkinson (LAR) moins de 3.5,3.5,1.5264,0,False
16514244,LA Rams vs. NY Giants,Kyren Williams,Kyren Williams (LAR),Total de réceptions Plus/Moins(Incl. Prolongations),767,71926,1731691073,2.5|sa:player:nfl-1167361|LAR,4497681592,Kyren Williams (LAR) Plus de 2.5,Kyren Williams (LAR) Plus de 2.5,2.5,1.9524,0,False
16514244,LA Rams vs. NY Giants,Kyren Williams,Kyren Williams (LAR),Total de réceptions Plus/Moins(Incl. Prolongations),767,71926,1731691073,2.5|sa:player:nfl-1167361|LAR,4497681593,Kyren Williams (LAR) moins de 2.5,Kyren Williams (LAR) moins de 2.5,2.5,1.6897,0,False
16514244,LA Rams vs. NY Giants,Terrance Ferguson,Terrance Ferguson (LAR),Total de réceptions Plus/Moins(Incl. Prolongations),767,71926,1741297079,2.5|sa:player:nfl-1286179|LAR,4530161764,Terrance Ferguson (LAR) Plus de 2.5,Terrance Ferguson (LAR) Plus de 2.5,2.5,1.9524,0,False
16514244,LA Rams vs. NY Giants,Terrance Ferguson,Terrance Ferguson (LAR),Total de réceptions Plus/Moins(Incl. Prolongations),767,71926,1741297079,2.5|sa:player:nfl-1286179|LAR,4530161765,Terrance Ferguson (LAR) moins de 2.5,Terrance Ferguson (LAR) moins de 2.5,2.5,1.6897,0,False
16514244,LA Rams vs. NY Giants,Malachi Fields,Malachi Fields (NYG),Total de réceptions Plus/Moins(Incl. Prolongations),767,71926,1732442420,2.5|sa:player:nfl-1319589|NYG,4500150597,Malachi Fields (NYG) Plus de 2.5,Malachi Fields (NYG) Plus de 2.5,2.5,2.25,0,False
16514244,LA Rams vs. NY Giants,Malachi Fields,Malachi Fields (NYG),Total de réceptions Plus/Moins(Incl. Prolongations),767,71926,1732442420,2.5|sa:player:nfl-1319589|NYG,4500150598,Malachi Fields (NYG) moins de 2.5,Malachi Fields (NYG) moins de 2.5,2.5,1.5264,0,False
16514244,LA Rams vs. NY Giants,Cameron Skattebo,Cameron Skattebo (NYG),Total de réceptions Plus/Moins(Incl. Prolongations),767,71926,1732546516,1.5|sa:player:nfl-1280316|NYG,4500437450,Cameron Skattebo (NYG) Plus de 1.5,Cameron Skattebo (NYG) Plus de 1.5,1.5,1.5264,0,False
16514244,LA Rams vs. NY Giants,Cameron Skattebo,Cameron Skattebo (NYG),Total de réceptions Plus/Moins(Incl. Prolongations),767,71926,1732546516,1.5|sa:player:nfl-1280316|NYG,4500437451,Cameron Skattebo (NYG) moins de 1.5,Cameron Skattebo (NYG) moins de 1.5,1.5,2.25,0,False
16514244,LA Rams vs. NY Giants,Devin Singletary,Devin Singletary (NYG),Total de réceptions Plus/Moins(Incl. Prolongations),767,71926,1731690610,0.5|sa:player:nfl-916466|NYG,4497680778,Devin Singletary (NYG) Plus de 0.5,Devin Singletary (NYG) Plus de 0.5,0.5,1.3847,0,False
16514244,LA Rams vs. NY Giants,Devin Singletary,Devin Singletary (NYG),Total de réceptions Plus/Moins(Incl. Prolongations),767,71926,1731690610,0.5|sa:player:nfl-916466|NYG,4497680779,Devin Singletary (NYG) moins de 0.5,Devin Singletary (NYG) moins de 0.5,0.5,2.65,0,False
16514244,LA Rams vs. NY Giants,Darnell Mooney,Darnell Mooney (NYG),Total de réceptions Plus/Moins(Incl. Prolongations),767,71926,1732545575,0.5|sa:player:nfl-912027|NYG,4500435296,Darnell Mooney (NYG) Plus de 0.5,Darnell Mooney (NYG) Plus de 0.5,0.5,1.4348,0,False
16514244,LA Rams vs. NY Giants,Darnell Mooney,Darnell Mooney (NYG),Total de réceptions Plus/Moins(Incl. Prolongations),767,71926,1732545575,0.5|sa:player:nfl-912027|NYG,4500435297,Darnell Mooney (NYG) moins de 0.5,Darnell Mooney (NYG) moins de 0.5,0.5,2.5,0,False
16514244,LA Rams vs. NY Giants,Odell Beckham Jr.,Odell Beckham Jr. (NYG),Total de réceptions Plus/Moins(Incl. Prolongations),767,71926,1731690360,0.5|sa:player:nfl-589984|NYG,4497680345,Odell Beckham Jr. (NYG) Plus de 0.5,Odell Beckham Jr. (NYG) Plus de 0.5,0.5,1.6667,0,False
16514244,LA Rams vs. NY Giants,Odell Beckham Jr.,Odell Beckham Jr. (NYG),Total de réceptions Plus/Moins(Incl. Prolongations),767,71926,1731690360,0.5|sa:player:nfl-589984|NYG,4497680346,Odell Beckham Jr. (NYG) moins de 0.5,Odell Beckham Jr. (NYG) moins de 0.5,0.5,2.0,0,False
16514244,LA Rams vs. NY Giants,Jaxson Dart,Jaxson Dart (NYG),Passes du joueur interceptées Plus/Moins (Incl. Prolongations),2253,73703,1735303532,0.5|NYG|dst:player:489891,4509458030,Jaxson Dart (NYG) Plus de 0.5,Jaxson Dart (NYG) Plus de 0.5,0.5,1.8696,0,False
16514244,LA Rams vs. NY Giants,Jaxson Dart,Jaxson Dart (NYG),Passes du joueur interceptées Plus/Moins (Incl. Prolongations),2253,73703,1735303532,0.5|NYG|dst:player:489891,4509458031,Jaxson Dart (NYG) moins de 0.5,Jaxson Dart (NYG) moins de 0.5,0.5,1.7693,0,False
16514244,LA Rams vs. NY Giants,Matthew Stafford,Matthew Stafford (LAR),Passes du joueur interceptées Plus/Moins (Incl. Prolongations),2253,73703,1735303533,0.5|LAR|dst:player:269130,4509458032,Matthew Stafford (LAR) Plus de 0.5,Matthew Stafford (LAR) Plus de 0.5,0.5,1.9524,0,False
16514244,LA Rams vs. NY Giants,Matthew Stafford,Matthew Stafford (LAR),Passes du joueur interceptées Plus/Moins (Incl. Prolongations),2253,73703,1735303533,0.5|LAR|dst:player:269130,4509458033,Matthew Stafford (LAR) moins de 0.5,Matthew Stafford (LAR) moins de 0.5,0.5,1.6897,0,False
16514244,LA Rams vs. NY Giants,Matthew Stafford,Matthew Stafford (LAR),"Passes complétées, Joueur (prolongations incluses) ",760,71921,1737206107,22.5|sa:player:nfl-323205|LAR,4516457928,Matthew Stafford (LAR) moins de 22.5,Matthew Stafford (LAR) moins de 22.5,22.5,1.7408,0,False
16514244,LA Rams vs. NY Giants,Matthew Stafford,Matthew Stafford (LAR),"Passes complétées, Joueur (prolongations incluses) ",760,71921,1737206107,22.5|sa:player:nfl-323205|LAR,4516457927,Matthew Stafford (LAR) Plus de 22.5,Matthew Stafford (LAR) Plus de 22.5,22.5,1.9091,0,False
16514244,LA Rams vs. NY Giants,Jaxson Dart,Jaxson Dart (NYG),"Passes complétées, Joueur (prolongations incluses) ",760,71921,1734180456,19.5|sa:player:nfl-1286260|NYG,4505429840,Jaxson Dart (NYG) Plus de 19.5,Jaxson Dart (NYG) Plus de 19.5,19.5,1.7408,0,False
16514244,LA Rams vs. NY Giants,Jaxson Dart,Jaxson Dart (NYG),"Passes complétées, Joueur (prolongations incluses) ",760,71921,1734180456,19.5|sa:player:nfl-1286260|NYG,4505429841,Jaxson Dart (NYG) moins de 19.5,Jaxson Dart (NYG) moins de 19.5,19.5,1.9091,0,False
16514244,LA Rams vs. NY Giants,Matthew Stafford,Matthew Stafford (LAR),Tentatives de passes du joueur Plus/Moins (Incl. Prolongations),2252,73702,1731690272,32.5|sa:player:nfl-323205|LAR,4497680189,Matthew Stafford (LAR) Plus de 32.5,Matthew Stafford (LAR) Plus de 32.5,32.5,1.8696,0,False
16514244,LA Rams vs. NY Giants,Matthew Stafford,Matthew Stafford (LAR),Tentatives de passes du joueur Plus/Moins (Incl. Prolongations),2252,73702,1731690272,32.5|sa:player:nfl-323205|LAR,4497680190,Matthew Stafford (LAR) moins de 32.5,Matthew Stafford (LAR) moins de 32.5,32.5,1.7693,0,False
16514244,LA Rams vs. NY Giants,Jaxson Dart,Jaxson Dart (NYG),Tentatives de passes du joueur Plus/Moins (Incl. Prolongations),2252,73702,1734180197,29.5|sa:player:nfl-1286260|NYG,4505429284,Jaxson Dart (NYG) Plus de 29.5,Jaxson Dart (NYG) Plus de 29.5,29.5,1.7408,0,False
16514244,LA Rams vs. NY Giants,Jaxson Dart,Jaxson Dart (NYG),Tentatives de passes du joueur Plus/Moins (Incl. Prolongations),2252,73702,1734180197,29.5|sa:player:nfl-1286260|NYG,4505429285,Jaxson Dart (NYG) moins de 29.5,Jaxson Dart (NYG) moins de 29.5,29.5,1.9091,0,False
16514244,LA Rams vs. NY Giants,Puka Nacua,Puka Nacua (LAR),Joueuer Plus longue réception (prolongations incluses) ,2009,72300,1732859897,24.5|sa:player:nfl-1162128|LAR,4501203952,Puka Nacua (LAR) Plus de 24.5,Puka Nacua (LAR) Plus de 24.5,24.5,1.8696,0,False
16514244,LA Rams vs. NY Giants,Puka Nacua,Puka Nacua (LAR),Joueuer Plus longue réception (prolongations incluses) ,2009,72300,1732859897,24.5|sa:player:nfl-1162128|LAR,4501203953,Puka Nacua (LAR) moins de 24.5,Puka Nacua (LAR) moins de 24.5,24.5,1.7693,0,False
16514244,LA Rams vs. NY Giants,Davante Adams,Davante Adams (LAR),Joueuer Plus longue réception (prolongations incluses) ,2009,72300,1739713045,21.5|sa:player:nfl-611417|LAR,4525609787,Davante Adams (LAR) Plus de 21.5,Davante Adams (LAR) Plus de 21.5,21.5,1.8,0,False
16514244,LA Rams vs. NY Giants,Davante Adams,Davante Adams (LAR),Joueuer Plus longue réception (prolongations incluses) ,2009,72300,1739713045,21.5|sa:player:nfl-611417|LAR,4525609788,Davante Adams (LAR) moins de 21.5,Davante Adams (LAR) moins de 21.5,21.5,1.8334,0,False
16514244,LA Rams vs. NY Giants,Malik Nabers,Malik Nabers (NYG),Joueuer Plus longue réception (prolongations incluses) ,2009,72300,1731691332,21.5|sa:player:nfl-1286059|NYG,4497682050,Malik Nabers (NYG) Plus de 21.5,Malik Nabers (NYG) Plus de 21.5,21.5,1.8334,0,False
16514244,LA Rams vs. NY Giants,Malik Nabers,Malik Nabers (NYG),Joueuer Plus longue réception (prolongations incluses) ,2009,72300,1731691332,21.5|sa:player:nfl-1286059|NYG,4497682051,Malik Nabers (NYG) moins de 21.5,Malik Nabers (NYG) moins de 21.5,21.5,1.8,0,False
16514244,LA Rams vs. NY Giants,Isaiah Likely,Isaiah Likely (NYG),Joueuer Plus longue réception (prolongations incluses) ,2009,72300,1732546865,17.5|sa:player:nfl-1125111|NYG,4500438264,Isaiah Likely (NYG) moins de 17.5,Isaiah Likely (NYG) moins de 17.5,17.5,1.7693,0,False
16514244,LA Rams vs. NY Giants,Isaiah Likely,Isaiah Likely (NYG),Joueuer Plus longue réception (prolongations incluses) ,2009,72300,1732546865,17.5|sa:player:nfl-1125111|NYG,4500438263,Isaiah Likely (NYG) Plus de 17.5,Isaiah Likely (NYG) Plus de 17.5,17.5,1.8696,0,False
16514244,LA Rams vs. NY Giants,Terrance Ferguson,Terrance Ferguson (LAR),Joueuer Plus longue réception (prolongations incluses) ,2009,72300,1742852304,16.5|sa:player:nfl-1286179|LAR,4534476432,Terrance Ferguson (LAR) moins de 16.5,Terrance Ferguson (LAR) moins de 16.5,16.5,1.7693,0,False
16514244,LA Rams vs. NY Giants,Terrance Ferguson,Terrance Ferguson (LAR),Joueuer Plus longue réception (prolongations incluses) ,2009,72300,1742852304,16.5|sa:player:nfl-1286179|LAR,4534476431,Terrance Ferguson (LAR) Plus de 16.5,Terrance Ferguson (LAR) Plus de 16.5,16.5,1.8696,0,False
16514244,LA Rams vs. NY Giants,Malachi Fields,Malachi Fields (NYG),Joueuer Plus longue réception (prolongations incluses) ,2009,72300,1732546529,15.5|sa:player:nfl-1319589|NYG,4500437476,Malachi Fields (NYG) Plus de 15.5,Malachi Fields (NYG) Plus de 15.5,15.5,1.8696,0,False
16514244,LA Rams vs. NY Giants,Malachi Fields,Malachi Fields (NYG),Joueuer Plus longue réception (prolongations incluses) ,2009,72300,1732546529,15.5|sa:player:nfl-1319589|NYG,4500437477,Malachi Fields (NYG) moins de 15.5,Malachi Fields (NYG) moins de 15.5,15.5,1.7693,0,False
16514244,LA Rams vs. NY Giants,Colby Parkinson,Colby Parkinson (LAR),Joueuer Plus longue réception (prolongations incluses) ,2009,72300,1732848183,14.5|sa:player:nfl-1060312|LAR,4501155986,Colby Parkinson (LAR) Plus de 14.5,Colby Parkinson (LAR) Plus de 14.5,14.5,1.8696,0,False
16514244,LA Rams vs. NY Giants,Colby Parkinson,Colby Parkinson (LAR),Joueuer Plus longue réception (prolongations incluses) ,2009,72300,1732848183,14.5|sa:player:nfl-1060312|LAR,4501155987,Colby Parkinson (LAR) moins de 14.5,Colby Parkinson (LAR) moins de 14.5,14.5,1.7693,0,False
16514244,LA Rams vs. NY Giants,Kyren Williams,Kyren Williams (LAR),Joueuer Plus longue réception (prolongations incluses) ,2009,72300,1732558751,9.5|sa:player:nfl-1167361|LAR,4500466813,Kyren Williams (LAR) Plus de 9.5,Kyren Williams (LAR) Plus de 9.5,9.5,1.9091,0,False
16514244,LA Rams vs. NY Giants,Kyren Williams,Kyren Williams (LAR),Joueuer Plus longue réception (prolongations incluses) ,2009,72300,1732558751,9.5|sa:player:nfl-1167361|LAR,4500466814,Kyren Williams (LAR) moins de 9.5,Kyren Williams (LAR) moins de 9.5,9.5,1.7408,0,False
16514244,LA Rams vs. NY Giants,Cameron Skattebo,Cameron Skattebo (NYG),Joueuer Plus longue réception (prolongations incluses) ,2009,72300,1731723140,8.5|sa:player:nfl-1280316|NYG,4497774816,Cameron Skattebo (NYG) Plus de 8.5,Cameron Skattebo (NYG) Plus de 8.5,8.5,1.8334,0,False
16514244,LA Rams vs. NY Giants,Cameron Skattebo,Cameron Skattebo (NYG),Joueuer Plus longue réception (prolongations incluses) ,2009,72300,1731723140,8.5|sa:player:nfl-1280316|NYG,4497774817,Cameron Skattebo (NYG) moins de 8.5,Cameron Skattebo (NYG) moins de 8.5,8.5,1.8,0,False
16514244,LA Rams vs. NY Giants,Darnell Mooney,Darnell Mooney (NYG),Joueuer Plus longue réception (prolongations incluses) ,2009,72300,1732545303,8.5|sa:player:nfl-912027|NYG,4500434626,Darnell Mooney (NYG) Plus de 8.5,Darnell Mooney (NYG) Plus de 8.5,8.5,1.8696,0,False
16514244,LA Rams vs. NY Giants,Darnell Mooney,Darnell Mooney (NYG),Joueuer Plus longue réception (prolongations incluses) ,2009,72300,1732545303,8.5|sa:player:nfl-912027|NYG,4500434627,Darnell Mooney (NYG) moins de 8.5,Darnell Mooney (NYG) moins de 8.5,8.5,1.7693,0,False
16514244,LA Rams vs. NY Giants,Devin Singletary,Devin Singletary (NYG),Joueuer Plus longue réception (prolongations incluses) ,2009,72300,1731725099,4.5|sa:player:nfl-916466|NYG,4497779825,Devin Singletary (NYG) Plus de 4.5,Devin Singletary (NYG) Plus de 4.5,4.5,1.8334,0,False
16514244,LA Rams vs. NY Giants,Devin Singletary,Devin Singletary (NYG),Joueuer Plus longue réception (prolongations incluses) ,2009,72300,1731725099,4.5|sa:player:nfl-916466|NYG,4497779826,Devin Singletary (NYG) moins de 4.5,Devin Singletary (NYG) moins de 4.5,4.5,1.8,0,False
16514244,LA Rams vs. NY Giants,Odell Beckham Jr.,Odell Beckham Jr. (NYG),Joueuer Plus longue réception (prolongations incluses) ,2009,72300,1732538506,4.5|sa:player:nfl-589984|NYG,4500418158,Odell Beckham Jr. (NYG) Plus de 4.5,Odell Beckham Jr. (NYG) Plus de 4.5,4.5,1.8696,0,False
16514244,LA Rams vs. NY Giants,Odell Beckham Jr.,Odell Beckham Jr. (NYG),Joueuer Plus longue réception (prolongations incluses) ,2009,72300,1732538506,4.5|sa:player:nfl-589984|NYG,4500418159,Odell Beckham Jr. (NYG) moins de 4.5,Odell Beckham Jr. (NYG) moins de 4.5,4.5,1.7693,0,False
16514244,LA Rams vs. NY Giants,Matthew Stafford,Matthew Stafford (LAR),Joueur Plus longue passe complétée (prolongations incluses) ,2001,72292,1732848173,37.5|sa:player:nfl-323205|LAR,4501155966,Matthew Stafford (LAR) Plus de 37.5,Matthew Stafford (LAR) Plus de 37.5,37.5,1.8,0,False
16514244,LA Rams vs. NY Giants,Matthew Stafford,Matthew Stafford (LAR),Joueur Plus longue passe complétée (prolongations incluses) ,2001,72292,1732848173,37.5|sa:player:nfl-323205|LAR,4501155967,Matthew Stafford (LAR) moins de 37.5,Matthew Stafford (LAR) moins de 37.5,37.5,1.8334,0,False
16514244,LA Rams vs. NY Giants,Jaxson Dart,Jaxson Dart (NYG),Joueur Plus longue passe complétée (prolongations incluses) ,2001,72292,1731691388,33.5|sa:player:nfl-1286260|NYG,4497682144,Jaxson Dart (NYG) Plus de 33.5,Jaxson Dart (NYG) Plus de 33.5,33.5,1.8,0,False
16514244,LA Rams vs. NY Giants,Jaxson Dart,Jaxson Dart (NYG),Joueur Plus longue passe complétée (prolongations incluses) ,2001,72292,1731691388,33.5|sa:player:nfl-1286260|NYG,4497682145,Jaxson Dart (NYG) moins de 33.5,Jaxson Dart (NYG) moins de 33.5,33.5,1.8334,0,False
16514244,LA Rams vs. NY Giants,Harrison Mevis,Harrison Mevis (LAR),Points de tir du joueur Plus/Moins (prolongations incluses) ,2003,72294,1731691131,7.5|sa:player:nfl-1213389|LAR,4497681696,Harrison Mevis (LAR) Plus de 7.5,Harrison Mevis (LAR) Plus de 7.5,7.5,1.6897,0,False
16514244,LA Rams vs. NY Giants,Harrison Mevis,Harrison Mevis (LAR),Points de tir du joueur Plus/Moins (prolongations incluses) ,2003,72294,1731691131,7.5|sa:player:nfl-1213389|LAR,4497681697,Harrison Mevis (LAR) moins de 7.5,Harrison Mevis (LAR) moins de 7.5,7.5,1.9524,0,False
16514244,LA Rams vs. NY Giants,Dominic Zvada,Dominic Zvada (NYG),Points de tir du joueur Plus/Moins (prolongations incluses) ,2003,72294,1731691200,5.5|sa:player:nfl-1380799|NYG,4497681813,Dominic Zvada (NYG) Plus de 5.5,Dominic Zvada (NYG) Plus de 5.5,5.5,1.8696,0,False
16514244,LA Rams vs. NY Giants,Dominic Zvada,Dominic Zvada (NYG),Points de tir du joueur Plus/Moins (prolongations incluses) ,2003,72294,1731691200,5.5|sa:player:nfl-1380799|NYG,4497681814,Dominic Zvada (NYG) moins de 5.5,Dominic Zvada (NYG) moins de 5.5,5.5,1.7693,0,False
16514244,LA Rams vs. NY Giants,Harrison Mevis,Harrison Mevis (LAR),Field goals du joueur (prolongations incluses) ,769,71927,1731691129,1.5|sa:player:nfl-1213389|LAR,4497681692,Harrison Mevis (LAR) Plus de 1.5,Harrison Mevis (LAR) Plus de 1.5,1.5,1.7408,0,False
16514244,LA Rams vs. NY Giants,Harrison Mevis,Harrison Mevis (LAR),Field goals du joueur (prolongations incluses) ,769,71927,1731691129,1.5|sa:player:nfl-1213389|LAR,4497681693,Harrison Mevis (LAR) moins de 1.5,Harrison Mevis (LAR) moins de 1.5,1.5,1.9091,0,False
16514244,LA Rams vs. NY Giants,Dominic Zvada,Dominic Zvada (NYG),Field goals du joueur (prolongations incluses) ,769,71927,1731691198,1.5|sa:player:nfl-1380799|NYG,4497681809,Dominic Zvada (NYG) Plus de 1.5,Dominic Zvada (NYG) Plus de 1.5,1.5,2.3,0,False
16514244,LA Rams vs. NY Giants,Dominic Zvada,Dominic Zvada (NYG),Field goals du joueur (prolongations incluses) ,769,71927,1731691198,1.5|sa:player:nfl-1380799|NYG,4497681810,Dominic Zvada (NYG) moins de 1.5,Dominic Zvada (NYG) moins de 1.5,1.5,1.5,0,False
16514244,LA Rams vs. NY Giants,Jaylen Watson,Jaylen Watson (LAR),Interceptions défensives Plus/Moins (prolongations incluses),3304,73828,1731691280,0.5|sa:player:nfl-1248062|LAR,4497681957,Jaylen Watson (LAR) Plus de 0.5,Jaylen Watson (LAR) Plus de 0.5,0.5,6.0,0,False
16514244,LA Rams vs. NY Giants,Jaylen Watson,Jaylen Watson (LAR),Interceptions défensives Plus/Moins (prolongations incluses),3304,73828,1731691280,0.5|sa:player:nfl-1248062|LAR,4497681958,Jaylen Watson (LAR) moins de 0.5,Jaylen Watson (LAR) moins de 0.5,0.5,1.0715,0,False
16514244,LA Rams vs. NY Giants,Kamren Curl,Kamren Curl (LAR),Interceptions défensives Plus/Moins (prolongations incluses),3304,73828,1731690789,0.5|sa:player:nfl-1060721|LAR,4497681096,Kamren Curl (LAR) moins de 0.5,Kamren Curl (LAR) moins de 0.5,0.5,1.0715,0,False
16514244,LA Rams vs. NY Giants,Kamren Curl,Kamren Curl (LAR),Interceptions défensives Plus/Moins (prolongations incluses),3304,73828,1731690789,0.5|sa:player:nfl-1060721|LAR,4497681095,Kamren Curl (LAR) Plus de 0.5,Kamren Curl (LAR) Plus de 0.5,0.5,6.0,0,False
16514244,LA Rams vs. NY Giants,Jevon Holland,Jevon Holland (NYG),Interceptions défensives Plus/Moins (prolongations incluses),3304,73828,1731690927,0.5|sa:player:nfl-1129741|NYG,4497681344,Jevon Holland (NYG) moins de 0.5,Jevon Holland (NYG) moins de 0.5,0.5,1.05,0,False
16514244,LA Rams vs. NY Giants,Jevon Holland,Jevon Holland (NYG),Interceptions défensives Plus/Moins (prolongations incluses),3304,73828,1731690927,0.5|sa:player:nfl-1129741|NYG,4497681343,Jevon Holland (NYG) Plus de 0.5,Jevon Holland (NYG) Plus de 0.5,0.5,6.75,0,False
16514244,LA Rams vs. NY Giants,Tremaine Edmunds,Tremaine Edmunds (NYG),Interceptions défensives Plus/Moins (prolongations incluses),3304,73828,1731690579,0.5|sa:player:nfl-883981|NYG,4497680726,Tremaine Edmunds (NYG) Plus de 0.5,Tremaine Edmunds (NYG) Plus de 0.5,0.5,6.75,0,False
16514244,LA Rams vs. NY Giants,Tremaine Edmunds,Tremaine Edmunds (NYG),Interceptions défensives Plus/Moins (prolongations incluses),3304,73828,1731690579,0.5|sa:player:nfl-883981|NYG,4497680727,Tremaine Edmunds (NYG) moins de 0.5,Tremaine Edmunds (NYG) moins de 0.5,0.5,1.05,0,False
16514244,LA Rams vs. NY Giants,Trent McDuffie,Trent McDuffie (LAR),Interceptions défensives Plus/Moins (prolongations incluses),3304,73828,1731691009,0.5|sa:player:nfl-1162126|LAR,4497681484,Trent McDuffie (LAR) Plus de 0.5,Trent McDuffie (LAR) Plus de 0.5,0.5,6.75,0,False
16514244,LA Rams vs. NY Giants,Trent McDuffie,Trent McDuffie (LAR),Interceptions défensives Plus/Moins (prolongations incluses),3304,73828,1731691009,0.5|sa:player:nfl-1162126|LAR,4497681485,Trent McDuffie (LAR) moins de 0.5,Trent McDuffie (LAR) moins de 0.5,0.5,1.05,0,False
16514244,LA Rams vs. NY Giants,Quentin Lake,Quentin Lake (LAR),Interceptions défensives Plus/Moins (prolongations incluses),3304,73828,1731690859,0.5|sa:player:nfl-1071269|LAR,4497681224,Quentin Lake (LAR) moins de 0.5,Quentin Lake (LAR) moins de 0.5,0.5,1.04,0,False
16514244,LA Rams vs. NY Giants,Quentin Lake,Quentin Lake (LAR),Interceptions défensives Plus/Moins (prolongations incluses),3304,73828,1731690859,0.5|sa:player:nfl-1071269|LAR,4497681223,Quentin Lake (LAR) Plus de 0.5,Quentin Lake (LAR) Plus de 0.5,0.5,7.25,0,False
16514244,LA Rams vs. NY Giants,Tyler Nubin,Tyler Nubin (NYG),Interceptions défensives Plus/Moins (prolongations incluses),3304,73828,1731691069,0.5|sa:player:nfl-1164740|NYG,4497681585,Tyler Nubin (NYG) Plus de 0.5,Tyler Nubin (NYG) Plus de 0.5,0.5,7.25,0,False
16514244,LA Rams vs. NY Giants,Tyler Nubin,Tyler Nubin (NYG),Interceptions défensives Plus/Moins (prolongations incluses),3304,73828,1731691069,0.5|sa:player:nfl-1164740|NYG,4497681586,Tyler Nubin (NYG) moins de 0.5,Tyler Nubin (NYG) moins de 0.5,0.5,1.04,0,False
16514244,LA Rams vs. NY Giants,Greg Newsome,Greg Newsome (NYG),Interceptions défensives Plus/Moins (prolongations incluses),3304,73828,1731690865,0.5|sa:player:nfl-1107286|NYG,4497681234,Greg Newsome (NYG) Plus de 0.5,Greg Newsome (NYG) Plus de 0.5,0.5,8.5,0,False
16514244,LA Rams vs. NY Giants,Greg Newsome,Greg Newsome (NYG),Interceptions défensives Plus/Moins (prolongations incluses),3304,73828,1731690865,0.5|sa:player:nfl-1107286|NYG,4497681235,Greg Newsome (NYG) moins de 0.5,Greg Newsome (NYG) moins de 0.5,0.5,1.02,0,False
16514244,LA Rams vs. NY Giants,Omar Speights,Omar Speights (LAR),Interceptions défensives Plus/Moins (prolongations incluses),3304,73828,1731690992,0.5|sa:player:nfl-1161680|LAR,4497681453,Omar Speights (LAR) Plus de 0.5,Omar Speights (LAR) Plus de 0.5,0.5,9.0,0,False
16514244,LA Rams vs. NY Giants,Omar Speights,Omar Speights (LAR),Interceptions défensives Plus/Moins (prolongations incluses),3304,73828,1731690992,0.5|sa:player:nfl-1161680|LAR,4497681454,Omar Speights (LAR) moins de 0.5,Omar Speights (LAR) moins de 0.5,0.5,1.01,0,False
16514244,LA Rams vs. NY Giants,Kyren Williams,Kyren Williams (LAR),1ère mi-temps - Total de yards à la course du joueur Plus/Moins,31470,77064,1732851913,29.5|sa:player:nfl-1167361|LAR,4501164544,Kyren Williams (LAR) Plus de 29.5,Kyren Williams (LAR) Plus de 29.5,29.5,1.8334,0,False
16514244,LA Rams vs. NY Giants,Kyren Williams,Kyren Williams (LAR),1ère mi-temps - Total de yards à la course du joueur Plus/Moins,31470,77064,1732851913,29.5|sa:player:nfl-1167361|LAR,4501164545,Kyren Williams (LAR) moins de 29.5,Kyren Williams (LAR) moins de 29.5,29.5,1.7693,0,False
16514244,LA Rams vs. NY Giants,Cameron Skattebo,Cameron Skattebo (NYG),1ère mi-temps - Total de yards à la course du joueur Plus/Moins,31470,77064,1732536803,24.5|sa:player:nfl-1280316|NYG,4500413944,Cameron Skattebo (NYG) Plus de 24.5,Cameron Skattebo (NYG) Plus de 24.5,24.5,1.7693,0,False
16514244,LA Rams vs. NY Giants,Cameron Skattebo,Cameron Skattebo (NYG),1ère mi-temps - Total de yards à la course du joueur Plus/Moins,31470,77064,1732536803,24.5|sa:player:nfl-1280316|NYG,4500413945,Cameron Skattebo (NYG) moins de 24.5,Cameron Skattebo (NYG) moins de 24.5,24.5,1.8334,0,False
16514244,LA Rams vs. NY Giants,Blake Corum,Blake Corum (LAR),1ère mi-temps - Total de yards à la course du joueur Plus/Moins,31470,77064,1732859905,21.5|sa:player:nfl-1229540|LAR,4501203968,Blake Corum (LAR) Plus de 21.5,Blake Corum (LAR) Plus de 21.5,21.5,1.7693,0,False
16514244,LA Rams vs. NY Giants,Blake Corum,Blake Corum (LAR),1ère mi-temps - Total de yards à la course du joueur Plus/Moins,31470,77064,1732859905,21.5|sa:player:nfl-1229540|LAR,4501203969,Blake Corum (LAR) moins de 21.5,Blake Corum (LAR) moins de 21.5,21.5,1.8334,0,False
16514244,LA Rams vs. NY Giants,Jaxson Dart,Jaxson Dart (NYG),1ère mi-temps - Total de yards à la course du joueur Plus/Moins,31470,77064,1734178237,14.5|sa:player:nfl-1286260|NYG,4505424725,Jaxson Dart (NYG) Plus de 14.5,Jaxson Dart (NYG) Plus de 14.5,14.5,1.7693,0,False
16514244,LA Rams vs. NY Giants,Jaxson Dart,Jaxson Dart (NYG),1ère mi-temps - Total de yards à la course du joueur Plus/Moins,31470,77064,1734178237,14.5|sa:player:nfl-1286260|NYG,4505424726,Jaxson Dart (NYG) moins de 14.5,Jaxson Dart (NYG) moins de 14.5,14.5,1.8334,0,False
16514244,LA Rams vs. NY Giants,Devin Singletary,Devin Singletary (NYG),1ère mi-temps - Total de yards à la course du joueur Plus/Moins,31470,77064,1731690625,7.5|sa:player:nfl-916466|NYG,4497680808,Devin Singletary (NYG) Plus de 7.5,Devin Singletary (NYG) Plus de 7.5,7.5,1.8334,0,False
16514244,LA Rams vs. NY Giants,Devin Singletary,Devin Singletary (NYG),1ère mi-temps - Total de yards à la course du joueur Plus/Moins,31470,77064,1731690625,7.5|sa:player:nfl-916466|NYG,4497680809,Devin Singletary (NYG) moins de 7.5,Devin Singletary (NYG) moins de 7.5,7.5,1.7693,0,False
16514244,LA Rams vs. NY Giants,Matthew Stafford,Matthew Stafford (LAR),1ère mi-temps - Total de yards à la course du joueur Plus/Moins,31470,77064,1731690300,0.5|sa:player:nfl-323205|LAR,4497680245,Matthew Stafford (LAR) Plus de 0.5,Matthew Stafford (LAR) Plus de 0.5,0.5,3.6,0,False
16514244,LA Rams vs. NY Giants,Matthew Stafford,Matthew Stafford (LAR),1ère mi-temps - Total de yards à la course du joueur Plus/Moins,31470,77064,1731690300,0.5|sa:player:nfl-323205|LAR,4497680246,Matthew Stafford (LAR) moins de 0.5,Matthew Stafford (LAR) moins de 0.5,0.5,1.2,0,False
16514244,LA Rams vs. NY Giants,Kyren Williams,Kyren Williams (LAR),1ère mi-temps - Touchdowns de course du joueur Plus / Moins,31473,77067,1731691091,0.5|sa:player:nfl-1167361|LAR,4497681628,Kyren Williams (LAR) Plus de 0.5,Kyren Williams (LAR) Plus de 0.5,0.5,2.7,0,False
16514244,LA Rams vs. NY Giants,Kyren Williams,Kyren Williams (LAR),1ère mi-temps - Touchdowns de course du joueur Plus / Moins,31473,77067,1731691091,0.5|sa:player:nfl-1167361|LAR,4497681629,Kyren Williams (LAR) moins de 0.5,Kyren Williams (LAR) moins de 0.5,0.5,1.3572,0,False
16514244,LA Rams vs. NY Giants,Cameron Skattebo,Cameron Skattebo (NYG),1ère mi-temps - Touchdowns de course du joueur Plus / Moins,31473,77067,1731691308,0.5|sa:player:nfl-1280316|NYG,4497682011,Cameron Skattebo (NYG) Plus de 0.5,Cameron Skattebo (NYG) Plus de 0.5,0.5,3.6,0,False
16514244,LA Rams vs. NY Giants,Cameron Skattebo,Cameron Skattebo (NYG),1ère mi-temps - Touchdowns de course du joueur Plus / Moins,31473,77067,1731691308,0.5|sa:player:nfl-1280316|NYG,4497682012,Cameron Skattebo (NYG) moins de 0.5,Cameron Skattebo (NYG) moins de 0.5,0.5,1.2,0,False
16514244,LA Rams vs. NY Giants,Blake Corum,Blake Corum (LAR),1ère mi-temps - Touchdowns de course du joueur Plus / Moins,31473,77067,1731691244,0.5|sa:player:nfl-1229540|LAR,4497681896,Blake Corum (LAR) Plus de 0.5,Blake Corum (LAR) Plus de 0.5,0.5,4.75,0,False
16514244,LA Rams vs. NY Giants,Blake Corum,Blake Corum (LAR),1ère mi-temps - Touchdowns de course du joueur Plus / Moins,31473,77067,1731691244,0.5|sa:player:nfl-1229540|LAR,4497681897,Blake Corum (LAR) moins de 0.5,Blake Corum (LAR) moins de 0.5,0.5,1.1112,0,False
16514244,LA Rams vs. NY Giants,Jaxson Dart,Jaxson Dart (NYG),1ère mi-temps - Touchdowns de course du joueur Plus / Moins,31473,77067,1731691417,0.5|sa:player:nfl-1286260|NYG,4497682202,Jaxson Dart (NYG) Plus de 0.5,Jaxson Dart (NYG) Plus de 0.5,0.5,4.75,0,False
16514244,LA Rams vs. NY Giants,Jaxson Dart,Jaxson Dart (NYG),1ère mi-temps - Touchdowns de course du joueur Plus / Moins,31473,77067,1731691417,0.5|sa:player:nfl-1286260|NYG,4497682203,Jaxson Dart (NYG) moins de 0.5,Jaxson Dart (NYG) moins de 0.5,0.5,1.1112,0,False
16514244,LA Rams vs. NY Giants,Devin Singletary,Devin Singletary (NYG),1ère mi-temps - Touchdowns de course du joueur Plus / Moins,31473,77067,1731690628,0.5|sa:player:nfl-916466|NYG,4497680814,Devin Singletary (NYG) Plus de 0.5,Devin Singletary (NYG) Plus de 0.5,0.5,7.5,0,False
16514244,LA Rams vs. NY Giants,Devin Singletary,Devin Singletary (NYG),1ère mi-temps - Touchdowns de course du joueur Plus / Moins,31473,77067,1731690628,0.5|sa:player:nfl-916466|NYG,4497680815,Devin Singletary (NYG) moins de 0.5,Devin Singletary (NYG) moins de 0.5,0.5,1.02,0,False
16514244,LA Rams vs. NY Giants,Najee Harris,Najee Harris (NYG),1ère mi-temps - Touchdowns de course du joueur Plus / Moins,31473,77067,1731690679,0.5|sa:player:nfl-973964|NYG,4497680905,Najee Harris (NYG) Plus de 0.5,Najee Harris (NYG) Plus de 0.5,0.5,7.75,0,False
16514244,LA Rams vs. NY Giants,Najee Harris,Najee Harris (NYG),1ère mi-temps - Touchdowns de course du joueur Plus / Moins,31473,77067,1731690679,0.5|sa:player:nfl-973964|NYG,4497680906,Najee Harris (NYG) moins de 0.5,Najee Harris (NYG) moins de 0.5,0.5,1.02,0,False
16514244,LA Rams vs. NY Giants,Matthew Stafford,Matthew Stafford (LAR),1ère mi-temps - Touchdowns de course du joueur Plus / Moins,31473,77067,1731690303,0.5|sa:player:nfl-323205|LAR,4497680251,Matthew Stafford (LAR) Plus de 0.5,Matthew Stafford (LAR) Plus de 0.5,0.5,8.5,0,False
16514244,LA Rams vs. NY Giants,Matthew Stafford,Matthew Stafford (LAR),1ère mi-temps - Touchdowns de course du joueur Plus / Moins,31473,77067,1731690303,0.5|sa:player:nfl-323205|LAR,4497680252,Matthew Stafford (LAR) moins de 0.5,Matthew Stafford (LAR) moins de 0.5,0.5,0.0,7,False
16514244,LA Rams vs. NY Giants,Patrick Ricard,Patrick Ricard (NYG),1ère mi-temps - Touchdowns de course du joueur Plus / Moins,31473,77067,1731690470,0.5|sa:player:nfl-658389|NYG,4497680536,Patrick Ricard (NYG) Plus de 0.5,Patrick Ricard (NYG) Plus de 0.5,0.5,9.0,0,False
16514244,LA Rams vs. NY Giants,Patrick Ricard,Patrick Ricard (NYG),1ère mi-temps - Touchdowns de course du joueur Plus / Moins,31473,77067,1731690470,0.5|sa:player:nfl-658389|NYG,4497680537,Patrick Ricard (NYG) moins de 0.5,Patrick Ricard (NYG) moins de 0.5,0.5,0.0,7,False
16514244,LA Rams vs. NY Giants,Cameron Skattebo,Cameron Skattebo (NYG),1ère mi-temps - Tentatives de rushing du joueur Plus/Moins,31482,77076,1732536806,6.5|sa:player:nfl-1280316|NYG,4500413950,Cameron Skattebo (NYG) Plus de 6.5,Cameron Skattebo (NYG) Plus de 6.5,6.5,1.8696,0,False
16514244,LA Rams vs. NY Giants,Cameron Skattebo,Cameron Skattebo (NYG),1ère mi-temps - Tentatives de rushing du joueur Plus/Moins,31482,77076,1732536806,6.5|sa:player:nfl-1280316|NYG,4500413951,Cameron Skattebo (NYG) moins de 6.5,Cameron Skattebo (NYG) moins de 6.5,6.5,1.7408,0,False
16514244,LA Rams vs. NY Giants,Kyren Williams,Kyren Williams (LAR),1ère mi-temps - Tentatives de rushing du joueur Plus/Moins,31482,77076,1732851397,6.5|sa:player:nfl-1167361|LAR,4501163293,Kyren Williams (LAR) Plus de 6.5,Kyren Williams (LAR) Plus de 6.5,6.5,1.9524,0,False
16514244,LA Rams vs. NY Giants,Kyren Williams,Kyren Williams (LAR),1ère mi-temps - Tentatives de rushing du joueur Plus/Moins,31482,77076,1732851397,6.5|sa:player:nfl-1167361|LAR,4501163294,Kyren Williams (LAR) moins de 6.5,Kyren Williams (LAR) moins de 6.5,6.5,1.6667,0,False
16514244,LA Rams vs. NY Giants,Blake Corum,Blake Corum (LAR),1ère mi-temps - Tentatives de rushing du joueur Plus/Moins,31482,77076,1732856374,5.5|sa:player:nfl-1229540|LAR,4501196050,Blake Corum (LAR) Plus de 5.5,Blake Corum (LAR) Plus de 5.5,5.5,2.05,0,False
16514244,LA Rams vs. NY Giants,Blake Corum,Blake Corum (LAR),1ère mi-temps - Tentatives de rushing du joueur Plus/Moins,31482,77076,1732856374,5.5|sa:player:nfl-1229540|LAR,4501196051,Blake Corum (LAR) moins de 5.5,Blake Corum (LAR) moins de 5.5,5.5,1.6061,0,False
16514244,LA Rams vs. NY Giants,Jaxson Dart,Jaxson Dart (NYG),1ère mi-temps - Tentatives de rushing du joueur Plus/Moins,31482,77076,1731691420,2.5|sa:player:nfl-1286260|NYG,4497682208,Jaxson Dart (NYG) Plus de 2.5,Jaxson Dart (NYG) Plus de 2.5,2.5,1.5264,0,False
16514244,LA Rams vs. NY Giants,Jaxson Dart,Jaxson Dart (NYG),1ère mi-temps - Tentatives de rushing du joueur Plus/Moins,31482,77076,1731691420,2.5|sa:player:nfl-1286260|NYG,4497682209,Jaxson Dart (NYG) moins de 2.5,Jaxson Dart (NYG) moins de 2.5,2.5,2.2,0,False
16514244,LA Rams vs. NY Giants,Devin Singletary,Devin Singletary (NYG),1ère mi-temps - Tentatives de rushing du joueur Plus/Moins,31482,77076,1731690631,2.5|sa:player:nfl-916466|NYG,4497680820,Devin Singletary (NYG) Plus de 2.5,Devin Singletary (NYG) Plus de 2.5,2.5,2.05,0,False
16514244,LA Rams vs. NY Giants,Devin Singletary,Devin Singletary (NYG),1ère mi-temps - Tentatives de rushing du joueur Plus/Moins,31482,77076,1731690631,2.5|sa:player:nfl-916466|NYG,4497680821,Devin Singletary (NYG) moins de 2.5,Devin Singletary (NYG) moins de 2.5,2.5,1.6061,0,False
16514244,LA Rams vs. NY Giants,Matthew Stafford,Matthew Stafford (LAR),1ère mi-temps - Tentatives de rushing du joueur Plus/Moins,31482,77076,1731690306,0.5|sa:player:nfl-323205|LAR,4497680257,Matthew Stafford (LAR) Plus de 0.5,Matthew Stafford (LAR) Plus de 0.5,0.5,2.65,0,False
16514244,LA Rams vs. NY Giants,Matthew Stafford,Matthew Stafford (LAR),1ère mi-temps - Tentatives de rushing du joueur Plus/Moins,31482,77076,1731690306,0.5|sa:player:nfl-323205|LAR,4497680258,Matthew Stafford (LAR) moins de 0.5,Matthew Stafford (LAR) moins de 0.5,0.5,1.3637,0,False
16514244,LA Rams vs. NY Giants,Kyren Williams,Kyren Williams (LAR),1ère mi-temps - Yards rushing et receiving du joueur - Plus/Moins,31488,77082,1732851399,38.5|sa:player:nfl-1167361|LAR,4501163297,Kyren Williams (LAR) Plus de 38.5,Kyren Williams (LAR) Plus de 38.5,38.5,1.8334,0,False
16514244,LA Rams vs. NY Giants,Kyren Williams,Kyren Williams (LAR),1ère mi-temps - Yards rushing et receiving du joueur - Plus/Moins,31488,77082,1732851399,38.5|sa:player:nfl-1167361|LAR,4501163298,Kyren Williams (LAR) moins de 38.5,Kyren Williams (LAR) moins de 38.5,38.5,1.7693,0,False
16514244,LA Rams vs. NY Giants,Cameron Skattebo,Cameron Skattebo (NYG),1ère mi-temps - Yards rushing et receiving du joueur - Plus/Moins,31488,77082,1732512013,32.5|sa:player:nfl-1280316|NYG,4500353928,Cameron Skattebo (NYG) Plus de 32.5,Cameron Skattebo (NYG) Plus de 32.5,32.5,1.8334,0,False
16514244,LA Rams vs. NY Giants,Cameron Skattebo,Cameron Skattebo (NYG),1ère mi-temps - Yards rushing et receiving du joueur - Plus/Moins,31488,77082,1732512013,32.5|sa:player:nfl-1280316|NYG,4500353929,Cameron Skattebo (NYG) moins de 32.5,Cameron Skattebo (NYG) moins de 32.5,32.5,1.7693,0,False
16514244,LA Rams vs. NY Giants,Devin Singletary,Devin Singletary (NYG),1ère mi-temps - Yards rushing et receiving du joueur - Plus/Moins,31488,77082,1731725100,10.5|sa:player:nfl-916466|NYG,4497779827,Devin Singletary (NYG) Plus de 10.5,Devin Singletary (NYG) Plus de 10.5,10.5,1.7693,0,False
16514244,LA Rams vs. NY Giants,Devin Singletary,Devin Singletary (NYG),1ère mi-temps - Yards rushing et receiving du joueur - Plus/Moins,31488,77082,1731725100,10.5|sa:player:nfl-916466|NYG,4497779828,Devin Singletary (NYG) moins de 10.5,Devin Singletary (NYG) moins de 10.5,10.5,1.8334,0,False
16514244,LA Rams vs. NY Giants,Puka Nacua,Puka Nacua (LAR),1ère mi-temps - Total de réceptions Plus/Moins,31485,77079,1731691021,3.5|sa:player:nfl-1162128|LAR,4497681507,Puka Nacua (LAR) Plus de 3.5,Puka Nacua (LAR) Plus de 3.5,3.5,1.8334,0,False
16514244,LA Rams vs. NY Giants,Puka Nacua,Puka Nacua (LAR),1ère mi-temps - Total de réceptions Plus/Moins,31485,77079,1731691021,3.5|sa:player:nfl-1162128|LAR,4497681508,Puka Nacua (LAR) moins de 3.5,Puka Nacua (LAR) moins de 3.5,3.5,1.7693,0,False
16514244,LA Rams vs. NY Giants,Davante Adams,Davante Adams (LAR),1ère mi-temps - Total de réceptions Plus/Moins,31485,77079,1737206123,2.5|sa:player:nfl-611417|LAR,4516457960,Davante Adams (LAR) moins de 2.5,Davante Adams (LAR) moins de 2.5,2.5,1.9091,0,False
16514244,LA Rams vs. NY Giants,Davante Adams,Davante Adams (LAR),1ère mi-temps - Total de réceptions Plus/Moins,31485,77079,1737206123,2.5|sa:player:nfl-611417|LAR,4516457959,Davante Adams (LAR) Plus de 2.5,Davante Adams (LAR) Plus de 2.5,2.5,1.7143,0,False
16514244,LA Rams vs. NY Giants,Malik Nabers,Malik Nabers (NYG),1ère mi-temps - Total de réceptions Plus/Moins,31485,77079,1731691339,2.5|sa:player:nfl-1286059|NYG,4497682064,Malik Nabers (NYG) Plus de 2.5,Malik Nabers (NYG) Plus de 2.5,2.5,1.7143,0,False
16514244,LA Rams vs. NY Giants,Malik Nabers,Malik Nabers (NYG),1ère mi-temps - Total de réceptions Plus/Moins,31485,77079,1731691339,2.5|sa:player:nfl-1286059|NYG,4497682065,Malik Nabers (NYG) moins de 2.5,Malik Nabers (NYG) moins de 2.5,2.5,1.9091,0,False
16514244,LA Rams vs. NY Giants,Isaiah Likely,Isaiah Likely (NYG),1ère mi-temps - Total de réceptions Plus/Moins,31485,77079,1734162196,2.5|sa:player:nfl-1125111|NYG,4505376044,Isaiah Likely (NYG) Plus de 2.5,Isaiah Likely (NYG) Plus de 2.5,2.5,2.2,0,False
16514244,LA Rams vs. NY Giants,Isaiah Likely,Isaiah Likely (NYG),1ère mi-temps - Total de réceptions Plus/Moins,31485,77079,1734162196,2.5|sa:player:nfl-1125111|NYG,4505376045,Isaiah Likely (NYG) moins de 2.5,Isaiah Likely (NYG) moins de 2.5,2.5,1.5264,0,False
16514244,LA Rams vs. NY Giants,Colby Parkinson,Colby Parkinson (LAR),1ère mi-temps - Total de réceptions Plus/Moins,31485,77079,1731690768,1.5|sa:player:nfl-1060312|LAR,4497681062,Colby Parkinson (LAR) Plus de 1.5,Colby Parkinson (LAR) Plus de 1.5,1.5,1.7693,0,False
16514244,LA Rams vs. NY Giants,Colby Parkinson,Colby Parkinson (LAR),1ère mi-temps - Total de réceptions Plus/Moins,31485,77079,1731690768,1.5|sa:player:nfl-1060312|LAR,4497681063,Colby Parkinson (LAR) moins de 1.5,Colby Parkinson (LAR) moins de 1.5,1.5,1.8334,0,False
16514244,LA Rams vs. NY Giants,Kyren Williams,Kyren Williams (LAR),1ère mi-temps - Total de réceptions Plus/Moins,31485,77079,1731691081,1.5|sa:player:nfl-1167361|LAR,4497681608,Kyren Williams (LAR) Plus de 1.5,Kyren Williams (LAR) Plus de 1.5,1.5,2.2,0,False
16514244,LA Rams vs. NY Giants,Kyren Williams,Kyren Williams (LAR),1ère mi-temps - Total de réceptions Plus/Moins,31485,77079,1731691081,1.5|sa:player:nfl-1167361|LAR,4497681609,Kyren Williams (LAR) moins de 1.5,Kyren Williams (LAR) moins de 1.5,1.5,1.5264,0,False
16514244,LA Rams vs. NY Giants,Terrance Ferguson,Terrance Ferguson (LAR),1ère mi-temps - Total de réceptions Plus/Moins,31485,77079,1742850087,1.5|sa:player:nfl-1286179|LAR,4534471827,Terrance Ferguson (LAR) Plus de 1.5,Terrance Ferguson (LAR) Plus de 1.5,1.5,2.3,0,False
16514244,LA Rams vs. NY Giants,Terrance Ferguson,Terrance Ferguson (LAR),1ère mi-temps - Total de réceptions Plus/Moins,31485,77079,1742850087,1.5|sa:player:nfl-1286179|LAR,4534471828,Terrance Ferguson (LAR) moins de 1.5,Terrance Ferguson (LAR) moins de 1.5,1.5,1.4762,0,False
16514244,LA Rams vs. NY Giants,Malachi Fields,Malachi Fields (NYG),1ère mi-temps - Total de réceptions Plus/Moins,31485,77079,1731691175,0.5|sa:player:nfl-1319589|NYG,4497681773,Malachi Fields (NYG) Plus de 0.5,Malachi Fields (NYG) Plus de 0.5,0.5,1.4348,0,False
16514244,LA Rams vs. NY Giants,Malachi Fields,Malachi Fields (NYG),1ère mi-temps - Total de réceptions Plus/Moins,31485,77079,1731691175,0.5|sa:player:nfl-1319589|NYG,4497681774,Malachi Fields (NYG) moins de 0.5,Malachi Fields (NYG) moins de 0.5,0.5,2.4,0,False
16514244,LA Rams vs. NY Giants,Cameron Skattebo,Cameron Skattebo (NYG),1ère mi-temps - Total de réceptions Plus/Moins,31485,77079,1731723143,0.5|sa:player:nfl-1280316|NYG,4497774822,Cameron Skattebo (NYG) Plus de 0.5,Cameron Skattebo (NYG) Plus de 0.5,0.5,1.4546,0,False
16514244,LA Rams vs. NY Giants,Cameron Skattebo,Cameron Skattebo (NYG),1ère mi-temps - Total de réceptions Plus/Moins,31485,77079,1731723143,0.5|sa:player:nfl-1280316|NYG,4497774823,Cameron Skattebo (NYG) moins de 0.5,Cameron Skattebo (NYG) moins de 0.5,0.5,2.35,0,False
16514244,LA Rams vs. NY Giants,Devin Singletary,Devin Singletary (NYG),1ère mi-temps - Total de réceptions Plus/Moins,31485,77079,1731690618,0.5|sa:player:nfl-916466|NYG,4497680794,Devin Singletary (NYG) Plus de 0.5,Devin Singletary (NYG) Plus de 0.5,0.5,2.2,0,False
16514244,LA Rams vs. NY Giants,Devin Singletary,Devin Singletary (NYG),1ère mi-temps - Total de réceptions Plus/Moins,31485,77079,1731690618,0.5|sa:player:nfl-916466|NYG,4497680795,Devin Singletary (NYG) moins de 0.5,Devin Singletary (NYG) moins de 0.5,0.5,1.5264,0,False
16514244,LA Rams vs. NY Giants,Darnell Mooney,Darnell Mooney (NYG),1ère mi-temps - Total de réceptions Plus/Moins,31485,77079,1731690591,0.5|sa:player:nfl-912027|NYG,4497680749,Darnell Mooney (NYG) Plus de 0.5,Darnell Mooney (NYG) Plus de 0.5,0.5,2.3,0,False
16514244,LA Rams vs. NY Giants,Darnell Mooney,Darnell Mooney (NYG),1ère mi-temps - Total de réceptions Plus/Moins,31485,77079,1731690591,0.5|sa:player:nfl-912027|NYG,4497680750,Darnell Mooney (NYG) moins de 0.5,Darnell Mooney (NYG) moins de 0.5,0.5,1.4762,0,False
16514244,LA Rams vs. NY Giants,Odell Beckham Jr.,Odell Beckham Jr. (NYG),1ère mi-temps - Total de réceptions Plus/Moins,31485,77079,1731690368,0.5|sa:player:nfl-589984|NYG,4497680361,Odell Beckham Jr. (NYG) Plus de 0.5,Odell Beckham Jr. (NYG) Plus de 0.5,0.5,2.85,0,False
16514244,LA Rams vs. NY Giants,Odell Beckham Jr.,Odell Beckham Jr. (NYG),1ère mi-temps - Total de réceptions Plus/Moins,31485,77079,1731690368,0.5|sa:player:nfl-589984|NYG,4497680362,Odell Beckham Jr. (NYG) moins de 0.5,Odell Beckham Jr. (NYG) moins de 0.5,0.5,1.3125,0,False
16514244,LA Rams vs. NY Giants,Puka Nacua,Puka Nacua (LAR),1ère mi-temps - Yards reçus par le joueur - Plus/Moins,31464,77058,1732864979,37.5|sa:player:nfl-1162128|LAR,4501215488,Puka Nacua (LAR) moins de 37.5,Puka Nacua (LAR) moins de 37.5,37.5,1.8334,0,False
16514244,LA Rams vs. NY Giants,Puka Nacua,Puka Nacua (LAR),1ère mi-temps - Yards reçus par le joueur - Plus/Moins,31464,77058,1732864979,37.5|sa:player:nfl-1162128|LAR,4501215487,Puka Nacua (LAR) Plus de 37.5,Puka Nacua (LAR) Plus de 37.5,37.5,1.7693,0,False
16514244,LA Rams vs. NY Giants,Davante Adams,Davante Adams (LAR),1ère mi-temps - Yards reçus par le joueur - Plus/Moins,31464,77058,1742665660,30.5|sa:player:nfl-611417|LAR,4534025514,Davante Adams (LAR) Plus de 30.5,Davante Adams (LAR) Plus de 30.5,30.5,1.8334,0,False
16514244,LA Rams vs. NY Giants,Davante Adams,Davante Adams (LAR),1ère mi-temps - Yards reçus par le joueur - Plus/Moins,31464,77058,1742665660,30.5|sa:player:nfl-611417|LAR,4534025515,Davante Adams (LAR) moins de 30.5,Davante Adams (LAR) moins de 30.5,30.5,1.7693,0,False
16514244,LA Rams vs. NY Giants,Malik Nabers,Malik Nabers (NYG),1ère mi-temps - Yards reçus par le joueur - Plus/Moins,31464,77058,1734184488,28.5|sa:player:nfl-1286059|NYG,4505440056,Malik Nabers (NYG) moins de 28.5,Malik Nabers (NYG) moins de 28.5,28.5,1.8334,0,False
16514244,LA Rams vs. NY Giants,Malik Nabers,Malik Nabers (NYG),1ère mi-temps - Yards reçus par le joueur - Plus/Moins,31464,77058,1734184488,28.5|sa:player:nfl-1286059|NYG,4505440055,Malik Nabers (NYG) Plus de 28.5,Malik Nabers (NYG) Plus de 28.5,28.5,1.7693,0,False
16514244,LA Rams vs. NY Giants,Isaiah Likely,Isaiah Likely (NYG),1ère mi-temps - Yards reçus par le joueur - Plus/Moins,31464,77058,1732546507,19.5|sa:player:nfl-1125111|NYG,4500437432,Isaiah Likely (NYG) Plus de 19.5,Isaiah Likely (NYG) Plus de 19.5,19.5,1.7693,0,False
16514244,LA Rams vs. NY Giants,Isaiah Likely,Isaiah Likely (NYG),1ère mi-temps - Yards reçus par le joueur - Plus/Moins,31464,77058,1732546507,19.5|sa:player:nfl-1125111|NYG,4500437433,Isaiah Likely (NYG) moins de 19.5,Isaiah Likely (NYG) moins de 19.5,19.5,1.8334,0,False
16514244,LA Rams vs. NY Giants,Colby Parkinson,Colby Parkinson (LAR),1ère mi-temps - Yards reçus par le joueur - Plus/Moins,31464,77058,1739713051,13.5|sa:player:nfl-1060312|LAR,4525609800,Colby Parkinson (LAR) moins de 13.5,Colby Parkinson (LAR) moins de 13.5,13.5,1.7693,0,False
16514244,LA Rams vs. NY Giants,Colby Parkinson,Colby Parkinson (LAR),1ère mi-temps - Yards reçus par le joueur - Plus/Moins,31464,77058,1739713051,13.5|sa:player:nfl-1060312|LAR,4525609799,Colby Parkinson (LAR) Plus de 13.5,Colby Parkinson (LAR) Plus de 13.5,13.5,1.8334,0,False
16514244,LA Rams vs. NY Giants,Terrance Ferguson,Terrance Ferguson (LAR),1ère mi-temps - Yards reçus par le joueur - Plus/Moins,31464,77058,1742852305,11.5|sa:player:nfl-1286179|LAR,4534476433,Terrance Ferguson (LAR) Plus de 11.5,Terrance Ferguson (LAR) Plus de 11.5,11.5,1.8334,0,False
16514244,LA Rams vs. NY Giants,Terrance Ferguson,Terrance Ferguson (LAR),1ère mi-temps - Yards reçus par le joueur - Plus/Moins,31464,77058,1742852305,11.5|sa:player:nfl-1286179|LAR,4534476434,Terrance Ferguson (LAR) moins de 11.5,Terrance Ferguson (LAR) moins de 11.5,11.5,1.7693,0,False
16514244,LA Rams vs. NY Giants,Malachi Fields,Malachi Fields (NYG),1ère mi-temps - Yards reçus par le joueur - Plus/Moins,31464,77058,1732623009,8.5|sa:player:nfl-1319589|NYG,4500619502,Malachi Fields (NYG) Plus de 8.5,Malachi Fields (NYG) Plus de 8.5,8.5,1.8334,0,False
16514244,LA Rams vs. NY Giants,Malachi Fields,Malachi Fields (NYG),1ère mi-temps - Yards reçus par le joueur - Plus/Moins,31464,77058,1732623009,8.5|sa:player:nfl-1319589|NYG,4500619503,Malachi Fields (NYG) moins de 8.5,Malachi Fields (NYG) moins de 8.5,8.5,1.7693,0,False
16514244,LA Rams vs. NY Giants,Kyren Williams,Kyren Williams (LAR),1ère mi-temps - Yards reçus par le joueur - Plus/Moins,31464,77058,1732583968,6.5|sa:player:nfl-1167361|LAR,4500523931,Kyren Williams (LAR) Plus de 6.5,Kyren Williams (LAR) Plus de 6.5,6.5,1.8334,0,False
16514244,LA Rams vs. NY Giants,Kyren Williams,Kyren Williams (LAR),1ère mi-temps - Yards reçus par le joueur - Plus/Moins,31464,77058,1732583968,6.5|sa:player:nfl-1167361|LAR,4500523932,Kyren Williams (LAR) moins de 6.5,Kyren Williams (LAR) moins de 6.5,6.5,1.7693,0,False
16514244,LA Rams vs. NY Giants,Cameron Skattebo,Cameron Skattebo (NYG),1ère mi-temps - Yards reçus par le joueur - Plus/Moins,31464,77058,1732546867,3.5|sa:player:nfl-1280316|NYG,4500438267,Cameron Skattebo (NYG) Plus de 3.5,Cameron Skattebo (NYG) Plus de 3.5,3.5,1.8334,0,False
16514244,LA Rams vs. NY Giants,Cameron Skattebo,Cameron Skattebo (NYG),1ère mi-temps - Yards reçus par le joueur - Plus/Moins,31464,77058,1732546867,3.5|sa:player:nfl-1280316|NYG,4500438268,Cameron Skattebo (NYG) moins de 3.5,Cameron Skattebo (NYG) moins de 3.5,3.5,1.7693,0,False
16514244,LA Rams vs. NY Giants,Darnell Mooney,Darnell Mooney (NYG),1ère mi-temps - Yards reçus par le joueur - Plus/Moins,31464,77058,1732442332,0.5|sa:player:nfl-912027|NYG,4500150421,Darnell Mooney (NYG) Plus de 0.5,Darnell Mooney (NYG) Plus de 0.5,0.5,2.35,0,False
16514244,LA Rams vs. NY Giants,Darnell Mooney,Darnell Mooney (NYG),1ère mi-temps - Yards reçus par le joueur - Plus/Moins,31464,77058,1732442332,0.5|sa:player:nfl-912027|NYG,4500150422,Darnell Mooney (NYG) moins de 0.5,Darnell Mooney (NYG) moins de 0.5,0.5,1.4546,0,False
16514244,LA Rams vs. NY Giants,Devin Singletary,Devin Singletary (NYG),1ère mi-temps - Yards reçus par le joueur - Plus/Moins,31464,77058,1731690612,0.5|sa:player:nfl-916466|NYG,4497680782,Devin Singletary (NYG) Plus de 0.5,Devin Singletary (NYG) Plus de 0.5,0.5,2.4,0,False
16514244,LA Rams vs. NY Giants,Devin Singletary,Devin Singletary (NYG),1ère mi-temps - Yards reçus par le joueur - Plus/Moins,31464,77058,1731690612,0.5|sa:player:nfl-916466|NYG,4497680783,Devin Singletary (NYG) moins de 0.5,Devin Singletary (NYG) moins de 0.5,0.5,1.4445,0,False
16514244,LA Rams vs. NY Giants,Odell Beckham Jr.,Odell Beckham Jr. (NYG),1ère mi-temps - Yards reçus par le joueur - Plus/Moins,31464,77058,1731690362,0.5|sa:player:nfl-589984|NYG,4497680349,Odell Beckham Jr. (NYG) Plus de 0.5,Odell Beckham Jr. (NYG) Plus de 0.5,0.5,2.85,0,False
16514244,LA Rams vs. NY Giants,Odell Beckham Jr.,Odell Beckham Jr. (NYG),1ère mi-temps - Yards reçus par le joueur - Plus/Moins,31464,77058,1731690362,0.5|sa:player:nfl-589984|NYG,4497680350,Odell Beckham Jr. (NYG) moins de 0.5,Odell Beckham Jr. (NYG) moins de 0.5,0.5,1.3125,0,False
16514244,LA Rams vs. NY Giants,Davante Adams,Davante Adams (LAR),1ère mi-temps - Touchdowns de réception du joueur Plus / Moins,31467,77061,1731690425,0.5|sa:player:nfl-611417|LAR,4497680456,Davante Adams (LAR) Plus de 0.5,Davante Adams (LAR) Plus de 0.5,0.5,3.0,0,False
16514244,LA Rams vs. NY Giants,Davante Adams,Davante Adams (LAR),1ère mi-temps - Touchdowns de réception du joueur Plus / Moins,31467,77061,1731690425,0.5|sa:player:nfl-611417|LAR,4497680457,Davante Adams (LAR) moins de 0.5,Davante Adams (LAR) moins de 0.5,0.5,1.2858,0,False
16514244,LA Rams vs. NY Giants,Puka Nacua,Puka Nacua (LAR),1ère mi-temps - Touchdowns de réception du joueur Plus / Moins,31467,77061,1731691018,0.5|sa:player:nfl-1162128|LAR,4497681501,Puka Nacua (LAR) Plus de 0.5,Puka Nacua (LAR) Plus de 0.5,0.5,3.5,0,False
16514244,LA Rams vs. NY Giants,Puka Nacua,Puka Nacua (LAR),1ère mi-temps - Touchdowns de réception du joueur Plus / Moins,31467,77061,1731691018,0.5|sa:player:nfl-1162128|LAR,4497681502,Puka Nacua (LAR) moins de 0.5,Puka Nacua (LAR) moins de 0.5,0.5,1.2106,0,False
16514244,LA Rams vs. NY Giants,Malik Nabers,Malik Nabers (NYG),1ère mi-temps - Touchdowns de réception du joueur Plus / Moins,31467,77061,1731691336,0.5|sa:player:nfl-1286059|NYG,4497682058,Malik Nabers (NYG) Plus de 0.5,Malik Nabers (NYG) Plus de 0.5,0.5,4.4,0,False
16514244,LA Rams vs. NY Giants,Malik Nabers,Malik Nabers (NYG),1ère mi-temps - Touchdowns de réception du joueur Plus / Moins,31467,77061,1731691336,0.5|sa:player:nfl-1286059|NYG,4497682059,Malik Nabers (NYG) moins de 0.5,Malik Nabers (NYG) moins de 0.5,0.5,1.1334,0,False
16514244,LA Rams vs. NY Giants,Isaiah Likely,Isaiah Likely (NYG),1ère mi-temps - Touchdowns de réception du joueur Plus / Moins,31467,77061,1731690891,0.5|sa:player:nfl-1125111|NYG,4497681282,Isaiah Likely (NYG) Plus de 0.5,Isaiah Likely (NYG) Plus de 0.5,0.5,5.25,0,False
16514244,LA Rams vs. NY Giants,Isaiah Likely,Isaiah Likely (NYG),1ère mi-temps - Touchdowns de réception du joueur Plus / Moins,31467,77061,1731690891,0.5|sa:player:nfl-1125111|NYG,4497681283,Isaiah Likely (NYG) moins de 0.5,Isaiah Likely (NYG) moins de 0.5,0.5,1.0834,0,False
16514244,LA Rams vs. NY Giants,Colby Parkinson,Colby Parkinson (LAR),1ère mi-temps - Touchdowns de réception du joueur Plus / Moins,31467,77061,1731690765,0.5|sa:player:nfl-1060312|LAR,4497681056,Colby Parkinson (LAR) Plus de 0.5,Colby Parkinson (LAR) Plus de 0.5,0.5,5.75,0,False
16514244,LA Rams vs. NY Giants,Colby Parkinson,Colby Parkinson (LAR),1ère mi-temps - Touchdowns de réception du joueur Plus / Moins,31467,77061,1731690765,0.5|sa:player:nfl-1060312|LAR,4497681057,Colby Parkinson (LAR) moins de 0.5,Colby Parkinson (LAR) moins de 0.5,0.5,1.0715,0,False
16514244,LA Rams vs. NY Giants,Terrance Ferguson,Terrance Ferguson (LAR),1ère mi-temps - Touchdowns de réception du joueur Plus / Moins,31467,77061,1731691363,0.5|sa:player:nfl-1286179|LAR,4497682104,Terrance Ferguson (LAR) moins de 0.5,Terrance Ferguson (LAR) moins de 0.5,0.5,1.0625,0,False
16514244,LA Rams vs. NY Giants,Terrance Ferguson,Terrance Ferguson (LAR),1ère mi-temps - Touchdowns de réception du joueur Plus / Moins,31467,77061,1731691363,0.5|sa:player:nfl-1286179|LAR,4497682103,Terrance Ferguson (LAR) Plus de 0.5,Terrance Ferguson (LAR) Plus de 0.5,0.5,6.0,0,False
16514244,LA Rams vs. NY Giants,Konata Mumpfield,Konata Mumpfield (LAR),1ère mi-temps - Touchdowns de réception du joueur Plus / Moins,31467,77061,1731691481,0.5|sa:player:nfl-1289332|LAR,4497682310,Konata Mumpfield (LAR) Plus de 0.5,Konata Mumpfield (LAR) Plus de 0.5,0.5,6.25,0,False
16514244,LA Rams vs. NY Giants,Konata Mumpfield,Konata Mumpfield (LAR),1ère mi-temps - Touchdowns de réception du joueur Plus / Moins,31467,77061,1731691481,0.5|sa:player:nfl-1289332|LAR,4497682311,Konata Mumpfield (LAR) moins de 0.5,Konata Mumpfield (LAR) moins de 0.5,0.5,1.05,0,False
16514244,LA Rams vs. NY Giants,Kyren Williams,Kyren Williams (LAR),1ère mi-temps - Touchdowns de réception du joueur Plus / Moins,31467,77061,1731691078,0.5|sa:player:nfl-1167361|LAR,4497681602,Kyren Williams (LAR) Plus de 0.5,Kyren Williams (LAR) Plus de 0.5,0.5,6.75,0,False
16514244,LA Rams vs. NY Giants,Kyren Williams,Kyren Williams (LAR),1ère mi-temps - Touchdowns de réception du joueur Plus / Moins,31467,77061,1731691078,0.5|sa:player:nfl-1167361|LAR,4497681603,Kyren Williams (LAR) moins de 0.5,Kyren Williams (LAR) moins de 0.5,0.5,1.04,0,False
16514244,LA Rams vs. NY Giants,Malachi Fields,Malachi Fields (NYG),1ère mi-temps - Touchdowns de réception du joueur Plus / Moins,31467,77061,1731691514,0.5|sa:player:nfl-1319589|NYG,4497682366,Malachi Fields (NYG) Plus de 0.5,Malachi Fields (NYG) Plus de 0.5,0.5,6.75,0,False
16514244,LA Rams vs. NY Giants,Malachi Fields,Malachi Fields (NYG),1ère mi-temps - Touchdowns de réception du joueur Plus / Moins,31467,77061,1731691514,0.5|sa:player:nfl-1319589|NYG,4497682367,Malachi Fields (NYG) moins de 0.5,Malachi Fields (NYG) moins de 0.5,0.5,1.04,0,False
16514244,LA Rams vs. NY Giants,Tutu Atwell,Tutu Atwell (LAR),1ère mi-temps - Touchdowns de réception du joueur Plus / Moins,31467,77061,1741304037,0.5|sa:player:nfl-1106760|LAR,4530177956,Tutu Atwell (LAR) Plus de 0.5,Tutu Atwell (LAR) Plus de 0.5,0.5,7.5,0,False
16514244,LA Rams vs. NY Giants,Tutu Atwell,Tutu Atwell (LAR),1ère mi-temps - Touchdowns de réception du joueur Plus / Moins,31467,77061,1741304037,0.5|sa:player:nfl-1106760|LAR,4530177957,Tutu Atwell (LAR) moins de 0.5,Tutu Atwell (LAR) moins de 0.5,0.5,1.02,0,False
16514244,LA Rams vs. NY Giants,Xavier Smith,Xavier Smith (LAR),1ère mi-temps - Touchdowns de réception du joueur Plus / Moins,31467,77061,1731690936,0.5|sa:player:nfl-1137635|LAR,4497681360,Xavier Smith (LAR) Plus de 0.5,Xavier Smith (LAR) Plus de 0.5,0.5,7.75,0,False
16514244,LA Rams vs. NY Giants,Xavier Smith,Xavier Smith (LAR),1ère mi-temps - Touchdowns de réception du joueur Plus / Moins,31467,77061,1731690936,0.5|sa:player:nfl-1137635|LAR,4497681361,Xavier Smith (LAR) moins de 0.5,Xavier Smith (LAR) moins de 0.5,0.5,1.02,0,False
16514244,LA Rams vs. NY Giants,Blake Corum,Blake Corum (LAR),1ère mi-temps - Touchdowns de réception du joueur Plus / Moins,31467,77061,1731691231,0.5|sa:player:nfl-1229540|LAR,4497681870,Blake Corum (LAR) Plus de 0.5,Blake Corum (LAR) Plus de 0.5,0.5,8.5,0,False
16514244,LA Rams vs. NY Giants,Blake Corum,Blake Corum (LAR),1ère mi-temps - Touchdowns de réception du joueur Plus / Moins,31467,77061,1731691231,0.5|sa:player:nfl-1229540|LAR,4497681871,Blake Corum (LAR) moins de 0.5,Blake Corum (LAR) moins de 0.5,0.5,0.0,7,False
16514244,LA Rams vs. NY Giants,Cameron Skattebo,Cameron Skattebo (NYG),1ère mi-temps - Touchdowns de réception du joueur Plus / Moins,31467,77061,1731691295,0.5|sa:player:nfl-1280316|NYG,4497681985,Cameron Skattebo (NYG) Plus de 0.5,Cameron Skattebo (NYG) Plus de 0.5,0.5,8.5,0,False
16514244,LA Rams vs. NY Giants,Cameron Skattebo,Cameron Skattebo (NYG),1ère mi-temps - Touchdowns de réception du joueur Plus / Moins,31467,77061,1731691295,0.5|sa:player:nfl-1280316|NYG,4497681986,Cameron Skattebo (NYG) moins de 0.5,Cameron Skattebo (NYG) moins de 0.5,0.5,1.01,0,False
16514244,LA Rams vs. NY Giants,Darnell Mooney,Darnell Mooney (NYG),1ère mi-temps - Touchdowns de réception du joueur Plus / Moins,31467,77061,1731690588,0.5|sa:player:nfl-912027|NYG,4497680744,Darnell Mooney (NYG) moins de 0.5,Darnell Mooney (NYG) moins de 0.5,0.5,1.01,0,False
16514244,LA Rams vs. NY Giants,Darnell Mooney,Darnell Mooney (NYG),1ère mi-temps - Touchdowns de réception du joueur Plus / Moins,31467,77061,1731690588,0.5|sa:player:nfl-912027|NYG,4497680743,Darnell Mooney (NYG) Plus de 0.5,Darnell Mooney (NYG) Plus de 0.5,0.5,8.5,0,False
16514244,LA Rams vs. NY Giants,Devin Singletary,Devin Singletary (NYG),1ère mi-temps - Touchdowns de réception du joueur Plus / Moins,31467,77061,1731690615,0.5|sa:player:nfl-916466|NYG,4497680788,Devin Singletary (NYG) Plus de 0.5,Devin Singletary (NYG) Plus de 0.5,0.5,8.5,0,False
16514244,LA Rams vs. NY Giants,Devin Singletary,Devin Singletary (NYG),1ère mi-temps - Touchdowns de réception du joueur Plus / Moins,31467,77061,1731690615,0.5|sa:player:nfl-916466|NYG,4497680789,Devin Singletary (NYG) moins de 0.5,Devin Singletary (NYG) moins de 0.5,0.5,0.0,7,False
16514244,LA Rams vs. NY Giants,Odell Beckham Jr.,Odell Beckham Jr. (NYG),1ère mi-temps - Touchdowns de réception du joueur Plus / Moins,31467,77061,1731690365,0.5|sa:player:nfl-589984|NYG,4497680355,Odell Beckham Jr. (NYG) Plus de 0.5,Odell Beckham Jr. (NYG) Plus de 0.5,0.5,8.5,0,False
16514244,LA Rams vs. NY Giants,Odell Beckham Jr.,Odell Beckham Jr. (NYG),1ère mi-temps - Touchdowns de réception du joueur Plus / Moins,31467,77061,1731690365,0.5|sa:player:nfl-589984|NYG,4497680356,Odell Beckham Jr. (NYG) moins de 0.5,Odell Beckham Jr. (NYG) moins de 0.5,0.5,0.0,7,False
16514244,LA Rams vs. NY Giants,Theo Johnson,Theo Johnson (NYG),1ère mi-temps - Touchdowns de réception du joueur Plus / Moins,31467,77061,1731691145,0.5|sa:player:nfl-1214414|NYG,4497681723,Theo Johnson (NYG) Plus de 0.5,Theo Johnson (NYG) Plus de 0.5,0.5,8.5,0,False
16514244,LA Rams vs. NY Giants,Theo Johnson,Theo Johnson (NYG),1ère mi-temps - Touchdowns de réception du joueur Plus / Moins,31467,77061,1731691145,0.5|sa:player:nfl-1214414|NYG,4497681724,Theo Johnson (NYG) moins de 0.5,Theo Johnson (NYG) moins de 0.5,0.5,0.0,7,False
16514244,LA Rams vs. NY Giants,Najee Harris,Najee Harris (NYG),1ère mi-temps - Touchdowns de réception du joueur Plus / Moins,31467,77061,1731690666,0.5|sa:player:nfl-973964|NYG,4497680880,Najee Harris (NYG) moins de 0.5,Najee Harris (NYG) moins de 0.5,0.5,0.0,7,False
16514244,LA Rams vs. NY Giants,Najee Harris,Najee Harris (NYG),1ère mi-temps - Touchdowns de réception du joueur Plus / Moins,31467,77061,1731690666,0.5|sa:player:nfl-973964|NYG,4497680879,Najee Harris (NYG) Plus de 0.5,Najee Harris (NYG) Plus de 0.5,0.5,9.0,0,False
16514244,LA Rams vs. NY Giants,Matthew Stafford,Matthew Stafford (LAR),1ère mi-temps - Total de yards à la passe du joueur Plus/Moins,31458,77052,1732872940,129.5|sa:player:nfl-323205|LAR,4501234238,Matthew Stafford (LAR) Plus de 129.5,Matthew Stafford (LAR) Plus de 129.5,129.5,1.8334,0,False
16514244,LA Rams vs. NY Giants,Matthew Stafford,Matthew Stafford (LAR),1ère mi-temps - Total de yards à la passe du joueur Plus/Moins,31458,77052,1732872940,129.5|sa:player:nfl-323205|LAR,4501234239,Matthew Stafford (LAR) moins de 129.5,Matthew Stafford (LAR) moins de 129.5,129.5,1.7693,0,False
16514244,LA Rams vs. NY Giants,Jaxson Dart,Jaxson Dart (NYG),1ère mi-temps - Total de yards à la passe du joueur Plus/Moins,31458,77052,1737206140,100.5|sa:player:nfl-1286260|NYG,4516457993,Jaxson Dart (NYG) Plus de 100.5,Jaxson Dart (NYG) Plus de 100.5,100.5,1.7693,0,False
16514244,LA Rams vs. NY Giants,Jaxson Dart,Jaxson Dart (NYG),1ère mi-temps - Total de yards à la passe du joueur Plus/Moins,31458,77052,1737206140,100.5|sa:player:nfl-1286260|NYG,4516457994,Jaxson Dart (NYG) moins de 100.5,Jaxson Dart (NYG) moins de 100.5,100.5,1.8334,0,False
16514244,LA Rams vs. NY Giants,Matthew Stafford,Matthew Stafford (LAR),1ère mi-temps - Total de Touchdowns à la passe du joueur - Plus/Moins,31461,77055,1731690281,0.5|sa:player:nfl-323205|LAR,4497680208,Matthew Stafford (LAR) moins de 0.5,Matthew Stafford (LAR) moins de 0.5,0.5,2.65,0,False
16514244,LA Rams vs. NY Giants,Matthew Stafford,Matthew Stafford (LAR),1ère mi-temps - Total de Touchdowns à la passe du joueur - Plus/Moins,31461,77055,1731690281,0.5|sa:player:nfl-323205|LAR,4497680207,Matthew Stafford (LAR) Plus de 0.5,Matthew Stafford (LAR) Plus de 0.5,0.5,1.3637,0,False
16514244,LA Rams vs. NY Giants,Jaxson Dart,Jaxson Dart (NYG),1ère mi-temps - Total de Touchdowns à la passe du joueur - Plus/Moins,31461,77055,1731691395,0.5|sa:player:nfl-1286260|NYG,4497682158,Jaxson Dart (NYG) Plus de 0.5,Jaxson Dart (NYG) Plus de 0.5,0.5,1.9524,0,False
16514244,LA Rams vs. NY Giants,Jaxson Dart,Jaxson Dart (NYG),1ère mi-temps - Total de Touchdowns à la passe du joueur - Plus/Moins,31461,77055,1731691395,0.5|sa:player:nfl-1286260|NYG,4497682159,Jaxson Dart (NYG) moins de 0.5,Jaxson Dart (NYG) moins de 0.5,0.5,1.6667,0,False
16514244,LA Rams vs. NY Giants,Matthew Stafford,Matthew Stafford (LAR),1ère mi-temps - Passes réussies du joueur - Plus/Moins,31491,77085,1731690293,11.5|sa:player:nfl-323205|LAR,4497680232,Matthew Stafford (LAR) moins de 11.5,Matthew Stafford (LAR) moins de 11.5,11.5,1.9091,0,False
16514244,LA Rams vs. NY Giants,Matthew Stafford,Matthew Stafford (LAR),1ère mi-temps - Passes réussies du joueur - Plus/Moins,31491,77085,1731690293,11.5|sa:player:nfl-323205|LAR,4497680231,Matthew Stafford (LAR) Plus de 11.5,Matthew Stafford (LAR) Plus de 11.5,11.5,1.7143,0,False
16514244,LA Rams vs. NY Giants,Jaxson Dart,Jaxson Dart (NYG),1ère mi-temps - Passes réussies du joueur - Plus/Moins,31491,77085,1732077436,9.5|sa:player:nfl-1286260|NYG,4499014094,Jaxson Dart (NYG) Plus de 9.5,Jaxson Dart (NYG) Plus de 9.5,9.5,1.8334,0,False
16514244,LA Rams vs. NY Giants,Jaxson Dart,Jaxson Dart (NYG),1ère mi-temps - Passes réussies du joueur - Plus/Moins,31491,77085,1732077436,9.5|sa:player:nfl-1286260|NYG,4499014095,Jaxson Dart (NYG) moins de 9.5,Jaxson Dart (NYG) moins de 9.5,9.5,1.7693,0,False
16514244,LA Rams vs. NY Giants,Matthew Stafford,Matthew Stafford (LAR),1ère mi-temps - Joueur Tentative de passe - Plus/Moins,31479,77073,1731690290,17.5|sa:player:nfl-323205|LAR,4497680225,Matthew Stafford (LAR) Plus de 17.5,Matthew Stafford (LAR) Plus de 17.5,17.5,1.8334,0,False
16514244,LA Rams vs. NY Giants,Matthew Stafford,Matthew Stafford (LAR),1ère mi-temps - Joueur Tentative de passe - Plus/Moins,31479,77073,1731690290,17.5|sa:player:nfl-323205|LAR,4497680226,Matthew Stafford (LAR) moins de 17.5,Matthew Stafford (LAR) moins de 17.5,17.5,1.7693,0,False
16514244,LA Rams vs. NY Giants,Jaxson Dart,Jaxson Dart (NYG),1ère mi-temps - Joueur Tentative de passe - Plus/Moins,31479,77073,1732077435,14.5|sa:player:nfl-1286260|NYG,4499014092,Jaxson Dart (NYG) Plus de 14.5,Jaxson Dart (NYG) Plus de 14.5,14.5,1.9091,0,False
16514244,LA Rams vs. NY Giants,Jaxson Dart,Jaxson Dart (NYG),1ère mi-temps - Joueur Tentative de passe - Plus/Moins,31479,77073,1732077435,14.5|sa:player:nfl-1286260|NYG,4499014093,Jaxson Dart (NYG) moins de 14.5,Jaxson Dart (NYG) moins de 14.5,14.5,1.7143,0,False
16514244,LA Rams vs. NY Giants,Matthew Stafford,Matthew Stafford (LAR),1ère mi-temps - Interceptions du joueur Plus/Moins,31476,77070,1731690287,0.5|sa:player:nfl-323205|LAR,4497680219,Matthew Stafford (LAR) Plus de 0.5,Matthew Stafford (LAR) Plus de 0.5,0.5,3.2,0,False
16514244,LA Rams vs. NY Giants,Matthew Stafford,Matthew Stafford (LAR),1ère mi-temps - Interceptions du joueur Plus/Moins,31476,77070,1731690287,0.5|sa:player:nfl-323205|LAR,4497680220,Matthew Stafford (LAR) moins de 0.5,Matthew Stafford (LAR) moins de 0.5,0.5,1.25,0,False
16514244,LA Rams vs. NY Giants,Jaxson Dart,Jaxson Dart (NYG),1ère mi-temps - Interceptions du joueur Plus/Moins,31476,77070,1731691401,0.5|sa:player:nfl-1286260|NYG,4497682170,Jaxson Dart (NYG) Plus de 0.5,Jaxson Dart (NYG) Plus de 0.5,0.5,3.4,0,False
16514244,LA Rams vs. NY Giants,Jaxson Dart,Jaxson Dart (NYG),1ère mi-temps - Interceptions du joueur Plus/Moins,31476,77070,1731691401,0.5|sa:player:nfl-1286260|NYG,4497682171,Jaxson Dart (NYG) moins de 0.5,Jaxson Dart (NYG) moins de 0.5,0.5,1.2223,0,False
16514244,LA Rams vs. NY Giants,Matthew Stafford,Matthew Stafford (LAR),Total de Touchdowns à la passe du joueur (Incl. Prolongations),761,71923,1731690270,1.5|sa:player:nfl-323205|LAR,4497680185,Matthew Stafford (LAR) Plus de 1.5,Matthew Stafford (LAR) Plus de 1.5,1.5,1.5264,0,False
16514244,LA Rams vs. NY Giants,Matthew Stafford,Matthew Stafford (LAR),Total de Touchdowns à la passe du joueur (Incl. Prolongations),761,71923,1731690270,1.5|sa:player:nfl-323205|LAR,4497680186,Matthew Stafford (LAR) moins de 1.5,Matthew Stafford (LAR) moins de 1.5,1.5,2.25,0,False
16514244,LA Rams vs. NY Giants,Jaxson Dart,Jaxson Dart (NYG),Total de Touchdowns à la passe du joueur (Incl. Prolongations),761,71923,1731691384,1.5|sa:player:nfl-1286260|NYG,4497682136,Jaxson Dart (NYG) Plus de 1.5,Jaxson Dart (NYG) Plus de 1.5,1.5,2.65,0,False
16514244,LA Rams vs. NY Giants,Jaxson Dart,Jaxson Dart (NYG),Total de Touchdowns à la passe du joueur (Incl. Prolongations),761,71923,1731691384,1.5|sa:player:nfl-1286260|NYG,4497682137,Jaxson Dart (NYG) moins de 1.5,Jaxson Dart (NYG) moins de 1.5,1.5,1.3847,0,False
16514244,LA Rams vs. NY Giants,Kyren Williams,Kyren Williams (LAR),2ème mi-temps - Total de yards à la course du joueur Plus/Moins,31471,77065,1732884021,31.5|sa:player:nfl-1167361|LAR,4501260476,Kyren Williams (LAR) Plus de 31.5,Kyren Williams (LAR) Plus de 31.5,31.5,1.8334,0,False
16514244,LA Rams vs. NY Giants,Kyren Williams,Kyren Williams (LAR),2ème mi-temps - Total de yards à la course du joueur Plus/Moins,31471,77065,1732884021,31.5|sa:player:nfl-1167361|LAR,4501260477,Kyren Williams (LAR) moins de 31.5,Kyren Williams (LAR) moins de 31.5,31.5,1.7693,0,False
16514244,LA Rams vs. NY Giants,Blake Corum,Blake Corum (LAR),2ème mi-temps - Total de yards à la course du joueur Plus/Moins,31471,77065,1732859906,23.5|sa:player:nfl-1229540|LAR,4501203970,Blake Corum (LAR) Plus de 23.5,Blake Corum (LAR) Plus de 23.5,23.5,1.7693,0,False
16514244,LA Rams vs. NY Giants,Blake Corum,Blake Corum (LAR),2ème mi-temps - Total de yards à la course du joueur Plus/Moins,31471,77065,1732859906,23.5|sa:player:nfl-1229540|LAR,4501203971,Blake Corum (LAR) moins de 23.5,Blake Corum (LAR) moins de 23.5,23.5,1.8334,0,False
16514244,LA Rams vs. NY Giants,Cameron Skattebo,Cameron Skattebo (NYG),2ème mi-temps - Total de yards à la course du joueur Plus/Moins,31471,77065,1732491369,21.5|sa:player:nfl-1280316|NYG,4500306712,Cameron Skattebo (NYG) moins de 21.5,Cameron Skattebo (NYG) moins de 21.5,21.5,1.8334,0,False
16514244,LA Rams vs. NY Giants,Cameron Skattebo,Cameron Skattebo (NYG),2ème mi-temps - Total de yards à la course du joueur Plus/Moins,31471,77065,1732491369,21.5|sa:player:nfl-1280316|NYG,4500306711,Cameron Skattebo (NYG) Plus de 21.5,Cameron Skattebo (NYG) Plus de 21.5,21.5,1.7693,0,False
16514244,LA Rams vs. NY Giants,Jaxson Dart,Jaxson Dart (NYG),2ème mi-temps - Total de yards à la course du joueur Plus/Moins,31471,77065,1740889455,12.5|sa:player:nfl-1286260|NYG,4529142762,Jaxson Dart (NYG) Plus de 12.5,Jaxson Dart (NYG) Plus de 12.5,12.5,1.7693,0,False
16514244,LA Rams vs. NY Giants,Jaxson Dart,Jaxson Dart (NYG),2ème mi-temps - Total de yards à la course du joueur Plus/Moins,31471,77065,1740889455,12.5|sa:player:nfl-1286260|NYG,4529142763,Jaxson Dart (NYG) moins de 12.5,Jaxson Dart (NYG) moins de 12.5,12.5,1.8334,0,False
16514244,LA Rams vs. NY Giants,Devin Singletary,Devin Singletary (NYG),2ème mi-temps - Total de yards à la course du joueur Plus/Moins,31471,77065,1734174867,6.5|sa:player:nfl-916466|NYG,4505416481,Devin Singletary (NYG) Plus de 6.5,Devin Singletary (NYG) Plus de 6.5,6.5,1.8334,0,False
16514244,LA Rams vs. NY Giants,Devin Singletary,Devin Singletary (NYG),2ème mi-temps - Total de yards à la course du joueur Plus/Moins,31471,77065,1734174867,6.5|sa:player:nfl-916466|NYG,4505416482,Devin Singletary (NYG) moins de 6.5,Devin Singletary (NYG) moins de 6.5,6.5,1.7693,0,False
16514244,LA Rams vs. NY Giants,Matthew Stafford,Matthew Stafford (LAR),2ème mi-temps - Total de yards à la course du joueur Plus/Moins,31471,77065,1731690301,-0.5|sa:player:nfl-323205|LAR,4497680248,Matthew Stafford (LAR) moins de -0.5,Matthew Stafford (LAR) moins de -0.5,-0.5,2.4,0,False
16514244,LA Rams vs. NY Giants,Matthew Stafford,Matthew Stafford (LAR),2ème mi-temps - Total de yards à la course du joueur Plus/Moins,31471,77065,1731690301,-0.5|sa:player:nfl-323205|LAR,4497680247,Matthew Stafford (LAR) Plus de -0.5,Matthew Stafford (LAR) Plus de -0.5,-0.5,1.4445,0,False
16514244,LA Rams vs. NY Giants,Kyren Williams,Kyren Williams (LAR),2ème mi-temps - Touchdowns de course du joueur Plus / Moins,31474,77068,1731691092,0.5|sa:player:nfl-1167361|LAR,4497681630,Kyren Williams (LAR) Plus de 0.5,Kyren Williams (LAR) Plus de 0.5,0.5,2.65,0,False
16514244,LA Rams vs. NY Giants,Kyren Williams,Kyren Williams (LAR),2ème mi-temps - Touchdowns de course du joueur Plus / Moins,31474,77068,1731691092,0.5|sa:player:nfl-1167361|LAR,4497681631,Kyren Williams (LAR) moins de 0.5,Kyren Williams (LAR) moins de 0.5,0.5,1.3637,0,False
16514244,LA Rams vs. NY Giants,Cameron Skattebo,Cameron Skattebo (NYG),2ème mi-temps - Touchdowns de course du joueur Plus / Moins,31474,77068,1731691309,0.5|sa:player:nfl-1280316|NYG,4497682013,Cameron Skattebo (NYG) Plus de 0.5,Cameron Skattebo (NYG) Plus de 0.5,0.5,3.6,0,False
16514244,LA Rams vs. NY Giants,Cameron Skattebo,Cameron Skattebo (NYG),2ème mi-temps - Touchdowns de course du joueur Plus / Moins,31474,77068,1731691309,0.5|sa:player:nfl-1280316|NYG,4497682014,Cameron Skattebo (NYG) moins de 0.5,Cameron Skattebo (NYG) moins de 0.5,0.5,1.2,0,False
16514244,LA Rams vs. NY Giants,Blake Corum,Blake Corum (LAR),2ème mi-temps - Touchdowns de course du joueur Plus / Moins,31474,77068,1731691245,0.5|sa:player:nfl-1229540|LAR,4497681898,Blake Corum (LAR) Plus de 0.5,Blake Corum (LAR) Plus de 0.5,0.5,4.25,0,False
16514244,LA Rams vs. NY Giants,Blake Corum,Blake Corum (LAR),2ème mi-temps - Touchdowns de course du joueur Plus / Moins,31474,77068,1731691245,0.5|sa:player:nfl-1229540|LAR,4497681899,Blake Corum (LAR) moins de 0.5,Blake Corum (LAR) moins de 0.5,0.5,1.1429,0,False
16514244,LA Rams vs. NY Giants,Jaxson Dart,Jaxson Dart (NYG),2ème mi-temps - Touchdowns de course du joueur Plus / Moins,31474,77068,1731691418,0.5|sa:player:nfl-1286260|NYG,4497682204,Jaxson Dart (NYG) Plus de 0.5,Jaxson Dart (NYG) Plus de 0.5,0.5,4.75,0,False
16514244,LA Rams vs. NY Giants,Jaxson Dart,Jaxson Dart (NYG),2ème mi-temps - Touchdowns de course du joueur Plus / Moins,31474,77068,1731691418,0.5|sa:player:nfl-1286260|NYG,4497682205,Jaxson Dart (NYG) moins de 0.5,Jaxson Dart (NYG) moins de 0.5,0.5,1.1112,0,False
16514244,LA Rams vs. NY Giants,Devin Singletary,Devin Singletary (NYG),2ème mi-temps - Touchdowns de course du joueur Plus / Moins,31474,77068,1731690629,0.5|sa:player:nfl-916466|NYG,4497680816,Devin Singletary (NYG) Plus de 0.5,Devin Singletary (NYG) Plus de 0.5,0.5,7.0,0,False
16514244,LA Rams vs. NY Giants,Devin Singletary,Devin Singletary (NYG),2ème mi-temps - Touchdowns de course du joueur Plus / Moins,31474,77068,1731690629,0.5|sa:player:nfl-916466|NYG,4497680817,Devin Singletary (NYG) moins de 0.5,Devin Singletary (NYG) moins de 0.5,0.5,1.0334,0,False
16514244,LA Rams vs. NY Giants,Najee Harris,Najee Harris (NYG),2ème mi-temps - Touchdowns de course du joueur Plus / Moins,31474,77068,1731690680,0.5|sa:player:nfl-973964|NYG,4497680907,Najee Harris (NYG) Plus de 0.5,Najee Harris (NYG) Plus de 0.5,0.5,7.75,0,False
16514244,LA Rams vs. NY Giants,Najee Harris,Najee Harris (NYG),2ème mi-temps - Touchdowns de course du joueur Plus / Moins,31474,77068,1731690680,0.5|sa:player:nfl-973964|NYG,4497680908,Najee Harris (NYG) moins de 0.5,Najee Harris (NYG) moins de 0.5,0.5,1.02,0,False
16514244,LA Rams vs. NY Giants,Matthew Stafford,Matthew Stafford (LAR),2ème mi-temps - Touchdowns de course du joueur Plus / Moins,31474,77068,1731690304,0.5|sa:player:nfl-323205|LAR,4497680253,Matthew Stafford (LAR) Plus de 0.5,Matthew Stafford (LAR) Plus de 0.5,0.5,8.5,0,False
16514244,LA Rams vs. NY Giants,Matthew Stafford,Matthew Stafford (LAR),2ème mi-temps - Touchdowns de course du joueur Plus / Moins,31474,77068,1731690304,0.5|sa:player:nfl-323205|LAR,4497680254,Matthew Stafford (LAR) moins de 0.5,Matthew Stafford (LAR) moins de 0.5,0.5,0.0,7,False
16514244,LA Rams vs. NY Giants,Ronnie Rivers,Ronnie Rivers (LAR),2ème mi-temps - Touchdowns de course du joueur Plus / Moins,31474,77068,1731690721,0.5|sa:player:nfl-976804|LAR,4497680980,Ronnie Rivers (LAR) Plus de 0.5,Ronnie Rivers (LAR) Plus de 0.5,0.5,8.5,0,False
16514244,LA Rams vs. NY Giants,Ronnie Rivers,Ronnie Rivers (LAR),2ème mi-temps - Touchdowns de course du joueur Plus / Moins,31474,77068,1731690721,0.5|sa:player:nfl-976804|LAR,4497680981,Ronnie Rivers (LAR) moins de 0.5,Ronnie Rivers (LAR) moins de 0.5,0.5,1.01,0,False
16514244,LA Rams vs. NY Giants,Kyren Williams,Kyren Williams (LAR),2ème mi-temps - Tentatives de rushing du joueur Plus/Moins,31483,77077,1732878876,6.5|sa:player:nfl-1167361|LAR,4501248326,Kyren Williams (LAR) Plus de 6.5,Kyren Williams (LAR) Plus de 6.5,6.5,1.7143,0,False
16514244,LA Rams vs. NY Giants,Kyren Williams,Kyren Williams (LAR),2ème mi-temps - Tentatives de rushing du joueur Plus/Moins,31483,77077,1732878876,6.5|sa:player:nfl-1167361|LAR,4501248327,Kyren Williams (LAR) moins de 6.5,Kyren Williams (LAR) moins de 6.5,6.5,1.9091,0,False
16514244,LA Rams vs. NY Giants,Blake Corum,Blake Corum (LAR),2ème mi-temps - Tentatives de rushing du joueur Plus/Moins,31483,77077,1732855329,5.5|sa:player:nfl-1229540|LAR,4501193397,Blake Corum (LAR) Plus de 5.5,Blake Corum (LAR) Plus de 5.5,5.5,1.7408,0,False
16514244,LA Rams vs. NY Giants,Blake Corum,Blake Corum (LAR),2ème mi-temps - Tentatives de rushing du joueur Plus/Moins,31483,77077,1732855329,5.5|sa:player:nfl-1229540|LAR,4501193398,Blake Corum (LAR) moins de 5.5,Blake Corum (LAR) moins de 5.5,5.5,1.8696,0,False
16514244,LA Rams vs. NY Giants,Cameron Skattebo,Cameron Skattebo (NYG),2ème mi-temps - Tentatives de rushing du joueur Plus/Moins,31483,77077,1731691312,5.5|sa:player:nfl-1280316|NYG,4497682019,Cameron Skattebo (NYG) Plus de 5.5,Cameron Skattebo (NYG) Plus de 5.5,5.5,1.7693,0,False
16514244,LA Rams vs. NY Giants,Cameron Skattebo,Cameron Skattebo (NYG),2ème mi-temps - Tentatives de rushing du joueur Plus/Moins,31483,77077,1731691312,5.5|sa:player:nfl-1280316|NYG,4497682020,Cameron Skattebo (NYG) moins de 5.5,Cameron Skattebo (NYG) moins de 5.5,5.5,1.8334,0,False
16514244,LA Rams vs. NY Giants,Jaxson Dart,Jaxson Dart (NYG),2ème mi-temps - Tentatives de rushing du joueur Plus/Moins,31483,77077,1731691421,2.5|sa:player:nfl-1286260|NYG,4497682210,Jaxson Dart (NYG) Plus de 2.5,Jaxson Dart (NYG) Plus de 2.5,2.5,1.6061,0,False
16514244,LA Rams vs. NY Giants,Jaxson Dart,Jaxson Dart (NYG),2ème mi-temps - Tentatives de rushing du joueur Plus/Moins,31483,77077,1731691421,2.5|sa:player:nfl-1286260|NYG,4497682211,Jaxson Dart (NYG) moins de 2.5,Jaxson Dart (NYG) moins de 2.5,2.5,2.05,0,False
16514244,LA Rams vs. NY Giants,Devin Singletary,Devin Singletary (NYG),2ème mi-temps - Tentatives de rushing du joueur Plus/Moins,31483,77077,1731690632,2.5|sa:player:nfl-916466|NYG,4497680822,Devin Singletary (NYG) Plus de 2.5,Devin Singletary (NYG) Plus de 2.5,2.5,2.3,0,False
16514244,LA Rams vs. NY Giants,Devin Singletary,Devin Singletary (NYG),2ème mi-temps - Tentatives de rushing du joueur Plus/Moins,31483,77077,1731690632,2.5|sa:player:nfl-916466|NYG,4497680823,Devin Singletary (NYG) moins de 2.5,Devin Singletary (NYG) moins de 2.5,2.5,1.4762,0,False
16514244,LA Rams vs. NY Giants,Matthew Stafford,Matthew Stafford (LAR),2ème mi-temps - Tentatives de rushing du joueur Plus/Moins,31483,77077,1731690307,0.5|sa:player:nfl-323205|LAR,4497680259,Matthew Stafford (LAR) Plus de 0.5,Matthew Stafford (LAR) Plus de 0.5,0.5,1.5264,0,False
16514244,LA Rams vs. NY Giants,Matthew Stafford,Matthew Stafford (LAR),2ème mi-temps - Tentatives de rushing du joueur Plus/Moins,31483,77077,1731690307,0.5|sa:player:nfl-323205|LAR,4497680260,Matthew Stafford (LAR) moins de 0.5,Matthew Stafford (LAR) moins de 0.5,0.5,2.2,0,False
16514244,LA Rams vs. NY Giants,Kyren Williams,Kyren Williams (LAR),2ème mi-temps - Yards de course et de réception du joueur Plus / Moins,31489,77083,1732884024,39.5|sa:player:nfl-1167361|LAR,4501260482,Kyren Williams (LAR) Plus de 39.5,Kyren Williams (LAR) Plus de 39.5,39.5,1.8334,0,False
16514244,LA Rams vs. NY Giants,Kyren Williams,Kyren Williams (LAR),2ème mi-temps - Yards de course et de réception du joueur Plus / Moins,31489,77083,1732884024,39.5|sa:player:nfl-1167361|LAR,4501260483,Kyren Williams (LAR) moins de 39.5,Kyren Williams (LAR) moins de 39.5,39.5,1.7693,0,False
16514244,LA Rams vs. NY Giants,Cameron Skattebo,Cameron Skattebo (NYG),2ème mi-temps - Yards de course et de réception du joueur Plus / Moins,31489,77083,1731691321,29.5|sa:player:nfl-1280316|NYG,4497682034,Cameron Skattebo (NYG) Plus de 29.5,Cameron Skattebo (NYG) Plus de 29.5,29.5,1.7693,0,False
16514244,LA Rams vs. NY Giants,Cameron Skattebo,Cameron Skattebo (NYG),2ème mi-temps - Yards de course et de réception du joueur Plus / Moins,31489,77083,1731691321,29.5|sa:player:nfl-1280316|NYG,4497682035,Cameron Skattebo (NYG) moins de 29.5,Cameron Skattebo (NYG) moins de 29.5,29.5,1.8334,0,False
16514244,LA Rams vs. NY Giants,Devin Singletary,Devin Singletary (NYG),2ème mi-temps - Yards de course et de réception du joueur Plus / Moins,31489,77083,1732856366,10.5|sa:player:nfl-916466|NYG,4501196034,Devin Singletary (NYG) Plus de 10.5,Devin Singletary (NYG) Plus de 10.5,10.5,1.8334,0,False
16514244,LA Rams vs. NY Giants,Devin Singletary,Devin Singletary (NYG),2ème mi-temps - Yards de course et de réception du joueur Plus / Moins,31489,77083,1732856366,10.5|sa:player:nfl-916466|NYG,4501196035,Devin Singletary (NYG) moins de 10.5,Devin Singletary (NYG) moins de 10.5,10.5,1.7693,0,False
16514244,LA Rams vs. NY Giants,Puka Nacua,Puka Nacua (LAR),2ème mi-temps - Total de réceptions Plus/Moins,31486,77080,1731691022,2.5|sa:player:nfl-1162128|LAR,4497681509,Puka Nacua (LAR) Plus de 2.5,Puka Nacua (LAR) Plus de 2.5,2.5,1.5264,0,False
16514244,LA Rams vs. NY Giants,Puka Nacua,Puka Nacua (LAR),2ème mi-temps - Total de réceptions Plus/Moins,31486,77080,1731691022,2.5|sa:player:nfl-1162128|LAR,4497681510,Puka Nacua (LAR) moins de 2.5,Puka Nacua (LAR) moins de 2.5,2.5,2.2,0,False
16514244,LA Rams vs. NY Giants,Malik Nabers,Malik Nabers (NYG),2ème mi-temps - Total de réceptions Plus/Moins,31486,77080,1731691340,2.5|sa:player:nfl-1286059|NYG,4497682066,Malik Nabers (NYG) Plus de 2.5,Malik Nabers (NYG) Plus de 2.5,2.5,1.6667,0,False
16514244,LA Rams vs. NY Giants,Malik Nabers,Malik Nabers (NYG),2ème mi-temps - Total de réceptions Plus/Moins,31486,77080,1731691340,2.5|sa:player:nfl-1286059|NYG,4497682067,Malik Nabers (NYG) moins de 2.5,Malik Nabers (NYG) moins de 2.5,2.5,1.9524,0,False
16514244,LA Rams vs. NY Giants,Isaiah Likely,Isaiah Likely (NYG),2ème mi-temps - Total de réceptions Plus/Moins,31486,77080,1732546866,2.5|sa:player:nfl-1125111|NYG,4500438265,Isaiah Likely (NYG) Plus de 2.5,Isaiah Likely (NYG) Plus de 2.5,2.5,1.9524,0,False
16514244,LA Rams vs. NY Giants,Isaiah Likely,Isaiah Likely (NYG),2ème mi-temps - Total de réceptions Plus/Moins,31486,77080,1732546866,2.5|sa:player:nfl-1125111|NYG,4500438266,Isaiah Likely (NYG) moins de 2.5,Isaiah Likely (NYG) moins de 2.5,2.5,1.6667,0,False
16514244,LA Rams vs. NY Giants,Davante Adams,Davante Adams (LAR),2ème mi-temps - Total de réceptions Plus/Moins,31486,77080,1739712532,2.5|sa:player:nfl-611417|LAR,4525608624,Davante Adams (LAR) moins de 2.5,Davante Adams (LAR) moins de 2.5,2.5,1.6061,0,False
16514244,LA Rams vs. NY Giants,Davante Adams,Davante Adams (LAR),2ème mi-temps - Total de réceptions Plus/Moins,31486,77080,1739712532,2.5|sa:player:nfl-611417|LAR,4525608623,Davante Adams (LAR) Plus de 2.5,Davante Adams (LAR) Plus de 2.5,2.5,2.05,0,False
16514244,LA Rams vs. NY Giants,Colby Parkinson,Colby Parkinson (LAR),2ème mi-temps - Total de réceptions Plus/Moins,31486,77080,1731690769,1.5|sa:player:nfl-1060312|LAR,4497681064,Colby Parkinson (LAR) Plus de 1.5,Colby Parkinson (LAR) Plus de 1.5,1.5,2.05,0,False
16514244,LA Rams vs. NY Giants,Colby Parkinson,Colby Parkinson (LAR),2ème mi-temps - Total de réceptions Plus/Moins,31486,77080,1731690769,1.5|sa:player:nfl-1060312|LAR,4497681065,Colby Parkinson (LAR) moins de 1.5,Colby Parkinson (LAR) moins de 1.5,1.5,1.6061,0,False
16514244,LA Rams vs. NY Giants,Terrance Ferguson,Terrance Ferguson (LAR),2ème mi-temps - Total de réceptions Plus/Moins,31486,77080,1742852307,1.5|sa:player:nfl-1286179|LAR,4534476437,Terrance Ferguson (LAR) Plus de 1.5,Terrance Ferguson (LAR) Plus de 1.5,1.5,2.55,0,False
16514244,LA Rams vs. NY Giants,Terrance Ferguson,Terrance Ferguson (LAR),2ème mi-temps - Total de réceptions Plus/Moins,31486,77080,1742852307,1.5|sa:player:nfl-1286179|LAR,4534476438,Terrance Ferguson (LAR) moins de 1.5,Terrance Ferguson (LAR) moins de 1.5,1.5,1.4,0,False
16514244,LA Rams vs. NY Giants,Kyren Williams,Kyren Williams (LAR),2ème mi-temps - Total de réceptions Plus/Moins,31486,77080,1732861710,0.5|sa:player:nfl-1167361|LAR,4501208077,Kyren Williams (LAR) Plus de 0.5,Kyren Williams (LAR) Plus de 0.5,0.5,1.3637,0,False
16514244,LA Rams vs. NY Giants,Kyren Williams,Kyren Williams (LAR),2ème mi-temps - Total de réceptions Plus/Moins,31486,77080,1732861710,0.5|sa:player:nfl-1167361|LAR,4501208078,Kyren Williams (LAR) moins de 0.5,Kyren Williams (LAR) moins de 0.5,0.5,2.65,0,False
16514244,LA Rams vs. NY Giants,Malachi Fields,Malachi Fields (NYG),2ème mi-temps - Total de réceptions Plus/Moins,31486,77080,1731691176,0.5|sa:player:nfl-1319589|NYG,4497681776,Malachi Fields (NYG) moins de 0.5,Malachi Fields (NYG) moins de 0.5,0.5,2.6,0,False
16514244,LA Rams vs. NY Giants,Malachi Fields,Malachi Fields (NYG),2ème mi-temps - Total de réceptions Plus/Moins,31486,77080,1731691176,0.5|sa:player:nfl-1319589|NYG,4497681775,Malachi Fields (NYG) Plus de 0.5,Malachi Fields (NYG) Plus de 0.5,0.5,1.3847,0,False
16514244,LA Rams vs. NY Giants,Cameron Skattebo,Cameron Skattebo (NYG),2ème mi-temps - Total de réceptions Plus/Moins,31486,77080,1731723144,0.5|sa:player:nfl-1280316|NYG,4497774824,Cameron Skattebo (NYG) Plus de 0.5,Cameron Skattebo (NYG) Plus de 0.5,0.5,1.4348,0,False
16514244,LA Rams vs. NY Giants,Cameron Skattebo,Cameron Skattebo (NYG),2ème mi-temps - Total de réceptions Plus/Moins,31486,77080,1731723144,0.5|sa:player:nfl-1280316|NYG,4497774825,Cameron Skattebo (NYG) moins de 0.5,Cameron Skattebo (NYG) moins de 0.5,0.5,2.4,0,False
16514244,LA Rams vs. NY Giants,Devin Singletary,Devin Singletary (NYG),2ème mi-temps - Total de réceptions Plus/Moins,31486,77080,1731690619,0.5|sa:player:nfl-916466|NYG,4497680796,Devin Singletary (NYG) Plus de 0.5,Devin Singletary (NYG) Plus de 0.5,0.5,2.0,0,False
16514244,LA Rams vs. NY Giants,Devin Singletary,Devin Singletary (NYG),2ème mi-temps - Total de réceptions Plus/Moins,31486,77080,1731690619,0.5|sa:player:nfl-916466|NYG,4497680797,Devin Singletary (NYG) moins de 0.5,Devin Singletary (NYG) moins de 0.5,0.5,1.6471,0,False
16514244,LA Rams vs. NY Giants,Darnell Mooney,Darnell Mooney (NYG),2ème mi-temps - Total de réceptions Plus/Moins,31486,77080,1731690592,0.5|sa:player:nfl-912027|NYG,4497680752,Darnell Mooney (NYG) moins de 0.5,Darnell Mooney (NYG) moins de 0.5,0.5,1.6061,0,False
16514244,LA Rams vs. NY Giants,Darnell Mooney,Darnell Mooney (NYG),2ème mi-temps - Total de réceptions Plus/Moins,31486,77080,1731690592,0.5|sa:player:nfl-912027|NYG,4497680751,Darnell Mooney (NYG) Plus de 0.5,Darnell Mooney (NYG) Plus de 0.5,0.5,2.05,0,False
16514244,LA Rams vs. NY Giants,Odell Beckham Jr.,Odell Beckham Jr. (NYG),2ème mi-temps - Total de réceptions Plus/Moins,31486,77080,1731690369,0.5|sa:player:nfl-589984|NYG,4497680363,Odell Beckham Jr. (NYG) Plus de 0.5,Odell Beckham Jr. (NYG) Plus de 0.5,0.5,2.55,0,False
16514244,LA Rams vs. NY Giants,Odell Beckham Jr.,Odell Beckham Jr. (NYG),2ème mi-temps - Total de réceptions Plus/Moins,31486,77080,1731690369,0.5|sa:player:nfl-589984|NYG,4497680364,Odell Beckham Jr. (NYG) moins de 0.5,Odell Beckham Jr. (NYG) moins de 0.5,0.5,1.4,0,False
16514244,LA Rams vs. NY Giants,Puka Nacua,Puka Nacua (LAR),2ème mi-temps - Yards reçus par le joueur - Plus/Moins,31465,77059,1741328190,33.5|sa:player:nfl-1162128|LAR,4530237197,Puka Nacua (LAR) Plus de 33.5,Puka Nacua (LAR) Plus de 33.5,33.5,1.8334,0,False
16514244,LA Rams vs. NY Giants,Puka Nacua,Puka Nacua (LAR),2ème mi-temps - Yards reçus par le joueur - Plus/Moins,31465,77059,1741328190,33.5|sa:player:nfl-1162128|LAR,4530237198,Puka Nacua (LAR) moins de 33.5,Puka Nacua (LAR) moins de 33.5,33.5,1.7693,0,False
16514244,LA Rams vs. NY Giants,Malik Nabers,Malik Nabers (NYG),2ème mi-temps - Yards reçus par le joueur - Plus/Moins,31465,77059,1734185968,29.5|sa:player:nfl-1286059|NYG,4505443878,Malik Nabers (NYG) Plus de 29.5,Malik Nabers (NYG) Plus de 29.5,29.5,1.7693,0,False
16514244,LA Rams vs. NY Giants,Malik Nabers,Malik Nabers (NYG),2ème mi-temps - Yards reçus par le joueur - Plus/Moins,31465,77059,1734185968,29.5|sa:player:nfl-1286059|NYG,4505443879,Malik Nabers (NYG) moins de 29.5,Malik Nabers (NYG) moins de 29.5,29.5,1.8334,0,False
16514244,LA Rams vs. NY Giants,Davante Adams,Davante Adams (LAR),2ème mi-temps - Yards reçus par le joueur - Plus/Moins,31465,77059,1739713047,24.5|sa:player:nfl-611417|LAR,4525609792,Davante Adams (LAR) moins de 24.5,Davante Adams (LAR) moins de 24.5,24.5,1.8334,0,False
16514244,LA Rams vs. NY Giants,Davante Adams,Davante Adams (LAR),2ème mi-temps - Yards reçus par le joueur - Plus/Moins,31465,77059,1739713047,24.5|sa:player:nfl-611417|LAR,4525609791,Davante Adams (LAR) Plus de 24.5,Davante Adams (LAR) Plus de 24.5,24.5,1.7693,0,False
16514244,LA Rams vs. NY Giants,Isaiah Likely,Isaiah Likely (NYG),2ème mi-temps - Yards reçus par le joueur - Plus/Moins,31465,77059,1734162833,21.5|sa:player:nfl-1125111|NYG,4505377986,Isaiah Likely (NYG) Plus de 21.5,Isaiah Likely (NYG) Plus de 21.5,21.5,1.8334,0,False
16514244,LA Rams vs. NY Giants,Isaiah Likely,Isaiah Likely (NYG),2ème mi-temps - Yards reçus par le joueur - Plus/Moins,31465,77059,1734162833,21.5|sa:player:nfl-1125111|NYG,4505377987,Isaiah Likely (NYG) moins de 21.5,Isaiah Likely (NYG) moins de 21.5,21.5,1.7693,0,False
16514244,LA Rams vs. NY Giants,Colby Parkinson,Colby Parkinson (LAR),2ème mi-temps - Yards reçus par le joueur - Plus/Moins,31465,77059,1732852277,10.5|sa:player:nfl-1060312|LAR,4501165374,Colby Parkinson (LAR) Plus de 10.5,Colby Parkinson (LAR) Plus de 10.5,10.5,1.7693,0,False
16514244,LA Rams vs. NY Giants,Colby Parkinson,Colby Parkinson (LAR),2ème mi-temps - Yards reçus par le joueur - Plus/Moins,31465,77059,1732852277,10.5|sa:player:nfl-1060312|LAR,4501165375,Colby Parkinson (LAR) moins de 10.5,Colby Parkinson (LAR) moins de 10.5,10.5,1.8334,0,False
16514244,LA Rams vs. NY Giants,Terrance Ferguson,Terrance Ferguson (LAR),2ème mi-temps - Yards reçus par le joueur - Plus/Moins,31465,77059,1742852306,10.5|sa:player:nfl-1286179|LAR,4534476435,Terrance Ferguson (LAR) Plus de 10.5,Terrance Ferguson (LAR) Plus de 10.5,10.5,1.7693,0,False
16514244,LA Rams vs. NY Giants,Terrance Ferguson,Terrance Ferguson (LAR),2ème mi-temps - Yards reçus par le joueur - Plus/Moins,31465,77059,1742852306,10.5|sa:player:nfl-1286179|LAR,4534476436,Terrance Ferguson (LAR) moins de 10.5,Terrance Ferguson (LAR) moins de 10.5,10.5,1.8334,0,False
16514244,LA Rams vs. NY Giants,Malachi Fields,Malachi Fields (NYG),2ème mi-temps - Yards reçus par le joueur - Plus/Moins,31465,77059,1732546531,9.5|sa:player:nfl-1319589|NYG,4500437480,Malachi Fields (NYG) Plus de 9.5,Malachi Fields (NYG) Plus de 9.5,9.5,1.7693,0,False
16514244,LA Rams vs. NY Giants,Malachi Fields,Malachi Fields (NYG),2ème mi-temps - Yards reçus par le joueur - Plus/Moins,31465,77059,1732546531,9.5|sa:player:nfl-1319589|NYG,4500437481,Malachi Fields (NYG) moins de 9.5,Malachi Fields (NYG) moins de 9.5,9.5,1.8334,0,False
16514244,LA Rams vs. NY Giants,Kyren Williams,Kyren Williams (LAR),2ème mi-temps - Yards reçus par le joueur - Plus/Moins,31465,77059,1732859898,4.5|sa:player:nfl-1167361|LAR,4501203954,Kyren Williams (LAR) Plus de 4.5,Kyren Williams (LAR) Plus de 4.5,4.5,1.7693,0,False
16514244,LA Rams vs. NY Giants,Kyren Williams,Kyren Williams (LAR),2ème mi-temps - Yards reçus par le joueur - Plus/Moins,31465,77059,1732859898,4.5|sa:player:nfl-1167361|LAR,4501203955,Kyren Williams (LAR) moins de 4.5,Kyren Williams (LAR) moins de 4.5,4.5,1.8334,0,False
16514244,LA Rams vs. NY Giants,Cameron Skattebo,Cameron Skattebo (NYG),2ème mi-temps - Yards reçus par le joueur - Plus/Moins,31465,77059,1732546517,3.5|sa:player:nfl-1280316|NYG,4500437452,Cameron Skattebo (NYG) Plus de 3.5,Cameron Skattebo (NYG) Plus de 3.5,3.5,1.7693,0,False
16514244,LA Rams vs. NY Giants,Cameron Skattebo,Cameron Skattebo (NYG),2ème mi-temps - Yards reçus par le joueur - Plus/Moins,31465,77059,1732546517,3.5|sa:player:nfl-1280316|NYG,4500437453,Cameron Skattebo (NYG) moins de 3.5,Cameron Skattebo (NYG) moins de 3.5,3.5,1.8334,0,False
16514244,LA Rams vs. NY Giants,Darnell Mooney,Darnell Mooney (NYG),2ème mi-temps - Yards reçus par le joueur - Plus/Moins,31465,77059,1732491353,0.5|sa:player:nfl-912027|NYG,4500306680,Darnell Mooney (NYG) moins de 0.5,Darnell Mooney (NYG) moins de 0.5,0.5,1.6061,0,False
16514244,LA Rams vs. NY Giants,Darnell Mooney,Darnell Mooney (NYG),2ème mi-temps - Yards reçus par le joueur - Plus/Moins,31465,77059,1732491353,0.5|sa:player:nfl-912027|NYG,4500306679,Darnell Mooney (NYG) Plus de 0.5,Darnell Mooney (NYG) Plus de 0.5,0.5,2.05,0,False
16514244,LA Rams vs. NY Giants,Devin Singletary,Devin Singletary (NYG),2ème mi-temps - Yards reçus par le joueur - Plus/Moins,31465,77059,1731690613,0.5|sa:player:nfl-916466|NYG,4497680784,Devin Singletary (NYG) Plus de 0.5,Devin Singletary (NYG) Plus de 0.5,0.5,2.2,0,False
16514244,LA Rams vs. NY Giants,Devin Singletary,Devin Singletary (NYG),2ème mi-temps - Yards reçus par le joueur - Plus/Moins,31465,77059,1731690613,0.5|sa:player:nfl-916466|NYG,4497680785,Devin Singletary (NYG) moins de 0.5,Devin Singletary (NYG) moins de 0.5,0.5,1.5264,0,False
16514244,LA Rams vs. NY Giants,Odell Beckham Jr.,Odell Beckham Jr. (NYG),2ème mi-temps - Yards reçus par le joueur - Plus/Moins,31465,77059,1731690363,0.5|sa:player:nfl-589984|NYG,4497680352,Odell Beckham Jr. (NYG) moins de 0.5,Odell Beckham Jr. (NYG) moins de 0.5,0.5,1.4,0,False
16514244,LA Rams vs. NY Giants,Odell Beckham Jr.,Odell Beckham Jr. (NYG),2ème mi-temps - Yards reçus par le joueur - Plus/Moins,31465,77059,1731690363,0.5|sa:player:nfl-589984|NYG,4497680351,Odell Beckham Jr. (NYG) Plus de 0.5,Odell Beckham Jr. (NYG) Plus de 0.5,0.5,2.55,0,False
16514244,LA Rams vs. NY Giants,Davante Adams,Davante Adams (LAR),2ème mi-temps - Touchdowns de réception du joueur Plus / Moins,31468,77062,1731690426,0.5|sa:player:nfl-611417|LAR,4497680458,Davante Adams (LAR) Plus de 0.5,Davante Adams (LAR) Plus de 0.5,0.5,3.1,0,False
16514244,LA Rams vs. NY Giants,Davante Adams,Davante Adams (LAR),2ème mi-temps - Touchdowns de réception du joueur Plus / Moins,31468,77062,1731690426,0.5|sa:player:nfl-611417|LAR,4497680459,Davante Adams (LAR) moins de 0.5,Davante Adams (LAR) moins de 0.5,0.5,1.2667,0,False
16514244,LA Rams vs. NY Giants,Puka Nacua,Puka Nacua (LAR),2ème mi-temps - Touchdowns de réception du joueur Plus / Moins,31468,77062,1731691019,0.5|sa:player:nfl-1162128|LAR,4497681504,Puka Nacua (LAR) moins de 0.5,Puka Nacua (LAR) moins de 0.5,0.5,1.2,0,False
16514244,LA Rams vs. NY Giants,Puka Nacua,Puka Nacua (LAR),2ème mi-temps - Touchdowns de réception du joueur Plus / Moins,31468,77062,1731691019,0.5|sa:player:nfl-1162128|LAR,4497681503,Puka Nacua (LAR) Plus de 0.5,Puka Nacua (LAR) Plus de 0.5,0.5,3.6,0,False
16514244,LA Rams vs. NY Giants,Malik Nabers,Malik Nabers (NYG),2ème mi-temps - Touchdowns de réception du joueur Plus / Moins,31468,77062,1731691337,0.5|sa:player:nfl-1286059|NYG,4497682060,Malik Nabers (NYG) Plus de 0.5,Malik Nabers (NYG) Plus de 0.5,0.5,4.25,0,False
16514244,LA Rams vs. NY Giants,Malik Nabers,Malik Nabers (NYG),2ème mi-temps - Touchdowns de réception du joueur Plus / Moins,31468,77062,1731691337,0.5|sa:player:nfl-1286059|NYG,4497682061,Malik Nabers (NYG) moins de 0.5,Malik Nabers (NYG) moins de 0.5,0.5,1.1429,0,False
16514244,LA Rams vs. NY Giants,Isaiah Likely,Isaiah Likely (NYG),2ème mi-temps - Touchdowns de réception du joueur Plus / Moins,31468,77062,1731690892,0.5|sa:player:nfl-1125111|NYG,4497681284,Isaiah Likely (NYG) Plus de 0.5,Isaiah Likely (NYG) Plus de 0.5,0.5,4.75,0,False
16514244,LA Rams vs. NY Giants,Isaiah Likely,Isaiah Likely (NYG),2ème mi-temps - Touchdowns de réception du joueur Plus / Moins,31468,77062,1731690892,0.5|sa:player:nfl-1125111|NYG,4497681285,Isaiah Likely (NYG) moins de 0.5,Isaiah Likely (NYG) moins de 0.5,0.5,1.1112,0,False
16514244,LA Rams vs. NY Giants,Colby Parkinson,Colby Parkinson (LAR),2ème mi-temps - Touchdowns de réception du joueur Plus / Moins,31468,77062,1731690766,0.5|sa:player:nfl-1060312|LAR,4497681058,Colby Parkinson (LAR) Plus de 0.5,Colby Parkinson (LAR) Plus de 0.5,0.5,6.0,0,False
16514244,LA Rams vs. NY Giants,Colby Parkinson,Colby Parkinson (LAR),2ème mi-temps - Touchdowns de réception du joueur Plus / Moins,31468,77062,1731690766,0.5|sa:player:nfl-1060312|LAR,4497681059,Colby Parkinson (LAR) moins de 0.5,Colby Parkinson (LAR) moins de 0.5,0.5,1.0625,0,False
16514244,LA Rams vs. NY Giants,Terrance Ferguson,Terrance Ferguson (LAR),2ème mi-temps - Touchdowns de réception du joueur Plus / Moins,31468,77062,1731691364,0.5|sa:player:nfl-1286179|LAR,4497682105,Terrance Ferguson (LAR) Plus de 0.5,Terrance Ferguson (LAR) Plus de 0.5,0.5,6.0,0,False
16514244,LA Rams vs. NY Giants,Terrance Ferguson,Terrance Ferguson (LAR),2ème mi-temps - Touchdowns de réception du joueur Plus / Moins,31468,77062,1731691364,0.5|sa:player:nfl-1286179|LAR,4497682106,Terrance Ferguson (LAR) moins de 0.5,Terrance Ferguson (LAR) moins de 0.5,0.5,1.0589,0,False
16514244,LA Rams vs. NY Giants,Konata Mumpfield,Konata Mumpfield (LAR),2ème mi-temps - Touchdowns de réception du joueur Plus / Moins,31468,77062,1731691482,0.5|sa:player:nfl-1289332|LAR,4497682312,Konata Mumpfield (LAR) Plus de 0.5,Konata Mumpfield (LAR) Plus de 0.5,0.5,6.75,0,False
16514244,LA Rams vs. NY Giants,Konata Mumpfield,Konata Mumpfield (LAR),2ème mi-temps - Touchdowns de réception du joueur Plus / Moins,31468,77062,1731691482,0.5|sa:player:nfl-1289332|LAR,4497682313,Konata Mumpfield (LAR) moins de 0.5,Konata Mumpfield (LAR) moins de 0.5,0.5,1.04,0,False
16514244,LA Rams vs. NY Giants,Malachi Fields,Malachi Fields (NYG),2ème mi-temps - Touchdowns de réception du joueur Plus / Moins,31468,77062,1731691515,0.5|sa:player:nfl-1319589|NYG,4497682368,Malachi Fields (NYG) Plus de 0.5,Malachi Fields (NYG) Plus de 0.5,0.5,6.75,0,False
16514244,LA Rams vs. NY Giants,Malachi Fields,Malachi Fields (NYG),2ème mi-temps - Touchdowns de réception du joueur Plus / Moins,31468,77062,1731691515,0.5|sa:player:nfl-1319589|NYG,4497682369,Malachi Fields (NYG) moins de 0.5,Malachi Fields (NYG) moins de 0.5,0.5,1.04,0,False
16514244,LA Rams vs. NY Giants,Kyren Williams,Kyren Williams (LAR),2ème mi-temps - Touchdowns de réception du joueur Plus / Moins,31468,77062,1731691079,0.5|sa:player:nfl-1167361|LAR,4497681604,Kyren Williams (LAR) Plus de 0.5,Kyren Williams (LAR) Plus de 0.5,0.5,7.5,0,False
16514244,LA Rams vs. NY Giants,Kyren Williams,Kyren Williams (LAR),2ème mi-temps - Touchdowns de réception du joueur Plus / Moins,31468,77062,1731691079,0.5|sa:player:nfl-1167361|LAR,4497681605,Kyren Williams (LAR) moins de 0.5,Kyren Williams (LAR) moins de 0.5,0.5,1.02,0,False
16514244,LA Rams vs. NY Giants,Cameron Skattebo,Cameron Skattebo (NYG),2ème mi-temps - Touchdowns de réception du joueur Plus / Moins,31468,77062,1731691296,0.5|sa:player:nfl-1280316|NYG,4497681987,Cameron Skattebo (NYG) Plus de 0.5,Cameron Skattebo (NYG) Plus de 0.5,0.5,7.75,0,False
16514244,LA Rams vs. NY Giants,Cameron Skattebo,Cameron Skattebo (NYG),2ème mi-temps - Touchdowns de réception du joueur Plus / Moins,31468,77062,1731691296,0.5|sa:player:nfl-1280316|NYG,4497681988,Cameron Skattebo (NYG) moins de 0.5,Cameron Skattebo (NYG) moins de 0.5,0.5,1.02,0,False
16514244,LA Rams vs. NY Giants,Tutu Atwell,Tutu Atwell (LAR),2ème mi-temps - Touchdowns de réception du joueur Plus / Moins,31468,77062,1741304038,0.5|sa:player:nfl-1106760|LAR,4530177958,Tutu Atwell (LAR) Plus de 0.5,Tutu Atwell (LAR) Plus de 0.5,0.5,7.75,0,False
16514244,LA Rams vs. NY Giants,Tutu Atwell,Tutu Atwell (LAR),2ème mi-temps - Touchdowns de réception du joueur Plus / Moins,31468,77062,1741304038,0.5|sa:player:nfl-1106760|LAR,4530177959,Tutu Atwell (LAR) moins de 0.5,Tutu Atwell (LAR) moins de 0.5,0.5,1.02,0,False
16514244,LA Rams vs. NY Giants,Odell Beckham Jr.,Odell Beckham Jr. (NYG),2ème mi-temps - Touchdowns de réception du joueur Plus / Moins,31468,77062,1731690366,0.5|sa:player:nfl-589984|NYG,4497680357,Odell Beckham Jr. (NYG) Plus de 0.5,Odell Beckham Jr. (NYG) Plus de 0.5,0.5,8.0,0,False
16514244,LA Rams vs. NY Giants,Odell Beckham Jr.,Odell Beckham Jr. (NYG),2ème mi-temps - Touchdowns de réception du joueur Plus / Moins,31468,77062,1731690366,0.5|sa:player:nfl-589984|NYG,4497680358,Odell Beckham Jr. (NYG) moins de 0.5,Odell Beckham Jr. (NYG) moins de 0.5,0.5,0.0,7,False
16514244,LA Rams vs. NY Giants,Blake Corum,Blake Corum (LAR),2ème mi-temps - Touchdowns de réception du joueur Plus / Moins,31468,77062,1731691232,0.5|sa:player:nfl-1229540|LAR,4497681872,Blake Corum (LAR) Plus de 0.5,Blake Corum (LAR) Plus de 0.5,0.5,8.5,0,False
16514244,LA Rams vs. NY Giants,Blake Corum,Blake Corum (LAR),2ème mi-temps - Touchdowns de réception du joueur Plus / Moins,31468,77062,1731691232,0.5|sa:player:nfl-1229540|LAR,4497681873,Blake Corum (LAR) moins de 0.5,Blake Corum (LAR) moins de 0.5,0.5,0.0,7,False
16514244,LA Rams vs. NY Giants,Darnell Mooney,Darnell Mooney (NYG),2ème mi-temps - Touchdowns de réception du joueur Plus / Moins,31468,77062,1731690589,0.5|sa:player:nfl-912027|NYG,4497680745,Darnell Mooney (NYG) Plus de 0.5,Darnell Mooney (NYG) Plus de 0.5,0.5,8.5,0,False
16514244,LA Rams vs. NY Giants,Darnell Mooney,Darnell Mooney (NYG),2ème mi-temps - Touchdowns de réception du joueur Plus / Moins,31468,77062,1731690589,0.5|sa:player:nfl-912027|NYG,4497680746,Darnell Mooney (NYG) moins de 0.5,Darnell Mooney (NYG) moins de 0.5,0.5,1.01,0,False
16514244,LA Rams vs. NY Giants,Devin Singletary,Devin Singletary (NYG),2ème mi-temps - Touchdowns de réception du joueur Plus / Moins,31468,77062,1731690616,0.5|sa:player:nfl-916466|NYG,4497680790,Devin Singletary (NYG) Plus de 0.5,Devin Singletary (NYG) Plus de 0.5,0.5,8.5,0,False
16514244,LA Rams vs. NY Giants,Devin Singletary,Devin Singletary (NYG),2ème mi-temps - Touchdowns de réception du joueur Plus / Moins,31468,77062,1731690616,0.5|sa:player:nfl-916466|NYG,4497680791,Devin Singletary (NYG) moins de 0.5,Devin Singletary (NYG) moins de 0.5,0.5,0.0,7,False
16514244,LA Rams vs. NY Giants,Theo Johnson,Theo Johnson (NYG),2ème mi-temps - Touchdowns de réception du joueur Plus / Moins,31468,77062,1731691146,0.5|sa:player:nfl-1214414|NYG,4497681725,Theo Johnson (NYG) Plus de 0.5,Theo Johnson (NYG) Plus de 0.5,0.5,8.5,0,False
16514244,LA Rams vs. NY Giants,Theo Johnson,Theo Johnson (NYG),2ème mi-temps - Touchdowns de réception du joueur Plus / Moins,31468,77062,1731691146,0.5|sa:player:nfl-1214414|NYG,4497681726,Theo Johnson (NYG) moins de 0.5,Theo Johnson (NYG) moins de 0.5,0.5,1.01,0,False
16514244,LA Rams vs. NY Giants,Xavier Smith,Xavier Smith (LAR),2ème mi-temps - Touchdowns de réception du joueur Plus / Moins,31468,77062,1731690937,0.5|sa:player:nfl-1137635|LAR,4497681362,Xavier Smith (LAR) Plus de 0.5,Xavier Smith (LAR) Plus de 0.5,0.5,8.5,0,False
16514244,LA Rams vs. NY Giants,Xavier Smith,Xavier Smith (LAR),2ème mi-temps - Touchdowns de réception du joueur Plus / Moins,31468,77062,1731690937,0.5|sa:player:nfl-1137635|LAR,4497681363,Xavier Smith (LAR) moins de 0.5,Xavier Smith (LAR) moins de 0.5,0.5,1.01,0,False
16514244,LA Rams vs. NY Giants,Braxton Berrios,Braxton Berrios (NYG),2ème mi-temps - Touchdowns de réception du joueur Plus / Moins,31468,77062,1731690551,0.5|sa:player:nfl-820866|NYG,4497680680,Braxton Berrios (NYG) Plus de 0.5,Braxton Berrios (NYG) Plus de 0.5,0.5,9.0,0,False
16514244,LA Rams vs. NY Giants,Braxton Berrios,Braxton Berrios (NYG),2ème mi-temps - Touchdowns de réception du joueur Plus / Moins,31468,77062,1731690551,0.5|sa:player:nfl-820866|NYG,4497680681,Braxton Berrios (NYG) moins de 0.5,Braxton Berrios (NYG) moins de 0.5,0.5,0.0,7,False
16514244,LA Rams vs. NY Giants,Najee Harris,Najee Harris (NYG),2ème mi-temps - Touchdowns de réception du joueur Plus / Moins,31468,77062,1731690667,0.5|sa:player:nfl-973964|NYG,4497680881,Najee Harris (NYG) Plus de 0.5,Najee Harris (NYG) Plus de 0.5,0.5,9.0,0,False
16514244,LA Rams vs. NY Giants,Najee Harris,Najee Harris (NYG),2ème mi-temps - Touchdowns de réception du joueur Plus / Moins,31468,77062,1731690667,0.5|sa:player:nfl-973964|NYG,4497680882,Najee Harris (NYG) moins de 0.5,Najee Harris (NYG) moins de 0.5,0.5,0.0,7,False
16514244,LA Rams vs. NY Giants,Matthew Stafford,Matthew Stafford (LAR),2ème mi-temps - Total de yards à la passe du joueur Plus/Moins,31459,77053,1731723025,110.5|sa:player:nfl-323205|LAR,4497774596,Matthew Stafford (LAR) Plus de 110.5,Matthew Stafford (LAR) Plus de 110.5,110.5,1.7693,0,False
16514244,LA Rams vs. NY Giants,Matthew Stafford,Matthew Stafford (LAR),2ème mi-temps - Total de yards à la passe du joueur Plus/Moins,31459,77053,1731723025,110.5|sa:player:nfl-323205|LAR,4497774597,Matthew Stafford (LAR) moins de 110.5,Matthew Stafford (LAR) moins de 110.5,110.5,1.8334,0,False
16514244,LA Rams vs. NY Giants,Jaxson Dart,Jaxson Dart (NYG),2ème mi-temps - Total de yards à la passe du joueur Plus/Moins,31459,77053,1737206141,108.5|sa:player:nfl-1286260|NYG,4516457995,Jaxson Dart (NYG) Plus de 108.5,Jaxson Dart (NYG) Plus de 108.5,108.5,1.7693,0,False
16514244,LA Rams vs. NY Giants,Jaxson Dart,Jaxson Dart (NYG),2ème mi-temps - Total de yards à la passe du joueur Plus/Moins,31459,77053,1737206141,108.5|sa:player:nfl-1286260|NYG,4516457996,Jaxson Dart (NYG) moins de 108.5,Jaxson Dart (NYG) moins de 108.5,108.5,1.8334,0,False
16514244,LA Rams vs. NY Giants,Matthew Stafford,Matthew Stafford (LAR),2ème mi-temps - Total de Touchdowns à la passe du joueur - Plus/Moins,31462,77056,1731690282,0.5|sa:player:nfl-323205|LAR,4497680209,Matthew Stafford (LAR) Plus de 0.5,Matthew Stafford (LAR) Plus de 0.5,0.5,1.4546,0,False
16514244,LA Rams vs. NY Giants,Matthew Stafford,Matthew Stafford (LAR),2ème mi-temps - Total de Touchdowns à la passe du joueur - Plus/Moins,31462,77056,1731690282,0.5|sa:player:nfl-323205|LAR,4497680210,Matthew Stafford (LAR) moins de 0.5,Matthew Stafford (LAR) moins de 0.5,0.5,2.35,0,False
16514244,LA Rams vs. NY Giants,Jaxson Dart,Jaxson Dart (NYG),2ème mi-temps - Total de Touchdowns à la passe du joueur - Plus/Moins,31462,77056,1731691396,0.5|sa:player:nfl-1286260|NYG,4497682160,Jaxson Dart (NYG) Plus de 0.5,Jaxson Dart (NYG) Plus de 0.5,0.5,1.8334,0,False
16514244,LA Rams vs. NY Giants,Jaxson Dart,Jaxson Dart (NYG),2ème mi-temps - Total de Touchdowns à la passe du joueur - Plus/Moins,31462,77056,1731691396,0.5|sa:player:nfl-1286260|NYG,4497682161,Jaxson Dart (NYG) moins de 0.5,Jaxson Dart (NYG) moins de 0.5,0.5,1.7693,0,False
16514244,LA Rams vs. NY Giants,Jaxson Dart,Jaxson Dart (NYG),2ème mi-temps - Joueur Tentative de passe - Plus/Moins,31480,77074,1734186806,15.5|sa:player:nfl-1286260|NYG,4505446088,Jaxson Dart (NYG) moins de 15.5,Jaxson Dart (NYG) moins de 15.5,15.5,1.7693,0,False
16514244,LA Rams vs. NY Giants,Jaxson Dart,Jaxson Dart (NYG),2ème mi-temps - Joueur Tentative de passe - Plus/Moins,31480,77074,1734186806,15.5|sa:player:nfl-1286260|NYG,4505446087,Jaxson Dart (NYG) Plus de 15.5,Jaxson Dart (NYG) Plus de 15.5,15.5,1.8334,0,False
16514244,LA Rams vs. NY Giants,Matthew Stafford,Matthew Stafford (LAR),2ème mi-temps - Joueur Tentative de passe - Plus/Moins,31480,77074,1731690291,14.5|sa:player:nfl-323205|LAR,4497680227,Matthew Stafford (LAR) Plus de 14.5,Matthew Stafford (LAR) Plus de 14.5,14.5,1.8334,0,False
16514244,LA Rams vs. NY Giants,Matthew Stafford,Matthew Stafford (LAR),2ème mi-temps - Joueur Tentative de passe - Plus/Moins,31480,77074,1731690291,14.5|sa:player:nfl-323205|LAR,4497680228,Matthew Stafford (LAR) moins de 14.5,Matthew Stafford (LAR) moins de 14.5,14.5,1.7693,0,False
16514244,LA Rams vs. NY Giants,Jaxson Dart,Jaxson Dart (NYG),2ème mi-temps - Interceptions du joueur Plus/Moins,31477,77071,1731691402,0.5|sa:player:nfl-1286260|NYG,4497682172,Jaxson Dart (NYG) Plus de 0.5,Jaxson Dart (NYG) Plus de 0.5,0.5,2.85,0,False
16514244,LA Rams vs. NY Giants,Jaxson Dart,Jaxson Dart (NYG),2ème mi-temps - Interceptions du joueur Plus/Moins,31477,77071,1731691402,0.5|sa:player:nfl-1286260|NYG,4497682173,Jaxson Dart (NYG) moins de 0.5,Jaxson Dart (NYG) moins de 0.5,0.5,1.3125,0,False
16514244,LA Rams vs. NY Giants,Matthew Stafford,Matthew Stafford (LAR),2ème mi-temps - Interceptions du joueur Plus/Moins,31477,77071,1731690288,0.5|sa:player:nfl-323205|LAR,4497680221,Matthew Stafford (LAR) Plus de 0.5,Matthew Stafford (LAR) Plus de 0.5,0.5,3.5,0,False
16514244,LA Rams vs. NY Giants,Matthew Stafford,Matthew Stafford (LAR),2ème mi-temps - Interceptions du joueur Plus/Moins,31477,77071,1731690288,0.5|sa:player:nfl-323205|LAR,4497680222,Matthew Stafford (LAR) moins de 0.5,Matthew Stafford (LAR) moins de 0.5,0.5,1.2106,0,False
16514244,LA Rams vs. NY Giants,Jaxson Dart,Jaxson Dart (NYG),2ème mi-temps - Passes réussies du joueur - Plus/Moins,31492,77086,1740879398,10.5|sa:player:nfl-1286260|NYG,4529116896,Jaxson Dart (NYG) Plus de 10.5,Jaxson Dart (NYG) Plus de 10.5,10.5,1.9524,0,False
16514244,LA Rams vs. NY Giants,Jaxson Dart,Jaxson Dart (NYG),2ème mi-temps - Passes réussies du joueur - Plus/Moins,31492,77086,1740879398,10.5|sa:player:nfl-1286260|NYG,4529116897,Jaxson Dart (NYG) moins de 10.5,Jaxson Dart (NYG) moins de 10.5,10.5,1.6667,0,False
16514244,LA Rams vs. NY Giants,Matthew Stafford,Matthew Stafford (LAR),2ème mi-temps - Passes réussies du joueur - Plus/Moins,31492,77086,1731690294,9.5|sa:player:nfl-323205|LAR,4497680233,Matthew Stafford (LAR) Plus de 9.5,Matthew Stafford (LAR) Plus de 9.5,9.5,1.6667,0,False
16514244,LA Rams vs. NY Giants,Matthew Stafford,Matthew Stafford (LAR),2ème mi-temps - Passes réussies du joueur - Plus/Moins,31492,77086,1731690294,9.5|sa:player:nfl-323205|LAR,4497680234,Matthew Stafford (LAR) moins de 9.5,Matthew Stafford (LAR) moins de 9.5,9.5,1.9524,0,False
16514244,LA Rams vs. NY Giants,Kyren Williams,Kyren Williams (LAR),Premier quart-temps - Total de yards à la course du joueur Plus/Moins,31472,77066,1732851396,12.5|sa:player:nfl-1167361|LAR|1,4501163291,Kyren Williams (LAR) Plus de 12.5,Kyren Williams (LAR) Plus de 12.5,12.5,1.7693,0,False
16514244,LA Rams vs. NY Giants,Kyren Williams,Kyren Williams (LAR),Premier quart-temps - Total de yards à la course du joueur Plus/Moins,31472,77066,1732851396,12.5|sa:player:nfl-1167361|LAR|1,4501163292,Kyren Williams (LAR) moins de 12.5,Kyren Williams (LAR) moins de 12.5,12.5,1.8334,0,False
16514244,LA Rams vs. NY Giants,Cameron Skattebo,Cameron Skattebo (NYG),Premier quart-temps - Total de yards à la course du joueur Plus/Moins,31472,77066,1732536805,11.5|sa:player:nfl-1280316|NYG|1,4500413948,Cameron Skattebo (NYG) Plus de 11.5,Cameron Skattebo (NYG) Plus de 11.5,11.5,1.8334,0,False
16514244,LA Rams vs. NY Giants,Cameron Skattebo,Cameron Skattebo (NYG),Premier quart-temps - Total de yards à la course du joueur Plus/Moins,31472,77066,1732536805,11.5|sa:player:nfl-1280316|NYG|1,4500413949,Cameron Skattebo (NYG) moins de 11.5,Cameron Skattebo (NYG) moins de 11.5,11.5,1.7693,0,False
16514244,LA Rams vs. NY Giants,Blake Corum,Blake Corum (LAR),Premier quart-temps - Total de yards à la course du joueur Plus/Moins,31472,77066,1732859907,9.5|sa:player:nfl-1229540|LAR|1,4501203972,Blake Corum (LAR) Plus de 9.5,Blake Corum (LAR) Plus de 9.5,9.5,1.7693,0,False
16514244,LA Rams vs. NY Giants,Blake Corum,Blake Corum (LAR),Premier quart-temps - Total de yards à la course du joueur Plus/Moins,31472,77066,1732859907,9.5|sa:player:nfl-1229540|LAR|1,4501203973,Blake Corum (LAR) moins de 9.5,Blake Corum (LAR) moins de 9.5,9.5,1.8334,0,False
16514244,LA Rams vs. NY Giants,Jaxson Dart,Jaxson Dart (NYG),Premier quart-temps - Total de yards à la course du joueur Plus/Moins,31472,77066,1731723168,4.5|sa:player:nfl-1286260|NYG|1,4497774872,Jaxson Dart (NYG) Plus de 4.5,Jaxson Dart (NYG) Plus de 4.5,4.5,1.7693,0,False
16514244,LA Rams vs. NY Giants,Jaxson Dart,Jaxson Dart (NYG),Premier quart-temps - Total de yards à la course du joueur Plus/Moins,31472,77066,1731723168,4.5|sa:player:nfl-1286260|NYG|1,4497774873,Jaxson Dart (NYG) moins de 4.5,Jaxson Dart (NYG) moins de 4.5,4.5,1.8334,0,False
16514244,LA Rams vs. NY Giants,Devin Singletary,Devin Singletary (NYG),Premier quart-temps - Total de yards à la course du joueur Plus/Moins,31472,77066,1731690627,2.5|sa:player:nfl-916466|NYG|1,4497680812,Devin Singletary (NYG) Plus de 2.5,Devin Singletary (NYG) Plus de 2.5,2.5,1.7693,0,False
16514244,LA Rams vs. NY Giants,Devin Singletary,Devin Singletary (NYG),Premier quart-temps - Total de yards à la course du joueur Plus/Moins,31472,77066,1731690627,2.5|sa:player:nfl-916466|NYG|1,4497680813,Devin Singletary (NYG) moins de 2.5,Devin Singletary (NYG) moins de 2.5,2.5,1.8334,0,False
16514244,LA Rams vs. NY Giants,Matthew Stafford,Matthew Stafford (LAR),Premier quart-temps - Total de yards à la course du joueur Plus/Moins,31472,77066,1731690302,0.5|sa:player:nfl-323205|LAR|1,4497680249,Matthew Stafford (LAR) Plus de 0.5,Matthew Stafford (LAR) Plus de 0.5,0.5,6.0,0,False
16514244,LA Rams vs. NY Giants,Matthew Stafford,Matthew Stafford (LAR),Premier quart-temps - Total de yards à la course du joueur Plus/Moins,31472,77066,1731690302,0.5|sa:player:nfl-323205|LAR|1,4497680250,Matthew Stafford (LAR) moins de 0.5,Matthew Stafford (LAR) moins de 0.5,0.5,1.0625,0,False
16514244,LA Rams vs. NY Giants,Kyren Williams,Kyren Williams (LAR),Premier quart-temps - Touchdowns de course du joueur Plus / Moins,31475,77069,1731691093,0.5|sa:player:nfl-1167361|LAR|1,4497681632,Kyren Williams (LAR) Plus de 0.5,Kyren Williams (LAR) Plus de 0.5,0.5,4.75,0,False
16514244,LA Rams vs. NY Giants,Kyren Williams,Kyren Williams (LAR),Premier quart-temps - Touchdowns de course du joueur Plus / Moins,31475,77069,1731691093,0.5|sa:player:nfl-1167361|LAR|1,4497681633,Kyren Williams (LAR) moins de 0.5,Kyren Williams (LAR) moins de 0.5,0.5,1.1112,0,False
16514244,LA Rams vs. NY Giants,Cameron Skattebo,Cameron Skattebo (NYG),Premier quart-temps - Touchdowns de course du joueur Plus / Moins,31475,77069,1731691310,0.5|sa:player:nfl-1280316|NYG|1,4497682016,Cameron Skattebo (NYG) moins de 0.5,Cameron Skattebo (NYG) moins de 0.5,0.5,1.0589,0,False
16514244,LA Rams vs. NY Giants,Cameron Skattebo,Cameron Skattebo (NYG),Premier quart-temps - Touchdowns de course du joueur Plus / Moins,31475,77069,1731691310,0.5|sa:player:nfl-1280316|NYG|1,4497682015,Cameron Skattebo (NYG) Plus de 0.5,Cameron Skattebo (NYG) Plus de 0.5,0.5,6.0,0,False
16514244,LA Rams vs. NY Giants,Blake Corum,Blake Corum (LAR),Premier quart-temps - Touchdowns de course du joueur Plus / Moins,31475,77069,1731691246,0.5|sa:player:nfl-1229540|LAR|1,4497681900,Blake Corum (LAR) Plus de 0.5,Blake Corum (LAR) Plus de 0.5,0.5,6.75,0,False
16514244,LA Rams vs. NY Giants,Blake Corum,Blake Corum (LAR),Premier quart-temps - Touchdowns de course du joueur Plus / Moins,31475,77069,1731691246,0.5|sa:player:nfl-1229540|LAR|1,4497681901,Blake Corum (LAR) moins de 0.5,Blake Corum (LAR) moins de 0.5,0.5,1.04,0,False
16514244,LA Rams vs. NY Giants,Jaxson Dart,Jaxson Dart (NYG),Premier quart-temps - Touchdowns de course du joueur Plus / Moins,31475,77069,1731691419,0.5|sa:player:nfl-1286260|NYG|1,4497682206,Jaxson Dart (NYG) Plus de 0.5,Jaxson Dart (NYG) Plus de 0.5,0.5,7.5,0,False
16514244,LA Rams vs. NY Giants,Jaxson Dart,Jaxson Dart (NYG),Premier quart-temps - Touchdowns de course du joueur Plus / Moins,31475,77069,1731691419,0.5|sa:player:nfl-1286260|NYG|1,4497682207,Jaxson Dart (NYG) moins de 0.5,Jaxson Dart (NYG) moins de 0.5,0.5,1.02,0,False
16514244,LA Rams vs. NY Giants,Devin Singletary,Devin Singletary (NYG),Premier quart-temps - Touchdowns de course du joueur Plus / Moins,31475,77069,1731690630,0.5|sa:player:nfl-916466|NYG|1,4497680818,Devin Singletary (NYG) Plus de 0.5,Devin Singletary (NYG) Plus de 0.5,0.5,8.5,0,False
16514244,LA Rams vs. NY Giants,Devin Singletary,Devin Singletary (NYG),Premier quart-temps - Touchdowns de course du joueur Plus / Moins,31475,77069,1731690630,0.5|sa:player:nfl-916466|NYG|1,4497680819,Devin Singletary (NYG) moins de 0.5,Devin Singletary (NYG) moins de 0.5,0.5,0.0,7,False
16514244,LA Rams vs. NY Giants,Najee Harris,Najee Harris (NYG),Premier quart-temps - Touchdowns de course du joueur Plus / Moins,31475,77069,1731690681,0.5|sa:player:nfl-973964|NYG|1,4497680909,Najee Harris (NYG) Plus de 0.5,Najee Harris (NYG) Plus de 0.5,0.5,8.5,0,False
16514244,LA Rams vs. NY Giants,Najee Harris,Najee Harris (NYG),Premier quart-temps - Touchdowns de course du joueur Plus / Moins,31475,77069,1731690681,0.5|sa:player:nfl-973964|NYG|1,4497680910,Najee Harris (NYG) moins de 0.5,Najee Harris (NYG) moins de 0.5,0.5,0.0,7,False
16514244,LA Rams vs. NY Giants,Cameron Skattebo,Cameron Skattebo (NYG),Premier quart-temps - Tentatives de rushing du joueur Plus/Moins,31484,77078,1732536807,3.5|sa:player:nfl-1280316|NYG|1,4500413952,Cameron Skattebo (NYG) Plus de 3.5,Cameron Skattebo (NYG) Plus de 3.5,3.5,2.1,0,False
16514244,LA Rams vs. NY Giants,Cameron Skattebo,Cameron Skattebo (NYG),Premier quart-temps - Tentatives de rushing du joueur Plus/Moins,31484,77078,1732536807,3.5|sa:player:nfl-1280316|NYG|1,4500413953,Cameron Skattebo (NYG) moins de 3.5,Cameron Skattebo (NYG) moins de 3.5,3.5,1.5715,0,False
16514244,LA Rams vs. NY Giants,Kyren Williams,Kyren Williams (LAR),Premier quart-temps - Tentatives de rushing du joueur Plus/Moins,31484,77078,1732858868,2.5|sa:player:nfl-1167361|LAR|1,4501201876,Kyren Williams (LAR) Plus de 2.5,Kyren Williams (LAR) Plus de 2.5,2.5,1.5715,0,False
16514244,LA Rams vs. NY Giants,Kyren Williams,Kyren Williams (LAR),Premier quart-temps - Tentatives de rushing du joueur Plus/Moins,31484,77078,1732858868,2.5|sa:player:nfl-1167361|LAR|1,4501201877,Kyren Williams (LAR) moins de 2.5,Kyren Williams (LAR) moins de 2.5,2.5,2.1,0,False
16514244,LA Rams vs. NY Giants,Blake Corum,Blake Corum (LAR),Premier quart-temps - Tentatives de rushing du joueur Plus/Moins,31484,77078,1732851408,2.5|sa:player:nfl-1229540|LAR|1,4501163315,Blake Corum (LAR) Plus de 2.5,Blake Corum (LAR) Plus de 2.5,2.5,1.8334,0,False
16514244,LA Rams vs. NY Giants,Blake Corum,Blake Corum (LAR),Premier quart-temps - Tentatives de rushing du joueur Plus/Moins,31484,77078,1732851408,2.5|sa:player:nfl-1229540|LAR|1,4501163316,Blake Corum (LAR) moins de 2.5,Blake Corum (LAR) moins de 2.5,2.5,1.7693,0,False
16514244,LA Rams vs. NY Giants,Jaxson Dart,Jaxson Dart (NYG),Premier quart-temps - Tentatives de rushing du joueur Plus/Moins,31484,77078,1731691422,1.5|sa:player:nfl-1286260|NYG|1,4497682212,Jaxson Dart (NYG) Plus de 1.5,Jaxson Dart (NYG) Plus de 1.5,1.5,2.2,0,False
16514244,LA Rams vs. NY Giants,Jaxson Dart,Jaxson Dart (NYG),Premier quart-temps - Tentatives de rushing du joueur Plus/Moins,31484,77078,1731691422,1.5|sa:player:nfl-1286260|NYG|1,4497682213,Jaxson Dart (NYG) moins de 1.5,Jaxson Dart (NYG) moins de 1.5,1.5,1.5264,0,False
16514244,LA Rams vs. NY Giants,Devin Singletary,Devin Singletary (NYG),Premier quart-temps - Tentatives de rushing du joueur Plus/Moins,31484,77078,1731690633,1.5|sa:player:nfl-916466|NYG|1,4497680824,Devin Singletary (NYG) Plus de 1.5,Devin Singletary (NYG) Plus de 1.5,1.5,2.45,0,False
16514244,LA Rams vs. NY Giants,Devin Singletary,Devin Singletary (NYG),Premier quart-temps - Tentatives de rushing du joueur Plus/Moins,31484,77078,1731690633,1.5|sa:player:nfl-916466|NYG|1,4497680825,Devin Singletary (NYG) moins de 1.5,Devin Singletary (NYG) moins de 1.5,1.5,1.4167,0,False
16514244,LA Rams vs. NY Giants,Matthew Stafford,Matthew Stafford (LAR),Premier quart-temps - Tentatives de rushing du joueur Plus/Moins,31484,77078,1731690308,0.5|sa:player:nfl-323205|LAR|1,4497680261,Matthew Stafford (LAR) Plus de 0.5,Matthew Stafford (LAR) Plus de 0.5,0.5,5.75,0,False
16514244,LA Rams vs. NY Giants,Matthew Stafford,Matthew Stafford (LAR),Premier quart-temps - Tentatives de rushing du joueur Plus/Moins,31484,77078,1731690308,0.5|sa:player:nfl-323205|LAR|1,4497680262,Matthew Stafford (LAR) moins de 0.5,Matthew Stafford (LAR) moins de 0.5,0.5,1.0715,0,False
16514244,LA Rams vs. NY Giants,Kyren Williams,Kyren Williams (LAR),Premier quart-temps - Yards de course et de réception du joueur Plus / Moins,31490,77084,1732851401,16.5|sa:player:nfl-1167361|LAR|1,4501163301,Kyren Williams (LAR) Plus de 16.5,Kyren Williams (LAR) Plus de 16.5,16.5,1.8334,0,False
16514244,LA Rams vs. NY Giants,Kyren Williams,Kyren Williams (LAR),Premier quart-temps - Yards de course et de réception du joueur Plus / Moins,31490,77084,1732851401,16.5|sa:player:nfl-1167361|LAR|1,4501163302,Kyren Williams (LAR) moins de 16.5,Kyren Williams (LAR) moins de 16.5,16.5,1.7693,0,False
16514244,LA Rams vs. NY Giants,Cameron Skattebo,Cameron Skattebo (NYG),Premier quart-temps - Yards de course et de réception du joueur Plus / Moins,31490,77084,1732442397,13.5|sa:player:nfl-1280316|NYG|1,4500150552,Cameron Skattebo (NYG) moins de 13.5,Cameron Skattebo (NYG) moins de 13.5,13.5,1.8334,0,False
16514244,LA Rams vs. NY Giants,Cameron Skattebo,Cameron Skattebo (NYG),Premier quart-temps - Yards de course et de réception du joueur Plus / Moins,31490,77084,1732442397,13.5|sa:player:nfl-1280316|NYG|1,4500150551,Cameron Skattebo (NYG) Plus de 13.5,Cameron Skattebo (NYG) Plus de 13.5,13.5,1.7693,0,False
16514244,LA Rams vs. NY Giants,Devin Singletary,Devin Singletary (NYG),Premier quart-temps - Yards de course et de réception du joueur Plus / Moins,31490,77084,1731723057,3.5|sa:player:nfl-916466|NYG|1,4497774660,Devin Singletary (NYG) Plus de 3.5,Devin Singletary (NYG) Plus de 3.5,3.5,1.7693,0,False
16514244,LA Rams vs. NY Giants,Devin Singletary,Devin Singletary (NYG),Premier quart-temps - Yards de course et de réception du joueur Plus / Moins,31490,77084,1731723057,3.5|sa:player:nfl-916466|NYG|1,4497774661,Devin Singletary (NYG) moins de 3.5,Devin Singletary (NYG) moins de 3.5,3.5,1.8334,0,False
16514244,LA Rams vs. NY Giants,Puka Nacua,Puka Nacua (LAR),Premier quart-temps - Total de réceptions Plus/Moins,31487,77081,1731691023,1.5|sa:player:nfl-1162128|LAR|1,4497681512,Puka Nacua (LAR) moins de 1.5,Puka Nacua (LAR) moins de 1.5,1.5,1.7408,0,False
16514244,LA Rams vs. NY Giants,Puka Nacua,Puka Nacua (LAR),Premier quart-temps - Total de réceptions Plus/Moins,31487,77081,1731691023,1.5|sa:player:nfl-1162128|LAR|1,4497681511,Puka Nacua (LAR) Plus de 1.5,Puka Nacua (LAR) Plus de 1.5,1.5,1.8696,0,False
16514244,LA Rams vs. NY Giants,Malik Nabers,Malik Nabers (NYG),Premier quart-temps - Total de réceptions Plus/Moins,31487,77081,1732623073,1.5|sa:player:nfl-1286059|NYG|1,4500619604,Malik Nabers (NYG) Plus de 1.5,Malik Nabers (NYG) Plus de 1.5,1.5,2.4,0,False
16514244,LA Rams vs. NY Giants,Malik Nabers,Malik Nabers (NYG),Premier quart-temps - Total de réceptions Plus/Moins,31487,77081,1732623073,1.5|sa:player:nfl-1286059|NYG|1,4500619605,Malik Nabers (NYG) moins de 1.5,Malik Nabers (NYG) moins de 1.5,1.5,1.4348,0,False
16514244,LA Rams vs. NY Giants,Davante Adams,Davante Adams (LAR),Premier quart-temps - Total de réceptions Plus/Moins,31487,77081,1741297056,1.5|sa:player:nfl-611417|LAR|1,4530161718,Davante Adams (LAR) Plus de 1.5,Davante Adams (LAR) Plus de 1.5,1.5,2.55,0,False
16514244,LA Rams vs. NY Giants,Davante Adams,Davante Adams (LAR),Premier quart-temps - Total de réceptions Plus/Moins,31487,77081,1741297056,1.5|sa:player:nfl-611417|LAR|1,4530161719,Davante Adams (LAR) moins de 1.5,Davante Adams (LAR) moins de 1.5,1.5,1.4,0,False
16514244,LA Rams vs. NY Giants,Isaiah Likely,Isaiah Likely (NYG),Premier quart-temps - Total de réceptions Plus/Moins,31487,77081,1731690896,0.5|sa:player:nfl-1125111|NYG|1,4497681292,Isaiah Likely (NYG) Plus de 0.5,Isaiah Likely (NYG) Plus de 0.5,0.5,1.4762,0,False
16514244,LA Rams vs. NY Giants,Isaiah Likely,Isaiah Likely (NYG),Premier quart-temps - Total de réceptions Plus/Moins,31487,77081,1731690896,0.5|sa:player:nfl-1125111|NYG|1,4497681293,Isaiah Likely (NYG) moins de 0.5,Isaiah Likely (NYG) moins de 0.5,0.5,2.3,0,False
16514244,LA Rams vs. NY Giants,Colby Parkinson,Colby Parkinson (LAR),Premier quart-temps - Total de réceptions Plus/Moins,31487,77081,1731690770,0.5|sa:player:nfl-1060312|LAR|1,4497681066,Colby Parkinson (LAR) Plus de 0.5,Colby Parkinson (LAR) Plus de 0.5,0.5,1.7143,0,False
16514244,LA Rams vs. NY Giants,Colby Parkinson,Colby Parkinson (LAR),Premier quart-temps - Total de réceptions Plus/Moins,31487,77081,1731690770,0.5|sa:player:nfl-1060312|LAR|1,4497681067,Colby Parkinson (LAR) moins de 0.5,Colby Parkinson (LAR) moins de 0.5,0.5,1.9091,0,False
16514244,LA Rams vs. NY Giants,Terrance Ferguson,Terrance Ferguson (LAR),Premier quart-temps - Total de réceptions Plus/Moins,31487,77081,1731691368,0.5|sa:player:nfl-1286179|LAR|1,4497682113,Terrance Ferguson (LAR) Plus de 0.5,Terrance Ferguson (LAR) Plus de 0.5,0.5,1.9524,0,False
16514244,LA Rams vs. NY Giants,Terrance Ferguson,Terrance Ferguson (LAR),Premier quart-temps - Total de réceptions Plus/Moins,31487,77081,1731691368,0.5|sa:player:nfl-1286179|LAR|1,4497682114,Terrance Ferguson (LAR) moins de 0.5,Terrance Ferguson (LAR) moins de 0.5,0.5,1.6667,0,False
16514244,LA Rams vs. NY Giants,Kyren Williams,Kyren Williams (LAR),Premier quart-temps - Total de réceptions Plus/Moins,31487,77081,1731691083,0.5|sa:player:nfl-1167361|LAR|1,4497681612,Kyren Williams (LAR) Plus de 0.5,Kyren Williams (LAR) Plus de 0.5,0.5,2.05,0,False
16514244,LA Rams vs. NY Giants,Kyren Williams,Kyren Williams (LAR),Premier quart-temps - Total de réceptions Plus/Moins,31487,77081,1731691083,0.5|sa:player:nfl-1167361|LAR|1,4497681613,Kyren Williams (LAR) moins de 0.5,Kyren Williams (LAR) moins de 0.5,0.5,1.6061,0,False
16514244,LA Rams vs. NY Giants,Malachi Fields,Malachi Fields (NYG),Premier quart-temps - Total de réceptions Plus/Moins,31487,77081,1731691177,0.5|sa:player:nfl-1319589|NYG|1,4497681777,Malachi Fields (NYG) Plus de 0.5,Malachi Fields (NYG) Plus de 0.5,0.5,2.3,0,False
16514244,LA Rams vs. NY Giants,Malachi Fields,Malachi Fields (NYG),Premier quart-temps - Total de réceptions Plus/Moins,31487,77081,1731691177,0.5|sa:player:nfl-1319589|NYG|1,4497681778,Malachi Fields (NYG) moins de 0.5,Malachi Fields (NYG) moins de 0.5,0.5,1.4762,0,False
16514244,LA Rams vs. NY Giants,Cameron Skattebo,Cameron Skattebo (NYG),Premier quart-temps - Total de réceptions Plus/Moins,31487,77081,1731691300,0.5|sa:player:nfl-1280316|NYG|1,4497681995,Cameron Skattebo (NYG) Plus de 0.5,Cameron Skattebo (NYG) Plus de 0.5,0.5,2.45,0,False
16514244,LA Rams vs. NY Giants,Cameron Skattebo,Cameron Skattebo (NYG),Premier quart-temps - Total de réceptions Plus/Moins,31487,77081,1731691300,0.5|sa:player:nfl-1280316|NYG|1,4497681996,Cameron Skattebo (NYG) moins de 0.5,Cameron Skattebo (NYG) moins de 0.5,0.5,1.4167,0,False
16514244,LA Rams vs. NY Giants,Devin Singletary,Devin Singletary (NYG),Premier quart-temps - Total de réceptions Plus/Moins,31487,77081,1731690620,0.5|sa:player:nfl-916466|NYG|1,4497680798,Devin Singletary (NYG) Plus de 0.5,Devin Singletary (NYG) Plus de 0.5,0.5,3.75,0,False
16514244,LA Rams vs. NY Giants,Devin Singletary,Devin Singletary (NYG),Premier quart-temps - Total de réceptions Plus/Moins,31487,77081,1731690620,0.5|sa:player:nfl-916466|NYG|1,4497680799,Devin Singletary (NYG) moins de 0.5,Devin Singletary (NYG) moins de 0.5,0.5,1.1819,0,False
16514244,LA Rams vs. NY Giants,Darnell Mooney,Darnell Mooney (NYG),Premier quart-temps - Total de réceptions Plus/Moins,31487,77081,1731690593,0.5|sa:player:nfl-912027|NYG|1,4497680753,Darnell Mooney (NYG) Plus de 0.5,Darnell Mooney (NYG) Plus de 0.5,0.5,4.4,0,False
16514244,LA Rams vs. NY Giants,Darnell Mooney,Darnell Mooney (NYG),Premier quart-temps - Total de réceptions Plus/Moins,31487,77081,1731690593,0.5|sa:player:nfl-912027|NYG|1,4497680754,Darnell Mooney (NYG) moins de 0.5,Darnell Mooney (NYG) moins de 0.5,0.5,1.1334,0,False
16514244,LA Rams vs. NY Giants,Odell Beckham Jr.,Odell Beckham Jr. (NYG),Premier quart-temps - Total de réceptions Plus/Moins,31487,77081,1731690370,0.5|sa:player:nfl-589984|NYG|1,4497680365,Odell Beckham Jr. (NYG) Plus de 0.5,Odell Beckham Jr. (NYG) Plus de 0.5,0.5,5.0,0,False
16514244,LA Rams vs. NY Giants,Odell Beckham Jr.,Odell Beckham Jr. (NYG),Premier quart-temps - Total de réceptions Plus/Moins,31487,77081,1731690370,0.5|sa:player:nfl-589984|NYG|1,4497680366,Odell Beckham Jr. (NYG) moins de 0.5,Odell Beckham Jr. (NYG) moins de 0.5,0.5,1.1,0,False
16514244,LA Rams vs. NY Giants,Puka Nacua,Puka Nacua (LAR),Premier quart-temps - Yards reçus par le joueur - Plus/Moins,31466,77060,1732863831,13.5|sa:player:nfl-1162128|LAR|1,4501212874,Puka Nacua (LAR) Plus de 13.5,Puka Nacua (LAR) Plus de 13.5,13.5,1.7693,0,False
16514244,LA Rams vs. NY Giants,Puka Nacua,Puka Nacua (LAR),Premier quart-temps - Yards reçus par le joueur - Plus/Moins,31466,77060,1732863831,13.5|sa:player:nfl-1162128|LAR|1,4501212875,Puka Nacua (LAR) moins de 13.5,Puka Nacua (LAR) moins de 13.5,13.5,1.8334,0,False
16514244,LA Rams vs. NY Giants,Davante Adams,Davante Adams (LAR),Premier quart-temps - Yards reçus par le joueur - Plus/Moins,31466,77060,1739713048,9.5|sa:player:nfl-611417|LAR|1,4525609793,Davante Adams (LAR) Plus de 9.5,Davante Adams (LAR) Plus de 9.5,9.5,1.7693,0,False
16514244,LA Rams vs. NY Giants,Davante Adams,Davante Adams (LAR),Premier quart-temps - Yards reçus par le joueur - Plus/Moins,31466,77060,1739713048,9.5|sa:player:nfl-611417|LAR|1,4525609794,Davante Adams (LAR) moins de 9.5,Davante Adams (LAR) moins de 9.5,9.5,1.8334,0,False
16514244,LA Rams vs. NY Giants,Malik Nabers,Malik Nabers (NYG),Premier quart-temps - Yards reçus par le joueur - Plus/Moins,31466,77060,1732670828,9.5|sa:player:nfl-1286059|NYG|1,4500737718,Malik Nabers (NYG) Plus de 9.5,Malik Nabers (NYG) Plus de 9.5,9.5,1.7693,0,False
16514244,LA Rams vs. NY Giants,Malik Nabers,Malik Nabers (NYG),Premier quart-temps - Yards reçus par le joueur - Plus/Moins,31466,77060,1732670828,9.5|sa:player:nfl-1286059|NYG|1,4500737719,Malik Nabers (NYG) moins de 9.5,Malik Nabers (NYG) moins de 9.5,9.5,1.8334,0,False
16514244,LA Rams vs. NY Giants,Isaiah Likely,Isaiah Likely (NYG),Premier quart-temps - Yards reçus par le joueur - Plus/Moins,31466,77060,1734163186,6.5|sa:player:nfl-1125111|NYG|1,4505378817,Isaiah Likely (NYG) Plus de 6.5,Isaiah Likely (NYG) Plus de 6.5,6.5,1.8334,0,False
16514244,LA Rams vs. NY Giants,Isaiah Likely,Isaiah Likely (NYG),Premier quart-temps - Yards reçus par le joueur - Plus/Moins,31466,77060,1734163186,6.5|sa:player:nfl-1125111|NYG|1,4505378818,Isaiah Likely (NYG) moins de 6.5,Isaiah Likely (NYG) moins de 6.5,6.5,1.7693,0,False
16514244,LA Rams vs. NY Giants,Colby Parkinson,Colby Parkinson (LAR),Premier quart-temps - Yards reçus par le joueur - Plus/Moins,31466,77060,1739712120,1.5|sa:player:nfl-1060312|LAR|1,4525607222,Colby Parkinson (LAR) Plus de 1.5,Colby Parkinson (LAR) Plus de 1.5,1.5,1.7693,0,False
16514244,LA Rams vs. NY Giants,Colby Parkinson,Colby Parkinson (LAR),Premier quart-temps - Yards reçus par le joueur - Plus/Moins,31466,77060,1739712120,1.5|sa:player:nfl-1060312|LAR|1,4525607223,Colby Parkinson (LAR) moins de 1.5,Colby Parkinson (LAR) moins de 1.5,1.5,1.8334,0,False
16514244,LA Rams vs. NY Giants,Terrance Ferguson,Terrance Ferguson (LAR),Premier quart-temps - Yards reçus par le joueur - Plus/Moins,31466,77060,1731691362,0.5|sa:player:nfl-1286179|LAR|1,4497682101,Terrance Ferguson (LAR) Plus de 0.5,Terrance Ferguson (LAR) Plus de 0.5,0.5,1.9524,0,False
16514244,LA Rams vs. NY Giants,Terrance Ferguson,Terrance Ferguson (LAR),Premier quart-temps - Yards reçus par le joueur - Plus/Moins,31466,77060,1731691362,0.5|sa:player:nfl-1286179|LAR|1,4497682102,Terrance Ferguson (LAR) moins de 0.5,Terrance Ferguson (LAR) moins de 0.5,0.5,1.6667,0,False
16514244,LA Rams vs. NY Giants,Kyren Williams,Kyren Williams (LAR),Premier quart-temps - Yards reçus par le joueur - Plus/Moins,31466,77060,1731691077,0.5|sa:player:nfl-1167361|LAR|1,4497681600,Kyren Williams (LAR) Plus de 0.5,Kyren Williams (LAR) Plus de 0.5,0.5,2.25,0,False
16514244,LA Rams vs. NY Giants,Kyren Williams,Kyren Williams (LAR),Premier quart-temps - Yards reçus par le joueur - Plus/Moins,31466,77060,1731691077,0.5|sa:player:nfl-1167361|LAR|1,4497681601,Kyren Williams (LAR) moins de 0.5,Kyren Williams (LAR) moins de 0.5,0.5,1.5,0,False
16514244,LA Rams vs. NY Giants,Malachi Fields,Malachi Fields (NYG),Premier quart-temps - Yards reçus par le joueur - Plus/Moins,31466,77060,1731691513,0.5|sa:player:nfl-1319589|NYG|1,4497682364,Malachi Fields (NYG) Plus de 0.5,Malachi Fields (NYG) Plus de 0.5,0.5,2.4,0,False
16514244,LA Rams vs. NY Giants,Malachi Fields,Malachi Fields (NYG),Premier quart-temps - Yards reçus par le joueur - Plus/Moins,31466,77060,1731691513,0.5|sa:player:nfl-1319589|NYG|1,4497682365,Malachi Fields (NYG) moins de 0.5,Malachi Fields (NYG) moins de 0.5,0.5,1.4445,0,False
16514244,LA Rams vs. NY Giants,Cameron Skattebo,Cameron Skattebo (NYG),Premier quart-temps - Yards reçus par le joueur - Plus/Moins,31466,77060,1731691294,0.5|sa:player:nfl-1280316|NYG|1,4497681984,Cameron Skattebo (NYG) moins de 0.5,Cameron Skattebo (NYG) moins de 0.5,0.5,1.3449,0,False
16514244,LA Rams vs. NY Giants,Cameron Skattebo,Cameron Skattebo (NYG),Premier quart-temps - Yards reçus par le joueur - Plus/Moins,31466,77060,1731691294,0.5|sa:player:nfl-1280316|NYG|1,4497681983,Cameron Skattebo (NYG) Plus de 0.5,Cameron Skattebo (NYG) Plus de 0.5,0.5,2.75,0,False
16514244,LA Rams vs. NY Giants,Devin Singletary,Devin Singletary (NYG),Premier quart-temps - Yards reçus par le joueur - Plus/Moins,31466,77060,1731690614,0.5|sa:player:nfl-916466|NYG|1,4497680786,Devin Singletary (NYG) Plus de 0.5,Devin Singletary (NYG) Plus de 0.5,0.5,4.25,0,False
16514244,LA Rams vs. NY Giants,Devin Singletary,Devin Singletary (NYG),Premier quart-temps - Yards reçus par le joueur - Plus/Moins,31466,77060,1731690614,0.5|sa:player:nfl-916466|NYG|1,4497680787,Devin Singletary (NYG) moins de 0.5,Devin Singletary (NYG) moins de 0.5,0.5,1.1429,0,False
16514244,LA Rams vs. NY Giants,Darnell Mooney,Darnell Mooney (NYG),Premier quart-temps - Yards reçus par le joueur - Plus/Moins,31466,77060,1731690587,0.5|sa:player:nfl-912027|NYG|1,4497680741,Darnell Mooney (NYG) Plus de 0.5,Darnell Mooney (NYG) Plus de 0.5,0.5,4.4,0,False
16514244,LA Rams vs. NY Giants,Darnell Mooney,Darnell Mooney (NYG),Premier quart-temps - Yards reçus par le joueur - Plus/Moins,31466,77060,1731690587,0.5|sa:player:nfl-912027|NYG|1,4497680742,Darnell Mooney (NYG) moins de 0.5,Darnell Mooney (NYG) moins de 0.5,0.5,1.1334,0,False
16514244,LA Rams vs. NY Giants,Odell Beckham Jr.,Odell Beckham Jr. (NYG),Premier quart-temps - Yards reçus par le joueur - Plus/Moins,31466,77060,1731690364,0.5|sa:player:nfl-589984|NYG|1,4497680353,Odell Beckham Jr. (NYG) Plus de 0.5,Odell Beckham Jr. (NYG) Plus de 0.5,0.5,5.25,0,False
16514244,LA Rams vs. NY Giants,Odell Beckham Jr.,Odell Beckham Jr. (NYG),Premier quart-temps - Yards reçus par le joueur - Plus/Moins,31466,77060,1731690364,0.5|sa:player:nfl-589984|NYG|1,4497680354,Odell Beckham Jr. (NYG) moins de 0.5,Odell Beckham Jr. (NYG) moins de 0.5,0.5,1.091,0,False
16514244,LA Rams vs. NY Giants,Davante Adams,Davante Adams (LAR),Premier quart-temps - Touchdowns de réception du joueur Plus / Moins,31469,77063,1731690427,0.5|sa:player:nfl-611417|LAR|1,4497680460,Davante Adams (LAR) Plus de 0.5,Davante Adams (LAR) Plus de 0.5,0.5,5.25,0,False
16514244,LA Rams vs. NY Giants,Davante Adams,Davante Adams (LAR),Premier quart-temps - Touchdowns de réception du joueur Plus / Moins,31469,77063,1731690427,0.5|sa:player:nfl-611417|LAR|1,4497680461,Davante Adams (LAR) moins de 0.5,Davante Adams (LAR) moins de 0.5,0.5,1.0834,0,False
16514244,LA Rams vs. NY Giants,Puka Nacua,Puka Nacua (LAR),Premier quart-temps - Touchdowns de réception du joueur Plus / Moins,31469,77063,1731691020,0.5|sa:player:nfl-1162128|LAR|1,4497681505,Puka Nacua (LAR) Plus de 0.5,Puka Nacua (LAR) Plus de 0.5,0.5,6.0,0,False
16514244,LA Rams vs. NY Giants,Puka Nacua,Puka Nacua (LAR),Premier quart-temps - Touchdowns de réception du joueur Plus / Moins,31469,77063,1731691020,0.5|sa:player:nfl-1162128|LAR|1,4497681506,Puka Nacua (LAR) moins de 0.5,Puka Nacua (LAR) moins de 0.5,0.5,1.0589,0,False
16514244,LA Rams vs. NY Giants,Malik Nabers,Malik Nabers (NYG),Premier quart-temps - Touchdowns de réception du joueur Plus / Moins,31469,77063,1731691338,0.5|sa:player:nfl-1286059|NYG|1,4497682062,Malik Nabers (NYG) Plus de 0.5,Malik Nabers (NYG) Plus de 0.5,0.5,7.0,0,False
16514244,LA Rams vs. NY Giants,Malik Nabers,Malik Nabers (NYG),Premier quart-temps - Touchdowns de réception du joueur Plus / Moins,31469,77063,1731691338,0.5|sa:player:nfl-1286059|NYG|1,4497682063,Malik Nabers (NYG) moins de 0.5,Malik Nabers (NYG) moins de 0.5,0.5,1.0334,0,False
16514244,LA Rams vs. NY Giants,Colby Parkinson,Colby Parkinson (LAR),Premier quart-temps - Touchdowns de réception du joueur Plus / Moins,31469,77063,1731690767,0.5|sa:player:nfl-1060312|LAR|1,4497681060,Colby Parkinson (LAR) Plus de 0.5,Colby Parkinson (LAR) Plus de 0.5,0.5,7.75,0,False
16514244,LA Rams vs. NY Giants,Colby Parkinson,Colby Parkinson (LAR),Premier quart-temps - Touchdowns de réception du joueur Plus / Moins,31469,77063,1731690767,0.5|sa:player:nfl-1060312|LAR|1,4497681061,Colby Parkinson (LAR) moins de 0.5,Colby Parkinson (LAR) moins de 0.5,0.5,1.02,0,False
16514244,LA Rams vs. NY Giants,Isaiah Likely,Isaiah Likely (NYG),Premier quart-temps - Touchdowns de réception du joueur Plus / Moins,31469,77063,1731690893,0.5|sa:player:nfl-1125111|NYG|1,4497681286,Isaiah Likely (NYG) Plus de 0.5,Isaiah Likely (NYG) Plus de 0.5,0.5,7.75,0,False
16514244,LA Rams vs. NY Giants,Isaiah Likely,Isaiah Likely (NYG),Premier quart-temps - Touchdowns de réception du joueur Plus / Moins,31469,77063,1731690893,0.5|sa:player:nfl-1125111|NYG|1,4497681287,Isaiah Likely (NYG) moins de 0.5,Isaiah Likely (NYG) moins de 0.5,0.5,1.02,0,False
16514244,LA Rams vs. NY Giants,Terrance Ferguson,Terrance Ferguson (LAR),Premier quart-temps - Touchdowns de réception du joueur Plus / Moins,31469,77063,1731691365,0.5|sa:player:nfl-1286179|LAR|1,4497682107,Terrance Ferguson (LAR) Plus de 0.5,Terrance Ferguson (LAR) Plus de 0.5,0.5,7.75,0,False
16514244,LA Rams vs. NY Giants,Terrance Ferguson,Terrance Ferguson (LAR),Premier quart-temps - Touchdowns de réception du joueur Plus / Moins,31469,77063,1731691365,0.5|sa:player:nfl-1286179|LAR|1,4497682108,Terrance Ferguson (LAR) moins de 0.5,Terrance Ferguson (LAR) moins de 0.5,0.5,1.02,0,False
16514244,LA Rams vs. NY Giants,Cameron Skattebo,Cameron Skattebo (NYG),Premier quart-temps - Touchdowns de réception du joueur Plus / Moins,31469,77063,1731691297,0.5|sa:player:nfl-1280316|NYG|1,4497681989,Cameron Skattebo (NYG) Plus de 0.5,Cameron Skattebo (NYG) Plus de 0.5,0.5,8.5,0,False
16514244,LA Rams vs. NY Giants,Cameron Skattebo,Cameron Skattebo (NYG),Premier quart-temps - Touchdowns de réception du joueur Plus / Moins,31469,77063,1731691297,0.5|sa:player:nfl-1280316|NYG|1,4497681990,Cameron Skattebo (NYG) moins de 0.5,Cameron Skattebo (NYG) moins de 0.5,0.5,0.0,7,False
16514244,LA Rams vs. NY Giants,Darnell Mooney,Darnell Mooney (NYG),Premier quart-temps - Touchdowns de réception du joueur Plus / Moins,31469,77063,1731690590,0.5|sa:player:nfl-912027|NYG|1,4497680747,Darnell Mooney (NYG) Plus de 0.5,Darnell Mooney (NYG) Plus de 0.5,0.5,8.5,0,False
16514244,LA Rams vs. NY Giants,Darnell Mooney,Darnell Mooney (NYG),Premier quart-temps - Touchdowns de réception du joueur Plus / Moins,31469,77063,1731690590,0.5|sa:player:nfl-912027|NYG|1,4497680748,Darnell Mooney (NYG) moins de 0.5,Darnell Mooney (NYG) moins de 0.5,0.5,0.0,7,False
16514244,LA Rams vs. NY Giants,Konata Mumpfield,Konata Mumpfield (LAR),Premier quart-temps - Touchdowns de réception du joueur Plus / Moins,31469,77063,1731691483,0.5|sa:player:nfl-1289332|LAR|1,4497682314,Konata Mumpfield (LAR) Plus de 0.5,Konata Mumpfield (LAR) Plus de 0.5,0.5,8.5,0,False
16514244,LA Rams vs. NY Giants,Konata Mumpfield,Konata Mumpfield (LAR),Premier quart-temps - Touchdowns de réception du joueur Plus / Moins,31469,77063,1731691483,0.5|sa:player:nfl-1289332|LAR|1,4497682315,Konata Mumpfield (LAR) moins de 0.5,Konata Mumpfield (LAR) moins de 0.5,0.5,1.01,0,False
16514244,LA Rams vs. NY Giants,Kyren Williams,Kyren Williams (LAR),Premier quart-temps - Touchdowns de réception du joueur Plus / Moins,31469,77063,1731691080,0.5|sa:player:nfl-1167361|LAR|1,4497681606,Kyren Williams (LAR) Plus de 0.5,Kyren Williams (LAR) Plus de 0.5,0.5,8.5,0,False
16514244,LA Rams vs. NY Giants,Kyren Williams,Kyren Williams (LAR),Premier quart-temps - Touchdowns de réception du joueur Plus / Moins,31469,77063,1731691080,0.5|sa:player:nfl-1167361|LAR|1,4497681607,Kyren Williams (LAR) moins de 0.5,Kyren Williams (LAR) moins de 0.5,0.5,0.0,7,False
16514244,LA Rams vs. NY Giants,Malachi Fields,Malachi Fields (NYG),Premier quart-temps - Touchdowns de réception du joueur Plus / Moins,31469,77063,1731691516,0.5|sa:player:nfl-1319589|NYG|1,4497682370,Malachi Fields (NYG) Plus de 0.5,Malachi Fields (NYG) Plus de 0.5,0.5,8.5,0,False
16514244,LA Rams vs. NY Giants,Malachi Fields,Malachi Fields (NYG),Premier quart-temps - Touchdowns de réception du joueur Plus / Moins,31469,77063,1731691516,0.5|sa:player:nfl-1319589|NYG|1,4497682371,Malachi Fields (NYG) moins de 0.5,Malachi Fields (NYG) moins de 0.5,0.5,0.0,7,False
16514244,LA Rams vs. NY Giants,Tutu Atwell,Tutu Atwell (LAR),Premier quart-temps - Touchdowns de réception du joueur Plus / Moins,31469,77063,1741304039,0.5|sa:player:nfl-1106760|LAR|1,4530177960,Tutu Atwell (LAR) Plus de 0.5,Tutu Atwell (LAR) Plus de 0.5,0.5,8.5,0,False
16514244,LA Rams vs. NY Giants,Tutu Atwell,Tutu Atwell (LAR),Premier quart-temps - Touchdowns de réception du joueur Plus / Moins,31469,77063,1741304039,0.5|sa:player:nfl-1106760|LAR|1,4530177961,Tutu Atwell (LAR) moins de 0.5,Tutu Atwell (LAR) moins de 0.5,0.5,0.0,7,False
16514244,LA Rams vs. NY Giants,Xavier Smith,Xavier Smith (LAR),Premier quart-temps - Touchdowns de réception du joueur Plus / Moins,31469,77063,1731690938,0.5|sa:player:nfl-1137635|LAR|1,4497681364,Xavier Smith (LAR) Plus de 0.5,Xavier Smith (LAR) Plus de 0.5,0.5,8.5,0,False
16514244,LA Rams vs. NY Giants,Xavier Smith,Xavier Smith (LAR),Premier quart-temps - Touchdowns de réception du joueur Plus / Moins,31469,77063,1731690938,0.5|sa:player:nfl-1137635|LAR|1,4497681365,Xavier Smith (LAR) moins de 0.5,Xavier Smith (LAR) moins de 0.5,0.5,0.0,7,False
16514244,LA Rams vs. NY Giants,Blake Corum,Blake Corum (LAR),Premier quart-temps - Touchdowns de réception du joueur Plus / Moins,31469,77063,1731691233,0.5|sa:player:nfl-1229540|LAR|1,4497681874,Blake Corum (LAR) Plus de 0.5,Blake Corum (LAR) Plus de 0.5,0.5,9.0,0,False
16514244,LA Rams vs. NY Giants,Blake Corum,Blake Corum (LAR),Premier quart-temps - Touchdowns de réception du joueur Plus / Moins,31469,77063,1731691233,0.5|sa:player:nfl-1229540|LAR|1,4497681875,Blake Corum (LAR) moins de 0.5,Blake Corum (LAR) moins de 0.5,0.5,0.0,7,False
16514244,LA Rams vs. NY Giants,Theo Johnson,Theo Johnson (NYG),Premier quart-temps - Touchdowns de réception du joueur Plus / Moins,31469,77063,1731691147,0.5|sa:player:nfl-1214414|NYG|1,4497681728,Theo Johnson (NYG) moins de 0.5,Theo Johnson (NYG) moins de 0.5,0.5,0.0,7,False
16514244,LA Rams vs. NY Giants,Theo Johnson,Theo Johnson (NYG),Premier quart-temps - Touchdowns de réception du joueur Plus / Moins,31469,77063,1731691147,0.5|sa:player:nfl-1214414|NYG|1,4497681727,Theo Johnson (NYG) Plus de 0.5,Theo Johnson (NYG) Plus de 0.5,0.5,9.0,0,False
16514244,LA Rams vs. NY Giants,Matthew Stafford,Matthew Stafford (LAR),Premier quart-temps - Total de yards à la passe du joueur Plus/Moins,31460,77054,1732856362,55.5|sa:player:nfl-323205|LAR|1,4501196026,Matthew Stafford (LAR) Plus de 55.5,Matthew Stafford (LAR) Plus de 55.5,55.5,1.8334,0,False
16514244,LA Rams vs. NY Giants,Matthew Stafford,Matthew Stafford (LAR),Premier quart-temps - Total de yards à la passe du joueur Plus/Moins,31460,77054,1732856362,55.5|sa:player:nfl-323205|LAR|1,4501196027,Matthew Stafford (LAR) moins de 55.5,Matthew Stafford (LAR) moins de 55.5,55.5,1.7693,0,False
16514244,LA Rams vs. NY Giants,Jaxson Dart,Jaxson Dart (NYG),Premier quart-temps - Total de yards à la passe du joueur Plus/Moins,31460,77054,1737206142,41.5|sa:player:nfl-1286260|NYG|1,4516457997,Jaxson Dart (NYG) Plus de 41.5,Jaxson Dart (NYG) Plus de 41.5,41.5,1.8,0,False
16514244,LA Rams vs. NY Giants,Jaxson Dart,Jaxson Dart (NYG),Premier quart-temps - Total de yards à la passe du joueur Plus/Moins,31460,77054,1737206142,41.5|sa:player:nfl-1286260|NYG|1,4516457998,Jaxson Dart (NYG) moins de 41.5,Jaxson Dart (NYG) moins de 41.5,41.5,1.8,0,False
16514244,LA Rams vs. NY Giants,Matthew Stafford,Matthew Stafford (LAR),Deuxième quart-temps - Total de yards à la passe du joueur Plus/Moins,31460,77054,1732869950,71.5|sa:player:nfl-323205|LAR|2,4501227352,Matthew Stafford (LAR) Plus de 71.5,Matthew Stafford (LAR) Plus de 71.5,71.5,1.8334,0,False
16514244,LA Rams vs. NY Giants,Matthew Stafford,Matthew Stafford (LAR),Deuxième quart-temps - Total de yards à la passe du joueur Plus/Moins,31460,77054,1732869950,71.5|sa:player:nfl-323205|LAR|2,4501227353,Matthew Stafford (LAR) moins de 71.5,Matthew Stafford (LAR) moins de 71.5,71.5,1.7693,0,False
16514244,LA Rams vs. NY Giants,Jaxson Dart,Jaxson Dart (NYG),Deuxième quart-temps - Total de yards à la passe du joueur Plus/Moins,31460,77054,1735851650,55.5|sa:player:nfl-1286260|NYG|2,4510917132,Jaxson Dart (NYG) Plus de 55.5,Jaxson Dart (NYG) Plus de 55.5,55.5,1.8334,0,False
16514244,LA Rams vs. NY Giants,Jaxson Dart,Jaxson Dart (NYG),Deuxième quart-temps - Total de yards à la passe du joueur Plus/Moins,31460,77054,1735851650,55.5|sa:player:nfl-1286260|NYG|2,4510917133,Jaxson Dart (NYG) moins de 55.5,Jaxson Dart (NYG) moins de 55.5,55.5,1.7693,0,False
16514244,LA Rams vs. NY Giants,Matthew Stafford,Matthew Stafford (LAR),Troisième quart-temps - Total de yards à la passe du joueur Plus/Moins,31460,77054,1732859892,55.5|sa:player:nfl-323205|LAR|3,4501203942,Matthew Stafford (LAR) Plus de 55.5,Matthew Stafford (LAR) Plus de 55.5,55.5,1.7693,0,False
16514244,LA Rams vs. NY Giants,Matthew Stafford,Matthew Stafford (LAR),Troisième quart-temps - Total de yards à la passe du joueur Plus/Moins,31460,77054,1732859892,55.5|sa:player:nfl-323205|LAR|3,4501203943,Matthew Stafford (LAR) moins de 55.5,Matthew Stafford (LAR) moins de 55.5,55.5,1.8334,0,False
16514244,LA Rams vs. NY Giants,Jaxson Dart,Jaxson Dart (NYG),Troisième quart-temps - Total de yards à la passe du joueur Plus/Moins,31460,77054,1737206143,42.5|sa:player:nfl-1286260|NYG|3,4516458000,Jaxson Dart (NYG) moins de 42.5,Jaxson Dart (NYG) moins de 42.5,42.5,1.7693,0,False
16514244,LA Rams vs. NY Giants,Jaxson Dart,Jaxson Dart (NYG),Troisième quart-temps - Total de yards à la passe du joueur Plus/Moins,31460,77054,1737206143,42.5|sa:player:nfl-1286260|NYG|3,4516457999,Jaxson Dart (NYG) Plus de 42.5,Jaxson Dart (NYG) Plus de 42.5,42.5,1.8334,0,False
16514244,LA Rams vs. NY Giants,Jaxson Dart,Jaxson Dart (NYG),Quatrième quart-temps - Total de yards à la passe du joueur Plus/Moins,31460,77054,1740892361,63.5|sa:player:nfl-1286260|NYG|4,4529149880,Jaxson Dart (NYG) Plus de 63.5,Jaxson Dart (NYG) Plus de 63.5,63.5,1.8334,0,False
16514244,LA Rams vs. NY Giants,Jaxson Dart,Jaxson Dart (NYG),Quatrième quart-temps - Total de yards à la passe du joueur Plus/Moins,31460,77054,1740892361,63.5|sa:player:nfl-1286260|NYG|4,4529149881,Jaxson Dart (NYG) moins de 63.5,Jaxson Dart (NYG) moins de 63.5,63.5,1.7693,0,False
16514244,LA Rams vs. NY Giants,Matthew Stafford,Matthew Stafford (LAR),Quatrième quart-temps - Total de yards à la passe du joueur Plus/Moins,31460,77054,1734178099,48.5|sa:player:nfl-323205|LAR|4,4505424264,Matthew Stafford (LAR) Plus de 48.5,Matthew Stafford (LAR) Plus de 48.5,48.5,1.7693,0,False
16514244,LA Rams vs. NY Giants,Matthew Stafford,Matthew Stafford (LAR),Quatrième quart-temps - Total de yards à la passe du joueur Plus/Moins,31460,77054,1734178099,48.5|sa:player:nfl-323205|LAR|4,4505424265,Matthew Stafford (LAR) moins de 48.5,Matthew Stafford (LAR) moins de 48.5,48.5,1.8334,0,False
16514244,LA Rams vs. NY Giants,Matthew Stafford,Matthew Stafford (LAR),Premier quart-temps - 	 Total de Touchdowns à la passe du joueur - Plus/Moins,31463,77057,1731690283,0.5|sa:player:nfl-323205|LAR|1,4497680211,Matthew Stafford (LAR) Plus de 0.5,Matthew Stafford (LAR) Plus de 0.5,0.5,2.4,0,False
16514244,LA Rams vs. NY Giants,Matthew Stafford,Matthew Stafford (LAR),Premier quart-temps - 	 Total de Touchdowns à la passe du joueur - Plus/Moins,31463,77057,1731690283,0.5|sa:player:nfl-323205|LAR|1,4497680212,Matthew Stafford (LAR) moins de 0.5,Matthew Stafford (LAR) moins de 0.5,0.5,1.4445,0,False
16514244,LA Rams vs. NY Giants,Jaxson Dart,Jaxson Dart (NYG),Premier quart-temps - 	 Total de Touchdowns à la passe du joueur - Plus/Moins,31463,77057,1731691397,0.5|sa:player:nfl-1286260|NYG|1,4497682162,Jaxson Dart (NYG) Plus de 0.5,Jaxson Dart (NYG) Plus de 0.5,0.5,3.75,0,False
16514244,LA Rams vs. NY Giants,Jaxson Dart,Jaxson Dart (NYG),Premier quart-temps - 	 Total de Touchdowns à la passe du joueur - Plus/Moins,31463,77057,1731691397,0.5|sa:player:nfl-1286260|NYG|1,4497682163,Jaxson Dart (NYG) moins de 0.5,Jaxson Dart (NYG) moins de 0.5,0.5,1.1819,0,False
16514244,LA Rams vs. NY Giants,Matthew Stafford,Matthew Stafford (LAR),Deuxième quart-temps - 	 Total de Touchdowns à la passe du joueur - Plus/Moins,31463,77057,1731690284,0.5|sa:player:nfl-323205|LAR|2,4497680213,Matthew Stafford (LAR) Plus de 0.5,Matthew Stafford (LAR) Plus de 0.5,0.5,1.8334,0,False
16514244,LA Rams vs. NY Giants,Matthew Stafford,Matthew Stafford (LAR),Deuxième quart-temps - 	 Total de Touchdowns à la passe du joueur - Plus/Moins,31463,77057,1731690284,0.5|sa:player:nfl-323205|LAR|2,4497680214,Matthew Stafford (LAR) moins de 0.5,Matthew Stafford (LAR) moins de 0.5,0.5,1.7693,0,False
16514244,LA Rams vs. NY Giants,Jaxson Dart,Jaxson Dart (NYG),Deuxième quart-temps - 	 Total de Touchdowns à la passe du joueur - Plus/Moins,31463,77057,1731691398,0.5|sa:player:nfl-1286260|NYG|2,4497682164,Jaxson Dart (NYG) Plus de 0.5,Jaxson Dart (NYG) Plus de 0.5,0.5,2.8,0,False
16514244,LA Rams vs. NY Giants,Jaxson Dart,Jaxson Dart (NYG),Deuxième quart-temps - 	 Total de Touchdowns à la passe du joueur - Plus/Moins,31463,77057,1731691398,0.5|sa:player:nfl-1286260|NYG|2,4497682165,Jaxson Dart (NYG) moins de 0.5,Jaxson Dart (NYG) moins de 0.5,0.5,1.3334,0,False
16514244,LA Rams vs. NY Giants,Matthew Stafford,Matthew Stafford (LAR),Troisième quart-temps - 	 Total de Touchdowns à la passe du joueur - Plus/Moins,31463,77057,1731690285,0.5|sa:player:nfl-323205|LAR|3,4497680216,Matthew Stafford (LAR) moins de 0.5,Matthew Stafford (LAR) moins de 0.5,0.5,1.4445,0,False
16514244,LA Rams vs. NY Giants,Matthew Stafford,Matthew Stafford (LAR),Troisième quart-temps - 	 Total de Touchdowns à la passe du joueur - Plus/Moins,31463,77057,1731690285,0.5|sa:player:nfl-323205|LAR|3,4497680215,Matthew Stafford (LAR) Plus de 0.5,Matthew Stafford (LAR) Plus de 0.5,0.5,2.4,0,False
16514244,LA Rams vs. NY Giants,Jaxson Dart,Jaxson Dart (NYG),Troisième quart-temps - 	 Total de Touchdowns à la passe du joueur - Plus/Moins,31463,77057,1731691399,0.5|sa:player:nfl-1286260|NYG|3,4497682166,Jaxson Dart (NYG) Plus de 0.5,Jaxson Dart (NYG) Plus de 0.5,0.5,3.6,0,False
16514244,LA Rams vs. NY Giants,Jaxson Dart,Jaxson Dart (NYG),Troisième quart-temps - 	 Total de Touchdowns à la passe du joueur - Plus/Moins,31463,77057,1731691399,0.5|sa:player:nfl-1286260|NYG|3,4497682167,Jaxson Dart (NYG) moins de 0.5,Jaxson Dart (NYG) moins de 0.5,0.5,1.2,0,False
16514244,LA Rams vs. NY Giants,Matthew Stafford,Matthew Stafford (LAR),Quatrième quart-temps - 	 Total de Touchdowns à la passe du joueur - Plus/Moins,31463,77057,1731690286,0.5|sa:player:nfl-323205|LAR|4,4497680217,Matthew Stafford (LAR) Plus de 0.5,Matthew Stafford (LAR) Plus de 0.5,0.5,2.2,0,False
16514244,LA Rams vs. NY Giants,Matthew Stafford,Matthew Stafford (LAR),Quatrième quart-temps - 	 Total de Touchdowns à la passe du joueur - Plus/Moins,31463,77057,1731690286,0.5|sa:player:nfl-323205|LAR|4,4497680218,Matthew Stafford (LAR) moins de 0.5,Matthew Stafford (LAR) moins de 0.5,0.5,1.5264,0,False
16514244,LA Rams vs. NY Giants,Jaxson Dart,Jaxson Dart (NYG),Quatrième quart-temps - 	 Total de Touchdowns à la passe du joueur - Plus/Moins,31463,77057,1731691400,0.5|sa:player:nfl-1286260|NYG|4,4497682168,Jaxson Dart (NYG) Plus de 0.5,Jaxson Dart (NYG) Plus de 0.5,0.5,2.4,0,False
16514244,LA Rams vs. NY Giants,Jaxson Dart,Jaxson Dart (NYG),Quatrième quart-temps - 	 Total de Touchdowns à la passe du joueur - Plus/Moins,31463,77057,1731691400,0.5|sa:player:nfl-1286260|NYG|4,4497682169,Jaxson Dart (NYG) moins de 0.5,Jaxson Dart (NYG) moins de 0.5,0.5,1.4445,0,False
16514244,LA Rams vs. NY Giants,Matthew Stafford,Matthew Stafford (LAR),Premier quart-temps - Passes réussies du joueur - Plus/Moins,31493,77087,1734174866,5.5|sa:player:nfl-323205|LAR|1,4505416480,Matthew Stafford (LAR) moins de 5.5,Matthew Stafford (LAR) moins de 5.5,5.5,1.6061,0,False
16514244,LA Rams vs. NY Giants,Matthew Stafford,Matthew Stafford (LAR),Premier quart-temps - Passes réussies du joueur - Plus/Moins,31493,77087,1734174866,5.5|sa:player:nfl-323205|LAR|1,4505416479,Matthew Stafford (LAR) Plus de 5.5,Matthew Stafford (LAR) Plus de 5.5,5.5,2.05,0,False
16514244,LA Rams vs. NY Giants,Jaxson Dart,Jaxson Dart (NYG),Premier quart-temps - Passes réussies du joueur - Plus/Moins,31493,77087,1731691409,3.5|sa:player:nfl-1286260|NYG|1,4497682186,Jaxson Dart (NYG) Plus de 3.5,Jaxson Dart (NYG) Plus de 3.5,3.5,1.5556,0,False
16514244,LA Rams vs. NY Giants,Jaxson Dart,Jaxson Dart (NYG),Premier quart-temps - Passes réussies du joueur - Plus/Moins,31493,77087,1731691409,3.5|sa:player:nfl-1286260|NYG|1,4497682187,Jaxson Dart (NYG) moins de 3.5,Jaxson Dart (NYG) moins de 3.5,3.5,2.15,0,False
16514244,LA Rams vs. NY Giants,Matthew Stafford,Matthew Stafford (LAR),Premier quart-temps - Joueur Tentative de passe - Plus/Moins,31481,77075,1731690292,7.5|sa:player:nfl-323205|LAR|1,4497680229,Matthew Stafford (LAR) Plus de 7.5,Matthew Stafford (LAR) Plus de 7.5,7.5,1.8334,0,False
16514244,LA Rams vs. NY Giants,Matthew Stafford,Matthew Stafford (LAR),Premier quart-temps - Joueur Tentative de passe - Plus/Moins,31481,77075,1731690292,7.5|sa:player:nfl-323205|LAR|1,4497680230,Matthew Stafford (LAR) moins de 7.5,Matthew Stafford (LAR) moins de 7.5,7.5,1.7693,0,False
16514244,LA Rams vs. NY Giants,Jaxson Dart,Jaxson Dart (NYG),Premier quart-temps - Joueur Tentative de passe - Plus/Moins,31481,77075,1737206144,6.5|sa:player:nfl-1286260|NYG|1,4516458001,Jaxson Dart (NYG) Plus de 6.5,Jaxson Dart (NYG) Plus de 6.5,6.5,2.1,0,False
16514244,LA Rams vs. NY Giants,Jaxson Dart,Jaxson Dart (NYG),Premier quart-temps - Joueur Tentative de passe - Plus/Moins,31481,77075,1737206144,6.5|sa:player:nfl-1286260|NYG|1,4516458002,Jaxson Dart (NYG) moins de 6.5,Jaxson Dart (NYG) moins de 6.5,6.5,1.5715,0,False
16514244,LA Rams vs. NY Giants,Jaxson Dart,Jaxson Dart (NYG),Premier quart-temps - Interceptions du joueur Plus/Moins,31478,77072,1731691403,0.5|sa:player:nfl-1286260|NYG|1,4497682174,Jaxson Dart (NYG) Plus de 0.5,Jaxson Dart (NYG) Plus de 0.5,0.5,5.75,0,False
16514244,LA Rams vs. NY Giants,Jaxson Dart,Jaxson Dart (NYG),Premier quart-temps - Interceptions du joueur Plus/Moins,31478,77072,1731691403,0.5|sa:player:nfl-1286260|NYG|1,4497682175,Jaxson Dart (NYG) moins de 0.5,Jaxson Dart (NYG) moins de 0.5,0.5,1.0715,0,False
16514244,LA Rams vs. NY Giants,Matthew Stafford,Matthew Stafford (LAR),Premier quart-temps - Interceptions du joueur Plus/Moins,31478,77072,1731690289,0.5|sa:player:nfl-323205|LAR|1,4497680224,Matthew Stafford (LAR) moins de 0.5,Matthew Stafford (LAR) moins de 0.5,0.5,1.0715,0,False
16514244,LA Rams vs. NY Giants,Matthew Stafford,Matthew Stafford (LAR),Premier quart-temps - Interceptions du joueur Plus/Moins,31478,77072,1731690289,0.5|sa:player:nfl-323205|LAR|1,4497680223,Matthew Stafford (LAR) Plus de 0.5,Matthew Stafford (LAR) Plus de 0.5,0.5,5.75,0,False
16514244,LA Rams vs. NY Giants,Matthew Stafford,Matthew Stafford (LAR),Joueur total nombre de tentatives de passes(Matthew Stafford (LAR)) (prolongations incluses),2248,73698,1737468085,LAR|dst:player:269130,4517130631,33+,33+,LAR|dst:player:269130,1.9091,0,False
16514244,LA Rams vs. NY Giants,Matthew Stafford,Matthew Stafford (LAR),Joueur total nombre de tentatives de passes(Matthew Stafford (LAR)) (prolongations incluses),2248,73698,1737468085,LAR|dst:player:269130,4517130632,35+,35+,LAR|dst:player:269130,2.3,0,False
16514244,LA Rams vs. NY Giants,Matthew Stafford,Matthew Stafford (LAR),Joueur total nombre de tentatives de passes(Matthew Stafford (LAR)) (prolongations incluses),2248,73698,1737468085,LAR|dst:player:269130,4517130633,37+,37+,LAR|dst:player:269130,2.85,0,False
16514244,LA Rams vs. NY Giants,Matthew Stafford,Matthew Stafford (LAR),Joueur total nombre de tentatives de passes(Matthew Stafford (LAR)) (prolongations incluses),2248,73698,1737468085,LAR|dst:player:269130,4517130634,39+,39+,LAR|dst:player:269130,3.75,0,False
16514244,LA Rams vs. NY Giants,Matthew Stafford,Matthew Stafford (LAR),Joueur total nombre de tentatives de passes(Matthew Stafford (LAR)) (prolongations incluses),2248,73698,1737468085,LAR|dst:player:269130,4517130635,41+,41+,LAR|dst:player:269130,5.0,0,False
16514244,LA Rams vs. NY Giants,Matthew Stafford,Matthew Stafford (LAR),Joueur total nombre de tentatives de passes(Matthew Stafford (LAR)) (prolongations incluses),2248,73698,1737468085,LAR|dst:player:269130,4517130636,43+,43+,LAR|dst:player:269130,7.0,0,False
16514244,LA Rams vs. NY Giants,Matthew Stafford,Matthew Stafford (LAR),Joueur total nombre de tentatives de passes(Matthew Stafford (LAR)) (prolongations incluses),2248,73698,1737468085,LAR|dst:player:269130,4517130637,45+,45+,LAR|dst:player:269130,10.0,0,False
16514244,LA Rams vs. NY Giants,Matthew Stafford,Matthew Stafford (LAR),Joueur total nombre de tentatives de passes(Matthew Stafford (LAR)) (prolongations incluses),2248,73698,1737468085,LAR|dst:player:269130,4517130638,31+,31+,LAR|dst:player:269130,1.5264,0,False
16514244,LA Rams vs. NY Giants,Jaxson Dart,Jaxson Dart (NYG),Joueur total nombre de tentatives de passes(Jaxson Dart (NYG)) (prolongations incluses),2248,73698,1735303529,NYG|dst:player:489891,4510823170,31+,31+,NYG|dst:player:489891,1.8696,0,False
16514244,LA Rams vs. NY Giants,Jaxson Dart,Jaxson Dart (NYG),Joueur total nombre de tentatives de passes(Jaxson Dart (NYG)) (prolongations incluses),2248,73698,1735303529,NYG|dst:player:489891,4510823171,33+,33+,NYG|dst:player:489891,2.25,0,False
16514244,LA Rams vs. NY Giants,Jaxson Dart,Jaxson Dart (NYG),Joueur total nombre de tentatives de passes(Jaxson Dart (NYG)) (prolongations incluses),2248,73698,1735303529,NYG|dst:player:489891,4510823172,35+,35+,NYG|dst:player:489891,2.75,0,False
16514244,LA Rams vs. NY Giants,Jaxson Dart,Jaxson Dart (NYG),Joueur total nombre de tentatives de passes(Jaxson Dart (NYG)) (prolongations incluses),2248,73698,1735303529,NYG|dst:player:489891,4510823173,37+,37+,NYG|dst:player:489891,3.5,0,False
16514244,LA Rams vs. NY Giants,Jaxson Dart,Jaxson Dart (NYG),Joueur total nombre de tentatives de passes(Jaxson Dart (NYG)) (prolongations incluses),2248,73698,1735303529,NYG|dst:player:489891,4510823174,39+,39+,NYG|dst:player:489891,4.5,0,False
16514244,LA Rams vs. NY Giants,Jaxson Dart,Jaxson Dart (NYG),Joueur total nombre de tentatives de passes(Jaxson Dart (NYG)) (prolongations incluses),2248,73698,1735303529,NYG|dst:player:489891,4510823175,41+,41+,NYG|dst:player:489891,6.25,0,False
16514244,LA Rams vs. NY Giants,Jaxson Dart,Jaxson Dart (NYG),Joueur total nombre de tentatives de passes(Jaxson Dart (NYG)) (prolongations incluses),2248,73698,1735303529,NYG|dst:player:489891,4510823176,43+,43+,NYG|dst:player:489891,8.5,0,False
16514244,LA Rams vs. NY Giants,Jaxson Dart,Jaxson Dart (NYG),Joueur total nombre de tentatives de passes(Jaxson Dart (NYG)) (prolongations incluses),2248,73698,1735303529,NYG|dst:player:489891,4510823177,29+,29+,NYG|dst:player:489891,1.5264,0,False
16514244,LA Rams vs. NY Giants,Malik Nabers,Malik Nabers (NYG),Joueur total de réception (Malik Nabers (NYG)) (incl. OT),2142,72897,1735304908,NYG|dst:player:430013,4509461995,6+,6+,NYG|dst:player:430013,1.8696,0,False
16514244,LA Rams vs. NY Giants,Malik Nabers,Malik Nabers (NYG),Joueur total de réception (Malik Nabers (NYG)) (incl. OT),2142,72897,1735304908,NYG|dst:player:430013,4509461996,7+,7+,NYG|dst:player:430013,2.5,0,False
16514244,LA Rams vs. NY Giants,Malik Nabers,Malik Nabers (NYG),Joueur total de réception (Malik Nabers (NYG)) (incl. OT),2142,72897,1735304908,NYG|dst:player:430013,4509461997,8+,8+,NYG|dst:player:430013,3.6,0,False
16514244,LA Rams vs. NY Giants,Malik Nabers,Malik Nabers (NYG),Joueur total de réception (Malik Nabers (NYG)) (incl. OT),2142,72897,1735304908,NYG|dst:player:430013,4509461998,9+,9+,NYG|dst:player:430013,5.5,0,False
16514244,LA Rams vs. NY Giants,Malik Nabers,Malik Nabers (NYG),Joueur total de réception (Malik Nabers (NYG)) (incl. OT),2142,72897,1735304908,NYG|dst:player:430013,4509461999,10+,10+,NYG|dst:player:430013,9.0,0,False
16514244,LA Rams vs. NY Giants,Malik Nabers,Malik Nabers (NYG),Joueur total de réception (Malik Nabers (NYG)) (incl. OT),2142,72897,1735304908,NYG|dst:player:430013,4509462000,11+,11+,NYG|dst:player:430013,16.0,0,False
16514244,LA Rams vs. NY Giants,Malik Nabers,Malik Nabers (NYG),Joueur total de réception (Malik Nabers (NYG)) (incl. OT),2142,72897,1735304908,NYG|dst:player:430013,4509462001,5+,5+,NYG|dst:player:430013,1.3125,0,False
16514244,LA Rams vs. NY Giants,Isaiah Likely,Isaiah Likely (NYG),Joueur total de réception (Isaiah Likely (NYG)) (incl. OT),2142,72897,1735304909,NYG|dst:player:540760,4509462002,5+,5+,NYG|dst:player:540760,2.0,0,False
16514244,LA Rams vs. NY Giants,Isaiah Likely,Isaiah Likely (NYG),Joueur total de réception (Isaiah Likely (NYG)) (incl. OT),2142,72897,1735304909,NYG|dst:player:540760,4509462003,6+,6+,NYG|dst:player:540760,2.8,0,False
16514244,LA Rams vs. NY Giants,Isaiah Likely,Isaiah Likely (NYG),Joueur total de réception (Isaiah Likely (NYG)) (incl. OT),2142,72897,1735304909,NYG|dst:player:540760,4509462004,7+,7+,NYG|dst:player:540760,4.3,0,False
16514244,LA Rams vs. NY Giants,Isaiah Likely,Isaiah Likely (NYG),Joueur total de réception (Isaiah Likely (NYG)) (incl. OT),2142,72897,1735304909,NYG|dst:player:540760,4509462005,8+,8+,NYG|dst:player:540760,7.25,0,False
16514244,LA Rams vs. NY Giants,Isaiah Likely,Isaiah Likely (NYG),Joueur total de réception (Isaiah Likely (NYG)) (incl. OT),2142,72897,1735304909,NYG|dst:player:540760,4509462006,9+,9+,NYG|dst:player:540760,13.0,0,False
16514244,LA Rams vs. NY Giants,Isaiah Likely,Isaiah Likely (NYG),Joueur total de réception (Isaiah Likely (NYG)) (incl. OT),2142,72897,1735304909,NYG|dst:player:540760,4509462007,10+,10+,NYG|dst:player:540760,26.0,0,False
16514244,LA Rams vs. NY Giants,Isaiah Likely,Isaiah Likely (NYG),Joueur total de réception (Isaiah Likely (NYG)) (incl. OT),2142,72897,1735304909,NYG|dst:player:540760,4509462008,4+,4+,NYG|dst:player:540760,1.3334,0,False
16514244,LA Rams vs. NY Giants,Kyren Williams,Kyren Williams (LAR),Joueur total de réception (Kyren Williams (LAR)) (incl. OT),2142,72897,1739636044,LAR|dst:player:309275,4530643660,8+,8+,LAR|dst:player:309275,41.0,0,False
16514244,LA Rams vs. NY Giants,Kyren Williams,Kyren Williams (LAR),Joueur total de réception (Kyren Williams (LAR)) (incl. OT),2142,72897,1739636044,LAR|dst:player:309275,4525384660,3+,3+,LAR|dst:player:309275,2.2,0,False
16514244,LA Rams vs. NY Giants,Kyren Williams,Kyren Williams (LAR),Joueur total de réception (Kyren Williams (LAR)) (incl. OT),2142,72897,1739636044,LAR|dst:player:309275,4525384661,4+,4+,LAR|dst:player:309275,3.2,0,False
16514244,LA Rams vs. NY Giants,Kyren Williams,Kyren Williams (LAR),Joueur total de réception (Kyren Williams (LAR)) (incl. OT),2142,72897,1739636044,LAR|dst:player:309275,4525384662,5+,5+,LAR|dst:player:309275,5.5,0,False
16514244,LA Rams vs. NY Giants,Kyren Williams,Kyren Williams (LAR),Joueur total de réception (Kyren Williams (LAR)) (incl. OT),2142,72897,1739636044,LAR|dst:player:309275,4525384663,6+,6+,LAR|dst:player:309275,10.0,0,False
16514244,LA Rams vs. NY Giants,Kyren Williams,Kyren Williams (LAR),Joueur total de réception (Kyren Williams (LAR)) (incl. OT),2142,72897,1739636044,LAR|dst:player:309275,4525384664,7+,7+,LAR|dst:player:309275,21.0,0,False
16514244,LA Rams vs. NY Giants,Kyren Williams,Kyren Williams (LAR),Joueur total de réception (Kyren Williams (LAR)) (incl. OT),2142,72897,1739636044,LAR|dst:player:309275,4525384665,2+,2+,LAR|dst:player:309275,1.3449,0,False
16514244,LA Rams vs. NY Giants,Malachi Fields,Malachi Fields (NYG),Joueur total de réception (Malachi Fields (NYG)) (incl. OT),2142,72897,1739636365,NYG|dst:player:546489,4525385474,3+,3+,NYG|dst:player:546489,2.15,0,False
16514244,LA Rams vs. NY Giants,Malachi Fields,Malachi Fields (NYG),Joueur total de réception (Malachi Fields (NYG)) (incl. OT),2142,72897,1739636365,NYG|dst:player:546489,4525385475,4+,4+,NYG|dst:player:546489,3.3,0,False
16514244,LA Rams vs. NY Giants,Malachi Fields,Malachi Fields (NYG),Joueur total de réception (Malachi Fields (NYG)) (incl. OT),2142,72897,1739636365,NYG|dst:player:546489,4525385476,5+,5+,NYG|dst:player:546489,5.75,0,False
16514244,LA Rams vs. NY Giants,Malachi Fields,Malachi Fields (NYG),Joueur total de réception (Malachi Fields (NYG)) (incl. OT),2142,72897,1739636365,NYG|dst:player:546489,4525385477,6+,6+,NYG|dst:player:546489,12.0,0,False
16514244,LA Rams vs. NY Giants,Malachi Fields,Malachi Fields (NYG),Joueur total de réception (Malachi Fields (NYG)) (incl. OT),2142,72897,1739636365,NYG|dst:player:546489,4525385478,7+,7+,NYG|dst:player:546489,26.0,0,False
16514244,LA Rams vs. NY Giants,Malachi Fields,Malachi Fields (NYG),Joueur total de réception (Malachi Fields (NYG)) (incl. OT),2142,72897,1739636365,NYG|dst:player:546489,4525385479,2+,2+,NYG|dst:player:546489,1.3572,0,False
16514244,LA Rams vs. NY Giants,Davante Adams,Davante Adams (LAR),Joueur total de réception (Davante Adams (LAR)) (incl. OT),2142,72897,1735304911,LAR|dst:player:476257,4509462017,5+,5+,LAR|dst:player:476257,1.4546,0,False
16514244,LA Rams vs. NY Giants,Davante Adams,Davante Adams (LAR),Joueur total de réception (Davante Adams (LAR)) (incl. OT),2142,72897,1735304911,LAR|dst:player:476257,4509462018,6+,6+,LAR|dst:player:476257,2.2,0,False
16514244,LA Rams vs. NY Giants,Davante Adams,Davante Adams (LAR),Joueur total de réception (Davante Adams (LAR)) (incl. OT),2142,72897,1735304911,LAR|dst:player:476257,4509462019,7+,7+,LAR|dst:player:476257,3.0,0,False
16514244,LA Rams vs. NY Giants,Davante Adams,Davante Adams (LAR),Joueur total de réception (Davante Adams (LAR)) (incl. OT),2142,72897,1735304911,LAR|dst:player:476257,4509462020,8+,8+,LAR|dst:player:476257,4.75,0,False
16514244,LA Rams vs. NY Giants,Davante Adams,Davante Adams (LAR),Joueur total de réception (Davante Adams (LAR)) (incl. OT),2142,72897,1735304911,LAR|dst:player:476257,4509462021,9+,9+,LAR|dst:player:476257,8.0,0,False
16514244,LA Rams vs. NY Giants,Davante Adams,Davante Adams (LAR),Joueur total de réception (Davante Adams (LAR)) (incl. OT),2142,72897,1735304911,LAR|dst:player:476257,4530643175,10+,10+,LAR|dst:player:476257,15.0,0,False
16514244,LA Rams vs. NY Giants,Davante Adams,Davante Adams (LAR),Joueur total de réception (Davante Adams (LAR)) (incl. OT),2142,72897,1735304911,LAR|dst:player:476257,4534248495,11+,11+,LAR|dst:player:476257,26.0,0,False
16514244,LA Rams vs. NY Giants,Colby Parkinson,Colby Parkinson (LAR),Joueur total de réception (Colby Parkinson (LAR)) (incl. OT),2142,72897,1742757304,LAR|dst:player:409903,4534252753,3+,3+,LAR|dst:player:409903,1.4762,0,False
16514244,LA Rams vs. NY Giants,Colby Parkinson,Colby Parkinson (LAR),Joueur total de réception (Colby Parkinson (LAR)) (incl. OT),2142,72897,1742757304,LAR|dst:player:409903,4534252754,4+,4+,LAR|dst:player:409903,2.3,0,False
16514244,LA Rams vs. NY Giants,Colby Parkinson,Colby Parkinson (LAR),Joueur total de réception (Colby Parkinson (LAR)) (incl. OT),2142,72897,1742757304,LAR|dst:player:409903,4534252755,5+,5+,LAR|dst:player:409903,3.3,0,False
16514244,LA Rams vs. NY Giants,Colby Parkinson,Colby Parkinson (LAR),Joueur total de réception (Colby Parkinson (LAR)) (incl. OT),2142,72897,1742757304,LAR|dst:player:409903,4534252756,6+,6+,LAR|dst:player:409903,5.5,0,False
16514244,LA Rams vs. NY Giants,Colby Parkinson,Colby Parkinson (LAR),Joueur total de réception (Colby Parkinson (LAR)) (incl. OT),2142,72897,1742757304,LAR|dst:player:409903,4534252757,7+,7+,LAR|dst:player:409903,10.0,0,False
16514244,LA Rams vs. NY Giants,Colby Parkinson,Colby Parkinson (LAR),Joueur total de réception (Colby Parkinson (LAR)) (incl. OT),2142,72897,1742757304,LAR|dst:player:409903,4534252758,8+,8+,LAR|dst:player:409903,19.0,0,False
16514244,LA Rams vs. NY Giants,Colby Parkinson,Colby Parkinson (LAR),Joueur total de réception (Colby Parkinson (LAR)) (incl. OT),2142,72897,1742757304,LAR|dst:player:409903,4535254684,9+,9+,LAR|dst:player:409903,36.0,0,False
16514244,LA Rams vs. NY Giants,Cameron Skattebo,Cameron Skattebo (NYG),Joueur total de réception (Cameron Skattebo (NYG)) (incl. OT),2142,72897,1739635843,NYG|dst:player:492573,4525384160,7+,7+,NYG|dst:player:492573,19.0,0,False
16514244,LA Rams vs. NY Giants,Cameron Skattebo,Cameron Skattebo (NYG),Joueur total de réception (Cameron Skattebo (NYG)) (incl. OT),2142,72897,1739635843,NYG|dst:player:492573,4525384155,2+,2+,NYG|dst:player:492573,1.6471,0,False
16514244,LA Rams vs. NY Giants,Cameron Skattebo,Cameron Skattebo (NYG),Joueur total de réception (Cameron Skattebo (NYG)) (incl. OT),2142,72897,1739635843,NYG|dst:player:492573,4525384156,3+,3+,NYG|dst:player:492573,2.3,0,False
16514244,LA Rams vs. NY Giants,Cameron Skattebo,Cameron Skattebo (NYG),Joueur total de réception (Cameron Skattebo (NYG)) (incl. OT),2142,72897,1739635843,NYG|dst:player:492573,4525384157,4+,4+,NYG|dst:player:492573,3.5,0,False
16514244,LA Rams vs. NY Giants,Cameron Skattebo,Cameron Skattebo (NYG),Joueur total de réception (Cameron Skattebo (NYG)) (incl. OT),2142,72897,1739635843,NYG|dst:player:492573,4525384158,5+,5+,NYG|dst:player:492573,5.5,0,False
16514244,LA Rams vs. NY Giants,Cameron Skattebo,Cameron Skattebo (NYG),Joueur total de réception (Cameron Skattebo (NYG)) (incl. OT),2142,72897,1739635843,NYG|dst:player:492573,4525384159,6+,6+,NYG|dst:player:492573,10.0,0,False
16514244,LA Rams vs. NY Giants,Jaxson Dart,Jaxson Dart (NYG),Joueur total de courses (Jaxson Dart (NYG)) (prolongations incluses),2133,72890,1735300278,NYG|dst:player:489891,4509448608,11+,11+,NYG|dst:player:489891,5.5,0,False
16514244,LA Rams vs. NY Giants,Jaxson Dart,Jaxson Dart (NYG),Joueur total de courses (Jaxson Dart (NYG)) (prolongations incluses),2133,72890,1735300278,NYG|dst:player:489891,4509448609,12+,12+,NYG|dst:player:489891,7.75,0,False
16514244,LA Rams vs. NY Giants,Jaxson Dart,Jaxson Dart (NYG),Joueur total de courses (Jaxson Dart (NYG)) (prolongations incluses),2133,72890,1735300278,NYG|dst:player:489891,4509448610,13+,13+,NYG|dst:player:489891,11.0,0,False
16514244,LA Rams vs. NY Giants,Jaxson Dart,Jaxson Dart (NYG),Joueur total de courses (Jaxson Dart (NYG)) (prolongations incluses),2133,72890,1735300278,NYG|dst:player:489891,4509448611,14+,14+,NYG|dst:player:489891,17.0,0,False
16514244,LA Rams vs. NY Giants,Jaxson Dart,Jaxson Dart (NYG),Joueur total de courses (Jaxson Dart (NYG)) (prolongations incluses),2133,72890,1735300278,NYG|dst:player:489891,4509448612,5+,5+,NYG|dst:player:489891,1.3125,0,False
16514244,LA Rams vs. NY Giants,Jaxson Dart,Jaxson Dart (NYG),Joueur total de courses (Jaxson Dart (NYG)) (prolongations incluses),2133,72890,1735300278,NYG|dst:player:489891,4517456947,15+,15+,NYG|dst:player:489891,26.0,0,False
16514244,LA Rams vs. NY Giants,Jaxson Dart,Jaxson Dart (NYG),Joueur total de courses (Jaxson Dart (NYG)) (prolongations incluses),2133,72890,1735300278,NYG|dst:player:489891,4509448603,6+,6+,NYG|dst:player:489891,1.5883,0,False
16514244,LA Rams vs. NY Giants,Jaxson Dart,Jaxson Dart (NYG),Joueur total de courses (Jaxson Dart (NYG)) (prolongations incluses),2133,72890,1735300278,NYG|dst:player:489891,4509448604,7+,7+,NYG|dst:player:489891,2.0,0,False
16514244,LA Rams vs. NY Giants,Jaxson Dart,Jaxson Dart (NYG),Joueur total de courses (Jaxson Dart (NYG)) (prolongations incluses),2133,72890,1735300278,NYG|dst:player:489891,4509448605,8+,8+,NYG|dst:player:489891,2.4,0,False
16514244,LA Rams vs. NY Giants,Jaxson Dart,Jaxson Dart (NYG),Joueur total de courses (Jaxson Dart (NYG)) (prolongations incluses),2133,72890,1735300278,NYG|dst:player:489891,4509448606,9+,9+,NYG|dst:player:489891,3.1,0,False
16514244,LA Rams vs. NY Giants,Jaxson Dart,Jaxson Dart (NYG),Joueur total de courses (Jaxson Dart (NYG)) (prolongations incluses),2133,72890,1735300278,NYG|dst:player:489891,4509448607,10+,10+,NYG|dst:player:489891,4.0,0,False
16514244,LA Rams vs. NY Giants,Kyren Williams,Kyren Williams (LAR),Joueur total de courses (Kyren Williams (LAR)) (prolongations incluses),2133,72890,1739636045,LAR|dst:player:309275,4525384672,20+,20+,LAR|dst:player:309275,4.75,0,False
16514244,LA Rams vs. NY Giants,Kyren Williams,Kyren Williams (LAR),Joueur total de courses (Kyren Williams (LAR)) (prolongations incluses),2133,72890,1739636045,LAR|dst:player:309275,4525384673,21+,21+,LAR|dst:player:309275,5.75,0,False
16514244,LA Rams vs. NY Giants,Kyren Williams,Kyren Williams (LAR),Joueur total de courses (Kyren Williams (LAR)) (prolongations incluses),2133,72890,1739636045,LAR|dst:player:309275,4525384674,22+,22+,LAR|dst:player:309275,7.25,0,False
16514244,LA Rams vs. NY Giants,Kyren Williams,Kyren Williams (LAR),Joueur total de courses (Kyren Williams (LAR)) (prolongations incluses),2133,72890,1739636045,LAR|dst:player:309275,4525384675,13+,13+,LAR|dst:player:309275,1.5264,0,False
16514244,LA Rams vs. NY Giants,Kyren Williams,Kyren Williams (LAR),Joueur total de courses (Kyren Williams (LAR)) (prolongations incluses),2133,72890,1739636045,LAR|dst:player:309275,4525384676,12+,12+,LAR|dst:player:309275,1.3572,0,False
16514244,LA Rams vs. NY Giants,Kyren Williams,Kyren Williams (LAR),Joueur total de courses (Kyren Williams (LAR)) (prolongations incluses),2133,72890,1739636045,LAR|dst:player:309275,4525384666,14+,14+,LAR|dst:player:309275,1.8,0,False
16514244,LA Rams vs. NY Giants,Kyren Williams,Kyren Williams (LAR),Joueur total de courses (Kyren Williams (LAR)) (prolongations incluses),2133,72890,1739636045,LAR|dst:player:309275,4525384667,15+,15+,LAR|dst:player:309275,2.05,0,False
16514244,LA Rams vs. NY Giants,Kyren Williams,Kyren Williams (LAR),Joueur total de courses (Kyren Williams (LAR)) (prolongations incluses),2133,72890,1739636045,LAR|dst:player:309275,4525384668,16+,16+,LAR|dst:player:309275,2.35,0,False
16514244,LA Rams vs. NY Giants,Kyren Williams,Kyren Williams (LAR),Joueur total de courses (Kyren Williams (LAR)) (prolongations incluses),2133,72890,1739636045,LAR|dst:player:309275,4525384669,17+,17+,LAR|dst:player:309275,2.7,0,False
16514244,LA Rams vs. NY Giants,Kyren Williams,Kyren Williams (LAR),Joueur total de courses (Kyren Williams (LAR)) (prolongations incluses),2133,72890,1739636045,LAR|dst:player:309275,4525384670,18+,18+,LAR|dst:player:309275,3.2,0,False
16514244,LA Rams vs. NY Giants,Kyren Williams,Kyren Williams (LAR),Joueur total de courses (Kyren Williams (LAR)) (prolongations incluses),2133,72890,1739636045,LAR|dst:player:309275,4525384671,19+,19+,LAR|dst:player:309275,3.85,0,False
16514244,LA Rams vs. NY Giants,Blake Corum,Blake Corum (LAR),Joueur total de courses (Blake Corum (LAR)) (prolongations incluses),2133,72890,1737468330,LAR|dst:player:430261,4517131219,11+,11+,LAR|dst:player:430261,1.8,0,False
16514244,LA Rams vs. NY Giants,Blake Corum,Blake Corum (LAR),Joueur total de courses (Blake Corum (LAR)) (prolongations incluses),2133,72890,1737468330,LAR|dst:player:430261,4517131220,12+,12+,LAR|dst:player:430261,2.05,0,False
16514244,LA Rams vs. NY Giants,Blake Corum,Blake Corum (LAR),Joueur total de courses (Blake Corum (LAR)) (prolongations incluses),2133,72890,1737468330,LAR|dst:player:430261,4517131221,13+,13+,LAR|dst:player:430261,2.35,0,False
16514244,LA Rams vs. NY Giants,Blake Corum,Blake Corum (LAR),Joueur total de courses (Blake Corum (LAR)) (prolongations incluses),2133,72890,1737468330,LAR|dst:player:430261,4517131222,14+,14+,LAR|dst:player:430261,2.7,0,False
16514244,LA Rams vs. NY Giants,Blake Corum,Blake Corum (LAR),Joueur total de courses (Blake Corum (LAR)) (prolongations incluses),2133,72890,1737468330,LAR|dst:player:430261,4517131223,15+,15+,LAR|dst:player:430261,3.2,0,False
16514244,LA Rams vs. NY Giants,Blake Corum,Blake Corum (LAR),Joueur total de courses (Blake Corum (LAR)) (prolongations incluses),2133,72890,1737468330,LAR|dst:player:430261,4517131224,16+,16+,LAR|dst:player:430261,3.85,0,False
16514244,LA Rams vs. NY Giants,Blake Corum,Blake Corum (LAR),Joueur total de courses (Blake Corum (LAR)) (prolongations incluses),2133,72890,1737468330,LAR|dst:player:430261,4517131225,17+,17+,LAR|dst:player:430261,4.75,0,False
16514244,LA Rams vs. NY Giants,Blake Corum,Blake Corum (LAR),Joueur total de courses (Blake Corum (LAR)) (prolongations incluses),2133,72890,1737468330,LAR|dst:player:430261,4517131226,18+,18+,LAR|dst:player:430261,6.0,0,False
16514244,LA Rams vs. NY Giants,Blake Corum,Blake Corum (LAR),Joueur total de courses (Blake Corum (LAR)) (prolongations incluses),2133,72890,1737468330,LAR|dst:player:430261,4517131227,19+,19+,LAR|dst:player:430261,7.5,0,False
16514244,LA Rams vs. NY Giants,Blake Corum,Blake Corum (LAR),Joueur total de courses (Blake Corum (LAR)) (prolongations incluses),2133,72890,1737468330,LAR|dst:player:430261,4517131228,10+,10+,LAR|dst:player:430261,1.5264,0,False
16514244,LA Rams vs. NY Giants,Blake Corum,Blake Corum (LAR),Joueur total de courses (Blake Corum (LAR)) (prolongations incluses),2133,72890,1737468330,LAR|dst:player:430261,4517131229,9+,9+,LAR|dst:player:430261,1.3572,0,False
16514244,LA Rams vs. NY Giants,Cameron Skattebo,Cameron Skattebo (NYG),Joueur total de courses (Cameron Skattebo (NYG)) (prolongations incluses),2133,72890,1735300279,NYG|dst:player:492573,4509448614,13+,13+,NYG|dst:player:492573,1.8696,0,False
16514244,LA Rams vs. NY Giants,Cameron Skattebo,Cameron Skattebo (NYG),Joueur total de courses (Cameron Skattebo (NYG)) (prolongations incluses),2133,72890,1735300279,NYG|dst:player:492573,4509448615,14+,14+,NYG|dst:player:492573,2.1,0,False
16514244,LA Rams vs. NY Giants,Cameron Skattebo,Cameron Skattebo (NYG),Joueur total de courses (Cameron Skattebo (NYG)) (prolongations incluses),2133,72890,1735300279,NYG|dst:player:492573,4509448616,15+,15+,NYG|dst:player:492573,2.4,0,False
16514244,LA Rams vs. NY Giants,Cameron Skattebo,Cameron Skattebo (NYG),Joueur total de courses (Cameron Skattebo (NYG)) (prolongations incluses),2133,72890,1735300279,NYG|dst:player:492573,4509448617,16+,16+,NYG|dst:player:492573,2.75,0,False
16514244,LA Rams vs. NY Giants,Cameron Skattebo,Cameron Skattebo (NYG),Joueur total de courses (Cameron Skattebo (NYG)) (prolongations incluses),2133,72890,1735300279,NYG|dst:player:492573,4509448618,17+,17+,NYG|dst:player:492573,3.3,0,False
16514244,LA Rams vs. NY Giants,Cameron Skattebo,Cameron Skattebo (NYG),Joueur total de courses (Cameron Skattebo (NYG)) (prolongations incluses),2133,72890,1735300279,NYG|dst:player:492573,4509448619,18+,18+,NYG|dst:player:492573,3.85,0,False
16514244,LA Rams vs. NY Giants,Cameron Skattebo,Cameron Skattebo (NYG),Joueur total de courses (Cameron Skattebo (NYG)) (prolongations incluses),2133,72890,1735300279,NYG|dst:player:492573,4509448620,19+,19+,NYG|dst:player:492573,4.75,0,False
16514244,LA Rams vs. NY Giants,Cameron Skattebo,Cameron Skattebo (NYG),Joueur total de courses (Cameron Skattebo (NYG)) (prolongations incluses),2133,72890,1735300279,NYG|dst:player:492573,4509448621,20+,20+,NYG|dst:player:492573,5.75,0,False
16514244,LA Rams vs. NY Giants,Cameron Skattebo,Cameron Skattebo (NYG),Joueur total de courses (Cameron Skattebo (NYG)) (prolongations incluses),2133,72890,1735300279,NYG|dst:player:492573,4509448622,21+,21+,NYG|dst:player:492573,7.0,0,False
16514244,LA Rams vs. NY Giants,Cameron Skattebo,Cameron Skattebo (NYG),Joueur total de courses (Cameron Skattebo (NYG)) (prolongations incluses),2133,72890,1735300279,NYG|dst:player:492573,4509448623,12+,12+,NYG|dst:player:492573,1.5883,0,False
16514244,LA Rams vs. NY Giants,Cameron Skattebo,Cameron Skattebo (NYG),Joueur total de courses (Cameron Skattebo (NYG)) (prolongations incluses),2133,72890,1735300279,NYG|dst:player:492573,4509448624,11+,11+,NYG|dst:player:492573,1.3637,0,False
16514244,LA Rams vs. NY Giants,Aaron Donald,Aaron Donald (LAR),Player total sacks (Aaron Donald (LAR)) (incl. OT),2250,73700,1741295153,LAR|dst:player:124742,4530157416,2+,2+,LAR|dst:player:124742,8.0,0,False
16514244,LA Rams vs. NY Giants,Aaron Donald,Aaron Donald (LAR),Player total sacks (Aaron Donald (LAR)) (incl. OT),2250,73700,1741295153,LAR|dst:player:124742,4530157415,1+,1+,LAR|dst:player:124742,3.0,0,False
16514244,LA Rams vs. NY Giants,Quentin Lake,Quentin Lake (LAR),Player total interceptions (Quentin Lake (LAR)) (incl. OT),2251,73701,1741579296,LAR|dst:player:353579,4530907808,2+,2+,LAR|dst:player:353579,20.0,0,False
16514244,LA Rams vs. NY Giants,Quentin Lake,Quentin Lake (LAR),Player total interceptions (Quentin Lake (LAR)) (incl. OT),2251,73701,1741579296,LAR|dst:player:353579,4530907807,1+,1+,LAR|dst:player:353579,10.0,0,False
16514244,LA Rams vs. NY Giants,Kamren Curl,Kamren Curl (LAR),Player total interceptions (Kamren Curl (LAR)) (incl. OT),2251,73701,1741579207,LAR|dst:player:410345,4530907573,1+,1+,LAR|dst:player:410345,10.0,0,False
16514244,LA Rams vs. NY Giants,Kamren Curl,Kamren Curl (LAR),Player total interceptions (Kamren Curl (LAR)) (incl. OT),2251,73701,1741579207,LAR|dst:player:410345,4530907574,2+,2+,LAR|dst:player:410345,20.0,0,False
16514244,LA Rams vs. NY Giants,Jevon Holland,Jevon Holland (NYG),Player total interceptions (Jevon Holland (NYG)) (incl. OT),2251,73701,1741579299,NYG|dst:player:476387,4530907813,1+,1+,NYG|dst:player:476387,10.0,0,False
16514244,LA Rams vs. NY Giants,Jevon Holland,Jevon Holland (NYG),Player total interceptions (Jevon Holland (NYG)) (incl. OT),2251,73701,1741579299,NYG|dst:player:476387,4530907814,2+,2+,NYG|dst:player:476387,20.0,0,False
16514244,LA Rams vs. NY Giants,Trent McDuffie,Trent McDuffie (LAR),Player total interceptions (Trent McDuffie (LAR)) (incl. OT),2251,73701,1741579297,LAR|dst:player:540395,4530907809,1+,1+,LAR|dst:player:540395,11.0,0,False
16514244,LA Rams vs. NY Giants,Trent McDuffie,Trent McDuffie (LAR),Player total interceptions (Trent McDuffie (LAR)) (incl. OT),2251,73701,1741579297,LAR|dst:player:540395,4530907810,2+,2+,LAR|dst:player:540395,20.0,0,False
16514244,LA Rams vs. NY Giants,Greg Newsome II,Greg Newsome II (NYG),Player total interceptions (Greg Newsome II (NYG)) (incl. OT),2251,73701,1741579208,NYG|dst:player:540854,4530907576,2+,2+,NYG|dst:player:540854,20.0,0,False
16514244,LA Rams vs. NY Giants,Greg Newsome II,Greg Newsome II (NYG),Player total interceptions (Greg Newsome II (NYG)) (incl. OT),2251,73701,1741579208,NYG|dst:player:540854,4530907575,1+,1+,NYG|dst:player:540854,11.0,0,False
16514244,LA Rams vs. NY Giants,Tremaine Edmunds,Tremaine Edmunds (NYG),Player total interceptions (Tremaine Edmunds (NYG)) (incl. OT),2251,73701,1741579298,NYG|dst:player:540759,4530907811,1+,1+,NYG|dst:player:540759,12.0,0,False
16514244,LA Rams vs. NY Giants,Tremaine Edmunds,Tremaine Edmunds (NYG),Player total interceptions (Tremaine Edmunds (NYG)) (incl. OT),2251,73701,1741579298,NYG|dst:player:540759,4530907812,2+,2+,NYG|dst:player:540759,20.0,0,False
