match_gp,player,market_type,side,line,gp_selection,gp_price,pin_player,pin_price,pin_fair_price,pin_fair_prob,ev_pct,gp_market,gp_odd_id,pin_fixture_id
BUF Bills vs. NE Patriots,Josh Allen,playertotals-rushattempts,Over,7.5,Josh Allen (BUF) Plus de 7.5,2.0,"Allen, Josh",1.729,1.8517241379310345,0.5400372439478585,8.007448789571692,Joueur tentative de gain par la course (prolongations incluses),4571084974,id1400003171515846
NO Saints vs. ATL Falcons,Kyle Pitts,playertotals-receptions,Over,2.5,Kyle Pitts (ATL) Plus de 2.5,2.0,"Pitts, Kyle",1.763,1.8859296482412056,0.530242472688516,6.048494537703197,Total de réceptions Plus/Moins(Incl. Prolongations),4567007493,id1400003171515870
SF 49ers vs. DEN Broncos,Courtland Sutton,playertotals-receptions,Under,3.5,Courtland Sutton (DEN) moins de 3.5,1.8696,"Sutton, Courtland",1.662,1.7766355140186918,0.5628616517622304,5.232614413466585,Total de réceptions Plus/Moins(Incl. Prolongations),4568361585,id1400003171531176
MIN Vikings vs. MIA Dolphins,Malik Willis,playertotals-tdpasses,Under,0.5,Malik Willis (MIA) moins de 0.5,1.9524,"Willis, Malik",1.735,1.8589108910891086,0.5379494007989348,5.029241011984031,Total de Touchdowns à la passe du joueur (Incl. Prolongations),4573607916,id1400003171515860
BAL Ravens vs. TEN Titans,Derrick Henry,playertotals-rushattempts,Over,19.5,Derrick Henry (BAL) Plus de 19.5,1.8696,"Henry, Derrick",1.671,1.7882075471698113,0.5592192033764178,4.551622263255073,Joueur tentative de gain par la course (prolongations incluses),4578858912,id1400003171515844
BUF Bills vs. NE Patriots,James Cook,playertotals-receptions,Under,1.5,James Cook (BUF) moins de 1.5,2.0,"Cook, James",1.793,1.918545081967213,0.5212283044058745,4.245660881174906,Total de réceptions Plus/Moins(Incl. Prolongations),4568340471,id1400003171515846
BUF Bills vs. NE Patriots,Mack Hollins,playertotals-receptions,Over,3.5,Mack Hollins (NE) Plus de 3.5,2.0,"Hollins, Mack",1.8,1.9264024704065879,0.5191023243387657,3.820464867753137,Total de réceptions Plus/Moins(Incl. Prolongations),4568340324,id1400003171515846
WAS Commanders vs. IND Colts,Jonathan Taylor,playertotals-receptions,Under,2.5,Jonathan Taylor (IND) moins de 2.5,2.2,"Taylor, Jonathan",1.98,2.1192764273600906,0.47185916244331816,3.809015737530008,Total de réceptions Plus/Moins(Incl. Prolongations),4570784668,id1400003171488622
HOU Texans vs. DAL Cowboys,Dak Prescott,playertotals-tdpasses,Under,1.5,Dak Prescott (DAL) moins de 1.5,2.1,"Prescott, Dak",1.892,2.024363833243097,0.49398234822144954,3.7362931265044086,Total de Touchdowns à la passe du joueur (Incl. Prolongations),4568337510,id1400003171515852
BAL Ravens vs. TEN Titans,Elic Ayomanor,playertotals-receptions,Under,1.5,Elic Ayomanor (TEN) moins de 1.5,2.35,"Ayomanor, Elic",2.14,2.2876052948255117,0.43713834823776954,2.727511835875851,Total de réceptions Plus/Moins(Incl. Prolongations),4567022285,id1400003171515844
NY Giants vs. ARZ Cardinals,Marvin Harrison Jr.,playertotals-receptions,Over,2.5,Marvin Harrison Jr. (ARI) Plus de 2.5,2.05,"Harrison Jr., Marvin",1.877,2.0,0.5,2.499999999999991,Total de réceptions Plus/Moins(Incl. Prolongations),4566943020,id1400003171515854
PHI Eagles vs. LA Rams,Saquon Barkley,playertotals-receptions,Over,2.5,Saquon Barkley (PHI) Plus de 2.5,2.45,"Barkley, Saquon",2.24,2.3982521847690386,0.41697032795419053,2.1577303487766875,Total de réceptions Plus/Moins(Incl. Prolongations),4570878750,id1400003171515856
TB Buccaneers vs. GB Packers,Jalon Daniels,playertotals-passcompletions,Under,17.5,Jalon Daniels (TB) moins de 17.5,1.9091,"Daniels, Jalon",1.757,1.8785,0.5323396326856534,1.6289592760180938,"Passes complétées, Joueur (prolongations incluses) ",4568341677,id1400003171515858
PHI Eagles vs. LA Rams,Matthew Stafford,playertotals-passattempts,Over,34.5,Matthew Stafford (LAR) Plus de 34.5,1.9091,"Stafford, Matthew",1.757,1.8785,0.5323396326856534,1.6289592760180938,Tentatives de passes du joueur Plus/Moins (Incl. Prolongations),4574461304,id1400003171515856
TB Buccaneers vs. GB Packers,Bucky Irving,playertotals-receptions,Over,2.5,Bucky Irving (TB) Plus de 2.5,2.0,"Irving, Bucky",1.84,1.9684210526315793,0.5080213903743315,1.6042780748662944,Total de réceptions Plus/Moins(Incl. Prolongations),4566963419,id1400003171515858
SF 49ers vs. DEN Broncos,J.K. Dobbins,playertotals-rushattempts,Over,13.5,J.K. Dobbins (DEN) Plus de 13.5,1.9524,"Dobbins, J.K.",1.8,1.9264024704065879,0.5191023243387657,1.3495378039006134,Joueur tentative de gain par la course (prolongations incluses),4573903908,id1400003171531176
SF 49ers vs. DEN Broncos,Jaylen Waddle,playertotals-receptions,Under,4.5,Jaylen Waddle (DEN) moins de 4.5,1.8696,"Waddle, Jaylen",1.724,1.8450980392156864,0.5419766206163655,1.32794899043569,Total de réceptions Plus/Moins(Incl. Prolongations),4568362458,id1400003171531176
BUF Bills vs. NE Patriots,Romeo Doubs,playertotals-receptions,Over,3.5,Romeo Doubs (NE) Plus de 3.5,2.25,"Doubs, Romeo",2.08,2.227863046044864,0.44886062533121357,0.9936406995230573,Total de réceptions Plus/Moins(Incl. Prolongations),4571083482,id1400003171515846
CHI Bears vs. NY Jets,Isaiah Williams,playertotals-receptions,Over,2.5,Isaiah Williams (NYJ) Plus de 2.5,1.9091,"Williams, Isaiah",1.769,1.8934343434343437,0.5281408375566817,0.8273672979461022,Total de réceptions Plus/Moins(Incl. Prolongations),4570869622,id1400003171515848
PHI Eagles vs. LA Rams,Davante Adams,playertotals-receptions,Over,4.5,Davante Adams (LAR) Plus de 4.5,1.8696,"Adams, Davante",1.74,1.8613861386138613,0.5372340425531915,0.44127659574468847,Total de réceptions Plus/Moins(Incl. Prolongations),4570878513,id1400003171515856
CHI Bears vs. NY Jets,Rome Odunze,playertotals-receptions,Over,2.5,Rome Odunze (CHI) Plus de 2.5,1.9524,"Odunze, Rome",1.819,1.9449350649350647,0.514155982905983,0.3838141025641173,Total de réceptions Plus/Moins(Incl. Prolongations),4570869698,id1400003171515848
BAL Ravens vs. TEN Titans,Gunnar Helm,playertotals-receptions,Over,2.5,Gunnar Helm (TEN) Plus de 2.5,1.7693,"Helm, Gunnar",1.653,1.7688372093023257,0.5653431501446227,0.026163555088087875,Total de réceptions Plus/Moins(Incl. Prolongations),4568361100,id1400003171515844
SEA Seahawks vs. LA Chargers,Jadarian Price,playertotals-receptions,Over,1.5,Jadarian Price (SEA) Plus de 1.5,2.0,"Price, Jadarian",1.877,2.0,0.5,0.0,Total de réceptions Plus/Moins(Incl. Prolongations),4566565682,id1400003171515864
HOU Texans vs. DAL Cowboys,Jaylin Noel,playertotals-receptions,Over,1.5,Jaylin Noel (HOU) Plus de 1.5,2.65,"Noel, Jaylin",2.48,2.653333333333333,0.37688442211055284,-0.12562814070350425,Total de réceptions Plus/Moins(Incl. Prolongations),4569772057,id1400003171515852
CAR Panthers vs. DET Lions,Jared Goff,playertotals-tdpasses,Under,1.5,Jared Goff (DET) moins de 1.5,2.45,"Goff, Jared",2.3,2.4612452350698852,0.40629839958699027,-0.45689210118737833,Total de Touchdowns à la passe du joueur (Incl. Prolongations),4566582803,id1400003171515868
BUF Bills vs. NE Patriots,Josh Allen,playertotals-tdpasses,Over,1.5,Josh Allen (BUF) Plus de 1.5,1.7408,"Allen, Josh",1.636,1.7504587155963303,0.5712788259958071,-0.5517819706499005,Total de Touchdowns à la passe du joueur (Incl. Prolongations),4566524572,id1400003171515846
CHI Bears vs. NY Jets,Cole Kmet,playertotals-receptions,Under,1.5,Cole Kmet (CHI) moins de 1.5,1.5715,"Kmet, Cole",1.476,1.5811023622047244,0.6324701195219123,-0.6073207171314765,Total de réceptions Plus/Moins(Incl. Prolongations),4570869202,id1400003171515848
CHI Bears vs. NY Jets,Isaiah Davis,playertotals-receptions,Over,1.5,Isaiah Davis (NYJ) Plus de 1.5,2.1,"Davis, Isaiah",1.98,2.1192764273600906,0.47185916244331816,-0.90957588690318,Total de réceptions Plus/Moins(Incl. Prolongations),4573780574,id1400003171515848
NY Giants vs. ARZ Cardinals,Jeremiyah Love,playertotals-rushattempts,Over,15.5,Jeremiyah Love (ARI) Plus de 15.5,1.8696,"Love, Jeremiyah",1.769,1.8934343434343437,0.5281408375566817,-1.2587890104027832,Joueur tentative de gain par la course (prolongations incluses),4570070408,id1400003171515854
CAR Panthers vs. DET Lions,Bryce Young,playertotals-rushattempts,Over,2.5,Bryce Young (CAR) Plus de 2.5,1.7408,"Young, Bryce",1.649,1.763425925925926,0.5670779732213179,-1.2830664216329835,Joueur tentative de gain par la course (prolongations incluses),4568370759,id1400003171515868
NO Saints vs. ATL Falcons,Michael Penix,playertotals-passcompletions,Over,19.5,Michael Penix (ATL) Plus de 19.5,1.8334,"Penix, Michael",1.735,1.8589108910891086,0.5379494007989348,-1.3723568575232936,"Passes complétées, Joueur (prolongations incluses) ",4583447939,id1400003171515870
SEA Seahawks vs. LA Chargers,Cooper Kupp,playertotals-receptions,Under,2.5,Cooper Kupp (SEA) moins de 2.5,1.7693,"Kupp, Cooper",1.684,1.8019047619047617,0.5549682875264271,-1.8094608879492435,Total de réceptions Plus/Moins(Incl. Prolongations),4570820334,id1400003171515864
CAR Panthers vs. DET Lions,Isaac TeSlaa,playertotals-receptions,Under,1.5,Isaac TeSlaa (DET) moins de 1.5,1.9091,"TeSlaa, Isaac",1.819,1.9449350649350647,0.514155982905983,-1.842481303418786,Total de réceptions Plus/Moins(Incl. Prolongations),4568779355,id1400003171515868
CHI Bears vs. NY Jets,D'Andre Swift,playertotals-receptions,Under,2.5,D'Andre Swift (CHI) moins de 2.5,1.6061,"Swift, D'Andre",1.531,1.6379166666666667,0.6105316713304503,-1.9425082676163719,Total de réceptions Plus/Moins(Incl. Prolongations),4570869256,id1400003171515848
MIN Vikings vs. MIA Dolphins,Malik Willis,playertotals-rushyards,Over,28.5,Malik Willis (MIA) Plus de 28.5,1.8334,"Willis, Malik",1.751,1.8711442786069652,0.5344323318266418,-2.017176282903488,Total de yards à la course du joueur Plus/Moins (Incl. Prolongations),4578724214,id1400003171515860
BAL Ravens vs. TEN Titans,Cameron Ward,playertotals-passattempts,Under,33.5,Cameron Ward (TEN) moins de 33.5,1.8696,"Ward, Cameron",1.781,1.908210096889342,0.5240513094601817,-2.0233671833244204,Tentatives de passes du joueur Plus/Moins (Incl. Prolongations),4569585729,id1400003171515844
CHI Bears vs. NY Jets,Luther Burden,playertotals-receptions,Over,4.5,Luther Burden (CHI) Plus de 4.5,2.0,"Burden, Luther",1.909,2.0414620840152757,0.48984500267236764,-2.030999465526473,Total de réceptions Plus/Moins(Incl. Prolongations),4572586912,id1400003171515848
WAS Commanders vs. IND Colts,Darius Slayton,playertotals-receptions,Under,1.5,Darius Slayton (IND) moins de 1.5,1.5715,"Slayton, Darius",1.5,1.6048387096774193,0.6231155778894473,-2.077386934673364,Total de réceptions Plus/Moins(Incl. Prolongations),4569869645,id1400003171488622
TB Buccaneers vs. GB Packers,Kaleb Johnson,playertotals-rushattempts,Over,8.5,Kaleb Johnson (GB) Plus de 8.5,1.8,"Johnson, Kaleb",1.719,1.8385365853658537,0.543910851684797,-2.096046696736531,Joueur tentative de gain par la course (prolongations incluses),4570194085,id1400003171515858
PHI Eagles vs. LA Rams,Kyren Williams,playertotals-rushyards,Over,57.5,Kyren Williams (LAR) Plus de 57.5,1.8,"Williams, Kyren",1.719,1.8385365853658537,0.543910851684797,-2.096046696736531,Total de yards à la course du joueur Plus/Moins (Incl. Prolongations),4574381721,id1400003171515856
BUF Bills vs. NE Patriots,Rhamondre Stevenson,playertotals-receptions,Over,2.5,Rhamondre Stevenson (NE) Plus de 2.5,1.8696,"Stevenson, Rhamondre",1.787,1.9112697603263642,0.5232123799359658,-2.1802134471718304,Total de réceptions Plus/Moins(Incl. Prolongations),4566525637,id1400003171515846
TB Buccaneers vs. GB Packers,MarShawn Lloyd,playertotals-receptions,Over,1.5,MarShawn Lloyd (GB) Plus de 1.5,2.45,"Lloyd, MarShawn",2.34,2.504823151125402,0.3992297817715019,-2.1887034659820226,Total de réceptions Plus/Moins(Incl. Prolongations),4566962938,id1400003171515858
WAS Commanders vs. IND Colts,Josh Downs,playertotals-receptions,Under,5.5,Josh Downs (IND) moins de 5.5,1.6897,"Downs, Josh",1.617,1.7283783783783782,0.5785770132916341,-2.237842064112583,Total de réceptions Plus/Moins(Incl. Prolongations),4569833757,id1400003171488622
NY Giants vs. ARZ Cardinals,Jacoby Brissett,playertotals-tdpasses,Under,1.5,Jacoby Brissett (ARI) moins de 1.5,1.6897,"Brissett, Jacoby",1.617,1.7283783783783782,0.5785770132916341,-2.237842064112583,Total de Touchdowns à la passe du joueur (Incl. Prolongations),4566941171,id1400003171515854
NY Giants vs. ARZ Cardinals,Isaiah Likely,playertotals-receptions,Over,3.5,Isaiah Likely (NYG) Plus de 3.5,1.6667,"Likely, Isaiah",1.595,1.7057522123893805,0.5862516212710766,-2.289442282749665,Total de réceptions Plus/Moins(Incl. Prolongations),4570148781,id1400003171515854
BUF Bills vs. NE Patriots,Drake Maye,playertotals-tdpasses,Under,1.5,Drake Maye (NE) moins de 1.5,1.625,"Maye, Drake",1.555,1.6645299145299146,0.6007702182284981,-2.3748395378690668,Total de Touchdowns à la passe du joueur (Incl. Prolongations),4566526059,id1400003171515846
CAR Panthers vs. DET Lions,Jared Goff,playertotals-passcompletions,Under,23.5,Jared Goff (DET) moins de 23.5,1.8334,"Goff, Jared",1.757,1.8785,0.5323396326856534,-2.4008517434123022,"Passes complétées, Joueur (prolongations incluses) ",4566582809,id1400003171515868
MIN Vikings vs. MIA Dolphins,Aaron Jones,playertotals-receptions,Over,3.5,Aaron Jones (MIN) Plus de 3.5,2.25,"Jones, Aaron",2.16,2.3098847786537293,0.4329220267786821,-2.592543974796535,Total de réceptions Plus/Moins(Incl. Prolongations),4566964256,id1400003171515860
CIN Bengals vs. JAX Jaguars,Drew Sample,playertotals-receptions,Over,1.5,Drew Sample (CIN) Plus de 1.5,2.25,"Sample, Drew",2.16,2.3098847786537293,0.4329220267786821,-2.592543974796535,Total de réceptions Plus/Moins(Incl. Prolongations),4566527157,id1400003171515850
PHI Eagles vs. LA Rams,Matthew Stafford,playertotals-tdpasses,Under,1.5,Matthew Stafford (LAR) moins de 1.5,1.9091,"Stafford, Matthew",1.833,1.960188580408591,0.5101549973276323,-2.6063094601817216,Total de Touchdowns à la passe du joueur (Incl. Prolongations),4570878307,id1400003171515856
NO Saints vs. ATL Falcons,Jahan Dotson,playertotals-receptions,Over,1.5,Jahan Dotson (ATL) Plus de 1.5,1.7408,"Dotson, Jahan",1.675,1.7900943396226412,0.5586297760210804,-2.753728590250326,Total de réceptions Plus/Moins(Incl. Prolongations),4570729675,id1400003171515870
SEA Seahawks vs. LA Chargers,AJ Barner,playertotals-receptions,Under,3.5,AJ Barner (SEA) moins de 3.5,1.6897,"Barner, AJ",1.625,1.7386363636363638,0.5751633986928104,-2.814640522875822,Total de réceptions Plus/Moins(Incl. Prolongations),4569549060,id1400003171515864
WAS Commanders vs. IND Colts,Marcus Mariota,playertotals-passattempts,Over,30.5,Marcus Mariota (WAS) Plus de 30.5,1.8696,"Mariota, Marcus",1.8,1.9264024704065879,0.5191023243387657,-2.948629441624373,Tentatives de passes du joueur Plus/Moins (Incl. Prolongations),4568781095,id1400003171488622
BAL Ravens vs. TEN Titans,Lamar Jackson,playertotals-passcompletions,Under,18.5,Lamar Jackson (BAL) moins de 18.5,1.8696,"Jackson, Lamar",1.8,1.9264024704065879,0.5191023243387657,-2.948629441624373,"Passes complétées, Joueur (prolongations incluses) ",4567020688,id1400003171515844
NY Giants vs. ARZ Cardinals,Cameron Skattebo,playertotals-receptions,Over,2.5,Cameron Skattebo (NYG) Plus de 2.5,1.9091,"Skattebo, Cameron",1.84,1.9684210526315793,0.5080213903743315,-3.013636363636374,Total de réceptions Plus/Moins(Incl. Prolongations),4569279621,id1400003171515854
NO Saints vs. ATL Falcons,Austin Hooper,playertotals-receptions,Under,1.5,Austin Hooper (ATL) moins de 1.5,1.5264,"Hooper, Austin",1.471,1.574609375,0.6350781443810468,-3.0616720416770105,Total de réceptions Plus/Moins(Incl. Prolongations),4570676560,id1400003171515870
SF 49ers vs. DEN Broncos,Christian McCaffrey,playertotals-rushattempts,Over,15.5,Christian McCaffrey (SF) Plus de 15.5,1.8334,"McCaffrey, Christian",1.769,1.8934343434343437,0.5281408375566817,-3.1706588423579762,Joueur tentative de gain par la course (prolongations incluses),4574271198,id1400003171531176
CIN Bengals vs. JAX Jaguars,Mike Gesicki,playertotals-receptions,Over,2.5,Mike Gesicki (CIN) Plus de 2.5,1.8334,"Gesicki, Mike",1.769,1.8934343434343437,0.5281408375566817,-3.1706588423579762,Total de réceptions Plus/Moins(Incl. Prolongations),4571040211,id1400003171515850
CIN Bengals vs. JAX Jaguars,Bhayshul Tuten,playertotals-rushattempts,Over,12.5,Bhayshul Tuten (JAX) Plus de 12.5,1.8334,"Tuten, Bhayshul",1.769,1.8934343434343437,0.5281408375566817,-3.1706588423579762,Joueur tentative de gain par la course (prolongations incluses),4568872404,id1400003171515850
LV Raiders vs. KC Chiefs,Rashee Rice,playertotals-receptions,Over,4.5,Rashee Rice (KC) Plus de 4.5,1.8334,"Rice, Rashee",1.769,1.8934343434343437,0.5281408375566817,-3.1706588423579762,Total de réceptions Plus/Moins(Incl. Prolongations),4567016665,id1400003171515862
BAL Ravens vs. TEN Titans,Tony Pollard,playertotals-receptions,Over,1.5,Tony Pollard (TEN) Plus de 1.5,1.6667,"Pollard, Tony",1.609,1.72152466367713,0.580880437613962,-3.1846574628809465,Total de réceptions Plus/Moins(Incl. Prolongations),4567020789,id1400003171515844
CIN Bengals vs. JAX Jaguars,Tee Higgins,playertotals-receptions,Under,4.5,Tee Higgins (CIN) moins de 4.5,1.7693,"Higgins, Tee",1.714,1.8320388349514563,0.5458399576046635,-3.4245363010068752,Total de réceptions Plus/Moins(Incl. Prolongations),4566527939,id1400003171515850
WAS Commanders vs. IND Colts,Marcus Mariota,playertotals-rushattempts,Under,5.5,Marcus Mariota (WAS) moins de 5.5,1.7693,"Mariota, Marcus",1.714,1.8320388349514563,0.5458399576046635,-3.4245363010068752,Joueur tentative de gain par la course (prolongations incluses),4568342953,id1400003171488622
CHI Bears vs. NY Jets,Geno Smith,playertotals-tdpasses,Under,1.5,Geno Smith (NYJ) moins de 1.5,1.5,"Smith, Geno",1.454,1.5549618320610685,0.6431026018654885,-3.534609720176718,Total de Touchdowns à la passe du joueur (Incl. Prolongations),4570868766,id1400003171515848
LV Raiders vs. KC Chiefs,Tre Tucker,playertotals-receptions,Over,3.5,Tre Tucker (LV) Plus de 3.5,2.25,"Tucker, Tre",2.18,2.3357843137254903,0.4281217208814271,-3.6726128016789095,Total de réceptions Plus/Moins(Incl. Prolongations),4567016587,id1400003171515862
WAS Commanders vs. IND Colts,Daniel Jones,playertotals-tdpasses,Under,1.5,Daniel Jones (IND) moins de 1.5,1.8,"Jones, Daniel",1.746,1.8686567164179109,0.535143769968051,-3.6741214057508187,Total de Touchdowns à la passe du joueur (Incl. Prolongations),4568343263,id1400003171488622
LV Raiders vs. KC Chiefs,Jalen Nailor,playertotals-receptions,Under,1.5,Jalen Nailor (LV) moins de 1.5,2.35,"Nailor, Jalen",2.28,2.442125237191651,0.4094794094794095,-3.772338772338768,Total de réceptions Plus/Moins(Incl. Prolongations),4578775062,id1400003171515862
SEA Seahawks vs. LA Chargers,Sam Darnold,playertotals-tdpasses,Under,1.5,Sam Darnold (SEA) moins de 1.5,2.0,"Darnold, Sam",1.943,2.0794444444444444,0.48089767566123426,-3.8204648677531483,Total de Touchdowns à la passe du joueur (Incl. Prolongations),4566563997,id1400003171515864
MIN Vikings vs. MIA Dolphins,Malik Washington,playertotals-receptions,Over,3.5,Malik Washington (MIA) Plus de 3.5,1.6061,"Washington, Malik",1.561,1.6699570815450644,0.5988177846312002,-3.823875610382932,Total de réceptions Plus/Moins(Incl. Prolongations),4566965091,id1400003171515860
CAR Panthers vs. DET Lions,Chuba Hubbard,playertotals-receivingyards,Over,18.5,Chuba Hubbard (CAR) Plus de 18.5,1.8696,"Hubbard, Chuba",1.819,1.9449350649350647,0.514155982905983,-3.87339743589743,Total des yards après réception du joueur Plus/Moins(Incl. Prolongations),4578928390,id1400003171515868
LV Raiders vs. KC Chiefs,Kenneth Walker III,playertotals-rushattempts,Under,18.5,Kenneth Walker III (KC) moins de 18.5,1.8696,"Walker III, Kenneth",1.819,1.9449350649350647,0.514155982905983,-3.87339743589743,Joueur tentative de gain par la course (prolongations incluses),4574479344,id1400003171515862
CIN Bengals vs. JAX Jaguars,Trevor Lawrence,playertotals-passcompletions,Over,21.5,Trevor Lawrence (JAX) Plus de 21.5,1.8696,"Lawrence, Trevor",1.819,1.9449350649350647,0.514155982905983,-3.87339743589743,"Passes complétées, Joueur (prolongations incluses) ",4571002506,id1400003171515850
BUF Bills vs. NE Patriots,TreVeyon Henderson,playertotals-rushattempts,Over,9.5,TreVeyon Henderson (NE) Plus de 9.5,1.8696,"Henderson, TreVeyon",1.819,1.9449350649350647,0.514155982905983,-3.87339743589743,Joueur tentative de gain par la course (prolongations incluses),4574636862,id1400003171515846
MIN Vikings vs. MIA Dolphins,Chris Bell,playertotals-receptions,Under,2.5,Chris Bell (MIA) moins de 2.5,1.7693,"Bell, Chris",1.724,1.8450980392156864,0.5419766206163655,-4.108076514346437,Total de réceptions Plus/Moins(Incl. Prolongations),4578748740,id1400003171515860
TB Buccaneers vs. GB Packers,Emeka Egbuka,playertotals-receptions,Under,3.5,Emeka Egbuka (TB) moins de 3.5,1.7693,"Egbuka, Emeka",1.724,1.8450980392156864,0.5419766206163655,-4.108076514346437,Total de réceptions Plus/Moins(Incl. Prolongations),4566963375,id1400003171515858
CIN Bengals vs. JAX Jaguars,Trevor Lawrence,playertotals-tdpasses,Under,1.5,Trevor Lawrence (JAX) moins de 1.5,2.05,"Lawrence, Trevor",2.0,2.1383039271485487,0.46766036731434657,-4.129624700558965,Total de Touchdowns à la passe du joueur (Incl. Prolongations),4566528116,id1400003171515850
LV Raiders vs. KC Chiefs,Ashton Jeanty,playertotals-receptions,Under,3.5,Ashton Jeanty (LV) moins de 3.5,1.6897,"Jeanty, Ashton",1.649,1.763425925925926,0.5670779732213179,-4.180834864793914,Total de réceptions Plus/Moins(Incl. Prolongations),4574501506,id1400003171515862
MIN Vikings vs. MIA Dolphins,Jordan Addison,playertotals-receptions,Under,4.5,Jordan Addison (MIN) moins de 4.5,1.6897,"Addison, Jordan",1.649,1.763425925925926,0.5670779732213179,-4.180834864793914,Total de réceptions Plus/Moins(Incl. Prolongations),4573610352,id1400003171515860
TB Buccaneers vs. GB Packers,Christian Watson,playertotals-receptions,Over,4.5,Christian Watson (GB) Plus de 4.5,1.6897,"Watson, Christian",1.649,1.763425925925926,0.5670779732213179,-4.180834864793914,Total de réceptions Plus/Moins(Incl. Prolongations),4566962323,id1400003171515858
PHI Eagles vs. LA Rams,Johnny Mundt,playertotals-receptions,Over,1.5,Johnny Mundt (PHI) Plus de 1.5,2.5,"Mundt, Johnny",2.44,2.6105610561056105,0.38305941845764857,-4.235145385587858,Total de réceptions Plus/Moins(Incl. Prolongations),4577508759,id1400003171515856
CIN Bengals vs. JAX Jaguars,Chase Brown,playertotals-receptions,Over,3.5,Chase Brown (CIN) Plus de 3.5,2.15,"Brown, Chase",2.1,2.2470308788598574,0.445031712473573,-4.3181818181818095,Total de réceptions Plus/Moins(Incl. Prolongations),4566528302,id1400003171515850
HOU Texans vs. DAL Cowboys,Javonte Williams,playertotals-receptions,Under,2.5,Javonte Williams (DAL) moins de 2.5,1.9524,"Williams, Javonte",1.909,2.0414620840152757,0.48984500267236764,-4.3626616782469485,Total de réceptions Plus/Moins(Incl. Prolongations),4568338262,id1400003171515852
MIN Vikings vs. MIA Dolphins,Kyler Murray,playertotals-interceptions,Over,0.5,Kyler Murray (MIN) Plus de 0.5,2.25,"Murray, Kyler",2.22,2.352833638025594,0.425019425019425,-4.370629370629375,Passes du joueur interceptées Plus/Moins (Incl. Prolongations),4582113093,id1400003171515860
HOU Texans vs. DAL Cowboys,C.J. Stroud,playertotals-tdpasses,Under,1.5,C.J. Stroud (HOU) moins de 1.5,1.8,"Stroud, C.J.",1.757,1.8829145728643213,0.5310915398985856,-4.40352281825459,Total de Touchdowns à la passe du joueur (Incl. Prolongations),4568339098,id1400003171515852
SEA Seahawks vs. LA Chargers,Keaton Mitchell,playertotals-receptions,Under,1.5,Keaton Mitchell (LAC) moins de 1.5,1.9091,"Mitchell, Keaton",1.877,2.0,0.5,-4.544999999999999,Total de réceptions Plus/Moins(Incl. Prolongations),4570945683,id1400003171515864
NO Saints vs. ATL Falcons,Tyler Shough,playertotals-passcompletions,Over,23.5,Tyler Shough (NO) Plus de 23.5,1.8696,"Shough, Tyler",1.833,1.960188580408591,0.5101549973276323,-4.621421699625882,"Passes complétées, Joueur (prolongations incluses) ",4578731688,id1400003171515870
TB Buccaneers vs. GB Packers,Matthew Golden,playertotals-receptions,Over,4.5,Matthew Golden (GB) Plus de 4.5,1.8696,"Golden, Matthew",1.833,1.960188580408591,0.5101549973276323,-4.621421699625882,Total de réceptions Plus/Moins(Incl. Prolongations),4566963555,id1400003171515858
BAL Ravens vs. TEN Titans,Carnell Tate,playertotals-receptions,Over,4.5,Carnell Tate (TEN) Plus de 4.5,2.1,"Tate, Carnell",2.06,2.201866977829638,0.4541600423953365,-4.6263910969793205,Total de réceptions Plus/Moins(Incl. Prolongations),4570504365,id1400003171515844
NO Saints vs. ATL Falcons,Michael Penix,playertotals-tdpasses,Under,1.5,Michael Penix (ATL) moins de 1.5,1.6061,"Penix, Michael",1.574,1.6843478260869562,0.5937016004130099,-4.645585957666476,Total de Touchdowns à la passe du joueur (Incl. Prolongations),4567007105,id1400003171515870
BAL Ravens vs. TEN Titans,Tyjae Spears,playertotals-receptions,Under,2.5,Tyjae Spears (TEN) moins de 2.5,1.6667,"Spears, Tyjae",1.632,1.7486238532110088,0.571878279118573,-4.6850472193074255,Total de réceptions Plus/Moins(Incl. Prolongations),4567021449,id1400003171515844
SF 49ers vs. DEN Broncos,RJ Harvey,playertotals-receptions,Under,3.5,RJ Harvey (DEN) moins de 3.5,1.7693,"Harvey, RJ",1.735,1.8589108910891086,0.5379494007989348,-4.820612516644451,Total de réceptions Plus/Moins(Incl. Prolongations),4568362676,id1400003171531176
WAS Commanders vs. IND Colts,Marcus Mariota,playertotals-tdpasses,Under,1.5,Marcus Mariota (WAS) moins de 1.5,1.5264,"Mariota, Marcus",1.5,1.6048387096774193,0.6231155778894473,-4.887638190954768,Total de Touchdowns à la passe du joueur (Incl. Prolongations),4568342897,id1400003171488622
CIN Bengals vs. JAX Jaguars,Joe Burrow,playertotals-passcompletions,Over,24.5,Joe Burrow (CIN) Plus de 24.5,1.9091,"Burrow, Joe",1.877,2.0080558539205158,0.49799411607381644,-4.927943300347703,"Passes complétées, Joueur (prolongations incluses) ",4570999451,id1400003171515850
CAR Panthers vs. DET Lions,Jahmyr Gibbs,playertotals-receptions,Over,4.5,Jahmyr Gibbs (DET) Plus de 4.5,1.8,"Gibbs, Jahmyr",1.769,1.8934343434343437,0.5281408375566817,-4.9346492397972845,Total de réceptions Plus/Moins(Incl. Prolongations),4566584246,id1400003171515868
BUF Bills vs. NE Patriots,Drake Maye,playertotals-interceptions,Over,0.5,Drake Maye (NE) Plus de 0.5,1.7408,"Maye, Drake",1.714,1.8320388349514563,0.5458399576046635,-4.980180180180183,Passes du joueur interceptées Plus/Moins (Incl. Prolongations),4577375674,id1400003171515846
LV Raiders vs. KC Chiefs,Travis Kelce,playertotals-receptions,Under,4.5,Travis Kelce (KC) moins de 4.5,1.7408,"Kelce, Travis",1.714,1.8320388349514563,0.5458399576046635,-4.980180180180183,Total de réceptions Plus/Moins(Incl. Prolongations),4567015526,id1400003171515862
LV Raiders vs. KC Chiefs,Patrick Mahomes,playertotals-tdpasses,Under,1.5,Patrick Mahomes (KC) moins de 1.5,2.0,"Mahomes, Patrick",1.97,2.106120157215048,0.4748067182084777,-5.038656358304461,Total de Touchdowns à la passe du joueur (Incl. Prolongations),4567015658,id1400003171515862
WAS Commanders vs. IND Colts,Daniel Jones,playertotals-rushattempts,Under,3.5,Daniel Jones (IND) moins de 3.5,1.6897,"Jones, Daniel",1.662,1.7802816901408447,0.5617088607594938,-5.088053797468339,Joueur tentative de gain par la course (prolongations incluses),4568343319,id1400003171488622
BAL Ravens vs. TEN Titans,Derrick Henry,playertotals-rushyards,Under,96.5,Derrick Henry (BAL) moins de 96.5,1.8334,"Henry, Derrick",1.806,1.9338159255429164,0.5171122994652406,-5.192631016042792,Total de yards à la course du joueur Plus/Moins (Incl. Prolongations),4578870053,id1400003171515844
MIN Vikings vs. MIA Dolphins,Greg Dulcich,playertotals-receptions,Over,2.5,Greg Dulcich (MIA) Plus de 2.5,1.6667,"Dulcich, Greg",1.645,1.7580645161290325,0.5688073394495412,-5.196880733944964,Total de réceptions Plus/Moins(Incl. Prolongations),4566965007,id1400003171515860
MIN Vikings vs. MIA Dolphins,Jaylen Wright,playertotals-receivingyards,Over,5.5,Jaylen Wright (MIA) Plus de 5.5,1.8,"Wright, Jaylen",1.781,1.8994949494949493,0.5264557298590801,-5.2379686253655855,Total des yards après réception du joueur Plus/Moins(Incl. Prolongations),4573613939,id1400003171515860
PHI Eagles vs. LA Rams,Darius Cooper,playertotals-receptions,Under,1.5,Darius Cooper (PHI) moins de 1.5,2.05,"Cooper, Darius",2.02,2.164265129682997,0.4620505992010653,-5.2796271637816305,Total de réceptions Plus/Moins(Incl. Prolongations),4583579697,id1400003171515856
MIN Vikings vs. MIA Dolphins,Kyler Murray,playertotals-passcompletions,Over,19.5,Kyler Murray (MIN) Plus de 19.5,1.8334,"Murray, Kyler",1.813,1.9374353671147881,0.5161462503336002,-5.3697464638377435,"Passes complétées, Joueur (prolongations incluses) ",4568359956,id1400003171515860
NO Saints vs. ATL Falcons,Olamide Zaccheaus,playertotals-receivingyards,Over,7.5,Olamide Zaccheaus (ATL) Plus de 7.5,1.7693,"Zaccheaus, Olamide",1.751,1.8711442786069652,0.5344323318266418,-5.442887529912255,Total des yards après réception du joueur Plus/Moins(Incl. Prolongations),4582699980,id1400003171515870
SEA Seahawks vs. LA Chargers,Oronde Gadsden,playertotals-receptions,Over,2.5,Oronde Gadsden (LAC) Plus de 2.5,1.7693,"Gadsden, Oronde",1.751,1.8711442786069652,0.5344323318266418,-5.442887529912255,Total de réceptions Plus/Moins(Incl. Prolongations),4570865184,id1400003171515864
NY Giants vs. ARZ Cardinals,Jameis Winston,playertotals-tdpasses,Under,1.5,Jameis Winston (NYG) moins de 1.5,1.4762,"Winston, Jameis",1.46,1.5615384615384615,0.6403940886699507,-5.465024630541871,Total de Touchdowns à la passe du joueur (Incl. Prolongations),4570153339,id1400003171515854
PHI Eagles vs. LA Rams,Puka Nacua,playertotals-receptions,Under,6.5,Puka Nacua (LAR) moins de 6.5,1.6667,"Nacua, Puka",1.649,1.763425925925926,0.5670779732213179,-5.485114203202935,Total de réceptions Plus/Moins(Incl. Prolongations),4574388712,id1400003171515856
SEA Seahawks vs. LA Chargers,Quentin Johnston,playertotals-receptions,Under,2.5,Quentin Johnston (LAC) moins de 2.5,2.25,"Johnston, Quentin",2.23,2.3825170489770615,0.41972417382253446,-5.562060889929743,Total de réceptions Plus/Moins(Incl. Prolongations),4566565039,id1400003171515864
HOU Texans vs. DAL Cowboys,Dak Prescott,playertotals-rushattempts,Over,2.5,Dak Prescott (DAL) Plus de 2.5,1.5715,"Prescott, Dak",1.555,1.6645299145299146,0.6007702182284981,-5.588960205391535,Joueur tentative de gain par la course (prolongations incluses),4571102305,id1400003171515852
NY Giants vs. ARZ Cardinals,Jacoby Brissett,playertotals-interceptions,Over,0.5,Jacoby Brissett (ARI) Plus de 0.5,1.8696,"Brissett, Jacoby",1.847,1.98036093418259,0.5049584561779684,-5.592967032967033,Passes du joueur interceptées Plus/Moins (Incl. Prolongations),4578619120,id1400003171515854
BUF Bills vs. NE Patriots,Josh Allen,playertotals-interceptions,Over,0.5,Josh Allen (BUF) Plus de 0.5,2.1,"Allen, Josh",2.1,2.225204200700117,0.44939695857367584,-5.626638699528064,Passes du joueur interceptées Plus/Moins (Incl. Prolongations),4577374955,id1400003171515846
BUF Bills vs. NE Patriots,Keon Coleman,playertotals-receptions,Over,1.5,Keon Coleman (BUF) Plus de 1.5,2.0,"Coleman, Keon",1.98,2.1192764273600906,0.47185916244331816,-5.628167511336368,Total de réceptions Plus/Moins(Incl. Prolongations),4571040343,id1400003171515846
BAL Ravens vs. TEN Titans,Rashod Bateman,playertotals-receptions,Under,2.5,Rashod Bateman (BAL) moins de 2.5,2.0,"Bateman, Rashod",1.98,2.1192764273600906,0.47185916244331816,-5.628167511336368,Total de réceptions Plus/Moins(Incl. Prolongations),4567021156,id1400003171515844
MIN Vikings vs. MIA Dolphins,T.J. Hockenson,playertotals-receptions,Over,4.5,T.J. Hockenson (MIN) Plus de 4.5,2.0,"Hockenson, T.J.",1.98,2.1192764273600906,0.47185916244331816,-5.628167511336368,Total de réceptions Plus/Moins(Incl. Prolongations),4573610297,id1400003171515860
MIN Vikings vs. MIA Dolphins,Malik Willis,playertotals-rushattempts,Under,5.5,Malik Willis (MIA) moins de 5.5,2.0,"Willis, Malik",1.98,2.1192764273600906,0.47185916244331816,-5.628167511336368,Joueur tentative de gain par la course (prolongations incluses),4566964793,id1400003171515860
NO Saints vs. ATL Falcons,Drake London,playertotals-receptions,Over,5.5,Drake London (ATL) Plus de 5.5,1.7408,"London, Drake",1.724,1.8450980392156864,0.5419766206163655,-5.652709883103091,Total de réceptions Plus/Moins(Incl. Prolongations),4570686666,id1400003171515870
BUF Bills vs. NE Patriots,Ty Johnson,playertotals-receptions,Over,1.5,Ty Johnson (BUF) Plus de 1.5,1.7408,"Johnson, Ty",1.724,1.8450980392156864,0.5419766206163655,-5.652709883103091,Total de réceptions Plus/Moins(Incl. Prolongations),4566524669,id1400003171515846
PHI Eagles vs. LA Rams,Matthew Stafford,playertotals-passcompletions,Under,21.5,Matthew Stafford (LAR) moins de 21.5,1.8,"Stafford, Matthew",1.781,1.908210096889342,0.5240513094601817,-5.670764297167286,"Passes complétées, Joueur (prolongations incluses) ",4574461307,id1400003171515856
SEA Seahawks vs. LA Chargers,Justin Herbert,playertotals-rushattempts,Under,4.5,Justin Herbert (LAC) moins de 4.5,1.9091,"Herbert, Justin",1.892,2.024363833243097,0.49398234822144954,-5.693829901043069,Joueur tentative de gain par la course (prolongations incluses),4570942528,id1400003171515864
HOU Texans vs. DAL Cowboys,George Pickens,playertotals-receptions,Under,4.5,George Pickens (DAL) moins de 4.5,2.1,"Pickens, George",2.08,2.227863046044864,0.44886062533121357,-5.739268680445142,Total de réceptions Plus/Moins(Incl. Prolongations),4568338810,id1400003171515852
PHI Eagles vs. LA Rams,Makai Lemon,playertotals-receptions,Under,3.5,Makai Lemon (PHI) moins de 3.5,1.8696,"Lemon, Makai",1.854,1.984076433121019,0.5040128410914928,-5.76975922953451,Total de réceptions Plus/Moins(Incl. Prolongations),4582991799,id1400003171515856
SF 49ers vs. DEN Broncos,Christian McCaffrey,playertotals-receivingyards,Over,39.5,Christian McCaffrey (SF) Plus de 39.5,1.8696,"McCaffrey, Christian",1.854,1.984076433121019,0.5040128410914928,-5.76975922953451,Total des yards après réception du joueur Plus/Moins(Incl. Prolongations),4574296200,id1400003171531176
CIN Bengals vs. JAX Jaguars,Joe Burrow,playertotals-interceptions,Over,0.5,Joe Burrow (CIN) Plus de 0.5,1.8334,"Burrow, Joe",1.819,1.9488784559207097,0.5131156316916488,-5.925380085653121,Passes du joueur interceptées Plus/Moins (Incl. Prolongations),4582101579,id1400003171515850
SF 49ers vs. DEN Broncos,Evan Engram,playertotals-receptions,Over,2.5,Evan Engram (DEN) Plus de 2.5,2.15,"Engram, Evan",2.14,2.2876052948255117,0.43713834823776954,-6.015255128879549,Total de réceptions Plus/Moins(Incl. Prolongations),4569680885,id1400003171531176
WAS Commanders vs. IND Colts,Daniel Jones,playertotals-interceptions,Over,0.5,Daniel Jones (IND) Plus de 0.5,2.0,"Jones, Daniel",1.99,2.128757799205899,0.4697575273114841,-6.048494537703175,Passes du joueur interceptées Plus/Moins (Incl. Prolongations),4572920540,id1400003171488622
WAS Commanders vs. IND Colts,Antonio Williams,playertotals-receptions,Over,1.5,Antonio Williams (WAS) Plus de 1.5,1.6667,"Williams, Antonio",1.657,1.7742990654205606,0.5636028443508033,-6.0643139320516015,Total de réceptions Plus/Moins(Incl. Prolongations),4568344836,id1400003171488622
CAR Panthers vs. DET Lions,Darren Waller,playertotals-receptions,Over,2.5,Darren Waller (CAR) Plus de 2.5,1.6061,"Waller, Darren",1.598,1.7102222222222223,0.5847193347193347,-6.088227650727651,Total de réceptions Plus/Moins(Incl. Prolongations),4569844764,id1400003171515868
NY Giants vs. ARZ Cardinals,Jameis Winston,playertotals-interceptions,Over,0.5,Jameis Winston (NYG) Plus de 0.5,1.6061,"Winston, Jameis",1.598,1.7102222222222223,0.5847193347193347,-6.088227650727651,Passes du joueur interceptées Plus/Moins (Incl. Prolongations),4578619113,id1400003171515854
NO Saints vs. ATL Falcons,Tyler Shough,playertotals-interceptions,Over,0.5,Tyler Shough (NOS) Plus de 0.5,2.05,"Shough, Tyler",2.06,2.1839080459770113,0.4578947368421053,-6.131578947368421,Passes du joueur interceptées Plus/Moins (Incl. Prolongations),4578666988,id1400003171515870
NO Saints vs. ATL Falcons,Bijan Robinson,playertotals-receptions,Over,4.5,Bijan Robinson (ATL) Plus de 4.5,1.8696,"Robinson, Bijan",1.862,1.9920085242408097,0.5020058839261835,-6.144979941160733,Total de réceptions Plus/Moins(Incl. Prolongations),4567007963,id1400003171515870
WAS Commanders vs. IND Colts,Tyler Warren,playertotals-receptions,Over,5.5,Tyler Warren (IND) Plus de 5.5,2.0,"Warren, Tyler",1.99,2.132612407512806,0.46890846010141446,-6.218307979717109,Total de réceptions Plus/Moins(Incl. Prolongations),4568344418,id1400003171488622
BAL Ravens vs. TEN Titans,Cameron Ward,playertotals-tdpasses,Over,0.5,Cameron Ward (TEN) Plus de 0.5,1.5715,"Ward, Cameron",1.568,1.6787878787878787,0.5956678700361011,-6.390794223826712,Total de Touchdowns à la passe du joueur (Incl. Prolongations),4569572332,id1400003171515844
WAS Commanders vs. IND Colts,Marcus Mariota,playertotals-interceptions,Over,0.5,Marcus Mariota (WAS) Plus de 0.5,1.7693,"Mariota, Marcus",1.781,1.8904999999999998,0.5289605924358636,-6.41100238032265,Passes du joueur interceptées Plus/Moins (Incl. Prolongations),4572920546,id1400003171488622
CAR Panthers vs. DET Lions,Tetairoa McMillan,playertotals-receivingyards,Over,70.5,Tetairoa McMillan (CAR) Plus de 70.5,1.8334,"McMillan, Tetairoa",1.833,1.960188580408591,0.5101549973276323,-6.4681827899519035,Total des yards après réception du joueur Plus/Moins(Incl. Prolongations),4575015152,id1400003171515868
HOU Texans vs. DAL Cowboys,C.J. Stroud,playertotals-passcompletions,Over,21.5,C.J. Stroud (HOU) Plus de 21.5,1.9091,"Stroud, C.J.",1.909,2.0414620840152757,0.48984500267236764,-6.483690539818299,"Passes complétées, Joueur (prolongations incluses) ",4568339103,id1400003171515852
LV Raiders vs. KC Chiefs,Tyquan Thornton,playertotals-receivingyards,Over,22.5,Tyquan Thornton (KC) Plus de 22.5,1.8696,"Thornton, Tyquan",1.877,2.0,0.5,-6.520000000000003,Total des yards après réception du joueur Plus/Moins(Incl. Prolongations),4569155683,id1400003171515862
BUF Bills vs. NE Patriots,Ty Johnson,playertotals-receivingyards,Over,12.5,Ty Johnson (BUF) Plus de 12.5,1.8696,"Johnson, Ty",1.877,2.0,0.5,-6.520000000000003,Total des yards après réception du joueur Plus/Moins(Incl. Prolongations),4578885819,id1400003171515846
BAL Ravens vs. TEN Titans,Derrick Henry,playertotals-receivingyards,Over,7.5,Derrick Henry (BAL) Plus de 7.5,1.8696,"Henry, Derrick",1.877,2.0,0.5,-6.520000000000003,Total des yards après réception du joueur Plus/Moins(Incl. Prolongations),4574398341,id1400003171515844
MIN Vikings vs. MIA Dolphins,Aaron Jones,playertotals-receivingyards,Over,19.5,Aaron Jones (MIN) Plus de 19.5,1.8696,"Jones, Aaron",1.877,2.0,0.5,-6.520000000000003,Total des yards après réception du joueur Plus/Moins(Incl. Prolongations),4568359928,id1400003171515860
MIN Vikings vs. MIA Dolphins,T.J. Hockenson,playertotals-receivingyards,Over,36.5,T.J. Hockenson (MIN) Plus de 36.5,1.8696,"Hockenson, T.J.",1.877,2.0,0.5,-6.520000000000003,Total des yards après réception du joueur Plus/Moins(Incl. Prolongations),4573573141,id1400003171515860
HOU Texans vs. DAL Cowboys,Ryan Flournoy,playertotals-receivingyards,Under,33.5,Ryan Flournoy (DAL) moins de 33.5,1.8696,"Flournoy, Ryan",1.877,2.0,0.5,-6.520000000000003,Total des yards après réception du joueur Plus/Moins(Incl. Prolongations),4571111827,id1400003171515852
TB Buccaneers vs. GB Packers,MarShawn Lloyd,playertotals-receivingyards,Under,5.5,MarShawn Lloyd (GB) moins de 5.5,1.8696,"Lloyd, MarShawn",1.877,2.0,0.5,-6.520000000000003,Total des yards après réception du joueur Plus/Moins(Incl. Prolongations),4567266352,id1400003171515858
NO Saints vs. ATL Falcons,Tyler Shough,playertotals-rushyards,Under,16.5,Tyler Shough (NO) moins de 16.5,1.8696,"Shough, Tyler",1.877,2.0,0.5,-6.520000000000003,Total de yards à la course du joueur Plus/Moins (Incl. Prolongations),4570468204,id1400003171515870
NY Giants vs. ARZ Cardinals,Jameis Winston,playertotals-passattempts,Under,29.5,Jameis Winston (NYG) moins de 29.5,1.8696,"Winston, Jameis",1.877,2.0,0.5,-6.520000000000003,Tentatives de passes du joueur Plus/Moins (Incl. Prolongations),4566941352,id1400003171515854
HOU Texans vs. DAL Cowboys,C.J. Stroud,playertotals-rushyards,Under,11.5,C.J. Stroud (HOU) moins de 11.5,1.8696,"Stroud, C.J.",1.877,2.0,0.5,-6.520000000000003,Total de yards à la course du joueur Plus/Moins (Incl. Prolongations),4569778784,id1400003171515852
HOU Texans vs. DAL Cowboys,Dalton Schultz,playertotals-receivingyards,Under,40.5,Dalton Schultz (HOU) moins de 40.5,1.8696,"Schultz, Dalton",1.869,2.0,0.5,-6.520000000000003,Total des yards après réception du joueur Plus/Moins(Incl. Prolongations),4586013384,id1400003171515852
NO Saints vs. ATL Falcons,Austin Hooper,playertotals-receivingyards,Over,10.5,Austin Hooper (ATL) Plus de 10.5,1.8696,"Hooper, Austin",1.877,2.0,0.5,-6.520000000000003,Total des yards après réception du joueur Plus/Moins(Incl. Prolongations),4570692775,id1400003171515870
SEA Seahawks vs. LA Chargers,Cooper Kupp,playertotals-receivingyards,Under,23.5,Cooper Kupp (SEA) moins de 23.5,1.8696,"Kupp, Cooper",1.877,2.0,0.5,-6.520000000000003,Total des yards après réception du joueur Plus/Moins(Incl. Prolongations),4570895252,id1400003171515864
CIN Bengals vs. JAX Jaguars,Trevor Lawrence,playertotals-rushyards,Over,14.5,Trevor Lawrence (JAX) Plus de 14.5,1.8696,"Lawrence, Trevor",1.877,2.0,0.5,-6.520000000000003,Total de yards à la course du joueur Plus/Moins (Incl. Prolongations),4569275931,id1400003171515850
CIN Bengals vs. JAX Jaguars,Samaje Perine,playertotals-receivingyards,Over,9.5,Samaje Perine (CIN) Plus de 9.5,1.8696,"Perine, Samaje",1.877,2.0,0.5,-6.520000000000003,Total des yards après réception du joueur Plus/Moins(Incl. Prolongations),4570998694,id1400003171515850
CHI Bears vs. NY Jets,Colston Loveland,playertotals-receivingyards,Under,33.5,Colston Loveland (CHI) moins de 33.5,1.8696,"Loveland, Colston",1.877,2.0,0.5,-6.520000000000003,Total des yards après réception du joueur Plus/Moins(Incl. Prolongations),4582846016,id1400003171515848
BAL Ravens vs. TEN Titans,Gunnar Helm,playertotals-receivingyards,Under,18.5,Gunnar Helm (TEN) moins de 18.5,1.8696,"Helm, Gunnar",1.877,2.0,0.5,-6.520000000000003,Total des yards après réception du joueur Plus/Moins(Incl. Prolongations),4569583418,id1400003171515844
CAR Panthers vs. DET Lions,Chuba Hubbard,playertotals-rushattempts,Over,16.5,Chuba Hubbard (CAR) Plus de 16.5,1.8696,"Hubbard, Chuba",1.877,2.0,0.5,-6.520000000000003,Joueur tentative de gain par la course (prolongations incluses),4566583543,id1400003171515868
SF 49ers vs. DEN Broncos,Brock Purdy,playertotals-tdpasses,Under,1.5,Brock Purdy (SF) moins de 1.5,1.8696,"Purdy, Brock",1.877,2.0,0.5,-6.520000000000003,Total de Touchdowns à la passe du joueur (Incl. Prolongations),4568362294,id1400003171531176
BAL Ravens vs. TEN Titans,Tyjae Spears,playertotals-receivingyards,Under,13.5,Tyjae Spears (TEN) moins de 13.5,1.8696,"Spears, Tyjae",1.877,2.0,0.5,-6.520000000000003,Total des yards après réception du joueur Plus/Moins(Incl. Prolongations),4569550804,id1400003171515844
CAR Panthers vs. DET Lions,Jared Goff,playertotals-passattempts,Over,34.5,Jared Goff (DET) Plus de 34.5,1.8696,"Goff, Jared",1.877,2.0,0.5,-6.520000000000003,Tentatives de passes du joueur Plus/Moins (Incl. Prolongations),4566582806,id1400003171515868
CAR Panthers vs. DET Lions,Sione Vaki,playertotals-rushyards,Under,11.5,Sione Vaki (DET) moins de 11.5,1.8696,"Vaki, Sione",1.877,2.0,0.5,-6.520000000000003,Total de yards à la course du joueur Plus/Moins (Incl. Prolongations),4575014704,id1400003171515868
CIN Bengals vs. JAX Jaguars,Brian Thomas,playertotals-receptions,Over,2.5,Brian Thomas (JAX) Plus de 2.5,2.2,"Thomas, Brian",2.2,2.3538461538461544,0.4248366013071895,-6.535947712418311,Total de réceptions Plus/Moins(Incl. Prolongations),4566528398,id1400003171515850
SF 49ers vs. DEN Broncos,George Kittle,playertotals-receptions,Under,4.5,George Kittle (SF) moins de 4.5,2.1,"Kittle, George",2.1,2.2470308788598574,0.445031712473573,-6.543340380549667,Total de réceptions Plus/Moins(Incl. Prolongations),4568361310,id1400003171531176
SEA Seahawks vs. LA Chargers,Omarion Hampton,playertotals-rushattempts,Under,13.5,Omarion Hampton (LAC) moins de 13.5,1.7693,"Hampton, Omarion",1.769,1.8934343434343437,0.5281408375566817,-6.556041611096298,Joueur tentative de gain par la course (prolongations incluses),4566565793,id1400003171515864
BUF Bills vs. NE Patriots,Drake Maye,playertotals-passattempts,Over,30.5,Drake Maye (NE) Plus de 30.5,1.7693,"Maye, Drake",1.769,1.8934343434343437,0.5281408375566817,-6.556041611096298,Tentatives de passes du joueur Plus/Moins (Incl. Prolongations),4571060150,id1400003171515846
MIN Vikings vs. MIA Dolphins,Kyler Murray,playertotals-tdpasses,Under,1.5,Kyler Murray (MIN) moins de 1.5,1.7693,"Murray, Kyler",1.769,1.8934343434343437,0.5281408375566817,-6.556041611096298,Total de Touchdowns à la passe du joueur (Incl. Prolongations),4566964393,id1400003171515860
NY Giants vs. ARZ Cardinals,Malik Nabers,playertotals-receptions,Under,4.5,Malik Nabers (NYG) moins de 4.5,2.0,"Nabers, Malik",2.0,2.142204454597373,0.46680885097307384,-6.638229805385231,Total de réceptions Plus/Moins(Incl. Prolongations),4569702330,id1400003171515854
HOU Texans vs. DAL Cowboys,CeeDee Lamb,playertotals-receptions,Over,5.5,CeeDee Lamb (DAL) Plus de 5.5,1.6897,"Lamb, CeeDee",1.694,1.8105263157894742,0.5523255813953487,-6.673546511627926,Total de réceptions Plus/Moins(Incl. Prolongations),4571109683,id1400003171515852
NY Giants vs. ARZ Cardinals,Kendrick Bourne,playertotals-receptions,Under,2.5,Kendrick Bourne (ARI) moins de 2.5,1.5715,"Bourne, Kendrick",1.574,1.6843478260869562,0.5937016004130099,-6.699793495095497,Total de réceptions Plus/Moins(Incl. Prolongations),4566941463,id1400003171515854
NY Giants vs. ARZ Cardinals,Trey McBride,playertotals-receptions,Under,7.5,Trey McBride (ARI) moins de 7.5,1.6061,"McBride, Trey",1.609,1.72152466367713,0.580880437613962,-6.704792914821556,Total de réceptions Plus/Moins(Incl. Prolongations),4570091587,id1400003171515854
CIN Bengals vs. JAX Jaguars,Bhayshul Tuten,playertotals-receptions,Over,1.5,Bhayshul Tuten (JAX) Plus de 1.5,1.6667,"Tuten, Bhayshul",1.675,1.7900943396226412,0.5586297760210804,-6.893175230566517,Total de réceptions Plus/Moins(Incl. Prolongations),4566528545,id1400003171515850
NY Giants vs. ARZ Cardinals,Isaiah Likely,playertotals-receivingyards,Under,39.5,Isaiah Likely (NYG) moins de 39.5,1.8696,"Likely, Isaiah",1.877,2.0080558539205158,0.49799411607381644,-6.895020058839285,Total des yards après réception du joueur Plus/Moins(Incl. Prolongations),4587072838,id1400003171515854
CAR Panthers vs. DET Lions,Bryce Young,playertotals-rushyards,Under,12.5,Bryce Young (CAR) moins de 12.5,1.8696,"Young, Bryce",1.877,2.0080558539205158,0.49799411607381644,-6.895020058839285,Total de yards à la course du joueur Plus/Moins (Incl. Prolongations),4578928393,id1400003171515868
LV Raiders vs. KC Chiefs,Kirk Cousins,playertotals-interceptions,Under,0.5,Kirk Cousins (LVR) moins de 0.5,2.1,"Cousins, Kirk",2.11,2.255952380952381,0.44327176781002636,-6.912928759894454,Passes du joueur interceptées Plus/Moins (Incl. Prolongations),4582968112,id1400003171515862
HOU Texans vs. DAL Cowboys,Dak Prescott,playertotals-interceptions,Under,0.5,Dak Prescott (DAL) moins de 0.5,1.9524,"Prescott, Dak",1.98,2.1,0.4761904761904762,-7.0285714285714285,Passes du joueur interceptées Plus/Moins (Incl. Prolongations),4577383577,id1400003171515852
BUF Bills vs. NE Patriots,Dalton Kincaid,playertotals-receptions,Over,4.5,Dalton Kincaid (BUF) Plus de 4.5,2.0,"Kincaid, Dalton",2.01,2.1512027491408934,0.46485623003194887,-7.028753993610226,Total de réceptions Plus/Moins(Incl. Prolongations),4574392677,id1400003171515846
BUF Bills vs. NE Patriots,TreVeyon Henderson,playertotals-receptions,Over,1.5,TreVeyon Henderson (NE) Plus de 1.5,2.25,"Henderson, TreVeyon",2.26,2.4204902576995604,0.41313944430018174,-7.043625032459111,Total de réceptions Plus/Moins(Incl. Prolongations),4569374339,id1400003171515846
HOU Texans vs. DAL Cowboys,Dalton Schultz,playertotals-receptions,Over,4.5,Dalton Schultz (HOU) Plus de 4.5,1.9091,"Schultz, Dalton",1.917,2.0538757559098406,0.48688436830835113,-7.048905246252679,Total de réceptions Plus/Moins(Incl. Prolongations),4568337677,id1400003171515852
CAR Panthers vs. DET Lions,Bryce Young,playertotals-tdpasses,Over,1.5,Bryce Young (CAR) Plus de 1.5,1.7693,"Young, Bryce",1.781,1.9040609137055837,0.5251932817915222,-7.077552652625963,Total de Touchdowns à la passe du joueur (Incl. Prolongations),4566584140,id1400003171515868
CAR Panthers vs. DET Lions,Amon-Ra St. Brown,playertotals-receptions,Over,6.5,Amon-Ra St. Brown (DET) Plus de 6.5,1.6667,"St. Brown, Amon-Ra",1.675,1.7938388625592419,0.5574636723910171,-7.08752972258917,Total de réceptions Plus/Moins(Incl. Prolongations),4566583753,id1400003171515868
HOU Texans vs. DAL Cowboys,Dak Prescott,playertotals-rushyards,Under,9.5,Dak Prescott (DAL) moins de 9.5,1.8696,"Prescott, Dak",1.884,2.016181229773463,0.4959871589085072,-7.270240770465497,Total de yards à la course du joueur Plus/Moins (Incl. Prolongations),4568337562,id1400003171515852
LV Raiders vs. KC Chiefs,Michael Mayer,playertotals-receptions,Over,2.5,Michael Mayer (LV) Plus de 2.5,1.7693,"Mayer, Michael",1.781,1.908210096889342,0.5240513094601817,-7.279601817210035,Total de réceptions Plus/Moins(Incl. Prolongations),4574174642,id1400003171515862
CAR Panthers vs. DET Lions,Bryce Young,playertotals-interceptions,Over,0.5,Bryce Young (CAR) Plus de 0.5,1.7693,"Young, Bryce",1.781,1.908210096889342,0.5240513094601817,-7.279601817210035,Passes du joueur interceptées Plus/Moins (Incl. Prolongations),4577454819,id1400003171515868
TB Buccaneers vs. GB Packers,Skyy Moore,playertotals-receptions,Under,1.5,Skyy Moore (GB) moins de 1.5,2.15,"Moore, Skyy",2.17,2.319148936170213,0.4311926605504587,-7.293577981651389,Total de réceptions Plus/Moins(Incl. Prolongations),4570234581,id1400003171515858
CHI Bears vs. NY Jets,Tyson Bagent,playertotals-interceptions,Under,0.5,Tyson Bagent (CHI) moins de 0.5,1.7693,"Bagent, Tyson",1.8,1.909090909090909,0.5238095238095238,-7.322380952380946,Passes du joueur interceptées Plus/Moins (Incl. Prolongations),4583291101,id1400003171515848
MIN Vikings vs. MIA Dolphins,Malik Willis,playertotals-passattempts,Under,28.5,Malik Willis (MIA) moins de 28.5,1.7408,"Willis, Malik",1.757,1.8785,0.5323396326856534,-7.330316742081456,Tentatives de passes du joueur Plus/Moins (Incl. Prolongations),4578724508,id1400003171515860
TB Buccaneers vs. GB Packers,Jalon Daniels,playertotals-interceptions,Over,0.5,Jalon Daniels (TB) Plus de 0.5,1.6061,"Daniels, Jalon",1.636,1.7336322869955154,0.5768235902741853,-7.356363166063096,Passes du joueur interceptées Plus/Moins (Incl. Prolongations),4578648458,id1400003171515858
MIN Vikings vs. MIA Dolphins,Malik Willis,playertotals-interceptions,Over,0.5,Malik Willis (MIA) Plus de 0.5,1.5715,"Willis, Malik",1.602,1.6965217391304348,0.5894413121476166,-7.36929779600205,Passes du joueur interceptées Plus/Moins (Incl. Prolongations),4582112412,id1400003171515860
HOU Texans vs. DAL Cowboys,Kayshon Boutte,playertotals-receivingyards,Over,23.5,Kayshon Boutte (HOU) Plus de 23.5,1.8334,"Boutte, Kayshon",1.847,1.98036093418259,0.5049584561779684,-7.420916644331276,Total des yards après réception du joueur Plus/Moins(Incl. Prolongations),4578718844,id1400003171515852
BUF Bills vs. NE Patriots,Khalil Shakir,playertotals-receptions,Under,3.5,Khalil Shakir (BUF) moins de 3.5,2.1,"Shakir, Khalil",2.12,2.2687013764213044,0.44078079662358216,-7.436032709047746,Total de réceptions Plus/Moins(Incl. Prolongations),4566525362,id1400003171515846
BAL Ravens vs. TEN Titans,Lamar Jackson,playertotals-interceptions,Over,0.5,Lamar Jackson (BAL) Plus de 0.5,2.05,"Jackson, Lamar",2.07,2.2147887323943665,0.451510333863275,-7.44038155802863,Passes du joueur interceptées Plus/Moins (Incl. Prolongations),4578652333,id1400003171515844
CIN Bengals vs. JAX Jaguars,Trevor Lawrence,playertotals-rushattempts,Over,3.5,Trevor Lawrence (JAX) Plus de 3.5,1.8,"Lawrence, Trevor",1.819,1.9449350649350647,0.514155982905983,-7.4519230769230616,Joueur tentative de gain par la course (prolongations incluses),4566528171,id1400003171515850
LV Raiders vs. KC Chiefs,Emmett Johnson,playertotals-receptions,Under,1.5,Emmett Johnson (KC) moins de 1.5,1.5,"Johnson, Emmett",1.515,1.6209016393442623,0.6169405815423514,-7.458912768647286,Total de réceptions Plus/Moins(Incl. Prolongations),4567017186,id1400003171515862
TB Buccaneers vs. GB Packers,Jalon Daniels,playertotals-tdpasses,Over,0.5,Jalon Daniels (TB) Plus de 0.5,1.5,"Daniels, Jalon",1.515,1.6209016393442623,0.6169405815423514,-7.458912768647286,Total de Touchdowns à la passe du joueur (Incl. Prolongations),4566963162,id1400003171515858
LV Raiders vs. KC Chiefs,Patrick Mahomes,playertotals-interceptions,Over,0.5,Patrick Mahomes (KC) Plus de 0.5,2.05,"Mahomes, Patrick",2.09,2.215823152995928,0.4512995536886322,-7.483591493830399,Passes du joueur interceptées Plus/Moins (Incl. Prolongations),4582968108,id1400003171515862
CIN Bengals vs. JAX Jaguars,Parker Washington,playertotals-receptions,Under,5.5,Parker Washington (JAX) moins de 5.5,1.6667,"Washington, Parker",1.684,1.8019047619047617,0.5549682875264271,-7.5034355179703915,Total de réceptions Plus/Moins(Incl. Prolongations),4569668797,id1400003171515850
SEA Seahawks vs. LA Chargers,Justin Herbert,playertotals-tdpasses,Under,0.5,Justin Herbert (LAC) moins de 0.5,2.75,"Herbert, Justin",2.78,2.9744318181818183,0.3361986628462273,-7.545367717287499,Total de Touchdowns à la passe du joueur (Incl. Prolongations),4570951392,id1400003171515864
SEA Seahawks vs. LA Chargers,Justin Herbert,playertotals-interceptions,Over,0.5,Justin Herbert (LAC) Plus de 0.5,1.7408,"Herbert, Justin",1.775,1.8830845771144278,0.5310435931307794,-7.555931307793928,Passes du joueur interceptées Plus/Moins (Incl. Prolongations),4577425387,id1400003171515864
HOU Texans vs. DAL Cowboys,Nico Collins,playertotals-receptions,Over,5.5,Nico Collins (HOU) Plus de 5.5,2.0,"Collins, Nico",2.02,2.164265129682997,0.4620505992010653,-7.589880159786944,Total de réceptions Plus/Moins(Incl. Prolongations),4582262926,id1400003171515852
BAL Ravens vs. TEN Titans,Lamar Jackson,playertotals-tdpasses,Under,1.5,Lamar Jackson (BAL) moins de 1.5,2.0,"Jackson, Lamar",2.02,2.164265129682997,0.4620505992010653,-7.589880159786944,Total de Touchdowns à la passe du joueur (Incl. Prolongations),4567020682,id1400003171515844
BUF Bills vs. NE Patriots,Demario Douglas,playertotals-receptions,Under,2.5,Demario Douglas (NE) moins de 2.5,2.0,"Douglas, Demario",2.02,2.164265129682997,0.4620505992010653,-7.589880159786944,Total de réceptions Plus/Moins(Incl. Prolongations),4566525711,id1400003171515846
HOU Texans vs. DAL Cowboys,Ryan Flournoy,playertotals-receptions,Over,3.5,Ryan Flournoy (DAL) Plus de 3.5,2.0,"Flournoy, Ryan",2.02,2.164265129682997,0.4620505992010653,-7.589880159786944,Total de réceptions Plus/Moins(Incl. Prolongations),4568339433,id1400003171515852
LV Raiders vs. KC Chiefs,Kirk Cousins,playertotals-tdpasses,Under,1.5,Kirk Cousins (LV) moins de 1.5,1.5715,"Cousins, Kirk",1.591,1.7008810572687225,0.587930587930588,-7.6067081067081155,Total de Touchdowns à la passe du joueur (Incl. Prolongations),4567015429,id1400003171515862
CAR Panthers vs. DET Lions,Chuba Hubbard,playertotals-receptions,Over,2.5,Chuba Hubbard (CAR) Plus de 2.5,1.6061,"Hubbard, Chuba",1.625,1.7386363636363638,0.5751633986928104,-7.623006535947718,Total de réceptions Plus/Moins(Incl. Prolongations),4569844798,id1400003171515868
WAS Commanders vs. IND Colts,Daniel Jones,playertotals-passattempts,Over,31.5,Daniel Jones (IND) Plus de 31.5,1.8696,"Jones, Daniel",1.892,2.024363833243097,0.49398234822144954,-7.645060176517793,Tentatives de passes du joueur Plus/Moins (Incl. Prolongations),4569747093,id1400003171488622
TB Buccaneers vs. GB Packers,Jordan Love,playertotals-interceptions,Over,0.5,Jordan Love (GB) Plus de 0.5,1.6897,"Love, Jordan",1.709,1.8296116504854372,0.546564075351552,-7.64706818784825,Passes du joueur interceptées Plus/Moins (Incl. Prolongations),4578648460,id1400003171515858
SF 49ers vs. DEN Broncos,Kyle Juszczyk,playertotals-receptions,Over,1.5,Kyle Juszczyk (SF) Plus de 1.5,2.45,"Juszczyk, Kyle",2.48,2.653333333333333,0.37688442211055284,-7.663316582914548,Total de réceptions Plus/Moins(Incl. Prolongations),4569276600,id1400003171531176
PHI Eagles vs. LA Rams,Matthew Stafford,playertotals-interceptions,Under,0.5,Matthew Stafford (LAR) moins de 0.5,1.7693,"Stafford, Matthew",1.806,1.916751269035533,0.5217161016949152,-7.692770127118642,Passes du joueur interceptées Plus/Moins (Incl. Prolongations),4577392011,id1400003171515856
MIN Vikings vs. MIA Dolphins,Malik Willis,playertotals-passcompletions,Over,15.5,Malik Willis (MIA) Plus de 15.5,1.7693,"Willis, Malik",1.793,1.918545081967213,0.5212283044058745,-7.779076101468618,"Passes complétées, Joueur (prolongations incluses) ",4574102480,id1400003171515860
CIN Bengals vs. JAX Jaguars,Joe Burrow,playertotals-tdpasses,Under,1.5,Joe Burrow (CIN) moins de 1.5,2.35,"Burrow, Joe",2.38,2.548471047495121,0.39239213683941787,-7.787847842736795,Total de Touchdowns à la passe du joueur (Incl. Prolongations),4566527210,id1400003171515850
CHI Bears vs. NY Jets,Tyson Bagent,playertotals-passcompletions,Over,19.5,Tyson Bagent (CHI) Plus de 19.5,1.9091,"Bagent, Tyson",1.934,2.070874861572536,0.4828877005347594,-7.8119090909090865,"Passes complétées, Joueur (prolongations incluses) ",4574095385,id1400003171515848
SF 49ers vs. DEN Broncos,Brock Purdy,playertotals-interceptions,Over,0.5,Brock Purdy (SF) Plus de 0.5,1.8696,"Purdy, Brock",1.892,2.028260869565217,0.49303322615219725,-7.822508038585207,Passes du joueur interceptées Plus/Moins (Incl. Prolongations),4577446037,id1400003171531176
NO Saints vs. ATL Falcons,Tyler Shough,playertotals-tdpasses,Under,1.5,Tyler Shough (NO) moins de 1.5,2.05,"Shough, Tyler",2.08,2.2242495585638613,0.4495898385816353,-7.834083090764765,Total de Touchdowns à la passe du joueur (Incl. Prolongations),4567007209,id1400003171515870
CAR Panthers vs. DET Lions,Jameson Williams,playertotals-receptions,Over,3.5,Jameson Williams (DET) Plus de 3.5,1.9524,"Williams, Jameson",1.98,2.1192764273600906,0.47185916244331816,-7.874217124566563,Total de réceptions Plus/Moins(Incl. Prolongations),4566584046,id1400003171515868
TB Buccaneers vs. GB Packers,Chris Godwin,playertotals-receptions,Under,2.5,Chris Godwin (TB) moins de 2.5,1.9524,"Godwin, Chris",1.98,2.1192764273600906,0.47185916244331816,-7.874217124566563,Total de réceptions Plus/Moins(Incl. Prolongations),4566961971,id1400003171515858
CAR Panthers vs. DET Lions,Jared Goff,playertotals-interceptions,Under,0.5,Jared Goff (DET) moins de 0.5,1.6061,"Goff, Jared",1.645,1.744343891402715,0.5732814526588845,-7.925265888456556,Passes du joueur interceptées Plus/Moins (Incl. Prolongations),4577454822,id1400003171515868
CHI Bears vs. NY Jets,Braelon Allen,playertotals-receptions,Under,1.5,Braelon Allen (NYJ) moins de 1.5,2.15,"Allen, Braelon",2.18,2.3357843137254903,0.4281217208814271,-7.95383001049318,Total de réceptions Plus/Moins(Incl. Prolongations),4580203453,id1400003171515848
HOU Texans vs. DAL Cowboys,C.J. Stroud,playertotals-passattempts,Over,32.5,C.J. Stroud (HOU) Plus de 32.5,1.8334,"Stroud, C.J.",1.862,1.9920085242408097,0.5020058839261835,-7.962241240973523,Tentatives de passes du joueur Plus/Moins (Incl. Prolongations),4569802732,id1400003171515852
WAS Commanders vs. IND Colts,Antonio Williams,playertotals-receivingyards,Under,17.5,Antonio Williams (WAS) moins de 17.5,1.8334,"Williams, Antonio",1.862,1.9920085242408097,0.5020058839261835,-7.962241240973523,Total des yards après réception du joueur Plus/Moins(Incl. Prolongations),4584487845,id1400003171488622
CIN Bengals vs. JAX Jaguars,Chase Brown,playertotals-receivingyards,Under,19.5,Chase Brown (CIN) moins de 19.5,1.8334,"Brown, Chase",1.862,1.9920085242408097,0.5020058839261835,-7.962241240973523,Total des yards après réception du joueur Plus/Moins(Incl. Prolongations),4569014216,id1400003171515850
CIN Bengals vs. JAX Jaguars,Brenton Strange,playertotals-receivingyards,Over,33.5,Brenton Strange (JAX) Plus de 33.5,1.8334,"Strange, Brenton",1.862,1.9920085242408097,0.5020058839261835,-7.962241240973523,Total des yards après réception du joueur Plus/Moins(Incl. Prolongations),4566527419,id1400003171515850
CAR Panthers vs. DET Lions,Jalen Coker,playertotals-receptions,Under,4.5,Jalen Coker (CAR) moins de 4.5,1.7408,"Coker, Jalen",1.769,1.8934343434343437,0.5281408375566817,-8.061242998132844,Total de réceptions Plus/Moins(Incl. Prolongations),4566584331,id1400003171515868
LV Raiders vs. KC Chiefs,Tyquan Thornton,playertotals-receptions,Under,1.5,Tyquan Thornton (KC) moins de 1.5,1.7408,"Thornton, Tyquan",1.769,1.8934343434343437,0.5281408375566817,-8.061242998132844,Total de réceptions Plus/Moins(Incl. Prolongations),4568348734,id1400003171515862
PHI Eagles vs. LA Rams,Jalen Hurts,playertotals-interceptions,Under,0.5,Jalen Hurts (PHI) moins de 0.5,1.7693,"Hurts, Jalen",1.813,1.9245283018867922,0.5196078431372549,-8.065784313725477,Passes du joueur interceptées Plus/Moins (Incl. Prolongations),4577392012,id1400003171515856
BAL Ravens vs. TEN Titans,Mark Andrews,playertotals-receptions,Over,3.5,Mark Andrews (BAL) Plus de 3.5,1.6061,"Andrews, Mark",1.632,1.7486238532110088,0.571878279118573,-8.150629590765979,Total de réceptions Plus/Moins(Incl. Prolongations),4567020583,id1400003171515844
CHI Bears vs. NY Jets,Colston Loveland,playertotals-receptions,Over,3.5,Colston Loveland (CHI) Plus de 3.5,1.9091,"Loveland, Colston",1.943,2.0794444444444444,0.48089767566123426,-8.191824739513764,Total de réceptions Plus/Moins(Incl. Prolongations),4570870315,id1400003171515848
SF 49ers vs. DEN Broncos,Christian McCaffrey,playertotals-receptions,Over,4.5,Christian McCaffrey (SF) Plus de 4.5,1.6667,"McCaffrey, Christian",1.699,1.8168269230769232,0.5504101614183646,-8.26313839640116,Total de réceptions Plus/Moins(Incl. Prolongations),4574291145,id1400003171531176
BAL Ravens vs. TEN Titans,Tyjae Spears,playertotals-rushyards,Over,15.5,Tyjae Spears (TEN) Plus de 15.5,1.8334,"Spears, Tyjae",1.877,2.0,0.5,-8.330000000000004,Total de yards à la course du joueur Plus/Moins (Incl. Prolongations),4569584901,id1400003171515844
BAL Ravens vs. TEN Titans,Lamar Jackson,playertotals-rushyards,Under,31.5,Lamar Jackson (BAL) moins de 31.5,1.8334,"Jackson, Lamar",1.877,2.0,0.5,-8.330000000000004,Total de yards à la course du joueur Plus/Moins (Incl. Prolongations),4569609239,id1400003171515844
BAL Ravens vs. TEN Titans,Zay Flowers,playertotals-receivingyards,Under,68.5,Zay Flowers (BAL) moins de 68.5,1.8334,"Flowers, Zay",1.869,2.0,0.5,-8.330000000000004,Total des yards après réception du joueur Plus/Moins(Incl. Prolongations),4578269757,id1400003171515844
SEA Seahawks vs. LA Chargers,Rashid Shaheed,playertotals-receivingyards,Over,21.5,Rashid Shaheed (SEA) Plus de 21.5,1.8334,"Shaheed, Rashid",1.877,2.0,0.5,-8.330000000000004,Total des yards après réception du joueur Plus/Moins(Incl. Prolongations),4570888367,id1400003171515864
WAS Commanders vs. IND Colts,Jacory Merritt,playertotals-rushyards,Under,60.5,Jacory Merritt (WAS) moins de 60.5,1.8334,"Merritt, Jacory",1.869,2.0,0.5,-8.330000000000004,Total de yards à la course du joueur Plus/Moins (Incl. Prolongations),4577563123,id1400003171488622
NO Saints vs. ATL Falcons,Jahan Dotson,playertotals-receivingyards,Under,17.5,Jahan Dotson (ATL) moins de 17.5,1.8334,"Dotson, Jahan",1.877,2.0,0.5,-8.330000000000004,Total des yards après réception du joueur Plus/Moins(Incl. Prolongations),4583448891,id1400003171515870
SF 49ers vs. DEN Broncos,Evan Engram,playertotals-receivingyards,Over,17.5,Evan Engram (DEN) Plus de 17.5,1.8334,"Engram, Evan",1.877,2.0,0.5,-8.330000000000004,Total des yards après réception du joueur Plus/Moins(Incl. Prolongations),4568361350,id1400003171531176
SEA Seahawks vs. LA Chargers,AJ Barner,playertotals-receivingyards,Over,30.5,AJ Barner (SEA) Plus de 30.5,1.8334,"Barner, AJ",1.877,2.0,0.5,-8.330000000000004,Total des yards après réception du joueur Plus/Moins(Incl. Prolongations),4570979235,id1400003171515864
BAL Ravens vs. TEN Titans,Elic Ayomanor,playertotals-receivingyards,Under,20.5,Elic Ayomanor (TEN) moins de 20.5,1.8334,"Ayomanor, Elic",1.877,2.0,0.5,-8.330000000000004,Total des yards après réception du joueur Plus/Moins(Incl. Prolongations),4578331924,id1400003171515844
WAS Commanders vs. IND Colts,Terry McLaurin,playertotals-receivingyards,Under,50.5,Terry McLaurin (WAS) moins de 50.5,1.8334,"McLaurin, Terry",1.877,2.0,0.5,-8.330000000000004,Total des yards après réception du joueur Plus/Moins(Incl. Prolongations),4570933023,id1400003171488622
LV Raiders vs. KC Chiefs,Tre Tucker,playertotals-receivingyards,Over,38.5,Tre Tucker (LV) Plus de 38.5,1.8334,"Tucker, Tre",1.877,2.0,0.5,-8.330000000000004,Total des yards après réception du joueur Plus/Moins(Incl. Prolongations),4569155754,id1400003171515862
NY Giants vs. ARZ Cardinals,Michael Wilson,playertotals-receivingyards,Over,57.5,Michael Wilson (ARI) Plus de 57.5,1.8334,"Wilson, Michael",1.877,2.0,0.5,-8.330000000000004,Total des yards après réception du joueur Plus/Moins(Incl. Prolongations),4570116841,id1400003171515854
NY Giants vs. ARZ Cardinals,Cameron Skattebo,playertotals-receivingyards,Over,17.5,Cameron Skattebo (NYG) Plus de 17.5,1.8334,"Skattebo, Cameron",1.877,2.0,0.5,-8.330000000000004,Total des yards après réception du joueur Plus/Moins(Incl. Prolongations),4569917741,id1400003171515854
PHI Eagles vs. LA Rams,Zach Ertz,playertotals-receivingyards,Under,15.5,Zach Ertz (PHI) moins de 15.5,1.8334,"Ertz, Zach",1.877,2.0,0.5,-8.330000000000004,Total des yards après réception du joueur Plus/Moins(Incl. Prolongations),4577517513,id1400003171515856
BAL Ravens vs. TEN Titans,Zay Flowers,playertotals-receptions,Under,5.5,Zay Flowers (BAL) moins de 5.5,1.5715,"Flowers, Zay",1.602,1.7151785714285714,0.5830296720458095,-8.376887038001046,Total de réceptions Plus/Moins(Incl. Prolongations),4577640958,id1400003171515844
CHI Bears vs. NY Jets,Kalif Raymond,playertotals-receptions,Under,3.5,Kalif Raymond (CHI) moins de 3.5,1.625,"Raymond, Kalif",1.657,1.7742990654205606,0.5636028443508033,-8.414537792994459,Total de réceptions Plus/Moins(Incl. Prolongations),4570868878,id1400003171515848
HOU Texans vs. DAL Cowboys,C.j Stroud,playertotals-interceptions,Under,0.5,C.j Stroud (HOU) moins de 0.5,1.7693,"Stroud, C.J.",1.819,1.9318647540983604,0.5176345796870857,-8.41491381596392,Passes du joueur interceptées Plus/Moins (Incl. Prolongations),4577383123,id1400003171515852
CIN Bengals vs. JAX Jaguars,Chase Brown,playertotals-rushattempts,Over,16.5,Chase Brown (CIN) Plus de 16.5,1.8696,"Brown, Chase",1.909,2.0414620840152757,0.48984500267236764,-8.418578300374147,Joueur tentative de gain par la course (prolongations incluses),4571002912,id1400003171515850
TB Buccaneers vs. GB Packers,Jordan Love,playertotals-tdpasses,Under,1.5,Jordan Love (GB) moins de 1.5,1.6897,"Love, Jordan",1.724,1.8450980392156864,0.5419766206163655,-8.422210414452714,Total de Touchdowns à la passe du joueur (Incl. Prolongations),4566962105,id1400003171515858
HOU Texans vs. DAL Cowboys,David Montgomery,playertotals-receptions,Over,1.5,David Montgomery (HOU) Plus de 1.5,1.6897,"Montgomery, David",1.724,1.8450980392156864,0.5419766206163655,-8.422210414452714,Total de réceptions Plus/Moins(Incl. Prolongations),4568337885,id1400003171515852
CHI Bears vs. NY Jets,Geno Smith,playertotals-interceptions,Over,0.5,Geno Smith (NYJ) Plus de 0.5,1.6667,"Smith, Geno",1.699,1.8207729468599032,0.5492172990183073,-8.46195277261872,Passes du joueur interceptées Plus/Moins (Incl. Prolongations),4578793030,id1400003171515848
NY Giants vs. ARZ Cardinals,Darnell Mooney,playertotals-receptions,Over,1.5,Darnell Mooney (NYG) Plus de 1.5,1.6061,"Mooney, Darnell",1.641,1.7562211981566824,0.5694043558121227,-8.547966413014974,Total de réceptions Plus/Moins(Incl. Prolongations),4566942213,id1400003171515854
PHI Eagles vs. LA Rams,Jalen Hurts,playertotals-tdpasses,Under,0.5,Jalen Hurts (PHI) moins de 0.5,2.75,"Hurts, Jalen",2.81,3.007142857142857,0.332541567695962,-8.551068883610458,Total de Touchdowns à la passe du joueur (Incl. Prolongations),4583526401,id1400003171515856
CHI Bears vs. NY Jets,Tyson Bagent,playertotals-tdpasses,Over,1.5,Tyson Bagent (CHI) Plus de 1.5,2.25,"Bagent, Tyson",2.3,2.4612452350698852,0.40629839958699027,-8.582860092927191,Total de Touchdowns à la passe du joueur (Incl. Prolongations),4574095381,id1400003171515848
BAL Ravens vs. TEN Titans,Cameron Ward,playertotals-interceptions,Under,0.5,Cameron Ward (TEN) moins de 0.5,1.8696,"Ward, Cameron",1.909,2.0454545454545454,0.4888888888888889,-8.597333333333335,Passes du joueur interceptées Plus/Moins (Incl. Prolongations),4578652343,id1400003171515844
LV Raiders vs. KC Chiefs,Kirk Cousins,playertotals-passcompletions,Over,21.5,Kirk Cousins (LV) Plus de 21.5,1.7693,"Cousins, Kirk",1.819,1.9361811631497683,0.5164805954279639,-8.619088250930352,"Passes complétées, Joueur (prolongations incluses) ",4567015434,id1400003171515862
HOU Texans vs. DAL Cowboys,Jake Ferguson,playertotals-receptions,Over,3.5,Jake Ferguson (DAL) Plus de 3.5,1.9524,"Ferguson, Jake",2.0,2.1383039271485487,0.46766036731434657,-8.693989885546982,Total de réceptions Plus/Moins(Incl. Prolongations),4568338160,id1400003171515852
PHI Eagles vs. LA Rams,Jalen Hurts,playertotals-passcompletions,Under,17.5,Jalen Hurts (PHI) moins de 17.5,1.8334,"Hurts, Jalen",1.877,2.0080558539205158,0.49799411607381644,-8.697758759026497,"Passes complétées, Joueur (prolongations incluses) ",4583527662,id1400003171515856
TB Buccaneers vs. GB Packers,Tucker Kraft,playertotals-receptions,Under,3.5,Tucker Kraft (GB) moins de 3.5,2.05,"Kraft, Tucker",2.1,2.2470308788598574,0.445031712473573,-8.768498942917546,Total de réceptions Plus/Moins(Incl. Prolongations),4566962894,id1400003171515858
CHI Bears vs. NY Jets,D'Andre Swift,playertotals-rushattempts,Under,15.5,D'Andre Swift (CHI) moins de 15.5,1.7408,"Swift, D'Andre",1.781,1.908210096889342,0.5240513094601817,-8.773148049171564,Joueur tentative de gain par la course (prolongations incluses),4570869282,id1400003171515848
SF 49ers vs. DEN Broncos,Bo Nix,playertotals-interceptions,Over,0.5,Bo Nix (DEN) Plus de 0.5,1.625,"Nix, Bo",1.666,1.7821596244131455,0.5611169652265543,-8.818493150684926,Passes du joueur interceptées Plus/Moins (Incl. Prolongations),4577445757,id1400003171531176
SF 49ers vs. DEN Broncos,Bo Nix,playertotals-tdpasses,Under,1.5,Bo Nix (DEN) moins de 1.5,1.625,"Nix, Bo",1.675,1.7827102803738317,0.5609436435124509,-8.846657929226742,Total de Touchdowns à la passe du joueur (Incl. Prolongations),4568362557,id1400003171531176
SEA Seahawks vs. LA Chargers,Sam Darnold,playertotals-interceptions,Under,0.5,Sam Darnold (SEA) moins de 0.5,1.6061,"Darnold, Sam",1.662,1.7623853211009173,0.5674128058302967,-8.867829255596039,Passes du joueur interceptées Plus/Moins (Incl. Prolongations),4577425842,id1400003171515864
HOU Texans vs. DAL Cowboys,Xavier Hutchinson,playertotals-receptions,Over,2.5,Xavier Hutchinson (HOU) Plus de 2.5,1.7693,"Hutchinson, Xavier",1.813,1.9418181818181817,0.5149812734082397,-8.884363295880139,Total de réceptions Plus/Moins(Incl. Prolongations),4568339054,id1400003171515852
WAS Commanders vs. IND Colts,Keenan Allen,playertotals-receptions,Over,3.5,Keenan Allen (IND) Plus de 3.5,1.6667,"Allen, Keenan",1.709,1.8296116504854372,0.546564075351552,-8.904165561156818,Total de réceptions Plus/Moins(Incl. Prolongations),4568342853,id1400003171488622
CAR Panthers vs. DET Lions,Chuba Hubbard,playertotals-rushyards,Under,66.5,Chuba Hubbard (CAR) moins de 66.5,1.8,"Hubbard, Chuba",1.847,1.976215644820296,0.5060176517785504,-8.916822679860925,Total de yards à la course du joueur Plus/Moins (Incl. Prolongations),4569924105,id1400003171515868
CIN Bengals vs. JAX Jaguars,Brenton Strange,playertotals-receptions,Under,3.5,Brenton Strange (JAX) moins de 3.5,1.6667,"Strange, Brenton",1.714,1.8320388349514563,0.5458399576046635,-9.024854266030724,Total de réceptions Plus/Moins(Incl. Prolongations),4566527424,id1400003171515850
CIN Bengals vs. JAX Jaguars,Jakobi Meyers,playertotals-receptions,Over,3.5,Jakobi Meyers (JAX) Plus de 3.5,1.6667,"Meyers, Jakobi",1.714,1.8320388349514563,0.5458399576046635,-9.024854266030724,Total de réceptions Plus/Moins(Incl. Prolongations),4568872304,id1400003171515850
PHI Eagles vs. LA Rams,Jalen Hurts,playertotals-rushattempts,Under,6.5,Jalen Hurts (PHI) moins de 6.5,1.6667,"Hurts, Jalen",1.714,1.8320388349514563,0.5458399576046635,-9.024854266030724,Joueur tentative de gain par la course (prolongations incluses),4571279238,id1400003171515856
CHI Bears vs. NY Jets,Garrett Wilson,playertotals-receptions,Under,6.5,Garrett Wilson (NYJ) moins de 6.5,1.7693,"Wilson, Garrett",1.819,1.9449350649350647,0.514155982905983,-9.030381944444432,Total de réceptions Plus/Moins(Incl. Prolongations),4579819341,id1400003171515848
CHI Bears vs. NY Jets,Isaiah Williams,playertotals-receivingyards,Over,22.5,Isaiah Williams (NYJ) Plus de 22.5,1.7693,"Williams, Isaiah",1.819,1.9449350649350647,0.514155982905983,-9.030381944444432,Total des yards après réception du joueur Plus/Moins(Incl. Prolongations),4582679812,id1400003171515848
CAR Panthers vs. DET Lions,Sam LaPorta,playertotals-receptions,Under,4.5,Sam LaPorta (DET) moins de 4.5,1.7693,"LaPorta, Sam",1.819,1.9449350649350647,0.514155982905983,-9.030381944444432,Total de réceptions Plus/Moins(Incl. Prolongations),4566584002,id1400003171515868
CIN Bengals vs. JAX Jaguars,Samaje Perine,playertotals-receptions,Over,1.5,Samaje Perine (CIN) Plus de 1.5,1.7693,"Perine, Samaje",1.819,1.9449350649350647,0.514155982905983,-9.030381944444432,Total de réceptions Plus/Moins(Incl. Prolongations),4566527008,id1400003171515850
TB Buccaneers vs. GB Packers,Bucky Irving,playertotals-rushattempts,Over,13.5,Bucky Irving (TB) Plus de 13.5,1.7693,"Irving, Bucky",1.819,1.9449350649350647,0.514155982905983,-9.030381944444432,Joueur tentative de gain par la course (prolongations incluses),4566963445,id1400003171515858
CIN Bengals vs. JAX Jaguars,Joe Burrow,playertotals-passattempts,Under,36.5,Joe Burrow (CIN) moins de 36.5,1.7693,"Burrow, Joe",1.819,1.9449350649350647,0.514155982905983,-9.030381944444432,Tentatives de passes du joueur Plus/Moins (Incl. Prolongations),4570997794,id1400003171515850
BAL Ravens vs. TEN Titans,Wan'dale Robinson,playertotals-receptions,Over,3.5,Wan'dale Robinson (TEN) Plus de 3.5,1.5715,"Robinson, Wan'dale",1.617,1.7283783783783782,0.5785770132916341,-9.0766223612197,Total de réceptions Plus/Moins(Incl. Prolongations),4567021403,id1400003171515844
CAR Panthers vs. DET Lions,Bryce Young,playertotals-passcompletions,Under,21.5,Bryce Young (CAR) moins de 21.5,1.6897,"Young, Bryce",1.735,1.8589108910891086,0.5379494007989348,-9.102689747003978,"Passes complétées, Joueur (prolongations incluses) ",4571082955,id1400003171515868
CHI Bears vs. NY Jets,D'Andre Swift,playertotals-rushattempts,Over,15.5,D'Andre Swift (CHI) Plus de 15.5,1.9091,"Swift, D'Andre",1.961,2.1010668163952833,0.4759486905398183,-9.136635489043288,Joueur tentative de gain par la course (prolongations incluses),4570869281,id1400003171515848
SEA Seahawks vs. LA Chargers,Sam Darnold,playertotals-interceptions,Over,0.5,Sam Darnold (SEA) Plus de 0.5,2.1,"Darnold, Sam",2.18,2.311672683513839,0.43258719416970326,-9.156689224362314,Passes du joueur interceptées Plus/Moins (Incl. Prolongations),4577425841,id1400003171515864
CHI Bears vs. NY Jets,Isaiah Williams,playertotals-receivingyards,Under,22.5,Isaiah Williams (NYJ) moins de 22.5,1.8696,"Williams, Isaiah",1.925,2.05827377680044,0.48584401709401703,-9.166602564102577,Total des yards après réception du joueur Plus/Moins(Incl. Prolongations),4582679813,id1400003171515848
CHI Bears vs. NY Jets,Garrett Wilson,playertotals-receptions,Over,6.5,Garrett Wilson (NYJ) Plus de 6.5,1.8696,"Wilson, Garrett",1.925,2.05827377680044,0.48584401709401703,-9.166602564102577,Total de réceptions Plus/Moins(Incl. Prolongations),4579819340,id1400003171515848
TB Buccaneers vs. GB Packers,Bucky Irving,playertotals-rushattempts,Under,13.5,Bucky Irving (TB) moins de 13.5,1.8696,"Irving, Bucky",1.925,2.05827377680044,0.48584401709401703,-9.166602564102577,Joueur tentative de gain par la course (prolongations incluses),4566963446,id1400003171515858
CAR Panthers vs. DET Lions,Sam LaPorta,playertotals-receptions,Over,4.5,Sam LaPorta (DET) Plus de 4.5,1.8696,"LaPorta, Sam",1.925,2.05827377680044,0.48584401709401703,-9.166602564102577,Total de réceptions Plus/Moins(Incl. Prolongations),4566584001,id1400003171515868
CIN Bengals vs. JAX Jaguars,Samaje Perine,playertotals-receptions,Under,1.5,Samaje Perine (CIN) moins de 1.5,1.8696,"Perine, Samaje",1.925,2.05827377680044,0.48584401709401703,-9.166602564102577,Total de réceptions Plus/Moins(Incl. Prolongations),4566527009,id1400003171515850
CIN Bengals vs. JAX Jaguars,Joe Burrow,playertotals-passattempts,Over,36.5,Joe Burrow (CIN) Plus de 36.5,1.8696,"Burrow, Joe",1.925,2.05827377680044,0.48584401709401703,-9.166602564102577,Tentatives de passes du joueur Plus/Moins (Incl. Prolongations),4570997793,id1400003171515850
CIN Bengals vs. JAX Jaguars,Brenton Strange,playertotals-receptions,Over,3.5,Brenton Strange (JAX) Plus de 3.5,2.0,"Strange, Brenton",2.06,2.201866977829638,0.4541600423953365,-9.167991520932695,Total de réceptions Plus/Moins(Incl. Prolongations),4566527423,id1400003171515850
CIN Bengals vs. JAX Jaguars,Jakobi Meyers,playertotals-receptions,Under,3.5,Jakobi Meyers (JAX) moins de 3.5,2.0,"Meyers, Jakobi",2.06,2.201866977829638,0.4541600423953365,-9.167991520932695,Total de réceptions Plus/Moins(Incl. Prolongations),4568872305,id1400003171515850
PHI Eagles vs. LA Rams,Jalen Hurts,playertotals-rushattempts,Over,6.5,Jalen Hurts (PHI) Plus de 6.5,2.0,"Hurts, Jalen",2.06,2.201866977829638,0.4541600423953365,-9.167991520932695,Joueur tentative de gain par la course (prolongations incluses),4571279237,id1400003171515856
CAR Panthers vs. DET Lions,Tetairoa McMillan,playertotals-receptions,Over,4.5,Tetairoa McMillan (CAR) Plus de 4.5,1.625,"McMillan, Tetairoa",1.675,1.7900943396226412,0.5586297760210804,-9.222661396574427,Total de réceptions Plus/Moins(Incl. Prolongations),4569920226,id1400003171515868
PHI Eagles vs. LA Rams,Kyren Williams,playertotals-receptions,Under,2.5,Kyren Williams (LAR) moins de 2.5,1.625,"Williams, Kyren",1.675,1.7900943396226412,0.5586297760210804,-9.222661396574427,Total de réceptions Plus/Moins(Incl. Prolongations),4577580118,id1400003171515856
CIN Bengals vs. JAX Jaguars,Trevor Lawrence,playertotals-interceptions,Under,0.5,Trevor Lawrence (JAX) moins de 0.5,1.9524,"Lawrence, Trevor",2.01,2.1512027491408934,0.46485623003194887,-9.241469648562306,Passes du joueur interceptées Plus/Moins (Incl. Prolongations),4582101582,id1400003171515850
WAS Commanders vs. IND Colts,Keenan Allen,playertotals-receptions,Under,3.5,Keenan Allen (IND) moins de 3.5,2.0,"Allen, Keenan",2.06,2.205383265067291,0.45343592464844784,-9.312815070310432,Total de réceptions Plus/Moins(Incl. Prolongations),4568342854,id1400003171488622
HOU Texans vs. DAL Cowboys,Xavier Hutchinson,playertotals-receptions,Under,2.5,Xavier Hutchinson (HOU) moins de 2.5,1.8696,"Hutchinson, Xavier",1.925,2.061776061776062,0.48501872659176026,-9.320898876404504,Total de réceptions Plus/Moins(Incl. Prolongations),4568339055,id1400003171515852
CHI Bears vs. NY Jets,Tyson Bagent,playertotals-tdpasses,Under,1.5,Tyson Bagent (CHI) moins de 1.5,1.5264,"Bagent, Tyson",1.574,1.6843478260869562,0.5937016004130099,-9.377387712958175,Total de Touchdowns à la passe du joueur (Incl. Prolongations),4574095382,id1400003171515848
BAL Ravens vs. TEN Titans,Wan'dale Robinson,playertotals-receptions,Under,3.5,Wan'dale Robinson (TEN) moins de 3.5,2.15,"Robinson, Wan'dale",2.22,2.3729128014842304,0.42142298670836587,-9.394057857701343,Total de réceptions Plus/Moins(Incl. Prolongations),4567021404,id1400003171515844
PHI Eagles vs. LA Rams,Jalen Hurts,playertotals-tdpasses,Over,0.5,Jalen Hurts (PHI) Plus de 0.5,1.3572,"Hurts, Jalen",1.4,1.498220640569395,0.667458432304038,-9.412541567695964,Total de Touchdowns à la passe du joueur (Incl. Prolongations),4583526400,id1400003171515856
CAR Panthers vs. DET Lions,Chuba Hubbard,playertotals-rushyards,Over,66.5,Chuba Hubbard (CAR) Plus de 66.5,1.8334,"Hubbard, Chuba",1.892,2.024363833243097,0.49398234822144954,-9.43327627707945,Total de yards à la course du joueur Plus/Moins (Incl. Prolongations),4569924104,id1400003171515868
SEA Seahawks vs. LA Chargers,Justin Herbert,playertotals-tdpasses,Over,0.5,Justin Herbert (LAC) Plus de 0.5,1.3637,"Herbert, Justin",1.408,1.506474820143885,0.6638013371537727,-9.47741165234003,Total de Touchdowns à la passe du joueur (Incl. Prolongations),4570951391,id1400003171515864
PHI Eagles vs. LA Rams,Kyren Williams,playertotals-receptions,Over,2.5,Kyren Williams (LAR) Plus de 2.5,2.05,"Williams, Kyren",2.12,2.2656716417910445,0.4413702239789197,-9.519104084321473,Total de réceptions Plus/Moins(Incl. Prolongations),4577580117,id1400003171515856
CAR Panthers vs. DET Lions,Tetairoa McMillan,playertotals-receptions,Under,4.5,Tetairoa McMillan (CAR) moins de 4.5,2.05,"McMillan, Tetairoa",2.12,2.2656716417910445,0.4413702239789197,-9.519104084321473,Total de réceptions Plus/Moins(Incl. Prolongations),4569920227,id1400003171515868
BAL Ravens vs. TEN Titans,Cameron Ward,playertotals-interceptions,Over,0.5,Cameron Ward (TEN) Plus de 0.5,1.7693,"Ward, Cameron",1.826,1.9565217391304346,0.5111111111111112,-9.569111111111095,Passes du joueur interceptées Plus/Moins (Incl. Prolongations),4578652342,id1400003171515844
NY Giants vs. ARZ Cardinals,Darnell Mooney,playertotals-receptions,Under,1.5,Darnell Mooney (NYG) moins de 1.5,2.1,"Mooney, Darnell",2.17,2.322364411943937,0.43059564418787716,-9.574914720545792,Total de réceptions Plus/Moins(Incl. Prolongations),4566942214,id1400003171515854
CIN Bengals vs. JAX Jaguars,Trevor Lawrence,playertotals-interceptions,Over,0.5,Trevor Lawrence (JAX) Plus de 0.5,1.6897,"Lawrence, Trevor",1.746,1.8686567164179109,0.535143769968051,-9.57675718849842,Passes du joueur interceptées Plus/Moins (Incl. Prolongations),4582101581,id1400003171515850
LV Raiders vs. KC Chiefs,Kirk Cousins,playertotals-passcompletions,Under,21.5,Kirk Cousins (LV) moins de 21.5,1.8696,"Cousins, Kirk",1.943,2.068169323804288,0.4835194045720362,-9.601212121212122,"Passes complétées, Joueur (prolongations incluses) ",4567015435,id1400003171515862
CHI Bears vs. NY Jets,Colston Loveland,playertotals-receptions,Under,3.5,Colston Loveland (CHI) moins de 3.5,1.7408,"Loveland, Colston",1.8,1.9264024704065879,0.5191023243387657,-9.634667379107675,Total de réceptions Plus/Moins(Incl. Prolongations),4570870316,id1400003171515848
PHI Eagles vs. LA Rams,Jalen Hurts,playertotals-passcompletions,Over,17.5,Jalen Hurts (PHI) Plus de 17.5,1.8,"Hurts, Jalen",1.862,1.9920085242408097,0.5020058839261835,-9.638940893286962,"Passes complétées, Joueur (prolongations incluses) ",4583527661,id1400003171515856
CIN Bengals vs. JAX Jaguars,Chase Brown,playertotals-rushattempts,Under,16.5,Chase Brown (CIN) moins de 16.5,1.7693,"Brown, Chase",1.833,1.960188580408591,0.5101549973276323,-9.738276322822026,Joueur tentative de gain par la course (prolongations incluses),4571002913,id1400003171515850
CAR Panthers vs. DET Lions,Bryce Young,playertotals-passcompletions,Over,21.5,Bryce Young (CAR) Plus de 21.5,1.9524,"Young, Bryce",2.02,2.164265129682997,0.4620505992010653,-9.789241011984018,"Passes complétées, Joueur (prolongations incluses) ",4571082954,id1400003171515868
HOU Texans vs. DAL Cowboys,C.j Stroud,playertotals-interceptions,Over,0.5,C.j Stroud (HOU) Plus de 0.5,1.8696,"Stroud, C.J.",1.952,2.0731170973062123,0.48236542031291435,-9.816961018297532,Passes du joueur interceptées Plus/Moins (Incl. Prolongations),4577383124,id1400003171515852
TB Buccaneers vs. GB Packers,Tucker Kraft,playertotals-receptions,Over,3.5,Tucker Kraft (GB) Plus de 3.5,1.625,"Kraft, Tucker",1.684,1.8019047619047617,0.5549682875264271,-9.817653276955596,Total de réceptions Plus/Moins(Incl. Prolongations),4566962893,id1400003171515858
CHI Bears vs. NY Jets,Geno Smith,playertotals-interceptions,Under,0.5,Geno Smith (NYJ) moins de 0.5,2.0,"Smith, Geno",2.07,2.2183637433784575,0.4507827009816928,-9.843459803661435,Passes du joueur interceptées Plus/Moins (Incl. Prolongations),4578793029,id1400003171515848
CAR Panthers vs. DET Lions,Jalen Coker,playertotals-receptions,Over,4.5,Jalen Coker (CAR) Plus de 4.5,1.9091,"Coker, Jalen",1.98,2.1192764273600906,0.47185916244331816,-9.917367297946134,Total de réceptions Plus/Moins(Incl. Prolongations),4566584330,id1400003171515868
LV Raiders vs. KC Chiefs,Tyquan Thornton,playertotals-receptions,Over,1.5,Tyquan Thornton (KC) Plus de 1.5,1.9091,"Thornton, Tyquan",1.98,2.1192764273600906,0.47185916244331816,-9.917367297946134,Total de réceptions Plus/Moins(Incl. Prolongations),4568348733,id1400003171515862
CHI Bears vs. NY Jets,Tyson Bagent,playertotals-passcompletions,Under,19.5,Tyson Bagent (CHI) moins de 19.5,1.7408,"Bagent, Tyson",1.806,1.9338159255429164,0.5171122994652406,-9.981090909090916,"Passes complétées, Joueur (prolongations incluses) ",4574095386,id1400003171515848
SF 49ers vs. DEN Broncos,Kyle Juszczyk,playertotals-receptions,Under,1.5,Kyle Juszczyk (SF) moins de 1.5,1.4445,"Juszczyk, Kyle",1.5,1.6048387096774193,0.6231155778894473,-9.990954773869355,Total de réceptions Plus/Moins(Incl. Prolongations),4569276601,id1400003171531176
SF 49ers vs. DEN Broncos,Bo Nix,playertotals-tdpasses,Over,1.5,Bo Nix (DEN) Plus de 1.5,2.05,"Nix, Bo",2.14,2.2776119402985073,0.43905635648754915,-9.99344692005243,Total de Touchdowns à la passe du joueur (Incl. Prolongations),4568362556,id1400003171531176
PHI Eagles vs. LA Rams,Zach Ertz,playertotals-receivingyards,Over,15.5,Zach Ertz (PHI) Plus de 15.5,1.8,"Ertz, Zach",1.877,2.0,0.5,-9.999999999999998,Total des yards après réception du joueur Plus/Moins(Incl. Prolongations),4577517512,id1400003171515856
WAS Commanders vs. IND Colts,Jacory Merritt,playertotals-rushyards,Over,60.5,Jacory Merritt (WAS) Plus de 60.5,1.8,"Merritt, Jacory",1.869,2.0,0.5,-9.999999999999998,Total de yards à la course du joueur Plus/Moins (Incl. Prolongations),4577563122,id1400003171488622
WAS Commanders vs. IND Colts,Terry McLaurin,playertotals-receivingyards,Over,50.5,Terry McLaurin (WAS) Plus de 50.5,1.8,"McLaurin, Terry",1.877,2.0,0.5,-9.999999999999998,Total des yards après réception du joueur Plus/Moins(Incl. Prolongations),4570933022,id1400003171488622
SF 49ers vs. DEN Broncos,Evan Engram,playertotals-receivingyards,Under,17.5,Evan Engram (DEN) moins de 17.5,1.8,"Engram, Evan",1.877,2.0,0.5,-9.999999999999998,Total des yards après réception du joueur Plus/Moins(Incl. Prolongations),4568361351,id1400003171531176
NY Giants vs. ARZ Cardinals,Michael Wilson,playertotals-receivingyards,Under,57.5,Michael Wilson (ARI) moins de 57.5,1.8,"Wilson, Michael",1.877,2.0,0.5,-9.999999999999998,Total des yards après réception du joueur Plus/Moins(Incl. Prolongations),4570116842,id1400003171515854
BAL Ravens vs. TEN Titans,Tyjae Spears,playertotals-rushyards,Under,15.5,Tyjae Spears (TEN) moins de 15.5,1.8,"Spears, Tyjae",1.877,2.0,0.5,-9.999999999999998,Total de yards à la course du joueur Plus/Moins (Incl. Prolongations),4569584902,id1400003171515844
BAL Ravens vs. TEN Titans,Zay Flowers,playertotals-receivingyards,Over,68.5,Zay Flowers (BAL) Plus de 68.5,1.8,"Flowers, Zay",1.869,2.0,0.5,-9.999999999999998,Total des yards après réception du joueur Plus/Moins(Incl. Prolongations),4578269756,id1400003171515844
BAL Ravens vs. TEN Titans,Lamar Jackson,playertotals-rushyards,Over,31.5,Lamar Jackson (BAL) Plus de 31.5,1.8,"Jackson, Lamar",1.877,2.0,0.5,-9.999999999999998,Total de yards à la course du joueur Plus/Moins (Incl. Prolongations),4569609238,id1400003171515844
SEA Seahawks vs. LA Chargers,Rashid Shaheed,playertotals-receivingyards,Under,21.5,Rashid Shaheed (SEA) moins de 21.5,1.8,"Shaheed, Rashid",1.877,2.0,0.5,-9.999999999999998,Total des yards après réception du joueur Plus/Moins(Incl. Prolongations),4570888368,id1400003171515864
NO Saints vs. ATL Falcons,Jahan Dotson,playertotals-receivingyards,Over,17.5,Jahan Dotson (ATL) Plus de 17.5,1.8,"Dotson, Jahan",1.877,2.0,0.5,-9.999999999999998,Total des yards après réception du joueur Plus/Moins(Incl. Prolongations),4583448890,id1400003171515870
LV Raiders vs. KC Chiefs,Tre Tucker,playertotals-receivingyards,Under,38.5,Tre Tucker (LV) moins de 38.5,1.8,"Tucker, Tre",1.877,2.0,0.5,-9.999999999999998,Total des yards après réception du joueur Plus/Moins(Incl. Prolongations),4569155755,id1400003171515862
SEA Seahawks vs. LA Chargers,AJ Barner,playertotals-receivingyards,Under,30.5,AJ Barner (SEA) moins de 30.5,1.8,"Barner, AJ",1.877,2.0,0.5,-9.999999999999998,Total des yards après réception du joueur Plus/Moins(Incl. Prolongations),4570979236,id1400003171515864
BAL Ravens vs. TEN Titans,Elic Ayomanor,playertotals-receivingyards,Over,20.5,Elic Ayomanor (TEN) Plus de 20.5,1.8,"Ayomanor, Elic",1.877,2.0,0.5,-9.999999999999998,Total des yards après réception du joueur Plus/Moins(Incl. Prolongations),4578331923,id1400003171515844
NY Giants vs. ARZ Cardinals,Cameron Skattebo,playertotals-receivingyards,Under,17.5,Cameron Skattebo (NYG) moins de 17.5,1.8,"Skattebo, Cameron",1.877,2.0,0.5,-9.999999999999998,Total des yards après réception du joueur Plus/Moins(Incl. Prolongations),4569917742,id1400003171515854
SF 49ers vs. DEN Broncos,Bo Nix,playertotals-interceptions,Under,0.5,Bo Nix (DEN) moins de 0.5,2.05,"Nix, Bo",2.13,2.278511404561825,0.4388830347734457,-10.028977871443633,Passes du joueur interceptées Plus/Moins (Incl. Prolongations),4577445854,id1400003171531176
HOU Texans vs. DAL Cowboys,Jake Ferguson,playertotals-receptions,Under,3.5,Jake Ferguson (DAL) moins de 3.5,1.6897,"Ferguson, Jake",1.757,1.8785,0.5323396326856534,-10.05057226510514,Total de réceptions Plus/Moins(Incl. Prolongations),4568338161,id1400003171515852
SF 49ers vs. DEN Broncos,Christian McCaffrey,playertotals-receptions,Under,4.5,Christian McCaffrey (SF) moins de 4.5,2.0,"McCaffrey, Christian",2.08,2.2242495585638613,0.4495898385816353,-10.082032283672937,Total de réceptions Plus/Moins(Incl. Prolongations),4574291146,id1400003171531176
BAL Ravens vs. TEN Titans,Mark Andrews,playertotals-receptions,Under,3.5,Mark Andrews (BAL) moins de 3.5,2.1,"Andrews, Mark",2.18,2.3357843137254903,0.4281217208814271,-10.094438614900314,Total de réceptions Plus/Moins(Incl. Prolongations),4567020584,id1400003171515844
CHI Bears vs. NY Jets,Braelon Allen,playertotals-receptions,Over,1.5,Braelon Allen (NYJ) Plus de 1.5,1.5715,"Allen, Braelon",1.632,1.7486238532110088,0.571878279118573,-10.12932843651625,Total de réceptions Plus/Moins(Incl. Prolongations),4580203452,id1400003171515848
BUF Bills vs. NE Patriots,Khalil Shakir,playertotals-receptions,Over,3.5,Khalil Shakir (BUF) Plus de 3.5,1.6061,"Shakir, Khalil",1.671,1.7882075471698113,0.5592192033764178,-10.183803745713526,Total de réceptions Plus/Moins(Incl. Prolongations),4566525361,id1400003171515846
PHI Eagles vs. LA Rams,Jalen Hurts,playertotals-interceptions,Over,0.5,Jalen Hurts (PHI) Plus de 0.5,1.8696,"Hurts, Jalen",1.961,2.0816326530612246,0.4803921568627451,-10.185882352941178,Passes du joueur interceptées Plus/Moins (Incl. Prolongations),4577392013,id1400003171515856
SF 49ers vs. DEN Broncos,Brock Purdy,playertotals-interceptions,Under,0.5,Brock Purdy (SF) moins de 0.5,1.7693,"Purdy, Brock",1.84,1.9725158562367866,0.5069667738478028,-10.302368703108256,Passes du joueur interceptées Plus/Moins (Incl. Prolongations),4577446036,id1400003171531176
CIN Bengals vs. JAX Jaguars,Joe Burrow,playertotals-tdpasses,Over,1.5,Joe Burrow (CIN) Plus de 1.5,1.4762,"Burrow, Joe",1.537,1.645798319327731,0.6076078631605821,-10.304927240234873,Total de Touchdowns à la passe du joueur (Incl. Prolongations),4566527209,id1400003171515850
HOU Texans vs. DAL Cowboys,Nico Collins,playertotals-receptions,Under,5.5,Nico Collins (HOU) moins de 5.5,1.6667,"Collins, Nico",1.735,1.8589108910891086,0.5379494007989348,-10.339973368841527,Total de réceptions Plus/Moins(Incl. Prolongations),4582262927,id1400003171515852
HOU Texans vs. DAL Cowboys,Ryan Flournoy,playertotals-receptions,Under,3.5,Ryan Flournoy (DAL) moins de 3.5,1.6667,"Flournoy, Ryan",1.735,1.8589108910891086,0.5379494007989348,-10.339973368841527,Total de réceptions Plus/Moins(Incl. Prolongations),4568339434,id1400003171515852
BUF Bills vs. NE Patriots,Demario Douglas,playertotals-receptions,Over,2.5,Demario Douglas (NE) Plus de 2.5,1.6667,"Douglas, Demario",1.735,1.8589108910891086,0.5379494007989348,-10.339973368841527,Total de réceptions Plus/Moins(Incl. Prolongations),4566525710,id1400003171515846
BAL Ravens vs. TEN Titans,Lamar Jackson,playertotals-tdpasses,Over,1.5,Lamar Jackson (BAL) Plus de 1.5,1.6667,"Jackson, Lamar",1.735,1.8589108910891086,0.5379494007989348,-10.339973368841527,Total de Touchdowns à la passe du joueur (Incl. Prolongations),4567020681,id1400003171515844
BAL Ravens vs. TEN Titans,Zay Flowers,playertotals-receptions,Over,5.5,Zay Flowers (BAL) Plus de 5.5,2.15,"Flowers, Zay",2.24,2.3982521847690386,0.41697032795419053,-10.351379489849045,Total de réceptions Plus/Moins(Incl. Prolongations),4577640957,id1400003171515844
HOU Texans vs. DAL Cowboys,C.J. Stroud,playertotals-passattempts,Under,32.5,C.J. Stroud (HOU) moins de 32.5,1.8,"Stroud, C.J.",1.877,2.0080558539205158,0.49799411607381644,-10.361059106713045,Tentatives de passes du joueur Plus/Moins (Incl. Prolongations),4569802733,id1400003171515852
CIN Bengals vs. JAX Jaguars,Brenton Strange,playertotals-receivingyards,Under,33.5,Brenton Strange (JAX) moins de 33.5,1.8,"Strange, Brenton",1.877,2.0080558539205158,0.49799411607381644,-10.361059106713045,Total des yards après réception du joueur Plus/Moins(Incl. Prolongations),4566527420,id1400003171515850
CIN Bengals vs. JAX Jaguars,Chase Brown,playertotals-receivingyards,Over,19.5,Chase Brown (CIN) Plus de 19.5,1.8,"Brown, Chase",1.877,2.0080558539205158,0.49799411607381644,-10.361059106713045,Total des yards après réception du joueur Plus/Moins(Incl. Prolongations),4569014215,id1400003171515850
WAS Commanders vs. IND Colts,Antonio Williams,playertotals-receivingyards,Over,17.5,Antonio Williams (WAS) Plus de 17.5,1.8,"Williams, Antonio",1.877,2.0080558539205158,0.49799411607381644,-10.361059106713045,Total des yards après réception du joueur Plus/Moins(Incl. Prolongations),4584487844,id1400003171488622
CAR Panthers vs. DET Lions,Jared Goff,playertotals-interceptions,Over,0.5,Jared Goff (DET) Plus de 0.5,2.1,"Goff, Jared",2.21,2.3434650455927053,0.4267185473411154,-10.389105058365756,Passes du joueur interceptées Plus/Moins (Incl. Prolongations),4577454821,id1400003171515868
BUF Bills vs. NE Patriots,TreVeyon Henderson,playertotals-receptions,Under,1.5,TreVeyon Henderson (NE) moins de 1.5,1.5264,"Henderson, TreVeyon",1.591,1.7039823008849557,0.5868605556998182,-10.421604777979754,Total de réceptions Plus/Moins(Incl. Prolongations),4569374340,id1400003171515846
WAS Commanders vs. IND Colts,Daniel Jones,playertotals-passattempts,Under,31.5,Daniel Jones (IND) moins de 31.5,1.7693,"Jones, Daniel",1.847,1.976215644820296,0.5060176517785504,-10.470296870821072,Tentatives de passes du joueur Plus/Moins (Incl. Prolongations),4569747094,id1400003171488622
SEA Seahawks vs. LA Chargers,Justin Herbert,playertotals-interceptions,Under,0.5,Justin Herbert (LAC) moins de 0.5,1.9091,"Herbert, Justin",2.01,2.132394366197183,0.46895640686922063,-10.471532364597092,Passes du joueur interceptées Plus/Moins (Incl. Prolongations),4577425388,id1400003171515864
MIN Vikings vs. MIA Dolphins,Malik Willis,playertotals-passcompletions,Under,15.5,Malik Willis (MIA) moins de 15.5,1.8696,"Willis, Malik",1.952,2.0886781929726714,0.47877169559412547,-10.488843791722303,"Passes complétées, Joueur (prolongations incluses) ",4574102481,id1400003171515860
CIN Bengals vs. JAX Jaguars,Brian Thomas,playertotals-receptions,Under,2.5,Brian Thomas (JAX) moins de 2.5,1.5556,"Thomas, Brian",1.625,1.7386363636363638,0.5751633986928104,-10.527581699346412,Total de réceptions Plus/Moins(Incl. Prolongations),4566528399,id1400003171515850
CHI Bears vs. NY Jets,Kalif Raymond,playertotals-receptions,Over,3.5,Kalif Raymond (CHI) Plus de 3.5,2.05,"Raymond, Kalif",2.14,2.291490645745323,0.43639715564919673,-10.538583091914678,Total de réceptions Plus/Moins(Incl. Prolongations),4570868877,id1400003171515848
NO Saints vs. ATL Falcons,Tyler Shough,playertotals-tdpasses,Over,1.5,Tyler Shough (NO) Plus de 1.5,1.625,"Shough, Tyler",1.699,1.8168269230769232,0.5504101614183646,-10.558348769515746,Total de Touchdowns à la passe du joueur (Incl. Prolongations),4567007208,id1400003171515870
TB Buccaneers vs. GB Packers,Jordan Love,playertotals-tdpasses,Over,1.5,Jordan Love (GB) Plus de 1.5,1.9524,"Love, Jordan",2.04,2.183294663573086,0.4580233793836344,-10.575515409139225,Total de Touchdowns à la passe du joueur (Incl. Prolongations),4566962104,id1400003171515858
HOU Texans vs. DAL Cowboys,David Montgomery,playertotals-receptions,Under,1.5,David Montgomery (HOU) moins de 1.5,1.9524,"Montgomery, David",2.04,2.183294663573086,0.4580233793836344,-10.575515409139225,Total de réceptions Plus/Moins(Incl. Prolongations),4568337886,id1400003171515852
PHI Eagles vs. LA Rams,Matthew Stafford,playertotals-interceptions,Over,0.5,Matthew Stafford (LAR) Plus de 0.5,1.8696,"Stafford, Matthew",1.97,2.090808416389812,0.4782838983050847,-10.58004237288136,Passes du joueur interceptées Plus/Moins (Incl. Prolongations),4577392010,id1400003171515856
LV Raiders vs. KC Chiefs,Kirk Cousins,playertotals-interceptions,Over,0.5,Kirk Cousins (LVR) Plus de 0.5,1.6061,"Cousins, Kirk",1.68,1.7962085308056872,0.5567282321899736,-10.583878627968335,Passes du joueur interceptées Plus/Moins (Incl. Prolongations),4582968113,id1400003171515862
TB Buccaneers vs. GB Packers,Skyy Moore,playertotals-receptions,Over,1.5,Skyy Moore (GB) Plus de 1.5,1.5715,"Moore, Skyy",1.645,1.7580645161290325,0.5688073394495412,-10.611926605504607,Total de réceptions Plus/Moins(Incl. Prolongations),4570234580,id1400003171515858
HOU Texans vs. DAL Cowboys,Dalton Schultz,playertotals-receptions,Under,4.5,Dalton Schultz (HOU) moins de 4.5,1.7408,"Schultz, Dalton",1.819,1.9488784559207097,0.5131156316916488,-10.67683083511779,Total de réceptions Plus/Moins(Incl. Prolongations),4568337678,id1400003171515852
MIN Vikings vs. MIA Dolphins,Malik Willis,playertotals-passattempts,Over,28.5,Malik Willis (MIA) Plus de 28.5,1.9091,"Willis, Malik",2.0,2.1383039271485487,0.46766036731434657,-10.718959276018092,Tentatives de passes du joueur Plus/Moins (Incl. Prolongations),4578724507,id1400003171515860
TB Buccaneers vs. GB Packers,Chris Godwin,playertotals-receptions,Over,2.5,Chris Godwin (TB) Plus de 2.5,1.6897,"Godwin, Chris",1.769,1.8934343434343437,0.5281408375566817,-10.760042678047487,Total de réceptions Plus/Moins(Incl. Prolongations),4566961970,id1400003171515858
CAR Panthers vs. DET Lions,Jameson Williams,playertotals-receptions,Under,3.5,Jameson Williams (DET) moins de 3.5,1.6897,"Williams, Jameson",1.769,1.8934343434343437,0.5281408375566817,-10.760042678047487,Total de réceptions Plus/Moins(Incl. Prolongations),4566584047,id1400003171515868
CAR Panthers vs. DET Lions,Chuba Hubbard,playertotals-receptions,Under,2.5,Chuba Hubbard (CAR) moins de 2.5,2.1,"Hubbard, Chuba",2.2,2.3538461538461544,0.4248366013071895,-10.784313725490202,Total de réceptions Plus/Moins(Incl. Prolongations),4569844799,id1400003171515868
BUF Bills vs. NE Patriots,Dalton Kincaid,playertotals-receptions,Under,4.5,Dalton Kincaid (BUF) moins de 4.5,1.6667,"Kincaid, Dalton",1.746,1.8686567164179109,0.535143769968051,-10.807587859424928,Total de réceptions Plus/Moins(Incl. Prolongations),4574392678,id1400003171515846
HOU Texans vs. DAL Cowboys,Dak Prescott,playertotals-rushyards,Over,9.5,Dak Prescott (DAL) Plus de 9.5,1.7693,"Prescott, Dak",1.854,1.984076433121019,0.5040128410914928,-10.82500802568217,Total de yards à la course du joueur Plus/Moins (Incl. Prolongations),4568337561,id1400003171515852
LV Raiders vs. KC Chiefs,Patrick Mahomes,playertotals-interceptions,Under,0.5,Patrick Mahomes (KC) moins de 0.5,1.625,"Mahomes, Patrick",1.719,1.822488038277512,0.5487004463113678,-10.836177474402731,Passes du joueur interceptées Plus/Moins (Incl. Prolongations),4582968109,id1400003171515862
SF 49ers vs. DEN Broncos,George Kittle,playertotals-receptions,Over,4.5,George Kittle (SF) Plus de 4.5,1.6061,"Kittle, George",1.684,1.8019047619047617,0.5549682875264271,-10.866543340380531,Total de réceptions Plus/Moins(Incl. Prolongations),4568361309,id1400003171531176
BAL Ravens vs. TEN Titans,Lamar Jackson,playertotals-interceptions,Under,0.5,Lamar Jackson (BAL) moins de 0.5,1.625,"Jackson, Lamar",1.704,1.8231884057971017,0.5484896661367249,-10.870429252782209,Passes du joueur interceptées Plus/Moins (Incl. Prolongations),4578652332,id1400003171515844
HOU Texans vs. DAL Cowboys,Kayshon Boutte,playertotals-receivingyards,Under,23.5,Kayshon Boutte (HOU) moins de 23.5,1.8,"Boutte, Kayshon",1.884,2.0200324851109905,0.49504154382203164,-10.892522112034309,Total des yards après réception du joueur Plus/Moins(Incl. Prolongations),4578718845,id1400003171515852
CIN Bengals vs. JAX Jaguars,Trevor Lawrence,playertotals-rushattempts,Under,3.5,Trevor Lawrence (JAX) moins de 3.5,1.8334,"Lawrence, Trevor",1.925,2.05827377680044,0.48584401709401703,-10.925357905982924,Joueur tentative de gain par la course (prolongations incluses),4566528172,id1400003171515850
CHI Bears vs. NY Jets,Tyson Bagent,playertotals-interceptions,Over,0.5,Tyson Bagent (CHI) Plus de 0.5,1.8696,"Bagent, Tyson",1.98,2.1,0.4761904761904762,-10.971428571428564,Passes du joueur interceptées Plus/Moins (Incl. Prolongations),4583291102,id1400003171515848
CIN Bengals vs. JAX Jaguars,Parker Washington,playertotals-receptions,Over,5.5,Parker Washington (JAX) Plus de 5.5,2.0,"Washington, Parker",2.1,2.2470308788598574,0.445031712473573,-10.993657505285404,Total de réceptions Plus/Moins(Incl. Prolongations),4569668796,id1400003171515850
LV Raiders vs. KC Chiefs,Michael Mayer,playertotals-receptions,Under,2.5,Michael Mayer (LV) moins de 2.5,1.8696,"Mayer, Michael",1.961,2.1010668163952833,0.4759486905398183,-11.016632816675575,Total de réceptions Plus/Moins(Incl. Prolongations),4574174643,id1400003171515862
CAR Panthers vs. DET Lions,Bryce Young,playertotals-interceptions,Under,0.5,Bryce Young (CAR) moins de 0.5,1.8696,"Young, Bryce",1.961,2.1010668163952833,0.4759486905398183,-11.016632816675575,Passes du joueur interceptées Plus/Moins (Incl. Prolongations),4577454820,id1400003171515868
TB Buccaneers vs. GB Packers,Jalon Daniels,playertotals-interceptions,Under,0.5,Jalon Daniels (TB) moins de 0.5,2.1,"Daniels, Jalon",2.23,2.363080684596577,0.42317640972581483,-11.132953957578884,Passes du joueur interceptées Plus/Moins (Incl. Prolongations),4578648457,id1400003171515858
NY Giants vs. ARZ Cardinals,Malik Nabers,playertotals-receptions,Over,4.5,Malik Nabers (NYG) Plus de 4.5,1.6667,"Nabers, Malik",1.751,1.8754999999999997,0.5331911490269262,-11.133031191682207,Total de réceptions Plus/Moins(Incl. Prolongations),4569702329,id1400003171515854
NY Giants vs. ARZ Cardinals,Isaiah Likely,playertotals-receivingyards,Over,39.5,Isaiah Likely (NYG) Plus de 39.5,1.7693,"Likely, Isaiah",1.862,1.9920085242408097,0.5020058839261835,-11.180098956940343,Total des yards après réception du joueur Plus/Moins(Incl. Prolongations),4587072837,id1400003171515854
CAR Panthers vs. DET Lions,Bryce Young,playertotals-rushyards,Over,12.5,Bryce Young (CAR) Plus de 12.5,1.7693,"Young, Bryce",1.862,1.9920085242408097,0.5020058839261835,-11.180098956940343,Total de yards à la course du joueur Plus/Moins (Incl. Prolongations),4578928392,id1400003171515868
HOU Texans vs. DAL Cowboys,C.J. Stroud,playertotals-passcompletions,Under,21.5,C.J. Stroud (HOU) moins de 21.5,1.7408,"Stroud, C.J.",1.833,1.960188580408591,0.5101549973276323,-11.192218065205783,"Passes complétées, Joueur (prolongations incluses) ",4568339104,id1400003171515852
CAR Panthers vs. DET Lions,Bryce Young,playertotals-tdpasses,Under,1.5,Bryce Young (CAR) moins de 1.5,1.8696,"Young, Bryce",1.97,2.106120157215048,0.4748067182084777,-11.230135963743015,Total de Touchdowns à la passe du joueur (Incl. Prolongations),4566584141,id1400003171515868
LV Raiders vs. KC Chiefs,Kirk Cousins,playertotals-tdpasses,Over,1.5,Kirk Cousins (LV) Plus de 1.5,2.15,"Cousins, Kirk",2.27,2.4267756128221247,0.41206941206941206,-11.405076405076409,Total de Touchdowns à la passe du joueur (Incl. Prolongations),4567015428,id1400003171515862
SEA Seahawks vs. LA Chargers,Quentin Johnston,playertotals-receptions,Over,2.5,Quentin Johnston (LAC) Plus de 2.5,1.5264,"Johnston, Quentin",1.613,1.7233183856502245,0.5802758261774654,-11.426697892271676,Total de réceptions Plus/Moins(Incl. Prolongations),4566565038,id1400003171515864
TB Buccaneers vs. GB Packers,Jordan Love,playertotals-interceptions,Under,0.5,Jordan Love (GB) moins de 0.5,1.9524,"Love, Jordan",2.06,2.205383265067291,0.45343592464844784,-11.471170071637049,Passes du joueur interceptées Plus/Moins (Incl. Prolongations),4578648459,id1400003171515858
PHI Eagles vs. LA Rams,Johnny Mundt,playertotals-receptions,Under,1.5,Johnny Mundt (PHI) moins de 1.5,1.4348,"Mundt, Johnny",1.515,1.6209016393442623,0.6169405815423514,-11.481365360303409,Total de réceptions Plus/Moins(Incl. Prolongations),4577508760,id1400003171515856
HOU Texans vs. DAL Cowboys,George Pickens,playertotals-receptions,Over,4.5,George Pickens (DAL) Plus de 4.5,1.6061,"Pickens, George",1.694,1.8144230769230767,0.5511393746687865,-11.481505034446194,Total de réceptions Plus/Moins(Incl. Prolongations),4568338809,id1400003171515852
WAS Commanders vs. IND Colts,Tyler Warren,playertotals-receptions,Under,5.5,Tyler Warren (IND) moins de 5.5,1.6667,"Warren, Tyler",1.757,1.8829145728643213,0.5310915398985856,-11.48297304510274,Total de réceptions Plus/Moins(Incl. Prolongations),4568344419,id1400003171488622
HOU Texans vs. DAL Cowboys,Dak Prescott,playertotals-interceptions,Over,0.5,Dak Prescott (DAL) Plus de 0.5,1.6897,"Prescott, Dak",1.8,1.909090909090909,0.5238095238095238,-11.49190476190476,Passes du joueur interceptées Plus/Moins (Incl. Prolongations),4577383576,id1400003171515852
CAR Panthers vs. DET Lions,Amon-Ra St. Brown,playertotals-receptions,Under,6.5,Amon-Ra St. Brown (DET) moins de 6.5,2.0,"St. Brown, Amon-Ra",2.11,2.2597014925373133,0.44253632760898287,-11.492734478203426,Total de réceptions Plus/Moins(Incl. Prolongations),4566583754,id1400003171515868
CAR Panthers vs. DET Lions,Sione Vaki,playertotals-rushyards,Over,11.5,Sione Vaki (DET) Plus de 11.5,1.7693,"Vaki, Sione",1.877,2.0,0.5,-11.534999999999995,Total de yards à la course du joueur Plus/Moins (Incl. Prolongations),4575014703,id1400003171515868
MIN Vikings vs. MIA Dolphins,Aaron Jones,playertotals-receivingyards,Under,19.5,Aaron Jones (MIN) moins de 19.5,1.7693,"Jones, Aaron",1.877,2.0,0.5,-11.534999999999995,Total des yards après réception du joueur Plus/Moins(Incl. Prolongations),4568359929,id1400003171515860
HOU Texans vs. DAL Cowboys,C.J. Stroud,playertotals-rushyards,Over,11.5,C.J. Stroud (HOU) Plus de 11.5,1.7693,"Stroud, C.J.",1.877,2.0,0.5,-11.534999999999995,Total de yards à la course du joueur Plus/Moins (Incl. Prolongations),4569778783,id1400003171515852
LV Raiders vs. KC Chiefs,Tyquan Thornton,playertotals-receivingyards,Under,22.5,Tyquan Thornton (KC) moins de 22.5,1.7693,"Thornton, Tyquan",1.877,2.0,0.5,-11.534999999999995,Total des yards après réception du joueur Plus/Moins(Incl. Prolongations),4569155684,id1400003171515862
CIN Bengals vs. JAX Jaguars,Trevor Lawrence,playertotals-rushyards,Under,14.5,Trevor Lawrence (JAX) moins de 14.5,1.7693,"Lawrence, Trevor",1.877,2.0,0.5,-11.534999999999995,Total de yards à la course du joueur Plus/Moins (Incl. Prolongations),4569275932,id1400003171515850
HOU Texans vs. DAL Cowboys,Ryan Flournoy,playertotals-receivingyards,Over,33.5,Ryan Flournoy (DAL) Plus de 33.5,1.7693,"Flournoy, Ryan",1.877,2.0,0.5,-11.534999999999995,Total des yards après réception du joueur Plus/Moins(Incl. Prolongations),4571111826,id1400003171515852
SF 49ers vs. DEN Broncos,Brock Purdy,playertotals-tdpasses,Over,1.5,Brock Purdy (SF) Plus de 1.5,1.7693,"Purdy, Brock",1.877,2.0,0.5,-11.534999999999995,Total de Touchdowns à la passe du joueur (Incl. Prolongations),4568362293,id1400003171531176
HOU Texans vs. DAL Cowboys,Dalton Schultz,playertotals-receivingyards,Over,40.5,Dalton Schultz (HOU) Plus de 40.5,1.7693,"Schultz, Dalton",1.869,2.0,0.5,-11.534999999999995,Total des yards après réception du joueur Plus/Moins(Incl. Prolongations),4586013383,id1400003171515852
SEA Seahawks vs. LA Chargers,Cooper Kupp,playertotals-receivingyards,Over,23.5,Cooper Kupp (SEA) Plus de 23.5,1.7693,"Kupp, Cooper",1.877,2.0,0.5,-11.534999999999995,Total des yards après réception du joueur Plus/Moins(Incl. Prolongations),4570895251,id1400003171515864
CAR Panthers vs. DET Lions,Jared Goff,playertotals-passattempts,Under,34.5,Jared Goff (DET) moins de 34.5,1.7693,"Goff, Jared",1.877,2.0,0.5,-11.534999999999995,Tentatives de passes du joueur Plus/Moins (Incl. Prolongations),4566582807,id1400003171515868
BAL Ravens vs. TEN Titans,Gunnar Helm,playertotals-receivingyards,Over,18.5,Gunnar Helm (TEN) Plus de 18.5,1.7693,"Helm, Gunnar",1.877,2.0,0.5,-11.534999999999995,Total des yards après réception du joueur Plus/Moins(Incl. Prolongations),4569583417,id1400003171515844
BAL Ravens vs. TEN Titans,Derrick Henry,playertotals-receivingyards,Under,7.5,Derrick Henry (BAL) moins de 7.5,1.7693,"Henry, Derrick",1.877,2.0,0.5,-11.534999999999995,Total des yards après réception du joueur Plus/Moins(Incl. Prolongations),4574398342,id1400003171515844
TB Buccaneers vs. GB Packers,MarShawn Lloyd,playertotals-receivingyards,Over,5.5,MarShawn Lloyd (GB) Plus de 5.5,1.7693,"Lloyd, MarShawn",1.877,2.0,0.5,-11.534999999999995,Total des yards après réception du joueur Plus/Moins(Incl. Prolongations),4567266351,id1400003171515858
MIN Vikings vs. MIA Dolphins,T.J. Hockenson,playertotals-receivingyards,Under,36.5,T.J. Hockenson (MIN) moins de 36.5,1.7693,"Hockenson, T.J.",1.877,2.0,0.5,-11.534999999999995,Total des yards après réception du joueur Plus/Moins(Incl. Prolongations),4573573142,id1400003171515860
CIN Bengals vs. JAX Jaguars,Samaje Perine,playertotals-receivingyards,Under,9.5,Samaje Perine (CIN) moins de 9.5,1.7693,"Perine, Samaje",1.877,2.0,0.5,-11.534999999999995,Total des yards après réception du joueur Plus/Moins(Incl. Prolongations),4570998695,id1400003171515850
BAL Ravens vs. TEN Titans,Tyjae Spears,playertotals-receivingyards,Over,13.5,Tyjae Spears (TEN) Plus de 13.5,1.7693,"Spears, Tyjae",1.877,2.0,0.5,-11.534999999999995,Total des yards après réception du joueur Plus/Moins(Incl. Prolongations),4569550803,id1400003171515844
NO Saints vs. ATL Falcons,Austin Hooper,playertotals-receivingyards,Under,10.5,Austin Hooper (ATL) moins de 10.5,1.7693,"Hooper, Austin",1.877,2.0,0.5,-11.534999999999995,Total des yards après réception du joueur Plus/Moins(Incl. Prolongations),4570692776,id1400003171515870
NO Saints vs. ATL Falcons,Tyler Shough,playertotals-rushyards,Over,16.5,Tyler Shough (NO) Plus de 16.5,1.7693,"Shough, Tyler",1.877,2.0,0.5,-11.534999999999995,Total de yards à la course du joueur Plus/Moins (Incl. Prolongations),4570468203,id1400003171515870
CAR Panthers vs. DET Lions,Chuba Hubbard,playertotals-rushattempts,Under,16.5,Chuba Hubbard (CAR) moins de 16.5,1.7693,"Hubbard, Chuba",1.877,2.0,0.5,-11.534999999999995,Joueur tentative de gain par la course (prolongations incluses),4566583544,id1400003171515868
BUF Bills vs. NE Patriots,Ty Johnson,playertotals-receivingyards,Under,12.5,Ty Johnson (BUF) moins de 12.5,1.7693,"Johnson, Ty",1.877,2.0,0.5,-11.534999999999995,Total des yards après réception du joueur Plus/Moins(Incl. Prolongations),4578885820,id1400003171515846
NY Giants vs. ARZ Cardinals,Jameis Winston,playertotals-passattempts,Over,29.5,Jameis Winston (NYG) Plus de 29.5,1.7693,"Winston, Jameis",1.877,2.0,0.5,-11.534999999999995,Tentatives de passes du joueur Plus/Moins (Incl. Prolongations),4566941351,id1400003171515854
CHI Bears vs. NY Jets,Colston Loveland,playertotals-receivingyards,Over,33.5,Colston Loveland (CHI) Plus de 33.5,1.7693,"Loveland, Colston",1.877,2.0,0.5,-11.534999999999995,Total des yards après réception du joueur Plus/Moins(Incl. Prolongations),4582846015,id1400003171515848
SF 49ers vs. DEN Broncos,Evan Engram,playertotals-receptions,Under,2.5,Evan Engram (DEN) moins de 2.5,1.5715,"Engram, Evan",1.662,1.7766355140186918,0.5628616517622304,-11.546291425565503,Total de réceptions Plus/Moins(Incl. Prolongations),4569680886,id1400003171531176
BUF Bills vs. NE Patriots,Josh Allen,playertotals-interceptions,Under,0.5,Josh Allen (BUF) moins de 0.5,1.6061,"Allen, Josh",1.714,1.8161904761904764,0.550603041426324,-11.567645516518098,Passes du joueur interceptées Plus/Moins (Incl. Prolongations),4577374956,id1400003171515846
WAS Commanders vs. IND Colts,Daniel Jones,playertotals-interceptions,Under,0.5,Daniel Jones (IND) moins de 0.5,1.6667,"Jones, Daniel",1.763,1.8859296482412056,0.530242472688516,-11.62448707700504,Passes du joueur interceptées Plus/Moins (Incl. Prolongations),4572920541,id1400003171488622
CIN Bengals vs. JAX Jaguars,Bhayshul Tuten,playertotals-receptions,Under,1.5,Bhayshul Tuten (JAX) moins de 1.5,2.0,"Tuten, Bhayshul",2.12,2.2656716417910445,0.4413702239789197,-11.725955204216065,Total de réceptions Plus/Moins(Incl. Prolongations),4566528546,id1400003171515850
MIN Vikings vs. MIA Dolphins,Malik Willis,playertotals-interceptions,Under,0.5,Malik Willis (MIA) moins de 0.5,2.15,"Willis, Malik",2.3,2.4357053682896375,0.4105586878523835,-11.729882111737556,Passes du joueur interceptées Plus/Moins (Incl. Prolongations),4582112413,id1400003171515860
BUF Bills vs. NE Patriots,Drake Maye,playertotals-passattempts,Under,30.5,Drake Maye (NE) moins de 30.5,1.8696,"Maye, Drake",1.98,2.1192764273600906,0.47185916244331816,-11.781210989597234,Tentatives de passes du joueur Plus/Moins (Incl. Prolongations),4571060151,id1400003171515846
MIN Vikings vs. MIA Dolphins,Kyler Murray,playertotals-tdpasses,Over,1.5,Kyler Murray (MIN) Plus de 1.5,1.8696,"Murray, Kyler",1.98,2.1192764273600906,0.47185916244331816,-11.781210989597234,Total de Touchdowns à la passe du joueur (Incl. Prolongations),4566964392,id1400003171515860
SEA Seahawks vs. LA Chargers,Omarion Hampton,playertotals-rushattempts,Over,13.5,Omarion Hampton (LAC) Plus de 13.5,1.8696,"Hampton, Omarion",1.98,2.1192764273600906,0.47185916244331816,-11.781210989597234,Joueur tentative de gain par la course (prolongations incluses),4566565792,id1400003171515864
CAR Panthers vs. DET Lions,Tetairoa McMillan,playertotals-receivingyards,Under,70.5,Tetairoa McMillan (CAR) moins de 70.5,1.8,"McMillan, Tetairoa",1.909,2.0414620840152757,0.48984500267236764,-11.827899518973828,Total des yards après réception du joueur Plus/Moins(Incl. Prolongations),4575015153,id1400003171515868
NO Saints vs. ATL Falcons,Bijan Robinson,playertotals-receptions,Under,4.5,Bijan Robinson (ATL) moins de 4.5,1.7693,"Robinson, Bijan",1.877,2.0080558539205158,0.49799411607381644,-11.889901043059648,Total de réceptions Plus/Moins(Incl. Prolongations),4567007964,id1400003171515870
LV Raiders vs. KC Chiefs,Emmett Johnson,playertotals-receptions,Over,1.5,Emmett Johnson (KC) Plus de 1.5,2.3,"Johnson, Emmett",2.44,2.6105610561056105,0.38305941845764857,-11.89633375474084,Total de réceptions Plus/Moins(Incl. Prolongations),4567017185,id1400003171515862
TB Buccaneers vs. GB Packers,Jalon Daniels,playertotals-tdpasses,Under,0.5,Jalon Daniels (TB) moins de 0.5,2.3,"Daniels, Jalon",2.44,2.6105610561056105,0.38305941845764857,-11.89633375474084,Total de Touchdowns à la passe du joueur (Incl. Prolongations),4566963163,id1400003171515858
NO Saints vs. ATL Falcons,Tyler Shough,playertotals-interceptions,Under,0.5,Tyler Shough (NOS) moins de 0.5,1.625,"Shough, Tyler",1.74,1.8446601941747571,0.5421052631578948,-11.907894736842106,Passes du joueur interceptées Plus/Moins (Incl. Prolongations),4578666987,id1400003171515870
SEA Seahawks vs. LA Chargers,Justin Herbert,playertotals-rushattempts,Over,4.5,Justin Herbert (LAC) Plus de 4.5,1.7408,"Herbert, Justin",1.847,1.976215644820296,0.5060176517785504,-11.91244717838995,Joueur tentative de gain par la course (prolongations incluses),4570942527,id1400003171515864
WAS Commanders vs. IND Colts,Marcus Mariota,playertotals-interceptions,Under,0.5,Marcus Mariota (WAS) moins de 0.5,1.8696,"Mariota, Marcus",2.0,2.1229646266142614,0.47103940756413654,-11.934472361809034,Passes du joueur interceptées Plus/Moins (Incl. Prolongations),4572920547,id1400003171488622
MIN Vikings vs. MIA Dolphins,T.J. Hockenson,playertotals-receptions,Under,4.5,T.J. Hockenson (MIN) moins de 4.5,1.6667,"Hockenson, T.J.",1.769,1.8934343434343437,0.5281408375566817,-11.974766604427856,Total de réceptions Plus/Moins(Incl. Prolongations),4573610298,id1400003171515860
BUF Bills vs. NE Patriots,Keon Coleman,playertotals-receptions,Under,1.5,Keon Coleman (BUF) moins de 1.5,1.6667,"Coleman, Keon",1.769,1.8934343434343437,0.5281408375566817,-11.974766604427856,Total de réceptions Plus/Moins(Incl. Prolongations),4571040344,id1400003171515846
BAL Ravens vs. TEN Titans,Rashod Bateman,playertotals-receptions,Over,2.5,Rashod Bateman (BAL) Plus de 2.5,1.6667,"Bateman, Rashod",1.769,1.8934343434343437,0.5281408375566817,-11.974766604427856,Total de réceptions Plus/Moins(Incl. Prolongations),4567021155,id1400003171515844
MIN Vikings vs. MIA Dolphins,Malik Willis,playertotals-rushattempts,Over,5.5,Malik Willis (MIA) Plus de 5.5,1.6667,"Willis, Malik",1.769,1.8934343434343437,0.5281408375566817,-11.974766604427856,Joueur tentative de gain par la course (prolongations incluses),4566964792,id1400003171515860
NY Giants vs. ARZ Cardinals,Trey McBride,playertotals-receptions,Over,7.5,Trey McBride (ARI) Plus de 7.5,2.1,"McBride, Trey",2.23,2.3859540087010567,0.41911956238603804,-11.984891898932004,Total de réceptions Plus/Moins(Incl. Prolongations),4570091586,id1400003171515854
MIN Vikings vs. MIA Dolphins,Kyler Murray,playertotals-interceptions,Under,0.5,Kyler Murray (MIN) moins de 0.5,1.5264,"Murray, Kyler",1.641,1.7391891891891893,0.574980574980575,-12.23496503496504,Passes du joueur interceptées Plus/Moins (Incl. Prolongations),4582113094,id1400003171515860
PHI Eagles vs. LA Rams,Makai Lemon,playertotals-receptions,Over,3.5,Makai Lemon (PHI) Plus de 3.5,1.7693,"Lemon, Makai",1.884,2.016181229773463,0.4959871589085072,-12.24499197431782,Total de réceptions Plus/Moins(Incl. Prolongations),4582991798,id1400003171515856
SF 49ers vs. DEN Broncos,Christian McCaffrey,playertotals-receivingyards,Under,39.5,Christian McCaffrey (SF) moins de 39.5,1.7693,"McCaffrey, Christian",1.884,2.016181229773463,0.4959871589085072,-12.24499197431782,Total des yards après réception du joueur Plus/Moins(Incl. Prolongations),4574296201,id1400003171531176
BAL Ravens vs. TEN Titans,Carnell Tate,playertotals-receptions,Under,4.5,Carnell Tate (TEN) moins de 4.5,1.6061,"Tate, Carnell",1.714,1.8320388349514563,0.5458399576046635,-12.332644409114991,Total de réceptions Plus/Moins(Incl. Prolongations),4570504366,id1400003171515844
CIN Bengals vs. JAX Jaguars,Joe Burrow,playertotals-interceptions,Under,0.5,Joe Burrow (CIN) moins de 0.5,1.8,"Burrow, Joe",1.917,2.0538757559098406,0.48688436830835113,-12.360813704496799,Passes du joueur interceptées Plus/Moins (Incl. Prolongations),4582101580,id1400003171515850
NY Giants vs. ARZ Cardinals,Jacoby Brissett,playertotals-interceptions,Under,0.5,Jacoby Brissett (ARI) moins de 0.5,1.7693,"Brissett, Jacoby",1.884,2.0200324851109905,0.49504154382203164,-12.412299651567938,Passes du joueur interceptées Plus/Moins (Incl. Prolongations),4578619121,id1400003171515854
LV Raiders vs. KC Chiefs,Patrick Mahomes,playertotals-tdpasses,Over,1.5,Patrick Mahomes (KC) Plus de 1.5,1.6667,"Mahomes, Patrick",1.781,1.9040609137055837,0.5251932817915222,-12.466035723806979,Total de Touchdowns à la passe du joueur (Incl. Prolongations),4567015657,id1400003171515862
NO Saints vs. ATL Falcons,Drake London,playertotals-receptions,Under,5.5,Drake London (ATL) moins de 5.5,1.9091,"London, Drake",2.04,2.183294663573086,0.4580233793836344,-12.55875664187035,Total de réceptions Plus/Moins(Incl. Prolongations),4570686667,id1400003171515870
BUF Bills vs. NE Patriots,Ty Johnson,playertotals-receptions,Under,1.5,Ty Johnson (BUF) moins de 1.5,1.9091,"Johnson, Ty",2.04,2.183294663573086,0.4580233793836344,-12.55875664187035,Total de réceptions Plus/Moins(Incl. Prolongations),4566524670,id1400003171515846
PHI Eagles vs. LA Rams,Darius Cooper,playertotals-receptions,Over,1.5,Darius Cooper (PHI) Plus de 1.5,1.625,"Cooper, Darius",1.735,1.8589108910891086,0.5379494007989348,-12.583222370173086,Total de réceptions Plus/Moins(Incl. Prolongations),4583579696,id1400003171515856
HOU Texans vs. DAL Cowboys,CeeDee Lamb,playertotals-receptions,Under,5.5,CeeDee Lamb (DAL) moins de 5.5,1.9524,"Lamb, CeeDee",2.09,2.233766233766234,0.4476744186046511,-12.596046511627923,Total de réceptions Plus/Moins(Incl. Prolongations),4571109684,id1400003171515852
CIN Bengals vs. JAX Jaguars,Joe Burrow,playertotals-passcompletions,Under,24.5,Joe Burrow (CIN) moins de 24.5,1.7408,"Burrow, Joe",1.862,1.9920085242408097,0.5020058839261835,-12.610815726129976,"Passes complétées, Joueur (prolongations incluses) ",4570999452,id1400003171515850
NY Giants vs. ARZ Cardinals,Kendrick Bourne,playertotals-receptions,Over,2.5,Kendrick Bourne (ARI) Plus de 2.5,2.15,"Bourne, Kendrick",2.3,2.4612452350698852,0.40629839958699027,-12.645844088797098,Total de réceptions Plus/Moins(Incl. Prolongations),4566941462,id1400003171515854
LV Raiders vs. KC Chiefs,Tre Tucker,playertotals-receptions,Under,3.5,Tre Tucker (LV) moins de 3.5,1.5264,"Tucker, Tre",1.632,1.7486238532110088,0.571878279118573,-12.708499475341018,Total de réceptions Plus/Moins(Incl. Prolongations),4567016588,id1400003171515862
WAS Commanders vs. IND Colts,Antonio Williams,playertotals-receptions,Under,1.5,Antonio Williams (WAS) moins de 1.5,2.0,"Williams, Antonio",2.14,2.291490645745323,0.43639715564919673,-12.720568870160653,Total de réceptions Plus/Moins(Incl. Prolongations),4568344837,id1400003171488622
PHI Eagles vs. LA Rams,Matthew Stafford,playertotals-passcompletions,Over,21.5,Matthew Stafford (LAR) Plus de 21.5,1.8334,"Stafford, Matthew",1.961,2.1010668163952833,0.4759486905398183,-12.739567076429715,"Passes complétées, Joueur (prolongations incluses) ",4574461306,id1400003171515856
CIN Bengals vs. JAX Jaguars,Chase Brown,playertotals-receptions,Under,3.5,Chase Brown (CIN) moins de 3.5,1.5715,"Brown, Chase",1.684,1.8019047619047617,0.5549682875264271,-12.78673361522198,Total de réceptions Plus/Moins(Incl. Prolongations),4566528303,id1400003171515850
NY Giants vs. ARZ Cardinals,Jameis Winston,playertotals-interceptions,Under,0.5,Jameis Winston (NYG) moins de 0.5,2.1,"Winston, Jameis",2.25,2.4080100125156445,0.41528066528066526,-12.791060291060298,Passes du joueur interceptées Plus/Moins (Incl. Prolongations),4578619112,id1400003171515854
CAR Panthers vs. DET Lions,Darren Waller,playertotals-receptions,Under,2.5,Darren Waller (CAR) moins de 2.5,2.1,"Waller, Darren",2.25,2.4080100125156445,0.41528066528066526,-12.791060291060298,Total de réceptions Plus/Moins(Incl. Prolongations),4569844765,id1400003171515868
LV Raiders vs. KC Chiefs,Jalen Nailor,playertotals-receptions,Over,1.5,Jalen Nailor (LV) Plus de 1.5,1.4762,"Nailor, Jalen",1.581,1.6934210526315792,0.5905205905205905,-12.827350427350437,Total de réceptions Plus/Moins(Incl. Prolongations),4578775061,id1400003171515862
MIN Vikings vs. MIA Dolphins,Kyler Murray,playertotals-passcompletions,Under,19.5,Kyler Murray (MIN) moins de 19.5,1.8,"Murray, Kyler",1.934,2.066740209597352,0.4838537496663998,-12.90632506004803,"Passes complétées, Joueur (prolongations incluses) ",4568359957,id1400003171515860
NO Saints vs. ATL Falcons,Olamide Zaccheaus,playertotals-receivingyards,Under,7.5,Olamide Zaccheaus (ATL) moins de 7.5,1.8696,"Zaccheaus, Olamide",2.01,2.14791547687036,0.4655676681733581,-12.957468758308977,Total des yards après réception du joueur Plus/Moins(Incl. Prolongations),4582699981,id1400003171515870
SEA Seahawks vs. LA Chargers,Oronde Gadsden,playertotals-receptions,Under,2.5,Oronde Gadsden (LAC) moins de 2.5,1.8696,"Gadsden, Oronde",2.01,2.14791547687036,0.4655676681733581,-12.957468758308977,Total de réceptions Plus/Moins(Incl. Prolongations),4570865185,id1400003171515864
SEA Seahawks vs. LA Chargers,Keaton Mitchell,playertotals-receptions,Over,1.5,Keaton Mitchell (LAC) Plus de 1.5,1.7408,"Mitchell, Keaton",1.877,2.0,0.5,-12.960000000000004,Total de réceptions Plus/Moins(Incl. Prolongations),4570945682,id1400003171515864
BAL Ravens vs. TEN Titans,Cameron Ward,playertotals-tdpasses,Under,0.5,Cameron Ward (TEN) moins de 0.5,2.15,"Ward, Cameron",2.31,2.4732142857142856,0.40433212996389895,-13.06859205776173,Total de Touchdowns à la passe du joueur (Incl. Prolongations),4569572333,id1400003171515844
BAL Ravens vs. TEN Titans,Derrick Henry,playertotals-rushyards,Over,96.5,Derrick Henry (BAL) Plus de 96.5,1.8,"Henry, Derrick",1.934,2.070874861572536,0.4828877005347594,-13.08021390374331,Total de yards à la course du joueur Plus/Moins (Incl. Prolongations),4578870052,id1400003171515844
MIN Vikings vs. MIA Dolphins,Jaylen Wright,playertotals-receivingyards,Under,5.5,Jaylen Wright (MIA) moins de 5.5,1.8334,"Wright, Jaylen",1.98,2.111734980348119,0.47354427014092,-13.18039351236373,Total des yards après réception du joueur Plus/Moins(Incl. Prolongations),4573613940,id1400003171515860
TB Buccaneers vs. GB Packers,MarShawn Lloyd,playertotals-receptions,Under,1.5,MarShawn Lloyd (GB) moins de 1.5,1.4445,"Lloyd, MarShawn",1.555,1.6645299145299146,0.6007702182284981,-13.218741976893455,Total de réceptions Plus/Moins(Incl. Prolongations),4566962939,id1400003171515858
BUF Bills vs. NE Patriots,Drake Maye,playertotals-interceptions,Under,0.5,Drake Maye (NE) moins de 0.5,1.9091,"Maye, Drake",2.06,2.201866977829638,0.4541600423953365,-13.296306306306304,Passes du joueur interceptées Plus/Moins (Incl. Prolongations),4577375675,id1400003171515846
LV Raiders vs. KC Chiefs,Travis Kelce,playertotals-receptions,Over,4.5,Travis Kelce (KC) Plus de 4.5,1.9091,"Kelce, Travis",2.06,2.201866977829638,0.4541600423953365,-13.296306306306304,Total de réceptions Plus/Moins(Incl. Prolongations),4567015525,id1400003171515862
TB Buccaneers vs. GB Packers,Matthew Golden,playertotals-receptions,Under,4.5,Matthew Golden (GB) moins de 4.5,1.7693,"Golden, Matthew",1.909,2.0414620840152757,0.48984500267236764,-13.331723677177987,Total de réceptions Plus/Moins(Incl. Prolongations),4566963556,id1400003171515858
NO Saints vs. ATL Falcons,Tyler Shough,playertotals-passcompletions,Under,23.5,Tyler Shough (NO) moins de 23.5,1.7693,"Shough, Tyler",1.909,2.0414620840152757,0.48984500267236764,-13.331723677177987,"Passes complétées, Joueur (prolongations incluses) ",4578731689,id1400003171515870
PHI Eagles vs. LA Rams,Puka Nacua,playertotals-receptions,Over,6.5,Puka Nacua (LAR) Plus de 6.5,2.0,"Nacua, Puka",2.16,2.3098847786537293,0.4329220267786821,-13.415594644263585,Total de réceptions Plus/Moins(Incl. Prolongations),4574388711,id1400003171515856
MIN Vikings vs. MIA Dolphins,Aaron Jones,playertotals-receptions,Under,3.5,Aaron Jones (MIN) moins de 3.5,1.5264,"Jones, Aaron",1.649,1.763425925925926,0.5670779732213179,-13.441218167498036,Total de réceptions Plus/Moins(Incl. Prolongations),4566964257,id1400003171515860
CIN Bengals vs. JAX Jaguars,Drew Sample,playertotals-receptions,Under,1.5,Drew Sample (CIN) moins de 1.5,1.5264,"Sample, Drew",1.649,1.763425925925926,0.5670779732213179,-13.441218167498036,Total de réceptions Plus/Moins(Incl. Prolongations),4566527158,id1400003171515850
SEA Seahawks vs. LA Chargers,Sam Darnold,playertotals-tdpasses,Over,1.5,Sam Darnold (SEA) Plus de 1.5,1.6667,"Darnold, Sam",1.8,1.9264024704065879,0.5191023243387657,-13.481215602457919,Total de Touchdowns à la passe du joueur (Incl. Prolongations),4566563996,id1400003171515864
CAR Panthers vs. DET Lions,Jahmyr Gibbs,playertotals-receptions,Under,4.5,Jahmyr Gibbs (DET) moins de 4.5,1.8334,"Gibbs, Jahmyr",1.98,2.1192764273600906,0.47185916244331816,-13.489341157642054,Total de réceptions Plus/Moins(Incl. Prolongations),4566584247,id1400003171515868
CIN Bengals vs. JAX Jaguars,Trevor Lawrence,playertotals-tdpasses,Over,1.5,Trevor Lawrence (JAX) Plus de 1.5,1.625,"Lawrence, Trevor",1.757,1.8785,0.5323396326856534,-13.494809688581322,Total de Touchdowns à la passe du joueur (Incl. Prolongations),4566528115,id1400003171515850
SF 49ers vs. DEN Broncos,RJ Harvey,playertotals-receptions,Over,3.5,RJ Harvey (DEN) Plus de 3.5,1.8696,"Harvey, RJ",2.02,2.164265129682997,0.4620505992010653,-13.615019973368836,Total de réceptions Plus/Moins(Incl. Prolongations),4568362675,id1400003171531176
HOU Texans vs. DAL Cowboys,Jaylin Noel,playertotals-receptions,Under,1.5,Jaylin Noel (HOU) moins de 1.5,1.3847,"Noel, Jaylin",1.5,1.6048387096774193,0.6231155778894473,-13.717185929648235,Total de réceptions Plus/Moins(Incl. Prolongations),4569772058,id1400003171515852
MIN Vikings vs. MIA Dolphins,Greg Dulcich,playertotals-receptions,Under,2.5,Greg Dulcich (MIA) moins de 2.5,2.0,"Dulcich, Greg",2.17,2.319148936170213,0.4311926605504587,-13.761467889908264,Total de réceptions Plus/Moins(Incl. Prolongations),4566965008,id1400003171515860
HOU Texans vs. DAL Cowboys,Javonte Williams,playertotals-receptions,Over,2.5,Javonte Williams (DAL) Plus de 2.5,1.6897,"Williams, Javonte",1.833,1.960188580408591,0.5101549973276323,-13.799110101549983,Total de réceptions Plus/Moins(Incl. Prolongations),4568338261,id1400003171515852
HOU Texans vs. DAL Cowboys,C.J. Stroud,playertotals-tdpasses,Over,1.5,C.J. Stroud (HOU) Plus de 1.5,1.8334,"Stroud, C.J.",1.99,2.132612407512806,0.46890846010141446,-14.030322925006677,Total de Touchdowns à la passe du joueur (Incl. Prolongations),4568339097,id1400003171515852
CAR Panthers vs. DET Lions,Chuba Hubbard,playertotals-receivingyards,Under,18.5,Chuba Hubbard (CAR) moins de 18.5,1.7693,"Hubbard, Chuba",1.925,2.05827377680044,0.48584401709401703,-14.039618055555557,Total des yards après réception du joueur Plus/Moins(Incl. Prolongations),4578928391,id1400003171515868
CIN Bengals vs. JAX Jaguars,Trevor Lawrence,playertotals-passcompletions,Under,21.5,Trevor Lawrence (JAX) moins de 21.5,1.7693,"Lawrence, Trevor",1.925,2.05827377680044,0.48584401709401703,-14.039618055555557,"Passes complétées, Joueur (prolongations incluses) ",4571002507,id1400003171515850
LV Raiders vs. KC Chiefs,Kenneth Walker III,playertotals-rushattempts,Over,18.5,Kenneth Walker III (KC) Plus de 18.5,1.7693,"Walker III, Kenneth",1.925,2.05827377680044,0.48584401709401703,-14.039618055555557,Joueur tentative de gain par la course (prolongations incluses),4574479343,id1400003171515862
BUF Bills vs. NE Patriots,TreVeyon Henderson,playertotals-rushattempts,Under,9.5,TreVeyon Henderson (NE) moins de 9.5,1.7693,"Henderson, TreVeyon",1.925,2.05827377680044,0.48584401709401703,-14.039618055555557,Joueur tentative de gain par la course (prolongations incluses),4574636863,id1400003171515846
HOU Texans vs. DAL Cowboys,Dak Prescott,playertotals-rushattempts,Under,2.5,Dak Prescott (DAL) moins de 2.5,2.15,"Prescott, Dak",2.34,2.504823151125402,0.3992297817715019,-14.165596919127088,Joueur tentative de gain par la course (prolongations incluses),4571102306,id1400003171515852
CAR Panthers vs. DET Lions,Jared Goff,playertotals-tdpasses,Over,1.5,Jared Goff (DET) Plus de 1.5,1.4445,"Goff, Jared",1.574,1.6843478260869562,0.5937016004130099,-14.239803820340724,Total de Touchdowns à la passe du joueur (Incl. Prolongations),4566582802,id1400003171515868
NY Giants vs. ARZ Cardinals,Cameron Skattebo,playertotals-receptions,Under,2.5,Cameron Skattebo (NYG) moins de 2.5,1.7408,"Skattebo, Cameron",1.9,2.032608695652174,0.4919786096256684,-14.356363636363644,Total de réceptions Plus/Moins(Incl. Prolongations),4569279622,id1400003171515854
TB Buccaneers vs. GB Packers,Emeka Egbuka,playertotals-receptions,Over,3.5,Emeka Egbuka (TB) Plus de 3.5,1.8696,"Egbuka, Emeka",2.04,2.183294663573086,0.4580233793836344,-14.36794899043572,Total de réceptions Plus/Moins(Incl. Prolongations),4566963374,id1400003171515858
MIN Vikings vs. MIA Dolphins,Chris Bell,playertotals-receptions,Over,2.5,Chris Bell (MIA) Plus de 2.5,1.8696,"Bell, Chris",2.04,2.183294663573086,0.4580233793836344,-14.36794899043572,Total de réceptions Plus/Moins(Incl. Prolongations),4578748739,id1400003171515860
BAL Ravens vs. TEN Titans,Tyjae Spears,playertotals-receptions,Over,2.5,Tyjae Spears (TEN) Plus de 2.5,2.0,"Spears, Tyjae",2.18,2.3357843137254903,0.4281217208814271,-14.375655823714585,Total de réceptions Plus/Moins(Incl. Prolongations),4567021448,id1400003171515844
WAS Commanders vs. IND Colts,Daniel Jones,playertotals-rushattempts,Over,3.5,Daniel Jones (IND) Plus de 3.5,1.9524,"Jones, Daniel",2.13,2.2815884476534296,0.43829113924050633,-14.42803797468355,Joueur tentative de gain par la course (prolongations incluses),4568343318,id1400003171488622
NO Saints vs. ATL Falcons,Michael Penix,playertotals-tdpasses,Over,1.5,Michael Penix (ATL) Plus de 1.5,2.1,"Penix, Michael",2.3,2.4612452350698852,0.40629839958699027,-14.67733608673204,Total de Touchdowns à la passe du joueur (Incl. Prolongations),4567007104,id1400003171515870
PHI Eagles vs. LA Rams,Matthew Stafford,playertotals-tdpasses,Over,1.5,Matthew Stafford (LAR) Plus de 1.5,1.7408,"Stafford, Matthew",1.909,2.0414620840152757,0.48984500267236764,-14.727781934794248,Total de Touchdowns à la passe du joueur (Incl. Prolongations),4570878306,id1400003171515856
WAS Commanders vs. IND Colts,Daniel Jones,playertotals-tdpasses,Over,1.5,Daniel Jones (IND) Plus de 1.5,1.8334,"Jones, Daniel",2.01,2.1512027491408934,0.46485623003194887,-14.7732587859425,Total de Touchdowns à la passe du joueur (Incl. Prolongations),4568343262,id1400003171488622
BAL Ravens vs. TEN Titans,Lamar Jackson,playertotals-passcompletions,Over,18.5,Lamar Jackson (BAL) Plus de 18.5,1.7693,"Jackson, Lamar",1.943,2.0794444444444444,0.48089767566123426,-14.914774245257822,"Passes complétées, Joueur (prolongations incluses) ",4567020687,id1400003171515844
WAS Commanders vs. IND Colts,Marcus Mariota,playertotals-passattempts,Under,30.5,Marcus Mariota (WAS) moins de 30.5,1.7693,"Mariota, Marcus",1.943,2.0794444444444444,0.48089767566123426,-14.914774245257822,Tentatives de passes du joueur Plus/Moins (Incl. Prolongations),4568781096,id1400003171488622
CHI Bears vs. NY Jets,Luther Burden,playertotals-receptions,Under,4.5,Luther Burden (CHI) moins de 4.5,1.6667,"Burden, Luther",1.833,1.960188580408591,0.5101549973276323,-14.972466595403533,Total de réceptions Plus/Moins(Incl. Prolongations),4572586913,id1400003171515848
CIN Bengals vs. JAX Jaguars,Mike Gesicki,playertotals-receptions,Under,2.5,Mike Gesicki (CIN) moins de 2.5,1.8,"Gesicki, Mike",1.98,2.1192764273600906,0.47185916244331816,-15.065350760202733,Total de réceptions Plus/Moins(Incl. Prolongations),4571040212,id1400003171515850
CIN Bengals vs. JAX Jaguars,Bhayshul Tuten,playertotals-rushattempts,Under,12.5,Bhayshul Tuten (JAX) moins de 12.5,1.8,"Tuten, Bhayshul",1.98,2.1192764273600906,0.47185916244331816,-15.065350760202733,Joueur tentative de gain par la course (prolongations incluses),4568872405,id1400003171515850
LV Raiders vs. KC Chiefs,Rashee Rice,playertotals-receptions,Under,4.5,Rashee Rice (KC) moins de 4.5,1.8,"Rice, Rashee",1.98,2.1192764273600906,0.47185916244331816,-15.065350760202733,Total de réceptions Plus/Moins(Incl. Prolongations),4567016666,id1400003171515862
SF 49ers vs. DEN Broncos,Christian McCaffrey,playertotals-rushattempts,Under,15.5,Christian McCaffrey (SF) moins de 15.5,1.8,"McCaffrey, Christian",1.98,2.1192764273600906,0.47185916244331816,-15.065350760202733,Joueur tentative de gain par la course (prolongations incluses),4574271199,id1400003171531176
WAS Commanders vs. IND Colts,Marcus Mariota,playertotals-rushattempts,Over,5.5,Marcus Mariota (WAS) Plus de 5.5,1.8696,"Mariota, Marcus",2.06,2.201866977829638,0.4541600423953365,-15.090238473767881,Joueur tentative de gain par la course (prolongations incluses),4568342952,id1400003171488622
CIN Bengals vs. JAX Jaguars,Tee Higgins,playertotals-receptions,Over,4.5,Tee Higgins (CIN) Plus de 4.5,1.8696,"Higgins, Tee",2.06,2.201866977829638,0.4541600423953365,-15.090238473767881,Total de réceptions Plus/Moins(Incl. Prolongations),4566527938,id1400003171515850
CHI Bears vs. NY Jets,Isaiah Davis,playertotals-receptions,Under,1.5,Isaiah Davis (NYJ) moins de 1.5,1.6061,"Davis, Isaiah",1.769,1.8934343434343437,0.5281408375566817,-15.175300080021348,Total de réceptions Plus/Moins(Incl. Prolongations),4573780575,id1400003171515848
WAS Commanders vs. IND Colts,Marcus Mariota,playertotals-tdpasses,Over,1.5,Marcus Mariota (WAS) Plus de 1.5,2.25,"Mariota, Marcus",2.48,2.653333333333333,0.37688442211055284,-15.201005025125614,Total de Touchdowns à la passe du joueur (Incl. Prolongations),4568342896,id1400003171488622
CAR Panthers vs. DET Lions,Isaac TeSlaa,playertotals-receptions,Over,1.5,Isaac TeSlaa (DET) Plus de 1.5,1.7408,"TeSlaa, Isaac",1.925,2.05827377680044,0.48584401709401703,-15.424273504273522,Total de réceptions Plus/Moins(Incl. Prolongations),4568779354,id1400003171515868
TB Buccaneers vs. GB Packers,Christian Watson,playertotals-receptions,Under,4.5,Christian Watson (GB) moins de 4.5,1.9524,"Watson, Christian",2.16,2.3098847786537293,0.4329220267786821,-15.476303491730114,Total de réceptions Plus/Moins(Incl. Prolongations),4566962324,id1400003171515858
LV Raiders vs. KC Chiefs,Ashton Jeanty,playertotals-receptions,Over,3.5,Ashton Jeanty (LV) Plus de 3.5,1.9524,"Jeanty, Ashton",2.16,2.3098847786537293,0.4329220267786821,-15.476303491730114,Total de réceptions Plus/Moins(Incl. Prolongations),4574501505,id1400003171515862
MIN Vikings vs. MIA Dolphins,Jordan Addison,playertotals-receptions,Over,4.5,Jordan Addison (MIN) Plus de 4.5,1.9524,"Addison, Jordan",2.16,2.3098847786537293,0.4329220267786821,-15.476303491730114,Total de réceptions Plus/Moins(Incl. Prolongations),4573610351,id1400003171515860
NY Giants vs. ARZ Cardinals,Jameis Winston,playertotals-tdpasses,Over,1.5,Jameis Winston (NYG) Plus de 1.5,2.35,"Winston, Jameis",2.6,2.7808219178082196,0.3596059113300492,-15.492610837438436,Total de Touchdowns à la passe du joueur (Incl. Prolongations),4570153338,id1400003171515854
BUF Bills vs. NE Patriots,Rhamondre Stevenson,playertotals-receptions,Under,2.5,Rhamondre Stevenson (NE) moins de 2.5,1.7693,"Stevenson, Rhamondre",1.961,2.097369893676553,0.47678762006403413,-15.641966382070438,Total de réceptions Plus/Moins(Incl. Prolongations),4566525638,id1400003171515846
NO Saints vs. ATL Falcons,Jahan Dotson,playertotals-receptions,Under,1.5,Jahan Dotson (ATL) moins de 1.5,1.9091,"Dotson, Jahan",2.12,2.2656716417910445,0.4413702239789197,-15.738010540184444,Total de réceptions Plus/Moins(Incl. Prolongations),4570729676,id1400003171515870
MIN Vikings vs. MIA Dolphins,Malik Washington,playertotals-receptions,Under,3.5,Malik Washington (MIA) moins de 3.5,2.1,"Washington, Malik",2.33,2.492632927610506,0.4011822153687998,-15.75173477255204,Total de réceptions Plus/Moins(Incl. Prolongations),4566965092,id1400003171515860
PHI Eagles vs. LA Rams,Saquon Barkley,playertotals-receptions,Under,2.5,Saquon Barkley (PHI) moins de 2.5,1.4445,"Barkley, Saquon",1.602,1.7151785714285714,0.5830296720458095,-15.781363872982833,Total de réceptions Plus/Moins(Incl. Prolongations),4570878751,id1400003171515856
BAL Ravens vs. TEN Titans,Cameron Ward,playertotals-passattempts,Over,33.5,Cameron Ward (TEN) Plus de 33.5,1.7693,"Ward, Cameron",1.961,2.1010668163952833,0.4759486905398183,-15.790398182789945,Tentatives de passes du joueur Plus/Moins (Incl. Prolongations),4569585728,id1400003171515844
CAR Panthers vs. DET Lions,Jared Goff,playertotals-passcompletions,Over,23.5,Jared Goff (DET) Plus de 23.5,1.8,"Goff, Jared",2.0,2.1383039271485487,0.46766036731434657,-15.821133883417616,"Passes complétées, Joueur (prolongations incluses) ",4566582808,id1400003171515868
BUF Bills vs. NE Patriots,Romeo Doubs,playertotals-receptions,Under,3.5,Romeo Doubs (NE) moins de 3.5,1.5264,"Doubs, Romeo",1.694,1.8144230769230767,0.5511393746687865,-15.87408585055643,Total de réceptions Plus/Moins(Incl. Prolongations),4571083483,id1400003171515846
BAL Ravens vs. TEN Titans,Tony Pollard,playertotals-receptions,Under,1.5,Tony Pollard (TEN) moins de 1.5,2.0,"Pollard, Tony",2.23,2.3859540087010567,0.41911956238603804,-16.176087522792393,Total de réceptions Plus/Moins(Incl. Prolongations),4567020790,id1400003171515844
MIN Vikings vs. MIA Dolphins,Malik Willis,playertotals-rushyards,Under,28.5,Malik Willis (MIA) moins de 28.5,1.8,"Willis, Malik",2.01,2.14791547687036,0.4655676681733581,-16.197819728795537,Total de yards à la course du joueur Plus/Moins (Incl. Prolongations),4578724215,id1400003171515860
TB Buccaneers vs. GB Packers,Kaleb Johnson,playertotals-rushattempts,Under,8.5,Kaleb Johnson (GB) moins de 8.5,1.8334,"Johnson, Kaleb",2.05,2.192553810354857,0.45608914831520303,-16.380615547890677,Joueur tentative de gain par la course (prolongations incluses),4570194086,id1400003171515858
PHI Eagles vs. LA Rams,Kyren Williams,playertotals-rushyards,Under,57.5,Kyren Williams (LAR) moins de 57.5,1.8334,"Williams, Kyren",2.05,2.192553810354857,0.45608914831520303,-16.380615547890677,Total de yards à la course du joueur Plus/Moins (Incl. Prolongations),4574381722,id1400003171515856
NY Giants vs. ARZ Cardinals,Jeremiyah Love,playertotals-rushattempts,Under,15.5,Jeremiyah Love (ARI) moins de 15.5,1.7693,"Love, Jeremiyah",1.98,2.1192764273600906,0.47185916244331816,-16.513958388903717,Joueur tentative de gain par la course (prolongations incluses),4570070409,id1400003171515854
SEA Seahawks vs. LA Chargers,Jadarian Price,playertotals-receptions,Under,1.5,Jadarian Price (SEA) moins de 1.5,1.6667,"Price, Jadarian",1.877,2.0,0.5,-16.664999999999996,Total de réceptions Plus/Moins(Incl. Prolongations),4566565683,id1400003171515864
SEA Seahawks vs. LA Chargers,Cooper Kupp,playertotals-receptions,Over,2.5,Cooper Kupp (SEA) Plus de 2.5,1.8696,"Kupp, Cooper",2.1,2.2470308788598574,0.445031712473573,-16.796871035940796,Total de réceptions Plus/Moins(Incl. Prolongations),4570820333,id1400003171515864
NO Saints vs. ATL Falcons,Michael Penix,playertotals-passcompletions,Under,19.5,Michael Penix (ATL) moins de 19.5,1.8,"Penix, Michael",2.02,2.164265129682997,0.4620505992010653,-16.830892143808253,"Passes complétées, Joueur (prolongations incluses) ",4583447940,id1400003171515870
BAL Ravens vs. TEN Titans,Elic Ayomanor,playertotals-receptions,Over,1.5,Elic Ayomanor (TEN) Plus de 1.5,1.4762,"Ayomanor, Elic",1.662,1.7766355140186918,0.5628616517622304,-16.91036296685956,Total de réceptions Plus/Moins(Incl. Prolongations),4567022284,id1400003171515844
SEA Seahawks vs. LA Chargers,AJ Barner,playertotals-receptions,Over,3.5,AJ Barner (SEA) Plus de 3.5,1.9524,"Barner, AJ",2.2,2.3538461538461544,0.4248366013071895,-17.05490196078433,Total de réceptions Plus/Moins(Incl. Prolongations),4569549059,id1400003171515864
NY Giants vs. ARZ Cardinals,Isaiah Likely,playertotals-receptions,Under,3.5,Isaiah Likely (NYG) moins de 3.5,2.0,"Likely, Isaiah",2.26,2.41692789968652,0.4137483787289235,-17.2503242542153,Total de réceptions Plus/Moins(Incl. Prolongations),4570148782,id1400003171515854
CAR Panthers vs. DET Lions,Bryce Young,playertotals-rushattempts,Under,2.5,Bryce Young (CAR) moins de 2.5,1.9091,"Young, Bryce",2.16,2.3098847786537293,0.4329220267786821,-17.3508558676818,Joueur tentative de gain par la course (prolongations incluses),4568370760,id1400003171515868
NY Giants vs. ARZ Cardinals,Jacoby Brissett,playertotals-tdpasses,Over,1.5,Jacoby Brissett (ARI) Plus de 1.5,1.9524,"Brissett, Jacoby",2.22,2.3729128014842304,0.42142298670836587,-17.721376075058647,Total de Touchdowns à la passe du joueur (Incl. Prolongations),4566941170,id1400003171515854
WAS Commanders vs. IND Colts,Josh Downs,playertotals-receptions,Over,5.5,Josh Downs (IND) Plus de 5.5,1.9524,"Downs, Josh",2.22,2.3729128014842304,0.42142298670836587,-17.721376075058647,Total de réceptions Plus/Moins(Incl. Prolongations),4569833756,id1400003171488622
WAS Commanders vs. IND Colts,Jonathan Taylor,playertotals-receptions,Over,2.5,Jonathan Taylor (IND) Plus de 2.5,1.5556,"Taylor, Jonathan",1.769,1.8934343434343437,0.5281408375566817,-17.842411309682582,Total de réceptions Plus/Moins(Incl. Prolongations),4570784667,id1400003171488622
CHI Bears vs. NY Jets,Isaiah Williams,playertotals-receptions,Under,2.5,Isaiah Williams (NYJ) moins de 2.5,1.7408,"Williams, Isaiah",1.98,2.1192764273600906,0.47185916244331816,-17.858757001867176,Total de réceptions Plus/Moins(Incl. Prolongations),4570869623,id1400003171515848
NO Saints vs. ATL Falcons,Austin Hooper,playertotals-receptions,Over,1.5,Austin Hooper (ATL) Plus de 1.5,2.25,"Hooper, Austin",2.56,2.7403127124405167,0.36492185561895313,-17.89258248573554,Total de réceptions Plus/Moins(Incl. Prolongations),4570676559,id1400003171515870
CHI Bears vs. NY Jets,Rome Odunze,playertotals-receptions,Under,2.5,Rome Odunze (CHI) moins de 2.5,1.6897,"Odunze, Rome",1.925,2.05827377680044,0.48584401709401703,-17.906936431623944,Total de réceptions Plus/Moins(Incl. Prolongations),4570869699,id1400003171515848
CHI Bears vs. NY Jets,Geno Smith,playertotals-tdpasses,Over,1.5,Geno Smith (NYJ) Plus de 1.5,2.3,"Smith, Geno",2.62,2.801925722145805,0.3568973981345115,-17.91359842906236,Total de Touchdowns à la passe du joueur (Incl. Prolongations),4570868765,id1400003171515848
TB Buccaneers vs. GB Packers,Bucky Irving,playertotals-receptions,Under,2.5,Bucky Irving (TB) moins de 2.5,1.6667,"Irving, Bucky",1.9,2.032608695652174,0.4919786096256684,-18.001925133689845,Total de réceptions Plus/Moins(Incl. Prolongations),4566963420,id1400003171515858
PHI Eagles vs. LA Rams,Davante Adams,playertotals-receptions,Under,4.5,Davante Adams (LAR) moins de 4.5,1.7693,"Adams, Davante",2.02,2.160919540229885,0.46276595744680854,-18.122819148936166,Total de réceptions Plus/Moins(Incl. Prolongations),4570878514,id1400003171515856
BUF Bills vs. NE Patriots,Josh Allen,playertotals-tdpasses,Under,1.5,Josh Allen (BUF) moins de 1.5,1.9091,"Allen, Josh",2.18,2.332518337408313,0.42872117400419285,-18.15284067085954,Total de Touchdowns à la passe du joueur (Incl. Prolongations),4566524573,id1400003171515846
BUF Bills vs. NE Patriots,Drake Maye,playertotals-tdpasses,Over,1.5,Drake Maye (NE) Plus de 1.5,2.05,"Maye, Drake",2.34,2.504823151125402,0.3992297817715019,-18.157894736842117,Total de Touchdowns à la passe du joueur (Incl. Prolongations),4566526058,id1400003171515846
CHI Bears vs. NY Jets,D'Andre Swift,playertotals-receptions,Over,2.5,D'Andre Swift (CHI) Plus de 2.5,2.1,"Swift, D'Andre",2.4,2.5676028739386023,0.3894683286695497,-18.211650979394555,Total de réceptions Plus/Moins(Incl. Prolongations),4570869255,id1400003171515848
TB Buccaneers vs. GB Packers,Jalon Daniels,playertotals-passcompletions,Over,17.5,Jalon Daniels (TB) Plus de 17.5,1.7408,"Daniels, Jalon",2.0,2.1383039271485487,0.46766036731434657,-18.589683257918555,"Passes complétées, Joueur (prolongations incluses) ",4568341676,id1400003171515858
PHI Eagles vs. LA Rams,Matthew Stafford,playertotals-passattempts,Under,34.5,Matthew Stafford (LAR) moins de 34.5,1.7408,"Stafford, Matthew",2.0,2.1383039271485487,0.46766036731434657,-18.589683257918555,Tentatives de passes du joueur Plus/Moins (Incl. Prolongations),4574461305,id1400003171515856
HOU Texans vs. DAL Cowboys,Dak Prescott,playertotals-tdpasses,Over,1.5,Dak Prescott (DAL) Plus de 1.5,1.6061,"Prescott, Dak",1.847,1.976215644820296,0.5060176517785504,-18.728504947847014,Total de Touchdowns à la passe du joueur (Incl. Prolongations),4568337509,id1400003171515852
BAL Ravens vs. TEN Titans,Gunnar Helm,playertotals-receptions,Under,2.5,Gunnar Helm (TEN) moins de 2.5,1.8696,"Helm, Gunnar",2.15,2.3006654567453118,0.43465684985537734,-18.736555351038653,Total de réceptions Plus/Moins(Incl. Prolongations),4568361101,id1400003171515844
SF 49ers vs. DEN Broncos,J.K. Dobbins,playertotals-rushattempts,Under,13.5,J.K. Dobbins (DEN) moins de 13.5,1.6897,"Dobbins, J.K.",1.943,2.0794444444444444,0.48089767566123426,-18.742719743521253,Joueur tentative de gain par la course (prolongations incluses),4573903909,id1400003171531176
NY Giants vs. ARZ Cardinals,Marvin Harrison Jr.,playertotals-receptions,Under,2.5,Marvin Harrison Jr. (ARI) moins de 2.5,1.625,"Harrison Jr., Marvin",1.877,2.0,0.5,-18.75,Total de réceptions Plus/Moins(Incl. Prolongations),4566943021,id1400003171515854
SF 49ers vs. DEN Broncos,Jaylen Waddle,playertotals-receptions,Over,4.5,Jaylen Waddle (DEN) Plus de 4.5,1.7693,"Waddle, Jaylen",2.04,2.183294663573086,0.4580233793836344,-18.961923485653564,Total de réceptions Plus/Moins(Incl. Prolongations),4568362457,id1400003171531176
WAS Commanders vs. IND Colts,Darius Slayton,playertotals-receptions,Over,1.5,Darius Slayton (IND) Plus de 1.5,2.15,"Slayton, Darius",2.48,2.653333333333333,0.37688442211055284,-18.969849246231142,Total de réceptions Plus/Moins(Incl. Prolongations),4569869644,id1400003171488622
BUF Bills vs. NE Patriots,Mack Hollins,playertotals-receptions,Under,3.5,Mack Hollins (NE) moins de 3.5,1.6667,"Hollins, Mack",1.943,2.0794444444444444,0.48089767566123426,-19.848784397542087,Total de réceptions Plus/Moins(Incl. Prolongations),4568340325,id1400003171515846
BUF Bills vs. NE Patriots,James Cook,playertotals-receptions,Over,1.5,James Cook (BUF) Plus de 1.5,1.6667,"Cook, James",1.952,2.0886781929726714,0.47877169559412547,-20.203121495327103,Total de réceptions Plus/Moins(Incl. Prolongations),4568340470,id1400003171515846
CHI Bears vs. NY Jets,Cole Kmet,playertotals-receptions,Over,1.5,Cole Kmet (CHI) Plus de 1.5,2.15,"Kmet, Cole",2.54,2.720867208672087,0.3675298804780876,-20.98107569721117,Total de réceptions Plus/Moins(Incl. Prolongations),4570869201,id1400003171515848
NO Saints vs. ATL Falcons,Kyle Pitts,playertotals-receptions,Under,2.5,Kyle Pitts (ATL) moins de 2.5,1.6667,"Pitts, Kyle",1.99,2.128757799205899,0.4697575273114841,-21.70551292299494,Total de réceptions Plus/Moins(Incl. Prolongations),4567007494,id1400003171515870
MIN Vikings vs. MIA Dolphins,Malik Willis,playertotals-tdpasses,Over,0.5,Malik Willis (MIA) Plus de 0.5,1.6897,"Willis, Malik",2.02,2.164265129682997,0.4620505992010653,-21.927310252996,Total de Touchdowns à la passe du joueur (Incl. Prolongations),4573607915,id1400003171515860
BAL Ravens vs. TEN Titans,Derrick Henry,playertotals-rushattempts,Under,19.5,Derrick Henry (BAL) moins de 19.5,1.7693,"Henry, Derrick",2.12,2.2687013764213044,0.44078079662358216,-22.012653653389602,Joueur tentative de gain par la course (prolongations incluses),4578858913,id1400003171515844
SF 49ers vs. DEN Broncos,Courtland Sutton,playertotals-receptions,Over,3.5,Courtland Sutton (DEN) Plus de 3.5,1.7693,"Sutton, Courtland",2.14,2.2876052948255117,0.43713834823776954,-22.657112046291427,Total de réceptions Plus/Moins(Incl. Prolongations),4568361584,id1400003171531176
BUF Bills vs. NE Patriots,Josh Allen,playertotals-rushattempts,Under,7.5,Josh Allen (BUF) moins de 7.5,1.6667,"Allen, Josh",2.03,2.1740890688259107,0.45996275605214154,-23.338007448789565,Joueur tentative de gain par la course (prolongations incluses),4571084975,id1400003171515846
