event_id,match,player,short_name,market,market_type_id,sport_market_id,child_market_id,market_sv,odd_id,selection,line,raw_sv,price,odd_status,is_main_bet
16514244,LA Rams vs. NY Giants,Jaxson Dart,Jaxson Dart (NYG),Joueur total de yards par la passe (Jaxson Dart (NYG))(prolongations incluses),2136,72891,1735303585,NYG|dst:player:489891,4511850344,216+,216+,NYG|dst:player:489891,1.9091,0,False
16514244,LA Rams vs. NY Giants,Jaxson Dart,Jaxson Dart (NYG),Joueur total de yards par la passe (Jaxson Dart (NYG))(prolongations incluses),2136,72891,1735303585,NYG|dst:player:489891,4511850345,226+,226+,NYG|dst:player:489891,2.1,0,False
16514244,LA Rams vs. NY Giants,Jaxson Dart,Jaxson Dart (NYG),Joueur total de yards par la passe (Jaxson Dart (NYG))(prolongations incluses),2136,72891,1735303585,NYG|dst:player:489891,4511850346,236+,236+,NYG|dst:player:489891,2.35,0,False
16514244,LA Rams vs. NY Giants,Jaxson Dart,Jaxson Dart (NYG),Joueur total de yards par la passe (Jaxson Dart (NYG))(prolongations incluses),2136,72891,1735303585,NYG|dst:player:489891,4511850347,246+,246+,NYG|dst:player:489891,2.7,0,False
16514244,LA Rams vs. NY Giants,Jaxson Dart,Jaxson Dart (NYG),Joueur total de yards par la passe (Jaxson Dart (NYG))(prolongations incluses),2136,72891,1735303585,NYG|dst:player:489891,4511850348,256+,256+,NYG|dst:player:489891,3.1,0,False
16514244,LA Rams vs. NY Giants,Jaxson Dart,Jaxson Dart (NYG),Joueur total de yards par la passe (Jaxson Dart (NYG))(prolongations incluses),2136,72891,1735303585,NYG|dst:player:489891,4511850349,266+,266+,NYG|dst:player:489891,3.6,0,False
16514244,LA Rams vs. NY Giants,Jaxson Dart,Jaxson Dart (NYG),Joueur total de yards par la passe (Jaxson Dart (NYG))(prolongations incluses),2136,72891,1735303585,NYG|dst:player:489891,4511850350,276+,276+,NYG|dst:player:489891,4.25,0,False
16514244,LA Rams vs. NY Giants,Jaxson Dart,Jaxson Dart (NYG),Joueur total de yards par la passe (Jaxson Dart (NYG))(prolongations incluses),2136,72891,1735303585,NYG|dst:player:489891,4511850351,286+,286+,NYG|dst:player:489891,5.0,0,False
16514244,LA Rams vs. NY Giants,Jaxson Dart,Jaxson Dart (NYG),Joueur total de yards par la passe (Jaxson Dart (NYG))(prolongations incluses),2136,72891,1735303585,NYG|dst:player:489891,4511850352,296+,296+,NYG|dst:player:489891,6.0,0,False
16514244,LA Rams vs. NY Giants,Jaxson Dart,Jaxson Dart (NYG),Joueur total de yards par la passe (Jaxson Dart (NYG))(prolongations incluses),2136,72891,1735303585,NYG|dst:player:489891,4511850353,306+,306+,NYG|dst:player:489891,7.25,0,False
16514244,LA Rams vs. NY Giants,Jaxson Dart,Jaxson Dart (NYG),Joueur total de yards par la passe (Jaxson Dart (NYG))(prolongations incluses),2136,72891,1735303585,NYG|dst:player:489891,4511850354,316+,316+,NYG|dst:player:489891,9.0,0,False
16514244,LA Rams vs. NY Giants,Jaxson Dart,Jaxson Dart (NYG),Joueur total de yards par la passe (Jaxson Dart (NYG))(prolongations incluses),2136,72891,1735303585,NYG|dst:player:489891,4511850355,326+,326+,NYG|dst:player:489891,11.0,0,False
16514244,LA Rams vs. NY Giants,Jaxson Dart,Jaxson Dart (NYG),Joueur total de yards par la passe (Jaxson Dart (NYG))(prolongations incluses),2136,72891,1735303585,NYG|dst:player:489891,4511850356,336+,336+,NYG|dst:player:489891,14.0,0,False
16514244,LA Rams vs. NY Giants,Jaxson Dart,Jaxson Dart (NYG),Joueur total de yards par la passe (Jaxson Dart (NYG))(prolongations incluses),2136,72891,1735303585,NYG|dst:player:489891,4511850357,346+,346+,NYG|dst:player:489891,18.0,0,False
16514244,LA Rams vs. NY Giants,Jaxson Dart,Jaxson Dart (NYG),Joueur total de yards par la passe (Jaxson Dart (NYG))(prolongations incluses),2136,72891,1735303585,NYG|dst:player:489891,4511850358,356+,356+,NYG|dst:player:489891,21.0,0,False
16514244,LA Rams vs. NY Giants,Jaxson Dart,Jaxson Dart (NYG),Joueur total de yards par la passe (Jaxson Dart (NYG))(prolongations incluses),2136,72891,1735303585,NYG|dst:player:489891,4511850359,206+,206+,NYG|dst:player:489891,1.6897,0,False
16514244,LA Rams vs. NY Giants,Jaxson Dart,Jaxson Dart (NYG),Joueur total de yards par la passe (Jaxson Dart (NYG))(prolongations incluses),2136,72891,1735303585,NYG|dst:player:489891,4511850360,196+,196+,NYG|dst:player:489891,1.5264,0,False
16514244,LA Rams vs. NY Giants,Matthew Stafford,Matthew Stafford (LAR),Joueur total de yards par la passe (Matthew Stafford (LAR))(prolongations incluses),2136,72891,1735303584,LAR|dst:player:269130,4534249922,239+,239+,LAR|dst:player:269130,1.8696,0,False
16514244,LA Rams vs. NY Giants,Matthew Stafford,Matthew Stafford (LAR),Joueur total de yards par la passe (Matthew Stafford (LAR))(prolongations incluses),2136,72891,1735303584,LAR|dst:player:269130,4534249923,249+,249+,LAR|dst:player:269130,2.0,0,False
16514244,LA Rams vs. NY Giants,Matthew Stafford,Matthew Stafford (LAR),Joueur total de yards par la passe (Matthew Stafford (LAR))(prolongations incluses),2136,72891,1735303584,LAR|dst:player:269130,4534249924,259+,259+,LAR|dst:player:269130,2.2,0,False
16514244,LA Rams vs. NY Giants,Matthew Stafford,Matthew Stafford (LAR),Joueur total de yards par la passe (Matthew Stafford (LAR))(prolongations incluses),2136,72891,1735303584,LAR|dst:player:269130,4534249925,269+,269+,LAR|dst:player:269130,2.4,0,False
16514244,LA Rams vs. NY Giants,Matthew Stafford,Matthew Stafford (LAR),Joueur total de yards par la passe (Matthew Stafford (LAR))(prolongations incluses),2136,72891,1735303584,LAR|dst:player:269130,4534249926,279+,279+,LAR|dst:player:269130,2.7,0,False
16514244,LA Rams vs. NY Giants,Matthew Stafford,Matthew Stafford (LAR),Joueur total de yards par la passe (Matthew Stafford (LAR))(prolongations incluses),2136,72891,1735303584,LAR|dst:player:269130,4534249927,289+,289+,LAR|dst:player:269130,3.0,0,False
16514244,LA Rams vs. NY Giants,Matthew Stafford,Matthew Stafford (LAR),Joueur total de yards par la passe (Matthew Stafford (LAR))(prolongations incluses),2136,72891,1735303584,LAR|dst:player:269130,4534249928,299+,299+,LAR|dst:player:269130,3.4,0,False
16514244,LA Rams vs. NY Giants,Matthew Stafford,Matthew Stafford (LAR),Joueur total de yards par la passe (Matthew Stafford (LAR))(prolongations incluses),2136,72891,1735303584,LAR|dst:player:269130,4534249929,309+,309+,LAR|dst:player:269130,3.85,0,False
16514244,LA Rams vs. NY Giants,Matthew Stafford,Matthew Stafford (LAR),Joueur total de yards par la passe (Matthew Stafford (LAR))(prolongations incluses),2136,72891,1735303584,LAR|dst:player:269130,4534249930,319+,319+,LAR|dst:player:269130,4.3,0,False
16514244,LA Rams vs. NY Giants,Matthew Stafford,Matthew Stafford (LAR),Joueur total de yards par la passe (Matthew Stafford (LAR))(prolongations incluses),2136,72891,1735303584,LAR|dst:player:269130,4534249931,329+,329+,LAR|dst:player:269130,5.0,0,False
16514244,LA Rams vs. NY Giants,Matthew Stafford,Matthew Stafford (LAR),Joueur total de yards par la passe (Matthew Stafford (LAR))(prolongations incluses),2136,72891,1735303584,LAR|dst:player:269130,4534249932,339+,339+,LAR|dst:player:269130,5.75,0,False
16514244,LA Rams vs. NY Giants,Matthew Stafford,Matthew Stafford (LAR),Joueur total de yards par la passe (Matthew Stafford (LAR))(prolongations incluses),2136,72891,1735303584,LAR|dst:player:269130,4534249933,349+,349+,LAR|dst:player:269130,6.75,0,False
16514244,LA Rams vs. NY Giants,Matthew Stafford,Matthew Stafford (LAR),Joueur total de yards par la passe (Matthew Stafford (LAR))(prolongations incluses),2136,72891,1735303584,LAR|dst:player:269130,4534249934,359+,359+,LAR|dst:player:269130,7.75,0,False
16514244,LA Rams vs. NY Giants,Matthew Stafford,Matthew Stafford (LAR),Joueur total de yards par la passe (Matthew Stafford (LAR))(prolongations incluses),2136,72891,1735303584,LAR|dst:player:269130,4534249935,369+,369+,LAR|dst:player:269130,9.0,0,False
16514244,LA Rams vs. NY Giants,Matthew Stafford,Matthew Stafford (LAR),Joueur total de yards par la passe (Matthew Stafford (LAR))(prolongations incluses),2136,72891,1735303584,LAR|dst:player:269130,4534249936,379+,379+,LAR|dst:player:269130,11.0,0,False
16514244,LA Rams vs. NY Giants,Matthew Stafford,Matthew Stafford (LAR),Joueur total de yards par la passe (Matthew Stafford (LAR))(prolongations incluses),2136,72891,1735303584,LAR|dst:player:269130,4534249937,229+,229+,LAR|dst:player:269130,1.6897,0,False
16514244,LA Rams vs. NY Giants,Matthew Stafford,Matthew Stafford (LAR),Joueur total de yards par la passe (Matthew Stafford (LAR))(prolongations incluses),2136,72891,1735303584,LAR|dst:player:269130,4534249938,219+,219+,LAR|dst:player:269130,1.5556,0,False
16514244,LA Rams vs. NY Giants,Kyren Williams,Kyren Williams (LAR),Total de Touchdowns du joueur (Incl. Prolongations) (Kyren Williams (LAR)),2145,72900,1733785235,LAR|dst:player:309275,4504401618,1+,1+,LAR|dst:player:309275,1.5,0,False
16514244,LA Rams vs. NY Giants,Kyren Williams,Kyren Williams (LAR),Total de Touchdowns du joueur (Incl. Prolongations) (Kyren Williams (LAR)),2145,72900,1733785235,LAR|dst:player:309275,4504401619,2+,2+,LAR|dst:player:309275,3.5,0,False
16514244,LA Rams vs. NY Giants,Kyren Williams,Kyren Williams (LAR),Total de Touchdowns du joueur (Incl. Prolongations) (Kyren Williams (LAR)),2145,72900,1733785235,LAR|dst:player:309275,4504401620,3+,3+,LAR|dst:player:309275,15.0,0,False
16514244,LA Rams vs. NY Giants,Davante Adams,Davante Adams (LAR),Total de Touchdowns du joueur (Incl. Prolongations) (Davante Adams (LAR)),2145,72900,1733785414,LAR|dst:player:476257,4504402104,2+,2+,LAR|dst:player:476257,4.5,0,False
16514244,LA Rams vs. NY Giants,Davante Adams,Davante Adams (LAR),Total de Touchdowns du joueur (Incl. Prolongations) (Davante Adams (LAR)),2145,72900,1733785414,LAR|dst:player:476257,4504402105,3+,3+,LAR|dst:player:476257,20.0,0,False
16514244,LA Rams vs. NY Giants,Davante Adams,Davante Adams (LAR),Total de Touchdowns du joueur (Incl. Prolongations) (Davante Adams (LAR)),2145,72900,1733785414,LAR|dst:player:476257,4504402103,1+,1+,LAR|dst:player:476257,1.6897,0,False
16514244,LA Rams vs. NY Giants,Cameron Skattebo,Cameron Skattebo (NYG),Total de Touchdowns du joueur (Incl. Prolongations) (Cameron Skattebo (NYG)),2145,72900,1733785477,NYG|dst:player:492573,4504402280,2+,2+,NYG|dst:player:492573,6.5,0,False
16514244,LA Rams vs. NY Giants,Cameron Skattebo,Cameron Skattebo (NYG),Total de Touchdowns du joueur (Incl. Prolongations) (Cameron Skattebo (NYG)),2145,72900,1733785477,NYG|dst:player:492573,4504402281,3+,3+,NYG|dst:player:492573,31.0,0,False
16514244,LA Rams vs. NY Giants,Cameron Skattebo,Cameron Skattebo (NYG),Total de Touchdowns du joueur (Incl. Prolongations) (Cameron Skattebo (NYG)),2145,72900,1733785477,NYG|dst:player:492573,4504402279,1+,1+,NYG|dst:player:492573,2.1,0,False
16514244,LA Rams vs. NY Giants,Blake Corum,Blake Corum (LAR),Total de Touchdowns du joueur (Incl. Prolongations) (Blake Corum (LAR)),2145,72900,1733785412,LAR|dst:player:430261,4504402097,1+,1+,LAR|dst:player:430261,2.9,0,False
16514244,LA Rams vs. NY Giants,Blake Corum,Blake Corum (LAR),Total de Touchdowns du joueur (Incl. Prolongations) (Blake Corum (LAR)),2145,72900,1733785412,LAR|dst:player:430261,4504402098,2+,2+,LAR|dst:player:430261,12.0,0,False
16514244,LA Rams vs. NY Giants,Blake Corum,Blake Corum (LAR),Total de Touchdowns du joueur (Incl. Prolongations) (Blake Corum (LAR)),2145,72900,1733785412,LAR|dst:player:430261,4504402099,3+,3+,LAR|dst:player:430261,81.0,0,False
16514244,LA Rams vs. NY Giants,Malik Nabers,Malik Nabers (NYG),Total de Touchdowns du joueur (Incl. Prolongations) (Malik Nabers (NYG)),2145,72900,1733785411,NYG|dst:player:430013,4504402096,3+,3+,NYG|dst:player:430013,81.0,0,False
16514244,LA Rams vs. NY Giants,Malik Nabers,Malik Nabers (NYG),Total de Touchdowns du joueur (Incl. Prolongations) (Malik Nabers (NYG)),2145,72900,1733785411,NYG|dst:player:430013,4504402094,1+,1+,NYG|dst:player:430013,2.9,0,False
16514244,LA Rams vs. NY Giants,Malik Nabers,Malik Nabers (NYG),Total de Touchdowns du joueur (Incl. Prolongations) (Malik Nabers (NYG)),2145,72900,1733785411,NYG|dst:player:430013,4504402095,2+,2+,NYG|dst:player:430013,12.0,0,False
16514244,LA Rams vs. NY Giants,Jaxson Dart,Jaxson Dart (NYG),Total de Touchdowns du joueur (Incl. Prolongations) (Jaxson Dart (NYG)),2145,72900,1733785415,NYG|dst:player:489891,4504402106,1+,1+,NYG|dst:player:489891,3.2,0,False
16514244,LA Rams vs. NY Giants,Jaxson Dart,Jaxson Dart (NYG),Total de Touchdowns du joueur (Incl. Prolongations) (Jaxson Dart (NYG)),2145,72900,1733785415,NYG|dst:player:489891,4504402107,2+,2+,NYG|dst:player:489891,15.0,0,False
16514244,LA Rams vs. NY Giants,Jaxson Dart,Jaxson Dart (NYG),Total de Touchdowns du joueur (Incl. Prolongations) (Jaxson Dart (NYG)),2145,72900,1733785415,NYG|dst:player:489891,4504402108,3+,3+,NYG|dst:player:489891,91.0,0,False
16514244,LA Rams vs. NY Giants,Terrance Ferguson,Terrance Ferguson (LAR),Total de Touchdowns du joueur (Incl. Prolongations) (Terrance Ferguson (LAR)),2145,72900,1734645311,LAR|dst:player:498351,4506952161,1+,1+,LAR|dst:player:498351,3.3,0,False
16514244,LA Rams vs. NY Giants,Terrance Ferguson,Terrance Ferguson (LAR),Total de Touchdowns du joueur (Incl. Prolongations) (Terrance Ferguson (LAR)),2145,72900,1734645311,LAR|dst:player:498351,4506952162,2+,2+,LAR|dst:player:498351,16.0,0,False
16514244,LA Rams vs. NY Giants,Terrance Ferguson,Terrance Ferguson (LAR),Total de Touchdowns du joueur (Incl. Prolongations) (Terrance Ferguson (LAR)),2145,72900,1734645311,LAR|dst:player:498351,4506952163,3+,3+,LAR|dst:player:498351,101.0,0,False
16514244,LA Rams vs. NY Giants,Colby Parkinson,Colby Parkinson (LAR),Total de Touchdowns du joueur (Incl. Prolongations) (Colby Parkinson (LAR)),2145,72900,1733785347,LAR|dst:player:409903,4504401931,1+,1+,LAR|dst:player:409903,3.4,0,False
16514244,LA Rams vs. NY Giants,Colby Parkinson,Colby Parkinson (LAR),Total de Touchdowns du joueur (Incl. Prolongations) (Colby Parkinson (LAR)),2145,72900,1733785347,LAR|dst:player:409903,4504401932,2+,2+,LAR|dst:player:409903,17.0,0,False
16514244,LA Rams vs. NY Giants,Colby Parkinson,Colby Parkinson (LAR),Total de Touchdowns du joueur (Incl. Prolongations) (Colby Parkinson (LAR)),2145,72900,1733785347,LAR|dst:player:409903,4504401933,3+,3+,LAR|dst:player:409903,101.0,0,False
16514244,LA Rams vs. NY Giants,Isaiah Likely,Isaiah Likely (NYG),Total de Touchdowns du joueur (Incl. Prolongations) (Isaiah Likely (NYG)),2145,72900,1733785478,NYG|dst:player:540760,4504402282,1+,1+,NYG|dst:player:540760,3.75,0,False
16514244,LA Rams vs. NY Giants,Isaiah Likely,Isaiah Likely (NYG),Total de Touchdowns du joueur (Incl. Prolongations) (Isaiah Likely (NYG)),2145,72900,1733785478,NYG|dst:player:540760,4504402283,2+,2+,NYG|dst:player:540760,20.0,0,False
16514244,LA Rams vs. NY Giants,Isaiah Likely,Isaiah Likely (NYG),Total de Touchdowns du joueur (Incl. Prolongations) (Isaiah Likely (NYG)),2145,72900,1733785478,NYG|dst:player:540760,4504402284,3+,3+,NYG|dst:player:540760,101.0,0,False
16514244,LA Rams vs. NY Giants,Tyler Higbee,Tyler Higbee (LAR),Total de Touchdowns du joueur (Incl. Prolongations) (Tyler Higbee (LAR)),2145,72900,1734645371,LAR|dst:player:145449,4506952312,1+,1+,LAR|dst:player:145449,5.0,0,False
16514244,LA Rams vs. NY Giants,Tyler Higbee,Tyler Higbee (LAR),Total de Touchdowns du joueur (Incl. Prolongations) (Tyler Higbee (LAR)),2145,72900,1734645371,LAR|dst:player:145449,4506952313,2+,2+,LAR|dst:player:145449,36.0,0,False
16514244,LA Rams vs. NY Giants,Tyler Higbee,Tyler Higbee (LAR),Total de Touchdowns du joueur (Incl. Prolongations) (Tyler Higbee (LAR)),2145,72900,1734645371,LAR|dst:player:145449,4506952314,3+,3+,LAR|dst:player:145449,151.0,0,False
16514244,LA Rams vs. NY Giants,Devin Singletary,Devin Singletary (NYG),Total de Touchdowns du joueur (Incl. Prolongations) (Devin Singletary (NYG)),2145,72900,1733785348,NYG|dst:player:409911,4504401936,3+,3+,NYG|dst:player:409911,151.0,0,False
16514244,LA Rams vs. NY Giants,Devin Singletary,Devin Singletary (NYG),Total de Touchdowns du joueur (Incl. Prolongations) (Devin Singletary (NYG)),2145,72900,1733785348,NYG|dst:player:409911,4504401934,1+,1+,NYG|dst:player:409911,5.0,0,False
16514244,LA Rams vs. NY Giants,Devin Singletary,Devin Singletary (NYG),Total de Touchdowns du joueur (Incl. Prolongations) (Devin Singletary (NYG)),2145,72900,1733785348,NYG|dst:player:409911,4504401935,2+,2+,NYG|dst:player:409911,36.0,0,False
16514244,LA Rams vs. NY Giants,Malachi Fields,Malachi Fields (NYG),Total de Touchdowns du joueur (Incl. Prolongations) (Malachi Fields (NYG)),2145,72900,1733785481,NYG|dst:player:546489,4504402291,1+,1+,NYG|dst:player:546489,5.0,0,False
16514244,LA Rams vs. NY Giants,Malachi Fields,Malachi Fields (NYG),Total de Touchdowns du joueur (Incl. Prolongations) (Malachi Fields (NYG)),2145,72900,1733785481,NYG|dst:player:546489,4504402292,2+,2+,NYG|dst:player:546489,36.0,0,False
16514244,LA Rams vs. NY Giants,Malachi Fields,Malachi Fields (NYG),Total de Touchdowns du joueur (Incl. Prolongations) (Malachi Fields (NYG)),2145,72900,1733785481,NYG|dst:player:546489,4504402293,3+,3+,NYG|dst:player:546489,151.0,0,False
16514244,LA Rams vs. NY Giants,Najee Harris,Najee Harris (NYG),Total de Touchdowns du joueur (Incl. Prolongations) (Najee Harris (NYG)),2145,72900,1737154453,NYG|dst:player:564087,4516317883,1+,1+,NYG|dst:player:564087,6.5,0,False
16514244,LA Rams vs. NY Giants,Najee Harris,Najee Harris (NYG),Total de Touchdowns du joueur (Incl. Prolongations) (Najee Harris (NYG)),2145,72900,1737154453,NYG|dst:player:564087,4516317884,2+,2+,NYG|dst:player:564087,41.0,0,False
16514244,LA Rams vs. NY Giants,Najee Harris,Najee Harris (NYG),Total de Touchdowns du joueur (Incl. Prolongations) (Najee Harris (NYG)),2145,72900,1737154453,NYG|dst:player:564087,4516317885,3+,3+,NYG|dst:player:564087,201.0,0,False
16514244,LA Rams vs. NY Giants,Tyrone Tracy,Tyrone Tracy (NYG),Total de Touchdowns du joueur (Incl. Prolongations) (Tyrone Tracy (NYG)),2145,72900,1734645312,NYG|dst:player:430015,4506952164,1+,1+,NYG|dst:player:430015,7.5,0,False
16514244,LA Rams vs. NY Giants,Tyrone Tracy,Tyrone Tracy (NYG),Total de Touchdowns du joueur (Incl. Prolongations) (Tyrone Tracy (NYG)),2145,72900,1734645312,NYG|dst:player:430015,4506952165,2+,2+,NYG|dst:player:430015,51.0,0,False
16514244,LA Rams vs. NY Giants,Tyrone Tracy,Tyrone Tracy (NYG),Total de Touchdowns du joueur (Incl. Prolongations) (Tyrone Tracy (NYG)),2145,72900,1734645312,NYG|dst:player:430015,4506952166,3+,3+,NYG|dst:player:430015,201.0,0,False
16514244,LA Rams vs. NY Giants,Darnell Mooney,Darnell Mooney (NYG),Total de Touchdowns du joueur (Incl. Prolongations) (Darnell Mooney (NYG)),2145,72900,1733785480,NYG|dst:player:541181,4504402288,1+,1+,NYG|dst:player:541181,8.0,0,False
16514244,LA Rams vs. NY Giants,Darnell Mooney,Darnell Mooney (NYG),Total de Touchdowns du joueur (Incl. Prolongations) (Darnell Mooney (NYG)),2145,72900,1733785480,NYG|dst:player:541181,4504402289,2+,2+,NYG|dst:player:541181,61.0,0,False
16514244,LA Rams vs. NY Giants,Darnell Mooney,Darnell Mooney (NYG),Total de Touchdowns du joueur (Incl. Prolongations) (Darnell Mooney (NYG)),2145,72900,1733785480,NYG|dst:player:541181,4504402290,3+,3+,NYG|dst:player:541181,201.0,0,False
16514244,LA Rams vs. NY Giants,Theo Johnson,Theo Johnson (NYG),Total de Touchdowns du joueur (Incl. Prolongations) (Theo Johnson (NYG)),2145,72900,1733785413,NYG|dst:player:430841,4504402100,1+,1+,NYG|dst:player:430841,8.5,0,False
16514244,LA Rams vs. NY Giants,Theo Johnson,Theo Johnson (NYG),Total de Touchdowns du joueur (Incl. Prolongations) (Theo Johnson (NYG)),2145,72900,1733785413,NYG|dst:player:430841,4504402101,2+,2+,NYG|dst:player:430841,61.0,0,False
16514244,LA Rams vs. NY Giants,Theo Johnson,Theo Johnson (NYG),Total de Touchdowns du joueur (Incl. Prolongations) (Theo Johnson (NYG)),2145,72900,1733785413,NYG|dst:player:430841,4504402102,3+,3+,NYG|dst:player:430841,201.0,0,False
16514244,LA Rams vs. NY Giants,Matthew Stafford,Matthew Stafford (LAR),Total de Touchdowns du joueur (Incl. Prolongations) (Matthew Stafford (LAR)),2145,72900,1733785234,LAR|dst:player:269130,4504401616,2+,2+,LAR|dst:player:269130,101.0,0,False
16514244,LA Rams vs. NY Giants,Matthew Stafford,Matthew Stafford (LAR),Total de Touchdowns du joueur (Incl. Prolongations) (Matthew Stafford (LAR)),2145,72900,1733785234,LAR|dst:player:269130,4504401617,3+,3+,LAR|dst:player:269130,251.0,0,False
16514244,LA Rams vs. NY Giants,Matthew Stafford,Matthew Stafford (LAR),Total de Touchdowns du joueur (Incl. Prolongations) (Matthew Stafford (LAR)),2145,72900,1733785234,LAR|dst:player:269130,4504401615,1+,1+,LAR|dst:player:269130,15.0,0,False
16514244,LA Rams vs. NY Giants,Odell Beckham Jr.,Odell Beckham Jr. (NYG),Total de Touchdowns du joueur (Incl. Prolongations) (Odell Beckham Jr. (NYG)),2145,72900,1733785233,NYG|dst:player:125200,4504401612,1+,1+,NYG|dst:player:125200,15.0,0,False
16514244,LA Rams vs. NY Giants,Odell Beckham Jr.,Odell Beckham Jr. (NYG),Total de Touchdowns du joueur (Incl. Prolongations) (Odell Beckham Jr. (NYG)),2145,72900,1733785233,NYG|dst:player:125200,4504401613,2+,2+,NYG|dst:player:125200,101.0,0,False
16514244,LA Rams vs. NY Giants,Odell Beckham Jr.,Odell Beckham Jr. (NYG),Total de Touchdowns du joueur (Incl. Prolongations) (Odell Beckham Jr. (NYG)),2145,72900,1733785233,NYG|dst:player:125200,4504401614,3+,3+,NYG|dst:player:125200,251.0,0,False
16514244,LA Rams vs. NY Giants,Chris Manhertz,Chris Manhertz (NYG),Total de Touchdowns du joueur (Incl. Prolongations) (Chris Manhertz (NYG)),2145,72900,1733785349,NYG|dst:player:410346,4504401937,1+,1+,NYG|dst:player:410346,26.0,0,False
16514244,LA Rams vs. NY Giants,Chris Manhertz,Chris Manhertz (NYG),Total de Touchdowns du joueur (Incl. Prolongations) (Chris Manhertz (NYG)),2145,72900,1733785349,NYG|dst:player:410346,4504401938,2+,2+,NYG|dst:player:410346,151.0,0,False
16514244,LA Rams vs. NY Giants,Chris Manhertz,Chris Manhertz (NYG),Total de Touchdowns du joueur (Incl. Prolongations) (Chris Manhertz (NYG)),2145,72900,1733785349,NYG|dst:player:410346,4504401939,3+,3+,NYG|dst:player:410346,251.0,0,False
16514244,LA Rams vs. NY Giants,Thomas Fidone II,Thomas Fidone II (NYG),Total de Touchdowns du joueur (Incl. Prolongations) (Thomas Fidone II (NYG)),2145,72900,1736964679,NYG|dst:player:484640,4515798017,1+,1+,NYG|dst:player:484640,26.0,0,False
16514244,LA Rams vs. NY Giants,Thomas Fidone II,Thomas Fidone II (NYG),Total de Touchdowns du joueur (Incl. Prolongations) (Thomas Fidone II (NYG)),2145,72900,1736964679,NYG|dst:player:484640,4515798018,2+,2+,NYG|dst:player:484640,151.0,0,False
16514244,LA Rams vs. NY Giants,Thomas Fidone II,Thomas Fidone II (NYG),Total de Touchdowns du joueur (Incl. Prolongations) (Thomas Fidone II (NYG)),2145,72900,1736964679,NYG|dst:player:484640,4515798019,3+,3+,NYG|dst:player:484640,251.0,0,False
16514244,LA Rams vs. NY Giants,Patrick Ricard,Patrick Ricard (NYG),Total de Touchdowns du joueur (Incl. Prolongations) (Patrick Ricard (NYG)),2145,72900,1733785479,NYG|dst:player:540856,4504402285,1+,1+,NYG|dst:player:540856,31.0,0,False
16514244,LA Rams vs. NY Giants,Patrick Ricard,Patrick Ricard (NYG),Total de Touchdowns du joueur (Incl. Prolongations) (Patrick Ricard (NYG)),2145,72900,1733785479,NYG|dst:player:540856,4504402286,2+,2+,NYG|dst:player:540856,151.0,0,False
16514244,LA Rams vs. NY Giants,Patrick Ricard,Patrick Ricard (NYG),Total de Touchdowns du joueur (Incl. Prolongations) (Patrick Ricard (NYG)),2145,72900,1733785479,NYG|dst:player:540856,4504402287,3+,3+,NYG|dst:player:540856,251.0,0,False
16514244,LA Rams vs. NY Giants,Matthew Stafford,Matthew Stafford (LAR),Joueur total de TDs par la passe (Matthew Stafford (LAR) (prolongations incluses),2138,72893,1735303528,LAR|dst:player:269130,4509458009,2+,2+,LAR|dst:player:269130,1.5,0,False
16514244,LA Rams vs. NY Giants,Matthew Stafford,Matthew Stafford (LAR),Joueur total de TDs par la passe (Matthew Stafford (LAR) (prolongations incluses),2138,72893,1735303528,LAR|dst:player:269130,4509458010,3+,3+,LAR|dst:player:269130,2.55,0,False
16514244,LA Rams vs. NY Giants,Matthew Stafford,Matthew Stafford (LAR),Joueur total de TDs par la passe (Matthew Stafford (LAR) (prolongations incluses),2138,72893,1735303528,LAR|dst:player:269130,4509458011,4+,4+,LAR|dst:player:269130,5.25,0,False
16514244,LA Rams vs. NY Giants,Matthew Stafford,Matthew Stafford (LAR),Joueur total de TDs par la passe (Matthew Stafford (LAR) (prolongations incluses),2138,72893,1735303528,LAR|dst:player:269130,4509458012,1+,1+,LAR|dst:player:269130,1.05,0,False
16514244,LA Rams vs. NY Giants,Jaxson Dart,Jaxson Dart (NYG),Joueur total de TDs par la passe (Jaxson Dart (NYG) (prolongations incluses),2138,72893,1735303530,NYG|dst:player:489891,4509458024,1+,1+,NYG|dst:player:489891,1.3125,0,False
16514244,LA Rams vs. NY Giants,Jaxson Dart,Jaxson Dart (NYG),Joueur total de TDs par la passe (Jaxson Dart (NYG) (prolongations incluses),2138,72893,1735303530,NYG|dst:player:489891,4509458021,2+,2+,NYG|dst:player:489891,2.75,0,False
16514244,LA Rams vs. NY Giants,Jaxson Dart,Jaxson Dart (NYG),Joueur total de TDs par la passe (Jaxson Dart (NYG) (prolongations incluses),2138,72893,1735303530,NYG|dst:player:489891,4509458022,3+,3+,NYG|dst:player:489891,5.5,0,False
16514244,LA Rams vs. NY Giants,Jaxson Dart,Jaxson Dart (NYG),Joueur total de TDs par la passe (Jaxson Dart (NYG) (prolongations incluses),2138,72893,1735303530,NYG|dst:player:489891,4509458023,4+,4+,NYG|dst:player:489891,16.0,0,False
16514244,LA Rams vs. NY Giants,Malachi Fields,Malachi Fields (NYG),Joueur total de yards sur réception (Malachi Fields (NYG)) (prolongations incluses),2143,72898,1739636364,NYG|dst:player:546489,4525385472,97+,97+,NYG|dst:player:546489,36.0,0,False
16514244,LA Rams vs. NY Giants,Malachi Fields,Malachi Fields (NYG),Joueur total de yards sur réception (Malachi Fields (NYG)) (prolongations incluses),2143,72898,1739636364,NYG|dst:player:546489,4525385473,17+,17+,NYG|dst:player:546489,1.3572,0,False
16514244,LA Rams vs. NY Giants,Malachi Fields,Malachi Fields (NYG),Joueur total de yards sur réception (Malachi Fields (NYG)) (prolongations incluses),2143,72898,1739636364,NYG|dst:player:546489,4525385465,27+,27+,NYG|dst:player:546489,1.8696,0,False
16514244,LA Rams vs. NY Giants,Malachi Fields,Malachi Fields (NYG),Joueur total de yards sur réception (Malachi Fields (NYG)) (prolongations incluses),2143,72898,1739636364,NYG|dst:player:546489,4525385466,37+,37+,NYG|dst:player:546489,2.4,0,False
16514244,LA Rams vs. NY Giants,Malachi Fields,Malachi Fields (NYG),Joueur total de yards sur réception (Malachi Fields (NYG)) (prolongations incluses),2143,72898,1739636364,NYG|dst:player:546489,4525385467,47+,47+,NYG|dst:player:546489,3.3,0,False
16514244,LA Rams vs. NY Giants,Malachi Fields,Malachi Fields (NYG),Joueur total de yards sur réception (Malachi Fields (NYG)) (prolongations incluses),2143,72898,1739636364,NYG|dst:player:546489,4525385468,57+,57+,NYG|dst:player:546489,4.75,0,False
16514244,LA Rams vs. NY Giants,Malachi Fields,Malachi Fields (NYG),Joueur total de yards sur réception (Malachi Fields (NYG)) (prolongations incluses),2143,72898,1739636364,NYG|dst:player:546489,4525385469,67+,67+,NYG|dst:player:546489,7.25,0,False
16514244,LA Rams vs. NY Giants,Malachi Fields,Malachi Fields (NYG),Joueur total de yards sur réception (Malachi Fields (NYG)) (prolongations incluses),2143,72898,1739636364,NYG|dst:player:546489,4525385470,77+,77+,NYG|dst:player:546489,12.0,0,False
16514244,LA Rams vs. NY Giants,Malachi Fields,Malachi Fields (NYG),Joueur total de yards sur réception (Malachi Fields (NYG)) (prolongations incluses),2143,72898,1739636364,NYG|dst:player:546489,4525385471,87+,87+,NYG|dst:player:546489,20.0,0,False
16514244,LA Rams vs. NY Giants,Isaiah Likely,Isaiah Likely (NYG),Joueur total de yards sur réception (Isaiah Likely (NYG)) (prolongations incluses),2143,72898,1735305459,NYG|dst:player:540760,4525583477,44+,44+,NYG|dst:player:540760,1.8334,0,False
16514244,LA Rams vs. NY Giants,Isaiah Likely,Isaiah Likely (NYG),Joueur total de yards sur réception (Isaiah Likely (NYG)) (prolongations incluses),2143,72898,1735305459,NYG|dst:player:540760,4525583478,54+,54+,NYG|dst:player:540760,2.25,0,False
16514244,LA Rams vs. NY Giants,Isaiah Likely,Isaiah Likely (NYG),Joueur total de yards sur réception (Isaiah Likely (NYG)) (prolongations incluses),2143,72898,1735305459,NYG|dst:player:540760,4525583479,64+,64+,NYG|dst:player:540760,2.85,0,False
16514244,LA Rams vs. NY Giants,Isaiah Likely,Isaiah Likely (NYG),Joueur total de yards sur réception (Isaiah Likely (NYG)) (prolongations incluses),2143,72898,1735305459,NYG|dst:player:540760,4525583480,74+,74+,NYG|dst:player:540760,3.85,0,False
16514244,LA Rams vs. NY Giants,Isaiah Likely,Isaiah Likely (NYG),Joueur total de yards sur réception (Isaiah Likely (NYG)) (prolongations incluses),2143,72898,1735305459,NYG|dst:player:540760,4525583481,84+,84+,NYG|dst:player:540760,5.25,0,False
16514244,LA Rams vs. NY Giants,Isaiah Likely,Isaiah Likely (NYG),Joueur total de yards sur réception (Isaiah Likely (NYG)) (prolongations incluses),2143,72898,1735305459,NYG|dst:player:540760,4525583482,94+,94+,NYG|dst:player:540760,7.5,0,False
16514244,LA Rams vs. NY Giants,Isaiah Likely,Isaiah Likely (NYG),Joueur total de yards sur réception (Isaiah Likely (NYG)) (prolongations incluses),2143,72898,1735305459,NYG|dst:player:540760,4525583483,104+,104+,NYG|dst:player:540760,12.0,0,False
16514244,LA Rams vs. NY Giants,Isaiah Likely,Isaiah Likely (NYG),Joueur total de yards sur réception (Isaiah Likely (NYG)) (prolongations incluses),2143,72898,1735305459,NYG|dst:player:540760,4525583484,114+,114+,NYG|dst:player:540760,18.0,0,False
16514244,LA Rams vs. NY Giants,Isaiah Likely,Isaiah Likely (NYG),Joueur total de yards sur réception (Isaiah Likely (NYG)) (prolongations incluses),2143,72898,1735305459,NYG|dst:player:540760,4525583485,124+,124+,NYG|dst:player:540760,31.0,0,False
16514244,LA Rams vs. NY Giants,Isaiah Likely,Isaiah Likely (NYG),Joueur total de yards sur réception (Isaiah Likely (NYG)) (prolongations incluses),2143,72898,1735305459,NYG|dst:player:540760,4525583486,34+,34+,NYG|dst:player:540760,1.3847,0,False
16514244,LA Rams vs. NY Giants,Colby Parkinson,Colby Parkinson (LAR),Joueur total de yards sur réception (Colby Parkinson (LAR)) (prolongations incluses),2143,72898,1742757263,LAR|dst:player:409903,4535576973,27+,27+,LAR|dst:player:409903,1.8696,0,False
16514244,LA Rams vs. NY Giants,Colby Parkinson,Colby Parkinson (LAR),Joueur total de yards sur réception (Colby Parkinson (LAR)) (prolongations incluses),2143,72898,1742757263,LAR|dst:player:409903,4535576974,37+,37+,LAR|dst:player:409903,2.3,0,False
16514244,LA Rams vs. NY Giants,Colby Parkinson,Colby Parkinson (LAR),Joueur total de yards sur réception (Colby Parkinson (LAR)) (prolongations incluses),2143,72898,1742757263,LAR|dst:player:409903,4535576975,47+,47+,LAR|dst:player:409903,2.9,0,False
16514244,LA Rams vs. NY Giants,Colby Parkinson,Colby Parkinson (LAR),Joueur total de yards sur réception (Colby Parkinson (LAR)) (prolongations incluses),2143,72898,1742757263,LAR|dst:player:409903,4535576976,57+,57+,LAR|dst:player:409903,3.85,0,False
16514244,LA Rams vs. NY Giants,Colby Parkinson,Colby Parkinson (LAR),Joueur total de yards sur réception (Colby Parkinson (LAR)) (prolongations incluses),2143,72898,1742757263,LAR|dst:player:409903,4535576977,67+,67+,LAR|dst:player:409903,5.25,0,False
16514244,LA Rams vs. NY Giants,Colby Parkinson,Colby Parkinson (LAR),Joueur total de yards sur réception (Colby Parkinson (LAR)) (prolongations incluses),2143,72898,1742757263,LAR|dst:player:409903,4535576978,77+,77+,LAR|dst:player:409903,7.5,0,False
16514244,LA Rams vs. NY Giants,Colby Parkinson,Colby Parkinson (LAR),Joueur total de yards sur réception (Colby Parkinson (LAR)) (prolongations incluses),2143,72898,1742757263,LAR|dst:player:409903,4535576979,87+,87+,LAR|dst:player:409903,11.0,0,False
16514244,LA Rams vs. NY Giants,Colby Parkinson,Colby Parkinson (LAR),Joueur total de yards sur réception (Colby Parkinson (LAR)) (prolongations incluses),2143,72898,1742757263,LAR|dst:player:409903,4535576980,97+,97+,LAR|dst:player:409903,17.0,0,False
16514244,LA Rams vs. NY Giants,Colby Parkinson,Colby Parkinson (LAR),Joueur total de yards sur réception (Colby Parkinson (LAR)) (prolongations incluses),2143,72898,1742757263,LAR|dst:player:409903,4535576981,107+,107+,LAR|dst:player:409903,26.0,0,False
16514244,LA Rams vs. NY Giants,Colby Parkinson,Colby Parkinson (LAR),Joueur total de yards sur réception (Colby Parkinson (LAR)) (prolongations incluses),2143,72898,1742757263,LAR|dst:player:409903,4535576982,17+,17+,LAR|dst:player:409903,1.4167,0,False
16514244,LA Rams vs. NY Giants,Davante Adams,Davante Adams (LAR),Joueur total de yards sur réception (Davante Adams (LAR)) (prolongations incluses),2143,72898,1735305458,LAR|dst:player:476257,4534248496,63+,63+,LAR|dst:player:476257,1.8,0,False
16514244,LA Rams vs. NY Giants,Davante Adams,Davante Adams (LAR),Joueur total de yards sur réception (Davante Adams (LAR)) (prolongations incluses),2143,72898,1735305458,LAR|dst:player:476257,4534248497,73+,73+,LAR|dst:player:476257,2.15,0,False
16514244,LA Rams vs. NY Giants,Davante Adams,Davante Adams (LAR),Joueur total de yards sur réception (Davante Adams (LAR)) (prolongations incluses),2143,72898,1735305458,LAR|dst:player:476257,4534248498,83+,83+,LAR|dst:player:476257,2.65,0,False
16514244,LA Rams vs. NY Giants,Davante Adams,Davante Adams (LAR),Joueur total de yards sur réception (Davante Adams (LAR)) (prolongations incluses),2143,72898,1735305458,LAR|dst:player:476257,4534248499,93+,93+,LAR|dst:player:476257,3.3,0,False
16514244,LA Rams vs. NY Giants,Davante Adams,Davante Adams (LAR),Joueur total de yards sur réception (Davante Adams (LAR)) (prolongations incluses),2143,72898,1735305458,LAR|dst:player:476257,4534248500,103+,103+,LAR|dst:player:476257,4.3,0,False
16514244,LA Rams vs. NY Giants,Davante Adams,Davante Adams (LAR),Joueur total de yards sur réception (Davante Adams (LAR)) (prolongations incluses),2143,72898,1735305458,LAR|dst:player:476257,4534248501,113+,113+,LAR|dst:player:476257,5.75,0,False
16514244,LA Rams vs. NY Giants,Davante Adams,Davante Adams (LAR),Joueur total de yards sur réception (Davante Adams (LAR)) (prolongations incluses),2143,72898,1735305458,LAR|dst:player:476257,4534248502,123+,123+,LAR|dst:player:476257,8.0,0,False
16514244,LA Rams vs. NY Giants,Davante Adams,Davante Adams (LAR),Joueur total de yards sur réception (Davante Adams (LAR)) (prolongations incluses),2143,72898,1735305458,LAR|dst:player:476257,4534248503,133+,133+,LAR|dst:player:476257,12.0,0,False
16514244,LA Rams vs. NY Giants,Davante Adams,Davante Adams (LAR),Joueur total de yards sur réception (Davante Adams (LAR)) (prolongations incluses),2143,72898,1735305458,LAR|dst:player:476257,4534248504,143+,143+,LAR|dst:player:476257,17.0,0,False
16514244,LA Rams vs. NY Giants,Davante Adams,Davante Adams (LAR),Joueur total de yards sur réception (Davante Adams (LAR)) (prolongations incluses),2143,72898,1735305458,LAR|dst:player:476257,4534248505,53+,53+,LAR|dst:player:476257,1.4167,0,False
16514244,LA Rams vs. NY Giants,Malik Nabers,Malik Nabers (NYG),Joueur total de yards sur réception (Malik Nabers (NYG)) (prolongations incluses),2143,72898,1735305456,NYG|dst:player:430013,4510490720,136+,136+,NYG|dst:player:430013,8.5,0,False
16514244,LA Rams vs. NY Giants,Malik Nabers,Malik Nabers (NYG),Joueur total de yards sur réception (Malik Nabers (NYG)) (prolongations incluses),2143,72898,1735305456,NYG|dst:player:430013,4510490721,146+,146+,NYG|dst:player:430013,12.0,0,False
16514244,LA Rams vs. NY Giants,Malik Nabers,Malik Nabers (NYG),Joueur total de yards sur réception (Malik Nabers (NYG)) (prolongations incluses),2143,72898,1735305456,NYG|dst:player:430013,4510490722,56+,56+,NYG|dst:player:430013,1.5264,0,False
16514244,LA Rams vs. NY Giants,Malik Nabers,Malik Nabers (NYG),Joueur total de yards sur réception (Malik Nabers (NYG)) (prolongations incluses),2143,72898,1735305456,NYG|dst:player:430013,4510490713,66+,66+,NYG|dst:player:430013,1.8696,0,False
16514244,LA Rams vs. NY Giants,Malik Nabers,Malik Nabers (NYG),Joueur total de yards sur réception (Malik Nabers (NYG)) (prolongations incluses),2143,72898,1735305456,NYG|dst:player:430013,4510490714,76+,76+,NYG|dst:player:430013,2.2,0,False
16514244,LA Rams vs. NY Giants,Malik Nabers,Malik Nabers (NYG),Joueur total de yards sur réception (Malik Nabers (NYG)) (prolongations incluses),2143,72898,1735305456,NYG|dst:player:430013,4510490715,86+,86+,NYG|dst:player:430013,2.6,0,False
16514244,LA Rams vs. NY Giants,Malik Nabers,Malik Nabers (NYG),Joueur total de yards sur réception (Malik Nabers (NYG)) (prolongations incluses),2143,72898,1735305456,NYG|dst:player:430013,4510490716,96+,96+,NYG|dst:player:430013,3.2,0,False
16514244,LA Rams vs. NY Giants,Malik Nabers,Malik Nabers (NYG),Joueur total de yards sur réception (Malik Nabers (NYG)) (prolongations incluses),2143,72898,1735305456,NYG|dst:player:430013,4510490717,106+,106+,NYG|dst:player:430013,3.85,0,False
16514244,LA Rams vs. NY Giants,Malik Nabers,Malik Nabers (NYG),Joueur total de yards sur réception (Malik Nabers (NYG)) (prolongations incluses),2143,72898,1735305456,NYG|dst:player:430013,4510490718,116+,116+,NYG|dst:player:430013,5.0,0,False
16514244,LA Rams vs. NY Giants,Malik Nabers,Malik Nabers (NYG),Joueur total de yards sur réception (Malik Nabers (NYG)) (prolongations incluses),2143,72898,1735305456,NYG|dst:player:430013,4510490719,126+,126+,NYG|dst:player:430013,6.5,0,False
16514244,LA Rams vs. NY Giants,Kyren Williams,Kyren Williams (LAR),Joueur total de yards sur réception (Kyren Williams (LAR)) (prolongations incluses),2143,72898,1739635844,LAR|dst:player:309275,4535313458,15+,15+,LAR|dst:player:309275,1.8696,0,False
16514244,LA Rams vs. NY Giants,Kyren Williams,Kyren Williams (LAR),Joueur total de yards sur réception (Kyren Williams (LAR)) (prolongations incluses),2143,72898,1739635844,LAR|dst:player:309275,4535313459,25+,25+,LAR|dst:player:309275,2.35,0,False
16514244,LA Rams vs. NY Giants,Kyren Williams,Kyren Williams (LAR),Joueur total de yards sur réception (Kyren Williams (LAR)) (prolongations incluses),2143,72898,1739635844,LAR|dst:player:309275,4535313460,35+,35+,LAR|dst:player:309275,3.1,0,False
16514244,LA Rams vs. NY Giants,Kyren Williams,Kyren Williams (LAR),Joueur total de yards sur réception (Kyren Williams (LAR)) (prolongations incluses),2143,72898,1739635844,LAR|dst:player:309275,4535313461,45+,45+,LAR|dst:player:309275,4.4,0,False
16514244,LA Rams vs. NY Giants,Kyren Williams,Kyren Williams (LAR),Joueur total de yards sur réception (Kyren Williams (LAR)) (prolongations incluses),2143,72898,1739635844,LAR|dst:player:309275,4535313462,55+,55+,LAR|dst:player:309275,6.5,0,False
16514244,LA Rams vs. NY Giants,Kyren Williams,Kyren Williams (LAR),Joueur total de yards sur réception (Kyren Williams (LAR)) (prolongations incluses),2143,72898,1739635844,LAR|dst:player:309275,4535313463,65+,65+,LAR|dst:player:309275,10.0,0,False
16514244,LA Rams vs. NY Giants,Kyren Williams,Kyren Williams (LAR),Joueur total de yards sur réception (Kyren Williams (LAR)) (prolongations incluses),2143,72898,1739635844,LAR|dst:player:309275,4535313464,75+,75+,LAR|dst:player:309275,17.0,0,False
16514244,LA Rams vs. NY Giants,Kyren Williams,Kyren Williams (LAR),Joueur total de yards sur réception (Kyren Williams (LAR)) (prolongations incluses),2143,72898,1739635844,LAR|dst:player:309275,4535313465,85+,85+,LAR|dst:player:309275,26.0,0,False
16514244,LA Rams vs. NY Giants,Cameron Skattebo,Cameron Skattebo (NYG),Joueur total de yards sur réception (Cameron Skattebo (NYG)) (prolongations incluses),2143,72898,1739636043,NYG|dst:player:492573,4525384652,12+,12+,NYG|dst:player:492573,1.8696,0,False
16514244,LA Rams vs. NY Giants,Cameron Skattebo,Cameron Skattebo (NYG),Joueur total de yards sur réception (Cameron Skattebo (NYG)) (prolongations incluses),2143,72898,1739636043,NYG|dst:player:492573,4525384653,22+,22+,NYG|dst:player:492573,2.35,0,False
16514244,LA Rams vs. NY Giants,Cameron Skattebo,Cameron Skattebo (NYG),Joueur total de yards sur réception (Cameron Skattebo (NYG)) (prolongations incluses),2143,72898,1739636043,NYG|dst:player:492573,4525384654,32+,32+,NYG|dst:player:492573,3.1,0,False
16514244,LA Rams vs. NY Giants,Cameron Skattebo,Cameron Skattebo (NYG),Joueur total de yards sur réception (Cameron Skattebo (NYG)) (prolongations incluses),2143,72898,1739636043,NYG|dst:player:492573,4525384655,42+,42+,NYG|dst:player:492573,4.4,0,False
16514244,LA Rams vs. NY Giants,Cameron Skattebo,Cameron Skattebo (NYG),Joueur total de yards sur réception (Cameron Skattebo (NYG)) (prolongations incluses),2143,72898,1739636043,NYG|dst:player:492573,4525384656,52+,52+,NYG|dst:player:492573,6.5,0,False
16514244,LA Rams vs. NY Giants,Cameron Skattebo,Cameron Skattebo (NYG),Joueur total de yards sur réception (Cameron Skattebo (NYG)) (prolongations incluses),2143,72898,1739636043,NYG|dst:player:492573,4525384657,62+,62+,NYG|dst:player:492573,10.0,0,False
16514244,LA Rams vs. NY Giants,Cameron Skattebo,Cameron Skattebo (NYG),Joueur total de yards sur réception (Cameron Skattebo (NYG)) (prolongations incluses),2143,72898,1739636043,NYG|dst:player:492573,4525384658,72+,72+,NYG|dst:player:492573,17.0,0,False
16514244,LA Rams vs. NY Giants,Cameron Skattebo,Cameron Skattebo (NYG),Joueur total de yards sur réception (Cameron Skattebo (NYG)) (prolongations incluses),2143,72898,1739636043,NYG|dst:player:492573,4525384659,82+,82+,NYG|dst:player:492573,26.0,0,False
16514244,LA Rams vs. NY Giants,Odell Beckham Jr.,Odell Beckham Jr. (NYG),Joueur total de yards sur réception (Odell Beckham Jr. (NYG)) (prolongations incluses),2143,72898,1740739791,NYG|dst:player:125200,4531385070,16+,16+,NYG|dst:player:125200,2.3,0,False
16514244,LA Rams vs. NY Giants,Odell Beckham Jr.,Odell Beckham Jr. (NYG),Joueur total de yards sur réception (Odell Beckham Jr. (NYG)) (prolongations incluses),2143,72898,1740739791,NYG|dst:player:125200,4531385071,26+,26+,NYG|dst:player:125200,3.0,0,False
16514244,LA Rams vs. NY Giants,Odell Beckham Jr.,Odell Beckham Jr. (NYG),Joueur total de yards sur réception (Odell Beckham Jr. (NYG)) (prolongations incluses),2143,72898,1740739791,NYG|dst:player:125200,4531385072,36+,36+,NYG|dst:player:125200,4.0,0,False
16514244,LA Rams vs. NY Giants,Odell Beckham Jr.,Odell Beckham Jr. (NYG),Joueur total de yards sur réception (Odell Beckham Jr. (NYG)) (prolongations incluses),2143,72898,1740739791,NYG|dst:player:125200,4531385073,46+,46+,NYG|dst:player:125200,5.75,0,False
16514244,LA Rams vs. NY Giants,Odell Beckham Jr.,Odell Beckham Jr. (NYG),Joueur total de yards sur réception (Odell Beckham Jr. (NYG)) (prolongations incluses),2143,72898,1740739791,NYG|dst:player:125200,4531385074,56+,56+,NYG|dst:player:125200,9.0,0,False
16514244,LA Rams vs. NY Giants,Odell Beckham Jr.,Odell Beckham Jr. (NYG),Joueur total de yards sur réception (Odell Beckham Jr. (NYG)) (prolongations incluses),2143,72898,1740739791,NYG|dst:player:125200,4531385075,66+,66+,NYG|dst:player:125200,14.0,0,False
16514244,LA Rams vs. NY Giants,Odell Beckham Jr.,Odell Beckham Jr. (NYG),Joueur total de yards sur réception (Odell Beckham Jr. (NYG)) (prolongations incluses),2143,72898,1740739791,NYG|dst:player:125200,4531385076,76+,76+,NYG|dst:player:125200,21.0,0,False
16514244,LA Rams vs. NY Giants,Odell Beckham Jr.,Odell Beckham Jr. (NYG),Joueur total de yards sur réception (Odell Beckham Jr. (NYG)) (prolongations incluses),2143,72898,1740739791,NYG|dst:player:125200,4531385077,86+,86+,NYG|dst:player:125200,41.0,0,False
16514244,LA Rams vs. NY Giants,Jaxson Dart,Jaxson Dart (NYG),Joueur total de yards par la course (Jaxson Dart (NYG)) (prolongations incluses),2140,72895,1735301403,NYG|dst:player:489891,4523597156,33+,33+,NYG|dst:player:489891,1.8334,0,False
16514244,LA Rams vs. NY Giants,Jaxson Dart,Jaxson Dart (NYG),Joueur total de yards par la course (Jaxson Dart (NYG)) (prolongations incluses),2140,72895,1735301403,NYG|dst:player:489891,4523597157,43+,43+,NYG|dst:player:489891,2.3,0,False
16514244,LA Rams vs. NY Giants,Jaxson Dart,Jaxson Dart (NYG),Joueur total de yards par la course (Jaxson Dart (NYG)) (prolongations incluses),2140,72895,1735301403,NYG|dst:player:489891,4523597158,53+,53+,NYG|dst:player:489891,3.0,0,False
16514244,LA Rams vs. NY Giants,Jaxson Dart,Jaxson Dart (NYG),Joueur total de yards par la course (Jaxson Dart (NYG)) (prolongations incluses),2140,72895,1735301403,NYG|dst:player:489891,4523597159,63+,63+,NYG|dst:player:489891,4.25,0,False
16514244,LA Rams vs. NY Giants,Jaxson Dart,Jaxson Dart (NYG),Joueur total de yards par la course (Jaxson Dart (NYG)) (prolongations incluses),2140,72895,1735301403,NYG|dst:player:489891,4523597160,73+,73+,NYG|dst:player:489891,6.0,0,False
16514244,LA Rams vs. NY Giants,Jaxson Dart,Jaxson Dart (NYG),Joueur total de yards par la course (Jaxson Dart (NYG)) (prolongations incluses),2140,72895,1735301403,NYG|dst:player:489891,4523597161,83+,83+,NYG|dst:player:489891,9.0,0,False
16514244,LA Rams vs. NY Giants,Jaxson Dart,Jaxson Dart (NYG),Joueur total de yards par la course (Jaxson Dart (NYG)) (prolongations incluses),2140,72895,1735301403,NYG|dst:player:489891,4523597162,93+,93+,NYG|dst:player:489891,15.0,0,False
16514244,LA Rams vs. NY Giants,Jaxson Dart,Jaxson Dart (NYG),Joueur total de yards par la course (Jaxson Dart (NYG)) (prolongations incluses),2140,72895,1735301403,NYG|dst:player:489891,4523597163,103+,103+,NYG|dst:player:489891,26.0,0,False
16514244,LA Rams vs. NY Giants,Jaxson Dart,Jaxson Dart (NYG),Joueur total de yards par la course (Jaxson Dart (NYG)) (prolongations incluses),2140,72895,1735301403,NYG|dst:player:489891,4523597164,113+,113+,NYG|dst:player:489891,41.0,0,False
16514244,LA Rams vs. NY Giants,Jaxson Dart,Jaxson Dart (NYG),Joueur total de yards par la course (Jaxson Dart (NYG)) (prolongations incluses),2140,72895,1735301403,NYG|dst:player:489891,4523597165,23+,23+,NYG|dst:player:489891,1.3847,0,False
16514244,LA Rams vs. NY Giants,Jaxson Dart,Jaxson Dart (NYG),Joueur total de yards par la course (Jaxson Dart (NYG)) (prolongations incluses),2140,72895,1735301403,NYG|dst:player:489891,4523597166,13+,13+,NYG|dst:player:489891,1.1667,0,False
16514244,LA Rams vs. NY Giants,Kyren Williams,Kyren Williams (LAR),Joueur total de yards par la course (Kyren Williams (LAR)) (prolongations incluses),2140,72895,1735301406,LAR|dst:player:309275,4530362727,64+,64+,LAR|dst:player:309275,1.8696,0,False
16514244,LA Rams vs. NY Giants,Kyren Williams,Kyren Williams (LAR),Joueur total de yards par la course (Kyren Williams (LAR)) (prolongations incluses),2140,72895,1735301406,LAR|dst:player:309275,4530362728,74+,74+,LAR|dst:player:309275,2.3,0,False
16514244,LA Rams vs. NY Giants,Kyren Williams,Kyren Williams (LAR),Joueur total de yards par la course (Kyren Williams (LAR)) (prolongations incluses),2140,72895,1735301406,LAR|dst:player:309275,4530362729,84+,84+,LAR|dst:player:309275,2.85,0,False
16514244,LA Rams vs. NY Giants,Kyren Williams,Kyren Williams (LAR),Joueur total de yards par la course (Kyren Williams (LAR)) (prolongations incluses),2140,72895,1735301406,LAR|dst:player:309275,4530362730,94+,94+,LAR|dst:player:309275,3.75,0,False
16514244,LA Rams vs. NY Giants,Kyren Williams,Kyren Williams (LAR),Joueur total de yards par la course (Kyren Williams (LAR)) (prolongations incluses),2140,72895,1735301406,LAR|dst:player:309275,4530362731,104+,104+,LAR|dst:player:309275,5.0,0,False
16514244,LA Rams vs. NY Giants,Kyren Williams,Kyren Williams (LAR),Joueur total de yards par la course (Kyren Williams (LAR)) (prolongations incluses),2140,72895,1735301406,LAR|dst:player:309275,4530362732,114+,114+,LAR|dst:player:309275,7.0,0,False
16514244,LA Rams vs. NY Giants,Kyren Williams,Kyren Williams (LAR),Joueur total de yards par la course (Kyren Williams (LAR)) (prolongations incluses),2140,72895,1735301406,LAR|dst:player:309275,4530362733,124+,124+,LAR|dst:player:309275,11.0,0,False
16514244,LA Rams vs. NY Giants,Kyren Williams,Kyren Williams (LAR),Joueur total de yards par la course (Kyren Williams (LAR)) (prolongations incluses),2140,72895,1735301406,LAR|dst:player:309275,4530362734,134+,134+,LAR|dst:player:309275,16.0,0,False
16514244,LA Rams vs. NY Giants,Kyren Williams,Kyren Williams (LAR),Joueur total de yards par la course (Kyren Williams (LAR)) (prolongations incluses),2140,72895,1735301406,LAR|dst:player:309275,4530362735,144+,144+,LAR|dst:player:309275,26.0,0,False
16514244,LA Rams vs. NY Giants,Kyren Williams,Kyren Williams (LAR),Joueur total de yards par la course (Kyren Williams (LAR)) (prolongations incluses),2140,72895,1735301406,LAR|dst:player:309275,4530362736,54+,54+,LAR|dst:player:309275,1.4762,0,False
16514244,LA Rams vs. NY Giants,Kyren Williams,Kyren Williams (LAR),Joueur total de yards par la course (Kyren Williams (LAR)) (prolongations incluses),2140,72895,1735301406,LAR|dst:player:309275,4530362737,44+,44+,LAR|dst:player:309275,1.2353,0,False
16514244,LA Rams vs. NY Giants,Blake Corum,Blake Corum (LAR),Joueur total de yards par la course (Blake Corum (LAR)) (prolongations incluses),2140,72895,1735301404,LAR|dst:player:430261,4534250522,120+,120+,LAR|dst:player:430261,16.0,0,False
16514244,LA Rams vs. NY Giants,Blake Corum,Blake Corum (LAR),Joueur total de yards par la course (Blake Corum (LAR)) (prolongations incluses),2140,72895,1735301404,LAR|dst:player:430261,4534250326,50+,50+,LAR|dst:player:430261,1.9091,0,False
16514244,LA Rams vs. NY Giants,Blake Corum,Blake Corum (LAR),Joueur total de yards par la course (Blake Corum (LAR)) (prolongations incluses),2140,72895,1735301404,LAR|dst:player:430261,4534250327,60+,60+,LAR|dst:player:430261,2.3,0,False
16514244,LA Rams vs. NY Giants,Blake Corum,Blake Corum (LAR),Joueur total de yards par la course (Blake Corum (LAR)) (prolongations incluses),2140,72895,1735301404,LAR|dst:player:430261,4534250328,70+,70+,LAR|dst:player:430261,2.9,0,False
16514244,LA Rams vs. NY Giants,Blake Corum,Blake Corum (LAR),Joueur total de yards par la course (Blake Corum (LAR)) (prolongations incluses),2140,72895,1735301404,LAR|dst:player:430261,4534250329,80+,80+,LAR|dst:player:430261,3.85,0,False
16514244,LA Rams vs. NY Giants,Blake Corum,Blake Corum (LAR),Joueur total de yards par la course (Blake Corum (LAR)) (prolongations incluses),2140,72895,1735301404,LAR|dst:player:430261,4534250330,90+,90+,LAR|dst:player:430261,5.0,0,False
16514244,LA Rams vs. NY Giants,Blake Corum,Blake Corum (LAR),Joueur total de yards par la course (Blake Corum (LAR)) (prolongations incluses),2140,72895,1735301404,LAR|dst:player:430261,4534250331,100+,100+,LAR|dst:player:430261,7.25,0,False
16514244,LA Rams vs. NY Giants,Blake Corum,Blake Corum (LAR),Joueur total de yards par la course (Blake Corum (LAR)) (prolongations incluses),2140,72895,1735301404,LAR|dst:player:430261,4534250524,40+,40+,LAR|dst:player:430261,1.4762,0,False
16514244,LA Rams vs. NY Giants,Blake Corum,Blake Corum (LAR),Joueur total de yards par la course (Blake Corum (LAR)) (prolongations incluses),2140,72895,1735301404,LAR|dst:player:430261,4534250525,30+,30+,LAR|dst:player:430261,1.25,0,False
16514244,LA Rams vs. NY Giants,Blake Corum,Blake Corum (LAR),Joueur total de yards par la course (Blake Corum (LAR)) (prolongations incluses),2140,72895,1735301404,LAR|dst:player:430261,4534250521,110+,110+,LAR|dst:player:430261,11.0,0,False
16514244,LA Rams vs. NY Giants,Cameron Skattebo,Cameron Skattebo (NYG),Joueur total de yards par la course (Cameron Skattebo (NYG)) (prolongations incluses),2140,72895,1735301405,NYG|dst:player:492573,4531586313,52+,52+,NYG|dst:player:492573,1.8696,0,False
16514244,LA Rams vs. NY Giants,Cameron Skattebo,Cameron Skattebo (NYG),Joueur total de yards par la course (Cameron Skattebo (NYG)) (prolongations incluses),2140,72895,1735301405,NYG|dst:player:492573,4531586314,62+,62+,NYG|dst:player:492573,2.3,0,False
16514244,LA Rams vs. NY Giants,Cameron Skattebo,Cameron Skattebo (NYG),Joueur total de yards par la course (Cameron Skattebo (NYG)) (prolongations incluses),2140,72895,1735301405,NYG|dst:player:492573,4531586315,72+,72+,NYG|dst:player:492573,2.9,0,False
16514244,LA Rams vs. NY Giants,Cameron Skattebo,Cameron Skattebo (NYG),Joueur total de yards par la course (Cameron Skattebo (NYG)) (prolongations incluses),2140,72895,1735301405,NYG|dst:player:492573,4531586316,82+,82+,NYG|dst:player:492573,3.85,0,False
16514244,LA Rams vs. NY Giants,Cameron Skattebo,Cameron Skattebo (NYG),Joueur total de yards par la course (Cameron Skattebo (NYG)) (prolongations incluses),2140,72895,1735301405,NYG|dst:player:492573,4531586317,92+,92+,NYG|dst:player:492573,5.0,0,False
16514244,LA Rams vs. NY Giants,Cameron Skattebo,Cameron Skattebo (NYG),Joueur total de yards par la course (Cameron Skattebo (NYG)) (prolongations incluses),2140,72895,1735301405,NYG|dst:player:492573,4531586319,112+,112+,NYG|dst:player:492573,11.0,0,False
16514244,LA Rams vs. NY Giants,Cameron Skattebo,Cameron Skattebo (NYG),Joueur total de yards par la course (Cameron Skattebo (NYG)) (prolongations incluses),2140,72895,1735301405,NYG|dst:player:492573,4531586320,122+,122+,NYG|dst:player:492573,16.0,0,False
16514244,LA Rams vs. NY Giants,Cameron Skattebo,Cameron Skattebo (NYG),Joueur total de yards par la course (Cameron Skattebo (NYG)) (prolongations incluses),2140,72895,1735301405,NYG|dst:player:492573,4531586321,132+,132+,NYG|dst:player:492573,26.0,0,False
16514244,LA Rams vs. NY Giants,Cameron Skattebo,Cameron Skattebo (NYG),Joueur total de yards par la course (Cameron Skattebo (NYG)) (prolongations incluses),2140,72895,1735301405,NYG|dst:player:492573,4531586322,42+,42+,NYG|dst:player:492573,1.4762,0,False
16514244,LA Rams vs. NY Giants,Cameron Skattebo,Cameron Skattebo (NYG),Joueur total de yards par la course (Cameron Skattebo (NYG)) (prolongations incluses),2140,72895,1735301405,NYG|dst:player:492573,4531586323,32+,32+,NYG|dst:player:492573,1.25,0,False
16514244,LA Rams vs. NY Giants,Jaxson Dart,Jaxson Dart (NYG),Passes réussis du joueur (Incl. Prolongations) (Jaxson Dart (NYG)),2137,72892,1735303531,NYG|dst:player:489891,4509458025,20+,20+,NYG|dst:player:489891,1.8,0,False
16514244,LA Rams vs. NY Giants,Jaxson Dart,Jaxson Dart (NYG),Passes réussis du joueur (Incl. Prolongations) (Jaxson Dart (NYG)),2137,72892,1735303531,NYG|dst:player:489891,4509458026,22+,22+,NYG|dst:player:489891,2.35,0,False
16514244,LA Rams vs. NY Giants,Jaxson Dart,Jaxson Dart (NYG),Passes réussis du joueur (Incl. Prolongations) (Jaxson Dart (NYG)),2137,72892,1735303531,NYG|dst:player:489891,4509458027,24+,24+,NYG|dst:player:489891,3.2,0,False
16514244,LA Rams vs. NY Giants,Jaxson Dart,Jaxson Dart (NYG),Passes réussis du joueur (Incl. Prolongations) (Jaxson Dart (NYG)),2137,72892,1735303531,NYG|dst:player:489891,4509458028,26+,26+,NYG|dst:player:489891,4.75,0,False
16514244,LA Rams vs. NY Giants,Jaxson Dart,Jaxson Dart (NYG),Passes réussis du joueur (Incl. Prolongations) (Jaxson Dart (NYG)),2137,72892,1735303531,NYG|dst:player:489891,4509458029,28+,28+,NYG|dst:player:489891,7.5,0,False
16514244,LA Rams vs. NY Giants,Jaxson Dart,Jaxson Dart (NYG),Passes réussis du joueur (Incl. Prolongations) (Jaxson Dart (NYG)),2137,72892,1735303531,NYG|dst:player:489891,4509458158,18+,18+,NYG|dst:player:489891,1.4,0,False
16514244,LA Rams vs. NY Giants,Jaxson Dart,Jaxson Dart (NYG),Passes réussis du joueur (Incl. Prolongations) (Jaxson Dart (NYG)),2137,72892,1735303531,NYG|dst:player:489891,4509458156,30+,30+,NYG|dst:player:489891,13.0,0,False
16514244,LA Rams vs. NY Giants,Jaxson Dart,Jaxson Dart (NYG),Passes réussis du joueur (Incl. Prolongations) (Jaxson Dart (NYG)),2137,72892,1735303531,NYG|dst:player:489891,4509458157,32+,32+,NYG|dst:player:489891,21.0,0,False
16514244,LA Rams vs. NY Giants,Matthew Stafford,Matthew Stafford (LAR),Passes réussis du joueur (Incl. Prolongations) (Matthew Stafford (LAR)),2137,72892,1737468329,LAR|dst:player:269130,4517131211,22+,22+,LAR|dst:player:269130,1.9091,0,False
16514244,LA Rams vs. NY Giants,Matthew Stafford,Matthew Stafford (LAR),Passes réussis du joueur (Incl. Prolongations) (Matthew Stafford (LAR)),2137,72892,1737468329,LAR|dst:player:269130,4517131212,24+,24+,LAR|dst:player:269130,2.5,0,False
16514244,LA Rams vs. NY Giants,Matthew Stafford,Matthew Stafford (LAR),Passes réussis du joueur (Incl. Prolongations) (Matthew Stafford (LAR)),2137,72892,1737468329,LAR|dst:player:269130,4517131213,26+,26+,LAR|dst:player:269130,3.4,0,False
16514244,LA Rams vs. NY Giants,Matthew Stafford,Matthew Stafford (LAR),Passes réussis du joueur (Incl. Prolongations) (Matthew Stafford (LAR)),2137,72892,1737468329,LAR|dst:player:269130,4517131214,28+,28+,LAR|dst:player:269130,5.0,0,False
16514244,LA Rams vs. NY Giants,Matthew Stafford,Matthew Stafford (LAR),Passes réussis du joueur (Incl. Prolongations) (Matthew Stafford (LAR)),2137,72892,1737468329,LAR|dst:player:269130,4517131215,30+,30+,LAR|dst:player:269130,7.75,0,False
16514244,LA Rams vs. NY Giants,Matthew Stafford,Matthew Stafford (LAR),Passes réussis du joueur (Incl. Prolongations) (Matthew Stafford (LAR)),2137,72892,1737468329,LAR|dst:player:269130,4517131216,32+,32+,LAR|dst:player:269130,13.0,0,False
16514244,LA Rams vs. NY Giants,Matthew Stafford,Matthew Stafford (LAR),Passes réussis du joueur (Incl. Prolongations) (Matthew Stafford (LAR)),2137,72892,1737468329,LAR|dst:player:269130,4517131217,34+,34+,LAR|dst:player:269130,21.0,0,False
16514244,LA Rams vs. NY Giants,Matthew Stafford,Matthew Stafford (LAR),Passes réussis du joueur (Incl. Prolongations) (Matthew Stafford (LAR)),2137,72892,1737468329,LAR|dst:player:269130,4517131218,20+,20+,LAR|dst:player:269130,1.4546,0,False
16514244,LA Rams vs. NY Giants,Matthew Stafford,Matthew Stafford (LAR),Total de yards à la passe du joueur Plus/Moins(Incl. Prolongations),759,71922,1732861345,250.5|sa:player:nfl-323205|LAR,4501207139,Matthew Stafford (LAR) Plus de 250.5,Matthew Stafford (LAR) Plus de 250.5,250.5,1.8,0,False
16514244,LA Rams vs. NY Giants,Matthew Stafford,Matthew Stafford (LAR),Total de yards à la passe du joueur Plus/Moins(Incl. Prolongations),759,71922,1732861345,250.5|sa:player:nfl-323205|LAR,4501207140,Matthew Stafford (LAR) moins de 250.5,Matthew Stafford (LAR) moins de 250.5,250.5,1.8334,0,False
16514244,LA Rams vs. NY Giants,Jaxson Dart,Jaxson Dart (NYG),Total de yards à la passe du joueur Plus/Moins(Incl. Prolongations),759,71922,1740889452,215.5|sa:player:nfl-1286260|NYG,4529142756,Jaxson Dart (NYG) Plus de 215.5,Jaxson Dart (NYG) Plus de 215.5,215.5,1.8,0,False
16514244,LA Rams vs. NY Giants,Jaxson Dart,Jaxson Dart (NYG),Total de yards à la passe du joueur Plus/Moins(Incl. Prolongations),759,71922,1740889452,215.5|sa:player:nfl-1286260|NYG,4529142757,Jaxson Dart (NYG) moins de 215.5,Jaxson Dart (NYG) moins de 215.5,215.5,1.8334,0,False
16514244,LA Rams vs. NY Giants,Kyren Williams,Kyren Williams (LAR),Total de yards à la course du joueur Plus/Moins (Incl. Prolongations),764,71924,1732851912,65.5|sa:player:nfl-1167361|LAR,4501164542,Kyren Williams (LAR) Plus de 65.5,Kyren Williams (LAR) Plus de 65.5,65.5,1.8,0,False
16514244,LA Rams vs. NY Giants,Kyren Williams,Kyren Williams (LAR),Total de yards à la course du joueur Plus/Moins (Incl. Prolongations),764,71924,1732851912,65.5|sa:player:nfl-1167361|LAR,4501164543,Kyren Williams (LAR) moins de 65.5,Kyren Williams (LAR) moins de 65.5,65.5,1.8334,0,False
16514244,LA Rams vs. NY Giants,Cameron Skattebo,Cameron Skattebo (NYG),Total de yards à la course du joueur Plus/Moins (Incl. Prolongations),764,71924,1732536801,51.5|sa:player:nfl-1280316|NYG,4500413940,Cameron Skattebo (NYG) Plus de 51.5,Cameron Skattebo (NYG) Plus de 51.5,51.5,1.8696,0,False
16514244,LA Rams vs. NY Giants,Cameron Skattebo,Cameron Skattebo (NYG),Total de yards à la course du joueur Plus/Moins (Incl. Prolongations),764,71924,1732536801,51.5|sa:player:nfl-1280316|NYG,4500413941,Cameron Skattebo (NYG) moins de 51.5,Cameron Skattebo (NYG) moins de 51.5,51.5,1.7693,0,False
16514244,LA Rams vs. NY Giants,Blake Corum,Blake Corum (LAR),Total de yards à la course du joueur Plus/Moins (Incl. Prolongations),764,71924,1732859903,48.5|sa:player:nfl-1229540|LAR,4501203964,Blake Corum (LAR) Plus de 48.5,Blake Corum (LAR) Plus de 48.5,48.5,1.8,0,False
16514244,LA Rams vs. NY Giants,Blake Corum,Blake Corum (LAR),Total de yards à la course du joueur Plus/Moins (Incl. Prolongations),764,71924,1732859903,48.5|sa:player:nfl-1229540|LAR,4501203965,Blake Corum (LAR) moins de 48.5,Blake Corum (LAR) moins de 48.5,48.5,1.8334,0,False
16514244,LA Rams vs. NY Giants,Jaxson Dart,Jaxson Dart (NYG),Total de yards à la course du joueur Plus/Moins (Incl. Prolongations),764,71924,1734185972,31.5|sa:player:nfl-1286260|NYG,4505443886,Jaxson Dart (NYG) Plus de 31.5,Jaxson Dart (NYG) Plus de 31.5,31.5,1.8334,0,False
16514244,LA Rams vs. NY Giants,Jaxson Dart,Jaxson Dart (NYG),Total de yards à la course du joueur Plus/Moins (Incl. Prolongations),764,71924,1734185972,31.5|sa:player:nfl-1286260|NYG,4505443887,Jaxson Dart (NYG) moins de 31.5,Jaxson Dart (NYG) moins de 31.5,31.5,1.8,0,False
16514244,LA Rams vs. NY Giants,Devin Singletary,Devin Singletary (NYG),Total de yards à la course du joueur Plus/Moins (Incl. Prolongations),764,71924,1740889456,15.5|sa:player:nfl-916466|NYG,4529142764,Devin Singletary (NYG) Plus de 15.5,Devin Singletary (NYG) Plus de 15.5,15.5,1.7693,0,False
16514244,LA Rams vs. NY Giants,Devin Singletary,Devin Singletary (NYG),Total de yards à la course du joueur Plus/Moins (Incl. Prolongations),764,71924,1740889456,15.5|sa:player:nfl-916466|NYG,4529142765,Devin Singletary (NYG) moins de 15.5,Devin Singletary (NYG) moins de 15.5,15.5,1.8696,0,False
16514244,LA Rams vs. NY Giants,Matthew Stafford,Matthew Stafford (LAR),Total de yards à la course du joueur Plus/Moins (Incl. Prolongations),764,71924,1731690296,0.5|sa:player:nfl-323205|LAR,4497680237,Matthew Stafford (LAR) Plus de 0.5,Matthew Stafford (LAR) Plus de 0.5,0.5,2.35,0,False
16514244,LA Rams vs. NY Giants,Matthew Stafford,Matthew Stafford (LAR),Total de yards à la course du joueur Plus/Moins (Incl. Prolongations),764,71924,1731690296,0.5|sa:player:nfl-323205|LAR,4497680238,Matthew Stafford (LAR) moins de 0.5,Matthew Stafford (LAR) moins de 0.5,0.5,1.4762,0,False
16514244,LA Rams vs. NY Giants,Puka Nacua,Puka Nacua (LAR),Total des yards après réception du joueur Plus/Moins(Incl. Prolongations),765,71925,1741312095,80.5|sa:player:nfl-1162128|LAR,4530197744,Puka Nacua (LAR) moins de 80.5,Puka Nacua (LAR) moins de 80.5,80.5,1.8334,0,False
16514244,LA Rams vs. NY Giants,Puka Nacua,Puka Nacua (LAR),Total des yards après réception du joueur Plus/Moins(Incl. Prolongations),765,71925,1741312095,80.5|sa:player:nfl-1162128|LAR,4530197743,Puka Nacua (LAR) Plus de 80.5,Puka Nacua (LAR) Plus de 80.5,80.5,1.8,0,False
16514244,LA Rams vs. NY Giants,Malik Nabers,Malik Nabers (NYG),Total des yards après réception du joueur Plus/Moins(Incl. Prolongations),765,71925,1734195086,63.5|sa:player:nfl-1286059|NYG,4505467574,Malik Nabers (NYG) Plus de 63.5,Malik Nabers (NYG) Plus de 63.5,63.5,1.8,0,False
16514244,LA Rams vs. NY Giants,Malik Nabers,Malik Nabers (NYG),Total des yards après réception du joueur Plus/Moins(Incl. Prolongations),765,71925,1734195086,63.5|sa:player:nfl-1286059|NYG,4505467575,Malik Nabers (NYG) moins de 63.5,Malik Nabers (NYG) moins de 63.5,63.5,1.8334,0,False
16514244,LA Rams vs. NY Giants,Davante Adams,Davante Adams (LAR),Total des yards après réception du joueur Plus/Moins(Incl. Prolongations),765,71925,1742677094,62.5|sa:player:nfl-611417|LAR,4534051984,Davante Adams (LAR) Plus de 62.5,Davante Adams (LAR) Plus de 62.5,62.5,1.8334,0,False
16514244,LA Rams vs. NY Giants,Davante Adams,Davante Adams (LAR),Total des yards après réception du joueur Plus/Moins(Incl. Prolongations),765,71925,1742677094,62.5|sa:player:nfl-611417|LAR,4534051985,Davante Adams (LAR) moins de 62.5,Davante Adams (LAR) moins de 62.5,62.5,1.8,0,False
16514244,LA Rams vs. NY Giants,Isaiah Likely,Isaiah Likely (NYG),Total des yards après réception du joueur Plus/Moins(Incl. Prolongations),765,71925,1734175194,45.5|sa:player:nfl-1125111|NYG,4505417328,Isaiah Likely (NYG) Plus de 45.5,Isaiah Likely (NYG) Plus de 45.5,45.5,1.8334,0,False
16514244,LA Rams vs. NY Giants,Isaiah Likely,Isaiah Likely (NYG),Total des yards après réception du joueur Plus/Moins(Incl. Prolongations),765,71925,1734175194,45.5|sa:player:nfl-1125111|NYG,4505417329,Isaiah Likely (NYG) moins de 45.5,Isaiah Likely (NYG) moins de 45.5,45.5,1.8,0,False
16514244,LA Rams vs. NY Giants,Colby Parkinson,Colby Parkinson (LAR),Total des yards après réception du joueur Plus/Moins(Incl. Prolongations),765,71925,1739715015,29.5|sa:player:nfl-1060312|LAR,4525614446,Colby Parkinson (LAR) Plus de 29.5,Colby Parkinson (LAR) Plus de 29.5,29.5,1.8334,0,False
16514244,LA Rams vs. NY Giants,Colby Parkinson,Colby Parkinson (LAR),Total des yards après réception du joueur Plus/Moins(Incl. Prolongations),765,71925,1739715015,29.5|sa:player:nfl-1060312|LAR,4525614447,Colby Parkinson (LAR) moins de 29.5,Colby Parkinson (LAR) moins de 29.5,29.5,1.8,0,False
16514244,LA Rams vs. NY Giants,Terrance Ferguson,Terrance Ferguson (LAR),Total des yards après réception du joueur Plus/Moins(Incl. Prolongations),765,71925,1742852449,28.5|sa:player:nfl-1286179|LAR,4534476766,Terrance Ferguson (LAR) Plus de 28.5,Terrance Ferguson (LAR) Plus de 28.5,28.5,1.8334,0,False
16514244,LA Rams vs. NY Giants,Terrance Ferguson,Terrance Ferguson (LAR),Total des yards après réception du joueur Plus/Moins(Incl. Prolongations),765,71925,1742852449,28.5|sa:player:nfl-1286179|LAR,4534476767,Terrance Ferguson (LAR) moins de 28.5,Terrance Ferguson (LAR) moins de 28.5,28.5,1.8,0,False
16514244,LA Rams vs. NY Giants,Malachi Fields,Malachi Fields (NYG),Total des yards après réception du joueur Plus/Moins(Incl. Prolongations),765,71925,1740875108,24.5|sa:player:nfl-1319589|NYG,4529106515,Malachi Fields (NYG) Plus de 24.5,Malachi Fields (NYG) Plus de 24.5,24.5,1.8,0,False
16514244,LA Rams vs. NY Giants,Malachi Fields,Malachi Fields (NYG),Total des yards après réception du joueur Plus/Moins(Incl. Prolongations),765,71925,1740875108,24.5|sa:player:nfl-1319589|NYG,4529106516,Malachi Fields (NYG) moins de 24.5,Malachi Fields (NYG) moins de 24.5,24.5,1.8334,0,False
16514244,LA Rams vs. NY Giants,Kyren Williams,Kyren Williams (LAR),Total des yards après réception du joueur Plus/Moins(Incl. Prolongations),765,71925,1732855310,14.5|sa:player:nfl-1167361|LAR,4501193360,Kyren Williams (LAR) moins de 14.5,Kyren Williams (LAR) moins de 14.5,14.5,1.8334,0,False
16514244,LA Rams vs. NY Giants,Kyren Williams,Kyren Williams (LAR),Total des yards après réception du joueur Plus/Moins(Incl. Prolongations),765,71925,1732855310,14.5|sa:player:nfl-1167361|LAR,4501193359,Kyren Williams (LAR) Plus de 14.5,Kyren Williams (LAR) Plus de 14.5,14.5,1.8,0,False
16514244,LA Rams vs. NY Giants,Cameron Skattebo,Cameron Skattebo (NYG),Total des yards après réception du joueur Plus/Moins(Incl. Prolongations),765,71925,1732546515,11.5|sa:player:nfl-1280316|NYG,4500437448,Cameron Skattebo (NYG) Plus de 11.5,Cameron Skattebo (NYG) Plus de 11.5,11.5,1.8,0,False
16514244,LA Rams vs. NY Giants,Cameron Skattebo,Cameron Skattebo (NYG),Total des yards après réception du joueur Plus/Moins(Incl. Prolongations),765,71925,1732546515,11.5|sa:player:nfl-1280316|NYG,4500437449,Cameron Skattebo (NYG) moins de 11.5,Cameron Skattebo (NYG) moins de 11.5,11.5,1.8334,0,False
16514244,LA Rams vs. NY Giants,Darnell Mooney,Darnell Mooney (NYG),Total des yards après réception du joueur Plus/Moins(Incl. Prolongations),765,71925,1732545574,9.5|sa:player:nfl-912027|NYG,4500435294,Darnell Mooney (NYG) Plus de 9.5,Darnell Mooney (NYG) Plus de 9.5,9.5,1.8696,0,False
16514244,LA Rams vs. NY Giants,Darnell Mooney,Darnell Mooney (NYG),Total des yards après réception du joueur Plus/Moins(Incl. Prolongations),765,71925,1732545574,9.5|sa:player:nfl-912027|NYG,4500435295,Darnell Mooney (NYG) moins de 9.5,Darnell Mooney (NYG) moins de 9.5,9.5,1.7693,0,False
16514244,LA Rams vs. NY Giants,Odell Beckham Jr.,Odell Beckham Jr. (NYG),Total des yards après réception du joueur Plus/Moins(Incl. Prolongations),765,71925,1732538505,4.5|sa:player:nfl-589984|NYG,4500418156,Odell Beckham Jr. (NYG) Plus de 4.5,Odell Beckham Jr. (NYG) Plus de 4.5,4.5,1.7693,0,False
16514244,LA Rams vs. NY Giants,Odell Beckham Jr.,Odell Beckham Jr. (NYG),Total des yards après réception du joueur Plus/Moins(Incl. Prolongations),765,71925,1732538505,4.5|sa:player:nfl-589984|NYG,4500418157,Odell Beckham Jr. (NYG) moins de 4.5,Odell Beckham Jr. (NYG) moins de 4.5,4.5,1.8696,0,False
16514244,LA Rams vs. NY Giants,Devin Singletary,Devin Singletary (NYG),Total des yards après réception du joueur Plus/Moins(Incl. Prolongations),765,71925,1731725098,4.5|sa:player:nfl-916466|NYG,4497779824,Devin Singletary (NYG) moins de 4.5,Devin Singletary (NYG) moins de 4.5,4.5,1.7693,0,False
16514244,LA Rams vs. NY Giants,Devin Singletary,Devin Singletary (NYG),Total des yards après réception du joueur Plus/Moins(Incl. Prolongations),765,71925,1731725098,4.5|sa:player:nfl-916466|NYG,4497779823,Devin Singletary (NYG) Plus de 4.5,Devin Singletary (NYG) Plus de 4.5,4.5,1.8696,0,False
16514244,LA Rams vs. NY Giants,Puka Nacua,Puka Nacua,Yards de course et de réception du joueur Plus/Moins (prolongations incluses),3317,73841,1741368146,85.5|sa:player:nfl-1162128|LAR,4530370886,Puka Nacua (LAR) Plus de 85.5,Puka Nacua (LAR) Plus de 85.5,85.5,1.8,0,False
16514244,LA Rams vs. NY Giants,Puka Nacua,Puka Nacua,Yards de course et de réception du joueur Plus/Moins (prolongations incluses),3317,73841,1741368146,85.5|sa:player:nfl-1162128|LAR,4530370887,Puka Nacua (LAR) moins de 85.5,Puka Nacua (LAR) moins de 85.5,85.5,1.8334,0,False
16514244,LA Rams vs. NY Giants,Kyren Williams,Kyren Williams,Yards de course et de réception du joueur Plus/Moins (prolongations incluses),3317,73841,1741297076,83.5|sa:player:nfl-1167361|LAR,4530161758,Kyren Williams (LAR) Plus de 83.5,Kyren Williams (LAR) Plus de 83.5,83.5,1.8334,0,False
16514244,LA Rams vs. NY Giants,Kyren Williams,Kyren Williams,Yards de course et de réception du joueur Plus/Moins (prolongations incluses),3317,73841,1741297076,83.5|sa:player:nfl-1167361|LAR,4530161759,Kyren Williams (LAR) moins de 83.5,Kyren Williams (LAR) moins de 83.5,83.5,1.8,0,False
16514244,LA Rams vs. NY Giants,Cameron Skattebo,Cameron Skattebo,Yards de course et de réception du joueur Plus/Moins (prolongations incluses),3317,73841,1732442394,66.5|sa:player:nfl-1280316|NYG,4500150545,Cameron Skattebo (NYG) Plus de 66.5,Cameron Skattebo (NYG) Plus de 66.5,66.5,1.8334,0,False
16514244,LA Rams vs. NY Giants,Cameron Skattebo,Cameron Skattebo,Yards de course et de réception du joueur Plus/Moins (prolongations incluses),3317,73841,1732442394,66.5|sa:player:nfl-1280316|NYG,4500150546,Cameron Skattebo (NYG) moins de 66.5,Cameron Skattebo (NYG) moins de 66.5,66.5,1.8,0,False
16514244,LA Rams vs. NY Giants,Malik Nabers,Malik Nabers,Yards de course et de réception du joueur Plus/Moins (prolongations incluses),3317,73841,1737215386,64.5|sa:player:nfl-1286059|NYG,4516480347,Malik Nabers (NYG) Plus de 64.5,Malik Nabers (NYG) Plus de 64.5,64.5,1.8334,0,False
16514244,LA Rams vs. NY Giants,Malik Nabers,Malik Nabers,Yards de course et de réception du joueur Plus/Moins (prolongations incluses),3317,73841,1737215386,64.5|sa:player:nfl-1286059|NYG,4516480348,Malik Nabers (NYG) moins de 64.5,Malik Nabers (NYG) moins de 64.5,64.5,1.8,0,False
16514244,LA Rams vs. NY Giants,Davante Adams,Davante Adams,Yards de course et de réception du joueur Plus/Moins (prolongations incluses),3317,73841,1742677095,62.5|sa:player:nfl-611417|LAR,4534051986,Davante Adams (LAR) Plus de 62.5,Davante Adams (LAR) Plus de 62.5,62.5,1.8,0,False
16514244,LA Rams vs. NY Giants,Davante Adams,Davante Adams,Yards de course et de réception du joueur Plus/Moins (prolongations incluses),3317,73841,1742677095,62.5|sa:player:nfl-611417|LAR,4534051987,Davante Adams (LAR) moins de 62.5,Davante Adams (LAR) moins de 62.5,62.5,1.8334,0,False
16514244,LA Rams vs. NY Giants,Malachi Fields,Malachi Fields,Yards de course et de réception du joueur Plus/Moins (prolongations incluses),3317,73841,1740875109,24.5|sa:player:nfl-1319589|NYG,4529106517,Malachi Fields (NYG) Plus de 24.5,Malachi Fields (NYG) Plus de 24.5,24.5,1.8,0,False
16514244,LA Rams vs. NY Giants,Malachi Fields,Malachi Fields,Yards de course et de réception du joueur Plus/Moins (prolongations incluses),3317,73841,1740875109,24.5|sa:player:nfl-1319589|NYG,4529106518,Malachi Fields (NYG) moins de 24.5,Malachi Fields (NYG) moins de 24.5,24.5,1.8334,0,False
16514244,LA Rams vs. NY Giants,Devin Singletary,Devin Singletary,Yards de course et de réception du joueur Plus/Moins (prolongations incluses),3317,73841,1734186803,23.5|sa:player:nfl-916466|NYG,4505446081,Devin Singletary (NYG) Plus de 23.5,Devin Singletary (NYG) Plus de 23.5,23.5,1.7693,0,False
16514244,LA Rams vs. NY Giants,Devin Singletary,Devin Singletary,Yards de course et de réception du joueur Plus/Moins (prolongations incluses),3317,73841,1734186803,23.5|sa:player:nfl-916466|NYG,4505446082,Devin Singletary (NYG) moins de 23.5,Devin Singletary (NYG) moins de 23.5,23.5,1.8696,0,False
16514244,LA Rams vs. NY Giants,Darnell Mooney,Darnell Mooney,Yards de course et de réception du joueur Plus/Moins (prolongations incluses),3317,73841,1732545576,9.5|sa:player:nfl-912027|NYG,4500435298,Darnell Mooney (NYG) Plus de 9.5,Darnell Mooney (NYG) Plus de 9.5,9.5,1.8696,0,False
16514244,LA Rams vs. NY Giants,Darnell Mooney,Darnell Mooney,Yards de course et de réception du joueur Plus/Moins (prolongations incluses),3317,73841,1732545576,9.5|sa:player:nfl-912027|NYG,4500435299,Darnell Mooney (NYG) moins de 9.5,Darnell Mooney (NYG) moins de 9.5,9.5,1.7693,0,False
16514244,LA Rams vs. NY Giants,Odell Beckham Jr.,Odell Beckham Jr.,Yards de course et de réception du joueur Plus/Moins (prolongations incluses),3317,73841,1741025370,5.5|sa:player:nfl-589984|NYG,4529488126,Odell Beckham Jr. (NYG) Plus de 5.5,Odell Beckham Jr. (NYG) Plus de 5.5,5.5,1.8696,0,False
16514244,LA Rams vs. NY Giants,Odell Beckham Jr.,Odell Beckham Jr.,Yards de course et de réception du joueur Plus/Moins (prolongations incluses),3317,73841,1741025370,5.5|sa:player:nfl-589984|NYG,4529488127,Odell Beckham Jr. (NYG) moins de 5.5,Odell Beckham Jr. (NYG) moins de 5.5,5.5,1.7693,0,False
16514244,LA Rams vs. NY Giants,Jaxson Dart,Jaxson Dart (NYG),Fumbles du joueur Plus / Moins (incl. prolongation),25005,75650,1731691427,0.5|sa:player:nfl-1286260|NYG,4497682219,Jaxson Dart (NYG) Plus de 0.5,Jaxson Dart (NYG) Plus de 0.5,0.5,1.6667,0,False
16514244,LA Rams vs. NY Giants,Jaxson Dart,Jaxson Dart (NYG),Fumbles du joueur Plus / Moins (incl. prolongation),25005,75650,1731691427,0.5|sa:player:nfl-1286260|NYG,4497682220,Jaxson Dart (NYG) moins de 0.5,Jaxson Dart (NYG) moins de 0.5,0.5,1.9524,0,False
16514244,LA Rams vs. NY Giants,Matthew Stafford,Matthew Stafford (LAR),Fumbles du joueur Plus / Moins (incl. prolongation),25005,75650,1731690313,0.5|sa:player:nfl-323205|LAR,4497680268,Matthew Stafford (LAR) Plus de 0.5,Matthew Stafford (LAR) Plus de 0.5,0.5,3.75,0,False
16514244,LA Rams vs. NY Giants,Matthew Stafford,Matthew Stafford (LAR),Fumbles du joueur Plus / Moins (incl. prolongation),25005,75650,1731690313,0.5|sa:player:nfl-323205|LAR,4497680269,Matthew Stafford (LAR) moins de 0.5,Matthew Stafford (LAR) moins de 0.5,0.5,1.1819,0,False
16514244,LA Rams vs. NY Giants,Kyren Williams,Kyren Williams (LAR),Fumbles du joueur Plus / Moins (incl. prolongation),25005,75650,1731691101,0.5|sa:player:nfl-1167361|LAR,4497681645,Kyren Williams (LAR) Plus de 0.5,Kyren Williams (LAR) Plus de 0.5,0.5,4.75,0,False
16514244,LA Rams vs. NY Giants,Kyren Williams,Kyren Williams (LAR),Fumbles du joueur Plus / Moins (incl. prolongation),25005,75650,1731691101,0.5|sa:player:nfl-1167361|LAR,4497681646,Kyren Williams (LAR) moins de 0.5,Kyren Williams (LAR) moins de 0.5,0.5,1.1112,0,False
16514244,LA Rams vs. NY Giants,Cameron Skattebo,Cameron Skattebo (NYG),Fumbles du joueur Plus / Moins (incl. prolongation),25005,75650,1731691318,0.5|sa:player:nfl-1280316|NYG,4497682028,Cameron Skattebo (NYG) Plus de 0.5,Cameron Skattebo (NYG) Plus de 0.5,0.5,5.25,0,False
16514244,LA Rams vs. NY Giants,Cameron Skattebo,Cameron Skattebo (NYG),Fumbles du joueur Plus / Moins (incl. prolongation),25005,75650,1731691318,0.5|sa:player:nfl-1280316|NYG,4497682029,Cameron Skattebo (NYG) moins de 0.5,Cameron Skattebo (NYG) moins de 0.5,0.5,1.0834,0,False
16514244,LA Rams vs. NY Giants,Blake Corum,Blake Corum (LAR),Fumbles du joueur Plus / Moins (incl. prolongation),25005,75650,1731691254,0.5|sa:player:nfl-1229540|LAR,4497681913,Blake Corum (LAR) Plus de 0.5,Blake Corum (LAR) Plus de 0.5,0.5,6.0,0,False
16514244,LA Rams vs. NY Giants,Blake Corum,Blake Corum (LAR),Fumbles du joueur Plus / Moins (incl. prolongation),25005,75650,1731691254,0.5|sa:player:nfl-1229540|LAR,4497681914,Blake Corum (LAR) moins de 0.5,Blake Corum (LAR) moins de 0.5,0.5,1.0589,0,False
16514244,LA Rams vs. NY Giants,Devin Singletary,Devin Singletary (NYG),Fumbles du joueur Plus / Moins (incl. prolongation),25005,75650,1731690638,0.5|sa:player:nfl-916466|NYG,4497680832,Devin Singletary (NYG) moins de 0.5,Devin Singletary (NYG) moins de 0.5,0.5,1.04,0,False
16514244,LA Rams vs. NY Giants,Devin Singletary,Devin Singletary (NYG),Fumbles du joueur Plus / Moins (incl. prolongation),25005,75650,1731690638,0.5|sa:player:nfl-916466|NYG,4497680831,Devin Singletary (NYG) Plus de 0.5,Devin Singletary (NYG) Plus de 0.5,0.5,6.75,0,False
16514244,LA Rams vs. NY Giants,Puka Nacua,Puka Nacua (LAR),Fumbles du joueur Plus / Moins (incl. prolongation),25005,75650,1731691030,0.5|sa:player:nfl-1162128|LAR,4497681522,Puka Nacua (LAR) Plus de 0.5,Puka Nacua (LAR) Plus de 0.5,0.5,6.75,0,False
16514244,LA Rams vs. NY Giants,Puka Nacua,Puka Nacua (LAR),Fumbles du joueur Plus / Moins (incl. prolongation),25005,75650,1731691030,0.5|sa:player:nfl-1162128|LAR,4497681523,Puka Nacua (LAR) moins de 0.5,Puka Nacua (LAR) moins de 0.5,0.5,1.04,0,False
16514244,LA Rams vs. NY Giants,Davante Adams,Davante Adams (LAR),Fumbles du joueur Plus / Moins (incl. prolongation),25005,75650,1731690437,0.5|sa:player:nfl-611417|LAR,4497680477,Davante Adams (LAR) Plus de 0.5,Davante Adams (LAR) Plus de 0.5,0.5,7.5,0,False
16514244,LA Rams vs. NY Giants,Davante Adams,Davante Adams (LAR),Fumbles du joueur Plus / Moins (incl. prolongation),25005,75650,1731690437,0.5|sa:player:nfl-611417|LAR,4497680478,Davante Adams (LAR) moins de 0.5,Davante Adams (LAR) moins de 0.5,0.5,1.02,0,False
16514244,LA Rams vs. NY Giants,Isaiah Likely,Isaiah Likely (NYG),Fumbles du joueur Plus / Moins (incl. prolongation),25005,75650,1731690903,0.5|sa:player:nfl-1125111|NYG,4497681304,Isaiah Likely (NYG) moins de 0.5,Isaiah Likely (NYG) moins de 0.5,0.5,1.02,0,False
16514244,LA Rams vs. NY Giants,Isaiah Likely,Isaiah Likely (NYG),Fumbles du joueur Plus / Moins (incl. prolongation),25005,75650,1731690903,0.5|sa:player:nfl-1125111|NYG,4497681303,Isaiah Likely (NYG) Plus de 0.5,Isaiah Likely (NYG) Plus de 0.5,0.5,7.5,0,False
16514244,LA Rams vs. NY Giants,Malik Nabers,Malik Nabers (NYG),Fumbles du joueur Plus / Moins (incl. prolongation),25005,75650,1731691348,0.5|sa:player:nfl-1286059|NYG,4497682080,Malik Nabers (NYG) moins de 0.5,Malik Nabers (NYG) moins de 0.5,0.5,1.02,0,False
16514244,LA Rams vs. NY Giants,Malik Nabers,Malik Nabers (NYG),Fumbles du joueur Plus / Moins (incl. prolongation),25005,75650,1731691348,0.5|sa:player:nfl-1286059|NYG,4497682079,Malik Nabers (NYG) Plus de 0.5,Malik Nabers (NYG) Plus de 0.5,0.5,7.5,0,False
16514244,LA Rams vs. NY Giants,Malachi Fields,Malachi Fields (NYG),Fumbles du joueur Plus / Moins (incl. prolongation),25005,75650,1731691184,0.5|sa:player:nfl-1319589|NYG,4497681788,Malachi Fields (NYG) Plus de 0.5,Malachi Fields (NYG) Plus de 0.5,0.5,8.0,0,False
16514244,LA Rams vs. NY Giants,Malachi Fields,Malachi Fields (NYG),Fumbles du joueur Plus / Moins (incl. prolongation),25005,75650,1731691184,0.5|sa:player:nfl-1319589|NYG,4497681789,Malachi Fields (NYG) moins de 0.5,Malachi Fields (NYG) moins de 0.5,0.5,0.0,7,False
16514244,LA Rams vs. NY Giants,Colby Parkinson,Colby Parkinson (LAR),Fumbles du joueur Plus / Moins (incl. prolongation),25005,75650,1731690777,0.5|sa:player:nfl-1060312|LAR,4497681077,Colby Parkinson (LAR) Plus de 0.5,Colby Parkinson (LAR) Plus de 0.5,0.5,8.5,0,False
16514244,LA Rams vs. NY Giants,Colby Parkinson,Colby Parkinson (LAR),Fumbles du joueur Plus / Moins (incl. prolongation),25005,75650,1731690777,0.5|sa:player:nfl-1060312|LAR,4497681078,Colby Parkinson (LAR) moins de 0.5,Colby Parkinson (LAR) moins de 0.5,0.5,1.01,0,False
16514244,LA Rams vs. NY Giants,Darnell Mooney,Darnell Mooney (NYG),Fumbles du joueur Plus / Moins (incl. prolongation),25005,75650,1731690600,0.5|sa:player:nfl-912027|NYG,4497680764,Darnell Mooney (NYG) Plus de 0.5,Darnell Mooney (NYG) Plus de 0.5,0.5,8.5,0,False
16514244,LA Rams vs. NY Giants,Darnell Mooney,Darnell Mooney (NYG),Fumbles du joueur Plus / Moins (incl. prolongation),25005,75650,1731690600,0.5|sa:player:nfl-912027|NYG,4497680765,Darnell Mooney (NYG) moins de 0.5,Darnell Mooney (NYG) moins de 0.5,0.5,0.0,7,False
16514244,LA Rams vs. NY Giants,Terrance Ferguson,Terrance Ferguson (LAR),Fumbles du joueur Plus / Moins (incl. prolongation),25005,75650,1731691375,0.5|sa:player:nfl-1286179|LAR,4497682124,Terrance Ferguson (LAR) Plus de 0.5,Terrance Ferguson (LAR) Plus de 0.5,0.5,8.5,0,False
16514244,LA Rams vs. NY Giants,Terrance Ferguson,Terrance Ferguson (LAR),Fumbles du joueur Plus / Moins (incl. prolongation),25005,75650,1731691375,0.5|sa:player:nfl-1286179|LAR,4497682125,Terrance Ferguson (LAR) moins de 0.5,Terrance Ferguson (LAR) moins de 0.5,0.5,0.0,7,False
16514244,LA Rams vs. NY Giants,Odell Beckham Jr.,Odell Beckham Jr. (NYG),Fumbles du joueur Plus / Moins (incl. prolongation),25005,75650,1731690377,0.5|sa:player:nfl-589984|NYG,4497680376,Odell Beckham Jr. (NYG) Plus de 0.5,Odell Beckham Jr. (NYG) Plus de 0.5,0.5,9.0,0,False
16514244,LA Rams vs. NY Giants,Odell Beckham Jr.,Odell Beckham Jr. (NYG),Fumbles du joueur Plus / Moins (incl. prolongation),25005,75650,1731690377,0.5|sa:player:nfl-589984|NYG,4497680377,Odell Beckham Jr. (NYG) moins de 0.5,Odell Beckham Jr. (NYG) moins de 0.5,0.5,0.0,7,False
16514244,LA Rams vs. NY Giants,Nate Landman,Nate Landman (LAR),Passes décisives P/M (prolongations incluses),770,75644,1731690798,3.5|sa:player:nfl-1061888|LAR,4497681112,Nate Landman (LAR) moins de 3.5,Nate Landman (LAR) moins de 3.5,3.5,1.5264,0,False
16514244,LA Rams vs. NY Giants,Nate Landman,Nate Landman (LAR),Passes décisives P/M (prolongations incluses),770,75644,1731690798,3.5|sa:player:nfl-1061888|LAR,4497681111,Nate Landman (LAR) Plus de 3.5,Nate Landman (LAR) Plus de 3.5,3.5,2.2,0,False
16514244,LA Rams vs. NY Giants,Arvell Reese,Arvell Reese (NYG),Passes décisives P/M (prolongations incluses),770,75644,1732442382,3.5|sa:player:nfl-1449329|NYG,4500150521,Arvell Reese (NYG) Plus de 3.5,Arvell Reese (NYG) Plus de 3.5,3.5,1.8696,0,False
16514244,LA Rams vs. NY Giants,Arvell Reese,Arvell Reese (NYG),Passes décisives P/M (prolongations incluses),770,75644,1732442382,3.5|sa:player:nfl-1449329|NYG,4500150522,Arvell Reese (NYG) moins de 3.5,Arvell Reese (NYG) moins de 3.5,3.5,1.7408,0,False
16514244,LA Rams vs. NY Giants,Tremaine Edmunds,Tremaine Edmunds (NYG),Passes décisives P/M (prolongations incluses),770,75644,1731690576,3.5|sa:player:nfl-883981|NYG,4497680720,Tremaine Edmunds (NYG) Plus de 3.5,Tremaine Edmunds (NYG) Plus de 3.5,3.5,1.6061,0,False
16514244,LA Rams vs. NY Giants,Tremaine Edmunds,Tremaine Edmunds (NYG),Passes décisives P/M (prolongations incluses),770,75644,1731690576,3.5|sa:player:nfl-883981|NYG,4497680721,Tremaine Edmunds (NYG) moins de 3.5,Tremaine Edmunds (NYG) moins de 3.5,3.5,2.05,0,False
16514244,LA Rams vs. NY Giants,Jevon Holland,Jevon Holland (NYG),Passes décisives P/M (prolongations incluses),770,75644,1731690924,2.5|sa:player:nfl-1129741|NYG,4497681337,Jevon Holland (NYG) Plus de 2.5,Jevon Holland (NYG) Plus de 2.5,2.5,2.0,0,False
16514244,LA Rams vs. NY Giants,Jevon Holland,Jevon Holland (NYG),Passes décisives P/M (prolongations incluses),770,75644,1731690924,2.5|sa:player:nfl-1129741|NYG,4497681338,Jevon Holland (NYG) moins de 2.5,Jevon Holland (NYG) moins de 2.5,2.5,1.6471,0,False
16514244,LA Rams vs. NY Giants,Kamren Curl,Kamren Curl (LAR),Passes décisives P/M (prolongations incluses),770,75644,1731690786,2.5|sa:player:nfl-1060721|LAR,4497681089,Kamren Curl (LAR) Plus de 2.5,Kamren Curl (LAR) Plus de 2.5,2.5,1.9524,0,False
16514244,LA Rams vs. NY Giants,Kamren Curl,Kamren Curl (LAR),Passes décisives P/M (prolongations incluses),770,75644,1731690786,2.5|sa:player:nfl-1060721|LAR,4497681090,Kamren Curl (LAR) moins de 2.5,Kamren Curl (LAR) moins de 2.5,2.5,1.6667,0,False
16514244,LA Rams vs. NY Giants,Quentin Lake,Quentin Lake (LAR),Passes décisives P/M (prolongations incluses),770,75644,1731690856,2.5|sa:player:nfl-1071269|LAR,4497681217,Quentin Lake (LAR) Plus de 2.5,Quentin Lake (LAR) Plus de 2.5,2.5,1.8696,0,False
16514244,LA Rams vs. NY Giants,Quentin Lake,Quentin Lake (LAR),Passes décisives P/M (prolongations incluses),770,75644,1731690856,2.5|sa:player:nfl-1071269|LAR,4497681218,Quentin Lake (LAR) moins de 2.5,Quentin Lake (LAR) moins de 2.5,2.5,1.7408,0,False
16514244,LA Rams vs. NY Giants,Omar Speights,Omar Speights (LAR),Passes décisives P/M (prolongations incluses),770,75644,1731690989,2.5|sa:player:nfl-1161680|LAR,4497681448,Omar Speights (LAR) moins de 2.5,Omar Speights (LAR) moins de 2.5,2.5,1.8334,0,False
16514244,LA Rams vs. NY Giants,Omar Speights,Omar Speights (LAR),Passes décisives P/M (prolongations incluses),770,75644,1731690989,2.5|sa:player:nfl-1161680|LAR,4497681447,Omar Speights (LAR) Plus de 2.5,Omar Speights (LAR) Plus de 2.5,2.5,1.7693,0,False
16514244,LA Rams vs. NY Giants,Tyler Nubin,Tyler Nubin (NYG),Passes décisives P/M (prolongations incluses),770,75644,1731691066,2.5|sa:player:nfl-1164740|NYG,4497681579,Tyler Nubin (NYG) Plus de 2.5,Tyler Nubin (NYG) Plus de 2.5,2.5,1.6667,0,False
16514244,LA Rams vs. NY Giants,Tyler Nubin,Tyler Nubin (NYG),Passes décisives P/M (prolongations incluses),770,75644,1731691066,2.5|sa:player:nfl-1164740|NYG,4497681580,Tyler Nubin (NYG) moins de 2.5,Tyler Nubin (NYG) moins de 2.5,2.5,1.9524,0,False
16514244,LA Rams vs. NY Giants,D.J. Reader,D.J. Reader (NYG),Passes décisives P/M (prolongations incluses),770,75644,1732442324,1.5|sa:player:nfl-653110|NYG,4500150405,D.J. Reader (NYG) Plus de 1.5,D.J. Reader (NYG) Plus de 1.5,1.5,2.6,0,False
16514244,LA Rams vs. NY Giants,D.J. Reader,D.J. Reader (NYG),Passes décisives P/M (prolongations incluses),770,75644,1732442324,1.5|sa:player:nfl-653110|NYG,4500150406,D.J. Reader (NYG) moins de 1.5,D.J. Reader (NYG) moins de 1.5,1.5,1.3847,0,False
16514244,LA Rams vs. NY Giants,Shelby Harris,Shelby Harris (NYG),Passes décisives P/M (prolongations incluses),770,75644,1732077375,1.5|sa:player:nfl-500700|NYG,4499013976,Shelby Harris (NYG) Plus de 1.5,Shelby Harris (NYG) Plus de 1.5,1.5,2.55,0,False
16514244,LA Rams vs. NY Giants,Shelby Harris,Shelby Harris (NYG),Passes décisives P/M (prolongations incluses),770,75644,1732077375,1.5|sa:player:nfl-500700|NYG,4499013977,Shelby Harris (NYG) moins de 1.5,Shelby Harris (NYG) moins de 1.5,1.5,1.4,0,False
16514244,LA Rams vs. NY Giants,Greg Newsome,Greg Newsome (NYG),Passes décisives P/M (prolongations incluses),770,75644,1732077415,1.5|sa:player:nfl-1107286|NYG,4499014052,Greg Newsome (NYG) Plus de 1.5,Greg Newsome (NYG) Plus de 1.5,1.5,2.55,0,False
16514244,LA Rams vs. NY Giants,Greg Newsome,Greg Newsome (NYG),Passes décisives P/M (prolongations incluses),770,75644,1732077415,1.5|sa:player:nfl-1107286|NYG,4499014053,Greg Newsome (NYG) moins de 1.5,Greg Newsome (NYG) moins de 1.5,1.5,1.4,0,False
16514244,LA Rams vs. NY Giants,Abdul Carter,Abdul Carter (NYG),Passes décisives P/M (prolongations incluses),770,75644,1731691202,1.5|sa:player:nfl-1393329|NYG,4497681817,Abdul Carter (NYG) Plus de 1.5,Abdul Carter (NYG) Plus de 1.5,1.5,2.35,0,False
16514244,LA Rams vs. NY Giants,Abdul Carter,Abdul Carter (NYG),Passes décisives P/M (prolongations incluses),770,75644,1731691202,1.5|sa:player:nfl-1393329|NYG,4497681818,Abdul Carter (NYG) moins de 1.5,Abdul Carter (NYG) moins de 1.5,1.5,1.4546,0,False
16514244,LA Rams vs. NY Giants,Brian Burns,Brian Burns (NYG),Passes décisives P/M (prolongations incluses),770,75644,1731690655,1.5|sa:player:nfl-936822|NYG,4497680858,Brian Burns (NYG) Plus de 1.5,Brian Burns (NYG) Plus de 1.5,1.5,2.15,0,False
16514244,LA Rams vs. NY Giants,Brian Burns,Brian Burns (NYG),Passes décisives P/M (prolongations incluses),770,75644,1731690655,1.5|sa:player:nfl-936822|NYG,4497680859,Brian Burns (NYG) moins de 1.5,Brian Burns (NYG) moins de 1.5,1.5,1.5556,0,False
16514244,LA Rams vs. NY Giants,Trent McDuffie,Trent McDuffie (LAR),Passes décisives P/M (prolongations incluses),770,75644,1731691006,1.5|sa:player:nfl-1162126|LAR,4497681478,Trent McDuffie (LAR) Plus de 1.5,Trent McDuffie (LAR) Plus de 1.5,1.5,1.7143,0,False
16514244,LA Rams vs. NY Giants,Trent McDuffie,Trent McDuffie (LAR),Passes décisives P/M (prolongations incluses),770,75644,1731691006,1.5|sa:player:nfl-1162126|LAR,4497681479,Trent McDuffie (LAR) moins de 1.5,Trent McDuffie (LAR) moins de 1.5,1.5,1.9091,0,False
16514244,LA Rams vs. NY Giants,Aaron Donald,Aaron Donald (LAR),Passes décisives P/M (prolongations incluses),770,75644,1734184492,0.5|sa:player:nfl-553982|LAR,4505440064,Aaron Donald (LAR) moins de 0.5,Aaron Donald (LAR) moins de 0.5,0.5,2.3,0,False
16514244,LA Rams vs. NY Giants,Aaron Donald,Aaron Donald (LAR),Passes décisives P/M (prolongations incluses),770,75644,1734184492,0.5|sa:player:nfl-553982|LAR,4505440063,Aaron Donald (LAR) Plus de 0.5,Aaron Donald (LAR) Plus de 0.5,0.5,1.4762,0,False
16514244,LA Rams vs. NY Giants,Tremaine Edmunds,Tremaine Edmunds (NYG),Joueur Total de Tackles (prolongations incluses),2010,72301,1732442329,4.5|sa:player:nfl-883981|NYG,4500150416,Tremaine Edmunds (NYG) moins de 4.5,Tremaine Edmunds (NYG) moins de 4.5,4.5,1.625,0,False
16514244,LA Rams vs. NY Giants,Tremaine Edmunds,Tremaine Edmunds (NYG),Joueur Total de Tackles (prolongations incluses),2010,72301,1732442329,4.5|sa:player:nfl-883981|NYG,4500150415,Tremaine Edmunds (NYG) Plus de 4.5,Tremaine Edmunds (NYG) Plus de 4.5,4.5,2.05,0,False
16514244,LA Rams vs. NY Giants,Arvell Reese,Arvell Reese (NYG),Joueur Total de Tackles (prolongations incluses),2010,72301,1732442381,3.5|sa:player:nfl-1449329|NYG,4500150520,Arvell Reese (NYG) moins de 3.5,Arvell Reese (NYG) moins de 3.5,3.5,2.15,0,False
16514244,LA Rams vs. NY Giants,Arvell Reese,Arvell Reese (NYG),Joueur Total de Tackles (prolongations incluses),2010,72301,1732442381,3.5|sa:player:nfl-1449329|NYG,4500150519,Arvell Reese (NYG) Plus de 3.5,Arvell Reese (NYG) Plus de 3.5,3.5,1.5715,0,False
16514244,LA Rams vs. NY Giants,Quentin Lake,Quentin Lake (LAR),Joueur Total de Tackles (prolongations incluses),2010,72301,1731690855,3.5|sa:player:nfl-1071269|LAR,4497681216,Quentin Lake (LAR) moins de 3.5,Quentin Lake (LAR) moins de 3.5,3.5,1.9524,0,False
16514244,LA Rams vs. NY Giants,Quentin Lake,Quentin Lake (LAR),Joueur Total de Tackles (prolongations incluses),2010,72301,1731690855,3.5|sa:player:nfl-1071269|LAR,4497681215,Quentin Lake (LAR) Plus de 3.5,Quentin Lake (LAR) Plus de 3.5,3.5,1.6897,0,False
16514244,LA Rams vs. NY Giants,Nate Landman,Nate Landman (LAR),Joueur Total de Tackles (prolongations incluses),2010,72301,1731690797,3.5|sa:player:nfl-1061888|LAR,4497681109,Nate Landman (LAR) Plus de 3.5,Nate Landman (LAR) Plus de 3.5,3.5,1.7408,0,False
16514244,LA Rams vs. NY Giants,Nate Landman,Nate Landman (LAR),Joueur Total de Tackles (prolongations incluses),2010,72301,1731690797,3.5|sa:player:nfl-1061888|LAR,4497681110,Nate Landman (LAR) moins de 3.5,Nate Landman (LAR) moins de 3.5,3.5,1.9091,0,False
16514244,LA Rams vs. NY Giants,Tyler Nubin,Tyler Nubin (NYG),Joueur Total de Tackles (prolongations incluses),2010,72301,1731691065,3.5|sa:player:nfl-1164740|NYG,4497681577,Tyler Nubin (NYG) Plus de 3.5,Tyler Nubin (NYG) Plus de 3.5,3.5,1.7693,0,False
16514244,LA Rams vs. NY Giants,Tyler Nubin,Tyler Nubin (NYG),Joueur Total de Tackles (prolongations incluses),2010,72301,1731691065,3.5|sa:player:nfl-1164740|NYG,4497681578,Tyler Nubin (NYG) moins de 3.5,Tyler Nubin (NYG) moins de 3.5,3.5,1.8696,0,False
16514244,LA Rams vs. NY Giants,Kamren Curl,Kamren Curl (LAR),Joueur Total de Tackles (prolongations incluses),2010,72301,1731690785,3.5|sa:player:nfl-1060721|LAR,4497681088,Kamren Curl (LAR) moins de 3.5,Kamren Curl (LAR) moins de 3.5,3.5,1.8334,0,False
16514244,LA Rams vs. NY Giants,Kamren Curl,Kamren Curl (LAR),Joueur Total de Tackles (prolongations incluses),2010,72301,1731690785,3.5|sa:player:nfl-1060721|LAR,4497681087,Kamren Curl (LAR) Plus de 3.5,Kamren Curl (LAR) Plus de 3.5,3.5,1.8,0,False
16514244,LA Rams vs. NY Giants,Jevon Holland,Jevon Holland (NYG),Joueur Total de Tackles (prolongations incluses),2010,72301,1732844928,3.5|sa:player:nfl-1129741|NYG,4501147986,Jevon Holland (NYG) Plus de 3.5,Jevon Holland (NYG) Plus de 3.5,3.5,2.1,0,False
16514244,LA Rams vs. NY Giants,Jevon Holland,Jevon Holland (NYG),Joueur Total de Tackles (prolongations incluses),2010,72301,1732844928,3.5|sa:player:nfl-1129741|NYG,4501147987,Jevon Holland (NYG) moins de 3.5,Jevon Holland (NYG) moins de 3.5,3.5,1.6061,0,False
16514244,LA Rams vs. NY Giants,Trent McDuffie,Trent McDuffie (LAR),Joueur Total de Tackles (prolongations incluses),2010,72301,1731691005,2.5|sa:player:nfl-1162126|LAR,4497681476,Trent McDuffie (LAR) Plus de 2.5,Trent McDuffie (LAR) Plus de 2.5,2.5,1.5264,0,False
16514244,LA Rams vs. NY Giants,Trent McDuffie,Trent McDuffie (LAR),Joueur Total de Tackles (prolongations incluses),2010,72301,1731691005,2.5|sa:player:nfl-1162126|LAR,4497681477,Trent McDuffie (LAR) moins de 2.5,Trent McDuffie (LAR) moins de 2.5,2.5,2.25,0,False
16514244,LA Rams vs. NY Giants,Omar Speights,Omar Speights (LAR),Joueur Total de Tackles (prolongations incluses),2010,72301,1731690988,2.5|sa:player:nfl-1161680|LAR,4497681445,Omar Speights (LAR) Plus de 2.5,Omar Speights (LAR) Plus de 2.5,2.5,1.6061,0,False
16514244,LA Rams vs. NY Giants,Omar Speights,Omar Speights (LAR),Joueur Total de Tackles (prolongations incluses),2010,72301,1731690988,2.5|sa:player:nfl-1161680|LAR,4497681446,Omar Speights (LAR) moins de 2.5,Omar Speights (LAR) moins de 2.5,2.5,2.1,0,False
16514244,LA Rams vs. NY Giants,Greg Newsome,Greg Newsome (NYG),Joueur Total de Tackles (prolongations incluses),2010,72301,1732077414,2.5|sa:player:nfl-1107286|NYG,4499014050,Greg Newsome (NYG) Plus de 2.5,Greg Newsome (NYG) Plus de 2.5,2.5,1.8696,0,False
16514244,LA Rams vs. NY Giants,Greg Newsome,Greg Newsome (NYG),Joueur Total de Tackles (prolongations incluses),2010,72301,1732077414,2.5|sa:player:nfl-1107286|NYG,4499014051,Greg Newsome (NYG) moins de 2.5,Greg Newsome (NYG) moins de 2.5,2.5,1.7693,0,False
16514244,LA Rams vs. NY Giants,Brian Burns,Brian Burns (NYG),Joueur Total de Tackles (prolongations incluses),2010,72301,1731690654,1.5|sa:player:nfl-936822|NYG,4497680856,Brian Burns (NYG) Plus de 1.5,Brian Burns (NYG) Plus de 1.5,1.5,2.6,0,False
16514244,LA Rams vs. NY Giants,Brian Burns,Brian Burns (NYG),Joueur Total de Tackles (prolongations incluses),2010,72301,1731690654,1.5|sa:player:nfl-936822|NYG,4497680857,Brian Burns (NYG) moins de 1.5,Brian Burns (NYG) moins de 1.5,1.5,1.4,0,False
16514244,LA Rams vs. NY Giants,Aaron Donald,Aaron Donald (LAR),Joueur Total de Tackles (prolongations incluses),2010,72301,1731690326,1.5|sa:player:nfl-553982|LAR,4497680288,Aaron Donald (LAR) moins de 1.5,Aaron Donald (LAR) moins de 1.5,1.5,1.3847,0,False
16514244,LA Rams vs. NY Giants,Aaron Donald,Aaron Donald (LAR),Joueur Total de Tackles (prolongations incluses),2010,72301,1731690326,1.5|sa:player:nfl-553982|LAR,4497680287,Aaron Donald (LAR) Plus de 1.5,Aaron Donald (LAR) Plus de 1.5,1.5,2.65,0,False
16514244,LA Rams vs. NY Giants,Abdul Carter,Abdul Carter (NYG),Joueur Total de Tackles (prolongations incluses),2010,72301,1732884631,0.5|sa:player:nfl-1393329|NYG,4501262240,Abdul Carter (NYG) Plus de 0.5,Abdul Carter (NYG) Plus de 0.5,0.5,1.4,0,False
16514244,LA Rams vs. NY Giants,Abdul Carter,Abdul Carter (NYG),Joueur Total de Tackles (prolongations incluses),2010,72301,1732884631,0.5|sa:player:nfl-1393329|NYG,4501262241,Abdul Carter (NYG) moins de 0.5,Abdul Carter (NYG) moins de 0.5,0.5,2.6,0,False
16514244,LA Rams vs. NY Giants,Shelby Harris,Shelby Harris (NYG),Joueur Total de Tackles (prolongations incluses),2010,72301,1731690321,0.5|sa:player:nfl-500700|NYG,4497680278,Shelby Harris (NYG) Plus de 0.5,Shelby Harris (NYG) Plus de 0.5,0.5,1.625,0,False
16514244,LA Rams vs. NY Giants,Shelby Harris,Shelby Harris (NYG),Joueur Total de Tackles (prolongations incluses),2010,72301,1731690321,0.5|sa:player:nfl-500700|NYG,4497680279,Shelby Harris (NYG) moins de 0.5,Shelby Harris (NYG) moins de 0.5,0.5,2.05,0,False
16514244,LA Rams vs. NY Giants,D.J. Reader,D.J. Reader (NYG),Joueur Total de Tackles (prolongations incluses),2010,72301,1731690445,0.5|sa:player:nfl-653110|NYG,4497680488,D.J. Reader (NYG) moins de 0.5,D.J. Reader (NYG) moins de 0.5,0.5,2.0,0,False
16514244,LA Rams vs. NY Giants,D.J. Reader,D.J. Reader (NYG),Joueur Total de Tackles (prolongations incluses),2010,72301,1731690445,0.5|sa:player:nfl-653110|NYG,4497680487,D.J. Reader (NYG) Plus de 0.5,D.J. Reader (NYG) Plus de 0.5,0.5,1.6667,0,False
16514244,LA Rams vs. NY Giants,Aaron Donald,Aaron Donald (LAR),Sacks du joueur Plus/Moins (Incl. Prolongations),2254,73704,1741295154,0.5|LAR|dst:player:124742,4530157417,Aaron Donald (LAR) Plus de 0.5,Aaron Donald (LAR) Plus de 0.5,0.5,2.8,0,False
16514244,LA Rams vs. NY Giants,Aaron Donald,Aaron Donald (LAR),Sacks du joueur Plus/Moins (Incl. Prolongations),2254,73704,1741295154,0.5|LAR|dst:player:124742,4530157418,Aaron Donald (LAR) moins de 0.5,Aaron Donald (LAR) moins de 0.5,0.5,1.3449,0,False
16514244,LA Rams vs. NY Giants,Kyren Williams,Kyren Williams (LAR),Joueur tentative de gain par la course (prolongations incluses),2012,72303,1732855313,13.5|sa:player:nfl-1167361|LAR,4501193365,Kyren Williams (LAR) Plus de 13.5,Kyren Williams (LAR) Plus de 13.5,13.5,1.9091,0,False
16514244,LA Rams vs. NY Giants,Kyren Williams,Kyren Williams (LAR),Joueur tentative de gain par la course (prolongations incluses),2012,72303,1732855313,13.5|sa:player:nfl-1167361|LAR,4501193366,Kyren Williams (LAR) moins de 13.5,Kyren Williams (LAR) moins de 13.5,13.5,1.7408,0,False
16514244,LA Rams vs. NY Giants,Cameron Skattebo,Cameron Skattebo (NYG),Joueur tentative de gain par la course (prolongations incluses),2012,72303,1732536802,12.5|sa:player:nfl-1280316|NYG,4500413942,Cameron Skattebo (NYG) Plus de 12.5,Cameron Skattebo (NYG) Plus de 12.5,12.5,1.8696,0,False
16514244,LA Rams vs. NY Giants,Cameron Skattebo,Cameron Skattebo (NYG),Joueur tentative de gain par la course (prolongations incluses),2012,72303,1732536802,12.5|sa:player:nfl-1280316|NYG,4500413943,Cameron Skattebo (NYG) moins de 12.5,Cameron Skattebo (NYG) moins de 12.5,12.5,1.7693,0,False
16514244,LA Rams vs. NY Giants,Blake Corum,Blake Corum (LAR),Joueur tentative de gain par la course (prolongations incluses),2012,72303,1732855324,10.5|sa:player:nfl-1229540|LAR,4501193387,Blake Corum (LAR) Plus de 10.5,Blake Corum (LAR) Plus de 10.5,10.5,1.6667,0,False
16514244,LA Rams vs. NY Giants,Blake Corum,Blake Corum (LAR),Joueur tentative de gain par la course (prolongations incluses),2012,72303,1732855324,10.5|sa:player:nfl-1229540|LAR,4501193388,Blake Corum (LAR) moins de 10.5,Blake Corum (LAR) moins de 10.5,10.5,2.0,0,False
16514244,LA Rams vs. NY Giants,Jaxson Dart,Jaxson Dart (NYG),Joueur tentative de gain par la course (prolongations incluses),2012,72303,1732442411,6.5|sa:player:nfl-1286260|NYG,4500150579,Jaxson Dart (NYG) Plus de 6.5,Jaxson Dart (NYG) Plus de 6.5,6.5,2.0,0,False
16514244,LA Rams vs. NY Giants,Jaxson Dart,Jaxson Dart (NYG),Joueur tentative de gain par la course (prolongations incluses),2012,72303,1732442411,6.5|sa:player:nfl-1286260|NYG,4500150580,Jaxson Dart (NYG) moins de 6.5,Jaxson Dart (NYG) moins de 6.5,6.5,1.6667,0,False
16514244,LA Rams vs. NY Giants,Devin Singletary,Devin Singletary (NYG),Joueur tentative de gain par la course (prolongations incluses),2012,72303,1731723048,4.5|sa:player:nfl-916466|NYG,4497774642,Devin Singletary (NYG) Plus de 4.5,Devin Singletary (NYG) Plus de 4.5,4.5,1.8696,0,False
16514244,LA Rams vs. NY Giants,Devin Singletary,Devin Singletary (NYG),Joueur tentative de gain par la course (prolongations incluses),2012,72303,1731723048,4.5|sa:player:nfl-916466|NYG,4497774643,Devin Singletary (NYG) moins de 4.5,Devin Singletary (NYG) moins de 4.5,4.5,1.7693,0,False
16514244,LA Rams vs. NY Giants,Matthew Stafford,Matthew Stafford (LAR),Joueur tentative de gain par la course (prolongations incluses),2012,72303,1731690298,1.5|sa:player:nfl-323205|LAR,4497680241,Matthew Stafford (LAR) Plus de 1.5,Matthew Stafford (LAR) Plus de 1.5,1.5,2.05,0,False
16514244,LA Rams vs. NY Giants,Matthew Stafford,Matthew Stafford (LAR),Joueur tentative de gain par la course (prolongations incluses),2012,72303,1731690298,1.5|sa:player:nfl-323205|LAR,4497680242,Matthew Stafford (LAR) moins de 1.5,Matthew Stafford (LAR) moins de 1.5,1.5,1.625,0,False
16514244,LA Rams vs. NY Giants,Puka Nacua,Puka Nacua (LAR),Total de réceptions Plus/Moins(Incl. Prolongations),767,71926,1731723118,6.5|sa:player:nfl-1162128|LAR,4497774773,Puka Nacua (LAR) Plus de 6.5,Puka Nacua (LAR) Plus de 6.5,6.5,1.625,0,False
16514244,LA Rams vs. NY Giants,Puka Nacua,Puka Nacua (LAR),Total de réceptions Plus/Moins(Incl. Prolongations),767,71926,1731723118,6.5|sa:player:nfl-1162128|LAR,4497774774,Puka Nacua (LAR) moins de 6.5,Puka Nacua (LAR) moins de 6.5,6.5,2.05,0,False
16514244,LA Rams vs. NY Giants,Malik Nabers,Malik Nabers (NYG),Total de réceptions Plus/Moins(Incl. Prolongations),767,71926,1732623070,5.5|sa:player:nfl-1286059|NYG,4500619598,Malik Nabers (NYG) Plus de 5.5,Malik Nabers (NYG) Plus de 5.5,5.5,1.7693,0,False
16514244,LA Rams vs. NY Giants,Malik Nabers,Malik Nabers (NYG),Total de réceptions Plus/Moins(Incl. Prolongations),767,71926,1732623070,5.5|sa:player:nfl-1286059|NYG,4500619599,Malik Nabers (NYG) moins de 5.5,Malik Nabers (NYG) moins de 5.5,5.5,1.8696,0,False
16514244,LA Rams vs. NY Giants,Davante Adams,Davante Adams (LAR),Total de réceptions Plus/Moins(Incl. Prolongations),767,71926,1741297051,5.5|sa:player:nfl-611417|LAR,4530161708,Davante Adams (LAR) Plus de 5.5,Davante Adams (LAR) Plus de 5.5,5.5,2.0,0,False
16514244,LA Rams vs. NY Giants,Davante Adams,Davante Adams (LAR),Total de réceptions Plus/Moins(Incl. Prolongations),767,71926,1741297051,5.5|sa:player:nfl-611417|LAR,4530161709,Davante Adams (LAR) moins de 5.5,Davante Adams (LAR) moins de 5.5,5.5,1.6667,0,False
16514244,LA Rams vs. NY Giants,Isaiah Likely,Isaiah Likely (NYG),Total de réceptions Plus/Moins(Incl. Prolongations),767,71926,1732546505,4.5|sa:player:nfl-1125111|NYG,4500437428,Isaiah Likely (NYG) Plus de 4.5,Isaiah Likely (NYG) Plus de 4.5,4.5,1.7693,0,False
16514244,LA Rams vs. NY Giants,Isaiah Likely,Isaiah Likely (NYG),Total de réceptions Plus/Moins(Incl. Prolongations),767,71926,1732546505,4.5|sa:player:nfl-1125111|NYG,4500437429,Isaiah Likely (NYG) moins de 4.5,Isaiah Likely (NYG) moins de 4.5,4.5,1.8696,0,False
16514244,LA Rams vs. NY Giants,Colby Parkinson,Colby Parkinson (LAR),Total de réceptions Plus/Moins(Incl. Prolongations),767,71926,1739713050,3.5|sa:player:nfl-1060312|LAR,4525609797,Colby Parkinson (LAR) Plus de 3.5,Colby Parkinson (LAR) Plus de 3.5,3.5,2.15,0,False
16514244,LA Rams vs. NY Giants,Colby Parkinson,Colby Parkinson (LAR),Total de réceptions Plus/Moins(Incl. Prolongations),767,71926,1739713050,3.5|sa:player:nfl-1060312|LAR,4525609798,Colby Parkinson (LAR) moins de 3.5,Colby Parkinson (LAR) moins de 3.5,3.5,1.5715,0,False
16514244,LA Rams vs. NY Giants,Kyren Williams,Kyren Williams (LAR),Total de réceptions Plus/Moins(Incl. Prolongations),767,71926,1731691073,2.5|sa:player:nfl-1167361|LAR,4497681592,Kyren Williams (LAR) Plus de 2.5,Kyren Williams (LAR) Plus de 2.5,2.5,1.9091,0,False
16514244,LA Rams vs. NY Giants,Kyren Williams,Kyren Williams (LAR),Total de réceptions Plus/Moins(Incl. Prolongations),767,71926,1731691073,2.5|sa:player:nfl-1167361|LAR,4497681593,Kyren Williams (LAR) moins de 2.5,Kyren Williams (LAR) moins de 2.5,2.5,1.7408,0,False
16514244,LA Rams vs. NY Giants,Terrance Ferguson,Terrance Ferguson (LAR),Total de réceptions Plus/Moins(Incl. Prolongations),767,71926,1741297079,2.5|sa:player:nfl-1286179|LAR,4530161764,Terrance Ferguson (LAR) Plus de 2.5,Terrance Ferguson (LAR) Plus de 2.5,2.5,1.9091,0,False
16514244,LA Rams vs. NY Giants,Terrance Ferguson,Terrance Ferguson (LAR),Total de réceptions Plus/Moins(Incl. Prolongations),767,71926,1741297079,2.5|sa:player:nfl-1286179|LAR,4530161765,Terrance Ferguson (LAR) moins de 2.5,Terrance Ferguson (LAR) moins de 2.5,2.5,1.7408,0,False
16514244,LA Rams vs. NY Giants,Malachi Fields,Malachi Fields (NYG),Total de réceptions Plus/Moins(Incl. Prolongations),767,71926,1732442420,2.5|sa:player:nfl-1319589|NYG,4500150597,Malachi Fields (NYG) Plus de 2.5,Malachi Fields (NYG) Plus de 2.5,2.5,2.25,0,False
16514244,LA Rams vs. NY Giants,Malachi Fields,Malachi Fields (NYG),Total de réceptions Plus/Moins(Incl. Prolongations),767,71926,1732442420,2.5|sa:player:nfl-1319589|NYG,4500150598,Malachi Fields (NYG) moins de 2.5,Malachi Fields (NYG) moins de 2.5,2.5,1.5264,0,False
16514244,LA Rams vs. NY Giants,Cameron Skattebo,Cameron Skattebo (NYG),Total de réceptions Plus/Moins(Incl. Prolongations),767,71926,1732546516,1.5|sa:player:nfl-1280316|NYG,4500437450,Cameron Skattebo (NYG) Plus de 1.5,Cameron Skattebo (NYG) Plus de 1.5,1.5,1.5,0,False
16514244,LA Rams vs. NY Giants,Cameron Skattebo,Cameron Skattebo (NYG),Total de réceptions Plus/Moins(Incl. Prolongations),767,71926,1732546516,1.5|sa:player:nfl-1280316|NYG,4500437451,Cameron Skattebo (NYG) moins de 1.5,Cameron Skattebo (NYG) moins de 1.5,1.5,2.3,0,False
16514244,LA Rams vs. NY Giants,Devin Singletary,Devin Singletary (NYG),Total de réceptions Plus/Moins(Incl. Prolongations),767,71926,1731690610,0.5|sa:player:nfl-916466|NYG,4497680778,Devin Singletary (NYG) Plus de 0.5,Devin Singletary (NYG) Plus de 0.5,0.5,1.4167,0,False
16514244,LA Rams vs. NY Giants,Devin Singletary,Devin Singletary (NYG),Total de réceptions Plus/Moins(Incl. Prolongations),767,71926,1731690610,0.5|sa:player:nfl-916466|NYG,4497680779,Devin Singletary (NYG) moins de 0.5,Devin Singletary (NYG) moins de 0.5,0.5,2.55,0,False
16514244,LA Rams vs. NY Giants,Darnell Mooney,Darnell Mooney (NYG),Total de réceptions Plus/Moins(Incl. Prolongations),767,71926,1732545575,0.5|sa:player:nfl-912027|NYG,4500435296,Darnell Mooney (NYG) Plus de 0.5,Darnell Mooney (NYG) Plus de 0.5,0.5,1.4348,0,False
16514244,LA Rams vs. NY Giants,Darnell Mooney,Darnell Mooney (NYG),Total de réceptions Plus/Moins(Incl. Prolongations),767,71926,1732545575,0.5|sa:player:nfl-912027|NYG,4500435297,Darnell Mooney (NYG) moins de 0.5,Darnell Mooney (NYG) moins de 0.5,0.5,2.5,0,False
16514244,LA Rams vs. NY Giants,Odell Beckham Jr.,Odell Beckham Jr. (NYG),Total de réceptions Plus/Moins(Incl. Prolongations),767,71926,1731690360,0.5|sa:player:nfl-589984|NYG,4497680345,Odell Beckham Jr. (NYG) Plus de 0.5,Odell Beckham Jr. (NYG) Plus de 0.5,0.5,1.6667,0,False
16514244,LA Rams vs. NY Giants,Odell Beckham Jr.,Odell Beckham Jr. (NYG),Total de réceptions Plus/Moins(Incl. Prolongations),767,71926,1731690360,0.5|sa:player:nfl-589984|NYG,4497680346,Odell Beckham Jr. (NYG) moins de 0.5,Odell Beckham Jr. (NYG) moins de 0.5,0.5,2.0,0,False
16514244,LA Rams vs. NY Giants,Jaxson Dart,Jaxson Dart (NYG),Passes du joueur interceptées Plus/Moins (Incl. Prolongations),2253,73703,1735303532,0.5|NYG|dst:player:489891,4509458030,Jaxson Dart (NYG) Plus de 0.5,Jaxson Dart (NYG) Plus de 0.5,0.5,1.9091,0,False
16514244,LA Rams vs. NY Giants,Jaxson Dart,Jaxson Dart (NYG),Passes du joueur interceptées Plus/Moins (Incl. Prolongations),2253,73703,1735303532,0.5|NYG|dst:player:489891,4509458031,Jaxson Dart (NYG) moins de 0.5,Jaxson Dart (NYG) moins de 0.5,0.5,1.7408,0,False
16514244,LA Rams vs. NY Giants,Matthew Stafford,Matthew Stafford (LAR),Passes du joueur interceptées Plus/Moins (Incl. Prolongations),2253,73703,1735303533,0.5|LAR|dst:player:269130,4509458032,Matthew Stafford (LAR) Plus de 0.5,Matthew Stafford (LAR) Plus de 0.5,0.5,2.0,0,False
16514244,LA Rams vs. NY Giants,Matthew Stafford,Matthew Stafford (LAR),Passes du joueur interceptées Plus/Moins (Incl. Prolongations),2253,73703,1735303533,0.5|LAR|dst:player:269130,4509458033,Matthew Stafford (LAR) moins de 0.5,Matthew Stafford (LAR) moins de 0.5,0.5,1.6667,0,False
16514244,LA Rams vs. NY Giants,Matthew Stafford,Matthew Stafford (LAR),"Passes complétées, Joueur (prolongations incluses) ",760,71921,1737206107,22.5|sa:player:nfl-323205|LAR,4516457928,Matthew Stafford (LAR) moins de 22.5,Matthew Stafford (LAR) moins de 22.5,22.5,1.7693,0,False
16514244,LA Rams vs. NY Giants,Matthew Stafford,Matthew Stafford (LAR),"Passes complétées, Joueur (prolongations incluses) ",760,71921,1737206107,22.5|sa:player:nfl-323205|LAR,4516457927,Matthew Stafford (LAR) Plus de 22.5,Matthew Stafford (LAR) Plus de 22.5,22.5,1.8696,0,False
16514244,LA Rams vs. NY Giants,Jaxson Dart,Jaxson Dart (NYG),"Passes complétées, Joueur (prolongations incluses) ",760,71921,1734180456,19.5|sa:player:nfl-1286260|NYG,4505429840,Jaxson Dart (NYG) Plus de 19.5,Jaxson Dart (NYG) Plus de 19.5,19.5,1.7408,0,False
16514244,LA Rams vs. NY Giants,Jaxson Dart,Jaxson Dart (NYG),"Passes complétées, Joueur (prolongations incluses) ",760,71921,1734180456,19.5|sa:player:nfl-1286260|NYG,4505429841,Jaxson Dart (NYG) moins de 19.5,Jaxson Dart (NYG) moins de 19.5,19.5,1.9091,0,False
16514244,LA Rams vs. NY Giants,Matthew Stafford,Matthew Stafford (LAR),Tentatives de passes du joueur Plus/Moins (Incl. Prolongations),2252,73702,1731690272,32.5|sa:player:nfl-323205|LAR,4497680189,Matthew Stafford (LAR) Plus de 32.5,Matthew Stafford (LAR) Plus de 32.5,32.5,1.7693,0,False
16514244,LA Rams vs. NY Giants,Matthew Stafford,Matthew Stafford (LAR),Tentatives de passes du joueur Plus/Moins (Incl. Prolongations),2252,73702,1731690272,32.5|sa:player:nfl-323205|LAR,4497680190,Matthew Stafford (LAR) moins de 32.5,Matthew Stafford (LAR) moins de 32.5,32.5,1.8696,0,False
16514244,LA Rams vs. NY Giants,Jaxson Dart,Jaxson Dart (NYG),Tentatives de passes du joueur Plus/Moins (Incl. Prolongations),2252,73702,1740890891,30.5|sa:player:nfl-1286260|NYG,4529145944,Jaxson Dart (NYG) moins de 30.5,Jaxson Dart (NYG) moins de 30.5,30.5,1.7693,0,False
16514244,LA Rams vs. NY Giants,Jaxson Dart,Jaxson Dart (NYG),Tentatives de passes du joueur Plus/Moins (Incl. Prolongations),2252,73702,1740890891,30.5|sa:player:nfl-1286260|NYG,4529145943,Jaxson Dart (NYG) Plus de 30.5,Jaxson Dart (NYG) Plus de 30.5,30.5,1.8696,0,False
16514244,LA Rams vs. NY Giants,Puka Nacua,Puka Nacua (LAR),Joueuer Plus longue réception (prolongations incluses) ,2009,72300,1731691014,23.5|sa:player:nfl-1162128|LAR,4497681493,Puka Nacua (LAR) Plus de 23.5,Puka Nacua (LAR) Plus de 23.5,23.5,1.7693,0,False
16514244,LA Rams vs. NY Giants,Puka Nacua,Puka Nacua (LAR),Joueuer Plus longue réception (prolongations incluses) ,2009,72300,1731691014,23.5|sa:player:nfl-1162128|LAR,4497681494,Puka Nacua (LAR) moins de 23.5,Puka Nacua (LAR) moins de 23.5,23.5,1.8696,0,False
16514244,LA Rams vs. NY Giants,Davante Adams,Davante Adams (LAR),Joueuer Plus longue réception (prolongations incluses) ,2009,72300,1739713045,21.5|sa:player:nfl-611417|LAR,4525609787,Davante Adams (LAR) Plus de 21.5,Davante Adams (LAR) Plus de 21.5,21.5,1.8334,0,False
16514244,LA Rams vs. NY Giants,Davante Adams,Davante Adams (LAR),Joueuer Plus longue réception (prolongations incluses) ,2009,72300,1739713045,21.5|sa:player:nfl-611417|LAR,4525609788,Davante Adams (LAR) moins de 21.5,Davante Adams (LAR) moins de 21.5,21.5,1.8,0,False
16514244,LA Rams vs. NY Giants,Malik Nabers,Malik Nabers (NYG),Joueuer Plus longue réception (prolongations incluses) ,2009,72300,1731691332,21.5|sa:player:nfl-1286059|NYG,4497682050,Malik Nabers (NYG) Plus de 21.5,Malik Nabers (NYG) Plus de 21.5,21.5,1.8696,0,False
16514244,LA Rams vs. NY Giants,Malik Nabers,Malik Nabers (NYG),Joueuer Plus longue réception (prolongations incluses) ,2009,72300,1731691332,21.5|sa:player:nfl-1286059|NYG,4497682051,Malik Nabers (NYG) moins de 21.5,Malik Nabers (NYG) moins de 21.5,21.5,1.7693,0,False
16514244,LA Rams vs. NY Giants,Isaiah Likely,Isaiah Likely (NYG),Joueuer Plus longue réception (prolongations incluses) ,2009,72300,1732546865,17.5|sa:player:nfl-1125111|NYG,4500438264,Isaiah Likely (NYG) moins de 17.5,Isaiah Likely (NYG) moins de 17.5,17.5,1.7693,0,False
16514244,LA Rams vs. NY Giants,Isaiah Likely,Isaiah Likely (NYG),Joueuer Plus longue réception (prolongations incluses) ,2009,72300,1732546865,17.5|sa:player:nfl-1125111|NYG,4500438263,Isaiah Likely (NYG) Plus de 17.5,Isaiah Likely (NYG) Plus de 17.5,17.5,1.8696,0,False
16514244,LA Rams vs. NY Giants,Terrance Ferguson,Terrance Ferguson (LAR),Joueuer Plus longue réception (prolongations incluses) ,2009,72300,1742852304,16.5|sa:player:nfl-1286179|LAR,4534476432,Terrance Ferguson (LAR) moins de 16.5,Terrance Ferguson (LAR) moins de 16.5,16.5,1.7693,0,False
16514244,LA Rams vs. NY Giants,Terrance Ferguson,Terrance Ferguson (LAR),Joueuer Plus longue réception (prolongations incluses) ,2009,72300,1742852304,16.5|sa:player:nfl-1286179|LAR,4534476431,Terrance Ferguson (LAR) Plus de 16.5,Terrance Ferguson (LAR) Plus de 16.5,16.5,1.8696,0,False
16514244,LA Rams vs. NY Giants,Malachi Fields,Malachi Fields (NYG),Joueuer Plus longue réception (prolongations incluses) ,2009,72300,1732546529,15.5|sa:player:nfl-1319589|NYG,4500437476,Malachi Fields (NYG) Plus de 15.5,Malachi Fields (NYG) Plus de 15.5,15.5,1.8,0,False
16514244,LA Rams vs. NY Giants,Malachi Fields,Malachi Fields (NYG),Joueuer Plus longue réception (prolongations incluses) ,2009,72300,1732546529,15.5|sa:player:nfl-1319589|NYG,4500437477,Malachi Fields (NYG) moins de 15.5,Malachi Fields (NYG) moins de 15.5,15.5,1.8334,0,False
16514244,LA Rams vs. NY Giants,Colby Parkinson,Colby Parkinson (LAR),Joueuer Plus longue réception (prolongations incluses) ,2009,72300,1732848183,14.5|sa:player:nfl-1060312|LAR,4501155986,Colby Parkinson (LAR) Plus de 14.5,Colby Parkinson (LAR) Plus de 14.5,14.5,1.7693,0,False
16514244,LA Rams vs. NY Giants,Colby Parkinson,Colby Parkinson (LAR),Joueuer Plus longue réception (prolongations incluses) ,2009,72300,1732848183,14.5|sa:player:nfl-1060312|LAR,4501155987,Colby Parkinson (LAR) moins de 14.5,Colby Parkinson (LAR) moins de 14.5,14.5,1.8696,0,False
16514244,LA Rams vs. NY Giants,Kyren Williams,Kyren Williams (LAR),Joueuer Plus longue réception (prolongations incluses) ,2009,72300,1732558751,9.5|sa:player:nfl-1167361|LAR,4500466813,Kyren Williams (LAR) Plus de 9.5,Kyren Williams (LAR) Plus de 9.5,9.5,1.8696,0,False
16514244,LA Rams vs. NY Giants,Kyren Williams,Kyren Williams (LAR),Joueuer Plus longue réception (prolongations incluses) ,2009,72300,1732558751,9.5|sa:player:nfl-1167361|LAR,4500466814,Kyren Williams (LAR) moins de 9.5,Kyren Williams (LAR) moins de 9.5,9.5,1.7693,0,False
16514244,LA Rams vs. NY Giants,Cameron Skattebo,Cameron Skattebo (NYG),Joueuer Plus longue réception (prolongations incluses) ,2009,72300,1731723140,8.5|sa:player:nfl-1280316|NYG,4497774816,Cameron Skattebo (NYG) Plus de 8.5,Cameron Skattebo (NYG) Plus de 8.5,8.5,1.8,0,False
16514244,LA Rams vs. NY Giants,Cameron Skattebo,Cameron Skattebo (NYG),Joueuer Plus longue réception (prolongations incluses) ,2009,72300,1731723140,8.5|sa:player:nfl-1280316|NYG,4497774817,Cameron Skattebo (NYG) moins de 8.5,Cameron Skattebo (NYG) moins de 8.5,8.5,1.8334,0,False
16514244,LA Rams vs. NY Giants,Darnell Mooney,Darnell Mooney (NYG),Joueuer Plus longue réception (prolongations incluses) ,2009,72300,1732545303,8.5|sa:player:nfl-912027|NYG,4500434626,Darnell Mooney (NYG) Plus de 8.5,Darnell Mooney (NYG) Plus de 8.5,8.5,1.8696,0,False
16514244,LA Rams vs. NY Giants,Darnell Mooney,Darnell Mooney (NYG),Joueuer Plus longue réception (prolongations incluses) ,2009,72300,1732545303,8.5|sa:player:nfl-912027|NYG,4500434627,Darnell Mooney (NYG) moins de 8.5,Darnell Mooney (NYG) moins de 8.5,8.5,1.7693,0,False
16514244,LA Rams vs. NY Giants,Odell Beckham Jr.,Odell Beckham Jr. (NYG),Joueuer Plus longue réception (prolongations incluses) ,2009,72300,1732538506,4.5|sa:player:nfl-589984|NYG,4500418158,Odell Beckham Jr. (NYG) Plus de 4.5,Odell Beckham Jr. (NYG) Plus de 4.5,4.5,1.7693,0,False
16514244,LA Rams vs. NY Giants,Odell Beckham Jr.,Odell Beckham Jr. (NYG),Joueuer Plus longue réception (prolongations incluses) ,2009,72300,1732538506,4.5|sa:player:nfl-589984|NYG,4500418159,Odell Beckham Jr. (NYG) moins de 4.5,Odell Beckham Jr. (NYG) moins de 4.5,4.5,1.8696,0,False
16514244,LA Rams vs. NY Giants,Devin Singletary,Devin Singletary (NYG),Joueuer Plus longue réception (prolongations incluses) ,2009,72300,1731725099,4.5|sa:player:nfl-916466|NYG,4497779825,Devin Singletary (NYG) Plus de 4.5,Devin Singletary (NYG) Plus de 4.5,4.5,1.8696,0,False
16514244,LA Rams vs. NY Giants,Devin Singletary,Devin Singletary (NYG),Joueuer Plus longue réception (prolongations incluses) ,2009,72300,1731725099,4.5|sa:player:nfl-916466|NYG,4497779826,Devin Singletary (NYG) moins de 4.5,Devin Singletary (NYG) moins de 4.5,4.5,1.7693,0,False
16514244,LA Rams vs. NY Giants,Matthew Stafford,Matthew Stafford (LAR),Joueur Plus longue passe complétée (prolongations incluses) ,2001,72292,1732848173,37.5|sa:player:nfl-323205|LAR,4501155966,Matthew Stafford (LAR) Plus de 37.5,Matthew Stafford (LAR) Plus de 37.5,37.5,1.8,0,False
16514244,LA Rams vs. NY Giants,Matthew Stafford,Matthew Stafford (LAR),Joueur Plus longue passe complétée (prolongations incluses) ,2001,72292,1732848173,37.5|sa:player:nfl-323205|LAR,4501155967,Matthew Stafford (LAR) moins de 37.5,Matthew Stafford (LAR) moins de 37.5,37.5,1.8334,0,False
16514244,LA Rams vs. NY Giants,Jaxson Dart,Jaxson Dart (NYG),Joueur Plus longue passe complétée (prolongations incluses) ,2001,72292,1731691388,33.5|sa:player:nfl-1286260|NYG,4497682144,Jaxson Dart (NYG) Plus de 33.5,Jaxson Dart (NYG) Plus de 33.5,33.5,1.8334,0,False
16514244,LA Rams vs. NY Giants,Jaxson Dart,Jaxson Dart (NYG),Joueur Plus longue passe complétée (prolongations incluses) ,2001,72292,1731691388,33.5|sa:player:nfl-1286260|NYG,4497682145,Jaxson Dart (NYG) moins de 33.5,Jaxson Dart (NYG) moins de 33.5,33.5,1.8,0,False
16514244,LA Rams vs. NY Giants,Harrison Mevis,Harrison Mevis (LAR),Points de tir du joueur Plus/Moins (prolongations incluses) ,2003,72294,1731691131,7.5|sa:player:nfl-1213389|LAR,4497681696,Harrison Mevis (LAR) Plus de 7.5,Harrison Mevis (LAR) Plus de 7.5,7.5,1.7693,0,False
16514244,LA Rams vs. NY Giants,Harrison Mevis,Harrison Mevis (LAR),Points de tir du joueur Plus/Moins (prolongations incluses) ,2003,72294,1731691131,7.5|sa:player:nfl-1213389|LAR,4497681697,Harrison Mevis (LAR) moins de 7.5,Harrison Mevis (LAR) moins de 7.5,7.5,1.8696,0,False
16514244,LA Rams vs. NY Giants,Dominic Zvada,Dominic Zvada (NYG),Points de tir du joueur Plus/Moins (prolongations incluses) ,2003,72294,1731691200,5.5|sa:player:nfl-1380799|NYG,4497681813,Dominic Zvada (NYG) Plus de 5.5,Dominic Zvada (NYG) Plus de 5.5,5.5,1.8334,0,False
16514244,LA Rams vs. NY Giants,Dominic Zvada,Dominic Zvada (NYG),Points de tir du joueur Plus/Moins (prolongations incluses) ,2003,72294,1731691200,5.5|sa:player:nfl-1380799|NYG,4497681814,Dominic Zvada (NYG) moins de 5.5,Dominic Zvada (NYG) moins de 5.5,5.5,1.8,0,False
16514244,LA Rams vs. NY Giants,Harrison Mevis,Harrison Mevis (LAR),Field goals du joueur (prolongations incluses) ,769,71927,1731691129,1.5|sa:player:nfl-1213389|LAR,4497681692,Harrison Mevis (LAR) Plus de 1.5,Harrison Mevis (LAR) Plus de 1.5,1.5,1.7693,0,False
16514244,LA Rams vs. NY Giants,Harrison Mevis,Harrison Mevis (LAR),Field goals du joueur (prolongations incluses) ,769,71927,1731691129,1.5|sa:player:nfl-1213389|LAR,4497681693,Harrison Mevis (LAR) moins de 1.5,Harrison Mevis (LAR) moins de 1.5,1.5,1.8696,0,False
16514244,LA Rams vs. NY Giants,Dominic Zvada,Dominic Zvada (NYG),Field goals du joueur (prolongations incluses) ,769,71927,1731691198,1.5|sa:player:nfl-1380799|NYG,4497681809,Dominic Zvada (NYG) Plus de 1.5,Dominic Zvada (NYG) Plus de 1.5,1.5,2.25,0,False
16514244,LA Rams vs. NY Giants,Dominic Zvada,Dominic Zvada (NYG),Field goals du joueur (prolongations incluses) ,769,71927,1731691198,1.5|sa:player:nfl-1380799|NYG,4497681810,Dominic Zvada (NYG) moins de 1.5,Dominic Zvada (NYG) moins de 1.5,1.5,1.5264,0,False
16514244,LA Rams vs. NY Giants,Jaylen Watson,Jaylen Watson (LAR),Interceptions défensives Plus/Moins (prolongations incluses),3304,73828,1731691280,0.5|sa:player:nfl-1248062|LAR,4497681957,Jaylen Watson (LAR) Plus de 0.5,Jaylen Watson (LAR) Plus de 0.5,0.5,6.0,0,False
16514244,LA Rams vs. NY Giants,Jaylen Watson,Jaylen Watson (LAR),Interceptions défensives Plus/Moins (prolongations incluses),3304,73828,1731691280,0.5|sa:player:nfl-1248062|LAR,4497681958,Jaylen Watson (LAR) moins de 0.5,Jaylen Watson (LAR) moins de 0.5,0.5,1.0715,0,False
16514244,LA Rams vs. NY Giants,Kamren Curl,Kamren Curl (LAR),Interceptions défensives Plus/Moins (prolongations incluses),3304,73828,1731690789,0.5|sa:player:nfl-1060721|LAR,4497681096,Kamren Curl (LAR) moins de 0.5,Kamren Curl (LAR) moins de 0.5,0.5,1.0715,0,False
16514244,LA Rams vs. NY Giants,Kamren Curl,Kamren Curl (LAR),Interceptions défensives Plus/Moins (prolongations incluses),3304,73828,1731690789,0.5|sa:player:nfl-1060721|LAR,4497681095,Kamren Curl (LAR) Plus de 0.5,Kamren Curl (LAR) Plus de 0.5,0.5,6.0,0,False
16514244,LA Rams vs. NY Giants,Jevon Holland,Jevon Holland (NYG),Interceptions défensives Plus/Moins (prolongations incluses),3304,73828,1731690927,0.5|sa:player:nfl-1129741|NYG,4497681344,Jevon Holland (NYG) moins de 0.5,Jevon Holland (NYG) moins de 0.5,0.5,1.0589,0,False
16514244,LA Rams vs. NY Giants,Jevon Holland,Jevon Holland (NYG),Interceptions défensives Plus/Moins (prolongations incluses),3304,73828,1731690927,0.5|sa:player:nfl-1129741|NYG,4497681343,Jevon Holland (NYG) Plus de 0.5,Jevon Holland (NYG) Plus de 0.5,0.5,6.5,0,False
16514244,LA Rams vs. NY Giants,Tremaine Edmunds,Tremaine Edmunds (NYG),Interceptions défensives Plus/Moins (prolongations incluses),3304,73828,1731690579,0.5|sa:player:nfl-883981|NYG,4497680726,Tremaine Edmunds (NYG) Plus de 0.5,Tremaine Edmunds (NYG) Plus de 0.5,0.5,6.75,0,False
16514244,LA Rams vs. NY Giants,Tremaine Edmunds,Tremaine Edmunds (NYG),Interceptions défensives Plus/Moins (prolongations incluses),3304,73828,1731690579,0.5|sa:player:nfl-883981|NYG,4497680727,Tremaine Edmunds (NYG) moins de 0.5,Tremaine Edmunds (NYG) moins de 0.5,0.5,1.05,0,False
16514244,LA Rams vs. NY Giants,Trent McDuffie,Trent McDuffie (LAR),Interceptions défensives Plus/Moins (prolongations incluses),3304,73828,1731691009,0.5|sa:player:nfl-1162126|LAR,4497681484,Trent McDuffie (LAR) Plus de 0.5,Trent McDuffie (LAR) Plus de 0.5,0.5,6.75,0,False
16514244,LA Rams vs. NY Giants,Trent McDuffie,Trent McDuffie (LAR),Interceptions défensives Plus/Moins (prolongations incluses),3304,73828,1731691009,0.5|sa:player:nfl-1162126|LAR,4497681485,Trent McDuffie (LAR) moins de 0.5,Trent McDuffie (LAR) moins de 0.5,0.5,1.05,0,False
16514244,LA Rams vs. NY Giants,Quentin Lake,Quentin Lake (LAR),Interceptions défensives Plus/Moins (prolongations incluses),3304,73828,1731690859,0.5|sa:player:nfl-1071269|LAR,4497681224,Quentin Lake (LAR) moins de 0.5,Quentin Lake (LAR) moins de 0.5,0.5,1.04,0,False
16514244,LA Rams vs. NY Giants,Quentin Lake,Quentin Lake (LAR),Interceptions défensives Plus/Moins (prolongations incluses),3304,73828,1731690859,0.5|sa:player:nfl-1071269|LAR,4497681223,Quentin Lake (LAR) Plus de 0.5,Quentin Lake (LAR) Plus de 0.5,0.5,7.25,0,False
16514244,LA Rams vs. NY Giants,Tyler Nubin,Tyler Nubin (NYG),Interceptions défensives Plus/Moins (prolongations incluses),3304,73828,1731691069,0.5|sa:player:nfl-1164740|NYG,4497681585,Tyler Nubin (NYG) Plus de 0.5,Tyler Nubin (NYG) Plus de 0.5,0.5,7.5,0,False
16514244,LA Rams vs. NY Giants,Tyler Nubin,Tyler Nubin (NYG),Interceptions défensives Plus/Moins (prolongations incluses),3304,73828,1731691069,0.5|sa:player:nfl-1164740|NYG,4497681586,Tyler Nubin (NYG) moins de 0.5,Tyler Nubin (NYG) moins de 0.5,0.5,1.0334,0,False
16514244,LA Rams vs. NY Giants,Greg Newsome,Greg Newsome (NYG),Interceptions défensives Plus/Moins (prolongations incluses),3304,73828,1731690865,0.5|sa:player:nfl-1107286|NYG,4497681234,Greg Newsome (NYG) Plus de 0.5,Greg Newsome (NYG) Plus de 0.5,0.5,8.5,0,False
16514244,LA Rams vs. NY Giants,Greg Newsome,Greg Newsome (NYG),Interceptions défensives Plus/Moins (prolongations incluses),3304,73828,1731690865,0.5|sa:player:nfl-1107286|NYG,4497681235,Greg Newsome (NYG) moins de 0.5,Greg Newsome (NYG) moins de 0.5,0.5,1.02,0,False
16514244,LA Rams vs. NY Giants,Omar Speights,Omar Speights (LAR),Interceptions défensives Plus/Moins (prolongations incluses),3304,73828,1731690992,0.5|sa:player:nfl-1161680|LAR,4497681453,Omar Speights (LAR) Plus de 0.5,Omar Speights (LAR) Plus de 0.5,0.5,9.0,0,False
16514244,LA Rams vs. NY Giants,Omar Speights,Omar Speights (LAR),Interceptions défensives Plus/Moins (prolongations incluses),3304,73828,1731690992,0.5|sa:player:nfl-1161680|LAR,4497681454,Omar Speights (LAR) moins de 0.5,Omar Speights (LAR) moins de 0.5,0.5,1.01,0,False
16514244,LA Rams vs. NY Giants,Kyren Williams,Kyren Williams (LAR),1ère mi-temps - Total de yards à la course du joueur Plus/Moins,31470,77064,1732851913,29.5|sa:player:nfl-1167361|LAR,4501164544,Kyren Williams (LAR) Plus de 29.5,Kyren Williams (LAR) Plus de 29.5,29.5,1.8334,0,False
16514244,LA Rams vs. NY Giants,Kyren Williams,Kyren Williams (LAR),1ère mi-temps - Total de yards à la course du joueur Plus/Moins,31470,77064,1732851913,29.5|sa:player:nfl-1167361|LAR,4501164545,Kyren Williams (LAR) moins de 29.5,Kyren Williams (LAR) moins de 29.5,29.5,1.7693,0,False
16514244,LA Rams vs. NY Giants,Cameron Skattebo,Cameron Skattebo (NYG),1ère mi-temps - Total de yards à la course du joueur Plus/Moins,31470,77064,1732536803,24.5|sa:player:nfl-1280316|NYG,4500413944,Cameron Skattebo (NYG) Plus de 24.5,Cameron Skattebo (NYG) Plus de 24.5,24.5,1.7693,0,False
16514244,LA Rams vs. NY Giants,Cameron Skattebo,Cameron Skattebo (NYG),1ère mi-temps - Total de yards à la course du joueur Plus/Moins,31470,77064,1732536803,24.5|sa:player:nfl-1280316|NYG,4500413945,Cameron Skattebo (NYG) moins de 24.5,Cameron Skattebo (NYG) moins de 24.5,24.5,1.8334,0,False
16514244,LA Rams vs. NY Giants,Blake Corum,Blake Corum (LAR),1ère mi-temps - Total de yards à la course du joueur Plus/Moins,31470,77064,1732859905,21.5|sa:player:nfl-1229540|LAR,4501203968,Blake Corum (LAR) Plus de 21.5,Blake Corum (LAR) Plus de 21.5,21.5,1.7693,0,False
16514244,LA Rams vs. NY Giants,Blake Corum,Blake Corum (LAR),1ère mi-temps - Total de yards à la course du joueur Plus/Moins,31470,77064,1732859905,21.5|sa:player:nfl-1229540|LAR,4501203969,Blake Corum (LAR) moins de 21.5,Blake Corum (LAR) moins de 21.5,21.5,1.8334,0,False
16514244,LA Rams vs. NY Giants,Jaxson Dart,Jaxson Dart (NYG),1ère mi-temps - Total de yards à la course du joueur Plus/Moins,31470,77064,1734178237,14.5|sa:player:nfl-1286260|NYG,4505424725,Jaxson Dart (NYG) Plus de 14.5,Jaxson Dart (NYG) Plus de 14.5,14.5,1.7693,0,False
16514244,LA Rams vs. NY Giants,Jaxson Dart,Jaxson Dart (NYG),1ère mi-temps - Total de yards à la course du joueur Plus/Moins,31470,77064,1734178237,14.5|sa:player:nfl-1286260|NYG,4505424726,Jaxson Dart (NYG) moins de 14.5,Jaxson Dart (NYG) moins de 14.5,14.5,1.8334,0,False
16514244,LA Rams vs. NY Giants,Devin Singletary,Devin Singletary (NYG),1ère mi-temps - Total de yards à la course du joueur Plus/Moins,31470,77064,1731690625,7.5|sa:player:nfl-916466|NYG,4497680808,Devin Singletary (NYG) Plus de 7.5,Devin Singletary (NYG) Plus de 7.5,7.5,1.8334,0,False
16514244,LA Rams vs. NY Giants,Devin Singletary,Devin Singletary (NYG),1ère mi-temps - Total de yards à la course du joueur Plus/Moins,31470,77064,1731690625,7.5|sa:player:nfl-916466|NYG,4497680809,Devin Singletary (NYG) moins de 7.5,Devin Singletary (NYG) moins de 7.5,7.5,1.7693,0,False
16514244,LA Rams vs. NY Giants,Matthew Stafford,Matthew Stafford (LAR),1ère mi-temps - Total de yards à la course du joueur Plus/Moins,31470,77064,1731690300,0.5|sa:player:nfl-323205|LAR,4497680245,Matthew Stafford (LAR) Plus de 0.5,Matthew Stafford (LAR) Plus de 0.5,0.5,3.6,0,False
16514244,LA Rams vs. NY Giants,Matthew Stafford,Matthew Stafford (LAR),1ère mi-temps - Total de yards à la course du joueur Plus/Moins,31470,77064,1731690300,0.5|sa:player:nfl-323205|LAR,4497680246,Matthew Stafford (LAR) moins de 0.5,Matthew Stafford (LAR) moins de 0.5,0.5,1.2,0,False
16514244,LA Rams vs. NY Giants,Kyren Williams,Kyren Williams (LAR),1ère mi-temps - Touchdowns de course du joueur Plus / Moins,31473,77067,1731691091,0.5|sa:player:nfl-1167361|LAR,4497681628,Kyren Williams (LAR) Plus de 0.5,Kyren Williams (LAR) Plus de 0.5,0.5,2.7,0,False
16514244,LA Rams vs. NY Giants,Kyren Williams,Kyren Williams (LAR),1ère mi-temps - Touchdowns de course du joueur Plus / Moins,31473,77067,1731691091,0.5|sa:player:nfl-1167361|LAR,4497681629,Kyren Williams (LAR) moins de 0.5,Kyren Williams (LAR) moins de 0.5,0.5,1.3572,0,False
16514244,LA Rams vs. NY Giants,Cameron Skattebo,Cameron Skattebo (NYG),1ère mi-temps - Touchdowns de course du joueur Plus / Moins,31473,77067,1731691308,0.5|sa:player:nfl-1280316|NYG,4497682011,Cameron Skattebo (NYG) Plus de 0.5,Cameron Skattebo (NYG) Plus de 0.5,0.5,3.6,0,False
16514244,LA Rams vs. NY Giants,Cameron Skattebo,Cameron Skattebo (NYG),1ère mi-temps - Touchdowns de course du joueur Plus / Moins,31473,77067,1731691308,0.5|sa:player:nfl-1280316|NYG,4497682012,Cameron Skattebo (NYG) moins de 0.5,Cameron Skattebo (NYG) moins de 0.5,0.5,1.2,0,False
16514244,LA Rams vs. NY Giants,Blake Corum,Blake Corum (LAR),1ère mi-temps - Touchdowns de course du joueur Plus / Moins,31473,77067,1731691244,0.5|sa:player:nfl-1229540|LAR,4497681896,Blake Corum (LAR) Plus de 0.5,Blake Corum (LAR) Plus de 0.5,0.5,4.4,0,False
16514244,LA Rams vs. NY Giants,Blake Corum,Blake Corum (LAR),1ère mi-temps - Touchdowns de course du joueur Plus / Moins,31473,77067,1731691244,0.5|sa:player:nfl-1229540|LAR,4497681897,Blake Corum (LAR) moins de 0.5,Blake Corum (LAR) moins de 0.5,0.5,1.1334,0,False
16514244,LA Rams vs. NY Giants,Jaxson Dart,Jaxson Dart (NYG),1ère mi-temps - Touchdowns de course du joueur Plus / Moins,31473,77067,1731691417,0.5|sa:player:nfl-1286260|NYG,4497682202,Jaxson Dart (NYG) Plus de 0.5,Jaxson Dart (NYG) Plus de 0.5,0.5,4.75,0,False
16514244,LA Rams vs. NY Giants,Jaxson Dart,Jaxson Dart (NYG),1ère mi-temps - Touchdowns de course du joueur Plus / Moins,31473,77067,1731691417,0.5|sa:player:nfl-1286260|NYG,4497682203,Jaxson Dart (NYG) moins de 0.5,Jaxson Dart (NYG) moins de 0.5,0.5,1.1112,0,False
16514244,LA Rams vs. NY Giants,Devin Singletary,Devin Singletary (NYG),1ère mi-temps - Touchdowns de course du joueur Plus / Moins,31473,77067,1731690628,0.5|sa:player:nfl-916466|NYG,4497680814,Devin Singletary (NYG) Plus de 0.5,Devin Singletary (NYG) Plus de 0.5,0.5,7.0,0,False
16514244,LA Rams vs. NY Giants,Devin Singletary,Devin Singletary (NYG),1ère mi-temps - Touchdowns de course du joueur Plus / Moins,31473,77067,1731690628,0.5|sa:player:nfl-916466|NYG,4497680815,Devin Singletary (NYG) moins de 0.5,Devin Singletary (NYG) moins de 0.5,0.5,1.0334,0,False
16514244,LA Rams vs. NY Giants,Najee Harris,Najee Harris (NYG),1ère mi-temps - Touchdowns de course du joueur Plus / Moins,31473,77067,1731690679,0.5|sa:player:nfl-973964|NYG,4497680905,Najee Harris (NYG) Plus de 0.5,Najee Harris (NYG) Plus de 0.5,0.5,7.5,0,False
16514244,LA Rams vs. NY Giants,Najee Harris,Najee Harris (NYG),1ère mi-temps - Touchdowns de course du joueur Plus / Moins,31473,77067,1731690679,0.5|sa:player:nfl-973964|NYG,4497680906,Najee Harris (NYG) moins de 0.5,Najee Harris (NYG) moins de 0.5,0.5,1.02,0,False
16514244,LA Rams vs. NY Giants,Matthew Stafford,Matthew Stafford (LAR),1ère mi-temps - Touchdowns de course du joueur Plus / Moins,31473,77067,1731690303,0.5|sa:player:nfl-323205|LAR,4497680251,Matthew Stafford (LAR) Plus de 0.5,Matthew Stafford (LAR) Plus de 0.5,0.5,8.5,0,False
16514244,LA Rams vs. NY Giants,Matthew Stafford,Matthew Stafford (LAR),1ère mi-temps - Touchdowns de course du joueur Plus / Moins,31473,77067,1731690303,0.5|sa:player:nfl-323205|LAR,4497680252,Matthew Stafford (LAR) moins de 0.5,Matthew Stafford (LAR) moins de 0.5,0.5,0.0,7,False
16514244,LA Rams vs. NY Giants,Patrick Ricard,Patrick Ricard (NYG),1ère mi-temps - Touchdowns de course du joueur Plus / Moins,31473,77067,1731690470,0.5|sa:player:nfl-658389|NYG,4497680536,Patrick Ricard (NYG) Plus de 0.5,Patrick Ricard (NYG) Plus de 0.5,0.5,8.5,0,False
16514244,LA Rams vs. NY Giants,Patrick Ricard,Patrick Ricard (NYG),1ère mi-temps - Touchdowns de course du joueur Plus / Moins,31473,77067,1731690470,0.5|sa:player:nfl-658389|NYG,4497680537,Patrick Ricard (NYG) moins de 0.5,Patrick Ricard (NYG) moins de 0.5,0.5,0.0,7,False
16514244,LA Rams vs. NY Giants,Cameron Skattebo,Cameron Skattebo (NYG),1ère mi-temps - Tentatives de rushing du joueur Plus/Moins,31482,77076,1732536806,6.5|sa:player:nfl-1280316|NYG,4500413950,Cameron Skattebo (NYG) Plus de 6.5,Cameron Skattebo (NYG) Plus de 6.5,6.5,1.8696,0,False
16514244,LA Rams vs. NY Giants,Cameron Skattebo,Cameron Skattebo (NYG),1ère mi-temps - Tentatives de rushing du joueur Plus/Moins,31482,77076,1732536806,6.5|sa:player:nfl-1280316|NYG,4500413951,Cameron Skattebo (NYG) moins de 6.5,Cameron Skattebo (NYG) moins de 6.5,6.5,1.7408,0,False
16514244,LA Rams vs. NY Giants,Kyren Williams,Kyren Williams (LAR),1ère mi-temps - Tentatives de rushing du joueur Plus/Moins,31482,77076,1732851397,6.5|sa:player:nfl-1167361|LAR,4501163293,Kyren Williams (LAR) Plus de 6.5,Kyren Williams (LAR) Plus de 6.5,6.5,1.9524,0,False
16514244,LA Rams vs. NY Giants,Kyren Williams,Kyren Williams (LAR),1ère mi-temps - Tentatives de rushing du joueur Plus/Moins,31482,77076,1732851397,6.5|sa:player:nfl-1167361|LAR,4501163294,Kyren Williams (LAR) moins de 6.5,Kyren Williams (LAR) moins de 6.5,6.5,1.6667,0,False
16514244,LA Rams vs. NY Giants,Blake Corum,Blake Corum (LAR),1ère mi-temps - Tentatives de rushing du joueur Plus/Moins,31482,77076,1732856374,5.5|sa:player:nfl-1229540|LAR,4501196050,Blake Corum (LAR) Plus de 5.5,Blake Corum (LAR) Plus de 5.5,5.5,2.05,0,False
16514244,LA Rams vs. NY Giants,Blake Corum,Blake Corum (LAR),1ère mi-temps - Tentatives de rushing du joueur Plus/Moins,31482,77076,1732856374,5.5|sa:player:nfl-1229540|LAR,4501196051,Blake Corum (LAR) moins de 5.5,Blake Corum (LAR) moins de 5.5,5.5,1.6061,0,False
16514244,LA Rams vs. NY Giants,Jaxson Dart,Jaxson Dart (NYG),1ère mi-temps - Tentatives de rushing du joueur Plus/Moins,31482,77076,1731691420,2.5|sa:player:nfl-1286260|NYG,4497682208,Jaxson Dart (NYG) Plus de 2.5,Jaxson Dart (NYG) Plus de 2.5,2.5,1.5264,0,False
16514244,LA Rams vs. NY Giants,Jaxson Dart,Jaxson Dart (NYG),1ère mi-temps - Tentatives de rushing du joueur Plus/Moins,31482,77076,1731691420,2.5|sa:player:nfl-1286260|NYG,4497682209,Jaxson Dart (NYG) moins de 2.5,Jaxson Dart (NYG) moins de 2.5,2.5,2.2,0,False
16514244,LA Rams vs. NY Giants,Devin Singletary,Devin Singletary (NYG),1ère mi-temps - Tentatives de rushing du joueur Plus/Moins,31482,77076,1731690631,2.5|sa:player:nfl-916466|NYG,4497680820,Devin Singletary (NYG) Plus de 2.5,Devin Singletary (NYG) Plus de 2.5,2.5,2.05,0,False
16514244,LA Rams vs. NY Giants,Devin Singletary,Devin Singletary (NYG),1ère mi-temps - Tentatives de rushing du joueur Plus/Moins,31482,77076,1731690631,2.5|sa:player:nfl-916466|NYG,4497680821,Devin Singletary (NYG) moins de 2.5,Devin Singletary (NYG) moins de 2.5,2.5,1.6061,0,False
16514244,LA Rams vs. NY Giants,Matthew Stafford,Matthew Stafford (LAR),1ère mi-temps - Tentatives de rushing du joueur Plus/Moins,31482,77076,1731690306,0.5|sa:player:nfl-323205|LAR,4497680257,Matthew Stafford (LAR) Plus de 0.5,Matthew Stafford (LAR) Plus de 0.5,0.5,2.75,0,False
16514244,LA Rams vs. NY Giants,Matthew Stafford,Matthew Stafford (LAR),1ère mi-temps - Tentatives de rushing du joueur Plus/Moins,31482,77076,1731690306,0.5|sa:player:nfl-323205|LAR,4497680258,Matthew Stafford (LAR) moins de 0.5,Matthew Stafford (LAR) moins de 0.5,0.5,1.3449,0,False
16514244,LA Rams vs. NY Giants,Kyren Williams,Kyren Williams (LAR),1ère mi-temps - Yards rushing et receiving du joueur - Plus/Moins,31488,77082,1732851399,38.5|sa:player:nfl-1167361|LAR,4501163297,Kyren Williams (LAR) Plus de 38.5,Kyren Williams (LAR) Plus de 38.5,38.5,1.8,0,False
16514244,LA Rams vs. NY Giants,Kyren Williams,Kyren Williams (LAR),1ère mi-temps - Yards rushing et receiving du joueur - Plus/Moins,31488,77082,1732851399,38.5|sa:player:nfl-1167361|LAR,4501163298,Kyren Williams (LAR) moins de 38.5,Kyren Williams (LAR) moins de 38.5,38.5,1.8,0,False
16514244,LA Rams vs. NY Giants,Cameron Skattebo,Cameron Skattebo (NYG),1ère mi-temps - Yards rushing et receiving du joueur - Plus/Moins,31488,77082,1732512013,32.5|sa:player:nfl-1280316|NYG,4500353928,Cameron Skattebo (NYG) Plus de 32.5,Cameron Skattebo (NYG) Plus de 32.5,32.5,1.8334,0,False
16514244,LA Rams vs. NY Giants,Cameron Skattebo,Cameron Skattebo (NYG),1ère mi-temps - Yards rushing et receiving du joueur - Plus/Moins,31488,77082,1732512013,32.5|sa:player:nfl-1280316|NYG,4500353929,Cameron Skattebo (NYG) moins de 32.5,Cameron Skattebo (NYG) moins de 32.5,32.5,1.7693,0,False
16514244,LA Rams vs. NY Giants,Devin Singletary,Devin Singletary (NYG),1ère mi-temps - Yards rushing et receiving du joueur - Plus/Moins,31488,77082,1731725100,10.5|sa:player:nfl-916466|NYG,4497779827,Devin Singletary (NYG) Plus de 10.5,Devin Singletary (NYG) Plus de 10.5,10.5,1.8334,0,False
16514244,LA Rams vs. NY Giants,Devin Singletary,Devin Singletary (NYG),1ère mi-temps - Yards rushing et receiving du joueur - Plus/Moins,31488,77082,1731725100,10.5|sa:player:nfl-916466|NYG,4497779828,Devin Singletary (NYG) moins de 10.5,Devin Singletary (NYG) moins de 10.5,10.5,1.7693,0,False
16514244,LA Rams vs. NY Giants,Puka Nacua,Puka Nacua (LAR),1ère mi-temps - Total de réceptions Plus/Moins,31485,77079,1731691021,3.5|sa:player:nfl-1162128|LAR,4497681507,Puka Nacua (LAR) Plus de 3.5,Puka Nacua (LAR) Plus de 3.5,3.5,1.7143,0,False
16514244,LA Rams vs. NY Giants,Puka Nacua,Puka Nacua (LAR),1ère mi-temps - Total de réceptions Plus/Moins,31485,77079,1731691021,3.5|sa:player:nfl-1162128|LAR,4497681508,Puka Nacua (LAR) moins de 3.5,Puka Nacua (LAR) moins de 3.5,3.5,1.9091,0,False
16514244,LA Rams vs. NY Giants,Davante Adams,Davante Adams (LAR),1ère mi-temps - Total de réceptions Plus/Moins,31485,77079,1737206123,2.5|sa:player:nfl-611417|LAR,4516457960,Davante Adams (LAR) moins de 2.5,Davante Adams (LAR) moins de 2.5,2.5,1.9524,0,False
16514244,LA Rams vs. NY Giants,Davante Adams,Davante Adams (LAR),1ère mi-temps - Total de réceptions Plus/Moins,31485,77079,1737206123,2.5|sa:player:nfl-611417|LAR,4516457959,Davante Adams (LAR) Plus de 2.5,Davante Adams (LAR) Plus de 2.5,2.5,1.6667,0,False
16514244,LA Rams vs. NY Giants,Malik Nabers,Malik Nabers (NYG),1ère mi-temps - Total de réceptions Plus/Moins,31485,77079,1731691339,2.5|sa:player:nfl-1286059|NYG,4497682064,Malik Nabers (NYG) Plus de 2.5,Malik Nabers (NYG) Plus de 2.5,2.5,1.6667,0,False
16514244,LA Rams vs. NY Giants,Malik Nabers,Malik Nabers (NYG),1ère mi-temps - Total de réceptions Plus/Moins,31485,77079,1731691339,2.5|sa:player:nfl-1286059|NYG,4497682065,Malik Nabers (NYG) moins de 2.5,Malik Nabers (NYG) moins de 2.5,2.5,1.9524,0,False
16514244,LA Rams vs. NY Giants,Isaiah Likely,Isaiah Likely (NYG),1ère mi-temps - Total de réceptions Plus/Moins,31485,77079,1734162196,2.5|sa:player:nfl-1125111|NYG,4505376044,Isaiah Likely (NYG) Plus de 2.5,Isaiah Likely (NYG) Plus de 2.5,2.5,2.2,0,False
16514244,LA Rams vs. NY Giants,Isaiah Likely,Isaiah Likely (NYG),1ère mi-temps - Total de réceptions Plus/Moins,31485,77079,1734162196,2.5|sa:player:nfl-1125111|NYG,4505376045,Isaiah Likely (NYG) moins de 2.5,Isaiah Likely (NYG) moins de 2.5,2.5,1.5264,0,False
16514244,LA Rams vs. NY Giants,Colby Parkinson,Colby Parkinson (LAR),1ère mi-temps - Total de réceptions Plus/Moins,31485,77079,1731690768,1.5|sa:player:nfl-1060312|LAR,4497681062,Colby Parkinson (LAR) Plus de 1.5,Colby Parkinson (LAR) Plus de 1.5,1.5,1.7408,0,False
16514244,LA Rams vs. NY Giants,Colby Parkinson,Colby Parkinson (LAR),1ère mi-temps - Total de réceptions Plus/Moins,31485,77079,1731690768,1.5|sa:player:nfl-1060312|LAR,4497681063,Colby Parkinson (LAR) moins de 1.5,Colby Parkinson (LAR) moins de 1.5,1.5,1.8696,0,False
16514244,LA Rams vs. NY Giants,Kyren Williams,Kyren Williams (LAR),1ère mi-temps - Total de réceptions Plus/Moins,31485,77079,1731691081,1.5|sa:player:nfl-1167361|LAR,4497681608,Kyren Williams (LAR) Plus de 1.5,Kyren Williams (LAR) Plus de 1.5,1.5,2.2,0,False
16514244,LA Rams vs. NY Giants,Kyren Williams,Kyren Williams (LAR),1ère mi-temps - Total de réceptions Plus/Moins,31485,77079,1731691081,1.5|sa:player:nfl-1167361|LAR,4497681609,Kyren Williams (LAR) moins de 1.5,Kyren Williams (LAR) moins de 1.5,1.5,1.5264,0,False
16514244,LA Rams vs. NY Giants,Terrance Ferguson,Terrance Ferguson (LAR),1ère mi-temps - Total de réceptions Plus/Moins,31485,77079,1742850087,1.5|sa:player:nfl-1286179|LAR,4534471827,Terrance Ferguson (LAR) Plus de 1.5,Terrance Ferguson (LAR) Plus de 1.5,1.5,2.2,0,False
16514244,LA Rams vs. NY Giants,Terrance Ferguson,Terrance Ferguson (LAR),1ère mi-temps - Total de réceptions Plus/Moins,31485,77079,1742850087,1.5|sa:player:nfl-1286179|LAR,4534471828,Terrance Ferguson (LAR) moins de 1.5,Terrance Ferguson (LAR) moins de 1.5,1.5,1.5264,0,False
16514244,LA Rams vs. NY Giants,Malachi Fields,Malachi Fields (NYG),1ère mi-temps - Total de réceptions Plus/Moins,31485,77079,1731691175,0.5|sa:player:nfl-1319589|NYG,4497681773,Malachi Fields (NYG) Plus de 0.5,Malachi Fields (NYG) Plus de 0.5,0.5,1.4,0,False
16514244,LA Rams vs. NY Giants,Malachi Fields,Malachi Fields (NYG),1ère mi-temps - Total de réceptions Plus/Moins,31485,77079,1731691175,0.5|sa:player:nfl-1319589|NYG,4497681774,Malachi Fields (NYG) moins de 0.5,Malachi Fields (NYG) moins de 0.5,0.5,2.55,0,False
16514244,LA Rams vs. NY Giants,Cameron Skattebo,Cameron Skattebo (NYG),1ère mi-temps - Total de réceptions Plus/Moins,31485,77079,1731723143,0.5|sa:player:nfl-1280316|NYG,4497774822,Cameron Skattebo (NYG) Plus de 0.5,Cameron Skattebo (NYG) Plus de 0.5,0.5,1.4348,0,False
16514244,LA Rams vs. NY Giants,Cameron Skattebo,Cameron Skattebo (NYG),1ère mi-temps - Total de réceptions Plus/Moins,31485,77079,1731723143,0.5|sa:player:nfl-1280316|NYG,4497774823,Cameron Skattebo (NYG) moins de 0.5,Cameron Skattebo (NYG) moins de 0.5,0.5,2.4,0,False
16514244,LA Rams vs. NY Giants,Darnell Mooney,Darnell Mooney (NYG),1ère mi-temps - Total de réceptions Plus/Moins,31485,77079,1731690591,0.5|sa:player:nfl-912027|NYG,4497680749,Darnell Mooney (NYG) Plus de 0.5,Darnell Mooney (NYG) Plus de 0.5,0.5,2.25,0,False
16514244,LA Rams vs. NY Giants,Darnell Mooney,Darnell Mooney (NYG),1ère mi-temps - Total de réceptions Plus/Moins,31485,77079,1731690591,0.5|sa:player:nfl-912027|NYG,4497680750,Darnell Mooney (NYG) moins de 0.5,Darnell Mooney (NYG) moins de 0.5,0.5,1.5,0,False
16514244,LA Rams vs. NY Giants,Devin Singletary,Devin Singletary (NYG),1ère mi-temps - Total de réceptions Plus/Moins,31485,77079,1731690618,0.5|sa:player:nfl-916466|NYG,4497680794,Devin Singletary (NYG) Plus de 0.5,Devin Singletary (NYG) Plus de 0.5,0.5,2.25,0,False
16514244,LA Rams vs. NY Giants,Devin Singletary,Devin Singletary (NYG),1ère mi-temps - Total de réceptions Plus/Moins,31485,77079,1731690618,0.5|sa:player:nfl-916466|NYG,4497680795,Devin Singletary (NYG) moins de 0.5,Devin Singletary (NYG) moins de 0.5,0.5,1.5,0,False
16514244,LA Rams vs. NY Giants,Odell Beckham Jr.,Odell Beckham Jr. (NYG),1ère mi-temps - Total de réceptions Plus/Moins,31485,77079,1731690368,0.5|sa:player:nfl-589984|NYG,4497680361,Odell Beckham Jr. (NYG) Plus de 0.5,Odell Beckham Jr. (NYG) Plus de 0.5,0.5,2.7,0,False
16514244,LA Rams vs. NY Giants,Odell Beckham Jr.,Odell Beckham Jr. (NYG),1ère mi-temps - Total de réceptions Plus/Moins,31485,77079,1731690368,0.5|sa:player:nfl-589984|NYG,4497680362,Odell Beckham Jr. (NYG) moins de 0.5,Odell Beckham Jr. (NYG) moins de 0.5,0.5,1.3572,0,False
16514244,LA Rams vs. NY Giants,Puka Nacua,Puka Nacua (LAR),1ère mi-temps - Yards reçus par le joueur - Plus/Moins,31464,77058,1737219517,40.5|sa:player:nfl-1162128|LAR,4516490016,Puka Nacua (LAR) moins de 40.5,Puka Nacua (LAR) moins de 40.5,40.5,1.8334,0,False
16514244,LA Rams vs. NY Giants,Puka Nacua,Puka Nacua (LAR),1ère mi-temps - Yards reçus par le joueur - Plus/Moins,31464,77058,1737219517,40.5|sa:player:nfl-1162128|LAR,4516490015,Puka Nacua (LAR) Plus de 40.5,Puka Nacua (LAR) Plus de 40.5,40.5,1.7693,0,False
16514244,LA Rams vs. NY Giants,Davante Adams,Davante Adams (LAR),1ère mi-temps - Yards reçus par le joueur - Plus/Moins,31464,77058,1742665660,30.5|sa:player:nfl-611417|LAR,4534025514,Davante Adams (LAR) Plus de 30.5,Davante Adams (LAR) Plus de 30.5,30.5,1.8334,0,False
16514244,LA Rams vs. NY Giants,Davante Adams,Davante Adams (LAR),1ère mi-temps - Yards reçus par le joueur - Plus/Moins,31464,77058,1742665660,30.5|sa:player:nfl-611417|LAR,4534025515,Davante Adams (LAR) moins de 30.5,Davante Adams (LAR) moins de 30.5,30.5,1.7693,0,False
16514244,LA Rams vs. NY Giants,Malik Nabers,Malik Nabers (NYG),1ère mi-temps - Yards reçus par le joueur - Plus/Moins,31464,77058,1734184488,28.5|sa:player:nfl-1286059|NYG,4505440056,Malik Nabers (NYG) moins de 28.5,Malik Nabers (NYG) moins de 28.5,28.5,1.7693,0,False
16514244,LA Rams vs. NY Giants,Malik Nabers,Malik Nabers (NYG),1ère mi-temps - Yards reçus par le joueur - Plus/Moins,31464,77058,1734184488,28.5|sa:player:nfl-1286059|NYG,4505440055,Malik Nabers (NYG) Plus de 28.5,Malik Nabers (NYG) Plus de 28.5,28.5,1.8334,0,False
16514244,LA Rams vs. NY Giants,Isaiah Likely,Isaiah Likely (NYG),1ère mi-temps - Yards reçus par le joueur - Plus/Moins,31464,77058,1732546507,19.5|sa:player:nfl-1125111|NYG,4500437432,Isaiah Likely (NYG) Plus de 19.5,Isaiah Likely (NYG) Plus de 19.5,19.5,1.8334,0,False
16514244,LA Rams vs. NY Giants,Isaiah Likely,Isaiah Likely (NYG),1ère mi-temps - Yards reçus par le joueur - Plus/Moins,31464,77058,1732546507,19.5|sa:player:nfl-1125111|NYG,4500437433,Isaiah Likely (NYG) moins de 19.5,Isaiah Likely (NYG) moins de 19.5,19.5,1.7693,0,False
16514244,LA Rams vs. NY Giants,Colby Parkinson,Colby Parkinson (LAR),1ère mi-temps - Yards reçus par le joueur - Plus/Moins,31464,77058,1739713051,13.5|sa:player:nfl-1060312|LAR,4525609800,Colby Parkinson (LAR) moins de 13.5,Colby Parkinson (LAR) moins de 13.5,13.5,1.8334,0,False
16514244,LA Rams vs. NY Giants,Colby Parkinson,Colby Parkinson (LAR),1ère mi-temps - Yards reçus par le joueur - Plus/Moins,31464,77058,1739713051,13.5|sa:player:nfl-1060312|LAR,4525609799,Colby Parkinson (LAR) Plus de 13.5,Colby Parkinson (LAR) Plus de 13.5,13.5,1.7693,0,False
16514244,LA Rams vs. NY Giants,Terrance Ferguson,Terrance Ferguson (LAR),1ère mi-temps - Yards reçus par le joueur - Plus/Moins,31464,77058,1743349892,12.5|sa:player:nfl-1286179|LAR,4535796220,Terrance Ferguson (LAR) Plus de 12.5,Terrance Ferguson (LAR) Plus de 12.5,12.5,1.7693,0,False
16514244,LA Rams vs. NY Giants,Terrance Ferguson,Terrance Ferguson (LAR),1ère mi-temps - Yards reçus par le joueur - Plus/Moins,31464,77058,1743349892,12.5|sa:player:nfl-1286179|LAR,4535796221,Terrance Ferguson (LAR) moins de 12.5,Terrance Ferguson (LAR) moins de 12.5,12.5,1.8334,0,False
16514244,LA Rams vs. NY Giants,Malachi Fields,Malachi Fields (NYG),1ère mi-temps - Yards reçus par le joueur - Plus/Moins,31464,77058,1732623009,8.5|sa:player:nfl-1319589|NYG,4500619502,Malachi Fields (NYG) Plus de 8.5,Malachi Fields (NYG) Plus de 8.5,8.5,1.7693,0,False
16514244,LA Rams vs. NY Giants,Malachi Fields,Malachi Fields (NYG),1ère mi-temps - Yards reçus par le joueur - Plus/Moins,31464,77058,1732623009,8.5|sa:player:nfl-1319589|NYG,4500619503,Malachi Fields (NYG) moins de 8.5,Malachi Fields (NYG) moins de 8.5,8.5,1.8334,0,False
16514244,LA Rams vs. NY Giants,Kyren Williams,Kyren Williams (LAR),1ère mi-temps - Yards reçus par le joueur - Plus/Moins,31464,77058,1732583968,6.5|sa:player:nfl-1167361|LAR,4500523931,Kyren Williams (LAR) Plus de 6.5,Kyren Williams (LAR) Plus de 6.5,6.5,1.8334,0,False
16514244,LA Rams vs. NY Giants,Kyren Williams,Kyren Williams (LAR),1ère mi-temps - Yards reçus par le joueur - Plus/Moins,31464,77058,1732583968,6.5|sa:player:nfl-1167361|LAR,4500523932,Kyren Williams (LAR) moins de 6.5,Kyren Williams (LAR) moins de 6.5,6.5,1.7693,0,False
16514244,LA Rams vs. NY Giants,Cameron Skattebo,Cameron Skattebo (NYG),1ère mi-temps - Yards reçus par le joueur - Plus/Moins,31464,77058,1732546867,3.5|sa:player:nfl-1280316|NYG,4500438267,Cameron Skattebo (NYG) Plus de 3.5,Cameron Skattebo (NYG) Plus de 3.5,3.5,1.8334,0,False
16514244,LA Rams vs. NY Giants,Cameron Skattebo,Cameron Skattebo (NYG),1ère mi-temps - Yards reçus par le joueur - Plus/Moins,31464,77058,1732546867,3.5|sa:player:nfl-1280316|NYG,4500438268,Cameron Skattebo (NYG) moins de 3.5,Cameron Skattebo (NYG) moins de 3.5,3.5,1.7693,0,False
16514244,LA Rams vs. NY Giants,Darnell Mooney,Darnell Mooney (NYG),1ère mi-temps - Yards reçus par le joueur - Plus/Moins,31464,77058,1732442332,0.5|sa:player:nfl-912027|NYG,4500150421,Darnell Mooney (NYG) Plus de 0.5,Darnell Mooney (NYG) Plus de 0.5,0.5,2.3,0,False
16514244,LA Rams vs. NY Giants,Darnell Mooney,Darnell Mooney (NYG),1ère mi-temps - Yards reçus par le joueur - Plus/Moins,31464,77058,1732442332,0.5|sa:player:nfl-912027|NYG,4500150422,Darnell Mooney (NYG) moins de 0.5,Darnell Mooney (NYG) moins de 0.5,0.5,1.4762,0,False
16514244,LA Rams vs. NY Giants,Devin Singletary,Devin Singletary (NYG),1ère mi-temps - Yards reçus par le joueur - Plus/Moins,31464,77058,1731690612,0.5|sa:player:nfl-916466|NYG,4497680782,Devin Singletary (NYG) Plus de 0.5,Devin Singletary (NYG) Plus de 0.5,0.5,2.45,0,False
16514244,LA Rams vs. NY Giants,Devin Singletary,Devin Singletary (NYG),1ère mi-temps - Yards reçus par le joueur - Plus/Moins,31464,77058,1731690612,0.5|sa:player:nfl-916466|NYG,4497680783,Devin Singletary (NYG) moins de 0.5,Devin Singletary (NYG) moins de 0.5,0.5,1.4167,0,False
16514244,LA Rams vs. NY Giants,Odell Beckham Jr.,Odell Beckham Jr. (NYG),1ère mi-temps - Yards reçus par le joueur - Plus/Moins,31464,77058,1731690362,0.5|sa:player:nfl-589984|NYG,4497680349,Odell Beckham Jr. (NYG) Plus de 0.5,Odell Beckham Jr. (NYG) Plus de 0.5,0.5,2.8,0,False
16514244,LA Rams vs. NY Giants,Odell Beckham Jr.,Odell Beckham Jr. (NYG),1ère mi-temps - Yards reçus par le joueur - Plus/Moins,31464,77058,1731690362,0.5|sa:player:nfl-589984|NYG,4497680350,Odell Beckham Jr. (NYG) moins de 0.5,Odell Beckham Jr. (NYG) moins de 0.5,0.5,1.3334,0,False
16514244,LA Rams vs. NY Giants,Davante Adams,Davante Adams (LAR),1ère mi-temps - Touchdowns de réception du joueur Plus / Moins,31467,77061,1731690425,0.5|sa:player:nfl-611417|LAR,4497680456,Davante Adams (LAR) Plus de 0.5,Davante Adams (LAR) Plus de 0.5,0.5,2.9,0,False
16514244,LA Rams vs. NY Giants,Davante Adams,Davante Adams (LAR),1ère mi-temps - Touchdowns de réception du joueur Plus / Moins,31467,77061,1731690425,0.5|sa:player:nfl-611417|LAR,4497680457,Davante Adams (LAR) moins de 0.5,Davante Adams (LAR) moins de 0.5,0.5,1.3077,0,False
16514244,LA Rams vs. NY Giants,Puka Nacua,Puka Nacua (LAR),1ère mi-temps - Touchdowns de réception du joueur Plus / Moins,31467,77061,1731691018,0.5|sa:player:nfl-1162128|LAR,4497681501,Puka Nacua (LAR) Plus de 0.5,Puka Nacua (LAR) Plus de 0.5,0.5,3.25,0,False
16514244,LA Rams vs. NY Giants,Puka Nacua,Puka Nacua (LAR),1ère mi-temps - Touchdowns de réception du joueur Plus / Moins,31467,77061,1731691018,0.5|sa:player:nfl-1162128|LAR,4497681502,Puka Nacua (LAR) moins de 0.5,Puka Nacua (LAR) moins de 0.5,0.5,1.25,0,False
16514244,LA Rams vs. NY Giants,Malik Nabers,Malik Nabers (NYG),1ère mi-temps - Touchdowns de réception du joueur Plus / Moins,31467,77061,1731691336,0.5|sa:player:nfl-1286059|NYG,4497682058,Malik Nabers (NYG) Plus de 0.5,Malik Nabers (NYG) Plus de 0.5,0.5,4.75,0,False
16514244,LA Rams vs. NY Giants,Malik Nabers,Malik Nabers (NYG),1ère mi-temps - Touchdowns de réception du joueur Plus / Moins,31467,77061,1731691336,0.5|sa:player:nfl-1286059|NYG,4497682059,Malik Nabers (NYG) moins de 0.5,Malik Nabers (NYG) moins de 0.5,0.5,1.1112,0,False
16514244,LA Rams vs. NY Giants,Colby Parkinson,Colby Parkinson (LAR),1ère mi-temps - Touchdowns de réception du joueur Plus / Moins,31467,77061,1731690765,0.5|sa:player:nfl-1060312|LAR,4497681056,Colby Parkinson (LAR) Plus de 0.5,Colby Parkinson (LAR) Plus de 0.5,0.5,5.75,0,False
16514244,LA Rams vs. NY Giants,Colby Parkinson,Colby Parkinson (LAR),1ère mi-temps - Touchdowns de réception du joueur Plus / Moins,31467,77061,1731690765,0.5|sa:player:nfl-1060312|LAR,4497681057,Colby Parkinson (LAR) moins de 0.5,Colby Parkinson (LAR) moins de 0.5,0.5,1.0715,0,False
16514244,LA Rams vs. NY Giants,Isaiah Likely,Isaiah Likely (NYG),1ère mi-temps - Touchdowns de réception du joueur Plus / Moins,31467,77061,1731690891,0.5|sa:player:nfl-1125111|NYG,4497681282,Isaiah Likely (NYG) Plus de 0.5,Isaiah Likely (NYG) Plus de 0.5,0.5,5.75,0,False
16514244,LA Rams vs. NY Giants,Isaiah Likely,Isaiah Likely (NYG),1ère mi-temps - Touchdowns de réception du joueur Plus / Moins,31467,77061,1731690891,0.5|sa:player:nfl-1125111|NYG,4497681283,Isaiah Likely (NYG) moins de 0.5,Isaiah Likely (NYG) moins de 0.5,0.5,1.0715,0,False
16514244,LA Rams vs. NY Giants,Terrance Ferguson,Terrance Ferguson (LAR),1ère mi-temps - Touchdowns de réception du joueur Plus / Moins,31467,77061,1731691363,0.5|sa:player:nfl-1286179|LAR,4497682104,Terrance Ferguson (LAR) moins de 0.5,Terrance Ferguson (LAR) moins de 0.5,0.5,1.0715,0,False
16514244,LA Rams vs. NY Giants,Terrance Ferguson,Terrance Ferguson (LAR),1ère mi-temps - Touchdowns de réception du joueur Plus / Moins,31467,77061,1731691363,0.5|sa:player:nfl-1286179|LAR,4497682103,Terrance Ferguson (LAR) Plus de 0.5,Terrance Ferguson (LAR) Plus de 0.5,0.5,5.75,0,False
16514244,LA Rams vs. NY Giants,Konata Mumpfield,Konata Mumpfield (LAR),1ère mi-temps - Touchdowns de réception du joueur Plus / Moins,31467,77061,1731691481,0.5|sa:player:nfl-1289332|LAR,4497682310,Konata Mumpfield (LAR) Plus de 0.5,Konata Mumpfield (LAR) Plus de 0.5,0.5,6.25,0,False
16514244,LA Rams vs. NY Giants,Konata Mumpfield,Konata Mumpfield (LAR),1ère mi-temps - Touchdowns de réception du joueur Plus / Moins,31467,77061,1731691481,0.5|sa:player:nfl-1289332|LAR,4497682311,Konata Mumpfield (LAR) moins de 0.5,Konata Mumpfield (LAR) moins de 0.5,0.5,1.05,0,False
16514244,LA Rams vs. NY Giants,Kyren Williams,Kyren Williams (LAR),1ère mi-temps - Touchdowns de réception du joueur Plus / Moins,31467,77061,1731691078,0.5|sa:player:nfl-1167361|LAR,4497681602,Kyren Williams (LAR) Plus de 0.5,Kyren Williams (LAR) Plus de 0.5,0.5,6.75,0,False
16514244,LA Rams vs. NY Giants,Kyren Williams,Kyren Williams (LAR),1ère mi-temps - Touchdowns de réception du joueur Plus / Moins,31467,77061,1731691078,0.5|sa:player:nfl-1167361|LAR,4497681603,Kyren Williams (LAR) moins de 0.5,Kyren Williams (LAR) moins de 0.5,0.5,1.04,0,False
16514244,LA Rams vs. NY Giants,Malachi Fields,Malachi Fields (NYG),1ère mi-temps - Touchdowns de réception du joueur Plus / Moins,31467,77061,1731691514,0.5|sa:player:nfl-1319589|NYG,4497682366,Malachi Fields (NYG) Plus de 0.5,Malachi Fields (NYG) Plus de 0.5,0.5,6.75,0,False
16514244,LA Rams vs. NY Giants,Malachi Fields,Malachi Fields (NYG),1ère mi-temps - Touchdowns de réception du joueur Plus / Moins,31467,77061,1731691514,0.5|sa:player:nfl-1319589|NYG,4497682367,Malachi Fields (NYG) moins de 0.5,Malachi Fields (NYG) moins de 0.5,0.5,1.04,0,False
16514244,LA Rams vs. NY Giants,Cameron Skattebo,Cameron Skattebo (NYG),1ère mi-temps - Touchdowns de réception du joueur Plus / Moins,31467,77061,1731691295,0.5|sa:player:nfl-1280316|NYG,4497681985,Cameron Skattebo (NYG) Plus de 0.5,Cameron Skattebo (NYG) Plus de 0.5,0.5,7.75,0,False
16514244,LA Rams vs. NY Giants,Cameron Skattebo,Cameron Skattebo (NYG),1ère mi-temps - Touchdowns de réception du joueur Plus / Moins,31467,77061,1731691295,0.5|sa:player:nfl-1280316|NYG,4497681986,Cameron Skattebo (NYG) moins de 0.5,Cameron Skattebo (NYG) moins de 0.5,0.5,1.02,0,False
16514244,LA Rams vs. NY Giants,Tutu Atwell,Tutu Atwell (LAR),1ère mi-temps - Touchdowns de réception du joueur Plus / Moins,31467,77061,1741304037,0.5|sa:player:nfl-1106760|LAR,4530177956,Tutu Atwell (LAR) Plus de 0.5,Tutu Atwell (LAR) Plus de 0.5,0.5,7.75,0,False
16514244,LA Rams vs. NY Giants,Tutu Atwell,Tutu Atwell (LAR),1ère mi-temps - Touchdowns de réception du joueur Plus / Moins,31467,77061,1741304037,0.5|sa:player:nfl-1106760|LAR,4530177957,Tutu Atwell (LAR) moins de 0.5,Tutu Atwell (LAR) moins de 0.5,0.5,1.02,0,False
16514244,LA Rams vs. NY Giants,Xavier Smith,Xavier Smith (LAR),1ère mi-temps - Touchdowns de réception du joueur Plus / Moins,31467,77061,1731690936,0.5|sa:player:nfl-1137635|LAR,4497681360,Xavier Smith (LAR) Plus de 0.5,Xavier Smith (LAR) Plus de 0.5,0.5,7.75,0,False
16514244,LA Rams vs. NY Giants,Xavier Smith,Xavier Smith (LAR),1ère mi-temps - Touchdowns de réception du joueur Plus / Moins,31467,77061,1731690936,0.5|sa:player:nfl-1137635|LAR,4497681361,Xavier Smith (LAR) moins de 0.5,Xavier Smith (LAR) moins de 0.5,0.5,1.02,0,False
16514244,LA Rams vs. NY Giants,Blake Corum,Blake Corum (LAR),1ère mi-temps - Touchdowns de réception du joueur Plus / Moins,31467,77061,1731691231,0.5|sa:player:nfl-1229540|LAR,4497681870,Blake Corum (LAR) Plus de 0.5,Blake Corum (LAR) Plus de 0.5,0.5,8.5,0,False
16514244,LA Rams vs. NY Giants,Blake Corum,Blake Corum (LAR),1ère mi-temps - Touchdowns de réception du joueur Plus / Moins,31467,77061,1731691231,0.5|sa:player:nfl-1229540|LAR,4497681871,Blake Corum (LAR) moins de 0.5,Blake Corum (LAR) moins de 0.5,0.5,0.0,7,False
16514244,LA Rams vs. NY Giants,Darnell Mooney,Darnell Mooney (NYG),1ère mi-temps - Touchdowns de réception du joueur Plus / Moins,31467,77061,1731690588,0.5|sa:player:nfl-912027|NYG,4497680744,Darnell Mooney (NYG) moins de 0.5,Darnell Mooney (NYG) moins de 0.5,0.5,1.01,0,False
16514244,LA Rams vs. NY Giants,Darnell Mooney,Darnell Mooney (NYG),1ère mi-temps - Touchdowns de réception du joueur Plus / Moins,31467,77061,1731690588,0.5|sa:player:nfl-912027|NYG,4497680743,Darnell Mooney (NYG) Plus de 0.5,Darnell Mooney (NYG) Plus de 0.5,0.5,8.5,0,False
16514244,LA Rams vs. NY Giants,Devin Singletary,Devin Singletary (NYG),1ère mi-temps - Touchdowns de réception du joueur Plus / Moins,31467,77061,1731690615,0.5|sa:player:nfl-916466|NYG,4497680788,Devin Singletary (NYG) Plus de 0.5,Devin Singletary (NYG) Plus de 0.5,0.5,8.5,0,False
16514244,LA Rams vs. NY Giants,Devin Singletary,Devin Singletary (NYG),1ère mi-temps - Touchdowns de réception du joueur Plus / Moins,31467,77061,1731690615,0.5|sa:player:nfl-916466|NYG,4497680789,Devin Singletary (NYG) moins de 0.5,Devin Singletary (NYG) moins de 0.5,0.5,0.0,7,False
16514244,LA Rams vs. NY Giants,Najee Harris,Najee Harris (NYG),1ère mi-temps - Touchdowns de réception du joueur Plus / Moins,31467,77061,1731690666,0.5|sa:player:nfl-973964|NYG,4497680880,Najee Harris (NYG) moins de 0.5,Najee Harris (NYG) moins de 0.5,0.5,0.0,7,False
16514244,LA Rams vs. NY Giants,Najee Harris,Najee Harris (NYG),1ère mi-temps - Touchdowns de réception du joueur Plus / Moins,31467,77061,1731690666,0.5|sa:player:nfl-973964|NYG,4497680879,Najee Harris (NYG) Plus de 0.5,Najee Harris (NYG) Plus de 0.5,0.5,8.5,0,False
16514244,LA Rams vs. NY Giants,Odell Beckham Jr.,Odell Beckham Jr. (NYG),1ère mi-temps - Touchdowns de réception du joueur Plus / Moins,31467,77061,1731690365,0.5|sa:player:nfl-589984|NYG,4497680355,Odell Beckham Jr. (NYG) Plus de 0.5,Odell Beckham Jr. (NYG) Plus de 0.5,0.5,8.5,0,False
16514244,LA Rams vs. NY Giants,Odell Beckham Jr.,Odell Beckham Jr. (NYG),1ère mi-temps - Touchdowns de réception du joueur Plus / Moins,31467,77061,1731690365,0.5|sa:player:nfl-589984|NYG,4497680356,Odell Beckham Jr. (NYG) moins de 0.5,Odell Beckham Jr. (NYG) moins de 0.5,0.5,0.0,7,False
16514244,LA Rams vs. NY Giants,Theo Johnson,Theo Johnson (NYG),1ère mi-temps - Touchdowns de réception du joueur Plus / Moins,31467,77061,1731691145,0.5|sa:player:nfl-1214414|NYG,4497681723,Theo Johnson (NYG) Plus de 0.5,Theo Johnson (NYG) Plus de 0.5,0.5,8.5,0,False
16514244,LA Rams vs. NY Giants,Theo Johnson,Theo Johnson (NYG),1ère mi-temps - Touchdowns de réception du joueur Plus / Moins,31467,77061,1731691145,0.5|sa:player:nfl-1214414|NYG,4497681724,Theo Johnson (NYG) moins de 0.5,Theo Johnson (NYG) moins de 0.5,0.5,0.0,7,False
16514244,LA Rams vs. NY Giants,Matthew Stafford,Matthew Stafford (LAR),1ère mi-temps - Total de yards à la passe du joueur Plus/Moins,31458,77052,1732856360,131.5|sa:player:nfl-323205|LAR,4501196022,Matthew Stafford (LAR) Plus de 131.5,Matthew Stafford (LAR) Plus de 131.5,131.5,1.7693,0,False
16514244,LA Rams vs. NY Giants,Matthew Stafford,Matthew Stafford (LAR),1ère mi-temps - Total de yards à la passe du joueur Plus/Moins,31458,77052,1732856360,131.5|sa:player:nfl-323205|LAR,4501196023,Matthew Stafford (LAR) moins de 131.5,Matthew Stafford (LAR) moins de 131.5,131.5,1.8334,0,False
16514244,LA Rams vs. NY Giants,Jaxson Dart,Jaxson Dart (NYG),1ère mi-temps - Total de yards à la passe du joueur Plus/Moins,31458,77052,1737206140,100.5|sa:player:nfl-1286260|NYG,4516457993,Jaxson Dart (NYG) Plus de 100.5,Jaxson Dart (NYG) Plus de 100.5,100.5,1.7693,0,False
16514244,LA Rams vs. NY Giants,Jaxson Dart,Jaxson Dart (NYG),1ère mi-temps - Total de yards à la passe du joueur Plus/Moins,31458,77052,1737206140,100.5|sa:player:nfl-1286260|NYG,4516457994,Jaxson Dart (NYG) moins de 100.5,Jaxson Dart (NYG) moins de 100.5,100.5,1.8334,0,False
16514244,LA Rams vs. NY Giants,Matthew Stafford,Matthew Stafford (LAR),1ère mi-temps - Total de Touchdowns à la passe du joueur - Plus/Moins,31461,77055,1731690281,0.5|sa:player:nfl-323205|LAR,4497680208,Matthew Stafford (LAR) moins de 0.5,Matthew Stafford (LAR) moins de 0.5,0.5,2.65,0,False
16514244,LA Rams vs. NY Giants,Matthew Stafford,Matthew Stafford (LAR),1ère mi-temps - Total de Touchdowns à la passe du joueur - Plus/Moins,31461,77055,1731690281,0.5|sa:player:nfl-323205|LAR,4497680207,Matthew Stafford (LAR) Plus de 0.5,Matthew Stafford (LAR) Plus de 0.5,0.5,1.3637,0,False
16514244,LA Rams vs. NY Giants,Jaxson Dart,Jaxson Dart (NYG),1ère mi-temps - Total de Touchdowns à la passe du joueur - Plus/Moins,31461,77055,1731691395,0.5|sa:player:nfl-1286260|NYG,4497682158,Jaxson Dart (NYG) Plus de 0.5,Jaxson Dart (NYG) Plus de 0.5,0.5,2.0,0,False
16514244,LA Rams vs. NY Giants,Jaxson Dart,Jaxson Dart (NYG),1ère mi-temps - Total de Touchdowns à la passe du joueur - Plus/Moins,31461,77055,1731691395,0.5|sa:player:nfl-1286260|NYG,4497682159,Jaxson Dart (NYG) moins de 0.5,Jaxson Dart (NYG) moins de 0.5,0.5,1.6471,0,False
16514244,LA Rams vs. NY Giants,Matthew Stafford,Matthew Stafford (LAR),1ère mi-temps - Passes réussies du joueur - Plus/Moins,31491,77085,1731690293,11.5|sa:player:nfl-323205|LAR,4497680232,Matthew Stafford (LAR) moins de 11.5,Matthew Stafford (LAR) moins de 11.5,11.5,1.9524,0,False
16514244,LA Rams vs. NY Giants,Matthew Stafford,Matthew Stafford (LAR),1ère mi-temps - Passes réussies du joueur - Plus/Moins,31491,77085,1731690293,11.5|sa:player:nfl-323205|LAR,4497680231,Matthew Stafford (LAR) Plus de 11.5,Matthew Stafford (LAR) Plus de 11.5,11.5,1.6667,0,False
16514244,LA Rams vs. NY Giants,Jaxson Dart,Jaxson Dart (NYG),1ère mi-temps - Passes réussies du joueur - Plus/Moins,31491,77085,1732077436,9.5|sa:player:nfl-1286260|NYG,4499014094,Jaxson Dart (NYG) Plus de 9.5,Jaxson Dart (NYG) Plus de 9.5,9.5,1.7693,0,False
16514244,LA Rams vs. NY Giants,Jaxson Dart,Jaxson Dart (NYG),1ère mi-temps - Passes réussies du joueur - Plus/Moins,31491,77085,1732077436,9.5|sa:player:nfl-1286260|NYG,4499014095,Jaxson Dart (NYG) moins de 9.5,Jaxson Dart (NYG) moins de 9.5,9.5,1.8334,0,False
16514244,LA Rams vs. NY Giants,Matthew Stafford,Matthew Stafford (LAR),1ère mi-temps - Joueur Tentative de passe - Plus/Moins,31479,77073,1731690290,17.5|sa:player:nfl-323205|LAR,4497680225,Matthew Stafford (LAR) Plus de 17.5,Matthew Stafford (LAR) Plus de 17.5,17.5,1.8334,0,False
16514244,LA Rams vs. NY Giants,Matthew Stafford,Matthew Stafford (LAR),1ère mi-temps - Joueur Tentative de passe - Plus/Moins,31479,77073,1731690290,17.5|sa:player:nfl-323205|LAR,4497680226,Matthew Stafford (LAR) moins de 17.5,Matthew Stafford (LAR) moins de 17.5,17.5,1.7693,0,False
16514244,LA Rams vs. NY Giants,Jaxson Dart,Jaxson Dart (NYG),1ère mi-temps - Joueur Tentative de passe - Plus/Moins,31479,77073,1732077435,14.5|sa:player:nfl-1286260|NYG,4499014092,Jaxson Dart (NYG) Plus de 14.5,Jaxson Dart (NYG) Plus de 14.5,14.5,1.8696,0,False
16514244,LA Rams vs. NY Giants,Jaxson Dart,Jaxson Dart (NYG),1ère mi-temps - Joueur Tentative de passe - Plus/Moins,31479,77073,1732077435,14.5|sa:player:nfl-1286260|NYG,4499014093,Jaxson Dart (NYG) moins de 14.5,Jaxson Dart (NYG) moins de 14.5,14.5,1.7408,0,False
16514244,LA Rams vs. NY Giants,Jaxson Dart,Jaxson Dart (NYG),1ère mi-temps - Interceptions du joueur Plus/Moins,31476,77070,1731691401,0.5|sa:player:nfl-1286260|NYG,4497682170,Jaxson Dart (NYG) Plus de 0.5,Jaxson Dart (NYG) Plus de 0.5,0.5,3.25,0,False
16514244,LA Rams vs. NY Giants,Jaxson Dart,Jaxson Dart (NYG),1ère mi-temps - Interceptions du joueur Plus/Moins,31476,77070,1731691401,0.5|sa:player:nfl-1286260|NYG,4497682171,Jaxson Dart (NYG) moins de 0.5,Jaxson Dart (NYG) moins de 0.5,0.5,1.25,0,False
16514244,LA Rams vs. NY Giants,Matthew Stafford,Matthew Stafford (LAR),1ère mi-temps - Interceptions du joueur Plus/Moins,31476,77070,1731690287,0.5|sa:player:nfl-323205|LAR,4497680219,Matthew Stafford (LAR) Plus de 0.5,Matthew Stafford (LAR) Plus de 0.5,0.5,3.25,0,False
16514244,LA Rams vs. NY Giants,Matthew Stafford,Matthew Stafford (LAR),1ère mi-temps - Interceptions du joueur Plus/Moins,31476,77070,1731690287,0.5|sa:player:nfl-323205|LAR,4497680220,Matthew Stafford (LAR) moins de 0.5,Matthew Stafford (LAR) moins de 0.5,0.5,1.25,0,False
16514244,LA Rams vs. NY Giants,Matthew Stafford,Matthew Stafford (LAR),Total de Touchdowns à la passe du joueur (Incl. Prolongations),761,71923,1731690270,1.5|sa:player:nfl-323205|LAR,4497680185,Matthew Stafford (LAR) Plus de 1.5,Matthew Stafford (LAR) Plus de 1.5,1.5,1.5,0,False
16514244,LA Rams vs. NY Giants,Matthew Stafford,Matthew Stafford (LAR),Total de Touchdowns à la passe du joueur (Incl. Prolongations),761,71923,1731690270,1.5|sa:player:nfl-323205|LAR,4497680186,Matthew Stafford (LAR) moins de 1.5,Matthew Stafford (LAR) moins de 1.5,1.5,2.3,0,False
16514244,LA Rams vs. NY Giants,Jaxson Dart,Jaxson Dart (NYG),Total de Touchdowns à la passe du joueur (Incl. Prolongations),761,71923,1731691384,1.5|sa:player:nfl-1286260|NYG,4497682136,Jaxson Dart (NYG) Plus de 1.5,Jaxson Dart (NYG) Plus de 1.5,1.5,2.65,0,False
16514244,LA Rams vs. NY Giants,Jaxson Dart,Jaxson Dart (NYG),Total de Touchdowns à la passe du joueur (Incl. Prolongations),761,71923,1731691384,1.5|sa:player:nfl-1286260|NYG,4497682137,Jaxson Dart (NYG) moins de 1.5,Jaxson Dart (NYG) moins de 1.5,1.5,1.3847,0,False
16514244,LA Rams vs. NY Giants,Kyren Williams,Kyren Williams (LAR),2ème mi-temps - Total de yards à la course du joueur Plus/Moins,31471,77065,1732536800,32.5|sa:player:nfl-1167361|LAR,4500413938,Kyren Williams (LAR) Plus de 32.5,Kyren Williams (LAR) Plus de 32.5,32.5,1.8334,0,False
16514244,LA Rams vs. NY Giants,Kyren Williams,Kyren Williams (LAR),2ème mi-temps - Total de yards à la course du joueur Plus/Moins,31471,77065,1732536800,32.5|sa:player:nfl-1167361|LAR,4500413939,Kyren Williams (LAR) moins de 32.5,Kyren Williams (LAR) moins de 32.5,32.5,1.7693,0,False
16514244,LA Rams vs. NY Giants,Blake Corum,Blake Corum (LAR),2ème mi-temps - Total de yards à la course du joueur Plus/Moins,31471,77065,1732859906,23.5|sa:player:nfl-1229540|LAR,4501203970,Blake Corum (LAR) Plus de 23.5,Blake Corum (LAR) Plus de 23.5,23.5,1.7693,0,False
16514244,LA Rams vs. NY Giants,Blake Corum,Blake Corum (LAR),2ème mi-temps - Total de yards à la course du joueur Plus/Moins,31471,77065,1732859906,23.5|sa:player:nfl-1229540|LAR,4501203971,Blake Corum (LAR) moins de 23.5,Blake Corum (LAR) moins de 23.5,23.5,1.8334,0,False
16514244,LA Rams vs. NY Giants,Cameron Skattebo,Cameron Skattebo (NYG),2ème mi-temps - Total de yards à la course du joueur Plus/Moins,31471,77065,1732491369,21.5|sa:player:nfl-1280316|NYG,4500306712,Cameron Skattebo (NYG) moins de 21.5,Cameron Skattebo (NYG) moins de 21.5,21.5,1.8334,0,False
16514244,LA Rams vs. NY Giants,Cameron Skattebo,Cameron Skattebo (NYG),2ème mi-temps - Total de yards à la course du joueur Plus/Moins,31471,77065,1732491369,21.5|sa:player:nfl-1280316|NYG,4500306711,Cameron Skattebo (NYG) Plus de 21.5,Cameron Skattebo (NYG) Plus de 21.5,21.5,1.7693,0,False
16514244,LA Rams vs. NY Giants,Jaxson Dart,Jaxson Dart (NYG),2ème mi-temps - Total de yards à la course du joueur Plus/Moins,31471,77065,1740889455,12.5|sa:player:nfl-1286260|NYG,4529142762,Jaxson Dart (NYG) Plus de 12.5,Jaxson Dart (NYG) Plus de 12.5,12.5,1.7693,0,False
16514244,LA Rams vs. NY Giants,Jaxson Dart,Jaxson Dart (NYG),2ème mi-temps - Total de yards à la course du joueur Plus/Moins,31471,77065,1740889455,12.5|sa:player:nfl-1286260|NYG,4529142763,Jaxson Dart (NYG) moins de 12.5,Jaxson Dart (NYG) moins de 12.5,12.5,1.8334,0,False
16514244,LA Rams vs. NY Giants,Devin Singletary,Devin Singletary (NYG),2ème mi-temps - Total de yards à la course du joueur Plus/Moins,31471,77065,1734174867,6.5|sa:player:nfl-916466|NYG,4505416481,Devin Singletary (NYG) Plus de 6.5,Devin Singletary (NYG) Plus de 6.5,6.5,1.8334,0,False
16514244,LA Rams vs. NY Giants,Devin Singletary,Devin Singletary (NYG),2ème mi-temps - Total de yards à la course du joueur Plus/Moins,31471,77065,1734174867,6.5|sa:player:nfl-916466|NYG,4505416482,Devin Singletary (NYG) moins de 6.5,Devin Singletary (NYG) moins de 6.5,6.5,1.7693,0,False
16514244,LA Rams vs. NY Giants,Matthew Stafford,Matthew Stafford (LAR),2ème mi-temps - Total de yards à la course du joueur Plus/Moins,31471,77065,1731690301,-0.5|sa:player:nfl-323205|LAR,4497680248,Matthew Stafford (LAR) moins de -0.5,Matthew Stafford (LAR) moins de -0.5,-0.5,2.4,0,False
16514244,LA Rams vs. NY Giants,Matthew Stafford,Matthew Stafford (LAR),2ème mi-temps - Total de yards à la course du joueur Plus/Moins,31471,77065,1731690301,-0.5|sa:player:nfl-323205|LAR,4497680247,Matthew Stafford (LAR) Plus de -0.5,Matthew Stafford (LAR) Plus de -0.5,-0.5,1.4348,0,False
16514244,LA Rams vs. NY Giants,Kyren Williams,Kyren Williams (LAR),2ème mi-temps - Touchdowns de course du joueur Plus / Moins,31474,77068,1731691092,0.5|sa:player:nfl-1167361|LAR,4497681630,Kyren Williams (LAR) Plus de 0.5,Kyren Williams (LAR) Plus de 0.5,0.5,2.6,0,False
16514244,LA Rams vs. NY Giants,Kyren Williams,Kyren Williams (LAR),2ème mi-temps - Touchdowns de course du joueur Plus / Moins,31474,77068,1731691092,0.5|sa:player:nfl-1167361|LAR,4497681631,Kyren Williams (LAR) moins de 0.5,Kyren Williams (LAR) moins de 0.5,0.5,1.3847,0,False
16514244,LA Rams vs. NY Giants,Cameron Skattebo,Cameron Skattebo (NYG),2ème mi-temps - Touchdowns de course du joueur Plus / Moins,31474,77068,1731691309,0.5|sa:player:nfl-1280316|NYG,4497682013,Cameron Skattebo (NYG) Plus de 0.5,Cameron Skattebo (NYG) Plus de 0.5,0.5,3.6,0,False
16514244,LA Rams vs. NY Giants,Cameron Skattebo,Cameron Skattebo (NYG),2ème mi-temps - Touchdowns de course du joueur Plus / Moins,31474,77068,1731691309,0.5|sa:player:nfl-1280316|NYG,4497682014,Cameron Skattebo (NYG) moins de 0.5,Cameron Skattebo (NYG) moins de 0.5,0.5,1.2,0,False
16514244,LA Rams vs. NY Giants,Blake Corum,Blake Corum (LAR),2ème mi-temps - Touchdowns de course du joueur Plus / Moins,31474,77068,1731691245,0.5|sa:player:nfl-1229540|LAR,4497681898,Blake Corum (LAR) Plus de 0.5,Blake Corum (LAR) Plus de 0.5,0.5,4.4,0,False
16514244,LA Rams vs. NY Giants,Blake Corum,Blake Corum (LAR),2ème mi-temps - Touchdowns de course du joueur Plus / Moins,31474,77068,1731691245,0.5|sa:player:nfl-1229540|LAR,4497681899,Blake Corum (LAR) moins de 0.5,Blake Corum (LAR) moins de 0.5,0.5,1.1334,0,False
16514244,LA Rams vs. NY Giants,Jaxson Dart,Jaxson Dart (NYG),2ème mi-temps - Touchdowns de course du joueur Plus / Moins,31474,77068,1731691418,0.5|sa:player:nfl-1286260|NYG,4497682204,Jaxson Dart (NYG) Plus de 0.5,Jaxson Dart (NYG) Plus de 0.5,0.5,4.75,0,False
16514244,LA Rams vs. NY Giants,Jaxson Dart,Jaxson Dart (NYG),2ème mi-temps - Touchdowns de course du joueur Plus / Moins,31474,77068,1731691418,0.5|sa:player:nfl-1286260|NYG,4497682205,Jaxson Dart (NYG) moins de 0.5,Jaxson Dart (NYG) moins de 0.5,0.5,1.1112,0,False
16514244,LA Rams vs. NY Giants,Devin Singletary,Devin Singletary (NYG),2ème mi-temps - Touchdowns de course du joueur Plus / Moins,31474,77068,1731690629,0.5|sa:player:nfl-916466|NYG,4497680816,Devin Singletary (NYG) Plus de 0.5,Devin Singletary (NYG) Plus de 0.5,0.5,7.0,0,False
16514244,LA Rams vs. NY Giants,Devin Singletary,Devin Singletary (NYG),2ème mi-temps - Touchdowns de course du joueur Plus / Moins,31474,77068,1731690629,0.5|sa:player:nfl-916466|NYG,4497680817,Devin Singletary (NYG) moins de 0.5,Devin Singletary (NYG) moins de 0.5,0.5,1.0334,0,False
16514244,LA Rams vs. NY Giants,Najee Harris,Najee Harris (NYG),2ème mi-temps - Touchdowns de course du joueur Plus / Moins,31474,77068,1731690680,0.5|sa:player:nfl-973964|NYG,4497680907,Najee Harris (NYG) Plus de 0.5,Najee Harris (NYG) Plus de 0.5,0.5,7.5,0,False
16514244,LA Rams vs. NY Giants,Najee Harris,Najee Harris (NYG),2ème mi-temps - Touchdowns de course du joueur Plus / Moins,31474,77068,1731690680,0.5|sa:player:nfl-973964|NYG,4497680908,Najee Harris (NYG) moins de 0.5,Najee Harris (NYG) moins de 0.5,0.5,1.02,0,False
16514244,LA Rams vs. NY Giants,Matthew Stafford,Matthew Stafford (LAR),2ème mi-temps - Touchdowns de course du joueur Plus / Moins,31474,77068,1731690304,0.5|sa:player:nfl-323205|LAR,4497680253,Matthew Stafford (LAR) Plus de 0.5,Matthew Stafford (LAR) Plus de 0.5,0.5,8.5,0,False
16514244,LA Rams vs. NY Giants,Matthew Stafford,Matthew Stafford (LAR),2ème mi-temps - Touchdowns de course du joueur Plus / Moins,31474,77068,1731690304,0.5|sa:player:nfl-323205|LAR,4497680254,Matthew Stafford (LAR) moins de 0.5,Matthew Stafford (LAR) moins de 0.5,0.5,0.0,7,False
16514244,LA Rams vs. NY Giants,Ronnie Rivers,Ronnie Rivers (LAR),2ème mi-temps - Touchdowns de course du joueur Plus / Moins,31474,77068,1731690721,0.5|sa:player:nfl-976804|LAR,4497680980,Ronnie Rivers (LAR) Plus de 0.5,Ronnie Rivers (LAR) Plus de 0.5,0.5,8.5,0,False
16514244,LA Rams vs. NY Giants,Ronnie Rivers,Ronnie Rivers (LAR),2ème mi-temps - Touchdowns de course du joueur Plus / Moins,31474,77068,1731690721,0.5|sa:player:nfl-976804|LAR,4497680981,Ronnie Rivers (LAR) moins de 0.5,Ronnie Rivers (LAR) moins de 0.5,0.5,0.0,7,False
16514244,LA Rams vs. NY Giants,Kyren Williams,Kyren Williams (LAR),2ème mi-temps - Tentatives de rushing du joueur Plus/Moins,31483,77077,1732878876,6.5|sa:player:nfl-1167361|LAR,4501248326,Kyren Williams (LAR) Plus de 6.5,Kyren Williams (LAR) Plus de 6.5,6.5,1.6667,0,False
16514244,LA Rams vs. NY Giants,Kyren Williams,Kyren Williams (LAR),2ème mi-temps - Tentatives de rushing du joueur Plus/Moins,31483,77077,1732878876,6.5|sa:player:nfl-1167361|LAR,4501248327,Kyren Williams (LAR) moins de 6.5,Kyren Williams (LAR) moins de 6.5,6.5,1.9524,0,False
16514244,LA Rams vs. NY Giants,Blake Corum,Blake Corum (LAR),2ème mi-temps - Tentatives de rushing du joueur Plus/Moins,31483,77077,1732855329,5.5|sa:player:nfl-1229540|LAR,4501193397,Blake Corum (LAR) Plus de 5.5,Blake Corum (LAR) Plus de 5.5,5.5,1.7693,0,False
16514244,LA Rams vs. NY Giants,Blake Corum,Blake Corum (LAR),2ème mi-temps - Tentatives de rushing du joueur Plus/Moins,31483,77077,1732855329,5.5|sa:player:nfl-1229540|LAR,4501193398,Blake Corum (LAR) moins de 5.5,Blake Corum (LAR) moins de 5.5,5.5,1.8334,0,False
16514244,LA Rams vs. NY Giants,Cameron Skattebo,Cameron Skattebo (NYG),2ème mi-temps - Tentatives de rushing du joueur Plus/Moins,31483,77077,1731691312,5.5|sa:player:nfl-1280316|NYG,4497682019,Cameron Skattebo (NYG) Plus de 5.5,Cameron Skattebo (NYG) Plus de 5.5,5.5,1.7693,0,False
16514244,LA Rams vs. NY Giants,Cameron Skattebo,Cameron Skattebo (NYG),2ème mi-temps - Tentatives de rushing du joueur Plus/Moins,31483,77077,1731691312,5.5|sa:player:nfl-1280316|NYG,4497682020,Cameron Skattebo (NYG) moins de 5.5,Cameron Skattebo (NYG) moins de 5.5,5.5,1.8334,0,False
16514244,LA Rams vs. NY Giants,Jaxson Dart,Jaxson Dart (NYG),2ème mi-temps - Tentatives de rushing du joueur Plus/Moins,31483,77077,1731691421,2.5|sa:player:nfl-1286260|NYG,4497682210,Jaxson Dart (NYG) Plus de 2.5,Jaxson Dart (NYG) Plus de 2.5,2.5,1.5715,0,False
16514244,LA Rams vs. NY Giants,Jaxson Dart,Jaxson Dart (NYG),2ème mi-temps - Tentatives de rushing du joueur Plus/Moins,31483,77077,1731691421,2.5|sa:player:nfl-1286260|NYG,4497682211,Jaxson Dart (NYG) moins de 2.5,Jaxson Dart (NYG) moins de 2.5,2.5,2.1,0,False
16514244,LA Rams vs. NY Giants,Devin Singletary,Devin Singletary (NYG),2ème mi-temps - Tentatives de rushing du joueur Plus/Moins,31483,77077,1731690632,2.5|sa:player:nfl-916466|NYG,4497680822,Devin Singletary (NYG) Plus de 2.5,Devin Singletary (NYG) Plus de 2.5,2.5,2.3,0,False
16514244,LA Rams vs. NY Giants,Devin Singletary,Devin Singletary (NYG),2ème mi-temps - Tentatives de rushing du joueur Plus/Moins,31483,77077,1731690632,2.5|sa:player:nfl-916466|NYG,4497680823,Devin Singletary (NYG) moins de 2.5,Devin Singletary (NYG) moins de 2.5,2.5,1.4762,0,False
16514244,LA Rams vs. NY Giants,Matthew Stafford,Matthew Stafford (LAR),2ème mi-temps - Tentatives de rushing du joueur Plus/Moins,31483,77077,1731690307,0.5|sa:player:nfl-323205|LAR,4497680259,Matthew Stafford (LAR) Plus de 0.5,Matthew Stafford (LAR) Plus de 0.5,0.5,1.5264,0,False
16514244,LA Rams vs. NY Giants,Matthew Stafford,Matthew Stafford (LAR),2ème mi-temps - Tentatives de rushing du joueur Plus/Moins,31483,77077,1731690307,0.5|sa:player:nfl-323205|LAR,4497680260,Matthew Stafford (LAR) moins de 0.5,Matthew Stafford (LAR) moins de 0.5,0.5,2.2,0,False
16514244,LA Rams vs. NY Giants,Kyren Williams,Kyren Williams (LAR),2ème mi-temps - Yards de course et de réception du joueur Plus / Moins,31489,77083,1734175274,40.5|sa:player:nfl-1167361|LAR,4505417536,Kyren Williams (LAR) Plus de 40.5,Kyren Williams (LAR) Plus de 40.5,40.5,1.8,0,False
16514244,LA Rams vs. NY Giants,Kyren Williams,Kyren Williams (LAR),2ème mi-temps - Yards de course et de réception du joueur Plus / Moins,31489,77083,1734175274,40.5|sa:player:nfl-1167361|LAR,4505417537,Kyren Williams (LAR) moins de 40.5,Kyren Williams (LAR) moins de 40.5,40.5,1.8,0,False
16514244,LA Rams vs. NY Giants,Cameron Skattebo,Cameron Skattebo (NYG),2ème mi-temps - Yards de course et de réception du joueur Plus / Moins,31489,77083,1731691321,29.5|sa:player:nfl-1280316|NYG,4497682034,Cameron Skattebo (NYG) Plus de 29.5,Cameron Skattebo (NYG) Plus de 29.5,29.5,1.7693,0,False
16514244,LA Rams vs. NY Giants,Cameron Skattebo,Cameron Skattebo (NYG),2ème mi-temps - Yards de course et de réception du joueur Plus / Moins,31489,77083,1731691321,29.5|sa:player:nfl-1280316|NYG,4497682035,Cameron Skattebo (NYG) moins de 29.5,Cameron Skattebo (NYG) moins de 29.5,29.5,1.8334,0,False
16514244,LA Rams vs. NY Giants,Devin Singletary,Devin Singletary (NYG),2ème mi-temps - Yards de course et de réception du joueur Plus / Moins,31489,77083,1732856366,10.5|sa:player:nfl-916466|NYG,4501196034,Devin Singletary (NYG) Plus de 10.5,Devin Singletary (NYG) Plus de 10.5,10.5,1.8334,0,False
16514244,LA Rams vs. NY Giants,Devin Singletary,Devin Singletary (NYG),2ème mi-temps - Yards de course et de réception du joueur Plus / Moins,31489,77083,1732856366,10.5|sa:player:nfl-916466|NYG,4501196035,Devin Singletary (NYG) moins de 10.5,Devin Singletary (NYG) moins de 10.5,10.5,1.7693,0,False
16514244,LA Rams vs. NY Giants,Puka Nacua,Puka Nacua (LAR),2ème mi-temps - Total de réceptions Plus/Moins,31486,77080,1732866656,3.5|sa:player:nfl-1162128|LAR,4501219508,Puka Nacua (LAR) Plus de 3.5,Puka Nacua (LAR) Plus de 3.5,3.5,2.2,0,False
16514244,LA Rams vs. NY Giants,Puka Nacua,Puka Nacua (LAR),2ème mi-temps - Total de réceptions Plus/Moins,31486,77080,1732866656,3.5|sa:player:nfl-1162128|LAR,4501219509,Puka Nacua (LAR) moins de 3.5,Puka Nacua (LAR) moins de 3.5,3.5,1.5264,0,False
16514244,LA Rams vs. NY Giants,Malik Nabers,Malik Nabers (NYG),2ème mi-temps - Total de réceptions Plus/Moins,31486,77080,1731691340,2.5|sa:player:nfl-1286059|NYG,4497682066,Malik Nabers (NYG) Plus de 2.5,Malik Nabers (NYG) Plus de 2.5,2.5,1.6667,0,False
16514244,LA Rams vs. NY Giants,Malik Nabers,Malik Nabers (NYG),2ème mi-temps - Total de réceptions Plus/Moins,31486,77080,1731691340,2.5|sa:player:nfl-1286059|NYG,4497682067,Malik Nabers (NYG) moins de 2.5,Malik Nabers (NYG) moins de 2.5,2.5,1.9524,0,False
16514244,LA Rams vs. NY Giants,Isaiah Likely,Isaiah Likely (NYG),2ème mi-temps - Total de réceptions Plus/Moins,31486,77080,1732546866,2.5|sa:player:nfl-1125111|NYG,4500438265,Isaiah Likely (NYG) Plus de 2.5,Isaiah Likely (NYG) Plus de 2.5,2.5,2.0,0,False
16514244,LA Rams vs. NY Giants,Isaiah Likely,Isaiah Likely (NYG),2ème mi-temps - Total de réceptions Plus/Moins,31486,77080,1732546866,2.5|sa:player:nfl-1125111|NYG,4500438266,Isaiah Likely (NYG) moins de 2.5,Isaiah Likely (NYG) moins de 2.5,2.5,1.6471,0,False
16514244,LA Rams vs. NY Giants,Davante Adams,Davante Adams (LAR),2ème mi-temps - Total de réceptions Plus/Moins,31486,77080,1739712532,2.5|sa:player:nfl-611417|LAR,4525608624,Davante Adams (LAR) moins de 2.5,Davante Adams (LAR) moins de 2.5,2.5,1.6061,0,False
16514244,LA Rams vs. NY Giants,Davante Adams,Davante Adams (LAR),2ème mi-temps - Total de réceptions Plus/Moins,31486,77080,1739712532,2.5|sa:player:nfl-611417|LAR,4525608623,Davante Adams (LAR) Plus de 2.5,Davante Adams (LAR) Plus de 2.5,2.5,2.05,0,False
16514244,LA Rams vs. NY Giants,Colby Parkinson,Colby Parkinson (LAR),2ème mi-temps - Total de réceptions Plus/Moins,31486,77080,1731690769,1.5|sa:player:nfl-1060312|LAR,4497681064,Colby Parkinson (LAR) Plus de 1.5,Colby Parkinson (LAR) Plus de 1.5,1.5,2.0,0,False
16514244,LA Rams vs. NY Giants,Colby Parkinson,Colby Parkinson (LAR),2ème mi-temps - Total de réceptions Plus/Moins,31486,77080,1731690769,1.5|sa:player:nfl-1060312|LAR,4497681065,Colby Parkinson (LAR) moins de 1.5,Colby Parkinson (LAR) moins de 1.5,1.5,1.6471,0,False
16514244,LA Rams vs. NY Giants,Kyren Williams,Kyren Williams (LAR),2ème mi-temps - Total de réceptions Plus/Moins,31486,77080,1731691082,1.5|sa:player:nfl-1167361|LAR,4497681610,Kyren Williams (LAR) Plus de 1.5,Kyren Williams (LAR) Plus de 1.5,1.5,2.55,0,False
16514244,LA Rams vs. NY Giants,Kyren Williams,Kyren Williams (LAR),2ème mi-temps - Total de réceptions Plus/Moins,31486,77080,1731691082,1.5|sa:player:nfl-1167361|LAR,4497681611,Kyren Williams (LAR) moins de 1.5,Kyren Williams (LAR) moins de 1.5,1.5,1.4,0,False
16514244,LA Rams vs. NY Giants,Terrance Ferguson,Terrance Ferguson (LAR),2ème mi-temps - Total de réceptions Plus/Moins,31486,77080,1742852307,1.5|sa:player:nfl-1286179|LAR,4534476437,Terrance Ferguson (LAR) Plus de 1.5,Terrance Ferguson (LAR) Plus de 1.5,1.5,2.55,0,False
16514244,LA Rams vs. NY Giants,Terrance Ferguson,Terrance Ferguson (LAR),2ème mi-temps - Total de réceptions Plus/Moins,31486,77080,1742852307,1.5|sa:player:nfl-1286179|LAR,4534476438,Terrance Ferguson (LAR) moins de 1.5,Terrance Ferguson (LAR) moins de 1.5,1.5,1.4,0,False
16514244,LA Rams vs. NY Giants,Malachi Fields,Malachi Fields (NYG),2ème mi-temps - Total de réceptions Plus/Moins,31486,77080,1732442425,1.5|sa:player:nfl-1319589|NYG,4500150608,Malachi Fields (NYG) moins de 1.5,Malachi Fields (NYG) moins de 1.5,1.5,1.3637,0,False
16514244,LA Rams vs. NY Giants,Malachi Fields,Malachi Fields (NYG),2ème mi-temps - Total de réceptions Plus/Moins,31486,77080,1732442425,1.5|sa:player:nfl-1319589|NYG,4500150607,Malachi Fields (NYG) Plus de 1.5,Malachi Fields (NYG) Plus de 1.5,1.5,2.65,0,False
16514244,LA Rams vs. NY Giants,Cameron Skattebo,Cameron Skattebo (NYG),2ème mi-temps - Total de réceptions Plus/Moins,31486,77080,1731723144,0.5|sa:player:nfl-1280316|NYG,4497774824,Cameron Skattebo (NYG) Plus de 0.5,Cameron Skattebo (NYG) Plus de 0.5,0.5,1.4167,0,False
16514244,LA Rams vs. NY Giants,Cameron Skattebo,Cameron Skattebo (NYG),2ème mi-temps - Total de réceptions Plus/Moins,31486,77080,1731723144,0.5|sa:player:nfl-1280316|NYG,4497774825,Cameron Skattebo (NYG) moins de 0.5,Cameron Skattebo (NYG) moins de 0.5,0.5,2.45,0,False
16514244,LA Rams vs. NY Giants,Darnell Mooney,Darnell Mooney (NYG),2ème mi-temps - Total de réceptions Plus/Moins,31486,77080,1731690592,0.5|sa:player:nfl-912027|NYG,4497680752,Darnell Mooney (NYG) moins de 0.5,Darnell Mooney (NYG) moins de 0.5,0.5,1.6061,0,False
16514244,LA Rams vs. NY Giants,Darnell Mooney,Darnell Mooney (NYG),2ème mi-temps - Total de réceptions Plus/Moins,31486,77080,1731690592,0.5|sa:player:nfl-912027|NYG,4497680751,Darnell Mooney (NYG) Plus de 0.5,Darnell Mooney (NYG) Plus de 0.5,0.5,2.05,0,False
16514244,LA Rams vs. NY Giants,Devin Singletary,Devin Singletary (NYG),2ème mi-temps - Total de réceptions Plus/Moins,31486,77080,1731690619,0.5|sa:player:nfl-916466|NYG,4497680796,Devin Singletary (NYG) Plus de 0.5,Devin Singletary (NYG) Plus de 0.5,0.5,2.05,0,False
16514244,LA Rams vs. NY Giants,Devin Singletary,Devin Singletary (NYG),2ème mi-temps - Total de réceptions Plus/Moins,31486,77080,1731690619,0.5|sa:player:nfl-916466|NYG,4497680797,Devin Singletary (NYG) moins de 0.5,Devin Singletary (NYG) moins de 0.5,0.5,1.6061,0,False
16514244,LA Rams vs. NY Giants,Odell Beckham Jr.,Odell Beckham Jr. (NYG),2ème mi-temps - Total de réceptions Plus/Moins,31486,77080,1731690369,0.5|sa:player:nfl-589984|NYG,4497680363,Odell Beckham Jr. (NYG) Plus de 0.5,Odell Beckham Jr. (NYG) Plus de 0.5,0.5,2.45,0,False
16514244,LA Rams vs. NY Giants,Odell Beckham Jr.,Odell Beckham Jr. (NYG),2ème mi-temps - Total de réceptions Plus/Moins,31486,77080,1731690369,0.5|sa:player:nfl-589984|NYG,4497680364,Odell Beckham Jr. (NYG) moins de 0.5,Odell Beckham Jr. (NYG) moins de 0.5,0.5,1.4167,0,False
16514244,LA Rams vs. NY Giants,Puka Nacua,Puka Nacua (LAR),2ème mi-temps - Yards reçus par le joueur - Plus/Moins,31465,77059,1741328190,33.5|sa:player:nfl-1162128|LAR,4530237197,Puka Nacua (LAR) Plus de 33.5,Puka Nacua (LAR) Plus de 33.5,33.5,1.8334,0,False
16514244,LA Rams vs. NY Giants,Puka Nacua,Puka Nacua (LAR),2ème mi-temps - Yards reçus par le joueur - Plus/Moins,31465,77059,1741328190,33.5|sa:player:nfl-1162128|LAR,4530237198,Puka Nacua (LAR) moins de 33.5,Puka Nacua (LAR) moins de 33.5,33.5,1.7693,0,False
16514244,LA Rams vs. NY Giants,Malik Nabers,Malik Nabers (NYG),2ème mi-temps - Yards reçus par le joueur - Plus/Moins,31465,77059,1734185968,29.5|sa:player:nfl-1286059|NYG,4505443878,Malik Nabers (NYG) Plus de 29.5,Malik Nabers (NYG) Plus de 29.5,29.5,1.8334,0,False
16514244,LA Rams vs. NY Giants,Malik Nabers,Malik Nabers (NYG),2ème mi-temps - Yards reçus par le joueur - Plus/Moins,31465,77059,1734185968,29.5|sa:player:nfl-1286059|NYG,4505443879,Malik Nabers (NYG) moins de 29.5,Malik Nabers (NYG) moins de 29.5,29.5,1.7693,0,False
16514244,LA Rams vs. NY Giants,Davante Adams,Davante Adams (LAR),2ème mi-temps - Yards reçus par le joueur - Plus/Moins,31465,77059,1739713047,24.5|sa:player:nfl-611417|LAR,4525609792,Davante Adams (LAR) moins de 24.5,Davante Adams (LAR) moins de 24.5,24.5,1.8334,0,False
16514244,LA Rams vs. NY Giants,Davante Adams,Davante Adams (LAR),2ème mi-temps - Yards reçus par le joueur - Plus/Moins,31465,77059,1739713047,24.5|sa:player:nfl-611417|LAR,4525609791,Davante Adams (LAR) Plus de 24.5,Davante Adams (LAR) Plus de 24.5,24.5,1.7693,0,False
16514244,LA Rams vs. NY Giants,Isaiah Likely,Isaiah Likely (NYG),2ème mi-temps - Yards reçus par le joueur - Plus/Moins,31465,77059,1734162833,21.5|sa:player:nfl-1125111|NYG,4505377986,Isaiah Likely (NYG) Plus de 21.5,Isaiah Likely (NYG) Plus de 21.5,21.5,1.8334,0,False
16514244,LA Rams vs. NY Giants,Isaiah Likely,Isaiah Likely (NYG),2ème mi-temps - Yards reçus par le joueur - Plus/Moins,31465,77059,1734162833,21.5|sa:player:nfl-1125111|NYG,4505377987,Isaiah Likely (NYG) moins de 21.5,Isaiah Likely (NYG) moins de 21.5,21.5,1.7693,0,False
16514244,LA Rams vs. NY Giants,Colby Parkinson,Colby Parkinson (LAR),2ème mi-temps - Yards reçus par le joueur - Plus/Moins,31465,77059,1739715016,11.5|sa:player:nfl-1060312|LAR,4525614448,Colby Parkinson (LAR) Plus de 11.5,Colby Parkinson (LAR) Plus de 11.5,11.5,1.8334,0,False
16514244,LA Rams vs. NY Giants,Colby Parkinson,Colby Parkinson (LAR),2ème mi-temps - Yards reçus par le joueur - Plus/Moins,31465,77059,1739715016,11.5|sa:player:nfl-1060312|LAR,4525614449,Colby Parkinson (LAR) moins de 11.5,Colby Parkinson (LAR) moins de 11.5,11.5,1.7693,0,False
16514244,LA Rams vs. NY Giants,Terrance Ferguson,Terrance Ferguson (LAR),2ème mi-temps - Yards reçus par le joueur - Plus/Moins,31465,77059,1743350288,11.5|sa:player:nfl-1286179|LAR,4535797173,Terrance Ferguson (LAR) Plus de 11.5,Terrance Ferguson (LAR) Plus de 11.5,11.5,1.8334,0,False
16514244,LA Rams vs. NY Giants,Terrance Ferguson,Terrance Ferguson (LAR),2ème mi-temps - Yards reçus par le joueur - Plus/Moins,31465,77059,1743350288,11.5|sa:player:nfl-1286179|LAR,4535797174,Terrance Ferguson (LAR) moins de 11.5,Terrance Ferguson (LAR) moins de 11.5,11.5,1.7693,0,False
16514244,LA Rams vs. NY Giants,Malachi Fields,Malachi Fields (NYG),2ème mi-temps - Yards reçus par le joueur - Plus/Moins,31465,77059,1732546531,9.5|sa:player:nfl-1319589|NYG,4500437480,Malachi Fields (NYG) Plus de 9.5,Malachi Fields (NYG) Plus de 9.5,9.5,1.7693,0,False
16514244,LA Rams vs. NY Giants,Malachi Fields,Malachi Fields (NYG),2ème mi-temps - Yards reçus par le joueur - Plus/Moins,31465,77059,1732546531,9.5|sa:player:nfl-1319589|NYG,4500437481,Malachi Fields (NYG) moins de 9.5,Malachi Fields (NYG) moins de 9.5,9.5,1.8334,0,False
16514244,LA Rams vs. NY Giants,Kyren Williams,Kyren Williams (LAR),2ème mi-temps - Yards reçus par le joueur - Plus/Moins,31465,77059,1732859898,4.5|sa:player:nfl-1167361|LAR,4501203954,Kyren Williams (LAR) Plus de 4.5,Kyren Williams (LAR) Plus de 4.5,4.5,1.7693,0,False
16514244,LA Rams vs. NY Giants,Kyren Williams,Kyren Williams (LAR),2ème mi-temps - Yards reçus par le joueur - Plus/Moins,31465,77059,1732859898,4.5|sa:player:nfl-1167361|LAR,4501203955,Kyren Williams (LAR) moins de 4.5,Kyren Williams (LAR) moins de 4.5,4.5,1.8334,0,False
16514244,LA Rams vs. NY Giants,Cameron Skattebo,Cameron Skattebo (NYG),2ème mi-temps - Yards reçus par le joueur - Plus/Moins,31465,77059,1732546517,3.5|sa:player:nfl-1280316|NYG,4500437452,Cameron Skattebo (NYG) Plus de 3.5,Cameron Skattebo (NYG) Plus de 3.5,3.5,1.7693,0,False
16514244,LA Rams vs. NY Giants,Cameron Skattebo,Cameron Skattebo (NYG),2ème mi-temps - Yards reçus par le joueur - Plus/Moins,31465,77059,1732546517,3.5|sa:player:nfl-1280316|NYG,4500437453,Cameron Skattebo (NYG) moins de 3.5,Cameron Skattebo (NYG) moins de 3.5,3.5,1.8334,0,False
16514244,LA Rams vs. NY Giants,Darnell Mooney,Darnell Mooney (NYG),2ème mi-temps - Yards reçus par le joueur - Plus/Moins,31465,77059,1732491353,0.5|sa:player:nfl-912027|NYG,4500306680,Darnell Mooney (NYG) moins de 0.5,Darnell Mooney (NYG) moins de 0.5,0.5,1.6061,0,False
16514244,LA Rams vs. NY Giants,Darnell Mooney,Darnell Mooney (NYG),2ème mi-temps - Yards reçus par le joueur - Plus/Moins,31465,77059,1732491353,0.5|sa:player:nfl-912027|NYG,4500306679,Darnell Mooney (NYG) Plus de 0.5,Darnell Mooney (NYG) Plus de 0.5,0.5,2.05,0,False
16514244,LA Rams vs. NY Giants,Devin Singletary,Devin Singletary (NYG),2ème mi-temps - Yards reçus par le joueur - Plus/Moins,31465,77059,1731690613,0.5|sa:player:nfl-916466|NYG,4497680784,Devin Singletary (NYG) Plus de 0.5,Devin Singletary (NYG) Plus de 0.5,0.5,2.2,0,False
16514244,LA Rams vs. NY Giants,Devin Singletary,Devin Singletary (NYG),2ème mi-temps - Yards reçus par le joueur - Plus/Moins,31465,77059,1731690613,0.5|sa:player:nfl-916466|NYG,4497680785,Devin Singletary (NYG) moins de 0.5,Devin Singletary (NYG) moins de 0.5,0.5,1.5264,0,False
16514244,LA Rams vs. NY Giants,Odell Beckham Jr.,Odell Beckham Jr. (NYG),2ème mi-temps - Yards reçus par le joueur - Plus/Moins,31465,77059,1731690363,0.5|sa:player:nfl-589984|NYG,4497680352,Odell Beckham Jr. (NYG) moins de 0.5,Odell Beckham Jr. (NYG) moins de 0.5,0.5,1.4167,0,False
16514244,LA Rams vs. NY Giants,Odell Beckham Jr.,Odell Beckham Jr. (NYG),2ème mi-temps - Yards reçus par le joueur - Plus/Moins,31465,77059,1731690363,0.5|sa:player:nfl-589984|NYG,4497680351,Odell Beckham Jr. (NYG) Plus de 0.5,Odell Beckham Jr. (NYG) Plus de 0.5,0.5,2.5,0,False
16514244,LA Rams vs. NY Giants,Davante Adams,Davante Adams (LAR),2ème mi-temps - Touchdowns de réception du joueur Plus / Moins,31468,77062,1731690426,0.5|sa:player:nfl-611417|LAR,4497680458,Davante Adams (LAR) Plus de 0.5,Davante Adams (LAR) Plus de 0.5,0.5,3.1,0,False
16514244,LA Rams vs. NY Giants,Davante Adams,Davante Adams (LAR),2ème mi-temps - Touchdowns de réception du joueur Plus / Moins,31468,77062,1731690426,0.5|sa:player:nfl-611417|LAR,4497680459,Davante Adams (LAR) moins de 0.5,Davante Adams (LAR) moins de 0.5,0.5,1.2667,0,False
16514244,LA Rams vs. NY Giants,Puka Nacua,Puka Nacua (LAR),2ème mi-temps - Touchdowns de réception du joueur Plus / Moins,31468,77062,1731691019,0.5|sa:player:nfl-1162128|LAR,4497681504,Puka Nacua (LAR) moins de 0.5,Puka Nacua (LAR) moins de 0.5,0.5,1.2,0,False
16514244,LA Rams vs. NY Giants,Puka Nacua,Puka Nacua (LAR),2ème mi-temps - Touchdowns de réception du joueur Plus / Moins,31468,77062,1731691019,0.5|sa:player:nfl-1162128|LAR,4497681503,Puka Nacua (LAR) Plus de 0.5,Puka Nacua (LAR) Plus de 0.5,0.5,3.6,0,False
16514244,LA Rams vs. NY Giants,Malik Nabers,Malik Nabers (NYG),2ème mi-temps - Touchdowns de réception du joueur Plus / Moins,31468,77062,1731691337,0.5|sa:player:nfl-1286059|NYG,4497682060,Malik Nabers (NYG) Plus de 0.5,Malik Nabers (NYG) Plus de 0.5,0.5,4.4,0,False
16514244,LA Rams vs. NY Giants,Malik Nabers,Malik Nabers (NYG),2ème mi-temps - Touchdowns de réception du joueur Plus / Moins,31468,77062,1731691337,0.5|sa:player:nfl-1286059|NYG,4497682061,Malik Nabers (NYG) moins de 0.5,Malik Nabers (NYG) moins de 0.5,0.5,1.1334,0,False
16514244,LA Rams vs. NY Giants,Isaiah Likely,Isaiah Likely (NYG),2ème mi-temps - Touchdowns de réception du joueur Plus / Moins,31468,77062,1731690892,0.5|sa:player:nfl-1125111|NYG,4497681284,Isaiah Likely (NYG) Plus de 0.5,Isaiah Likely (NYG) Plus de 0.5,0.5,5.0,0,False
16514244,LA Rams vs. NY Giants,Isaiah Likely,Isaiah Likely (NYG),2ème mi-temps - Touchdowns de réception du joueur Plus / Moins,31468,77062,1731690892,0.5|sa:player:nfl-1125111|NYG,4497681285,Isaiah Likely (NYG) moins de 0.5,Isaiah Likely (NYG) moins de 0.5,0.5,1.1,0,False
16514244,LA Rams vs. NY Giants,Colby Parkinson,Colby Parkinson (LAR),2ème mi-temps - Touchdowns de réception du joueur Plus / Moins,31468,77062,1731690766,0.5|sa:player:nfl-1060312|LAR,4497681058,Colby Parkinson (LAR) Plus de 0.5,Colby Parkinson (LAR) Plus de 0.5,0.5,6.0,0,False
16514244,LA Rams vs. NY Giants,Colby Parkinson,Colby Parkinson (LAR),2ème mi-temps - Touchdowns de réception du joueur Plus / Moins,31468,77062,1731690766,0.5|sa:player:nfl-1060312|LAR,4497681059,Colby Parkinson (LAR) moins de 0.5,Colby Parkinson (LAR) moins de 0.5,0.5,1.0589,0,False
16514244,LA Rams vs. NY Giants,Terrance Ferguson,Terrance Ferguson (LAR),2ème mi-temps - Touchdowns de réception du joueur Plus / Moins,31468,77062,1731691364,0.5|sa:player:nfl-1286179|LAR,4497682105,Terrance Ferguson (LAR) Plus de 0.5,Terrance Ferguson (LAR) Plus de 0.5,0.5,6.0,0,False
16514244,LA Rams vs. NY Giants,Terrance Ferguson,Terrance Ferguson (LAR),2ème mi-temps - Touchdowns de réception du joueur Plus / Moins,31468,77062,1731691364,0.5|sa:player:nfl-1286179|LAR,4497682106,Terrance Ferguson (LAR) moins de 0.5,Terrance Ferguson (LAR) moins de 0.5,0.5,1.0625,0,False
16514244,LA Rams vs. NY Giants,Malachi Fields,Malachi Fields (NYG),2ème mi-temps - Touchdowns de réception du joueur Plus / Moins,31468,77062,1731691515,0.5|sa:player:nfl-1319589|NYG,4497682368,Malachi Fields (NYG) Plus de 0.5,Malachi Fields (NYG) Plus de 0.5,0.5,6.25,0,False
16514244,LA Rams vs. NY Giants,Malachi Fields,Malachi Fields (NYG),2ème mi-temps - Touchdowns de réception du joueur Plus / Moins,31468,77062,1731691515,0.5|sa:player:nfl-1319589|NYG,4497682369,Malachi Fields (NYG) moins de 0.5,Malachi Fields (NYG) moins de 0.5,0.5,1.05,0,False
16514244,LA Rams vs. NY Giants,Konata Mumpfield,Konata Mumpfield (LAR),2ème mi-temps - Touchdowns de réception du joueur Plus / Moins,31468,77062,1731691482,0.5|sa:player:nfl-1289332|LAR,4497682312,Konata Mumpfield (LAR) Plus de 0.5,Konata Mumpfield (LAR) Plus de 0.5,0.5,6.75,0,False
16514244,LA Rams vs. NY Giants,Konata Mumpfield,Konata Mumpfield (LAR),2ème mi-temps - Touchdowns de réception du joueur Plus / Moins,31468,77062,1731691482,0.5|sa:player:nfl-1289332|LAR,4497682313,Konata Mumpfield (LAR) moins de 0.5,Konata Mumpfield (LAR) moins de 0.5,0.5,1.04,0,False
16514244,LA Rams vs. NY Giants,Kyren Williams,Kyren Williams (LAR),2ème mi-temps - Touchdowns de réception du joueur Plus / Moins,31468,77062,1731691079,0.5|sa:player:nfl-1167361|LAR,4497681604,Kyren Williams (LAR) Plus de 0.5,Kyren Williams (LAR) Plus de 0.5,0.5,7.0,0,False
16514244,LA Rams vs. NY Giants,Kyren Williams,Kyren Williams (LAR),2ème mi-temps - Touchdowns de réception du joueur Plus / Moins,31468,77062,1731691079,0.5|sa:player:nfl-1167361|LAR,4497681605,Kyren Williams (LAR) moins de 0.5,Kyren Williams (LAR) moins de 0.5,0.5,1.0334,0,False
16514244,LA Rams vs. NY Giants,Cameron Skattebo,Cameron Skattebo (NYG),2ème mi-temps - Touchdowns de réception du joueur Plus / Moins,31468,77062,1731691296,0.5|sa:player:nfl-1280316|NYG,4497681987,Cameron Skattebo (NYG) Plus de 0.5,Cameron Skattebo (NYG) Plus de 0.5,0.5,7.75,0,False
16514244,LA Rams vs. NY Giants,Cameron Skattebo,Cameron Skattebo (NYG),2ème mi-temps - Touchdowns de réception du joueur Plus / Moins,31468,77062,1731691296,0.5|sa:player:nfl-1280316|NYG,4497681988,Cameron Skattebo (NYG) moins de 0.5,Cameron Skattebo (NYG) moins de 0.5,0.5,1.02,0,False
16514244,LA Rams vs. NY Giants,Tutu Atwell,Tutu Atwell (LAR),2ème mi-temps - Touchdowns de réception du joueur Plus / Moins,31468,77062,1741304038,0.5|sa:player:nfl-1106760|LAR,4530177958,Tutu Atwell (LAR) Plus de 0.5,Tutu Atwell (LAR) Plus de 0.5,0.5,7.75,0,False
16514244,LA Rams vs. NY Giants,Tutu Atwell,Tutu Atwell (LAR),2ème mi-temps - Touchdowns de réception du joueur Plus / Moins,31468,77062,1741304038,0.5|sa:player:nfl-1106760|LAR,4530177959,Tutu Atwell (LAR) moins de 0.5,Tutu Atwell (LAR) moins de 0.5,0.5,1.02,0,False
16514244,LA Rams vs. NY Giants,Blake Corum,Blake Corum (LAR),2ème mi-temps - Touchdowns de réception du joueur Plus / Moins,31468,77062,1731691232,0.5|sa:player:nfl-1229540|LAR,4497681872,Blake Corum (LAR) Plus de 0.5,Blake Corum (LAR) Plus de 0.5,0.5,8.5,0,False
16514244,LA Rams vs. NY Giants,Blake Corum,Blake Corum (LAR),2ème mi-temps - Touchdowns de réception du joueur Plus / Moins,31468,77062,1731691232,0.5|sa:player:nfl-1229540|LAR,4497681873,Blake Corum (LAR) moins de 0.5,Blake Corum (LAR) moins de 0.5,0.5,0.0,7,False
16514244,LA Rams vs. NY Giants,Darnell Mooney,Darnell Mooney (NYG),2ème mi-temps - Touchdowns de réception du joueur Plus / Moins,31468,77062,1731690589,0.5|sa:player:nfl-912027|NYG,4497680745,Darnell Mooney (NYG) Plus de 0.5,Darnell Mooney (NYG) Plus de 0.5,0.5,8.5,0,False
16514244,LA Rams vs. NY Giants,Darnell Mooney,Darnell Mooney (NYG),2ème mi-temps - Touchdowns de réception du joueur Plus / Moins,31468,77062,1731690589,0.5|sa:player:nfl-912027|NYG,4497680746,Darnell Mooney (NYG) moins de 0.5,Darnell Mooney (NYG) moins de 0.5,0.5,1.01,0,False
16514244,LA Rams vs. NY Giants,Devin Singletary,Devin Singletary (NYG),2ème mi-temps - Touchdowns de réception du joueur Plus / Moins,31468,77062,1731690616,0.5|sa:player:nfl-916466|NYG,4497680790,Devin Singletary (NYG) Plus de 0.5,Devin Singletary (NYG) Plus de 0.5,0.5,8.5,0,False
16514244,LA Rams vs. NY Giants,Devin Singletary,Devin Singletary (NYG),2ème mi-temps - Touchdowns de réception du joueur Plus / Moins,31468,77062,1731690616,0.5|sa:player:nfl-916466|NYG,4497680791,Devin Singletary (NYG) moins de 0.5,Devin Singletary (NYG) moins de 0.5,0.5,0.0,7,False
16514244,LA Rams vs. NY Giants,Najee Harris,Najee Harris (NYG),2ème mi-temps - Touchdowns de réception du joueur Plus / Moins,31468,77062,1731690667,0.5|sa:player:nfl-973964|NYG,4497680881,Najee Harris (NYG) Plus de 0.5,Najee Harris (NYG) Plus de 0.5,0.5,8.5,0,False
16514244,LA Rams vs. NY Giants,Najee Harris,Najee Harris (NYG),2ème mi-temps - Touchdowns de réception du joueur Plus / Moins,31468,77062,1731690667,0.5|sa:player:nfl-973964|NYG,4497680882,Najee Harris (NYG) moins de 0.5,Najee Harris (NYG) moins de 0.5,0.5,0.0,7,False
16514244,LA Rams vs. NY Giants,Odell Beckham Jr.,Odell Beckham Jr. (NYG),2ème mi-temps - Touchdowns de réception du joueur Plus / Moins,31468,77062,1731690366,0.5|sa:player:nfl-589984|NYG,4497680357,Odell Beckham Jr. (NYG) Plus de 0.5,Odell Beckham Jr. (NYG) Plus de 0.5,0.5,8.5,0,False
16514244,LA Rams vs. NY Giants,Odell Beckham Jr.,Odell Beckham Jr. (NYG),2ème mi-temps - Touchdowns de réception du joueur Plus / Moins,31468,77062,1731690366,0.5|sa:player:nfl-589984|NYG,4497680358,Odell Beckham Jr. (NYG) moins de 0.5,Odell Beckham Jr. (NYG) moins de 0.5,0.5,1.01,0,False
16514244,LA Rams vs. NY Giants,Theo Johnson,Theo Johnson (NYG),2ème mi-temps - Touchdowns de réception du joueur Plus / Moins,31468,77062,1731691146,0.5|sa:player:nfl-1214414|NYG,4497681725,Theo Johnson (NYG) Plus de 0.5,Theo Johnson (NYG) Plus de 0.5,0.5,8.5,0,False
16514244,LA Rams vs. NY Giants,Theo Johnson,Theo Johnson (NYG),2ème mi-temps - Touchdowns de réception du joueur Plus / Moins,31468,77062,1731691146,0.5|sa:player:nfl-1214414|NYG,4497681726,Theo Johnson (NYG) moins de 0.5,Theo Johnson (NYG) moins de 0.5,0.5,1.01,0,False
16514244,LA Rams vs. NY Giants,Xavier Smith,Xavier Smith (LAR),2ème mi-temps - Touchdowns de réception du joueur Plus / Moins,31468,77062,1731690937,0.5|sa:player:nfl-1137635|LAR,4497681362,Xavier Smith (LAR) Plus de 0.5,Xavier Smith (LAR) Plus de 0.5,0.5,8.5,0,False
16514244,LA Rams vs. NY Giants,Xavier Smith,Xavier Smith (LAR),2ème mi-temps - Touchdowns de réception du joueur Plus / Moins,31468,77062,1731690937,0.5|sa:player:nfl-1137635|LAR,4497681363,Xavier Smith (LAR) moins de 0.5,Xavier Smith (LAR) moins de 0.5,0.5,1.01,0,False
16514244,LA Rams vs. NY Giants,Braxton Berrios,Braxton Berrios (NYG),2ème mi-temps - Touchdowns de réception du joueur Plus / Moins,31468,77062,1731690551,0.5|sa:player:nfl-820866|NYG,4497680680,Braxton Berrios (NYG) Plus de 0.5,Braxton Berrios (NYG) Plus de 0.5,0.5,9.0,0,False
16514244,LA Rams vs. NY Giants,Braxton Berrios,Braxton Berrios (NYG),2ème mi-temps - Touchdowns de réception du joueur Plus / Moins,31468,77062,1731690551,0.5|sa:player:nfl-820866|NYG,4497680681,Braxton Berrios (NYG) moins de 0.5,Braxton Berrios (NYG) moins de 0.5,0.5,0.0,7,False
16514244,LA Rams vs. NY Giants,Matthew Stafford,Matthew Stafford (LAR),2ème mi-temps - Total de yards à la passe du joueur Plus/Moins,31459,77053,1731690276,111.5|sa:player:nfl-323205|LAR,4497680197,Matthew Stafford (LAR) Plus de 111.5,Matthew Stafford (LAR) Plus de 111.5,111.5,1.8,0,False
16514244,LA Rams vs. NY Giants,Matthew Stafford,Matthew Stafford (LAR),2ème mi-temps - Total de yards à la passe du joueur Plus/Moins,31459,77053,1731690276,111.5|sa:player:nfl-323205|LAR,4497680198,Matthew Stafford (LAR) moins de 111.5,Matthew Stafford (LAR) moins de 111.5,111.5,1.8,0,False
16514244,LA Rams vs. NY Giants,Jaxson Dart,Jaxson Dart (NYG),2ème mi-temps - Total de yards à la passe du joueur Plus/Moins,31459,77053,1737206141,108.5|sa:player:nfl-1286260|NYG,4516457995,Jaxson Dart (NYG) Plus de 108.5,Jaxson Dart (NYG) Plus de 108.5,108.5,1.8,0,False
16514244,LA Rams vs. NY Giants,Jaxson Dart,Jaxson Dart (NYG),2ème mi-temps - Total de yards à la passe du joueur Plus/Moins,31459,77053,1737206141,108.5|sa:player:nfl-1286260|NYG,4516457996,Jaxson Dart (NYG) moins de 108.5,Jaxson Dart (NYG) moins de 108.5,108.5,1.8,0,False
16514244,LA Rams vs. NY Giants,Matthew Stafford,Matthew Stafford (LAR),2ème mi-temps - Total de Touchdowns à la passe du joueur - Plus/Moins,31462,77056,1731690282,0.5|sa:player:nfl-323205|LAR,4497680209,Matthew Stafford (LAR) Plus de 0.5,Matthew Stafford (LAR) Plus de 0.5,0.5,1.4445,0,False
16514244,LA Rams vs. NY Giants,Matthew Stafford,Matthew Stafford (LAR),2ème mi-temps - Total de Touchdowns à la passe du joueur - Plus/Moins,31462,77056,1731690282,0.5|sa:player:nfl-323205|LAR,4497680210,Matthew Stafford (LAR) moins de 0.5,Matthew Stafford (LAR) moins de 0.5,0.5,2.4,0,False
16514244,LA Rams vs. NY Giants,Jaxson Dart,Jaxson Dart (NYG),2ème mi-temps - Total de Touchdowns à la passe du joueur - Plus/Moins,31462,77056,1731691396,0.5|sa:player:nfl-1286260|NYG,4497682160,Jaxson Dart (NYG) Plus de 0.5,Jaxson Dart (NYG) Plus de 0.5,0.5,1.8334,0,False
16514244,LA Rams vs. NY Giants,Jaxson Dart,Jaxson Dart (NYG),2ème mi-temps - Total de Touchdowns à la passe du joueur - Plus/Moins,31462,77056,1731691396,0.5|sa:player:nfl-1286260|NYG,4497682161,Jaxson Dart (NYG) moins de 0.5,Jaxson Dart (NYG) moins de 0.5,0.5,1.7693,0,False
16514244,LA Rams vs. NY Giants,Jaxson Dart,Jaxson Dart (NYG),2ème mi-temps - Joueur Tentative de passe - Plus/Moins,31480,77074,1734186806,15.5|sa:player:nfl-1286260|NYG,4505446088,Jaxson Dart (NYG) moins de 15.5,Jaxson Dart (NYG) moins de 15.5,15.5,1.7693,0,False
16514244,LA Rams vs. NY Giants,Jaxson Dart,Jaxson Dart (NYG),2ème mi-temps - Joueur Tentative de passe - Plus/Moins,31480,77074,1734186806,15.5|sa:player:nfl-1286260|NYG,4505446087,Jaxson Dart (NYG) Plus de 15.5,Jaxson Dart (NYG) Plus de 15.5,15.5,1.8334,0,False
16514244,LA Rams vs. NY Giants,Matthew Stafford,Matthew Stafford (LAR),2ème mi-temps - Joueur Tentative de passe - Plus/Moins,31480,77074,1731690291,14.5|sa:player:nfl-323205|LAR,4497680227,Matthew Stafford (LAR) Plus de 14.5,Matthew Stafford (LAR) Plus de 14.5,14.5,1.7693,0,False
16514244,LA Rams vs. NY Giants,Matthew Stafford,Matthew Stafford (LAR),2ème mi-temps - Joueur Tentative de passe - Plus/Moins,31480,77074,1731690291,14.5|sa:player:nfl-323205|LAR,4497680228,Matthew Stafford (LAR) moins de 14.5,Matthew Stafford (LAR) moins de 14.5,14.5,1.8334,0,False
16514244,LA Rams vs. NY Giants,Jaxson Dart,Jaxson Dart (NYG),2ème mi-temps - Interceptions du joueur Plus/Moins,31477,77071,1731691402,0.5|sa:player:nfl-1286260|NYG,4497682172,Jaxson Dart (NYG) Plus de 0.5,Jaxson Dart (NYG) Plus de 0.5,0.5,2.8,0,False
16514244,LA Rams vs. NY Giants,Jaxson Dart,Jaxson Dart (NYG),2ème mi-temps - Interceptions du joueur Plus/Moins,31477,77071,1731691402,0.5|sa:player:nfl-1286260|NYG,4497682173,Jaxson Dart (NYG) moins de 0.5,Jaxson Dart (NYG) moins de 0.5,0.5,1.3334,0,False
16514244,LA Rams vs. NY Giants,Matthew Stafford,Matthew Stafford (LAR),2ème mi-temps - Interceptions du joueur Plus/Moins,31477,77071,1731690288,0.5|sa:player:nfl-323205|LAR,4497680221,Matthew Stafford (LAR) Plus de 0.5,Matthew Stafford (LAR) Plus de 0.5,0.5,3.6,0,False
16514244,LA Rams vs. NY Giants,Matthew Stafford,Matthew Stafford (LAR),2ème mi-temps - Interceptions du joueur Plus/Moins,31477,77071,1731690288,0.5|sa:player:nfl-323205|LAR,4497680222,Matthew Stafford (LAR) moins de 0.5,Matthew Stafford (LAR) moins de 0.5,0.5,1.2,0,False
16514244,LA Rams vs. NY Giants,Jaxson Dart,Jaxson Dart (NYG),2ème mi-temps - Passes réussies du joueur - Plus/Moins,31492,77086,1740879398,10.5|sa:player:nfl-1286260|NYG,4529116896,Jaxson Dart (NYG) Plus de 10.5,Jaxson Dart (NYG) Plus de 10.5,10.5,1.9524,0,False
16514244,LA Rams vs. NY Giants,Jaxson Dart,Jaxson Dart (NYG),2ème mi-temps - Passes réussies du joueur - Plus/Moins,31492,77086,1740879398,10.5|sa:player:nfl-1286260|NYG,4529116897,Jaxson Dart (NYG) moins de 10.5,Jaxson Dart (NYG) moins de 10.5,10.5,1.6667,0,False
16514244,LA Rams vs. NY Giants,Matthew Stafford,Matthew Stafford (LAR),2ème mi-temps - Passes réussies du joueur - Plus/Moins,31492,77086,1732491346,10.5|sa:player:nfl-323205|LAR,4500306665,Matthew Stafford (LAR) Plus de 10.5,Matthew Stafford (LAR) Plus de 10.5,10.5,1.9524,0,False
16514244,LA Rams vs. NY Giants,Matthew Stafford,Matthew Stafford (LAR),2ème mi-temps - Passes réussies du joueur - Plus/Moins,31492,77086,1732491346,10.5|sa:player:nfl-323205|LAR,4500306666,Matthew Stafford (LAR) moins de 10.5,Matthew Stafford (LAR) moins de 10.5,10.5,1.6667,0,False
16514244,LA Rams vs. NY Giants,Kyren Williams,Kyren Williams (LAR),Premier quart-temps - Total de yards à la course du joueur Plus/Moins,31472,77066,1732851396,12.5|sa:player:nfl-1167361|LAR|1,4501163291,Kyren Williams (LAR) Plus de 12.5,Kyren Williams (LAR) Plus de 12.5,12.5,1.7693,0,False
16514244,LA Rams vs. NY Giants,Kyren Williams,Kyren Williams (LAR),Premier quart-temps - Total de yards à la course du joueur Plus/Moins,31472,77066,1732851396,12.5|sa:player:nfl-1167361|LAR|1,4501163292,Kyren Williams (LAR) moins de 12.5,Kyren Williams (LAR) moins de 12.5,12.5,1.8334,0,False
16514244,LA Rams vs. NY Giants,Cameron Skattebo,Cameron Skattebo (NYG),Premier quart-temps - Total de yards à la course du joueur Plus/Moins,31472,77066,1732536805,11.5|sa:player:nfl-1280316|NYG|1,4500413948,Cameron Skattebo (NYG) Plus de 11.5,Cameron Skattebo (NYG) Plus de 11.5,11.5,1.8334,0,False
16514244,LA Rams vs. NY Giants,Cameron Skattebo,Cameron Skattebo (NYG),Premier quart-temps - Total de yards à la course du joueur Plus/Moins,31472,77066,1732536805,11.5|sa:player:nfl-1280316|NYG|1,4500413949,Cameron Skattebo (NYG) moins de 11.5,Cameron Skattebo (NYG) moins de 11.5,11.5,1.7693,0,False
16514244,LA Rams vs. NY Giants,Blake Corum,Blake Corum (LAR),Premier quart-temps - Total de yards à la course du joueur Plus/Moins,31472,77066,1732859907,9.5|sa:player:nfl-1229540|LAR|1,4501203972,Blake Corum (LAR) Plus de 9.5,Blake Corum (LAR) Plus de 9.5,9.5,1.7693,0,False
16514244,LA Rams vs. NY Giants,Blake Corum,Blake Corum (LAR),Premier quart-temps - Total de yards à la course du joueur Plus/Moins,31472,77066,1732859907,9.5|sa:player:nfl-1229540|LAR|1,4501203973,Blake Corum (LAR) moins de 9.5,Blake Corum (LAR) moins de 9.5,9.5,1.8334,0,False
16514244,LA Rams vs. NY Giants,Jaxson Dart,Jaxson Dart (NYG),Premier quart-temps - Total de yards à la course du joueur Plus/Moins,31472,77066,1731723168,4.5|sa:player:nfl-1286260|NYG|1,4497774872,Jaxson Dart (NYG) Plus de 4.5,Jaxson Dart (NYG) Plus de 4.5,4.5,1.7693,0,False
16514244,LA Rams vs. NY Giants,Jaxson Dart,Jaxson Dart (NYG),Premier quart-temps - Total de yards à la course du joueur Plus/Moins,31472,77066,1731723168,4.5|sa:player:nfl-1286260|NYG|1,4497774873,Jaxson Dart (NYG) moins de 4.5,Jaxson Dart (NYG) moins de 4.5,4.5,1.8334,0,False
16514244,LA Rams vs. NY Giants,Devin Singletary,Devin Singletary (NYG),Premier quart-temps - Total de yards à la course du joueur Plus/Moins,31472,77066,1731690627,2.5|sa:player:nfl-916466|NYG|1,4497680812,Devin Singletary (NYG) Plus de 2.5,Devin Singletary (NYG) Plus de 2.5,2.5,1.7693,0,False
16514244,LA Rams vs. NY Giants,Devin Singletary,Devin Singletary (NYG),Premier quart-temps - Total de yards à la course du joueur Plus/Moins,31472,77066,1731690627,2.5|sa:player:nfl-916466|NYG|1,4497680813,Devin Singletary (NYG) moins de 2.5,Devin Singletary (NYG) moins de 2.5,2.5,1.8334,0,False
16514244,LA Rams vs. NY Giants,Matthew Stafford,Matthew Stafford (LAR),Premier quart-temps - Total de yards à la course du joueur Plus/Moins,31472,77066,1731690302,0.5|sa:player:nfl-323205|LAR|1,4497680249,Matthew Stafford (LAR) Plus de 0.5,Matthew Stafford (LAR) Plus de 0.5,0.5,6.0,0,False
16514244,LA Rams vs. NY Giants,Matthew Stafford,Matthew Stafford (LAR),Premier quart-temps - Total de yards à la course du joueur Plus/Moins,31472,77066,1731690302,0.5|sa:player:nfl-323205|LAR|1,4497680250,Matthew Stafford (LAR) moins de 0.5,Matthew Stafford (LAR) moins de 0.5,0.5,1.0589,0,False
16514244,LA Rams vs. NY Giants,Kyren Williams,Kyren Williams (LAR),Premier quart-temps - Touchdowns de course du joueur Plus / Moins,31475,77069,1731691093,0.5|sa:player:nfl-1167361|LAR|1,4497681632,Kyren Williams (LAR) Plus de 0.5,Kyren Williams (LAR) Plus de 0.5,0.5,4.75,0,False
16514244,LA Rams vs. NY Giants,Kyren Williams,Kyren Williams (LAR),Premier quart-temps - Touchdowns de course du joueur Plus / Moins,31475,77069,1731691093,0.5|sa:player:nfl-1167361|LAR|1,4497681633,Kyren Williams (LAR) moins de 0.5,Kyren Williams (LAR) moins de 0.5,0.5,1.1112,0,False
16514244,LA Rams vs. NY Giants,Cameron Skattebo,Cameron Skattebo (NYG),Premier quart-temps - Touchdowns de course du joueur Plus / Moins,31475,77069,1731691310,0.5|sa:player:nfl-1280316|NYG|1,4497682016,Cameron Skattebo (NYG) moins de 0.5,Cameron Skattebo (NYG) moins de 0.5,0.5,1.0625,0,False
16514244,LA Rams vs. NY Giants,Cameron Skattebo,Cameron Skattebo (NYG),Premier quart-temps - Touchdowns de course du joueur Plus / Moins,31475,77069,1731691310,0.5|sa:player:nfl-1280316|NYG|1,4497682015,Cameron Skattebo (NYG) Plus de 0.5,Cameron Skattebo (NYG) Plus de 0.5,0.5,6.0,0,False
16514244,LA Rams vs. NY Giants,Blake Corum,Blake Corum (LAR),Premier quart-temps - Touchdowns de course du joueur Plus / Moins,31475,77069,1731691246,0.5|sa:player:nfl-1229540|LAR|1,4497681900,Blake Corum (LAR) Plus de 0.5,Blake Corum (LAR) Plus de 0.5,0.5,6.75,0,False
16514244,LA Rams vs. NY Giants,Blake Corum,Blake Corum (LAR),Premier quart-temps - Touchdowns de course du joueur Plus / Moins,31475,77069,1731691246,0.5|sa:player:nfl-1229540|LAR|1,4497681901,Blake Corum (LAR) moins de 0.5,Blake Corum (LAR) moins de 0.5,0.5,1.04,0,False
16514244,LA Rams vs. NY Giants,Jaxson Dart,Jaxson Dart (NYG),Premier quart-temps - Touchdowns de course du joueur Plus / Moins,31475,77069,1731691419,0.5|sa:player:nfl-1286260|NYG|1,4497682206,Jaxson Dart (NYG) Plus de 0.5,Jaxson Dart (NYG) Plus de 0.5,0.5,7.5,0,False
16514244,LA Rams vs. NY Giants,Jaxson Dart,Jaxson Dart (NYG),Premier quart-temps - Touchdowns de course du joueur Plus / Moins,31475,77069,1731691419,0.5|sa:player:nfl-1286260|NYG|1,4497682207,Jaxson Dart (NYG) moins de 0.5,Jaxson Dart (NYG) moins de 0.5,0.5,1.02,0,False
16514244,LA Rams vs. NY Giants,Devin Singletary,Devin Singletary (NYG),Premier quart-temps - Touchdowns de course du joueur Plus / Moins,31475,77069,1731690630,0.5|sa:player:nfl-916466|NYG|1,4497680818,Devin Singletary (NYG) Plus de 0.5,Devin Singletary (NYG) Plus de 0.5,0.5,8.5,0,False
16514244,LA Rams vs. NY Giants,Devin Singletary,Devin Singletary (NYG),Premier quart-temps - Touchdowns de course du joueur Plus / Moins,31475,77069,1731690630,0.5|sa:player:nfl-916466|NYG|1,4497680819,Devin Singletary (NYG) moins de 0.5,Devin Singletary (NYG) moins de 0.5,0.5,0.0,7,False
16514244,LA Rams vs. NY Giants,Najee Harris,Najee Harris (NYG),Premier quart-temps - Touchdowns de course du joueur Plus / Moins,31475,77069,1731690681,0.5|sa:player:nfl-973964|NYG|1,4497680909,Najee Harris (NYG) Plus de 0.5,Najee Harris (NYG) Plus de 0.5,0.5,8.5,0,False
16514244,LA Rams vs. NY Giants,Najee Harris,Najee Harris (NYG),Premier quart-temps - Touchdowns de course du joueur Plus / Moins,31475,77069,1731690681,0.5|sa:player:nfl-973964|NYG|1,4497680910,Najee Harris (NYG) moins de 0.5,Najee Harris (NYG) moins de 0.5,0.5,0.0,7,False
16514244,LA Rams vs. NY Giants,Cameron Skattebo,Cameron Skattebo (NYG),Premier quart-temps - Tentatives de rushing du joueur Plus/Moins,31484,77078,1732536807,3.5|sa:player:nfl-1280316|NYG|1,4500413952,Cameron Skattebo (NYG) Plus de 3.5,Cameron Skattebo (NYG) Plus de 3.5,3.5,2.1,0,False
16514244,LA Rams vs. NY Giants,Cameron Skattebo,Cameron Skattebo (NYG),Premier quart-temps - Tentatives de rushing du joueur Plus/Moins,31484,77078,1732536807,3.5|sa:player:nfl-1280316|NYG|1,4500413953,Cameron Skattebo (NYG) moins de 3.5,Cameron Skattebo (NYG) moins de 3.5,3.5,1.5715,0,False
16514244,LA Rams vs. NY Giants,Kyren Williams,Kyren Williams (LAR),Premier quart-temps - Tentatives de rushing du joueur Plus/Moins,31484,77078,1732858868,2.5|sa:player:nfl-1167361|LAR|1,4501201876,Kyren Williams (LAR) Plus de 2.5,Kyren Williams (LAR) Plus de 2.5,2.5,1.5715,0,False
16514244,LA Rams vs. NY Giants,Kyren Williams,Kyren Williams (LAR),Premier quart-temps - Tentatives de rushing du joueur Plus/Moins,31484,77078,1732858868,2.5|sa:player:nfl-1167361|LAR|1,4501201877,Kyren Williams (LAR) moins de 2.5,Kyren Williams (LAR) moins de 2.5,2.5,2.1,0,False
16514244,LA Rams vs. NY Giants,Blake Corum,Blake Corum (LAR),Premier quart-temps - Tentatives de rushing du joueur Plus/Moins,31484,77078,1732851408,2.5|sa:player:nfl-1229540|LAR|1,4501163315,Blake Corum (LAR) Plus de 2.5,Blake Corum (LAR) Plus de 2.5,2.5,1.7693,0,False
16514244,LA Rams vs. NY Giants,Blake Corum,Blake Corum (LAR),Premier quart-temps - Tentatives de rushing du joueur Plus/Moins,31484,77078,1732851408,2.5|sa:player:nfl-1229540|LAR|1,4501163316,Blake Corum (LAR) moins de 2.5,Blake Corum (LAR) moins de 2.5,2.5,1.8334,0,False
16514244,LA Rams vs. NY Giants,Jaxson Dart,Jaxson Dart (NYG),Premier quart-temps - Tentatives de rushing du joueur Plus/Moins,31484,77078,1731691422,1.5|sa:player:nfl-1286260|NYG|1,4497682212,Jaxson Dart (NYG) Plus de 1.5,Jaxson Dart (NYG) Plus de 1.5,1.5,2.2,0,False
16514244,LA Rams vs. NY Giants,Jaxson Dart,Jaxson Dart (NYG),Premier quart-temps - Tentatives de rushing du joueur Plus/Moins,31484,77078,1731691422,1.5|sa:player:nfl-1286260|NYG|1,4497682213,Jaxson Dart (NYG) moins de 1.5,Jaxson Dart (NYG) moins de 1.5,1.5,1.5264,0,False
16514244,LA Rams vs. NY Giants,Devin Singletary,Devin Singletary (NYG),Premier quart-temps - Tentatives de rushing du joueur Plus/Moins,31484,77078,1731690633,1.5|sa:player:nfl-916466|NYG|1,4497680824,Devin Singletary (NYG) Plus de 1.5,Devin Singletary (NYG) Plus de 1.5,1.5,2.45,0,False
16514244,LA Rams vs. NY Giants,Devin Singletary,Devin Singletary (NYG),Premier quart-temps - Tentatives de rushing du joueur Plus/Moins,31484,77078,1731690633,1.5|sa:player:nfl-916466|NYG|1,4497680825,Devin Singletary (NYG) moins de 1.5,Devin Singletary (NYG) moins de 1.5,1.5,1.4167,0,False
16514244,LA Rams vs. NY Giants,Matthew Stafford,Matthew Stafford (LAR),Premier quart-temps - Tentatives de rushing du joueur Plus/Moins,31484,77078,1731690308,0.5|sa:player:nfl-323205|LAR|1,4497680261,Matthew Stafford (LAR) Plus de 0.5,Matthew Stafford (LAR) Plus de 0.5,0.5,6.0,0,False
16514244,LA Rams vs. NY Giants,Matthew Stafford,Matthew Stafford (LAR),Premier quart-temps - Tentatives de rushing du joueur Plus/Moins,31484,77078,1731690308,0.5|sa:player:nfl-323205|LAR|1,4497680262,Matthew Stafford (LAR) moins de 0.5,Matthew Stafford (LAR) moins de 0.5,0.5,1.0625,0,False
16514244,LA Rams vs. NY Giants,Kyren Williams,Kyren Williams (LAR),Premier quart-temps - Yards de course et de réception du joueur Plus / Moins,31490,77084,1732851401,16.5|sa:player:nfl-1167361|LAR|1,4501163301,Kyren Williams (LAR) Plus de 16.5,Kyren Williams (LAR) Plus de 16.5,16.5,1.7693,0,False
16514244,LA Rams vs. NY Giants,Kyren Williams,Kyren Williams (LAR),Premier quart-temps - Yards de course et de réception du joueur Plus / Moins,31490,77084,1732851401,16.5|sa:player:nfl-1167361|LAR|1,4501163302,Kyren Williams (LAR) moins de 16.5,Kyren Williams (LAR) moins de 16.5,16.5,1.8334,0,False
16514244,LA Rams vs. NY Giants,Cameron Skattebo,Cameron Skattebo (NYG),Premier quart-temps - Yards de course et de réception du joueur Plus / Moins,31490,77084,1732491371,14.5|sa:player:nfl-1280316|NYG|1,4500306715,Cameron Skattebo (NYG) Plus de 14.5,Cameron Skattebo (NYG) Plus de 14.5,14.5,1.7693,0,False
16514244,LA Rams vs. NY Giants,Cameron Skattebo,Cameron Skattebo (NYG),Premier quart-temps - Yards de course et de réception du joueur Plus / Moins,31490,77084,1732491371,14.5|sa:player:nfl-1280316|NYG|1,4500306716,Cameron Skattebo (NYG) moins de 14.5,Cameron Skattebo (NYG) moins de 14.5,14.5,1.8334,0,False
16514244,LA Rams vs. NY Giants,Devin Singletary,Devin Singletary (NYG),Premier quart-temps - Yards de course et de réception du joueur Plus / Moins,31490,77084,1731723057,3.5|sa:player:nfl-916466|NYG|1,4497774660,Devin Singletary (NYG) Plus de 3.5,Devin Singletary (NYG) Plus de 3.5,3.5,1.7693,0,False
16514244,LA Rams vs. NY Giants,Devin Singletary,Devin Singletary (NYG),Premier quart-temps - Yards de course et de réception du joueur Plus / Moins,31490,77084,1731723057,3.5|sa:player:nfl-916466|NYG|1,4497774661,Devin Singletary (NYG) moins de 3.5,Devin Singletary (NYG) moins de 3.5,3.5,1.8334,0,False
16514244,LA Rams vs. NY Giants,Puka Nacua,Puka Nacua (LAR),Premier quart-temps - Total de réceptions Plus/Moins,31487,77081,1731691023,1.5|sa:player:nfl-1162128|LAR|1,4497681512,Puka Nacua (LAR) moins de 1.5,Puka Nacua (LAR) moins de 1.5,1.5,1.7693,0,False
16514244,LA Rams vs. NY Giants,Puka Nacua,Puka Nacua (LAR),Premier quart-temps - Total de réceptions Plus/Moins,31487,77081,1731691023,1.5|sa:player:nfl-1162128|LAR|1,4497681511,Puka Nacua (LAR) Plus de 1.5,Puka Nacua (LAR) Plus de 1.5,1.5,1.8334,0,False
16514244,LA Rams vs. NY Giants,Malik Nabers,Malik Nabers (NYG),Premier quart-temps - Total de réceptions Plus/Moins,31487,77081,1732623073,1.5|sa:player:nfl-1286059|NYG|1,4500619604,Malik Nabers (NYG) Plus de 1.5,Malik Nabers (NYG) Plus de 1.5,1.5,2.45,0,False
16514244,LA Rams vs. NY Giants,Malik Nabers,Malik Nabers (NYG),Premier quart-temps - Total de réceptions Plus/Moins,31487,77081,1732623073,1.5|sa:player:nfl-1286059|NYG|1,4500619605,Malik Nabers (NYG) moins de 1.5,Malik Nabers (NYG) moins de 1.5,1.5,1.4167,0,False
16514244,LA Rams vs. NY Giants,Davante Adams,Davante Adams (LAR),Premier quart-temps - Total de réceptions Plus/Moins,31487,77081,1741297056,1.5|sa:player:nfl-611417|LAR|1,4530161718,Davante Adams (LAR) Plus de 1.5,Davante Adams (LAR) Plus de 1.5,1.5,2.55,0,False
16514244,LA Rams vs. NY Giants,Davante Adams,Davante Adams (LAR),Premier quart-temps - Total de réceptions Plus/Moins,31487,77081,1741297056,1.5|sa:player:nfl-611417|LAR|1,4530161719,Davante Adams (LAR) moins de 1.5,Davante Adams (LAR) moins de 1.5,1.5,1.4,0,False
16514244,LA Rams vs. NY Giants,Isaiah Likely,Isaiah Likely (NYG),Premier quart-temps - Total de réceptions Plus/Moins,31487,77081,1731690896,0.5|sa:player:nfl-1125111|NYG|1,4497681292,Isaiah Likely (NYG) Plus de 0.5,Isaiah Likely (NYG) Plus de 0.5,0.5,1.4546,0,False
16514244,LA Rams vs. NY Giants,Isaiah Likely,Isaiah Likely (NYG),Premier quart-temps - Total de réceptions Plus/Moins,31487,77081,1731690896,0.5|sa:player:nfl-1125111|NYG|1,4497681293,Isaiah Likely (NYG) moins de 0.5,Isaiah Likely (NYG) moins de 0.5,0.5,2.35,0,False
16514244,LA Rams vs. NY Giants,Colby Parkinson,Colby Parkinson (LAR),Premier quart-temps - Total de réceptions Plus/Moins,31487,77081,1731690770,0.5|sa:player:nfl-1060312|LAR|1,4497681066,Colby Parkinson (LAR) Plus de 0.5,Colby Parkinson (LAR) Plus de 0.5,0.5,1.7143,0,False
16514244,LA Rams vs. NY Giants,Colby Parkinson,Colby Parkinson (LAR),Premier quart-temps - Total de réceptions Plus/Moins,31487,77081,1731690770,0.5|sa:player:nfl-1060312|LAR|1,4497681067,Colby Parkinson (LAR) moins de 0.5,Colby Parkinson (LAR) moins de 0.5,0.5,1.9091,0,False
16514244,LA Rams vs. NY Giants,Terrance Ferguson,Terrance Ferguson (LAR),Premier quart-temps - Total de réceptions Plus/Moins,31487,77081,1731691368,0.5|sa:player:nfl-1286179|LAR|1,4497682113,Terrance Ferguson (LAR) Plus de 0.5,Terrance Ferguson (LAR) Plus de 0.5,0.5,1.8696,0,False
16514244,LA Rams vs. NY Giants,Terrance Ferguson,Terrance Ferguson (LAR),Premier quart-temps - Total de réceptions Plus/Moins,31487,77081,1731691368,0.5|sa:player:nfl-1286179|LAR|1,4497682114,Terrance Ferguson (LAR) moins de 0.5,Terrance Ferguson (LAR) moins de 0.5,0.5,1.7408,0,False
16514244,LA Rams vs. NY Giants,Kyren Williams,Kyren Williams (LAR),Premier quart-temps - Total de réceptions Plus/Moins,31487,77081,1731691083,0.5|sa:player:nfl-1167361|LAR|1,4497681612,Kyren Williams (LAR) Plus de 0.5,Kyren Williams (LAR) Plus de 0.5,0.5,2.05,0,False
16514244,LA Rams vs. NY Giants,Kyren Williams,Kyren Williams (LAR),Premier quart-temps - Total de réceptions Plus/Moins,31487,77081,1731691083,0.5|sa:player:nfl-1167361|LAR|1,4497681613,Kyren Williams (LAR) moins de 0.5,Kyren Williams (LAR) moins de 0.5,0.5,1.6061,0,False
16514244,LA Rams vs. NY Giants,Malachi Fields,Malachi Fields (NYG),Premier quart-temps - Total de réceptions Plus/Moins,31487,77081,1731691177,0.5|sa:player:nfl-1319589|NYG|1,4497681777,Malachi Fields (NYG) Plus de 0.5,Malachi Fields (NYG) Plus de 0.5,0.5,2.35,0,False
16514244,LA Rams vs. NY Giants,Malachi Fields,Malachi Fields (NYG),Premier quart-temps - Total de réceptions Plus/Moins,31487,77081,1731691177,0.5|sa:player:nfl-1319589|NYG|1,4497681778,Malachi Fields (NYG) moins de 0.5,Malachi Fields (NYG) moins de 0.5,0.5,1.4546,0,False
16514244,LA Rams vs. NY Giants,Cameron Skattebo,Cameron Skattebo (NYG),Premier quart-temps - Total de réceptions Plus/Moins,31487,77081,1731691300,0.5|sa:player:nfl-1280316|NYG|1,4497681995,Cameron Skattebo (NYG) Plus de 0.5,Cameron Skattebo (NYG) Plus de 0.5,0.5,2.4,0,False
16514244,LA Rams vs. NY Giants,Cameron Skattebo,Cameron Skattebo (NYG),Premier quart-temps - Total de réceptions Plus/Moins,31487,77081,1731691300,0.5|sa:player:nfl-1280316|NYG|1,4497681996,Cameron Skattebo (NYG) moins de 0.5,Cameron Skattebo (NYG) moins de 0.5,0.5,1.4348,0,False
16514244,LA Rams vs. NY Giants,Devin Singletary,Devin Singletary (NYG),Premier quart-temps - Total de réceptions Plus/Moins,31487,77081,1731690620,0.5|sa:player:nfl-916466|NYG|1,4497680798,Devin Singletary (NYG) Plus de 0.5,Devin Singletary (NYG) Plus de 0.5,0.5,4.0,0,False
16514244,LA Rams vs. NY Giants,Devin Singletary,Devin Singletary (NYG),Premier quart-temps - Total de réceptions Plus/Moins,31487,77081,1731690620,0.5|sa:player:nfl-916466|NYG|1,4497680799,Devin Singletary (NYG) moins de 0.5,Devin Singletary (NYG) moins de 0.5,0.5,1.1667,0,False
16514244,LA Rams vs. NY Giants,Darnell Mooney,Darnell Mooney (NYG),Premier quart-temps - Total de réceptions Plus/Moins,31487,77081,1731690593,0.5|sa:player:nfl-912027|NYG|1,4497680753,Darnell Mooney (NYG) Plus de 0.5,Darnell Mooney (NYG) Plus de 0.5,0.5,4.25,0,False
16514244,LA Rams vs. NY Giants,Darnell Mooney,Darnell Mooney (NYG),Premier quart-temps - Total de réceptions Plus/Moins,31487,77081,1731690593,0.5|sa:player:nfl-912027|NYG|1,4497680754,Darnell Mooney (NYG) moins de 0.5,Darnell Mooney (NYG) moins de 0.5,0.5,1.1429,0,False
16514244,LA Rams vs. NY Giants,Odell Beckham Jr.,Odell Beckham Jr. (NYG),Premier quart-temps - Total de réceptions Plus/Moins,31487,77081,1731690370,0.5|sa:player:nfl-589984|NYG|1,4497680365,Odell Beckham Jr. (NYG) Plus de 0.5,Odell Beckham Jr. (NYG) Plus de 0.5,0.5,4.75,0,False
16514244,LA Rams vs. NY Giants,Odell Beckham Jr.,Odell Beckham Jr. (NYG),Premier quart-temps - Total de réceptions Plus/Moins,31487,77081,1731690370,0.5|sa:player:nfl-589984|NYG|1,4497680366,Odell Beckham Jr. (NYG) moins de 0.5,Odell Beckham Jr. (NYG) moins de 0.5,0.5,1.1112,0,False
16514244,LA Rams vs. NY Giants,Puka Nacua,Puka Nacua (LAR),Premier quart-temps - Yards reçus par le joueur - Plus/Moins,31466,77060,1737219102,14.5|sa:player:nfl-1162128|LAR|1,4516489075,Puka Nacua (LAR) Plus de 14.5,Puka Nacua (LAR) Plus de 14.5,14.5,1.7693,0,False
16514244,LA Rams vs. NY Giants,Puka Nacua,Puka Nacua (LAR),Premier quart-temps - Yards reçus par le joueur - Plus/Moins,31466,77060,1737219102,14.5|sa:player:nfl-1162128|LAR|1,4516489076,Puka Nacua (LAR) moins de 14.5,Puka Nacua (LAR) moins de 14.5,14.5,1.8334,0,False
16514244,LA Rams vs. NY Giants,Davante Adams,Davante Adams (LAR),Premier quart-temps - Yards reçus par le joueur - Plus/Moins,31466,77060,1739713048,9.5|sa:player:nfl-611417|LAR|1,4525609793,Davante Adams (LAR) Plus de 9.5,Davante Adams (LAR) Plus de 9.5,9.5,1.7693,0,False
16514244,LA Rams vs. NY Giants,Davante Adams,Davante Adams (LAR),Premier quart-temps - Yards reçus par le joueur - Plus/Moins,31466,77060,1739713048,9.5|sa:player:nfl-611417|LAR|1,4525609794,Davante Adams (LAR) moins de 9.5,Davante Adams (LAR) moins de 9.5,9.5,1.8334,0,False
16514244,LA Rams vs. NY Giants,Malik Nabers,Malik Nabers (NYG),Premier quart-temps - Yards reçus par le joueur - Plus/Moins,31466,77060,1732670828,9.5|sa:player:nfl-1286059|NYG|1,4500737718,Malik Nabers (NYG) Plus de 9.5,Malik Nabers (NYG) Plus de 9.5,9.5,1.7693,0,False
16514244,LA Rams vs. NY Giants,Malik Nabers,Malik Nabers (NYG),Premier quart-temps - Yards reçus par le joueur - Plus/Moins,31466,77060,1732670828,9.5|sa:player:nfl-1286059|NYG|1,4500737719,Malik Nabers (NYG) moins de 9.5,Malik Nabers (NYG) moins de 9.5,9.5,1.8334,0,False
16514244,LA Rams vs. NY Giants,Isaiah Likely,Isaiah Likely (NYG),Premier quart-temps - Yards reçus par le joueur - Plus/Moins,31466,77060,1734163186,6.5|sa:player:nfl-1125111|NYG|1,4505378817,Isaiah Likely (NYG) Plus de 6.5,Isaiah Likely (NYG) Plus de 6.5,6.5,1.8334,0,False
16514244,LA Rams vs. NY Giants,Isaiah Likely,Isaiah Likely (NYG),Premier quart-temps - Yards reçus par le joueur - Plus/Moins,31466,77060,1734163186,6.5|sa:player:nfl-1125111|NYG|1,4505378818,Isaiah Likely (NYG) moins de 6.5,Isaiah Likely (NYG) moins de 6.5,6.5,1.7693,0,False
16514244,LA Rams vs. NY Giants,Colby Parkinson,Colby Parkinson (LAR),Premier quart-temps - Yards reçus par le joueur - Plus/Moins,31466,77060,1739715017,2.5|sa:player:nfl-1060312|LAR|1,4525614450,Colby Parkinson (LAR) Plus de 2.5,Colby Parkinson (LAR) Plus de 2.5,2.5,1.8334,0,False
16514244,LA Rams vs. NY Giants,Colby Parkinson,Colby Parkinson (LAR),Premier quart-temps - Yards reçus par le joueur - Plus/Moins,31466,77060,1739715017,2.5|sa:player:nfl-1060312|LAR|1,4525614451,Colby Parkinson (LAR) moins de 2.5,Colby Parkinson (LAR) moins de 2.5,2.5,1.7693,0,False
16514244,LA Rams vs. NY Giants,Terrance Ferguson,Terrance Ferguson (LAR),Premier quart-temps - Yards reçus par le joueur - Plus/Moins,31466,77060,1731691362,0.5|sa:player:nfl-1286179|LAR|1,4497682101,Terrance Ferguson (LAR) Plus de 0.5,Terrance Ferguson (LAR) Plus de 0.5,0.5,1.9091,0,False
16514244,LA Rams vs. NY Giants,Terrance Ferguson,Terrance Ferguson (LAR),Premier quart-temps - Yards reçus par le joueur - Plus/Moins,31466,77060,1731691362,0.5|sa:player:nfl-1286179|LAR|1,4497682102,Terrance Ferguson (LAR) moins de 0.5,Terrance Ferguson (LAR) moins de 0.5,0.5,1.7143,0,False
16514244,LA Rams vs. NY Giants,Kyren Williams,Kyren Williams (LAR),Premier quart-temps - Yards reçus par le joueur - Plus/Moins,31466,77060,1731691077,0.5|sa:player:nfl-1167361|LAR|1,4497681600,Kyren Williams (LAR) Plus de 0.5,Kyren Williams (LAR) Plus de 0.5,0.5,2.25,0,False
16514244,LA Rams vs. NY Giants,Kyren Williams,Kyren Williams (LAR),Premier quart-temps - Yards reçus par le joueur - Plus/Moins,31466,77060,1731691077,0.5|sa:player:nfl-1167361|LAR|1,4497681601,Kyren Williams (LAR) moins de 0.5,Kyren Williams (LAR) moins de 0.5,0.5,1.5,0,False
16514244,LA Rams vs. NY Giants,Malachi Fields,Malachi Fields (NYG),Premier quart-temps - Yards reçus par le joueur - Plus/Moins,31466,77060,1731691513,0.5|sa:player:nfl-1319589|NYG|1,4497682364,Malachi Fields (NYG) Plus de 0.5,Malachi Fields (NYG) Plus de 0.5,0.5,2.4,0,False
16514244,LA Rams vs. NY Giants,Malachi Fields,Malachi Fields (NYG),Premier quart-temps - Yards reçus par le joueur - Plus/Moins,31466,77060,1731691513,0.5|sa:player:nfl-1319589|NYG|1,4497682365,Malachi Fields (NYG) moins de 0.5,Malachi Fields (NYG) moins de 0.5,0.5,1.4445,0,False
16514244,LA Rams vs. NY Giants,Cameron Skattebo,Cameron Skattebo (NYG),Premier quart-temps - Yards reçus par le joueur - Plus/Moins,31466,77060,1731691294,0.5|sa:player:nfl-1280316|NYG|1,4497681984,Cameron Skattebo (NYG) moins de 0.5,Cameron Skattebo (NYG) moins de 0.5,0.5,1.3572,0,False
16514244,LA Rams vs. NY Giants,Cameron Skattebo,Cameron Skattebo (NYG),Premier quart-temps - Yards reçus par le joueur - Plus/Moins,31466,77060,1731691294,0.5|sa:player:nfl-1280316|NYG|1,4497681983,Cameron Skattebo (NYG) Plus de 0.5,Cameron Skattebo (NYG) Plus de 0.5,0.5,2.7,0,False
16514244,LA Rams vs. NY Giants,Devin Singletary,Devin Singletary (NYG),Premier quart-temps - Yards reçus par le joueur - Plus/Moins,31466,77060,1731690614,0.5|sa:player:nfl-916466|NYG|1,4497680786,Devin Singletary (NYG) Plus de 0.5,Devin Singletary (NYG) Plus de 0.5,0.5,4.25,0,False
16514244,LA Rams vs. NY Giants,Devin Singletary,Devin Singletary (NYG),Premier quart-temps - Yards reçus par le joueur - Plus/Moins,31466,77060,1731690614,0.5|sa:player:nfl-916466|NYG|1,4497680787,Devin Singletary (NYG) moins de 0.5,Devin Singletary (NYG) moins de 0.5,0.5,1.1429,0,False
16514244,LA Rams vs. NY Giants,Darnell Mooney,Darnell Mooney (NYG),Premier quart-temps - Yards reçus par le joueur - Plus/Moins,31466,77060,1731690587,0.5|sa:player:nfl-912027|NYG|1,4497680741,Darnell Mooney (NYG) Plus de 0.5,Darnell Mooney (NYG) Plus de 0.5,0.5,4.4,0,False
16514244,LA Rams vs. NY Giants,Darnell Mooney,Darnell Mooney (NYG),Premier quart-temps - Yards reçus par le joueur - Plus/Moins,31466,77060,1731690587,0.5|sa:player:nfl-912027|NYG|1,4497680742,Darnell Mooney (NYG) moins de 0.5,Darnell Mooney (NYG) moins de 0.5,0.5,1.1334,0,False
16514244,LA Rams vs. NY Giants,Odell Beckham Jr.,Odell Beckham Jr. (NYG),Premier quart-temps - Yards reçus par le joueur - Plus/Moins,31466,77060,1731690364,0.5|sa:player:nfl-589984|NYG|1,4497680353,Odell Beckham Jr. (NYG) Plus de 0.5,Odell Beckham Jr. (NYG) Plus de 0.5,0.5,5.0,0,False
16514244,LA Rams vs. NY Giants,Odell Beckham Jr.,Odell Beckham Jr. (NYG),Premier quart-temps - Yards reçus par le joueur - Plus/Moins,31466,77060,1731690364,0.5|sa:player:nfl-589984|NYG|1,4497680354,Odell Beckham Jr. (NYG) moins de 0.5,Odell Beckham Jr. (NYG) moins de 0.5,0.5,1.1,0,False
16514244,LA Rams vs. NY Giants,Davante Adams,Davante Adams (LAR),Premier quart-temps - Touchdowns de réception du joueur Plus / Moins,31469,77063,1731690427,0.5|sa:player:nfl-611417|LAR|1,4497680460,Davante Adams (LAR) Plus de 0.5,Davante Adams (LAR) Plus de 0.5,0.5,5.25,0,False
16514244,LA Rams vs. NY Giants,Davante Adams,Davante Adams (LAR),Premier quart-temps - Touchdowns de réception du joueur Plus / Moins,31469,77063,1731690427,0.5|sa:player:nfl-611417|LAR|1,4497680461,Davante Adams (LAR) moins de 0.5,Davante Adams (LAR) moins de 0.5,0.5,1.0834,0,False
16514244,LA Rams vs. NY Giants,Puka Nacua,Puka Nacua (LAR),Premier quart-temps - Touchdowns de réception du joueur Plus / Moins,31469,77063,1731691020,0.5|sa:player:nfl-1162128|LAR|1,4497681505,Puka Nacua (LAR) Plus de 0.5,Puka Nacua (LAR) Plus de 0.5,0.5,5.75,0,False
16514244,LA Rams vs. NY Giants,Puka Nacua,Puka Nacua (LAR),Premier quart-temps - Touchdowns de réception du joueur Plus / Moins,31469,77063,1731691020,0.5|sa:player:nfl-1162128|LAR|1,4497681506,Puka Nacua (LAR) moins de 0.5,Puka Nacua (LAR) moins de 0.5,0.5,1.0715,0,False
16514244,LA Rams vs. NY Giants,Malik Nabers,Malik Nabers (NYG),Premier quart-temps - Touchdowns de réception du joueur Plus / Moins,31469,77063,1731691338,0.5|sa:player:nfl-1286059|NYG|1,4497682062,Malik Nabers (NYG) Plus de 0.5,Malik Nabers (NYG) Plus de 0.5,0.5,7.0,0,False
16514244,LA Rams vs. NY Giants,Malik Nabers,Malik Nabers (NYG),Premier quart-temps - Touchdowns de réception du joueur Plus / Moins,31469,77063,1731691338,0.5|sa:player:nfl-1286059|NYG|1,4497682063,Malik Nabers (NYG) moins de 0.5,Malik Nabers (NYG) moins de 0.5,0.5,1.0334,0,False
16514244,LA Rams vs. NY Giants,Colby Parkinson,Colby Parkinson (LAR),Premier quart-temps - Touchdowns de réception du joueur Plus / Moins,31469,77063,1731690767,0.5|sa:player:nfl-1060312|LAR|1,4497681060,Colby Parkinson (LAR) Plus de 0.5,Colby Parkinson (LAR) Plus de 0.5,0.5,7.75,0,False
16514244,LA Rams vs. NY Giants,Colby Parkinson,Colby Parkinson (LAR),Premier quart-temps - Touchdowns de réception du joueur Plus / Moins,31469,77063,1731690767,0.5|sa:player:nfl-1060312|LAR|1,4497681061,Colby Parkinson (LAR) moins de 0.5,Colby Parkinson (LAR) moins de 0.5,0.5,1.02,0,False
16514244,LA Rams vs. NY Giants,Isaiah Likely,Isaiah Likely (NYG),Premier quart-temps - Touchdowns de réception du joueur Plus / Moins,31469,77063,1731690893,0.5|sa:player:nfl-1125111|NYG|1,4497681286,Isaiah Likely (NYG) Plus de 0.5,Isaiah Likely (NYG) Plus de 0.5,0.5,7.75,0,False
16514244,LA Rams vs. NY Giants,Isaiah Likely,Isaiah Likely (NYG),Premier quart-temps - Touchdowns de réception du joueur Plus / Moins,31469,77063,1731690893,0.5|sa:player:nfl-1125111|NYG|1,4497681287,Isaiah Likely (NYG) moins de 0.5,Isaiah Likely (NYG) moins de 0.5,0.5,1.02,0,False
16514244,LA Rams vs. NY Giants,Terrance Ferguson,Terrance Ferguson (LAR),Premier quart-temps - Touchdowns de réception du joueur Plus / Moins,31469,77063,1731691365,0.5|sa:player:nfl-1286179|LAR|1,4497682107,Terrance Ferguson (LAR) Plus de 0.5,Terrance Ferguson (LAR) Plus de 0.5,0.5,7.75,0,False
16514244,LA Rams vs. NY Giants,Terrance Ferguson,Terrance Ferguson (LAR),Premier quart-temps - Touchdowns de réception du joueur Plus / Moins,31469,77063,1731691365,0.5|sa:player:nfl-1286179|LAR|1,4497682108,Terrance Ferguson (LAR) moins de 0.5,Terrance Ferguson (LAR) moins de 0.5,0.5,1.02,0,False
16514244,LA Rams vs. NY Giants,Cameron Skattebo,Cameron Skattebo (NYG),Premier quart-temps - Touchdowns de réception du joueur Plus / Moins,31469,77063,1731691297,0.5|sa:player:nfl-1280316|NYG|1,4497681989,Cameron Skattebo (NYG) Plus de 0.5,Cameron Skattebo (NYG) Plus de 0.5,0.5,8.5,0,False
16514244,LA Rams vs. NY Giants,Cameron Skattebo,Cameron Skattebo (NYG),Premier quart-temps - Touchdowns de réception du joueur Plus / Moins,31469,77063,1731691297,0.5|sa:player:nfl-1280316|NYG|1,4497681990,Cameron Skattebo (NYG) moins de 0.5,Cameron Skattebo (NYG) moins de 0.5,0.5,0.0,7,False
16514244,LA Rams vs. NY Giants,Darnell Mooney,Darnell Mooney (NYG),Premier quart-temps - Touchdowns de réception du joueur Plus / Moins,31469,77063,1731690590,0.5|sa:player:nfl-912027|NYG|1,4497680747,Darnell Mooney (NYG) Plus de 0.5,Darnell Mooney (NYG) Plus de 0.5,0.5,8.5,0,False
16514244,LA Rams vs. NY Giants,Darnell Mooney,Darnell Mooney (NYG),Premier quart-temps - Touchdowns de réception du joueur Plus / Moins,31469,77063,1731690590,0.5|sa:player:nfl-912027|NYG|1,4497680748,Darnell Mooney (NYG) moins de 0.5,Darnell Mooney (NYG) moins de 0.5,0.5,0.0,7,False
16514244,LA Rams vs. NY Giants,Konata Mumpfield,Konata Mumpfield (LAR),Premier quart-temps - Touchdowns de réception du joueur Plus / Moins,31469,77063,1731691483,0.5|sa:player:nfl-1289332|LAR|1,4497682314,Konata Mumpfield (LAR) Plus de 0.5,Konata Mumpfield (LAR) Plus de 0.5,0.5,8.5,0,False
16514244,LA Rams vs. NY Giants,Konata Mumpfield,Konata Mumpfield (LAR),Premier quart-temps - Touchdowns de réception du joueur Plus / Moins,31469,77063,1731691483,0.5|sa:player:nfl-1289332|LAR|1,4497682315,Konata Mumpfield (LAR) moins de 0.5,Konata Mumpfield (LAR) moins de 0.5,0.5,1.01,0,False
16514244,LA Rams vs. NY Giants,Kyren Williams,Kyren Williams (LAR),Premier quart-temps - Touchdowns de réception du joueur Plus / Moins,31469,77063,1731691080,0.5|sa:player:nfl-1167361|LAR|1,4497681606,Kyren Williams (LAR) Plus de 0.5,Kyren Williams (LAR) Plus de 0.5,0.5,8.5,0,False
16514244,LA Rams vs. NY Giants,Kyren Williams,Kyren Williams (LAR),Premier quart-temps - Touchdowns de réception du joueur Plus / Moins,31469,77063,1731691080,0.5|sa:player:nfl-1167361|LAR|1,4497681607,Kyren Williams (LAR) moins de 0.5,Kyren Williams (LAR) moins de 0.5,0.5,1.01,0,False
16514244,LA Rams vs. NY Giants,Malachi Fields,Malachi Fields (NYG),Premier quart-temps - Touchdowns de réception du joueur Plus / Moins,31469,77063,1731691516,0.5|sa:player:nfl-1319589|NYG|1,4497682370,Malachi Fields (NYG) Plus de 0.5,Malachi Fields (NYG) Plus de 0.5,0.5,8.5,0,False
16514244,LA Rams vs. NY Giants,Malachi Fields,Malachi Fields (NYG),Premier quart-temps - Touchdowns de réception du joueur Plus / Moins,31469,77063,1731691516,0.5|sa:player:nfl-1319589|NYG|1,4497682371,Malachi Fields (NYG) moins de 0.5,Malachi Fields (NYG) moins de 0.5,0.5,0.0,7,False
16514244,LA Rams vs. NY Giants,Tutu Atwell,Tutu Atwell (LAR),Premier quart-temps - Touchdowns de réception du joueur Plus / Moins,31469,77063,1741304039,0.5|sa:player:nfl-1106760|LAR|1,4530177960,Tutu Atwell (LAR) Plus de 0.5,Tutu Atwell (LAR) Plus de 0.5,0.5,8.5,0,False
16514244,LA Rams vs. NY Giants,Tutu Atwell,Tutu Atwell (LAR),Premier quart-temps - Touchdowns de réception du joueur Plus / Moins,31469,77063,1741304039,0.5|sa:player:nfl-1106760|LAR|1,4530177961,Tutu Atwell (LAR) moins de 0.5,Tutu Atwell (LAR) moins de 0.5,0.5,0.0,7,False
16514244,LA Rams vs. NY Giants,Xavier Smith,Xavier Smith (LAR),Premier quart-temps - Touchdowns de réception du joueur Plus / Moins,31469,77063,1731690938,0.5|sa:player:nfl-1137635|LAR|1,4497681364,Xavier Smith (LAR) Plus de 0.5,Xavier Smith (LAR) Plus de 0.5,0.5,8.5,0,False
16514244,LA Rams vs. NY Giants,Xavier Smith,Xavier Smith (LAR),Premier quart-temps - Touchdowns de réception du joueur Plus / Moins,31469,77063,1731690938,0.5|sa:player:nfl-1137635|LAR|1,4497681365,Xavier Smith (LAR) moins de 0.5,Xavier Smith (LAR) moins de 0.5,0.5,0.0,7,False
16514244,LA Rams vs. NY Giants,Odell Beckham Jr.,Odell Beckham Jr. (NYG),Premier quart-temps - Touchdowns de réception du joueur Plus / Moins,31469,77063,1731690367,0.5|sa:player:nfl-589984|NYG|1,4497680360,Odell Beckham Jr. (NYG) moins de 0.5,Odell Beckham Jr. (NYG) moins de 0.5,0.5,0.0,7,False
16514244,LA Rams vs. NY Giants,Odell Beckham Jr.,Odell Beckham Jr. (NYG),Premier quart-temps - Touchdowns de réception du joueur Plus / Moins,31469,77063,1731690367,0.5|sa:player:nfl-589984|NYG|1,4497680359,Odell Beckham Jr. (NYG) Plus de 0.5,Odell Beckham Jr. (NYG) Plus de 0.5,0.5,9.0,0,False
16514244,LA Rams vs. NY Giants,Theo Johnson,Theo Johnson (NYG),Premier quart-temps - Touchdowns de réception du joueur Plus / Moins,31469,77063,1731691147,0.5|sa:player:nfl-1214414|NYG|1,4497681728,Theo Johnson (NYG) moins de 0.5,Theo Johnson (NYG) moins de 0.5,0.5,0.0,7,False
16514244,LA Rams vs. NY Giants,Theo Johnson,Theo Johnson (NYG),Premier quart-temps - Touchdowns de réception du joueur Plus / Moins,31469,77063,1731691147,0.5|sa:player:nfl-1214414|NYG|1,4497681727,Theo Johnson (NYG) Plus de 0.5,Theo Johnson (NYG) Plus de 0.5,0.5,9.0,0,False
16514244,LA Rams vs. NY Giants,Matthew Stafford,Matthew Stafford (LAR),Premier quart-temps - Total de yards à la passe du joueur Plus/Moins,31460,77054,1732856362,55.5|sa:player:nfl-323205|LAR|1,4501196026,Matthew Stafford (LAR) Plus de 55.5,Matthew Stafford (LAR) Plus de 55.5,55.5,1.8,0,False
16514244,LA Rams vs. NY Giants,Matthew Stafford,Matthew Stafford (LAR),Premier quart-temps - Total de yards à la passe du joueur Plus/Moins,31460,77054,1732856362,55.5|sa:player:nfl-323205|LAR|1,4501196027,Matthew Stafford (LAR) moins de 55.5,Matthew Stafford (LAR) moins de 55.5,55.5,1.8,0,False
16514244,LA Rams vs. NY Giants,Jaxson Dart,Jaxson Dart (NYG),Premier quart-temps - Total de yards à la passe du joueur Plus/Moins,31460,77054,1737206142,41.5|sa:player:nfl-1286260|NYG|1,4516457997,Jaxson Dart (NYG) Plus de 41.5,Jaxson Dart (NYG) Plus de 41.5,41.5,1.7693,0,False
16514244,LA Rams vs. NY Giants,Jaxson Dart,Jaxson Dart (NYG),Premier quart-temps - Total de yards à la passe du joueur Plus/Moins,31460,77054,1737206142,41.5|sa:player:nfl-1286260|NYG|1,4516457998,Jaxson Dart (NYG) moins de 41.5,Jaxson Dart (NYG) moins de 41.5,41.5,1.8334,0,False
16514244,LA Rams vs. NY Giants,Matthew Stafford,Matthew Stafford (LAR),Deuxième quart-temps - Total de yards à la passe du joueur Plus/Moins,31460,77054,1732856640,72.5|sa:player:nfl-323205|LAR|2,4501196734,Matthew Stafford (LAR) Plus de 72.5,Matthew Stafford (LAR) Plus de 72.5,72.5,1.8334,0,False
16514244,LA Rams vs. NY Giants,Matthew Stafford,Matthew Stafford (LAR),Deuxième quart-temps - Total de yards à la passe du joueur Plus/Moins,31460,77054,1732856640,72.5|sa:player:nfl-323205|LAR|2,4501196735,Matthew Stafford (LAR) moins de 72.5,Matthew Stafford (LAR) moins de 72.5,72.5,1.7693,0,False
16514244,LA Rams vs. NY Giants,Jaxson Dart,Jaxson Dart (NYG),Deuxième quart-temps - Total de yards à la passe du joueur Plus/Moins,31460,77054,1735851650,55.5|sa:player:nfl-1286260|NYG|2,4510917132,Jaxson Dart (NYG) Plus de 55.5,Jaxson Dart (NYG) Plus de 55.5,55.5,1.7693,0,False
16514244,LA Rams vs. NY Giants,Jaxson Dart,Jaxson Dart (NYG),Deuxième quart-temps - Total de yards à la passe du joueur Plus/Moins,31460,77054,1735851650,55.5|sa:player:nfl-1286260|NYG|2,4510917133,Jaxson Dart (NYG) moins de 55.5,Jaxson Dart (NYG) moins de 55.5,55.5,1.8334,0,False
16514244,LA Rams vs. NY Giants,Matthew Stafford,Matthew Stafford (LAR),Troisième quart-temps - Total de yards à la passe du joueur Plus/Moins,31460,77054,1732856364,56.5|sa:player:nfl-323205|LAR|3,4501196030,Matthew Stafford (LAR) Plus de 56.5,Matthew Stafford (LAR) Plus de 56.5,56.5,1.8334,0,False
16514244,LA Rams vs. NY Giants,Matthew Stafford,Matthew Stafford (LAR),Troisième quart-temps - Total de yards à la passe du joueur Plus/Moins,31460,77054,1732856364,56.5|sa:player:nfl-323205|LAR|3,4501196031,Matthew Stafford (LAR) moins de 56.5,Matthew Stafford (LAR) moins de 56.5,56.5,1.7693,0,False
16514244,LA Rams vs. NY Giants,Jaxson Dart,Jaxson Dart (NYG),Troisième quart-temps - Total de yards à la passe du joueur Plus/Moins,31460,77054,1737206143,42.5|sa:player:nfl-1286260|NYG|3,4516458000,Jaxson Dart (NYG) moins de 42.5,Jaxson Dart (NYG) moins de 42.5,42.5,1.8,0,False
16514244,LA Rams vs. NY Giants,Jaxson Dart,Jaxson Dart (NYG),Troisième quart-temps - Total de yards à la passe du joueur Plus/Moins,31460,77054,1737206143,42.5|sa:player:nfl-1286260|NYG|3,4516457999,Jaxson Dart (NYG) Plus de 42.5,Jaxson Dart (NYG) Plus de 42.5,42.5,1.8,0,False
16514244,LA Rams vs. NY Giants,Jaxson Dart,Jaxson Dart (NYG),Quatrième quart-temps - Total de yards à la passe du joueur Plus/Moins,31460,77054,1735852627,62.5|sa:player:nfl-1286260|NYG|4,4510919512,Jaxson Dart (NYG) moins de 62.5,Jaxson Dart (NYG) moins de 62.5,62.5,1.8334,0,False
16514244,LA Rams vs. NY Giants,Jaxson Dart,Jaxson Dart (NYG),Quatrième quart-temps - Total de yards à la passe du joueur Plus/Moins,31460,77054,1735852627,62.5|sa:player:nfl-1286260|NYG|4,4510919511,Jaxson Dart (NYG) Plus de 62.5,Jaxson Dart (NYG) Plus de 62.5,62.5,1.7693,0,False
16514244,LA Rams vs. NY Giants,Matthew Stafford,Matthew Stafford (LAR),Quatrième quart-temps - Total de yards à la passe du joueur Plus/Moins,31460,77054,1732874898,50.5|sa:player:nfl-323205|LAR|4,4501239061,Matthew Stafford (LAR) Plus de 50.5,Matthew Stafford (LAR) Plus de 50.5,50.5,1.7693,0,False
16514244,LA Rams vs. NY Giants,Matthew Stafford,Matthew Stafford (LAR),Quatrième quart-temps - Total de yards à la passe du joueur Plus/Moins,31460,77054,1732874898,50.5|sa:player:nfl-323205|LAR|4,4501239062,Matthew Stafford (LAR) moins de 50.5,Matthew Stafford (LAR) moins de 50.5,50.5,1.8334,0,False
16514244,LA Rams vs. NY Giants,Matthew Stafford,Matthew Stafford (LAR),Premier quart-temps - 	 Total de Touchdowns à la passe du joueur - Plus/Moins,31463,77057,1731690283,0.5|sa:player:nfl-323205|LAR|1,4497680211,Matthew Stafford (LAR) Plus de 0.5,Matthew Stafford (LAR) Plus de 0.5,0.5,2.4,0,False
16514244,LA Rams vs. NY Giants,Matthew Stafford,Matthew Stafford (LAR),Premier quart-temps - 	 Total de Touchdowns à la passe du joueur - Plus/Moins,31463,77057,1731690283,0.5|sa:player:nfl-323205|LAR|1,4497680212,Matthew Stafford (LAR) moins de 0.5,Matthew Stafford (LAR) moins de 0.5,0.5,1.4445,0,False
16514244,LA Rams vs. NY Giants,Jaxson Dart,Jaxson Dart (NYG),Premier quart-temps - 	 Total de Touchdowns à la passe du joueur - Plus/Moins,31463,77057,1731691397,0.5|sa:player:nfl-1286260|NYG|1,4497682162,Jaxson Dart (NYG) Plus de 0.5,Jaxson Dart (NYG) Plus de 0.5,0.5,3.75,0,False
16514244,LA Rams vs. NY Giants,Jaxson Dart,Jaxson Dart (NYG),Premier quart-temps - 	 Total de Touchdowns à la passe du joueur - Plus/Moins,31463,77057,1731691397,0.5|sa:player:nfl-1286260|NYG|1,4497682163,Jaxson Dart (NYG) moins de 0.5,Jaxson Dart (NYG) moins de 0.5,0.5,1.1819,0,False
16514244,LA Rams vs. NY Giants,Matthew Stafford,Matthew Stafford (LAR),Deuxième quart-temps - 	 Total de Touchdowns à la passe du joueur - Plus/Moins,31463,77057,1731690284,0.5|sa:player:nfl-323205|LAR|2,4497680213,Matthew Stafford (LAR) Plus de 0.5,Matthew Stafford (LAR) Plus de 0.5,0.5,1.8334,0,False
16514244,LA Rams vs. NY Giants,Matthew Stafford,Matthew Stafford (LAR),Deuxième quart-temps - 	 Total de Touchdowns à la passe du joueur - Plus/Moins,31463,77057,1731690284,0.5|sa:player:nfl-323205|LAR|2,4497680214,Matthew Stafford (LAR) moins de 0.5,Matthew Stafford (LAR) moins de 0.5,0.5,1.7693,0,False
16514244,LA Rams vs. NY Giants,Jaxson Dart,Jaxson Dart (NYG),Deuxième quart-temps - 	 Total de Touchdowns à la passe du joueur - Plus/Moins,31463,77057,1731691398,0.5|sa:player:nfl-1286260|NYG|2,4497682164,Jaxson Dart (NYG) Plus de 0.5,Jaxson Dart (NYG) Plus de 0.5,0.5,2.85,0,False
16514244,LA Rams vs. NY Giants,Jaxson Dart,Jaxson Dart (NYG),Deuxième quart-temps - 	 Total de Touchdowns à la passe du joueur - Plus/Moins,31463,77057,1731691398,0.5|sa:player:nfl-1286260|NYG|2,4497682165,Jaxson Dart (NYG) moins de 0.5,Jaxson Dart (NYG) moins de 0.5,0.5,1.3125,0,False
16514244,LA Rams vs. NY Giants,Matthew Stafford,Matthew Stafford (LAR),Troisième quart-temps - 	 Total de Touchdowns à la passe du joueur - Plus/Moins,31463,77057,1731690285,0.5|sa:player:nfl-323205|LAR|3,4497680216,Matthew Stafford (LAR) moins de 0.5,Matthew Stafford (LAR) moins de 0.5,0.5,1.4546,0,False
16514244,LA Rams vs. NY Giants,Matthew Stafford,Matthew Stafford (LAR),Troisième quart-temps - 	 Total de Touchdowns à la passe du joueur - Plus/Moins,31463,77057,1731690285,0.5|sa:player:nfl-323205|LAR|3,4497680215,Matthew Stafford (LAR) Plus de 0.5,Matthew Stafford (LAR) Plus de 0.5,0.5,2.35,0,False
16514244,LA Rams vs. NY Giants,Jaxson Dart,Jaxson Dart (NYG),Troisième quart-temps - 	 Total de Touchdowns à la passe du joueur - Plus/Moins,31463,77057,1731691399,0.5|sa:player:nfl-1286260|NYG|3,4497682166,Jaxson Dart (NYG) Plus de 0.5,Jaxson Dart (NYG) Plus de 0.5,0.5,3.6,0,False
16514244,LA Rams vs. NY Giants,Jaxson Dart,Jaxson Dart (NYG),Troisième quart-temps - 	 Total de Touchdowns à la passe du joueur - Plus/Moins,31463,77057,1731691399,0.5|sa:player:nfl-1286260|NYG|3,4497682167,Jaxson Dart (NYG) moins de 0.5,Jaxson Dart (NYG) moins de 0.5,0.5,1.2,0,False
16514244,LA Rams vs. NY Giants,Matthew Stafford,Matthew Stafford (LAR),Quatrième quart-temps - 	 Total de Touchdowns à la passe du joueur - Plus/Moins,31463,77057,1731690286,0.5|sa:player:nfl-323205|LAR|4,4497680217,Matthew Stafford (LAR) Plus de 0.5,Matthew Stafford (LAR) Plus de 0.5,0.5,2.2,0,False
16514244,LA Rams vs. NY Giants,Matthew Stafford,Matthew Stafford (LAR),Quatrième quart-temps - 	 Total de Touchdowns à la passe du joueur - Plus/Moins,31463,77057,1731690286,0.5|sa:player:nfl-323205|LAR|4,4497680218,Matthew Stafford (LAR) moins de 0.5,Matthew Stafford (LAR) moins de 0.5,0.5,1.5264,0,False
16514244,LA Rams vs. NY Giants,Jaxson Dart,Jaxson Dart (NYG),Quatrième quart-temps - 	 Total de Touchdowns à la passe du joueur - Plus/Moins,31463,77057,1731691400,0.5|sa:player:nfl-1286260|NYG|4,4497682168,Jaxson Dart (NYG) Plus de 0.5,Jaxson Dart (NYG) Plus de 0.5,0.5,2.55,0,False
16514244,LA Rams vs. NY Giants,Jaxson Dart,Jaxson Dart (NYG),Quatrième quart-temps - 	 Total de Touchdowns à la passe du joueur - Plus/Moins,31463,77057,1731691400,0.5|sa:player:nfl-1286260|NYG|4,4497682169,Jaxson Dart (NYG) moins de 0.5,Jaxson Dart (NYG) moins de 0.5,0.5,1.4,0,False
16514244,LA Rams vs. NY Giants,Matthew Stafford,Matthew Stafford (LAR),Premier quart-temps - Passes réussies du joueur - Plus/Moins,31493,77087,1734174866,5.5|sa:player:nfl-323205|LAR|1,4505416480,Matthew Stafford (LAR) moins de 5.5,Matthew Stafford (LAR) moins de 5.5,5.5,1.6061,0,False
16514244,LA Rams vs. NY Giants,Matthew Stafford,Matthew Stafford (LAR),Premier quart-temps - Passes réussies du joueur - Plus/Moins,31493,77087,1734174866,5.5|sa:player:nfl-323205|LAR|1,4505416479,Matthew Stafford (LAR) Plus de 5.5,Matthew Stafford (LAR) Plus de 5.5,5.5,2.05,0,False
16514244,LA Rams vs. NY Giants,Jaxson Dart,Jaxson Dart (NYG),Premier quart-temps - Passes réussies du joueur - Plus/Moins,31493,77087,1737215387,4.5|sa:player:nfl-1286260|NYG|1,4516480349,Jaxson Dart (NYG) Plus de 4.5,Jaxson Dart (NYG) Plus de 4.5,4.5,2.2,0,False
16514244,LA Rams vs. NY Giants,Jaxson Dart,Jaxson Dart (NYG),Premier quart-temps - Passes réussies du joueur - Plus/Moins,31493,77087,1737215387,4.5|sa:player:nfl-1286260|NYG|1,4516480350,Jaxson Dart (NYG) moins de 4.5,Jaxson Dart (NYG) moins de 4.5,4.5,1.5264,0,False
16514244,LA Rams vs. NY Giants,Matthew Stafford,Matthew Stafford (LAR),Premier quart-temps - Joueur Tentative de passe - Plus/Moins,31481,77075,1731690292,7.5|sa:player:nfl-323205|LAR|1,4497680229,Matthew Stafford (LAR) Plus de 7.5,Matthew Stafford (LAR) Plus de 7.5,7.5,1.8334,0,False
16514244,LA Rams vs. NY Giants,Matthew Stafford,Matthew Stafford (LAR),Premier quart-temps - Joueur Tentative de passe - Plus/Moins,31481,77075,1731690292,7.5|sa:player:nfl-323205|LAR|1,4497680230,Matthew Stafford (LAR) moins de 7.5,Matthew Stafford (LAR) moins de 7.5,7.5,1.7693,0,False
16514244,LA Rams vs. NY Giants,Jaxson Dart,Jaxson Dart (NYG),Premier quart-temps - Joueur Tentative de passe - Plus/Moins,31481,77075,1737206144,6.5|sa:player:nfl-1286260|NYG|1,4516458001,Jaxson Dart (NYG) Plus de 6.5,Jaxson Dart (NYG) Plus de 6.5,6.5,2.1,0,False
16514244,LA Rams vs. NY Giants,Jaxson Dart,Jaxson Dart (NYG),Premier quart-temps - Joueur Tentative de passe - Plus/Moins,31481,77075,1737206144,6.5|sa:player:nfl-1286260|NYG|1,4516458002,Jaxson Dart (NYG) moins de 6.5,Jaxson Dart (NYG) moins de 6.5,6.5,1.5715,0,False
16514244,LA Rams vs. NY Giants,Matthew Stafford,Matthew Stafford (LAR),Premier quart-temps - Interceptions du joueur Plus/Moins,31478,77072,1731690289,0.5|sa:player:nfl-323205|LAR|1,4497680224,Matthew Stafford (LAR) moins de 0.5,Matthew Stafford (LAR) moins de 0.5,0.5,1.0834,0,False
16514244,LA Rams vs. NY Giants,Matthew Stafford,Matthew Stafford (LAR),Premier quart-temps - Interceptions du joueur Plus/Moins,31478,77072,1731690289,0.5|sa:player:nfl-323205|LAR|1,4497680223,Matthew Stafford (LAR) Plus de 0.5,Matthew Stafford (LAR) Plus de 0.5,0.5,5.25,0,False
16514244,LA Rams vs. NY Giants,Jaxson Dart,Jaxson Dart (NYG),Premier quart-temps - Interceptions du joueur Plus/Moins,31478,77072,1731691403,0.5|sa:player:nfl-1286260|NYG|1,4497682174,Jaxson Dart (NYG) Plus de 0.5,Jaxson Dart (NYG) Plus de 0.5,0.5,5.75,0,False
16514244,LA Rams vs. NY Giants,Jaxson Dart,Jaxson Dart (NYG),Premier quart-temps - Interceptions du joueur Plus/Moins,31478,77072,1731691403,0.5|sa:player:nfl-1286260|NYG|1,4497682175,Jaxson Dart (NYG) moins de 0.5,Jaxson Dart (NYG) moins de 0.5,0.5,1.0715,0,False
16514244,LA Rams vs. NY Giants,Matthew Stafford,Matthew Stafford (LAR),Joueur total nombre de tentatives de passes(Matthew Stafford (LAR)) (prolongations incluses),2248,73698,1737468085,LAR|dst:player:269130,4517130631,33+,33+,LAR|dst:player:269130,1.9091,0,False
16514244,LA Rams vs. NY Giants,Matthew Stafford,Matthew Stafford (LAR),Joueur total nombre de tentatives de passes(Matthew Stafford (LAR)) (prolongations incluses),2248,73698,1737468085,LAR|dst:player:269130,4517130632,35+,35+,LAR|dst:player:269130,2.3,0,False
16514244,LA Rams vs. NY Giants,Matthew Stafford,Matthew Stafford (LAR),Joueur total nombre de tentatives de passes(Matthew Stafford (LAR)) (prolongations incluses),2248,73698,1737468085,LAR|dst:player:269130,4517130633,37+,37+,LAR|dst:player:269130,2.85,0,False
16514244,LA Rams vs. NY Giants,Matthew Stafford,Matthew Stafford (LAR),Joueur total nombre de tentatives de passes(Matthew Stafford (LAR)) (prolongations incluses),2248,73698,1737468085,LAR|dst:player:269130,4517130634,39+,39+,LAR|dst:player:269130,3.75,0,False
16514244,LA Rams vs. NY Giants,Matthew Stafford,Matthew Stafford (LAR),Joueur total nombre de tentatives de passes(Matthew Stafford (LAR)) (prolongations incluses),2248,73698,1737468085,LAR|dst:player:269130,4517130635,41+,41+,LAR|dst:player:269130,5.0,0,False
16514244,LA Rams vs. NY Giants,Matthew Stafford,Matthew Stafford (LAR),Joueur total nombre de tentatives de passes(Matthew Stafford (LAR)) (prolongations incluses),2248,73698,1737468085,LAR|dst:player:269130,4517130636,43+,43+,LAR|dst:player:269130,7.0,0,False
16514244,LA Rams vs. NY Giants,Matthew Stafford,Matthew Stafford (LAR),Joueur total nombre de tentatives de passes(Matthew Stafford (LAR)) (prolongations incluses),2248,73698,1737468085,LAR|dst:player:269130,4517130637,45+,45+,LAR|dst:player:269130,10.0,0,False
16514244,LA Rams vs. NY Giants,Matthew Stafford,Matthew Stafford (LAR),Joueur total nombre de tentatives de passes(Matthew Stafford (LAR)) (prolongations incluses),2248,73698,1737468085,LAR|dst:player:269130,4517130638,31+,31+,LAR|dst:player:269130,1.5264,0,False
16514244,LA Rams vs. NY Giants,Jaxson Dart,Jaxson Dart (NYG),Joueur total nombre de tentatives de passes(Jaxson Dart (NYG)) (prolongations incluses),2248,73698,1735303529,NYG|dst:player:489891,4510823170,31+,31+,NYG|dst:player:489891,1.8696,0,False
16514244,LA Rams vs. NY Giants,Jaxson Dart,Jaxson Dart (NYG),Joueur total nombre de tentatives de passes(Jaxson Dart (NYG)) (prolongations incluses),2248,73698,1735303529,NYG|dst:player:489891,4510823171,33+,33+,NYG|dst:player:489891,2.25,0,False
16514244,LA Rams vs. NY Giants,Jaxson Dart,Jaxson Dart (NYG),Joueur total nombre de tentatives de passes(Jaxson Dart (NYG)) (prolongations incluses),2248,73698,1735303529,NYG|dst:player:489891,4510823172,35+,35+,NYG|dst:player:489891,2.75,0,False
16514244,LA Rams vs. NY Giants,Jaxson Dart,Jaxson Dart (NYG),Joueur total nombre de tentatives de passes(Jaxson Dart (NYG)) (prolongations incluses),2248,73698,1735303529,NYG|dst:player:489891,4510823173,37+,37+,NYG|dst:player:489891,3.5,0,False
16514244,LA Rams vs. NY Giants,Jaxson Dart,Jaxson Dart (NYG),Joueur total nombre de tentatives de passes(Jaxson Dart (NYG)) (prolongations incluses),2248,73698,1735303529,NYG|dst:player:489891,4510823174,39+,39+,NYG|dst:player:489891,4.5,0,False
16514244,LA Rams vs. NY Giants,Jaxson Dart,Jaxson Dart (NYG),Joueur total nombre de tentatives de passes(Jaxson Dart (NYG)) (prolongations incluses),2248,73698,1735303529,NYG|dst:player:489891,4510823175,41+,41+,NYG|dst:player:489891,6.25,0,False
16514244,LA Rams vs. NY Giants,Jaxson Dart,Jaxson Dart (NYG),Joueur total nombre de tentatives de passes(Jaxson Dart (NYG)) (prolongations incluses),2248,73698,1735303529,NYG|dst:player:489891,4510823176,43+,43+,NYG|dst:player:489891,8.5,0,False
16514244,LA Rams vs. NY Giants,Jaxson Dart,Jaxson Dart (NYG),Joueur total nombre de tentatives de passes(Jaxson Dart (NYG)) (prolongations incluses),2248,73698,1735303529,NYG|dst:player:489891,4510823177,29+,29+,NYG|dst:player:489891,1.5264,0,False
16514244,LA Rams vs. NY Giants,Malik Nabers,Malik Nabers (NYG),Joueur total de réception (Malik Nabers (NYG)) (incl. OT),2142,72897,1735304908,NYG|dst:player:430013,4509461995,6+,6+,NYG|dst:player:430013,1.9091,0,False
16514244,LA Rams vs. NY Giants,Malik Nabers,Malik Nabers (NYG),Joueur total de réception (Malik Nabers (NYG)) (incl. OT),2142,72897,1735304908,NYG|dst:player:430013,4509461996,7+,7+,NYG|dst:player:430013,2.55,0,False
16514244,LA Rams vs. NY Giants,Malik Nabers,Malik Nabers (NYG),Joueur total de réception (Malik Nabers (NYG)) (incl. OT),2142,72897,1735304908,NYG|dst:player:430013,4509461997,8+,8+,NYG|dst:player:430013,3.75,0,False
16514244,LA Rams vs. NY Giants,Malik Nabers,Malik Nabers (NYG),Joueur total de réception (Malik Nabers (NYG)) (incl. OT),2142,72897,1735304908,NYG|dst:player:430013,4509461998,9+,9+,NYG|dst:player:430013,5.75,0,False
16514244,LA Rams vs. NY Giants,Malik Nabers,Malik Nabers (NYG),Joueur total de réception (Malik Nabers (NYG)) (incl. OT),2142,72897,1735304908,NYG|dst:player:430013,4509461999,10+,10+,NYG|dst:player:430013,10.0,0,False
16514244,LA Rams vs. NY Giants,Malik Nabers,Malik Nabers (NYG),Joueur total de réception (Malik Nabers (NYG)) (incl. OT),2142,72897,1735304908,NYG|dst:player:430013,4509462000,11+,11+,NYG|dst:player:430013,17.0,0,False
16514244,LA Rams vs. NY Giants,Malik Nabers,Malik Nabers (NYG),Joueur total de réception (Malik Nabers (NYG)) (incl. OT),2142,72897,1735304908,NYG|dst:player:430013,4509462001,5+,5+,NYG|dst:player:430013,1.3334,0,False
16514244,LA Rams vs. NY Giants,Isaiah Likely,Isaiah Likely (NYG),Joueur total de réception (Isaiah Likely (NYG)) (incl. OT),2142,72897,1735304909,NYG|dst:player:540760,4509462002,5+,5+,NYG|dst:player:540760,2.0,0,False
16514244,LA Rams vs. NY Giants,Isaiah Likely,Isaiah Likely (NYG),Joueur total de réception (Isaiah Likely (NYG)) (incl. OT),2142,72897,1735304909,NYG|dst:player:540760,4509462003,6+,6+,NYG|dst:player:540760,2.8,0,False
16514244,LA Rams vs. NY Giants,Isaiah Likely,Isaiah Likely (NYG),Joueur total de réception (Isaiah Likely (NYG)) (incl. OT),2142,72897,1735304909,NYG|dst:player:540760,4509462004,7+,7+,NYG|dst:player:540760,4.3,0,False
16514244,LA Rams vs. NY Giants,Isaiah Likely,Isaiah Likely (NYG),Joueur total de réception (Isaiah Likely (NYG)) (incl. OT),2142,72897,1735304909,NYG|dst:player:540760,4509462005,8+,8+,NYG|dst:player:540760,7.25,0,False
16514244,LA Rams vs. NY Giants,Isaiah Likely,Isaiah Likely (NYG),Joueur total de réception (Isaiah Likely (NYG)) (incl. OT),2142,72897,1735304909,NYG|dst:player:540760,4509462006,9+,9+,NYG|dst:player:540760,13.0,0,False
16514244,LA Rams vs. NY Giants,Isaiah Likely,Isaiah Likely (NYG),Joueur total de réception (Isaiah Likely (NYG)) (incl. OT),2142,72897,1735304909,NYG|dst:player:540760,4509462007,10+,10+,NYG|dst:player:540760,26.0,0,False
16514244,LA Rams vs. NY Giants,Isaiah Likely,Isaiah Likely (NYG),Joueur total de réception (Isaiah Likely (NYG)) (incl. OT),2142,72897,1735304909,NYG|dst:player:540760,4509462008,4+,4+,NYG|dst:player:540760,1.3334,0,False
16514244,LA Rams vs. NY Giants,Kyren Williams,Kyren Williams (LAR),Joueur total de réception (Kyren Williams (LAR)) (incl. OT),2142,72897,1739636044,LAR|dst:player:309275,4530643660,8+,8+,LAR|dst:player:309275,41.0,0,False
16514244,LA Rams vs. NY Giants,Kyren Williams,Kyren Williams (LAR),Joueur total de réception (Kyren Williams (LAR)) (incl. OT),2142,72897,1739636044,LAR|dst:player:309275,4525384660,3+,3+,LAR|dst:player:309275,2.2,0,False
16514244,LA Rams vs. NY Giants,Kyren Williams,Kyren Williams (LAR),Joueur total de réception (Kyren Williams (LAR)) (incl. OT),2142,72897,1739636044,LAR|dst:player:309275,4525384661,4+,4+,LAR|dst:player:309275,3.2,0,False
16514244,LA Rams vs. NY Giants,Kyren Williams,Kyren Williams (LAR),Joueur total de réception (Kyren Williams (LAR)) (incl. OT),2142,72897,1739636044,LAR|dst:player:309275,4525384662,5+,5+,LAR|dst:player:309275,5.5,0,False
16514244,LA Rams vs. NY Giants,Kyren Williams,Kyren Williams (LAR),Joueur total de réception (Kyren Williams (LAR)) (incl. OT),2142,72897,1739636044,LAR|dst:player:309275,4525384663,6+,6+,LAR|dst:player:309275,10.0,0,False
16514244,LA Rams vs. NY Giants,Kyren Williams,Kyren Williams (LAR),Joueur total de réception (Kyren Williams (LAR)) (incl. OT),2142,72897,1739636044,LAR|dst:player:309275,4525384664,7+,7+,LAR|dst:player:309275,21.0,0,False
16514244,LA Rams vs. NY Giants,Kyren Williams,Kyren Williams (LAR),Joueur total de réception (Kyren Williams (LAR)) (incl. OT),2142,72897,1739636044,LAR|dst:player:309275,4525384665,2+,2+,LAR|dst:player:309275,1.3449,0,False
16514244,LA Rams vs. NY Giants,Malachi Fields,Malachi Fields (NYG),Joueur total de réception (Malachi Fields (NYG)) (incl. OT),2142,72897,1739636365,NYG|dst:player:546489,4525385474,3+,3+,NYG|dst:player:546489,2.15,0,False
16514244,LA Rams vs. NY Giants,Malachi Fields,Malachi Fields (NYG),Joueur total de réception (Malachi Fields (NYG)) (incl. OT),2142,72897,1739636365,NYG|dst:player:546489,4525385475,4+,4+,NYG|dst:player:546489,3.3,0,False
16514244,LA Rams vs. NY Giants,Malachi Fields,Malachi Fields (NYG),Joueur total de réception (Malachi Fields (NYG)) (incl. OT),2142,72897,1739636365,NYG|dst:player:546489,4525385476,5+,5+,NYG|dst:player:546489,5.75,0,False
16514244,LA Rams vs. NY Giants,Malachi Fields,Malachi Fields (NYG),Joueur total de réception (Malachi Fields (NYG)) (incl. OT),2142,72897,1739636365,NYG|dst:player:546489,4525385477,6+,6+,NYG|dst:player:546489,12.0,0,False
16514244,LA Rams vs. NY Giants,Malachi Fields,Malachi Fields (NYG),Joueur total de réception (Malachi Fields (NYG)) (incl. OT),2142,72897,1739636365,NYG|dst:player:546489,4525385478,7+,7+,NYG|dst:player:546489,26.0,0,False
16514244,LA Rams vs. NY Giants,Malachi Fields,Malachi Fields (NYG),Joueur total de réception (Malachi Fields (NYG)) (incl. OT),2142,72897,1739636365,NYG|dst:player:546489,4525385479,2+,2+,NYG|dst:player:546489,1.3572,0,False
16514244,LA Rams vs. NY Giants,Davante Adams,Davante Adams (LAR),Joueur total de réception (Davante Adams (LAR)) (incl. OT),2142,72897,1735304911,LAR|dst:player:476257,4509462017,5+,5+,LAR|dst:player:476257,1.3847,0,False
16514244,LA Rams vs. NY Giants,Davante Adams,Davante Adams (LAR),Joueur total de réception (Davante Adams (LAR)) (incl. OT),2142,72897,1735304911,LAR|dst:player:476257,4509462018,6+,6+,LAR|dst:player:476257,2.05,0,False
16514244,LA Rams vs. NY Giants,Davante Adams,Davante Adams (LAR),Joueur total de réception (Davante Adams (LAR)) (incl. OT),2142,72897,1735304911,LAR|dst:player:476257,4509462019,7+,7+,LAR|dst:player:476257,2.85,0,False
16514244,LA Rams vs. NY Giants,Davante Adams,Davante Adams (LAR),Joueur total de réception (Davante Adams (LAR)) (incl. OT),2142,72897,1735304911,LAR|dst:player:476257,4509462020,8+,8+,LAR|dst:player:476257,4.5,0,False
16514244,LA Rams vs. NY Giants,Davante Adams,Davante Adams (LAR),Joueur total de réception (Davante Adams (LAR)) (incl. OT),2142,72897,1735304911,LAR|dst:player:476257,4509462021,9+,9+,LAR|dst:player:476257,7.5,0,False
16514244,LA Rams vs. NY Giants,Davante Adams,Davante Adams (LAR),Joueur total de réception (Davante Adams (LAR)) (incl. OT),2142,72897,1735304911,LAR|dst:player:476257,4530643175,10+,10+,LAR|dst:player:476257,14.0,0,False
16514244,LA Rams vs. NY Giants,Davante Adams,Davante Adams (LAR),Joueur total de réception (Davante Adams (LAR)) (incl. OT),2142,72897,1735304911,LAR|dst:player:476257,4534248495,11+,11+,LAR|dst:player:476257,26.0,0,False
16514244,LA Rams vs. NY Giants,Colby Parkinson,Colby Parkinson (LAR),Joueur total de réception (Colby Parkinson (LAR)) (incl. OT),2142,72897,1742757304,LAR|dst:player:409903,4534252753,3+,3+,LAR|dst:player:409903,1.4762,0,False
16514244,LA Rams vs. NY Giants,Colby Parkinson,Colby Parkinson (LAR),Joueur total de réception (Colby Parkinson (LAR)) (incl. OT),2142,72897,1742757304,LAR|dst:player:409903,4534252754,4+,4+,LAR|dst:player:409903,2.3,0,False
16514244,LA Rams vs. NY Giants,Colby Parkinson,Colby Parkinson (LAR),Joueur total de réception (Colby Parkinson (LAR)) (incl. OT),2142,72897,1742757304,LAR|dst:player:409903,4534252755,5+,5+,LAR|dst:player:409903,3.3,0,False
16514244,LA Rams vs. NY Giants,Colby Parkinson,Colby Parkinson (LAR),Joueur total de réception (Colby Parkinson (LAR)) (incl. OT),2142,72897,1742757304,LAR|dst:player:409903,4534252756,6+,6+,LAR|dst:player:409903,5.5,0,False
16514244,LA Rams vs. NY Giants,Colby Parkinson,Colby Parkinson (LAR),Joueur total de réception (Colby Parkinson (LAR)) (incl. OT),2142,72897,1742757304,LAR|dst:player:409903,4534252757,7+,7+,LAR|dst:player:409903,10.0,0,False
16514244,LA Rams vs. NY Giants,Colby Parkinson,Colby Parkinson (LAR),Joueur total de réception (Colby Parkinson (LAR)) (incl. OT),2142,72897,1742757304,LAR|dst:player:409903,4534252758,8+,8+,LAR|dst:player:409903,19.0,0,False
16514244,LA Rams vs. NY Giants,Colby Parkinson,Colby Parkinson (LAR),Joueur total de réception (Colby Parkinson (LAR)) (incl. OT),2142,72897,1742757304,LAR|dst:player:409903,4535254684,9+,9+,LAR|dst:player:409903,36.0,0,False
16514244,LA Rams vs. NY Giants,Cameron Skattebo,Cameron Skattebo (NYG),Joueur total de réception (Cameron Skattebo (NYG)) (incl. OT),2142,72897,1739635843,NYG|dst:player:492573,4525384160,7+,7+,NYG|dst:player:492573,19.0,0,False
16514244,LA Rams vs. NY Giants,Cameron Skattebo,Cameron Skattebo (NYG),Joueur total de réception (Cameron Skattebo (NYG)) (incl. OT),2142,72897,1739635843,NYG|dst:player:492573,4525384155,2+,2+,NYG|dst:player:492573,1.6471,0,False
16514244,LA Rams vs. NY Giants,Cameron Skattebo,Cameron Skattebo (NYG),Joueur total de réception (Cameron Skattebo (NYG)) (incl. OT),2142,72897,1739635843,NYG|dst:player:492573,4525384156,3+,3+,NYG|dst:player:492573,2.3,0,False
16514244,LA Rams vs. NY Giants,Cameron Skattebo,Cameron Skattebo (NYG),Joueur total de réception (Cameron Skattebo (NYG)) (incl. OT),2142,72897,1739635843,NYG|dst:player:492573,4525384157,4+,4+,NYG|dst:player:492573,3.5,0,False
16514244,LA Rams vs. NY Giants,Cameron Skattebo,Cameron Skattebo (NYG),Joueur total de réception (Cameron Skattebo (NYG)) (incl. OT),2142,72897,1739635843,NYG|dst:player:492573,4525384158,5+,5+,NYG|dst:player:492573,5.5,0,False
16514244,LA Rams vs. NY Giants,Cameron Skattebo,Cameron Skattebo (NYG),Joueur total de réception (Cameron Skattebo (NYG)) (incl. OT),2142,72897,1739635843,NYG|dst:player:492573,4525384159,6+,6+,NYG|dst:player:492573,10.0,0,False
16514244,LA Rams vs. NY Giants,Jaxson Dart,Jaxson Dart (NYG),Joueur total de courses (Jaxson Dart (NYG)) (prolongations incluses),2133,72890,1735300278,NYG|dst:player:489891,4509448608,11+,11+,NYG|dst:player:489891,5.5,0,False
16514244,LA Rams vs. NY Giants,Jaxson Dart,Jaxson Dart (NYG),Joueur total de courses (Jaxson Dart (NYG)) (prolongations incluses),2133,72890,1735300278,NYG|dst:player:489891,4509448609,12+,12+,NYG|dst:player:489891,7.75,0,False
16514244,LA Rams vs. NY Giants,Jaxson Dart,Jaxson Dart (NYG),Joueur total de courses (Jaxson Dart (NYG)) (prolongations incluses),2133,72890,1735300278,NYG|dst:player:489891,4509448610,13+,13+,NYG|dst:player:489891,11.0,0,False
16514244,LA Rams vs. NY Giants,Jaxson Dart,Jaxson Dart (NYG),Joueur total de courses (Jaxson Dart (NYG)) (prolongations incluses),2133,72890,1735300278,NYG|dst:player:489891,4509448611,14+,14+,NYG|dst:player:489891,17.0,0,False
16514244,LA Rams vs. NY Giants,Jaxson Dart,Jaxson Dart (NYG),Joueur total de courses (Jaxson Dart (NYG)) (prolongations incluses),2133,72890,1735300278,NYG|dst:player:489891,4509448612,5+,5+,NYG|dst:player:489891,1.3125,0,False
16514244,LA Rams vs. NY Giants,Jaxson Dart,Jaxson Dart (NYG),Joueur total de courses (Jaxson Dart (NYG)) (prolongations incluses),2133,72890,1735300278,NYG|dst:player:489891,4517456947,15+,15+,NYG|dst:player:489891,26.0,0,False
16514244,LA Rams vs. NY Giants,Jaxson Dart,Jaxson Dart (NYG),Joueur total de courses (Jaxson Dart (NYG)) (prolongations incluses),2133,72890,1735300278,NYG|dst:player:489891,4509448603,6+,6+,NYG|dst:player:489891,1.5883,0,False
16514244,LA Rams vs. NY Giants,Jaxson Dart,Jaxson Dart (NYG),Joueur total de courses (Jaxson Dart (NYG)) (prolongations incluses),2133,72890,1735300278,NYG|dst:player:489891,4509448604,7+,7+,NYG|dst:player:489891,2.0,0,False
16514244,LA Rams vs. NY Giants,Jaxson Dart,Jaxson Dart (NYG),Joueur total de courses (Jaxson Dart (NYG)) (prolongations incluses),2133,72890,1735300278,NYG|dst:player:489891,4509448605,8+,8+,NYG|dst:player:489891,2.4,0,False
16514244,LA Rams vs. NY Giants,Jaxson Dart,Jaxson Dart (NYG),Joueur total de courses (Jaxson Dart (NYG)) (prolongations incluses),2133,72890,1735300278,NYG|dst:player:489891,4509448606,9+,9+,NYG|dst:player:489891,3.1,0,False
16514244,LA Rams vs. NY Giants,Jaxson Dart,Jaxson Dart (NYG),Joueur total de courses (Jaxson Dart (NYG)) (prolongations incluses),2133,72890,1735300278,NYG|dst:player:489891,4509448607,10+,10+,NYG|dst:player:489891,4.0,0,False
16514244,LA Rams vs. NY Giants,Kyren Williams,Kyren Williams (LAR),Joueur total de courses (Kyren Williams (LAR)) (prolongations incluses),2133,72890,1739636045,LAR|dst:player:309275,4525384672,20+,20+,LAR|dst:player:309275,4.75,0,False
16514244,LA Rams vs. NY Giants,Kyren Williams,Kyren Williams (LAR),Joueur total de courses (Kyren Williams (LAR)) (prolongations incluses),2133,72890,1739636045,LAR|dst:player:309275,4525384673,21+,21+,LAR|dst:player:309275,5.75,0,False
16514244,LA Rams vs. NY Giants,Kyren Williams,Kyren Williams (LAR),Joueur total de courses (Kyren Williams (LAR)) (prolongations incluses),2133,72890,1739636045,LAR|dst:player:309275,4525384674,22+,22+,LAR|dst:player:309275,7.25,0,False
16514244,LA Rams vs. NY Giants,Kyren Williams,Kyren Williams (LAR),Joueur total de courses (Kyren Williams (LAR)) (prolongations incluses),2133,72890,1739636045,LAR|dst:player:309275,4525384675,13+,13+,LAR|dst:player:309275,1.5264,0,False
16514244,LA Rams vs. NY Giants,Kyren Williams,Kyren Williams (LAR),Joueur total de courses (Kyren Williams (LAR)) (prolongations incluses),2133,72890,1739636045,LAR|dst:player:309275,4525384676,12+,12+,LAR|dst:player:309275,1.3572,0,False
16514244,LA Rams vs. NY Giants,Kyren Williams,Kyren Williams (LAR),Joueur total de courses (Kyren Williams (LAR)) (prolongations incluses),2133,72890,1739636045,LAR|dst:player:309275,4525384666,14+,14+,LAR|dst:player:309275,1.8,0,False
16514244,LA Rams vs. NY Giants,Kyren Williams,Kyren Williams (LAR),Joueur total de courses (Kyren Williams (LAR)) (prolongations incluses),2133,72890,1739636045,LAR|dst:player:309275,4525384667,15+,15+,LAR|dst:player:309275,2.05,0,False
16514244,LA Rams vs. NY Giants,Kyren Williams,Kyren Williams (LAR),Joueur total de courses (Kyren Williams (LAR)) (prolongations incluses),2133,72890,1739636045,LAR|dst:player:309275,4525384668,16+,16+,LAR|dst:player:309275,2.35,0,False
16514244,LA Rams vs. NY Giants,Kyren Williams,Kyren Williams (LAR),Joueur total de courses (Kyren Williams (LAR)) (prolongations incluses),2133,72890,1739636045,LAR|dst:player:309275,4525384669,17+,17+,LAR|dst:player:309275,2.7,0,False
16514244,LA Rams vs. NY Giants,Kyren Williams,Kyren Williams (LAR),Joueur total de courses (Kyren Williams (LAR)) (prolongations incluses),2133,72890,1739636045,LAR|dst:player:309275,4525384670,18+,18+,LAR|dst:player:309275,3.2,0,False
16514244,LA Rams vs. NY Giants,Kyren Williams,Kyren Williams (LAR),Joueur total de courses (Kyren Williams (LAR)) (prolongations incluses),2133,72890,1739636045,LAR|dst:player:309275,4525384671,19+,19+,LAR|dst:player:309275,3.85,0,False
16514244,LA Rams vs. NY Giants,Blake Corum,Blake Corum (LAR),Joueur total de courses (Blake Corum (LAR)) (prolongations incluses),2133,72890,1737468330,LAR|dst:player:430261,4517131219,11+,11+,LAR|dst:player:430261,1.8,0,False
16514244,LA Rams vs. NY Giants,Blake Corum,Blake Corum (LAR),Joueur total de courses (Blake Corum (LAR)) (prolongations incluses),2133,72890,1737468330,LAR|dst:player:430261,4517131220,12+,12+,LAR|dst:player:430261,2.05,0,False
16514244,LA Rams vs. NY Giants,Blake Corum,Blake Corum (LAR),Joueur total de courses (Blake Corum (LAR)) (prolongations incluses),2133,72890,1737468330,LAR|dst:player:430261,4517131221,13+,13+,LAR|dst:player:430261,2.35,0,False
16514244,LA Rams vs. NY Giants,Blake Corum,Blake Corum (LAR),Joueur total de courses (Blake Corum (LAR)) (prolongations incluses),2133,72890,1737468330,LAR|dst:player:430261,4517131222,14+,14+,LAR|dst:player:430261,2.7,0,False
16514244,LA Rams vs. NY Giants,Blake Corum,Blake Corum (LAR),Joueur total de courses (Blake Corum (LAR)) (prolongations incluses),2133,72890,1737468330,LAR|dst:player:430261,4517131223,15+,15+,LAR|dst:player:430261,3.2,0,False
16514244,LA Rams vs. NY Giants,Blake Corum,Blake Corum (LAR),Joueur total de courses (Blake Corum (LAR)) (prolongations incluses),2133,72890,1737468330,LAR|dst:player:430261,4517131224,16+,16+,LAR|dst:player:430261,3.85,0,False
16514244,LA Rams vs. NY Giants,Blake Corum,Blake Corum (LAR),Joueur total de courses (Blake Corum (LAR)) (prolongations incluses),2133,72890,1737468330,LAR|dst:player:430261,4517131225,17+,17+,LAR|dst:player:430261,4.75,0,False
16514244,LA Rams vs. NY Giants,Blake Corum,Blake Corum (LAR),Joueur total de courses (Blake Corum (LAR)) (prolongations incluses),2133,72890,1737468330,LAR|dst:player:430261,4517131226,18+,18+,LAR|dst:player:430261,6.0,0,False
16514244,LA Rams vs. NY Giants,Blake Corum,Blake Corum (LAR),Joueur total de courses (Blake Corum (LAR)) (prolongations incluses),2133,72890,1737468330,LAR|dst:player:430261,4517131227,19+,19+,LAR|dst:player:430261,7.5,0,False
16514244,LA Rams vs. NY Giants,Blake Corum,Blake Corum (LAR),Joueur total de courses (Blake Corum (LAR)) (prolongations incluses),2133,72890,1737468330,LAR|dst:player:430261,4517131228,10+,10+,LAR|dst:player:430261,1.5264,0,False
16514244,LA Rams vs. NY Giants,Blake Corum,Blake Corum (LAR),Joueur total de courses (Blake Corum (LAR)) (prolongations incluses),2133,72890,1737468330,LAR|dst:player:430261,4517131229,9+,9+,LAR|dst:player:430261,1.3572,0,False
16514244,LA Rams vs. NY Giants,Cameron Skattebo,Cameron Skattebo (NYG),Joueur total de courses (Cameron Skattebo (NYG)) (prolongations incluses),2133,72890,1735300279,NYG|dst:player:492573,4509448614,13+,13+,NYG|dst:player:492573,1.6897,0,False
16514244,LA Rams vs. NY Giants,Cameron Skattebo,Cameron Skattebo (NYG),Joueur total de courses (Cameron Skattebo (NYG)) (prolongations incluses),2133,72890,1735300279,NYG|dst:player:492573,4509448615,14+,14+,NYG|dst:player:492573,1.9524,0,False
16514244,LA Rams vs. NY Giants,Cameron Skattebo,Cameron Skattebo (NYG),Joueur total de courses (Cameron Skattebo (NYG)) (prolongations incluses),2133,72890,1735300279,NYG|dst:player:492573,4509448616,15+,15+,NYG|dst:player:492573,2.2,0,False
16514244,LA Rams vs. NY Giants,Cameron Skattebo,Cameron Skattebo (NYG),Joueur total de courses (Cameron Skattebo (NYG)) (prolongations incluses),2133,72890,1735300279,NYG|dst:player:492573,4509448617,16+,16+,NYG|dst:player:492573,2.55,0,False
16514244,LA Rams vs. NY Giants,Cameron Skattebo,Cameron Skattebo (NYG),Joueur total de courses (Cameron Skattebo (NYG)) (prolongations incluses),2133,72890,1735300279,NYG|dst:player:492573,4509448618,17+,17+,NYG|dst:player:492573,3.0,0,False
16514244,LA Rams vs. NY Giants,Cameron Skattebo,Cameron Skattebo (NYG),Joueur total de courses (Cameron Skattebo (NYG)) (prolongations incluses),2133,72890,1735300279,NYG|dst:player:492573,4509448619,18+,18+,NYG|dst:player:492573,3.6,0,False
16514244,LA Rams vs. NY Giants,Cameron Skattebo,Cameron Skattebo (NYG),Joueur total de courses (Cameron Skattebo (NYG)) (prolongations incluses),2133,72890,1735300279,NYG|dst:player:492573,4509448620,19+,19+,NYG|dst:player:492573,4.3,0,False
16514244,LA Rams vs. NY Giants,Cameron Skattebo,Cameron Skattebo (NYG),Joueur total de courses (Cameron Skattebo (NYG)) (prolongations incluses),2133,72890,1735300279,NYG|dst:player:492573,4509448621,20+,20+,NYG|dst:player:492573,5.25,0,False
16514244,LA Rams vs. NY Giants,Cameron Skattebo,Cameron Skattebo (NYG),Joueur total de courses (Cameron Skattebo (NYG)) (prolongations incluses),2133,72890,1735300279,NYG|dst:player:492573,4509448622,21+,21+,NYG|dst:player:492573,6.5,0,False
16514244,LA Rams vs. NY Giants,Cameron Skattebo,Cameron Skattebo (NYG),Joueur total de courses (Cameron Skattebo (NYG)) (prolongations incluses),2133,72890,1735300279,NYG|dst:player:492573,4509448623,12+,12+,NYG|dst:player:492573,1.4546,0,False
16514244,LA Rams vs. NY Giants,Cameron Skattebo,Cameron Skattebo (NYG),Joueur total de courses (Cameron Skattebo (NYG)) (prolongations incluses),2133,72890,1735300279,NYG|dst:player:492573,4535947734,22+,22+,NYG|dst:player:492573,8.5,0,False
16514244,LA Rams vs. NY Giants,Aaron Donald,Aaron Donald (LAR),Player total sacks (Aaron Donald (LAR)) (incl. OT),2250,73700,1741295153,LAR|dst:player:124742,4530157416,2+,2+,LAR|dst:player:124742,8.0,0,False
16514244,LA Rams vs. NY Giants,Aaron Donald,Aaron Donald (LAR),Player total sacks (Aaron Donald (LAR)) (incl. OT),2250,73700,1741295153,LAR|dst:player:124742,4530157415,1+,1+,LAR|dst:player:124742,3.0,0,False
16514244,LA Rams vs. NY Giants,Quentin Lake,Quentin Lake (LAR),Player total interceptions (Quentin Lake (LAR)) (incl. OT),2251,73701,1741579296,LAR|dst:player:353579,4530907808,2+,2+,LAR|dst:player:353579,20.0,0,False
16514244,LA Rams vs. NY Giants,Quentin Lake,Quentin Lake (LAR),Player total interceptions (Quentin Lake (LAR)) (incl. OT),2251,73701,1741579296,LAR|dst:player:353579,4530907807,1+,1+,LAR|dst:player:353579,10.0,0,False
16514244,LA Rams vs. NY Giants,Kamren Curl,Kamren Curl (LAR),Player total interceptions (Kamren Curl (LAR)) (incl. OT),2251,73701,1741579207,LAR|dst:player:410345,4530907573,1+,1+,LAR|dst:player:410345,10.0,0,False
16514244,LA Rams vs. NY Giants,Kamren Curl,Kamren Curl (LAR),Player total interceptions (Kamren Curl (LAR)) (incl. OT),2251,73701,1741579207,LAR|dst:player:410345,4530907574,2+,2+,LAR|dst:player:410345,20.0,0,False
16514244,LA Rams vs. NY Giants,Jevon Holland,Jevon Holland (NYG),Player total interceptions (Jevon Holland (NYG)) (incl. OT),2251,73701,1741579299,NYG|dst:player:476387,4530907813,1+,1+,NYG|dst:player:476387,10.0,0,False
16514244,LA Rams vs. NY Giants,Jevon Holland,Jevon Holland (NYG),Player total interceptions (Jevon Holland (NYG)) (incl. OT),2251,73701,1741579299,NYG|dst:player:476387,4530907814,2+,2+,NYG|dst:player:476387,20.0,0,False
16514244,LA Rams vs. NY Giants,Trent McDuffie,Trent McDuffie (LAR),Player total interceptions (Trent McDuffie (LAR)) (incl. OT),2251,73701,1741579297,LAR|dst:player:540395,4530907809,1+,1+,LAR|dst:player:540395,11.0,0,False
16514244,LA Rams vs. NY Giants,Trent McDuffie,Trent McDuffie (LAR),Player total interceptions (Trent McDuffie (LAR)) (incl. OT),2251,73701,1741579297,LAR|dst:player:540395,4530907810,2+,2+,LAR|dst:player:540395,20.0,0,False
16514244,LA Rams vs. NY Giants,Greg Newsome II,Greg Newsome II (NYG),Player total interceptions (Greg Newsome II (NYG)) (incl. OT),2251,73701,1741579208,NYG|dst:player:540854,4530907576,2+,2+,NYG|dst:player:540854,20.0,0,False
16514244,LA Rams vs. NY Giants,Greg Newsome II,Greg Newsome II (NYG),Player total interceptions (Greg Newsome II (NYG)) (incl. OT),2251,73701,1741579208,NYG|dst:player:540854,4530907575,1+,1+,NYG|dst:player:540854,11.0,0,False
16514244,LA Rams vs. NY Giants,Tremaine Edmunds,Tremaine Edmunds (NYG),Player total interceptions (Tremaine Edmunds (NYG)) (incl. OT),2251,73701,1741579298,NYG|dst:player:540759,4530907811,1+,1+,NYG|dst:player:540759,12.0,0,False
16514244,LA Rams vs. NY Giants,Tremaine Edmunds,Tremaine Edmunds (NYG),Player total interceptions (Tremaine Edmunds (NYG)) (incl. OT),2251,73701,1741579298,NYG|dst:player:540759,4530907812,2+,2+,NYG|dst:player:540759,20.0,0,False
16551680,GB Packers	 vs. ATL Falcons,Jordan Love,Jordan Love (GB),Total de yards à la passe du joueur Plus/Moins(Incl. Prolongations),759,71922,1743406173,237.5|sa:player:nfl-912137|GB,4535989717,Jordan Love (GB) Plus de 237.5,Jordan Love (GB) Plus de 237.5,237.5,1.8,0,False
16551680,GB Packers	 vs. ATL Falcons,Jordan Love,Jordan Love (GB),Total de yards à la passe du joueur Plus/Moins(Incl. Prolongations),759,71922,1743406173,237.5|sa:player:nfl-912137|GB,4535989718,Jordan Love (GB) moins de 237.5,Jordan Love (GB) moins de 237.5,237.5,1.8334,0,False
16551680,GB Packers	 vs. ATL Falcons,Michael Penix,Michael Penix (ATL),Total de yards à la passe du joueur Plus/Moins(Incl. Prolongations),759,71922,1743409789,199.5|sa:player:nfl-1107478|ATL,4535998084,Michael Penix (ATL) Plus de 199.5,Michael Penix (ATL) Plus de 199.5,199.5,1.8334,0,False
16551680,GB Packers	 vs. ATL Falcons,Michael Penix,Michael Penix (ATL),Total de yards à la passe du joueur Plus/Moins(Incl. Prolongations),759,71922,1743409789,199.5|sa:player:nfl-1107478|ATL,4535998085,Michael Penix (ATL) moins de 199.5,Michael Penix (ATL) moins de 199.5,199.5,1.8,0,False
16551680,GB Packers	 vs. ATL Falcons,Bijan Robinson,Bijan Robinson (ATL),Total de yards à la course du joueur Plus/Moins (Incl. Prolongations),764,71924,1743411284,77.5|sa:player:nfl-1228244|ATL,4536002402,Bijan Robinson (ATL) Plus de 77.5,Bijan Robinson (ATL) Plus de 77.5,77.5,1.8696,0,False
16551680,GB Packers	 vs. ATL Falcons,Bijan Robinson,Bijan Robinson (ATL),Total de yards à la course du joueur Plus/Moins (Incl. Prolongations),764,71924,1743411284,77.5|sa:player:nfl-1228244|ATL,4536002403,Bijan Robinson (ATL) moins de 77.5,Bijan Robinson (ATL) moins de 77.5,77.5,1.7693,0,False
16551680,GB Packers	 vs. ATL Falcons,Christian Watson,Christian Watson (GB),Total des yards après réception du joueur Plus/Moins(Incl. Prolongations),765,71925,1743395190,63.5|sa:player:nfl-1067918|GB,4535961088,Christian Watson (GB) Plus de 63.5,Christian Watson (GB) Plus de 63.5,63.5,1.8334,0,False
16551680,GB Packers	 vs. ATL Falcons,Christian Watson,Christian Watson (GB),Total des yards après réception du joueur Plus/Moins(Incl. Prolongations),765,71925,1743395190,63.5|sa:player:nfl-1067918|GB,4535961089,Christian Watson (GB) moins de 63.5,Christian Watson (GB) moins de 63.5,63.5,1.8,0,False
16551680,GB Packers	 vs. ATL Falcons,Drake London,Drake London (ATL),Total des yards après réception du joueur Plus/Moins(Incl. Prolongations),765,71925,1743368142,57.5|sa:player:nfl-1178741|ATL,4535867561,Drake London (ATL) Plus de 57.5,Drake London (ATL) Plus de 57.5,57.5,1.8334,0,False
16551680,GB Packers	 vs. ATL Falcons,Drake London,Drake London (ATL),Total des yards après réception du joueur Plus/Moins(Incl. Prolongations),765,71925,1743368142,57.5|sa:player:nfl-1178741|ATL,4535867562,Drake London (ATL) moins de 57.5,Drake London (ATL) moins de 57.5,57.5,1.8,0,False
16551680,GB Packers	 vs. ATL Falcons,Matthew Golden,Matthew Golden (GB),Total des yards après réception du joueur Plus/Moins(Incl. Prolongations),765,71925,1743385141,47.5|sa:player:nfl-1379267|GB,4535936211,Matthew Golden (GB) Plus de 47.5,Matthew Golden (GB) Plus de 47.5,47.5,1.8,0,False
16551680,GB Packers	 vs. ATL Falcons,Matthew Golden,Matthew Golden (GB),Total des yards après réception du joueur Plus/Moins(Incl. Prolongations),765,71925,1743385141,47.5|sa:player:nfl-1379267|GB,4535936212,Matthew Golden (GB) moins de 47.5,Matthew Golden (GB) moins de 47.5,47.5,1.8334,0,False
16551680,GB Packers	 vs. ATL Falcons,Tucker Kraft,Tucker Kraft (GB),Total des yards après réception du joueur Plus/Moins(Incl. Prolongations),765,71925,1743376722,41.5|sa:player:nfl-1181874|GB,4535896180,Tucker Kraft (GB) Plus de 41.5,Tucker Kraft (GB) Plus de 41.5,41.5,1.8334,0,False
16551680,GB Packers	 vs. ATL Falcons,Tucker Kraft,Tucker Kraft (GB),Total des yards après réception du joueur Plus/Moins(Incl. Prolongations),765,71925,1743376722,41.5|sa:player:nfl-1181874|GB,4535896181,Tucker Kraft (GB) moins de 41.5,Tucker Kraft (GB) moins de 41.5,41.5,1.8,0,False
16551680,GB Packers	 vs. ATL Falcons,Bijan Robinson,Bijan Robinson (ATL),Total des yards après réception du joueur Plus/Moins(Incl. Prolongations),765,71925,1743371466,36.5|sa:player:nfl-1228244|ATL,4535875816,Bijan Robinson (ATL) Plus de 36.5,Bijan Robinson (ATL) Plus de 36.5,36.5,1.8696,0,False
16551680,GB Packers	 vs. ATL Falcons,Bijan Robinson,Bijan Robinson (ATL),Total des yards après réception du joueur Plus/Moins(Incl. Prolongations),765,71925,1743371466,36.5|sa:player:nfl-1228244|ATL,4535875817,Bijan Robinson (ATL) moins de 36.5,Bijan Robinson (ATL) moins de 36.5,36.5,1.7693,0,False
16551680,GB Packers	 vs. ATL Falcons,Kyle Pitts,Kyle Pitts (ATL),Total des yards après réception du joueur Plus/Moins(Incl. Prolongations),765,71925,1743406512,33.5|sa:player:nfl-1123026|ATL,4535990466,Kyle Pitts (ATL) Plus de 33.5,Kyle Pitts (ATL) Plus de 33.5,33.5,1.8334,0,False
16551680,GB Packers	 vs. ATL Falcons,Kyle Pitts,Kyle Pitts (ATL),Total des yards après réception du joueur Plus/Moins(Incl. Prolongations),765,71925,1743406512,33.5|sa:player:nfl-1123026|ATL,4535990467,Kyle Pitts (ATL) moins de 33.5,Kyle Pitts (ATL) moins de 33.5,33.5,1.8,0,False
16551680,GB Packers	 vs. ATL Falcons,Bijan Robinson,Bijan Robinson,Yards de course et de réception du joueur Plus/Moins (prolongations incluses),3317,73841,1743411769,118.5|sa:player:nfl-1228244|ATL,4536003689,Bijan Robinson (ATL) Plus de 118.5,Bijan Robinson (ATL) Plus de 118.5,118.5,1.8334,0,False
16551680,GB Packers	 vs. ATL Falcons,Bijan Robinson,Bijan Robinson,Yards de course et de réception du joueur Plus/Moins (prolongations incluses),3317,73841,1743411769,118.5|sa:player:nfl-1228244|ATL,4536003690,Bijan Robinson (ATL) moins de 118.5,Bijan Robinson (ATL) moins de 118.5,118.5,1.8,0,False
16551680,GB Packers	 vs. ATL Falcons,Christian Watson,Christian Watson,Yards de course et de réception du joueur Plus/Moins (prolongations incluses),3317,73841,1743395193,63.5|sa:player:nfl-1067918|GB,4535961094,Christian Watson (GB) Plus de 63.5,Christian Watson (GB) Plus de 63.5,63.5,1.8,0,False
16551680,GB Packers	 vs. ATL Falcons,Christian Watson,Christian Watson,Yards de course et de réception du joueur Plus/Moins (prolongations incluses),3317,73841,1743395193,63.5|sa:player:nfl-1067918|GB,4535961095,Christian Watson (GB) moins de 63.5,Christian Watson (GB) moins de 63.5,63.5,1.8334,0,False
16551680,GB Packers	 vs. ATL Falcons,Drake London,Drake London,Yards de course et de réception du joueur Plus/Moins (prolongations incluses),3317,73841,1743432975,59.5|sa:player:nfl-1178741|ATL,4536066066,Drake London (ATL) Plus de 59.5,Drake London (ATL) Plus de 59.5,59.5,1.8,0,False
16551680,GB Packers	 vs. ATL Falcons,Drake London,Drake London,Yards de course et de réception du joueur Plus/Moins (prolongations incluses),3317,73841,1743432975,59.5|sa:player:nfl-1178741|ATL,4536066067,Drake London (ATL) moins de 59.5,Drake London (ATL) moins de 59.5,59.5,1.8334,0,False
16551680,GB Packers	 vs. ATL Falcons,Matthew Golden,Matthew Golden,Yards de course et de réception du joueur Plus/Moins (prolongations incluses),3317,73841,1743385276,47.5|sa:player:nfl-1379267|GB,4535936478,Matthew Golden (GB) Plus de 47.5,Matthew Golden (GB) Plus de 47.5,47.5,1.8,0,False
16551680,GB Packers	 vs. ATL Falcons,Matthew Golden,Matthew Golden,Yards de course et de réception du joueur Plus/Moins (prolongations incluses),3317,73841,1743385276,47.5|sa:player:nfl-1379267|GB,4535936479,Matthew Golden (GB) moins de 47.5,Matthew Golden (GB) moins de 47.5,47.5,1.8334,0,False
16551680,GB Packers	 vs. ATL Falcons,Bijan Robinson,Bijan Robinson (ATL),Fumbles du joueur Plus / Moins (incl. prolongation),25005,75650,1743095464,0.5|sa:player:nfl-1228244|ATL,4535058370,Bijan Robinson (ATL) Plus de 0.5,Bijan Robinson (ATL) Plus de 0.5,0.5,3.6,0,False
16551680,GB Packers	 vs. ATL Falcons,Bijan Robinson,Bijan Robinson (ATL),Fumbles du joueur Plus / Moins (incl. prolongation),25005,75650,1743095464,0.5|sa:player:nfl-1228244|ATL,4535058371,Bijan Robinson (ATL) moins de 0.5,Bijan Robinson (ATL) moins de 0.5,0.5,1.2,0,False
16551680,GB Packers	 vs. ATL Falcons,Christian Watson,Christian Watson (GB),Fumbles du joueur Plus / Moins (incl. prolongation),25005,75650,1743094935,0.5|sa:player:nfl-1067918|GB,4535057454,Christian Watson (GB) Plus de 0.5,Christian Watson (GB) Plus de 0.5,0.5,7.75,0,False
16551680,GB Packers	 vs. ATL Falcons,Christian Watson,Christian Watson (GB),Fumbles du joueur Plus / Moins (incl. prolongation),25005,75650,1743094935,0.5|sa:player:nfl-1067918|GB,4535057455,Christian Watson (GB) moins de 0.5,Christian Watson (GB) moins de 0.5,0.5,1.02,0,False
16551680,GB Packers	 vs. ATL Falcons,Drake London,Drake London (ATL),Fumbles du joueur Plus / Moins (incl. prolongation),25005,75650,1743095309,0.5|sa:player:nfl-1178741|ATL,4535058100,Drake London (ATL) Plus de 0.5,Drake London (ATL) Plus de 0.5,0.5,7.75,0,False
16551680,GB Packers	 vs. ATL Falcons,Drake London,Drake London (ATL),Fumbles du joueur Plus / Moins (incl. prolongation),25005,75650,1743095309,0.5|sa:player:nfl-1178741|ATL,4535058101,Drake London (ATL) moins de 0.5,Drake London (ATL) moins de 0.5,0.5,1.02,0,False
16551680,GB Packers	 vs. ATL Falcons,Matthew Golden,Matthew Golden (GB),Fumbles du joueur Plus / Moins (incl. prolongation),25005,75650,1743095538,0.5|sa:player:nfl-1379267|GB,4535058501,Matthew Golden (GB) Plus de 0.5,Matthew Golden (GB) Plus de 0.5,0.5,7.75,0,False
16551680,GB Packers	 vs. ATL Falcons,Matthew Golden,Matthew Golden (GB),Fumbles du joueur Plus / Moins (incl. prolongation),25005,75650,1743095538,0.5|sa:player:nfl-1379267|GB,4535058502,Matthew Golden (GB) moins de 0.5,Matthew Golden (GB) moins de 0.5,0.5,1.02,0,False
16551680,GB Packers	 vs. ATL Falcons,Kyle Pitts,Kyle Pitts (ATL),Fumbles du joueur Plus / Moins (incl. prolongation),25005,75650,1743095154,0.5|sa:player:nfl-1123026|ATL,4535057832,Kyle Pitts (ATL) Plus de 0.5,Kyle Pitts (ATL) Plus de 0.5,0.5,8.5,0,False
16551680,GB Packers	 vs. ATL Falcons,Kyle Pitts,Kyle Pitts (ATL),Fumbles du joueur Plus / Moins (incl. prolongation),25005,75650,1743095154,0.5|sa:player:nfl-1123026|ATL,4535057833,Kyle Pitts (ATL) moins de 0.5,Kyle Pitts (ATL) moins de 0.5,0.5,1.01,0,False
16551680,GB Packers	 vs. ATL Falcons,Tucker Kraft,Tucker Kraft (GB),Fumbles du joueur Plus / Moins (incl. prolongation),25005,75650,1743095336,0.5|sa:player:nfl-1181874|GB,4535058145,Tucker Kraft (GB) Plus de 0.5,Tucker Kraft (GB) Plus de 0.5,0.5,8.5,0,False
16551680,GB Packers	 vs. ATL Falcons,Tucker Kraft,Tucker Kraft (GB),Fumbles du joueur Plus / Moins (incl. prolongation),25005,75650,1743095336,0.5|sa:player:nfl-1181874|GB,4535058146,Tucker Kraft (GB) moins de 0.5,Tucker Kraft (GB) moins de 0.5,0.5,1.01,0,False
16551680,GB Packers	 vs. ATL Falcons,Bijan Robinson,Bijan Robinson (ATL),Joueur tentative de gain par la course (prolongations incluses),2012,72303,1743095449,17.5|sa:player:nfl-1228244|ATL,4535058344,Bijan Robinson (ATL) moins de 17.5,Bijan Robinson (ATL) moins de 17.5,17.5,1.8696,0,False
16551680,GB Packers	 vs. ATL Falcons,Bijan Robinson,Bijan Robinson (ATL),Joueur tentative de gain par la course (prolongations incluses),2012,72303,1743095449,17.5|sa:player:nfl-1228244|ATL,4535058343,Bijan Robinson (ATL) Plus de 17.5,Bijan Robinson (ATL) Plus de 17.5,17.5,1.7693,0,False
16551680,GB Packers	 vs. ATL Falcons,Bijan Robinson,Bijan Robinson (ATL),Total de réceptions Plus/Moins(Incl. Prolongations),767,71926,1743371718,4.5|sa:player:nfl-1228244|ATL,4535876784,Bijan Robinson (ATL) moins de 4.5,Bijan Robinson (ATL) moins de 4.5,4.5,2.05,0,False
16551680,GB Packers	 vs. ATL Falcons,Bijan Robinson,Bijan Robinson (ATL),Total de réceptions Plus/Moins(Incl. Prolongations),767,71926,1743371718,4.5|sa:player:nfl-1228244|ATL,4535876783,Bijan Robinson (ATL) Plus de 4.5,Bijan Robinson (ATL) Plus de 4.5,4.5,1.625,0,False
16551680,GB Packers	 vs. ATL Falcons,Drake London,Drake London (ATL),Total de réceptions Plus/Moins(Incl. Prolongations),767,71926,1743095292,4.5|sa:player:nfl-1178741|ATL,4535058069,Drake London (ATL) Plus de 4.5,Drake London (ATL) Plus de 4.5,4.5,1.6667,0,False
16551680,GB Packers	 vs. ATL Falcons,Drake London,Drake London (ATL),Total de réceptions Plus/Moins(Incl. Prolongations),767,71926,1743095292,4.5|sa:player:nfl-1178741|ATL,4535058070,Drake London (ATL) moins de 4.5,Drake London (ATL) moins de 4.5,4.5,2.0,0,False
16551680,GB Packers	 vs. ATL Falcons,Christian Watson,Christian Watson (GB),Total de réceptions Plus/Moins(Incl. Prolongations),767,71926,1743386327,4.5|sa:player:nfl-1067918|GB,4535939174,Christian Watson (GB) Plus de 4.5,Christian Watson (GB) Plus de 4.5,4.5,2.05,0,False
16551680,GB Packers	 vs. ATL Falcons,Christian Watson,Christian Watson (GB),Total de réceptions Plus/Moins(Incl. Prolongations),767,71926,1743386327,4.5|sa:player:nfl-1067918|GB,4535939175,Christian Watson (GB) moins de 4.5,Christian Watson (GB) moins de 4.5,4.5,1.625,0,False
16551680,GB Packers	 vs. ATL Falcons,Matthew Golden,Matthew Golden (GB),Total de réceptions Plus/Moins(Incl. Prolongations),767,71926,1743095521,3.5|sa:player:nfl-1379267|GB,4535058470,Matthew Golden (GB) Plus de 3.5,Matthew Golden (GB) Plus de 3.5,3.5,1.6667,0,False
16551680,GB Packers	 vs. ATL Falcons,Matthew Golden,Matthew Golden (GB),Total de réceptions Plus/Moins(Incl. Prolongations),767,71926,1743095521,3.5|sa:player:nfl-1379267|GB,4535058471,Matthew Golden (GB) moins de 3.5,Matthew Golden (GB) moins de 3.5,3.5,2.0,0,False
16551680,GB Packers	 vs. ATL Falcons,Tucker Kraft,Tucker Kraft (GB),Total de réceptions Plus/Moins(Incl. Prolongations),767,71926,1743095319,3.5|sa:player:nfl-1181874|GB,4535058114,Tucker Kraft (GB) Plus de 3.5,Tucker Kraft (GB) Plus de 3.5,3.5,1.7408,0,False
16551680,GB Packers	 vs. ATL Falcons,Tucker Kraft,Tucker Kraft (GB),Total de réceptions Plus/Moins(Incl. Prolongations),767,71926,1743095319,3.5|sa:player:nfl-1181874|GB,4535058115,Tucker Kraft (GB) moins de 3.5,Tucker Kraft (GB) moins de 3.5,3.5,1.9091,0,False
16551680,GB Packers	 vs. ATL Falcons,Kyle Pitts,Kyle Pitts (ATL),Total de réceptions Plus/Moins(Incl. Prolongations),767,71926,1743095137,3.5|sa:player:nfl-1123026|ATL,4535057801,Kyle Pitts (ATL) Plus de 3.5,Kyle Pitts (ATL) Plus de 3.5,3.5,1.9524,0,False
16551680,GB Packers	 vs. ATL Falcons,Kyle Pitts,Kyle Pitts (ATL),Total de réceptions Plus/Moins(Incl. Prolongations),767,71926,1743095137,3.5|sa:player:nfl-1123026|ATL,4535057802,Kyle Pitts (ATL) moins de 3.5,Kyle Pitts (ATL) moins de 3.5,3.5,1.6897,0,False
16551680,GB Packers	 vs. ATL Falcons,Jordan Love,Jordan Love (GB),"Passes complétées, Joueur (prolongations incluses) ",760,71921,1743372475,19.5|sa:player:nfl-912137|GB,4535878994,Jordan Love (GB) Plus de 19.5,Jordan Love (GB) Plus de 19.5,19.5,1.7693,0,False
16551680,GB Packers	 vs. ATL Falcons,Jordan Love,Jordan Love (GB),"Passes complétées, Joueur (prolongations incluses) ",760,71921,1743372475,19.5|sa:player:nfl-912137|GB,4535878995,Jordan Love (GB) moins de 19.5,Jordan Love (GB) moins de 19.5,19.5,1.8696,0,False
16551680,GB Packers	 vs. ATL Falcons,Jordan Love,Jordan Love (GB),Tentatives de passes du joueur Plus/Moins (Incl. Prolongations),2252,73702,1743377808,30.5|sa:player:nfl-912137|GB,4535898707,Jordan Love (GB) Plus de 30.5,Jordan Love (GB) Plus de 30.5,30.5,1.7693,0,False
16551680,GB Packers	 vs. ATL Falcons,Jordan Love,Jordan Love (GB),Tentatives de passes du joueur Plus/Moins (Incl. Prolongations),2252,73702,1743377808,30.5|sa:player:nfl-912137|GB,4535898708,Jordan Love (GB) moins de 30.5,Jordan Love (GB) moins de 30.5,30.5,1.8696,0,False
16551680,GB Packers	 vs. ATL Falcons,Christian Watson,Christian Watson (GB),Joueuer Plus longue réception (prolongations incluses) ,2009,72300,1743377953,24.5|sa:player:nfl-1067918|GB,4535899067,Christian Watson (GB) Plus de 24.5,Christian Watson (GB) Plus de 24.5,24.5,1.7693,0,False
16551680,GB Packers	 vs. ATL Falcons,Christian Watson,Christian Watson (GB),Joueuer Plus longue réception (prolongations incluses) ,2009,72300,1743377953,24.5|sa:player:nfl-1067918|GB,4535899068,Christian Watson (GB) moins de 24.5,Christian Watson (GB) moins de 24.5,24.5,1.8696,0,False
16551680,GB Packers	 vs. ATL Falcons,Drake London,Drake London (ATL),Joueuer Plus longue réception (prolongations incluses) ,2009,72300,1743095293,21.5|sa:player:nfl-1178741|ATL,4535058072,Drake London (ATL) moins de 21.5,Drake London (ATL) moins de 21.5,21.5,1.7693,0,False
16551680,GB Packers	 vs. ATL Falcons,Drake London,Drake London (ATL),Joueuer Plus longue réception (prolongations incluses) ,2009,72300,1743095293,21.5|sa:player:nfl-1178741|ATL,4535058071,Drake London (ATL) Plus de 21.5,Drake London (ATL) Plus de 21.5,21.5,1.8696,0,False
16551680,GB Packers	 vs. ATL Falcons,Matthew Golden,Matthew Golden (GB),Joueuer Plus longue réception (prolongations incluses) ,2009,72300,1743095522,20.5|sa:player:nfl-1379267|GB,4535058472,Matthew Golden (GB) Plus de 20.5,Matthew Golden (GB) Plus de 20.5,20.5,1.8334,0,False
16551680,GB Packers	 vs. ATL Falcons,Matthew Golden,Matthew Golden (GB),Joueuer Plus longue réception (prolongations incluses) ,2009,72300,1743095522,20.5|sa:player:nfl-1379267|GB,4535058473,Matthew Golden (GB) moins de 20.5,Matthew Golden (GB) moins de 20.5,20.5,1.8,0,False
16551680,GB Packers	 vs. ATL Falcons,Tucker Kraft,Tucker Kraft (GB),Joueuer Plus longue réception (prolongations incluses) ,2009,72300,1743376723,18.5|sa:player:nfl-1181874|GB,4535896182,Tucker Kraft (GB) Plus de 18.5,Tucker Kraft (GB) Plus de 18.5,18.5,1.8696,0,False
16551680,GB Packers	 vs. ATL Falcons,Tucker Kraft,Tucker Kraft (GB),Joueuer Plus longue réception (prolongations incluses) ,2009,72300,1743376723,18.5|sa:player:nfl-1181874|GB,4535896183,Tucker Kraft (GB) moins de 18.5,Tucker Kraft (GB) moins de 18.5,18.5,1.7693,0,False
16551680,GB Packers	 vs. ATL Falcons,Kyle Pitts,Kyle Pitts (ATL),Joueuer Plus longue réception (prolongations incluses) ,2009,72300,1743376290,15.5|sa:player:nfl-1123026|ATL,4535895134,Kyle Pitts (ATL) Plus de 15.5,Kyle Pitts (ATL) Plus de 15.5,15.5,1.7693,0,False
16551680,GB Packers	 vs. ATL Falcons,Kyle Pitts,Kyle Pitts (ATL),Joueuer Plus longue réception (prolongations incluses) ,2009,72300,1743376290,15.5|sa:player:nfl-1123026|ATL,4535895135,Kyle Pitts (ATL) moins de 15.5,Kyle Pitts (ATL) moins de 15.5,15.5,1.8696,0,False
16551680,GB Packers	 vs. ATL Falcons,Bijan Robinson,Bijan Robinson (ATL),Joueuer Plus longue réception (prolongations incluses) ,2009,72300,1743095437,14.5|sa:player:nfl-1228244|ATL,4535058320,Bijan Robinson (ATL) moins de 14.5,Bijan Robinson (ATL) moins de 14.5,14.5,1.8696,0,False
16551680,GB Packers	 vs. ATL Falcons,Bijan Robinson,Bijan Robinson (ATL),Joueuer Plus longue réception (prolongations incluses) ,2009,72300,1743095437,14.5|sa:player:nfl-1228244|ATL,4535058319,Bijan Robinson (ATL) Plus de 14.5,Bijan Robinson (ATL) Plus de 14.5,14.5,1.7693,0,False
16551680,GB Packers	 vs. ATL Falcons,Bijan Robinson,Bijan Robinson (ATL),1ère mi-temps - Touchdowns de course du joueur Plus / Moins,31473,77067,1743095454,0.5|sa:player:nfl-1228244|ATL,4535058353,Bijan Robinson (ATL) Plus de 0.5,Bijan Robinson (ATL) Plus de 0.5,0.5,3.1,0,False
16551680,GB Packers	 vs. ATL Falcons,Bijan Robinson,Bijan Robinson (ATL),1ère mi-temps - Touchdowns de course du joueur Plus / Moins,31473,77067,1743095454,0.5|sa:player:nfl-1228244|ATL,4535058354,Bijan Robinson (ATL) moins de 0.5,Bijan Robinson (ATL) moins de 0.5,0.5,1.2667,0,False
16551680,GB Packers	 vs. ATL Falcons,MarShawn Lloyd,MarShawn Lloyd (GB),1ère mi-temps - Touchdowns de course du joueur Plus / Moins,31473,77067,1743095369,0.5|sa:player:nfl-1213414|GB,4535058204,MarShawn Lloyd (GB) Plus de 0.5,MarShawn Lloyd (GB) Plus de 0.5,0.5,4.0,0,False
16551680,GB Packers	 vs. ATL Falcons,MarShawn Lloyd,MarShawn Lloyd (GB),1ère mi-temps - Touchdowns de course du joueur Plus / Moins,31473,77067,1743095369,0.5|sa:player:nfl-1213414|GB,4535058205,MarShawn Lloyd (GB) moins de 0.5,MarShawn Lloyd (GB) moins de 0.5,0.5,1.1667,0,False
16551680,GB Packers	 vs. ATL Falcons,Kaleb Johnson,Kaleb Johnson (GB),1ère mi-temps - Touchdowns de course du joueur Plus / Moins,31473,77067,1743095572,0.5|sa:player:nfl-1381902|GB,4535058562,Kaleb Johnson (GB) Plus de 0.5,Kaleb Johnson (GB) Plus de 0.5,0.5,5.0,0,False
16551680,GB Packers	 vs. ATL Falcons,Kaleb Johnson,Kaleb Johnson (GB),1ère mi-temps - Touchdowns de course du joueur Plus / Moins,31473,77067,1743095572,0.5|sa:player:nfl-1381902|GB,4535058563,Kaleb Johnson (GB) moins de 0.5,Kaleb Johnson (GB) moins de 0.5,0.5,1.1,0,False
16551680,GB Packers	 vs. ATL Falcons,Chris Brooks,Chris Brooks (GB),1ère mi-temps - Touchdowns de course du joueur Plus / Moins,31473,77067,1743095209,0.5|sa:player:nfl-1127065|GB,4535057928,Chris Brooks (GB) moins de 0.5,Chris Brooks (GB) moins de 0.5,0.5,1.0715,0,False
16551680,GB Packers	 vs. ATL Falcons,Chris Brooks,Chris Brooks (GB),1ère mi-temps - Touchdowns de course du joueur Plus / Moins,31473,77067,1743095209,0.5|sa:player:nfl-1127065|GB,4535057927,Chris Brooks (GB) Plus de 0.5,Chris Brooks (GB) Plus de 0.5,0.5,5.75,0,False
16551680,GB Packers	 vs. ATL Falcons,Brian Robinson,Brian Robinson (ATL),1ère mi-temps - Touchdowns de course du joueur Plus / Moins,31473,77067,1743094838,0.5|sa:player:nfl-973966|ATL,4535057286,Brian Robinson (ATL) Plus de 0.5,Brian Robinson (ATL) Plus de 0.5,0.5,6.75,0,False
16551680,GB Packers	 vs. ATL Falcons,Brian Robinson,Brian Robinson (ATL),1ère mi-temps - Touchdowns de course du joueur Plus / Moins,31473,77067,1743094838,0.5|sa:player:nfl-973966|ATL,4535057287,Brian Robinson (ATL) moins de 0.5,Brian Robinson (ATL) moins de 0.5,0.5,1.04,0,False
16551680,GB Packers	 vs. ATL Falcons,Jordan Love,Jordan Love (GB),1ère mi-temps - Touchdowns de course du joueur Plus / Moins,31473,77067,1743094703,0.5|sa:player:nfl-912137|GB,4535057046,Jordan Love (GB) Plus de 0.5,Jordan Love (GB) Plus de 0.5,0.5,7.75,0,False
16551680,GB Packers	 vs. ATL Falcons,Jordan Love,Jordan Love (GB),1ère mi-temps - Touchdowns de course du joueur Plus / Moins,31473,77067,1743094703,0.5|sa:player:nfl-912137|GB,4535057047,Jordan Love (GB) moins de 0.5,Jordan Love (GB) moins de 0.5,0.5,1.02,0,False
16551680,GB Packers	 vs. ATL Falcons,Michael Penix,Michael Penix (ATL),1ère mi-temps - Touchdowns de course du joueur Plus / Moins,31473,77067,1743095036,0.5|sa:player:nfl-1107478|ATL,4535057632,Michael Penix (ATL) moins de 0.5,Michael Penix (ATL) moins de 0.5,0.5,0.0,7,False
16551680,GB Packers	 vs. ATL Falcons,Michael Penix,Michael Penix (ATL),1ère mi-temps - Touchdowns de course du joueur Plus / Moins,31473,77067,1743095036,0.5|sa:player:nfl-1107478|ATL,4535057631,Michael Penix (ATL) Plus de 0.5,Michael Penix (ATL) Plus de 0.5,0.5,8.5,0,False
16551680,GB Packers	 vs. ATL Falcons,Christian Watson,Christian Watson (GB),1ère mi-temps - Touchdowns de réception du joueur Plus / Moins,31467,77061,1743094923,0.5|sa:player:nfl-1067918|GB,4535057433,Christian Watson (GB) Plus de 0.5,Christian Watson (GB) Plus de 0.5,0.5,3.6,0,False
16551680,GB Packers	 vs. ATL Falcons,Christian Watson,Christian Watson (GB),1ère mi-temps - Touchdowns de réception du joueur Plus / Moins,31467,77061,1743094923,0.5|sa:player:nfl-1067918|GB,4535057434,Christian Watson (GB) moins de 0.5,Christian Watson (GB) moins de 0.5,0.5,1.2,0,False
16551680,GB Packers	 vs. ATL Falcons,Matthew Golden,Matthew Golden (GB),1ère mi-temps - Touchdowns de réception du joueur Plus / Moins,31467,77061,1743095526,0.5|sa:player:nfl-1379267|GB,4535058480,Matthew Golden (GB) Plus de 0.5,Matthew Golden (GB) Plus de 0.5,0.5,4.0,0,False
16551680,GB Packers	 vs. ATL Falcons,Matthew Golden,Matthew Golden (GB),1ère mi-temps - Touchdowns de réception du joueur Plus / Moins,31467,77061,1743095526,0.5|sa:player:nfl-1379267|GB,4535058481,Matthew Golden (GB) moins de 0.5,Matthew Golden (GB) moins de 0.5,0.5,1.1667,0,False
16551680,GB Packers	 vs. ATL Falcons,Tucker Kraft,Tucker Kraft (GB),1ère mi-temps - Touchdowns de réception du joueur Plus / Moins,31467,77061,1743095324,0.5|sa:player:nfl-1181874|GB,4535058124,Tucker Kraft (GB) Plus de 0.5,Tucker Kraft (GB) Plus de 0.5,0.5,4.4,0,False
16551680,GB Packers	 vs. ATL Falcons,Tucker Kraft,Tucker Kraft (GB),1ère mi-temps - Touchdowns de réception du joueur Plus / Moins,31467,77061,1743095324,0.5|sa:player:nfl-1181874|GB,4535058125,Tucker Kraft (GB) moins de 0.5,Tucker Kraft (GB) moins de 0.5,0.5,1.1334,0,False
16551680,GB Packers	 vs. ATL Falcons,Drake London,Drake London (ATL),1ère mi-temps - Touchdowns de réception du joueur Plus / Moins,31467,77061,1743095297,0.5|sa:player:nfl-1178741|ATL,4535058080,Drake London (ATL) moins de 0.5,Drake London (ATL) moins de 0.5,0.5,1.091,0,False
16551680,GB Packers	 vs. ATL Falcons,Drake London,Drake London (ATL),1ère mi-temps - Touchdowns de réception du joueur Plus / Moins,31467,77061,1743095297,0.5|sa:player:nfl-1178741|ATL,4535058079,Drake London (ATL) Plus de 0.5,Drake London (ATL) Plus de 0.5,0.5,5.25,0,False
16551680,GB Packers	 vs. ATL Falcons,Kyle Pitts,Kyle Pitts (ATL),1ère mi-temps - Touchdowns de réception du joueur Plus / Moins,31467,77061,1743095142,0.5|sa:player:nfl-1123026|ATL,4535057811,Kyle Pitts (ATL) Plus de 0.5,Kyle Pitts (ATL) Plus de 0.5,0.5,6.25,0,False
16551680,GB Packers	 vs. ATL Falcons,Kyle Pitts,Kyle Pitts (ATL),1ère mi-temps - Touchdowns de réception du joueur Plus / Moins,31467,77061,1743095142,0.5|sa:player:nfl-1123026|ATL,4535057812,Kyle Pitts (ATL) moins de 0.5,Kyle Pitts (ATL) moins de 0.5,0.5,1.05,0,False
16551680,GB Packers	 vs. ATL Falcons,Bijan Robinson,Bijan Robinson (ATL),1ère mi-temps - Touchdowns de réception du joueur Plus / Moins,31467,77061,1743095441,0.5|sa:player:nfl-1228244|ATL,4535058328,Bijan Robinson (ATL) moins de 0.5,Bijan Robinson (ATL) moins de 0.5,0.5,1.04,0,False
16551680,GB Packers	 vs. ATL Falcons,Bijan Robinson,Bijan Robinson (ATL),1ère mi-temps - Touchdowns de réception du joueur Plus / Moins,31467,77061,1743095441,0.5|sa:player:nfl-1228244|ATL,4535058327,Bijan Robinson (ATL) Plus de 0.5,Bijan Robinson (ATL) Plus de 0.5,0.5,6.75,0,False
16551680,GB Packers	 vs. ATL Falcons,Jahan Dotson,Jahan Dotson (ATL),1ère mi-temps - Touchdowns de réception du joueur Plus / Moins,31467,77061,1743095104,0.5|sa:player:nfl-1121878|ATL,4535057746,Jahan Dotson (ATL) Plus de 0.5,Jahan Dotson (ATL) Plus de 0.5,0.5,7.5,0,False
16551680,GB Packers	 vs. ATL Falcons,Jahan Dotson,Jahan Dotson (ATL),1ère mi-temps - Touchdowns de réception du joueur Plus / Moins,31467,77061,1743095104,0.5|sa:player:nfl-1121878|ATL,4535057747,Jahan Dotson (ATL) moins de 0.5,Jahan Dotson (ATL) moins de 0.5,0.5,1.02,0,False
16551680,GB Packers	 vs. ATL Falcons,Jonnu Smith,Jonnu Smith (GB),1ère mi-temps - Touchdowns de réception du joueur Plus / Moins,31467,77061,1743094588,0.5|sa:player:nfl-743749|GB,4535056840,Jonnu Smith (GB) Plus de 0.5,Jonnu Smith (GB) Plus de 0.5,0.5,7.75,0,False
16551680,GB Packers	 vs. ATL Falcons,Jonnu Smith,Jonnu Smith (GB),1ère mi-temps - Touchdowns de réception du joueur Plus / Moins,31467,77061,1743094588,0.5|sa:player:nfl-743749|GB,4535056841,Jonnu Smith (GB) moins de 0.5,Jonnu Smith (GB) moins de 0.5,0.5,1.02,0,False
16551680,GB Packers	 vs. ATL Falcons,Skyy Moore,Skyy Moore (GB),1ère mi-temps - Touchdowns de réception du joueur Plus / Moins,31467,77061,1743095265,0.5|sa:player:nfl-1176730|GB,4535058025,Skyy Moore (GB) Plus de 0.5,Skyy Moore (GB) Plus de 0.5,0.5,7.75,0,False
16551680,GB Packers	 vs. ATL Falcons,Skyy Moore,Skyy Moore (GB),1ère mi-temps - Touchdowns de réception du joueur Plus / Moins,31467,77061,1743095265,0.5|sa:player:nfl-1176730|GB,4535058026,Skyy Moore (GB) moins de 0.5,Skyy Moore (GB) moins de 0.5,0.5,1.02,0,False
16551680,GB Packers	 vs. ATL Falcons,Chris Brooks,Chris Brooks (GB),1ère mi-temps - Touchdowns de réception du joueur Plus / Moins,31467,77061,1743095196,0.5|sa:player:nfl-1127065|GB,4535057901,Chris Brooks (GB) Plus de 0.5,Chris Brooks (GB) Plus de 0.5,0.5,8.5,0,False
16551680,GB Packers	 vs. ATL Falcons,Chris Brooks,Chris Brooks (GB),1ère mi-temps - Touchdowns de réception du joueur Plus / Moins,31467,77061,1743095196,0.5|sa:player:nfl-1127065|GB,4535057902,Chris Brooks (GB) moins de 0.5,Chris Brooks (GB) moins de 0.5,0.5,1.01,0,False
16551680,GB Packers	 vs. ATL Falcons,Kaleb Johnson,Kaleb Johnson (GB),1ère mi-temps - Touchdowns de réception du joueur Plus / Moins,31467,77061,1743095559,0.5|sa:player:nfl-1381902|GB,4535058536,Kaleb Johnson (GB) Plus de 0.5,Kaleb Johnson (GB) Plus de 0.5,0.5,8.5,0,False
16551680,GB Packers	 vs. ATL Falcons,Kaleb Johnson,Kaleb Johnson (GB),1ère mi-temps - Touchdowns de réception du joueur Plus / Moins,31467,77061,1743095559,0.5|sa:player:nfl-1381902|GB,4535058537,Kaleb Johnson (GB) moins de 0.5,Kaleb Johnson (GB) moins de 0.5,0.5,0.0,7,False
16551680,GB Packers	 vs. ATL Falcons,MarShawn Lloyd,MarShawn Lloyd (GB),1ère mi-temps - Touchdowns de réception du joueur Plus / Moins,31467,77061,1743095356,0.5|sa:player:nfl-1213414|GB,4535058178,MarShawn Lloyd (GB) Plus de 0.5,MarShawn Lloyd (GB) Plus de 0.5,0.5,8.5,0,False
16551680,GB Packers	 vs. ATL Falcons,MarShawn Lloyd,MarShawn Lloyd (GB),1ère mi-temps - Touchdowns de réception du joueur Plus / Moins,31467,77061,1743095356,0.5|sa:player:nfl-1213414|GB,4535058179,MarShawn Lloyd (GB) moins de 0.5,MarShawn Lloyd (GB) moins de 0.5,0.5,1.01,0,False
16551680,GB Packers	 vs. ATL Falcons,Olamide Zaccheaus,Olamide Zaccheaus (ATL),1ère mi-temps - Touchdowns de réception du joueur Plus / Moins,31467,77061,1743094643,0.5|sa:player:nfl-883976|ATL,4535056936,Olamide Zaccheaus (ATL) Plus de 0.5,Olamide Zaccheaus (ATL) Plus de 0.5,0.5,8.5,0,False
16551680,GB Packers	 vs. ATL Falcons,Olamide Zaccheaus,Olamide Zaccheaus (ATL),1ère mi-temps - Touchdowns de réception du joueur Plus / Moins,31467,77061,1743094643,0.5|sa:player:nfl-883976|ATL,4535056937,Olamide Zaccheaus (ATL) moins de 0.5,Olamide Zaccheaus (ATL) moins de 0.5,0.5,0.0,7,False
16551680,GB Packers	 vs. ATL Falcons,Zachariah Branch,Zachariah Branch (ATL),1ère mi-temps - Touchdowns de réception du joueur Plus / Moins,31467,77061,1743095608,0.5|sa:player:nfl-1441110|ATL,4535058624,Zachariah Branch (ATL) Plus de 0.5,Zachariah Branch (ATL) Plus de 0.5,0.5,8.5,0,False
16551680,GB Packers	 vs. ATL Falcons,Zachariah Branch,Zachariah Branch (ATL),1ère mi-temps - Touchdowns de réception du joueur Plus / Moins,31467,77061,1743095608,0.5|sa:player:nfl-1441110|ATL,4535058625,Zachariah Branch (ATL) moins de 0.5,Zachariah Branch (ATL) moins de 0.5,0.5,0.0,7,False
16551680,GB Packers	 vs. ATL Falcons,Jordan Love,Jordan Love (GB),1ère mi-temps - Total de Touchdowns à la passe du joueur - Plus/Moins,31461,77055,1743094681,0.5|sa:player:nfl-912137|GB,4535057002,Jordan Love (GB) Plus de 0.5,Jordan Love (GB) Plus de 0.5,0.5,1.4445,0,False
16551680,GB Packers	 vs. ATL Falcons,Jordan Love,Jordan Love (GB),1ère mi-temps - Total de Touchdowns à la passe du joueur - Plus/Moins,31461,77055,1743094681,0.5|sa:player:nfl-912137|GB,4535057003,Jordan Love (GB) moins de 0.5,Jordan Love (GB) moins de 0.5,0.5,2.4,0,False
16551680,GB Packers	 vs. ATL Falcons,Michael Penix,Michael Penix (ATL),1ère mi-temps - Total de Touchdowns à la passe du joueur - Plus/Moins,31461,77055,1743095014,0.5|sa:player:nfl-1107478|ATL,4535057587,Michael Penix (ATL) Plus de 0.5,Michael Penix (ATL) Plus de 0.5,0.5,2.2,0,False
16551680,GB Packers	 vs. ATL Falcons,Michael Penix,Michael Penix (ATL),1ère mi-temps - Total de Touchdowns à la passe du joueur - Plus/Moins,31461,77055,1743095014,0.5|sa:player:nfl-1107478|ATL,4535057588,Michael Penix (ATL) moins de 0.5,Michael Penix (ATL) moins de 0.5,0.5,1.5264,0,False
16551680,GB Packers	 vs. ATL Falcons,Jordan Love,Jordan Love (GB),Total de Touchdowns à la passe du joueur (Incl. Prolongations),761,71923,1743094670,1.5|sa:player:nfl-912137|GB,4535056980,Jordan Love (GB) Plus de 1.5,Jordan Love (GB) Plus de 1.5,1.5,1.6897,0,False
16551680,GB Packers	 vs. ATL Falcons,Jordan Love,Jordan Love (GB),Total de Touchdowns à la passe du joueur (Incl. Prolongations),761,71923,1743094670,1.5|sa:player:nfl-912137|GB,4535056981,Jordan Love (GB) moins de 1.5,Jordan Love (GB) moins de 1.5,1.5,1.9524,0,False
16551680,GB Packers	 vs. ATL Falcons,Michael Penix,Michael Penix (ATL),Total de Touchdowns à la passe du joueur (Incl. Prolongations),761,71923,1743375955,0.5|sa:player:nfl-1107478|ATL,4535894389,Michael Penix (ATL) Plus de 0.5,Michael Penix (ATL) Plus de 0.5,0.5,1.3847,0,False
16551680,GB Packers	 vs. ATL Falcons,Michael Penix,Michael Penix (ATL),Total de Touchdowns à la passe du joueur (Incl. Prolongations),761,71923,1743375955,0.5|sa:player:nfl-1107478|ATL,4535894390,Michael Penix (ATL) moins de 0.5,Michael Penix (ATL) moins de 0.5,0.5,2.65,0,False
16551680,GB Packers	 vs. ATL Falcons,Bijan Robinson,Bijan Robinson (ATL),2ème mi-temps - Touchdowns de course du joueur Plus / Moins,31474,77068,1743095455,0.5|sa:player:nfl-1228244|ATL,4535058355,Bijan Robinson (ATL) Plus de 0.5,Bijan Robinson (ATL) Plus de 0.5,0.5,3.25,0,False
16551680,GB Packers	 vs. ATL Falcons,Bijan Robinson,Bijan Robinson (ATL),2ème mi-temps - Touchdowns de course du joueur Plus / Moins,31474,77068,1743095455,0.5|sa:player:nfl-1228244|ATL,4535058356,Bijan Robinson (ATL) moins de 0.5,Bijan Robinson (ATL) moins de 0.5,0.5,1.25,0,False
16551680,GB Packers	 vs. ATL Falcons,MarShawn Lloyd,MarShawn Lloyd (GB),2ème mi-temps - Touchdowns de course du joueur Plus / Moins,31474,77068,1743095370,0.5|sa:player:nfl-1213414|GB,4535058206,MarShawn Lloyd (GB) Plus de 0.5,MarShawn Lloyd (GB) Plus de 0.5,0.5,4.0,0,False
16551680,GB Packers	 vs. ATL Falcons,MarShawn Lloyd,MarShawn Lloyd (GB),2ème mi-temps - Touchdowns de course du joueur Plus / Moins,31474,77068,1743095370,0.5|sa:player:nfl-1213414|GB,4535058207,MarShawn Lloyd (GB) moins de 0.5,MarShawn Lloyd (GB) moins de 0.5,0.5,1.1667,0,False
16551680,GB Packers	 vs. ATL Falcons,Kaleb Johnson,Kaleb Johnson (GB),2ème mi-temps - Touchdowns de course du joueur Plus / Moins,31474,77068,1743095573,0.5|sa:player:nfl-1381902|GB,4535058564,Kaleb Johnson (GB) Plus de 0.5,Kaleb Johnson (GB) Plus de 0.5,0.5,4.75,0,False
16551680,GB Packers	 vs. ATL Falcons,Kaleb Johnson,Kaleb Johnson (GB),2ème mi-temps - Touchdowns de course du joueur Plus / Moins,31474,77068,1743095573,0.5|sa:player:nfl-1381902|GB,4535058565,Kaleb Johnson (GB) moins de 0.5,Kaleb Johnson (GB) moins de 0.5,0.5,1.1112,0,False
16551680,GB Packers	 vs. ATL Falcons,Chris Brooks,Chris Brooks (GB),2ème mi-temps - Touchdowns de course du joueur Plus / Moins,31474,77068,1743095210,0.5|sa:player:nfl-1127065|GB,4535057929,Chris Brooks (GB) Plus de 0.5,Chris Brooks (GB) Plus de 0.5,0.5,5.25,0,False
16551680,GB Packers	 vs. ATL Falcons,Chris Brooks,Chris Brooks (GB),2ème mi-temps - Touchdowns de course du joueur Plus / Moins,31474,77068,1743095210,0.5|sa:player:nfl-1127065|GB,4535057930,Chris Brooks (GB) moins de 0.5,Chris Brooks (GB) moins de 0.5,0.5,1.0834,0,False
16551680,GB Packers	 vs. ATL Falcons,Brian Robinson,Brian Robinson (ATL),2ème mi-temps - Touchdowns de course du joueur Plus / Moins,31474,77068,1743094839,0.5|sa:player:nfl-973966|ATL,4535057288,Brian Robinson (ATL) Plus de 0.5,Brian Robinson (ATL) Plus de 0.5,0.5,6.75,0,False
16551680,GB Packers	 vs. ATL Falcons,Brian Robinson,Brian Robinson (ATL),2ème mi-temps - Touchdowns de course du joueur Plus / Moins,31474,77068,1743094839,0.5|sa:player:nfl-973966|ATL,4535057289,Brian Robinson (ATL) moins de 0.5,Brian Robinson (ATL) moins de 0.5,0.5,1.04,0,False
16551680,GB Packers	 vs. ATL Falcons,Jordan Love,Jordan Love (GB),2ème mi-temps - Touchdowns de course du joueur Plus / Moins,31474,77068,1743094704,0.5|sa:player:nfl-912137|GB,4535057048,Jordan Love (GB) Plus de 0.5,Jordan Love (GB) Plus de 0.5,0.5,7.75,0,False
16551680,GB Packers	 vs. ATL Falcons,Jordan Love,Jordan Love (GB),2ème mi-temps - Touchdowns de course du joueur Plus / Moins,31474,77068,1743094704,0.5|sa:player:nfl-912137|GB,4535057049,Jordan Love (GB) moins de 0.5,Jordan Love (GB) moins de 0.5,0.5,1.02,0,False
16551680,GB Packers	 vs. ATL Falcons,Michael Penix,Michael Penix (ATL),2ème mi-temps - Touchdowns de course du joueur Plus / Moins,31474,77068,1743095037,0.5|sa:player:nfl-1107478|ATL,4535057633,Michael Penix (ATL) Plus de 0.5,Michael Penix (ATL) Plus de 0.5,0.5,8.5,0,False
16551680,GB Packers	 vs. ATL Falcons,Michael Penix,Michael Penix (ATL),2ème mi-temps - Touchdowns de course du joueur Plus / Moins,31474,77068,1743095037,0.5|sa:player:nfl-1107478|ATL,4535057634,Michael Penix (ATL) moins de 0.5,Michael Penix (ATL) moins de 0.5,0.5,1.01,0,False
16551680,GB Packers	 vs. ATL Falcons,Christian Watson,Christian Watson (GB),2ème mi-temps - Touchdowns de réception du joueur Plus / Moins,31468,77062,1743094924,0.5|sa:player:nfl-1067918|GB,4535057435,Christian Watson (GB) Plus de 0.5,Christian Watson (GB) Plus de 0.5,0.5,4.0,0,False
16551680,GB Packers	 vs. ATL Falcons,Christian Watson,Christian Watson (GB),2ème mi-temps - Touchdowns de réception du joueur Plus / Moins,31468,77062,1743094924,0.5|sa:player:nfl-1067918|GB,4535057436,Christian Watson (GB) moins de 0.5,Christian Watson (GB) moins de 0.5,0.5,1.1667,0,False
16551680,GB Packers	 vs. ATL Falcons,Matthew Golden,Matthew Golden (GB),2ème mi-temps - Touchdowns de réception du joueur Plus / Moins,31468,77062,1743095527,0.5|sa:player:nfl-1379267|GB,4535058482,Matthew Golden (GB) Plus de 0.5,Matthew Golden (GB) Plus de 0.5,0.5,4.25,0,False
16551680,GB Packers	 vs. ATL Falcons,Matthew Golden,Matthew Golden (GB),2ème mi-temps - Touchdowns de réception du joueur Plus / Moins,31468,77062,1743095527,0.5|sa:player:nfl-1379267|GB,4535058483,Matthew Golden (GB) moins de 0.5,Matthew Golden (GB) moins de 0.5,0.5,1.1429,0,False
16551680,GB Packers	 vs. ATL Falcons,Drake London,Drake London (ATL),2ème mi-temps - Touchdowns de réception du joueur Plus / Moins,31468,77062,1743095298,0.5|sa:player:nfl-1178741|ATL,4535058081,Drake London (ATL) Plus de 0.5,Drake London (ATL) Plus de 0.5,0.5,4.75,0,False
16551680,GB Packers	 vs. ATL Falcons,Drake London,Drake London (ATL),2ème mi-temps - Touchdowns de réception du joueur Plus / Moins,31468,77062,1743095298,0.5|sa:player:nfl-1178741|ATL,4535058082,Drake London (ATL) moins de 0.5,Drake London (ATL) moins de 0.5,0.5,1.1112,0,False
16551680,GB Packers	 vs. ATL Falcons,Tucker Kraft,Tucker Kraft (GB),2ème mi-temps - Touchdowns de réception du joueur Plus / Moins,31468,77062,1743095325,0.5|sa:player:nfl-1181874|GB,4535058126,Tucker Kraft (GB) Plus de 0.5,Tucker Kraft (GB) Plus de 0.5,0.5,4.75,0,False
16551680,GB Packers	 vs. ATL Falcons,Tucker Kraft,Tucker Kraft (GB),2ème mi-temps - Touchdowns de réception du joueur Plus / Moins,31468,77062,1743095325,0.5|sa:player:nfl-1181874|GB,4535058127,Tucker Kraft (GB) moins de 0.5,Tucker Kraft (GB) moins de 0.5,0.5,1.1112,0,False
16551680,GB Packers	 vs. ATL Falcons,Kyle Pitts,Kyle Pitts (ATL),2ème mi-temps - Touchdowns de réception du joueur Plus / Moins,31468,77062,1743095143,0.5|sa:player:nfl-1123026|ATL,4535057813,Kyle Pitts (ATL) Plus de 0.5,Kyle Pitts (ATL) Plus de 0.5,0.5,5.75,0,False
16551680,GB Packers	 vs. ATL Falcons,Kyle Pitts,Kyle Pitts (ATL),2ème mi-temps - Touchdowns de réception du joueur Plus / Moins,31468,77062,1743095143,0.5|sa:player:nfl-1123026|ATL,4535057814,Kyle Pitts (ATL) moins de 0.5,Kyle Pitts (ATL) moins de 0.5,0.5,1.0715,0,False
16551680,GB Packers	 vs. ATL Falcons,Bijan Robinson,Bijan Robinson (ATL),2ème mi-temps - Touchdowns de réception du joueur Plus / Moins,31468,77062,1743095442,0.5|sa:player:nfl-1228244|ATL,4535058329,Bijan Robinson (ATL) Plus de 0.5,Bijan Robinson (ATL) Plus de 0.5,0.5,6.0,0,False
16551680,GB Packers	 vs. ATL Falcons,Bijan Robinson,Bijan Robinson (ATL),2ème mi-temps - Touchdowns de réception du joueur Plus / Moins,31468,77062,1743095442,0.5|sa:player:nfl-1228244|ATL,4535058330,Bijan Robinson (ATL) moins de 0.5,Bijan Robinson (ATL) moins de 0.5,0.5,1.0589,0,False
16551680,GB Packers	 vs. ATL Falcons,Jahan Dotson,Jahan Dotson (ATL),2ème mi-temps - Touchdowns de réception du joueur Plus / Moins,31468,77062,1743095105,0.5|sa:player:nfl-1121878|ATL,4535057748,Jahan Dotson (ATL) Plus de 0.5,Jahan Dotson (ATL) Plus de 0.5,0.5,7.0,0,False
16551680,GB Packers	 vs. ATL Falcons,Jahan Dotson,Jahan Dotson (ATL),2ème mi-temps - Touchdowns de réception du joueur Plus / Moins,31468,77062,1743095105,0.5|sa:player:nfl-1121878|ATL,4535057749,Jahan Dotson (ATL) moins de 0.5,Jahan Dotson (ATL) moins de 0.5,0.5,1.0334,0,False
16551680,GB Packers	 vs. ATL Falcons,Jonnu Smith,Jonnu Smith (GB),2ème mi-temps - Touchdowns de réception du joueur Plus / Moins,31468,77062,1743094589,0.5|sa:player:nfl-743749|GB,4535056842,Jonnu Smith (GB) Plus de 0.5,Jonnu Smith (GB) Plus de 0.5,0.5,7.75,0,False
16551680,GB Packers	 vs. ATL Falcons,Jonnu Smith,Jonnu Smith (GB),2ème mi-temps - Touchdowns de réception du joueur Plus / Moins,31468,77062,1743094589,0.5|sa:player:nfl-743749|GB,4535056843,Jonnu Smith (GB) moins de 0.5,Jonnu Smith (GB) moins de 0.5,0.5,1.02,0,False
16551680,GB Packers	 vs. ATL Falcons,Skyy Moore,Skyy Moore (GB),2ème mi-temps - Touchdowns de réception du joueur Plus / Moins,31468,77062,1743095266,0.5|sa:player:nfl-1176730|GB,4535058027,Skyy Moore (GB) Plus de 0.5,Skyy Moore (GB) Plus de 0.5,0.5,7.75,0,False
16551680,GB Packers	 vs. ATL Falcons,Skyy Moore,Skyy Moore (GB),2ème mi-temps - Touchdowns de réception du joueur Plus / Moins,31468,77062,1743095266,0.5|sa:player:nfl-1176730|GB,4535058028,Skyy Moore (GB) moins de 0.5,Skyy Moore (GB) moins de 0.5,0.5,1.02,0,False
16551680,GB Packers	 vs. ATL Falcons,Brian Robinson,Brian Robinson (ATL),2ème mi-temps - Touchdowns de réception du joueur Plus / Moins,31468,77062,1743094826,0.5|sa:player:nfl-973966|ATL,4535057262,Brian Robinson (ATL) Plus de 0.5,Brian Robinson (ATL) Plus de 0.5,0.5,8.5,0,False
16551680,GB Packers	 vs. ATL Falcons,Brian Robinson,Brian Robinson (ATL),2ème mi-temps - Touchdowns de réception du joueur Plus / Moins,31468,77062,1743094826,0.5|sa:player:nfl-973966|ATL,4535057263,Brian Robinson (ATL) moins de 0.5,Brian Robinson (ATL) moins de 0.5,0.5,0.0,7,False
16551680,GB Packers	 vs. ATL Falcons,Chris Brooks,Chris Brooks (GB),2ème mi-temps - Touchdowns de réception du joueur Plus / Moins,31468,77062,1743095197,0.5|sa:player:nfl-1127065|GB,4535057904,Chris Brooks (GB) moins de 0.5,Chris Brooks (GB) moins de 0.5,0.5,0.0,7,False
16551680,GB Packers	 vs. ATL Falcons,Chris Brooks,Chris Brooks (GB),2ème mi-temps - Touchdowns de réception du joueur Plus / Moins,31468,77062,1743095197,0.5|sa:player:nfl-1127065|GB,4535057903,Chris Brooks (GB) Plus de 0.5,Chris Brooks (GB) Plus de 0.5,0.5,8.5,0,False
16551680,GB Packers	 vs. ATL Falcons,Kaleb Johnson,Kaleb Johnson (GB),2ème mi-temps - Touchdowns de réception du joueur Plus / Moins,31468,77062,1743095560,0.5|sa:player:nfl-1381902|GB,4535058538,Kaleb Johnson (GB) Plus de 0.5,Kaleb Johnson (GB) Plus de 0.5,0.5,8.5,0,False
16551680,GB Packers	 vs. ATL Falcons,Kaleb Johnson,Kaleb Johnson (GB),2ème mi-temps - Touchdowns de réception du joueur Plus / Moins,31468,77062,1743095560,0.5|sa:player:nfl-1381902|GB,4535058539,Kaleb Johnson (GB) moins de 0.5,Kaleb Johnson (GB) moins de 0.5,0.5,0.0,7,False
16551680,GB Packers	 vs. ATL Falcons,MarShawn Lloyd,MarShawn Lloyd (GB),2ème mi-temps - Touchdowns de réception du joueur Plus / Moins,31468,77062,1743095357,0.5|sa:player:nfl-1213414|GB,4535058180,MarShawn Lloyd (GB) Plus de 0.5,MarShawn Lloyd (GB) Plus de 0.5,0.5,8.5,0,False
16551680,GB Packers	 vs. ATL Falcons,MarShawn Lloyd,MarShawn Lloyd (GB),2ème mi-temps - Touchdowns de réception du joueur Plus / Moins,31468,77062,1743095357,0.5|sa:player:nfl-1213414|GB,4535058181,MarShawn Lloyd (GB) moins de 0.5,MarShawn Lloyd (GB) moins de 0.5,0.5,1.01,0,False
16551680,GB Packers	 vs. ATL Falcons,Olamide Zaccheaus,Olamide Zaccheaus (ATL),2ème mi-temps - Touchdowns de réception du joueur Plus / Moins,31468,77062,1743094644,0.5|sa:player:nfl-883976|ATL,4535056938,Olamide Zaccheaus (ATL) Plus de 0.5,Olamide Zaccheaus (ATL) Plus de 0.5,0.5,8.5,0,False
16551680,GB Packers	 vs. ATL Falcons,Olamide Zaccheaus,Olamide Zaccheaus (ATL),2ème mi-temps - Touchdowns de réception du joueur Plus / Moins,31468,77062,1743094644,0.5|sa:player:nfl-883976|ATL,4535056939,Olamide Zaccheaus (ATL) moins de 0.5,Olamide Zaccheaus (ATL) moins de 0.5,0.5,1.01,0,False
16551680,GB Packers	 vs. ATL Falcons,Zachariah Branch,Zachariah Branch (ATL),2ème mi-temps - Touchdowns de réception du joueur Plus / Moins,31468,77062,1743095609,0.5|sa:player:nfl-1441110|ATL,4535058626,Zachariah Branch (ATL) Plus de 0.5,Zachariah Branch (ATL) Plus de 0.5,0.5,8.5,0,False
16551680,GB Packers	 vs. ATL Falcons,Zachariah Branch,Zachariah Branch (ATL),2ème mi-temps - Touchdowns de réception du joueur Plus / Moins,31468,77062,1743095609,0.5|sa:player:nfl-1441110|ATL,4535058627,Zachariah Branch (ATL) moins de 0.5,Zachariah Branch (ATL) moins de 0.5,0.5,1.01,0,False
16551680,GB Packers	 vs. ATL Falcons,Jordan Love,Jordan Love (GB),2ème mi-temps - Total de Touchdowns à la passe du joueur - Plus/Moins,31462,77056,1743094682,0.5|sa:player:nfl-912137|GB,4535057004,Jordan Love (GB) Plus de 0.5,Jordan Love (GB) Plus de 0.5,0.5,1.6061,0,False
16551680,GB Packers	 vs. ATL Falcons,Jordan Love,Jordan Love (GB),2ème mi-temps - Total de Touchdowns à la passe du joueur - Plus/Moins,31462,77056,1743094682,0.5|sa:player:nfl-912137|GB,4535057005,Jordan Love (GB) moins de 0.5,Jordan Love (GB) moins de 0.5,0.5,2.05,0,False
16551680,GB Packers	 vs. ATL Falcons,Michael Penix,Michael Penix (ATL),2ème mi-temps - Total de Touchdowns à la passe du joueur - Plus/Moins,31462,77056,1743095015,0.5|sa:player:nfl-1107478|ATL,4535057589,Michael Penix (ATL) Plus de 0.5,Michael Penix (ATL) Plus de 0.5,0.5,1.9524,0,False
16551680,GB Packers	 vs. ATL Falcons,Michael Penix,Michael Penix (ATL),2ème mi-temps - Total de Touchdowns à la passe du joueur - Plus/Moins,31462,77056,1743095015,0.5|sa:player:nfl-1107478|ATL,4535057590,Michael Penix (ATL) moins de 0.5,Michael Penix (ATL) moins de 0.5,0.5,1.6667,0,False
16551680,GB Packers	 vs. ATL Falcons,Bijan Robinson,Bijan Robinson (ATL),Premier quart-temps - Touchdowns de course du joueur Plus / Moins,31475,77069,1743095456,0.5|sa:player:nfl-1228244|ATL|1,4535058357,Bijan Robinson (ATL) Plus de 0.5,Bijan Robinson (ATL) Plus de 0.5,0.5,5.0,0,False
16551680,GB Packers	 vs. ATL Falcons,Bijan Robinson,Bijan Robinson (ATL),Premier quart-temps - Touchdowns de course du joueur Plus / Moins,31475,77069,1743095456,0.5|sa:player:nfl-1228244|ATL|1,4535058358,Bijan Robinson (ATL) moins de 0.5,Bijan Robinson (ATL) moins de 0.5,0.5,1.1,0,False
16551680,GB Packers	 vs. ATL Falcons,MarShawn Lloyd,MarShawn Lloyd (GB),Premier quart-temps - Touchdowns de course du joueur Plus / Moins,31475,77069,1743095371,0.5|sa:player:nfl-1213414|GB|1,4535058208,MarShawn Lloyd (GB) Plus de 0.5,MarShawn Lloyd (GB) Plus de 0.5,0.5,6.0,0,False
16551680,GB Packers	 vs. ATL Falcons,MarShawn Lloyd,MarShawn Lloyd (GB),Premier quart-temps - Touchdowns de course du joueur Plus / Moins,31475,77069,1743095371,0.5|sa:player:nfl-1213414|GB|1,4535058209,MarShawn Lloyd (GB) moins de 0.5,MarShawn Lloyd (GB) moins de 0.5,0.5,1.0589,0,False
16551680,GB Packers	 vs. ATL Falcons,Kaleb Johnson,Kaleb Johnson (GB),Premier quart-temps - Touchdowns de course du joueur Plus / Moins,31475,77069,1743095574,0.5|sa:player:nfl-1381902|GB|1,4535058566,Kaleb Johnson (GB) Plus de 0.5,Kaleb Johnson (GB) Plus de 0.5,0.5,7.5,0,False
16551680,GB Packers	 vs. ATL Falcons,Kaleb Johnson,Kaleb Johnson (GB),Premier quart-temps - Touchdowns de course du joueur Plus / Moins,31475,77069,1743095574,0.5|sa:player:nfl-1381902|GB|1,4535058567,Kaleb Johnson (GB) moins de 0.5,Kaleb Johnson (GB) moins de 0.5,0.5,1.02,0,False
16551680,GB Packers	 vs. ATL Falcons,Chris Brooks,Chris Brooks (GB),Premier quart-temps - Touchdowns de course du joueur Plus / Moins,31475,77069,1743095211,0.5|sa:player:nfl-1127065|GB|1,4535057931,Chris Brooks (GB) Plus de 0.5,Chris Brooks (GB) Plus de 0.5,0.5,7.75,0,False
16551680,GB Packers	 vs. ATL Falcons,Chris Brooks,Chris Brooks (GB),Premier quart-temps - Touchdowns de course du joueur Plus / Moins,31475,77069,1743095211,0.5|sa:player:nfl-1127065|GB|1,4535057932,Chris Brooks (GB) moins de 0.5,Chris Brooks (GB) moins de 0.5,0.5,1.02,0,False
16551680,GB Packers	 vs. ATL Falcons,Brian Robinson,Brian Robinson (ATL),Premier quart-temps - Touchdowns de course du joueur Plus / Moins,31475,77069,1743094840,0.5|sa:player:nfl-973966|ATL|1,4535057290,Brian Robinson (ATL) Plus de 0.5,Brian Robinson (ATL) Plus de 0.5,0.5,8.5,0,False
16551680,GB Packers	 vs. ATL Falcons,Brian Robinson,Brian Robinson (ATL),Premier quart-temps - Touchdowns de course du joueur Plus / Moins,31475,77069,1743094840,0.5|sa:player:nfl-973966|ATL|1,4535057291,Brian Robinson (ATL) moins de 0.5,Brian Robinson (ATL) moins de 0.5,0.5,1.01,0,False
16551680,GB Packers	 vs. ATL Falcons,Jordan Love,Jordan Love (GB),Premier quart-temps - Touchdowns de course du joueur Plus / Moins,31475,77069,1743094705,0.5|sa:player:nfl-912137|GB|1,4535057050,Jordan Love (GB) Plus de 0.5,Jordan Love (GB) Plus de 0.5,0.5,8.5,0,False
16551680,GB Packers	 vs. ATL Falcons,Jordan Love,Jordan Love (GB),Premier quart-temps - Touchdowns de course du joueur Plus / Moins,31475,77069,1743094705,0.5|sa:player:nfl-912137|GB|1,4535057051,Jordan Love (GB) moins de 0.5,Jordan Love (GB) moins de 0.5,0.5,0.0,7,False
16551680,GB Packers	 vs. ATL Falcons,Michael Penix,Michael Penix (ATL),Premier quart-temps - Touchdowns de course du joueur Plus / Moins,31475,77069,1743095038,0.5|sa:player:nfl-1107478|ATL|1,4535057635,Michael Penix (ATL) Plus de 0.5,Michael Penix (ATL) Plus de 0.5,0.5,9.0,0,False
16551680,GB Packers	 vs. ATL Falcons,Michael Penix,Michael Penix (ATL),Premier quart-temps - Touchdowns de course du joueur Plus / Moins,31475,77069,1743095038,0.5|sa:player:nfl-1107478|ATL|1,4535057636,Michael Penix (ATL) moins de 0.5,Michael Penix (ATL) moins de 0.5,0.5,0.0,7,False
16551680,GB Packers	 vs. ATL Falcons,Christian Watson,Christian Watson (GB),Premier quart-temps - Touchdowns de réception du joueur Plus / Moins,31469,77063,1743094925,0.5|sa:player:nfl-1067918|GB|1,4535057437,Christian Watson (GB) Plus de 0.5,Christian Watson (GB) Plus de 0.5,0.5,6.25,0,False
16551680,GB Packers	 vs. ATL Falcons,Christian Watson,Christian Watson (GB),Premier quart-temps - Touchdowns de réception du joueur Plus / Moins,31469,77063,1743094925,0.5|sa:player:nfl-1067918|GB|1,4535057438,Christian Watson (GB) moins de 0.5,Christian Watson (GB) moins de 0.5,0.5,1.05,0,False
16551680,GB Packers	 vs. ATL Falcons,Matthew Golden,Matthew Golden (GB),Premier quart-temps - Touchdowns de réception du joueur Plus / Moins,31469,77063,1743095528,0.5|sa:player:nfl-1379267|GB|1,4535058484,Matthew Golden (GB) Plus de 0.5,Matthew Golden (GB) Plus de 0.5,0.5,6.75,0,False
16551680,GB Packers	 vs. ATL Falcons,Matthew Golden,Matthew Golden (GB),Premier quart-temps - Touchdowns de réception du joueur Plus / Moins,31469,77063,1743095528,0.5|sa:player:nfl-1379267|GB|1,4535058485,Matthew Golden (GB) moins de 0.5,Matthew Golden (GB) moins de 0.5,0.5,1.04,0,False
16551680,GB Packers	 vs. ATL Falcons,Tucker Kraft,Tucker Kraft (GB),Premier quart-temps - Touchdowns de réception du joueur Plus / Moins,31469,77063,1743095326,0.5|sa:player:nfl-1181874|GB|1,4535058128,Tucker Kraft (GB) Plus de 0.5,Tucker Kraft (GB) Plus de 0.5,0.5,6.75,0,False
16551680,GB Packers	 vs. ATL Falcons,Tucker Kraft,Tucker Kraft (GB),Premier quart-temps - Touchdowns de réception du joueur Plus / Moins,31469,77063,1743095326,0.5|sa:player:nfl-1181874|GB|1,4535058129,Tucker Kraft (GB) moins de 0.5,Tucker Kraft (GB) moins de 0.5,0.5,1.04,0,False
16551680,GB Packers	 vs. ATL Falcons,Drake London,Drake London (ATL),Premier quart-temps - Touchdowns de réception du joueur Plus / Moins,31469,77063,1743095299,0.5|sa:player:nfl-1178741|ATL|1,4535058083,Drake London (ATL) Plus de 0.5,Drake London (ATL) Plus de 0.5,0.5,7.75,0,False
16551680,GB Packers	 vs. ATL Falcons,Drake London,Drake London (ATL),Premier quart-temps - Touchdowns de réception du joueur Plus / Moins,31469,77063,1743095299,0.5|sa:player:nfl-1178741|ATL|1,4535058084,Drake London (ATL) moins de 0.5,Drake London (ATL) moins de 0.5,0.5,1.02,0,False
16551680,GB Packers	 vs. ATL Falcons,Bijan Robinson,Bijan Robinson (ATL),Premier quart-temps - Touchdowns de réception du joueur Plus / Moins,31469,77063,1743095443,0.5|sa:player:nfl-1228244|ATL|1,4535058331,Bijan Robinson (ATL) Plus de 0.5,Bijan Robinson (ATL) Plus de 0.5,0.5,8.5,0,False
16551680,GB Packers	 vs. ATL Falcons,Bijan Robinson,Bijan Robinson (ATL),Premier quart-temps - Touchdowns de réception du joueur Plus / Moins,31469,77063,1743095443,0.5|sa:player:nfl-1228244|ATL|1,4535058332,Bijan Robinson (ATL) moins de 0.5,Bijan Robinson (ATL) moins de 0.5,0.5,1.01,0,False
16551680,GB Packers	 vs. ATL Falcons,Chris Brooks,Chris Brooks (GB),Premier quart-temps - Touchdowns de réception du joueur Plus / Moins,31469,77063,1743095198,0.5|sa:player:nfl-1127065|GB|1,4535057905,Chris Brooks (GB) Plus de 0.5,Chris Brooks (GB) Plus de 0.5,0.5,8.5,0,False
16551680,GB Packers	 vs. ATL Falcons,Chris Brooks,Chris Brooks (GB),Premier quart-temps - Touchdowns de réception du joueur Plus / Moins,31469,77063,1743095198,0.5|sa:player:nfl-1127065|GB|1,4535057906,Chris Brooks (GB) moins de 0.5,Chris Brooks (GB) moins de 0.5,0.5,0.0,7,False
16551680,GB Packers	 vs. ATL Falcons,Jahan Dotson,Jahan Dotson (ATL),Premier quart-temps - Touchdowns de réception du joueur Plus / Moins,31469,77063,1743095106,0.5|sa:player:nfl-1121878|ATL|1,4535057750,Jahan Dotson (ATL) Plus de 0.5,Jahan Dotson (ATL) Plus de 0.5,0.5,8.5,0,False
16551680,GB Packers	 vs. ATL Falcons,Jahan Dotson,Jahan Dotson (ATL),Premier quart-temps - Touchdowns de réception du joueur Plus / Moins,31469,77063,1743095106,0.5|sa:player:nfl-1121878|ATL|1,4535057751,Jahan Dotson (ATL) moins de 0.5,Jahan Dotson (ATL) moins de 0.5,0.5,0.0,7,False
16551680,GB Packers	 vs. ATL Falcons,Jonnu Smith,Jonnu Smith (GB),Premier quart-temps - Touchdowns de réception du joueur Plus / Moins,31469,77063,1743094590,0.5|sa:player:nfl-743749|GB|1,4535056844,Jonnu Smith (GB) Plus de 0.5,Jonnu Smith (GB) Plus de 0.5,0.5,8.5,0,False
16551680,GB Packers	 vs. ATL Falcons,Jonnu Smith,Jonnu Smith (GB),Premier quart-temps - Touchdowns de réception du joueur Plus / Moins,31469,77063,1743094590,0.5|sa:player:nfl-743749|GB|1,4535056845,Jonnu Smith (GB) moins de 0.5,Jonnu Smith (GB) moins de 0.5,0.5,0.0,7,False
16551680,GB Packers	 vs. ATL Falcons,Kyle Pitts,Kyle Pitts (ATL),Premier quart-temps - Touchdowns de réception du joueur Plus / Moins,31469,77063,1743095144,0.5|sa:player:nfl-1123026|ATL|1,4535057816,Kyle Pitts (ATL) moins de 0.5,Kyle Pitts (ATL) moins de 0.5,0.5,1.01,0,False
16551680,GB Packers	 vs. ATL Falcons,Kyle Pitts,Kyle Pitts (ATL),Premier quart-temps - Touchdowns de réception du joueur Plus / Moins,31469,77063,1743095144,0.5|sa:player:nfl-1123026|ATL|1,4535057815,Kyle Pitts (ATL) Plus de 0.5,Kyle Pitts (ATL) Plus de 0.5,0.5,8.5,0,False
16551680,GB Packers	 vs. ATL Falcons,MarShawn Lloyd,MarShawn Lloyd (GB),Premier quart-temps - Touchdowns de réception du joueur Plus / Moins,31469,77063,1743095358,0.5|sa:player:nfl-1213414|GB|1,4535058182,MarShawn Lloyd (GB) Plus de 0.5,MarShawn Lloyd (GB) Plus de 0.5,0.5,8.5,0,False
16551680,GB Packers	 vs. ATL Falcons,MarShawn Lloyd,MarShawn Lloyd (GB),Premier quart-temps - Touchdowns de réception du joueur Plus / Moins,31469,77063,1743095358,0.5|sa:player:nfl-1213414|GB|1,4535058183,MarShawn Lloyd (GB) moins de 0.5,MarShawn Lloyd (GB) moins de 0.5,0.5,0.0,7,False
16551680,GB Packers	 vs. ATL Falcons,Skyy Moore,Skyy Moore (GB),Premier quart-temps - Touchdowns de réception du joueur Plus / Moins,31469,77063,1743095267,0.5|sa:player:nfl-1176730|GB|1,4535058029,Skyy Moore (GB) Plus de 0.5,Skyy Moore (GB) Plus de 0.5,0.5,8.5,0,False
16551680,GB Packers	 vs. ATL Falcons,Skyy Moore,Skyy Moore (GB),Premier quart-temps - Touchdowns de réception du joueur Plus / Moins,31469,77063,1743095267,0.5|sa:player:nfl-1176730|GB|1,4535058030,Skyy Moore (GB) moins de 0.5,Skyy Moore (GB) moins de 0.5,0.5,0.0,7,False
16551680,GB Packers	 vs. ATL Falcons,Zachariah Branch,Zachariah Branch (ATL),Premier quart-temps - Touchdowns de réception du joueur Plus / Moins,31469,77063,1743095610,0.5|sa:player:nfl-1441110|ATL|1,4535058628,Zachariah Branch (ATL) Plus de 0.5,Zachariah Branch (ATL) Plus de 0.5,0.5,9.0,0,False
16551680,GB Packers	 vs. ATL Falcons,Zachariah Branch,Zachariah Branch (ATL),Premier quart-temps - Touchdowns de réception du joueur Plus / Moins,31469,77063,1743095610,0.5|sa:player:nfl-1441110|ATL|1,4535058629,Zachariah Branch (ATL) moins de 0.5,Zachariah Branch (ATL) moins de 0.5,0.5,0.0,7,False
16551680,GB Packers	 vs. ATL Falcons,Jordan Love,Jordan Love (GB),Premier quart-temps - 	 Total de Touchdowns à la passe du joueur - Plus/Moins,31463,77057,1743094683,0.5|sa:player:nfl-912137|GB|1,4535057006,Jordan Love (GB) Plus de 0.5,Jordan Love (GB) Plus de 0.5,0.5,2.6,0,False
16551680,GB Packers	 vs. ATL Falcons,Jordan Love,Jordan Love (GB),Premier quart-temps - 	 Total de Touchdowns à la passe du joueur - Plus/Moins,31463,77057,1743094683,0.5|sa:player:nfl-912137|GB|1,4535057007,Jordan Love (GB) moins de 0.5,Jordan Love (GB) moins de 0.5,0.5,1.3847,0,False
16551680,GB Packers	 vs. ATL Falcons,Michael Penix,Michael Penix (ATL),Premier quart-temps - 	 Total de Touchdowns à la passe du joueur - Plus/Moins,31463,77057,1743095016,0.5|sa:player:nfl-1107478|ATL|1,4535057592,Michael Penix (ATL) moins de 0.5,Michael Penix (ATL) moins de 0.5,0.5,1.1429,0,False
16551680,GB Packers	 vs. ATL Falcons,Michael Penix,Michael Penix (ATL),Premier quart-temps - 	 Total de Touchdowns à la passe du joueur - Plus/Moins,31463,77057,1743095016,0.5|sa:player:nfl-1107478|ATL|1,4535057591,Michael Penix (ATL) Plus de 0.5,Michael Penix (ATL) Plus de 0.5,0.5,4.25,0,False
16551680,GB Packers	 vs. ATL Falcons,Jordan Love,Jordan Love (GB),Deuxième quart-temps - 	 Total de Touchdowns à la passe du joueur - Plus/Moins,31463,77057,1743094684,0.5|sa:player:nfl-912137|GB|2,4535057008,Jordan Love (GB) Plus de 0.5,Jordan Love (GB) Plus de 0.5,0.5,1.9524,0,False
16551680,GB Packers	 vs. ATL Falcons,Jordan Love,Jordan Love (GB),Deuxième quart-temps - 	 Total de Touchdowns à la passe du joueur - Plus/Moins,31463,77057,1743094684,0.5|sa:player:nfl-912137|GB|2,4535057009,Jordan Love (GB) moins de 0.5,Jordan Love (GB) moins de 0.5,0.5,1.6667,0,False
16551680,GB Packers	 vs. ATL Falcons,Michael Penix,Michael Penix (ATL),Deuxième quart-temps - 	 Total de Touchdowns à la passe du joueur - Plus/Moins,31463,77057,1743095017,0.5|sa:player:nfl-1107478|ATL|2,4535057593,Michael Penix (ATL) Plus de 0.5,Michael Penix (ATL) Plus de 0.5,0.5,3.1,0,False
16551680,GB Packers	 vs. ATL Falcons,Michael Penix,Michael Penix (ATL),Deuxième quart-temps - 	 Total de Touchdowns à la passe du joueur - Plus/Moins,31463,77057,1743095017,0.5|sa:player:nfl-1107478|ATL|2,4535057594,Michael Penix (ATL) moins de 0.5,Michael Penix (ATL) moins de 0.5,0.5,1.2667,0,False
16551680,GB Packers	 vs. ATL Falcons,Jordan Love,Jordan Love (GB),Troisième quart-temps - 	 Total de Touchdowns à la passe du joueur - Plus/Moins,31463,77057,1743094685,0.5|sa:player:nfl-912137|GB|3,4535057010,Jordan Love (GB) Plus de 0.5,Jordan Love (GB) Plus de 0.5,0.5,2.65,0,False
16551680,GB Packers	 vs. ATL Falcons,Jordan Love,Jordan Love (GB),Troisième quart-temps - 	 Total de Touchdowns à la passe du joueur - Plus/Moins,31463,77057,1743094685,0.5|sa:player:nfl-912137|GB|3,4535057011,Jordan Love (GB) moins de 0.5,Jordan Love (GB) moins de 0.5,0.5,1.3637,0,False
16551680,GB Packers	 vs. ATL Falcons,Michael Penix,Michael Penix (ATL),Troisième quart-temps - 	 Total de Touchdowns à la passe du joueur - Plus/Moins,31463,77057,1743095018,0.5|sa:player:nfl-1107478|ATL|3,4535057595,Michael Penix (ATL) Plus de 0.5,Michael Penix (ATL) Plus de 0.5,0.5,4.0,0,False
16551680,GB Packers	 vs. ATL Falcons,Michael Penix,Michael Penix (ATL),Troisième quart-temps - 	 Total de Touchdowns à la passe du joueur - Plus/Moins,31463,77057,1743095018,0.5|sa:player:nfl-1107478|ATL|3,4535057596,Michael Penix (ATL) moins de 0.5,Michael Penix (ATL) moins de 0.5,0.5,1.1667,0,False
16551680,GB Packers	 vs. ATL Falcons,Jordan Love,Jordan Love (GB),Quatrième quart-temps - 	 Total de Touchdowns à la passe du joueur - Plus/Moins,31463,77057,1743094686,0.5|sa:player:nfl-912137|GB|4,4535057012,Jordan Love (GB) Plus de 0.5,Jordan Love (GB) Plus de 0.5,0.5,2.4,0,False
16551680,GB Packers	 vs. ATL Falcons,Jordan Love,Jordan Love (GB),Quatrième quart-temps - 	 Total de Touchdowns à la passe du joueur - Plus/Moins,31463,77057,1743094686,0.5|sa:player:nfl-912137|GB|4,4535057013,Jordan Love (GB) moins de 0.5,Jordan Love (GB) moins de 0.5,0.5,1.4445,0,False
16551680,GB Packers	 vs. ATL Falcons,Michael Penix,Michael Penix (ATL),Quatrième quart-temps - 	 Total de Touchdowns à la passe du joueur - Plus/Moins,31463,77057,1743095019,0.5|sa:player:nfl-1107478|ATL|4,4535057597,Michael Penix (ATL) Plus de 0.5,Michael Penix (ATL) Plus de 0.5,0.5,2.75,0,False
16551680,GB Packers	 vs. ATL Falcons,Michael Penix,Michael Penix (ATL),Quatrième quart-temps - 	 Total de Touchdowns à la passe du joueur - Plus/Moins,31463,77057,1743095019,0.5|sa:player:nfl-1107478|ATL|4,4535057598,Michael Penix (ATL) moins de 0.5,Michael Penix (ATL) moins de 0.5,0.5,1.3449,0,False
