match_gp,player,market_type,side,line,gp_selection,gp_price,pin_player,pin_price,pin_fair_price,pin_fair_prob,ev_pct,gp_market,gp_odd_id,pin_fixture_id
NE Patriots vs. LV Raiders,Drake Maye,playertotals-rushattempts,Over,5.5,Drake Maye (NE) Plus de 5.5,2.1,"Maye, Drake",1.699,1.8168269230769232,0.5504101614183646,15.58613389785657,Joueur tentative de gain par la course (prolongations incluses),4611762060,id1400003171515876
NO Saints vs. MIN Vikings,Chris Olave,playertotals-receptions,Under,6.5,Chris Olave (NO) moins de 6.5,2.0,"Olave, Chris",1.699,1.8168269230769232,0.5504101614183646,10.082032283672927,Total de réceptions Plus/Moins(Incl. Prolongations),4605940953,id1400003171515878
WAS Commanders vs. NY Giants,Jayden Daniels,playertotals-tdpasses,Over,1.5,Jayden Daniels (WAS) Plus de 1.5,2.45,"Daniels, Jayden",2.1,2.2470308788598574,0.445031712473573,9.03276955602539,Total de Touchdowns à la passe du joueur (Incl. Prolongations),4602158542,id1400003171515886
ARZ Cardinals vs. DET Lions,Jameson Williams,playertotals-receptions,Over,3.5,Jameson Williams (DET) Plus de 3.5,2.0,"Williams, Jameson",1.724,1.8450980392156864,0.5419766206163655,8.395324123273106,Total de réceptions Plus/Moins(Incl. Prolongations),4598080152,id1400003171515890
TEN Titans vs. HOU Texans,Gunnar Helm,playertotals-receptions,Over,2.5,Gunnar Helm (TEN) Plus de 2.5,2.3,"Helm, Gunnar",2.0,2.1383039271485487,0.46766036731434657,7.561884482299708,Total de réceptions Plus/Moins(Incl. Prolongations),4597168354,id1400003171515884
ATL Falcons vs. BAL Ravens,Jahan Dotson,playertotals-receptions,Over,1.5,Jahan Dotson (ATL) Plus de 1.5,1.8696,"Dotson, Jahan",1.641,1.7562211981566824,0.5694043558121227,6.455838362634458,Total de réceptions Plus/Moins(Incl. Prolongations),4604569338,id1400003171515896
SEA Seahawks vs. SF 49ers,Brock Purdy,playertotals-tdpasses,Over,1.5,Brock Purdy (SF) Plus de 1.5,2.15,"Purdy, Brock",1.925,2.05827377680044,0.48584401709401703,4.456463675213662,Total de Touchdowns à la passe du joueur (Incl. Prolongations),4597736473,id1400003171515894
ARZ Cardinals vs. DET Lions,Michael Wilson,playertotals-receptions,Over,5.5,Michael Wilson (ARI) Plus de 5.5,1.8696,"Wilson, Michael",1.675,1.7900943396226412,0.5586297760210804,4.441422924901195,Total de réceptions Plus/Moins(Incl. Prolongations),4605373220,id1400003171515890
JAX Jaguars vs. PHI Eagles,Makai Lemon,playertotals-receptions,Over,3.5,Makai Lemon (PHI) Plus de 3.5,2.0,"Lemon, Makai",1.8,1.9264024704065879,0.5191023243387657,3.820464867753137,Total de réceptions Plus/Moins(Incl. Prolongations),4602636779,id1400003171488624
TEN Titans vs. HOU Texans,Calvin Ridley,playertotals-receptions,Under,0.5,Calvin Ridley (TEN) moins de 0.5,2.65,"Ridley, Calvin",2.4,2.5676028739386023,0.3894683286695497,3.2091070974306746,Total de réceptions Plus/Moins(Incl. Prolongations),4597166941,id1400003171515884
JAX Jaguars vs. PHI Eagles,Will Shipley,playertotals-receptions,Over,2.5,Will Shipley (PHI) Plus de 2.5,2.1,"Shipley, Will",1.925,2.05827377680044,0.48584401709401703,2.027243589743577,Total de réceptions Plus/Moins(Incl. Prolongations),4602677927,id1400003171488624
WAS Commanders vs. NY Giants,Darnell Mooney,playertotals-receptions,Over,1.5,Darnell Mooney (NYG) Plus de 1.5,1.9091,"Mooney, Darnell",1.757,1.8785,0.5323396326856534,1.6289592760180938,Total de réceptions Plus/Moins(Incl. Prolongations),4597162051,id1400003171515886
SEA Seahawks vs. SF 49ers,Emanuel Wilson,playertotals-rushattempts,Over,16.5,Emanuel Wilson (SEA) Plus de 16.5,1.9524,"Wilson, Emanuel",1.8,1.9264024704065879,0.5191023243387657,1.3495378039006134,Joueur tentative de gain par la course (prolongations incluses),4602634102,id1400003171515894
TEN Titans vs. HOU Texans,Carnell Tate,playertotals-receptions,Over,4.5,Carnell Tate (TEN) Plus de 4.5,1.9524,"Tate, Carnell",1.806,1.9294904786412768,0.5182715390770871,1.187335289410485,Total de réceptions Plus/Moins(Incl. Prolongations),4600927059,id1400003171515884
PIT Steelers vs. IND Colts,Darnell Washington,playertotals-receptions,Under,2.5,Darnell Washington (PIT) moins de 2.5,1.7408,"Washington, Darnell",1.613,1.7265765765765766,0.5791807983302896,0.8237933733368008,Total de réceptions Plus/Moins(Incl. Prolongations),4596510605,id1400003171515882
ARZ Cardinals vs. DET Lions,Jared Goff,playertotals-passattempts,Under,35.5,Jared Goff (DET) moins de 35.5,1.8,"Goff, Jared",1.675,1.7900943396226412,0.5586297760210804,0.5533596837944854,Tentatives de passes du joueur Plus/Moins (Incl. Prolongations),4605373203,id1400003171515890
TEN Titans vs. HOU Texans,Wan'dale Robinson,playertotals-receptions,Over,3.5,Wan'dale Robinson (TEN) Plus de 3.5,1.9524,"Robinson, Wan'dale",1.813,1.9418181818181817,0.5149812734082397,0.5449438202247192,Total de réceptions Plus/Moins(Incl. Prolongations),4600931778,id1400003171515884
LA Chargers vs. DEN Broncos,Jaylen Waddle,playertotals-receptions,Over,4.5,Jaylen Waddle (DEN) Plus de 4.5,2.1,"Waddle, Jaylen",1.952,2.0886781929726714,0.47877169559412547,0.5420560747663616,Total de réceptions Plus/Moins(Incl. Prolongations),4601559953,id1400003171515888
LA Chargers vs. DEN Broncos,Courtland Sutton,playertotals-receptions,Under,3.5,Courtland Sutton (DEN) moins de 3.5,1.7408,"Sutton, Courtland",1.625,1.7386363636363638,0.5751633986928104,0.12444444444443814,Total de réceptions Plus/Moins(Incl. Prolongations),4597731178,id1400003171515888
NE Patriots vs. LV Raiders,Drake Maye,playertotals-tdpasses,Over,1.5,Drake Maye (NE) Plus de 1.5,2.05,"Maye, Drake",1.917,2.0498357064622126,0.4878439754207854,0.008014961260993658,Total de Touchdowns à la passe du joueur (Incl. Prolongations),4597734723,id1400003171515876
WAS Commanders vs. NY Giants,Isaiah Likely,playertotals-receptions,Over,4.5,Isaiah Likely (NYG) Plus de 4.5,1.9524,"Likely, Isaiah",1.826,1.952529994783516,0.5121560245792145,-0.006657761154160724,Total de réceptions Plus/Moins(Incl. Prolongations),4601462173,id1400003171515886
MIA Dolphins vs. CIN Bengals,Malik Willis,playertotals-tdpasses,Under,0.5,Malik Willis (MIA) moins de 0.5,2.5,"Willis, Malik",2.34,2.504823151125402,0.3992297817715019,-0.19255455712452463,Total de Touchdowns à la passe du joueur (Incl. Prolongations),4598622111,id1400003171515874
WAS Commanders vs. NY Giants,Malachi Fields,playertotals-receptions,Under,2.5,Malachi Fields (NYG) moins de 2.5,1.7408,"Fields, Malachi",1.632,1.7486238532110088,0.571878279118573,-0.44742917103881563,Total de réceptions Plus/Moins(Incl. Prolongations),4597163431,id1400003171515886
ARZ Cardinals vs. DET Lions,Tyler Allgeier,playertotals-receptions,Under,2.5,Tyler Allgeier (ARI) moins de 2.5,1.5715,"Allgeier, Tyler",1.476,1.5811023622047244,0.6324701195219123,-0.6073207171314765,Total de réceptions Plus/Moins(Incl. Prolongations),4605373233,id1400003171515890
TEN Titans vs. HOU Texans,Xavier Hutchinson,playertotals-receptions,Under,1.5,Xavier Hutchinson (HOU) moins de 1.5,1.7693,"Hutchinson, Xavier",1.666,1.7821596244131455,0.5611169652265543,-0.7215753424657412,Total de réceptions Plus/Moins(Incl. Prolongations),4611890024,id1400003171515884
NO Saints vs. MIN Vikings,Tyler Shough,playertotals-tdpasses,Under,1.5,Tyler Shough (NO) moins de 1.5,1.5715,"Shough, Tyler",1.487,1.5900793650793652,0.6288994260044921,-1.1684552033940698,Total de Touchdowns à la passe du joueur (Incl. Prolongations),4602592229,id1400003171515878
TEN Titans vs. HOU Texans,Elic Ayomanor,playertotals-receptions,Over,1.5,Elic Ayomanor (TEN) Plus de 1.5,2.0,"Ayomanor, Elic",1.892,2.024363833243097,0.49398234822144954,-1.2035303557100918,Total de réceptions Plus/Moins(Incl. Prolongations),4597168536,id1400003171515884
ATL Falcons vs. BAL Ravens,Mark Andrews,playertotals-receptions,Over,3.5,Mark Andrews (BAL) Plus de 3.5,1.8696,"Andrews, Mark",1.769,1.8934343434343437,0.5281408375566817,-1.2587890104027832,Total de réceptions Plus/Moins(Incl. Prolongations),4602589420,id1400003171515896
JAX Jaguars vs. PHI Eagles,Trevor Lawrence,playertotals-tdpasses,Under,1.5,Trevor Lawrence (JAX) moins de 1.5,1.8696,"Lawrence, Trevor",1.769,1.8934343434343437,0.5281408375566817,-1.2587890104027832,Total de Touchdowns à la passe du joueur (Incl. Prolongations),4597219069,id1400003171488624
WAS Commanders vs. NY Giants,Jacory Merritt,playertotals-rushattempts,Under,13.5,Jacory Merritt (WAS) moins de 13.5,1.8696,"Merritt, Jacory",1.769,1.8934343434343437,0.5281408375566817,-1.2587890104027832,Joueur tentative de gain par la course (prolongations incluses),4602222424,id1400003171515886
LA Chargers vs. DEN Broncos,Keaton Mitchell,playertotals-rushattempts,Over,7.5,Keaton Mitchell (LAC) Plus de 7.5,1.8696,"Mitchell, Keaton",1.769,1.8934343434343437,0.5281408375566817,-1.2587890104027832,Joueur tentative de gain par la course (prolongations incluses),4610703308,id1400003171515888
PIT Steelers vs. IND Colts,Keenan Allen,playertotals-receptions,Over,2.5,Keenan Allen (IND) Plus de 2.5,1.6061,"Allen, Keenan",1.52,1.628099173553719,0.6142131979695432,-1.351218274111654,Total de réceptions Plus/Moins(Incl. Prolongations),4601691930,id1400003171515882
LA Chargers vs. DEN Broncos,J.K. Dobbins,playertotals-rushattempts,Over,13.5,J.K. Dobbins (DEN) Plus de 13.5,1.9091,"Dobbins, J.K.",1.819,1.9449350649350647,0.514155982905983,-1.842481303418786,Joueur tentative de gain par la course (prolongations incluses),4610023896,id1400003171515888
LA Chargers vs. DEN Broncos,Omarion Hampton,playertotals-rushattempts,Over,10.5,Omarion Hampton (LAC) Plus de 10.5,1.9091,"Hampton, Omarion",1.826,1.952529994783516,0.5121560245792145,-2.2242933475821625,Joueur tentative de gain par la course (prolongations incluses),4610658847,id1400003171515888
SEA Seahawks vs. SF 49ers,George Kittle,playertotals-receptions,Under,4.5,George Kittle (SF) moins de 4.5,1.9524,"Kittle, George",1.869,2.0,0.5,-2.3800000000000043,Total de réceptions Plus/Moins(Incl. Prolongations),4597735644,id1400003171515894
SEA Seahawks vs. SF 49ers,Brock Purdy,playertotals-passattempts,Under,32.5,Brock Purdy (SF) moins de 32.5,1.8334,"Purdy, Brock",1.757,1.8785,0.5323396326856534,-2.4008517434123022,Tentatives de passes du joueur Plus/Moins (Incl. Prolongations),4600788201,id1400003171515894
ATL Falcons vs. BAL Ravens,Zay Flowers,playertotals-receptions,Under,5.5,Zay Flowers (BAL) moins de 5.5,1.8334,"Flowers, Zay",1.757,1.8785,0.5323396326856534,-2.4008517434123022,Total de réceptions Plus/Moins(Incl. Prolongations),4605442058,id1400003171515896
GB Packers vs. CHI Bears,Jordan Love,playertotals-tdpasses,Under,1.5,Jordan Love (GB) moins de 1.5,1.6897,"Love, Jordan",1.617,1.7316742081447964,0.5774758296315652,-2.4239090671544283,Total de Touchdowns à la passe du joueur (Incl. Prolongations),4597111902,id1400003171515892
ARZ Cardinals vs. DET Lions,Marvin Harrison Jr.,playertotals-receptions,Over,2.5,Marvin Harrison Jr. (ARI) Plus de 2.5,1.7693,"Harrison Jr., Marvin",1.694,1.8144230769230767,0.5511393746687865,-2.4869104398515973,Total de réceptions Plus/Moins(Incl. Prolongations),4598080452,id1400003171515890
LA Rams vs. BUF Bills,Davante Adams,playertotals-receptions,Under,4.5,Davante Adams (LAR) moins de 4.5,1.7693,"Adams, Davante",1.694,1.8144230769230767,0.5511393746687865,-2.4869104398515973,Total de réceptions Plus/Moins(Incl. Prolongations),4597209029,id1400003171515898
JAX Jaguars vs. PHI Eagles,Josh Cameron,playertotals-receptions,Under,1.5,Josh Cameron (JAX) moins de 1.5,1.6667,"Cameron, Josh",1.598,1.7102222222222223,0.5847193347193347,-2.5448284823284872,Total de réceptions Plus/Moins(Incl. Prolongations),4604589396,id1400003171488624
ATL Falcons vs. BAL Ravens,Kyle Pitts,playertotals-receptions,Over,2.5,Kyle Pitts (ATL) Plus de 2.5,2.1,"Pitts, Kyle",2.02,2.160919540229885,0.46276595744680854,-2.8191489361702016,Total de réceptions Plus/Moins(Incl. Prolongations),4602590332,id1400003171515896
PIT Steelers vs. IND Colts,Jonathan Taylor,playertotals-receptions,Under,2.5,Jonathan Taylor (IND) moins de 2.5,1.9091,"Taylor, Jonathan",1.84,1.9684210526315793,0.5080213903743315,-3.013636363636374,Total de réceptions Plus/Moins(Incl. Prolongations),4601695315,id1400003171515882
NE Patriots vs. LV Raiders,Kirk Cousins,playertotals-tdpasses,Under,1.5,Kirk Cousins (LV) moins de 1.5,1.6061,"Cousins, Kirk",1.549,1.6563559322033896,0.6037349705807112,-3.0341263750319647,Total de Touchdowns à la passe du joueur (Incl. Prolongations),4597733209,id1400003171515876
GB Packers vs. CHI Bears,D'Andre Swift,playertotals-receptions,Under,2.5,D'Andre Swift (CHI) moins de 2.5,1.5556,"Swift, D'Andre",1.5,1.6048387096774193,0.6231155778894473,-3.0681407035175745,Total de réceptions Plus/Moins(Incl. Prolongations),4597112251,id1400003171515892
NO Saints vs. MIN Vikings,Devaughn Vele,playertotals-receptions,Over,3.5,Devaughn Vele (NO) Plus de 3.5,1.8334,"Vele, Devaughn",1.769,1.8934343434343437,0.5281408375566817,-3.1706588423579762,Total de réceptions Plus/Moins(Incl. Prolongations),4605621483,id1400003171515878
JAX Jaguars vs. PHI Eagles,Dontayvion Wicks,playertotals-receptions,Over,3.5,Dontayvion Wicks (PHI) Plus de 3.5,1.6897,"Wicks, Dontayvion",1.632,1.7486238532110088,0.571878279118573,-3.3697271773347137,Total de réceptions Plus/Moins(Incl. Prolongations),4602636611,id1400003171488624
TEN Titans vs. HOU Texans,David Montgomery,playertotals-receptions,Under,1.5,David Montgomery (HOU) moins de 1.5,1.7408,"Montgomery, David",1.684,1.8019047619047617,0.5549682875264271,-3.39112050739957,Total de réceptions Plus/Moins(Incl. Prolongations),4597167082,id1400003171515884
WAS Commanders vs. NY Giants,Jayden Daniels,playertotals-rushattempts,Under,6.5,Jayden Daniels (WAS) moins de 6.5,1.7693,"Daniels, Jayden",1.714,1.8320388349514563,0.5458399576046635,-3.4245363010068752,Joueur tentative de gain par la course (prolongations incluses),4602158599,id1400003171515886
DAL Cowboys vs. TB Buccaneers,Jalon Daniels,playertotals-rushattempts,Over,7.5,Jalon Daniels (TB) Plus de 7.5,2.0,"Daniels, Jalon",1.98,2.0720086626962644,0.48262346485497776,-3.4753070290044485,Joueur tentative de gain par la course (prolongations incluses),4597880227,id1400003171515872
LA Chargers vs. DEN Broncos,RJ Harvey,playertotals-receptions,Over,3.5,RJ Harvey (DEN) Plus de 3.5,1.625,"Harvey, RJ",1.574,1.6843478260869562,0.5937016004130099,-3.5234899328858926,Total de réceptions Plus/Moins(Incl. Prolongations),4597732842,id1400003171515888
DAL Cowboys vs. TB Buccaneers,Ted Hurst,playertotals-receptions,Under,1.5,Ted Hurst (TB) moins de 1.5,2.0,"Hurst, Ted",1.98,2.076086956521739,0.48167539267015713,-3.6649214659685736,Total de réceptions Plus/Moins(Incl. Prolongations),4597843791,id1400003171515872
MIA Dolphins vs. CIN Bengals,Joe Burrow,playertotals-passattempts,Over,32.5,Joe Burrow (CIN) Plus de 32.5,1.8696,"Burrow, Joe",1.819,1.9449350649350647,0.514155982905983,-3.87339743589743,Tentatives de passes du joueur Plus/Moins (Incl. Prolongations),4611809013,id1400003171515874
DAL Cowboys vs. TB Buccaneers,Dak Prescott,playertotals-interceptions,Under,0.5,Dak Prescott (DAL) moins de 0.5,1.7693,"Prescott, Dak",1.757,1.8406698564593302,0.5432804782947751,-3.8773849753054312,Passes du joueur interceptées Plus/Moins (Incl. Prolongations),4601627457,id1400003171515872
PIT Steelers vs. IND Colts,Tyler Warren,playertotals-receptions,Under,5.5,Tyler Warren (IND) moins de 5.5,1.7408,"Warren, Tyler",1.694,1.8144230769230767,0.5511393746687865,-4.0576576576576535,Total de réceptions Plus/Moins(Incl. Prolongations),4601553999,id1400003171515882
DAL Cowboys vs. TB Buccaneers,Kenneth Gainwell,playertotals-receptions,Over,1.5,Kenneth Gainwell (TB) Plus de 1.5,1.6061,"Gainwell, Kenneth",1.598,1.6742616033755273,0.5972782258064516,-4.071144153225803,Total de réceptions Plus/Moins(Incl. Prolongations),4597843639,id1400003171515872
GB Packers vs. CHI Bears,MarShawn Lloyd,playertotals-receptions,Over,2.5,MarShawn Lloyd (GB) Plus de 2.5,2.3,"Lloyd, MarShawn",2.24,2.3982521847690386,0.41697032795419053,-4.096824570536183,Total de réceptions Plus/Moins(Incl. Prolongations),4599960009,id1400003171515892
NY Jets vs. CLE Browns,Quinshon Judkins,playertotals-rushattempts,Over,15.5,Quinshon Judkins (CLE) Plus de 15.5,1.7693,"Judkins, Quinshon",1.724,1.8450980392156864,0.5419766206163655,-4.108076514346437,Joueur tentative de gain par la course (prolongations incluses),4604813960,id1400003171515880
MIA Dolphins vs. CIN Bengals,Joe Burrow,playertotals-tdpasses,Over,1.5,Joe Burrow (CIN) Plus de 1.5,1.6897,"Burrow, Joe",1.649,1.763425925925926,0.5670779732213179,-4.180834864793914,Total de Touchdowns à la passe du joueur (Incl. Prolongations),4597607922,id1400003171515874
ARZ Cardinals vs. DET Lions,Jared Goff,playertotals-tdpasses,Under,2.5,Jared Goff (DET) moins de 2.5,1.5,"Goff, Jared",1.465,1.5678294573643412,0.6378244746600741,-4.326328800988888,Total de Touchdowns à la passe du joueur (Incl. Prolongations),4606111583,id1400003171515890
TEN Titans vs. HOU Texans,Tony Pollard,playertotals-receptions,Over,1.5,Tony Pollard (TEN) Plus de 1.5,1.7693,"Pollard, Tony",1.729,1.8517241379310345,0.5400372439478585,-4.451210428305396,Total de réceptions Plus/Moins(Incl. Prolongations),4597166856,id1400003171515884
LA Chargers vs. DEN Broncos,Evan Engram,playertotals-receptions,Under,2.5,Evan Engram (DEN) moins de 2.5,1.625,"Engram, Evan",1.591,1.7008810572687225,0.587930587930588,-4.461279461279455,Total de réceptions Plus/Moins(Incl. Prolongations),4606419130,id1400003171515888
LA Chargers vs. DEN Broncos,Justin Herbert,playertotals-passcompletions,Over,18.5,Justin Herbert (LAC) Plus de 18.5,1.9091,"Herbert, Justin",1.877,2.0,0.5,-4.544999999999999,"Passes complétées, Joueur (prolongations incluses)",4597732147,id1400003171515888
GB Packers vs. CHI Bears,Tyson Bagent,playertotals-passattempts,Over,31.5,Tyson Bagent (CHI) Plus de 31.5,1.9091,"Bagent, Tyson",1.877,2.0,0.5,-4.544999999999999,Tentatives de passes du joueur Plus/Moins (Incl. Prolongations),4597113453,id1400003171515892
NE Patriots vs. LV Raiders,Hunter Henry,playertotals-receptions,Over,3.5,Hunter Henry (NE) Plus de 3.5,1.8696,"Henry, Hunter",1.833,1.960188580408591,0.5101549973276323,-4.621421699625882,Total de réceptions Plus/Moins(Incl. Prolongations),4606037807,id1400003171515876
LA Chargers vs. DEN Broncos,Bo Nix,playertotals-tdpasses,Over,1.5,Bo Nix (DEN) Plus de 1.5,2.1,"Nix, Bo",2.06,2.201866977829638,0.4541600423953365,-4.6263910969793205,Total de Touchdowns à la passe du joueur (Incl. Prolongations),4597732689,id1400003171515888
MIA Dolphins vs. CIN Bengals,Malik Willis,playertotals-interceptions,Under,0.5,Malik Willis (MIA) moins de 0.5,1.7693,"Willis, Malik",1.751,1.8583333333333334,0.5381165919282511,-4.791031390134526,Passes du joueur interceptées Plus/Moins (Incl. Prolongations),4615379789,id1400003171515874
LA Chargers vs. DEN Broncos,Bo Nix,playertotals-interceptions,Over,0.5,Bo Nix (DEN) Plus de 0.5,1.7693,"Nix, Bo",1.751,1.8583333333333334,0.5381165919282511,-4.791031390134526,Passes du joueur interceptées Plus/Moins (Incl. Prolongations),4609468335,id1400003171515888
ATL Falcons vs. BAL Ravens,Bijan Robinson,playertotals-receptions,Over,3.5,Bijan Robinson (ATL) Plus de 3.5,1.7693,"Robinson, Bijan",1.735,1.8589108910891086,0.5379494007989348,-4.820612516644451,Total de réceptions Plus/Moins(Incl. Prolongations),4604568531,id1400003171515896
SEA Seahawks vs. SF 49ers,Sam Darnold,playertotals-passattempts,Under,30.5,Sam Darnold (SEA) moins de 30.5,1.8334,"Darnold, Sam",1.8,1.9264024704065879,0.5191023243387657,-4.827779855730707,Tentatives de passes du joueur Plus/Moins (Incl. Prolongations),4606188008,id1400003171515894
TEN Titans vs. HOU Texans,C.j Stroud,playertotals-interceptions,Under,0.5,C.j Stroud (HOU) moins de 0.5,1.5715,"Stroud, C.J.",1.558,1.6518828451882843,0.6053698074974672,-4.8661347517730436,Passes du joueur interceptées Plus/Moins (Incl. Prolongations),4615526285,id1400003171515884
DAL Cowboys vs. TB Buccaneers,Kenneth Gainwell,playertotals-rushyards,Over,12.5,Kenneth Gainwell (TB) Plus de 12.5,1.8696,"Gainwell, Kenneth",1.877,1.9660319094184249,0.5086387434554974,-4.904900523560207,Total de yards à la course du joueur Plus/Moins (Incl. Prolongations),4597990469,id1400003171515872
WAS Commanders vs. NY Giants,Jameis Winston,playertotals-interceptions,Over,0.5,Jameis Winston (NYG) Plus de 0.5,1.5264,"Winston, Jameis",1.52,1.610441767068273,0.6209476309226933,-5.2185536159600865,Passes du joueur interceptées Plus/Moins (Incl. Prolongations),4615597187,id1400003171515886
LA Chargers vs. DEN Broncos,Bo Nix,playertotals-rushattempts,Over,4.5,Bo Nix (DEN) Plus de 4.5,2.05,"Nix, Bo",2.02,2.164265129682997,0.4620505992010653,-5.2796271637816305,Joueur tentative de gain par la course (prolongations incluses),4597732745,id1400003171515888
TEN Titans vs. HOU Texans,Cameron Ward,playertotals-interceptions,Under,0.5,Cameron Ward (TEN) moins de 0.5,1.7693,"Ward, Cameron",1.763,1.868472906403941,0.5351964144476667,-5.307698391774318,Passes du joueur interceptées Plus/Moins (Incl. Prolongations),4615525770,id1400003171515884
DAL Cowboys vs. TB Buccaneers,Dak Prescott,playertotals-rushattempts,Under,3.5,Dak Prescott (DAL) moins de 3.5,1.6667,"Prescott, Dak",1.68,1.7601809954751133,0.5681233933161953,-5.3108740359897215,Joueur tentative de gain par la course (prolongations incluses),4597168902,id1400003171515872
JAX Jaguars vs. PHI Eagles,Jalen Hurts,playertotals-tdpasses,Over,0.5,Jalen Hurts (PHI) Plus de 0.5,1.4445,"Hurts, Jalen",1.427,1.5265682656826571,0.6550640560792844,-5.375997099347374,Total de Touchdowns à la passe du joueur (Incl. Prolongations),4598620884,id1400003171488624
LA Rams vs. BUF Bills,Josh Allen,playertotals-tdpasses,Under,1.5,Josh Allen (BUF) moins de 1.5,1.8696,"Allen, Josh",1.847,1.976215644820296,0.5060176517785504,-5.3949398234822254,Total de Touchdowns à la passe du joueur (Incl. Prolongations),4597209194,id1400003171515898
GB Packers vs. CHI Bears,Jordan Love,playertotals-passattempts,Under,33.5,Jordan Love (GB) moins de 33.5,1.8696,"Love, Jordan",1.847,1.976215644820296,0.5060176517785504,-5.3949398234822254,Tentatives de passes du joueur Plus/Moins (Incl. Prolongations),4598620064,id1400003171515892
SEA Seahawks vs. SF 49ers,Brock Purdy,playertotals-rushyards,Over,19.5,Brock Purdy (SF) Plus de 19.5,1.8696,"Purdy, Brock",1.847,1.976215644820296,0.5060176517785504,-5.3949398234822254,Total de yards à la course du joueur Plus/Moins (Incl. Prolongations),4606214698,id1400003171515894
WAS Commanders vs. NY Giants,Jameis Winston,playertotals-tdpasses,Over,1.5,Jameis Winston (NYG) Plus de 1.5,2.65,"Winston, Jameis",2.62,2.801925722145805,0.3568973981345115,-5.422189494354457,Total de Touchdowns à la passe du joueur (Incl. Prolongations),4597470845,id1400003171515886
ATL Falcons vs. BAL Ravens,Michael Penix,playertotals-tdpasses,Under,1.5,Michael Penix (ATL) moins de 1.5,1.6667,"Penix, Michael",1.649,1.763425925925926,0.5670779732213179,-5.485114203202935,Total de Touchdowns à la passe du joueur (Incl. Prolongations),4602590061,id1400003171515896
DAL Cowboys vs. TB Buccaneers,Dak Prescott,playertotals-passcompletions,Over,23.5,Dak Prescott (DAL) Plus de 23.5,1.8,"Prescott, Dak",1.819,1.9049751243781095,0.5249412379211282,-5.510577174196918,"Passes complétées, Joueur (prolongations incluses)",4597168851,id1400003171515872
DAL Cowboys vs. TB Buccaneers,Javonte Williams,playertotals-receptions,Under,2.5,Javonte Williams (DAL) moins de 2.5,1.9524,"Williams, Javonte",1.97,2.066594477531132,0.483887870055017,-5.525732250458493,Total de réceptions Plus/Moins(Incl. Prolongations),4597170010,id1400003171515872
SEA Seahawks vs. SF 49ers,Deebo Samuel,playertotals-receptions,Under,3.5,Deebo Samuel (SF) moins de 3.5,1.9524,"Samuel, Deebo",1.934,2.066740209597352,0.4838537496663998,-5.532393915132106,Total de réceptions Plus/Moins(Incl. Prolongations),4597735802,id1400003171515894
DAL Cowboys vs. TB Buccaneers,Jake Ferguson,playertotals-receptions,Over,3.5,Jake Ferguson (DAL) Plus de 3.5,2.05,"Ferguson, Jake",2.07,2.1701526286037307,0.4607970825735869,-5.536598072414689,Total de réceptions Plus/Moins(Incl. Prolongations),4597169953,id1400003171515872
ARZ Cardinals vs. DET Lions,Tyler Allgeier,playertotals-rushattempts,Over,7.5,Tyler Allgeier (ARI) Plus de 7.5,2.0,"Allgeier, Tyler",1.98,2.1192764273600906,0.47185916244331816,-5.628167511336368,Joueur tentative de gain par la course (prolongations incluses),4605155422,id1400003171515890
SEA Seahawks vs. SF 49ers,Christian McCaffrey,playertotals-receptions,Under,4.5,Christian McCaffrey (SF) moins de 4.5,2.0,"McCaffrey, Christian",1.98,2.1192764273600906,0.47185916244331816,-5.628167511336368,Total de réceptions Plus/Moins(Incl. Prolongations),4606205879,id1400003171515894
SEA Seahawks vs. SF 49ers,Cooper Kupp,playertotals-receptions,Over,2.5,Cooper Kupp (SEA) Plus de 2.5,2.0,"Kupp, Cooper",1.98,2.1192764273600906,0.47185916244331816,-5.628167511336368,Total de réceptions Plus/Moins(Incl. Prolongations),4597735598,id1400003171515894
SEA Seahawks vs. SF 49ers,Brock Purdy,playertotals-interceptions,Over,0.5,Brock Purdy (SF) Plus de 0.5,1.5715,"Purdy, Brock",1.558,1.665811965811966,0.6003078501795792,-5.661621344279133,Passes du joueur interceptées Plus/Moins (Incl. Prolongations),4609489253,id1400003171515894
NO Saints vs. MIN Vikings,Kyler Murray,playertotals-tdpasses,Under,1.5,Kyler Murray (MIN) moins de 1.5,1.5,"Murray, Kyler",1.487,1.5900793650793652,0.6288994260044921,-5.665086099326189,Total de Touchdowns à la passe du joueur (Incl. Prolongations),4602591701,id1400003171515878
NY Jets vs. CLE Browns,Deshaun Watson,playertotals-interceptions,Under,0.5,Deshaun Watson (CLE) moins de 0.5,1.7693,"Watson, Deshaun",1.769,1.8757425742574259,0.5331221958300343,-5.6746898917920285,Passes du joueur interceptées Plus/Moins (Incl. Prolongations),4609466725,id1400003171515880
JAX Jaguars vs. PHI Eagles,Trevor Lawrence,playertotals-rushattempts,Under,3.5,Trevor Lawrence (JAX) moins de 3.5,1.9091,"Lawrence, Trevor",1.892,2.024363833243097,0.49398234822144954,-5.693829901043069,Joueur tentative de gain par la course (prolongations incluses),4597219125,id1400003171488624
SEA Seahawks vs. SF 49ers,Sam Darnold,playertotals-tdpasses,Under,1.5,Sam Darnold (SEA) moins de 1.5,1.8696,"Darnold, Sam",1.847,1.9840170484816197,0.5040279269602578,-5.76693877551021,Total de Touchdowns à la passe du joueur (Incl. Prolongations),4597735867,id1400003171515894
DAL Cowboys vs. TB Buccaneers,Jalon Daniels,playertotals-passattempts,Under,28.5,Jalon Daniels (TB) moins de 28.5,1.9091,"Daniels, Jalon",1.934,2.026539278131635,0.49345206914614975,-5.795065479308548,Tentatives de passes du joueur Plus/Moins (Incl. Prolongations),4597869753,id1400003171515872
LA Chargers vs. DEN Broncos,Bo Nix,playertotals-passattempts,Under,34.5,Bo Nix (DEN) moins de 34.5,1.7693,"Nix, Bo",1.757,1.8785,0.5323396326856534,-5.813148788927336,Tentatives de passes du joueur Plus/Moins (Incl. Prolongations),4606503806,id1400003171515888
PIT Steelers vs. IND Colts,Daniel Jones,playertotals-passcompletions,Under,20.5,Daniel Jones (IND) moins de 20.5,1.7693,"Jones, Daniel",1.757,1.8785,0.5323396326856534,-5.813148788927336,"Passes complétées, Joueur (prolongations incluses)",4601629833,id1400003171515882
DAL Cowboys vs. TB Buccaneers,Jalon Daniels,playertotals-tdpasses,Over,0.5,Jalon Daniels (TB) Plus de 0.5,1.4167,"Daniels, Jalon",1.436,1.5056338028169014,0.6641721234798877,-5.906735266604302,Total de Touchdowns à la passe du joueur (Incl. Prolongations),4597169805,id1400003171515872
DAL Cowboys vs. TB Buccaneers,Bucky Irving,playertotals-receptions,Over,2.5,Bucky Irving (TB) Plus de 2.5,2.2,"Irving, Bucky",2.23,2.3385354141656665,0.427618069815195,-5.9240246406570884,Total de réceptions Plus/Moins(Incl. Prolongations),4597170552,id1400003171515872
SEA Seahawks vs. SF 49ers,George Holani,playertotals-receptions,Over,1.5,George Holani (SEA) Plus de 1.5,1.625,"Holani, George",1.617,1.7283783783783782,0.5785770132916341,-5.981235340109459,Total de réceptions Plus/Moins(Incl. Prolongations),4602634138,id1400003171515894
NE Patriots vs. LV Raiders,Kirk Cousins,playertotals-interceptions,Over,0.5,Kirk Cousins (LVR) Plus de 0.5,1.7693,"Cousins, Kirk",1.775,1.8830845771144278,0.5310435931307794,-6.0424570673711875,Passes du joueur interceptées Plus/Moins (Incl. Prolongations),4609467049,id1400003171515876
JAX Jaguars vs. PHI Eagles,Jalen Hurts,playertotals-rushattempts,Under,6.5,Jalen Hurts (PHI) moins de 6.5,1.6667,"Hurts, Jalen",1.657,1.7742990654205606,0.5636028443508033,-6.0643139320516015,Joueur tentative de gain par la course (prolongations incluses),4602369822,id1400003171488624
DAL Cowboys vs. TB Buccaneers,Sean Tucker,playertotals-rushyards,Under,10.5,Sean Tucker (TB) moins de 10.5,1.8696,"Tucker, Sean",1.9,1.99113197704747,0.5022268797484936,-6.103662562221645,Total de yards à la course du joueur Plus/Moins (Incl. Prolongations),4616331360,id1400003171515872
DAL Cowboys vs. TB Buccaneers,Jalon Daniels,playertotals-passcompletions,Over,17.5,Jalon Daniels (TB) Plus de 17.5,1.7408,"Daniels, Jalon",1.769,1.8545893719806763,0.5392029174264131,-6.1355561344100025,"Passes complétées, Joueur (prolongations incluses)",4597869754,id1400003171515872
TEN Titans vs. HOU Texans,C.J. Stroud,playertotals-rushyards,Over,9.5,C.J. Stroud (HOU) Plus de 9.5,1.8696,"Stroud, C.J.",1.862,1.9920085242408097,0.5020058839261835,-6.144979941160733,Total de yards à la course du joueur Plus/Moins (Incl. Prolongations),4600056223,id1400003171515884
PIT Steelers vs. IND Colts,Tyler Warren,playertotals-receivingyards,Under,49.5,Tyler Warren (IND) moins de 49.5,1.8696,"Warren, Tyler",1.862,1.9920085242408097,0.5020058839261835,-6.144979941160733,Total des yards après réception du joueur Plus/Moins(Incl. Prolongations),4601553997,id1400003171515882
TEN Titans vs. HOU Texans,Kayshon Boutte,playertotals-receptions,Over,2.5,Kayshon Boutte (HOU) Plus de 2.5,2.25,"Boutte, Kayshon",2.24,2.3982521847690386,0.41697032795419053,-6.181676210307129,Total de réceptions Plus/Moins(Incl. Prolongations),4598633933,id1400003171515884
DAL Cowboys vs. TB Buccaneers,Ryan Flournoy,playertotals-receptions,Over,3.5,Ryan Flournoy (DAL) Plus de 3.5,2.15,"Flournoy, Ryan",2.19,2.292798110979929,0.43614830072090627,-6.2281153450051585,Total de réceptions Plus/Moins(Incl. Prolongations),4597170701,id1400003171515872
SEA Seahawks vs. SF 49ers,Emanuel Wilson,playertotals-receptions,Over,1.5,Emanuel Wilson (SEA) Plus de 1.5,1.6061,"Wilson, Emanuel",1.602,1.7151785714285714,0.5830296720458095,-6.359604372722538,Total de réceptions Plus/Moins(Incl. Prolongations),4597737388,id1400003171515894
NE Patriots vs. LV Raiders,Ashton Jeanty,playertotals-receptions,Over,3.5,Ashton Jeanty (LV) Plus de 3.5,1.8334,"Jeanty, Ashton",1.833,1.960188580408591,0.5101549973276323,-6.4681827899519035,Total de réceptions Plus/Moins(Incl. Prolongations),4597962032,id1400003171515876
TEN Titans vs. HOU Texans,David Montgomery,playertotals-receivingyards,Under,7.5,David Montgomery (HOU) moins de 7.5,1.8696,"Montgomery, David",1.877,2.0,0.5,-6.520000000000003,Total des yards après réception du joueur Plus/Moins(Incl. Prolongations),4605500554,id1400003171515884
NE Patriots vs. LV Raiders,Michael Mayer,playertotals-receptions,Over,3.5,Michael Mayer (LV) Plus de 3.5,1.8696,"Mayer, Michael",1.877,2.0,0.5,-6.520000000000003,Total de réceptions Plus/Moins(Incl. Prolongations),4600264177,id1400003171515876
LA Chargers vs. DEN Broncos,Justin Herbert,playertotals-rushyards,Over,24.5,Justin Herbert (LAC) Plus de 24.5,1.8696,"Herbert, Justin",1.877,2.0,0.5,-6.520000000000003,Total de yards à la course du joueur Plus/Moins (Incl. Prolongations),4610683456,id1400003171515888
GB Packers vs. CHI Bears,Matthew Golden,playertotals-receptions,Under,4.5,Matthew Golden (GB) moins de 4.5,1.8696,"Golden, Matthew",1.877,2.0,0.5,-6.520000000000003,Total de réceptions Plus/Moins(Incl. Prolongations),4597113230,id1400003171515892
PIT Steelers vs. IND Colts,Keenan Allen,playertotals-receivingyards,Over,27.5,Keenan Allen (IND) Plus de 27.5,1.8696,"Allen, Keenan",1.877,2.0,0.5,-6.520000000000003,Total des yards après réception du joueur Plus/Moins(Incl. Prolongations),4610398646,id1400003171515882
WAS Commanders vs. NY Giants,Cameron Skattebo,playertotals-rushyards,Under,56.5,Cameron Skattebo (NYG) moins de 56.5,1.8696,"Skattebo, Cameron",1.877,2.0,0.5,-6.520000000000003,Total de yards à la course du joueur Plus/Moins (Incl. Prolongations),4597954546,id1400003171515886
LA Chargers vs. DEN Broncos,Bo Nix,playertotals-passcompletions,Over,21.5,Bo Nix (DEN) Plus de 21.5,1.8696,"Nix, Bo",1.877,2.0,0.5,-6.520000000000003,"Passes complétées, Joueur (prolongations incluses)",4606555047,id1400003171515888
LA Chargers vs. DEN Broncos,Troy Franklin,playertotals-receptions,Under,1.5,Troy Franklin (DEN) moins de 1.5,1.8696,"Franklin, Troy",1.877,2.0,0.5,-6.520000000000003,Total de réceptions Plus/Moins(Incl. Prolongations),4606447009,id1400003171515888
NO Saints vs. MIN Vikings,Aaron Jones,playertotals-rushattempts,Under,17.5,Aaron Jones (MIN) moins de 17.5,1.8696,"Jones, Aaron",1.877,2.0,0.5,-6.520000000000003,Joueur tentative de gain par la course (prolongations incluses),4604997481,id1400003171515878
SEA Seahawks vs. SF 49ers,Rashid Shaheed,playertotals-receivingyards,Under,20.5,Rashid Shaheed (SEA) moins de 20.5,1.8696,"Shaheed, Rashid",1.877,2.0,0.5,-6.520000000000003,Total des yards après réception du joueur Plus/Moins(Incl. Prolongations),4606220325,id1400003171515894
SEA Seahawks vs. SF 49ers,AJ Barner,playertotals-receivingyards,Under,24.5,AJ Barner (SEA) moins de 24.5,1.8696,"Barner, AJ",1.877,2.0,0.5,-6.520000000000003,Total des yards après réception du joueur Plus/Moins(Incl. Prolongations),4616370487,id1400003171515894
JAX Jaguars vs. PHI Eagles,Bhayshul Tuten,playertotals-rushyards,Over,65.5,Bhayshul Tuten (JAX) Plus de 65.5,1.8696,"Tuten, Bhayshul",1.877,2.0,0.5,-6.520000000000003,Total de yards à la course du joueur Plus/Moins (Incl. Prolongations),4604574979,id1400003171488624
PIT Steelers vs. IND Colts,Daniel Jones,playertotals-passattempts,Over,31.5,Daniel Jones (IND) Plus de 31.5,1.8696,"Jones, Daniel",1.877,2.0,0.5,-6.520000000000003,Tentatives de passes du joueur Plus/Moins (Incl. Prolongations),4601659223,id1400003171515882
TEN Titans vs. HOU Texans,Cameron Ward,playertotals-rushyards,Over,10.5,Cameron Ward (TEN) Plus de 10.5,1.8696,"Ward, Cameron",1.877,2.0,0.5,-6.520000000000003,Total de yards à la course du joueur Plus/Moins (Incl. Prolongations),4600983504,id1400003171515884
TEN Titans vs. HOU Texans,Nico Collins,playertotals-receptions,Over,5.5,Nico Collins (HOU) Plus de 5.5,1.9524,"Collins, Nico",1.952,2.0886781929726714,0.47877169559412547,-6.524614152202945,Total de réceptions Plus/Moins(Incl. Prolongations),4605484744,id1400003171515884
GB Packers vs. CHI Bears,Colston Loveland,playertotals-receptions,Over,3.5,Colston Loveland (CHI) Plus de 3.5,1.625,"Loveland, Colston",1.625,1.7386363636363638,0.5751633986928104,-6.535947712418311,Total de réceptions Plus/Moins(Incl. Prolongations),4597113184,id1400003171515892
NY Jets vs. CLE Browns,Geno Smith,playertotals-interceptions,Under,0.5,Geno Smith (NYJ) moins de 0.5,2.1,"Smith, Geno",2.1,2.2470308788598574,0.445031712473573,-6.543340380549667,Passes du joueur interceptées Plus/Moins (Incl. Prolongations),4609466739,id1400003171515880
NE Patriots vs. LV Raiders,Brock Bowers,playertotals-receptions,Over,6.5,Brock Bowers (LV) Plus de 6.5,1.7693,"Bowers, Brock",1.769,1.8934343434343437,0.5281408375566817,-6.556041611096298,Total de réceptions Plus/Moins(Incl. Prolongations),4606001773,id1400003171515876
ATL Falcons vs. BAL Ravens,Brian Robinson,playertotals-rushattempts,Over,8.5,Brian Robinson (ATL) Plus de 8.5,1.7693,"Robinson, Brian",1.769,1.8934343434343437,0.5281408375566817,-6.556041611096298,Joueur tentative de gain par la course (prolongations incluses),4604569292,id1400003171515896
LA Rams vs. BUF Bills,Matthew Stafford,playertotals-tdpasses,Under,2.5,Matthew Stafford (LAR) moins de 2.5,1.5264,"Stafford, Matthew",1.529,1.6344398340248958,0.611830413810612,-6.610205635948185,Total de Touchdowns à la passe du joueur (Incl. Prolongations),4606139071,id1400003171515898
DAL Cowboys vs. TB Buccaneers,George Pickens,playertotals-receptions,Over,4.5,George Pickens (DAL) Plus de 4.5,1.7693,"Pickens, George",1.813,1.8975247524752477,0.5270023480302635,-6.757474563005483,Total de réceptions Plus/Moins(Incl. Prolongations),4597169612,id1400003171515872
DAL Cowboys vs. TB Buccaneers,Javonte Williams,playertotals-rushattempts,Under,17.5,Javonte Williams (DAL) moins de 17.5,1.7408,"Williams, Javonte",1.781,1.8687804878048782,0.535108326807622,-6.848342469329172,Joueur tentative de gain par la course (prolongations incluses),4597922884,id1400003171515872
GB Packers vs. CHI Bears,Kyle Monangai,playertotals-rushattempts,Over,11.5,Kyle Monangai (CHI) Plus de 11.5,1.6897,"Monangai, Kyle",1.694,1.8144230769230767,0.5511393746687865,-6.873979862215151,Joueur tentative de gain par la course (prolongations incluses),4605960134,id1400003171515892
NE Patriots vs. LV Raiders,Romeo Doubs,playertotals-receptions,Over,3.5,Romeo Doubs (NE) Plus de 3.5,1.6667,"Doubs, Romeo",1.675,1.7900943396226412,0.5586297760210804,-6.893175230566517,Total de réceptions Plus/Moins(Incl. Prolongations),4601754342,id1400003171515876
LA Chargers vs. DEN Broncos,RJ Harvey,playertotals-rushyards,Under,18.5,RJ Harvey (DEN) moins de 18.5,1.8696,"Harvey, RJ",1.877,2.0080558539205158,0.49799411607381644,-6.895020058839285,Total de yards à la course du joueur Plus/Moins (Incl. Prolongations),4606503842,id1400003171515888
GB Packers vs. CHI Bears,Kalif Raymond,playertotals-receptions,Over,3.5,Kalif Raymond (CHI) Plus de 3.5,2.15,"Raymond, Kalif",2.16,2.3098847786537293,0.4329220267786821,-6.921764242583361,Total de réceptions Plus/Moins(Incl. Prolongations),4597111722,id1400003171515892
NE Patriots vs. LV Raiders,Demario Douglas,playertotals-receptions,Over,2.5,Demario Douglas (NE) Plus de 2.5,1.7408,"Douglas, Demario",1.751,1.8711442786069652,0.5344323318266418,-6.966019675618195,Total de réceptions Plus/Moins(Incl. Prolongations),4597734308,id1400003171515876
NO Saints vs. MIN Vikings,Kyler Murray,playertotals-interceptions,Over,0.5,Kyler Murray (MIN) Plus de 0.5,2.1,"Murray, Kyler",2.13,2.257378984651712,0.4429916317991632,-6.971757322175732,Passes du joueur interceptées Plus/Moins (Incl. Prolongations),4615517093,id1400003171515878
ARZ Cardinals vs. DET Lions,Isaac TeSlaa,playertotals-receptions,Under,2.5,Isaac TeSlaa (DET) moins de 2.5,1.5556,"TeSlaa, Isaac",1.561,1.6728448275862071,0.5977840762690028,-7.0087090955939235,Total de réceptions Plus/Moins(Incl. Prolongations),4598080640,id1400003171515890
JAX Jaguars vs. PHI Eagles,Parker Washington,playertotals-receptions,Over,4.5,Parker Washington (JAX) Plus de 4.5,1.7693,"Washington, Parker",1.781,1.9040609137055837,0.5251932817915222,-7.077552652625963,Total de réceptions Plus/Moins(Incl. Prolongations),4602646796,id1400003171488624
DAL Cowboys vs. TB Buccaneers,Jake Ferguson,playertotals-receivingyards,Over,26.5,Jake Ferguson (DAL) Plus de 26.5,1.8334,"Ferguson, Jake",1.884,1.974146845915202,0.5065479308538501,-7.129502357255135,Total des yards après réception du joueur Plus/Moins(Incl. Prolongations),4598793912,id1400003171515872
NY Jets vs. CLE Browns,Deshaun Watson,playertotals-tdpasses,Under,1.5,Deshaun Watson (CLE) moins de 1.5,1.4762,"Watson, Deshaun",1.487,1.5900793650793652,0.6288994260044921,-7.161866733216882,Total de Touchdowns à la passe du joueur (Incl. Prolongations),4597102816,id1400003171515880
GB Packers vs. CHI Bears,Jordan Love,playertotals-interceptions,Over,0.5,Jordan Love (GB) Plus de 0.5,1.7408,"Love, Jordan",1.769,1.8757425742574259,0.5331221958300343,-7.194088149907641,Passes du joueur interceptées Plus/Moins (Incl. Prolongations),4615620354,id1400003171515892
WAS Commanders vs. NY Giants,Jayden Daniels,playertotals-interceptions,Over,0.5,Jayden Daniels (WAS) Plus de 0.5,2.0,"Daniels, Jayden",2.03,2.1553784860557768,0.4639556377079483,-7.208872458410342,Passes du joueur interceptées Plus/Moins (Incl. Prolongations),4615597180,id1400003171515886
GB Packers vs. CHI Bears,Tyson Bagent,playertotals-passcompletions,Under,20.5,Tyson Bagent (CHI) moins de 20.5,1.8334,"Bagent, Tyson",1.847,1.976215644820296,0.5060176517785504,-7.226723722920569,"Passes complétées, Joueur (prolongations incluses)",4597113456,id1400003171515892
PIT Steelers vs. IND Colts,Aaron Rodgers,playertotals-tdpasses,Over,1.5,Aaron Rodgers (PIT) Plus de 1.5,1.8696,"Rodgers, Aaron",1.884,2.016181229773463,0.4959871589085072,-7.270240770465497,Total de Touchdowns à la passe du joueur (Incl. Prolongations),4596507696,id1400003171515882
GB Packers vs. CHI Bears,Luther Burden,playertotals-receptions,Over,4.5,Luther Burden (CHI) Plus de 4.5,1.7693,"Burden, Luther",1.781,1.908210096889342,0.5240513094601817,-7.279601817210035,Total de réceptions Plus/Moins(Incl. Prolongations),4597113094,id1400003171515892
ARZ Cardinals vs. DET Lions,Kendrick Bourne,playertotals-receptions,Over,2.5,Kendrick Bourne (ARI) Plus de 2.5,2.1,"Bourne, Kendrick",2.12,2.2656716417910445,0.4413702239789197,-7.312252964426868,Total de réceptions Plus/Moins(Incl. Prolongations),4598078985,id1400003171515890
GB Packers vs. CHI Bears,Christian Watson,playertotals-receptions,Over,4.5,Christian Watson (GB) Plus de 4.5,2.1,"Watson, Christian",2.12,2.2656716417910445,0.4413702239789197,-7.312252964426868,Total de réceptions Plus/Moins(Incl. Prolongations),4597112160,id1400003171515892
DAL Cowboys vs. TB Buccaneers,Cade Otton,playertotals-receptions,Over,3.5,Cade Otton (TB) Plus de 3.5,1.9091,"Otton, Cade",1.97,2.0625674217907224,0.48483263598326365,-7.440601464435137,Total de réceptions Plus/Moins(Incl. Prolongations),4597843617,id1400003171515872
LA Rams vs. BUF Bills,Matthew Stafford,playertotals-passattempts,Under,37.5,Matthew Stafford (LAR) moins de 37.5,1.8,"Stafford, Matthew",1.819,1.9449350649350647,0.514155982905983,-7.4519230769230616,Tentatives de passes du joueur Plus/Moins (Incl. Prolongations),4598633207,id1400003171515898
ARZ Cardinals vs. DET Lions,Jahmyr Gibbs,playertotals-receptions,Under,4.5,Jahmyr Gibbs (DET) moins de 4.5,2.0,"Gibbs, Jahmyr",2.02,2.164265129682997,0.4620505992010653,-7.589880159786944,Total de réceptions Plus/Moins(Incl. Prolongations),4598080231,id1400003171515890
GB Packers vs. CHI Bears,Tyson Bagent,playertotals-tdpasses,Over,1.5,Tyson Bagent (CHI) Plus de 1.5,2.0,"Bagent, Tyson",2.02,2.164265129682997,0.4620505992010653,-7.589880159786944,Total de Touchdowns à la passe du joueur (Incl. Prolongations),4597113449,id1400003171515892
GB Packers vs. CHI Bears,Skyy Moore,playertotals-receptions,Under,1.5,Skyy Moore (GB) moins de 1.5,1.6061,"Moore, Skyy",1.625,1.7386363636363638,0.5751633986928104,-7.623006535947718,Total de réceptions Plus/Moins(Incl. Prolongations),4600262796,id1400003171515892
ARZ Cardinals vs. DET Lions,Jared Goff,playertotals-interceptions,Over,0.5,Jared Goff (DET) Plus de 0.5,2.25,"Goff, Jared",2.3,2.4357053682896375,0.4105586878523835,-7.624295233213719,Passes du joueur interceptées Plus/Moins (Incl. Prolongations),4615625817,id1400003171515890
ATL Falcons vs. BAL Ravens,Michael Penix,playertotals-passcompletions,Over,18.5,Michael Penix (ATL) Plus de 18.5,1.8696,"Penix, Michael",1.892,2.024363833243097,0.49398234822144954,-7.645060176517793,"Passes complétées, Joueur (prolongations incluses)",4604568461,id1400003171515896
GB Packers vs. CHI Bears,Tyson Bagent,playertotals-rushyards,Under,10.5,Tyson Bagent (CHI) moins de 10.5,1.8696,"Bagent, Tyson",1.892,2.024363833243097,0.49398234822144954,-7.645060176517793,Total de yards à la course du joueur Plus/Moins (Incl. Prolongations),4598620284,id1400003171515892
ARZ Cardinals vs. DET Lions,Jacoby Brissett,playertotals-interceptions,Over,0.5,Jacoby Brissett (ARI) Plus de 0.5,1.8696,"Brissett, Jacoby",1.909,2.0252416756176155,0.49376823123839825,-7.685091487669071,Passes du joueur interceptées Plus/Moins (Incl. Prolongations),4615625816,id1400003171515890
GB Packers vs. CHI Bears,Tyson Bagent,playertotals-interceptions,Under,0.5,Tyson Bagent (CHI) moins de 0.5,1.7693,"Bagent, Tyson",1.806,1.916751269035533,0.5217161016949152,-7.692770127118642,Passes du joueur interceptées Plus/Moins (Incl. Prolongations),4615620352,id1400003171515892
PIT Steelers vs. IND Colts,Daniel Jones,playertotals-tdpasses,Under,1.5,Daniel Jones (IND) moins de 1.5,1.4348,"Jones, Daniel",1.454,1.5549618320610685,0.6431026018654885,-7.727638684339699,Total de Touchdowns à la passe du joueur (Incl. Prolongations),4596508193,id1400003171515882
NY Jets vs. CLE Browns,Geno Smith,playertotals-passcompletions,Under,20.5,Geno Smith (NYJ) moins de 20.5,1.6897,"Smith, Geno",1.714,1.8320388349514563,0.5458399576046635,-7.769422363540002,"Passes complétées, Joueur (prolongations incluses)",4601326543,id1400003171515880
NE Patriots vs. LV Raiders,Ashton Jeanty,playertotals-rushattempts,Under,17.5,Ashton Jeanty (LV) moins de 17.5,1.6897,"Jeanty, Ashton",1.714,1.8320388349514563,0.5458399576046635,-7.769422363540002,Joueur tentative de gain par la course (prolongations incluses),4598619942,id1400003171515876
SEA Seahawks vs. SF 49ers,AJ Barner,playertotals-receptions,Over,2.5,AJ Barner (SEA) Plus de 2.5,1.6667,"Barner, AJ",1.689,1.808133971291866,0.5530563641174914,-7.822095792537709,Total de réceptions Plus/Moins(Incl. Prolongations),4606193446,id1400003171515894
TEN Titans vs. HOU Texans,Tyjae Spears,playertotals-receptions,Over,1.5,Tyjae Spears (TEN) Plus de 1.5,1.5264,"Spears, Tyjae",1.549,1.6563559322033896,0.6037349705807112,-7.845894090560234,Total de réceptions Plus/Moins(Incl. Prolongations),4597167615,id1400003171515884
GB Packers vs. CHI Bears,Rome Odunze,playertotals-receptions,Over,2.5,Rome Odunze (CHI) Plus de 2.5,1.5264,"Odunze, Rome",1.549,1.6563559322033896,0.6037349705807112,-7.845894090560234,Total de réceptions Plus/Moins(Incl. Prolongations),4597112788,id1400003171515892
DAL Cowboys vs. TB Buccaneers,Cade Otton,playertotals-receivingyards,Under,30.5,Cade Otton (TB) moins de 30.5,1.8334,"Otton, Cade",1.9,1.99113197704747,0.5022268797484936,-7.92172386691119,Total des yards après réception du joueur Plus/Moins(Incl. Prolongations),4597891286,id1400003171515872
NO Saints vs. MIN Vikings,Devaughn Vele,playertotals-receivingyards,Over,36.5,Devaughn Vele (NO) Plus de 36.5,1.8334,"Vele, Devaughn",1.862,1.9920085242408097,0.5020058839261835,-7.962241240973523,Total des yards après réception du joueur Plus/Moins(Incl. Prolongations),4610165394,id1400003171515878
GB Packers vs. CHI Bears,Matthew Golden,playertotals-receivingyards,Over,55.5,Matthew Golden (GB) Plus de 55.5,1.8334,"Golden, Matthew",1.862,1.9920085242408097,0.5020058839261835,-7.962241240973523,Total des yards après réception du joueur Plus/Moins(Incl. Prolongations),4605155372,id1400003171515892
JAX Jaguars vs. PHI Eagles,Jalen Hurts,playertotals-interceptions,Under,0.5,Jalen Hurts (PHI) moins de 0.5,2.0,"Hurts, Jalen",2.05,2.174112256586483,0.4599578503688093,-8.008429926238136,Passes du joueur interceptées Plus/Moins (Incl. Prolongations),4604595041,id1400003171488624
NY Jets vs. CLE Browns,Geno Smith,playertotals-tdpasses,Under,1.5,Geno Smith (NYJ) moins de 1.5,1.4762,"Smith, Geno",1.5,1.6048387096774193,0.6231155778894473,-8.015678391959803,Total de Touchdowns à la passe du joueur (Incl. Prolongations),4597102560,id1400003171515880
DAL Cowboys vs. TB Buccaneers,CeeDee Lamb,playertotals-receptions,Over,6.5,CeeDee Lamb (DAL) Plus de 6.5,1.9091,"Lamb, CeeDee",1.98,2.076086956521739,0.48167539267015713,-8.043350785340298,Total de réceptions Plus/Moins(Incl. Prolongations),4598635224,id1400003171515872
DAL Cowboys vs. TB Buccaneers,Jalon Daniels,playertotals-passyards,Over,182.5,Jalon Daniels (TB) Plus de 182.5,1.8,"Daniels, Jalon",1.869,1.957479508196721,0.5108610311436798,-8.04501439413764,Total de yards à la passe du joueur Plus/Moins(Incl. Prolongations),4597900194,id1400003171515872
JAX Jaguars vs. PHI Eagles,Brenton Strange,playertotals-receptions,Under,3.5,Brenton Strange (JAX) moins de 3.5,1.7408,"Strange, Brenton",1.769,1.8934343434343437,0.5281408375566817,-8.061242998132844,Total de réceptions Plus/Moins(Incl. Prolongations),4597219286,id1400003171488624
JAX Jaguars vs. PHI Eagles,Trevor Lawrence,playertotals-interceptions,Over,0.5,Trevor Lawrence (JAX) Plus de 0.5,1.7693,"Lawrence, Trevor",1.813,1.9245283018867922,0.5196078431372549,-8.065784313725477,Passes du joueur interceptées Plus/Moins (Incl. Prolongations),4602043708,id1400003171488624
SEA Seahawks vs. SF 49ers,Rashid Shaheed,playertotals-receptions,Over,1.5,Rashid Shaheed (SEA) Plus de 1.5,1.5556,"Shaheed, Rashid",1.581,1.6934210526315792,0.5905205905205905,-8.138616938616938,Total de réceptions Plus/Moins(Incl. Prolongations),4597960250,id1400003171515894
TEN Titans vs. HOU Texans,C.J. Stroud,playertotals-tdpasses,Under,1.5,C.J. Stroud (HOU) moins de 1.5,1.6667,"Stroud, C.J.",1.694,1.8144230769230767,0.5511393746687865,-8.141600423953355,Total de Touchdowns à la passe du joueur (Incl. Prolongations),4597167927,id1400003171515884
NY Jets vs. CLE Browns,Denzel Boston,playertotals-receptions,Under,3.5,Denzel Boston (CLE) moins de 3.5,1.6667,"Boston, Denzel",1.694,1.8144230769230767,0.5511393746687865,-8.141600423953355,Total de réceptions Plus/Moins(Incl. Prolongations),4597104228,id1400003171515880
ATL Falcons vs. BAL Ravens,Rashod Bateman,playertotals-receptions,Over,1.5,Rashod Bateman (BAL) Plus de 1.5,1.6061,"Bateman, Rashod",1.632,1.7486238532110088,0.571878279118573,-8.150629590765979,Total de réceptions Plus/Moins(Incl. Prolongations),4605444402,id1400003171515896
JAX Jaguars vs. PHI Eagles,Jakobi Meyers,playertotals-receptions,Over,3.5,Jakobi Meyers (JAX) Plus de 3.5,1.7693,"Meyers, Jakobi",1.8,1.9264024704065879,0.5191023243387657,-8.15522575474218,Total de réceptions Plus/Moins(Incl. Prolongations),4597218093,id1400003171488624
DAL Cowboys vs. TB Buccaneers,Dak Prescott,playertotals-tdpasses,Over,2.5,Dak Prescott (DAL) Plus de 2.5,2.45,"Prescott, Dak",2.55,2.6710353866317162,0.3743866535819432,-8.275269872423918,Total de Touchdowns à la passe du joueur (Incl. Prolongations),4600434944,id1400003171515872
NO Saints vs. MIN Vikings,Tyler Shough,playertotals-interceptions,Under,0.5,Tyler Shough (NOS) moins de 0.5,1.9524,"Shough, Tyler",2.01,2.128579449747333,0.4697968873648114,-8.276855710894226,Passes du joueur interceptées Plus/Moins (Incl. Prolongations),4615517094,id1400003171515878
NO Saints vs. MIN Vikings,Aaron Jones,playertotals-rushyards,Under,72.5,Aaron Jones (MIN) moins de 72.5,1.8334,"Jones, Aaron",1.877,2.0,0.5,-8.330000000000004,Total de yards à la course du joueur Plus/Moins (Incl. Prolongations),4611603905,id1400003171515878
NE Patriots vs. LV Raiders,Drake Maye,playertotals-passcompletions,Over,19.5,Drake Maye (NE) Plus de 19.5,1.8334,"Maye, Drake",1.877,2.0,0.5,-8.330000000000004,"Passes complétées, Joueur (prolongations incluses)",4606002689,id1400003171515876
JAX Jaguars vs. PHI Eagles,Bhayshul Tuten,playertotals-receptions,Over,1.5,Bhayshul Tuten (JAX) Plus de 1.5,1.8334,"Tuten, Bhayshul",1.877,2.0,0.5,-8.330000000000004,Total de réceptions Plus/Moins(Incl. Prolongations),4597218427,id1400003171488624
ARZ Cardinals vs. DET Lions,Jahmyr Gibbs,playertotals-receivingyards,Over,37.5,Jahmyr Gibbs (DET) Plus de 37.5,1.8334,"Gibbs, Jahmyr",1.877,2.0,0.5,-8.330000000000004,Total des yards après réception du joueur Plus/Moins(Incl. Prolongations),4616298158,id1400003171515890
ARZ Cardinals vs. DET Lions,Jacoby Brissett,playertotals-passattempts,Over,37.5,Jacoby Brissett (ARI) Plus de 37.5,1.8334,"Brissett, Jacoby",1.877,2.0,0.5,-8.330000000000004,Tentatives de passes du joueur Plus/Moins (Incl. Prolongations),4605397082,id1400003171515890
SEA Seahawks vs. SF 49ers,Christian McCaffrey,playertotals-receivingyards,Over,35.5,Christian McCaffrey (SF) Plus de 35.5,1.8334,"McCaffrey, Christian",1.877,2.0,0.5,-8.330000000000004,Total des yards après réception du joueur Plus/Moins(Incl. Prolongations),4606222686,id1400003171515894
GB Packers vs. CHI Bears,Tyson Bagent,playertotals-passyards,Under,219.5,Tyson Bagent (CHI) moins de 219.5,1.8334,"Bagent, Tyson",1.869,2.0,0.5,-8.330000000000004,Total de yards à la passe du joueur Plus/Moins(Incl. Prolongations),4605879089,id1400003171515892
GB Packers vs. CHI Bears,Kyle Monangai,playertotals-rushyards,Under,51.5,Kyle Monangai (CHI) moins de 51.5,1.8334,"Monangai, Kyle",1.877,2.0,0.5,-8.330000000000004,Total de yards à la course du joueur Plus/Moins (Incl. Prolongations),4606057255,id1400003171515892
JAX Jaguars vs. PHI Eagles,Brian Thomas,playertotals-receivingyards,Under,24.5,Brian Thomas (JAX) moins de 24.5,1.8334,"Thomas, Brian",1.877,2.0,0.5,-8.330000000000004,Total des yards après réception du joueur Plus/Moins(Incl. Prolongations),4602671945,id1400003171488624
JAX Jaguars vs. PHI Eagles,Makai Lemon,playertotals-receivingyards,Under,32.5,Makai Lemon (PHI) moins de 32.5,1.8334,"Lemon, Makai",1.877,2.0,0.5,-8.330000000000004,Total des yards après réception du joueur Plus/Moins(Incl. Prolongations),4602678032,id1400003171488624
ATL Falcons vs. BAL Ravens,Jahan Dotson,playertotals-receivingyards,Over,19.5,Jahan Dotson (ATL) Plus de 19.5,1.8334,"Dotson, Jahan",1.869,2.0,0.5,-8.330000000000004,Total des yards après réception du joueur Plus/Moins(Incl. Prolongations),4604753446,id1400003171515896
DAL Cowboys vs. TB Buccaneers,Ted Hurst,playertotals-receivingyards,Over,20.5,Ted Hurst (TB) Plus de 20.5,1.8334,"Hurst, Ted",1.909,2.0,0.5,-8.330000000000004,Total des yards après réception du joueur Plus/Moins(Incl. Prolongations),4600455808,id1400003171515872
ATL Falcons vs. BAL Ravens,Mark Andrews,playertotals-receivingyards,Over,29.5,Mark Andrews (BAL) Plus de 29.5,1.8334,"Andrews, Mark",1.877,2.0,0.5,-8.330000000000004,Total des yards après réception du joueur Plus/Moins(Incl. Prolongations),4604935267,id1400003171515896
GB Packers vs. CHI Bears,MarShawn Lloyd,playertotals-receivingyards,Under,12.5,MarShawn Lloyd (GB) moins de 12.5,1.8334,"Lloyd, MarShawn",1.877,2.0,0.5,-8.330000000000004,Total des yards après réception du joueur Plus/Moins(Incl. Prolongations),4598620158,id1400003171515892
GB Packers vs. CHI Bears,D'Andre Swift,playertotals-receivingyards,Over,13.5,D'Andre Swift (CHI) Plus de 13.5,1.8334,"Swift, D'Andre",1.877,2.0,0.5,-8.330000000000004,Total des yards après réception du joueur Plus/Moins(Incl. Prolongations),4599959983,id1400003171515892
NE Patriots vs. LV Raiders,Brock Bowers,playertotals-receivingyards,Over,72.5,Brock Bowers (LV) Plus de 72.5,1.8334,"Bowers, Brock",1.877,2.0,0.5,-8.330000000000004,Total des yards après réception du joueur Plus/Moins(Incl. Prolongations),4611832687,id1400003171515876
NY Jets vs. CLE Browns,Deshaun Watson,playertotals-passcompletions,Under,19.5,Deshaun Watson (CLE) moins de 19.5,1.8334,"Watson, Deshaun",1.877,2.0,0.5,-8.330000000000004,"Passes complétées, Joueur (prolongations incluses)",4597102822,id1400003171515880
NY Jets vs. CLE Browns,Denzel Boston,playertotals-receivingyards,Under,47.5,Denzel Boston (CLE) moins de 47.5,1.8334,"Boston, Denzel",1.877,2.0,0.5,-8.330000000000004,Total des yards après réception du joueur Plus/Moins(Incl. Prolongations),4604861138,id1400003171515880
WAS Commanders vs. NY Giants,Jayden Daniels,playertotals-rushyards,Under,30.5,Jayden Daniels (WAS) moins de 30.5,1.8334,"Daniels, Jayden",1.877,2.0,0.5,-8.330000000000004,Total de yards à la course du joueur Plus/Moins (Incl. Prolongations),4610981525,id1400003171515886
WAS Commanders vs. NY Giants,Jameis Winston,playertotals-passyards,Under,201.5,Jameis Winston (NYG) moins de 201.5,1.8334,"Winston, Jameis",1.877,2.0,0.5,-8.330000000000004,Total de yards à la passe du joueur Plus/Moins(Incl. Prolongations),4611404208,id1400003171515886
WAS Commanders vs. NY Giants,Jayden Daniels,playertotals-passattempts,Over,29.5,Jayden Daniels (WAS) Plus de 29.5,1.8334,"Daniels, Jayden",1.877,2.0,0.5,-8.330000000000004,Tentatives de passes du joueur Plus/Moins (Incl. Prolongations),4602158546,id1400003171515886
GB Packers vs. CHI Bears,Luther Burden,playertotals-receivingyards,Over,48.5,Luther Burden (CHI) Plus de 48.5,1.8334,"Burden, Luther",1.877,2.0,0.5,-8.330000000000004,Total des yards après réception du joueur Plus/Moins(Incl. Prolongations),4610923291,id1400003171515892
GB Packers vs. CHI Bears,Rome Odunze,playertotals-receivingyards,Under,39.5,Rome Odunze (CHI) moins de 39.5,1.8334,"Odunze, Rome",1.877,2.0,0.5,-8.330000000000004,Total des yards après réception du joueur Plus/Moins(Incl. Prolongations),4605464292,id1400003171515892
TEN Titans vs. HOU Texans,Kayshon Boutte,playertotals-receivingyards,Under,25.5,Kayshon Boutte (HOU) moins de 25.5,1.8334,"Boutte, Kayshon",1.877,2.0,0.5,-8.330000000000004,Total des yards après réception du joueur Plus/Moins(Incl. Prolongations),4598954032,id1400003171515884
NY Jets vs. CLE Browns,Geno Smith,playertotals-rushyards,Over,10.5,Geno Smith (NYJ) Plus de 10.5,1.8334,"Smith, Geno",1.877,2.0,0.5,-8.330000000000004,Total de yards à la course du joueur Plus/Moins (Incl. Prolongations),4615835955,id1400003171515880
NY Jets vs. CLE Browns,Harold Fannin,playertotals-receivingyards,Under,35.5,Harold Fannin (CLE) moins de 35.5,1.8334,"Fannin, Harold",1.877,2.0,0.5,-8.330000000000004,Total des yards après réception du joueur Plus/Moins(Incl. Prolongations),4605805795,id1400003171515880
TEN Titans vs. HOU Texans,Tyjae Spears,playertotals-receivingyards,Under,9.5,Tyjae Spears (TEN) moins de 9.5,1.8334,"Spears, Tyjae",1.877,2.0,0.5,-8.330000000000004,Total des yards après réception du joueur Plus/Moins(Incl. Prolongations),4600912965,id1400003171515884
PIT Steelers vs. IND Colts,Jonathan Taylor,playertotals-receivingyards,Under,15.5,Jonathan Taylor (IND) moins de 15.5,1.8334,"Taylor, Jonathan",1.877,2.0,0.5,-8.330000000000004,Total des yards après réception du joueur Plus/Moins(Incl. Prolongations),4610797618,id1400003171515882
TEN Titans vs. HOU Texans,Cameron Ward,playertotals-tdpasses,Over,0.5,Cameron Ward (TEN) Plus de 0.5,1.5715,"Ward, Cameron",1.602,1.7151785714285714,0.5830296720458095,-8.376887038001046,Total de Touchdowns à la passe du joueur (Incl. Prolongations),4597168108,id1400003171515884
DAL Cowboys vs. TB Buccaneers,Jalon Daniels,playertotals-interceptions,Over,0.5,Jalon Daniels (TB) Plus de 0.5,1.5,"Daniels, Jalon",1.561,1.637142857142857,0.6108202443280978,-8.376963350785328,Passes du joueur interceptées Plus/Moins (Incl. Prolongations),4601628901,id1400003171515872
ARZ Cardinals vs. DET Lions,Jacoby Brissett,playertotals-tdpasses,Under,1.5,Jacoby Brissett (ARI) moins de 1.5,2.0,"Brissett, Jacoby",2.04,2.183294663573086,0.4580233793836344,-8.395324123273118,Total de Touchdowns à la passe du joueur (Incl. Prolongations),4598078679,id1400003171515890
LA Chargers vs. DEN Broncos,Justin Herbert,playertotals-interceptions,Over,0.5,Justin Herbert (LAC) Plus de 0.5,1.7693,"Herbert, Justin",1.819,1.9318647540983604,0.5176345796870857,-8.41491381596392,Passes du joueur interceptées Plus/Moins (Incl. Prolongations),4609468813,id1400003171515888
TEN Titans vs. HOU Texans,Jaylin Noel,playertotals-receptions,Over,1.5,Jaylin Noel (HOU) Plus de 1.5,1.6897,"Noel, Jaylin",1.724,1.8450980392156864,0.5419766206163655,-8.422210414452714,Total de réceptions Plus/Moins(Incl. Prolongations),4598634019,id1400003171515884
LA Rams vs. BUF Bills,Kyren Williams,playertotals-receivingyards,Over,19.5,Kyren Williams (LAR) Plus de 19.5,1.7693,"Williams, Kyren",1.806,1.9338159255429164,0.5171122994652406,-8.507320855614974,Total des yards après réception du joueur Plus/Moins(Incl. Prolongations),4606147334,id1400003171515898
NE Patriots vs. LV Raiders,Drake Maye,playertotals-interceptions,Over,0.5,Drake Maye (NE) Plus de 0.5,1.6667,"Maye, Drake",1.719,1.822488038277512,0.5487004463113678,-8.548096613284317,Passes du joueur interceptées Plus/Moins (Incl. Prolongations),4609467041,id1400003171515876
NE Patriots vs. LV Raiders,Tre Tucker,playertotals-receptions,Over,3.5,Tre Tucker (LV) Plus de 3.5,1.9524,"Tucker, Tre",2.0,2.1383039271485487,0.46766036731434657,-8.693989885546982,Total de réceptions Plus/Moins(Incl. Prolongations),4597734157,id1400003171515876
NY Jets vs. CLE Browns,Deshaun Watson,playertotals-rushyards,Under,26.5,Deshaun Watson (CLE) moins de 26.5,1.8334,"Watson, Deshaun",1.877,2.0080558539205158,0.49799411607381644,-8.697758759026497,Total de yards à la course du joueur Plus/Moins (Incl. Prolongations),4604805613,id1400003171515880
ARZ Cardinals vs. DET Lions,Trey McBride,playertotals-receivingyards,Under,80.5,Trey McBride (ARI) moins de 80.5,1.8334,"McBride, Trey",1.877,2.0080558539205158,0.49799411607381644,-8.697758759026497,Total des yards après réception du joueur Plus/Moins(Incl. Prolongations),4606154760,id1400003171515890
DAL Cowboys vs. TB Buccaneers,Ryan Flournoy,playertotals-receivingyards,Under,31.5,Ryan Flournoy (DAL) moins de 31.5,1.8334,"Flournoy, Ryan",1.917,2.0089473684210524,0.49777312025150644,-8.738276133088817,Total des yards après réception du joueur Plus/Moins(Incl. Prolongations),4597972359,id1400003171515872
DAL Cowboys vs. TB Buccaneers,George Pickens,playertotals-receivingyards,Under,63.5,George Pickens (DAL) moins de 63.5,1.8334,"Pickens, George",1.917,2.0089473684210524,0.49777312025150644,-8.738276133088817,Total des yards après réception du joueur Plus/Moins(Incl. Prolongations),4609509450,id1400003171515872
MIA Dolphins vs. CIN Bengals,Joe Burrow,playertotals-interceptions,Under,0.5,Joe Burrow (CIN) moins de 0.5,1.5715,"Burrow, Joe",1.625,1.722222222222222,0.5806451612903226,-8.751612903225803,Passes du joueur interceptées Plus/Moins (Incl. Prolongations),4615379779,id1400003171515874
LA Chargers vs. DEN Broncos,Justin Herbert,playertotals-tdpasses,Under,1.5,Justin Herbert (LAC) moins de 1.5,1.3847,"Herbert, Justin",1.42,1.5182481751824817,0.6586538461538461,-8.796201923076918,Total de Touchdowns à la passe du joueur (Incl. Prolongations),4597732142,id1400003171515888
MIA Dolphins vs. CIN Bengals,Jaylen Wright,playertotals-rushyards,Over,21.5,Jaylen Wright (MIA) Plus de 21.5,1.7693,"Wright, Jaylen",1.813,1.9418181818181817,0.5149812734082397,-8.884363295880139,Total de yards à la course du joueur Plus/Moins (Incl. Prolongations),4613264900,id1400003171515874
NY Jets vs. CLE Browns,Geno Smith,playertotals-passyards,Over,206.5,Geno Smith (NYJ) Plus de 206.5,1.8,"Smith, Geno",1.847,1.976215644820296,0.5060176517785504,-8.916822679860925,Total de yards à la passe du joueur Plus/Moins(Incl. Prolongations),4606134869,id1400003171515880
ARZ Cardinals vs. DET Lions,Jameson Williams,playertotals-receivingyards,Over,51.5,Jameson Williams (DET) Plus de 51.5,1.8,"Williams, Jameson",1.847,1.976215644820296,0.5060176517785504,-8.916822679860925,Total des yards après réception du joueur Plus/Moins(Incl. Prolongations),4605897705,id1400003171515890
PIT Steelers vs. IND Colts,Pat Freiermuth,playertotals-receptions,Under,3.5,Pat Freiermuth (PIT) moins de 3.5,1.6061,"Freiermuth, Pat",1.649,1.763425925925926,0.5670779732213179,-8.921606720924125,Total de réceptions Plus/Moins(Incl. Prolongations),4610409053,id1400003171515882
SEA Seahawks vs. SF 49ers,Sam Darnold,playertotals-interceptions,Over,0.5,Sam Darnold (SEA) Plus de 0.5,2.0,"Darnold, Sam",2.07,2.197223828802776,0.4551197683600948,-8.976046327981035,Passes du joueur interceptées Plus/Moins (Incl. Prolongations),4609489798,id1400003171515894
TEN Titans vs. HOU Texans,C.J. Stroud,playertotals-passattempts,Over,31.5,C.J. Stroud (HOU) Plus de 31.5,1.7693,"Stroud, C.J.",1.819,1.9449350649350647,0.514155982905983,-9.030381944444432,Tentatives de passes du joueur Plus/Moins (Incl. Prolongations),4597167930,id1400003171515884
GB Packers vs. CHI Bears,Tucker Kraft,playertotals-receptions,Under,4.5,Tucker Kraft (GB) moins de 4.5,1.7693,"Kraft, Tucker",1.819,1.9449350649350647,0.514155982905983,-9.030381944444432,Total de réceptions Plus/Moins(Incl. Prolongations),4600243424,id1400003171515892
DAL Cowboys vs. TB Buccaneers,Chris Godwin,playertotals-receptions,Under,3.5,Chris Godwin (TB) moins de 3.5,2.0,"Godwin, Chris",2.1,2.1993146773272416,0.45468709426123083,-9.062581147753834,Total de réceptions Plus/Moins(Incl. Prolongations),4597169096,id1400003171515872
PIT Steelers vs. IND Colts,Pat Freiermuth,playertotals-receptions,Over,3.5,Pat Freiermuth (PIT) Plus de 3.5,2.1,"Freiermuth, Pat",2.16,2.3098847786537293,0.4329220267786821,-9.086374376476758,Total de réceptions Plus/Moins(Incl. Prolongations),4610409052,id1400003171515882
DAL Cowboys vs. TB Buccaneers,Chris Godwin,playertotals-receptions,Over,3.5,Chris Godwin (TB) Plus de 3.5,1.6667,"Godwin, Chris",1.751,1.8338095238095236,0.5453129057387692,-9.112698000519327,Total de réceptions Plus/Moins(Incl. Prolongations),4597169095,id1400003171515872
DAL Cowboys vs. TB Buccaneers,Tyler Goodson,playertotals-rushyards,Over,15.5,Tyler Goodson (DAL) Plus de 15.5,1.8334,"Goodson, Tyler",1.925,2.0174418604651163,0.4956772334293948,-9.122536023054762,Total de yards à la course du joueur Plus/Moins (Incl. Prolongations),4598040242,id1400003171515872
GB Packers vs. CHI Bears,Tucker Kraft,playertotals-receptions,Over,4.5,Tucker Kraft (GB) Plus de 4.5,1.8696,"Kraft, Tucker",1.925,2.05827377680044,0.48584401709401703,-9.166602564102577,Total de réceptions Plus/Moins(Incl. Prolongations),4600243423,id1400003171515892
TEN Titans vs. HOU Texans,C.J. Stroud,playertotals-passattempts,Under,31.5,C.J. Stroud (HOU) moins de 31.5,1.8696,"Stroud, C.J.",1.925,2.05827377680044,0.48584401709401703,-9.166602564102577,Tentatives de passes du joueur Plus/Moins (Incl. Prolongations),4597167931,id1400003171515884
SEA Seahawks vs. SF 49ers,Sam Darnold,playertotals-interceptions,Under,0.5,Sam Darnold (SEA) moins de 0.5,1.6667,"Darnold, Sam",1.729,1.8352657004830917,0.5448802316399053,-9.184811792576985,Passes du joueur interceptées Plus/Moins (Incl. Prolongations),4609489799,id1400003171515894
DAL Cowboys vs. TB Buccaneers,Tyler Goodson,playertotals-rushyards,Under,15.5,Tyler Goodson (DAL) moins de 15.5,1.8,"Goodson, Tyler",1.892,1.982857142857143,0.5043227665706052,-9.221902017291072,Total de yards à la course du joueur Plus/Moins (Incl. Prolongations),4598040243,id1400003171515872
MIA Dolphins vs. CIN Bengals,Jaylen Wright,playertotals-rushyards,Under,21.5,Jaylen Wright (MIA) moins de 21.5,1.8696,"Wright, Jaylen",1.925,2.061776061776062,0.48501872659176026,-9.320898876404504,Total de yards à la course du joueur Plus/Moins (Incl. Prolongations),4613264901,id1400003171515874
NY Jets vs. CLE Browns,Geno Smith,playertotals-passyards,Under,206.5,Geno Smith (NYJ) moins de 206.5,1.8334,"Smith, Geno",1.892,2.024363833243097,0.49398234822144954,-9.43327627707945,Total de yards à la passe du joueur Plus/Moins(Incl. Prolongations),4606134870,id1400003171515880
ARZ Cardinals vs. DET Lions,Jameson Williams,playertotals-receivingyards,Under,51.5,Jameson Williams (DET) moins de 51.5,1.8334,"Williams, Jameson",1.892,2.024363833243097,0.49398234822144954,-9.43327627707945,Total des yards après réception du joueur Plus/Moins(Incl. Prolongations),4605897706,id1400003171515890
LA Chargers vs. DEN Broncos,Justin Herbert,playertotals-tdpasses,Over,1.5,Justin Herbert (LAC) Plus de 1.5,2.65,"Herbert, Justin",2.74,2.929577464788733,0.3413461538461538,-9.543269230769248,Total de Touchdowns à la passe du joueur (Incl. Prolongations),4597732141,id1400003171515888
DAL Cowboys vs. TB Buccaneers,Ryan Flournoy,playertotals-receivingyards,Over,31.5,Ryan Flournoy (DAL) Plus de 31.5,1.8,"Flournoy, Ryan",1.9,1.99113197704747,0.5022268797484936,-9.59916164527116,Total des yards après réception du joueur Plus/Moins(Incl. Prolongations),4597972358,id1400003171515872
DAL Cowboys vs. TB Buccaneers,George Pickens,playertotals-receivingyards,Over,63.5,George Pickens (DAL) Plus de 63.5,1.8,"Pickens, George",1.9,1.99113197704747,0.5022268797484936,-9.59916164527116,Total des yards après réception du joueur Plus/Moins(Incl. Prolongations),4609509449,id1400003171515872
DAL Cowboys vs. TB Buccaneers,Dak Prescott,playertotals-tdpasses,Under,2.5,Dak Prescott (DAL) moins de 2.5,1.4445,"Prescott, Dak",1.526,1.5984313725490198,0.6256133464180569,-9.630152109911695,Total de Touchdowns à la passe du joueur (Incl. Prolongations),4600434945,id1400003171515872
NY Jets vs. CLE Browns,Deshaun Watson,playertotals-rushyards,Over,26.5,Deshaun Watson (CLE) Plus de 26.5,1.8,"Watson, Deshaun",1.862,1.9920085242408097,0.5020058839261835,-9.638940893286962,Total de yards à la course du joueur Plus/Moins (Incl. Prolongations),4604805612,id1400003171515880
ARZ Cardinals vs. DET Lions,Trey McBride,playertotals-receivingyards,Over,80.5,Trey McBride (ARI) Plus de 80.5,1.8,"McBride, Trey",1.862,1.9920085242408097,0.5020058839261835,-9.638940893286962,Total des yards après réception du joueur Plus/Moins(Incl. Prolongations),4606154759,id1400003171515890
ARZ Cardinals vs. DET Lions,Jacoby Brissett,playertotals-tdpasses,Over,1.5,Jacoby Brissett (ARI) Plus de 1.5,1.6667,"Brissett, Jacoby",1.724,1.8450980392156864,0.5419766206163655,-9.668756641870358,Total de Touchdowns à la passe du joueur (Incl. Prolongations),4598078678,id1400003171515890
LA Rams vs. BUF Bills,Kyren Williams,playertotals-receivingyards,Under,19.5,Kyren Williams (LAR) moins de 19.5,1.8696,"Williams, Kyren",1.934,2.070874861572536,0.4828877005347594,-9.719315508021387,Total des yards après réception du joueur Plus/Moins(Incl. Prolongations),4606147335,id1400003171515898
NE Patriots vs. LV Raiders,Drake Maye,playertotals-interceptions,Under,0.5,Drake Maye (NE) moins de 0.5,2.0,"Maye, Drake",2.09,2.215823152995928,0.4512995536886322,-9.740089262273555,Passes du joueur interceptées Plus/Moins (Incl. Prolongations),4609467040,id1400003171515876
DAL Cowboys vs. TB Buccaneers,CeeDee Lamb,playertotals-receptions,Under,6.5,CeeDee Lamb (DAL) moins de 6.5,1.7408,"Lamb, CeeDee",1.84,1.929292929292929,0.518324607329843,-9.770052356020942,Total de réceptions Plus/Moins(Incl. Prolongations),4598635225,id1400003171515872
LA Chargers vs. DEN Broncos,Justin Herbert,playertotals-interceptions,Under,0.5,Justin Herbert (LAC) moins de 0.5,1.8696,"Herbert, Justin",1.952,2.0731170973062123,0.48236542031291435,-9.816961018297532,Passes du joueur interceptées Plus/Moins (Incl. Prolongations),4609468814,id1400003171515888
MIA Dolphins vs. CIN Bengals,Joe Burrow,playertotals-interceptions,Over,0.5,Joe Burrow (CIN) Plus de 0.5,2.15,"Burrow, Joe",2.25,2.384615384615385,0.4193548387096774,-9.838709677419367,Passes du joueur interceptées Plus/Moins (Incl. Prolongations),4615379778,id1400003171515874
SEA Seahawks vs. SF 49ers,Rashid Shaheed,playertotals-receptions,Under,1.5,Rashid Shaheed (SEA) moins de 1.5,2.2,"Shaheed, Rashid",2.28,2.442125237191651,0.4094794094794095,-9.914529914529913,Total de réceptions Plus/Moins(Incl. Prolongations),4597960251,id1400003171515894
JAX Jaguars vs. PHI Eagles,Brenton Strange,playertotals-receptions,Over,3.5,Brenton Strange (JAX) Plus de 3.5,1.9091,"Strange, Brenton",1.98,2.1192764273600906,0.47185916244331816,-9.917367297946134,Total de réceptions Plus/Moins(Incl. Prolongations),4597219285,id1400003171488624
JAX Jaguars vs. PHI Eagles,Jalen Hurts,playertotals-interceptions,Over,0.5,Jalen Hurts (PHI) Plus de 0.5,1.6667,"Hurts, Jalen",1.746,1.8517073170731708,0.5400421496311907,-9.991174920969447,Passes du joueur interceptées Plus/Moins (Incl. Prolongations),4604595040,id1400003171488624
NY Jets vs. CLE Browns,Geno Smith,playertotals-rushyards,Under,10.5,Geno Smith (NYJ) moins de 10.5,1.8,"Smith, Geno",1.877,2.0,0.5,-9.999999999999998,Total de yards à la course du joueur Plus/Moins (Incl. Prolongations),4615835956,id1400003171515880
NE Patriots vs. LV Raiders,Brock Bowers,playertotals-receivingyards,Under,72.5,Brock Bowers (LV) moins de 72.5,1.8,"Bowers, Brock",1.877,2.0,0.5,-9.999999999999998,Total des yards après réception du joueur Plus/Moins(Incl. Prolongations),4611832688,id1400003171515876
WAS Commanders vs. NY Giants,Jayden Daniels,playertotals-passattempts,Under,29.5,Jayden Daniels (WAS) moins de 29.5,1.8,"Daniels, Jayden",1.877,2.0,0.5,-9.999999999999998,Tentatives de passes du joueur Plus/Moins (Incl. Prolongations),4602158547,id1400003171515886
TEN Titans vs. HOU Texans,Kayshon Boutte,playertotals-receivingyards,Over,25.5,Kayshon Boutte (HOU) Plus de 25.5,1.8,"Boutte, Kayshon",1.877,2.0,0.5,-9.999999999999998,Total des yards après réception du joueur Plus/Moins(Incl. Prolongations),4598954031,id1400003171515884
TEN Titans vs. HOU Texans,Tyjae Spears,playertotals-receivingyards,Over,9.5,Tyjae Spears (TEN) Plus de 9.5,1.8,"Spears, Tyjae",1.877,2.0,0.5,-9.999999999999998,Total des yards après réception du joueur Plus/Moins(Incl. Prolongations),4600912964,id1400003171515884
NO Saints vs. MIN Vikings,Aaron Jones,playertotals-rushyards,Over,72.5,Aaron Jones (MIN) Plus de 72.5,1.8,"Jones, Aaron",1.877,2.0,0.5,-9.999999999999998,Total de yards à la course du joueur Plus/Moins (Incl. Prolongations),4611603904,id1400003171515878
WAS Commanders vs. NY Giants,Jayden Daniels,playertotals-rushyards,Over,30.5,Jayden Daniels (WAS) Plus de 30.5,1.8,"Daniels, Jayden",1.877,2.0,0.5,-9.999999999999998,Total de yards à la course du joueur Plus/Moins (Incl. Prolongations),4610981524,id1400003171515886
WAS Commanders vs. NY Giants,Jameis Winston,playertotals-passyards,Over,201.5,Jameis Winston (NYG) Plus de 201.5,1.8,"Winston, Jameis",1.877,2.0,0.5,-9.999999999999998,Total de yards à la passe du joueur Plus/Moins(Incl. Prolongations),4611404207,id1400003171515886
NY Jets vs. CLE Browns,Harold Fannin,playertotals-receivingyards,Over,35.5,Harold Fannin (CLE) Plus de 35.5,1.8,"Fannin, Harold",1.877,2.0,0.5,-9.999999999999998,Total des yards après réception du joueur Plus/Moins(Incl. Prolongations),4605805794,id1400003171515880
NY Jets vs. CLE Browns,Denzel Boston,playertotals-receivingyards,Over,47.5,Denzel Boston (CLE) Plus de 47.5,1.8,"Boston, Denzel",1.877,2.0,0.5,-9.999999999999998,Total des yards après réception du joueur Plus/Moins(Incl. Prolongations),4604861137,id1400003171515880
ATL Falcons vs. BAL Ravens,Mark Andrews,playertotals-receivingyards,Under,29.5,Mark Andrews (BAL) moins de 29.5,1.8,"Andrews, Mark",1.877,2.0,0.5,-9.999999999999998,Total des yards après réception du joueur Plus/Moins(Incl. Prolongations),4604935268,id1400003171515896
DAL Cowboys vs. TB Buccaneers,Ted Hurst,playertotals-receivingyards,Under,20.5,Ted Hurst (TB) moins de 20.5,1.8,"Hurst, Ted",1.909,2.0,0.5,-9.999999999999998,Total des yards après réception du joueur Plus/Moins(Incl. Prolongations),4600455809,id1400003171515872
JAX Jaguars vs. PHI Eagles,Brian Thomas,playertotals-receivingyards,Over,24.5,Brian Thomas (JAX) Plus de 24.5,1.8,"Thomas, Brian",1.877,2.0,0.5,-9.999999999999998,Total des yards après réception du joueur Plus/Moins(Incl. Prolongations),4602671944,id1400003171488624
PIT Steelers vs. IND Colts,Jonathan Taylor,playertotals-receivingyards,Over,15.5,Jonathan Taylor (IND) Plus de 15.5,1.8,"Taylor, Jonathan",1.877,2.0,0.5,-9.999999999999998,Total des yards après réception du joueur Plus/Moins(Incl. Prolongations),4610797617,id1400003171515882
NE Patriots vs. LV Raiders,Drake Maye,playertotals-passcompletions,Under,19.5,Drake Maye (NE) moins de 19.5,1.8,"Maye, Drake",1.877,2.0,0.5,-9.999999999999998,"Passes complétées, Joueur (prolongations incluses)",4606002690,id1400003171515876
NY Jets vs. CLE Browns,Deshaun Watson,playertotals-passcompletions,Over,19.5,Deshaun Watson (CLE) Plus de 19.5,1.8,"Watson, Deshaun",1.877,2.0,0.5,-9.999999999999998,"Passes complétées, Joueur (prolongations incluses)",4597102821,id1400003171515880
JAX Jaguars vs. PHI Eagles,Bhayshul Tuten,playertotals-receptions,Under,1.5,Bhayshul Tuten (JAX) moins de 1.5,1.8,"Tuten, Bhayshul",1.877,2.0,0.5,-9.999999999999998,Total de réceptions Plus/Moins(Incl. Prolongations),4597218428,id1400003171488624
GB Packers vs. CHI Bears,Kyle Monangai,playertotals-rushyards,Over,51.5,Kyle Monangai (CHI) Plus de 51.5,1.8,"Monangai, Kyle",1.877,2.0,0.5,-9.999999999999998,Total de yards à la course du joueur Plus/Moins (Incl. Prolongations),4606057254,id1400003171515892
GB Packers vs. CHI Bears,D'Andre Swift,playertotals-receivingyards,Under,13.5,D'Andre Swift (CHI) moins de 13.5,1.8,"Swift, D'Andre",1.877,2.0,0.5,-9.999999999999998,Total des yards après réception du joueur Plus/Moins(Incl. Prolongations),4599959984,id1400003171515892
GB Packers vs. CHI Bears,Rome Odunze,playertotals-receivingyards,Over,39.5,Rome Odunze (CHI) Plus de 39.5,1.8,"Odunze, Rome",1.877,2.0,0.5,-9.999999999999998,Total des yards après réception du joueur Plus/Moins(Incl. Prolongations),4605464291,id1400003171515892
GB Packers vs. CHI Bears,Luther Burden,playertotals-receivingyards,Under,48.5,Luther Burden (CHI) moins de 48.5,1.8,"Burden, Luther",1.877,2.0,0.5,-9.999999999999998,Total des yards après réception du joueur Plus/Moins(Incl. Prolongations),4610923292,id1400003171515892
GB Packers vs. CHI Bears,MarShawn Lloyd,playertotals-receivingyards,Over,12.5,MarShawn Lloyd (GB) Plus de 12.5,1.8,"Lloyd, MarShawn",1.877,2.0,0.5,-9.999999999999998,Total des yards après réception du joueur Plus/Moins(Incl. Prolongations),4598620157,id1400003171515892
GB Packers vs. CHI Bears,Tyson Bagent,playertotals-passyards,Over,219.5,Tyson Bagent (CHI) Plus de 219.5,1.8,"Bagent, Tyson",1.869,2.0,0.5,-9.999999999999998,Total de yards à la passe du joueur Plus/Moins(Incl. Prolongations),4605879088,id1400003171515892
ARZ Cardinals vs. DET Lions,Jahmyr Gibbs,playertotals-receivingyards,Under,37.5,Jahmyr Gibbs (DET) moins de 37.5,1.8,"Gibbs, Jahmyr",1.877,2.0,0.5,-9.999999999999998,Total des yards après réception du joueur Plus/Moins(Incl. Prolongations),4616298159,id1400003171515890
JAX Jaguars vs. PHI Eagles,Makai Lemon,playertotals-receivingyards,Over,32.5,Makai Lemon (PHI) Plus de 32.5,1.8,"Lemon, Makai",1.877,2.0,0.5,-9.999999999999998,Total des yards après réception du joueur Plus/Moins(Incl. Prolongations),4602678031,id1400003171488624
ATL Falcons vs. BAL Ravens,Jahan Dotson,playertotals-receivingyards,Under,19.5,Jahan Dotson (ATL) moins de 19.5,1.8,"Dotson, Jahan",1.869,2.0,0.5,-9.999999999999998,Total des yards après réception du joueur Plus/Moins(Incl. Prolongations),4604753447,id1400003171515896
SEA Seahawks vs. SF 49ers,Christian McCaffrey,playertotals-receivingyards,Under,35.5,Christian McCaffrey (SF) moins de 35.5,1.8,"McCaffrey, Christian",1.877,2.0,0.5,-9.999999999999998,Total des yards après réception du joueur Plus/Moins(Incl. Prolongations),4606222687,id1400003171515894
ARZ Cardinals vs. DET Lions,Jacoby Brissett,playertotals-passattempts,Under,37.5,Jacoby Brissett (ARI) moins de 37.5,1.8,"Brissett, Jacoby",1.877,2.0,0.5,-9.999999999999998,Tentatives de passes du joueur Plus/Moins (Incl. Prolongations),4605397083,id1400003171515890
ARZ Cardinals vs. DET Lions,Jared Goff,playertotals-interceptions,Under,0.5,Jared Goff (DET) moins de 0.5,1.5264,"Goff, Jared",1.602,1.6965217391304348,0.5894413121476166,-10.027678113787797,Passes du joueur interceptées Plus/Moins (Incl. Prolongations),4615625818,id1400003171515890
NE Patriots vs. LV Raiders,Tre Tucker,playertotals-receptions,Under,3.5,Tre Tucker (LV) moins de 3.5,1.6897,"Tucker, Tre",1.757,1.8785,0.5323396326856534,-10.05057226510514,Total de réceptions Plus/Moins(Incl. Prolongations),4597734158,id1400003171515876
JAX Jaguars vs. PHI Eagles,Jakobi Meyers,playertotals-receptions,Under,3.5,Jakobi Meyers (JAX) moins de 3.5,1.8696,"Meyers, Jakobi",1.943,2.0794444444444444,0.48089767566123426,-10.091370558375646,Total de réceptions Plus/Moins(Incl. Prolongations),4597218094,id1400003171488624
ATL Falcons vs. BAL Ravens,Rashod Bateman,playertotals-receptions,Under,1.5,Rashod Bateman (BAL) moins de 1.5,2.1,"Bateman, Rashod",2.18,2.3357843137254903,0.4281217208814271,-10.094438614900314,Total de réceptions Plus/Moins(Incl. Prolongations),4605444403,id1400003171515896
JAX Jaguars vs. PHI Eagles,Trevor Lawrence,playertotals-interceptions,Under,0.5,Trevor Lawrence (JAX) moins de 0.5,1.8696,"Lawrence, Trevor",1.961,2.0816326530612246,0.4803921568627451,-10.185882352941178,Passes du joueur interceptées Plus/Moins (Incl. Prolongations),4602043709,id1400003171488624
NY Jets vs. CLE Browns,Denzel Boston,playertotals-receptions,Over,3.5,Denzel Boston (CLE) Plus de 3.5,2.0,"Boston, Denzel",2.08,2.227863046044864,0.44886062533121357,-10.227874933757287,Total de réceptions Plus/Moins(Incl. Prolongations),4597104227,id1400003171515880
TEN Titans vs. HOU Texans,C.J. Stroud,playertotals-tdpasses,Over,1.5,C.J. Stroud (HOU) Plus de 1.5,2.0,"Stroud, C.J.",2.08,2.227863046044864,0.44886062533121357,-10.227874933757287,Total de Touchdowns à la passe du joueur (Incl. Prolongations),4597167926,id1400003171515884
GB Packers vs. CHI Bears,Christian Watson,playertotals-receptions,Under,4.5,Christian Watson (GB) moins de 4.5,1.6061,"Watson, Christian",1.675,1.7900943396226412,0.5586297760210804,-10.278471673254263,Total de réceptions Plus/Moins(Incl. Prolongations),4597112161,id1400003171515892
ARZ Cardinals vs. DET Lions,Kendrick Bourne,playertotals-receptions,Under,2.5,Kendrick Bourne (ARI) moins de 2.5,1.6061,"Bourne, Kendrick",1.675,1.7900943396226412,0.5586297760210804,-10.278471673254263,Total de réceptions Plus/Moins(Incl. Prolongations),4598078986,id1400003171515890
DAL Cowboys vs. TB Buccaneers,Cade Otton,playertotals-receptions,Under,3.5,Cade Otton (TB) moins de 3.5,1.7408,"Otton, Cade",1.854,1.9411167512690353,0.5151673640167365,-10.319665271966528,Total de réceptions Plus/Moins(Incl. Prolongations),4597843618,id1400003171515872
DAL Cowboys vs. TB Buccaneers,Jalon Daniels,playertotals-passyards,Under,182.5,Jalon Daniels (TB) moins de 182.5,1.8334,"Daniels, Jalon",1.952,2.0444087747458535,0.4891389688563203,-10.321261449882236,Total de yards à la passe du joueur Plus/Moins(Incl. Prolongations),4597900195,id1400003171515872
ARZ Cardinals vs. DET Lions,Jahmyr Gibbs,playertotals-receptions,Over,4.5,Jahmyr Gibbs (DET) Plus de 4.5,1.6667,"Gibbs, Jahmyr",1.735,1.8589108910891086,0.5379494007989348,-10.339973368841527,Total de réceptions Plus/Moins(Incl. Prolongations),4598080230,id1400003171515890
GB Packers vs. CHI Bears,Tyson Bagent,playertotals-tdpasses,Under,1.5,Tyson Bagent (CHI) moins de 1.5,1.6667,"Bagent, Tyson",1.735,1.8589108910891086,0.5379494007989348,-10.339973368841527,Total de Touchdowns à la passe du joueur (Incl. Prolongations),4597113450,id1400003171515892
TEN Titans vs. HOU Texans,Cameron Ward,playertotals-tdpasses,Under,0.5,Cameron Ward (TEN) moins de 0.5,2.15,"Ward, Cameron",2.24,2.3982521847690386,0.41697032795419053,-10.351379489849045,Total de Touchdowns à la passe du joueur (Incl. Prolongations),4597168109,id1400003171515884
GB Packers vs. CHI Bears,Matthew Golden,playertotals-receivingyards,Under,55.5,Matthew Golden (GB) moins de 55.5,1.8,"Golden, Matthew",1.877,2.0080558539205158,0.49799411607381644,-10.361059106713045,Total des yards après réception du joueur Plus/Moins(Incl. Prolongations),4605155373,id1400003171515892
NO Saints vs. MIN Vikings,Devaughn Vele,playertotals-receivingyards,Under,36.5,Devaughn Vele (NO) moins de 36.5,1.8,"Vele, Devaughn",1.877,2.0080558539205158,0.49799411607381644,-10.361059106713045,Total des yards après réception du joueur Plus/Moins(Incl. Prolongations),4610165395,id1400003171515878
DAL Cowboys vs. TB Buccaneers,Cade Otton,playertotals-receivingyards,Over,30.5,Cade Otton (TB) Plus de 30.5,1.8,"Otton, Cade",1.917,2.0089473684210524,0.49777312025150644,-10.400838354728837,Total des yards après réception du joueur Plus/Moins(Incl. Prolongations),4597891285,id1400003171515872
NO Saints vs. MIN Vikings,Tyler Shough,playertotals-interceptions,Over,0.5,Tyler Shough (NOS) Plus de 0.5,1.6897,"Shough, Tyler",1.781,1.8860696517412936,0.5302031126351886,-10.411580058032188,Passes du joueur interceptées Plus/Moins (Incl. Prolongations),4615517095,id1400003171515878
ARZ Cardinals vs. DET Lions,Jacoby Brissett,playertotals-interceptions,Under,0.5,Jacoby Brissett (ARI) moins de 0.5,1.7693,"Brissett, Jacoby",1.862,1.9753797799895234,0.5062317687616017,-10.432413153009811,Passes du joueur interceptées Plus/Moins (Incl. Prolongations),4615625815,id1400003171515890
GB Packers vs. CHI Bears,Tyson Bagent,playertotals-rushyards,Over,10.5,Tyson Bagent (CHI) Plus de 10.5,1.7693,"Bagent, Tyson",1.847,1.976215644820296,0.5060176517785504,-10.470296870821072,Total de yards à la course du joueur Plus/Moins (Incl. Prolongations),4598620283,id1400003171515892
ATL Falcons vs. BAL Ravens,Michael Penix,playertotals-passcompletions,Under,18.5,Michael Penix (ATL) moins de 18.5,1.7693,"Penix, Michael",1.847,1.976215644820296,0.5060176517785504,-10.470296870821072,"Passes complétées, Joueur (prolongations incluses)",4604568462,id1400003171515896
DAL Cowboys vs. TB Buccaneers,Jalon Daniels,playertotals-interceptions,Under,0.5,Jalon Daniels (TB) moins de 0.5,2.3,"Daniels, Jalon",2.45,2.5695067264573996,0.3891797556719022,-10.488656195462498,Passes du joueur interceptées Plus/Moins (Incl. Prolongations),4601628900,id1400003171515872
NO Saints vs. MIN Vikings,Kyler Murray,playertotals-interceptions,Under,0.5,Kyler Murray (MIN) moins de 0.5,1.6061,"Murray, Kyler",1.694,1.795305164319249,0.5570083682008368,-10.5388859832636,Passes du joueur interceptées Plus/Moins (Incl. Prolongations),4615517092,id1400003171515878
TEN Titans vs. HOU Texans,Jaylin Noel,playertotals-receptions,Under,1.5,Jaylin Noel (HOU) moins de 1.5,1.9524,"Noel, Jaylin",2.04,2.183294663573086,0.4580233793836344,-10.575515409139225,Total de réceptions Plus/Moins(Incl. Prolongations),4598634020,id1400003171515884
GB Packers vs. CHI Bears,Tyson Bagent,playertotals-interceptions,Over,0.5,Tyson Bagent (CHI) Plus de 0.5,1.8696,"Bagent, Tyson",1.97,2.090808416389812,0.4782838983050847,-10.58004237288136,Passes du joueur interceptées Plus/Moins (Incl. Prolongations),4615620351,id1400003171515892
SEA Seahawks vs. SF 49ers,AJ Barner,playertotals-receptions,Under,2.5,AJ Barner (SEA) moins de 2.5,2.0,"Barner, AJ",2.09,2.2374185908821786,0.4469436358825086,-10.611272823498275,Total de réceptions Plus/Moins(Incl. Prolongations),4606193447,id1400003171515894
WAS Commanders vs. NY Giants,Jayden Daniels,playertotals-interceptions,Under,0.5,Jayden Daniels (WAS) moins de 0.5,1.6667,"Daniels, Jayden",1.757,1.8655172413793104,0.5360443622920518,-10.657486136783723,Passes du joueur interceptées Plus/Moins (Incl. Prolongations),4615597179,id1400003171515886
PIT Steelers vs. IND Colts,Daniel Jones,playertotals-tdpasses,Over,1.5,Daniel Jones (IND) Plus de 1.5,2.5,"Jones, Daniel",2.62,2.801925722145805,0.3568973981345115,-10.775650466372122,Total de Touchdowns à la passe du joueur (Incl. Prolongations),4596508192,id1400003171515882
GB Packers vs. CHI Bears,Skyy Moore,playertotals-receptions,Over,1.5,Skyy Moore (GB) Plus de 1.5,2.1,"Moore, Skyy",2.2,2.3538461538461544,0.4248366013071895,-10.784313725490202,Total de réceptions Plus/Moins(Incl. Prolongations),4600262795,id1400003171515892
PIT Steelers vs. IND Colts,Aaron Rodgers,playertotals-tdpasses,Under,1.5,Aaron Rodgers (PIT) moins de 1.5,1.7693,"Rodgers, Aaron",1.854,1.984076433121019,0.5040128410914928,-10.82500802568217,Total de Touchdowns à la passe du joueur (Incl. Prolongations),4596507697,id1400003171515882
TEN Titans vs. HOU Texans,Tyjae Spears,playertotals-receptions,Under,1.5,Tyjae Spears (TEN) moins de 1.5,2.25,"Spears, Tyjae",2.36,2.523563589412524,0.3962650294192889,-10.840368380660003,Total de réceptions Plus/Moins(Incl. Prolongations),4597167616,id1400003171515884
GB Packers vs. CHI Bears,Rome Odunze,playertotals-receptions,Under,2.5,Rome Odunze (CHI) moins de 2.5,2.25,"Odunze, Rome",2.36,2.523563589412524,0.3962650294192889,-10.840368380660003,Total de réceptions Plus/Moins(Incl. Prolongations),4597112789,id1400003171515892
NY Jets vs. CLE Browns,Geno Smith,playertotals-interceptions,Over,0.5,Geno Smith (NYJ) Plus de 0.5,1.6061,"Smith, Geno",1.684,1.8019047619047617,0.5549682875264271,-10.866543340380531,Passes du joueur interceptées Plus/Moins (Incl. Prolongations),4609466738,id1400003171515880
GB Packers vs. CHI Bears,Jordan Love,playertotals-interceptions,Under,0.5,Jordan Love (GB) moins de 0.5,1.9091,"Love, Jordan",2.02,2.141888072357264,0.46687780416996566,-10.86835840591186,Passes du joueur interceptées Plus/Moins (Incl. Prolongations),4615620353,id1400003171515892
GB Packers vs. CHI Bears,Kalif Raymond,playertotals-receptions,Under,3.5,Kalif Raymond (CHI) moins de 3.5,1.5715,"Raymond, Kalif",1.649,1.763425925925926,0.5670779732213179,-10.88369650826989,Total de réceptions Plus/Moins(Incl. Prolongations),4597111723,id1400003171515892
LA Rams vs. BUF Bills,Matthew Stafford,playertotals-passattempts,Over,37.5,Matthew Stafford (LAR) Plus de 37.5,1.8334,"Stafford, Matthew",1.925,2.05827377680044,0.48584401709401703,-10.925357905982924,Tentatives de passes du joueur Plus/Moins (Incl. Prolongations),4598633206,id1400003171515898
WAS Commanders vs. NY Giants,Jameis Winston,playertotals-tdpasses,Under,1.5,Jameis Winston (NYG) moins de 1.5,1.3847,"Winston, Jameis",1.454,1.5549618320610685,0.6431026018654885,-10.949582719685802,Total de Touchdowns à la passe du joueur (Incl. Prolongations),4597470846,id1400003171515886
DAL Cowboys vs. TB Buccaneers,Bucky Irving,playertotals-receptions,Under,2.5,Bucky Irving (TB) moins de 2.5,1.5556,"Irving, Bucky",1.666,1.7470852017937222,0.5723819301848049,-10.960266940451746,Total de réceptions Plus/Moins(Incl. Prolongations),4597170553,id1400003171515872
TEN Titans vs. HOU Texans,Kayshon Boutte,playertotals-receptions,Under,2.5,Kayshon Boutte (HOU) moins de 2.5,1.5264,"Boutte, Kayshon",1.602,1.7151785714285714,0.5830296720458095,-11.00635085892765,Total de réceptions Plus/Moins(Incl. Prolongations),4598633934,id1400003171515884
GB Packers vs. CHI Bears,Luther Burden,playertotals-receptions,Under,4.5,Luther Burden (CHI) moins de 4.5,1.8696,"Burden, Luther",1.961,2.1010668163952833,0.4759486905398183,-11.016632816675575,Total de réceptions Plus/Moins(Incl. Prolongations),4597113095,id1400003171515892
GB Packers vs. CHI Bears,Tyson Bagent,playertotals-passcompletions,Over,20.5,Tyson Bagent (CHI) Plus de 20.5,1.8,"Bagent, Tyson",1.892,2.024363833243097,0.49398234822144954,-11.083177320139082,"Passes complétées, Joueur (prolongations incluses)",4597113455,id1400003171515892
NE Patriots vs. LV Raiders,Demario Douglas,playertotals-receptions,Under,2.5,Demario Douglas (NE) moins de 2.5,1.9091,"Douglas, Demario",2.01,2.14791547687036,0.4655676681733581,-11.118476469024207,Total de réceptions Plus/Moins(Incl. Prolongations),4597734309,id1400003171515876
DAL Cowboys vs. TB Buccaneers,Jake Ferguson,playertotals-receivingyards,Under,26.5,Jake Ferguson (DAL) moins de 26.5,1.8,"Ferguson, Jake",1.934,2.026539278131635,0.49345206914614975,-11.178627553693044,Total des yards après réception du joueur Plus/Moins(Incl. Prolongations),4598793913,id1400003171515872
LA Chargers vs. DEN Broncos,RJ Harvey,playertotals-rushyards,Over,18.5,RJ Harvey (DEN) Plus de 18.5,1.7693,"Harvey, RJ",1.862,1.9920085242408097,0.5020058839261835,-11.180098956940343,Total de yards à la course du joueur Plus/Moins (Incl. Prolongations),4606503841,id1400003171515888
JAX Jaguars vs. PHI Eagles,Parker Washington,playertotals-receptions,Under,4.5,Parker Washington (JAX) moins de 4.5,1.8696,"Washington, Parker",1.97,2.106120157215048,0.4748067182084777,-11.230135963743015,Total de réceptions Plus/Moins(Incl. Prolongations),4602646797,id1400003171488624
DAL Cowboys vs. TB Buccaneers,Javonte Williams,playertotals-rushattempts,Over,17.5,Javonte Williams (DAL) Plus de 17.5,1.9091,"Williams, Javonte",2.05,2.1510387422796184,0.46489167319237795,-11.247530670843119,Joueur tentative de gain par la course (prolongations incluses),4597922883,id1400003171515872
NE Patriots vs. LV Raiders,Ashton Jeanty,playertotals-rushattempts,Over,17.5,Ashton Jeanty (LV) Plus de 17.5,1.9524,"Jeanty, Ashton",2.06,2.201866977829638,0.4541600423953365,-11.329793322734504,Joueur tentative de gain par la course (prolongations incluses),4598619941,id1400003171515876
NY Jets vs. CLE Browns,Geno Smith,playertotals-passcompletions,Over,20.5,Geno Smith (NYJ) Plus de 20.5,1.9524,"Smith, Geno",2.06,2.201866977829638,0.4541600423953365,-11.329793322734504,"Passes complétées, Joueur (prolongations incluses)",4601326542,id1400003171515880
DAL Cowboys vs. TB Buccaneers,Ryan Flournoy,playertotals-receptions,Under,3.5,Ryan Flournoy (DAL) moins de 3.5,1.5715,"Flournoy, Ryan",1.694,1.7735159817351602,0.5638516992790936,-11.39070545829044,Total de réceptions Plus/Moins(Incl. Prolongations),4597170702,id1400003171515872
NY Jets vs. CLE Browns,Geno Smith,playertotals-tdpasses,Over,1.5,Geno Smith (NYJ) Plus de 1.5,2.35,"Smith, Geno",2.48,2.653333333333333,0.37688442211055284,-11.432160804020075,Total de Touchdowns à la passe du joueur (Incl. Prolongations),4597102559,id1400003171515880
ARZ Cardinals vs. DET Lions,Isaac TeSlaa,playertotals-receptions,Over,2.5,Isaac TeSlaa (DET) Plus de 2.5,2.2,"TeSlaa, Isaac",2.32,2.4862267777065985,0.4022159237309971,-11.512496779180626,Total de réceptions Plus/Moins(Incl. Prolongations),4598080639,id1400003171515890
PIT Steelers vs. IND Colts,Keenan Allen,playertotals-receivingyards,Under,27.5,Keenan Allen (IND) moins de 27.5,1.7693,"Allen, Keenan",1.877,2.0,0.5,-11.534999999999995,Total des yards après réception du joueur Plus/Moins(Incl. Prolongations),4610398647,id1400003171515882
SEA Seahawks vs. SF 49ers,AJ Barner,playertotals-receivingyards,Over,24.5,AJ Barner (SEA) Plus de 24.5,1.7693,"Barner, AJ",1.877,2.0,0.5,-11.534999999999995,Total des yards après réception du joueur Plus/Moins(Incl. Prolongations),4616370486,id1400003171515894
PIT Steelers vs. IND Colts,Daniel Jones,playertotals-passattempts,Under,31.5,Daniel Jones (IND) moins de 31.5,1.7693,"Jones, Daniel",1.877,2.0,0.5,-11.534999999999995,Tentatives de passes du joueur Plus/Moins (Incl. Prolongations),4601659224,id1400003171515882
LA Chargers vs. DEN Broncos,Justin Herbert,playertotals-rushyards,Under,24.5,Justin Herbert (LAC) moins de 24.5,1.7693,"Herbert, Justin",1.877,2.0,0.5,-11.534999999999995,Total de yards à la course du joueur Plus/Moins (Incl. Prolongations),4610683457,id1400003171515888
GB Packers vs. CHI Bears,Matthew Golden,playertotals-receptions,Over,4.5,Matthew Golden (GB) Plus de 4.5,1.7693,"Golden, Matthew",1.877,2.0,0.5,-11.534999999999995,Total de réceptions Plus/Moins(Incl. Prolongations),4597113229,id1400003171515892
NE Patriots vs. LV Raiders,Michael Mayer,playertotals-receptions,Under,3.5,Michael Mayer (LV) moins de 3.5,1.7693,"Mayer, Michael",1.877,2.0,0.5,-11.534999999999995,Total de réceptions Plus/Moins(Incl. Prolongations),4600264178,id1400003171515876
TEN Titans vs. HOU Texans,David Montgomery,playertotals-receivingyards,Over,7.5,David Montgomery (HOU) Plus de 7.5,1.7693,"Montgomery, David",1.877,2.0,0.5,-11.534999999999995,Total des yards après réception du joueur Plus/Moins(Incl. Prolongations),4605500553,id1400003171515884
NO Saints vs. MIN Vikings,Aaron Jones,playertotals-rushattempts,Over,17.5,Aaron Jones (MIN) Plus de 17.5,1.7693,"Jones, Aaron",1.877,2.0,0.5,-11.534999999999995,Joueur tentative de gain par la course (prolongations incluses),4604997480,id1400003171515878
WAS Commanders vs. NY Giants,Cameron Skattebo,playertotals-rushyards,Over,56.5,Cameron Skattebo (NYG) Plus de 56.5,1.7693,"Skattebo, Cameron",1.877,2.0,0.5,-11.534999999999995,Total de yards à la course du joueur Plus/Moins (Incl. Prolongations),4597954545,id1400003171515886
TEN Titans vs. HOU Texans,Cameron Ward,playertotals-rushyards,Under,10.5,Cameron Ward (TEN) moins de 10.5,1.7693,"Ward, Cameron",1.877,2.0,0.5,-11.534999999999995,Total de yards à la course du joueur Plus/Moins (Incl. Prolongations),4600983505,id1400003171515884
JAX Jaguars vs. PHI Eagles,Bhayshul Tuten,playertotals-rushyards,Under,65.5,Bhayshul Tuten (JAX) moins de 65.5,1.7693,"Tuten, Bhayshul",1.877,2.0,0.5,-11.534999999999995,Total de yards à la course du joueur Plus/Moins (Incl. Prolongations),4604574980,id1400003171488624
LA Chargers vs. DEN Broncos,Troy Franklin,playertotals-receptions,Over,1.5,Troy Franklin (DEN) Plus de 1.5,1.7693,"Franklin, Troy",1.877,2.0,0.5,-11.534999999999995,Total de réceptions Plus/Moins(Incl. Prolongations),4606447008,id1400003171515888
LA Chargers vs. DEN Broncos,Bo Nix,playertotals-passcompletions,Under,21.5,Bo Nix (DEN) moins de 21.5,1.7693,"Nix, Bo",1.877,2.0,0.5,-11.534999999999995,"Passes complétées, Joueur (prolongations incluses)",4606555048,id1400003171515888
SEA Seahawks vs. SF 49ers,Rashid Shaheed,playertotals-receivingyards,Over,20.5,Rashid Shaheed (SEA) Plus de 20.5,1.7693,"Shaheed, Rashid",1.877,2.0,0.5,-11.534999999999995,Total des yards après réception du joueur Plus/Moins(Incl. Prolongations),4606220324,id1400003171515894
DAL Cowboys vs. TB Buccaneers,George Pickens,playertotals-receptions,Under,4.5,George Pickens (DAL) moins de 4.5,1.8696,"Pickens, George",2.02,2.1141753998896853,0.47299765196973653,-11.568358987738058,Total de réceptions Plus/Moins(Incl. Prolongations),4597169613,id1400003171515872
NE Patriots vs. LV Raiders,Romeo Doubs,playertotals-receptions,Under,3.5,Romeo Doubs (NE) moins de 3.5,2.0,"Doubs, Romeo",2.12,2.2656716417910445,0.4413702239789197,-11.725955204216065,Total de réceptions Plus/Moins(Incl. Prolongations),4601754343,id1400003171515876
ATL Falcons vs. BAL Ravens,Brian Robinson,playertotals-rushattempts,Under,8.5,Brian Robinson (ATL) moins de 8.5,1.8696,"Robinson, Brian",1.98,2.1192764273600906,0.47185916244331816,-11.781210989597234,Joueur tentative de gain par la course (prolongations incluses),4604569293,id1400003171515896
NE Patriots vs. LV Raiders,Brock Bowers,playertotals-receptions,Under,6.5,Brock Bowers (LV) moins de 6.5,1.8696,"Bowers, Brock",1.98,2.1192764273600906,0.47185916244331816,-11.781210989597234,Total de réceptions Plus/Moins(Incl. Prolongations),4606001774,id1400003171515876
DAL Cowboys vs. TB Buccaneers,Jalon Daniels,playertotals-passattempts,Over,28.5,Jalon Daniels (TB) Plus de 28.5,1.7408,"Daniels, Jalon",1.884,1.974146845915202,0.5065479308538501,-11.820136196961784,Tentatives de passes du joueur Plus/Moins (Incl. Prolongations),4597869752,id1400003171515872
NE Patriots vs. LV Raiders,Ashton Jeanty,playertotals-receptions,Under,3.5,Ashton Jeanty (LV) moins de 3.5,1.8,"Jeanty, Ashton",1.909,2.0414620840152757,0.48984500267236764,-11.827899518973828,Total de réceptions Plus/Moins(Incl. Prolongations),4597962033,id1400003171515876
TEN Titans vs. HOU Texans,C.J. Stroud,playertotals-rushyards,Under,9.5,C.J. Stroud (HOU) moins de 9.5,1.7693,"Stroud, C.J.",1.877,2.0080558539205158,0.49799411607381644,-11.889901043059648,Total de yards à la course du joueur Plus/Moins (Incl. Prolongations),4600056224,id1400003171515884
PIT Steelers vs. IND Colts,Tyler Warren,playertotals-receivingyards,Over,49.5,Tyler Warren (IND) Plus de 49.5,1.7693,"Warren, Tyler",1.877,2.0080558539205158,0.49799411607381644,-11.889901043059648,Total des yards après réception du joueur Plus/Moins(Incl. Prolongations),4601553996,id1400003171515882
JAX Jaguars vs. PHI Eagles,Trevor Lawrence,playertotals-rushattempts,Over,3.5,Trevor Lawrence (JAX) Plus de 3.5,1.7408,"Lawrence, Trevor",1.847,1.976215644820296,0.5060176517785504,-11.91244717838995,Joueur tentative de gain par la course (prolongations incluses),4597219124,id1400003171488624
TEN Titans vs. HOU Texans,Nico Collins,playertotals-receptions,Under,5.5,Nico Collins (HOU) moins de 5.5,1.6897,"Collins, Nico",1.793,1.918545081967213,0.5212283044058745,-11.928053404539385,Total de réceptions Plus/Moins(Incl. Prolongations),4605484745,id1400003171515884
DAL Cowboys vs. TB Buccaneers,Sean Tucker,playertotals-rushyards,Over,10.5,Sean Tucker (TB) Plus de 10.5,1.7693,"Tucker, Sean",1.917,2.0089473684210524,0.49777312025150644,-11.929001833900966,Total de yards à la course du joueur Plus/Moins (Incl. Prolongations),4616331359,id1400003171515872
ARZ Cardinals vs. DET Lions,Tyler Allgeier,playertotals-rushattempts,Under,7.5,Tyler Allgeier (ARI) moins de 7.5,1.6667,"Allgeier, Tyler",1.769,1.8934343434343437,0.5281408375566817,-11.974766604427856,Joueur tentative de gain par la course (prolongations incluses),4605155423,id1400003171515890
SEA Seahawks vs. SF 49ers,Christian McCaffrey,playertotals-receptions,Over,4.5,Christian McCaffrey (SF) Plus de 4.5,1.6667,"McCaffrey, Christian",1.769,1.8934343434343437,0.5281408375566817,-11.974766604427856,Total de réceptions Plus/Moins(Incl. Prolongations),4606205878,id1400003171515894
SEA Seahawks vs. SF 49ers,Cooper Kupp,playertotals-receptions,Under,2.5,Cooper Kupp (SEA) moins de 2.5,1.6667,"Kupp, Cooper",1.769,1.8934343434343437,0.5281408375566817,-11.974766604427856,Total de réceptions Plus/Moins(Incl. Prolongations),4597735599,id1400003171515894
DAL Cowboys vs. TB Buccaneers,Jalon Daniels,playertotals-passcompletions,Under,17.5,Jalon Daniels (TB) moins de 17.5,1.9091,"Daniels, Jalon",2.07,2.1701526286037307,0.4607970825735869,-12.029228965876515,"Passes complétées, Joueur (prolongations incluses)",4597869755,id1400003171515872
SEA Seahawks vs. SF 49ers,Sam Darnold,playertotals-tdpasses,Over,1.5,Sam Darnold (SEA) Plus de 1.5,1.7693,"Darnold, Sam",1.877,2.016242555495398,0.49597207303974217,-12.247661117078412,Total de Touchdowns à la passe du joueur (Incl. Prolongations),4597735866,id1400003171515894
NE Patriots vs. LV Raiders,Kirk Cousins,playertotals-interceptions,Under,0.5,Kirk Cousins (LVR) moins de 0.5,1.8696,"Cousins, Kirk",2.01,2.132394366197183,0.46895640686922063,-12.323910171730512,Passes du joueur interceptées Plus/Moins (Incl. Prolongations),4609467048,id1400003171515876
LA Chargers vs. DEN Broncos,Bo Nix,playertotals-tdpasses,Under,1.5,Bo Nix (DEN) moins de 1.5,1.6061,"Nix, Bo",1.714,1.8320388349514563,0.5458399576046635,-12.332644409114991,Total de Touchdowns à la passe du joueur (Incl. Prolongations),4597732690,id1400003171515888
GB Packers vs. CHI Bears,Kyle Monangai,playertotals-rushattempts,Under,11.5,Kyle Monangai (CHI) moins de 11.5,1.9524,"Monangai, Kyle",2.08,2.227863046044864,0.44886062533121357,-12.364451510333863,Joueur tentative de gain par la course (prolongations incluses),4605960135,id1400003171515892
DAL Cowboys vs. TB Buccaneers,Jake Ferguson,playertotals-receptions,Under,3.5,Jake Ferguson (DAL) moins de 3.5,1.625,"Ferguson, Jake",1.769,1.8545893719806763,0.5392029174264131,-12.379525918207868,Total de réceptions Plus/Moins(Incl. Prolongations),4597169954,id1400003171515872
SEA Seahawks vs. SF 49ers,Emanuel Wilson,playertotals-receptions,Under,1.5,Emanuel Wilson (SEA) moins de 1.5,2.1,"Wilson, Emanuel",2.24,2.3982521847690386,0.41697032795419053,-12.43623112961998,Total de réceptions Plus/Moins(Incl. Prolongations),4597737389,id1400003171515894
GB Packers vs. CHI Bears,MarShawn Lloyd,playertotals-receptions,Under,2.5,MarShawn Lloyd (GB) moins de 2.5,1.5,"Lloyd, MarShawn",1.602,1.7151785714285714,0.5830296720458095,-12.54554919312858,Total de réceptions Plus/Moins(Incl. Prolongations),4599960010,id1400003171515892
PIT Steelers vs. IND Colts,Daniel Jones,playertotals-passcompletions,Over,20.5,Daniel Jones (IND) Plus de 20.5,1.8696,"Jones, Daniel",2.0,2.1383039271485487,0.46766036731434657,-12.566217726909768,"Passes complétées, Joueur (prolongations incluses)",4601629832,id1400003171515882
LA Chargers vs. DEN Broncos,Bo Nix,playertotals-passattempts,Over,34.5,Bo Nix (DEN) Plus de 34.5,1.8696,"Nix, Bo",2.0,2.1383039271485487,0.46766036731434657,-12.566217726909768,Tentatives de passes du joueur Plus/Moins (Incl. Prolongations),4606503805,id1400003171515888
LA Chargers vs. DEN Broncos,Bo Nix,playertotals-rushattempts,Under,4.5,Bo Nix (DEN) moins de 4.5,1.625,"Nix, Bo",1.735,1.8589108910891086,0.5379494007989348,-12.583222370173086,Joueur tentative de gain par la course (prolongations incluses),4597732746,id1400003171515888
LA Rams vs. BUF Bills,Josh Allen,playertotals-tdpasses,Over,1.5,Josh Allen (BUF) Plus de 1.5,1.7693,"Allen, Josh",1.892,2.024363833243097,0.49398234822144954,-12.59970312917893,Total de Touchdowns à la passe du joueur (Incl. Prolongations),4597209193,id1400003171515898
SEA Seahawks vs. SF 49ers,Brock Purdy,playertotals-rushyards,Under,19.5,Brock Purdy (SF) moins de 19.5,1.7693,"Purdy, Brock",1.892,2.024363833243097,0.49398234822144954,-12.59970312917893,Total de yards à la course du joueur Plus/Moins (Incl. Prolongations),4606214699,id1400003171515894
GB Packers vs. CHI Bears,Jordan Love,playertotals-passattempts,Over,33.5,Jordan Love (GB) Plus de 33.5,1.7693,"Love, Jordan",1.892,2.024363833243097,0.49398234822144954,-12.59970312917893,Tentatives de passes du joueur Plus/Moins (Incl. Prolongations),4598620063,id1400003171515892
LA Rams vs. BUF Bills,Matthew Stafford,playertotals-tdpasses,Over,2.5,Matthew Stafford (LAR) Plus de 2.5,2.25,"Stafford, Matthew",2.41,2.5761935905820796,0.3881695861893882,-12.66184310738766,Total de Touchdowns à la passe du joueur (Incl. Prolongations),4606139070,id1400003171515898
NY Jets vs. CLE Browns,Deshaun Watson,playertotals-interceptions,Over,0.5,Deshaun Watson (CLE) Plus de 0.5,1.8696,"Watson, Deshaun",2.02,2.141888072357264,0.46687780416996566,-12.712525732383229,Passes du joueur interceptées Plus/Moins (Incl. Prolongations),4609466724,id1400003171515880
JAX Jaguars vs. PHI Eagles,Jalen Hurts,playertotals-rushattempts,Over,6.5,Jalen Hurts (PHI) Plus de 6.5,2.0,"Hurts, Jalen",2.14,2.291490645745323,0.43639715564919673,-12.720568870160653,Joueur tentative de gain par la course (prolongations incluses),4602369821,id1400003171488624
SEA Seahawks vs. SF 49ers,Deebo Samuel,playertotals-receptions,Over,3.5,Deebo Samuel (SF) Plus de 3.5,1.6897,"Samuel, Deebo",1.813,1.9374353671147881,0.5161462503336002,-12.786768081131584,Total de réceptions Plus/Moins(Incl. Prolongations),4597735801,id1400003171515894
NY Jets vs. CLE Browns,Deshaun Watson,playertotals-tdpasses,Over,1.5,Deshaun Watson (CLE) Plus de 1.5,2.35,"Watson, Deshaun",2.52,2.6946872898453265,0.37110057399550783,-12.791365111055653,Total de Touchdowns à la passe du joueur (Incl. Prolongations),4597102815,id1400003171515880
DAL Cowboys vs. TB Buccaneers,Javonte Williams,playertotals-receptions,Over,2.5,Javonte Williams (DAL) Plus de 2.5,1.6897,"Williams, Javonte",1.847,1.9375634517766496,0.516112129944983,-12.792533403196227,Total de réceptions Plus/Moins(Incl. Prolongations),4597170009,id1400003171515872
DAL Cowboys vs. TB Buccaneers,Dak Prescott,playertotals-passcompletions,Under,23.5,Dak Prescott (DAL) moins de 23.5,1.8334,"Prescott, Dak",2.01,2.1050027487630563,0.4750587620788718,-12.902726560459643,"Passes complétées, Joueur (prolongations incluses)",4597168852,id1400003171515872
GB Packers vs. CHI Bears,Colston Loveland,playertotals-receptions,Under,3.5,Colston Loveland (CHI) moins de 3.5,2.05,"Loveland, Colston",2.2,2.3538461538461544,0.4248366013071895,-12.908496732026165,Total de réceptions Plus/Moins(Incl. Prolongations),4597113185,id1400003171515892
GB Packers vs. CHI Bears,Tyson Bagent,playertotals-passattempts,Under,31.5,Tyson Bagent (CHI) moins de 31.5,1.7408,"Bagent, Tyson",1.877,2.0,0.5,-12.960000000000004,Tentatives de passes du joueur Plus/Moins (Incl. Prolongations),4597113454,id1400003171515892
LA Chargers vs. DEN Broncos,Justin Herbert,playertotals-passcompletions,Under,18.5,Justin Herbert (LAC) moins de 18.5,1.7408,"Herbert, Justin",1.877,2.0,0.5,-12.960000000000004,"Passes complétées, Joueur (prolongations incluses)",4597732148,id1400003171515888
DAL Cowboys vs. TB Buccaneers,Kenneth Gainwell,playertotals-rushyards,Under,12.5,Kenneth Gainwell (TB) moins de 12.5,1.7693,"Gainwell, Kenneth",1.943,2.0351624933404366,0.4913612565445027,-13.063452879581138,Total de yards à la course du joueur Plus/Moins (Incl. Prolongations),4597990470,id1400003171515872
TEN Titans vs. HOU Texans,Cameron Ward,playertotals-interceptions,Over,0.5,Cameron Ward (TEN) Plus de 0.5,1.8696,"Ward, Cameron",2.03,2.151446398184912,0.4648035855523332,-13.100321645135793,Passes du joueur interceptées Plus/Moins (Incl. Prolongations),4615525769,id1400003171515884
NE Patriots vs. LV Raiders,Hunter Henry,playertotals-receptions,Under,3.5,Hunter Henry (NE) moins de 3.5,1.7693,"Henry, Hunter",1.909,2.0414620840152757,0.48984500267236764,-13.331723677177987,Total de réceptions Plus/Moins(Incl. Prolongations),4606037808,id1400003171515876
ATL Falcons vs. BAL Ravens,Michael Penix,playertotals-tdpasses,Over,1.5,Michael Penix (ATL) Plus de 1.5,2.0,"Penix, Michael",2.16,2.3098847786537293,0.4329220267786821,-13.415594644263585,Total de Touchdowns à la passe du joueur (Incl. Prolongations),4602590060,id1400003171515896
SEA Seahawks vs. SF 49ers,Sam Darnold,playertotals-passattempts,Over,30.5,Sam Darnold (SEA) Plus de 30.5,1.8,"Darnold, Sam",1.943,2.0794444444444444,0.48089767566123426,-13.438418380977835,Tentatives de passes du joueur Plus/Moins (Incl. Prolongations),4606188007,id1400003171515894
SEA Seahawks vs. SF 49ers,George Holani,playertotals-receptions,Under,1.5,George Holani (SEA) moins de 1.5,2.05,"Holani, George",2.22,2.3729128014842304,0.42142298670836587,-13.608287724785006,Total de réceptions Plus/Moins(Incl. Prolongations),4602634139,id1400003171515894
DAL Cowboys vs. TB Buccaneers,Ted Hurst,playertotals-receptions,Over,1.5,Ted Hurst (TB) Plus de 1.5,1.6667,"Hurst, Ted",1.84,1.929292929292929,0.518324607329843,-13.610837696335064,Total de réceptions Plus/Moins(Incl. Prolongations),4597843790,id1400003171515872
ATL Falcons vs. BAL Ravens,Bijan Robinson,playertotals-receptions,Under,3.5,Bijan Robinson (ATL) moins de 3.5,1.8696,"Robinson, Bijan",2.02,2.164265129682997,0.4620505992010653,-13.615019973368836,Total de réceptions Plus/Moins(Incl. Prolongations),4604568532,id1400003171515896
DAL Cowboys vs. TB Buccaneers,Dak Prescott,playertotals-rushattempts,Over,3.5,Dak Prescott (DAL) Plus de 3.5,2.0,"Prescott, Dak",2.21,2.3154761904761907,0.4318766066838046,-13.624678663239076,Joueur tentative de gain par la course (prolongations incluses),4597168901,id1400003171515872
MIA Dolphins vs. CIN Bengals,Malik Willis,playertotals-interceptions,Over,0.5,Malik Willis (MIA) Plus de 0.5,1.8696,"Willis, Malik",2.04,2.1650485436893208,0.4618834080717488,-13.646278026905845,Passes du joueur interceptées Plus/Moins (Incl. Prolongations),4615379788,id1400003171515874
LA Chargers vs. DEN Broncos,Bo Nix,playertotals-interceptions,Under,0.5,Bo Nix (DEN) moins de 0.5,1.8696,"Nix, Bo",2.04,2.1650485436893208,0.4618834080717488,-13.646278026905845,Passes du joueur interceptées Plus/Moins (Incl. Prolongations),4609468336,id1400003171515888
ATL Falcons vs. BAL Ravens,Kyle Pitts,playertotals-receptions,Under,2.5,Kyle Pitts (ATL) moins de 2.5,1.6061,"Pitts, Kyle",1.74,1.8613861386138613,0.5372340425531915,-13.714840425531904,Total de réceptions Plus/Moins(Incl. Prolongations),4602590333,id1400003171515896
DAL Cowboys vs. TB Buccaneers,Jalon Daniels,playertotals-rushattempts,Under,7.5,Jalon Daniels (TB) moins de 7.5,1.6667,"Daniels, Jalon",1.847,1.9328282828282832,0.5173765351450221,-13.768852887379158,Joueur tentative de gain par la course (prolongations incluses),4597880228,id1400003171515872
MIA Dolphins vs. CIN Bengals,Malik Willis,playertotals-tdpasses,Over,0.5,Malik Willis (MIA) Plus de 0.5,1.4348,"Willis, Malik",1.555,1.6645299145299146,0.6007702182284981,-13.801489088575092,Total de Touchdowns à la passe du joueur (Incl. Prolongations),4598622110,id1400003171515874
TEN Titans vs. HOU Texans,Tony Pollard,playertotals-receptions,Under,1.5,Tony Pollard (TEN) moins de 1.5,1.8696,"Pollard, Tony",2.03,2.1740890688259107,0.45996275605214154,-14.005363128491622,Total de réceptions Plus/Moins(Incl. Prolongations),4597166857,id1400003171515884
MIA Dolphins vs. CIN Bengals,Joe Burrow,playertotals-passattempts,Under,32.5,Joe Burrow (CIN) moins de 32.5,1.7693,"Burrow, Joe",1.925,2.05827377680044,0.48584401709401703,-14.039618055555557,Tentatives de passes du joueur Plus/Moins (Incl. Prolongations),4611809014,id1400003171515874
SEA Seahawks vs. SF 49ers,Brock Purdy,playertotals-interceptions,Under,0.5,Brock Purdy (SF) moins de 0.5,2.15,"Purdy, Brock",2.34,2.5019255455712455,0.3996921498204207,-14.066187788609563,Passes du joueur interceptées Plus/Moins (Incl. Prolongations),4609489254,id1400003171515894
PIT Steelers vs. IND Colts,Tyler Warren,playertotals-receptions,Over,5.5,Tyler Warren (IND) Plus de 5.5,1.9091,"Warren, Tyler",2.08,2.227863046044864,0.44886062533121357,-14.308018018018021,Total de réceptions Plus/Moins(Incl. Prolongations),4601553998,id1400003171515882
PIT Steelers vs. IND Colts,Jonathan Taylor,playertotals-receptions,Over,2.5,Jonathan Taylor (IND) Plus de 2.5,1.7408,"Taylor, Jonathan",1.9,2.032608695652174,0.4919786096256684,-14.356363636363644,Total de réceptions Plus/Moins(Incl. Prolongations),4601695314,id1400003171515882
DAL Cowboys vs. TB Buccaneers,Jalon Daniels,playertotals-tdpasses,Under,0.5,Jalon Daniels (TB) moins de 0.5,2.55,"Daniels, Jalon",2.84,2.977715877437326,0.33582787652011226,-14.363891487371383,Total de Touchdowns à la passe du joueur (Incl. Prolongations),4597169806,id1400003171515872
NY Jets vs. CLE Browns,Quinshon Judkins,playertotals-rushattempts,Under,15.5,Quinshon Judkins (CLE) moins de 15.5,1.8696,"Judkins, Quinshon",2.04,2.183294663573086,0.4580233793836344,-14.36794899043572,Joueur tentative de gain par la course (prolongations incluses),4604813961,id1400003171515880
DAL Cowboys vs. TB Buccaneers,Dak Prescott,playertotals-interceptions,Over,0.5,Dak Prescott (DAL) Plus de 0.5,1.8696,"Prescott, Dak",2.09,2.189527603870233,0.4567195217052249,-14.611718221991154,Passes du joueur interceptées Plus/Moins (Incl. Prolongations),4601627458,id1400003171515872
NO Saints vs. MIN Vikings,Kyler Murray,playertotals-tdpasses,Over,1.5,Kyler Murray (MIN) Plus de 1.5,2.3,"Murray, Kyler",2.52,2.6946872898453265,0.37110057399550783,-14.646867981033207,Total de Touchdowns à la passe du joueur (Incl. Prolongations),4602591700,id1400003171515878
WAS Commanders vs. NY Giants,Jameis Winston,playertotals-interceptions,Under,0.5,Jameis Winston (NYG) moins de 0.5,2.25,"Winston, Jameis",2.49,2.638157894736842,0.3790523690773067,-14.71321695760599,Passes du joueur interceptées Plus/Moins (Incl. Prolongations),4615597188,id1400003171515886
TEN Titans vs. HOU Texans,David Montgomery,playertotals-receptions,Over,1.5,David Montgomery (HOU) Plus de 1.5,1.9091,"Montgomery, David",2.1,2.2470308788598574,0.445031712473573,-15.038995771670184,Total de réceptions Plus/Moins(Incl. Prolongations),4597167081,id1400003171515884
NO Saints vs. MIN Vikings,Devaughn Vele,playertotals-receptions,Under,3.5,Devaughn Vele (NO) moins de 3.5,1.8,"Vele, Devaughn",1.98,2.1192764273600906,0.47185916244331816,-15.065350760202733,Total de réceptions Plus/Moins(Incl. Prolongations),4605621484,id1400003171515878
LA Chargers vs. DEN Broncos,Omarion Hampton,playertotals-rushattempts,Under,10.5,Omarion Hampton (LAC) moins de 10.5,1.7408,"Hampton, Omarion",1.917,2.0498357064622126,0.4878439754207854,-15.076120758749688,Joueur tentative de gain par la course (prolongations incluses),4610658848,id1400003171515888
WAS Commanders vs. NY Giants,Jayden Daniels,playertotals-rushattempts,Over,6.5,Jayden Daniels (WAS) Plus de 6.5,1.8696,"Daniels, Jayden",2.06,2.201866977829638,0.4541600423953365,-15.090238473767881,Joueur tentative de gain par la course (prolongations incluses),4602158598,id1400003171515886
TEN Titans vs. HOU Texans,C.j Stroud,playertotals-interceptions,Over,0.5,C.j Stroud (HOU) Plus de 0.5,2.15,"Stroud, C.J.",2.39,2.5340179717586646,0.39463019250253295,-15.15450861195542,Passes du joueur interceptées Plus/Moins (Incl. Prolongations),4615526286,id1400003171515884
LA Chargers vs. DEN Broncos,J.K. Dobbins,playertotals-rushattempts,Under,13.5,J.K. Dobbins (DEN) moins de 13.5,1.7408,"Dobbins, J.K.",1.925,2.05827377680044,0.48584401709401703,-15.424273504273522,Joueur tentative de gain par la course (prolongations incluses),4610023897,id1400003171515888
DAL Cowboys vs. TB Buccaneers,Kenneth Gainwell,playertotals-receptions,Under,1.5,Kenneth Gainwell (TB) moins de 1.5,2.1,"Gainwell, Kenneth",2.37,2.4831038798498124,0.4027217741935484,-15.42842741935484,Total de réceptions Plus/Moins(Incl. Prolongations),4597843640,id1400003171515872
TEN Titans vs. HOU Texans,Calvin Ridley,playertotals-receptions,Over,0.5,Calvin Ridley (TEN) Plus de 0.5,1.3847,"Ridley, Calvin",1.531,1.6379166666666667,0.6105316713304503,-15.459679470872544,Total de réceptions Plus/Moins(Incl. Prolongations),4597166940,id1400003171515884
MIA Dolphins vs. CIN Bengals,Joe Burrow,playertotals-tdpasses,Under,1.5,Joe Burrow (CIN) moins de 1.5,1.9524,"Burrow, Joe",2.16,2.3098847786537293,0.4329220267786821,-15.476303491730114,Total de Touchdowns à la passe du joueur (Incl. Prolongations),4597607923,id1400003171515874
JAX Jaguars vs. PHI Eagles,Jalen Hurts,playertotals-tdpasses,Under,0.5,Jalen Hurts (PHI) moins de 0.5,2.45,"Hurts, Jalen",2.71,2.8990889978976875,0.34493594392071547,-15.4906937394247,Total de Touchdowns à la passe du joueur (Incl. Prolongations),4598620885,id1400003171488624
SEA Seahawks vs. SF 49ers,George Kittle,playertotals-receptions,Over,4.5,George Kittle (SF) Plus de 4.5,1.6897,"Kittle, George",1.869,2.0,0.5,-15.515,Total de réceptions Plus/Moins(Incl. Prolongations),4597735643,id1400003171515894
LA Chargers vs. DEN Broncos,Evan Engram,playertotals-receptions,Over,2.5,Evan Engram (DEN) Plus de 2.5,2.05,"Engram, Evan",2.27,2.4267756128221247,0.41206941206941206,-15.525770525770533,Total de réceptions Plus/Moins(Incl. Prolongations),4606419129,id1400003171515888
TEN Titans vs. HOU Texans,Elic Ayomanor,playertotals-receptions,Under,1.5,Elic Ayomanor (TEN) moins de 1.5,1.6667,"Ayomanor, Elic",1.847,1.976215644820296,0.5060176517785504,-15.662037978068998,Total de réceptions Plus/Moins(Incl. Prolongations),4597168537,id1400003171515884
SEA Seahawks vs. SF 49ers,Brock Purdy,playertotals-passattempts,Over,32.5,Brock Purdy (SF) Plus de 32.5,1.8,"Purdy, Brock",2.0,2.1383039271485487,0.46766036731434657,-15.821133883417616,Tentatives de passes du joueur Plus/Moins (Incl. Prolongations),4600788200,id1400003171515894
ATL Falcons vs. BAL Ravens,Zay Flowers,playertotals-receptions,Over,5.5,Zay Flowers (BAL) Plus de 5.5,1.8,"Flowers, Zay",2.0,2.1383039271485487,0.46766036731434657,-15.821133883417616,Total de réceptions Plus/Moins(Incl. Prolongations),4605442057,id1400003171515896
LA Rams vs. BUF Bills,Davante Adams,playertotals-receptions,Over,4.5,Davante Adams (LAR) Plus de 4.5,1.8696,"Adams, Davante",2.08,2.227863046044864,0.44886062533121357,-16.08101748807631,Total de réceptions Plus/Moins(Incl. Prolongations),4597209028,id1400003171515898
ARZ Cardinals vs. DET Lions,Marvin Harrison Jr.,playertotals-receptions,Under,2.5,Marvin Harrison Jr. (ARI) moins de 2.5,1.8696,"Harrison Jr., Marvin",2.08,2.227863046044864,0.44886062533121357,-16.08101748807631,Total de réceptions Plus/Moins(Incl. Prolongations),4598080453,id1400003171515890
LA Chargers vs. DEN Broncos,Jaylen Waddle,playertotals-receptions,Under,4.5,Jaylen Waddle (DEN) moins de 4.5,1.6061,"Waddle, Jaylen",1.793,1.918545081967213,0.5212283044058745,-16.28552202937249,Total de réceptions Plus/Moins(Incl. Prolongations),4601559954,id1400003171515888
JAX Jaguars vs. PHI Eagles,Dontayvion Wicks,playertotals-receptions,Under,3.5,Dontayvion Wicks (PHI) moins de 3.5,1.9524,"Wicks, Dontayvion",2.18,2.3357843137254903,0.4281217208814271,-16.413515215110174,Total de réceptions Plus/Moins(Incl. Prolongations),4602636612,id1400003171488624
LA Chargers vs. DEN Broncos,Keaton Mitchell,playertotals-rushattempts,Under,7.5,Keaton Mitchell (LAC) moins de 7.5,1.7693,"Mitchell, Keaton",1.98,2.1192764273600906,0.47185916244331816,-16.513958388903717,Joueur tentative de gain par la course (prolongations incluses),4610703309,id1400003171515888
WAS Commanders vs. NY Giants,Jacory Merritt,playertotals-rushattempts,Over,13.5,Jacory Merritt (WAS) Plus de 13.5,1.7693,"Merritt, Jacory",1.98,2.1192764273600906,0.47185916244331816,-16.513958388903717,Joueur tentative de gain par la course (prolongations incluses),4602222423,id1400003171515886
ATL Falcons vs. BAL Ravens,Mark Andrews,playertotals-receptions,Under,3.5,Mark Andrews (BAL) moins de 3.5,1.7693,"Andrews, Mark",1.98,2.1192764273600906,0.47185916244331816,-16.513958388903717,Total de réceptions Plus/Moins(Incl. Prolongations),4602589421,id1400003171515896
JAX Jaguars vs. PHI Eagles,Trevor Lawrence,playertotals-tdpasses,Over,1.5,Trevor Lawrence (JAX) Plus de 1.5,1.7693,"Lawrence, Trevor",1.98,2.1192764273600906,0.47185916244331816,-16.513958388903717,Total de Touchdowns à la passe du joueur (Incl. Prolongations),4597219068,id1400003171488624
ARZ Cardinals vs. DET Lions,Jared Goff,playertotals-tdpasses,Over,2.5,Jared Goff (DET) Plus de 2.5,2.3,"Goff, Jared",2.58,2.7610921501706485,0.3621755253399258,-16.699629171817065,Total de Touchdowns à la passe du joueur (Incl. Prolongations),4606111582,id1400003171515890
LA Chargers vs. DEN Broncos,RJ Harvey,playertotals-receptions,Under,3.5,RJ Harvey (DEN) moins de 3.5,2.05,"Harvey, RJ",2.3,2.4612452350698852,0.40629839958699027,-16.708828084667005,Total de réceptions Plus/Moins(Incl. Prolongations),4597732843,id1400003171515888
NE Patriots vs. LV Raiders,Drake Maye,playertotals-tdpasses,Under,1.5,Drake Maye (NE) moins de 1.5,1.625,"Maye, Drake",1.826,1.952529994783516,0.5121560245792145,-16.774646005877646,Total de Touchdowns à la passe du joueur (Incl. Prolongations),4597734724,id1400003171515876
NE Patriots vs. LV Raiders,Kirk Cousins,playertotals-tdpasses,Over,1.5,Kirk Cousins (LV) Plus de 1.5,2.1,"Cousins, Kirk",2.36,2.523563589412524,0.3962650294192889,-16.78434382194933,Total de Touchdowns à la passe du joueur (Incl. Prolongations),4597733208,id1400003171515876
JAX Jaguars vs. PHI Eagles,Josh Cameron,playertotals-receptions,Over,1.5,Josh Cameron (JAX) Plus de 1.5,2.0,"Cameron, Josh",2.25,2.4080100125156445,0.41528066528066526,-16.943866943866947,Total de réceptions Plus/Moins(Incl. Prolongations),4604589395,id1400003171488624
GB Packers vs. CHI Bears,D'Andre Swift,playertotals-receptions,Over,2.5,D'Andre Swift (CHI) Plus de 2.5,2.2,"Swift, D'Andre",2.48,2.653333333333333,0.37688442211055284,-17.085427135678366,Total de réceptions Plus/Moins(Incl. Prolongations),4597112250,id1400003171515892
JAX Jaguars vs. PHI Eagles,Will Shipley,playertotals-receptions,Under,2.5,Will Shipley (PHI) moins de 2.5,1.6061,"Shipley, Will",1.819,1.9449350649350647,0.514155982905983,-17.42140758547007,Total de réceptions Plus/Moins(Incl. Prolongations),4602677928,id1400003171488624
GB Packers vs. CHI Bears,Jordan Love,playertotals-tdpasses,Over,1.5,Jordan Love (GB) Plus de 1.5,1.9524,"Love, Jordan",2.21,2.3667285095856525,0.42252417036843476,-17.5063809772668,Total de Touchdowns à la passe du joueur (Incl. Prolongations),4597111901,id1400003171515892
WAS Commanders vs. NY Giants,Isaiah Likely,playertotals-receptions,Under,4.5,Isaiah Likely (NYG) moins de 4.5,1.6897,"Likely, Isaiah",1.917,2.0498357064622126,0.4878439754207854,-17.56900347314989,Total de réceptions Plus/Moins(Incl. Prolongations),4601462174,id1400003171515886
TEN Titans vs. HOU Texans,Xavier Hutchinson,playertotals-receptions,Over,1.5,Xavier Hutchinson (HOU) Plus de 1.5,1.8696,"Hutchinson, Xavier",2.13,2.278511404561825,0.4388830347734457,-17.946427818756593,Total de réceptions Plus/Moins(Incl. Prolongations),4611890023,id1400003171515884
TEN Titans vs. HOU Texans,Wan'dale Robinson,playertotals-receptions,Under,3.5,Wan'dale Robinson (TEN) moins de 3.5,1.6897,"Robinson, Wan'dale",1.925,2.061776061776062,0.48501872659176026,-18.046385767790273,Total de réceptions Plus/Moins(Incl. Prolongations),4600931779,id1400003171515884
WAS Commanders vs. NY Giants,Malachi Fields,playertotals-receptions,Over,2.5,Malachi Fields (NYG) Plus de 2.5,1.9091,"Fields, Malachi",2.18,2.3357843137254903,0.4281217208814271,-18.267282266526752,Total de réceptions Plus/Moins(Incl. Prolongations),4597163430,id1400003171515886
WAS Commanders vs. NY Giants,Darnell Mooney,playertotals-receptions,Under,1.5,Darnell Mooney (NYG) moins de 1.5,1.7408,"Mooney, Darnell",2.0,2.1383039271485487,0.46766036731434657,-18.589683257918555,Total de réceptions Plus/Moins(Incl. Prolongations),4597162052,id1400003171515886
TEN Titans vs. HOU Texans,Carnell Tate,playertotals-receptions,Under,4.5,Carnell Tate (TEN) moins de 4.5,1.6897,"Tate, Carnell",1.943,2.075858250276855,0.4817284609229127,-18.60234195785544,Total de réceptions Plus/Moins(Incl. Prolongations),4600927060,id1400003171515884
SEA Seahawks vs. SF 49ers,Emanuel Wilson,playertotals-rushattempts,Under,16.5,Emanuel Wilson (SEA) moins de 16.5,1.6897,"Wilson, Emanuel",1.943,2.0794444444444444,0.48089767566123426,-18.742719743521253,Joueur tentative de gain par la course (prolongations incluses),4602634103,id1400003171515894
LA Chargers vs. DEN Broncos,Courtland Sutton,playertotals-receptions,Over,3.5,Courtland Sutton (DEN) Plus de 3.5,1.9091,"Sutton, Courtland",2.2,2.3538461538461544,0.4248366013071895,-18.89444444444446,Total de réceptions Plus/Moins(Incl. Prolongations),4597731177,id1400003171515888
PIT Steelers vs. IND Colts,Keenan Allen,playertotals-receptions,Under,2.5,Keenan Allen (IND) moins de 2.5,2.1,"Allen, Keenan",2.42,2.5921052631578947,0.38578680203045684,-18.984771573604064,Total de réceptions Plus/Moins(Incl. Prolongations),4601691931,id1400003171515882
ARZ Cardinals vs. DET Lions,Jared Goff,playertotals-passattempts,Over,35.5,Jared Goff (DET) Plus de 35.5,1.8334,"Goff, Jared",2.12,2.2656716417910445,0.4413702239789197,-19.07918313570487,Tentatives de passes du joueur Plus/Moins (Incl. Prolongations),4605373202,id1400003171515890
SEA Seahawks vs. SF 49ers,Brock Purdy,playertotals-tdpasses,Under,1.5,Brock Purdy (SF) moins de 1.5,1.5715,"Purdy, Brock",1.819,1.9449350649350647,0.514155982905983,-19.200387286324784,Total de Touchdowns à la passe du joueur (Incl. Prolongations),4597736474,id1400003171515894
PIT Steelers vs. IND Colts,Darnell Washington,playertotals-receptions,Over,2.5,Darnell Washington (PIT) Plus de 2.5,1.9091,"Washington, Darnell",2.22,2.376317420954743,0.4208192016697104,-19.661406209235587,Total de réceptions Plus/Moins(Incl. Prolongations),4596510604,id1400003171515882
WAS Commanders vs. NY Giants,Jayden Daniels,playertotals-tdpasses,Under,1.5,Jayden Daniels (WAS) moins de 1.5,1.4445,"Daniels, Jayden",1.684,1.8019047619047617,0.5549682875264271,-19.834830866807607,Total de Touchdowns à la passe du joueur (Incl. Prolongations),4602158543,id1400003171515886
JAX Jaguars vs. PHI Eagles,Makai Lemon,playertotals-receptions,Under,3.5,Makai Lemon (PHI) moins de 3.5,1.6667,"Lemon, Makai",1.943,2.0794444444444444,0.48089767566123426,-19.848784397542087,Total de réceptions Plus/Moins(Incl. Prolongations),4602636780,id1400003171488624
TEN Titans vs. HOU Texans,Gunnar Helm,playertotals-receptions,Under,2.5,Gunnar Helm (TEN) moins de 2.5,1.5,"Helm, Gunnar",1.757,1.8785,0.5323396326856534,-20.14905509715199,Total de réceptions Plus/Moins(Incl. Prolongations),4597168355,id1400003171515884
NO Saints vs. MIN Vikings,Tyler Shough,playertotals-tdpasses,Over,1.5,Tyler Shough (NO) Plus de 1.5,2.15,"Shough, Tyler",2.52,2.6946872898453265,0.37110057399550783,-20.213376590965815,Total de Touchdowns à la passe du joueur (Incl. Prolongations),4602592228,id1400003171515878
ARZ Cardinals vs. DET Lions,Tyler Allgeier,playertotals-receptions,Over,2.5,Tyler Allgeier (ARI) Plus de 2.5,2.15,"Allgeier, Tyler",2.54,2.720867208672087,0.3675298804780876,-20.98107569721117,Total de réceptions Plus/Moins(Incl. Prolongations),4605373232,id1400003171515890
ARZ Cardinals vs. DET Lions,Michael Wilson,playertotals-receptions,Under,5.5,Michael Wilson (ARI) moins de 5.5,1.7693,"Wilson, Michael",2.12,2.2656716417910445,0.4413702239789197,-21.90836627140974,Total de réceptions Plus/Moins(Incl. Prolongations),4605373221,id1400003171515890
ARZ Cardinals vs. DET Lions,Jameson Williams,playertotals-receptions,Under,3.5,Jameson Williams (DET) moins de 3.5,1.6667,"Williams, Jameson",2.04,2.183294663573086,0.4580233793836344,-23.661243358129646,Total de réceptions Plus/Moins(Incl. Prolongations),4598080153,id1400003171515890
ATL Falcons vs. BAL Ravens,Jahan Dotson,playertotals-receptions,Under,1.5,Jahan Dotson (ATL) moins de 1.5,1.7693,"Dotson, Jahan",2.17,2.322364411943937,0.43059564418787716,-23.81471267383889,Total de réceptions Plus/Moins(Incl. Prolongations),4604569339,id1400003171515896
NO Saints vs. MIN Vikings,Chris Olave,playertotals-receptions,Over,6.5,Chris Olave (NO) Plus de 6.5,1.6667,"Olave, Chris",2.08,2.2242495585638613,0.4495898385816353,-25.066861603598834,Total de réceptions Plus/Moins(Incl. Prolongations),4605940952,id1400003171515878
NE Patriots vs. LV Raiders,Drake Maye,playertotals-rushattempts,Under,5.5,Drake Maye (NE) moins de 5.5,1.6061,"Maye, Drake",2.08,2.2242495585638613,0.4495898385816353,-27.791376025403547,Joueur tentative de gain par la course (prolongations incluses),4611762061,id1400003171515876
