event_id,match,player,market,market_type_id,sport_market_id,child_market_id,odd_id,selection,line,price,odd_status,is_main_bet
16498853,WAS Commanders vs. IND Colts,Daniel Jones,Joueur total de yards par la passe (Daniel Jones (IND))(prolongations incluses),2136,72891,1755294777,4574179008,255+,255+,2.6,0,False
16498853,WAS Commanders vs. IND Colts,Daniel Jones,Joueur total de yards par la passe (Daniel Jones (IND))(prolongations incluses),2136,72891,1755294777,4574179009,265+,265+,3.0,0,False
16498853,WAS Commanders vs. IND Colts,Daniel Jones,Joueur total de yards par la passe (Daniel Jones (IND))(prolongations incluses),2136,72891,1755294777,4574179010,275+,275+,3.4,0,False
16498853,WAS Commanders vs. IND Colts,Daniel Jones,Joueur total de yards par la passe (Daniel Jones (IND))(prolongations incluses),2136,72891,1755294777,4574179011,285+,285+,4.0,0,False
16498853,WAS Commanders vs. IND Colts,Daniel Jones,Joueur total de yards par la passe (Daniel Jones (IND))(prolongations incluses),2136,72891,1755294777,4574179012,295+,295+,4.75,0,False
16498853,WAS Commanders vs. IND Colts,Daniel Jones,Joueur total de yards par la passe (Daniel Jones (IND))(prolongations incluses),2136,72891,1755294777,4574179013,305+,305+,5.75,0,False
16498853,WAS Commanders vs. IND Colts,Daniel Jones,Joueur total de yards par la passe (Daniel Jones (IND))(prolongations incluses),2136,72891,1755294777,4574179014,315+,315+,6.75,0,False
16498853,WAS Commanders vs. IND Colts,Daniel Jones,Joueur total de yards par la passe (Daniel Jones (IND))(prolongations incluses),2136,72891,1755294777,4574179015,325+,325+,8.5,0,False
16498853,WAS Commanders vs. IND Colts,Daniel Jones,Joueur total de yards par la passe (Daniel Jones (IND))(prolongations incluses),2136,72891,1755294777,4574179016,335+,335+,11.0,0,False
16498853,WAS Commanders vs. IND Colts,Daniel Jones,Joueur total de yards par la passe (Daniel Jones (IND))(prolongations incluses),2136,72891,1755294777,4574179017,345+,345+,13.0,0,False
16498853,WAS Commanders vs. IND Colts,Daniel Jones,Joueur total de yards par la passe (Daniel Jones (IND))(prolongations incluses),2136,72891,1755294777,4574179018,355+,355+,17.0,0,False
16498853,WAS Commanders vs. IND Colts,Daniel Jones,Joueur total de yards par la passe (Daniel Jones (IND))(prolongations incluses),2136,72891,1755294777,4574179019,365+,365+,21.0,0,False
16498853,WAS Commanders vs. IND Colts,Daniel Jones,Joueur total de yards par la passe (Daniel Jones (IND))(prolongations incluses),2136,72891,1755294777,4574179020,215+,215+,1.6471,0,False
16498853,WAS Commanders vs. IND Colts,Daniel Jones,Joueur total de yards par la passe (Daniel Jones (IND))(prolongations incluses),2136,72891,1755294777,4574179021,205+,205+,1.5,0,False
16498853,WAS Commanders vs. IND Colts,Daniel Jones,Joueur total de yards par la passe (Daniel Jones (IND))(prolongations incluses),2136,72891,1755294777,4574179005,225+,225+,1.8696,0,False
16498853,WAS Commanders vs. IND Colts,Daniel Jones,Joueur total de yards par la passe (Daniel Jones (IND))(prolongations incluses),2136,72891,1755294777,4574179006,235+,235+,2.05,0,False
16498853,WAS Commanders vs. IND Colts,Daniel Jones,Joueur total de yards par la passe (Daniel Jones (IND))(prolongations incluses),2136,72891,1755294777,4574179007,245+,245+,2.3,0,False
16498853,WAS Commanders vs. IND Colts,Jonathan Taylor,Total de Touchdowns du joueur (Incl. Prolongations) (Jonathan Taylor (IND)),2145,72900,1754087688,4569201976,3+,3+,10.0,0,False
16498853,WAS Commanders vs. IND Colts,Jonathan Taylor,Total de Touchdowns du joueur (Incl. Prolongations) (Jonathan Taylor (IND)),2145,72900,1754087688,4569201974,1+,1+,1.3077,0,False
16498853,WAS Commanders vs. IND Colts,Jonathan Taylor,Total de Touchdowns du joueur (Incl. Prolongations) (Jonathan Taylor (IND)),2145,72900,1754087688,4569201975,2+,2+,2.5,0,False
16498853,WAS Commanders vs. IND Colts,Tyler Warren,Total de Touchdowns du joueur (Incl. Prolongations) (Tyler Warren (IND)),2145,72900,1754088033,4569202785,1+,1+,2.5,0,False
16498853,WAS Commanders vs. IND Colts,Tyler Warren,Total de Touchdowns du joueur (Incl. Prolongations) (Tyler Warren (IND)),2145,72900,1754088033,4569202786,2+,2+,9.0,0,False
16498853,WAS Commanders vs. IND Colts,Tyler Warren,Total de Touchdowns du joueur (Incl. Prolongations) (Tyler Warren (IND)),2145,72900,1754088033,4569202787,3+,3+,61.0,0,False
16498853,WAS Commanders vs. IND Colts,Josh Downs,Total de Touchdowns du joueur (Incl. Prolongations) (Josh Downs (IND)),2145,72900,1754087894,4569202481,1+,1+,2.7,0,False
16498853,WAS Commanders vs. IND Colts,Josh Downs,Total de Touchdowns du joueur (Incl. Prolongations) (Josh Downs (IND)),2145,72900,1754087894,4569202482,2+,2+,10.0,0,False
16498853,WAS Commanders vs. IND Colts,Josh Downs,Total de Touchdowns du joueur (Incl. Prolongations) (Josh Downs (IND)),2145,72900,1754087894,4569202483,3+,3+,71.0,0,False
16498853,WAS Commanders vs. IND Colts,Keenan Allen,Total de Touchdowns du joueur (Incl. Prolongations) (Keenan Allen (IND)),2145,72900,1754088161,4569203131,1+,1+,3.5,0,False
16498853,WAS Commanders vs. IND Colts,Keenan Allen,Total de Touchdowns du joueur (Incl. Prolongations) (Keenan Allen (IND)),2145,72900,1754088161,4569203132,2+,2+,18.0,0,False
16498853,WAS Commanders vs. IND Colts,Keenan Allen,Total de Touchdowns du joueur (Incl. Prolongations) (Keenan Allen (IND)),2145,72900,1754088161,4569203133,3+,3+,101.0,0,False
16498853,WAS Commanders vs. IND Colts,Daniel Jones,Total de Touchdowns du joueur (Incl. Prolongations) (Daniel Jones (IND)),2145,72900,1754087901,4569202504,3+,3+,151.0,0,False
16498853,WAS Commanders vs. IND Colts,Daniel Jones,Total de Touchdowns du joueur (Incl. Prolongations) (Daniel Jones (IND)),2145,72900,1754087901,4569202502,1+,1+,4.5,0,False
16498853,WAS Commanders vs. IND Colts,Daniel Jones,Total de Touchdowns du joueur (Incl. Prolongations) (Daniel Jones (IND)),2145,72900,1754087901,4569202503,2+,2+,31.0,0,False
16498853,WAS Commanders vs. IND Colts,Laquon Treadwell,Total de Touchdowns du joueur (Incl. Prolongations) (Laquon Treadwell (IND)),2145,72900,1754087900,4569202499,1+,1+,5.5,0,False
16498853,WAS Commanders vs. IND Colts,Laquon Treadwell,Total de Touchdowns du joueur (Incl. Prolongations) (Laquon Treadwell (IND)),2145,72900,1754087900,4569202500,2+,2+,36.0,0,False
16498853,WAS Commanders vs. IND Colts,Laquon Treadwell,Total de Touchdowns du joueur (Incl. Prolongations) (Laquon Treadwell (IND)),2145,72900,1754087900,4569202501,3+,3+,201.0,0,False
16498853,WAS Commanders vs. IND Colts,Darius Slayton,Total de Touchdowns du joueur (Incl. Prolongations) (Darius Slayton (IND)),2145,72900,1755290952,4572907561,1+,1+,6.5,0,False
16498853,WAS Commanders vs. IND Colts,Darius Slayton,Total de Touchdowns du joueur (Incl. Prolongations) (Darius Slayton (IND)),2145,72900,1755290952,4572907562,2+,2+,41.0,0,False
16498853,WAS Commanders vs. IND Colts,Darius Slayton,Total de Touchdowns du joueur (Incl. Prolongations) (Darius Slayton (IND)),2145,72900,1755290952,4572907563,3+,3+,201.0,0,False
16498853,WAS Commanders vs. IND Colts,Seth McGowan,Total de Touchdowns du joueur (Incl. Prolongations) (Seth McGowan (IND)),2145,72900,1754088040,4569202808,3+,3+,201.0,0,False
16498853,WAS Commanders vs. IND Colts,Seth McGowan,Total de Touchdowns du joueur (Incl. Prolongations) (Seth McGowan (IND)),2145,72900,1754088040,4569202806,1+,1+,8.5,0,False
16498853,WAS Commanders vs. IND Colts,Seth McGowan,Total de Touchdowns du joueur (Incl. Prolongations) (Seth McGowan (IND)),2145,72900,1754088040,4569202807,2+,2+,61.0,0,False
16498853,WAS Commanders vs. IND Colts,Mo Alie-Cox,Total de Touchdowns du joueur (Incl. Prolongations) (Mo Alie-Cox (IND)),2145,72900,1754087686,4569201968,1+,1+,10.0,0,False
16498853,WAS Commanders vs. IND Colts,Mo Alie-Cox,Total de Touchdowns du joueur (Incl. Prolongations) (Mo Alie-Cox (IND)),2145,72900,1754087686,4569201969,2+,2+,81.0,0,False
16498853,WAS Commanders vs. IND Colts,Mo Alie-Cox,Total de Touchdowns du joueur (Incl. Prolongations) (Mo Alie-Cox (IND)),2145,72900,1754087686,4569201970,3+,3+,201.0,0,False
16498853,WAS Commanders vs. IND Colts,Andrew Ogletree,Total de Touchdowns du joueur (Incl. Prolongations) (Andrew Ogletree (IND)),2145,72900,1754087893,4569202480,3+,3+,201.0,0,False
16498853,WAS Commanders vs. IND Colts,Andrew Ogletree,Total de Touchdowns du joueur (Incl. Prolongations) (Andrew Ogletree (IND)),2145,72900,1754087893,4569202478,1+,1+,10.0,0,False
16498853,WAS Commanders vs. IND Colts,Andrew Ogletree,Total de Touchdowns du joueur (Incl. Prolongations) (Andrew Ogletree (IND)),2145,72900,1754087893,4569202479,2+,2+,81.0,0,False
16498853,WAS Commanders vs. IND Colts,Ashton Dulin,Total de Touchdowns du joueur (Incl. Prolongations) (Ashton Dulin (IND)),2145,72900,1758406026,4582986313,1+,1+,15.0,0,False
16498853,WAS Commanders vs. IND Colts,Ashton Dulin,Total de Touchdowns du joueur (Incl. Prolongations) (Ashton Dulin (IND)),2145,72900,1758406026,4582986314,2+,2+,101.0,0,False
16498853,WAS Commanders vs. IND Colts,Ashton Dulin,Total de Touchdowns du joueur (Incl. Prolongations) (Ashton Dulin (IND)),2145,72900,1758406026,4582986315,3+,3+,251.0,0,False
16498853,WAS Commanders vs. IND Colts,Anthony Gould,Total de Touchdowns du joueur (Incl. Prolongations) (Anthony Gould (IND)),2145,72900,1754087898,4569202493,1+,1+,15.0,0,False
16498853,WAS Commanders vs. IND Colts,Anthony Gould,Total de Touchdowns du joueur (Incl. Prolongations) (Anthony Gould (IND)),2145,72900,1754087898,4569202494,2+,2+,101.0,0,False
16498853,WAS Commanders vs. IND Colts,Anthony Gould,Total de Touchdowns du joueur (Incl. Prolongations) (Anthony Gould (IND)),2145,72900,1754087898,4569202495,3+,3+,251.0,0,False
16498853,WAS Commanders vs. IND Colts,Deion Burks,Total de Touchdowns du joueur (Incl. Prolongations) (Deion Burks (IND)),2145,72900,1754088041,4569202809,1+,1+,15.0,0,False
16498853,WAS Commanders vs. IND Colts,Deion Burks,Total de Touchdowns du joueur (Incl. Prolongations) (Deion Burks (IND)),2145,72900,1754088041,4569202810,2+,2+,101.0,0,False
16498853,WAS Commanders vs. IND Colts,Deion Burks,Total de Touchdowns du joueur (Incl. Prolongations) (Deion Burks (IND)),2145,72900,1754088041,4569202811,3+,3+,251.0,0,False
16498853,WAS Commanders vs. IND Colts,DJ Giddens,Total de Touchdowns du joueur (Incl. Prolongations) (DJ Giddens (IND)),2145,72900,1758406027,4582986316,1+,1+,18.0,0,False
16498853,WAS Commanders vs. IND Colts,DJ Giddens,Total de Touchdowns du joueur (Incl. Prolongations) (DJ Giddens (IND)),2145,72900,1758406027,4582986317,2+,2+,101.0,0,False
16498853,WAS Commanders vs. IND Colts,DJ Giddens,Total de Touchdowns du joueur (Incl. Prolongations) (DJ Giddens (IND)),2145,72900,1758406027,4582986318,3+,3+,251.0,0,False
16498853,WAS Commanders vs. IND Colts,Daniel Jones,Joueur total de TDs par la passe (Daniel Jones (IND) (prolongations incluses),2138,72893,1755295786,4572920504,4+,4+,12.0,0,False
16498853,WAS Commanders vs. IND Colts,Daniel Jones,Joueur total de TDs par la passe (Daniel Jones (IND) (prolongations incluses),2138,72893,1755295786,4572920505,1+,1+,1.1334,0,False
16498853,WAS Commanders vs. IND Colts,Daniel Jones,Joueur total de TDs par la passe (Daniel Jones (IND) (prolongations incluses),2138,72893,1755295786,4572920502,2+,2+,1.9091,0,False
16498853,WAS Commanders vs. IND Colts,Daniel Jones,Joueur total de TDs par la passe (Daniel Jones (IND) (prolongations incluses),2138,72893,1755295786,4572920503,3+,3+,4.0,0,False
16498853,WAS Commanders vs. IND Colts,Jonathan Taylor,Total des yards reçus par le joueur (Jonathan Taylor (IND)) (prolongations incluses),2143,72898,1755295837,4572920645,20+,20+,1.8696,0,False
16498853,WAS Commanders vs. IND Colts,Jonathan Taylor,Total des yards reçus par le joueur (Jonathan Taylor (IND)) (prolongations incluses),2143,72898,1755295837,4572920646,30+,30+,2.4,0,False
16498853,WAS Commanders vs. IND Colts,Jonathan Taylor,Total des yards reçus par le joueur (Jonathan Taylor (IND)) (prolongations incluses),2143,72898,1755295837,4572920647,40+,40+,3.2,0,False
16498853,WAS Commanders vs. IND Colts,Jonathan Taylor,Total des yards reçus par le joueur (Jonathan Taylor (IND)) (prolongations incluses),2143,72898,1755295837,4572920648,50+,50+,4.5,0,False
16498853,WAS Commanders vs. IND Colts,Jonathan Taylor,Total des yards reçus par le joueur (Jonathan Taylor (IND)) (prolongations incluses),2143,72898,1755295837,4572920649,60+,60+,6.75,0,False
16498853,WAS Commanders vs. IND Colts,Jonathan Taylor,Total des yards reçus par le joueur (Jonathan Taylor (IND)) (prolongations incluses),2143,72898,1755295837,4572920650,70+,70+,11.0,0,False
16498853,WAS Commanders vs. IND Colts,Jonathan Taylor,Total des yards reçus par le joueur (Jonathan Taylor (IND)) (prolongations incluses),2143,72898,1755295837,4572920651,80+,80+,18.0,0,False
16498853,WAS Commanders vs. IND Colts,Jonathan Taylor,Total des yards reçus par le joueur (Jonathan Taylor (IND)) (prolongations incluses),2143,72898,1755295837,4572920652,90+,90+,31.0,0,False
16498853,WAS Commanders vs. IND Colts,Jonathan Taylor,Total des yards reçus par le joueur (Jonathan Taylor (IND)) (prolongations incluses),2143,72898,1755295837,4572920653,10+,10+,1.3334,0,False
16498853,WAS Commanders vs. IND Colts,Keenan Allen,Total des yards reçus par le joueur (Keenan Allen (IND)) (prolongations incluses),2143,72898,1755295393,4583870031,37+,37+,1.9091,0,False
16498853,WAS Commanders vs. IND Colts,Keenan Allen,Total des yards reçus par le joueur (Keenan Allen (IND)) (prolongations incluses),2143,72898,1755295393,4583870032,47+,47+,2.3,0,False
16498853,WAS Commanders vs. IND Colts,Keenan Allen,Total des yards reçus par le joueur (Keenan Allen (IND)) (prolongations incluses),2143,72898,1755295393,4583870033,57+,57+,2.9,0,False
16498853,WAS Commanders vs. IND Colts,Keenan Allen,Total des yards reçus par le joueur (Keenan Allen (IND)) (prolongations incluses),2143,72898,1755295393,4583870034,67+,67+,3.75,0,False
16498853,WAS Commanders vs. IND Colts,Keenan Allen,Total des yards reçus par le joueur (Keenan Allen (IND)) (prolongations incluses),2143,72898,1755295393,4583870035,77+,77+,5.0,0,False
16498853,WAS Commanders vs. IND Colts,Keenan Allen,Total des yards reçus par le joueur (Keenan Allen (IND)) (prolongations incluses),2143,72898,1755295393,4583870036,87+,87+,7.0,0,False
16498853,WAS Commanders vs. IND Colts,Keenan Allen,Total des yards reçus par le joueur (Keenan Allen (IND)) (prolongations incluses),2143,72898,1755295393,4583870037,97+,97+,10.0,0,False
16498853,WAS Commanders vs. IND Colts,Keenan Allen,Total des yards reçus par le joueur (Keenan Allen (IND)) (prolongations incluses),2143,72898,1755295393,4583870038,107+,107+,16.0,0,False
16498853,WAS Commanders vs. IND Colts,Keenan Allen,Total des yards reçus par le joueur (Keenan Allen (IND)) (prolongations incluses),2143,72898,1755295393,4583870039,117+,117+,26.0,0,False
16498853,WAS Commanders vs. IND Colts,Keenan Allen,Total des yards reçus par le joueur (Keenan Allen (IND)) (prolongations incluses),2143,72898,1755295393,4583870040,27+,27+,1.4,0,False
16498853,WAS Commanders vs. IND Colts,Tyler Warren,Total des yards reçus par le joueur (Tyler Warren (IND)) (prolongations incluses),2143,72898,1755295787,4587081632,71+,71+,2.7,0,False
16498853,WAS Commanders vs. IND Colts,Tyler Warren,Total des yards reçus par le joueur (Tyler Warren (IND)) (prolongations incluses),2143,72898,1755295787,4587081633,81+,81+,3.4,0,False
16498853,WAS Commanders vs. IND Colts,Tyler Warren,Total des yards reçus par le joueur (Tyler Warren (IND)) (prolongations incluses),2143,72898,1755295787,4587081634,91+,91+,4.5,0,False
16498853,WAS Commanders vs. IND Colts,Tyler Warren,Total des yards reçus par le joueur (Tyler Warren (IND)) (prolongations incluses),2143,72898,1755295787,4587081635,101+,101+,6.0,0,False
16498853,WAS Commanders vs. IND Colts,Tyler Warren,Total des yards reçus par le joueur (Tyler Warren (IND)) (prolongations incluses),2143,72898,1755295787,4587081636,111+,111+,8.5,0,False
16498853,WAS Commanders vs. IND Colts,Tyler Warren,Total des yards reçus par le joueur (Tyler Warren (IND)) (prolongations incluses),2143,72898,1755295787,4587081637,121+,121+,12.0,0,False
16498853,WAS Commanders vs. IND Colts,Tyler Warren,Total des yards reçus par le joueur (Tyler Warren (IND)) (prolongations incluses),2143,72898,1755295787,4587081638,131+,131+,19.0,0,False
16498853,WAS Commanders vs. IND Colts,Tyler Warren,Total des yards reçus par le joueur (Tyler Warren (IND)) (prolongations incluses),2143,72898,1755295787,4587081639,41+,41+,1.4546,0,False
16498853,WAS Commanders vs. IND Colts,Tyler Warren,Total des yards reçus par le joueur (Tyler Warren (IND)) (prolongations incluses),2143,72898,1755295787,4587081630,51+,51+,1.8334,0,False
16498853,WAS Commanders vs. IND Colts,Tyler Warren,Total des yards reçus par le joueur (Tyler Warren (IND)) (prolongations incluses),2143,72898,1755295787,4587081631,61+,61+,2.2,0,False
16498853,WAS Commanders vs. IND Colts,Josh Downs,Total des yards reçus par le joueur (Josh Downs (IND)) (prolongations incluses),2143,72898,1755295395,4572919616,63+,63+,1.8696,0,False
16498853,WAS Commanders vs. IND Colts,Josh Downs,Total des yards reçus par le joueur (Josh Downs (IND)) (prolongations incluses),2143,72898,1755295395,4572919617,73+,73+,2.25,0,False
16498853,WAS Commanders vs. IND Colts,Josh Downs,Total des yards reçus par le joueur (Josh Downs (IND)) (prolongations incluses),2143,72898,1755295395,4572919618,83+,83+,2.75,0,False
16498853,WAS Commanders vs. IND Colts,Josh Downs,Total des yards reçus par le joueur (Josh Downs (IND)) (prolongations incluses),2143,72898,1755295395,4572919619,93+,93+,3.5,0,False
16498853,WAS Commanders vs. IND Colts,Josh Downs,Total des yards reçus par le joueur (Josh Downs (IND)) (prolongations incluses),2143,72898,1755295395,4572919620,103+,103+,4.5,0,False
16498853,WAS Commanders vs. IND Colts,Josh Downs,Total des yards reçus par le joueur (Josh Downs (IND)) (prolongations incluses),2143,72898,1755295395,4572919621,113+,113+,6.0,0,False
16498853,WAS Commanders vs. IND Colts,Josh Downs,Total des yards reçus par le joueur (Josh Downs (IND)) (prolongations incluses),2143,72898,1755295395,4572919622,123+,123+,8.5,0,False
16498853,WAS Commanders vs. IND Colts,Josh Downs,Total des yards reçus par le joueur (Josh Downs (IND)) (prolongations incluses),2143,72898,1755295395,4572919623,133+,133+,12.0,0,False
16498853,WAS Commanders vs. IND Colts,Josh Downs,Total des yards reçus par le joueur (Josh Downs (IND)) (prolongations incluses),2143,72898,1755295395,4572919624,143+,143+,18.0,0,False
16498853,WAS Commanders vs. IND Colts,Josh Downs,Total des yards reçus par le joueur (Josh Downs (IND)) (prolongations incluses),2143,72898,1755295395,4572919625,53+,53+,1.4762,0,False
16498853,WAS Commanders vs. IND Colts,Laquon Treadwell,Total des yards reçus par le joueur (Laquon Treadwell (IND)) (prolongations incluses),2143,72898,1758039961,4583826921,15+,15+,1.8696,0,False
16498853,WAS Commanders vs. IND Colts,Laquon Treadwell,Total des yards reçus par le joueur (Laquon Treadwell (IND)) (prolongations incluses),2143,72898,1758039961,4583826922,25+,25+,2.4,0,False
16498853,WAS Commanders vs. IND Colts,Laquon Treadwell,Total des yards reçus par le joueur (Laquon Treadwell (IND)) (prolongations incluses),2143,72898,1758039961,4583826923,35+,35+,3.2,0,False
16498853,WAS Commanders vs. IND Colts,Laquon Treadwell,Total des yards reçus par le joueur (Laquon Treadwell (IND)) (prolongations incluses),2143,72898,1758039961,4583826924,45+,45+,4.5,0,False
16498853,WAS Commanders vs. IND Colts,Laquon Treadwell,Total des yards reçus par le joueur (Laquon Treadwell (IND)) (prolongations incluses),2143,72898,1758039961,4583826925,55+,55+,6.75,0,False
16498853,WAS Commanders vs. IND Colts,Laquon Treadwell,Total des yards reçus par le joueur (Laquon Treadwell (IND)) (prolongations incluses),2143,72898,1758039961,4583826926,65+,65+,11.0,0,False
16498853,WAS Commanders vs. IND Colts,Laquon Treadwell,Total des yards reçus par le joueur (Laquon Treadwell (IND)) (prolongations incluses),2143,72898,1758039961,4583826927,75+,75+,18.0,0,False
16498853,WAS Commanders vs. IND Colts,Laquon Treadwell,Total des yards reçus par le joueur (Laquon Treadwell (IND)) (prolongations incluses),2143,72898,1758039961,4583826928,85+,85+,31.0,0,False
16498853,WAS Commanders vs. IND Colts,Darius Slayton,Total des yards reçus par le joueur (Darius Slayton (IND)) (prolongations incluses),2143,72898,1759443774,4586708928,36+,36+,3.2,0,False
16498853,WAS Commanders vs. IND Colts,Darius Slayton,Total des yards reçus par le joueur (Darius Slayton (IND)) (prolongations incluses),2143,72898,1759443774,4586708929,46+,46+,4.5,0,False
16498853,WAS Commanders vs. IND Colts,Darius Slayton,Total des yards reçus par le joueur (Darius Slayton (IND)) (prolongations incluses),2143,72898,1759443774,4586708930,56+,56+,6.75,0,False
16498853,WAS Commanders vs. IND Colts,Darius Slayton,Total des yards reçus par le joueur (Darius Slayton (IND)) (prolongations incluses),2143,72898,1759443774,4586708931,66+,66+,11.0,0,False
16498853,WAS Commanders vs. IND Colts,Darius Slayton,Total des yards reçus par le joueur (Darius Slayton (IND)) (prolongations incluses),2143,72898,1759443774,4586708932,76+,76+,18.0,0,False
16498853,WAS Commanders vs. IND Colts,Darius Slayton,Total des yards reçus par le joueur (Darius Slayton (IND)) (prolongations incluses),2143,72898,1759443774,4586708933,86+,86+,31.0,0,False
16498853,WAS Commanders vs. IND Colts,Darius Slayton,Total des yards reçus par le joueur (Darius Slayton (IND)) (prolongations incluses),2143,72898,1759443774,4586708926,16+,16+,1.8696,0,False
16498853,WAS Commanders vs. IND Colts,Darius Slayton,Total des yards reçus par le joueur (Darius Slayton (IND)) (prolongations incluses),2143,72898,1759443774,4586708927,26+,26+,2.4,0,False
16498853,WAS Commanders vs. IND Colts,Jonathan Taylor,Joueur total de yards par la course (Jonathan Taylor (IND)) (prolongations incluses),2140,72895,1755295125,4574171232,71+,71+,1.4,0,False
16498853,WAS Commanders vs. IND Colts,Jonathan Taylor,Joueur total de yards par la course (Jonathan Taylor (IND)) (prolongations incluses),2140,72895,1755295125,4574171222,91+,91+,1.9091,0,False
16498853,WAS Commanders vs. IND Colts,Jonathan Taylor,Joueur total de yards par la course (Jonathan Taylor (IND)) (prolongations incluses),2140,72895,1755295125,4574171223,101+,101+,2.15,0,False
16498853,WAS Commanders vs. IND Colts,Jonathan Taylor,Joueur total de yards par la course (Jonathan Taylor (IND)) (prolongations incluses),2140,72895,1755295125,4574171224,111+,111+,2.45,0,False
16498853,WAS Commanders vs. IND Colts,Jonathan Taylor,Joueur total de yards par la course (Jonathan Taylor (IND)) (prolongations incluses),2140,72895,1755295125,4574171225,121+,121+,2.8,0,False
16498853,WAS Commanders vs. IND Colts,Jonathan Taylor,Joueur total de yards par la course (Jonathan Taylor (IND)) (prolongations incluses),2140,72895,1755295125,4574171226,131+,131+,3.3,0,False
16498853,WAS Commanders vs. IND Colts,Jonathan Taylor,Joueur total de yards par la course (Jonathan Taylor (IND)) (prolongations incluses),2140,72895,1755295125,4574171227,141+,141+,3.85,0,False
16498853,WAS Commanders vs. IND Colts,Jonathan Taylor,Joueur total de yards par la course (Jonathan Taylor (IND)) (prolongations incluses),2140,72895,1755295125,4574171228,151+,151+,4.75,0,False
16498853,WAS Commanders vs. IND Colts,Jonathan Taylor,Joueur total de yards par la course (Jonathan Taylor (IND)) (prolongations incluses),2140,72895,1755295125,4574171229,161+,161+,5.75,0,False
16498853,WAS Commanders vs. IND Colts,Jonathan Taylor,Joueur total de yards par la course (Jonathan Taylor (IND)) (prolongations incluses),2140,72895,1755295125,4574171230,171+,171+,7.25,0,False
16498853,WAS Commanders vs. IND Colts,Jonathan Taylor,Joueur total de yards par la course (Jonathan Taylor (IND)) (prolongations incluses),2140,72895,1755295125,4574171231,81+,81+,1.6061,0,False
16498853,WAS Commanders vs. IND Colts,Daniel Jones,Joueur total de yards par la course (Daniel Jones (IND)) (prolongations incluses),2140,72895,1755294776,4572917969,12+,12+,1.8696,0,False
16498853,WAS Commanders vs. IND Colts,Daniel Jones,Joueur total de yards par la course (Daniel Jones (IND)) (prolongations incluses),2140,72895,1755294776,4572917970,22+,22+,2.35,0,False
16498853,WAS Commanders vs. IND Colts,Daniel Jones,Joueur total de yards par la course (Daniel Jones (IND)) (prolongations incluses),2140,72895,1755294776,4572917971,32+,32+,3.0,0,False
16498853,WAS Commanders vs. IND Colts,Daniel Jones,Joueur total de yards par la course (Daniel Jones (IND)) (prolongations incluses),2140,72895,1755294776,4572917972,42+,42+,4.0,0,False
16498853,WAS Commanders vs. IND Colts,Daniel Jones,Joueur total de yards par la course (Daniel Jones (IND)) (prolongations incluses),2140,72895,1755294776,4572917973,52+,52+,6.0,0,False
16498853,WAS Commanders vs. IND Colts,Daniel Jones,Joueur total de yards par la course (Daniel Jones (IND)) (prolongations incluses),2140,72895,1755294776,4572939962,62+,62+,9.0,0,False
16498853,WAS Commanders vs. IND Colts,Daniel Jones,Joueur total de yards par la course (Daniel Jones (IND)) (prolongations incluses),2140,72895,1755294776,4572939963,72+,72+,14.0,0,False
16498853,WAS Commanders vs. IND Colts,Daniel Jones,Joueur total de yards par la course (Daniel Jones (IND)) (prolongations incluses),2140,72895,1755294776,4572939964,82+,82+,21.0,0,False
16498853,WAS Commanders vs. IND Colts,Daniel Jones,Joueur total de yards par la course (Daniel Jones (IND)) (prolongations incluses),2140,72895,1755294776,4572939965,92+,92+,41.0,0,False
16498853,WAS Commanders vs. IND Colts,Seth McGowan,Joueur total de yards par la course (Seth McGowan (IND)) (prolongations incluses),2140,72895,1758393519,4586687353,16+,16+,3.6,0,False
16498853,WAS Commanders vs. IND Colts,Seth McGowan,Joueur total de yards par la course (Seth McGowan (IND)) (prolongations incluses),2140,72895,1758393519,4586687354,26+,26+,10.0,0,False
16498853,WAS Commanders vs. IND Colts,Seth McGowan,Joueur total de yards par la course (Seth McGowan (IND)) (prolongations incluses),2140,72895,1758393519,4586687355,36+,36+,36.0,0,False
16498853,WAS Commanders vs. IND Colts,Daniel Jones,Passes réussis du joueur (Incl. Prolongations) (Daniel Jones (IND)),2137,72892,1755295399,4578459776,24+,24+,2.6,0,False
16498853,WAS Commanders vs. IND Colts,Daniel Jones,Passes réussis du joueur (Incl. Prolongations) (Daniel Jones (IND)),2137,72892,1755295399,4578459777,26+,26+,3.6,0,False
16498853,WAS Commanders vs. IND Colts,Daniel Jones,Passes réussis du joueur (Incl. Prolongations) (Daniel Jones (IND)),2137,72892,1755295399,4578459778,28+,28+,5.25,0,False
16498853,WAS Commanders vs. IND Colts,Daniel Jones,Passes réussis du joueur (Incl. Prolongations) (Daniel Jones (IND)),2137,72892,1755295399,4578459779,30+,30+,8.5,0,False
16498853,WAS Commanders vs. IND Colts,Daniel Jones,Passes réussis du joueur (Incl. Prolongations) (Daniel Jones (IND)),2137,72892,1755295399,4578459780,32+,32+,14.0,0,False
16498853,WAS Commanders vs. IND Colts,Daniel Jones,Passes réussis du joueur (Incl. Prolongations) (Daniel Jones (IND)),2137,72892,1755295399,4578459781,34+,34+,26.0,0,False
16498853,WAS Commanders vs. IND Colts,Daniel Jones,Passes réussis du joueur (Incl. Prolongations) (Daniel Jones (IND)),2137,72892,1755295399,4578459782,20+,20+,1.5,0,False
16498853,WAS Commanders vs. IND Colts,Daniel Jones,Passes réussis du joueur (Incl. Prolongations) (Daniel Jones (IND)),2137,72892,1755295399,4578459775,22+,22+,2.0,0,False
16498853,WAS Commanders vs. IND Colts,Daniel Jones,Total de yards à la passe du joueur Plus/Moins(Incl. Prolongations),759,71922,1754591958,4570504616,Daniel Jones (IND) Plus de 233.5,Daniel Jones (IND) Plus de 233.5,1.8,0,False
16498853,WAS Commanders vs. IND Colts,Daniel Jones,Total de yards à la passe du joueur Plus/Moins(Incl. Prolongations),759,71922,1754591958,4570504617,Daniel Jones (IND) moins de 233.5,Daniel Jones (IND) moins de 233.5,1.8334,0,False
16498853,WAS Commanders vs. IND Colts,Marcus Mariota,Total de yards à la passe du joueur Plus/Moins(Incl. Prolongations),759,71922,1754816562,4571216598,Marcus Mariota (WAS) Plus de 209.5,Marcus Mariota (WAS) Plus de 209.5,1.8334,0,False
16498853,WAS Commanders vs. IND Colts,Marcus Mariota,Total de yards à la passe du joueur Plus/Moins(Incl. Prolongations),759,71922,1754816562,4571216599,Marcus Mariota (WAS) moins de 209.5,Marcus Mariota (WAS) moins de 209.5,1.8,0,False
16498853,WAS Commanders vs. IND Colts,Jonathan Taylor,Total de yards à la course du joueur Plus/Moins (Incl. Prolongations),764,71924,1754714664,4570889784,Jonathan Taylor (IND) moins de 90.5,Jonathan Taylor (IND) moins de 90.5,1.8334,0,False
16498853,WAS Commanders vs. IND Colts,Jonathan Taylor,Total de yards à la course du joueur Plus/Moins (Incl. Prolongations),764,71924,1754714664,4570889783,Jonathan Taylor (IND) Plus de 90.5,Jonathan Taylor (IND) Plus de 90.5,1.8,0,False
16498853,WAS Commanders vs. IND Colts,Jacory Merritt,Total de yards à la course du joueur Plus/Moins (Incl. Prolongations),764,71924,1756708093,4577563122,Jacory Merritt (WAS) Plus de 60.5,Jacory Merritt (WAS) Plus de 60.5,1.8334,0,False
16498853,WAS Commanders vs. IND Colts,Jacory Merritt,Total de yards à la course du joueur Plus/Moins (Incl. Prolongations),764,71924,1756708093,4577563123,Jacory Merritt (WAS) moins de 60.5,Jacory Merritt (WAS) moins de 60.5,1.8,0,False
16498853,WAS Commanders vs. IND Colts,Marcus Mariota,Total de yards à la course du joueur Plus/Moins (Incl. Prolongations),764,71924,1756759314,4577692016,Marcus Mariota (WAS) moins de 27.5,Marcus Mariota (WAS) moins de 27.5,1.7693,0,False
16498853,WAS Commanders vs. IND Colts,Marcus Mariota,Total de yards à la course du joueur Plus/Moins (Incl. Prolongations),764,71924,1756759314,4577692015,Marcus Mariota (WAS) Plus de 27.5,Marcus Mariota (WAS) Plus de 27.5,1.8696,0,False
16498853,WAS Commanders vs. IND Colts,Daniel Jones,Total de yards à la course du joueur Plus/Moins (Incl. Prolongations),764,71924,1759719337,4587432481,Daniel Jones (IND) Plus de 14.5,Daniel Jones (IND) Plus de 14.5,1.8696,0,False
16498853,WAS Commanders vs. IND Colts,Daniel Jones,Total de yards à la course du joueur Plus/Moins (Incl. Prolongations),764,71924,1759719337,4587432482,Daniel Jones (IND) moins de 14.5,Daniel Jones (IND) moins de 14.5,1.7693,0,False
16498853,WAS Commanders vs. IND Colts,Seth McGowan,Total de yards à la course du joueur Plus/Moins (Incl. Prolongations),764,71924,1759563301,4587024601,Seth McGowan (IND) Plus de 6.5,Seth McGowan (IND) Plus de 6.5,1.7693,0,False
16498853,WAS Commanders vs. IND Colts,Seth McGowan,Total de yards à la course du joueur Plus/Moins (Incl. Prolongations),764,71924,1759563301,4587024602,Seth McGowan (IND) moins de 6.5,Seth McGowan (IND) moins de 6.5,1.8696,0,False
16498853,WAS Commanders vs. IND Colts,Josh Downs,Total de yards à la course du joueur Plus/Moins (Incl. Prolongations),764,71924,1753872299,4568344339,Josh Downs (IND) Plus de 0.5,Josh Downs (IND) Plus de 0.5,3.4,0,False
16498853,WAS Commanders vs. IND Colts,Josh Downs,Total de yards à la course du joueur Plus/Moins (Incl. Prolongations),764,71924,1753872299,4568344340,Josh Downs (IND) moins de 0.5,Josh Downs (IND) moins de 0.5,1.2353,0,False
16498853,WAS Commanders vs. IND Colts,Josh Downs,Total des yards après réception du joueur Plus/Moins(Incl. Prolongations),765,71925,1754715707,4570893176,Josh Downs (IND) moins de 63.5,Josh Downs (IND) moins de 63.5,1.8334,0,False
16498853,WAS Commanders vs. IND Colts,Josh Downs,Total des yards après réception du joueur Plus/Moins(Incl. Prolongations),765,71925,1754715707,4570893175,Josh Downs (IND) Plus de 63.5,Josh Downs (IND) Plus de 63.5,1.8,0,False
16498853,WAS Commanders vs. IND Colts,Tyler Warren,Total des yards après réception du joueur Plus/Moins(Incl. Prolongations),765,71925,1754157962,4569375884,Tyler Warren (IND) Plus de 50.5,Tyler Warren (IND) Plus de 50.5,1.8334,0,False
16498853,WAS Commanders vs. IND Colts,Tyler Warren,Total des yards après réception du joueur Plus/Moins(Incl. Prolongations),765,71925,1754157962,4569375885,Tyler Warren (IND) moins de 50.5,Tyler Warren (IND) moins de 50.5,1.8,0,False
16498853,WAS Commanders vs. IND Colts,Terry McLaurin,Total des yards après réception du joueur Plus/Moins(Incl. Prolongations),765,71925,1754663628,4570760540,Terry McLaurin (WAS) Plus de 48.5,Terry McLaurin (WAS) Plus de 48.5,1.8,0,False
16498853,WAS Commanders vs. IND Colts,Terry McLaurin,Total des yards après réception du joueur Plus/Moins(Incl. Prolongations),765,71925,1754663628,4570760541,Terry McLaurin (WAS) moins de 48.5,Terry McLaurin (WAS) moins de 48.5,1.8334,0,False
16498853,WAS Commanders vs. IND Colts,Stefon Diggs,Total des yards après réception du joueur Plus/Moins(Incl. Prolongations),765,71925,1754663623,4570760530,Stefon Diggs (WAS) Plus de 45.5,Stefon Diggs (WAS) Plus de 45.5,1.8,0,False
16498853,WAS Commanders vs. IND Colts,Stefon Diggs,Total des yards après réception du joueur Plus/Moins(Incl. Prolongations),765,71925,1754663623,4570760531,Stefon Diggs (WAS) moins de 45.5,Stefon Diggs (WAS) moins de 45.5,1.8334,0,False
16498853,WAS Commanders vs. IND Colts,Keenan Allen,Total des yards après réception du joueur Plus/Moins(Incl. Prolongations),765,71925,1754170677,4569406096,Keenan Allen (IND) Plus de 38.5,Keenan Allen (IND) Plus de 38.5,1.8334,0,False
16498853,WAS Commanders vs. IND Colts,Keenan Allen,Total des yards après réception du joueur Plus/Moins(Incl. Prolongations),765,71925,1754170677,4569406097,Keenan Allen (IND) moins de 38.5,Keenan Allen (IND) moins de 38.5,1.8,0,False
16498853,WAS Commanders vs. IND Colts,Chigoziem Okonkwo,Total des yards après réception du joueur Plus/Moins(Incl. Prolongations),765,71925,1754170684,4569406110,Chigoziem Okonkwo (WAS) Plus de 26.5,Chigoziem Okonkwo (WAS) Plus de 26.5,1.7693,0,False
16498853,WAS Commanders vs. IND Colts,Chigoziem Okonkwo,Total des yards après réception du joueur Plus/Moins(Incl. Prolongations),765,71925,1754170684,4569406111,Chigoziem Okonkwo (WAS) moins de 26.5,Chigoziem Okonkwo (WAS) moins de 26.5,1.8696,0,False
16498853,WAS Commanders vs. IND Colts,Jonathan Taylor,Total des yards après réception du joueur Plus/Moins(Incl. Prolongations),765,71925,1754673977,4570786849,Jonathan Taylor (IND) Plus de 18.5,Jonathan Taylor (IND) Plus de 18.5,1.8334,0,False
16498853,WAS Commanders vs. IND Colts,Jonathan Taylor,Total des yards après réception du joueur Plus/Moins(Incl. Prolongations),765,71925,1754673977,4570786850,Jonathan Taylor (IND) moins de 18.5,Jonathan Taylor (IND) moins de 18.5,1.8,0,False
16498853,WAS Commanders vs. IND Colts,Darius Slayton,Total des yards après réception du joueur Plus/Moins(Incl. Prolongations),765,71925,1754715701,4570893163,Darius Slayton (IND) Plus de 13.5,Darius Slayton (IND) Plus de 13.5,1.7693,0,False
16498853,WAS Commanders vs. IND Colts,Darius Slayton,Total des yards après réception du joueur Plus/Moins(Incl. Prolongations),765,71925,1754715701,4570893164,Darius Slayton (IND) moins de 13.5,Darius Slayton (IND) moins de 13.5,1.8696,0,False
16498853,WAS Commanders vs. IND Colts,Laquon Treadwell,Total des yards après réception du joueur Plus/Moins(Incl. Prolongations),765,71925,1754347479,4569832478,Laquon Treadwell (IND) Plus de 10.5,Laquon Treadwell (IND) Plus de 10.5,1.7693,0,False
16498853,WAS Commanders vs. IND Colts,Laquon Treadwell,Total des yards après réception du joueur Plus/Moins(Incl. Prolongations),765,71925,1754347479,4569832479,Laquon Treadwell (IND) moins de 10.5,Laquon Treadwell (IND) moins de 10.5,1.8696,0,False
16498853,WAS Commanders vs. IND Colts,Jacory Merritt,Total des yards après réception du joueur Plus/Moins(Incl. Prolongations),765,71925,1754719779,4570910270,Jacory Merritt (WAS) Plus de 3.5,Jacory Merritt (WAS) Plus de 3.5,1.8696,0,False
16498853,WAS Commanders vs. IND Colts,Jacory Merritt,Total des yards après réception du joueur Plus/Moins(Incl. Prolongations),765,71925,1754719779,4570910271,Jacory Merritt (WAS) moins de 3.5,Jacory Merritt (WAS) moins de 3.5,1.7693,0,False
16498853,WAS Commanders vs. IND Colts,Jonathan Taylor,Yards de course et de réception du joueur Plus/Moins (prolongations incluses),3317,73841,1754315864,4569755536,Jonathan Taylor (IND) moins de 113.5,Jonathan Taylor (IND) moins de 113.5,1.8,0,False
16498853,WAS Commanders vs. IND Colts,Jonathan Taylor,Yards de course et de réception du joueur Plus/Moins (prolongations incluses),3317,73841,1754315864,4569755535,Jonathan Taylor (IND) Plus de 113.5,Jonathan Taylor (IND) Plus de 113.5,1.8334,0,False
16498853,WAS Commanders vs. IND Colts,Jacory Merritt,Yards de course et de réception du joueur Plus/Moins (prolongations incluses),3317,73841,1756728064,4577614138,Jacory Merritt (WAS) Plus de 66.5,Jacory Merritt (WAS) Plus de 66.5,1.8,0,False
16498853,WAS Commanders vs. IND Colts,Jacory Merritt,Yards de course et de réception du joueur Plus/Moins (prolongations incluses),3317,73841,1756728064,4577614139,Jacory Merritt (WAS) moins de 66.5,Jacory Merritt (WAS) moins de 66.5,1.8334,0,False
16498853,WAS Commanders vs. IND Colts,Josh Downs,Yards de course et de réception du joueur Plus/Moins (prolongations incluses),3317,73841,1755624154,4573738621,Josh Downs (IND) Plus de 65.5,Josh Downs (IND) Plus de 65.5,1.8334,0,False
16498853,WAS Commanders vs. IND Colts,Josh Downs,Yards de course et de réception du joueur Plus/Moins (prolongations incluses),3317,73841,1755624154,4573738622,Josh Downs (IND) moins de 65.5,Josh Downs (IND) moins de 65.5,1.8,0,False
16498853,WAS Commanders vs. IND Colts,Terry McLaurin,Yards de course et de réception du joueur Plus/Moins (prolongations incluses),3317,73841,1754663630,4570760544,Terry McLaurin (WAS) Plus de 48.5,Terry McLaurin (WAS) Plus de 48.5,1.8,0,False
16498853,WAS Commanders vs. IND Colts,Terry McLaurin,Yards de course et de réception du joueur Plus/Moins (prolongations incluses),3317,73841,1754663630,4570760545,Terry McLaurin (WAS) moins de 48.5,Terry McLaurin (WAS) moins de 48.5,1.8334,0,False
16498853,WAS Commanders vs. IND Colts,Stefon Diggs,Yards de course et de réception du joueur Plus/Moins (prolongations incluses),3317,73841,1754663627,4570760538,Stefon Diggs (WAS) Plus de 45.5,Stefon Diggs (WAS) Plus de 45.5,1.8,0,False
16498853,WAS Commanders vs. IND Colts,Stefon Diggs,Yards de course et de réception du joueur Plus/Moins (prolongations incluses),3317,73841,1754663627,4570760539,Stefon Diggs (WAS) moins de 45.5,Stefon Diggs (WAS) moins de 45.5,1.8334,0,False
16498853,WAS Commanders vs. IND Colts,Keenan Allen,Yards de course et de réception du joueur Plus/Moins (prolongations incluses),3317,73841,1754170679,4569406100,Keenan Allen (IND) Plus de 38.5,Keenan Allen (IND) Plus de 38.5,1.8,0,False
16498853,WAS Commanders vs. IND Colts,Keenan Allen,Yards de course et de réception du joueur Plus/Moins (prolongations incluses),3317,73841,1754170679,4569406101,Keenan Allen (IND) moins de 38.5,Keenan Allen (IND) moins de 38.5,1.8334,0,False
16498853,WAS Commanders vs. IND Colts,Darius Slayton,Yards de course et de réception du joueur Plus/Moins (prolongations incluses),3317,73841,1754715705,4570893171,Darius Slayton (IND) Plus de 13.5,Darius Slayton (IND) Plus de 13.5,1.7693,0,False
16498853,WAS Commanders vs. IND Colts,Darius Slayton,Yards de course et de réception du joueur Plus/Moins (prolongations incluses),3317,73841,1754715705,4570893172,Darius Slayton (IND) moins de 13.5,Darius Slayton (IND) moins de 13.5,1.8696,0,False
16498853,WAS Commanders vs. IND Colts,Laquon Treadwell,Yards de course et de réception du joueur Plus/Moins (prolongations incluses),3317,73841,1754342040,4569819526,Laquon Treadwell (IND) Plus de 10.5,Laquon Treadwell (IND) Plus de 10.5,1.7693,0,False
16498853,WAS Commanders vs. IND Colts,Laquon Treadwell,Yards de course et de réception du joueur Plus/Moins (prolongations incluses),3317,73841,1754342040,4569819527,Laquon Treadwell (IND) moins de 10.5,Laquon Treadwell (IND) moins de 10.5,1.8696,0,False
16498853,WAS Commanders vs. IND Colts,Marcus Mariota,Fumbles du joueur Plus / Moins (incl. prolongation),25005,75650,1753871519,4568342979,Marcus Mariota (WAS) Plus de 0.5,Marcus Mariota (WAS) Plus de 0.5,2.1,0,False
16498853,WAS Commanders vs. IND Colts,Marcus Mariota,Fumbles du joueur Plus / Moins (incl. prolongation),25005,75650,1753871519,4568342980,Marcus Mariota (WAS) moins de 0.5,Marcus Mariota (WAS) moins de 0.5,1.5715,0,False
16498853,WAS Commanders vs. IND Colts,Daniel Jones,Fumbles du joueur Plus / Moins (incl. prolongation),25005,75650,1753871729,4568343345,Daniel Jones (IND) Plus de 0.5,Daniel Jones (IND) Plus de 0.5,3.4,0,False
16498853,WAS Commanders vs. IND Colts,Daniel Jones,Fumbles du joueur Plus / Moins (incl. prolongation),25005,75650,1753871729,4568343346,Daniel Jones (IND) moins de 0.5,Daniel Jones (IND) moins de 0.5,1.2223,0,False
16498853,WAS Commanders vs. IND Colts,Jonathan Taylor,Fumbles du joueur Plus / Moins (incl. prolongation),25005,75650,1753871870,4568343592,Jonathan Taylor (IND) moins de 0.5,Jonathan Taylor (IND) moins de 0.5,1.1112,0,False
16498853,WAS Commanders vs. IND Colts,Jonathan Taylor,Fumbles du joueur Plus / Moins (incl. prolongation),25005,75650,1753871870,4568343591,Jonathan Taylor (IND) Plus de 0.5,Jonathan Taylor (IND) Plus de 0.5,4.75,0,False
16498853,WAS Commanders vs. IND Colts,Jacory Merritt,Fumbles du joueur Plus / Moins (incl. prolongation),25005,75650,1753872155,4568344084,Jacory Merritt (WAS) Plus de 0.5,Jacory Merritt (WAS) Plus de 0.5,5.25,0,False
16498853,WAS Commanders vs. IND Colts,Jacory Merritt,Fumbles du joueur Plus / Moins (incl. prolongation),25005,75650,1753872155,4568344085,Jacory Merritt (WAS) moins de 0.5,Jacory Merritt (WAS) moins de 0.5,1.0834,0,False
16498853,WAS Commanders vs. IND Colts,Seth McGowan,Fumbles du joueur Plus / Moins (incl. prolongation),25005,75650,1753872196,4568344157,Seth McGowan (IND) Plus de 0.5,Seth McGowan (IND) Plus de 0.5,6.0,0,False
16498853,WAS Commanders vs. IND Colts,Seth McGowan,Fumbles du joueur Plus / Moins (incl. prolongation),25005,75650,1753872196,4568344158,Seth McGowan (IND) moins de 0.5,Seth McGowan (IND) moins de 0.5,1.0589,0,False
16498853,WAS Commanders vs. IND Colts,Treylon Burks,Fumbles du joueur Plus / Moins (incl. prolongation),25005,75650,1753872097,4568343980,Treylon Burks (WAS) Plus de 0.5,Treylon Burks (WAS) Plus de 0.5,6.75,0,False
16498853,WAS Commanders vs. IND Colts,Treylon Burks,Fumbles du joueur Plus / Moins (incl. prolongation),25005,75650,1753872097,4568343981,Treylon Burks (WAS) moins de 0.5,Treylon Burks (WAS) moins de 0.5,1.04,0,False
16498853,WAS Commanders vs. IND Colts,Josh Downs,Fumbles du joueur Plus / Moins (incl. prolongation),25005,75650,1753872305,4568344348,Josh Downs (IND) Plus de 0.5,Josh Downs (IND) Plus de 0.5,7.5,0,False
16498853,WAS Commanders vs. IND Colts,Josh Downs,Fumbles du joueur Plus / Moins (incl. prolongation),25005,75650,1753872305,4568344349,Josh Downs (IND) moins de 0.5,Josh Downs (IND) moins de 0.5,1.02,0,False
16498853,WAS Commanders vs. IND Colts,Tyler Warren,Fumbles du joueur Plus / Moins (incl. prolongation),25005,75650,1753872365,4568344449,Tyler Warren (IND) Plus de 0.5,Tyler Warren (IND) Plus de 0.5,7.5,0,False
16498853,WAS Commanders vs. IND Colts,Tyler Warren,Fumbles du joueur Plus / Moins (incl. prolongation),25005,75650,1753872365,4568344450,Tyler Warren (IND) moins de 0.5,Tyler Warren (IND) moins de 0.5,1.02,0,False
16498853,WAS Commanders vs. IND Colts,Keenan Allen,Fumbles du joueur Plus / Moins (incl. prolongation),25005,75650,1753871467,4568342884,Keenan Allen (IND) Plus de 0.5,Keenan Allen (IND) Plus de 0.5,7.75,0,False
16498853,WAS Commanders vs. IND Colts,Keenan Allen,Fumbles du joueur Plus / Moins (incl. prolongation),25005,75650,1753871467,4568342885,Keenan Allen (IND) moins de 0.5,Keenan Allen (IND) moins de 0.5,1.02,0,False
16498853,WAS Commanders vs. IND Colts,Stefon Diggs,Fumbles du joueur Plus / Moins (incl. prolongation),25005,75650,1753871557,4568343044,Stefon Diggs (WAS) Plus de 0.5,Stefon Diggs (WAS) Plus de 0.5,7.75,0,False
16498853,WAS Commanders vs. IND Colts,Stefon Diggs,Fumbles du joueur Plus / Moins (incl. prolongation),25005,75650,1753871557,4568343045,Stefon Diggs (WAS) moins de 0.5,Stefon Diggs (WAS) moins de 0.5,1.02,0,False
16498853,WAS Commanders vs. IND Colts,Terry McLaurin,Fumbles du joueur Plus / Moins (incl. prolongation),25005,75650,1753871644,4568343190,Terry McLaurin (WAS) Plus de 0.5,Terry McLaurin (WAS) Plus de 0.5,7.75,0,False
16498853,WAS Commanders vs. IND Colts,Terry McLaurin,Fumbles du joueur Plus / Moins (incl. prolongation),25005,75650,1753871644,4568343191,Terry McLaurin (WAS) moins de 0.5,Terry McLaurin (WAS) moins de 0.5,1.02,0,False
16498853,WAS Commanders vs. IND Colts,Antonio Williams,Fumbles du joueur Plus / Moins (incl. prolongation),25005,75650,1753872603,4568344867,Antonio Williams (WAS) Plus de 0.5,Antonio Williams (WAS) Plus de 0.5,8.5,0,False
16498853,WAS Commanders vs. IND Colts,Antonio Williams,Fumbles du joueur Plus / Moins (incl. prolongation),25005,75650,1753872603,4568344868,Antonio Williams (WAS) moins de 0.5,Antonio Williams (WAS) moins de 0.5,0.0,7,False
16498853,WAS Commanders vs. IND Colts,Chigoziem Okonkwo,Fumbles du joueur Plus / Moins (incl. prolongation),25005,75650,1753871905,4568343651,Chigoziem Okonkwo (WAS) Plus de 0.5,Chigoziem Okonkwo (WAS) Plus de 0.5,8.5,0,False
16498853,WAS Commanders vs. IND Colts,Chigoziem Okonkwo,Fumbles du joueur Plus / Moins (incl. prolongation),25005,75650,1753871905,4568343652,Chigoziem Okonkwo (WAS) moins de 0.5,Chigoziem Okonkwo (WAS) moins de 0.5,1.01,0,False
16498853,WAS Commanders vs. IND Colts,Darius Slayton,Fumbles du joueur Plus / Moins (incl. prolongation),25005,75650,1753871756,4568343390,Darius Slayton (IND) Plus de 0.5,Darius Slayton (IND) Plus de 0.5,8.5,0,False
16498853,WAS Commanders vs. IND Colts,Darius Slayton,Fumbles du joueur Plus / Moins (incl. prolongation),25005,75650,1753871756,4568343391,Darius Slayton (IND) moins de 0.5,Darius Slayton (IND) moins de 0.5,0.0,7,False
16498853,WAS Commanders vs. IND Colts,Dyami Brown,Fumbles du joueur Plus / Moins (incl. prolongation),25005,75650,1753871959,4568343741,Dyami Brown (WAS) Plus de 0.5,Dyami Brown (WAS) Plus de 0.5,8.5,0,False
16498853,WAS Commanders vs. IND Colts,Dyami Brown,Fumbles du joueur Plus / Moins (incl. prolongation),25005,75650,1753871959,4568343742,Dyami Brown (WAS) moins de 0.5,Dyami Brown (WAS) moins de 0.5,0.0,7,False
16498853,WAS Commanders vs. IND Colts,Laquon Treadwell,Fumbles du joueur Plus / Moins (incl. prolongation),25005,75650,1753871611,4568343134,Laquon Treadwell (IND) Plus de 0.5,Laquon Treadwell (IND) Plus de 0.5,8.5,0,False
16498853,WAS Commanders vs. IND Colts,Laquon Treadwell,Fumbles du joueur Plus / Moins (incl. prolongation),25005,75650,1753871611,4568343135,Laquon Treadwell (IND) moins de 0.5,Laquon Treadwell (IND) moins de 0.5,0.0,7,False
16498853,WAS Commanders vs. IND Colts,Jonathan Taylor,Joueur tentative de gain par la course (prolongations incluses),2012,72303,1754316060,4569755961,Jonathan Taylor (IND) Plus de 21.5,Jonathan Taylor (IND) Plus de 21.5,1.8696,0,False
16498853,WAS Commanders vs. IND Colts,Jonathan Taylor,Joueur tentative de gain par la course (prolongations incluses),2012,72303,1754316060,4569755962,Jonathan Taylor (IND) moins de 21.5,Jonathan Taylor (IND) moins de 21.5,1.7693,0,False
16498853,WAS Commanders vs. IND Colts,Jacory Merritt,Joueur tentative de gain par la course (prolongations incluses),2012,72303,1756728061,4577614132,Jacory Merritt (WAS) Plus de 14.5,Jacory Merritt (WAS) Plus de 14.5,1.6897,0,False
16498853,WAS Commanders vs. IND Colts,Jacory Merritt,Joueur tentative de gain par la course (prolongations incluses),2012,72303,1756728061,4577614133,Jacory Merritt (WAS) moins de 14.5,Jacory Merritt (WAS) moins de 14.5,1.9524,0,False
16498853,WAS Commanders vs. IND Colts,Marcus Mariota,Joueur tentative de gain par la course (prolongations incluses),2012,72303,1753871504,4568342952,Marcus Mariota (WAS) Plus de 5.5,Marcus Mariota (WAS) Plus de 5.5,1.8696,0,False
16498853,WAS Commanders vs. IND Colts,Marcus Mariota,Joueur tentative de gain par la course (prolongations incluses),2012,72303,1753871504,4568342953,Marcus Mariota (WAS) moins de 5.5,Marcus Mariota (WAS) moins de 5.5,1.7693,0,False
16498853,WAS Commanders vs. IND Colts,Daniel Jones,Joueur tentative de gain par la course (prolongations incluses),2012,72303,1753871714,4568343318,Daniel Jones (IND) Plus de 3.5,Daniel Jones (IND) Plus de 3.5,1.9524,0,False
16498853,WAS Commanders vs. IND Colts,Daniel Jones,Joueur tentative de gain par la course (prolongations incluses),2012,72303,1753871714,4568343319,Daniel Jones (IND) moins de 3.5,Daniel Jones (IND) moins de 3.5,1.6897,0,False
16498853,WAS Commanders vs. IND Colts,Seth McGowan,Joueur tentative de gain par la course (prolongations incluses),2012,72303,1754204931,4569489088,Seth McGowan (IND) moins de 2.5,Seth McGowan (IND) moins de 2.5,1.7408,0,False
16498853,WAS Commanders vs. IND Colts,Seth McGowan,Joueur tentative de gain par la course (prolongations incluses),2012,72303,1754204931,4569489087,Seth McGowan (IND) Plus de 2.5,Seth McGowan (IND) Plus de 2.5,1.9091,0,False
16498853,WAS Commanders vs. IND Colts,Josh Downs,Joueur tentative de gain par la course (prolongations incluses),2012,72303,1753872300,4568344341,Josh Downs (IND) Plus de 0.5,Josh Downs (IND) Plus de 0.5,2.85,0,False
16498853,WAS Commanders vs. IND Colts,Josh Downs,Joueur tentative de gain par la course (prolongations incluses),2012,72303,1753872300,4568344342,Josh Downs (IND) moins de 0.5,Josh Downs (IND) moins de 0.5,1.3334,0,False
16498853,WAS Commanders vs. IND Colts,Tyler Warren,Total de réceptions Plus/Moins(Incl. Prolongations),767,71926,1753872348,4568344418,Tyler Warren (IND) Plus de 5.5,Tyler Warren (IND) Plus de 5.5,1.9091,0,False
16498853,WAS Commanders vs. IND Colts,Tyler Warren,Total de réceptions Plus/Moins(Incl. Prolongations),767,71926,1753872348,4568344419,Tyler Warren (IND) moins de 5.5,Tyler Warren (IND) moins de 5.5,1.7408,0,False
16498853,WAS Commanders vs. IND Colts,Josh Downs,Total de réceptions Plus/Moins(Incl. Prolongations),767,71926,1754348108,4569833756,Josh Downs (IND) Plus de 5.5,Josh Downs (IND) Plus de 5.5,2.0,0,False
16498853,WAS Commanders vs. IND Colts,Josh Downs,Total de réceptions Plus/Moins(Incl. Prolongations),767,71926,1754348108,4569833757,Josh Downs (IND) moins de 5.5,Josh Downs (IND) moins de 5.5,1.6667,0,False
16498853,WAS Commanders vs. IND Colts,Stefon Diggs,Total de réceptions Plus/Moins(Incl. Prolongations),767,71926,1754663624,4570760532,Stefon Diggs (WAS) Plus de 4.5,Stefon Diggs (WAS) Plus de 4.5,1.9524,0,False
16498853,WAS Commanders vs. IND Colts,Stefon Diggs,Total de réceptions Plus/Moins(Incl. Prolongations),767,71926,1754663624,4570760533,Stefon Diggs (WAS) moins de 4.5,Stefon Diggs (WAS) moins de 4.5,1.6897,0,False
16498853,WAS Commanders vs. IND Colts,Terry McLaurin,Total de réceptions Plus/Moins(Incl. Prolongations),767,71926,1753871627,4568343160,Terry McLaurin (WAS) moins de 3.5,Terry McLaurin (WAS) moins de 3.5,2.1,0,False
16498853,WAS Commanders vs. IND Colts,Terry McLaurin,Total de réceptions Plus/Moins(Incl. Prolongations),767,71926,1753871627,4568343159,Terry McLaurin (WAS) Plus de 3.5,Terry McLaurin (WAS) Plus de 3.5,1.6061,0,False
16498853,WAS Commanders vs. IND Colts,Keenan Allen,Total de réceptions Plus/Moins(Incl. Prolongations),767,71926,1753871450,4568342853,Keenan Allen (IND) Plus de 3.5,Keenan Allen (IND) Plus de 3.5,1.6667,0,False
16498853,WAS Commanders vs. IND Colts,Keenan Allen,Total de réceptions Plus/Moins(Incl. Prolongations),767,71926,1753871450,4568342854,Keenan Allen (IND) moins de 3.5,Keenan Allen (IND) moins de 3.5,2.0,0,False
16498853,WAS Commanders vs. IND Colts,Jonathan Taylor,Total de réceptions Plus/Moins(Incl. Prolongations),767,71926,1754673128,4570784667,Jonathan Taylor (IND) Plus de 2.5,Jonathan Taylor (IND) Plus de 2.5,1.5715,0,False
16498853,WAS Commanders vs. IND Colts,Jonathan Taylor,Total de réceptions Plus/Moins(Incl. Prolongations),767,71926,1754673128,4570784668,Jonathan Taylor (IND) moins de 2.5,Jonathan Taylor (IND) moins de 2.5,2.15,0,False
16498853,WAS Commanders vs. IND Colts,Chigoziem Okonkwo,Total de réceptions Plus/Moins(Incl. Prolongations),767,71926,1753871888,4568343620,Chigoziem Okonkwo (WAS) Plus de 2.5,Chigoziem Okonkwo (WAS) Plus de 2.5,1.6667,0,False
16498853,WAS Commanders vs. IND Colts,Chigoziem Okonkwo,Total de réceptions Plus/Moins(Incl. Prolongations),767,71926,1753871888,4568343621,Chigoziem Okonkwo (WAS) moins de 2.5,Chigoziem Okonkwo (WAS) moins de 2.5,2.0,0,False
16498853,WAS Commanders vs. IND Colts,Darius Slayton,Total de réceptions Plus/Moins(Incl. Prolongations),767,71926,1754362544,4569869644,Darius Slayton (IND) Plus de 1.5,Darius Slayton (IND) Plus de 1.5,2.1,0,False
16498853,WAS Commanders vs. IND Colts,Darius Slayton,Total de réceptions Plus/Moins(Incl. Prolongations),767,71926,1754362544,4569869645,Darius Slayton (IND) moins de 1.5,Darius Slayton (IND) moins de 1.5,1.6061,0,False
16498853,WAS Commanders vs. IND Colts,Laquon Treadwell,Total de réceptions Plus/Moins(Incl. Prolongations),767,71926,1754342038,4569819522,Laquon Treadwell (IND) Plus de 1.5,Laquon Treadwell (IND) Plus de 1.5,2.55,0,False
16498853,WAS Commanders vs. IND Colts,Laquon Treadwell,Total de réceptions Plus/Moins(Incl. Prolongations),767,71926,1754342038,4569819523,Laquon Treadwell (IND) moins de 1.5,Laquon Treadwell (IND) moins de 1.5,1.4167,0,False
16498853,WAS Commanders vs. IND Colts,Jacory Merritt,Total de réceptions Plus/Moins(Incl. Prolongations),767,71926,1753872127,4568344032,Jacory Merritt (WAS) moins de 0.5,Jacory Merritt (WAS) moins de 0.5,2.55,0,False
16498853,WAS Commanders vs. IND Colts,Jacory Merritt,Total de réceptions Plus/Moins(Incl. Prolongations),767,71926,1753872127,4568344031,Jacory Merritt (WAS) Plus de 0.5,Jacory Merritt (WAS) Plus de 0.5,1.4167,0,False
16498853,WAS Commanders vs. IND Colts,Daniel Jones,Passes du joueur interceptées Plus/Moins (Incl. Prolongations),2253,73703,1755295793,4572920540,Daniel Jones (IND) Plus de 0.5,Daniel Jones (IND) Plus de 0.5,2.0,0,False
16498853,WAS Commanders vs. IND Colts,Daniel Jones,Passes du joueur interceptées Plus/Moins (Incl. Prolongations),2253,73703,1755295793,4572920541,Daniel Jones (IND) moins de 0.5,Daniel Jones (IND) moins de 0.5,1.6667,0,False
16498853,WAS Commanders vs. IND Colts,Daniel Jones,"Passes complétées, Joueur (prolongations incluses) ",760,71921,1754021998,4569015088,Daniel Jones (IND) Plus de 21.5,Daniel Jones (IND) Plus de 21.5,1.7693,0,False
16498853,WAS Commanders vs. IND Colts,Daniel Jones,"Passes complétées, Joueur (prolongations incluses) ",760,71921,1754021998,4569015089,Daniel Jones (IND) moins de 21.5,Daniel Jones (IND) moins de 21.5,1.8696,0,False
16498853,WAS Commanders vs. IND Colts,Marcus Mariota,"Passes complétées, Joueur (prolongations incluses) ",760,71921,1754312932,4569748973,Marcus Mariota (WAS) Plus de 18.5,Marcus Mariota (WAS) Plus de 18.5,1.6897,0,False
16498853,WAS Commanders vs. IND Colts,Marcus Mariota,"Passes complétées, Joueur (prolongations incluses) ",760,71921,1754312932,4569748974,Marcus Mariota (WAS) moins de 18.5,Marcus Mariota (WAS) moins de 18.5,1.9524,0,False
16498853,WAS Commanders vs. IND Colts,Daniel Jones,Tentatives de passes du joueur Plus/Moins (Incl. Prolongations),2252,73702,1754312119,4569747093,Daniel Jones (IND) Plus de 31.5,Daniel Jones (IND) Plus de 31.5,1.8696,0,False
16498853,WAS Commanders vs. IND Colts,Daniel Jones,Tentatives de passes du joueur Plus/Moins (Incl. Prolongations),2252,73702,1754312119,4569747094,Daniel Jones (IND) moins de 31.5,Daniel Jones (IND) moins de 31.5,1.7693,0,False
16498853,WAS Commanders vs. IND Colts,Marcus Mariota,Tentatives de passes du joueur Plus/Moins (Incl. Prolongations),2252,73702,1753957452,4568781096,Marcus Mariota (WAS) moins de 30.5,Marcus Mariota (WAS) moins de 30.5,1.7693,0,False
16498853,WAS Commanders vs. IND Colts,Marcus Mariota,Tentatives de passes du joueur Plus/Moins (Incl. Prolongations),2252,73702,1753957452,4568781095,Marcus Mariota (WAS) Plus de 30.5,Marcus Mariota (WAS) Plus de 30.5,1.8696,0,False
16498853,WAS Commanders vs. IND Colts,Josh Downs,Joueuer Plus longue réception (prolongations incluses) ,2009,72300,1754716529,4570895139,Josh Downs (IND) Plus de 22.5,Josh Downs (IND) Plus de 22.5,1.8334,0,False
16498853,WAS Commanders vs. IND Colts,Josh Downs,Joueuer Plus longue réception (prolongations incluses) ,2009,72300,1754716529,4570895140,Josh Downs (IND) moins de 22.5,Josh Downs (IND) moins de 22.5,1.8,0,False
16498853,WAS Commanders vs. IND Colts,Terry McLaurin,Joueuer Plus longue réception (prolongations incluses) ,2009,72300,1753871628,4568343161,Terry McLaurin (WAS) Plus de 20.5,Terry McLaurin (WAS) Plus de 20.5,1.7693,0,False
16498853,WAS Commanders vs. IND Colts,Terry McLaurin,Joueuer Plus longue réception (prolongations incluses) ,2009,72300,1753871628,4568343162,Terry McLaurin (WAS) moins de 20.5,Terry McLaurin (WAS) moins de 20.5,1.8696,0,False
16498853,WAS Commanders vs. IND Colts,Stefon Diggs,Joueuer Plus longue réception (prolongations incluses) ,2009,72300,1753871541,4568343016,Stefon Diggs (WAS) moins de 18.5,Stefon Diggs (WAS) moins de 18.5,1.7693,0,False
16498853,WAS Commanders vs. IND Colts,Stefon Diggs,Joueuer Plus longue réception (prolongations incluses) ,2009,72300,1753871541,4568343015,Stefon Diggs (WAS) Plus de 18.5,Stefon Diggs (WAS) Plus de 18.5,1.8696,0,False
16498853,WAS Commanders vs. IND Colts,Tyler Warren,Joueuer Plus longue réception (prolongations incluses) ,2009,72300,1754312947,4569749003,Tyler Warren (IND) Plus de 17.5,Tyler Warren (IND) Plus de 17.5,1.7693,0,False
16498853,WAS Commanders vs. IND Colts,Tyler Warren,Joueuer Plus longue réception (prolongations incluses) ,2009,72300,1754312947,4569749004,Tyler Warren (IND) moins de 17.5,Tyler Warren (IND) moins de 17.5,1.8696,0,False
16498853,WAS Commanders vs. IND Colts,Keenan Allen,Joueuer Plus longue réception (prolongations incluses) ,2009,72300,1753871451,4568342856,Keenan Allen (IND) moins de 16.5,Keenan Allen (IND) moins de 16.5,1.8,0,False
16498853,WAS Commanders vs. IND Colts,Keenan Allen,Joueuer Plus longue réception (prolongations incluses) ,2009,72300,1753871451,4568342855,Keenan Allen (IND) Plus de 16.5,Keenan Allen (IND) Plus de 16.5,1.8334,0,False
16498853,WAS Commanders vs. IND Colts,Chigoziem Okonkwo,Joueuer Plus longue réception (prolongations incluses) ,2009,72300,1753871889,4568343622,Chigoziem Okonkwo (WAS) Plus de 14.5,Chigoziem Okonkwo (WAS) Plus de 14.5,1.8696,0,False
16498853,WAS Commanders vs. IND Colts,Chigoziem Okonkwo,Joueuer Plus longue réception (prolongations incluses) ,2009,72300,1753871889,4568343623,Chigoziem Okonkwo (WAS) moins de 14.5,Chigoziem Okonkwo (WAS) moins de 14.5,1.7693,0,False
16498853,WAS Commanders vs. IND Colts,Darius Slayton,Joueuer Plus longue réception (prolongations incluses) ,2009,72300,1754715702,4570893165,Darius Slayton (IND) Plus de 10.5,Darius Slayton (IND) Plus de 10.5,1.7693,0,False
16498853,WAS Commanders vs. IND Colts,Darius Slayton,Joueuer Plus longue réception (prolongations incluses) ,2009,72300,1754715702,4570893166,Darius Slayton (IND) moins de 10.5,Darius Slayton (IND) moins de 10.5,1.8696,0,False
16498853,WAS Commanders vs. IND Colts,Jonathan Taylor,Joueuer Plus longue réception (prolongations incluses) ,2009,72300,1754364553,4569874088,Jonathan Taylor (IND) moins de 10.5,Jonathan Taylor (IND) moins de 10.5,1.8696,0,False
16498853,WAS Commanders vs. IND Colts,Jonathan Taylor,Joueuer Plus longue réception (prolongations incluses) ,2009,72300,1754364553,4569874087,Jonathan Taylor (IND) Plus de 10.5,Jonathan Taylor (IND) Plus de 10.5,1.7693,0,False
16498853,WAS Commanders vs. IND Colts,Laquon Treadwell,Joueuer Plus longue réception (prolongations incluses) ,2009,72300,1755657095,4573820366,Laquon Treadwell (IND) Plus de 9.5,Laquon Treadwell (IND) Plus de 9.5,1.8696,0,False
16498853,WAS Commanders vs. IND Colts,Laquon Treadwell,Joueuer Plus longue réception (prolongations incluses) ,2009,72300,1755657095,4573820367,Laquon Treadwell (IND) moins de 9.5,Laquon Treadwell (IND) moins de 9.5,1.7693,0,False
16498853,WAS Commanders vs. IND Colts,Jacory Merritt,Joueuer Plus longue réception (prolongations incluses) ,2009,72300,1754719780,4570910272,Jacory Merritt (WAS) Plus de 3.5,Jacory Merritt (WAS) Plus de 3.5,1.8334,0,False
16498853,WAS Commanders vs. IND Colts,Jacory Merritt,Joueuer Plus longue réception (prolongations incluses) ,2009,72300,1754719780,4570910273,Jacory Merritt (WAS) moins de 3.5,Jacory Merritt (WAS) moins de 3.5,1.8,0,False
16498853,WAS Commanders vs. IND Colts,Daniel Jones,Joueur Plus longue passe complétée (prolongations incluses) ,2001,72292,1754310932,4569744381,Daniel Jones (IND) Plus de 34.5,Daniel Jones (IND) Plus de 34.5,1.7693,0,False
16498853,WAS Commanders vs. IND Colts,Daniel Jones,Joueur Plus longue passe complétée (prolongations incluses) ,2001,72292,1754310932,4569744382,Daniel Jones (IND) moins de 34.5,Daniel Jones (IND) moins de 34.5,1.8696,0,False
16498853,WAS Commanders vs. IND Colts,Marcus Mariota,Joueur Plus longue passe complétée (prolongations incluses) ,2001,72292,1753871480,4568342904,Marcus Mariota (WAS) Plus de 34.5,Marcus Mariota (WAS) Plus de 34.5,1.8334,0,False
16498853,WAS Commanders vs. IND Colts,Marcus Mariota,Joueur Plus longue passe complétée (prolongations incluses) ,2001,72292,1753871480,4568342905,Marcus Mariota (WAS) moins de 34.5,Marcus Mariota (WAS) moins de 34.5,1.8,0,False
16498853,WAS Commanders vs. IND Colts,Spencer Shrader,Points de tir du joueur Plus/Moins (prolongations incluses) ,2003,72294,1754718247,4570900273,Spencer Shrader (IND) Plus de 7.5,Spencer Shrader (IND) Plus de 7.5,1.8,0,False
16498853,WAS Commanders vs. IND Colts,Spencer Shrader,Points de tir du joueur Plus/Moins (prolongations incluses) ,2003,72294,1754718247,4570900274,Spencer Shrader (IND) moins de 7.5,Spencer Shrader (IND) moins de 7.5,1.8334,0,False
16498853,WAS Commanders vs. IND Colts,Drew Stevens,Points de tir du joueur Plus/Moins (prolongations incluses) ,2003,72294,1753872659,4568344963,Drew Stevens (WAS) Plus de 6.5,Drew Stevens (WAS) Plus de 6.5,1.9091,0,False
16498853,WAS Commanders vs. IND Colts,Drew Stevens,Points de tir du joueur Plus/Moins (prolongations incluses) ,2003,72294,1753872659,4568344964,Drew Stevens (WAS) moins de 6.5,Drew Stevens (WAS) moins de 6.5,1.7408,0,False
16498853,WAS Commanders vs. IND Colts,Spencer Shrader,Field goals du joueur (prolongations incluses) ,769,71927,1753872122,4568344021,Spencer Shrader (IND) Plus de 1.5,Spencer Shrader (IND) Plus de 1.5,1.7693,0,False
16498853,WAS Commanders vs. IND Colts,Spencer Shrader,Field goals du joueur (prolongations incluses) ,769,71927,1753872122,4568344022,Spencer Shrader (IND) moins de 1.5,Spencer Shrader (IND) moins de 1.5,1.8696,0,False
16498853,WAS Commanders vs. IND Colts,Drew Stevens,Field goals du joueur (prolongations incluses) ,769,71927,1753872657,4568344960,Drew Stevens (WAS) moins de 1.5,Drew Stevens (WAS) moins de 1.5,1.625,0,False
16498853,WAS Commanders vs. IND Colts,Drew Stevens,Field goals du joueur (prolongations incluses) ,769,71927,1753872657,4568344959,Drew Stevens (WAS) Plus de 1.5,Drew Stevens (WAS) Plus de 1.5,2.05,0,False
16498853,WAS Commanders vs. IND Colts,Jonathan Taylor,1ère mi-temps - Total de yards à la course du joueur Plus/Moins,31470,77064,1754316061,4569755963,Jonathan Taylor (IND) Plus de 43.5,Jonathan Taylor (IND) Plus de 43.5,1.8334,0,False
16498853,WAS Commanders vs. IND Colts,Jonathan Taylor,1ère mi-temps - Total de yards à la course du joueur Plus/Moins,31470,77064,1754316061,4569755964,Jonathan Taylor (IND) moins de 43.5,Jonathan Taylor (IND) moins de 43.5,1.7693,0,False
16498853,WAS Commanders vs. IND Colts,Jacory Merritt,1ère mi-temps - Total de yards à la course du joueur Plus/Moins,31470,77064,1758295801,4582699625,Jacory Merritt (WAS) Plus de 30.5,Jacory Merritt (WAS) Plus de 30.5,1.7693,0,False
16498853,WAS Commanders vs. IND Colts,Jacory Merritt,1ère mi-temps - Total de yards à la course du joueur Plus/Moins,31470,77064,1758295801,4582699626,Jacory Merritt (WAS) moins de 30.5,Jacory Merritt (WAS) moins de 30.5,1.8334,0,False
16498853,WAS Commanders vs. IND Colts,Marcus Mariota,1ère mi-temps - Total de yards à la course du joueur Plus/Moins,31470,77064,1754204857,4569488957,Marcus Mariota (WAS) Plus de 10.5,Marcus Mariota (WAS) Plus de 10.5,1.8334,0,False
16498853,WAS Commanders vs. IND Colts,Marcus Mariota,1ère mi-temps - Total de yards à la course du joueur Plus/Moins,31470,77064,1754204857,4569488958,Marcus Mariota (WAS) moins de 10.5,Marcus Mariota (WAS) moins de 10.5,1.7693,0,False
16498853,WAS Commanders vs. IND Colts,Daniel Jones,1ère mi-temps - Total de yards à la course du joueur Plus/Moins,31470,77064,1754311864,4569746562,Daniel Jones (IND) Plus de 5.5,Daniel Jones (IND) Plus de 5.5,1.8334,0,False
16498853,WAS Commanders vs. IND Colts,Daniel Jones,1ère mi-temps - Total de yards à la course du joueur Plus/Moins,31470,77064,1754311864,4569746563,Daniel Jones (IND) moins de 5.5,Daniel Jones (IND) moins de 5.5,1.7693,0,False
16498853,WAS Commanders vs. IND Colts,Seth McGowan,1ère mi-temps - Total de yards à la course du joueur Plus/Moins,31470,77064,1758391212,4582949448,Seth McGowan (IND) moins de 1.5,Seth McGowan (IND) moins de 1.5,1.8696,0,False
16498853,WAS Commanders vs. IND Colts,Seth McGowan,1ère mi-temps - Total de yards à la course du joueur Plus/Moins,31470,77064,1758391212,4582949447,Seth McGowan (IND) Plus de 1.5,Seth McGowan (IND) Plus de 1.5,1.7408,0,False
16498853,WAS Commanders vs. IND Colts,Jonathan Taylor,1ère mi-temps - Touchdowns de course du joueur Plus / Moins,31473,77067,1753871860,4568343574,Jonathan Taylor (IND) Plus de 0.5,Jonathan Taylor (IND) Plus de 0.5,2.35,0,False
16498853,WAS Commanders vs. IND Colts,Jonathan Taylor,1ère mi-temps - Touchdowns de course du joueur Plus / Moins,31473,77067,1753871860,4568343575,Jonathan Taylor (IND) moins de 0.5,Jonathan Taylor (IND) moins de 0.5,1.4546,0,False
16498853,WAS Commanders vs. IND Colts,Jacory Merritt,1ère mi-temps - Touchdowns de course du joueur Plus / Moins,31473,77067,1753872145,4568344067,Jacory Merritt (WAS) Plus de 0.5,Jacory Merritt (WAS) Plus de 0.5,3.6,0,False
16498853,WAS Commanders vs. IND Colts,Jacory Merritt,1ère mi-temps - Touchdowns de course du joueur Plus / Moins,31473,77067,1753872145,4568344068,Jacory Merritt (WAS) moins de 0.5,Jacory Merritt (WAS) moins de 0.5,1.2,0,False
16498853,WAS Commanders vs. IND Colts,Marcus Mariota,1ère mi-temps - Touchdowns de course du joueur Plus / Moins,31473,77067,1753871509,4568342962,Marcus Mariota (WAS) Plus de 0.5,Marcus Mariota (WAS) Plus de 0.5,5.25,0,False
16498853,WAS Commanders vs. IND Colts,Marcus Mariota,1ère mi-temps - Touchdowns de course du joueur Plus / Moins,31473,77067,1753871509,4568342963,Marcus Mariota (WAS) moins de 0.5,Marcus Mariota (WAS) moins de 0.5,1.0834,0,False
16498853,WAS Commanders vs. IND Colts,Daniel Jones,1ère mi-temps - Touchdowns de course du joueur Plus / Moins,31473,77067,1753871719,4568343328,Daniel Jones (IND) Plus de 0.5,Daniel Jones (IND) Plus de 0.5,5.75,0,False
16498853,WAS Commanders vs. IND Colts,Daniel Jones,1ère mi-temps - Touchdowns de course du joueur Plus / Moins,31473,77067,1753871719,4568343329,Daniel Jones (IND) moins de 0.5,Daniel Jones (IND) moins de 0.5,1.0715,0,False
16498853,WAS Commanders vs. IND Colts,Austin Ekeler,1ère mi-temps - Touchdowns de course du joueur Plus / Moins,31473,77067,1758293356,4582694037,Austin Ekeler (WAS) Plus de 0.5,Austin Ekeler (WAS) Plus de 0.5,7.5,0,False
16498853,WAS Commanders vs. IND Colts,Austin Ekeler,1ère mi-temps - Touchdowns de course du joueur Plus / Moins,31473,77067,1758293356,4582694038,Austin Ekeler (WAS) moins de 0.5,Austin Ekeler (WAS) moins de 0.5,1.02,0,False
16498853,WAS Commanders vs. IND Colts,Kaytron Allen,1ère mi-temps - Touchdowns de course du joueur Plus / Moins,31473,77067,1753872636,4568344926,Kaytron Allen (WAS) Plus de 0.5,Kaytron Allen (WAS) Plus de 0.5,7.5,0,False
16498853,WAS Commanders vs. IND Colts,Kaytron Allen,1ère mi-temps - Touchdowns de course du joueur Plus / Moins,31473,77067,1753872636,4568344927,Kaytron Allen (WAS) moins de 0.5,Kaytron Allen (WAS) moins de 0.5,1.02,0,False
16498853,WAS Commanders vs. IND Colts,Seth McGowan,1ère mi-temps - Touchdowns de course du joueur Plus / Moins,31473,77067,1753872186,4568344140,Seth McGowan (IND) Plus de 0.5,Seth McGowan (IND) Plus de 0.5,8.5,0,False
16498853,WAS Commanders vs. IND Colts,Seth McGowan,1ère mi-temps - Touchdowns de course du joueur Plus / Moins,31473,77067,1753872186,4568344141,Seth McGowan (IND) moins de 0.5,Seth McGowan (IND) moins de 0.5,0.0,7,False
16498853,WAS Commanders vs. IND Colts,Jonathan Taylor,1ère mi-temps - Tentatives de rushing du joueur Plus/Moins,31482,77076,1754311873,4569746580,Jonathan Taylor (IND) Plus de 10.5,Jonathan Taylor (IND) Plus de 10.5,1.8696,0,False
16498853,WAS Commanders vs. IND Colts,Jonathan Taylor,1ère mi-temps - Tentatives de rushing du joueur Plus/Moins,31482,77076,1754311873,4569746581,Jonathan Taylor (IND) moins de 10.5,Jonathan Taylor (IND) moins de 10.5,1.7408,0,False
16498853,WAS Commanders vs. IND Colts,Jacory Merritt,1ère mi-temps - Tentatives de rushing du joueur Plus/Moins,31482,77076,1755677337,4573871866,Jacory Merritt (WAS) Plus de 7.5,Jacory Merritt (WAS) Plus de 7.5,1.6667,0,False
16498853,WAS Commanders vs. IND Colts,Jacory Merritt,1ère mi-temps - Tentatives de rushing du joueur Plus/Moins,31482,77076,1755677337,4573871867,Jacory Merritt (WAS) moins de 7.5,Jacory Merritt (WAS) moins de 7.5,1.9524,0,False
16498853,WAS Commanders vs. IND Colts,Marcus Mariota,1ère mi-temps - Tentatives de rushing du joueur Plus/Moins,31482,77076,1753871512,4568342968,Marcus Mariota (WAS) Plus de 2.5,Marcus Mariota (WAS) Plus de 2.5,2.1,0,False
16498853,WAS Commanders vs. IND Colts,Marcus Mariota,1ère mi-temps - Tentatives de rushing du joueur Plus/Moins,31482,77076,1753871512,4568342969,Marcus Mariota (WAS) moins de 2.5,Marcus Mariota (WAS) moins de 2.5,1.5715,0,False
16498853,WAS Commanders vs. IND Colts,Daniel Jones,1ère mi-temps - Tentatives de rushing du joueur Plus/Moins,31482,77076,1753871722,4568343334,Daniel Jones (IND) Plus de 1.5,Daniel Jones (IND) Plus de 1.5,2.05,0,False
16498853,WAS Commanders vs. IND Colts,Daniel Jones,1ère mi-temps - Tentatives de rushing du joueur Plus/Moins,31482,77076,1753871722,4568343335,Daniel Jones (IND) moins de 1.5,Daniel Jones (IND) moins de 1.5,1.6061,0,False
16498853,WAS Commanders vs. IND Colts,Seth McGowan,1ère mi-temps - Tentatives de rushing du joueur Plus/Moins,31482,77076,1753872189,4568344146,Seth McGowan (IND) Plus de 0.5,Seth McGowan (IND) Plus de 0.5,1.3637,0,False
16498853,WAS Commanders vs. IND Colts,Seth McGowan,1ère mi-temps - Tentatives de rushing du joueur Plus/Moins,31482,77076,1753872189,4568344147,Seth McGowan (IND) moins de 0.5,Seth McGowan (IND) moins de 0.5,2.65,0,False
16498853,WAS Commanders vs. IND Colts,Jonathan Taylor,1ère mi-temps - Yards rushing et receiving du joueur - Plus/Moins,31488,77082,1754315865,4569755537,Jonathan Taylor (IND) Plus de 55.5,Jonathan Taylor (IND) Plus de 55.5,1.8334,0,False
16498853,WAS Commanders vs. IND Colts,Jonathan Taylor,1ère mi-temps - Yards rushing et receiving du joueur - Plus/Moins,31488,77082,1754315865,4569755538,Jonathan Taylor (IND) moins de 55.5,Jonathan Taylor (IND) moins de 55.5,1.7693,0,False
16498853,WAS Commanders vs. IND Colts,Jacory Merritt,1ère mi-temps - Yards rushing et receiving du joueur - Plus/Moins,31488,77082,1758295804,4582699632,Jacory Merritt (WAS) moins de 34.5,Jacory Merritt (WAS) moins de 34.5,1.7693,0,False
16498853,WAS Commanders vs. IND Colts,Jacory Merritt,1ère mi-temps - Yards rushing et receiving du joueur - Plus/Moins,31488,77082,1758295804,4582699631,Jacory Merritt (WAS) Plus de 34.5,Jacory Merritt (WAS) Plus de 34.5,1.8334,0,False
16498853,WAS Commanders vs. IND Colts,Josh Downs,1ère mi-temps - Total de réceptions Plus/Moins,31485,77079,1754297424,4569712404,Josh Downs (IND) Plus de 2.5,Josh Downs (IND) Plus de 2.5,1.6061,0,False
16498853,WAS Commanders vs. IND Colts,Josh Downs,1ère mi-temps - Total de réceptions Plus/Moins,31485,77079,1754297424,4569712405,Josh Downs (IND) moins de 2.5,Josh Downs (IND) moins de 2.5,2.05,0,False
16498853,WAS Commanders vs. IND Colts,Tyler Warren,1ère mi-temps - Total de réceptions Plus/Moins,31485,77079,1753872356,4568344434,Tyler Warren (IND) Plus de 2.5,Tyler Warren (IND) Plus de 2.5,1.6667,0,False
16498853,WAS Commanders vs. IND Colts,Tyler Warren,1ère mi-temps - Total de réceptions Plus/Moins,31485,77079,1753872356,4568344435,Tyler Warren (IND) moins de 2.5,Tyler Warren (IND) moins de 2.5,1.9524,0,False
16498853,WAS Commanders vs. IND Colts,Keenan Allen,1ère mi-temps - Total de réceptions Plus/Moins,31485,77079,1753871458,4568342869,Keenan Allen (IND) Plus de 1.5,Keenan Allen (IND) Plus de 1.5,1.5264,0,False
16498853,WAS Commanders vs. IND Colts,Keenan Allen,1ère mi-temps - Total de réceptions Plus/Moins,31485,77079,1753871458,4568342870,Keenan Allen (IND) moins de 1.5,Keenan Allen (IND) moins de 1.5,2.2,0,False
16498853,WAS Commanders vs. IND Colts,Stefon Diggs,1ère mi-temps - Total de réceptions Plus/Moins,31485,77079,1753871548,4568343029,Stefon Diggs (WAS) Plus de 1.5,Stefon Diggs (WAS) Plus de 1.5,1.5264,0,False
16498853,WAS Commanders vs. IND Colts,Stefon Diggs,1ère mi-temps - Total de réceptions Plus/Moins,31485,77079,1753871548,4568343030,Stefon Diggs (WAS) moins de 1.5,Stefon Diggs (WAS) moins de 1.5,2.2,0,False
16498853,WAS Commanders vs. IND Colts,Terry McLaurin,1ère mi-temps - Total de réceptions Plus/Moins,31485,77079,1753871635,4568343176,Terry McLaurin (WAS) moins de 1.5,Terry McLaurin (WAS) moins de 1.5,2.05,0,False
16498853,WAS Commanders vs. IND Colts,Terry McLaurin,1ère mi-temps - Total de réceptions Plus/Moins,31485,77079,1753871635,4568343175,Terry McLaurin (WAS) Plus de 1.5,Terry McLaurin (WAS) Plus de 1.5,1.6061,0,False
16498853,WAS Commanders vs. IND Colts,Jonathan Taylor,1ère mi-temps - Total de réceptions Plus/Moins,31485,77079,1753871850,4568343554,Jonathan Taylor (IND) Plus de 1.5,Jonathan Taylor (IND) Plus de 1.5,1.9091,0,False
16498853,WAS Commanders vs. IND Colts,Jonathan Taylor,1ère mi-temps - Total de réceptions Plus/Moins,31485,77079,1753871850,4568343555,Jonathan Taylor (IND) moins de 1.5,Jonathan Taylor (IND) moins de 1.5,1.7143,0,False
16498853,WAS Commanders vs. IND Colts,Chigoziem Okonkwo,1ère mi-temps - Total de réceptions Plus/Moins,31485,77079,1753871896,4568343636,Chigoziem Okonkwo (WAS) Plus de 1.5,Chigoziem Okonkwo (WAS) Plus de 1.5,2.2,0,False
16498853,WAS Commanders vs. IND Colts,Chigoziem Okonkwo,1ère mi-temps - Total de réceptions Plus/Moins,31485,77079,1753871896,4568343637,Chigoziem Okonkwo (WAS) moins de 1.5,Chigoziem Okonkwo (WAS) moins de 1.5,1.5264,0,False
16498853,WAS Commanders vs. IND Colts,Darius Slayton,1ère mi-temps - Total de réceptions Plus/Moins,31485,77079,1754349734,4569837556,Darius Slayton (IND) Plus de 0.5,Darius Slayton (IND) Plus de 0.5,1.7143,0,False
16498853,WAS Commanders vs. IND Colts,Darius Slayton,1ère mi-temps - Total de réceptions Plus/Moins,31485,77079,1754349734,4569837557,Darius Slayton (IND) moins de 0.5,Darius Slayton (IND) moins de 0.5,1.9091,0,False
16498853,WAS Commanders vs. IND Colts,Laquon Treadwell,1ère mi-temps - Total de réceptions Plus/Moins,31485,77079,1753871602,4568343120,Laquon Treadwell (IND) moins de 0.5,Laquon Treadwell (IND) moins de 0.5,1.7408,0,False
16498853,WAS Commanders vs. IND Colts,Laquon Treadwell,1ère mi-temps - Total de réceptions Plus/Moins,31485,77079,1753871602,4568343119,Laquon Treadwell (IND) Plus de 0.5,Laquon Treadwell (IND) Plus de 0.5,1.8696,0,False
16498853,WAS Commanders vs. IND Colts,Jacory Merritt,1ère mi-temps - Total de réceptions Plus/Moins,31485,77079,1753872135,4568344048,Jacory Merritt (WAS) moins de 0.5,Jacory Merritt (WAS) moins de 0.5,1.5556,0,False
16498853,WAS Commanders vs. IND Colts,Jacory Merritt,1ère mi-temps - Total de réceptions Plus/Moins,31485,77079,1753872135,4568344047,Jacory Merritt (WAS) Plus de 0.5,Jacory Merritt (WAS) Plus de 0.5,2.15,0,False
16498853,WAS Commanders vs. IND Colts,Josh Downs,1ère mi-temps - Yards reçus par le joueur - Plus/Moins,31464,77058,1754716468,4570894994,Josh Downs (IND) Plus de 31.5,Josh Downs (IND) Plus de 31.5,1.7693,0,False
16498853,WAS Commanders vs. IND Colts,Josh Downs,1ère mi-temps - Yards reçus par le joueur - Plus/Moins,31464,77058,1754716468,4570894995,Josh Downs (IND) moins de 31.5,Josh Downs (IND) moins de 31.5,1.8334,0,False
16498853,WAS Commanders vs. IND Colts,Tyler Warren,1ère mi-temps - Yards reçus par le joueur - Plus/Moins,31464,77058,1753872350,4568344422,Tyler Warren (IND) Plus de 24.5,Tyler Warren (IND) Plus de 24.5,1.8334,0,False
16498853,WAS Commanders vs. IND Colts,Tyler Warren,1ère mi-temps - Yards reçus par le joueur - Plus/Moins,31464,77058,1753872350,4568344423,Tyler Warren (IND) moins de 24.5,Tyler Warren (IND) moins de 24.5,1.7693,0,False
16498853,WAS Commanders vs. IND Colts,Terry McLaurin,1ère mi-temps - Yards reçus par le joueur - Plus/Moins,31464,77058,1753957471,4568781132,Terry McLaurin (WAS) Plus de 20.5,Terry McLaurin (WAS) Plus de 20.5,1.8334,0,False
16498853,WAS Commanders vs. IND Colts,Terry McLaurin,1ère mi-temps - Yards reçus par le joueur - Plus/Moins,31464,77058,1753957471,4568781133,Terry McLaurin (WAS) moins de 20.5,Terry McLaurin (WAS) moins de 20.5,1.7693,0,False
16498853,WAS Commanders vs. IND Colts,Stefon Diggs,1ère mi-temps - Yards reçus par le joueur - Plus/Moins,31464,77058,1753871542,4568343017,Stefon Diggs (WAS) Plus de 18.5,Stefon Diggs (WAS) Plus de 18.5,1.8334,0,False
16498853,WAS Commanders vs. IND Colts,Stefon Diggs,1ère mi-temps - Yards reçus par le joueur - Plus/Moins,31464,77058,1753871542,4568343018,Stefon Diggs (WAS) moins de 18.5,Stefon Diggs (WAS) moins de 18.5,1.7693,0,False
16498853,WAS Commanders vs. IND Colts,Keenan Allen,1ère mi-temps - Yards reçus par le joueur - Plus/Moins,31464,77058,1754207525,4569495061,Keenan Allen (IND) Plus de 17.5,Keenan Allen (IND) Plus de 17.5,1.7693,0,False
16498853,WAS Commanders vs. IND Colts,Keenan Allen,1ère mi-temps - Yards reçus par le joueur - Plus/Moins,31464,77058,1754207525,4569495062,Keenan Allen (IND) moins de 17.5,Keenan Allen (IND) moins de 17.5,1.8334,0,False
16498853,WAS Commanders vs. IND Colts,Chigoziem Okonkwo,1ère mi-temps - Yards reçus par le joueur - Plus/Moins,31464,77058,1754119159,4569280450,Chigoziem Okonkwo (WAS) Plus de 10.5,Chigoziem Okonkwo (WAS) Plus de 10.5,1.8334,0,False
16498853,WAS Commanders vs. IND Colts,Chigoziem Okonkwo,1ère mi-temps - Yards reçus par le joueur - Plus/Moins,31464,77058,1754119159,4569280451,Chigoziem Okonkwo (WAS) moins de 10.5,Chigoziem Okonkwo (WAS) moins de 10.5,1.7693,0,False
16498853,WAS Commanders vs. IND Colts,Jonathan Taylor,1ère mi-temps - Yards reçus par le joueur - Plus/Moins,31464,77058,1754664325,4570762208,Jonathan Taylor (IND) Plus de 7.5,Jonathan Taylor (IND) Plus de 7.5,1.7693,0,False
16498853,WAS Commanders vs. IND Colts,Jonathan Taylor,1ère mi-temps - Yards reçus par le joueur - Plus/Moins,31464,77058,1754664325,4570762209,Jonathan Taylor (IND) moins de 7.5,Jonathan Taylor (IND) moins de 7.5,1.8334,0,False
16498853,WAS Commanders vs. IND Colts,Darius Slayton,1ère mi-temps - Yards reçus par le joueur - Plus/Moins,31464,77058,1754715703,4570893168,Darius Slayton (IND) moins de 3.5,Darius Slayton (IND) moins de 3.5,1.7693,0,False
16498853,WAS Commanders vs. IND Colts,Darius Slayton,1ère mi-temps - Yards reçus par le joueur - Plus/Moins,31464,77058,1754715703,4570893167,Darius Slayton (IND) Plus de 3.5,Darius Slayton (IND) Plus de 3.5,1.8334,0,False
16498853,WAS Commanders vs. IND Colts,Laquon Treadwell,1ère mi-temps - Yards reçus par le joueur - Plus/Moins,31464,77058,1753871596,4568343107,Laquon Treadwell (IND) Plus de 0.5,Laquon Treadwell (IND) Plus de 0.5,1.9091,0,False
16498853,WAS Commanders vs. IND Colts,Laquon Treadwell,1ère mi-temps - Yards reçus par le joueur - Plus/Moins,31464,77058,1753871596,4568343108,Laquon Treadwell (IND) moins de 0.5,Laquon Treadwell (IND) moins de 0.5,1.7143,0,False
16498853,WAS Commanders vs. IND Colts,Jacory Merritt,1ère mi-temps - Yards reçus par le joueur - Plus/Moins,31464,77058,1753872129,4568344035,Jacory Merritt (WAS) Plus de 0.5,Jacory Merritt (WAS) Plus de 0.5,2.35,0,False
16498853,WAS Commanders vs. IND Colts,Jacory Merritt,1ère mi-temps - Yards reçus par le joueur - Plus/Moins,31464,77058,1753872129,4568344036,Jacory Merritt (WAS) moins de 0.5,Jacory Merritt (WAS) moins de 0.5,1.4546,0,False
16498853,WAS Commanders vs. IND Colts,Josh Downs,1ère mi-temps - Touchdowns de réception du joueur Plus / Moins,31467,77061,1753872293,4568344328,Josh Downs (IND) moins de 0.5,Josh Downs (IND) moins de 0.5,1.1667,0,False
16498853,WAS Commanders vs. IND Colts,Josh Downs,1ère mi-temps - Touchdowns de réception du joueur Plus / Moins,31467,77061,1753872293,4568344327,Josh Downs (IND) Plus de 0.5,Josh Downs (IND) Plus de 0.5,4.0,0,False
16498853,WAS Commanders vs. IND Colts,Tyler Warren,1ère mi-temps - Touchdowns de réception du joueur Plus / Moins,31467,77061,1753872353,4568344428,Tyler Warren (IND) Plus de 0.5,Tyler Warren (IND) Plus de 0.5,4.25,0,False
16498853,WAS Commanders vs. IND Colts,Tyler Warren,1ère mi-temps - Touchdowns de réception du joueur Plus / Moins,31467,77061,1753872353,4568344429,Tyler Warren (IND) moins de 0.5,Tyler Warren (IND) moins de 0.5,1.1429,0,False
16498853,WAS Commanders vs. IND Colts,Keenan Allen,1ère mi-temps - Touchdowns de réception du joueur Plus / Moins,31467,77061,1753871455,4568342864,Keenan Allen (IND) moins de 0.5,Keenan Allen (IND) moins de 0.5,1.1112,0,False
16498853,WAS Commanders vs. IND Colts,Keenan Allen,1ère mi-temps - Touchdowns de réception du joueur Plus / Moins,31467,77061,1753871455,4568342863,Keenan Allen (IND) Plus de 0.5,Keenan Allen (IND) Plus de 0.5,4.75,0,False
16498853,WAS Commanders vs. IND Colts,Terry McLaurin,1ère mi-temps - Touchdowns de réception du joueur Plus / Moins,31467,77061,1753871632,4568343169,Terry McLaurin (WAS) Plus de 0.5,Terry McLaurin (WAS) Plus de 0.5,4.75,0,False
16498853,WAS Commanders vs. IND Colts,Terry McLaurin,1ère mi-temps - Touchdowns de réception du joueur Plus / Moins,31467,77061,1753871632,4568343170,Terry McLaurin (WAS) moins de 0.5,Terry McLaurin (WAS) moins de 0.5,1.1112,0,False
16498853,WAS Commanders vs. IND Colts,Stefon Diggs,1ère mi-temps - Touchdowns de réception du joueur Plus / Moins,31467,77061,1753871545,4568343024,Stefon Diggs (WAS) moins de 0.5,Stefon Diggs (WAS) moins de 0.5,1.1,0,False
16498853,WAS Commanders vs. IND Colts,Stefon Diggs,1ère mi-temps - Touchdowns de réception du joueur Plus / Moins,31467,77061,1753871545,4568343023,Stefon Diggs (WAS) Plus de 0.5,Stefon Diggs (WAS) Plus de 0.5,5.0,0,False
16498853,WAS Commanders vs. IND Colts,Chigoziem Okonkwo,1ère mi-temps - Touchdowns de réception du joueur Plus / Moins,31467,77061,1753871893,4568343630,Chigoziem Okonkwo (WAS) Plus de 0.5,Chigoziem Okonkwo (WAS) Plus de 0.5,6.25,0,False
16498853,WAS Commanders vs. IND Colts,Chigoziem Okonkwo,1ère mi-temps - Touchdowns de réception du joueur Plus / Moins,31467,77061,1753871893,4568343631,Chigoziem Okonkwo (WAS) moins de 0.5,Chigoziem Okonkwo (WAS) moins de 0.5,1.05,0,False
16498853,WAS Commanders vs. IND Colts,Darius Slayton,1ère mi-temps - Touchdowns de réception du joueur Plus / Moins,31467,77061,1753871744,4568343369,Darius Slayton (IND) Plus de 0.5,Darius Slayton (IND) Plus de 0.5,6.25,0,False
16498853,WAS Commanders vs. IND Colts,Darius Slayton,1ère mi-temps - Touchdowns de réception du joueur Plus / Moins,31467,77061,1753871744,4568343370,Darius Slayton (IND) moins de 0.5,Darius Slayton (IND) moins de 0.5,1.05,0,False
16498853,WAS Commanders vs. IND Colts,Jonathan Taylor,1ère mi-temps - Touchdowns de réception du joueur Plus / Moins,31467,77061,1753871847,4568343548,Jonathan Taylor (IND) Plus de 0.5,Jonathan Taylor (IND) Plus de 0.5,6.25,0,False
16498853,WAS Commanders vs. IND Colts,Jonathan Taylor,1ère mi-temps - Touchdowns de réception du joueur Plus / Moins,31467,77061,1753871847,4568343549,Jonathan Taylor (IND) moins de 0.5,Jonathan Taylor (IND) moins de 0.5,1.05,0,False
16498853,WAS Commanders vs. IND Colts,Antonio Williams,1ère mi-temps - Touchdowns de réception du joueur Plus / Moins,31467,77061,1753872591,4568344846,Antonio Williams (WAS) Plus de 0.5,Antonio Williams (WAS) Plus de 0.5,7.0,0,False
16498853,WAS Commanders vs. IND Colts,Antonio Williams,1ère mi-temps - Touchdowns de réception du joueur Plus / Moins,31467,77061,1753872591,4568344847,Antonio Williams (WAS) moins de 0.5,Antonio Williams (WAS) moins de 0.5,1.0334,0,False
16498853,WAS Commanders vs. IND Colts,Laquon Treadwell,1ère mi-temps - Touchdowns de réception du joueur Plus / Moins,31467,77061,1753871599,4568343113,Laquon Treadwell (IND) Plus de 0.5,Laquon Treadwell (IND) Plus de 0.5,7.75,0,False
16498853,WAS Commanders vs. IND Colts,Laquon Treadwell,1ère mi-temps - Touchdowns de réception du joueur Plus / Moins,31467,77061,1753871599,4568343114,Laquon Treadwell (IND) moins de 0.5,Laquon Treadwell (IND) moins de 0.5,1.02,0,False
16498853,WAS Commanders vs. IND Colts,Treylon Burks,1ère mi-temps - Touchdowns de réception du joueur Plus / Moins,31467,77061,1753872085,4568343960,Treylon Burks (WAS) moins de 0.5,Treylon Burks (WAS) moins de 0.5,1.02,0,False
16498853,WAS Commanders vs. IND Colts,Treylon Burks,1ère mi-temps - Touchdowns de réception du joueur Plus / Moins,31467,77061,1753872085,4568343959,Treylon Burks (WAS) Plus de 0.5,Treylon Burks (WAS) Plus de 0.5,7.75,0,False
16498853,WAS Commanders vs. IND Colts,Austin Ekeler,1ère mi-temps - Touchdowns de réception du joueur Plus / Moins,31467,77061,1758293343,4582694011,Austin Ekeler (WAS) Plus de 0.5,Austin Ekeler (WAS) Plus de 0.5,8.0,0,False
16498853,WAS Commanders vs. IND Colts,Austin Ekeler,1ère mi-temps - Touchdowns de réception du joueur Plus / Moins,31467,77061,1758293343,4582694012,Austin Ekeler (WAS) moins de 0.5,Austin Ekeler (WAS) moins de 0.5,0.0,7,False
16498853,WAS Commanders vs. IND Colts,Andrew Ogletree,1ère mi-temps - Touchdowns de réception du joueur Plus / Moins,31467,77061,1753872427,4568344557,Andrew Ogletree (IND) Plus de 0.5,Andrew Ogletree (IND) Plus de 0.5,8.5,0,False
16498853,WAS Commanders vs. IND Colts,Andrew Ogletree,1ère mi-temps - Touchdowns de réception du joueur Plus / Moins,31467,77061,1753872427,4568344558,Andrew Ogletree (IND) moins de 0.5,Andrew Ogletree (IND) moins de 0.5,0.0,7,False
16498853,WAS Commanders vs. IND Colts,Ben Sinnott,1ère mi-temps - Touchdowns de réception du joueur Plus / Moins,31467,77061,1753872326,4568344384,Ben Sinnott (WAS) moins de 0.5,Ben Sinnott (WAS) moins de 0.5,0.0,7,False
16498853,WAS Commanders vs. IND Colts,Ben Sinnott,1ère mi-temps - Touchdowns de réception du joueur Plus / Moins,31467,77061,1753872326,4568344383,Ben Sinnott (WAS) Plus de 0.5,Ben Sinnott (WAS) Plus de 0.5,8.5,0,False
16498853,WAS Commanders vs. IND Colts,Colson Yankoff,1ère mi-temps - Touchdowns de réception du joueur Plus / Moins,31467,77061,1753871920,4568343675,Colson Yankoff (WAS) Plus de 0.5,Colson Yankoff (WAS) Plus de 0.5,8.5,0,False
16498853,WAS Commanders vs. IND Colts,Colson Yankoff,1ère mi-temps - Touchdowns de réception du joueur Plus / Moins,31467,77061,1753871920,4568343676,Colson Yankoff (WAS) moins de 0.5,Colson Yankoff (WAS) moins de 0.5,0.0,7,False
16498853,WAS Commanders vs. IND Colts,Dyami Brown,1ère mi-temps - Touchdowns de réception du joueur Plus / Moins,31467,77061,1753871947,4568343720,Dyami Brown (WAS) Plus de 0.5,Dyami Brown (WAS) Plus de 0.5,8.5,0,False
16498853,WAS Commanders vs. IND Colts,Dyami Brown,1ère mi-temps - Touchdowns de réception du joueur Plus / Moins,31467,77061,1753871947,4568343721,Dyami Brown (WAS) moins de 0.5,Dyami Brown (WAS) moins de 0.5,0.0,7,False
16498853,WAS Commanders vs. IND Colts,Jacory Merritt,1ère mi-temps - Touchdowns de réception du joueur Plus / Moins,31467,77061,1753872132,4568344041,Jacory Merritt (WAS) Plus de 0.5,Jacory Merritt (WAS) Plus de 0.5,8.5,0,False
16498853,WAS Commanders vs. IND Colts,Jacory Merritt,1ère mi-temps - Touchdowns de réception du joueur Plus / Moins,31467,77061,1753872132,4568344042,Jacory Merritt (WAS) moins de 0.5,Jacory Merritt (WAS) moins de 0.5,0.0,7,False
16498853,WAS Commanders vs. IND Colts,Jaylin Lane,1ère mi-temps - Touchdowns de réception du joueur Plus / Moins,31467,77061,1753872214,4568344187,Jaylin Lane (WAS) Plus de 0.5,Jaylin Lane (WAS) Plus de 0.5,8.5,0,False
16498853,WAS Commanders vs. IND Colts,Jaylin Lane,1ère mi-temps - Touchdowns de réception du joueur Plus / Moins,31467,77061,1753872214,4568344188,Jaylin Lane (WAS) moins de 0.5,Jaylin Lane (WAS) moins de 0.5,0.0,7,False
16498853,WAS Commanders vs. IND Colts,John Bates,1ère mi-temps - Touchdowns de réception du joueur Plus / Moins,31467,77061,1753871804,4568343474,John Bates (WAS) Plus de 0.5,John Bates (WAS) Plus de 0.5,8.5,0,False
16498853,WAS Commanders vs. IND Colts,John Bates,1ère mi-temps - Touchdowns de réception du joueur Plus / Moins,31467,77061,1753871804,4568343475,John Bates (WAS) moins de 0.5,John Bates (WAS) moins de 0.5,0.0,7,False
16498853,WAS Commanders vs. IND Colts,Kaytron Allen,1ère mi-temps - Touchdowns de réception du joueur Plus / Moins,31467,77061,1753872623,4568344900,Kaytron Allen (WAS) Plus de 0.5,Kaytron Allen (WAS) Plus de 0.5,8.5,0,False
16498853,WAS Commanders vs. IND Colts,Kaytron Allen,1ère mi-temps - Touchdowns de réception du joueur Plus / Moins,31467,77061,1753872623,4568344901,Kaytron Allen (WAS) moins de 0.5,Kaytron Allen (WAS) moins de 0.5,0.0,7,False
16498853,WAS Commanders vs. IND Colts,Mo Alie-Cox,1ère mi-temps - Touchdowns de réception du joueur Plus / Moins,31467,77061,1753871572,4568343068,Mo Alie-Cox (IND) Plus de 0.5,Mo Alie-Cox (IND) Plus de 0.5,8.5,0,False
16498853,WAS Commanders vs. IND Colts,Mo Alie-Cox,1ère mi-temps - Touchdowns de réception du joueur Plus / Moins,31467,77061,1753871572,4568343069,Mo Alie-Cox (IND) moins de 0.5,Mo Alie-Cox (IND) moins de 0.5,1.01,0,False
16498853,WAS Commanders vs. IND Colts,Daniel Jones,1ère mi-temps - Total de yards à la passe du joueur Plus/Moins,31458,77052,1754990568,4571787485,Daniel Jones (IND) Plus de 122.5,Daniel Jones (IND) Plus de 122.5,1.8334,0,False
16498853,WAS Commanders vs. IND Colts,Daniel Jones,1ère mi-temps - Total de yards à la passe du joueur Plus/Moins,31458,77052,1754990568,4571787486,Daniel Jones (IND) moins de 122.5,Daniel Jones (IND) moins de 122.5,1.7693,0,False
16498853,WAS Commanders vs. IND Colts,Marcus Mariota,1ère mi-temps - Total de yards à la passe du joueur Plus/Moins,31458,77052,1754720543,4570919006,Marcus Mariota (WAS) Plus de 96.5,Marcus Mariota (WAS) Plus de 96.5,1.7693,0,False
16498853,WAS Commanders vs. IND Colts,Marcus Mariota,1ère mi-temps - Total de yards à la passe du joueur Plus/Moins,31458,77052,1754720543,4570919007,Marcus Mariota (WAS) moins de 96.5,Marcus Mariota (WAS) moins de 96.5,1.8334,0,False
16498853,WAS Commanders vs. IND Colts,Daniel Jones,1ère mi-temps - Total de Touchdowns à la passe du joueur - Plus/Moins,31461,77055,1753871697,4568343284,Daniel Jones (IND) Plus de 0.5,Daniel Jones (IND) Plus de 0.5,1.5264,0,False
16498853,WAS Commanders vs. IND Colts,Daniel Jones,1ère mi-temps - Total de Touchdowns à la passe du joueur - Plus/Moins,31461,77055,1753871697,4568343285,Daniel Jones (IND) moins de 0.5,Daniel Jones (IND) moins de 0.5,2.2,0,False
16498853,WAS Commanders vs. IND Colts,Marcus Mariota,1ère mi-temps - Total de Touchdowns à la passe du joueur - Plus/Moins,31461,77055,1753871487,4568342918,Marcus Mariota (WAS) Plus de 0.5,Marcus Mariota (WAS) Plus de 0.5,1.8334,0,False
16498853,WAS Commanders vs. IND Colts,Marcus Mariota,1ère mi-temps - Total de Touchdowns à la passe du joueur - Plus/Moins,31461,77055,1753871487,4568342919,Marcus Mariota (WAS) moins de 0.5,Marcus Mariota (WAS) moins de 0.5,1.7693,0,False
16498853,WAS Commanders vs. IND Colts,Daniel Jones,1ère mi-temps - Passes réussies du joueur - Plus/Moins,31491,77085,1753871709,4568343308,Daniel Jones (IND) Plus de 11.5,Daniel Jones (IND) Plus de 11.5,1.7693,0,False
16498853,WAS Commanders vs. IND Colts,Daniel Jones,1ère mi-temps - Passes réussies du joueur - Plus/Moins,31491,77085,1753871709,4568343309,Daniel Jones (IND) moins de 11.5,Daniel Jones (IND) moins de 11.5,1.8334,0,False
16498853,WAS Commanders vs. IND Colts,Marcus Mariota,1ère mi-temps - Passes réussies du joueur - Plus/Moins,31491,77085,1754719777,4570910266,Marcus Mariota (WAS) Plus de 8.5,Marcus Mariota (WAS) Plus de 8.5,1.6471,0,False
16498853,WAS Commanders vs. IND Colts,Marcus Mariota,1ère mi-temps - Passes réussies du joueur - Plus/Moins,31491,77085,1754719777,4570910267,Marcus Mariota (WAS) moins de 8.5,Marcus Mariota (WAS) moins de 8.5,2.0,0,False
16498853,WAS Commanders vs. IND Colts,Daniel Jones,1ère mi-temps - Joueur Tentative de passe - Plus/Moins,31479,77073,1754309709,4569741553,Daniel Jones (IND) Plus de 16.5,Daniel Jones (IND) Plus de 16.5,1.7693,0,False
16498853,WAS Commanders vs. IND Colts,Daniel Jones,1ère mi-temps - Joueur Tentative de passe - Plus/Moins,31479,77073,1754309709,4569741554,Daniel Jones (IND) moins de 16.5,Daniel Jones (IND) moins de 16.5,1.8334,0,False
16498853,WAS Commanders vs. IND Colts,Marcus Mariota,1ère mi-temps - Joueur Tentative de passe - Plus/Moins,31479,77073,1754361499,4569867619,Marcus Mariota (WAS) Plus de 14.5,Marcus Mariota (WAS) Plus de 14.5,1.9091,0,False
16498853,WAS Commanders vs. IND Colts,Marcus Mariota,1ère mi-temps - Joueur Tentative de passe - Plus/Moins,31479,77073,1754361499,4569867620,Marcus Mariota (WAS) moins de 14.5,Marcus Mariota (WAS) moins de 14.5,1.7143,0,False
16498853,WAS Commanders vs. IND Colts,Daniel Jones,1ère mi-temps - Interceptions du joueur Plus/Moins,31476,77070,1753871703,4568343296,Daniel Jones (IND) Plus de 0.5,Daniel Jones (IND) Plus de 0.5,3.25,0,False
16498853,WAS Commanders vs. IND Colts,Daniel Jones,1ère mi-temps - Interceptions du joueur Plus/Moins,31476,77070,1753871703,4568343297,Daniel Jones (IND) moins de 0.5,Daniel Jones (IND) moins de 0.5,1.25,0,False
16498853,WAS Commanders vs. IND Colts,Marcus Mariota,1ère mi-temps - Interceptions du joueur Plus/Moins,31476,77070,1753871493,4568342930,Marcus Mariota (WAS) Plus de 0.5,Marcus Mariota (WAS) Plus de 0.5,3.25,0,False
16498853,WAS Commanders vs. IND Colts,Marcus Mariota,1ère mi-temps - Interceptions du joueur Plus/Moins,31476,77070,1753871493,4568342931,Marcus Mariota (WAS) moins de 0.5,Marcus Mariota (WAS) moins de 0.5,1.25,0,False
16498853,WAS Commanders vs. IND Colts,Daniel Jones,Total de Touchdowns à la passe du joueur (Incl. Prolongations),761,71923,1753871686,4568343262,Daniel Jones (IND) Plus de 1.5,Daniel Jones (IND) Plus de 1.5,1.7693,0,False
16498853,WAS Commanders vs. IND Colts,Daniel Jones,Total de Touchdowns à la passe du joueur (Incl. Prolongations),761,71923,1753871686,4568343263,Daniel Jones (IND) moins de 1.5,Daniel Jones (IND) moins de 1.5,1.8696,0,False
16498853,WAS Commanders vs. IND Colts,Marcus Mariota,Total de Touchdowns à la passe du joueur (Incl. Prolongations),761,71923,1753871476,4568342896,Marcus Mariota (WAS) Plus de 1.5,Marcus Mariota (WAS) Plus de 1.5,2.25,0,False
16498853,WAS Commanders vs. IND Colts,Marcus Mariota,Total de Touchdowns à la passe du joueur (Incl. Prolongations),761,71923,1753871476,4568342897,Marcus Mariota (WAS) moins de 1.5,Marcus Mariota (WAS) moins de 1.5,1.5264,0,False
16498853,WAS Commanders vs. IND Colts,Jonathan Taylor,2ème mi-temps - Total de yards à la course du joueur Plus/Moins,31471,77065,1754715706,4570893173,Jonathan Taylor (IND) Plus de 42.5,Jonathan Taylor (IND) Plus de 42.5,1.8334,0,False
16498853,WAS Commanders vs. IND Colts,Jonathan Taylor,2ème mi-temps - Total de yards à la course du joueur Plus/Moins,31471,77065,1754715706,4570893174,Jonathan Taylor (IND) moins de 42.5,Jonathan Taylor (IND) moins de 42.5,1.7693,0,False
16498853,WAS Commanders vs. IND Colts,Jacory Merritt,2ème mi-temps - Total de yards à la course du joueur Plus/Moins,31471,77065,1758297006,4582702436,Jacory Merritt (WAS) Plus de 25.5,Jacory Merritt (WAS) Plus de 25.5,1.7693,0,False
16498853,WAS Commanders vs. IND Colts,Jacory Merritt,2ème mi-temps - Total de yards à la course du joueur Plus/Moins,31471,77065,1758297006,4582702437,Jacory Merritt (WAS) moins de 25.5,Jacory Merritt (WAS) moins de 25.5,1.8334,0,False
16498853,WAS Commanders vs. IND Colts,Marcus Mariota,2ème mi-temps - Total de yards à la course du joueur Plus/Moins,31471,77065,1754720988,4570920045,Marcus Mariota (WAS) Plus de 12.5,Marcus Mariota (WAS) Plus de 12.5,1.7693,0,False
16498853,WAS Commanders vs. IND Colts,Marcus Mariota,2ème mi-temps - Total de yards à la course du joueur Plus/Moins,31471,77065,1754720988,4570920046,Marcus Mariota (WAS) moins de 12.5,Marcus Mariota (WAS) moins de 12.5,1.8334,0,False
16498853,WAS Commanders vs. IND Colts,Daniel Jones,2ème mi-temps - Total de yards à la course du joueur Plus/Moins,31471,77065,1754312127,4569747109,Daniel Jones (IND) Plus de 3.5,Daniel Jones (IND) Plus de 3.5,1.8334,0,False
16498853,WAS Commanders vs. IND Colts,Daniel Jones,2ème mi-temps - Total de yards à la course du joueur Plus/Moins,31471,77065,1754312127,4569747110,Daniel Jones (IND) moins de 3.5,Daniel Jones (IND) moins de 3.5,1.7693,0,False
16498853,WAS Commanders vs. IND Colts,Seth McGowan,2ème mi-temps - Total de yards à la course du joueur Plus/Moins,31471,77065,1758390521,4582947841,Seth McGowan (IND) Plus de 2.5,Seth McGowan (IND) Plus de 2.5,1.7693,0,False
16498853,WAS Commanders vs. IND Colts,Seth McGowan,2ème mi-temps - Total de yards à la course du joueur Plus/Moins,31471,77065,1758390521,4582947842,Seth McGowan (IND) moins de 2.5,Seth McGowan (IND) moins de 2.5,1.8334,0,False
16498853,WAS Commanders vs. IND Colts,Jonathan Taylor,2ème mi-temps - Touchdowns de course du joueur Plus / Moins,31474,77068,1753871861,4568343576,Jonathan Taylor (IND) Plus de 0.5,Jonathan Taylor (IND) Plus de 0.5,2.35,0,False
16498853,WAS Commanders vs. IND Colts,Jonathan Taylor,2ème mi-temps - Touchdowns de course du joueur Plus / Moins,31474,77068,1753871861,4568343577,Jonathan Taylor (IND) moins de 0.5,Jonathan Taylor (IND) moins de 0.5,1.4546,0,False
16498853,WAS Commanders vs. IND Colts,Jacory Merritt,2ème mi-temps - Touchdowns de course du joueur Plus / Moins,31474,77068,1753872146,4568344069,Jacory Merritt (WAS) Plus de 0.5,Jacory Merritt (WAS) Plus de 0.5,3.75,0,False
16498853,WAS Commanders vs. IND Colts,Jacory Merritt,2ème mi-temps - Touchdowns de course du joueur Plus / Moins,31474,77068,1753872146,4568344070,Jacory Merritt (WAS) moins de 0.5,Jacory Merritt (WAS) moins de 0.5,1.1819,0,False
16498853,WAS Commanders vs. IND Colts,Marcus Mariota,2ème mi-temps - Touchdowns de course du joueur Plus / Moins,31474,77068,1753871510,4568342964,Marcus Mariota (WAS) Plus de 0.5,Marcus Mariota (WAS) Plus de 0.5,4.4,0,False
16498853,WAS Commanders vs. IND Colts,Marcus Mariota,2ème mi-temps - Touchdowns de course du joueur Plus / Moins,31474,77068,1753871510,4568342965,Marcus Mariota (WAS) moins de 0.5,Marcus Mariota (WAS) moins de 0.5,1.1334,0,False
16498853,WAS Commanders vs. IND Colts,Daniel Jones,2ème mi-temps - Touchdowns de course du joueur Plus / Moins,31474,77068,1753871720,4568343330,Daniel Jones (IND) Plus de 0.5,Daniel Jones (IND) Plus de 0.5,6.0,0,False
16498853,WAS Commanders vs. IND Colts,Daniel Jones,2ème mi-temps - Touchdowns de course du joueur Plus / Moins,31474,77068,1753871720,4568343331,Daniel Jones (IND) moins de 0.5,Daniel Jones (IND) moins de 0.5,1.0589,0,False
16498853,WAS Commanders vs. IND Colts,Kaytron Allen,2ème mi-temps - Touchdowns de course du joueur Plus / Moins,31474,77068,1753872637,4568344928,Kaytron Allen (WAS) Plus de 0.5,Kaytron Allen (WAS) Plus de 0.5,7.0,0,False
16498853,WAS Commanders vs. IND Colts,Kaytron Allen,2ème mi-temps - Touchdowns de course du joueur Plus / Moins,31474,77068,1753872637,4568344929,Kaytron Allen (WAS) moins de 0.5,Kaytron Allen (WAS) moins de 0.5,1.0334,0,False
16498853,WAS Commanders vs. IND Colts,Austin Ekeler,2ème mi-temps - Touchdowns de course du joueur Plus / Moins,31474,77068,1758293357,4582694040,Austin Ekeler (WAS) moins de 0.5,Austin Ekeler (WAS) moins de 0.5,1.02,0,False
16498853,WAS Commanders vs. IND Colts,Austin Ekeler,2ème mi-temps - Touchdowns de course du joueur Plus / Moins,31474,77068,1758293357,4582694039,Austin Ekeler (WAS) Plus de 0.5,Austin Ekeler (WAS) Plus de 0.5,7.5,0,False
16498853,WAS Commanders vs. IND Colts,Seth McGowan,2ème mi-temps - Touchdowns de course du joueur Plus / Moins,31474,77068,1753872187,4568344142,Seth McGowan (IND) Plus de 0.5,Seth McGowan (IND) Plus de 0.5,8.5,0,False
16498853,WAS Commanders vs. IND Colts,Seth McGowan,2ème mi-temps - Touchdowns de course du joueur Plus / Moins,31474,77068,1753872187,4568344143,Seth McGowan (IND) moins de 0.5,Seth McGowan (IND) moins de 0.5,0.0,7,False
16498853,WAS Commanders vs. IND Colts,Jonathan Taylor,2ème mi-temps - Tentatives de rushing du joueur Plus/Moins,31483,77077,1754315632,4569754979,Jonathan Taylor (IND) Plus de 10.5,Jonathan Taylor (IND) Plus de 10.5,1.7693,0,False
16498853,WAS Commanders vs. IND Colts,Jonathan Taylor,2ème mi-temps - Tentatives de rushing du joueur Plus/Moins,31483,77077,1754315632,4569754980,Jonathan Taylor (IND) moins de 10.5,Jonathan Taylor (IND) moins de 10.5,1.8334,0,False
16498853,WAS Commanders vs. IND Colts,Jacory Merritt,2ème mi-temps - Tentatives de rushing du joueur Plus/Moins,31483,77077,1756708099,4577563134,Jacory Merritt (WAS) Plus de 6.5,Jacory Merritt (WAS) Plus de 6.5,1.7143,0,False
16498853,WAS Commanders vs. IND Colts,Jacory Merritt,2ème mi-temps - Tentatives de rushing du joueur Plus/Moins,31483,77077,1756708099,4577563135,Jacory Merritt (WAS) moins de 6.5,Jacory Merritt (WAS) moins de 6.5,1.9091,0,False
16498853,WAS Commanders vs. IND Colts,Marcus Mariota,2ème mi-temps - Tentatives de rushing du joueur Plus/Moins,31483,77077,1754119146,4569280424,Marcus Mariota (WAS) Plus de 2.5,Marcus Mariota (WAS) Plus de 2.5,1.5556,0,False
16498853,WAS Commanders vs. IND Colts,Marcus Mariota,2ème mi-temps - Tentatives de rushing du joueur Plus/Moins,31483,77077,1754119146,4569280425,Marcus Mariota (WAS) moins de 2.5,Marcus Mariota (WAS) moins de 2.5,2.15,0,False
16498853,WAS Commanders vs. IND Colts,Daniel Jones,2ème mi-temps - Tentatives de rushing du joueur Plus/Moins,31483,77077,1753871723,4568343336,Daniel Jones (IND) Plus de 1.5,Daniel Jones (IND) Plus de 1.5,1.6061,0,False
16498853,WAS Commanders vs. IND Colts,Daniel Jones,2ème mi-temps - Tentatives de rushing du joueur Plus/Moins,31483,77077,1753871723,4568343337,Daniel Jones (IND) moins de 1.5,Daniel Jones (IND) moins de 1.5,2.05,0,False
16498853,WAS Commanders vs. IND Colts,Seth McGowan,2ème mi-temps - Tentatives de rushing du joueur Plus/Moins,31483,77077,1754204936,4569489097,Seth McGowan (IND) Plus de 1.5,Seth McGowan (IND) Plus de 1.5,2.15,0,False
16498853,WAS Commanders vs. IND Colts,Seth McGowan,2ème mi-temps - Tentatives de rushing du joueur Plus/Moins,31483,77077,1754204936,4569489098,Seth McGowan (IND) moins de 1.5,Seth McGowan (IND) moins de 1.5,1.5556,0,False
16498853,WAS Commanders vs. IND Colts,Jonathan Taylor,2ème mi-temps - Yards de course et de réception du joueur Plus / Moins,31489,77083,1754315149,4569753696,Jonathan Taylor (IND) moins de 53.5,Jonathan Taylor (IND) moins de 53.5,1.7693,0,False
16498853,WAS Commanders vs. IND Colts,Jonathan Taylor,2ème mi-temps - Yards de course et de réception du joueur Plus / Moins,31489,77083,1754315149,4569753695,Jonathan Taylor (IND) Plus de 53.5,Jonathan Taylor (IND) Plus de 53.5,1.8334,0,False
16498853,WAS Commanders vs. IND Colts,Jacory Merritt,2ème mi-temps - Yards de course et de réception du joueur Plus / Moins,31489,77083,1756728066,4577614142,Jacory Merritt (WAS) Plus de 28.5,Jacory Merritt (WAS) Plus de 28.5,1.7693,0,False
16498853,WAS Commanders vs. IND Colts,Jacory Merritt,2ème mi-temps - Yards de course et de réception du joueur Plus / Moins,31489,77083,1756728066,4577614143,Jacory Merritt (WAS) moins de 28.5,Jacory Merritt (WAS) moins de 28.5,1.8334,0,False
16498853,WAS Commanders vs. IND Colts,Tyler Warren,2ème mi-temps - Total de réceptions Plus/Moins,31486,77080,1753872357,4568344436,Tyler Warren (IND) Plus de 2.5,Tyler Warren (IND) Plus de 2.5,1.9091,0,False
16498853,WAS Commanders vs. IND Colts,Tyler Warren,2ème mi-temps - Total de réceptions Plus/Moins,31486,77080,1753872357,4568344437,Tyler Warren (IND) moins de 2.5,Tyler Warren (IND) moins de 2.5,1.7143,0,False
16498853,WAS Commanders vs. IND Colts,Josh Downs,2ème mi-temps - Total de réceptions Plus/Moins,31486,77080,1754348112,4569833764,Josh Downs (IND) Plus de 2.5,Josh Downs (IND) Plus de 2.5,2.05,0,False
16498853,WAS Commanders vs. IND Colts,Josh Downs,2ème mi-temps - Total de réceptions Plus/Moins,31486,77080,1754348112,4569833765,Josh Downs (IND) moins de 2.5,Josh Downs (IND) moins de 2.5,1.6061,0,False
16498853,WAS Commanders vs. IND Colts,Stefon Diggs,2ème mi-temps - Total de réceptions Plus/Moins,31486,77080,1754663710,4570760715,Stefon Diggs (WAS) Plus de 2.5,Stefon Diggs (WAS) Plus de 2.5,2.15,0,False
16498853,WAS Commanders vs. IND Colts,Stefon Diggs,2ème mi-temps - Total de réceptions Plus/Moins,31486,77080,1754663710,4570760716,Stefon Diggs (WAS) moins de 2.5,Stefon Diggs (WAS) moins de 2.5,1.5556,0,False
16498853,WAS Commanders vs. IND Colts,Terry McLaurin,2ème mi-temps - Total de réceptions Plus/Moins,31486,77080,1753871636,4568343177,Terry McLaurin (WAS) Plus de 1.5,Terry McLaurin (WAS) Plus de 1.5,1.5,0,False
16498853,WAS Commanders vs. IND Colts,Terry McLaurin,2ème mi-temps - Total de réceptions Plus/Moins,31486,77080,1753871636,4568343178,Terry McLaurin (WAS) moins de 1.5,Terry McLaurin (WAS) moins de 1.5,2.25,0,False
16498853,WAS Commanders vs. IND Colts,Keenan Allen,2ème mi-temps - Total de réceptions Plus/Moins,31486,77080,1753871459,4568342872,Keenan Allen (IND) moins de 1.5,Keenan Allen (IND) moins de 1.5,1.9091,0,False
16498853,WAS Commanders vs. IND Colts,Keenan Allen,2ème mi-temps - Total de réceptions Plus/Moins,31486,77080,1753871459,4568342871,Keenan Allen (IND) Plus de 1.5,Keenan Allen (IND) Plus de 1.5,1.7143,0,False
16498853,WAS Commanders vs. IND Colts,Chigoziem Okonkwo,2ème mi-temps - Total de réceptions Plus/Moins,31486,77080,1753871897,4568343638,Chigoziem Okonkwo (WAS) Plus de 1.5,Chigoziem Okonkwo (WAS) Plus de 1.5,1.9524,0,False
16498853,WAS Commanders vs. IND Colts,Chigoziem Okonkwo,2ème mi-temps - Total de réceptions Plus/Moins,31486,77080,1753871897,4568343639,Chigoziem Okonkwo (WAS) moins de 1.5,Chigoziem Okonkwo (WAS) moins de 1.5,1.6667,0,False
16498853,WAS Commanders vs. IND Colts,Jonathan Taylor,2ème mi-temps - Total de réceptions Plus/Moins,31486,77080,1753871851,4568343556,Jonathan Taylor (IND) Plus de 1.5,Jonathan Taylor (IND) Plus de 1.5,2.15,0,False
16498853,WAS Commanders vs. IND Colts,Jonathan Taylor,2ème mi-temps - Total de réceptions Plus/Moins,31486,77080,1753871851,4568343557,Jonathan Taylor (IND) moins de 1.5,Jonathan Taylor (IND) moins de 1.5,1.5556,0,False
16498853,WAS Commanders vs. IND Colts,Darius Slayton,2ème mi-temps - Total de réceptions Plus/Moins,31486,77080,1754348104,4569833748,Darius Slayton (IND) Plus de 0.5,Darius Slayton (IND) Plus de 0.5,1.8696,0,False
16498853,WAS Commanders vs. IND Colts,Darius Slayton,2ème mi-temps - Total de réceptions Plus/Moins,31486,77080,1754348104,4569833749,Darius Slayton (IND) moins de 0.5,Darius Slayton (IND) moins de 0.5,1.7408,0,False
16498853,WAS Commanders vs. IND Colts,Laquon Treadwell,2ème mi-temps - Total de réceptions Plus/Moins,31486,77080,1753871603,4568343121,Laquon Treadwell (IND) Plus de 0.5,Laquon Treadwell (IND) Plus de 0.5,2.05,0,False
16498853,WAS Commanders vs. IND Colts,Laquon Treadwell,2ème mi-temps - Total de réceptions Plus/Moins,31486,77080,1753871603,4568343122,Laquon Treadwell (IND) moins de 0.5,Laquon Treadwell (IND) moins de 0.5,1.6061,0,False
16498853,WAS Commanders vs. IND Colts,Jacory Merritt,2ème mi-temps - Total de réceptions Plus/Moins,31486,77080,1753872136,4568344049,Jacory Merritt (WAS) Plus de 0.5,Jacory Merritt (WAS) Plus de 0.5,2.2,0,False
16498853,WAS Commanders vs. IND Colts,Jacory Merritt,2ème mi-temps - Total de réceptions Plus/Moins,31486,77080,1753872136,4568344050,Jacory Merritt (WAS) moins de 0.5,Jacory Merritt (WAS) moins de 0.5,1.5264,0,False
16498853,WAS Commanders vs. IND Colts,Josh Downs,2ème mi-temps - Yards reçus par le joueur - Plus/Moins,31465,77059,1754349954,4569837952,Josh Downs (IND) Plus de 25.5,Josh Downs (IND) Plus de 25.5,1.7693,0,False
16498853,WAS Commanders vs. IND Colts,Josh Downs,2ème mi-temps - Yards reçus par le joueur - Plus/Moins,31465,77059,1754349954,4569837953,Josh Downs (IND) moins de 25.5,Josh Downs (IND) moins de 25.5,1.8334,0,False
16498853,WAS Commanders vs. IND Colts,Terry McLaurin,2ème mi-temps - Yards reçus par le joueur - Plus/Moins,31465,77059,1754664322,4570762202,Terry McLaurin (WAS) Plus de 22.5,Terry McLaurin (WAS) Plus de 22.5,1.7693,0,False
16498853,WAS Commanders vs. IND Colts,Terry McLaurin,2ème mi-temps - Yards reçus par le joueur - Plus/Moins,31465,77059,1754664322,4570762203,Terry McLaurin (WAS) moins de 22.5,Terry McLaurin (WAS) moins de 22.5,1.8334,0,False
16498853,WAS Commanders vs. IND Colts,Stefon Diggs,2ème mi-temps - Yards reçus par le joueur - Plus/Moins,31465,77059,1754663709,4570760713,Stefon Diggs (WAS) Plus de 21.5,Stefon Diggs (WAS) Plus de 21.5,1.7693,0,False
16498853,WAS Commanders vs. IND Colts,Stefon Diggs,2ème mi-temps - Yards reçus par le joueur - Plus/Moins,31465,77059,1754663709,4570760714,Stefon Diggs (WAS) moins de 21.5,Stefon Diggs (WAS) moins de 21.5,1.8334,0,False
16498853,WAS Commanders vs. IND Colts,Tyler Warren,2ème mi-temps - Yards reçus par le joueur - Plus/Moins,31465,77059,1754207587,4569495173,Tyler Warren (IND) Plus de 21.5,Tyler Warren (IND) Plus de 21.5,1.8334,0,False
16498853,WAS Commanders vs. IND Colts,Tyler Warren,2ème mi-temps - Yards reçus par le joueur - Plus/Moins,31465,77059,1754207587,4569495174,Tyler Warren (IND) moins de 21.5,Tyler Warren (IND) moins de 21.5,1.7693,0,False
16498853,WAS Commanders vs. IND Colts,Keenan Allen,2ème mi-temps - Yards reçus par le joueur - Plus/Moins,31465,77059,1753871453,4568342859,Keenan Allen (IND) Plus de 15.5,Keenan Allen (IND) Plus de 15.5,1.8334,0,False
16498853,WAS Commanders vs. IND Colts,Keenan Allen,2ème mi-temps - Yards reçus par le joueur - Plus/Moins,31465,77059,1753871453,4568342860,Keenan Allen (IND) moins de 15.5,Keenan Allen (IND) moins de 15.5,1.7693,0,False
16498853,WAS Commanders vs. IND Colts,Chigoziem Okonkwo,2ème mi-temps - Yards reçus par le joueur - Plus/Moins,31465,77059,1754674899,4570788977,Chigoziem Okonkwo (WAS) Plus de 12.5,Chigoziem Okonkwo (WAS) Plus de 12.5,1.8334,0,False
16498853,WAS Commanders vs. IND Colts,Chigoziem Okonkwo,2ème mi-temps - Yards reçus par le joueur - Plus/Moins,31465,77059,1754674899,4570788978,Chigoziem Okonkwo (WAS) moins de 12.5,Chigoziem Okonkwo (WAS) moins de 12.5,1.7693,0,False
16498853,WAS Commanders vs. IND Colts,Jonathan Taylor,2ème mi-temps - Yards reçus par le joueur - Plus/Moins,31465,77059,1754714663,4570889781,Jonathan Taylor (IND) Plus de 6.5,Jonathan Taylor (IND) Plus de 6.5,1.7693,0,False
16498853,WAS Commanders vs. IND Colts,Jonathan Taylor,2ème mi-temps - Yards reçus par le joueur - Plus/Moins,31465,77059,1754714663,4570889782,Jonathan Taylor (IND) moins de 6.5,Jonathan Taylor (IND) moins de 6.5,1.8334,0,False
16498853,WAS Commanders vs. IND Colts,Darius Slayton,2ème mi-temps - Yards reçus par le joueur - Plus/Moins,31465,77059,1754715704,4570893169,Darius Slayton (IND) Plus de 0.5,Darius Slayton (IND) Plus de 0.5,1.9091,0,False
16498853,WAS Commanders vs. IND Colts,Darius Slayton,2ème mi-temps - Yards reçus par le joueur - Plus/Moins,31465,77059,1754715704,4570893170,Darius Slayton (IND) moins de 0.5,Darius Slayton (IND) moins de 0.5,1.7143,0,False
16498853,WAS Commanders vs. IND Colts,Laquon Treadwell,2ème mi-temps - Yards reçus par le joueur - Plus/Moins,31465,77059,1753871597,4568343109,Laquon Treadwell (IND) Plus de 0.5,Laquon Treadwell (IND) Plus de 0.5,2.1,0,False
16498853,WAS Commanders vs. IND Colts,Laquon Treadwell,2ème mi-temps - Yards reçus par le joueur - Plus/Moins,31465,77059,1753871597,4568343110,Laquon Treadwell (IND) moins de 0.5,Laquon Treadwell (IND) moins de 0.5,1.5715,0,False
16498853,WAS Commanders vs. IND Colts,Jacory Merritt,2ème mi-temps - Yards reçus par le joueur - Plus/Moins,31465,77059,1753872130,4568344037,Jacory Merritt (WAS) Plus de 0.5,Jacory Merritt (WAS) Plus de 0.5,2.5,0,False
16498853,WAS Commanders vs. IND Colts,Jacory Merritt,2ème mi-temps - Yards reçus par le joueur - Plus/Moins,31465,77059,1753872130,4568344038,Jacory Merritt (WAS) moins de 0.5,Jacory Merritt (WAS) moins de 0.5,1.4167,0,False
16498853,WAS Commanders vs. IND Colts,Josh Downs,2ème mi-temps - Touchdowns de réception du joueur Plus / Moins,31468,77062,1753872294,4568344329,Josh Downs (IND) Plus de 0.5,Josh Downs (IND) Plus de 0.5,4.4,0,False
16498853,WAS Commanders vs. IND Colts,Josh Downs,2ème mi-temps - Touchdowns de réception du joueur Plus / Moins,31468,77062,1753872294,4568344330,Josh Downs (IND) moins de 0.5,Josh Downs (IND) moins de 0.5,1.1334,0,False
16498853,WAS Commanders vs. IND Colts,Terry McLaurin,2ème mi-temps - Touchdowns de réception du joueur Plus / Moins,31468,77062,1753871633,4568343171,Terry McLaurin (WAS) Plus de 0.5,Terry McLaurin (WAS) Plus de 0.5,4.4,0,False
16498853,WAS Commanders vs. IND Colts,Terry McLaurin,2ème mi-temps - Touchdowns de réception du joueur Plus / Moins,31468,77062,1753871633,4568343172,Terry McLaurin (WAS) moins de 0.5,Terry McLaurin (WAS) moins de 0.5,1.1334,0,False
16498853,WAS Commanders vs. IND Colts,Tyler Warren,2ème mi-temps - Touchdowns de réception du joueur Plus / Moins,31468,77062,1753872354,4568344430,Tyler Warren (IND) Plus de 0.5,Tyler Warren (IND) Plus de 0.5,4.4,0,False
16498853,WAS Commanders vs. IND Colts,Tyler Warren,2ème mi-temps - Touchdowns de réception du joueur Plus / Moins,31468,77062,1753872354,4568344431,Tyler Warren (IND) moins de 0.5,Tyler Warren (IND) moins de 0.5,1.1334,0,False
16498853,WAS Commanders vs. IND Colts,Stefon Diggs,2ème mi-temps - Touchdowns de réception du joueur Plus / Moins,31468,77062,1753871546,4568343025,Stefon Diggs (WAS) Plus de 0.5,Stefon Diggs (WAS) Plus de 0.5,4.5,0,False
16498853,WAS Commanders vs. IND Colts,Stefon Diggs,2ème mi-temps - Touchdowns de réception du joueur Plus / Moins,31468,77062,1753871546,4568343026,Stefon Diggs (WAS) moins de 0.5,Stefon Diggs (WAS) moins de 0.5,1.125,0,False
16498853,WAS Commanders vs. IND Colts,Keenan Allen,2ème mi-temps - Touchdowns de réception du joueur Plus / Moins,31468,77062,1753871456,4568342865,Keenan Allen (IND) Plus de 0.5,Keenan Allen (IND) Plus de 0.5,4.75,0,False
16498853,WAS Commanders vs. IND Colts,Keenan Allen,2ème mi-temps - Touchdowns de réception du joueur Plus / Moins,31468,77062,1753871456,4568342866,Keenan Allen (IND) moins de 0.5,Keenan Allen (IND) moins de 0.5,1.1112,0,False
16498853,WAS Commanders vs. IND Colts,Chigoziem Okonkwo,2ème mi-temps - Touchdowns de réception du joueur Plus / Moins,31468,77062,1753871894,4568343632,Chigoziem Okonkwo (WAS) Plus de 0.5,Chigoziem Okonkwo (WAS) Plus de 0.5,6.0,0,False
16498853,WAS Commanders vs. IND Colts,Chigoziem Okonkwo,2ème mi-temps - Touchdowns de réception du joueur Plus / Moins,31468,77062,1753871894,4568343633,Chigoziem Okonkwo (WAS) moins de 0.5,Chigoziem Okonkwo (WAS) moins de 0.5,1.0625,0,False
16498853,WAS Commanders vs. IND Colts,Antonio Williams,2ème mi-temps - Touchdowns de réception du joueur Plus / Moins,31468,77062,1753872592,4568344848,Antonio Williams (WAS) Plus de 0.5,Antonio Williams (WAS) Plus de 0.5,6.75,0,False
16498853,WAS Commanders vs. IND Colts,Antonio Williams,2ème mi-temps - Touchdowns de réception du joueur Plus / Moins,31468,77062,1753872592,4568344849,Antonio Williams (WAS) moins de 0.5,Antonio Williams (WAS) moins de 0.5,1.04,0,False
16498853,WAS Commanders vs. IND Colts,Darius Slayton,2ème mi-temps - Touchdowns de réception du joueur Plus / Moins,31468,77062,1753871745,4568343371,Darius Slayton (IND) Plus de 0.5,Darius Slayton (IND) Plus de 0.5,6.75,0,False
16498853,WAS Commanders vs. IND Colts,Darius Slayton,2ème mi-temps - Touchdowns de réception du joueur Plus / Moins,31468,77062,1753871745,4568343372,Darius Slayton (IND) moins de 0.5,Darius Slayton (IND) moins de 0.5,1.04,0,False
16498853,WAS Commanders vs. IND Colts,Jonathan Taylor,2ème mi-temps - Touchdowns de réception du joueur Plus / Moins,31468,77062,1753871848,4568343550,Jonathan Taylor (IND) Plus de 0.5,Jonathan Taylor (IND) Plus de 0.5,6.75,0,False
16498853,WAS Commanders vs. IND Colts,Jonathan Taylor,2ème mi-temps - Touchdowns de réception du joueur Plus / Moins,31468,77062,1753871848,4568343551,Jonathan Taylor (IND) moins de 0.5,Jonathan Taylor (IND) moins de 0.5,1.04,0,False
16498853,WAS Commanders vs. IND Colts,Treylon Burks,2ème mi-temps - Touchdowns de réception du joueur Plus / Moins,31468,77062,1753872086,4568343961,Treylon Burks (WAS) Plus de 0.5,Treylon Burks (WAS) Plus de 0.5,7.5,0,False
16498853,WAS Commanders vs. IND Colts,Treylon Burks,2ème mi-temps - Touchdowns de réception du joueur Plus / Moins,31468,77062,1753872086,4568343962,Treylon Burks (WAS) moins de 0.5,Treylon Burks (WAS) moins de 0.5,1.02,0,False
16498853,WAS Commanders vs. IND Colts,Laquon Treadwell,2ème mi-temps - Touchdowns de réception du joueur Plus / Moins,31468,77062,1753871600,4568343115,Laquon Treadwell (IND) Plus de 0.5,Laquon Treadwell (IND) Plus de 0.5,7.75,0,False
16498853,WAS Commanders vs. IND Colts,Laquon Treadwell,2ème mi-temps - Touchdowns de réception du joueur Plus / Moins,31468,77062,1753871600,4568343116,Laquon Treadwell (IND) moins de 0.5,Laquon Treadwell (IND) moins de 0.5,1.02,0,False
16498853,WAS Commanders vs. IND Colts,Andrew Ogletree,2ème mi-temps - Touchdowns de réception du joueur Plus / Moins,31468,77062,1753872428,4568344560,Andrew Ogletree (IND) moins de 0.5,Andrew Ogletree (IND) moins de 0.5,0.0,7,False
16498853,WAS Commanders vs. IND Colts,Andrew Ogletree,2ème mi-temps - Touchdowns de réception du joueur Plus / Moins,31468,77062,1753872428,4568344559,Andrew Ogletree (IND) Plus de 0.5,Andrew Ogletree (IND) Plus de 0.5,8.5,0,False
16498853,WAS Commanders vs. IND Colts,Austin Ekeler,2ème mi-temps - Touchdowns de réception du joueur Plus / Moins,31468,77062,1758293344,4582694013,Austin Ekeler (WAS) Plus de 0.5,Austin Ekeler (WAS) Plus de 0.5,8.5,0,False
16498853,WAS Commanders vs. IND Colts,Austin Ekeler,2ème mi-temps - Touchdowns de réception du joueur Plus / Moins,31468,77062,1758293344,4582694014,Austin Ekeler (WAS) moins de 0.5,Austin Ekeler (WAS) moins de 0.5,1.01,0,False
16498853,WAS Commanders vs. IND Colts,Ben Sinnott,2ème mi-temps - Touchdowns de réception du joueur Plus / Moins,31468,77062,1753872327,4568344385,Ben Sinnott (WAS) Plus de 0.5,Ben Sinnott (WAS) Plus de 0.5,8.5,0,False
16498853,WAS Commanders vs. IND Colts,Ben Sinnott,2ème mi-temps - Touchdowns de réception du joueur Plus / Moins,31468,77062,1753872327,4568344386,Ben Sinnott (WAS) moins de 0.5,Ben Sinnott (WAS) moins de 0.5,0.0,7,False
16498853,WAS Commanders vs. IND Colts,Dyami Brown,2ème mi-temps - Touchdowns de réception du joueur Plus / Moins,31468,77062,1753871948,4568343722,Dyami Brown (WAS) Plus de 0.5,Dyami Brown (WAS) Plus de 0.5,8.5,0,False
16498853,WAS Commanders vs. IND Colts,Dyami Brown,2ème mi-temps - Touchdowns de réception du joueur Plus / Moins,31468,77062,1753871948,4568343723,Dyami Brown (WAS) moins de 0.5,Dyami Brown (WAS) moins de 0.5,1.01,0,False
16498853,WAS Commanders vs. IND Colts,Jacory Merritt,2ème mi-temps - Touchdowns de réception du joueur Plus / Moins,31468,77062,1753872133,4568344043,Jacory Merritt (WAS) Plus de 0.5,Jacory Merritt (WAS) Plus de 0.5,8.5,0,False
16498853,WAS Commanders vs. IND Colts,Jacory Merritt,2ème mi-temps - Touchdowns de réception du joueur Plus / Moins,31468,77062,1753872133,4568344044,Jacory Merritt (WAS) moins de 0.5,Jacory Merritt (WAS) moins de 0.5,0.0,7,False
16498853,WAS Commanders vs. IND Colts,Jaylin Lane,2ème mi-temps - Touchdowns de réception du joueur Plus / Moins,31468,77062,1753872215,4568344189,Jaylin Lane (WAS) Plus de 0.5,Jaylin Lane (WAS) Plus de 0.5,8.5,0,False
16498853,WAS Commanders vs. IND Colts,Jaylin Lane,2ème mi-temps - Touchdowns de réception du joueur Plus / Moins,31468,77062,1753872215,4568344190,Jaylin Lane (WAS) moins de 0.5,Jaylin Lane (WAS) moins de 0.5,0.0,7,False
16498853,WAS Commanders vs. IND Colts,John Bates,2ème mi-temps - Touchdowns de réception du joueur Plus / Moins,31468,77062,1753871805,4568343476,John Bates (WAS) Plus de 0.5,John Bates (WAS) Plus de 0.5,8.5,0,False
16498853,WAS Commanders vs. IND Colts,John Bates,2ème mi-temps - Touchdowns de réception du joueur Plus / Moins,31468,77062,1753871805,4568343477,John Bates (WAS) moins de 0.5,John Bates (WAS) moins de 0.5,0.0,7,False
16498853,WAS Commanders vs. IND Colts,Kaytron Allen,2ème mi-temps - Touchdowns de réception du joueur Plus / Moins,31468,77062,1753872624,4568344902,Kaytron Allen (WAS) Plus de 0.5,Kaytron Allen (WAS) Plus de 0.5,8.5,0,False
16498853,WAS Commanders vs. IND Colts,Kaytron Allen,2ème mi-temps - Touchdowns de réception du joueur Plus / Moins,31468,77062,1753872624,4568344903,Kaytron Allen (WAS) moins de 0.5,Kaytron Allen (WAS) moins de 0.5,0.0,7,False
16498853,WAS Commanders vs. IND Colts,Mo Alie-Cox,2ème mi-temps - Touchdowns de réception du joueur Plus / Moins,31468,77062,1753871573,4568343070,Mo Alie-Cox (IND) Plus de 0.5,Mo Alie-Cox (IND) Plus de 0.5,8.5,0,False
16498853,WAS Commanders vs. IND Colts,Mo Alie-Cox,2ème mi-temps - Touchdowns de réception du joueur Plus / Moins,31468,77062,1753871573,4568343071,Mo Alie-Cox (IND) moins de 0.5,Mo Alie-Cox (IND) moins de 0.5,1.01,0,False
16498853,WAS Commanders vs. IND Colts,Colson Yankoff,2ème mi-temps - Touchdowns de réception du joueur Plus / Moins,31468,77062,1753871921,4568343677,Colson Yankoff (WAS) Plus de 0.5,Colson Yankoff (WAS) Plus de 0.5,9.0,0,False
16498853,WAS Commanders vs. IND Colts,Colson Yankoff,2ème mi-temps - Touchdowns de réception du joueur Plus / Moins,31468,77062,1753871921,4568343678,Colson Yankoff (WAS) moins de 0.5,Colson Yankoff (WAS) moins de 0.5,0.0,7,False
16498853,WAS Commanders vs. IND Colts,Marcus Mariota,2ème mi-temps - Total de yards à la passe du joueur Plus/Moins,31459,77053,1754340976,4569817082,Marcus Mariota (WAS) Plus de 106.5,Marcus Mariota (WAS) Plus de 106.5,1.7693,0,False
16498853,WAS Commanders vs. IND Colts,Marcus Mariota,2ème mi-temps - Total de yards à la passe du joueur Plus/Moins,31459,77053,1754340976,4569817083,Marcus Mariota (WAS) moins de 106.5,Marcus Mariota (WAS) moins de 106.5,1.8334,0,False
16498853,WAS Commanders vs. IND Colts,Daniel Jones,2ème mi-temps - Total de yards à la passe du joueur Plus/Moins,31459,77053,1754315063,4569753513,Daniel Jones (IND) Plus de 103.5,Daniel Jones (IND) Plus de 103.5,1.7693,0,False
16498853,WAS Commanders vs. IND Colts,Daniel Jones,2ème mi-temps - Total de yards à la passe du joueur Plus/Moins,31459,77053,1754315063,4569753514,Daniel Jones (IND) moins de 103.5,Daniel Jones (IND) moins de 103.5,1.8334,0,False
16498853,WAS Commanders vs. IND Colts,Daniel Jones,2ème mi-temps - Total de Touchdowns à la passe du joueur - Plus/Moins,31462,77056,1753871698,4568343286,Daniel Jones (IND) Plus de 0.5,Daniel Jones (IND) Plus de 0.5,1.6471,0,False
16498853,WAS Commanders vs. IND Colts,Daniel Jones,2ème mi-temps - Total de Touchdowns à la passe du joueur - Plus/Moins,31462,77056,1753871698,4568343287,Daniel Jones (IND) moins de 0.5,Daniel Jones (IND) moins de 0.5,2.0,0,False
16498853,WAS Commanders vs. IND Colts,Marcus Mariota,2ème mi-temps - Total de Touchdowns à la passe du joueur - Plus/Moins,31462,77056,1753871488,4568342920,Marcus Mariota (WAS) Plus de 0.5,Marcus Mariota (WAS) Plus de 0.5,1.6667,0,False
16498853,WAS Commanders vs. IND Colts,Marcus Mariota,2ème mi-temps - Total de Touchdowns à la passe du joueur - Plus/Moins,31462,77056,1753871488,4568342921,Marcus Mariota (WAS) moins de 0.5,Marcus Mariota (WAS) moins de 0.5,1.9524,0,False
16498853,WAS Commanders vs. IND Colts,Marcus Mariota,2ème mi-temps - Joueur Tentative de passe - Plus/Moins,31480,77074,1754119145,4569280422,Marcus Mariota (WAS) Plus de 15.5,Marcus Mariota (WAS) Plus de 15.5,1.8334,0,False
16498853,WAS Commanders vs. IND Colts,Marcus Mariota,2ème mi-temps - Joueur Tentative de passe - Plus/Moins,31480,77074,1754119145,4569280423,Marcus Mariota (WAS) moins de 15.5,Marcus Mariota (WAS) moins de 15.5,1.7693,0,False
16498853,WAS Commanders vs. IND Colts,Daniel Jones,2ème mi-temps - Joueur Tentative de passe - Plus/Moins,31480,77074,1754311862,4569746558,Daniel Jones (IND) Plus de 14.5,Daniel Jones (IND) Plus de 14.5,1.9091,0,False
16498853,WAS Commanders vs. IND Colts,Daniel Jones,2ème mi-temps - Joueur Tentative de passe - Plus/Moins,31480,77074,1754311862,4569746559,Daniel Jones (IND) moins de 14.5,Daniel Jones (IND) moins de 14.5,1.7143,0,False
16498853,WAS Commanders vs. IND Colts,Marcus Mariota,2ème mi-temps - Interceptions du joueur Plus/Moins,31477,77071,1753871494,4568342932,Marcus Mariota (WAS) Plus de 0.5,Marcus Mariota (WAS) Plus de 0.5,2.8,0,False
16498853,WAS Commanders vs. IND Colts,Marcus Mariota,2ème mi-temps - Interceptions du joueur Plus/Moins,31477,77071,1753871494,4568342933,Marcus Mariota (WAS) moins de 0.5,Marcus Mariota (WAS) moins de 0.5,1.3334,0,False
16498853,WAS Commanders vs. IND Colts,Daniel Jones,2ème mi-temps - Interceptions du joueur Plus/Moins,31477,77071,1753871704,4568343298,Daniel Jones (IND) Plus de 0.5,Daniel Jones (IND) Plus de 0.5,3.5,0,False
16498853,WAS Commanders vs. IND Colts,Daniel Jones,2ème mi-temps - Interceptions du joueur Plus/Moins,31477,77071,1753871704,4568343299,Daniel Jones (IND) moins de 0.5,Daniel Jones (IND) moins de 0.5,1.2106,0,False
16498853,WAS Commanders vs. IND Colts,Daniel Jones,2ème mi-temps - Passes réussies du joueur - Plus/Moins,31492,77086,1754309711,4569741557,Daniel Jones (IND) Plus de 9.5,Daniel Jones (IND) Plus de 9.5,1.7408,0,False
16498853,WAS Commanders vs. IND Colts,Daniel Jones,2ème mi-temps - Passes réussies du joueur - Plus/Moins,31492,77086,1754309711,4569741558,Daniel Jones (IND) moins de 9.5,Daniel Jones (IND) moins de 9.5,1.8696,0,False
16498853,WAS Commanders vs. IND Colts,Marcus Mariota,2ème mi-temps - Passes réussies du joueur - Plus/Moins,31492,77086,1753871500,4568342944,Marcus Mariota (WAS) Plus de 9.5,Marcus Mariota (WAS) Plus de 9.5,1.7693,0,False
16498853,WAS Commanders vs. IND Colts,Marcus Mariota,2ème mi-temps - Passes réussies du joueur - Plus/Moins,31492,77086,1753871500,4568342945,Marcus Mariota (WAS) moins de 9.5,Marcus Mariota (WAS) moins de 9.5,1.8334,0,False
16498853,WAS Commanders vs. IND Colts,Jonathan Taylor,Premier quart-temps - Total de yards à la course du joueur Plus/Moins,31472,77066,1754714665,4570889785,Jonathan Taylor (IND) Plus de 20.5,Jonathan Taylor (IND) Plus de 20.5,1.8,0,False
16498853,WAS Commanders vs. IND Colts,Jonathan Taylor,Premier quart-temps - Total de yards à la course du joueur Plus/Moins,31472,77066,1754714665,4570889786,Jonathan Taylor (IND) moins de 20.5,Jonathan Taylor (IND) moins de 20.5,1.8,0,False
16498853,WAS Commanders vs. IND Colts,Jacory Merritt,Premier quart-temps - Total de yards à la course du joueur Plus/Moins,31472,77066,1758296190,4582700536,Jacory Merritt (WAS) moins de 14.5,Jacory Merritt (WAS) moins de 14.5,1.7693,0,False
16498853,WAS Commanders vs. IND Colts,Jacory Merritt,Premier quart-temps - Total de yards à la course du joueur Plus/Moins,31472,77066,1758296190,4582700535,Jacory Merritt (WAS) Plus de 14.5,Jacory Merritt (WAS) Plus de 14.5,1.8334,0,False
16498853,WAS Commanders vs. IND Colts,Marcus Mariota,Premier quart-temps - Total de yards à la course du joueur Plus/Moins,31472,77066,1753871508,4568342960,Marcus Mariota (WAS) Plus de 1.5,Marcus Mariota (WAS) Plus de 1.5,1.7693,0,False
16498853,WAS Commanders vs. IND Colts,Marcus Mariota,Premier quart-temps - Total de yards à la course du joueur Plus/Moins,31472,77066,1753871508,4568342961,Marcus Mariota (WAS) moins de 1.5,Marcus Mariota (WAS) moins de 1.5,1.8334,0,False
16498853,WAS Commanders vs. IND Colts,Daniel Jones,Premier quart-temps - Total de yards à la course du joueur Plus/Moins,31472,77066,1753871718,4568343326,Daniel Jones (IND) Plus de 0.5,Daniel Jones (IND) Plus de 0.5,2.2,0,False
16498853,WAS Commanders vs. IND Colts,Daniel Jones,Premier quart-temps - Total de yards à la course du joueur Plus/Moins,31472,77066,1753871718,4568343327,Daniel Jones (IND) moins de 0.5,Daniel Jones (IND) moins de 0.5,1.5264,0,False
16498853,WAS Commanders vs. IND Colts,Seth McGowan,Premier quart-temps - Total de yards à la course du joueur Plus/Moins,31472,77066,1753872185,4568344138,Seth McGowan (IND) Plus de 0.5,Seth McGowan (IND) Plus de 0.5,2.4,0,False
16498853,WAS Commanders vs. IND Colts,Seth McGowan,Premier quart-temps - Total de yards à la course du joueur Plus/Moins,31472,77066,1753872185,4568344139,Seth McGowan (IND) moins de 0.5,Seth McGowan (IND) moins de 0.5,1.4445,0,False
16498853,WAS Commanders vs. IND Colts,Jonathan Taylor,Premier quart-temps - Touchdowns de course du joueur Plus / Moins,31475,77069,1753871862,4568343578,Jonathan Taylor (IND) Plus de 0.5,Jonathan Taylor (IND) Plus de 0.5,3.75,0,False
16498853,WAS Commanders vs. IND Colts,Jonathan Taylor,Premier quart-temps - Touchdowns de course du joueur Plus / Moins,31475,77069,1753871862,4568343579,Jonathan Taylor (IND) moins de 0.5,Jonathan Taylor (IND) moins de 0.5,1.1819,0,False
16498853,WAS Commanders vs. IND Colts,Jacory Merritt,Premier quart-temps - Touchdowns de course du joueur Plus / Moins,31475,77069,1753872147,4568344072,Jacory Merritt (WAS) moins de 0.5,Jacory Merritt (WAS) moins de 0.5,1.0625,0,False
16498853,WAS Commanders vs. IND Colts,Jacory Merritt,Premier quart-temps - Touchdowns de course du joueur Plus / Moins,31475,77069,1753872147,4568344071,Jacory Merritt (WAS) Plus de 0.5,Jacory Merritt (WAS) Plus de 0.5,6.0,0,False
16498853,WAS Commanders vs. IND Colts,Daniel Jones,Premier quart-temps - Touchdowns de course du joueur Plus / Moins,31475,77069,1753871721,4568343332,Daniel Jones (IND) Plus de 0.5,Daniel Jones (IND) Plus de 0.5,7.75,0,False
16498853,WAS Commanders vs. IND Colts,Daniel Jones,Premier quart-temps - Touchdowns de course du joueur Plus / Moins,31475,77069,1753871721,4568343333,Daniel Jones (IND) moins de 0.5,Daniel Jones (IND) moins de 0.5,1.02,0,False
16498853,WAS Commanders vs. IND Colts,Marcus Mariota,Premier quart-temps - Touchdowns de course du joueur Plus / Moins,31475,77069,1753871511,4568342966,Marcus Mariota (WAS) Plus de 0.5,Marcus Mariota (WAS) Plus de 0.5,7.75,0,False
16498853,WAS Commanders vs. IND Colts,Marcus Mariota,Premier quart-temps - Touchdowns de course du joueur Plus / Moins,31475,77069,1753871511,4568342967,Marcus Mariota (WAS) moins de 0.5,Marcus Mariota (WAS) moins de 0.5,1.02,0,False
16498853,WAS Commanders vs. IND Colts,Austin Ekeler,Premier quart-temps - Touchdowns de course du joueur Plus / Moins,31475,77069,1758293358,4582694041,Austin Ekeler (WAS) Plus de 0.5,Austin Ekeler (WAS) Plus de 0.5,8.5,0,False
16498853,WAS Commanders vs. IND Colts,Austin Ekeler,Premier quart-temps - Touchdowns de course du joueur Plus / Moins,31475,77069,1758293358,4582694042,Austin Ekeler (WAS) moins de 0.5,Austin Ekeler (WAS) moins de 0.5,0.0,7,False
16498853,WAS Commanders vs. IND Colts,Kaytron Allen,Premier quart-temps - Touchdowns de course du joueur Plus / Moins,31475,77069,1753872638,4568344930,Kaytron Allen (WAS) Plus de 0.5,Kaytron Allen (WAS) Plus de 0.5,8.5,0,False
16498853,WAS Commanders vs. IND Colts,Kaytron Allen,Premier quart-temps - Touchdowns de course du joueur Plus / Moins,31475,77069,1753872638,4568344931,Kaytron Allen (WAS) moins de 0.5,Kaytron Allen (WAS) moins de 0.5,0.0,7,False
16498853,WAS Commanders vs. IND Colts,Seth McGowan,Premier quart-temps - Touchdowns de course du joueur Plus / Moins,31475,77069,1753872188,4568344144,Seth McGowan (IND) Plus de 0.5,Seth McGowan (IND) Plus de 0.5,9.0,0,False
16498853,WAS Commanders vs. IND Colts,Seth McGowan,Premier quart-temps - Touchdowns de course du joueur Plus / Moins,31475,77069,1753872188,4568344145,Seth McGowan (IND) moins de 0.5,Seth McGowan (IND) moins de 0.5,0.0,7,False
16498853,WAS Commanders vs. IND Colts,Jonathan Taylor,Premier quart-temps - Tentatives de rushing du joueur Plus/Moins,31484,77078,1754314551,4569752338,Jonathan Taylor (IND) Plus de 5.5,Jonathan Taylor (IND) Plus de 5.5,2.05,0,False
16498853,WAS Commanders vs. IND Colts,Jonathan Taylor,Premier quart-temps - Tentatives de rushing du joueur Plus/Moins,31484,77078,1754314551,4569752339,Jonathan Taylor (IND) moins de 5.5,Jonathan Taylor (IND) moins de 5.5,1.6061,0,False
16498853,WAS Commanders vs. IND Colts,Jacory Merritt,Premier quart-temps - Tentatives de rushing du joueur Plus/Moins,31484,77078,1754719786,4570910284,Jacory Merritt (WAS) Plus de 3.5,Jacory Merritt (WAS) Plus de 3.5,1.5556,0,False
16498853,WAS Commanders vs. IND Colts,Jacory Merritt,Premier quart-temps - Tentatives de rushing du joueur Plus/Moins,31484,77078,1754719786,4570910285,Jacory Merritt (WAS) moins de 3.5,Jacory Merritt (WAS) moins de 3.5,2.15,0,False
16498853,WAS Commanders vs. IND Colts,Marcus Mariota,Premier quart-temps - Tentatives de rushing du joueur Plus/Moins,31484,77078,1753871514,4568342972,Marcus Mariota (WAS) Plus de 0.5,Marcus Mariota (WAS) Plus de 0.5,1.5264,0,False
16498853,WAS Commanders vs. IND Colts,Marcus Mariota,Premier quart-temps - Tentatives de rushing du joueur Plus/Moins,31484,77078,1753871514,4568342973,Marcus Mariota (WAS) moins de 0.5,Marcus Mariota (WAS) moins de 0.5,2.2,0,False
16498853,WAS Commanders vs. IND Colts,Daniel Jones,Premier quart-temps - Tentatives de rushing du joueur Plus/Moins,31484,77078,1753871724,4568343338,Daniel Jones (IND) Plus de 0.5,Daniel Jones (IND) Plus de 0.5,2.0,0,False
16498853,WAS Commanders vs. IND Colts,Daniel Jones,Premier quart-temps - Tentatives de rushing du joueur Plus/Moins,31484,77078,1753871724,4568343339,Daniel Jones (IND) moins de 0.5,Daniel Jones (IND) moins de 0.5,1.6471,0,False
16498853,WAS Commanders vs. IND Colts,Seth McGowan,Premier quart-temps - Tentatives de rushing du joueur Plus/Moins,31484,77078,1753872191,4568344150,Seth McGowan (IND) Plus de 0.5,Seth McGowan (IND) Plus de 0.5,2.05,0,False
16498853,WAS Commanders vs. IND Colts,Seth McGowan,Premier quart-temps - Tentatives de rushing du joueur Plus/Moins,31484,77078,1753872191,4568344151,Seth McGowan (IND) moins de 0.5,Seth McGowan (IND) moins de 0.5,1.6061,0,False
16498853,WAS Commanders vs. IND Colts,Jonathan Taylor,Premier quart-temps - Yards de course et de réception du joueur Plus / Moins,31490,77084,1754315866,4569755539,Jonathan Taylor (IND) Plus de 25.5,Jonathan Taylor (IND) Plus de 25.5,1.8334,0,False
16498853,WAS Commanders vs. IND Colts,Jonathan Taylor,Premier quart-temps - Yards de course et de réception du joueur Plus / Moins,31490,77084,1754315866,4569755540,Jonathan Taylor (IND) moins de 25.5,Jonathan Taylor (IND) moins de 25.5,1.7693,0,False
16498853,WAS Commanders vs. IND Colts,Jacory Merritt,Premier quart-temps - Yards de course et de réception du joueur Plus / Moins,31490,77084,1754732642,4570949450,Jacory Merritt (WAS) Plus de 15.5,Jacory Merritt (WAS) Plus de 15.5,1.7693,0,False
16498853,WAS Commanders vs. IND Colts,Jacory Merritt,Premier quart-temps - Yards de course et de réception du joueur Plus / Moins,31490,77084,1754732642,4570949451,Jacory Merritt (WAS) moins de 15.5,Jacory Merritt (WAS) moins de 15.5,1.8334,0,False
16498853,WAS Commanders vs. IND Colts,Josh Downs,Premier quart-temps - Total de réceptions Plus/Moins,31487,77081,1754348113,4569833766,Josh Downs (IND) Plus de 1.5,Josh Downs (IND) Plus de 1.5,2.3,0,False
16498853,WAS Commanders vs. IND Colts,Josh Downs,Premier quart-temps - Total de réceptions Plus/Moins,31487,77081,1754348113,4569833767,Josh Downs (IND) moins de 1.5,Josh Downs (IND) moins de 1.5,1.4762,0,False
16498853,WAS Commanders vs. IND Colts,Tyler Warren,Premier quart-temps - Total de réceptions Plus/Moins,31487,77081,1753872358,4568344438,Tyler Warren (IND) Plus de 1.5,Tyler Warren (IND) Plus de 1.5,2.3,0,False
16498853,WAS Commanders vs. IND Colts,Tyler Warren,Premier quart-temps - Total de réceptions Plus/Moins,31487,77081,1753872358,4568344439,Tyler Warren (IND) moins de 1.5,Tyler Warren (IND) moins de 1.5,1.4762,0,False
16498853,WAS Commanders vs. IND Colts,Keenan Allen,Premier quart-temps - Total de réceptions Plus/Moins,31487,77081,1753871460,4568342873,Keenan Allen (IND) Plus de 0.5,Keenan Allen (IND) Plus de 0.5,1.5556,0,False
16498853,WAS Commanders vs. IND Colts,Keenan Allen,Premier quart-temps - Total de réceptions Plus/Moins,31487,77081,1753871460,4568342874,Keenan Allen (IND) moins de 0.5,Keenan Allen (IND) moins de 0.5,2.15,0,False
16498853,WAS Commanders vs. IND Colts,Stefon Diggs,Premier quart-temps - Total de réceptions Plus/Moins,31487,77081,1753871550,4568343033,Stefon Diggs (WAS) Plus de 0.5,Stefon Diggs (WAS) Plus de 0.5,1.5556,0,False
16498853,WAS Commanders vs. IND Colts,Stefon Diggs,Premier quart-temps - Total de réceptions Plus/Moins,31487,77081,1753871550,4568343034,Stefon Diggs (WAS) moins de 0.5,Stefon Diggs (WAS) moins de 0.5,2.15,0,False
16498853,WAS Commanders vs. IND Colts,Terry McLaurin,Premier quart-temps - Total de réceptions Plus/Moins,31487,77081,1753871637,4568343179,Terry McLaurin (WAS) Plus de 0.5,Terry McLaurin (WAS) Plus de 0.5,1.6061,0,False
16498853,WAS Commanders vs. IND Colts,Terry McLaurin,Premier quart-temps - Total de réceptions Plus/Moins,31487,77081,1753871637,4568343180,Terry McLaurin (WAS) moins de 0.5,Terry McLaurin (WAS) moins de 0.5,2.05,0,False
16498853,WAS Commanders vs. IND Colts,Jonathan Taylor,Premier quart-temps - Total de réceptions Plus/Moins,31487,77081,1753871852,4568343558,Jonathan Taylor (IND) Plus de 0.5,Jonathan Taylor (IND) Plus de 0.5,1.7693,0,False
16498853,WAS Commanders vs. IND Colts,Jonathan Taylor,Premier quart-temps - Total de réceptions Plus/Moins,31487,77081,1753871852,4568343559,Jonathan Taylor (IND) moins de 0.5,Jonathan Taylor (IND) moins de 0.5,1.8334,0,False
16498853,WAS Commanders vs. IND Colts,Chigoziem Okonkwo,Premier quart-temps - Total de réceptions Plus/Moins,31487,77081,1753871898,4568343640,Chigoziem Okonkwo (WAS) Plus de 0.5,Chigoziem Okonkwo (WAS) Plus de 0.5,2.05,0,False
16498853,WAS Commanders vs. IND Colts,Chigoziem Okonkwo,Premier quart-temps - Total de réceptions Plus/Moins,31487,77081,1753871898,4568343641,Chigoziem Okonkwo (WAS) moins de 0.5,Chigoziem Okonkwo (WAS) moins de 0.5,1.6061,0,False
16498853,WAS Commanders vs. IND Colts,Darius Slayton,Premier quart-temps - Total de réceptions Plus/Moins,31487,77081,1753871749,4568343379,Darius Slayton (IND) Plus de 0.5,Darius Slayton (IND) Plus de 0.5,3.0,0,False
16498853,WAS Commanders vs. IND Colts,Darius Slayton,Premier quart-temps - Total de réceptions Plus/Moins,31487,77081,1753871749,4568343380,Darius Slayton (IND) moins de 0.5,Darius Slayton (IND) moins de 0.5,1.2858,0,False
16498853,WAS Commanders vs. IND Colts,Laquon Treadwell,Premier quart-temps - Total de réceptions Plus/Moins,31487,77081,1753871604,4568343123,Laquon Treadwell (IND) Plus de 0.5,Laquon Treadwell (IND) Plus de 0.5,3.2,0,False
16498853,WAS Commanders vs. IND Colts,Laquon Treadwell,Premier quart-temps - Total de réceptions Plus/Moins,31487,77081,1753871604,4568343124,Laquon Treadwell (IND) moins de 0.5,Laquon Treadwell (IND) moins de 0.5,1.25,0,False
16498853,WAS Commanders vs. IND Colts,Jacory Merritt,Premier quart-temps - Total de réceptions Plus/Moins,31487,77081,1753872137,4568344051,Jacory Merritt (WAS) Plus de 0.5,Jacory Merritt (WAS) Plus de 0.5,3.6,0,False
16498853,WAS Commanders vs. IND Colts,Jacory Merritt,Premier quart-temps - Total de réceptions Plus/Moins,31487,77081,1753872137,4568344052,Jacory Merritt (WAS) moins de 0.5,Jacory Merritt (WAS) moins de 0.5,1.2,0,False
16498853,WAS Commanders vs. IND Colts,Josh Downs,Premier quart-temps - Yards reçus par le joueur - Plus/Moins,31466,77060,1754716111,4570894184,Josh Downs (IND) Plus de 11.5,Josh Downs (IND) Plus de 11.5,1.8334,0,False
16498853,WAS Commanders vs. IND Colts,Josh Downs,Premier quart-temps - Yards reçus par le joueur - Plus/Moins,31466,77060,1754716111,4570894185,Josh Downs (IND) moins de 11.5,Josh Downs (IND) moins de 11.5,1.7693,0,False
16498853,WAS Commanders vs. IND Colts,Tyler Warren,Premier quart-temps - Yards reçus par le joueur - Plus/Moins,31466,77060,1753872352,4568344426,Tyler Warren (IND) Plus de 8.5,Tyler Warren (IND) Plus de 8.5,1.7693,0,False
16498853,WAS Commanders vs. IND Colts,Tyler Warren,Premier quart-temps - Yards reçus par le joueur - Plus/Moins,31466,77060,1753872352,4568344427,Tyler Warren (IND) moins de 8.5,Tyler Warren (IND) moins de 8.5,1.8334,0,False
16498853,WAS Commanders vs. IND Colts,Keenan Allen,Premier quart-temps - Yards reçus par le joueur - Plus/Moins,31466,77060,1754207526,4569495064,Keenan Allen (IND) moins de 5.5,Keenan Allen (IND) moins de 5.5,1.7693,0,False
16498853,WAS Commanders vs. IND Colts,Keenan Allen,Premier quart-temps - Yards reçus par le joueur - Plus/Moins,31466,77060,1754207526,4569495063,Keenan Allen (IND) Plus de 5.5,Keenan Allen (IND) Plus de 5.5,1.8334,0,False
16498853,WAS Commanders vs. IND Colts,Stefon Diggs,Premier quart-temps - Yards reçus par le joueur - Plus/Moins,31466,77060,1754168377,4569400658,Stefon Diggs (WAS) Plus de 5.5,Stefon Diggs (WAS) Plus de 5.5,1.8334,0,False
16498853,WAS Commanders vs. IND Colts,Stefon Diggs,Premier quart-temps - Yards reçus par le joueur - Plus/Moins,31466,77060,1754168377,4569400659,Stefon Diggs (WAS) moins de 5.5,Stefon Diggs (WAS) moins de 5.5,1.7693,0,False
16498853,WAS Commanders vs. IND Colts,Terry McLaurin,Premier quart-temps - Yards reçus par le joueur - Plus/Moins,31466,77060,1754168378,4569400660,Terry McLaurin (WAS) Plus de 5.5,Terry McLaurin (WAS) Plus de 5.5,1.8334,0,False
16498853,WAS Commanders vs. IND Colts,Terry McLaurin,Premier quart-temps - Yards reçus par le joueur - Plus/Moins,31466,77060,1754168378,4569400661,Terry McLaurin (WAS) moins de 5.5,Terry McLaurin (WAS) moins de 5.5,1.7693,0,False
16498853,WAS Commanders vs. IND Colts,Jonathan Taylor,Premier quart-temps - Yards reçus par le joueur - Plus/Moins,31466,77060,1753871846,4568343546,Jonathan Taylor (IND) Plus de 0.5,Jonathan Taylor (IND) Plus de 0.5,1.9524,0,False
16498853,WAS Commanders vs. IND Colts,Jonathan Taylor,Premier quart-temps - Yards reçus par le joueur - Plus/Moins,31466,77060,1753871846,4568343547,Jonathan Taylor (IND) moins de 0.5,Jonathan Taylor (IND) moins de 0.5,1.6667,0,False
16498853,WAS Commanders vs. IND Colts,Chigoziem Okonkwo,Premier quart-temps - Yards reçus par le joueur - Plus/Moins,31466,77060,1753871892,4568343628,Chigoziem Okonkwo (WAS) Plus de 0.5,Chigoziem Okonkwo (WAS) Plus de 0.5,2.1,0,False
16498853,WAS Commanders vs. IND Colts,Chigoziem Okonkwo,Premier quart-temps - Yards reçus par le joueur - Plus/Moins,31466,77060,1753871892,4568343629,Chigoziem Okonkwo (WAS) moins de 0.5,Chigoziem Okonkwo (WAS) moins de 0.5,1.5715,0,False
16498853,WAS Commanders vs. IND Colts,Darius Slayton,Premier quart-temps - Yards reçus par le joueur - Plus/Moins,31466,77060,1753871743,4568343368,Darius Slayton (IND) moins de 0.5,Darius Slayton (IND) moins de 0.5,1.2858,0,False
16498853,WAS Commanders vs. IND Colts,Darius Slayton,Premier quart-temps - Yards reçus par le joueur - Plus/Moins,31466,77060,1753871743,4568343367,Darius Slayton (IND) Plus de 0.5,Darius Slayton (IND) Plus de 0.5,3.0,0,False
16498853,WAS Commanders vs. IND Colts,Laquon Treadwell,Premier quart-temps - Yards reçus par le joueur - Plus/Moins,31466,77060,1753871598,4568343112,Laquon Treadwell (IND) moins de 0.5,Laquon Treadwell (IND) moins de 0.5,1.25,0,False
16498853,WAS Commanders vs. IND Colts,Laquon Treadwell,Premier quart-temps - Yards reçus par le joueur - Plus/Moins,31466,77060,1753871598,4568343111,Laquon Treadwell (IND) Plus de 0.5,Laquon Treadwell (IND) Plus de 0.5,3.25,0,False
16498853,WAS Commanders vs. IND Colts,Jacory Merritt,Premier quart-temps - Yards reçus par le joueur - Plus/Moins,31466,77060,1753872131,4568344040,Jacory Merritt (WAS) moins de 0.5,Jacory Merritt (WAS) moins de 0.5,1.1667,0,False
16498853,WAS Commanders vs. IND Colts,Jacory Merritt,Premier quart-temps - Yards reçus par le joueur - Plus/Moins,31466,77060,1753872131,4568344039,Jacory Merritt (WAS) Plus de 0.5,Jacory Merritt (WAS) Plus de 0.5,4.0,0,False
16498853,WAS Commanders vs. IND Colts,Josh Downs,Premier quart-temps - Touchdowns de réception du joueur Plus / Moins,31469,77063,1753872295,4568344331,Josh Downs (IND) Plus de 0.5,Josh Downs (IND) Plus de 0.5,6.25,0,False
16498853,WAS Commanders vs. IND Colts,Josh Downs,Premier quart-temps - Touchdowns de réception du joueur Plus / Moins,31469,77063,1753872295,4568344332,Josh Downs (IND) moins de 0.5,Josh Downs (IND) moins de 0.5,1.05,0,False
16498853,WAS Commanders vs. IND Colts,Tyler Warren,Premier quart-temps - Touchdowns de réception du joueur Plus / Moins,31469,77063,1753872355,4568344432,Tyler Warren (IND) Plus de 0.5,Tyler Warren (IND) Plus de 0.5,6.75,0,False
16498853,WAS Commanders vs. IND Colts,Tyler Warren,Premier quart-temps - Touchdowns de réception du joueur Plus / Moins,31469,77063,1753872355,4568344433,Tyler Warren (IND) moins de 0.5,Tyler Warren (IND) moins de 0.5,1.04,0,False
16498853,WAS Commanders vs. IND Colts,Keenan Allen,Premier quart-temps - Touchdowns de réception du joueur Plus / Moins,31469,77063,1753871457,4568342867,Keenan Allen (IND) Plus de 0.5,Keenan Allen (IND) Plus de 0.5,7.0,0,False
16498853,WAS Commanders vs. IND Colts,Keenan Allen,Premier quart-temps - Touchdowns de réception du joueur Plus / Moins,31469,77063,1753871457,4568342868,Keenan Allen (IND) moins de 0.5,Keenan Allen (IND) moins de 0.5,1.0334,0,False
16498853,WAS Commanders vs. IND Colts,Terry McLaurin,Premier quart-temps - Touchdowns de réception du joueur Plus / Moins,31469,77063,1753871634,4568343173,Terry McLaurin (WAS) Plus de 0.5,Terry McLaurin (WAS) Plus de 0.5,7.5,0,False
16498853,WAS Commanders vs. IND Colts,Terry McLaurin,Premier quart-temps - Touchdowns de réception du joueur Plus / Moins,31469,77063,1753871634,4568343174,Terry McLaurin (WAS) moins de 0.5,Terry McLaurin (WAS) moins de 0.5,1.02,0,False
16498853,WAS Commanders vs. IND Colts,Stefon Diggs,Premier quart-temps - Touchdowns de réception du joueur Plus / Moins,31469,77063,1753871547,4568343027,Stefon Diggs (WAS) Plus de 0.5,Stefon Diggs (WAS) Plus de 0.5,7.75,0,False
16498853,WAS Commanders vs. IND Colts,Stefon Diggs,Premier quart-temps - Touchdowns de réception du joueur Plus / Moins,31469,77063,1753871547,4568343028,Stefon Diggs (WAS) moins de 0.5,Stefon Diggs (WAS) moins de 0.5,1.02,0,False
16498853,WAS Commanders vs. IND Colts,Antonio Williams,Premier quart-temps - Touchdowns de réception du joueur Plus / Moins,31469,77063,1753872593,4568344850,Antonio Williams (WAS) Plus de 0.5,Antonio Williams (WAS) Plus de 0.5,8.5,0,False
16498853,WAS Commanders vs. IND Colts,Antonio Williams,Premier quart-temps - Touchdowns de réception du joueur Plus / Moins,31469,77063,1753872593,4568344851,Antonio Williams (WAS) moins de 0.5,Antonio Williams (WAS) moins de 0.5,0.0,7,False
16498853,WAS Commanders vs. IND Colts,Chigoziem Okonkwo,Premier quart-temps - Touchdowns de réception du joueur Plus / Moins,31469,77063,1753871895,4568343634,Chigoziem Okonkwo (WAS) Plus de 0.5,Chigoziem Okonkwo (WAS) Plus de 0.5,8.5,0,False
16498853,WAS Commanders vs. IND Colts,Chigoziem Okonkwo,Premier quart-temps - Touchdowns de réception du joueur Plus / Moins,31469,77063,1753871895,4568343635,Chigoziem Okonkwo (WAS) moins de 0.5,Chigoziem Okonkwo (WAS) moins de 0.5,1.01,0,False
16498853,WAS Commanders vs. IND Colts,Darius Slayton,Premier quart-temps - Touchdowns de réception du joueur Plus / Moins,31469,77063,1753871746,4568343373,Darius Slayton (IND) Plus de 0.5,Darius Slayton (IND) Plus de 0.5,8.5,0,False
16498853,WAS Commanders vs. IND Colts,Darius Slayton,Premier quart-temps - Touchdowns de réception du joueur Plus / Moins,31469,77063,1753871746,4568343374,Darius Slayton (IND) moins de 0.5,Darius Slayton (IND) moins de 0.5,1.01,0,False
16498853,WAS Commanders vs. IND Colts,Dyami Brown,Premier quart-temps - Touchdowns de réception du joueur Plus / Moins,31469,77063,1753871949,4568343724,Dyami Brown (WAS) Plus de 0.5,Dyami Brown (WAS) Plus de 0.5,8.5,0,False
16498853,WAS Commanders vs. IND Colts,Dyami Brown,Premier quart-temps - Touchdowns de réception du joueur Plus / Moins,31469,77063,1753871949,4568343725,Dyami Brown (WAS) moins de 0.5,Dyami Brown (WAS) moins de 0.5,0.0,7,False
16498853,WAS Commanders vs. IND Colts,John Bates,Premier quart-temps - Touchdowns de réception du joueur Plus / Moins,31469,77063,1753871806,4568343478,John Bates (WAS) Plus de 0.5,John Bates (WAS) Plus de 0.5,8.5,0,False
16498853,WAS Commanders vs. IND Colts,John Bates,Premier quart-temps - Touchdowns de réception du joueur Plus / Moins,31469,77063,1753871806,4568343479,John Bates (WAS) moins de 0.5,John Bates (WAS) moins de 0.5,0.0,7,False
16498853,WAS Commanders vs. IND Colts,Jonathan Taylor,Premier quart-temps - Touchdowns de réception du joueur Plus / Moins,31469,77063,1753871849,4568343552,Jonathan Taylor (IND) Plus de 0.5,Jonathan Taylor (IND) Plus de 0.5,8.5,0,False
16498853,WAS Commanders vs. IND Colts,Jonathan Taylor,Premier quart-temps - Touchdowns de réception du joueur Plus / Moins,31469,77063,1753871849,4568343553,Jonathan Taylor (IND) moins de 0.5,Jonathan Taylor (IND) moins de 0.5,1.01,0,False
16498853,WAS Commanders vs. IND Colts,Laquon Treadwell,Premier quart-temps - Touchdowns de réception du joueur Plus / Moins,31469,77063,1753871601,4568343117,Laquon Treadwell (IND) Plus de 0.5,Laquon Treadwell (IND) Plus de 0.5,8.5,0,False
16498853,WAS Commanders vs. IND Colts,Laquon Treadwell,Premier quart-temps - Touchdowns de réception du joueur Plus / Moins,31469,77063,1753871601,4568343118,Laquon Treadwell (IND) moins de 0.5,Laquon Treadwell (IND) moins de 0.5,0.0,7,False
16498853,WAS Commanders vs. IND Colts,Mo Alie-Cox,Premier quart-temps - Touchdowns de réception du joueur Plus / Moins,31469,77063,1753871574,4568343072,Mo Alie-Cox (IND) Plus de 0.5,Mo Alie-Cox (IND) Plus de 0.5,8.5,0,False
16498853,WAS Commanders vs. IND Colts,Mo Alie-Cox,Premier quart-temps - Touchdowns de réception du joueur Plus / Moins,31469,77063,1753871574,4568343073,Mo Alie-Cox (IND) moins de 0.5,Mo Alie-Cox (IND) moins de 0.5,0.0,7,False
16498853,WAS Commanders vs. IND Colts,Treylon Burks,Premier quart-temps - Touchdowns de réception du joueur Plus / Moins,31469,77063,1753872087,4568343963,Treylon Burks (WAS) Plus de 0.5,Treylon Burks (WAS) Plus de 0.5,8.5,0,False
16498853,WAS Commanders vs. IND Colts,Treylon Burks,Premier quart-temps - Touchdowns de réception du joueur Plus / Moins,31469,77063,1753872087,4568343964,Treylon Burks (WAS) moins de 0.5,Treylon Burks (WAS) moins de 0.5,0.0,7,False
16498853,WAS Commanders vs. IND Colts,Austin Ekeler,Premier quart-temps - Touchdowns de réception du joueur Plus / Moins,31469,77063,1758293345,4582694016,Austin Ekeler (WAS) moins de 0.5,Austin Ekeler (WAS) moins de 0.5,0.0,7,False
16498853,WAS Commanders vs. IND Colts,Austin Ekeler,Premier quart-temps - Touchdowns de réception du joueur Plus / Moins,31469,77063,1758293345,4582694015,Austin Ekeler (WAS) Plus de 0.5,Austin Ekeler (WAS) Plus de 0.5,9.0,0,False
16498853,WAS Commanders vs. IND Colts,Daniel Jones,Premier quart-temps - Total de yards à la passe du joueur Plus/Moins,31460,77054,1754817035,4571218209,Daniel Jones (IND) Plus de 53.5,Daniel Jones (IND) Plus de 53.5,1.7693,0,False
16498853,WAS Commanders vs. IND Colts,Daniel Jones,Premier quart-temps - Total de yards à la passe du joueur Plus/Moins,31460,77054,1754817035,4571218210,Daniel Jones (IND) moins de 53.5,Daniel Jones (IND) moins de 53.5,1.8334,0,False
16498853,WAS Commanders vs. IND Colts,Marcus Mariota,Premier quart-temps - Total de yards à la passe du joueur Plus/Moins,31460,77054,1754719772,4570910256,Marcus Mariota (WAS) Plus de 38.5,Marcus Mariota (WAS) Plus de 38.5,1.8334,0,False
16498853,WAS Commanders vs. IND Colts,Marcus Mariota,Premier quart-temps - Total de yards à la passe du joueur Plus/Moins,31460,77054,1754719772,4570910257,Marcus Mariota (WAS) moins de 38.5,Marcus Mariota (WAS) moins de 38.5,1.7693,0,False
16498853,WAS Commanders vs. IND Colts,Daniel Jones,Deuxième quart-temps - Total de yards à la passe du joueur Plus/Moins,31460,77054,1754168380,4569400664,Daniel Jones (IND) Plus de 65.5,Daniel Jones (IND) Plus de 65.5,1.8334,0,False
16498853,WAS Commanders vs. IND Colts,Daniel Jones,Deuxième quart-temps - Total de yards à la passe du joueur Plus/Moins,31460,77054,1754168380,4569400665,Daniel Jones (IND) moins de 65.5,Daniel Jones (IND) moins de 65.5,1.7693,0,False
16498853,WAS Commanders vs. IND Colts,Marcus Mariota,Deuxième quart-temps - Total de yards à la passe du joueur Plus/Moins,31460,77054,1754719773,4570910258,Marcus Mariota (WAS) Plus de 53.5,Marcus Mariota (WAS) Plus de 53.5,1.7693,0,False
16498853,WAS Commanders vs. IND Colts,Marcus Mariota,Deuxième quart-temps - Total de yards à la passe du joueur Plus/Moins,31460,77054,1754719773,4570910259,Marcus Mariota (WAS) moins de 53.5,Marcus Mariota (WAS) moins de 53.5,1.8334,0,False
16498853,WAS Commanders vs. IND Colts,Daniel Jones,Troisième quart-temps - Total de yards à la passe du joueur Plus/Moins,31460,77054,1754022000,4569015092,Daniel Jones (IND) Plus de 47.5,Daniel Jones (IND) Plus de 47.5,1.7693,0,False
16498853,WAS Commanders vs. IND Colts,Daniel Jones,Troisième quart-temps - Total de yards à la passe du joueur Plus/Moins,31460,77054,1754022000,4569015093,Daniel Jones (IND) moins de 47.5,Daniel Jones (IND) moins de 47.5,1.8334,0,False
16498853,WAS Commanders vs. IND Colts,Marcus Mariota,Troisième quart-temps - Total de yards à la passe du joueur Plus/Moins,31460,77054,1754737635,4570976908,Marcus Mariota (WAS) Plus de 43.5,Marcus Mariota (WAS) Plus de 43.5,1.7693,0,False
16498853,WAS Commanders vs. IND Colts,Marcus Mariota,Troisième quart-temps - Total de yards à la passe du joueur Plus/Moins,31460,77054,1754737635,4570976909,Marcus Mariota (WAS) moins de 43.5,Marcus Mariota (WAS) moins de 43.5,1.8334,0,False
16498853,WAS Commanders vs. IND Colts,Marcus Mariota,Quatrième quart-temps - Total de yards à la passe du joueur Plus/Moins,31460,77054,1754715136,4570890918,Marcus Mariota (WAS) Plus de 57.5,Marcus Mariota (WAS) Plus de 57.5,1.8334,0,False
16498853,WAS Commanders vs. IND Colts,Marcus Mariota,Quatrième quart-temps - Total de yards à la passe du joueur Plus/Moins,31460,77054,1754715136,4570890919,Marcus Mariota (WAS) moins de 57.5,Marcus Mariota (WAS) moins de 57.5,1.7693,0,False
16498853,WAS Commanders vs. IND Colts,Daniel Jones,Quatrième quart-temps - Total de yards à la passe du joueur Plus/Moins,31460,77054,1754755746,4571034571,Daniel Jones (IND) Plus de 49.5,Daniel Jones (IND) Plus de 49.5,1.7693,0,False
16498853,WAS Commanders vs. IND Colts,Daniel Jones,Quatrième quart-temps - Total de yards à la passe du joueur Plus/Moins,31460,77054,1754755746,4571034572,Daniel Jones (IND) moins de 49.5,Daniel Jones (IND) moins de 49.5,1.8334,0,False
16498853,WAS Commanders vs. IND Colts,Daniel Jones,Premier quart-temps - 	 Total de Touchdowns à la passe du joueur - Plus/Moins,31463,77057,1753871699,4568343288,Daniel Jones (IND) Plus de 0.5,Daniel Jones (IND) Plus de 0.5,2.65,0,False
16498853,WAS Commanders vs. IND Colts,Daniel Jones,Premier quart-temps - 	 Total de Touchdowns à la passe du joueur - Plus/Moins,31463,77057,1753871699,4568343289,Daniel Jones (IND) moins de 0.5,Daniel Jones (IND) moins de 0.5,1.3637,0,False
16498853,WAS Commanders vs. IND Colts,Marcus Mariota,Premier quart-temps - 	 Total de Touchdowns à la passe du joueur - Plus/Moins,31463,77057,1753871489,4568342922,Marcus Mariota (WAS) Plus de 0.5,Marcus Mariota (WAS) Plus de 0.5,3.6,0,False
16498853,WAS Commanders vs. IND Colts,Marcus Mariota,Premier quart-temps - 	 Total de Touchdowns à la passe du joueur - Plus/Moins,31463,77057,1753871489,4568342923,Marcus Mariota (WAS) moins de 0.5,Marcus Mariota (WAS) moins de 0.5,1.2,0,False
16498853,WAS Commanders vs. IND Colts,Daniel Jones,Deuxième quart-temps - 	 Total de Touchdowns à la passe du joueur - Plus/Moins,31463,77057,1753871700,4568343290,Daniel Jones (IND) Plus de 0.5,Daniel Jones (IND) Plus de 0.5,2.1,0,False
16498853,WAS Commanders vs. IND Colts,Daniel Jones,Deuxième quart-temps - 	 Total de Touchdowns à la passe du joueur - Plus/Moins,31463,77057,1753871700,4568343291,Daniel Jones (IND) moins de 0.5,Daniel Jones (IND) moins de 0.5,1.5715,0,False
16498853,WAS Commanders vs. IND Colts,Marcus Mariota,Deuxième quart-temps - 	 Total de Touchdowns à la passe du joueur - Plus/Moins,31463,77057,1753871490,4568342924,Marcus Mariota (WAS) Plus de 0.5,Marcus Mariota (WAS) Plus de 0.5,2.6,0,False
16498853,WAS Commanders vs. IND Colts,Marcus Mariota,Deuxième quart-temps - 	 Total de Touchdowns à la passe du joueur - Plus/Moins,31463,77057,1753871490,4568342925,Marcus Mariota (WAS) moins de 0.5,Marcus Mariota (WAS) moins de 0.5,1.3847,0,False
16498853,WAS Commanders vs. IND Colts,Daniel Jones,Troisième quart-temps - 	 Total de Touchdowns à la passe du joueur - Plus/Moins,31463,77057,1753871701,4568343292,Daniel Jones (IND) Plus de 0.5,Daniel Jones (IND) Plus de 0.5,2.9,0,False
16498853,WAS Commanders vs. IND Colts,Daniel Jones,Troisième quart-temps - 	 Total de Touchdowns à la passe du joueur - Plus/Moins,31463,77057,1753871701,4568343293,Daniel Jones (IND) moins de 0.5,Daniel Jones (IND) moins de 0.5,1.3077,0,False
16498853,WAS Commanders vs. IND Colts,Marcus Mariota,Troisième quart-temps - 	 Total de Touchdowns à la passe du joueur - Plus/Moins,31463,77057,1753871491,4568342926,Marcus Mariota (WAS) Plus de 0.5,Marcus Mariota (WAS) Plus de 0.5,3.25,0,False
16498853,WAS Commanders vs. IND Colts,Marcus Mariota,Troisième quart-temps - 	 Total de Touchdowns à la passe du joueur - Plus/Moins,31463,77057,1753871491,4568342927,Marcus Mariota (WAS) moins de 0.5,Marcus Mariota (WAS) moins de 0.5,1.25,0,False
16498853,WAS Commanders vs. IND Colts,Marcus Mariota,Quatrième quart-temps - 	 Total de Touchdowns à la passe du joueur - Plus/Moins,31463,77057,1753871492,4568342928,Marcus Mariota (WAS) Plus de 0.5,Marcus Mariota (WAS) Plus de 0.5,2.3,0,False
16498853,WAS Commanders vs. IND Colts,Marcus Mariota,Quatrième quart-temps - 	 Total de Touchdowns à la passe du joueur - Plus/Moins,31463,77057,1753871492,4568342929,Marcus Mariota (WAS) moins de 0.5,Marcus Mariota (WAS) moins de 0.5,1.4762,0,False
16498853,WAS Commanders vs. IND Colts,Daniel Jones,Quatrième quart-temps - 	 Total de Touchdowns à la passe du joueur - Plus/Moins,31463,77057,1753871702,4568343294,Daniel Jones (IND) Plus de 0.5,Daniel Jones (IND) Plus de 0.5,2.35,0,False
16498853,WAS Commanders vs. IND Colts,Daniel Jones,Quatrième quart-temps - 	 Total de Touchdowns à la passe du joueur - Plus/Moins,31463,77057,1753871702,4568343295,Daniel Jones (IND) moins de 0.5,Daniel Jones (IND) moins de 0.5,1.4546,0,False
16498853,WAS Commanders vs. IND Colts,Daniel Jones,Premier quart-temps - Passes réussies du joueur - Plus/Moins,31493,77087,1754204860,4569488963,Daniel Jones (IND) Plus de 5.5,Daniel Jones (IND) Plus de 5.5,2.0,0,False
16498853,WAS Commanders vs. IND Colts,Daniel Jones,Premier quart-temps - Passes réussies du joueur - Plus/Moins,31493,77087,1754204860,4569488964,Daniel Jones (IND) moins de 5.5,Daniel Jones (IND) moins de 5.5,1.6471,0,False
16498853,WAS Commanders vs. IND Colts,Marcus Mariota,Premier quart-temps - Passes réussies du joueur - Plus/Moins,31493,77087,1754311849,4569746532,Marcus Mariota (WAS) Plus de 3.5,Marcus Mariota (WAS) Plus de 3.5,1.7143,0,False
16498853,WAS Commanders vs. IND Colts,Marcus Mariota,Premier quart-temps - Passes réussies du joueur - Plus/Moins,31493,77087,1754311849,4569746533,Marcus Mariota (WAS) moins de 3.5,Marcus Mariota (WAS) moins de 3.5,1.9091,0,False
16498853,WAS Commanders vs. IND Colts,Daniel Jones,Premier quart-temps - Joueur Tentative de passe - Plus/Moins,31481,77075,1753871708,4568343306,Daniel Jones (IND) Plus de 7.5,Daniel Jones (IND) Plus de 7.5,1.8334,0,False
16498853,WAS Commanders vs. IND Colts,Daniel Jones,Premier quart-temps - Joueur Tentative de passe - Plus/Moins,31481,77075,1753871708,4568343307,Daniel Jones (IND) moins de 7.5,Daniel Jones (IND) moins de 7.5,1.7693,0,False
16498853,WAS Commanders vs. IND Colts,Marcus Mariota,Premier quart-temps - Joueur Tentative de passe - Plus/Moins,31481,77075,1754719776,4570910264,Marcus Mariota (WAS) Plus de 5.5,Marcus Mariota (WAS) Plus de 5.5,1.6667,0,False
16498853,WAS Commanders vs. IND Colts,Marcus Mariota,Premier quart-temps - Joueur Tentative de passe - Plus/Moins,31481,77075,1754719776,4570910265,Marcus Mariota (WAS) moins de 5.5,Marcus Mariota (WAS) moins de 5.5,1.9524,0,False
16498853,WAS Commanders vs. IND Colts,Daniel Jones,Premier quart-temps - Interceptions du joueur Plus/Moins,31478,77072,1753871705,4568343300,Daniel Jones (IND) Plus de 0.5,Daniel Jones (IND) Plus de 0.5,5.25,0,False
16498853,WAS Commanders vs. IND Colts,Daniel Jones,Premier quart-temps - Interceptions du joueur Plus/Moins,31478,77072,1753871705,4568343301,Daniel Jones (IND) moins de 0.5,Daniel Jones (IND) moins de 0.5,1.0834,0,False
16498853,WAS Commanders vs. IND Colts,Marcus Mariota,Premier quart-temps - Interceptions du joueur Plus/Moins,31478,77072,1753871495,4568342934,Marcus Mariota (WAS) Plus de 0.5,Marcus Mariota (WAS) Plus de 0.5,5.75,0,False
16498853,WAS Commanders vs. IND Colts,Marcus Mariota,Premier quart-temps - Interceptions du joueur Plus/Moins,31478,77072,1753871495,4568342935,Marcus Mariota (WAS) moins de 0.5,Marcus Mariota (WAS) moins de 0.5,1.0715,0,False
16498853,WAS Commanders vs. IND Colts,Daniel Jones,Joueur total nombre de tentatives de passes(Daniel Jones (IND)) (prolongations incluses),2248,73698,1755295784,4572920491,32+,32+,1.9524,0,False
16498853,WAS Commanders vs. IND Colts,Daniel Jones,Joueur total nombre de tentatives de passes(Daniel Jones (IND)) (prolongations incluses),2248,73698,1755295784,4572920492,34+,34+,2.3,0,False
16498853,WAS Commanders vs. IND Colts,Daniel Jones,Joueur total nombre de tentatives de passes(Daniel Jones (IND)) (prolongations incluses),2248,73698,1755295784,4572920493,36+,36+,2.75,0,False
16498853,WAS Commanders vs. IND Colts,Daniel Jones,Joueur total nombre de tentatives de passes(Daniel Jones (IND)) (prolongations incluses),2248,73698,1755295784,4572920494,38+,38+,3.4,0,False
16498853,WAS Commanders vs. IND Colts,Daniel Jones,Joueur total nombre de tentatives de passes(Daniel Jones (IND)) (prolongations incluses),2248,73698,1755295784,4572920495,40+,40+,4.4,0,False
16498853,WAS Commanders vs. IND Colts,Daniel Jones,Joueur total nombre de tentatives de passes(Daniel Jones (IND)) (prolongations incluses),2248,73698,1755295784,4572920496,42+,42+,5.75,0,False
16498853,WAS Commanders vs. IND Colts,Daniel Jones,Joueur total nombre de tentatives de passes(Daniel Jones (IND)) (prolongations incluses),2248,73698,1755295784,4572920497,44+,44+,7.75,0,False
16498853,WAS Commanders vs. IND Colts,Daniel Jones,Joueur total nombre de tentatives de passes(Daniel Jones (IND)) (prolongations incluses),2248,73698,1755295784,4572920498,30+,30+,1.5883,0,False
16498853,WAS Commanders vs. IND Colts,Jonathan Taylor,Joueur total de réception (Jonathan Taylor (IND)) (incl. OT),2142,72897,1755295838,4572920654,3+,3+,1.7143,0,False
16498853,WAS Commanders vs. IND Colts,Jonathan Taylor,Joueur total de réception (Jonathan Taylor (IND)) (incl. OT),2142,72897,1755295838,4572920655,4+,4+,2.45,0,False
16498853,WAS Commanders vs. IND Colts,Jonathan Taylor,Joueur total de réception (Jonathan Taylor (IND)) (incl. OT),2142,72897,1755295838,4572920656,5+,5+,3.85,0,False
16498853,WAS Commanders vs. IND Colts,Jonathan Taylor,Joueur total de réception (Jonathan Taylor (IND)) (incl. OT),2142,72897,1755295838,4572920657,6+,6+,6.5,0,False
16498853,WAS Commanders vs. IND Colts,Jonathan Taylor,Joueur total de réception (Jonathan Taylor (IND)) (incl. OT),2142,72897,1755295838,4572920658,7+,7+,12.0,0,False
16498853,WAS Commanders vs. IND Colts,Jonathan Taylor,Joueur total de réception (Jonathan Taylor (IND)) (incl. OT),2142,72897,1755295838,4572920659,8+,8+,26.0,0,False
16498853,WAS Commanders vs. IND Colts,Jonathan Taylor,Joueur total de réception (Jonathan Taylor (IND)) (incl. OT),2142,72897,1755295838,4572920660,2+,2+,1.1819,0,False
16498853,WAS Commanders vs. IND Colts,Keenan Allen,Joueur total de réception (Keenan Allen (IND)) (incl. OT),2142,72897,1755295390,4572919584,3+,3+,1.2353,0,False
16498853,WAS Commanders vs. IND Colts,Keenan Allen,Joueur total de réception (Keenan Allen (IND)) (incl. OT),2142,72897,1755295390,4572919578,4+,4+,1.6667,0,False
16498853,WAS Commanders vs. IND Colts,Keenan Allen,Joueur total de réception (Keenan Allen (IND)) (incl. OT),2142,72897,1755295390,4572919579,5+,5+,2.2,0,False
16498853,WAS Commanders vs. IND Colts,Keenan Allen,Joueur total de réception (Keenan Allen (IND)) (incl. OT),2142,72897,1755295390,4572919580,6+,6+,3.1,0,False
16498853,WAS Commanders vs. IND Colts,Keenan Allen,Joueur total de réception (Keenan Allen (IND)) (incl. OT),2142,72897,1755295390,4572919581,7+,7+,4.5,0,False
16498853,WAS Commanders vs. IND Colts,Keenan Allen,Joueur total de réception (Keenan Allen (IND)) (incl. OT),2142,72897,1755295390,4572919582,8+,8+,7.25,0,False
16498853,WAS Commanders vs. IND Colts,Keenan Allen,Joueur total de réception (Keenan Allen (IND)) (incl. OT),2142,72897,1755295390,4572919583,9+,9+,13.0,0,False
16498853,WAS Commanders vs. IND Colts,Tyler Warren,Joueur total de réception (Tyler Warren (IND)) (incl. OT),2142,72897,1755295392,4572919592,6+,6+,2.1,0,False
16498853,WAS Commanders vs. IND Colts,Tyler Warren,Joueur total de réception (Tyler Warren (IND)) (incl. OT),2142,72897,1755295392,4572919593,7+,7+,2.8,0,False
16498853,WAS Commanders vs. IND Colts,Tyler Warren,Joueur total de réception (Tyler Warren (IND)) (incl. OT),2142,72897,1755295392,4572919594,8+,8+,4.0,0,False
16498853,WAS Commanders vs. IND Colts,Tyler Warren,Joueur total de réception (Tyler Warren (IND)) (incl. OT),2142,72897,1755295392,4572919595,9+,9+,6.5,0,False
16498853,WAS Commanders vs. IND Colts,Tyler Warren,Joueur total de réception (Tyler Warren (IND)) (incl. OT),2142,72897,1755295392,4572919596,10+,10+,11.0,0,False
16498853,WAS Commanders vs. IND Colts,Tyler Warren,Joueur total de réception (Tyler Warren (IND)) (incl. OT),2142,72897,1755295392,4572919597,11+,11+,20.0,0,False
16498853,WAS Commanders vs. IND Colts,Tyler Warren,Joueur total de réception (Tyler Warren (IND)) (incl. OT),2142,72897,1755295392,4572919598,5+,5+,1.3637,0,False
16498853,WAS Commanders vs. IND Colts,Josh Downs,Joueur total de réception (Josh Downs (IND)) (incl. OT),2142,72897,1755295394,4572919609,6+,6+,2.15,0,False
16498853,WAS Commanders vs. IND Colts,Josh Downs,Joueur total de réception (Josh Downs (IND)) (incl. OT),2142,72897,1755295394,4572919610,7+,7+,3.0,0,False
16498853,WAS Commanders vs. IND Colts,Josh Downs,Joueur total de réception (Josh Downs (IND)) (incl. OT),2142,72897,1755295394,4572919611,8+,8+,4.5,0,False
16498853,WAS Commanders vs. IND Colts,Josh Downs,Joueur total de réception (Josh Downs (IND)) (incl. OT),2142,72897,1755295394,4572919612,9+,9+,7.75,0,False
16498853,WAS Commanders vs. IND Colts,Josh Downs,Joueur total de réception (Josh Downs (IND)) (incl. OT),2142,72897,1755295394,4572919613,10+,10+,15.0,0,False
16498853,WAS Commanders vs. IND Colts,Josh Downs,Joueur total de réception (Josh Downs (IND)) (incl. OT),2142,72897,1755295394,4572919614,11+,11+,26.0,0,False
16498853,WAS Commanders vs. IND Colts,Josh Downs,Joueur total de réception (Josh Downs (IND)) (incl. OT),2142,72897,1755295394,4572919615,5+,5+,1.4348,0,False
16498853,WAS Commanders vs. IND Colts,Laquon Treadwell,Joueur total de réception (Laquon Treadwell (IND)) (incl. OT),2142,72897,1758393520,4582954830,2+,2+,2.6,0,False
16498853,WAS Commanders vs. IND Colts,Laquon Treadwell,Joueur total de réception (Laquon Treadwell (IND)) (incl. OT),2142,72897,1758393520,4582954831,3+,3+,3.85,0,False
16498853,WAS Commanders vs. IND Colts,Laquon Treadwell,Joueur total de réception (Laquon Treadwell (IND)) (incl. OT),2142,72897,1758393520,4582954832,4+,4+,7.25,0,False
16498853,WAS Commanders vs. IND Colts,Laquon Treadwell,Joueur total de réception (Laquon Treadwell (IND)) (incl. OT),2142,72897,1758393520,4582954833,5+,5+,15.0,0,False
16498853,WAS Commanders vs. IND Colts,Laquon Treadwell,Joueur total de réception (Laquon Treadwell (IND)) (incl. OT),2142,72897,1758393520,4582954834,6+,6+,31.0,0,False
16498853,WAS Commanders vs. IND Colts,Darius Slayton,Joueur total de réception (Darius Slayton (IND)) (incl. OT),2142,72897,1759441907,4586688256,3+,3+,3.85,0,False
16498853,WAS Commanders vs. IND Colts,Darius Slayton,Joueur total de réception (Darius Slayton (IND)) (incl. OT),2142,72897,1759441907,4586688257,4+,4+,7.25,0,False
16498853,WAS Commanders vs. IND Colts,Darius Slayton,Joueur total de réception (Darius Slayton (IND)) (incl. OT),2142,72897,1759441907,4586688258,5+,5+,15.0,0,False
16498853,WAS Commanders vs. IND Colts,Darius Slayton,Joueur total de réception (Darius Slayton (IND)) (incl. OT),2142,72897,1759441907,4586688259,6+,6+,31.0,0,False
16498853,WAS Commanders vs. IND Colts,Darius Slayton,Joueur total de réception (Darius Slayton (IND)) (incl. OT),2142,72897,1759441907,4586688255,2+,2+,2.6,0,False
16498853,WAS Commanders vs. IND Colts,Jonathan Taylor,Joueur total de courses (Jonathan Taylor (IND)) (prolongations incluses),2133,72890,1755295789,4572920519,21+,21+,2.0,0,False
16498853,WAS Commanders vs. IND Colts,Jonathan Taylor,Joueur total de courses (Jonathan Taylor (IND)) (prolongations incluses),2133,72890,1755295789,4572920520,22+,22+,2.2,0,False
16498853,WAS Commanders vs. IND Colts,Jonathan Taylor,Joueur total de courses (Jonathan Taylor (IND)) (prolongations incluses),2133,72890,1755295789,4572920521,23+,23+,2.4,0,False
16498853,WAS Commanders vs. IND Colts,Jonathan Taylor,Joueur total de courses (Jonathan Taylor (IND)) (prolongations incluses),2133,72890,1755295789,4572920522,24+,24+,2.7,0,False
16498853,WAS Commanders vs. IND Colts,Jonathan Taylor,Joueur total de courses (Jonathan Taylor (IND)) (prolongations incluses),2133,72890,1755295789,4572920523,25+,25+,3.1,0,False
16498853,WAS Commanders vs. IND Colts,Jonathan Taylor,Joueur total de courses (Jonathan Taylor (IND)) (prolongations incluses),2133,72890,1755295789,4572920524,26+,26+,3.5,0,False
16498853,WAS Commanders vs. IND Colts,Jonathan Taylor,Joueur total de courses (Jonathan Taylor (IND)) (prolongations incluses),2133,72890,1755295789,4572920525,28+,28+,4.75,0,False
16498853,WAS Commanders vs. IND Colts,Jonathan Taylor,Joueur total de courses (Jonathan Taylor (IND)) (prolongations incluses),2133,72890,1755295789,4572920526,29+,29+,5.5,0,False
16498853,WAS Commanders vs. IND Colts,Jonathan Taylor,Joueur total de courses (Jonathan Taylor (IND)) (prolongations incluses),2133,72890,1755295789,4572920527,20+,20+,1.7408,0,False
16498853,WAS Commanders vs. IND Colts,Jonathan Taylor,Joueur total de courses (Jonathan Taylor (IND)) (prolongations incluses),2133,72890,1755295789,4572920528,19+,19+,1.5,0,False
16498853,WAS Commanders vs. IND Colts,Jonathan Taylor,Joueur total de courses (Jonathan Taylor (IND)) (prolongations incluses),2133,72890,1755295789,4572920603,27+,27+,4.0,0,False
