event_id,match,player,market,market_type_id,sport_market_id,child_market_id,odd_id,selection,line,price,odd_status,is_main_bet
16551834,LV Raiders vs. KC Chiefs,Patrick Mahomes,Joueur total de yards par la passe (Patrick Mahomes (KC))(prolongations incluses),2136,72891,1755296678,4574564384,379+,379+,21.0,0,False
16551834,LV Raiders vs. KC Chiefs,Patrick Mahomes,Joueur total de yards par la passe (Patrick Mahomes (KC))(prolongations incluses),2136,72891,1755296678,4574564385,229+,229+,1.6471,0,False
16551834,LV Raiders vs. KC Chiefs,Patrick Mahomes,Joueur total de yards par la passe (Patrick Mahomes (KC))(prolongations incluses),2136,72891,1755296678,4574564386,219+,219+,1.5,0,False
16551834,LV Raiders vs. KC Chiefs,Patrick Mahomes,Joueur total de yards par la passe (Patrick Mahomes (KC))(prolongations incluses),2136,72891,1755296678,4574564370,239+,239+,1.8696,0,False
16551834,LV Raiders vs. KC Chiefs,Patrick Mahomes,Joueur total de yards par la passe (Patrick Mahomes (KC))(prolongations incluses),2136,72891,1755296678,4574564371,249+,249+,2.05,0,False
16551834,LV Raiders vs. KC Chiefs,Patrick Mahomes,Joueur total de yards par la passe (Patrick Mahomes (KC))(prolongations incluses),2136,72891,1755296678,4574564372,259+,259+,2.3,0,False
16551834,LV Raiders vs. KC Chiefs,Patrick Mahomes,Joueur total de yards par la passe (Patrick Mahomes (KC))(prolongations incluses),2136,72891,1755296678,4574564373,269+,269+,2.6,0,False
16551834,LV Raiders vs. KC Chiefs,Patrick Mahomes,Joueur total de yards par la passe (Patrick Mahomes (KC))(prolongations incluses),2136,72891,1755296678,4574564374,279+,279+,3.0,0,False
16551834,LV Raiders vs. KC Chiefs,Patrick Mahomes,Joueur total de yards par la passe (Patrick Mahomes (KC))(prolongations incluses),2136,72891,1755296678,4574564375,289+,289+,3.5,0,False
16551834,LV Raiders vs. KC Chiefs,Patrick Mahomes,Joueur total de yards par la passe (Patrick Mahomes (KC))(prolongations incluses),2136,72891,1755296678,4574564376,299+,299+,4.0,0,False
16551834,LV Raiders vs. KC Chiefs,Patrick Mahomes,Joueur total de yards par la passe (Patrick Mahomes (KC))(prolongations incluses),2136,72891,1755296678,4574564377,309+,309+,4.75,0,False
16551834,LV Raiders vs. KC Chiefs,Patrick Mahomes,Joueur total de yards par la passe (Patrick Mahomes (KC))(prolongations incluses),2136,72891,1755296678,4574564378,319+,319+,5.75,0,False
16551834,LV Raiders vs. KC Chiefs,Patrick Mahomes,Joueur total de yards par la passe (Patrick Mahomes (KC))(prolongations incluses),2136,72891,1755296678,4574564379,329+,329+,7.0,0,False
16551834,LV Raiders vs. KC Chiefs,Patrick Mahomes,Joueur total de yards par la passe (Patrick Mahomes (KC))(prolongations incluses),2136,72891,1755296678,4574564380,339+,339+,8.5,0,False
16551834,LV Raiders vs. KC Chiefs,Patrick Mahomes,Joueur total de yards par la passe (Patrick Mahomes (KC))(prolongations incluses),2136,72891,1755296678,4574564381,349+,349+,11.0,0,False
16551834,LV Raiders vs. KC Chiefs,Patrick Mahomes,Joueur total de yards par la passe (Patrick Mahomes (KC))(prolongations incluses),2136,72891,1755296678,4574564382,359+,359+,14.0,0,False
16551834,LV Raiders vs. KC Chiefs,Patrick Mahomes,Joueur total de yards par la passe (Patrick Mahomes (KC))(prolongations incluses),2136,72891,1755296678,4574564383,369+,369+,17.0,0,False
16551834,LV Raiders vs. KC Chiefs,Kirk Cousins,Joueur total de yards par la passe (Kirk Cousins (LVR))(prolongations incluses),2136,72891,1755296680,4583587655,223+,223+,1.8696,0,False
16551834,LV Raiders vs. KC Chiefs,Kirk Cousins,Joueur total de yards par la passe (Kirk Cousins (LVR))(prolongations incluses),2136,72891,1755296680,4583587656,233+,233+,2.05,0,False
16551834,LV Raiders vs. KC Chiefs,Kirk Cousins,Joueur total de yards par la passe (Kirk Cousins (LVR))(prolongations incluses),2136,72891,1755296680,4583587657,243+,243+,2.3,0,False
16551834,LV Raiders vs. KC Chiefs,Kirk Cousins,Joueur total de yards par la passe (Kirk Cousins (LVR))(prolongations incluses),2136,72891,1755296680,4583587658,253+,253+,2.55,0,False
16551834,LV Raiders vs. KC Chiefs,Kirk Cousins,Joueur total de yards par la passe (Kirk Cousins (LVR))(prolongations incluses),2136,72891,1755296680,4583587659,263+,263+,2.9,0,False
16551834,LV Raiders vs. KC Chiefs,Kirk Cousins,Joueur total de yards par la passe (Kirk Cousins (LVR))(prolongations incluses),2136,72891,1755296680,4583587660,273+,273+,3.3,0,False
16551834,LV Raiders vs. KC Chiefs,Kirk Cousins,Joueur total de yards par la passe (Kirk Cousins (LVR))(prolongations incluses),2136,72891,1755296680,4583587661,283+,283+,3.85,0,False
16551834,LV Raiders vs. KC Chiefs,Kirk Cousins,Joueur total de yards par la passe (Kirk Cousins (LVR))(prolongations incluses),2136,72891,1755296680,4583587662,293+,293+,4.4,0,False
16551834,LV Raiders vs. KC Chiefs,Kirk Cousins,Joueur total de yards par la passe (Kirk Cousins (LVR))(prolongations incluses),2136,72891,1755296680,4583587663,303+,303+,5.25,0,False
16551834,LV Raiders vs. KC Chiefs,Kirk Cousins,Joueur total de yards par la passe (Kirk Cousins (LVR))(prolongations incluses),2136,72891,1755296680,4583587664,313+,313+,6.0,0,False
16551834,LV Raiders vs. KC Chiefs,Kirk Cousins,Joueur total de yards par la passe (Kirk Cousins (LVR))(prolongations incluses),2136,72891,1755296680,4583587665,323+,323+,7.25,0,False
16551834,LV Raiders vs. KC Chiefs,Kirk Cousins,Joueur total de yards par la passe (Kirk Cousins (LVR))(prolongations incluses),2136,72891,1755296680,4583587666,333+,333+,9.0,0,False
16551834,LV Raiders vs. KC Chiefs,Kirk Cousins,Joueur total de yards par la passe (Kirk Cousins (LVR))(prolongations incluses),2136,72891,1755296680,4583587667,343+,343+,11.0,0,False
16551834,LV Raiders vs. KC Chiefs,Kirk Cousins,Joueur total de yards par la passe (Kirk Cousins (LVR))(prolongations incluses),2136,72891,1755296680,4583587668,353+,353+,14.0,0,False
16551834,LV Raiders vs. KC Chiefs,Kirk Cousins,Joueur total de yards par la passe (Kirk Cousins (LVR))(prolongations incluses),2136,72891,1755296680,4583587669,363+,363+,17.0,0,False
16551834,LV Raiders vs. KC Chiefs,Kirk Cousins,Joueur total de yards par la passe (Kirk Cousins (LVR))(prolongations incluses),2136,72891,1755296680,4583587670,213+,213+,1.6667,0,False
16551834,LV Raiders vs. KC Chiefs,Kirk Cousins,Joueur total de yards par la passe (Kirk Cousins (LVR))(prolongations incluses),2136,72891,1755296680,4583587671,203+,203+,1.5,0,False
16551834,LV Raiders vs. KC Chiefs,Kenneth Walker III,Total de Touchdowns du joueur (Incl. Prolongations) (Kenneth Walker III (KC)),2145,72900,1754397533,4569950904,3+,3+,15.0,0,False
16551834,LV Raiders vs. KC Chiefs,Kenneth Walker III,Total de Touchdowns du joueur (Incl. Prolongations) (Kenneth Walker III (KC)),2145,72900,1754397533,4569950902,1+,1+,1.5,0,False
16551834,LV Raiders vs. KC Chiefs,Kenneth Walker III,Total de Touchdowns du joueur (Incl. Prolongations) (Kenneth Walker III (KC)),2145,72900,1754397533,4569950903,2+,2+,3.5,0,False
16551834,LV Raiders vs. KC Chiefs,Ashton Jeanty,Total de Touchdowns du joueur (Incl. Prolongations) (Ashton Jeanty (LVR)),2145,72900,1754397532,4569950899,1+,1+,1.6897,0,False
16551834,LV Raiders vs. KC Chiefs,Ashton Jeanty,Total de Touchdowns du joueur (Incl. Prolongations) (Ashton Jeanty (LVR)),2145,72900,1754397532,4569950900,2+,2+,4.5,0,False
16551834,LV Raiders vs. KC Chiefs,Ashton Jeanty,Total de Touchdowns du joueur (Incl. Prolongations) (Ashton Jeanty (LVR)),2145,72900,1754397532,4569950901,3+,3+,20.0,0,False
16551834,LV Raiders vs. KC Chiefs,Rashee Rice,Total de Touchdowns du joueur (Incl. Prolongations) (Rashee Rice (KC)),2145,72900,1754397496,4569950816,2+,2+,7.5,0,False
16551834,LV Raiders vs. KC Chiefs,Rashee Rice,Total de Touchdowns du joueur (Incl. Prolongations) (Rashee Rice (KC)),2145,72900,1754397496,4569950817,3+,3+,41.0,0,False
16551834,LV Raiders vs. KC Chiefs,Rashee Rice,Total de Touchdowns du joueur (Incl. Prolongations) (Rashee Rice (KC)),2145,72900,1754397496,4569950815,1+,1+,2.3,0,False
16551834,LV Raiders vs. KC Chiefs,Brock Bowers,Total de Touchdowns du joueur (Incl. Prolongations) (Brock Bowers (LVR)),2145,72900,1754397530,4569950893,1+,1+,2.4,0,False
16551834,LV Raiders vs. KC Chiefs,Brock Bowers,Total de Touchdowns du joueur (Incl. Prolongations) (Brock Bowers (LVR)),2145,72900,1754397530,4569950894,2+,2+,8.0,0,False
16551834,LV Raiders vs. KC Chiefs,Brock Bowers,Total de Touchdowns du joueur (Incl. Prolongations) (Brock Bowers (LVR)),2145,72900,1754397530,4569950895,3+,3+,51.0,0,False
16551834,LV Raiders vs. KC Chiefs,Travis Kelce,Total de Touchdowns du joueur (Incl. Prolongations) (Travis Kelce (KC)),2145,72900,1754397495,4569950812,1+,1+,2.5,0,False
16551834,LV Raiders vs. KC Chiefs,Travis Kelce,Total de Touchdowns du joueur (Incl. Prolongations) (Travis Kelce (KC)),2145,72900,1754397495,4569950813,2+,2+,9.0,0,False
16551834,LV Raiders vs. KC Chiefs,Travis Kelce,Total de Touchdowns du joueur (Incl. Prolongations) (Travis Kelce (KC)),2145,72900,1754397495,4569950814,3+,3+,61.0,0,False
16551834,LV Raiders vs. KC Chiefs,Xavier Worthy,Total de Touchdowns du joueur (Incl. Prolongations) (Xavier Worthy (KC)),2145,72900,1754397531,4569950896,1+,1+,3.1,0,False
16551834,LV Raiders vs. KC Chiefs,Xavier Worthy,Total de Touchdowns du joueur (Incl. Prolongations) (Xavier Worthy (KC)),2145,72900,1754397531,4569950897,2+,2+,14.0,0,False
16551834,LV Raiders vs. KC Chiefs,Xavier Worthy,Total de Touchdowns du joueur (Incl. Prolongations) (Xavier Worthy (KC)),2145,72900,1754397531,4569950898,3+,3+,91.0,0,False
16551834,LV Raiders vs. KC Chiefs,Tre Tucker,Total de Touchdowns du joueur (Incl. Prolongations) (Tre Tucker (LVR)),2145,72900,1755292032,4572910472,1+,1+,4.0,0,False
16551834,LV Raiders vs. KC Chiefs,Tre Tucker,Total de Touchdowns du joueur (Incl. Prolongations) (Tre Tucker (LVR)),2145,72900,1755292032,4572910473,2+,2+,26.0,0,False
16551834,LV Raiders vs. KC Chiefs,Tre Tucker,Total de Touchdowns du joueur (Incl. Prolongations) (Tre Tucker (LVR)),2145,72900,1755292032,4572910474,3+,3+,101.0,0,False
16551834,LV Raiders vs. KC Chiefs,Patrick Mahomes,Total de Touchdowns du joueur (Incl. Prolongations) (Patrick Mahomes (KC)),2145,72900,1755291339,4572908556,1+,1+,4.25,0,False
16551834,LV Raiders vs. KC Chiefs,Patrick Mahomes,Total de Touchdowns du joueur (Incl. Prolongations) (Patrick Mahomes (KC)),2145,72900,1755291339,4572908557,2+,2+,26.0,0,False
16551834,LV Raiders vs. KC Chiefs,Patrick Mahomes,Total de Touchdowns du joueur (Incl. Prolongations) (Patrick Mahomes (KC)),2145,72900,1755291339,4572908558,3+,3+,101.0,0,False
16551834,LV Raiders vs. KC Chiefs,Michael Mayer,Total de Touchdowns du joueur (Incl. Prolongations) (Michael Mayer (LVR)),2145,72900,1755291340,4572908560,2+,2+,31.0,0,False
16551834,LV Raiders vs. KC Chiefs,Michael Mayer,Total de Touchdowns du joueur (Incl. Prolongations) (Michael Mayer (LVR)),2145,72900,1755291340,4572908561,3+,3+,151.0,0,False
16551834,LV Raiders vs. KC Chiefs,Michael Mayer,Total de Touchdowns du joueur (Incl. Prolongations) (Michael Mayer (LVR)),2145,72900,1755291340,4572908559,1+,1+,4.5,0,False
16551834,LV Raiders vs. KC Chiefs,Tyquan Thornton,Total de Touchdowns du joueur (Incl. Prolongations) (Tyquan Thornton (KC)),2145,72900,1755291942,4572910258,1+,1+,5.0,0,False
16551834,LV Raiders vs. KC Chiefs,Tyquan Thornton,Total de Touchdowns du joueur (Incl. Prolongations) (Tyquan Thornton (KC)),2145,72900,1755291942,4572910259,2+,2+,36.0,0,False
16551834,LV Raiders vs. KC Chiefs,Tyquan Thornton,Total de Touchdowns du joueur (Incl. Prolongations) (Tyquan Thornton (KC)),2145,72900,1755291942,4572910260,3+,3+,151.0,0,False
16551834,LV Raiders vs. KC Chiefs,Emmett Johnson,Total de Touchdowns du joueur (Incl. Prolongations) (Emmett Johnson (KC)),2145,72900,1755291943,4572910261,1+,1+,5.0,0,False
16551834,LV Raiders vs. KC Chiefs,Emmett Johnson,Total de Touchdowns du joueur (Incl. Prolongations) (Emmett Johnson (KC)),2145,72900,1755291943,4572910262,2+,2+,36.0,0,False
16551834,LV Raiders vs. KC Chiefs,Emmett Johnson,Total de Touchdowns du joueur (Incl. Prolongations) (Emmett Johnson (KC)),2145,72900,1755291943,4572910263,3+,3+,151.0,0,False
16551834,LV Raiders vs. KC Chiefs,Jalen Nailor,Total de Touchdowns du joueur (Incl. Prolongations) (Jalen Nailor (LVR)),2145,72900,1755291244,4572908305,1+,1+,5.0,0,False
16551834,LV Raiders vs. KC Chiefs,Jalen Nailor,Total de Touchdowns du joueur (Incl. Prolongations) (Jalen Nailor (LVR)),2145,72900,1755291244,4572908306,2+,2+,36.0,0,False
16551834,LV Raiders vs. KC Chiefs,Jalen Nailor,Total de Touchdowns du joueur (Incl. Prolongations) (Jalen Nailor (LVR)),2145,72900,1755291244,4572908307,3+,3+,151.0,0,False
16551834,LV Raiders vs. KC Chiefs,Mike Washington Jr,Total de Touchdowns du joueur (Incl. Prolongations) (Mike Washington Jr (LVR)),2145,72900,1755291338,4572908553,1+,1+,5.0,0,False
16551834,LV Raiders vs. KC Chiefs,Mike Washington Jr,Total de Touchdowns du joueur (Incl. Prolongations) (Mike Washington Jr (LVR)),2145,72900,1755291338,4572908554,2+,2+,36.0,0,False
16551834,LV Raiders vs. KC Chiefs,Mike Washington Jr,Total de Touchdowns du joueur (Incl. Prolongations) (Mike Washington Jr (LVR)),2145,72900,1755291338,4572908555,3+,3+,151.0,0,False
16551834,LV Raiders vs. KC Chiefs,Noah Gray,Total de Touchdowns du joueur (Incl. Prolongations) (Noah Gray (KC)),2145,72900,1755290959,4572907576,1+,1+,7.0,0,False
16551834,LV Raiders vs. KC Chiefs,Noah Gray,Total de Touchdowns du joueur (Incl. Prolongations) (Noah Gray (KC)),2145,72900,1755290959,4572907577,2+,2+,51.0,0,False
16551834,LV Raiders vs. KC Chiefs,Noah Gray,Total de Touchdowns du joueur (Incl. Prolongations) (Noah Gray (KC)),2145,72900,1755290959,4572907578,3+,3+,201.0,0,False
16551834,LV Raiders vs. KC Chiefs,Brashard Smith,Total de Touchdowns du joueur (Incl. Prolongations) (Brashard Smith (KC)),2145,72900,1755291132,4572907980,1+,1+,7.0,0,False
16551834,LV Raiders vs. KC Chiefs,Brashard Smith,Total de Touchdowns du joueur (Incl. Prolongations) (Brashard Smith (KC)),2145,72900,1755291132,4572907981,2+,2+,51.0,0,False
16551834,LV Raiders vs. KC Chiefs,Brashard Smith,Total de Touchdowns du joueur (Incl. Prolongations) (Brashard Smith (KC)),2145,72900,1755291132,4572907982,3+,3+,201.0,0,False
16551834,LV Raiders vs. KC Chiefs,Jalen Royals,Total de Touchdowns du joueur (Incl. Prolongations) (Jalen Royals (KC)),2145,72900,1755290676,4572906976,2+,2+,81.0,0,False
16551834,LV Raiders vs. KC Chiefs,Jalen Royals,Total de Touchdowns du joueur (Incl. Prolongations) (Jalen Royals (KC)),2145,72900,1755290676,4572906977,3+,3+,201.0,0,False
16551834,LV Raiders vs. KC Chiefs,Jalen Royals,Total de Touchdowns du joueur (Incl. Prolongations) (Jalen Royals (KC)),2145,72900,1755290676,4572906975,1+,1+,10.0,0,False
16551834,LV Raiders vs. KC Chiefs,Malik Benson,Total de Touchdowns du joueur (Incl. Prolongations) (Malik Benson (LVR)),2145,72900,1755290499,4572906380,1+,1+,11.0,0,False
16551834,LV Raiders vs. KC Chiefs,Malik Benson,Total de Touchdowns du joueur (Incl. Prolongations) (Malik Benson (LVR)),2145,72900,1755290499,4572906381,2+,2+,81.0,0,False
16551834,LV Raiders vs. KC Chiefs,Malik Benson,Total de Touchdowns du joueur (Incl. Prolongations) (Malik Benson (LVR)),2145,72900,1755290499,4572906382,3+,3+,201.0,0,False
16551834,LV Raiders vs. KC Chiefs,Dylan Laube,Total de Touchdowns du joueur (Incl. Prolongations) (Dylan Laube (LVR)),2145,72900,1755290500,4572906384,2+,2+,101.0,0,False
16551834,LV Raiders vs. KC Chiefs,Dylan Laube,Total de Touchdowns du joueur (Incl. Prolongations) (Dylan Laube (LVR)),2145,72900,1755290500,4572906385,3+,3+,251.0,0,False
16551834,LV Raiders vs. KC Chiefs,Dylan Laube,Total de Touchdowns du joueur (Incl. Prolongations) (Dylan Laube (LVR)),2145,72900,1755290500,4572906383,1+,1+,15.0,0,False
16551834,LV Raiders vs. KC Chiefs,Dareke Young,Total de Touchdowns du joueur (Incl. Prolongations) (Dareke Young (LVR)),2145,72900,1755290409,4572906162,1+,1+,15.0,0,False
16551834,LV Raiders vs. KC Chiefs,Dareke Young,Total de Touchdowns du joueur (Incl. Prolongations) (Dareke Young (LVR)),2145,72900,1755290409,4572906163,2+,2+,101.0,0,False
16551834,LV Raiders vs. KC Chiefs,Dareke Young,Total de Touchdowns du joueur (Incl. Prolongations) (Dareke Young (LVR)),2145,72900,1755290409,4572906164,3+,3+,251.0,0,False
16551834,LV Raiders vs. KC Chiefs,Connor Heyward,Total de Touchdowns du joueur (Incl. Prolongations) (Connor Heyward (LVR)),2145,72900,1755290470,4572906304,1+,1+,15.0,0,False
16551834,LV Raiders vs. KC Chiefs,Connor Heyward,Total de Touchdowns du joueur (Incl. Prolongations) (Connor Heyward (LVR)),2145,72900,1755290470,4572906305,2+,2+,101.0,0,False
16551834,LV Raiders vs. KC Chiefs,Connor Heyward,Total de Touchdowns du joueur (Incl. Prolongations) (Connor Heyward (LVR)),2145,72900,1755290470,4572906306,3+,3+,251.0,0,False
16551834,LV Raiders vs. KC Chiefs,Kirk Cousins,Total de Touchdowns du joueur (Incl. Prolongations) (Kirk Cousins (LVR)),2145,72900,1755290677,4572906978,1+,1+,15.0,0,False
16551834,LV Raiders vs. KC Chiefs,Kirk Cousins,Total de Touchdowns du joueur (Incl. Prolongations) (Kirk Cousins (LVR)),2145,72900,1755290677,4572906979,2+,2+,101.0,0,False
16551834,LV Raiders vs. KC Chiefs,Kirk Cousins,Total de Touchdowns du joueur (Incl. Prolongations) (Kirk Cousins (LVR)),2145,72900,1755290677,4572906980,3+,3+,251.0,0,False
16551834,LV Raiders vs. KC Chiefs,Nikko Remigio,Total de Touchdowns du joueur (Incl. Prolongations) (Nikko Remigio (KC)),2145,72900,1755290253,4572905810,1+,1+,20.0,0,False
16551834,LV Raiders vs. KC Chiefs,Nikko Remigio,Total de Touchdowns du joueur (Incl. Prolongations) (Nikko Remigio (KC)),2145,72900,1755290253,4572905811,2+,2+,101.0,0,False
16551834,LV Raiders vs. KC Chiefs,Nikko Remigio,Total de Touchdowns du joueur (Incl. Prolongations) (Nikko Remigio (KC)),2145,72900,1755290253,4572905812,3+,3+,251.0,0,False
16551834,LV Raiders vs. KC Chiefs,Jared Wiley,Total de Touchdowns du joueur (Incl. Prolongations) (Jared Wiley (KC)),2145,72900,1755290408,4572906160,2+,2+,101.0,0,False
16551834,LV Raiders vs. KC Chiefs,Jared Wiley,Total de Touchdowns du joueur (Incl. Prolongations) (Jared Wiley (KC)),2145,72900,1755290408,4572906161,3+,3+,251.0,0,False
16551834,LV Raiders vs. KC Chiefs,Jared Wiley,Total de Touchdowns du joueur (Incl. Prolongations) (Jared Wiley (KC)),2145,72900,1755290408,4572906159,1+,1+,20.0,0,False
16551834,LV Raiders vs. KC Chiefs,Jake Briningstool,Total de Touchdowns du joueur (Incl. Prolongations) (Jake Briningstool (KC)),2145,72900,1755290369,4572906068,1+,1+,20.0,0,False
16551834,LV Raiders vs. KC Chiefs,Jake Briningstool,Total de Touchdowns du joueur (Incl. Prolongations) (Jake Briningstool (KC)),2145,72900,1755290369,4572906069,2+,2+,101.0,0,False
16551834,LV Raiders vs. KC Chiefs,Jake Briningstool,Total de Touchdowns du joueur (Incl. Prolongations) (Jake Briningstool (KC)),2145,72900,1755290369,4572906070,3+,3+,251.0,0,False
16551834,LV Raiders vs. KC Chiefs,Cyrus Allen,Total de Touchdowns du joueur (Incl. Prolongations) (Cyrus Allen (KC)),2145,72900,1755289760,4572904680,3+,3+,251.0,0,False
16551834,LV Raiders vs. KC Chiefs,Cyrus Allen,Total de Touchdowns du joueur (Incl. Prolongations) (Cyrus Allen (KC)),2145,72900,1755289760,4572904678,1+,1+,20.0,0,False
16551834,LV Raiders vs. KC Chiefs,Cyrus Allen,Total de Touchdowns du joueur (Incl. Prolongations) (Cyrus Allen (KC)),2145,72900,1755289760,4572904679,2+,2+,101.0,0,False
16551834,LV Raiders vs. KC Chiefs,Ben VanSumeren,Total de Touchdowns du joueur (Incl. Prolongations) (Ben VanSumeren (KC)),2145,72900,1755290252,4572905808,2+,2+,101.0,0,False
16551834,LV Raiders vs. KC Chiefs,Ben VanSumeren,Total de Touchdowns du joueur (Incl. Prolongations) (Ben VanSumeren (KC)),2145,72900,1755290252,4572905809,3+,3+,251.0,0,False
16551834,LV Raiders vs. KC Chiefs,Ben VanSumeren,Total de Touchdowns du joueur (Incl. Prolongations) (Ben VanSumeren (KC)),2145,72900,1755290252,4572905807,1+,1+,20.0,0,False
16551834,LV Raiders vs. KC Chiefs,Ian Thomas,Total de Touchdowns du joueur (Incl. Prolongations) (Ian Thomas (LVR)),2145,72900,1755290254,4572905813,1+,1+,20.0,0,False
16551834,LV Raiders vs. KC Chiefs,Ian Thomas,Total de Touchdowns du joueur (Incl. Prolongations) (Ian Thomas (LVR)),2145,72900,1755290254,4572905814,2+,2+,101.0,0,False
16551834,LV Raiders vs. KC Chiefs,Ian Thomas,Total de Touchdowns du joueur (Incl. Prolongations) (Ian Thomas (LVR)),2145,72900,1755290254,4572905815,3+,3+,251.0,0,False
16551834,LV Raiders vs. KC Chiefs,Patrick Mahomes,Joueur total de TDs par la passe (Patrick Mahomes (KC) (prolongations incluses),2138,72893,1755296676,4572922769,2+,2+,1.6897,0,False
16551834,LV Raiders vs. KC Chiefs,Patrick Mahomes,Joueur total de TDs par la passe (Patrick Mahomes (KC) (prolongations incluses),2138,72893,1755296676,4572922770,3+,3+,2.65,0,False
16551834,LV Raiders vs. KC Chiefs,Patrick Mahomes,Joueur total de TDs par la passe (Patrick Mahomes (KC) (prolongations incluses),2138,72893,1755296676,4572922771,4+,4+,5.0,0,False
16551834,LV Raiders vs. KC Chiefs,Patrick Mahomes,Joueur total de TDs par la passe (Patrick Mahomes (KC) (prolongations incluses),2138,72893,1755296676,4572922772,1+,1+,1.1,0,False
16551834,LV Raiders vs. KC Chiefs,Kirk Cousins,Joueur total de TDs par la passe (Kirk Cousins (LVR) (prolongations incluses),2138,72893,1755296677,4572922776,1+,1+,1.25,0,False
16551834,LV Raiders vs. KC Chiefs,Kirk Cousins,Joueur total de TDs par la passe (Kirk Cousins (LVR) (prolongations incluses),2138,72893,1755296677,4572922773,2+,2+,2.2,0,False
16551834,LV Raiders vs. KC Chiefs,Kirk Cousins,Joueur total de TDs par la passe (Kirk Cousins (LVR) (prolongations incluses),2138,72893,1755296677,4572922774,3+,3+,4.0,0,False
16551834,LV Raiders vs. KC Chiefs,Kirk Cousins,Joueur total de TDs par la passe (Kirk Cousins (LVR) (prolongations incluses),2138,72893,1755296677,4572922775,4+,4+,9.0,0,False
16551834,LV Raiders vs. KC Chiefs,Ashton Jeanty,Total des yards reçus par le joueur (Ashton Jeanty (LVR)) (prolongations incluses),2143,72898,1757190257,4578801654,20+,20+,1.8696,0,False
16551834,LV Raiders vs. KC Chiefs,Ashton Jeanty,Total des yards reçus par le joueur (Ashton Jeanty (LVR)) (prolongations incluses),2143,72898,1757190257,4578801655,30+,30+,2.35,0,False
16551834,LV Raiders vs. KC Chiefs,Ashton Jeanty,Total des yards reçus par le joueur (Ashton Jeanty (LVR)) (prolongations incluses),2143,72898,1757190257,4578801656,40+,40+,3.1,0,False
16551834,LV Raiders vs. KC Chiefs,Ashton Jeanty,Total des yards reçus par le joueur (Ashton Jeanty (LVR)) (prolongations incluses),2143,72898,1757190257,4578801657,50+,50+,4.4,0,False
16551834,LV Raiders vs. KC Chiefs,Ashton Jeanty,Total des yards reçus par le joueur (Ashton Jeanty (LVR)) (prolongations incluses),2143,72898,1757190257,4578801658,60+,60+,6.5,0,False
16551834,LV Raiders vs. KC Chiefs,Ashton Jeanty,Total des yards reçus par le joueur (Ashton Jeanty (LVR)) (prolongations incluses),2143,72898,1757190257,4578801659,70+,70+,10.0,0,False
16551834,LV Raiders vs. KC Chiefs,Ashton Jeanty,Total des yards reçus par le joueur (Ashton Jeanty (LVR)) (prolongations incluses),2143,72898,1757190257,4578801660,80+,80+,16.0,0,False
16551834,LV Raiders vs. KC Chiefs,Ashton Jeanty,Total des yards reçus par le joueur (Ashton Jeanty (LVR)) (prolongations incluses),2143,72898,1757190257,4578801661,90+,90+,26.0,0,False
16551834,LV Raiders vs. KC Chiefs,Ashton Jeanty,Total des yards reçus par le joueur (Ashton Jeanty (LVR)) (prolongations incluses),2143,72898,1757190257,4578801662,10+,10+,1.3077,0,False
16551834,LV Raiders vs. KC Chiefs,Kenneth Walker III,Total des yards reçus par le joueur (Kenneth Walker III (KC)) (prolongations incluses),2143,72898,1757190259,4578895104,11+,11+,1.3125,0,False
16551834,LV Raiders vs. KC Chiefs,Kenneth Walker III,Total des yards reçus par le joueur (Kenneth Walker III (KC)) (prolongations incluses),2143,72898,1757190259,4578895096,21+,21+,1.8334,0,False
16551834,LV Raiders vs. KC Chiefs,Kenneth Walker III,Total des yards reçus par le joueur (Kenneth Walker III (KC)) (prolongations incluses),2143,72898,1757190259,4578895097,31+,31+,2.35,0,False
16551834,LV Raiders vs. KC Chiefs,Kenneth Walker III,Total des yards reçus par le joueur (Kenneth Walker III (KC)) (prolongations incluses),2143,72898,1757190259,4578895098,41+,41+,3.2,0,False
16551834,LV Raiders vs. KC Chiefs,Kenneth Walker III,Total des yards reçus par le joueur (Kenneth Walker III (KC)) (prolongations incluses),2143,72898,1757190259,4578895099,51+,51+,4.5,0,False
16551834,LV Raiders vs. KC Chiefs,Kenneth Walker III,Total des yards reçus par le joueur (Kenneth Walker III (KC)) (prolongations incluses),2143,72898,1757190259,4578895100,61+,61+,6.75,0,False
16551834,LV Raiders vs. KC Chiefs,Kenneth Walker III,Total des yards reçus par le joueur (Kenneth Walker III (KC)) (prolongations incluses),2143,72898,1757190259,4578895101,71+,71+,11.0,0,False
16551834,LV Raiders vs. KC Chiefs,Kenneth Walker III,Total des yards reçus par le joueur (Kenneth Walker III (KC)) (prolongations incluses),2143,72898,1757190259,4578895102,81+,81+,18.0,0,False
16551834,LV Raiders vs. KC Chiefs,Kenneth Walker III,Total des yards reçus par le joueur (Kenneth Walker III (KC)) (prolongations incluses),2143,72898,1757190259,4578895103,91+,91+,31.0,0,False
16551834,LV Raiders vs. KC Chiefs,Michael Mayer,Total des yards reçus par le joueur (Michael Mayer (LVR)) (prolongations incluses),2143,72898,1757190256,4588709376,24+,24+,1.9091,0,False
16551834,LV Raiders vs. KC Chiefs,Michael Mayer,Total des yards reçus par le joueur (Michael Mayer (LVR)) (prolongations incluses),2143,72898,1757190256,4588709377,34+,34+,2.45,0,False
16551834,LV Raiders vs. KC Chiefs,Michael Mayer,Total des yards reçus par le joueur (Michael Mayer (LVR)) (prolongations incluses),2143,72898,1757190256,4588709378,44+,44+,3.3,0,False
16551834,LV Raiders vs. KC Chiefs,Michael Mayer,Total des yards reçus par le joueur (Michael Mayer (LVR)) (prolongations incluses),2143,72898,1757190256,4588709379,54+,54+,4.75,0,False
16551834,LV Raiders vs. KC Chiefs,Michael Mayer,Total des yards reçus par le joueur (Michael Mayer (LVR)) (prolongations incluses),2143,72898,1757190256,4588709380,64+,64+,7.25,0,False
16551834,LV Raiders vs. KC Chiefs,Michael Mayer,Total des yards reçus par le joueur (Michael Mayer (LVR)) (prolongations incluses),2143,72898,1757190256,4588709381,74+,74+,12.0,0,False
16551834,LV Raiders vs. KC Chiefs,Michael Mayer,Total des yards reçus par le joueur (Michael Mayer (LVR)) (prolongations incluses),2143,72898,1757190256,4588709382,84+,84+,20.0,0,False
16551834,LV Raiders vs. KC Chiefs,Michael Mayer,Total des yards reçus par le joueur (Michael Mayer (LVR)) (prolongations incluses),2143,72898,1757190256,4588709383,94+,94+,36.0,0,False
16551834,LV Raiders vs. KC Chiefs,Michael Mayer,Total des yards reçus par le joueur (Michael Mayer (LVR)) (prolongations incluses),2143,72898,1757190256,4588709384,14+,14+,1.3572,0,False
16551834,LV Raiders vs. KC Chiefs,Xavier Worthy,Total des yards reçus par le joueur (Xavier Worthy (KC)) (prolongations incluses),2143,72898,1757190254,4578801632,104+,104+,18.0,0,False
16551834,LV Raiders vs. KC Chiefs,Xavier Worthy,Total des yards reçus par le joueur (Xavier Worthy (KC)) (prolongations incluses),2143,72898,1757190254,4578801633,114+,114+,31.0,0,False
16551834,LV Raiders vs. KC Chiefs,Xavier Worthy,Total des yards reçus par le joueur (Xavier Worthy (KC)) (prolongations incluses),2143,72898,1757190254,4578801634,24+,24+,1.4,0,False
16551834,LV Raiders vs. KC Chiefs,Xavier Worthy,Total des yards reçus par le joueur (Xavier Worthy (KC)) (prolongations incluses),2143,72898,1757190254,4578801625,34+,34+,1.8334,0,False
16551834,LV Raiders vs. KC Chiefs,Xavier Worthy,Total des yards reçus par le joueur (Xavier Worthy (KC)) (prolongations incluses),2143,72898,1757190254,4578801626,44+,44+,2.3,0,False
16551834,LV Raiders vs. KC Chiefs,Xavier Worthy,Total des yards reçus par le joueur (Xavier Worthy (KC)) (prolongations incluses),2143,72898,1757190254,4578801627,54+,54+,2.9,0,False
16551834,LV Raiders vs. KC Chiefs,Xavier Worthy,Total des yards reçus par le joueur (Xavier Worthy (KC)) (prolongations incluses),2143,72898,1757190254,4578801628,64+,64+,3.85,0,False
16551834,LV Raiders vs. KC Chiefs,Xavier Worthy,Total des yards reçus par le joueur (Xavier Worthy (KC)) (prolongations incluses),2143,72898,1757190254,4578801629,74+,74+,5.25,0,False
16551834,LV Raiders vs. KC Chiefs,Xavier Worthy,Total des yards reçus par le joueur (Xavier Worthy (KC)) (prolongations incluses),2143,72898,1757190254,4578801630,84+,84+,7.75,0,False
16551834,LV Raiders vs. KC Chiefs,Xavier Worthy,Total des yards reçus par le joueur (Xavier Worthy (KC)) (prolongations incluses),2143,72898,1757190254,4578801631,94+,94+,12.0,0,False
16551834,LV Raiders vs. KC Chiefs,Tre Tucker,Total des yards reçus par le joueur (Tre Tucker (LVR)) (prolongations incluses),2143,72898,1757190253,4578801615,39+,39+,1.9091,0,False
16551834,LV Raiders vs. KC Chiefs,Tre Tucker,Total des yards reçus par le joueur (Tre Tucker (LVR)) (prolongations incluses),2143,72898,1757190253,4578801616,49+,49+,2.3,0,False
16551834,LV Raiders vs. KC Chiefs,Tre Tucker,Total des yards reçus par le joueur (Tre Tucker (LVR)) (prolongations incluses),2143,72898,1757190253,4578801617,59+,59+,2.95,0,False
16551834,LV Raiders vs. KC Chiefs,Tre Tucker,Total des yards reçus par le joueur (Tre Tucker (LVR)) (prolongations incluses),2143,72898,1757190253,4578801618,69+,69+,3.85,0,False
16551834,LV Raiders vs. KC Chiefs,Tre Tucker,Total des yards reçus par le joueur (Tre Tucker (LVR)) (prolongations incluses),2143,72898,1757190253,4578801619,79+,79+,5.25,0,False
16551834,LV Raiders vs. KC Chiefs,Tre Tucker,Total des yards reçus par le joueur (Tre Tucker (LVR)) (prolongations incluses),2143,72898,1757190253,4578801620,89+,89+,7.5,0,False
16551834,LV Raiders vs. KC Chiefs,Tre Tucker,Total des yards reçus par le joueur (Tre Tucker (LVR)) (prolongations incluses),2143,72898,1757190253,4578801621,99+,99+,11.0,0,False
16551834,LV Raiders vs. KC Chiefs,Tre Tucker,Total des yards reçus par le joueur (Tre Tucker (LVR)) (prolongations incluses),2143,72898,1757190253,4578801622,109+,109+,17.0,0,False
16551834,LV Raiders vs. KC Chiefs,Tre Tucker,Total des yards reçus par le joueur (Tre Tucker (LVR)) (prolongations incluses),2143,72898,1757190253,4578801623,119+,119+,26.0,0,False
16551834,LV Raiders vs. KC Chiefs,Tre Tucker,Total des yards reçus par le joueur (Tre Tucker (LVR)) (prolongations incluses),2143,72898,1757190253,4578801624,29+,29+,1.4167,0,False
16551834,LV Raiders vs. KC Chiefs,Jalen Nailor,Total des yards reçus par le joueur (Jalen Nailor (LVR)) (prolongations incluses),2143,72898,1757190258,4578801664,30+,30+,2.3,0,False
16551834,LV Raiders vs. KC Chiefs,Jalen Nailor,Total des yards reçus par le joueur (Jalen Nailor (LVR)) (prolongations incluses),2143,72898,1757190258,4578801665,40+,40+,2.85,0,False
16551834,LV Raiders vs. KC Chiefs,Jalen Nailor,Total des yards reçus par le joueur (Jalen Nailor (LVR)) (prolongations incluses),2143,72898,1757190258,4578801666,50+,50+,3.75,0,False
16551834,LV Raiders vs. KC Chiefs,Jalen Nailor,Total des yards reçus par le joueur (Jalen Nailor (LVR)) (prolongations incluses),2143,72898,1757190258,4578801667,60+,60+,5.0,0,False
16551834,LV Raiders vs. KC Chiefs,Jalen Nailor,Total des yards reçus par le joueur (Jalen Nailor (LVR)) (prolongations incluses),2143,72898,1757190258,4578801668,70+,70+,6.75,0,False
16551834,LV Raiders vs. KC Chiefs,Jalen Nailor,Total des yards reçus par le joueur (Jalen Nailor (LVR)) (prolongations incluses),2143,72898,1757190258,4578801669,80+,80+,10.0,0,False
16551834,LV Raiders vs. KC Chiefs,Jalen Nailor,Total des yards reçus par le joueur (Jalen Nailor (LVR)) (prolongations incluses),2143,72898,1757190258,4578801670,90+,90+,14.0,0,False
16551834,LV Raiders vs. KC Chiefs,Jalen Nailor,Total des yards reçus par le joueur (Jalen Nailor (LVR)) (prolongations incluses),2143,72898,1757190258,4578801671,100+,100+,21.0,0,False
16551834,LV Raiders vs. KC Chiefs,Jalen Nailor,Total des yards reçus par le joueur (Jalen Nailor (LVR)) (prolongations incluses),2143,72898,1757190258,4578801672,10+,10+,1.4167,0,False
16551834,LV Raiders vs. KC Chiefs,Jalen Nailor,Total des yards reçus par le joueur (Jalen Nailor (LVR)) (prolongations incluses),2143,72898,1757190258,4578801663,20+,20+,1.9091,0,False
16551834,LV Raiders vs. KC Chiefs,Tyquan Thornton,Total des yards reçus par le joueur (Tyquan Thornton (KC)) (prolongations incluses),2143,72898,1757190255,4582335905,22+,22+,1.9091,0,False
16551834,LV Raiders vs. KC Chiefs,Tyquan Thornton,Total des yards reçus par le joueur (Tyquan Thornton (KC)) (prolongations incluses),2143,72898,1757190255,4582335906,32+,32+,2.25,0,False
16551834,LV Raiders vs. KC Chiefs,Tyquan Thornton,Total des yards reçus par le joueur (Tyquan Thornton (KC)) (prolongations incluses),2143,72898,1757190255,4582335907,42+,42+,2.8,0,False
16551834,LV Raiders vs. KC Chiefs,Tyquan Thornton,Total des yards reçus par le joueur (Tyquan Thornton (KC)) (prolongations incluses),2143,72898,1757190255,4582335908,52+,52+,3.6,0,False
16551834,LV Raiders vs. KC Chiefs,Tyquan Thornton,Total des yards reçus par le joueur (Tyquan Thornton (KC)) (prolongations incluses),2143,72898,1757190255,4582335909,62+,62+,4.75,0,False
16551834,LV Raiders vs. KC Chiefs,Tyquan Thornton,Total des yards reçus par le joueur (Tyquan Thornton (KC)) (prolongations incluses),2143,72898,1757190255,4582335910,72+,72+,6.5,0,False
16551834,LV Raiders vs. KC Chiefs,Tyquan Thornton,Total des yards reçus par le joueur (Tyquan Thornton (KC)) (prolongations incluses),2143,72898,1757190255,4582335911,82+,82+,9.0,0,False
16551834,LV Raiders vs. KC Chiefs,Tyquan Thornton,Total des yards reçus par le joueur (Tyquan Thornton (KC)) (prolongations incluses),2143,72898,1757190255,4582335912,92+,92+,13.0,0,False
16551834,LV Raiders vs. KC Chiefs,Tyquan Thornton,Total des yards reçus par le joueur (Tyquan Thornton (KC)) (prolongations incluses),2143,72898,1757190255,4582335914,12+,12+,1.4348,0,False
16551834,LV Raiders vs. KC Chiefs,Travis Kelce,Total des yards reçus par le joueur (Travis Kelce (KC)) (prolongations incluses),2143,72898,1758072562,4582120650,48+,48+,1.8334,0,False
16551834,LV Raiders vs. KC Chiefs,Travis Kelce,Total des yards reçus par le joueur (Travis Kelce (KC)) (prolongations incluses),2143,72898,1758072562,4582120651,58+,58+,2.2,0,False
16551834,LV Raiders vs. KC Chiefs,Travis Kelce,Total des yards reçus par le joueur (Travis Kelce (KC)) (prolongations incluses),2143,72898,1758072562,4582120652,68+,68+,2.7,0,False
16551834,LV Raiders vs. KC Chiefs,Travis Kelce,Total des yards reçus par le joueur (Travis Kelce (KC)) (prolongations incluses),2143,72898,1758072562,4582120653,78+,78+,3.4,0,False
16551834,LV Raiders vs. KC Chiefs,Travis Kelce,Total des yards reçus par le joueur (Travis Kelce (KC)) (prolongations incluses),2143,72898,1758072562,4582120654,88+,88+,4.5,0,False
16551834,LV Raiders vs. KC Chiefs,Travis Kelce,Total des yards reçus par le joueur (Travis Kelce (KC)) (prolongations incluses),2143,72898,1758072562,4582120655,98+,98+,6.0,0,False
16551834,LV Raiders vs. KC Chiefs,Travis Kelce,Total des yards reçus par le joueur (Travis Kelce (KC)) (prolongations incluses),2143,72898,1758072562,4582120656,108+,108+,8.5,0,False
16551834,LV Raiders vs. KC Chiefs,Travis Kelce,Total des yards reçus par le joueur (Travis Kelce (KC)) (prolongations incluses),2143,72898,1758072562,4582120657,118+,118+,12.0,0,False
16551834,LV Raiders vs. KC Chiefs,Travis Kelce,Total des yards reçus par le joueur (Travis Kelce (KC)) (prolongations incluses),2143,72898,1758072562,4582120658,128+,128+,18.0,0,False
16551834,LV Raiders vs. KC Chiefs,Travis Kelce,Total des yards reçus par le joueur (Travis Kelce (KC)) (prolongations incluses),2143,72898,1758072562,4582120659,38+,38+,1.4546,0,False
16551834,LV Raiders vs. KC Chiefs,Rashee Rice,Total des yards reçus par le joueur (Rashee Rice (KC)) (prolongations incluses),2143,72898,1758072564,4594485537,59+,59+,1.8696,0,False
16551834,LV Raiders vs. KC Chiefs,Rashee Rice,Total des yards reçus par le joueur (Rashee Rice (KC)) (prolongations incluses),2143,72898,1758072564,4594485538,69+,69+,2.25,0,False
16551834,LV Raiders vs. KC Chiefs,Rashee Rice,Total des yards reçus par le joueur (Rashee Rice (KC)) (prolongations incluses),2143,72898,1758072564,4594485539,79+,79+,2.7,0,False
16551834,LV Raiders vs. KC Chiefs,Rashee Rice,Total des yards reçus par le joueur (Rashee Rice (KC)) (prolongations incluses),2143,72898,1758072564,4594485540,89+,89+,3.4,0,False
16551834,LV Raiders vs. KC Chiefs,Rashee Rice,Total des yards reçus par le joueur (Rashee Rice (KC)) (prolongations incluses),2143,72898,1758072564,4594485541,99+,99+,4.4,0,False
16551834,LV Raiders vs. KC Chiefs,Rashee Rice,Total des yards reçus par le joueur (Rashee Rice (KC)) (prolongations incluses),2143,72898,1758072564,4594485542,109+,109+,5.75,0,False
16551834,LV Raiders vs. KC Chiefs,Rashee Rice,Total des yards reçus par le joueur (Rashee Rice (KC)) (prolongations incluses),2143,72898,1758072564,4594485543,119+,119+,8.0,0,False
16551834,LV Raiders vs. KC Chiefs,Rashee Rice,Total des yards reçus par le joueur (Rashee Rice (KC)) (prolongations incluses),2143,72898,1758072564,4594485544,129+,129+,12.0,0,False
16551834,LV Raiders vs. KC Chiefs,Rashee Rice,Total des yards reçus par le joueur (Rashee Rice (KC)) (prolongations incluses),2143,72898,1758072564,4594485545,139+,139+,17.0,0,False
16551834,LV Raiders vs. KC Chiefs,Rashee Rice,Total des yards reçus par le joueur (Rashee Rice (KC)) (prolongations incluses),2143,72898,1758072564,4594485546,49+,49+,1.5,0,False
16551834,LV Raiders vs. KC Chiefs,Brock Bowers,Total des yards reçus par le joueur (Brock Bowers (LVR)) (prolongations incluses),2143,72898,1758072563,4582217519,75+,75+,1.8696,0,False
16551834,LV Raiders vs. KC Chiefs,Brock Bowers,Total des yards reçus par le joueur (Brock Bowers (LVR)) (prolongations incluses),2143,72898,1758072563,4582217520,85+,85+,2.2,0,False
16551834,LV Raiders vs. KC Chiefs,Brock Bowers,Total des yards reçus par le joueur (Brock Bowers (LVR)) (prolongations incluses),2143,72898,1758072563,4582217521,95+,95+,2.6,0,False
16551834,LV Raiders vs. KC Chiefs,Brock Bowers,Total des yards reçus par le joueur (Brock Bowers (LVR)) (prolongations incluses),2143,72898,1758072563,4582217522,105+,105+,3.2,0,False
16551834,LV Raiders vs. KC Chiefs,Brock Bowers,Total des yards reçus par le joueur (Brock Bowers (LVR)) (prolongations incluses),2143,72898,1758072563,4582217524,125+,125+,5.0,0,False
16551834,LV Raiders vs. KC Chiefs,Brock Bowers,Total des yards reçus par le joueur (Brock Bowers (LVR)) (prolongations incluses),2143,72898,1758072563,4582217525,135+,135+,6.75,0,False
16551834,LV Raiders vs. KC Chiefs,Brock Bowers,Total des yards reçus par le joueur (Brock Bowers (LVR)) (prolongations incluses),2143,72898,1758072563,4582217526,145+,145+,9.0,0,False
16551834,LV Raiders vs. KC Chiefs,Brock Bowers,Total des yards reçus par le joueur (Brock Bowers (LVR)) (prolongations incluses),2143,72898,1758072563,4582217527,155+,155+,13.0,0,False
16551834,LV Raiders vs. KC Chiefs,Brock Bowers,Total des yards reçus par le joueur (Brock Bowers (LVR)) (prolongations incluses),2143,72898,1758072563,4582217528,65+,65+,1.5264,0,False
16551834,LV Raiders vs. KC Chiefs,Cody Whitehair,Total des yards reçus par le joueur (Cody Whitehair (LVR)) (prolongations incluses),2143,72898,1759867817,4587802531,10+,10+,1.8696,0,False
16551834,LV Raiders vs. KC Chiefs,Cody Whitehair,Total des yards reçus par le joueur (Cody Whitehair (LVR)) (prolongations incluses),2143,72898,1759867817,4587802532,20+,20+,2.35,0,False
16551834,LV Raiders vs. KC Chiefs,Cody Whitehair,Total des yards reçus par le joueur (Cody Whitehair (LVR)) (prolongations incluses),2143,72898,1759867817,4587802533,30+,30+,3.1,0,False
16551834,LV Raiders vs. KC Chiefs,Cody Whitehair,Total des yards reçus par le joueur (Cody Whitehair (LVR)) (prolongations incluses),2143,72898,1759867817,4587802534,40+,40+,4.3,0,False
16551834,LV Raiders vs. KC Chiefs,Cody Whitehair,Total des yards reçus par le joueur (Cody Whitehair (LVR)) (prolongations incluses),2143,72898,1759867817,4587802535,50+,50+,6.25,0,False
16551834,LV Raiders vs. KC Chiefs,Cody Whitehair,Total des yards reçus par le joueur (Cody Whitehair (LVR)) (prolongations incluses),2143,72898,1759867817,4587802536,60+,60+,10.0,0,False
16551834,LV Raiders vs. KC Chiefs,Cody Whitehair,Total des yards reçus par le joueur (Cody Whitehair (LVR)) (prolongations incluses),2143,72898,1759867817,4587802537,70+,70+,16.0,0,False
16551834,LV Raiders vs. KC Chiefs,Cody Whitehair,Total des yards reçus par le joueur (Cody Whitehair (LVR)) (prolongations incluses),2143,72898,1759867817,4587802538,80+,80+,26.0,0,False
16551834,LV Raiders vs. KC Chiefs,Cody Whitehair,Total des yards reçus par le joueur (Cody Whitehair (LVR)) (prolongations incluses),2143,72898,1759867817,4587802539,90+,90+,51.0,0,False
16551834,LV Raiders vs. KC Chiefs,Emmett Johnson,Total des yards reçus par le joueur (Emmett Johnson (KC)) (prolongations incluses),2143,72898,1758072560,4595836142,17+,17+,2.3,0,False
16551834,LV Raiders vs. KC Chiefs,Emmett Johnson,Total des yards reçus par le joueur (Emmett Johnson (KC)) (prolongations incluses),2143,72898,1758072560,4595836143,27+,27+,2.9,0,False
16551834,LV Raiders vs. KC Chiefs,Emmett Johnson,Total des yards reçus par le joueur (Emmett Johnson (KC)) (prolongations incluses),2143,72898,1758072560,4595836144,37+,37+,3.85,0,False
16551834,LV Raiders vs. KC Chiefs,Emmett Johnson,Total des yards reçus par le joueur (Emmett Johnson (KC)) (prolongations incluses),2143,72898,1758072560,4595836145,47+,47+,5.5,0,False
16551834,LV Raiders vs. KC Chiefs,Emmett Johnson,Total des yards reçus par le joueur (Emmett Johnson (KC)) (prolongations incluses),2143,72898,1758072560,4595836146,57+,57+,8.0,0,False
16551834,LV Raiders vs. KC Chiefs,Emmett Johnson,Total des yards reçus par le joueur (Emmett Johnson (KC)) (prolongations incluses),2143,72898,1758072560,4595836147,67+,67+,12.0,0,False
16551834,LV Raiders vs. KC Chiefs,Emmett Johnson,Total des yards reçus par le joueur (Emmett Johnson (KC)) (prolongations incluses),2143,72898,1758072560,4595836148,77+,77+,19.0,0,False
16551834,LV Raiders vs. KC Chiefs,Emmett Johnson,Total des yards reçus par le joueur (Emmett Johnson (KC)) (prolongations incluses),2143,72898,1758072560,4595836149,87+,87+,31.0,0,False
16551834,LV Raiders vs. KC Chiefs,Noah Gray,Total des yards reçus par le joueur (Noah Gray (KC)) (prolongations incluses),2143,72898,1758072561,4582120642,19+,19+,2.35,0,False
16551834,LV Raiders vs. KC Chiefs,Noah Gray,Total des yards reçus par le joueur (Noah Gray (KC)) (prolongations incluses),2143,72898,1758072561,4582120643,29+,29+,3.1,0,False
16551834,LV Raiders vs. KC Chiefs,Noah Gray,Total des yards reçus par le joueur (Noah Gray (KC)) (prolongations incluses),2143,72898,1758072561,4582120644,39+,39+,4.3,0,False
16551834,LV Raiders vs. KC Chiefs,Noah Gray,Total des yards reçus par le joueur (Noah Gray (KC)) (prolongations incluses),2143,72898,1758072561,4582120645,49+,49+,6.25,0,False
16551834,LV Raiders vs. KC Chiefs,Noah Gray,Total des yards reçus par le joueur (Noah Gray (KC)) (prolongations incluses),2143,72898,1758072561,4582120646,59+,59+,10.0,0,False
16551834,LV Raiders vs. KC Chiefs,Noah Gray,Total des yards reçus par le joueur (Noah Gray (KC)) (prolongations incluses),2143,72898,1758072561,4582120647,69+,69+,16.0,0,False
16551834,LV Raiders vs. KC Chiefs,Noah Gray,Total des yards reçus par le joueur (Noah Gray (KC)) (prolongations incluses),2143,72898,1758072561,4582120648,79+,79+,26.0,0,False
16551834,LV Raiders vs. KC Chiefs,Noah Gray,Total des yards reçus par le joueur (Noah Gray (KC)) (prolongations incluses),2143,72898,1758072561,4582120649,89+,89+,51.0,0,False
16551834,LV Raiders vs. KC Chiefs,Ashton Jeanty,Joueur total de yards par la course (Ashton Jeanty (LVR)) (prolongations incluses),2140,72895,1755296675,4588376096,88+,88+,3.75,0,False
16551834,LV Raiders vs. KC Chiefs,Ashton Jeanty,Joueur total de yards par la course (Ashton Jeanty (LVR)) (prolongations incluses),2140,72895,1755296675,4588376097,98+,98+,5.0,0,False
16551834,LV Raiders vs. KC Chiefs,Ashton Jeanty,Joueur total de yards par la course (Ashton Jeanty (LVR)) (prolongations incluses),2140,72895,1755296675,4588376098,108+,108+,6.75,0,False
16551834,LV Raiders vs. KC Chiefs,Ashton Jeanty,Joueur total de yards par la course (Ashton Jeanty (LVR)) (prolongations incluses),2140,72895,1755296675,4588376099,118+,118+,10.0,0,False
16551834,LV Raiders vs. KC Chiefs,Ashton Jeanty,Joueur total de yards par la course (Ashton Jeanty (LVR)) (prolongations incluses),2140,72895,1755296675,4588376100,128+,128+,15.0,0,False
16551834,LV Raiders vs. KC Chiefs,Ashton Jeanty,Joueur total de yards par la course (Ashton Jeanty (LVR)) (prolongations incluses),2140,72895,1755296675,4588376101,138+,138+,21.0,0,False
16551834,LV Raiders vs. KC Chiefs,Ashton Jeanty,Joueur total de yards par la course (Ashton Jeanty (LVR)) (prolongations incluses),2140,72895,1755296675,4588376102,48+,48+,1.4762,0,False
16551834,LV Raiders vs. KC Chiefs,Ashton Jeanty,Joueur total de yards par la course (Ashton Jeanty (LVR)) (prolongations incluses),2140,72895,1755296675,4588376103,38+,38+,1.2353,0,False
16551834,LV Raiders vs. KC Chiefs,Ashton Jeanty,Joueur total de yards par la course (Ashton Jeanty (LVR)) (prolongations incluses),2140,72895,1755296675,4588376093,58+,58+,1.8696,0,False
16551834,LV Raiders vs. KC Chiefs,Ashton Jeanty,Joueur total de yards par la course (Ashton Jeanty (LVR)) (prolongations incluses),2140,72895,1755296675,4588376094,68+,68+,2.25,0,False
16551834,LV Raiders vs. KC Chiefs,Ashton Jeanty,Joueur total de yards par la course (Ashton Jeanty (LVR)) (prolongations incluses),2140,72895,1755296675,4588376095,78+,78+,2.85,0,False
16551834,LV Raiders vs. KC Chiefs,Kenneth Walker III,Joueur total de yards par la course (Kenneth Walker III (KC)) (prolongations incluses),2140,72895,1755296679,4575609345,88+,88+,1.9091,0,False
16551834,LV Raiders vs. KC Chiefs,Kenneth Walker III,Joueur total de yards par la course (Kenneth Walker III (KC)) (prolongations incluses),2140,72895,1755296679,4575609346,98+,98+,2.25,0,False
16551834,LV Raiders vs. KC Chiefs,Kenneth Walker III,Joueur total de yards par la course (Kenneth Walker III (KC)) (prolongations incluses),2140,72895,1755296679,4575609347,108+,108+,2.75,0,False
16551834,LV Raiders vs. KC Chiefs,Kenneth Walker III,Joueur total de yards par la course (Kenneth Walker III (KC)) (prolongations incluses),2140,72895,1755296679,4575609348,118+,118+,3.5,0,False
16551834,LV Raiders vs. KC Chiefs,Kenneth Walker III,Joueur total de yards par la course (Kenneth Walker III (KC)) (prolongations incluses),2140,72895,1755296679,4575609349,128+,128+,4.5,0,False
16551834,LV Raiders vs. KC Chiefs,Kenneth Walker III,Joueur total de yards par la course (Kenneth Walker III (KC)) (prolongations incluses),2140,72895,1755296679,4575609350,138+,138+,6.0,0,False
16551834,LV Raiders vs. KC Chiefs,Kenneth Walker III,Joueur total de yards par la course (Kenneth Walker III (KC)) (prolongations incluses),2140,72895,1755296679,4575609351,148+,148+,8.5,0,False
16551834,LV Raiders vs. KC Chiefs,Kenneth Walker III,Joueur total de yards par la course (Kenneth Walker III (KC)) (prolongations incluses),2140,72895,1755296679,4575609352,158+,158+,12.0,0,False
16551834,LV Raiders vs. KC Chiefs,Kenneth Walker III,Joueur total de yards par la course (Kenneth Walker III (KC)) (prolongations incluses),2140,72895,1755296679,4575609353,168+,168+,17.0,0,False
16551834,LV Raiders vs. KC Chiefs,Kenneth Walker III,Joueur total de yards par la course (Kenneth Walker III (KC)) (prolongations incluses),2140,72895,1755296679,4575609354,78+,78+,1.5264,0,False
16551834,LV Raiders vs. KC Chiefs,Kenneth Walker III,Joueur total de yards par la course (Kenneth Walker III (KC)) (prolongations incluses),2140,72895,1755296679,4575609355,68+,68+,1.3077,0,False
16551834,LV Raiders vs. KC Chiefs,Mike Washington Jr,Joueur total de yards par la course (Mike Washington Jr (LVR)) (prolongations incluses),2140,72895,1758071854,4582118770,17+,17+,1.8334,0,False
16551834,LV Raiders vs. KC Chiefs,Mike Washington Jr,Joueur total de yards par la course (Mike Washington Jr (LVR)) (prolongations incluses),2140,72895,1758071854,4582118771,27+,27+,2.4,0,False
16551834,LV Raiders vs. KC Chiefs,Mike Washington Jr,Joueur total de yards par la course (Mike Washington Jr (LVR)) (prolongations incluses),2140,72895,1758071854,4582118772,37+,37+,3.3,0,False
16551834,LV Raiders vs. KC Chiefs,Mike Washington Jr,Joueur total de yards par la course (Mike Washington Jr (LVR)) (prolongations incluses),2140,72895,1758071854,4582118773,47+,47+,5.0,0,False
16551834,LV Raiders vs. KC Chiefs,Mike Washington Jr,Joueur total de yards par la course (Mike Washington Jr (LVR)) (prolongations incluses),2140,72895,1758071854,4582118774,57+,57+,7.75,0,False
16551834,LV Raiders vs. KC Chiefs,Mike Washington Jr,Joueur total de yards par la course (Mike Washington Jr (LVR)) (prolongations incluses),2140,72895,1758071854,4582118775,67+,67+,13.0,0,False
16551834,LV Raiders vs. KC Chiefs,Mike Washington Jr,Joueur total de yards par la course (Mike Washington Jr (LVR)) (prolongations incluses),2140,72895,1758071854,4582118776,77+,77+,26.0,0,False
16551834,LV Raiders vs. KC Chiefs,Mike Washington Jr,Joueur total de yards par la course (Mike Washington Jr (LVR)) (prolongations incluses),2140,72895,1758071854,4582118777,87+,87+,51.0,0,False
16551834,LV Raiders vs. KC Chiefs,Patrick Mahomes,Joueur total de yards par la course (Patrick Mahomes (KC)) (prolongations incluses),2140,72895,1758071855,4582118784,76+,76+,21.0,0,False
16551834,LV Raiders vs. KC Chiefs,Patrick Mahomes,Joueur total de yards par la course (Patrick Mahomes (KC)) (prolongations incluses),2140,72895,1758071855,4582118785,86+,86+,41.0,0,False
16551834,LV Raiders vs. KC Chiefs,Patrick Mahomes,Joueur total de yards par la course (Patrick Mahomes (KC)) (prolongations incluses),2140,72895,1758071855,4582118778,16+,16+,1.8696,0,False
16551834,LV Raiders vs. KC Chiefs,Patrick Mahomes,Joueur total de yards par la course (Patrick Mahomes (KC)) (prolongations incluses),2140,72895,1758071855,4582118779,26+,26+,2.4,0,False
16551834,LV Raiders vs. KC Chiefs,Patrick Mahomes,Joueur total de yards par la course (Patrick Mahomes (KC)) (prolongations incluses),2140,72895,1758071855,4582118780,36+,36+,3.3,0,False
16551834,LV Raiders vs. KC Chiefs,Patrick Mahomes,Joueur total de yards par la course (Patrick Mahomes (KC)) (prolongations incluses),2140,72895,1758071855,4582118781,46+,46+,4.75,0,False
16551834,LV Raiders vs. KC Chiefs,Patrick Mahomes,Joueur total de yards par la course (Patrick Mahomes (KC)) (prolongations incluses),2140,72895,1758071855,4582118782,56+,56+,7.25,0,False
16551834,LV Raiders vs. KC Chiefs,Patrick Mahomes,Joueur total de yards par la course (Patrick Mahomes (KC)) (prolongations incluses),2140,72895,1758071855,4582118783,66+,66+,12.0,0,False
16551834,LV Raiders vs. KC Chiefs,Emmett Johnson,Joueur total de yards par la course (Emmett Johnson (KC)) (prolongations incluses),2140,72895,1758071856,4582118786,16+,16+,1.8696,0,False
16551834,LV Raiders vs. KC Chiefs,Emmett Johnson,Joueur total de yards par la course (Emmett Johnson (KC)) (prolongations incluses),2140,72895,1758071856,4582118787,26+,26+,2.4,0,False
16551834,LV Raiders vs. KC Chiefs,Emmett Johnson,Joueur total de yards par la course (Emmett Johnson (KC)) (prolongations incluses),2140,72895,1758071856,4582118788,36+,36+,3.2,0,False
16551834,LV Raiders vs. KC Chiefs,Emmett Johnson,Joueur total de yards par la course (Emmett Johnson (KC)) (prolongations incluses),2140,72895,1758071856,4582118789,46+,46+,4.75,0,False
16551834,LV Raiders vs. KC Chiefs,Emmett Johnson,Joueur total de yards par la course (Emmett Johnson (KC)) (prolongations incluses),2140,72895,1758071856,4582118790,56+,56+,7.0,0,False
16551834,LV Raiders vs. KC Chiefs,Emmett Johnson,Joueur total de yards par la course (Emmett Johnson (KC)) (prolongations incluses),2140,72895,1758071856,4582679816,66+,66+,12.0,0,False
16551834,LV Raiders vs. KC Chiefs,Emmett Johnson,Joueur total de yards par la course (Emmett Johnson (KC)) (prolongations incluses),2140,72895,1758071856,4582679817,76+,76+,20.0,0,False
16551834,LV Raiders vs. KC Chiefs,Emmett Johnson,Joueur total de yards par la course (Emmett Johnson (KC)) (prolongations incluses),2140,72895,1758071856,4582679818,86+,86+,36.0,0,False
16551834,LV Raiders vs. KC Chiefs,Patrick Mahomes,Passes réussis du joueur (Incl. Prolongations) (Patrick Mahomes (KC)),2137,72892,1758398843,4582968068,21+,21+,1.7693,0,False
16551834,LV Raiders vs. KC Chiefs,Patrick Mahomes,Passes réussis du joueur (Incl. Prolongations) (Patrick Mahomes (KC)),2137,72892,1758398843,4582968069,23+,23+,2.25,0,False
16551834,LV Raiders vs. KC Chiefs,Patrick Mahomes,Passes réussis du joueur (Incl. Prolongations) (Patrick Mahomes (KC)),2137,72892,1758398843,4582968070,25+,25+,3.0,0,False
16551834,LV Raiders vs. KC Chiefs,Patrick Mahomes,Passes réussis du joueur (Incl. Prolongations) (Patrick Mahomes (KC)),2137,72892,1758398843,4582968071,27+,27+,4.3,0,False
16551834,LV Raiders vs. KC Chiefs,Patrick Mahomes,Passes réussis du joueur (Incl. Prolongations) (Patrick Mahomes (KC)),2137,72892,1758398843,4582968072,29+,29+,6.25,0,False
16551834,LV Raiders vs. KC Chiefs,Patrick Mahomes,Passes réussis du joueur (Incl. Prolongations) (Patrick Mahomes (KC)),2137,72892,1758398843,4582968073,31+,31+,10.0,0,False
16551834,LV Raiders vs. KC Chiefs,Patrick Mahomes,Passes réussis du joueur (Incl. Prolongations) (Patrick Mahomes (KC)),2137,72892,1758398843,4582968074,33+,33+,17.0,0,False
16551834,LV Raiders vs. KC Chiefs,Patrick Mahomes,Passes réussis du joueur (Incl. Prolongations) (Patrick Mahomes (KC)),2137,72892,1758398843,4582968075,19+,19+,1.3449,0,False
16551834,LV Raiders vs. KC Chiefs,Kirk Cousins,Passes réussis du joueur (Incl. Prolongations) (Kirk Cousins (LVR)),2137,72892,1758398848,4582968098,22+,22+,1.8,0,False
16551834,LV Raiders vs. KC Chiefs,Kirk Cousins,Passes réussis du joueur (Incl. Prolongations) (Kirk Cousins (LVR)),2137,72892,1758398848,4582968099,24+,24+,2.35,0,False
16551834,LV Raiders vs. KC Chiefs,Kirk Cousins,Passes réussis du joueur (Incl. Prolongations) (Kirk Cousins (LVR)),2137,72892,1758398848,4582968100,26+,26+,3.2,0,False
16551834,LV Raiders vs. KC Chiefs,Kirk Cousins,Passes réussis du joueur (Incl. Prolongations) (Kirk Cousins (LVR)),2137,72892,1758398848,4582968101,28+,28+,4.5,0,False
16551834,LV Raiders vs. KC Chiefs,Kirk Cousins,Passes réussis du joueur (Incl. Prolongations) (Kirk Cousins (LVR)),2137,72892,1758398848,4582968102,30+,30+,7.0,0,False
16551834,LV Raiders vs. KC Chiefs,Kirk Cousins,Passes réussis du joueur (Incl. Prolongations) (Kirk Cousins (LVR)),2137,72892,1758398848,4582968103,32+,32+,12.0,0,False
16551834,LV Raiders vs. KC Chiefs,Kirk Cousins,Passes réussis du joueur (Incl. Prolongations) (Kirk Cousins (LVR)),2137,72892,1758398848,4582968104,34+,34+,20.0,0,False
16551834,LV Raiders vs. KC Chiefs,Kirk Cousins,Passes réussis du joueur (Incl. Prolongations) (Kirk Cousins (LVR)),2137,72892,1758398848,4582968105,20+,20+,1.3847,0,False
16551834,LV Raiders vs. KC Chiefs,Patrick Mahomes,Total de yards à la passe du joueur Plus/Moins(Incl. Prolongations),759,71922,1755928219,4574535960,Patrick Mahomes (KC) Plus de 238.5,Patrick Mahomes (KC) Plus de 238.5,1.8334,0,False
16551834,LV Raiders vs. KC Chiefs,Patrick Mahomes,Total de yards à la passe du joueur Plus/Moins(Incl. Prolongations),759,71922,1755928219,4574535961,Patrick Mahomes (KC) moins de 238.5,Patrick Mahomes (KC) moins de 238.5,1.8,0,False
16551834,LV Raiders vs. KC Chiefs,Kirk Cousins,Total de yards à la passe du joueur Plus/Moins(Incl. Prolongations),759,71922,1755904838,4574483529,Kirk Cousins (LV) Plus de 233.5,Kirk Cousins (LV) Plus de 233.5,1.8334,0,False
16551834,LV Raiders vs. KC Chiefs,Kirk Cousins,Total de yards à la passe du joueur Plus/Moins(Incl. Prolongations),759,71922,1755904838,4574483530,Kirk Cousins (LV) moins de 233.5,Kirk Cousins (LV) moins de 233.5,1.8,0,False
16551834,LV Raiders vs. KC Chiefs,Kenneth Walker III,Total de yards à la course du joueur Plus/Moins (Incl. Prolongations),764,71924,1762400458,4595057152,Kenneth Walker III (KC) Plus de 84.5,Kenneth Walker III (KC) Plus de 84.5,1.8,0,False
16551834,LV Raiders vs. KC Chiefs,Kenneth Walker III,Total de yards à la course du joueur Plus/Moins (Incl. Prolongations),764,71924,1762400458,4595057153,Kenneth Walker III (KC) moins de 84.5,Kenneth Walker III (KC) moins de 84.5,1.8334,0,False
16551834,LV Raiders vs. KC Chiefs,Ashton Jeanty,Total de yards à la course du joueur Plus/Moins (Incl. Prolongations),764,71924,1761962833,4593666228,Ashton Jeanty (LV) Plus de 57.5,Ashton Jeanty (LV) Plus de 57.5,1.8696,0,False
16551834,LV Raiders vs. KC Chiefs,Ashton Jeanty,Total de yards à la course du joueur Plus/Moins (Incl. Prolongations),764,71924,1761962833,4593666229,Ashton Jeanty (LV) moins de 57.5,Ashton Jeanty (LV) moins de 57.5,1.7693,0,False
16551834,LV Raiders vs. KC Chiefs,Emmett Johnson,Total de yards à la course du joueur Plus/Moins (Incl. Prolongations),764,71924,1757189290,4578799305,Emmett Johnson (KC) Plus de 15.5,Emmett Johnson (KC) Plus de 15.5,1.7693,0,False
16551834,LV Raiders vs. KC Chiefs,Emmett Johnson,Total de yards à la course du joueur Plus/Moins (Incl. Prolongations),764,71924,1757189290,4578799306,Emmett Johnson (KC) moins de 15.5,Emmett Johnson (KC) moins de 15.5,1.8696,0,False
16551834,LV Raiders vs. KC Chiefs,Mike Washington Jr,Total de yards à la course du joueur Plus/Moins (Incl. Prolongations),764,71924,1754073686,4569155786,Mike Washington Jr (LV) Plus de 15.5,Mike Washington Jr (LV) Plus de 15.5,1.8334,0,False
16551834,LV Raiders vs. KC Chiefs,Mike Washington Jr,Total de yards à la course du joueur Plus/Moins (Incl. Prolongations),764,71924,1754073686,4569155787,Mike Washington Jr (LV) moins de 15.5,Mike Washington Jr (LV) moins de 15.5,1.8,0,False
16551834,LV Raiders vs. KC Chiefs,Patrick Mahomes,Total de yards à la course du joueur Plus/Moins (Incl. Prolongations),764,71924,1755901661,4574476358,Patrick Mahomes (KC) Plus de 15.5,Patrick Mahomes (KC) Plus de 15.5,1.8696,0,False
16551834,LV Raiders vs. KC Chiefs,Patrick Mahomes,Total de yards à la course du joueur Plus/Moins (Incl. Prolongations),764,71924,1755901661,4574476359,Patrick Mahomes (KC) moins de 15.5,Patrick Mahomes (KC) moins de 15.5,1.7693,0,False
16551834,LV Raiders vs. KC Chiefs,Kirk Cousins,Total de yards à la course du joueur Plus/Moins (Incl. Prolongations),764,71924,1758371326,4582897645,Kirk Cousins (LV) Plus de 2.5,Kirk Cousins (LV) Plus de 2.5,1.7693,0,False
16551834,LV Raiders vs. KC Chiefs,Kirk Cousins,Total de yards à la course du joueur Plus/Moins (Incl. Prolongations),764,71924,1758371326,4582897646,Kirk Cousins (LV) moins de 2.5,Kirk Cousins (LV) moins de 2.5,1.8696,0,False
16551834,LV Raiders vs. KC Chiefs,Tre Tucker,Total de yards à la course du joueur Plus/Moins (Incl. Prolongations),764,71924,1753433140,4567016609,Tre Tucker (LV) Plus de 0.5,Tre Tucker (LV) Plus de 0.5,2.15,0,False
16551834,LV Raiders vs. KC Chiefs,Tre Tucker,Total de yards à la course du joueur Plus/Moins (Incl. Prolongations),764,71924,1753433140,4567016610,Tre Tucker (LV) moins de 0.5,Tre Tucker (LV) moins de 0.5,1.5715,0,False
16551834,LV Raiders vs. KC Chiefs,Brock Bowers,Total des yards après réception du joueur Plus/Moins(Incl. Prolongations),765,71925,1757185545,4578790364,Brock Bowers (LV) Plus de 77.5,Brock Bowers (LV) Plus de 77.5,1.8,0,False
16551834,LV Raiders vs. KC Chiefs,Brock Bowers,Total des yards après réception du joueur Plus/Moins(Incl. Prolongations),765,71925,1757185545,4578790365,Brock Bowers (LV) moins de 77.5,Brock Bowers (LV) moins de 77.5,1.8334,0,False
16551834,LV Raiders vs. KC Chiefs,Rashee Rice,Total des yards après réception du joueur Plus/Moins(Incl. Prolongations),765,71925,1754157513,4569374817,Rashee Rice (KC) Plus de 57.5,Rashee Rice (KC) Plus de 57.5,1.7693,0,False
16551834,LV Raiders vs. KC Chiefs,Rashee Rice,Total des yards après réception du joueur Plus/Moins(Incl. Prolongations),765,71925,1754157513,4569374818,Rashee Rice (KC) moins de 57.5,Rashee Rice (KC) moins de 57.5,1.8696,0,False
16551834,LV Raiders vs. KC Chiefs,Travis Kelce,Total des yards après réception du joueur Plus/Moins(Incl. Prolongations),765,71925,1753983657,4568886176,Travis Kelce (KC) moins de 49.5,Travis Kelce (KC) moins de 49.5,1.8334,0,False
16551834,LV Raiders vs. KC Chiefs,Travis Kelce,Total des yards après réception du joueur Plus/Moins(Incl. Prolongations),765,71925,1753983657,4568886175,Travis Kelce (KC) Plus de 49.5,Travis Kelce (KC) Plus de 49.5,1.8,0,False
16551834,LV Raiders vs. KC Chiefs,Tre Tucker,Total des yards après réception du joueur Plus/Moins(Incl. Prolongations),765,71925,1754073670,4569155754,Tre Tucker (LV) Plus de 38.5,Tre Tucker (LV) Plus de 38.5,1.8,0,False
16551834,LV Raiders vs. KC Chiefs,Tre Tucker,Total des yards après réception du joueur Plus/Moins(Incl. Prolongations),765,71925,1754073670,4569155755,Tre Tucker (LV) moins de 38.5,Tre Tucker (LV) moins de 38.5,1.8334,0,False
16551834,LV Raiders vs. KC Chiefs,Xavier Worthy,Total des yards après réception du joueur Plus/Moins(Incl. Prolongations),765,71925,1755902267,4574477720,Xavier Worthy (KC) Plus de 33.5,Xavier Worthy (KC) Plus de 33.5,1.8,0,False
16551834,LV Raiders vs. KC Chiefs,Xavier Worthy,Total des yards après réception du joueur Plus/Moins(Incl. Prolongations),765,71925,1755902267,4574477721,Xavier Worthy (KC) moins de 33.5,Xavier Worthy (KC) moins de 33.5,1.8334,0,False
16551834,LV Raiders vs. KC Chiefs,Michael Mayer,Total des yards après réception du joueur Plus/Moins(Incl. Prolongations),765,71925,1755884375,4574410481,Michael Mayer (LV) Plus de 22.5,Michael Mayer (LV) Plus de 22.5,1.8,0,False
16551834,LV Raiders vs. KC Chiefs,Michael Mayer,Total des yards après réception du joueur Plus/Moins(Incl. Prolongations),765,71925,1755884375,4574410482,Michael Mayer (LV) moins de 22.5,Michael Mayer (LV) moins de 22.5,1.8334,0,False
16551834,LV Raiders vs. KC Chiefs,Jalen Nailor,Total des yards après réception du joueur Plus/Moins(Incl. Prolongations),765,71925,1753983675,4568886211,Jalen Nailor (LV) Plus de 22.5,Jalen Nailor (LV) Plus de 22.5,1.8696,0,False
16551834,LV Raiders vs. KC Chiefs,Jalen Nailor,Total des yards après réception du joueur Plus/Moins(Incl. Prolongations),765,71925,1753983675,4568886212,Jalen Nailor (LV) moins de 22.5,Jalen Nailor (LV) moins de 22.5,1.7693,0,False
16551834,LV Raiders vs. KC Chiefs,Tyquan Thornton,Total des yards après réception du joueur Plus/Moins(Incl. Prolongations),765,71925,1754073630,4569155683,Tyquan Thornton (KC) Plus de 22.5,Tyquan Thornton (KC) Plus de 22.5,1.8696,0,False
16551834,LV Raiders vs. KC Chiefs,Tyquan Thornton,Total des yards après réception du joueur Plus/Moins(Incl. Prolongations),765,71925,1754073630,4569155684,Tyquan Thornton (KC) moins de 22.5,Tyquan Thornton (KC) moins de 22.5,1.7693,0,False
16551834,LV Raiders vs. KC Chiefs,Ashton Jeanty,Total des yards après réception du joueur Plus/Moins(Incl. Prolongations),765,71925,1757185549,4578790372,Ashton Jeanty (LV) Plus de 21.5,Ashton Jeanty (LV) Plus de 21.5,1.8696,0,False
16551834,LV Raiders vs. KC Chiefs,Ashton Jeanty,Total des yards après réception du joueur Plus/Moins(Incl. Prolongations),765,71925,1757185549,4578790373,Ashton Jeanty (LV) moins de 21.5,Ashton Jeanty (LV) moins de 21.5,1.7693,0,False
16551834,LV Raiders vs. KC Chiefs,Kenneth Walker III,Total des yards après réception du joueur Plus/Moins(Incl. Prolongations),765,71925,1753433081,4567016501,Kenneth Walker III (KC) Plus de 20.5,Kenneth Walker III (KC) Plus de 20.5,1.7693,0,False
16551834,LV Raiders vs. KC Chiefs,Kenneth Walker III,Total des yards après réception du joueur Plus/Moins(Incl. Prolongations),765,71925,1753433081,4567016502,Kenneth Walker III (KC) moins de 20.5,Kenneth Walker III (KC) moins de 20.5,1.8696,0,False
16551834,LV Raiders vs. KC Chiefs,Cody White,Total des yards après réception du joueur Plus/Moins(Incl. Prolongations),765,71925,1755791104,4574174600,Cody White (LV) moins de 10.5,Cody White (LV) moins de 10.5,1.7693,0,False
16551834,LV Raiders vs. KC Chiefs,Cody White,Total des yards après réception du joueur Plus/Moins(Incl. Prolongations),765,71925,1755791104,4574174599,Cody White (LV) Plus de 10.5,Cody White (LV) Plus de 10.5,1.8696,0,False
16551834,LV Raiders vs. KC Chiefs,Emmett Johnson,Total des yards après réception du joueur Plus/Moins(Incl. Prolongations),765,71925,1753433473,4567017181,Emmett Johnson (KC) Plus de 6.5,Emmett Johnson (KC) Plus de 6.5,1.7693,0,False
16551834,LV Raiders vs. KC Chiefs,Emmett Johnson,Total des yards après réception du joueur Plus/Moins(Incl. Prolongations),765,71925,1753433473,4567017182,Emmett Johnson (KC) moins de 6.5,Emmett Johnson (KC) moins de 6.5,1.8696,0,False
16551834,LV Raiders vs. KC Chiefs,Noah Gray,Total des yards après réception du joueur Plus/Moins(Incl. Prolongations),765,71925,1754073627,4569155677,Noah Gray (KC) Plus de 6.5,Noah Gray (KC) Plus de 6.5,1.8334,0,False
16551834,LV Raiders vs. KC Chiefs,Noah Gray,Total des yards après réception du joueur Plus/Moins(Incl. Prolongations),765,71925,1754073627,4569155678,Noah Gray (KC) moins de 6.5,Noah Gray (KC) moins de 6.5,1.8,0,False
16551834,LV Raiders vs. KC Chiefs,Mike Washington Jr,Total des yards après réception du joueur Plus/Moins(Incl. Prolongations),765,71925,1753433346,4567016957,Mike Washington Jr (LV) Plus de 0.5,Mike Washington Jr (LV) Plus de 0.5,2.25,0,False
16551834,LV Raiders vs. KC Chiefs,Mike Washington Jr,Total des yards après réception du joueur Plus/Moins(Incl. Prolongations),765,71925,1753433346,4567016958,Mike Washington Jr (LV) moins de 0.5,Mike Washington Jr (LV) moins de 0.5,1.5264,0,False
16551834,LV Raiders vs. KC Chiefs,Kenneth Walker III,Yards de course et de réception du joueur Plus/Moins (prolongations incluses),3317,73841,1762400459,4595057154,Kenneth Walker III (KC) Plus de 109.5,Kenneth Walker III (KC) Plus de 109.5,1.8,0,False
16551834,LV Raiders vs. KC Chiefs,Kenneth Walker III,Yards de course et de réception du joueur Plus/Moins (prolongations incluses),3317,73841,1762400459,4595057155,Kenneth Walker III (KC) moins de 109.5,Kenneth Walker III (KC) moins de 109.5,1.8334,0,False
16551834,LV Raiders vs. KC Chiefs,Ashton Jeanty,Yards de course et de réception du joueur Plus/Moins (prolongations incluses),3317,73841,1758370313,4582895132,Ashton Jeanty (LV) Plus de 82.5,Ashton Jeanty (LV) Plus de 82.5,1.8334,0,False
16551834,LV Raiders vs. KC Chiefs,Ashton Jeanty,Yards de course et de réception du joueur Plus/Moins (prolongations incluses),3317,73841,1758370313,4582895133,Ashton Jeanty (LV) moins de 82.5,Ashton Jeanty (LV) moins de 82.5,1.8,0,False
16551834,LV Raiders vs. KC Chiefs,Tre Tucker,Yards de course et de réception du joueur Plus/Moins (prolongations incluses),3317,73841,1755911856,4574499704,Tre Tucker (LV) Plus de 43.5,Tre Tucker (LV) Plus de 43.5,1.8,0,False
16551834,LV Raiders vs. KC Chiefs,Tre Tucker,Yards de course et de réception du joueur Plus/Moins (prolongations incluses),3317,73841,1755911856,4574499705,Tre Tucker (LV) moins de 43.5,Tre Tucker (LV) moins de 43.5,1.8334,0,False
16551834,LV Raiders vs. KC Chiefs,Emmett Johnson,Yards de course et de réception du joueur Plus/Moins (prolongations incluses),3317,73841,1760068050,4588331456,Emmett Johnson (KC) Plus de 26.5,Emmett Johnson (KC) Plus de 26.5,1.8334,0,False
16551834,LV Raiders vs. KC Chiefs,Emmett Johnson,Yards de course et de réception du joueur Plus/Moins (prolongations incluses),3317,73841,1760068050,4588331457,Emmett Johnson (KC) moins de 26.5,Emmett Johnson (KC) moins de 26.5,1.8,0,False
16551834,LV Raiders vs. KC Chiefs,Tyquan Thornton,Yards de course et de réception du joueur Plus/Moins (prolongations incluses),3317,73841,1754073634,4569155691,Tyquan Thornton (KC) Plus de 22.5,Tyquan Thornton (KC) Plus de 22.5,1.8334,0,False
16551834,LV Raiders vs. KC Chiefs,Tyquan Thornton,Yards de course et de réception du joueur Plus/Moins (prolongations incluses),3317,73841,1754073634,4569155692,Tyquan Thornton (KC) moins de 22.5,Tyquan Thornton (KC) moins de 22.5,1.8,0,False
16551834,LV Raiders vs. KC Chiefs,Jalen Nailor,Yards de course et de réception du joueur Plus/Moins (prolongations incluses),3317,73841,1753983676,4568886213,Jalen Nailor (LV) Plus de 22.5,Jalen Nailor (LV) Plus de 22.5,1.8696,0,False
16551834,LV Raiders vs. KC Chiefs,Jalen Nailor,Yards de course et de réception du joueur Plus/Moins (prolongations incluses),3317,73841,1753983676,4568886214,Jalen Nailor (LV) moins de 22.5,Jalen Nailor (LV) moins de 22.5,1.7693,0,False
16551834,LV Raiders vs. KC Chiefs,Mike Washington Jr,Yards de course et de réception du joueur Plus/Moins (prolongations incluses),3317,73841,1755916553,4574510763,Mike Washington Jr (LV) Plus de 18.5,Mike Washington Jr (LV) Plus de 18.5,1.7693,0,False
16551834,LV Raiders vs. KC Chiefs,Mike Washington Jr,Yards de course et de réception du joueur Plus/Moins (prolongations incluses),3317,73841,1755916553,4574510764,Mike Washington Jr (LV) moins de 18.5,Mike Washington Jr (LV) moins de 18.5,1.8696,0,False
16551834,LV Raiders vs. KC Chiefs,Cody White,Yards de course et de réception du joueur Plus/Moins (prolongations incluses),3317,73841,1755791107,4574174605,Cody White (LV) Plus de 10.5,Cody White (LV) Plus de 10.5,1.8696,0,False
16551834,LV Raiders vs. KC Chiefs,Cody White,Yards de course et de réception du joueur Plus/Moins (prolongations incluses),3317,73841,1755791107,4574174606,Cody White (LV) moins de 10.5,Cody White (LV) moins de 10.5,1.7693,0,False
16551834,LV Raiders vs. KC Chiefs,Kirk Cousins,Fumbles du joueur Plus / Moins (incl. prolongation),25005,75650,1753432517,4567015512,Kirk Cousins (LV) moins de 0.5,Kirk Cousins (LV) moins de 0.5,1.5264,0,False
16551834,LV Raiders vs. KC Chiefs,Kirk Cousins,Fumbles du joueur Plus / Moins (incl. prolongation),25005,75650,1753432517,4567015511,Kirk Cousins (LV) Plus de 0.5,Kirk Cousins (LV) Plus de 0.5,2.2,0,False
16551834,LV Raiders vs. KC Chiefs,Patrick Mahomes,Fumbles du joueur Plus / Moins (incl. prolongation),25005,75650,1753432647,4567015740,Patrick Mahomes (KC) Plus de 0.5,Patrick Mahomes (KC) Plus de 0.5,3.1,0,False
16551834,LV Raiders vs. KC Chiefs,Patrick Mahomes,Fumbles du joueur Plus / Moins (incl. prolongation),25005,75650,1753432647,4567015741,Patrick Mahomes (KC) moins de 0.5,Patrick Mahomes (KC) moins de 0.5,1.2667,0,False
16551834,LV Raiders vs. KC Chiefs,Kenneth Walker III,Fumbles du joueur Plus / Moins (incl. prolongation),25005,75650,1753433111,4567016558,Kenneth Walker III (KC) Plus de 0.5,Kenneth Walker III (KC) Plus de 0.5,4.0,0,False
16551834,LV Raiders vs. KC Chiefs,Kenneth Walker III,Fumbles du joueur Plus / Moins (incl. prolongation),25005,75650,1753433111,4567016559,Kenneth Walker III (KC) moins de 0.5,Kenneth Walker III (KC) moins de 0.5,1.1667,0,False
16551834,LV Raiders vs. KC Chiefs,Ashton Jeanty,Fumbles du joueur Plus / Moins (incl. prolongation),25005,75650,1753433544,4567017312,Ashton Jeanty (LV) moins de 0.5,Ashton Jeanty (LV) moins de 0.5,1.1334,0,False
16551834,LV Raiders vs. KC Chiefs,Ashton Jeanty,Fumbles du joueur Plus / Moins (incl. prolongation),25005,75650,1753433544,4567017311,Ashton Jeanty (LV) Plus de 0.5,Ashton Jeanty (LV) Plus de 0.5,4.4,0,False
16551834,LV Raiders vs. KC Chiefs,Brock Bowers,Fumbles du joueur Plus / Moins (incl. prolongation),25005,75650,1753433273,4567016837,Brock Bowers (LV) Plus de 0.5,Brock Bowers (LV) Plus de 0.5,6.75,0,False
16551834,LV Raiders vs. KC Chiefs,Brock Bowers,Fumbles du joueur Plus / Moins (incl. prolongation),25005,75650,1753433273,4567016838,Brock Bowers (LV) moins de 0.5,Brock Bowers (LV) moins de 0.5,1.04,0,False
16551834,LV Raiders vs. KC Chiefs,Emmett Johnson,Fumbles du joueur Plus / Moins (incl. prolongation),25005,75650,1753433503,4567017238,Emmett Johnson (KC) Plus de 0.5,Emmett Johnson (KC) Plus de 0.5,7.75,0,False
16551834,LV Raiders vs. KC Chiefs,Emmett Johnson,Fumbles du joueur Plus / Moins (incl. prolongation),25005,75650,1753433503,4567017239,Emmett Johnson (KC) moins de 0.5,Emmett Johnson (KC) moins de 0.5,1.02,0,False
16551834,LV Raiders vs. KC Chiefs,Rashee Rice,Fumbles du joueur Plus / Moins (incl. prolongation),25005,75650,1753433191,4567016696,Rashee Rice (KC) Plus de 0.5,Rashee Rice (KC) Plus de 0.5,7.75,0,False
16551834,LV Raiders vs. KC Chiefs,Rashee Rice,Fumbles du joueur Plus / Moins (incl. prolongation),25005,75650,1753433191,4567016697,Rashee Rice (KC) moins de 0.5,Rashee Rice (KC) moins de 0.5,1.02,0,False
16551834,LV Raiders vs. KC Chiefs,Xavier Worthy,Fumbles du joueur Plus / Moins (incl. prolongation),25005,75650,1753433465,4567017171,Xavier Worthy (KC) Plus de 0.5,Xavier Worthy (KC) Plus de 0.5,7.75,0,False
16551834,LV Raiders vs. KC Chiefs,Xavier Worthy,Fumbles du joueur Plus / Moins (incl. prolongation),25005,75650,1753433465,4567017172,Xavier Worthy (KC) moins de 0.5,Xavier Worthy (KC) moins de 0.5,1.02,0,False
16551834,LV Raiders vs. KC Chiefs,Cody White,Fumbles du joueur Plus / Moins (incl. prolongation),25005,75650,1755788649,4574169016,Cody White (LV) Plus de 0.5,Cody White (LV) Plus de 0.5,8.5,0,False
16551834,LV Raiders vs. KC Chiefs,Cody White,Fumbles du joueur Plus / Moins (incl. prolongation),25005,75650,1755788649,4574169017,Cody White (LV) moins de 0.5,Cody White (LV) moins de 0.5,0.0,7,False
16551834,LV Raiders vs. KC Chiefs,Jalen Nailor,Fumbles du joueur Plus / Moins (incl. prolongation),25005,75650,1753432994,4567016353,Jalen Nailor (LV) Plus de 0.5,Jalen Nailor (LV) Plus de 0.5,8.5,0,False
16551834,LV Raiders vs. KC Chiefs,Jalen Nailor,Fumbles du joueur Plus / Moins (incl. prolongation),25005,75650,1753432994,4567016354,Jalen Nailor (LV) moins de 0.5,Jalen Nailor (LV) moins de 0.5,0.0,7,False
16551834,LV Raiders vs. KC Chiefs,Michael Mayer,Fumbles du joueur Plus / Moins (incl. prolongation),25005,75650,1753433240,4567016781,Michael Mayer (LV) Plus de 0.5,Michael Mayer (LV) Plus de 0.5,8.5,0,False
16551834,LV Raiders vs. KC Chiefs,Michael Mayer,Fumbles du joueur Plus / Moins (incl. prolongation),25005,75650,1753433240,4567016782,Michael Mayer (LV) moins de 0.5,Michael Mayer (LV) moins de 0.5,0.0,7,False
16551834,LV Raiders vs. KC Chiefs,Mike Washington Jr,Fumbles du joueur Plus / Moins (incl. prolongation),25005,75650,1753433376,4567017014,Mike Washington Jr (LV) Plus de 0.5,Mike Washington Jr (LV) Plus de 0.5,8.5,0,False
16551834,LV Raiders vs. KC Chiefs,Mike Washington Jr,Fumbles du joueur Plus / Moins (incl. prolongation),25005,75650,1753433376,4567017015,Mike Washington Jr (LV) moins de 0.5,Mike Washington Jr (LV) moins de 0.5,1.01,0,False
16551834,LV Raiders vs. KC Chiefs,Travis Kelce,Fumbles du joueur Plus / Moins (incl. prolongation),25005,75650,1753432544,4567015556,Travis Kelce (KC) Plus de 0.5,Travis Kelce (KC) Plus de 0.5,8.5,0,False
16551834,LV Raiders vs. KC Chiefs,Travis Kelce,Fumbles du joueur Plus / Moins (incl. prolongation),25005,75650,1753432544,4567015557,Travis Kelce (KC) moins de 0.5,Travis Kelce (KC) moins de 0.5,1.01,0,False
16551834,LV Raiders vs. KC Chiefs,Tre Tucker,Fumbles du joueur Plus / Moins (incl. prolongation),25005,75650,1753433146,4567016618,Tre Tucker (LV) Plus de 0.5,Tre Tucker (LV) Plus de 0.5,8.5,0,False
16551834,LV Raiders vs. KC Chiefs,Tre Tucker,Fumbles du joueur Plus / Moins (incl. prolongation),25005,75650,1753433146,4567016619,Tre Tucker (LV) moins de 0.5,Tre Tucker (LV) moins de 0.5,1.01,0,False
16551834,LV Raiders vs. KC Chiefs,Tyquan Thornton,Fumbles du joueur Plus / Moins (incl. prolongation),25005,75650,1753432857,4567016109,Tyquan Thornton (KC) Plus de 0.5,Tyquan Thornton (KC) Plus de 0.5,8.5,0,False
16551834,LV Raiders vs. KC Chiefs,Tyquan Thornton,Fumbles du joueur Plus / Moins (incl. prolongation),25005,75650,1753432857,4567016110,Tyquan Thornton (KC) moins de 0.5,Tyquan Thornton (KC) moins de 0.5,0.0,7,False
16551834,LV Raiders vs. KC Chiefs,Quay Walker,Passes décisives P/M (prolongations incluses),770,75644,1760080881,4588369389,Quay Walker (LV) Plus de 4.5,Quay Walker (LV) Plus de 4.5,2.15,0,False
16551834,LV Raiders vs. KC Chiefs,Quay Walker,Passes décisives P/M (prolongations incluses),770,75644,1760080881,4588369390,Quay Walker (LV) moins de 4.5,Quay Walker (LV) moins de 4.5,1.5556,0,False
16551834,LV Raiders vs. KC Chiefs,Drue Tranquill,Passes décisives P/M (prolongations incluses),770,75644,1753432656,4567015752,Drue Tranquill (KC) Plus de 4.5,Drue Tranquill (KC) Plus de 4.5,2.1,0,False
16551834,LV Raiders vs. KC Chiefs,Drue Tranquill,Passes décisives P/M (prolongations incluses),770,75644,1753432656,4567015753,Drue Tranquill (KC) moins de 4.5,Drue Tranquill (KC) moins de 4.5,1.5715,0,False
16551834,LV Raiders vs. KC Chiefs,Nick Bolton,Passes décisives P/M (prolongations incluses),770,75644,1753432970,4567016309,Nick Bolton (KC) Plus de 4.5,Nick Bolton (KC) Plus de 4.5,1.8696,0,False
16551834,LV Raiders vs. KC Chiefs,Nick Bolton,Passes décisives P/M (prolongations incluses),770,75644,1753432970,4567016310,Nick Bolton (KC) moins de 4.5,Nick Bolton (KC) moins de 4.5,1.7408,0,False
16551834,LV Raiders vs. KC Chiefs,Nakobe Dean,Passes décisives P/M (prolongations incluses),770,75644,1753433161,4567016641,Nakobe Dean (LV) Plus de 3.5,Nakobe Dean (LV) Plus de 3.5,1.8334,0,False
16551834,LV Raiders vs. KC Chiefs,Nakobe Dean,Passes décisives P/M (prolongations incluses),770,75644,1753433161,4567016642,Nakobe Dean (LV) moins de 3.5,Nakobe Dean (LV) moins de 3.5,1.7693,0,False
16551834,LV Raiders vs. KC Chiefs,Jeremy Chinn,Passes décisives P/M (prolongations incluses),770,75644,1753432679,4567015794,Jeremy Chinn (LV) Plus de 2.5,Jeremy Chinn (LV) Plus de 2.5,1.7693,0,False
16551834,LV Raiders vs. KC Chiefs,Jeremy Chinn,Passes décisives P/M (prolongations incluses),770,75644,1753432679,4567015795,Jeremy Chinn (LV) moins de 2.5,Jeremy Chinn (LV) moins de 2.5,1.8334,0,False
16551834,LV Raiders vs. KC Chiefs,Jaden Hicks,Passes décisives P/M (prolongations incluses),770,75644,1753874615,4568348865,Jaden Hicks (KC) Plus de 2.5,Jaden Hicks (KC) Plus de 2.5,1.7693,0,False
16551834,LV Raiders vs. KC Chiefs,Jaden Hicks,Passes décisives P/M (prolongations incluses),770,75644,1753874615,4568348866,Jaden Hicks (KC) moins de 2.5,Jaden Hicks (KC) moins de 2.5,1.8334,0,False
16551834,LV Raiders vs. KC Chiefs,Eric Stokes,Passes décisives P/M (prolongations incluses),770,75644,1753432823,4567016048,Eric Stokes (LV) moins de 1.5,Eric Stokes (LV) moins de 1.5,1.5,0,False
16551834,LV Raiders vs. KC Chiefs,Eric Stokes,Passes décisives P/M (prolongations incluses),770,75644,1753432823,4567016047,Eric Stokes (LV) Plus de 1.5,Eric Stokes (LV) Plus de 1.5,2.25,0,False
16551834,LV Raiders vs. KC Chiefs,Taron Johnson,Passes décisives P/M (prolongations incluses),770,75644,1753432598,4567015646,Taron Johnson (LV) Plus de 1.5,Taron Johnson (LV) Plus de 1.5,2.05,0,False
16551834,LV Raiders vs. KC Chiefs,Taron Johnson,Passes décisives P/M (prolongations incluses),770,75644,1753432598,4567015647,Taron Johnson (LV) moins de 1.5,Taron Johnson (LV) moins de 1.5,1.6061,0,False
16551834,LV Raiders vs. KC Chiefs,Hezekiah Masses,Passes décisives P/M (prolongations incluses),770,75644,1755791142,4574174672,Hezekiah Masses (LV) moins de 1.5,Hezekiah Masses (LV) moins de 1.5,1.7408,0,False
16551834,LV Raiders vs. KC Chiefs,Hezekiah Masses,Passes décisives P/M (prolongations incluses),770,75644,1755791142,4574174671,Hezekiah Masses (LV) Plus de 1.5,Hezekiah Masses (LV) Plus de 1.5,1.8696,0,False
16551834,LV Raiders vs. KC Chiefs,Maxx Crosby,Passes décisives P/M (prolongations incluses),770,75644,1753432662,4567015763,Maxx Crosby (LV) Plus de 1.5,Maxx Crosby (LV) Plus de 1.5,1.8334,0,False
16551834,LV Raiders vs. KC Chiefs,Maxx Crosby,Passes décisives P/M (prolongations incluses),770,75644,1753432662,4567015764,Maxx Crosby (LV) moins de 1.5,Maxx Crosby (LV) moins de 1.5,1.7693,0,False
16551834,LV Raiders vs. KC Chiefs,Chris Jones,Passes décisives P/M (prolongations incluses),770,75644,1753432590,4567015632,Chris Jones (KC) moins de 1.5,Chris Jones (KC) moins de 1.5,1.7693,0,False
16551834,LV Raiders vs. KC Chiefs,Chris Jones,Passes décisives P/M (prolongations incluses),770,75644,1753432590,4567015631,Chris Jones (KC) Plus de 1.5,Chris Jones (KC) Plus de 1.5,1.8334,0,False
16551834,LV Raiders vs. KC Chiefs,George Karlaftis,Passes décisives P/M (prolongations incluses),770,75644,1753433123,4567016576,George Karlaftis (KC) Plus de 1.5,George Karlaftis (KC) Plus de 1.5,1.6667,0,False
16551834,LV Raiders vs. KC Chiefs,George Karlaftis,Passes décisives P/M (prolongations incluses),770,75644,1753433123,4567016577,George Karlaftis (KC) moins de 1.5,George Karlaftis (KC) moins de 1.5,1.9524,0,False
16551834,LV Raiders vs. KC Chiefs,Alohi Gilman,Passes décisives P/M (prolongations incluses),770,75644,1760067923,4588331080,Alohi Gilman (KC) Plus de 1.5,Alohi Gilman (KC) Plus de 1.5,1.5,0,False
16551834,LV Raiders vs. KC Chiefs,Alohi Gilman,Passes décisives P/M (prolongations incluses),770,75644,1760067923,4588331081,Alohi Gilman (KC) moins de 1.5,Alohi Gilman (KC) moins de 1.5,2.25,0,False
16551834,LV Raiders vs. KC Chiefs,Nick Bolton,Joueur Total de Tackles (prolongations incluses),2010,72301,1760068258,4588331976,Nick Bolton (KC) moins de 5.5,Nick Bolton (KC) moins de 5.5,1.5715,0,False
16551834,LV Raiders vs. KC Chiefs,Nick Bolton,Joueur Total de Tackles (prolongations incluses),2010,72301,1760068258,4588331975,Nick Bolton (KC) Plus de 5.5,Nick Bolton (KC) Plus de 5.5,2.15,0,False
16551834,LV Raiders vs. KC Chiefs,Nakobe Dean,Joueur Total de Tackles (prolongations incluses),2010,72301,1753433160,4567016640,Nakobe Dean (LV) moins de 4.5,Nakobe Dean (LV) moins de 4.5,1.8696,0,False
16551834,LV Raiders vs. KC Chiefs,Nakobe Dean,Joueur Total de Tackles (prolongations incluses),2010,72301,1753433160,4567016639,Nakobe Dean (LV) Plus de 4.5,Nakobe Dean (LV) Plus de 4.5,1.7693,0,False
16551834,LV Raiders vs. KC Chiefs,Quay Walker,Joueur Total de Tackles (prolongations incluses),2010,72301,1760080880,4588369387,Quay Walker (LV) Plus de 3.5,Quay Walker (LV) Plus de 3.5,1.6061,0,False
16551834,LV Raiders vs. KC Chiefs,Quay Walker,Joueur Total de Tackles (prolongations incluses),2010,72301,1760080880,4588369388,Quay Walker (LV) moins de 3.5,Quay Walker (LV) moins de 3.5,2.1,0,False
16551834,LV Raiders vs. KC Chiefs,Drue Tranquill,Joueur Total de Tackles (prolongations incluses),2010,72301,1754842134,4571283240,Drue Tranquill (KC) Plus de 3.5,Drue Tranquill (KC) Plus de 3.5,1.625,0,False
16551834,LV Raiders vs. KC Chiefs,Drue Tranquill,Joueur Total de Tackles (prolongations incluses),2010,72301,1754842134,4571283241,Drue Tranquill (KC) moins de 3.5,Drue Tranquill (KC) moins de 3.5,2.05,0,False
16551834,LV Raiders vs. KC Chiefs,Jeremy Chinn,Joueur Total de Tackles (prolongations incluses),2010,72301,1753432678,4567015792,Jeremy Chinn (LV) Plus de 3.5,Jeremy Chinn (LV) Plus de 3.5,1.6897,0,False
16551834,LV Raiders vs. KC Chiefs,Jeremy Chinn,Joueur Total de Tackles (prolongations incluses),2010,72301,1753432678,4567015793,Jeremy Chinn (LV) moins de 3.5,Jeremy Chinn (LV) moins de 3.5,1.9524,0,False
16551834,LV Raiders vs. KC Chiefs,Alohi Gilman,Joueur Total de Tackles (prolongations incluses),2010,72301,1753432684,4567015803,Alohi Gilman (KC) Plus de 3.5,Alohi Gilman (KC) Plus de 3.5,2.25,0,False
16551834,LV Raiders vs. KC Chiefs,Alohi Gilman,Joueur Total de Tackles (prolongations incluses),2010,72301,1753432684,4567015804,Alohi Gilman (KC) moins de 3.5,Alohi Gilman (KC) moins de 3.5,1.5264,0,False
16551834,LV Raiders vs. KC Chiefs,Hezekiah Masses,Joueur Total de Tackles (prolongations incluses),2010,72301,1755791141,4574174669,Hezekiah Masses (LV) Plus de 2.5,Hezekiah Masses (LV) Plus de 2.5,1.6667,0,False
16551834,LV Raiders vs. KC Chiefs,Hezekiah Masses,Joueur Total de Tackles (prolongations incluses),2010,72301,1755791141,4574174670,Hezekiah Masses (LV) moins de 2.5,Hezekiah Masses (LV) moins de 2.5,2.0,0,False
16551834,LV Raiders vs. KC Chiefs,Jaden Hicks,Joueur Total de Tackles (prolongations incluses),2010,72301,1753433434,4567017114,Jaden Hicks (KC) Plus de 2.5,Jaden Hicks (KC) Plus de 2.5,1.8696,0,False
16551834,LV Raiders vs. KC Chiefs,Jaden Hicks,Joueur Total de Tackles (prolongations incluses),2010,72301,1753433434,4567017115,Jaden Hicks (KC) moins de 2.5,Jaden Hicks (KC) moins de 2.5,1.7693,0,False
16551834,LV Raiders vs. KC Chiefs,Eric Stokes,Joueur Total de Tackles (prolongations incluses),2010,72301,1753432822,4567016045,Eric Stokes (LV) Plus de 2.5,Eric Stokes (LV) Plus de 2.5,1.9091,0,False
16551834,LV Raiders vs. KC Chiefs,Eric Stokes,Joueur Total de Tackles (prolongations incluses),2010,72301,1753432822,4567016046,Eric Stokes (LV) moins de 2.5,Eric Stokes (LV) moins de 2.5,1.7408,0,False
16551834,LV Raiders vs. KC Chiefs,Taron Johnson,Joueur Total de Tackles (prolongations incluses),2010,72301,1753432597,4567015644,Taron Johnson (LV) Plus de 2.5,Taron Johnson (LV) Plus de 2.5,1.9091,0,False
16551834,LV Raiders vs. KC Chiefs,Taron Johnson,Joueur Total de Tackles (prolongations incluses),2010,72301,1753432597,4567015645,Taron Johnson (LV) moins de 2.5,Taron Johnson (LV) moins de 2.5,1.7408,0,False
16551834,LV Raiders vs. KC Chiefs,Maxx Crosby,Joueur Total de Tackles (prolongations incluses),2010,72301,1753432661,4567015761,Maxx Crosby (LV) Plus de 1.5,Maxx Crosby (LV) Plus de 1.5,1.8696,0,False
16551834,LV Raiders vs. KC Chiefs,Maxx Crosby,Joueur Total de Tackles (prolongations incluses),2010,72301,1753432661,4567015762,Maxx Crosby (LV) moins de 1.5,Maxx Crosby (LV) moins de 1.5,1.7693,0,False
16551834,LV Raiders vs. KC Chiefs,George Karlaftis,Joueur Total de Tackles (prolongations incluses),2010,72301,1753433122,4567016574,George Karlaftis (KC) Plus de 1.5,George Karlaftis (KC) Plus de 1.5,2.1,0,False
16551834,LV Raiders vs. KC Chiefs,George Karlaftis,Joueur Total de Tackles (prolongations incluses),2010,72301,1753433122,4567016575,George Karlaftis (KC) moins de 1.5,George Karlaftis (KC) moins de 1.5,1.6061,0,False
16551834,LV Raiders vs. KC Chiefs,Chris Jones,Joueur Total de Tackles (prolongations incluses),2010,72301,1753432589,4567015629,Chris Jones (KC) Plus de 1.5,Chris Jones (KC) Plus de 1.5,2.25,0,False
16551834,LV Raiders vs. KC Chiefs,Chris Jones,Joueur Total de Tackles (prolongations incluses),2010,72301,1753432589,4567015630,Chris Jones (KC) moins de 1.5,Chris Jones (KC) moins de 1.5,1.5264,0,False
16551834,LV Raiders vs. KC Chiefs,Maxx Crosby,Sacks du joueur Plus/Moins (Incl. Prolongations),2254,73704,1761805482,4593287473,Maxx Crosby (LVR) Plus de 0.5,Maxx Crosby (LVR) Plus de 0.5,2.35,0,False
16551834,LV Raiders vs. KC Chiefs,Maxx Crosby,Sacks du joueur Plus/Moins (Incl. Prolongations),2254,73704,1761805482,4593287474,Maxx Crosby (LVR) moins de 0.5,Maxx Crosby (LVR) moins de 0.5,1.4762,0,False
16551834,LV Raiders vs. KC Chiefs,Kwity Paye,Sacks du joueur Plus/Moins (Incl. Prolongations),2254,73704,1761806089,4593288894,Kwity Paye (LVR) moins de 0.5,Kwity Paye (LVR) moins de 0.5,1.3125,0,False
16551834,LV Raiders vs. KC Chiefs,Kwity Paye,Sacks du joueur Plus/Moins (Incl. Prolongations),2254,73704,1761806089,4593288895,Kwity Paye (LVR) Plus de 0.5,Kwity Paye (LVR) Plus de 0.5,2.95,0,False
16551834,LV Raiders vs. KC Chiefs,George Karlaftis,Sacks du joueur Plus/Moins (Incl. Prolongations),2254,73704,1761804949,4593286206,George Karlaftis (KC) moins de 0.5,George Karlaftis (KC) moins de 0.5,1.2667,0,False
16551834,LV Raiders vs. KC Chiefs,George Karlaftis,Sacks du joueur Plus/Moins (Incl. Prolongations),2254,73704,1761804949,4593286207,George Karlaftis (KC) Plus de 0.5,George Karlaftis (KC) Plus de 0.5,3.25,0,False
16551834,LV Raiders vs. KC Chiefs,Malcolm Koonce,Sacks du joueur Plus/Moins (Incl. Prolongations),2254,73704,1761806140,4593289005,Malcolm Koonce (LVR) Plus de 0.5,Malcolm Koonce (LVR) Plus de 0.5,3.4,0,False
16551834,LV Raiders vs. KC Chiefs,Malcolm Koonce,Sacks du joueur Plus/Moins (Incl. Prolongations),2254,73704,1761806140,4593289006,Malcolm Koonce (LVR) moins de 0.5,Malcolm Koonce (LVR) moins de 0.5,1.2353,0,False
16551834,LV Raiders vs. KC Chiefs,Chris Jones,Sacks du joueur Plus/Moins (Incl. Prolongations),2254,73704,1761805084,4593286554,Chris Jones (KC) moins de 0.5,Chris Jones (KC) moins de 0.5,1.1819,0,False
16551834,LV Raiders vs. KC Chiefs,Chris Jones,Sacks du joueur Plus/Moins (Incl. Prolongations),2254,73704,1761805084,4593286555,Chris Jones (KC) Plus de 0.5,Chris Jones (KC) Plus de 0.5,4.0,0,False
16551834,LV Raiders vs. KC Chiefs,R Mason Thomas,Sacks du joueur Plus/Moins (Incl. Prolongations),2254,73704,1761805253,4593286878,R Mason Thomas (KC) moins de 0.5,R Mason Thomas (KC) moins de 0.5,1.1819,0,False
16551834,LV Raiders vs. KC Chiefs,R Mason Thomas,Sacks du joueur Plus/Moins (Incl. Prolongations),2254,73704,1761805253,4593286879,R Mason Thomas (KC) Plus de 0.5,R Mason Thomas (KC) Plus de 0.5,4.0,0,False
16551834,LV Raiders vs. KC Chiefs,Kenneth Walker III,Joueur tentative de gain par la course (prolongations incluses),2012,72303,1755902972,4574479344,Kenneth Walker III (KC) moins de 18.5,Kenneth Walker III (KC) moins de 18.5,1.6897,0,False
16551834,LV Raiders vs. KC Chiefs,Kenneth Walker III,Joueur tentative de gain par la course (prolongations incluses),2012,72303,1755902972,4574479343,Kenneth Walker III (KC) Plus de 18.5,Kenneth Walker III (KC) Plus de 18.5,1.9524,0,False
16551834,LV Raiders vs. KC Chiefs,Ashton Jeanty,Joueur tentative de gain par la course (prolongations incluses),2012,72303,1758370312,4582895130,Ashton Jeanty (LV) Plus de 16.5,Ashton Jeanty (LV) Plus de 16.5,1.8,0,False
16551834,LV Raiders vs. KC Chiefs,Ashton Jeanty,Joueur tentative de gain par la course (prolongations incluses),2012,72303,1758370312,4582895131,Ashton Jeanty (LV) moins de 16.5,Ashton Jeanty (LV) moins de 16.5,1.8334,0,False
16551834,LV Raiders vs. KC Chiefs,Mike Washington Jr,Joueur tentative de gain par la course (prolongations incluses),2012,72303,1753433361,4567016987,Mike Washington Jr (LV) Plus de 4.5,Mike Washington Jr (LV) Plus de 4.5,1.8696,0,False
16551834,LV Raiders vs. KC Chiefs,Mike Washington Jr,Joueur tentative de gain par la course (prolongations incluses),2012,72303,1753433361,4567016988,Mike Washington Jr (LV) moins de 4.5,Mike Washington Jr (LV) moins de 4.5,1.7693,0,False
16551834,LV Raiders vs. KC Chiefs,Emmett Johnson,Joueur tentative de gain par la course (prolongations incluses),2012,72303,1753433488,4567017211,Emmett Johnson (KC) Plus de 3.5,Emmett Johnson (KC) Plus de 3.5,1.5715,0,False
16551834,LV Raiders vs. KC Chiefs,Emmett Johnson,Joueur tentative de gain par la course (prolongations incluses),2012,72303,1753433488,4567017212,Emmett Johnson (KC) moins de 3.5,Emmett Johnson (KC) moins de 3.5,2.15,0,False
16551834,LV Raiders vs. KC Chiefs,Patrick Mahomes,Joueur tentative de gain par la course (prolongations incluses),2012,72303,1755901346,4574475622,Patrick Mahomes (KC) Plus de 3.5,Patrick Mahomes (KC) Plus de 3.5,1.9091,0,False
16551834,LV Raiders vs. KC Chiefs,Patrick Mahomes,Joueur tentative de gain par la course (prolongations incluses),2012,72303,1755901346,4574475623,Patrick Mahomes (KC) moins de 3.5,Patrick Mahomes (KC) moins de 3.5,1.7408,0,False
16551834,LV Raiders vs. KC Chiefs,Kirk Cousins,Joueur tentative de gain par la course (prolongations incluses),2012,72303,1757072636,4578508896,Kirk Cousins (LV) Plus de 1.5,Kirk Cousins (LV) Plus de 1.5,1.6061,0,False
16551834,LV Raiders vs. KC Chiefs,Kirk Cousins,Joueur tentative de gain par la course (prolongations incluses),2012,72303,1757072636,4578508897,Kirk Cousins (LV) moins de 1.5,Kirk Cousins (LV) moins de 1.5,2.1,0,False
16551834,LV Raiders vs. KC Chiefs,Tre Tucker,Joueur tentative de gain par la course (prolongations incluses),2012,72303,1753433141,4567016611,Tre Tucker (LV) Plus de 0.5,Tre Tucker (LV) Plus de 0.5,1.7693,0,False
16551834,LV Raiders vs. KC Chiefs,Tre Tucker,Joueur tentative de gain par la course (prolongations incluses),2012,72303,1753433141,4567016612,Tre Tucker (LV) moins de 0.5,Tre Tucker (LV) moins de 0.5,1.8696,0,False
16551834,LV Raiders vs. KC Chiefs,Brock Bowers,Total de réceptions Plus/Moins(Incl. Prolongations),767,71926,1757177650,4578775072,Brock Bowers (LV) moins de 6.5,Brock Bowers (LV) moins de 6.5,2.05,0,False
16551834,LV Raiders vs. KC Chiefs,Brock Bowers,Total de réceptions Plus/Moins(Incl. Prolongations),767,71926,1757177650,4578775071,Brock Bowers (LV) Plus de 6.5,Brock Bowers (LV) Plus de 6.5,1.625,0,False
16551834,LV Raiders vs. KC Chiefs,Rashee Rice,Total de réceptions Plus/Moins(Incl. Prolongations),767,71926,1753433174,4567016665,Rashee Rice (KC) Plus de 4.5,Rashee Rice (KC) Plus de 4.5,1.8334,0,False
16551834,LV Raiders vs. KC Chiefs,Rashee Rice,Total de réceptions Plus/Moins(Incl. Prolongations),767,71926,1753433174,4567016666,Rashee Rice (KC) moins de 4.5,Rashee Rice (KC) moins de 4.5,1.8,0,False
16551834,LV Raiders vs. KC Chiefs,Travis Kelce,Total de réceptions Plus/Moins(Incl. Prolongations),767,71926,1753432527,4567015525,Travis Kelce (KC) Plus de 4.5,Travis Kelce (KC) Plus de 4.5,1.9091,0,False
16551834,LV Raiders vs. KC Chiefs,Travis Kelce,Total de réceptions Plus/Moins(Incl. Prolongations),767,71926,1753432527,4567015526,Travis Kelce (KC) moins de 4.5,Travis Kelce (KC) moins de 4.5,1.7408,0,False
16551834,LV Raiders vs. KC Chiefs,Ashton Jeanty,Total de réceptions Plus/Moins(Incl. Prolongations),767,71926,1755912665,4574501505,Ashton Jeanty (LV) Plus de 3.5,Ashton Jeanty (LV) Plus de 3.5,2.0,0,False
16551834,LV Raiders vs. KC Chiefs,Ashton Jeanty,Total de réceptions Plus/Moins(Incl. Prolongations),767,71926,1755912665,4574501506,Ashton Jeanty (LV) moins de 3.5,Ashton Jeanty (LV) moins de 3.5,1.6667,0,False
16551834,LV Raiders vs. KC Chiefs,Kenneth Walker III,Total de réceptions Plus/Moins(Incl. Prolongations),767,71926,1753433083,4567016505,Kenneth Walker III (KC) Plus de 3.5,Kenneth Walker III (KC) Plus de 3.5,2.05,0,False
16551834,LV Raiders vs. KC Chiefs,Kenneth Walker III,Total de réceptions Plus/Moins(Incl. Prolongations),767,71926,1753433083,4567016506,Kenneth Walker III (KC) moins de 3.5,Kenneth Walker III (KC) moins de 3.5,1.625,0,False
16551834,LV Raiders vs. KC Chiefs,Tre Tucker,Total de réceptions Plus/Moins(Incl. Prolongations),767,71926,1753433129,4567016587,Tre Tucker (LV) Plus de 3.5,Tre Tucker (LV) Plus de 3.5,2.1,0,False
16551834,LV Raiders vs. KC Chiefs,Tre Tucker,Total de réceptions Plus/Moins(Incl. Prolongations),767,71926,1753433129,4567016588,Tre Tucker (LV) moins de 3.5,Tre Tucker (LV) moins de 3.5,1.6061,0,False
16551834,LV Raiders vs. KC Chiefs,Xavier Worthy,Total de réceptions Plus/Moins(Incl. Prolongations),767,71926,1753874617,4568348869,Xavier Worthy (KC) Plus de 2.5,Xavier Worthy (KC) Plus de 2.5,1.6667,0,False
16551834,LV Raiders vs. KC Chiefs,Xavier Worthy,Total de réceptions Plus/Moins(Incl. Prolongations),767,71926,1753874617,4568348870,Xavier Worthy (KC) moins de 2.5,Xavier Worthy (KC) moins de 2.5,2.0,0,False
16551834,LV Raiders vs. KC Chiefs,Michael Mayer,Total de réceptions Plus/Moins(Incl. Prolongations),767,71926,1755791127,4574174642,Michael Mayer (LV) Plus de 2.5,Michael Mayer (LV) Plus de 2.5,1.7693,0,False
16551834,LV Raiders vs. KC Chiefs,Michael Mayer,Total de réceptions Plus/Moins(Incl. Prolongations),767,71926,1755791127,4574174643,Michael Mayer (LV) moins de 2.5,Michael Mayer (LV) moins de 2.5,1.8696,0,False
16551834,LV Raiders vs. KC Chiefs,Jalen Nailor,Total de réceptions Plus/Moins(Incl. Prolongations),767,71926,1753432977,4567016322,Jalen Nailor (LV) Plus de 2.5,Jalen Nailor (LV) Plus de 2.5,2.3,0,False
16551834,LV Raiders vs. KC Chiefs,Jalen Nailor,Total de réceptions Plus/Moins(Incl. Prolongations),767,71926,1753432977,4567016323,Jalen Nailor (LV) moins de 2.5,Jalen Nailor (LV) moins de 2.5,1.5,0,False
16551834,LV Raiders vs. KC Chiefs,Tyquan Thornton,Total de réceptions Plus/Moins(Incl. Prolongations),767,71926,1753874549,4568348733,Tyquan Thornton (KC) Plus de 1.5,Tyquan Thornton (KC) Plus de 1.5,1.9091,0,False
16551834,LV Raiders vs. KC Chiefs,Tyquan Thornton,Total de réceptions Plus/Moins(Incl. Prolongations),767,71926,1753874549,4568348734,Tyquan Thornton (KC) moins de 1.5,Tyquan Thornton (KC) moins de 1.5,1.7408,0,False
16551834,LV Raiders vs. KC Chiefs,Emmett Johnson,Total de réceptions Plus/Moins(Incl. Prolongations),767,71926,1753433475,4567017185,Emmett Johnson (KC) Plus de 1.5,Emmett Johnson (KC) Plus de 1.5,2.25,0,False
16551834,LV Raiders vs. KC Chiefs,Emmett Johnson,Total de réceptions Plus/Moins(Incl. Prolongations),767,71926,1753433475,4567017186,Emmett Johnson (KC) moins de 1.5,Emmett Johnson (KC) moins de 1.5,1.5264,0,False
16551834,LV Raiders vs. KC Chiefs,Cody White,Total de réceptions Plus/Moins(Incl. Prolongations),767,71926,1755791105,4574174601,Cody White (LV) Plus de 1.5,Cody White (LV) Plus de 1.5,2.4,0,False
16551834,LV Raiders vs. KC Chiefs,Cody White,Total de réceptions Plus/Moins(Incl. Prolongations),767,71926,1755791105,4574174602,Cody White (LV) moins de 1.5,Cody White (LV) moins de 1.5,1.4546,0,False
16551834,LV Raiders vs. KC Chiefs,Noah Gray,Total de réceptions Plus/Moins(Incl. Prolongations),767,71926,1753432724,4567015872,Noah Gray (KC) Plus de 0.5,Noah Gray (KC) Plus de 0.5,1.4167,0,False
16551834,LV Raiders vs. KC Chiefs,Noah Gray,Total de réceptions Plus/Moins(Incl. Prolongations),767,71926,1753432724,4567015873,Noah Gray (KC) moins de 0.5,Noah Gray (KC) moins de 0.5,2.55,0,False
16551834,LV Raiders vs. KC Chiefs,Mike Washington Jr,Total de réceptions Plus/Moins(Incl. Prolongations),767,71926,1753433348,4567016961,Mike Washington Jr (LV) Plus de 0.5,Mike Washington Jr (LV) Plus de 0.5,2.05,0,False
16551834,LV Raiders vs. KC Chiefs,Mike Washington Jr,Total de réceptions Plus/Moins(Incl. Prolongations),767,71926,1753433348,4567016962,Mike Washington Jr (LV) moins de 0.5,Mike Washington Jr (LV) moins de 0.5,1.625,0,False
16551834,LV Raiders vs. KC Chiefs,Kirk Cousins,Passes du joueur interceptées Plus/Moins (Incl. Prolongations),2253,73703,1758398852,4582968112,Kirk Cousins (LVR) moins de 0.5,Kirk Cousins (LVR) moins de 0.5,2.0,0,False
16551834,LV Raiders vs. KC Chiefs,Kirk Cousins,Passes du joueur interceptées Plus/Moins (Incl. Prolongations),2253,73703,1758398852,4582968113,Kirk Cousins (LVR) Plus de 0.5,Kirk Cousins (LVR) Plus de 0.5,1.6667,0,False
16551834,LV Raiders vs. KC Chiefs,Patrick Mahomes,Passes du joueur interceptées Plus/Moins (Incl. Prolongations),2253,73703,1758398850,4582968108,Patrick Mahomes (KC) Plus de 0.5,Patrick Mahomes (KC) Plus de 0.5,2.05,0,False
16551834,LV Raiders vs. KC Chiefs,Patrick Mahomes,Passes du joueur interceptées Plus/Moins (Incl. Prolongations),2253,73703,1758398850,4582968109,Patrick Mahomes (KC) moins de 0.5,Patrick Mahomes (KC) moins de 0.5,1.625,0,False
16551834,LV Raiders vs. KC Chiefs,Kirk Cousins,"Passes complétées, Joueur (prolongations incluses) ",760,71921,1753432477,4567015434,Kirk Cousins (LV) Plus de 21.5,Kirk Cousins (LV) Plus de 21.5,1.7408,0,False
16551834,LV Raiders vs. KC Chiefs,Kirk Cousins,"Passes complétées, Joueur (prolongations incluses) ",760,71921,1753432477,4567015435,Kirk Cousins (LV) moins de 21.5,Kirk Cousins (LV) moins de 21.5,1.9091,0,False
16551834,LV Raiders vs. KC Chiefs,Patrick Mahomes,"Passes complétées, Joueur (prolongations incluses) ",760,71921,1755901655,4574476346,Patrick Mahomes (KC) Plus de 19.5,Patrick Mahomes (KC) Plus de 19.5,1.6897,0,False
16551834,LV Raiders vs. KC Chiefs,Patrick Mahomes,"Passes complétées, Joueur (prolongations incluses) ",760,71921,1755901655,4574476347,Patrick Mahomes (KC) moins de 19.5,Patrick Mahomes (KC) moins de 19.5,1.9524,0,False
16551834,LV Raiders vs. KC Chiefs,Kirk Cousins,Tentatives de passes du joueur Plus/Moins (Incl. Prolongations),2252,73702,1755911241,4574498286,Kirk Cousins (LV) Plus de 32.5,Kirk Cousins (LV) Plus de 32.5,1.8696,0,False
16551834,LV Raiders vs. KC Chiefs,Kirk Cousins,Tentatives de passes du joueur Plus/Moins (Incl. Prolongations),2252,73702,1755911241,4574498287,Kirk Cousins (LV) moins de 32.5,Kirk Cousins (LV) moins de 32.5,1.7693,0,False
16551834,LV Raiders vs. KC Chiefs,Patrick Mahomes,Tentatives de passes du joueur Plus/Moins (Incl. Prolongations),2252,73702,1755901654,4574476344,Patrick Mahomes (KC) Plus de 30.5,Patrick Mahomes (KC) Plus de 30.5,1.8696,0,False
16551834,LV Raiders vs. KC Chiefs,Patrick Mahomes,Tentatives de passes du joueur Plus/Moins (Incl. Prolongations),2252,73702,1755901654,4574476345,Patrick Mahomes (KC) moins de 30.5,Patrick Mahomes (KC) moins de 30.5,1.7693,0,False
16551834,LV Raiders vs. KC Chiefs,Rashee Rice,Joueuer Plus longue réception (prolongations incluses) ,2009,72300,1754073675,4569155764,Rashee Rice (KC) Plus de 22.5,Rashee Rice (KC) Plus de 22.5,1.8334,0,False
16551834,LV Raiders vs. KC Chiefs,Rashee Rice,Joueuer Plus longue réception (prolongations incluses) ,2009,72300,1754073675,4569155765,Rashee Rice (KC) moins de 22.5,Rashee Rice (KC) moins de 22.5,1.8,0,False
16551834,LV Raiders vs. KC Chiefs,Brock Bowers,Joueuer Plus longue réception (prolongations incluses) ,2009,72300,1757184943,4578788908,Brock Bowers (LV) Plus de 21.5,Brock Bowers (LV) Plus de 21.5,1.8696,0,False
16551834,LV Raiders vs. KC Chiefs,Brock Bowers,Joueuer Plus longue réception (prolongations incluses) ,2009,72300,1757184943,4578788909,Brock Bowers (LV) moins de 21.5,Brock Bowers (LV) moins de 21.5,1.7693,0,False
16551834,LV Raiders vs. KC Chiefs,Travis Kelce,Joueuer Plus longue réception (prolongations incluses) ,2009,72300,1753432528,4567015528,Travis Kelce (KC) moins de 19.5,Travis Kelce (KC) moins de 19.5,1.8,0,False
16551834,LV Raiders vs. KC Chiefs,Travis Kelce,Joueuer Plus longue réception (prolongations incluses) ,2009,72300,1753432528,4567015527,Travis Kelce (KC) Plus de 19.5,Travis Kelce (KC) Plus de 19.5,1.8334,0,False
16551834,LV Raiders vs. KC Chiefs,Tre Tucker,Joueuer Plus longue réception (prolongations incluses) ,2009,72300,1753874577,4568348789,Tre Tucker (LV) Plus de 19.5,Tre Tucker (LV) Plus de 19.5,1.8696,0,False
16551834,LV Raiders vs. KC Chiefs,Tre Tucker,Joueuer Plus longue réception (prolongations incluses) ,2009,72300,1753874577,4568348790,Tre Tucker (LV) moins de 19.5,Tre Tucker (LV) moins de 19.5,1.7693,0,False
16551834,LV Raiders vs. KC Chiefs,Xavier Worthy,Joueuer Plus longue réception (prolongations incluses) ,2009,72300,1753874618,4568348872,Xavier Worthy (KC) moins de 18.5,Xavier Worthy (KC) moins de 18.5,1.8696,0,False
16551834,LV Raiders vs. KC Chiefs,Xavier Worthy,Joueuer Plus longue réception (prolongations incluses) ,2009,72300,1753874618,4568348871,Xavier Worthy (KC) Plus de 18.5,Xavier Worthy (KC) Plus de 18.5,1.7693,0,False
16551834,LV Raiders vs. KC Chiefs,Tyquan Thornton,Joueuer Plus longue réception (prolongations incluses) ,2009,72300,1754073631,4569155685,Tyquan Thornton (KC) Plus de 16.5,Tyquan Thornton (KC) Plus de 16.5,1.7693,0,False
16551834,LV Raiders vs. KC Chiefs,Tyquan Thornton,Joueuer Plus longue réception (prolongations incluses) ,2009,72300,1754073631,4569155686,Tyquan Thornton (KC) moins de 16.5,Tyquan Thornton (KC) moins de 16.5,1.8696,0,False
16551834,LV Raiders vs. KC Chiefs,Jalen Nailor,Joueuer Plus longue réception (prolongations incluses) ,2009,72300,1755916591,4574510851,Jalen Nailor (LV) Plus de 13.5,Jalen Nailor (LV) Plus de 13.5,1.7693,0,False
16551834,LV Raiders vs. KC Chiefs,Jalen Nailor,Joueuer Plus longue réception (prolongations incluses) ,2009,72300,1755916591,4574510852,Jalen Nailor (LV) moins de 13.5,Jalen Nailor (LV) moins de 13.5,1.8696,0,False
16551834,LV Raiders vs. KC Chiefs,Michael Mayer,Joueuer Plus longue réception (prolongations incluses) ,2009,72300,1755901371,4574475672,Michael Mayer (LV) Plus de 12.5,Michael Mayer (LV) Plus de 12.5,1.8696,0,False
16551834,LV Raiders vs. KC Chiefs,Michael Mayer,Joueuer Plus longue réception (prolongations incluses) ,2009,72300,1755901371,4574475673,Michael Mayer (LV) moins de 12.5,Michael Mayer (LV) moins de 12.5,1.7693,0,False
16551834,LV Raiders vs. KC Chiefs,Ashton Jeanty,Joueuer Plus longue réception (prolongations incluses) ,2009,72300,1755912666,4574501507,Ashton Jeanty (LV) Plus de 11.5,Ashton Jeanty (LV) Plus de 11.5,1.8696,0,False
16551834,LV Raiders vs. KC Chiefs,Ashton Jeanty,Joueuer Plus longue réception (prolongations incluses) ,2009,72300,1755912666,4574501508,Ashton Jeanty (LV) moins de 11.5,Ashton Jeanty (LV) moins de 11.5,1.7693,0,False
16551834,LV Raiders vs. KC Chiefs,Kenneth Walker III,Joueuer Plus longue réception (prolongations incluses) ,2009,72300,1753433084,4567016507,Kenneth Walker III (KC) Plus de 11.5,Kenneth Walker III (KC) Plus de 11.5,1.8696,0,False
16551834,LV Raiders vs. KC Chiefs,Kenneth Walker III,Joueuer Plus longue réception (prolongations incluses) ,2009,72300,1753433084,4567016508,Kenneth Walker III (KC) moins de 11.5,Kenneth Walker III (KC) moins de 11.5,1.7693,0,False
16551834,LV Raiders vs. KC Chiefs,Cody White,Joueuer Plus longue réception (prolongations incluses) ,2009,72300,1755791106,4574174603,Cody White (LV) Plus de 8.5,Cody White (LV) Plus de 8.5,1.8,0,False
16551834,LV Raiders vs. KC Chiefs,Cody White,Joueuer Plus longue réception (prolongations incluses) ,2009,72300,1755791106,4574174604,Cody White (LV) moins de 8.5,Cody White (LV) moins de 8.5,1.8334,0,False
16551834,LV Raiders vs. KC Chiefs,Emmett Johnson,Joueuer Plus longue réception (prolongations incluses) ,2009,72300,1754073700,4569155813,Emmett Johnson (KC) Plus de 6.5,Emmett Johnson (KC) Plus de 6.5,1.8696,0,False
16551834,LV Raiders vs. KC Chiefs,Emmett Johnson,Joueuer Plus longue réception (prolongations incluses) ,2009,72300,1754073700,4569155814,Emmett Johnson (KC) moins de 6.5,Emmett Johnson (KC) moins de 6.5,1.7693,0,False
16551834,LV Raiders vs. KC Chiefs,Noah Gray,Joueuer Plus longue réception (prolongations incluses) ,2009,72300,1754073628,4569155680,Noah Gray (KC) moins de 6.5,Noah Gray (KC) moins de 6.5,1.7693,0,False
16551834,LV Raiders vs. KC Chiefs,Noah Gray,Joueuer Plus longue réception (prolongations incluses) ,2009,72300,1754073628,4569155679,Noah Gray (KC) Plus de 6.5,Noah Gray (KC) Plus de 6.5,1.8696,0,False
16551834,LV Raiders vs. KC Chiefs,Mike Washington Jr,Joueuer Plus longue réception (prolongations incluses) ,2009,72300,1753433349,4567016963,Mike Washington Jr (LV) Plus de 0.5,Mike Washington Jr (LV) Plus de 0.5,2.25,0,False
16551834,LV Raiders vs. KC Chiefs,Mike Washington Jr,Joueuer Plus longue réception (prolongations incluses) ,2009,72300,1753433349,4567016964,Mike Washington Jr (LV) moins de 0.5,Mike Washington Jr (LV) moins de 0.5,1.5264,0,False
16551834,LV Raiders vs. KC Chiefs,Patrick Mahomes,Joueur Plus longue passe complétée (prolongations incluses) ,2001,72292,1754021040,4569012872,Patrick Mahomes (KC) Plus de 38.5,Patrick Mahomes (KC) Plus de 38.5,1.7693,0,False
16551834,LV Raiders vs. KC Chiefs,Patrick Mahomes,Joueur Plus longue passe complétée (prolongations incluses) ,2001,72292,1754021040,4569012873,Patrick Mahomes (KC) moins de 38.5,Patrick Mahomes (KC) moins de 38.5,1.8696,0,False
16551834,LV Raiders vs. KC Chiefs,Kirk Cousins,Joueur Plus longue passe complétée (prolongations incluses) ,2001,72292,1754842125,4571283222,Kirk Cousins (LV) Plus de 33.5,Kirk Cousins (LV) Plus de 33.5,1.8696,0,False
16551834,LV Raiders vs. KC Chiefs,Kirk Cousins,Joueur Plus longue passe complétée (prolongations incluses) ,2001,72292,1754842125,4571283223,Kirk Cousins (LV) moins de 33.5,Kirk Cousins (LV) moins de 33.5,1.7693,0,False
16551834,LV Raiders vs. KC Chiefs,Harrison Butker,Points de tir du joueur Plus/Moins (prolongations incluses) ,2003,72294,1755905205,4574484264,Harrison Butker (KC) moins de 7.5,Harrison Butker (KC) moins de 7.5,1.8696,0,False
16551834,LV Raiders vs. KC Chiefs,Harrison Butker,Points de tir du joueur Plus/Moins (prolongations incluses) ,2003,72294,1755905205,4574484263,Harrison Butker (KC) Plus de 7.5,Harrison Butker (KC) Plus de 7.5,1.7693,0,False
16551834,LV Raiders vs. KC Chiefs,Matt Gay,Points de tir du joueur Plus/Moins (prolongations incluses) ,2003,72294,1753432821,4567016043,Matt Gay (LV) Plus de 6.5,Matt Gay (LV) Plus de 6.5,1.8334,0,False
16551834,LV Raiders vs. KC Chiefs,Matt Gay,Points de tir du joueur Plus/Moins (prolongations incluses) ,2003,72294,1753432821,4567016044,Matt Gay (LV) moins de 6.5,Matt Gay (LV) moins de 6.5,1.8,0,False
16551834,LV Raiders vs. KC Chiefs,Harrison Butker,Field goals du joueur (prolongations incluses) ,769,71927,1753432594,4567015638,Harrison Butker (KC) Plus de 1.5,Harrison Butker (KC) Plus de 1.5,1.6897,0,False
16551834,LV Raiders vs. KC Chiefs,Harrison Butker,Field goals du joueur (prolongations incluses) ,769,71927,1753432594,4567015639,Harrison Butker (KC) moins de 1.5,Harrison Butker (KC) moins de 1.5,1.9524,0,False
16551834,LV Raiders vs. KC Chiefs,Matt Gay,Field goals du joueur (prolongations incluses) ,769,71927,1753432819,4567016040,Matt Gay (LV) moins de 1.5,Matt Gay (LV) moins de 1.5,1.7693,0,False
16551834,LV Raiders vs. KC Chiefs,Matt Gay,Field goals du joueur (prolongations incluses) ,769,71927,1753432819,4567016039,Matt Gay (LV) Plus de 1.5,Matt Gay (LV) Plus de 1.5,1.8696,0,False
16551834,LV Raiders vs. KC Chiefs,Hezekiah Masses,Interceptions défensives Plus/Moins (prolongations incluses),3304,73828,1753433625,4567017448,Hezekiah Masses (LV) moins de 0.5,Hezekiah Masses (LV) moins de 0.5,1.1429,0,False
16551834,LV Raiders vs. KC Chiefs,Hezekiah Masses,Interceptions défensives Plus/Moins (prolongations incluses),3304,73828,1753433625,4567017447,Hezekiah Masses (LV) Plus de 0.5,Hezekiah Masses (LV) Plus de 0.5,4.5,0,False
16551834,LV Raiders vs. KC Chiefs,Alohi Gilman,Interceptions défensives Plus/Moins (prolongations incluses),3304,73828,1753432688,4567015811,Alohi Gilman (KC) Plus de 0.5,Alohi Gilman (KC) Plus de 0.5,5.0,0,False
16551834,LV Raiders vs. KC Chiefs,Alohi Gilman,Interceptions défensives Plus/Moins (prolongations incluses),3304,73828,1753432688,4567015812,Alohi Gilman (KC) moins de 0.5,Alohi Gilman (KC) moins de 0.5,1.1112,0,False
16551834,LV Raiders vs. KC Chiefs,Chamarri Conner,Interceptions défensives Plus/Moins (prolongations incluses),3304,73828,1753432967,4567016304,Chamarri Conner (KC) Plus de 0.5,Chamarri Conner (KC) Plus de 0.5,6.5,0,False
16551834,LV Raiders vs. KC Chiefs,Chamarri Conner,Interceptions défensives Plus/Moins (prolongations incluses),3304,73828,1753432967,4567016305,Chamarri Conner (KC) moins de 0.5,Chamarri Conner (KC) moins de 0.5,1.0589,0,False
16551834,LV Raiders vs. KC Chiefs,Nohl Williams,Interceptions défensives Plus/Moins (prolongations incluses),3304,73828,1753433209,4567016725,Nohl Williams (KC) Plus de 0.5,Nohl Williams (KC) Plus de 0.5,6.5,0,False
16551834,LV Raiders vs. KC Chiefs,Nohl Williams,Interceptions défensives Plus/Moins (prolongations incluses),3304,73828,1753433209,4567016726,Nohl Williams (KC) moins de 0.5,Nohl Williams (KC) moins de 0.5,1.0589,0,False
16551834,LV Raiders vs. KC Chiefs,Jaden Hicks,Interceptions défensives Plus/Moins (prolongations incluses),3304,73828,1753433438,4567017122,Jaden Hicks (KC) Plus de 0.5,Jaden Hicks (KC) Plus de 0.5,6.75,0,False
16551834,LV Raiders vs. KC Chiefs,Jaden Hicks,Interceptions défensives Plus/Moins (prolongations incluses),3304,73828,1753433438,4567017123,Jaden Hicks (KC) moins de 0.5,Jaden Hicks (KC) moins de 0.5,1.05,0,False
16551834,LV Raiders vs. KC Chiefs,L'Jarius Sneed,Interceptions défensives Plus/Moins (prolongations incluses),3304,73828,1753432676,4567015789,L'Jarius Sneed (KC) Plus de 0.5,L'Jarius Sneed (KC) Plus de 0.5,6.75,0,False
16551834,LV Raiders vs. KC Chiefs,L'Jarius Sneed,Interceptions défensives Plus/Moins (prolongations incluses),3304,73828,1753432676,4567015790,L'Jarius Sneed (KC) moins de 0.5,L'Jarius Sneed (KC) moins de 0.5,1.05,0,False
16551834,LV Raiders vs. KC Chiefs,Treydan Stukes,Interceptions défensives Plus/Moins (prolongations incluses),3304,73828,1753433252,4567016800,Treydan Stukes (LV) moins de 0.5,Treydan Stukes (LV) moins de 0.5,1.04,0,False
16551834,LV Raiders vs. KC Chiefs,Treydan Stukes,Interceptions défensives Plus/Moins (prolongations incluses),3304,73828,1753433252,4567016799,Treydan Stukes (LV) Plus de 0.5,Treydan Stukes (LV) Plus de 0.5,7.25,0,False
16551834,LV Raiders vs. KC Chiefs,Nick Bolton,Interceptions défensives Plus/Moins (prolongations incluses),3304,73828,1753432973,4567016315,Nick Bolton (KC) Plus de 0.5,Nick Bolton (KC) Plus de 0.5,7.5,0,False
16551834,LV Raiders vs. KC Chiefs,Nick Bolton,Interceptions défensives Plus/Moins (prolongations incluses),3304,73828,1753432973,4567016316,Nick Bolton (KC) moins de 0.5,Nick Bolton (KC) moins de 0.5,1.0334,0,False
16551834,LV Raiders vs. KC Chiefs,Drue Tranquill,Interceptions défensives Plus/Moins (prolongations incluses),3304,73828,1753432659,4567015758,Drue Tranquill (KC) Plus de 0.5,Drue Tranquill (KC) Plus de 0.5,8.5,0,False
16551834,LV Raiders vs. KC Chiefs,Drue Tranquill,Interceptions défensives Plus/Moins (prolongations incluses),3304,73828,1753432659,4567015759,Drue Tranquill (KC) moins de 0.5,Drue Tranquill (KC) moins de 0.5,1.02,0,False
16551834,LV Raiders vs. KC Chiefs,Eric Stokes,Interceptions défensives Plus/Moins (prolongations incluses),3304,73828,1753432826,4567016053,Eric Stokes (LV) Plus de 0.5,Eric Stokes (LV) Plus de 0.5,8.5,0,False
16551834,LV Raiders vs. KC Chiefs,Eric Stokes,Interceptions défensives Plus/Moins (prolongations incluses),3304,73828,1753432826,4567016054,Eric Stokes (LV) moins de 0.5,Eric Stokes (LV) moins de 0.5,1.02,0,False
16551834,LV Raiders vs. KC Chiefs,Jeremy Chinn,Interceptions défensives Plus/Moins (prolongations incluses),3304,73828,1753432682,4567015800,Jeremy Chinn (LV) Plus de 0.5,Jeremy Chinn (LV) Plus de 0.5,8.5,0,False
16551834,LV Raiders vs. KC Chiefs,Jeremy Chinn,Interceptions défensives Plus/Moins (prolongations incluses),3304,73828,1753432682,4567015801,Jeremy Chinn (LV) moins de 0.5,Jeremy Chinn (LV) moins de 0.5,1.02,0,False
16551834,LV Raiders vs. KC Chiefs,Quay Walker,Interceptions défensives Plus/Moins (prolongations incluses),3304,73828,1753433079,4567016498,Quay Walker (LV) Plus de 0.5,Quay Walker (LV) Plus de 0.5,8.5,0,False
16551834,LV Raiders vs. KC Chiefs,Quay Walker,Interceptions défensives Plus/Moins (prolongations incluses),3304,73828,1753433079,4567016499,Quay Walker (LV) moins de 0.5,Quay Walker (LV) moins de 0.5,1.02,0,False
16551834,LV Raiders vs. KC Chiefs,Taron Johnson,Interceptions défensives Plus/Moins (prolongations incluses),3304,73828,1753432601,4567015652,Taron Johnson (LV) Plus de 0.5,Taron Johnson (LV) Plus de 0.5,8.5,0,False
16551834,LV Raiders vs. KC Chiefs,Taron Johnson,Interceptions défensives Plus/Moins (prolongations incluses),3304,73828,1753432601,4567015653,Taron Johnson (LV) moins de 0.5,Taron Johnson (LV) moins de 0.5,1.02,0,False
16551834,LV Raiders vs. KC Chiefs,Chris Roland,Interceptions défensives Plus/Moins (prolongations incluses),3304,73828,1753433158,4567016636,Chris Roland (KC) Plus de 0.5,Chris Roland (KC) Plus de 0.5,9.0,0,False
16551834,LV Raiders vs. KC Chiefs,Chris Roland,Interceptions défensives Plus/Moins (prolongations incluses),3304,73828,1753433158,4567016637,Chris Roland (KC) moins de 0.5,Chris Roland (KC) moins de 0.5,0.0,7,False
16551834,LV Raiders vs. KC Chiefs,Darien Porter,Interceptions défensives Plus/Moins (prolongations incluses),3304,73828,1753433170,4567016658,Darien Porter (LV) Plus de 0.5,Darien Porter (LV) Plus de 0.5,9.0,0,False
16551834,LV Raiders vs. KC Chiefs,Darien Porter,Interceptions défensives Plus/Moins (prolongations incluses),3304,73828,1753433170,4567016659,Darien Porter (LV) moins de 0.5,Darien Porter (LV) moins de 0.5,0.0,7,False
16551834,LV Raiders vs. KC Chiefs,Isaiah Pola-Mao,Interceptions défensives Plus/Moins (prolongations incluses),3304,73828,1753432817,4567016036,Isaiah Pola-Mao (LV) Plus de 0.5,Isaiah Pola-Mao (LV) Plus de 0.5,9.0,0,False
16551834,LV Raiders vs. KC Chiefs,Isaiah Pola-Mao,Interceptions défensives Plus/Moins (prolongations incluses),3304,73828,1753432817,4567016037,Isaiah Pola-Mao (LV) moins de 0.5,Isaiah Pola-Mao (LV) moins de 0.5,0.0,7,False
16551834,LV Raiders vs. KC Chiefs,Jack Cochrane,Interceptions défensives Plus/Moins (prolongations incluses),3304,73828,1753432805,4567016014,Jack Cochrane (KC) Plus de 0.5,Jack Cochrane (KC) Plus de 0.5,9.0,0,False
16551834,LV Raiders vs. KC Chiefs,Jack Cochrane,Interceptions défensives Plus/Moins (prolongations incluses),3304,73828,1753432805,4567016015,Jack Cochrane (KC) moins de 0.5,Jack Cochrane (KC) moins de 0.5,0.0,7,False
16551834,LV Raiders vs. KC Chiefs,Jadon Canady,Interceptions défensives Plus/Moins (prolongations incluses),3304,73828,1753433432,4567017112,Jadon Canady (KC) moins de 0.5,Jadon Canady (KC) moins de 0.5,0.0,7,False
16551834,LV Raiders vs. KC Chiefs,Jadon Canady,Interceptions défensives Plus/Moins (prolongations incluses),3304,73828,1753433432,4567017111,Jadon Canady (KC) Plus de 0.5,Jadon Canady (KC) Plus de 0.5,9.0,0,False
16551834,LV Raiders vs. KC Chiefs,Jeffrey Bassa,Interceptions défensives Plus/Moins (prolongations incluses),3304,73828,1753433312,4567016900,Jeffrey Bassa (KC) Plus de 0.5,Jeffrey Bassa (KC) Plus de 0.5,9.0,0,False
16551834,LV Raiders vs. KC Chiefs,Jeffrey Bassa,Interceptions défensives Plus/Moins (prolongations incluses),3304,73828,1753433312,4567016901,Jeffrey Bassa (KC) moins de 0.5,Jeffrey Bassa (KC) moins de 0.5,0.0,7,False
16551834,LV Raiders vs. KC Chiefs,Jermod McCoy,Interceptions défensives Plus/Moins (prolongations incluses),3304,73828,1753433747,4567017661,Jermod McCoy (LV) Plus de 0.5,Jermod McCoy (LV) Plus de 0.5,9.0,0,False
16551834,LV Raiders vs. KC Chiefs,Jermod McCoy,Interceptions défensives Plus/Moins (prolongations incluses),3304,73828,1753433747,4567017662,Jermod McCoy (LV) moins de 0.5,Jermod McCoy (LV) moins de 0.5,0.0,7,False
16551834,LV Raiders vs. KC Chiefs,Kristian Fulton,Interceptions défensives Plus/Moins (prolongations incluses),3304,73828,1753432670,4567015778,Kristian Fulton (KC) Plus de 0.5,Kristian Fulton (KC) Plus de 0.5,9.0,0,False
16551834,LV Raiders vs. KC Chiefs,Kristian Fulton,Interceptions défensives Plus/Moins (prolongations incluses),3304,73828,1753432670,4567015779,Kristian Fulton (KC) moins de 0.5,Kristian Fulton (KC) moins de 0.5,0.0,7,False
16551834,LV Raiders vs. KC Chiefs,Nakobe Dean,Interceptions défensives Plus/Moins (prolongations incluses),3304,73828,1753433164,4567016648,Nakobe Dean (LV) moins de 0.5,Nakobe Dean (LV) moins de 0.5,0.0,7,False
16551834,LV Raiders vs. KC Chiefs,Nakobe Dean,Interceptions défensives Plus/Moins (prolongations incluses),3304,73828,1753433164,4567016647,Nakobe Dean (LV) Plus de 0.5,Nakobe Dean (LV) Plus de 0.5,9.0,0,False
16551834,LV Raiders vs. KC Chiefs,Tommy Eichenberg,Interceptions défensives Plus/Moins (prolongations incluses),3304,73828,1753433203,4567016714,Tommy Eichenberg (LV) Plus de 0.5,Tommy Eichenberg (LV) Plus de 0.5,9.0,0,False
16551834,LV Raiders vs. KC Chiefs,Tommy Eichenberg,Interceptions défensives Plus/Moins (prolongations incluses),3304,73828,1753433203,4567016715,Tommy Eichenberg (LV) moins de 0.5,Tommy Eichenberg (LV) moins de 0.5,0.0,7,False
16551834,LV Raiders vs. KC Chiefs,Xavier Nwankpa,Interceptions défensives Plus/Moins (prolongations incluses),3304,73828,1753433592,4567017392,Xavier Nwankpa (KC) moins de 0.5,Xavier Nwankpa (KC) moins de 0.5,0.0,7,False
16551834,LV Raiders vs. KC Chiefs,Xavier Nwankpa,Interceptions défensives Plus/Moins (prolongations incluses),3304,73828,1753433592,4567017391,Xavier Nwankpa (KC) Plus de 0.5,Xavier Nwankpa (KC) Plus de 0.5,9.0,0,False
16551834,LV Raiders vs. KC Chiefs,Kenneth Walker III,1ère mi-temps - Total de yards à la course du joueur Plus/Moins,31470,77064,1755902842,4574479035,Kenneth Walker III (KC) Plus de 41.5,Kenneth Walker III (KC) Plus de 41.5,1.7693,0,False
16551834,LV Raiders vs. KC Chiefs,Kenneth Walker III,1ère mi-temps - Total de yards à la course du joueur Plus/Moins,31470,77064,1755902842,4574479036,Kenneth Walker III (KC) moins de 41.5,Kenneth Walker III (KC) moins de 41.5,1.8334,0,False
16551834,LV Raiders vs. KC Chiefs,Ashton Jeanty,1ère mi-temps - Total de yards à la course du joueur Plus/Moins,31470,77064,1759750860,4587509373,Ashton Jeanty (LV) Plus de 28.5,Ashton Jeanty (LV) Plus de 28.5,1.8334,0,False
16551834,LV Raiders vs. KC Chiefs,Ashton Jeanty,1ère mi-temps - Total de yards à la course du joueur Plus/Moins,31470,77064,1759750860,4587509374,Ashton Jeanty (LV) moins de 28.5,Ashton Jeanty (LV) moins de 28.5,1.7693,0,False
16551834,LV Raiders vs. KC Chiefs,Mike Washington Jr,1ère mi-temps - Total de yards à la course du joueur Plus/Moins,31470,77064,1753874606,4568348848,Mike Washington Jr (LV) moins de 6.5,Mike Washington Jr (LV) moins de 6.5,1.8334,0,False
16551834,LV Raiders vs. KC Chiefs,Mike Washington Jr,1ère mi-temps - Total de yards à la course du joueur Plus/Moins,31470,77064,1753874606,4568348847,Mike Washington Jr (LV) Plus de 6.5,Mike Washington Jr (LV) Plus de 6.5,1.7693,0,False
16551834,LV Raiders vs. KC Chiefs,Patrick Mahomes,1ère mi-temps - Total de yards à la course du joueur Plus/Moins,31470,77064,1755901662,4574476360,Patrick Mahomes (KC) Plus de 6.5,Patrick Mahomes (KC) Plus de 6.5,1.8334,0,False
16551834,LV Raiders vs. KC Chiefs,Patrick Mahomes,1ère mi-temps - Total de yards à la course du joueur Plus/Moins,31470,77064,1755901662,4574476361,Patrick Mahomes (KC) moins de 6.5,Patrick Mahomes (KC) moins de 6.5,1.7693,0,False
16551834,LV Raiders vs. KC Chiefs,Emmett Johnson,1ère mi-temps - Total de yards à la course du joueur Plus/Moins,31470,77064,1754073702,4569155817,Emmett Johnson (KC) Plus de 5.5,Emmett Johnson (KC) Plus de 5.5,1.7408,0,False
16551834,LV Raiders vs. KC Chiefs,Emmett Johnson,1ère mi-temps - Total de yards à la course du joueur Plus/Moins,31470,77064,1754073702,4569155818,Emmett Johnson (KC) moins de 5.5,Emmett Johnson (KC) moins de 5.5,1.8696,0,False
16551834,LV Raiders vs. KC Chiefs,Kirk Cousins,1ère mi-temps - Total de yards à la course du joueur Plus/Moins,31470,77064,1753432504,4567015488,Kirk Cousins (LV) Plus de 0.5,Kirk Cousins (LV) Plus de 0.5,2.05,0,False
16551834,LV Raiders vs. KC Chiefs,Kirk Cousins,1ère mi-temps - Total de yards à la course du joueur Plus/Moins,31470,77064,1753432504,4567015489,Kirk Cousins (LV) moins de 0.5,Kirk Cousins (LV) moins de 0.5,1.6061,0,False
16551834,LV Raiders vs. KC Chiefs,Kenneth Walker III,1ère mi-temps - Touchdowns de course du joueur Plus / Moins,31473,77067,1753433101,4567016541,Kenneth Walker III (KC) Plus de 0.5,Kenneth Walker III (KC) Plus de 0.5,2.65,0,False
16551834,LV Raiders vs. KC Chiefs,Kenneth Walker III,1ère mi-temps - Touchdowns de course du joueur Plus / Moins,31473,77067,1753433101,4567016542,Kenneth Walker III (KC) moins de 0.5,Kenneth Walker III (KC) moins de 0.5,1.3637,0,False
16551834,LV Raiders vs. KC Chiefs,Ashton Jeanty,1ère mi-temps - Touchdowns de course du joueur Plus / Moins,31473,77067,1753433534,4567017294,Ashton Jeanty (LV) Plus de 0.5,Ashton Jeanty (LV) Plus de 0.5,3.1,0,False
16551834,LV Raiders vs. KC Chiefs,Ashton Jeanty,1ère mi-temps - Touchdowns de course du joueur Plus / Moins,31473,77067,1753433534,4567017295,Ashton Jeanty (LV) moins de 0.5,Ashton Jeanty (LV) moins de 0.5,1.2667,0,False
16551834,LV Raiders vs. KC Chiefs,Patrick Mahomes,1ère mi-temps - Touchdowns de course du joueur Plus / Moins,31473,77067,1753432637,4567015723,Patrick Mahomes (KC) Plus de 0.5,Patrick Mahomes (KC) Plus de 0.5,6.0,0,False
16551834,LV Raiders vs. KC Chiefs,Patrick Mahomes,1ère mi-temps - Touchdowns de course du joueur Plus / Moins,31473,77067,1753432637,4567015724,Patrick Mahomes (KC) moins de 0.5,Patrick Mahomes (KC) moins de 0.5,1.0589,0,False
16551834,LV Raiders vs. KC Chiefs,Mike Washington Jr,1ère mi-temps - Touchdowns de course du joueur Plus / Moins,31473,77067,1753433366,4567016997,Mike Washington Jr (LV) Plus de 0.5,Mike Washington Jr (LV) Plus de 0.5,6.75,0,False
16551834,LV Raiders vs. KC Chiefs,Mike Washington Jr,1ère mi-temps - Touchdowns de course du joueur Plus / Moins,31473,77067,1753433366,4567016998,Mike Washington Jr (LV) moins de 0.5,Mike Washington Jr (LV) moins de 0.5,1.04,0,False
16551834,LV Raiders vs. KC Chiefs,Emmett Johnson,1ère mi-temps - Touchdowns de course du joueur Plus / Moins,31473,77067,1753433493,4567017221,Emmett Johnson (KC) Plus de 0.5,Emmett Johnson (KC) Plus de 0.5,7.5,0,False
16551834,LV Raiders vs. KC Chiefs,Emmett Johnson,1ère mi-temps - Touchdowns de course du joueur Plus / Moins,31473,77067,1753433493,4567017222,Emmett Johnson (KC) moins de 0.5,Emmett Johnson (KC) moins de 0.5,1.02,0,False
16551834,LV Raiders vs. KC Chiefs,Brashard Smith,1ère mi-temps - Touchdowns de course du joueur Plus / Moins,31473,77067,1753433407,4567017070,Brashard Smith (KC) Plus de 0.5,Brashard Smith (KC) Plus de 0.5,8.5,0,False
16551834,LV Raiders vs. KC Chiefs,Brashard Smith,1ère mi-temps - Touchdowns de course du joueur Plus / Moins,31473,77067,1753433407,4567017071,Brashard Smith (KC) moins de 0.5,Brashard Smith (KC) moins de 0.5,0.0,7,False
16551834,LV Raiders vs. KC Chiefs,Kirk Cousins,1ère mi-temps - Touchdowns de course du joueur Plus / Moins,31473,77067,1753432507,4567015494,Kirk Cousins (LV) Plus de 0.5,Kirk Cousins (LV) Plus de 0.5,8.5,0,False
16551834,LV Raiders vs. KC Chiefs,Kirk Cousins,1ère mi-temps - Touchdowns de course du joueur Plus / Moins,31473,77067,1753432507,4567015495,Kirk Cousins (LV) moins de 0.5,Kirk Cousins (LV) moins de 0.5,0.0,7,False
16551834,LV Raiders vs. KC Chiefs,Kenneth Walker III,1ère mi-temps - Tentatives de rushing du joueur Plus/Moins,31482,77076,1755901363,4574475656,Kenneth Walker III (KC) Plus de 8.5,Kenneth Walker III (KC) Plus de 8.5,1.6667,0,False
16551834,LV Raiders vs. KC Chiefs,Kenneth Walker III,1ère mi-temps - Tentatives de rushing du joueur Plus/Moins,31482,77076,1755901363,4574475657,Kenneth Walker III (KC) moins de 8.5,Kenneth Walker III (KC) moins de 8.5,1.9524,0,False
16551834,LV Raiders vs. KC Chiefs,Ashton Jeanty,1ère mi-temps - Tentatives de rushing du joueur Plus/Moins,31482,77076,1755938558,4574561867,Ashton Jeanty (LV) Plus de 8.5,Ashton Jeanty (LV) Plus de 8.5,1.8,0,False
16551834,LV Raiders vs. KC Chiefs,Ashton Jeanty,1ère mi-temps - Tentatives de rushing du joueur Plus/Moins,31482,77076,1755938558,4574561868,Ashton Jeanty (LV) moins de 8.5,Ashton Jeanty (LV) moins de 8.5,1.8,0,False
16551834,LV Raiders vs. KC Chiefs,Mike Washington Jr,1ère mi-temps - Tentatives de rushing du joueur Plus/Moins,31482,77076,1754021057,4569012906,Mike Washington Jr (LV) Plus de 2.5,Mike Washington Jr (LV) Plus de 2.5,2.15,0,False
16551834,LV Raiders vs. KC Chiefs,Mike Washington Jr,1ère mi-temps - Tentatives de rushing du joueur Plus/Moins,31482,77076,1754021057,4569012907,Mike Washington Jr (LV) moins de 2.5,Mike Washington Jr (LV) moins de 2.5,1.5556,0,False
16551834,LV Raiders vs. KC Chiefs,Emmett Johnson,1ère mi-temps - Tentatives de rushing du joueur Plus/Moins,31482,77076,1753433496,4567017227,Emmett Johnson (KC) Plus de 1.5,Emmett Johnson (KC) Plus de 1.5,1.6061,0,False
16551834,LV Raiders vs. KC Chiefs,Emmett Johnson,1ère mi-temps - Tentatives de rushing du joueur Plus/Moins,31482,77076,1753433496,4567017228,Emmett Johnson (KC) moins de 1.5,Emmett Johnson (KC) moins de 1.5,2.05,0,False
16551834,LV Raiders vs. KC Chiefs,Patrick Mahomes,1ère mi-temps - Tentatives de rushing du joueur Plus/Moins,31482,77076,1753432640,4567015729,Patrick Mahomes (KC) Plus de 1.5,Patrick Mahomes (KC) Plus de 1.5,2.15,0,False
16551834,LV Raiders vs. KC Chiefs,Patrick Mahomes,1ère mi-temps - Tentatives de rushing du joueur Plus/Moins,31482,77076,1753432640,4567015730,Patrick Mahomes (KC) moins de 1.5,Patrick Mahomes (KC) moins de 1.5,1.5556,0,False
16551834,LV Raiders vs. KC Chiefs,Kirk Cousins,1ère mi-temps - Tentatives de rushing du joueur Plus/Moins,31482,77076,1753432510,4567015500,Kirk Cousins (LV) Plus de 0.5,Kirk Cousins (LV) Plus de 0.5,1.6471,0,False
16551834,LV Raiders vs. KC Chiefs,Kirk Cousins,1ère mi-temps - Tentatives de rushing du joueur Plus/Moins,31482,77076,1753432510,4567015501,Kirk Cousins (LV) moins de 0.5,Kirk Cousins (LV) moins de 0.5,2.0,0,False
16551834,LV Raiders vs. KC Chiefs,Kenneth Walker III,1ère mi-temps - Yards rushing et receiving du joueur - Plus/Moins,31488,77082,1757188997,4578798630,Kenneth Walker III (KC) Plus de 54.5,Kenneth Walker III (KC) Plus de 54.5,1.7693,0,False
16551834,LV Raiders vs. KC Chiefs,Kenneth Walker III,1ère mi-temps - Yards rushing et receiving du joueur - Plus/Moins,31488,77082,1757188997,4578798631,Kenneth Walker III (KC) moins de 54.5,Kenneth Walker III (KC) moins de 54.5,1.8334,0,False
16551834,LV Raiders vs. KC Chiefs,Ashton Jeanty,1ère mi-temps - Yards rushing et receiving du joueur - Plus/Moins,31488,77082,1759750861,4587509376,Ashton Jeanty (LV) moins de 39.5,Ashton Jeanty (LV) moins de 39.5,1.8334,0,False
16551834,LV Raiders vs. KC Chiefs,Ashton Jeanty,1ère mi-temps - Yards rushing et receiving du joueur - Plus/Moins,31488,77082,1759750861,4587509375,Ashton Jeanty (LV) Plus de 39.5,Ashton Jeanty (LV) Plus de 39.5,1.7693,0,False
16551834,LV Raiders vs. KC Chiefs,Emmett Johnson,1ère mi-temps - Yards rushing et receiving du joueur - Plus/Moins,31488,77082,1755884348,4574410427,Emmett Johnson (KC) Plus de 10.5,Emmett Johnson (KC) Plus de 10.5,1.8334,0,False
16551834,LV Raiders vs. KC Chiefs,Emmett Johnson,1ère mi-temps - Yards rushing et receiving du joueur - Plus/Moins,31488,77082,1755884348,4574410428,Emmett Johnson (KC) moins de 10.5,Emmett Johnson (KC) moins de 10.5,1.7693,0,False
16551834,LV Raiders vs. KC Chiefs,Mike Washington Jr,1ère mi-temps - Yards rushing et receiving du joueur - Plus/Moins,31488,77082,1753433378,4567017018,Mike Washington Jr (LV) Plus de 8.5,Mike Washington Jr (LV) Plus de 8.5,1.8334,0,False
16551834,LV Raiders vs. KC Chiefs,Mike Washington Jr,1ère mi-temps - Yards rushing et receiving du joueur - Plus/Moins,31488,77082,1753433378,4567017019,Mike Washington Jr (LV) moins de 8.5,Mike Washington Jr (LV) moins de 8.5,1.7693,0,False
16551834,LV Raiders vs. KC Chiefs,Brock Bowers,1ère mi-temps - Total de réceptions Plus/Moins,31485,77079,1757177655,4578775081,Brock Bowers (LV) Plus de 3.5,Brock Bowers (LV) Plus de 3.5,1.9091,0,False
16551834,LV Raiders vs. KC Chiefs,Brock Bowers,1ère mi-temps - Total de réceptions Plus/Moins,31485,77079,1757177655,4578775082,Brock Bowers (LV) moins de 3.5,Brock Bowers (LV) moins de 3.5,1.7143,0,False
16551834,LV Raiders vs. KC Chiefs,Rashee Rice,1ère mi-temps - Total de réceptions Plus/Moins,31485,77079,1753433182,4567016681,Rashee Rice (KC) Plus de 2.5,Rashee Rice (KC) Plus de 2.5,2.05,0,False
16551834,LV Raiders vs. KC Chiefs,Rashee Rice,1ère mi-temps - Total de réceptions Plus/Moins,31485,77079,1753433182,4567016682,Rashee Rice (KC) moins de 2.5,Rashee Rice (KC) moins de 2.5,1.6061,0,False
16551834,LV Raiders vs. KC Chiefs,Travis Kelce,1ère mi-temps - Total de réceptions Plus/Moins,31485,77079,1753432535,4567015541,Travis Kelce (KC) Plus de 2.5,Travis Kelce (KC) Plus de 2.5,2.25,0,False
16551834,LV Raiders vs. KC Chiefs,Travis Kelce,1ère mi-temps - Total de réceptions Plus/Moins,31485,77079,1753432535,4567015542,Travis Kelce (KC) moins de 2.5,Travis Kelce (KC) moins de 2.5,1.5,0,False
16551834,LV Raiders vs. KC Chiefs,Kenneth Walker III,1ère mi-temps - Total de réceptions Plus/Moins,31485,77079,1753433091,4567016521,Kenneth Walker III (KC) Plus de 1.5,Kenneth Walker III (KC) Plus de 1.5,1.7408,0,False
16551834,LV Raiders vs. KC Chiefs,Kenneth Walker III,1ère mi-temps - Total de réceptions Plus/Moins,31485,77079,1753433091,4567016522,Kenneth Walker III (KC) moins de 1.5,Kenneth Walker III (KC) moins de 1.5,1.8696,0,False
16551834,LV Raiders vs. KC Chiefs,Ashton Jeanty,1ère mi-temps - Total de réceptions Plus/Moins,31485,77079,1755901374,4574475678,Ashton Jeanty (LV) Plus de 1.5,Ashton Jeanty (LV) Plus de 1.5,1.8334,0,False
16551834,LV Raiders vs. KC Chiefs,Ashton Jeanty,1ère mi-temps - Total de réceptions Plus/Moins,31485,77079,1755901374,4574475679,Ashton Jeanty (LV) moins de 1.5,Ashton Jeanty (LV) moins de 1.5,1.7693,0,False
16551834,LV Raiders vs. KC Chiefs,Tre Tucker,1ère mi-temps - Total de réceptions Plus/Moins,31485,77079,1753433137,4567016603,Tre Tucker (LV) Plus de 1.5,Tre Tucker (LV) Plus de 1.5,1.9524,0,False
16551834,LV Raiders vs. KC Chiefs,Tre Tucker,1ère mi-temps - Total de réceptions Plus/Moins,31485,77079,1753433137,4567016604,Tre Tucker (LV) moins de 1.5,Tre Tucker (LV) moins de 1.5,1.6667,0,False
16551834,LV Raiders vs. KC Chiefs,Xavier Worthy,1ère mi-temps - Total de réceptions Plus/Moins,31485,77079,1753433456,4567017156,Xavier Worthy (KC) Plus de 1.5,Xavier Worthy (KC) Plus de 1.5,2.0,0,False
16551834,LV Raiders vs. KC Chiefs,Xavier Worthy,1ère mi-temps - Total de réceptions Plus/Moins,31485,77079,1753433456,4567017157,Xavier Worthy (KC) moins de 1.5,Xavier Worthy (KC) moins de 1.5,1.6471,0,False
16551834,LV Raiders vs. KC Chiefs,Michael Mayer,1ère mi-temps - Total de réceptions Plus/Moins,31485,77079,1755791131,4574174650,Michael Mayer (LV) Plus de 1.5,Michael Mayer (LV) Plus de 1.5,2.2,0,False
16551834,LV Raiders vs. KC Chiefs,Michael Mayer,1ère mi-temps - Total de réceptions Plus/Moins,31485,77079,1755791131,4574174651,Michael Mayer (LV) moins de 1.5,Michael Mayer (LV) moins de 1.5,1.5264,0,False
16551834,LV Raiders vs. KC Chiefs,Jalen Nailor,1ère mi-temps - Total de réceptions Plus/Moins,31485,77079,1753874567,4568348769,Jalen Nailor (LV) Plus de 0.5,Jalen Nailor (LV) Plus de 0.5,1.4348,0,False
16551834,LV Raiders vs. KC Chiefs,Jalen Nailor,1ère mi-temps - Total de réceptions Plus/Moins,31485,77079,1753874567,4568348770,Jalen Nailor (LV) moins de 0.5,Jalen Nailor (LV) moins de 0.5,2.4,0,False
16551834,LV Raiders vs. KC Chiefs,Tyquan Thornton,1ère mi-temps - Total de réceptions Plus/Moins,31485,77079,1753432848,4567016094,Tyquan Thornton (KC) Plus de 0.5,Tyquan Thornton (KC) Plus de 0.5,1.6471,0,False
16551834,LV Raiders vs. KC Chiefs,Tyquan Thornton,1ère mi-temps - Total de réceptions Plus/Moins,31485,77079,1753432848,4567016095,Tyquan Thornton (KC) moins de 0.5,Tyquan Thornton (KC) moins de 0.5,2.0,0,False
16551834,LV Raiders vs. KC Chiefs,Emmett Johnson,1ère mi-temps - Total de réceptions Plus/Moins,31485,77079,1753433483,4567017201,Emmett Johnson (KC) Plus de 0.5,Emmett Johnson (KC) Plus de 0.5,1.8334,0,False
16551834,LV Raiders vs. KC Chiefs,Emmett Johnson,1ère mi-temps - Total de réceptions Plus/Moins,31485,77079,1753433483,4567017202,Emmett Johnson (KC) moins de 0.5,Emmett Johnson (KC) moins de 0.5,1.7693,0,False
16551834,LV Raiders vs. KC Chiefs,Noah Gray,1ère mi-temps - Total de réceptions Plus/Moins,31485,77079,1753432732,4567015888,Noah Gray (KC) Plus de 0.5,Noah Gray (KC) Plus de 0.5,2.05,0,False
16551834,LV Raiders vs. KC Chiefs,Noah Gray,1ère mi-temps - Total de réceptions Plus/Moins,31485,77079,1753432732,4567015889,Noah Gray (KC) moins de 0.5,Noah Gray (KC) moins de 0.5,1.6061,0,False
16551834,LV Raiders vs. KC Chiefs,Cody White,1ère mi-temps - Total de réceptions Plus/Moins,31485,77079,1755788640,4574169001,Cody White (LV) Plus de 0.5,Cody White (LV) Plus de 0.5,2.1,0,False
16551834,LV Raiders vs. KC Chiefs,Cody White,1ère mi-temps - Total de réceptions Plus/Moins,31485,77079,1755788640,4574169002,Cody White (LV) moins de 0.5,Cody White (LV) moins de 0.5,1.5715,0,False
16551834,LV Raiders vs. KC Chiefs,Mike Washington Jr,1ère mi-temps - Total de réceptions Plus/Moins,31485,77079,1753433356,4567016977,Mike Washington Jr (LV) Plus de 0.5,Mike Washington Jr (LV) Plus de 0.5,3.4,0,False
16551834,LV Raiders vs. KC Chiefs,Mike Washington Jr,1ère mi-temps - Total de réceptions Plus/Moins,31485,77079,1753433356,4567016978,Mike Washington Jr (LV) moins de 0.5,Mike Washington Jr (LV) moins de 0.5,1.2223,0,False
16551834,LV Raiders vs. KC Chiefs,Brock Bowers,1ère mi-temps - Yards reçus par le joueur - Plus/Moins,31464,77058,1757185547,4578790368,Brock Bowers (LV) Plus de 36.5,Brock Bowers (LV) Plus de 36.5,1.8334,0,False
16551834,LV Raiders vs. KC Chiefs,Brock Bowers,1ère mi-temps - Yards reçus par le joueur - Plus/Moins,31464,77058,1757185547,4578790369,Brock Bowers (LV) moins de 36.5,Brock Bowers (LV) moins de 36.5,1.7693,0,False
16551834,LV Raiders vs. KC Chiefs,Rashee Rice,1ère mi-temps - Yards reçus par le joueur - Plus/Moins,31464,77058,1754073676,4569155766,Rashee Rice (KC) Plus de 26.5,Rashee Rice (KC) Plus de 26.5,1.8334,0,False
16551834,LV Raiders vs. KC Chiefs,Rashee Rice,1ère mi-temps - Yards reçus par le joueur - Plus/Moins,31464,77058,1754073676,4569155767,Rashee Rice (KC) moins de 26.5,Rashee Rice (KC) moins de 26.5,1.7693,0,False
16551834,LV Raiders vs. KC Chiefs,Travis Kelce,1ère mi-temps - Yards reçus par le joueur - Plus/Moins,31464,77058,1753983658,4568886177,Travis Kelce (KC) Plus de 22.5,Travis Kelce (KC) Plus de 22.5,1.8334,0,False
16551834,LV Raiders vs. KC Chiefs,Travis Kelce,1ère mi-temps - Yards reçus par le joueur - Plus/Moins,31464,77058,1753983658,4568886178,Travis Kelce (KC) moins de 22.5,Travis Kelce (KC) moins de 22.5,1.7693,0,False
16551834,LV Raiders vs. KC Chiefs,Tre Tucker,1ère mi-temps - Yards reçus par le joueur - Plus/Moins,31464,77058,1755925117,4574528525,Tre Tucker (LV) Plus de 15.5,Tre Tucker (LV) Plus de 15.5,1.8334,0,False
16551834,LV Raiders vs. KC Chiefs,Tre Tucker,1ère mi-temps - Yards reçus par le joueur - Plus/Moins,31464,77058,1755925117,4574528526,Tre Tucker (LV) moins de 15.5,Tre Tucker (LV) moins de 15.5,1.7693,0,False
16551834,LV Raiders vs. KC Chiefs,Xavier Worthy,1ère mi-temps - Yards reçus par le joueur - Plus/Moins,31464,77058,1753874619,4568348873,Xavier Worthy (KC) Plus de 13.5,Xavier Worthy (KC) Plus de 13.5,1.7693,0,False
16551834,LV Raiders vs. KC Chiefs,Xavier Worthy,1ère mi-temps - Yards reçus par le joueur - Plus/Moins,31464,77058,1753874619,4568348874,Xavier Worthy (KC) moins de 13.5,Xavier Worthy (KC) moins de 13.5,1.8334,0,False
16551834,LV Raiders vs. KC Chiefs,Kenneth Walker III,1ère mi-temps - Yards reçus par le joueur - Plus/Moins,31464,77058,1755884366,4574410464,Kenneth Walker III (KC) moins de 9.5,Kenneth Walker III (KC) moins de 9.5,1.7693,0,False
16551834,LV Raiders vs. KC Chiefs,Kenneth Walker III,1ère mi-temps - Yards reçus par le joueur - Plus/Moins,31464,77058,1755884366,4574410463,Kenneth Walker III (KC) Plus de 9.5,Kenneth Walker III (KC) Plus de 9.5,1.8334,0,False
16551834,LV Raiders vs. KC Chiefs,Michael Mayer,1ère mi-temps - Yards reçus par le joueur - Plus/Moins,31464,77058,1755913938,4574504510,Michael Mayer (LV) Plus de 8.5,Michael Mayer (LV) Plus de 8.5,1.7693,0,False
16551834,LV Raiders vs. KC Chiefs,Michael Mayer,1ère mi-temps - Yards reçus par le joueur - Plus/Moins,31464,77058,1755913938,4574504511,Michael Mayer (LV) moins de 8.5,Michael Mayer (LV) moins de 8.5,1.8334,0,False
16551834,LV Raiders vs. KC Chiefs,Ashton Jeanty,1ère mi-temps - Yards reçus par le joueur - Plus/Moins,31464,77058,1757184947,4578788916,Ashton Jeanty (LV) Plus de 8.5,Ashton Jeanty (LV) Plus de 8.5,1.8334,0,False
16551834,LV Raiders vs. KC Chiefs,Ashton Jeanty,1ère mi-temps - Yards reçus par le joueur - Plus/Moins,31464,77058,1757184947,4578788917,Ashton Jeanty (LV) moins de 8.5,Ashton Jeanty (LV) moins de 8.5,1.7693,0,False
16551834,LV Raiders vs. KC Chiefs,Jalen Nailor,1ère mi-temps - Yards reçus par le joueur - Plus/Moins,31464,77058,1755928541,4574536768,Jalen Nailor (LV) moins de 7.5,Jalen Nailor (LV) moins de 7.5,1.8334,0,False
16551834,LV Raiders vs. KC Chiefs,Jalen Nailor,1ère mi-temps - Yards reçus par le joueur - Plus/Moins,31464,77058,1755928541,4574536767,Jalen Nailor (LV) Plus de 7.5,Jalen Nailor (LV) Plus de 7.5,1.7693,0,False
16551834,LV Raiders vs. KC Chiefs,Tyquan Thornton,1ère mi-temps - Yards reçus par le joueur - Plus/Moins,31464,77058,1755901351,4574475632,Tyquan Thornton (KC) Plus de 5.5,Tyquan Thornton (KC) Plus de 5.5,1.7693,0,False
16551834,LV Raiders vs. KC Chiefs,Tyquan Thornton,1ère mi-temps - Yards reçus par le joueur - Plus/Moins,31464,77058,1755901351,4574475633,Tyquan Thornton (KC) moins de 5.5,Tyquan Thornton (KC) moins de 5.5,1.8334,0,False
16551834,LV Raiders vs. KC Chiefs,Emmett Johnson,1ère mi-temps - Yards reçus par le joueur - Plus/Moins,31464,77058,1753433477,4567017189,Emmett Johnson (KC) Plus de 0.5,Emmett Johnson (KC) Plus de 0.5,2.0,0,False
16551834,LV Raiders vs. KC Chiefs,Emmett Johnson,1ère mi-temps - Yards reçus par le joueur - Plus/Moins,31464,77058,1753433477,4567017190,Emmett Johnson (KC) moins de 0.5,Emmett Johnson (KC) moins de 0.5,1.6471,0,False
16551834,LV Raiders vs. KC Chiefs,Cody White,1ère mi-temps - Yards reçus par le joueur - Plus/Moins,31464,77058,1755788634,4574168989,Cody White (LV) Plus de 0.5,Cody White (LV) Plus de 0.5,2.15,0,False
16551834,LV Raiders vs. KC Chiefs,Cody White,1ère mi-temps - Yards reçus par le joueur - Plus/Moins,31464,77058,1755788634,4574168990,Cody White (LV) moins de 0.5,Cody White (LV) moins de 0.5,1.5556,0,False
16551834,LV Raiders vs. KC Chiefs,Noah Gray,1ère mi-temps - Yards reçus par le joueur - Plus/Moins,31464,77058,1753432726,4567015876,Noah Gray (KC) Plus de 0.5,Noah Gray (KC) Plus de 0.5,2.15,0,False
16551834,LV Raiders vs. KC Chiefs,Noah Gray,1ère mi-temps - Yards reçus par le joueur - Plus/Moins,31464,77058,1753432726,4567015877,Noah Gray (KC) moins de 0.5,Noah Gray (KC) moins de 0.5,1.5556,0,False
16551834,LV Raiders vs. KC Chiefs,Mike Washington Jr,1ère mi-temps - Yards reçus par le joueur - Plus/Moins,31464,77058,1753433350,4567016965,Mike Washington Jr (LV) Plus de 0.5,Mike Washington Jr (LV) Plus de 0.5,3.6,0,False
16551834,LV Raiders vs. KC Chiefs,Mike Washington Jr,1ère mi-temps - Yards reçus par le joueur - Plus/Moins,31464,77058,1753433350,4567016966,Mike Washington Jr (LV) moins de 0.5,Mike Washington Jr (LV) moins de 0.5,1.2,0,False
16551834,LV Raiders vs. KC Chiefs,Travis Kelce,1ère mi-temps - Touchdowns de réception du joueur Plus / Moins,31467,77061,1753432532,4567015536,Travis Kelce (KC) moins de 0.5,Travis Kelce (KC) moins de 0.5,1.1819,0,False
16551834,LV Raiders vs. KC Chiefs,Travis Kelce,1ère mi-temps - Touchdowns de réception du joueur Plus / Moins,31467,77061,1753432532,4567015535,Travis Kelce (KC) Plus de 0.5,Travis Kelce (KC) Plus de 0.5,3.75,0,False
16551834,LV Raiders vs. KC Chiefs,Rashee Rice,1ère mi-temps - Touchdowns de réception du joueur Plus / Moins,31467,77061,1753433179,4567016675,Rashee Rice (KC) Plus de 0.5,Rashee Rice (KC) Plus de 0.5,4.0,0,False
16551834,LV Raiders vs. KC Chiefs,Rashee Rice,1ère mi-temps - Touchdowns de réception du joueur Plus / Moins,31467,77061,1753433179,4567016676,Rashee Rice (KC) moins de 0.5,Rashee Rice (KC) moins de 0.5,1.1667,0,False
16551834,LV Raiders vs. KC Chiefs,Brock Bowers,1ère mi-temps - Touchdowns de réception du joueur Plus / Moins,31467,77061,1753433261,4567016816,Brock Bowers (LV) Plus de 0.5,Brock Bowers (LV) Plus de 0.5,4.4,0,False
16551834,LV Raiders vs. KC Chiefs,Brock Bowers,1ère mi-temps - Touchdowns de réception du joueur Plus / Moins,31467,77061,1753433261,4567016817,Brock Bowers (LV) moins de 0.5,Brock Bowers (LV) moins de 0.5,1.1334,0,False
16551834,LV Raiders vs. KC Chiefs,Tre Tucker,1ère mi-temps - Touchdowns de réception du joueur Plus / Moins,31467,77061,1753433134,4567016597,Tre Tucker (LV) Plus de 0.5,Tre Tucker (LV) Plus de 0.5,5.0,0,False
16551834,LV Raiders vs. KC Chiefs,Tre Tucker,1ère mi-temps - Touchdowns de réception du joueur Plus / Moins,31467,77061,1753433134,4567016598,Tre Tucker (LV) moins de 0.5,Tre Tucker (LV) moins de 0.5,1.1,0,False
16551834,LV Raiders vs. KC Chiefs,Xavier Worthy,1ère mi-temps - Touchdowns de réception du joueur Plus / Moins,31467,77061,1753433453,4567017150,Xavier Worthy (KC) Plus de 0.5,Xavier Worthy (KC) Plus de 0.5,5.0,0,False
16551834,LV Raiders vs. KC Chiefs,Xavier Worthy,1ère mi-temps - Touchdowns de réception du joueur Plus / Moins,31467,77061,1753433453,4567017151,Xavier Worthy (KC) moins de 0.5,Xavier Worthy (KC) moins de 0.5,1.1,0,False
16551834,LV Raiders vs. KC Chiefs,Tyquan Thornton,1ère mi-temps - Touchdowns de réception du joueur Plus / Moins,31467,77061,1753432845,4567016088,Tyquan Thornton (KC) Plus de 0.5,Tyquan Thornton (KC) Plus de 0.5,6.0,0,False
16551834,LV Raiders vs. KC Chiefs,Tyquan Thornton,1ère mi-temps - Touchdowns de réception du joueur Plus / Moins,31467,77061,1753432845,4567016089,Tyquan Thornton (KC) moins de 0.5,Tyquan Thornton (KC) moins de 0.5,1.0589,0,False
16551834,LV Raiders vs. KC Chiefs,Ashton Jeanty,1ère mi-temps - Touchdowns de réception du joueur Plus / Moins,31467,77061,1753433521,4567017268,Ashton Jeanty (LV) Plus de 0.5,Ashton Jeanty (LV) Plus de 0.5,6.75,0,False
16551834,LV Raiders vs. KC Chiefs,Ashton Jeanty,1ère mi-temps - Touchdowns de réception du joueur Plus / Moins,31467,77061,1753433521,4567017269,Ashton Jeanty (LV) moins de 0.5,Ashton Jeanty (LV) moins de 0.5,1.04,0,False
16551834,LV Raiders vs. KC Chiefs,Jalen Nailor,1ère mi-temps - Touchdowns de réception du joueur Plus / Moins,31467,77061,1753432982,4567016332,Jalen Nailor (LV) Plus de 0.5,Jalen Nailor (LV) Plus de 0.5,6.75,0,False
16551834,LV Raiders vs. KC Chiefs,Jalen Nailor,1ère mi-temps - Touchdowns de réception du joueur Plus / Moins,31467,77061,1753432982,4567016333,Jalen Nailor (LV) moins de 0.5,Jalen Nailor (LV) moins de 0.5,1.04,0,False
16551834,LV Raiders vs. KC Chiefs,Kenneth Walker III,1ère mi-temps - Touchdowns de réception du joueur Plus / Moins,31467,77061,1753433088,4567016515,Kenneth Walker III (KC) Plus de 0.5,Kenneth Walker III (KC) Plus de 0.5,6.75,0,False
16551834,LV Raiders vs. KC Chiefs,Kenneth Walker III,1ère mi-temps - Touchdowns de réception du joueur Plus / Moins,31467,77061,1753433088,4567016516,Kenneth Walker III (KC) moins de 0.5,Kenneth Walker III (KC) moins de 0.5,1.04,0,False
16551834,LV Raiders vs. KC Chiefs,Michael Mayer,1ère mi-temps - Touchdowns de réception du joueur Plus / Moins,31467,77061,1753433228,4567016760,Michael Mayer (LV) Plus de 0.5,Michael Mayer (LV) Plus de 0.5,6.75,0,False
16551834,LV Raiders vs. KC Chiefs,Michael Mayer,1ère mi-temps - Touchdowns de réception du joueur Plus / Moins,31467,77061,1753433228,4567016761,Michael Mayer (LV) moins de 0.5,Michael Mayer (LV) moins de 0.5,1.04,0,False
16551834,LV Raiders vs. KC Chiefs,Noah Gray,1ère mi-temps - Touchdowns de réception du joueur Plus / Moins,31467,77061,1753432729,4567015882,Noah Gray (KC) Plus de 0.5,Noah Gray (KC) Plus de 0.5,7.75,0,False
16551834,LV Raiders vs. KC Chiefs,Noah Gray,1ère mi-temps - Touchdowns de réception du joueur Plus / Moins,31467,77061,1753432729,4567015883,Noah Gray (KC) moins de 0.5,Noah Gray (KC) moins de 0.5,1.02,0,False
16551834,LV Raiders vs. KC Chiefs,Brashard Smith,1ère mi-temps - Touchdowns de réception du joueur Plus / Moins,31467,77061,1753433394,4567017044,Brashard Smith (KC) Plus de 0.5,Brashard Smith (KC) Plus de 0.5,8.5,0,False
16551834,LV Raiders vs. KC Chiefs,Brashard Smith,1ère mi-temps - Touchdowns de réception du joueur Plus / Moins,31467,77061,1753433394,4567017045,Brashard Smith (KC) moins de 0.5,Brashard Smith (KC) moins de 0.5,0.0,7,False
16551834,LV Raiders vs. KC Chiefs,Cody White,1ère mi-temps - Touchdowns de réception du joueur Plus / Moins,31467,77061,1755788637,4574168995,Cody White (LV) Plus de 0.5,Cody White (LV) Plus de 0.5,8.5,0,False
16551834,LV Raiders vs. KC Chiefs,Cody White,1ère mi-temps - Touchdowns de réception du joueur Plus / Moins,31467,77061,1755788637,4574168996,Cody White (LV) moins de 0.5,Cody White (LV) moins de 0.5,1.01,0,False
16551834,LV Raiders vs. KC Chiefs,Connor Heyward,1ère mi-temps - Touchdowns de réception du joueur Plus / Moins,31467,77061,1753432756,4567015928,Connor Heyward (LV) moins de 0.5,Connor Heyward (LV) moins de 0.5,0.0,7,False
16551834,LV Raiders vs. KC Chiefs,Connor Heyward,1ère mi-temps - Touchdowns de réception du joueur Plus / Moins,31467,77061,1753432756,4567015927,Connor Heyward (LV) Plus de 0.5,Connor Heyward (LV) Plus de 0.5,8.5,0,False
16551834,LV Raiders vs. KC Chiefs,Dareke Young,1ère mi-temps - Touchdowns de réception du joueur Plus / Moins,31467,77061,1753433601,4567017408,Dareke Young (LV) Plus de 0.5,Dareke Young (LV) Plus de 0.5,8.5,0,False
16551834,LV Raiders vs. KC Chiefs,Dareke Young,1ère mi-temps - Touchdowns de réception du joueur Plus / Moins,31467,77061,1753433601,4567017409,Dareke Young (LV) moins de 0.5,Dareke Young (LV) moins de 0.5,0.0,7,False
16551834,LV Raiders vs. KC Chiefs,Emmett Johnson,1ère mi-temps - Touchdowns de réception du joueur Plus / Moins,31467,77061,1753433480,4567017195,Emmett Johnson (KC) Plus de 0.5,Emmett Johnson (KC) Plus de 0.5,8.5,0,False
16551834,LV Raiders vs. KC Chiefs,Emmett Johnson,1ère mi-temps - Touchdowns de réception du joueur Plus / Moins,31467,77061,1753433480,4567017196,Emmett Johnson (KC) moins de 0.5,Emmett Johnson (KC) moins de 0.5,0.0,7,False
16551834,LV Raiders vs. KC Chiefs,Ian Thomas,1ère mi-temps - Touchdowns de réception du joueur Plus / Moins,31467,77061,1753432697,4567015828,Ian Thomas (LV) Plus de 0.5,Ian Thomas (LV) Plus de 0.5,8.5,0,False
16551834,LV Raiders vs. KC Chiefs,Ian Thomas,1ère mi-temps - Touchdowns de réception du joueur Plus / Moins,31467,77061,1753432697,4567015829,Ian Thomas (LV) moins de 0.5,Ian Thomas (LV) moins de 0.5,0.0,7,False
16551834,LV Raiders vs. KC Chiefs,Jake Briningstool,1ère mi-temps - Touchdowns de réception du joueur Plus / Moins,31467,77061,1753433326,4567016926,Jake Briningstool (KC) Plus de 0.5,Jake Briningstool (KC) Plus de 0.5,8.5,0,False
16551834,LV Raiders vs. KC Chiefs,Jake Briningstool,1ère mi-temps - Touchdowns de réception du joueur Plus / Moins,31467,77061,1753433326,4567016927,Jake Briningstool (KC) moins de 0.5,Jake Briningstool (KC) moins de 0.5,0.0,7,False
16551834,LV Raiders vs. KC Chiefs,Jalen Royals,1ère mi-temps - Touchdowns de réception du joueur Plus / Moins,31467,77061,1753433691,4567017568,Jalen Royals (KC) Plus de 0.5,Jalen Royals (KC) Plus de 0.5,8.5,0,False
16551834,LV Raiders vs. KC Chiefs,Jalen Royals,1ère mi-temps - Touchdowns de réception du joueur Plus / Moins,31467,77061,1753433691,4567017569,Jalen Royals (KC) moins de 0.5,Jalen Royals (KC) moins de 0.5,0.0,7,False
16551834,LV Raiders vs. KC Chiefs,Malik Benson,1ère mi-temps - Touchdowns de réception du joueur Plus / Moins,31467,77061,1753433718,4567017613,Malik Benson (LV) Plus de 0.5,Malik Benson (LV) Plus de 0.5,8.5,0,False
16551834,LV Raiders vs. KC Chiefs,Malik Benson,1ère mi-temps - Touchdowns de réception du joueur Plus / Moins,31467,77061,1753433718,4567017614,Malik Benson (LV) moins de 0.5,Malik Benson (LV) moins de 0.5,0.0,7,False
16551834,LV Raiders vs. KC Chiefs,Mike Washington Jr,1ère mi-temps - Touchdowns de réception du joueur Plus / Moins,31467,77061,1753433353,4567016971,Mike Washington Jr (LV) Plus de 0.5,Mike Washington Jr (LV) Plus de 0.5,9.0,0,False
16551834,LV Raiders vs. KC Chiefs,Mike Washington Jr,1ère mi-temps - Touchdowns de réception du joueur Plus / Moins,31467,77061,1753433353,4567016972,Mike Washington Jr (LV) moins de 0.5,Mike Washington Jr (LV) moins de 0.5,0.0,7,False
16551834,LV Raiders vs. KC Chiefs,Patrick Mahomes,1ère mi-temps - Total de yards à la passe du joueur Plus/Moins,31458,77052,1753983662,4568886185,Patrick Mahomes (KC) Plus de 118.5,Patrick Mahomes (KC) Plus de 118.5,1.8,0,False
16551834,LV Raiders vs. KC Chiefs,Patrick Mahomes,1ère mi-temps - Total de yards à la passe du joueur Plus/Moins,31458,77052,1753983662,4568886186,Patrick Mahomes (KC) moins de 118.5,Patrick Mahomes (KC) moins de 118.5,1.8,0,False
16551834,LV Raiders vs. KC Chiefs,Kirk Cousins,1ère mi-temps - Total de yards à la passe du joueur Plus/Moins,31458,77052,1754021034,4569012860,Kirk Cousins (LV) Plus de 112.5,Kirk Cousins (LV) Plus de 112.5,1.7693,0,False
16551834,LV Raiders vs. KC Chiefs,Kirk Cousins,1ère mi-temps - Total de yards à la passe du joueur Plus/Moins,31458,77052,1754021034,4569012861,Kirk Cousins (LV) moins de 112.5,Kirk Cousins (LV) moins de 112.5,1.8334,0,False
16551834,LV Raiders vs. KC Chiefs,Patrick Mahomes,1ère mi-temps - Total de Touchdowns à la passe du joueur - Plus/Moins,31461,77055,1753432615,4567015680,Patrick Mahomes (KC) moins de 0.5,Patrick Mahomes (KC) moins de 0.5,2.25,0,False
16551834,LV Raiders vs. KC Chiefs,Patrick Mahomes,1ère mi-temps - Total de Touchdowns à la passe du joueur - Plus/Moins,31461,77055,1753432615,4567015679,Patrick Mahomes (KC) Plus de 0.5,Patrick Mahomes (KC) Plus de 0.5,1.5,0,False
16551834,LV Raiders vs. KC Chiefs,Kirk Cousins,1ère mi-temps - Total de Touchdowns à la passe du joueur - Plus/Moins,31461,77055,1753432485,4567015450,Kirk Cousins (LV) Plus de 0.5,Kirk Cousins (LV) Plus de 0.5,1.7693,0,False
16551834,LV Raiders vs. KC Chiefs,Kirk Cousins,1ère mi-temps - Total de Touchdowns à la passe du joueur - Plus/Moins,31461,77055,1753432485,4567015451,Kirk Cousins (LV) moins de 0.5,Kirk Cousins (LV) moins de 0.5,1.8334,0,False
16551834,LV Raiders vs. KC Chiefs,Kirk Cousins,1ère mi-temps - Passes réussies du joueur - Plus/Moins,31491,77085,1753432497,4567015474,Kirk Cousins (LV) Plus de 10.5,Kirk Cousins (LV) Plus de 10.5,1.7408,0,False
16551834,LV Raiders vs. KC Chiefs,Kirk Cousins,1ère mi-temps - Passes réussies du joueur - Plus/Moins,31491,77085,1753432497,4567015475,Kirk Cousins (LV) moins de 10.5,Kirk Cousins (LV) moins de 10.5,1.8696,0,False
16551834,LV Raiders vs. KC Chiefs,Patrick Mahomes,1ère mi-temps - Passes réussies du joueur - Plus/Moins,31491,77085,1753432627,4567015704,Patrick Mahomes (KC) moins de 10.5,Patrick Mahomes (KC) moins de 10.5,1.6667,0,False
16551834,LV Raiders vs. KC Chiefs,Patrick Mahomes,1ère mi-temps - Passes réussies du joueur - Plus/Moins,31491,77085,1753432627,4567015703,Patrick Mahomes (KC) Plus de 10.5,Patrick Mahomes (KC) Plus de 10.5,1.9524,0,False
16551834,LV Raiders vs. KC Chiefs,Kirk Cousins,1ère mi-temps - Joueur Tentative de passe - Plus/Moins,31479,77073,1753432494,4567015468,Kirk Cousins (LV) Plus de 15.5,Kirk Cousins (LV) Plus de 15.5,1.7408,0,False
16551834,LV Raiders vs. KC Chiefs,Kirk Cousins,1ère mi-temps - Joueur Tentative de passe - Plus/Moins,31479,77073,1753432494,4567015469,Kirk Cousins (LV) moins de 15.5,Kirk Cousins (LV) moins de 15.5,1.8696,0,False
16551834,LV Raiders vs. KC Chiefs,Patrick Mahomes,1ère mi-temps - Joueur Tentative de passe - Plus/Moins,31479,77073,1755901342,4574475614,Patrick Mahomes (KC) Plus de 15.5,Patrick Mahomes (KC) Plus de 15.5,1.8334,0,False
16551834,LV Raiders vs. KC Chiefs,Patrick Mahomes,1ère mi-temps - Joueur Tentative de passe - Plus/Moins,31479,77073,1755901342,4574475615,Patrick Mahomes (KC) moins de 15.5,Patrick Mahomes (KC) moins de 15.5,1.7693,0,False
16551834,LV Raiders vs. KC Chiefs,Kirk Cousins,1ère mi-temps - Interceptions du joueur Plus/Moins,31476,77070,1753432491,4567015462,Kirk Cousins (LV) Plus de 0.5,Kirk Cousins (LV) Plus de 0.5,3.0,0,False
16551834,LV Raiders vs. KC Chiefs,Kirk Cousins,1ère mi-temps - Interceptions du joueur Plus/Moins,31476,77070,1753432491,4567015463,Kirk Cousins (LV) moins de 0.5,Kirk Cousins (LV) moins de 0.5,1.2858,0,False
16551834,LV Raiders vs. KC Chiefs,Patrick Mahomes,1ère mi-temps - Interceptions du joueur Plus/Moins,31476,77070,1753432621,4567015691,Patrick Mahomes (KC) Plus de 0.5,Patrick Mahomes (KC) Plus de 0.5,3.5,0,False
16551834,LV Raiders vs. KC Chiefs,Patrick Mahomes,1ère mi-temps - Interceptions du joueur Plus/Moins,31476,77070,1753432621,4567015692,Patrick Mahomes (KC) moins de 0.5,Patrick Mahomes (KC) moins de 0.5,1.2106,0,False
16551834,LV Raiders vs. KC Chiefs,Patrick Mahomes,Total de Touchdowns à la passe du joueur (Incl. Prolongations),761,71923,1753432604,4567015657,Patrick Mahomes (KC) Plus de 1.5,Patrick Mahomes (KC) Plus de 1.5,1.6897,0,False
16551834,LV Raiders vs. KC Chiefs,Patrick Mahomes,Total de Touchdowns à la passe du joueur (Incl. Prolongations),761,71923,1753432604,4567015658,Patrick Mahomes (KC) moins de 1.5,Patrick Mahomes (KC) moins de 1.5,1.9524,0,False
16551834,LV Raiders vs. KC Chiefs,Kirk Cousins,Total de Touchdowns à la passe du joueur (Incl. Prolongations),761,71923,1753432474,4567015428,Kirk Cousins (LV) Plus de 1.5,Kirk Cousins (LV) Plus de 1.5,2.1,0,False
16551834,LV Raiders vs. KC Chiefs,Kirk Cousins,Total de Touchdowns à la passe du joueur (Incl. Prolongations),761,71923,1753432474,4567015429,Kirk Cousins (LV) moins de 1.5,Kirk Cousins (LV) moins de 1.5,1.6061,0,False
16551834,LV Raiders vs. KC Chiefs,Kenneth Walker III,2ème mi-temps - Total de yards à la course du joueur Plus/Moins,31471,77065,1755902973,4574479345,Kenneth Walker III (KC) Plus de 39.5,Kenneth Walker III (KC) Plus de 39.5,1.8334,0,False
16551834,LV Raiders vs. KC Chiefs,Kenneth Walker III,2ème mi-temps - Total de yards à la course du joueur Plus/Moins,31471,77065,1755902973,4574479346,Kenneth Walker III (KC) moins de 39.5,Kenneth Walker III (KC) moins de 39.5,1.7693,0,False
16551834,LV Raiders vs. KC Chiefs,Ashton Jeanty,2ème mi-temps - Total de yards à la course du joueur Plus/Moins,31471,77065,1762400461,4595057158,Ashton Jeanty (LV) Plus de 24.5,Ashton Jeanty (LV) Plus de 24.5,1.7693,0,False
16551834,LV Raiders vs. KC Chiefs,Ashton Jeanty,2ème mi-temps - Total de yards à la course du joueur Plus/Moins,31471,77065,1762400461,4595057159,Ashton Jeanty (LV) moins de 24.5,Ashton Jeanty (LV) moins de 24.5,1.8334,0,False
16551834,LV Raiders vs. KC Chiefs,Emmett Johnson,2ème mi-temps - Total de yards à la course du joueur Plus/Moins,31471,77065,1758282221,4582665419,Emmett Johnson (KC) Plus de 7.5,Emmett Johnson (KC) Plus de 7.5,1.8334,0,False
16551834,LV Raiders vs. KC Chiefs,Emmett Johnson,2ème mi-temps - Total de yards à la course du joueur Plus/Moins,31471,77065,1758282221,4582665420,Emmett Johnson (KC) moins de 7.5,Emmett Johnson (KC) moins de 7.5,1.7693,0,False
16551834,LV Raiders vs. KC Chiefs,Mike Washington Jr,2ème mi-temps - Total de yards à la course du joueur Plus/Moins,31471,77065,1753874607,4568348849,Mike Washington Jr (LV) Plus de 6.5,Mike Washington Jr (LV) Plus de 6.5,1.8334,0,False
16551834,LV Raiders vs. KC Chiefs,Mike Washington Jr,2ème mi-temps - Total de yards à la course du joueur Plus/Moins,31471,77065,1753874607,4568348850,Mike Washington Jr (LV) moins de 6.5,Mike Washington Jr (LV) moins de 6.5,1.7693,0,False
16551834,LV Raiders vs. KC Chiefs,Patrick Mahomes,2ème mi-temps - Total de yards à la course du joueur Plus/Moins,31471,77065,1753432635,4567015720,Patrick Mahomes (KC) moins de 4.5,Patrick Mahomes (KC) moins de 4.5,1.7693,0,False
16551834,LV Raiders vs. KC Chiefs,Patrick Mahomes,2ème mi-temps - Total de yards à la course du joueur Plus/Moins,31471,77065,1753432635,4567015719,Patrick Mahomes (KC) Plus de 4.5,Patrick Mahomes (KC) Plus de 4.5,1.8334,0,False
16551834,LV Raiders vs. KC Chiefs,Kirk Cousins,2ème mi-temps - Total de yards à la course du joueur Plus/Moins,31471,77065,1753432505,4567015490,Kirk Cousins (LV) Plus de 0.5,Kirk Cousins (LV) Plus de 0.5,2.05,0,False
16551834,LV Raiders vs. KC Chiefs,Kirk Cousins,2ème mi-temps - Total de yards à la course du joueur Plus/Moins,31471,77065,1753432505,4567015491,Kirk Cousins (LV) moins de 0.5,Kirk Cousins (LV) moins de 0.5,1.6061,0,False
16551834,LV Raiders vs. KC Chiefs,Kenneth Walker III,2ème mi-temps - Touchdowns de course du joueur Plus / Moins,31474,77068,1753433102,4567016544,Kenneth Walker III (KC) moins de 0.5,Kenneth Walker III (KC) moins de 0.5,1.3847,0,False
16551834,LV Raiders vs. KC Chiefs,Kenneth Walker III,2ème mi-temps - Touchdowns de course du joueur Plus / Moins,31474,77068,1753433102,4567016543,Kenneth Walker III (KC) Plus de 0.5,Kenneth Walker III (KC) Plus de 0.5,2.6,0,False
16551834,LV Raiders vs. KC Chiefs,Ashton Jeanty,2ème mi-temps - Touchdowns de course du joueur Plus / Moins,31474,77068,1753433535,4567017296,Ashton Jeanty (LV) Plus de 0.5,Ashton Jeanty (LV) Plus de 0.5,3.25,0,False
16551834,LV Raiders vs. KC Chiefs,Ashton Jeanty,2ème mi-temps - Touchdowns de course du joueur Plus / Moins,31474,77068,1753433535,4567017297,Ashton Jeanty (LV) moins de 0.5,Ashton Jeanty (LV) moins de 0.5,1.25,0,False
16551834,LV Raiders vs. KC Chiefs,Patrick Mahomes,2ème mi-temps - Touchdowns de course du joueur Plus / Moins,31474,77068,1753432638,4567015725,Patrick Mahomes (KC) Plus de 0.5,Patrick Mahomes (KC) Plus de 0.5,6.0,0,False
16551834,LV Raiders vs. KC Chiefs,Patrick Mahomes,2ème mi-temps - Touchdowns de course du joueur Plus / Moins,31474,77068,1753432638,4567015726,Patrick Mahomes (KC) moins de 0.5,Patrick Mahomes (KC) moins de 0.5,1.0589,0,False
16551834,LV Raiders vs. KC Chiefs,Emmett Johnson,2ème mi-temps - Touchdowns de course du joueur Plus / Moins,31474,77068,1753433494,4567017224,Emmett Johnson (KC) moins de 0.5,Emmett Johnson (KC) moins de 0.5,1.0334,0,False
16551834,LV Raiders vs. KC Chiefs,Emmett Johnson,2ème mi-temps - Touchdowns de course du joueur Plus / Moins,31474,77068,1753433494,4567017223,Emmett Johnson (KC) Plus de 0.5,Emmett Johnson (KC) Plus de 0.5,7.0,0,False
16551834,LV Raiders vs. KC Chiefs,Mike Washington Jr,2ème mi-temps - Touchdowns de course du joueur Plus / Moins,31474,77068,1753433367,4567017000,Mike Washington Jr (LV) moins de 0.5,Mike Washington Jr (LV) moins de 0.5,1.0334,0,False
16551834,LV Raiders vs. KC Chiefs,Mike Washington Jr,2ème mi-temps - Touchdowns de course du joueur Plus / Moins,31474,77068,1753433367,4567016999,Mike Washington Jr (LV) Plus de 0.5,Mike Washington Jr (LV) Plus de 0.5,7.0,0,False
16551834,LV Raiders vs. KC Chiefs,Brashard Smith,2ème mi-temps - Touchdowns de course du joueur Plus / Moins,31474,77068,1753433408,4567017072,Brashard Smith (KC) Plus de 0.5,Brashard Smith (KC) Plus de 0.5,8.5,0,False
16551834,LV Raiders vs. KC Chiefs,Brashard Smith,2ème mi-temps - Touchdowns de course du joueur Plus / Moins,31474,77068,1753433408,4567017073,Brashard Smith (KC) moins de 0.5,Brashard Smith (KC) moins de 0.5,0.0,7,False
16551834,LV Raiders vs. KC Chiefs,Dylan Laube,2ème mi-temps - Touchdowns de course du joueur Plus / Moins,31474,77068,1753432938,4567016256,Dylan Laube (LV) Plus de 0.5,Dylan Laube (LV) Plus de 0.5,8.5,0,False
16551834,LV Raiders vs. KC Chiefs,Dylan Laube,2ème mi-temps - Touchdowns de course du joueur Plus / Moins,31474,77068,1753432938,4567016257,Dylan Laube (LV) moins de 0.5,Dylan Laube (LV) moins de 0.5,0.0,7,False
16551834,LV Raiders vs. KC Chiefs,Kirk Cousins,2ème mi-temps - Touchdowns de course du joueur Plus / Moins,31474,77068,1753432508,4567015496,Kirk Cousins (LV) Plus de 0.5,Kirk Cousins (LV) Plus de 0.5,8.5,0,False
16551834,LV Raiders vs. KC Chiefs,Kirk Cousins,2ème mi-temps - Touchdowns de course du joueur Plus / Moins,31474,77068,1753432508,4567015497,Kirk Cousins (LV) moins de 0.5,Kirk Cousins (LV) moins de 0.5,0.0,7,False
16551834,LV Raiders vs. KC Chiefs,Kenneth Walker III,2ème mi-temps - Tentatives de rushing du joueur Plus/Moins,31483,77077,1755902197,4574477550,Kenneth Walker III (KC) Plus de 8.5,Kenneth Walker III (KC) Plus de 8.5,1.6667,0,False
16551834,LV Raiders vs. KC Chiefs,Kenneth Walker III,2ème mi-temps - Tentatives de rushing du joueur Plus/Moins,31483,77077,1755902197,4574477551,Kenneth Walker III (KC) moins de 8.5,Kenneth Walker III (KC) moins de 8.5,1.9524,0,False
16551834,LV Raiders vs. KC Chiefs,Ashton Jeanty,2ème mi-temps - Tentatives de rushing du joueur Plus/Moins,31483,77077,1755938559,4574561869,Ashton Jeanty (LV) Plus de 7.5,Ashton Jeanty (LV) Plus de 7.5,1.7408,0,False
16551834,LV Raiders vs. KC Chiefs,Ashton Jeanty,2ème mi-temps - Tentatives de rushing du joueur Plus/Moins,31483,77077,1755938559,4574561870,Ashton Jeanty (LV) moins de 7.5,Ashton Jeanty (LV) moins de 7.5,1.8696,0,False
16551834,LV Raiders vs. KC Chiefs,Emmett Johnson,2ème mi-temps - Tentatives de rushing du joueur Plus/Moins,31483,77077,1755884346,4574410424,Emmett Johnson (KC) moins de 2.5,Emmett Johnson (KC) moins de 2.5,1.5264,0,False
16551834,LV Raiders vs. KC Chiefs,Emmett Johnson,2ème mi-temps - Tentatives de rushing du joueur Plus/Moins,31483,77077,1755884346,4574410423,Emmett Johnson (KC) Plus de 2.5,Emmett Johnson (KC) Plus de 2.5,2.2,0,False
16551834,LV Raiders vs. KC Chiefs,Mike Washington Jr,2ème mi-temps - Tentatives de rushing du joueur Plus/Moins,31483,77077,1754073687,4569155788,Mike Washington Jr (LV) Plus de 2.5,Mike Washington Jr (LV) Plus de 2.5,2.25,0,False
16551834,LV Raiders vs. KC Chiefs,Mike Washington Jr,2ème mi-temps - Tentatives de rushing du joueur Plus/Moins,31483,77077,1754073687,4569155789,Mike Washington Jr (LV) moins de 2.5,Mike Washington Jr (LV) moins de 2.5,1.5,0,False
16551834,LV Raiders vs. KC Chiefs,Patrick Mahomes,2ème mi-temps - Tentatives de rushing du joueur Plus/Moins,31483,77077,1753432641,4567015731,Patrick Mahomes (KC) Plus de 1.5,Patrick Mahomes (KC) Plus de 1.5,1.5556,0,False
16551834,LV Raiders vs. KC Chiefs,Patrick Mahomes,2ème mi-temps - Tentatives de rushing du joueur Plus/Moins,31483,77077,1753432641,4567015732,Patrick Mahomes (KC) moins de 1.5,Patrick Mahomes (KC) moins de 1.5,2.15,0,False
16551834,LV Raiders vs. KC Chiefs,Kirk Cousins,2ème mi-temps - Tentatives de rushing du joueur Plus/Moins,31483,77077,1758370761,4582896254,Kirk Cousins (LV) Plus de 0.5,Kirk Cousins (LV) Plus de 0.5,1.4762,0,False
16551834,LV Raiders vs. KC Chiefs,Kirk Cousins,2ème mi-temps - Tentatives de rushing du joueur Plus/Moins,31483,77077,1758370761,4582896255,Kirk Cousins (LV) moins de 0.5,Kirk Cousins (LV) moins de 0.5,2.3,0,False
16551834,LV Raiders vs. KC Chiefs,Kenneth Walker III,2ème mi-temps - Yards de course et de réception du joueur Plus / Moins,31489,77083,1755902356,4574477915,Kenneth Walker III (KC) Plus de 51.5,Kenneth Walker III (KC) Plus de 51.5,1.8334,0,False
16551834,LV Raiders vs. KC Chiefs,Kenneth Walker III,2ème mi-temps - Yards de course et de réception du joueur Plus / Moins,31489,77083,1755902356,4574477916,Kenneth Walker III (KC) moins de 51.5,Kenneth Walker III (KC) moins de 51.5,1.7693,0,False
16551834,LV Raiders vs. KC Chiefs,Ashton Jeanty,2ème mi-temps - Yards de course et de réception du joueur Plus / Moins,31489,77083,1758370314,4582895134,Ashton Jeanty (LV) Plus de 38.5,Ashton Jeanty (LV) Plus de 38.5,1.7693,0,False
16551834,LV Raiders vs. KC Chiefs,Ashton Jeanty,2ème mi-temps - Yards de course et de réception du joueur Plus / Moins,31489,77083,1758370314,4582895135,Ashton Jeanty (LV) moins de 38.5,Ashton Jeanty (LV) moins de 38.5,1.8334,0,False
16551834,LV Raiders vs. KC Chiefs,Emmett Johnson,2ème mi-temps - Yards de course et de réception du joueur Plus / Moins,31489,77083,1755884349,4574410429,Emmett Johnson (KC) Plus de 12.5,Emmett Johnson (KC) Plus de 12.5,1.8334,0,False
16551834,LV Raiders vs. KC Chiefs,Emmett Johnson,2ème mi-temps - Yards de course et de réception du joueur Plus / Moins,31489,77083,1755884349,4574410430,Emmett Johnson (KC) moins de 12.5,Emmett Johnson (KC) moins de 12.5,1.7693,0,False
16551834,LV Raiders vs. KC Chiefs,Mike Washington Jr,2ème mi-temps - Yards de course et de réception du joueur Plus / Moins,31489,77083,1753433379,4567017020,Mike Washington Jr (LV) Plus de 8.5,Mike Washington Jr (LV) Plus de 8.5,1.8334,0,False
16551834,LV Raiders vs. KC Chiefs,Mike Washington Jr,2ème mi-temps - Yards de course et de réception du joueur Plus / Moins,31489,77083,1753433379,4567017021,Mike Washington Jr (LV) moins de 8.5,Mike Washington Jr (LV) moins de 8.5,1.7693,0,False
16551834,LV Raiders vs. KC Chiefs,Brock Bowers,2ème mi-temps - Total de réceptions Plus/Moins,31486,77080,1757177656,4578775083,Brock Bowers (LV) Plus de 3.5,Brock Bowers (LV) Plus de 3.5,1.9091,0,False
16551834,LV Raiders vs. KC Chiefs,Brock Bowers,2ème mi-temps - Total de réceptions Plus/Moins,31486,77080,1757177656,4578775084,Brock Bowers (LV) moins de 3.5,Brock Bowers (LV) moins de 3.5,1.7143,0,False
16551834,LV Raiders vs. KC Chiefs,Rashee Rice,2ème mi-temps - Total de réceptions Plus/Moins,31486,77080,1753433183,4567016683,Rashee Rice (KC) Plus de 2.5,Rashee Rice (KC) Plus de 2.5,2.25,0,False
16551834,LV Raiders vs. KC Chiefs,Rashee Rice,2ème mi-temps - Total de réceptions Plus/Moins,31486,77080,1753433183,4567016684,Rashee Rice (KC) moins de 2.5,Rashee Rice (KC) moins de 2.5,1.5,0,False
16551834,LV Raiders vs. KC Chiefs,Travis Kelce,2ème mi-temps - Total de réceptions Plus/Moins,31486,77080,1753432536,4567015544,Travis Kelce (KC) moins de 2.5,Travis Kelce (KC) moins de 2.5,1.4762,0,False
16551834,LV Raiders vs. KC Chiefs,Travis Kelce,2ème mi-temps - Total de réceptions Plus/Moins,31486,77080,1753432536,4567015543,Travis Kelce (KC) Plus de 2.5,Travis Kelce (KC) Plus de 2.5,2.3,0,False
16551834,LV Raiders vs. KC Chiefs,Ashton Jeanty,2ème mi-temps - Total de réceptions Plus/Moins,31486,77080,1754118484,4569279003,Ashton Jeanty (LV) Plus de 1.5,Ashton Jeanty (LV) Plus de 1.5,1.7408,0,False
16551834,LV Raiders vs. KC Chiefs,Ashton Jeanty,2ème mi-temps - Total de réceptions Plus/Moins,31486,77080,1754118484,4569279004,Ashton Jeanty (LV) moins de 1.5,Ashton Jeanty (LV) moins de 1.5,1.8696,0,False
16551834,LV Raiders vs. KC Chiefs,Tre Tucker,2ème mi-temps - Total de réceptions Plus/Moins,31486,77080,1753433138,4567016605,Tre Tucker (LV) Plus de 1.5,Tre Tucker (LV) Plus de 1.5,1.8,0,False
16551834,LV Raiders vs. KC Chiefs,Tre Tucker,2ème mi-temps - Total de réceptions Plus/Moins,31486,77080,1753433138,4567016606,Tre Tucker (LV) moins de 1.5,Tre Tucker (LV) moins de 1.5,1.8,0,False
16551834,LV Raiders vs. KC Chiefs,Kenneth Walker III,2ème mi-temps - Total de réceptions Plus/Moins,31486,77080,1753433092,4567016523,Kenneth Walker III (KC) Plus de 1.5,Kenneth Walker III (KC) Plus de 1.5,1.9091,0,False
16551834,LV Raiders vs. KC Chiefs,Kenneth Walker III,2ème mi-temps - Total de réceptions Plus/Moins,31486,77080,1753433092,4567016524,Kenneth Walker III (KC) moins de 1.5,Kenneth Walker III (KC) moins de 1.5,1.7143,0,False
16551834,LV Raiders vs. KC Chiefs,Michael Mayer,2ème mi-temps - Total de réceptions Plus/Moins,31486,77080,1755791132,4574174652,Michael Mayer (LV) Plus de 1.5,Michael Mayer (LV) Plus de 1.5,2.2,0,False
16551834,LV Raiders vs. KC Chiefs,Michael Mayer,2ème mi-temps - Total de réceptions Plus/Moins,31486,77080,1755791132,4574174653,Michael Mayer (LV) moins de 1.5,Michael Mayer (LV) moins de 1.5,1.5264,0,False
16551834,LV Raiders vs. KC Chiefs,Xavier Worthy,2ème mi-temps - Total de réceptions Plus/Moins,31486,77080,1753433457,4567017158,Xavier Worthy (KC) Plus de 1.5,Xavier Worthy (KC) Plus de 1.5,2.2,0,False
16551834,LV Raiders vs. KC Chiefs,Xavier Worthy,2ème mi-temps - Total de réceptions Plus/Moins,31486,77080,1753433457,4567017159,Xavier Worthy (KC) moins de 1.5,Xavier Worthy (KC) moins de 1.5,1.5264,0,False
16551834,LV Raiders vs. KC Chiefs,Jalen Nailor,2ème mi-temps - Total de réceptions Plus/Moins,31486,77080,1753874568,4568348771,Jalen Nailor (LV) Plus de 0.5,Jalen Nailor (LV) Plus de 0.5,1.3847,0,False
16551834,LV Raiders vs. KC Chiefs,Jalen Nailor,2ème mi-temps - Total de réceptions Plus/Moins,31486,77080,1753874568,4568348772,Jalen Nailor (LV) moins de 0.5,Jalen Nailor (LV) moins de 0.5,2.6,0,False
16551834,LV Raiders vs. KC Chiefs,Tyquan Thornton,2ème mi-temps - Total de réceptions Plus/Moins,31486,77080,1753432849,4567016096,Tyquan Thornton (KC) Plus de 0.5,Tyquan Thornton (KC) Plus de 0.5,1.7408,0,False
16551834,LV Raiders vs. KC Chiefs,Tyquan Thornton,2ème mi-temps - Total de réceptions Plus/Moins,31486,77080,1753432849,4567016097,Tyquan Thornton (KC) moins de 0.5,Tyquan Thornton (KC) moins de 0.5,1.8696,0,False
16551834,LV Raiders vs. KC Chiefs,Cody White,2ème mi-temps - Total de réceptions Plus/Moins,31486,77080,1755788641,4574169003,Cody White (LV) Plus de 0.5,Cody White (LV) Plus de 0.5,1.7693,0,False
16551834,LV Raiders vs. KC Chiefs,Cody White,2ème mi-temps - Total de réceptions Plus/Moins,31486,77080,1755788641,4574169004,Cody White (LV) moins de 0.5,Cody White (LV) moins de 0.5,1.8334,0,False
16551834,LV Raiders vs. KC Chiefs,Emmett Johnson,2ème mi-temps - Total de réceptions Plus/Moins,31486,77080,1753433484,4567017203,Emmett Johnson (KC) Plus de 0.5,Emmett Johnson (KC) Plus de 0.5,1.8334,0,False
16551834,LV Raiders vs. KC Chiefs,Emmett Johnson,2ème mi-temps - Total de réceptions Plus/Moins,31486,77080,1753433484,4567017204,Emmett Johnson (KC) moins de 0.5,Emmett Johnson (KC) moins de 0.5,1.7693,0,False
16551834,LV Raiders vs. KC Chiefs,Noah Gray,2ème mi-temps - Total de réceptions Plus/Moins,31486,77080,1753432733,4567015890,Noah Gray (KC) Plus de 0.5,Noah Gray (KC) Plus de 0.5,2.2,0,False
16551834,LV Raiders vs. KC Chiefs,Noah Gray,2ème mi-temps - Total de réceptions Plus/Moins,31486,77080,1753432733,4567015891,Noah Gray (KC) moins de 0.5,Noah Gray (KC) moins de 0.5,1.5264,0,False
16551834,LV Raiders vs. KC Chiefs,Mike Washington Jr,2ème mi-temps - Total de réceptions Plus/Moins,31486,77080,1753433357,4567016979,Mike Washington Jr (LV) Plus de 0.5,Mike Washington Jr (LV) Plus de 0.5,3.2,0,False
16551834,LV Raiders vs. KC Chiefs,Mike Washington Jr,2ème mi-temps - Total de réceptions Plus/Moins,31486,77080,1753433357,4567016980,Mike Washington Jr (LV) moins de 0.5,Mike Washington Jr (LV) moins de 0.5,1.25,0,False
16551834,LV Raiders vs. KC Chiefs,Brock Bowers,2ème mi-temps - Yards reçus par le joueur - Plus/Moins,31465,77059,1757185548,4578790370,Brock Bowers (LV) Plus de 36.5,Brock Bowers (LV) Plus de 36.5,1.7693,0,False
16551834,LV Raiders vs. KC Chiefs,Brock Bowers,2ème mi-temps - Yards reçus par le joueur - Plus/Moins,31465,77059,1757185548,4578790371,Brock Bowers (LV) moins de 36.5,Brock Bowers (LV) moins de 36.5,1.8334,0,False
16551834,LV Raiders vs. KC Chiefs,Rashee Rice,2ème mi-temps - Yards reçus par le joueur - Plus/Moins,31465,77059,1754073677,4569155768,Rashee Rice (KC) Plus de 25.5,Rashee Rice (KC) Plus de 25.5,1.8334,0,False
16551834,LV Raiders vs. KC Chiefs,Rashee Rice,2ème mi-temps - Yards reçus par le joueur - Plus/Moins,31465,77059,1754073677,4569155769,Rashee Rice (KC) moins de 25.5,Rashee Rice (KC) moins de 25.5,1.7693,0,False
16551834,LV Raiders vs. KC Chiefs,Travis Kelce,2ème mi-temps - Yards reçus par le joueur - Plus/Moins,31465,77059,1753874516,4568348667,Travis Kelce (KC) Plus de 21.5,Travis Kelce (KC) Plus de 21.5,1.7693,0,False
16551834,LV Raiders vs. KC Chiefs,Travis Kelce,2ème mi-temps - Yards reçus par le joueur - Plus/Moins,31465,77059,1753874516,4568348668,Travis Kelce (KC) moins de 21.5,Travis Kelce (KC) moins de 21.5,1.8334,0,False
16551834,LV Raiders vs. KC Chiefs,Tre Tucker,2ème mi-temps - Yards reçus par le joueur - Plus/Moins,31465,77059,1753983684,4568886229,Tre Tucker (LV) Plus de 16.5,Tre Tucker (LV) Plus de 16.5,1.7693,0,False
16551834,LV Raiders vs. KC Chiefs,Tre Tucker,2ème mi-temps - Yards reçus par le joueur - Plus/Moins,31465,77059,1753983684,4568886230,Tre Tucker (LV) moins de 16.5,Tre Tucker (LV) moins de 16.5,1.8334,0,False
16551834,LV Raiders vs. KC Chiefs,Xavier Worthy,2ème mi-temps - Yards reçus par le joueur - Plus/Moins,31465,77059,1755902357,4574477917,Xavier Worthy (KC) Plus de 12.5,Xavier Worthy (KC) Plus de 12.5,1.7693,0,False
16551834,LV Raiders vs. KC Chiefs,Xavier Worthy,2ème mi-temps - Yards reçus par le joueur - Plus/Moins,31465,77059,1755902357,4574477918,Xavier Worthy (KC) moins de 12.5,Xavier Worthy (KC) moins de 12.5,1.8334,0,False
16551834,LV Raiders vs. KC Chiefs,Ashton Jeanty,2ème mi-temps - Yards reçus par le joueur - Plus/Moins,31465,77059,1757185261,4578789688,Ashton Jeanty (LV) moins de 9.5,Ashton Jeanty (LV) moins de 9.5,1.7693,0,False
16551834,LV Raiders vs. KC Chiefs,Ashton Jeanty,2ème mi-temps - Yards reçus par le joueur - Plus/Moins,31465,77059,1757185261,4578789687,Ashton Jeanty (LV) Plus de 9.5,Ashton Jeanty (LV) Plus de 9.5,1.8334,0,False
16551834,LV Raiders vs. KC Chiefs,Michael Mayer,2ème mi-temps - Yards reçus par le joueur - Plus/Moins,31465,77059,1755903916,4574481345,Michael Mayer (LV) Plus de 9.5,Michael Mayer (LV) Plus de 9.5,1.8334,0,False
16551834,LV Raiders vs. KC Chiefs,Michael Mayer,2ème mi-temps - Yards reçus par le joueur - Plus/Moins,31465,77059,1755903916,4574481346,Michael Mayer (LV) moins de 9.5,Michael Mayer (LV) moins de 9.5,1.7693,0,False
16551834,LV Raiders vs. KC Chiefs,Jalen Nailor,2ème mi-temps - Yards reçus par le joueur - Plus/Moins,31465,77059,1754842114,4571283200,Jalen Nailor (LV) Plus de 8.5,Jalen Nailor (LV) Plus de 8.5,1.7693,0,False
16551834,LV Raiders vs. KC Chiefs,Jalen Nailor,2ème mi-temps - Yards reçus par le joueur - Plus/Moins,31465,77059,1754842114,4571283201,Jalen Nailor (LV) moins de 8.5,Jalen Nailor (LV) moins de 8.5,1.8334,0,False
16551834,LV Raiders vs. KC Chiefs,Kenneth Walker III,2ème mi-temps - Yards reçus par le joueur - Plus/Moins,31465,77059,1753433086,4567016512,Kenneth Walker III (KC) moins de 8.5,Kenneth Walker III (KC) moins de 8.5,1.7693,0,False
16551834,LV Raiders vs. KC Chiefs,Kenneth Walker III,2ème mi-temps - Yards reçus par le joueur - Plus/Moins,31465,77059,1753433086,4567016511,Kenneth Walker III (KC) Plus de 8.5,Kenneth Walker III (KC) Plus de 8.5,1.8334,0,False
16551834,LV Raiders vs. KC Chiefs,Tyquan Thornton,2ème mi-temps - Yards reçus par le joueur - Plus/Moins,31465,77059,1755905209,4574484272,Tyquan Thornton (KC) moins de 4.5,Tyquan Thornton (KC) moins de 4.5,1.7693,0,False
16551834,LV Raiders vs. KC Chiefs,Tyquan Thornton,2ème mi-temps - Yards reçus par le joueur - Plus/Moins,31465,77059,1755905209,4574484271,Tyquan Thornton (KC) Plus de 4.5,Tyquan Thornton (KC) Plus de 4.5,1.8334,0,False
16551834,LV Raiders vs. KC Chiefs,Cody White,2ème mi-temps - Yards reçus par le joueur - Plus/Moins,31465,77059,1755788635,4574168992,Cody White (LV) moins de 0.5,Cody White (LV) moins de 0.5,1.7693,0,False
16551834,LV Raiders vs. KC Chiefs,Cody White,2ème mi-temps - Yards reçus par le joueur - Plus/Moins,31465,77059,1755788635,4574168991,Cody White (LV) Plus de 0.5,Cody White (LV) Plus de 0.5,1.8334,0,False
16551834,LV Raiders vs. KC Chiefs,Emmett Johnson,2ème mi-temps - Yards reçus par le joueur - Plus/Moins,31465,77059,1753433478,4567017192,Emmett Johnson (KC) moins de 0.5,Emmett Johnson (KC) moins de 0.5,1.6667,0,False
16551834,LV Raiders vs. KC Chiefs,Emmett Johnson,2ème mi-temps - Yards reçus par le joueur - Plus/Moins,31465,77059,1753433478,4567017191,Emmett Johnson (KC) Plus de 0.5,Emmett Johnson (KC) Plus de 0.5,1.9524,0,False
16551834,LV Raiders vs. KC Chiefs,Noah Gray,2ème mi-temps - Yards reçus par le joueur - Plus/Moins,31465,77059,1753432727,4567015878,Noah Gray (KC) Plus de 0.5,Noah Gray (KC) Plus de 0.5,2.25,0,False
16551834,LV Raiders vs. KC Chiefs,Noah Gray,2ème mi-temps - Yards reçus par le joueur - Plus/Moins,31465,77059,1753432727,4567015879,Noah Gray (KC) moins de 0.5,Noah Gray (KC) moins de 0.5,1.5,0,False
16551834,LV Raiders vs. KC Chiefs,Mike Washington Jr,2ème mi-temps - Yards reçus par le joueur - Plus/Moins,31465,77059,1753433351,4567016968,Mike Washington Jr (LV) moins de 0.5,Mike Washington Jr (LV) moins de 0.5,1.2106,0,False
16551834,LV Raiders vs. KC Chiefs,Mike Washington Jr,2ème mi-temps - Yards reçus par le joueur - Plus/Moins,31465,77059,1753433351,4567016967,Mike Washington Jr (LV) Plus de 0.5,Mike Washington Jr (LV) Plus de 0.5,3.5,0,False
16551834,LV Raiders vs. KC Chiefs,Travis Kelce,2ème mi-temps - Touchdowns de réception du joueur Plus / Moins,31468,77062,1753432533,4567015537,Travis Kelce (KC) Plus de 0.5,Travis Kelce (KC) Plus de 0.5,3.75,0,False
16551834,LV Raiders vs. KC Chiefs,Travis Kelce,2ème mi-temps - Touchdowns de réception du joueur Plus / Moins,31468,77062,1753432533,4567015538,Travis Kelce (KC) moins de 0.5,Travis Kelce (KC) moins de 0.5,1.1819,0,False
16551834,LV Raiders vs. KC Chiefs,Brock Bowers,2ème mi-temps - Touchdowns de réception du joueur Plus / Moins,31468,77062,1753433262,4567016818,Brock Bowers (LV) Plus de 0.5,Brock Bowers (LV) Plus de 0.5,4.0,0,False
16551834,LV Raiders vs. KC Chiefs,Brock Bowers,2ème mi-temps - Touchdowns de réception du joueur Plus / Moins,31468,77062,1753433262,4567016819,Brock Bowers (LV) moins de 0.5,Brock Bowers (LV) moins de 0.5,1.1667,0,False
16551834,LV Raiders vs. KC Chiefs,Rashee Rice,2ème mi-temps - Touchdowns de réception du joueur Plus / Moins,31468,77062,1753433180,4567016677,Rashee Rice (KC) Plus de 0.5,Rashee Rice (KC) Plus de 0.5,4.0,0,False
16551834,LV Raiders vs. KC Chiefs,Rashee Rice,2ème mi-temps - Touchdowns de réception du joueur Plus / Moins,31468,77062,1753433180,4567016678,Rashee Rice (KC) moins de 0.5,Rashee Rice (KC) moins de 0.5,1.1667,0,False
16551834,LV Raiders vs. KC Chiefs,Tre Tucker,2ème mi-temps - Touchdowns de réception du joueur Plus / Moins,31468,77062,1753433135,4567016600,Tre Tucker (LV) moins de 0.5,Tre Tucker (LV) moins de 0.5,1.1112,0,False
16551834,LV Raiders vs. KC Chiefs,Tre Tucker,2ème mi-temps - Touchdowns de réception du joueur Plus / Moins,31468,77062,1753433135,4567016599,Tre Tucker (LV) Plus de 0.5,Tre Tucker (LV) Plus de 0.5,4.75,0,False
16551834,LV Raiders vs. KC Chiefs,Xavier Worthy,2ème mi-temps - Touchdowns de réception du joueur Plus / Moins,31468,77062,1753433454,4567017152,Xavier Worthy (KC) Plus de 0.5,Xavier Worthy (KC) Plus de 0.5,5.25,0,False
16551834,LV Raiders vs. KC Chiefs,Xavier Worthy,2ème mi-temps - Touchdowns de réception du joueur Plus / Moins,31468,77062,1753433454,4567017153,Xavier Worthy (KC) moins de 0.5,Xavier Worthy (KC) moins de 0.5,1.091,0,False
16551834,LV Raiders vs. KC Chiefs,Ashton Jeanty,2ème mi-temps - Touchdowns de réception du joueur Plus / Moins,31468,77062,1753433522,4567017270,Ashton Jeanty (LV) Plus de 0.5,Ashton Jeanty (LV) Plus de 0.5,6.0,0,False
16551834,LV Raiders vs. KC Chiefs,Ashton Jeanty,2ème mi-temps - Touchdowns de réception du joueur Plus / Moins,31468,77062,1753433522,4567017271,Ashton Jeanty (LV) moins de 0.5,Ashton Jeanty (LV) moins de 0.5,1.0589,0,False
16551834,LV Raiders vs. KC Chiefs,Jalen Nailor,2ème mi-temps - Touchdowns de réception du joueur Plus / Moins,31468,77062,1753432983,4567016334,Jalen Nailor (LV) Plus de 0.5,Jalen Nailor (LV) Plus de 0.5,6.0,0,False
16551834,LV Raiders vs. KC Chiefs,Jalen Nailor,2ème mi-temps - Touchdowns de réception du joueur Plus / Moins,31468,77062,1753432983,4567016335,Jalen Nailor (LV) moins de 0.5,Jalen Nailor (LV) moins de 0.5,1.0589,0,False
16551834,LV Raiders vs. KC Chiefs,Tyquan Thornton,2ème mi-temps - Touchdowns de réception du joueur Plus / Moins,31468,77062,1753432846,4567016090,Tyquan Thornton (KC) Plus de 0.5,Tyquan Thornton (KC) Plus de 0.5,6.0,0,False
16551834,LV Raiders vs. KC Chiefs,Tyquan Thornton,2ème mi-temps - Touchdowns de réception du joueur Plus / Moins,31468,77062,1753432846,4567016091,Tyquan Thornton (KC) moins de 0.5,Tyquan Thornton (KC) moins de 0.5,1.0589,0,False
16551834,LV Raiders vs. KC Chiefs,Michael Mayer,2ème mi-temps - Touchdowns de réception du joueur Plus / Moins,31468,77062,1753433229,4567016762,Michael Mayer (LV) Plus de 0.5,Michael Mayer (LV) Plus de 0.5,6.25,0,False
16551834,LV Raiders vs. KC Chiefs,Michael Mayer,2ème mi-temps - Touchdowns de réception du joueur Plus / Moins,31468,77062,1753433229,4567016763,Michael Mayer (LV) moins de 0.5,Michael Mayer (LV) moins de 0.5,1.05,0,False
16551834,LV Raiders vs. KC Chiefs,Kenneth Walker III,2ème mi-temps - Touchdowns de réception du joueur Plus / Moins,31468,77062,1753433089,4567016517,Kenneth Walker III (KC) Plus de 0.5,Kenneth Walker III (KC) Plus de 0.5,6.75,0,False
16551834,LV Raiders vs. KC Chiefs,Kenneth Walker III,2ème mi-temps - Touchdowns de réception du joueur Plus / Moins,31468,77062,1753433089,4567016518,Kenneth Walker III (KC) moins de 0.5,Kenneth Walker III (KC) moins de 0.5,1.04,0,False
16551834,LV Raiders vs. KC Chiefs,Cody White,2ème mi-temps - Touchdowns de réception du joueur Plus / Moins,31468,77062,1755788638,4574168997,Cody White (LV) Plus de 0.5,Cody White (LV) Plus de 0.5,7.75,0,False
16551834,LV Raiders vs. KC Chiefs,Cody White,2ème mi-temps - Touchdowns de réception du joueur Plus / Moins,31468,77062,1755788638,4574168998,Cody White (LV) moins de 0.5,Cody White (LV) moins de 0.5,1.02,0,False
16551834,LV Raiders vs. KC Chiefs,Brashard Smith,2ème mi-temps - Touchdowns de réception du joueur Plus / Moins,31468,77062,1753433395,4567017046,Brashard Smith (KC) Plus de 0.5,Brashard Smith (KC) Plus de 0.5,8.5,0,False
16551834,LV Raiders vs. KC Chiefs,Brashard Smith,2ème mi-temps - Touchdowns de réception du joueur Plus / Moins,31468,77062,1753433395,4567017047,Brashard Smith (KC) moins de 0.5,Brashard Smith (KC) moins de 0.5,0.0,7,False
16551834,LV Raiders vs. KC Chiefs,Dareke Young,2ème mi-temps - Touchdowns de réception du joueur Plus / Moins,31468,77062,1753433602,4567017410,Dareke Young (LV) Plus de 0.5,Dareke Young (LV) Plus de 0.5,8.5,0,False
16551834,LV Raiders vs. KC Chiefs,Dareke Young,2ème mi-temps - Touchdowns de réception du joueur Plus / Moins,31468,77062,1753433602,4567017411,Dareke Young (LV) moins de 0.5,Dareke Young (LV) moins de 0.5,0.0,7,False
16551834,LV Raiders vs. KC Chiefs,Emmett Johnson,2ème mi-temps - Touchdowns de réception du joueur Plus / Moins,31468,77062,1753433481,4567017197,Emmett Johnson (KC) Plus de 0.5,Emmett Johnson (KC) Plus de 0.5,8.5,0,False
16551834,LV Raiders vs. KC Chiefs,Emmett Johnson,2ème mi-temps - Touchdowns de réception du joueur Plus / Moins,31468,77062,1753433481,4567017198,Emmett Johnson (KC) moins de 0.5,Emmett Johnson (KC) moins de 0.5,0.0,7,False
16551834,LV Raiders vs. KC Chiefs,Ian Thomas,2ème mi-temps - Touchdowns de réception du joueur Plus / Moins,31468,77062,1753432698,4567015830,Ian Thomas (LV) Plus de 0.5,Ian Thomas (LV) Plus de 0.5,8.5,0,False
16551834,LV Raiders vs. KC Chiefs,Ian Thomas,2ème mi-temps - Touchdowns de réception du joueur Plus / Moins,31468,77062,1753432698,4567015831,Ian Thomas (LV) moins de 0.5,Ian Thomas (LV) moins de 0.5,0.0,7,False
16551834,LV Raiders vs. KC Chiefs,Jake Briningstool,2ème mi-temps - Touchdowns de réception du joueur Plus / Moins,31468,77062,1753433327,4567016928,Jake Briningstool (KC) Plus de 0.5,Jake Briningstool (KC) Plus de 0.5,8.5,0,False
16551834,LV Raiders vs. KC Chiefs,Jake Briningstool,2ème mi-temps - Touchdowns de réception du joueur Plus / Moins,31468,77062,1753433327,4567016929,Jake Briningstool (KC) moins de 0.5,Jake Briningstool (KC) moins de 0.5,0.0,7,False
16551834,LV Raiders vs. KC Chiefs,Jalen Royals,2ème mi-temps - Touchdowns de réception du joueur Plus / Moins,31468,77062,1753433692,4567017570,Jalen Royals (KC) Plus de 0.5,Jalen Royals (KC) Plus de 0.5,8.5,0,False
16551834,LV Raiders vs. KC Chiefs,Jalen Royals,2ème mi-temps - Touchdowns de réception du joueur Plus / Moins,31468,77062,1753433692,4567017571,Jalen Royals (KC) moins de 0.5,Jalen Royals (KC) moins de 0.5,0.0,7,False
16551834,LV Raiders vs. KC Chiefs,Malik Benson,2ème mi-temps - Touchdowns de réception du joueur Plus / Moins,31468,77062,1753433719,4567017616,Malik Benson (LV) moins de 0.5,Malik Benson (LV) moins de 0.5,1.01,0,False
16551834,LV Raiders vs. KC Chiefs,Malik Benson,2ème mi-temps - Touchdowns de réception du joueur Plus / Moins,31468,77062,1753433719,4567017615,Malik Benson (LV) Plus de 0.5,Malik Benson (LV) Plus de 0.5,8.5,0,False
16551834,LV Raiders vs. KC Chiefs,Noah Gray,2ème mi-temps - Touchdowns de réception du joueur Plus / Moins,31468,77062,1753432730,4567015884,Noah Gray (KC) Plus de 0.5,Noah Gray (KC) Plus de 0.5,8.5,0,False
16551834,LV Raiders vs. KC Chiefs,Noah Gray,2ème mi-temps - Touchdowns de réception du joueur Plus / Moins,31468,77062,1753432730,4567015885,Noah Gray (KC) moins de 0.5,Noah Gray (KC) moins de 0.5,1.01,0,False
16551834,LV Raiders vs. KC Chiefs,Mike Washington Jr,2ème mi-temps - Touchdowns de réception du joueur Plus / Moins,31468,77062,1753433354,4567016973,Mike Washington Jr (LV) Plus de 0.5,Mike Washington Jr (LV) Plus de 0.5,9.0,0,False
16551834,LV Raiders vs. KC Chiefs,Mike Washington Jr,2ème mi-temps - Touchdowns de réception du joueur Plus / Moins,31468,77062,1753433354,4567016974,Mike Washington Jr (LV) moins de 0.5,Mike Washington Jr (LV) moins de 0.5,0.0,7,False
16551834,LV Raiders vs. KC Chiefs,Kirk Cousins,2ème mi-temps - Total de yards à la passe du joueur Plus/Moins,31459,77053,1755938538,4574561827,Kirk Cousins (LV) Plus de 115.5,Kirk Cousins (LV) Plus de 115.5,1.8334,0,False
16551834,LV Raiders vs. KC Chiefs,Kirk Cousins,2ème mi-temps - Total de yards à la passe du joueur Plus/Moins,31459,77053,1755938538,4574561828,Kirk Cousins (LV) moins de 115.5,Kirk Cousins (LV) moins de 115.5,1.7693,0,False
16551834,LV Raiders vs. KC Chiefs,Patrick Mahomes,2ème mi-temps - Total de yards à la passe du joueur Plus/Moins,31459,77053,1755911242,4574498288,Patrick Mahomes (KC) Plus de 112.5,Patrick Mahomes (KC) Plus de 112.5,1.8334,0,False
16551834,LV Raiders vs. KC Chiefs,Patrick Mahomes,2ème mi-temps - Total de yards à la passe du joueur Plus/Moins,31459,77053,1755911242,4574498289,Patrick Mahomes (KC) moins de 112.5,Patrick Mahomes (KC) moins de 112.5,1.7693,0,False
16551834,LV Raiders vs. KC Chiefs,Patrick Mahomes,2ème mi-temps - Total de Touchdowns à la passe du joueur - Plus/Moins,31462,77056,1753432616,4567015681,Patrick Mahomes (KC) Plus de 0.5,Patrick Mahomes (KC) Plus de 0.5,1.5264,0,False
16551834,LV Raiders vs. KC Chiefs,Patrick Mahomes,2ème mi-temps - Total de Touchdowns à la passe du joueur - Plus/Moins,31462,77056,1753432616,4567015682,Patrick Mahomes (KC) moins de 0.5,Patrick Mahomes (KC) moins de 0.5,2.2,0,False
16551834,LV Raiders vs. KC Chiefs,Kirk Cousins,2ème mi-temps - Total de Touchdowns à la passe du joueur - Plus/Moins,31462,77056,1753432486,4567015452,Kirk Cousins (LV) Plus de 0.5,Kirk Cousins (LV) Plus de 0.5,1.6667,0,False
16551834,LV Raiders vs. KC Chiefs,Kirk Cousins,2ème mi-temps - Total de Touchdowns à la passe du joueur - Plus/Moins,31462,77056,1753432486,4567015453,Kirk Cousins (LV) moins de 0.5,Kirk Cousins (LV) moins de 0.5,1.9524,0,False
16551834,LV Raiders vs. KC Chiefs,Kirk Cousins,2ème mi-temps - Joueur Tentative de passe - Plus/Moins,31480,77074,1755911852,4574499696,Kirk Cousins (LV) Plus de 16.5,Kirk Cousins (LV) Plus de 16.5,1.9091,0,False
16551834,LV Raiders vs. KC Chiefs,Kirk Cousins,2ème mi-temps - Joueur Tentative de passe - Plus/Moins,31480,77074,1755911852,4574499697,Kirk Cousins (LV) moins de 16.5,Kirk Cousins (LV) moins de 16.5,1.7143,0,False
16551834,LV Raiders vs. KC Chiefs,Patrick Mahomes,2ème mi-temps - Joueur Tentative de passe - Plus/Moins,31480,77074,1755902184,4574477524,Patrick Mahomes (KC) Plus de 14.5,Patrick Mahomes (KC) Plus de 14.5,1.8696,0,False
16551834,LV Raiders vs. KC Chiefs,Patrick Mahomes,2ème mi-temps - Joueur Tentative de passe - Plus/Moins,31480,77074,1755902184,4574477525,Patrick Mahomes (KC) moins de 14.5,Patrick Mahomes (KC) moins de 14.5,1.7408,0,False
16551834,LV Raiders vs. KC Chiefs,Kirk Cousins,2ème mi-temps - Interceptions du joueur Plus/Moins,31477,77071,1753432492,4567015464,Kirk Cousins (LV) Plus de 0.5,Kirk Cousins (LV) Plus de 0.5,2.8,0,False
16551834,LV Raiders vs. KC Chiefs,Kirk Cousins,2ème mi-temps - Interceptions du joueur Plus/Moins,31477,77071,1753432492,4567015465,Kirk Cousins (LV) moins de 0.5,Kirk Cousins (LV) moins de 0.5,1.3334,0,False
16551834,LV Raiders vs. KC Chiefs,Patrick Mahomes,2ème mi-temps - Interceptions du joueur Plus/Moins,31477,77071,1753432622,4567015693,Patrick Mahomes (KC) Plus de 0.5,Patrick Mahomes (KC) Plus de 0.5,3.6,0,False
16551834,LV Raiders vs. KC Chiefs,Patrick Mahomes,2ème mi-temps - Interceptions du joueur Plus/Moins,31477,77071,1753432622,4567015694,Patrick Mahomes (KC) moins de 0.5,Patrick Mahomes (KC) moins de 0.5,1.2,0,False
16551834,LV Raiders vs. KC Chiefs,Kirk Cousins,2ème mi-temps - Passes réussies du joueur - Plus/Moins,31492,77086,1753432498,4567015476,Kirk Cousins (LV) Plus de 10.5,Kirk Cousins (LV) Plus de 10.5,1.7693,0,False
16551834,LV Raiders vs. KC Chiefs,Kirk Cousins,2ème mi-temps - Passes réussies du joueur - Plus/Moins,31492,77086,1753432498,4567015477,Kirk Cousins (LV) moins de 10.5,Kirk Cousins (LV) moins de 10.5,1.8334,0,False
16551834,LV Raiders vs. KC Chiefs,Patrick Mahomes,2ème mi-temps - Passes réussies du joueur - Plus/Moins,31492,77086,1753874530,4568348696,Patrick Mahomes (KC) moins de 9.5,Patrick Mahomes (KC) moins de 9.5,1.7693,0,False
16551834,LV Raiders vs. KC Chiefs,Patrick Mahomes,2ème mi-temps - Passes réussies du joueur - Plus/Moins,31492,77086,1753874530,4568348695,Patrick Mahomes (KC) Plus de 9.5,Patrick Mahomes (KC) Plus de 9.5,1.8334,0,False
16551834,LV Raiders vs. KC Chiefs,Kenneth Walker III,Premier quart-temps - Total de yards à la course du joueur Plus/Moins,31472,77066,1755902843,4574479037,Kenneth Walker III (KC) Plus de 21.5,Kenneth Walker III (KC) Plus de 21.5,1.8334,0,False
16551834,LV Raiders vs. KC Chiefs,Kenneth Walker III,Premier quart-temps - Total de yards à la course du joueur Plus/Moins,31472,77066,1755902843,4574479038,Kenneth Walker III (KC) moins de 21.5,Kenneth Walker III (KC) moins de 21.5,1.7693,0,False
16551834,LV Raiders vs. KC Chiefs,Ashton Jeanty,Premier quart-temps - Total de yards à la course du joueur Plus/Moins,31472,77066,1761962834,4593666230,Ashton Jeanty (LV) Plus de 12.5,Ashton Jeanty (LV) Plus de 12.5,1.7693,0,False
16551834,LV Raiders vs. KC Chiefs,Ashton Jeanty,Premier quart-temps - Total de yards à la course du joueur Plus/Moins,31472,77066,1761962834,4593666231,Ashton Jeanty (LV) moins de 12.5,Ashton Jeanty (LV) moins de 12.5,1.8334,0,False
16551834,LV Raiders vs. KC Chiefs,Mike Washington Jr,Premier quart-temps - Total de yards à la course du joueur Plus/Moins,31472,77066,1753874608,4568348851,Mike Washington Jr (LV) Plus de 2.5,Mike Washington Jr (LV) Plus de 2.5,1.8334,0,False
16551834,LV Raiders vs. KC Chiefs,Mike Washington Jr,Premier quart-temps - Total de yards à la course du joueur Plus/Moins,31472,77066,1753874608,4568348852,Mike Washington Jr (LV) moins de 2.5,Mike Washington Jr (LV) moins de 2.5,1.7693,0,False
16551834,LV Raiders vs. KC Chiefs,Emmett Johnson,Premier quart-temps - Total de yards à la course du joueur Plus/Moins,31472,77066,1755884345,4574410421,Emmett Johnson (KC) Plus de 1.5,Emmett Johnson (KC) Plus de 1.5,1.8696,0,False
16551834,LV Raiders vs. KC Chiefs,Emmett Johnson,Premier quart-temps - Total de yards à la course du joueur Plus/Moins,31472,77066,1755884345,4574410422,Emmett Johnson (KC) moins de 1.5,Emmett Johnson (KC) moins de 1.5,1.7408,0,False
16551834,LV Raiders vs. KC Chiefs,Patrick Mahomes,Premier quart-temps - Total de yards à la course du joueur Plus/Moins,31472,77066,1753432636,4567015721,Patrick Mahomes (KC) Plus de 0.5,Patrick Mahomes (KC) Plus de 0.5,2.1,0,False
16551834,LV Raiders vs. KC Chiefs,Patrick Mahomes,Premier quart-temps - Total de yards à la course du joueur Plus/Moins,31472,77066,1753432636,4567015722,Patrick Mahomes (KC) moins de 0.5,Patrick Mahomes (KC) moins de 0.5,1.5715,0,False
16551834,LV Raiders vs. KC Chiefs,Kirk Cousins,Premier quart-temps - Total de yards à la course du joueur Plus/Moins,31472,77066,1753432506,4567015492,Kirk Cousins (LV) Plus de 0.5,Kirk Cousins (LV) Plus de 0.5,3.75,0,False
16551834,LV Raiders vs. KC Chiefs,Kirk Cousins,Premier quart-temps - Total de yards à la course du joueur Plus/Moins,31472,77066,1753432506,4567015493,Kirk Cousins (LV) moins de 0.5,Kirk Cousins (LV) moins de 0.5,1.1819,0,False
16551834,LV Raiders vs. KC Chiefs,Kenneth Walker III,Premier quart-temps - Touchdowns de course du joueur Plus / Moins,31475,77069,1753433103,4567016545,Kenneth Walker III (KC) Plus de 0.5,Kenneth Walker III (KC) Plus de 0.5,4.4,0,False
16551834,LV Raiders vs. KC Chiefs,Kenneth Walker III,Premier quart-temps - Touchdowns de course du joueur Plus / Moins,31475,77069,1753433103,4567016546,Kenneth Walker III (KC) moins de 0.5,Kenneth Walker III (KC) moins de 0.5,1.1334,0,False
16551834,LV Raiders vs. KC Chiefs,Ashton Jeanty,Premier quart-temps - Touchdowns de course du joueur Plus / Moins,31475,77069,1753433536,4567017298,Ashton Jeanty (LV) Plus de 0.5,Ashton Jeanty (LV) Plus de 0.5,5.0,0,False
16551834,LV Raiders vs. KC Chiefs,Ashton Jeanty,Premier quart-temps - Touchdowns de course du joueur Plus / Moins,31475,77069,1753433536,4567017299,Ashton Jeanty (LV) moins de 0.5,Ashton Jeanty (LV) moins de 0.5,1.1,0,False
16551834,LV Raiders vs. KC Chiefs,Brashard Smith,Premier quart-temps - Touchdowns de course du joueur Plus / Moins,31475,77069,1753433409,4567017074,Brashard Smith (KC) Plus de 0.5,Brashard Smith (KC) Plus de 0.5,8.5,0,False
16551834,LV Raiders vs. KC Chiefs,Brashard Smith,Premier quart-temps - Touchdowns de course du joueur Plus / Moins,31475,77069,1753433409,4567017075,Brashard Smith (KC) moins de 0.5,Brashard Smith (KC) moins de 0.5,0.0,7,False
16551834,LV Raiders vs. KC Chiefs,Emmett Johnson,Premier quart-temps - Touchdowns de course du joueur Plus / Moins,31475,77069,1753433495,4567017225,Emmett Johnson (KC) Plus de 0.5,Emmett Johnson (KC) Plus de 0.5,8.5,0,False
16551834,LV Raiders vs. KC Chiefs,Emmett Johnson,Premier quart-temps - Touchdowns de course du joueur Plus / Moins,31475,77069,1753433495,4567017226,Emmett Johnson (KC) moins de 0.5,Emmett Johnson (KC) moins de 0.5,0.0,7,False
16551834,LV Raiders vs. KC Chiefs,Mike Washington Jr,Premier quart-temps - Touchdowns de course du joueur Plus / Moins,31475,77069,1753433368,4567017001,Mike Washington Jr (LV) Plus de 0.5,Mike Washington Jr (LV) Plus de 0.5,8.5,0,False
16551834,LV Raiders vs. KC Chiefs,Mike Washington Jr,Premier quart-temps - Touchdowns de course du joueur Plus / Moins,31475,77069,1753433368,4567017002,Mike Washington Jr (LV) moins de 0.5,Mike Washington Jr (LV) moins de 0.5,1.01,0,False
16551834,LV Raiders vs. KC Chiefs,Patrick Mahomes,Premier quart-temps - Touchdowns de course du joueur Plus / Moins,31475,77069,1753432639,4567015728,Patrick Mahomes (KC) moins de 0.5,Patrick Mahomes (KC) moins de 0.5,1.01,0,False
16551834,LV Raiders vs. KC Chiefs,Patrick Mahomes,Premier quart-temps - Touchdowns de course du joueur Plus / Moins,31475,77069,1753432639,4567015727,Patrick Mahomes (KC) Plus de 0.5,Patrick Mahomes (KC) Plus de 0.5,8.5,0,False
16551834,LV Raiders vs. KC Chiefs,Kenneth Walker III,Premier quart-temps - Tentatives de rushing du joueur Plus/Moins,31484,77078,1755901364,4574475658,Kenneth Walker III (KC) Plus de 4.5,Kenneth Walker III (KC) Plus de 4.5,1.7693,0,False
16551834,LV Raiders vs. KC Chiefs,Kenneth Walker III,Premier quart-temps - Tentatives de rushing du joueur Plus/Moins,31484,77078,1755901364,4574475659,Kenneth Walker III (KC) moins de 4.5,Kenneth Walker III (KC) moins de 4.5,1.8334,0,False
16551834,LV Raiders vs. KC Chiefs,Ashton Jeanty,Premier quart-temps - Tentatives de rushing du joueur Plus/Moins,31484,77078,1753433539,4567017304,Ashton Jeanty (LV) Plus de 4.5,Ashton Jeanty (LV) Plus de 4.5,2.05,0,False
16551834,LV Raiders vs. KC Chiefs,Ashton Jeanty,Premier quart-temps - Tentatives de rushing du joueur Plus/Moins,31484,77078,1753433539,4567017305,Ashton Jeanty (LV) moins de 4.5,Ashton Jeanty (LV) moins de 4.5,1.6061,0,False
16551834,LV Raiders vs. KC Chiefs,Mike Washington Jr,Premier quart-temps - Tentatives de rushing du joueur Plus/Moins,31484,77078,1754073688,4569155790,Mike Washington Jr (LV) Plus de 1.5,Mike Washington Jr (LV) Plus de 1.5,2.65,0,False
16551834,LV Raiders vs. KC Chiefs,Mike Washington Jr,Premier quart-temps - Tentatives de rushing du joueur Plus/Moins,31484,77078,1754073688,4569155791,Mike Washington Jr (LV) moins de 1.5,Mike Washington Jr (LV) moins de 1.5,1.3637,0,False
16551834,LV Raiders vs. KC Chiefs,Emmett Johnson,Premier quart-temps - Tentatives de rushing du joueur Plus/Moins,31484,77078,1753433498,4567017232,Emmett Johnson (KC) moins de 0.5,Emmett Johnson (KC) moins de 0.5,2.2,0,False
16551834,LV Raiders vs. KC Chiefs,Emmett Johnson,Premier quart-temps - Tentatives de rushing du joueur Plus/Moins,31484,77078,1753433498,4567017231,Emmett Johnson (KC) Plus de 0.5,Emmett Johnson (KC) Plus de 0.5,1.5264,0,False
16551834,LV Raiders vs. KC Chiefs,Patrick Mahomes,Premier quart-temps - Tentatives de rushing du joueur Plus/Moins,31484,77078,1753432642,4567015733,Patrick Mahomes (KC) Plus de 0.5,Patrick Mahomes (KC) Plus de 0.5,1.9524,0,False
16551834,LV Raiders vs. KC Chiefs,Patrick Mahomes,Premier quart-temps - Tentatives de rushing du joueur Plus/Moins,31484,77078,1753432642,4567015734,Patrick Mahomes (KC) moins de 0.5,Patrick Mahomes (KC) moins de 0.5,1.6667,0,False
16551834,LV Raiders vs. KC Chiefs,Kirk Cousins,Premier quart-temps - Tentatives de rushing du joueur Plus/Moins,31484,77078,1753432512,4567015504,Kirk Cousins (LV) Plus de 0.5,Kirk Cousins (LV) Plus de 0.5,3.25,0,False
16551834,LV Raiders vs. KC Chiefs,Kirk Cousins,Premier quart-temps - Tentatives de rushing du joueur Plus/Moins,31484,77078,1753432512,4567015505,Kirk Cousins (LV) moins de 0.5,Kirk Cousins (LV) moins de 0.5,1.25,0,False
16551834,LV Raiders vs. KC Chiefs,Kenneth Walker III,Premier quart-temps - Yards de course et de réception du joueur Plus / Moins,31490,77084,1755902846,4574479043,Kenneth Walker III (KC) Plus de 26.5,Kenneth Walker III (KC) Plus de 26.5,1.8334,0,False
16551834,LV Raiders vs. KC Chiefs,Kenneth Walker III,Premier quart-temps - Yards de course et de réception du joueur Plus / Moins,31490,77084,1755902846,4574479044,Kenneth Walker III (KC) moins de 26.5,Kenneth Walker III (KC) moins de 26.5,1.7693,0,False
16551834,LV Raiders vs. KC Chiefs,Ashton Jeanty,Premier quart-temps - Yards de course et de réception du joueur Plus / Moins,31490,77084,1757190535,4578802336,Ashton Jeanty (LV) moins de 17.5,Ashton Jeanty (LV) moins de 17.5,1.7693,0,False
16551834,LV Raiders vs. KC Chiefs,Ashton Jeanty,Premier quart-temps - Yards de course et de réception du joueur Plus / Moins,31490,77084,1757190535,4578802335,Ashton Jeanty (LV) Plus de 17.5,Ashton Jeanty (LV) Plus de 17.5,1.8334,0,False
16551834,LV Raiders vs. KC Chiefs,Mike Washington Jr,Premier quart-temps - Yards de course et de réception du joueur Plus / Moins,31490,77084,1753433380,4567017022,Mike Washington Jr (LV) Plus de 2.5,Mike Washington Jr (LV) Plus de 2.5,1.7143,0,False
16551834,LV Raiders vs. KC Chiefs,Mike Washington Jr,Premier quart-temps - Yards de course et de réception du joueur Plus / Moins,31490,77084,1753433380,4567017023,Mike Washington Jr (LV) moins de 2.5,Mike Washington Jr (LV) moins de 2.5,1.9091,0,False
16551834,LV Raiders vs. KC Chiefs,Emmett Johnson,Premier quart-temps - Yards de course et de réception du joueur Plus / Moins,31490,77084,1753433507,4567017246,Emmett Johnson (KC) Plus de 2.5,Emmett Johnson (KC) Plus de 2.5,1.7693,0,False
16551834,LV Raiders vs. KC Chiefs,Emmett Johnson,Premier quart-temps - Yards de course et de réception du joueur Plus / Moins,31490,77084,1753433507,4567017247,Emmett Johnson (KC) moins de 2.5,Emmett Johnson (KC) moins de 2.5,1.8334,0,False
16551834,LV Raiders vs. KC Chiefs,Brock Bowers,Premier quart-temps - Total de réceptions Plus/Moins,31487,77081,1755912774,4574501728,Brock Bowers (LV) moins de 1.5,Brock Bowers (LV) moins de 1.5,1.7693,0,False
16551834,LV Raiders vs. KC Chiefs,Brock Bowers,Premier quart-temps - Total de réceptions Plus/Moins,31487,77081,1755912774,4574501727,Brock Bowers (LV) Plus de 1.5,Brock Bowers (LV) Plus de 1.5,1.8334,0,False
16551834,LV Raiders vs. KC Chiefs,Rashee Rice,Premier quart-temps - Total de réceptions Plus/Moins,31487,77081,1753433184,4567016685,Rashee Rice (KC) Plus de 0.5,Rashee Rice (KC) Plus de 0.5,1.4445,0,False
16551834,LV Raiders vs. KC Chiefs,Rashee Rice,Premier quart-temps - Total de réceptions Plus/Moins,31487,77081,1753433184,4567016686,Rashee Rice (KC) moins de 0.5,Rashee Rice (KC) moins de 0.5,2.4,0,False
16551834,LV Raiders vs. KC Chiefs,Travis Kelce,Premier quart-temps - Total de réceptions Plus/Moins,31487,77081,1753432537,4567015545,Travis Kelce (KC) Plus de 0.5,Travis Kelce (KC) Plus de 0.5,1.5264,0,False
16551834,LV Raiders vs. KC Chiefs,Travis Kelce,Premier quart-temps - Total de réceptions Plus/Moins,31487,77081,1753432537,4567015546,Travis Kelce (KC) moins de 0.5,Travis Kelce (KC) moins de 0.5,2.2,0,False
16551834,LV Raiders vs. KC Chiefs,Ashton Jeanty,Premier quart-temps - Total de réceptions Plus/Moins,31487,77081,1753433526,4567017278,Ashton Jeanty (LV) Plus de 0.5,Ashton Jeanty (LV) Plus de 0.5,1.7693,0,False
16551834,LV Raiders vs. KC Chiefs,Ashton Jeanty,Premier quart-temps - Total de réceptions Plus/Moins,31487,77081,1753433526,4567017279,Ashton Jeanty (LV) moins de 0.5,Ashton Jeanty (LV) moins de 0.5,1.8334,0,False
16551834,LV Raiders vs. KC Chiefs,Kenneth Walker III,Premier quart-temps - Total de réceptions Plus/Moins,31487,77081,1753433093,4567016525,Kenneth Walker III (KC) Plus de 0.5,Kenneth Walker III (KC) Plus de 0.5,1.7693,0,False
16551834,LV Raiders vs. KC Chiefs,Kenneth Walker III,Premier quart-temps - Total de réceptions Plus/Moins,31487,77081,1753433093,4567016526,Kenneth Walker III (KC) moins de 0.5,Kenneth Walker III (KC) moins de 0.5,1.8334,0,False
16551834,LV Raiders vs. KC Chiefs,Tre Tucker,Premier quart-temps - Total de réceptions Plus/Moins,31487,77081,1753433139,4567016608,Tre Tucker (LV) moins de 0.5,Tre Tucker (LV) moins de 0.5,1.7693,0,False
16551834,LV Raiders vs. KC Chiefs,Tre Tucker,Premier quart-temps - Total de réceptions Plus/Moins,31487,77081,1753433139,4567016607,Tre Tucker (LV) Plus de 0.5,Tre Tucker (LV) Plus de 0.5,1.8334,0,False
16551834,LV Raiders vs. KC Chiefs,Xavier Worthy,Premier quart-temps - Total de réceptions Plus/Moins,31487,77081,1753433458,4567017160,Xavier Worthy (KC) Plus de 0.5,Xavier Worthy (KC) Plus de 0.5,1.9091,0,False
16551834,LV Raiders vs. KC Chiefs,Xavier Worthy,Premier quart-temps - Total de réceptions Plus/Moins,31487,77081,1753433458,4567017161,Xavier Worthy (KC) moins de 0.5,Xavier Worthy (KC) moins de 0.5,1.7143,0,False
16551834,LV Raiders vs. KC Chiefs,Michael Mayer,Premier quart-temps - Total de réceptions Plus/Moins,31487,77081,1753433233,4567016770,Michael Mayer (LV) Plus de 0.5,Michael Mayer (LV) Plus de 0.5,1.9524,0,False
16551834,LV Raiders vs. KC Chiefs,Michael Mayer,Premier quart-temps - Total de réceptions Plus/Moins,31487,77081,1753433233,4567016771,Michael Mayer (LV) moins de 0.5,Michael Mayer (LV) moins de 0.5,1.6667,0,False
16551834,LV Raiders vs. KC Chiefs,Jalen Nailor,Premier quart-temps - Total de réceptions Plus/Moins,31487,77081,1753432987,4567016342,Jalen Nailor (LV) Plus de 0.5,Jalen Nailor (LV) Plus de 0.5,2.4,0,False
16551834,LV Raiders vs. KC Chiefs,Jalen Nailor,Premier quart-temps - Total de réceptions Plus/Moins,31487,77081,1753432987,4567016343,Jalen Nailor (LV) moins de 0.5,Jalen Nailor (LV) moins de 0.5,1.4348,0,False
16551834,LV Raiders vs. KC Chiefs,Tyquan Thornton,Premier quart-temps - Total de réceptions Plus/Moins,31487,77081,1753432850,4567016098,Tyquan Thornton (KC) Plus de 0.5,Tyquan Thornton (KC) Plus de 0.5,3.0,0,False
16551834,LV Raiders vs. KC Chiefs,Tyquan Thornton,Premier quart-temps - Total de réceptions Plus/Moins,31487,77081,1753432850,4567016099,Tyquan Thornton (KC) moins de 0.5,Tyquan Thornton (KC) moins de 0.5,1.2858,0,False
16551834,LV Raiders vs. KC Chiefs,Emmett Johnson,Premier quart-temps - Total de réceptions Plus/Moins,31487,77081,1753433485,4567017205,Emmett Johnson (KC) Plus de 0.5,Emmett Johnson (KC) Plus de 0.5,3.6,0,False
16551834,LV Raiders vs. KC Chiefs,Emmett Johnson,Premier quart-temps - Total de réceptions Plus/Moins,31487,77081,1753433485,4567017206,Emmett Johnson (KC) moins de 0.5,Emmett Johnson (KC) moins de 0.5,1.2,0,False
16551834,LV Raiders vs. KC Chiefs,Noah Gray,Premier quart-temps - Total de réceptions Plus/Moins,31487,77081,1753432734,4567015892,Noah Gray (KC) Plus de 0.5,Noah Gray (KC) Plus de 0.5,3.6,0,False
16551834,LV Raiders vs. KC Chiefs,Noah Gray,Premier quart-temps - Total de réceptions Plus/Moins,31487,77081,1753432734,4567015893,Noah Gray (KC) moins de 0.5,Noah Gray (KC) moins de 0.5,1.2,0,False
16551834,LV Raiders vs. KC Chiefs,Cody White,Premier quart-temps - Total de réceptions Plus/Moins,31487,77081,1755788642,4574169005,Cody White (LV) Plus de 0.5,Cody White (LV) Plus de 0.5,4.0,0,False
16551834,LV Raiders vs. KC Chiefs,Cody White,Premier quart-temps - Total de réceptions Plus/Moins,31487,77081,1755788642,4574169006,Cody White (LV) moins de 0.5,Cody White (LV) moins de 0.5,1.1667,0,False
16551834,LV Raiders vs. KC Chiefs,Mike Washington Jr,Premier quart-temps - Total de réceptions Plus/Moins,31487,77081,1753433358,4567016981,Mike Washington Jr (LV) Plus de 0.5,Mike Washington Jr (LV) Plus de 0.5,5.25,0,False
16551834,LV Raiders vs. KC Chiefs,Mike Washington Jr,Premier quart-temps - Total de réceptions Plus/Moins,31487,77081,1753433358,4567016982,Mike Washington Jr (LV) moins de 0.5,Mike Washington Jr (LV) moins de 0.5,1.0834,0,False
16551834,LV Raiders vs. KC Chiefs,Brock Bowers,Premier quart-temps - Yards reçus par le joueur - Plus/Moins,31466,77060,1757184945,4578788912,Brock Bowers (LV) Plus de 14.5,Brock Bowers (LV) Plus de 14.5,1.7693,0,False
16551834,LV Raiders vs. KC Chiefs,Brock Bowers,Premier quart-temps - Yards reçus par le joueur - Plus/Moins,31466,77060,1757184945,4578788913,Brock Bowers (LV) moins de 14.5,Brock Bowers (LV) moins de 14.5,1.8334,0,False
16551834,LV Raiders vs. KC Chiefs,Rashee Rice,Premier quart-temps - Yards reçus par le joueur - Plus/Moins,31466,77060,1754021055,4569012902,Rashee Rice (KC) Plus de 7.5,Rashee Rice (KC) Plus de 7.5,1.7693,0,False
16551834,LV Raiders vs. KC Chiefs,Rashee Rice,Premier quart-temps - Yards reçus par le joueur - Plus/Moins,31466,77060,1754021055,4569012903,Rashee Rice (KC) moins de 7.5,Rashee Rice (KC) moins de 7.5,1.8334,0,False
16551834,LV Raiders vs. KC Chiefs,Travis Kelce,Premier quart-temps - Yards reçus par le joueur - Plus/Moins,31466,77060,1754073623,4569155669,Travis Kelce (KC) Plus de 6.5,Travis Kelce (KC) Plus de 6.5,1.7693,0,False
16551834,LV Raiders vs. KC Chiefs,Travis Kelce,Premier quart-temps - Yards reçus par le joueur - Plus/Moins,31466,77060,1754073623,4569155670,Travis Kelce (KC) moins de 6.5,Travis Kelce (KC) moins de 6.5,1.8334,0,False
16551834,LV Raiders vs. KC Chiefs,Tre Tucker,Premier quart-temps - Yards reçus par le joueur - Plus/Moins,31466,77060,1754073672,4569155758,Tre Tucker (LV) Plus de 0.5,Tre Tucker (LV) Plus de 0.5,1.8696,0,False
16551834,LV Raiders vs. KC Chiefs,Tre Tucker,Premier quart-temps - Yards reçus par le joueur - Plus/Moins,31466,77060,1754073672,4569155759,Tre Tucker (LV) moins de 0.5,Tre Tucker (LV) moins de 0.5,1.7408,0,False
16551834,LV Raiders vs. KC Chiefs,Kenneth Walker III,Premier quart-temps - Yards reçus par le joueur - Plus/Moins,31466,77060,1753433087,4567016513,Kenneth Walker III (KC) Plus de 0.5,Kenneth Walker III (KC) Plus de 0.5,1.9091,0,False
16551834,LV Raiders vs. KC Chiefs,Kenneth Walker III,Premier quart-temps - Yards reçus par le joueur - Plus/Moins,31466,77060,1753433087,4567016514,Kenneth Walker III (KC) moins de 0.5,Kenneth Walker III (KC) moins de 0.5,1.7143,0,False
16551834,LV Raiders vs. KC Chiefs,Ashton Jeanty,Premier quart-temps - Yards reçus par le joueur - Plus/Moins,31466,77060,1755924837,4574527844,Ashton Jeanty (LV) Plus de 0.5,Ashton Jeanty (LV) Plus de 0.5,1.9524,0,False
16551834,LV Raiders vs. KC Chiefs,Ashton Jeanty,Premier quart-temps - Yards reçus par le joueur - Plus/Moins,31466,77060,1755924837,4574527845,Ashton Jeanty (LV) moins de 0.5,Ashton Jeanty (LV) moins de 0.5,1.6667,0,False
16551834,LV Raiders vs. KC Chiefs,Xavier Worthy,Premier quart-temps - Yards reçus par le joueur - Plus/Moins,31466,77060,1753433452,4567017148,Xavier Worthy (KC) Plus de 0.5,Xavier Worthy (KC) Plus de 0.5,1.9524,0,False
16551834,LV Raiders vs. KC Chiefs,Xavier Worthy,Premier quart-temps - Yards reçus par le joueur - Plus/Moins,31466,77060,1753433452,4567017149,Xavier Worthy (KC) moins de 0.5,Xavier Worthy (KC) moins de 0.5,1.6667,0,False
16551834,LV Raiders vs. KC Chiefs,Michael Mayer,Premier quart-temps - Yards reçus par le joueur - Plus/Moins,31466,77060,1753433227,4567016758,Michael Mayer (LV) Plus de 0.5,Michael Mayer (LV) Plus de 0.5,2.0,0,False
16551834,LV Raiders vs. KC Chiefs,Michael Mayer,Premier quart-temps - Yards reçus par le joueur - Plus/Moins,31466,77060,1753433227,4567016759,Michael Mayer (LV) moins de 0.5,Michael Mayer (LV) moins de 0.5,1.6471,0,False
16551834,LV Raiders vs. KC Chiefs,Jalen Nailor,Premier quart-temps - Yards reçus par le joueur - Plus/Moins,31466,77060,1753432981,4567016330,Jalen Nailor (LV) Plus de 0.5,Jalen Nailor (LV) Plus de 0.5,2.45,0,False
16551834,LV Raiders vs. KC Chiefs,Jalen Nailor,Premier quart-temps - Yards reçus par le joueur - Plus/Moins,31466,77060,1753432981,4567016331,Jalen Nailor (LV) moins de 0.5,Jalen Nailor (LV) moins de 0.5,1.4167,0,False
16551834,LV Raiders vs. KC Chiefs,Tyquan Thornton,Premier quart-temps - Yards reçus par le joueur - Plus/Moins,31466,77060,1753432844,4567016086,Tyquan Thornton (KC) Plus de 0.5,Tyquan Thornton (KC) Plus de 0.5,3.0,0,False
16551834,LV Raiders vs. KC Chiefs,Tyquan Thornton,Premier quart-temps - Yards reçus par le joueur - Plus/Moins,31466,77060,1753432844,4567016087,Tyquan Thornton (KC) moins de 0.5,Tyquan Thornton (KC) moins de 0.5,1.2858,0,False
16551834,LV Raiders vs. KC Chiefs,Noah Gray,Premier quart-temps - Yards reçus par le joueur - Plus/Moins,31466,77060,1753432728,4567015880,Noah Gray (KC) Plus de 0.5,Noah Gray (KC) Plus de 0.5,3.6,0,False
16551834,LV Raiders vs. KC Chiefs,Noah Gray,Premier quart-temps - Yards reçus par le joueur - Plus/Moins,31466,77060,1753432728,4567015881,Noah Gray (KC) moins de 0.5,Noah Gray (KC) moins de 0.5,1.2,0,False
16551834,LV Raiders vs. KC Chiefs,Cody White,Premier quart-temps - Yards reçus par le joueur - Plus/Moins,31466,77060,1755788636,4574168993,Cody White (LV) Plus de 0.5,Cody White (LV) Plus de 0.5,4.0,0,False
16551834,LV Raiders vs. KC Chiefs,Cody White,Premier quart-temps - Yards reçus par le joueur - Plus/Moins,31466,77060,1755788636,4574168994,Cody White (LV) moins de 0.5,Cody White (LV) moins de 0.5,1.1667,0,False
16551834,LV Raiders vs. KC Chiefs,Emmett Johnson,Premier quart-temps - Yards reçus par le joueur - Plus/Moins,31466,77060,1753433479,4567017193,Emmett Johnson (KC) Plus de 0.5,Emmett Johnson (KC) Plus de 0.5,4.0,0,False
16551834,LV Raiders vs. KC Chiefs,Emmett Johnson,Premier quart-temps - Yards reçus par le joueur - Plus/Moins,31466,77060,1753433479,4567017194,Emmett Johnson (KC) moins de 0.5,Emmett Johnson (KC) moins de 0.5,1.1667,0,False
16551834,LV Raiders vs. KC Chiefs,Mike Washington Jr,Premier quart-temps - Yards reçus par le joueur - Plus/Moins,31466,77060,1753433352,4567016969,Mike Washington Jr (LV) Plus de 0.5,Mike Washington Jr (LV) Plus de 0.5,6.0,0,False
16551834,LV Raiders vs. KC Chiefs,Mike Washington Jr,Premier quart-temps - Yards reçus par le joueur - Plus/Moins,31466,77060,1753433352,4567016970,Mike Washington Jr (LV) moins de 0.5,Mike Washington Jr (LV) moins de 0.5,1.0625,0,False
16551834,LV Raiders vs. KC Chiefs,Travis Kelce,Premier quart-temps - Touchdowns de réception du joueur Plus / Moins,31469,77063,1753432534,4567015539,Travis Kelce (KC) Plus de 0.5,Travis Kelce (KC) Plus de 0.5,6.25,0,False
16551834,LV Raiders vs. KC Chiefs,Travis Kelce,Premier quart-temps - Touchdowns de réception du joueur Plus / Moins,31469,77063,1753432534,4567015540,Travis Kelce (KC) moins de 0.5,Travis Kelce (KC) moins de 0.5,1.05,0,False
16551834,LV Raiders vs. KC Chiefs,Brock Bowers,Premier quart-temps - Touchdowns de réception du joueur Plus / Moins,31469,77063,1753433263,4567016820,Brock Bowers (LV) Plus de 0.5,Brock Bowers (LV) Plus de 0.5,6.75,0,False
16551834,LV Raiders vs. KC Chiefs,Brock Bowers,Premier quart-temps - Touchdowns de réception du joueur Plus / Moins,31469,77063,1753433263,4567016821,Brock Bowers (LV) moins de 0.5,Brock Bowers (LV) moins de 0.5,1.04,0,False
16551834,LV Raiders vs. KC Chiefs,Rashee Rice,Premier quart-temps - Touchdowns de réception du joueur Plus / Moins,31469,77063,1753433181,4567016680,Rashee Rice (KC) moins de 0.5,Rashee Rice (KC) moins de 0.5,1.04,0,False
16551834,LV Raiders vs. KC Chiefs,Rashee Rice,Premier quart-temps - Touchdowns de réception du joueur Plus / Moins,31469,77063,1753433181,4567016679,Rashee Rice (KC) Plus de 0.5,Rashee Rice (KC) Plus de 0.5,6.75,0,False
16551834,LV Raiders vs. KC Chiefs,Tre Tucker,Premier quart-temps - Touchdowns de réception du joueur Plus / Moins,31469,77063,1753433136,4567016601,Tre Tucker (LV) Plus de 0.5,Tre Tucker (LV) Plus de 0.5,7.75,0,False
16551834,LV Raiders vs. KC Chiefs,Tre Tucker,Premier quart-temps - Touchdowns de réception du joueur Plus / Moins,31469,77063,1753433136,4567016602,Tre Tucker (LV) moins de 0.5,Tre Tucker (LV) moins de 0.5,1.02,0,False
16551834,LV Raiders vs. KC Chiefs,Xavier Worthy,Premier quart-temps - Touchdowns de réception du joueur Plus / Moins,31469,77063,1753433455,4567017154,Xavier Worthy (KC) Plus de 0.5,Xavier Worthy (KC) Plus de 0.5,7.75,0,False
16551834,LV Raiders vs. KC Chiefs,Xavier Worthy,Premier quart-temps - Touchdowns de réception du joueur Plus / Moins,31469,77063,1753433455,4567017155,Xavier Worthy (KC) moins de 0.5,Xavier Worthy (KC) moins de 0.5,1.02,0,False
16551834,LV Raiders vs. KC Chiefs,Ashton Jeanty,Premier quart-temps - Touchdowns de réception du joueur Plus / Moins,31469,77063,1753433523,4567017272,Ashton Jeanty (LV) Plus de 0.5,Ashton Jeanty (LV) Plus de 0.5,8.5,0,False
16551834,LV Raiders vs. KC Chiefs,Ashton Jeanty,Premier quart-temps - Touchdowns de réception du joueur Plus / Moins,31469,77063,1753433523,4567017273,Ashton Jeanty (LV) moins de 0.5,Ashton Jeanty (LV) moins de 0.5,1.01,0,False
16551834,LV Raiders vs. KC Chiefs,Cody White,Premier quart-temps - Touchdowns de réception du joueur Plus / Moins,31469,77063,1755788639,4574169000,Cody White (LV) moins de 0.5,Cody White (LV) moins de 0.5,0.0,7,False
16551834,LV Raiders vs. KC Chiefs,Cody White,Premier quart-temps - Touchdowns de réception du joueur Plus / Moins,31469,77063,1755788639,4574168999,Cody White (LV) Plus de 0.5,Cody White (LV) Plus de 0.5,8.5,0,False
16551834,LV Raiders vs. KC Chiefs,Jalen Nailor,Premier quart-temps - Touchdowns de réception du joueur Plus / Moins,31469,77063,1753432984,4567016336,Jalen Nailor (LV) Plus de 0.5,Jalen Nailor (LV) Plus de 0.5,8.5,0,False
16551834,LV Raiders vs. KC Chiefs,Jalen Nailor,Premier quart-temps - Touchdowns de réception du joueur Plus / Moins,31469,77063,1753432984,4567016337,Jalen Nailor (LV) moins de 0.5,Jalen Nailor (LV) moins de 0.5,0.0,7,False
16551834,LV Raiders vs. KC Chiefs,Kenneth Walker III,Premier quart-temps - Touchdowns de réception du joueur Plus / Moins,31469,77063,1753433090,4567016520,Kenneth Walker III (KC) moins de 0.5,Kenneth Walker III (KC) moins de 0.5,1.01,0,False
16551834,LV Raiders vs. KC Chiefs,Kenneth Walker III,Premier quart-temps - Touchdowns de réception du joueur Plus / Moins,31469,77063,1753433090,4567016519,Kenneth Walker III (KC) Plus de 0.5,Kenneth Walker III (KC) Plus de 0.5,8.5,0,False
16551834,LV Raiders vs. KC Chiefs,Michael Mayer,Premier quart-temps - Touchdowns de réception du joueur Plus / Moins,31469,77063,1753433230,4567016764,Michael Mayer (LV) Plus de 0.5,Michael Mayer (LV) Plus de 0.5,8.5,0,False
16551834,LV Raiders vs. KC Chiefs,Michael Mayer,Premier quart-temps - Touchdowns de réception du joueur Plus / Moins,31469,77063,1753433230,4567016765,Michael Mayer (LV) moins de 0.5,Michael Mayer (LV) moins de 0.5,0.0,7,False
16551834,LV Raiders vs. KC Chiefs,Noah Gray,Premier quart-temps - Touchdowns de réception du joueur Plus / Moins,31469,77063,1753432731,4567015886,Noah Gray (KC) Plus de 0.5,Noah Gray (KC) Plus de 0.5,8.5,0,False
16551834,LV Raiders vs. KC Chiefs,Noah Gray,Premier quart-temps - Touchdowns de réception du joueur Plus / Moins,31469,77063,1753432731,4567015887,Noah Gray (KC) moins de 0.5,Noah Gray (KC) moins de 0.5,0.0,7,False
16551834,LV Raiders vs. KC Chiefs,Tyquan Thornton,Premier quart-temps - Touchdowns de réception du joueur Plus / Moins,31469,77063,1753432847,4567016092,Tyquan Thornton (KC) Plus de 0.5,Tyquan Thornton (KC) Plus de 0.5,8.5,0,False
16551834,LV Raiders vs. KC Chiefs,Tyquan Thornton,Premier quart-temps - Touchdowns de réception du joueur Plus / Moins,31469,77063,1753432847,4567016093,Tyquan Thornton (KC) moins de 0.5,Tyquan Thornton (KC) moins de 0.5,1.01,0,False
16551834,LV Raiders vs. KC Chiefs,Kirk Cousins,Premier quart-temps - Total de yards à la passe du joueur Plus/Moins,31460,77054,1753983651,4568886163,Kirk Cousins (LV) Plus de 48.5,Kirk Cousins (LV) Plus de 48.5,1.7693,0,False
16551834,LV Raiders vs. KC Chiefs,Kirk Cousins,Premier quart-temps - Total de yards à la passe du joueur Plus/Moins,31460,77054,1753983651,4568886164,Kirk Cousins (LV) moins de 48.5,Kirk Cousins (LV) moins de 48.5,1.8334,0,False
16551834,LV Raiders vs. KC Chiefs,Patrick Mahomes,Premier quart-temps - Total de yards à la passe du joueur Plus/Moins,31460,77054,1755928384,4574536389,Patrick Mahomes (KC) Plus de 48.5,Patrick Mahomes (KC) Plus de 48.5,1.8334,0,False
16551834,LV Raiders vs. KC Chiefs,Patrick Mahomes,Premier quart-temps - Total de yards à la passe du joueur Plus/Moins,31460,77054,1755928384,4574536390,Patrick Mahomes (KC) moins de 48.5,Patrick Mahomes (KC) moins de 48.5,1.7693,0,False
16551834,LV Raiders vs. KC Chiefs,Patrick Mahomes,Deuxième quart-temps - Total de yards à la passe du joueur Plus/Moins,31460,77054,1755081699,4572193984,Patrick Mahomes (KC) moins de 67.5,Patrick Mahomes (KC) moins de 67.5,1.7693,0,False
16551834,LV Raiders vs. KC Chiefs,Patrick Mahomes,Deuxième quart-temps - Total de yards à la passe du joueur Plus/Moins,31460,77054,1755081699,4572193983,Patrick Mahomes (KC) Plus de 67.5,Patrick Mahomes (KC) Plus de 67.5,1.8334,0,False
16551834,LV Raiders vs. KC Chiefs,Kirk Cousins,Deuxième quart-temps - Total de yards à la passe du joueur Plus/Moins,31460,77054,1753874508,4568348651,Kirk Cousins (LV) Plus de 61.5,Kirk Cousins (LV) Plus de 61.5,1.8334,0,False
16551834,LV Raiders vs. KC Chiefs,Kirk Cousins,Deuxième quart-temps - Total de yards à la passe du joueur Plus/Moins,31460,77054,1753874508,4568348652,Kirk Cousins (LV) moins de 61.5,Kirk Cousins (LV) moins de 61.5,1.7693,0,False
16551834,LV Raiders vs. KC Chiefs,Patrick Mahomes,Troisième quart-temps - Total de yards à la passe du joueur Plus/Moins,31460,77054,1754842132,4571283236,Patrick Mahomes (KC) Plus de 53.5,Patrick Mahomes (KC) Plus de 53.5,1.8334,0,False
16551834,LV Raiders vs. KC Chiefs,Patrick Mahomes,Troisième quart-temps - Total de yards à la passe du joueur Plus/Moins,31460,77054,1754842132,4571283237,Patrick Mahomes (KC) moins de 53.5,Patrick Mahomes (KC) moins de 53.5,1.7693,0,False
16551834,LV Raiders vs. KC Chiefs,Kirk Cousins,Troisième quart-temps - Total de yards à la passe du joueur Plus/Moins,31460,77054,1754021036,4569012864,Kirk Cousins (LV) Plus de 46.5,Kirk Cousins (LV) Plus de 46.5,1.7693,0,False
16551834,LV Raiders vs. KC Chiefs,Kirk Cousins,Troisième quart-temps - Total de yards à la passe du joueur Plus/Moins,31460,77054,1754021036,4569012865,Kirk Cousins (LV) moins de 46.5,Kirk Cousins (LV) moins de 46.5,1.8334,0,False
16551834,LV Raiders vs. KC Chiefs,Kirk Cousins,Quatrième quart-temps - Total de yards à la passe du joueur Plus/Moins,31460,77054,1755926296,4574531264,Kirk Cousins (LV) Plus de 62.5,Kirk Cousins (LV) Plus de 62.5,1.7693,0,False
16551834,LV Raiders vs. KC Chiefs,Kirk Cousins,Quatrième quart-temps - Total de yards à la passe du joueur Plus/Moins,31460,77054,1755926296,4574531265,Kirk Cousins (LV) moins de 62.5,Kirk Cousins (LV) moins de 62.5,1.8334,0,False
16551834,LV Raiders vs. KC Chiefs,Patrick Mahomes,Quatrième quart-temps - Total de yards à la passe du joueur Plus/Moins,31460,77054,1755911855,4574499702,Patrick Mahomes (KC) Plus de 51.5,Patrick Mahomes (KC) Plus de 51.5,1.7693,0,False
16551834,LV Raiders vs. KC Chiefs,Patrick Mahomes,Quatrième quart-temps - Total de yards à la passe du joueur Plus/Moins,31460,77054,1755911855,4574499703,Patrick Mahomes (KC) moins de 51.5,Patrick Mahomes (KC) moins de 51.5,1.8334,0,False
16551834,LV Raiders vs. KC Chiefs,Patrick Mahomes,Premier quart-temps - 	 Total de Touchdowns à la passe du joueur - Plus/Moins,31463,77057,1753432617,4567015683,Patrick Mahomes (KC) Plus de 0.5,Patrick Mahomes (KC) Plus de 0.5,2.7,0,False
16551834,LV Raiders vs. KC Chiefs,Patrick Mahomes,Premier quart-temps - 	 Total de Touchdowns à la passe du joueur - Plus/Moins,31463,77057,1753432617,4567015684,Patrick Mahomes (KC) moins de 0.5,Patrick Mahomes (KC) moins de 0.5,1.3572,0,False
16551834,LV Raiders vs. KC Chiefs,Kirk Cousins,Premier quart-temps - 	 Total de Touchdowns à la passe du joueur - Plus/Moins,31463,77057,1753432487,4567015454,Kirk Cousins (LV) Plus de 0.5,Kirk Cousins (LV) Plus de 0.5,3.2,0,False
16551834,LV Raiders vs. KC Chiefs,Kirk Cousins,Premier quart-temps - 	 Total de Touchdowns à la passe du joueur - Plus/Moins,31463,77057,1753432487,4567015455,Kirk Cousins (LV) moins de 0.5,Kirk Cousins (LV) moins de 0.5,1.25,0,False
16551834,LV Raiders vs. KC Chiefs,Patrick Mahomes,Deuxième quart-temps - 	 Total de Touchdowns à la passe du joueur - Plus/Moins,31463,77057,1753432618,4567015685,Patrick Mahomes (KC) Plus de 0.5,Patrick Mahomes (KC) Plus de 0.5,2.0,0,False
16551834,LV Raiders vs. KC Chiefs,Patrick Mahomes,Deuxième quart-temps - 	 Total de Touchdowns à la passe du joueur - Plus/Moins,31463,77057,1753432618,4567015686,Patrick Mahomes (KC) moins de 0.5,Patrick Mahomes (KC) moins de 0.5,1.6471,0,False
16551834,LV Raiders vs. KC Chiefs,Kirk Cousins,Deuxième quart-temps - 	 Total de Touchdowns à la passe du joueur - Plus/Moins,31463,77057,1753432488,4567015456,Kirk Cousins (LV) Plus de 0.5,Kirk Cousins (LV) Plus de 0.5,2.55,0,False
16551834,LV Raiders vs. KC Chiefs,Kirk Cousins,Deuxième quart-temps - 	 Total de Touchdowns à la passe du joueur - Plus/Moins,31463,77057,1753432488,4567015457,Kirk Cousins (LV) moins de 0.5,Kirk Cousins (LV) moins de 0.5,1.4,0,False
16551834,LV Raiders vs. KC Chiefs,Patrick Mahomes,Troisième quart-temps - 	 Total de Touchdowns à la passe du joueur - Plus/Moins,31463,77057,1753432619,4567015688,Patrick Mahomes (KC) moins de 0.5,Patrick Mahomes (KC) moins de 0.5,1.3847,0,False
16551834,LV Raiders vs. KC Chiefs,Patrick Mahomes,Troisième quart-temps - 	 Total de Touchdowns à la passe du joueur - Plus/Moins,31463,77057,1753432619,4567015687,Patrick Mahomes (KC) Plus de 0.5,Patrick Mahomes (KC) Plus de 0.5,2.6,0,False
16551834,LV Raiders vs. KC Chiefs,Kirk Cousins,Troisième quart-temps - 	 Total de Touchdowns à la passe du joueur - Plus/Moins,31463,77057,1753432489,4567015458,Kirk Cousins (LV) Plus de 0.5,Kirk Cousins (LV) Plus de 0.5,3.2,0,False
16551834,LV Raiders vs. KC Chiefs,Kirk Cousins,Troisième quart-temps - 	 Total de Touchdowns à la passe du joueur - Plus/Moins,31463,77057,1753432489,4567015459,Kirk Cousins (LV) moins de 0.5,Kirk Cousins (LV) moins de 0.5,1.25,0,False
16551834,LV Raiders vs. KC Chiefs,Kirk Cousins,Quatrième quart-temps - 	 Total de Touchdowns à la passe du joueur - Plus/Moins,31463,77057,1753432490,4567015460,Kirk Cousins (LV) Plus de 0.5,Kirk Cousins (LV) Plus de 0.5,2.25,0,False
16551834,LV Raiders vs. KC Chiefs,Kirk Cousins,Quatrième quart-temps - 	 Total de Touchdowns à la passe du joueur - Plus/Moins,31463,77057,1753432490,4567015461,Kirk Cousins (LV) moins de 0.5,Kirk Cousins (LV) moins de 0.5,1.5,0,False
16551834,LV Raiders vs. KC Chiefs,Patrick Mahomes,Quatrième quart-temps - 	 Total de Touchdowns à la passe du joueur - Plus/Moins,31463,77057,1753432620,4567015689,Patrick Mahomes (KC) Plus de 0.5,Patrick Mahomes (KC) Plus de 0.5,2.25,0,False
16551834,LV Raiders vs. KC Chiefs,Patrick Mahomes,Quatrième quart-temps - 	 Total de Touchdowns à la passe du joueur - Plus/Moins,31463,77057,1753432620,4567015690,Patrick Mahomes (KC) moins de 0.5,Patrick Mahomes (KC) moins de 0.5,1.5,0,False
16551834,LV Raiders vs. KC Chiefs,Kirk Cousins,Premier quart-temps - Passes réussies du joueur - Plus/Moins,31493,77087,1753432499,4567015478,Kirk Cousins (LV) Plus de 4.5,Kirk Cousins (LV) Plus de 4.5,1.7143,0,False
16551834,LV Raiders vs. KC Chiefs,Kirk Cousins,Premier quart-temps - Passes réussies du joueur - Plus/Moins,31493,77087,1753432499,4567015479,Kirk Cousins (LV) moins de 4.5,Kirk Cousins (LV) moins de 4.5,1.9091,0,False
16551834,LV Raiders vs. KC Chiefs,Patrick Mahomes,Premier quart-temps - Passes réussies du joueur - Plus/Moins,31493,77087,1753432629,4567015707,Patrick Mahomes (KC) Plus de 4.5,Patrick Mahomes (KC) Plus de 4.5,2.05,0,False
16551834,LV Raiders vs. KC Chiefs,Patrick Mahomes,Premier quart-temps - Passes réussies du joueur - Plus/Moins,31493,77087,1753432629,4567015708,Patrick Mahomes (KC) moins de 4.5,Patrick Mahomes (KC) moins de 4.5,1.6061,0,False
16551834,LV Raiders vs. KC Chiefs,Kirk Cousins,Premier quart-temps - Joueur Tentative de passe - Plus/Moins,31481,77075,1753432496,4567015472,Kirk Cousins (LV) Plus de 6.5,Kirk Cousins (LV) Plus de 6.5,1.6667,0,False
16551834,LV Raiders vs. KC Chiefs,Kirk Cousins,Premier quart-temps - Joueur Tentative de passe - Plus/Moins,31481,77075,1753432496,4567015473,Kirk Cousins (LV) moins de 6.5,Kirk Cousins (LV) moins de 6.5,1.9524,0,False
16551834,LV Raiders vs. KC Chiefs,Patrick Mahomes,Premier quart-temps - Joueur Tentative de passe - Plus/Moins,31481,77075,1755901343,4574475616,Patrick Mahomes (KC) Plus de 6.5,Patrick Mahomes (KC) Plus de 6.5,1.9091,0,False
16551834,LV Raiders vs. KC Chiefs,Patrick Mahomes,Premier quart-temps - Joueur Tentative de passe - Plus/Moins,31481,77075,1755901343,4574475617,Patrick Mahomes (KC) moins de 6.5,Patrick Mahomes (KC) moins de 6.5,1.7143,0,False
16551834,LV Raiders vs. KC Chiefs,Kirk Cousins,Premier quart-temps - Interceptions du joueur Plus/Moins,31478,77072,1753432493,4567015466,Kirk Cousins (LV) Plus de 0.5,Kirk Cousins (LV) Plus de 0.5,5.0,0,False
16551834,LV Raiders vs. KC Chiefs,Kirk Cousins,Premier quart-temps - Interceptions du joueur Plus/Moins,31478,77072,1753432493,4567015467,Kirk Cousins (LV) moins de 0.5,Kirk Cousins (LV) moins de 0.5,1.1,0,False
16551834,LV Raiders vs. KC Chiefs,Patrick Mahomes,Premier quart-temps - Interceptions du joueur Plus/Moins,31478,77072,1753432623,4567015696,Patrick Mahomes (KC) moins de 0.5,Patrick Mahomes (KC) moins de 0.5,1.0589,0,False
16551834,LV Raiders vs. KC Chiefs,Patrick Mahomes,Premier quart-temps - Interceptions du joueur Plus/Moins,31478,77072,1753432623,4567015695,Patrick Mahomes (KC) Plus de 0.5,Patrick Mahomes (KC) Plus de 0.5,6.0,0,False
16551834,LV Raiders vs. KC Chiefs,Kirk Cousins,Joueur total nombre de tentatives de passes(Kirk Cousins (LVR)) (prolongations incluses),2248,73698,1758398847,4582968096,46+,46+,9.0,0,False
16551834,LV Raiders vs. KC Chiefs,Kirk Cousins,Joueur total nombre de tentatives de passes(Kirk Cousins (LVR)) (prolongations incluses),2248,73698,1758398847,4582968097,32+,32+,1.4762,0,False
16551834,LV Raiders vs. KC Chiefs,Kirk Cousins,Joueur total nombre de tentatives de passes(Kirk Cousins (LVR)) (prolongations incluses),2248,73698,1758398847,4582968090,34+,34+,1.8,0,False
16551834,LV Raiders vs. KC Chiefs,Kirk Cousins,Joueur total nombre de tentatives de passes(Kirk Cousins (LVR)) (prolongations incluses),2248,73698,1758398847,4582968091,36+,36+,2.2,0,False
16551834,LV Raiders vs. KC Chiefs,Kirk Cousins,Joueur total nombre de tentatives de passes(Kirk Cousins (LVR)) (prolongations incluses),2248,73698,1758398847,4582968092,38+,38+,2.75,0,False
16551834,LV Raiders vs. KC Chiefs,Kirk Cousins,Joueur total nombre de tentatives de passes(Kirk Cousins (LVR)) (prolongations incluses),2248,73698,1758398847,4582968093,40+,40+,3.5,0,False
16551834,LV Raiders vs. KC Chiefs,Kirk Cousins,Joueur total nombre de tentatives de passes(Kirk Cousins (LVR)) (prolongations incluses),2248,73698,1758398847,4582968094,42+,42+,4.75,0,False
16551834,LV Raiders vs. KC Chiefs,Kirk Cousins,Joueur total nombre de tentatives de passes(Kirk Cousins (LVR)) (prolongations incluses),2248,73698,1758398847,4582968095,44+,44+,6.5,0,False
16551834,LV Raiders vs. KC Chiefs,Patrick Mahomes,Joueur total nombre de tentatives de passes(Patrick Mahomes (KC)) (prolongations incluses),2248,73698,1758398845,4582968079,33+,33+,1.9091,0,False
16551834,LV Raiders vs. KC Chiefs,Patrick Mahomes,Joueur total nombre de tentatives de passes(Patrick Mahomes (KC)) (prolongations incluses),2248,73698,1758398845,4582968080,35+,35+,2.3,0,False
16551834,LV Raiders vs. KC Chiefs,Patrick Mahomes,Joueur total nombre de tentatives de passes(Patrick Mahomes (KC)) (prolongations incluses),2248,73698,1758398845,4582968081,37+,37+,2.85,0,False
16551834,LV Raiders vs. KC Chiefs,Patrick Mahomes,Joueur total nombre de tentatives de passes(Patrick Mahomes (KC)) (prolongations incluses),2248,73698,1758398845,4582968082,39+,39+,3.75,0,False
16551834,LV Raiders vs. KC Chiefs,Patrick Mahomes,Joueur total nombre de tentatives de passes(Patrick Mahomes (KC)) (prolongations incluses),2248,73698,1758398845,4582968083,41+,41+,5.0,0,False
16551834,LV Raiders vs. KC Chiefs,Patrick Mahomes,Joueur total nombre de tentatives de passes(Patrick Mahomes (KC)) (prolongations incluses),2248,73698,1758398845,4582968084,43+,43+,6.75,0,False
16551834,LV Raiders vs. KC Chiefs,Patrick Mahomes,Joueur total nombre de tentatives de passes(Patrick Mahomes (KC)) (prolongations incluses),2248,73698,1758398845,4582968085,45+,45+,10.0,0,False
16551834,LV Raiders vs. KC Chiefs,Patrick Mahomes,Joueur total nombre de tentatives de passes(Patrick Mahomes (KC)) (prolongations incluses),2248,73698,1758398845,4582968086,31+,31+,1.5264,0,False
16551834,LV Raiders vs. KC Chiefs,Kenneth Walker III,Joueur total de réception (Kenneth Walker III (KC)) (incl. OT),2142,72897,1758072433,4582120249,3+,3+,1.6061,0,False
16551834,LV Raiders vs. KC Chiefs,Kenneth Walker III,Joueur total de réception (Kenneth Walker III (KC)) (incl. OT),2142,72897,1758072433,4582120250,4+,4+,2.25,0,False
16551834,LV Raiders vs. KC Chiefs,Kenneth Walker III,Joueur total de réception (Kenneth Walker III (KC)) (incl. OT),2142,72897,1758072433,4582120251,5+,5+,3.4,0,False
16551834,LV Raiders vs. KC Chiefs,Kenneth Walker III,Joueur total de réception (Kenneth Walker III (KC)) (incl. OT),2142,72897,1758072433,4582120252,6+,6+,5.5,0,False
16551834,LV Raiders vs. KC Chiefs,Kenneth Walker III,Joueur total de réception (Kenneth Walker III (KC)) (incl. OT),2142,72897,1758072433,4582120253,7+,7+,10.0,0,False
16551834,LV Raiders vs. KC Chiefs,Kenneth Walker III,Joueur total de réception (Kenneth Walker III (KC)) (incl. OT),2142,72897,1758072433,4582120254,8+,8+,19.0,0,False
16551834,LV Raiders vs. KC Chiefs,Kenneth Walker III,Joueur total de réception (Kenneth Walker III (KC)) (incl. OT),2142,72897,1758072433,4582120255,2+,2+,1.125,0,False
16551834,LV Raiders vs. KC Chiefs,Brock Bowers,Joueur total de réception (Brock Bowers (LVR)) (incl. OT),2142,72897,1757189224,4578799136,7+,7+,1.6897,0,False
16551834,LV Raiders vs. KC Chiefs,Brock Bowers,Joueur total de réception (Brock Bowers (LVR)) (incl. OT),2142,72897,1757189224,4578799137,8+,8+,2.15,0,False
16551834,LV Raiders vs. KC Chiefs,Brock Bowers,Joueur total de réception (Brock Bowers (LVR)) (incl. OT),2142,72897,1757189224,4578799138,9+,9+,2.8,0,False
16551834,LV Raiders vs. KC Chiefs,Brock Bowers,Joueur total de réception (Brock Bowers (LVR)) (incl. OT),2142,72897,1757189224,4578799139,10+,10+,3.85,0,False
16551834,LV Raiders vs. KC Chiefs,Brock Bowers,Joueur total de réception (Brock Bowers (LVR)) (incl. OT),2142,72897,1757189224,4578799140,11+,11+,5.5,0,False
16551834,LV Raiders vs. KC Chiefs,Brock Bowers,Joueur total de réception (Brock Bowers (LVR)) (incl. OT),2142,72897,1757189224,4578799141,12+,12+,8.5,0,False
16551834,LV Raiders vs. KC Chiefs,Brock Bowers,Joueur total de réception (Brock Bowers (LVR)) (incl. OT),2142,72897,1757189224,4578799142,6+,6+,1.2353,0,False
16551834,LV Raiders vs. KC Chiefs,Michael Mayer,Joueur total de réception (Michael Mayer (LVR)) (incl. OT),2142,72897,1757189157,4578799014,3+,3+,1.7693,0,False
16551834,LV Raiders vs. KC Chiefs,Michael Mayer,Joueur total de réception (Michael Mayer (LVR)) (incl. OT),2142,72897,1757189157,4578799015,4+,4+,2.4,0,False
16551834,LV Raiders vs. KC Chiefs,Michael Mayer,Joueur total de réception (Michael Mayer (LVR)) (incl. OT),2142,72897,1757189157,4578799016,5+,5+,3.5,0,False
16551834,LV Raiders vs. KC Chiefs,Michael Mayer,Joueur total de réception (Michael Mayer (LVR)) (incl. OT),2142,72897,1757189157,4578799017,6+,6+,5.5,0,False
16551834,LV Raiders vs. KC Chiefs,Michael Mayer,Joueur total de réception (Michael Mayer (LVR)) (incl. OT),2142,72897,1757189157,4578799018,7+,7+,10.0,0,False
16551834,LV Raiders vs. KC Chiefs,Michael Mayer,Joueur total de réception (Michael Mayer (LVR)) (incl. OT),2142,72897,1757189157,4578799019,8+,8+,17.0,0,False
16551834,LV Raiders vs. KC Chiefs,Michael Mayer,Joueur total de réception (Michael Mayer (LVR)) (incl. OT),2142,72897,1757189157,4578799020,2+,2+,1.2667,0,False
16551834,LV Raiders vs. KC Chiefs,Rashee Rice,Joueur total de réception (Rashee Rice (KC)) (incl. OT),2142,72897,1757189225,4578799143,5+,5+,1.7408,0,False
16551834,LV Raiders vs. KC Chiefs,Rashee Rice,Joueur total de réception (Rashee Rice (KC)) (incl. OT),2142,72897,1757189225,4578799144,6+,6+,2.2,0,False
16551834,LV Raiders vs. KC Chiefs,Rashee Rice,Joueur total de réception (Rashee Rice (KC)) (incl. OT),2142,72897,1757189225,4578799145,7+,7+,2.95,0,False
16551834,LV Raiders vs. KC Chiefs,Rashee Rice,Joueur total de réception (Rashee Rice (KC)) (incl. OT),2142,72897,1757189225,4578799146,8+,8+,4.0,0,False
16551834,LV Raiders vs. KC Chiefs,Rashee Rice,Joueur total de réception (Rashee Rice (KC)) (incl. OT),2142,72897,1757189225,4578799147,9+,9+,6.0,0,False
16551834,LV Raiders vs. KC Chiefs,Rashee Rice,Joueur total de réception (Rashee Rice (KC)) (incl. OT),2142,72897,1757189225,4578799148,10+,10+,9.0,0,False
16551834,LV Raiders vs. KC Chiefs,Rashee Rice,Joueur total de réception (Rashee Rice (KC)) (incl. OT),2142,72897,1757189225,4578799149,4+,4+,1.3077,0,False
16551834,LV Raiders vs. KC Chiefs,Ashton Jeanty,Joueur total de réception (Ashton Jeanty (LVR)) (incl. OT),2142,72897,1757189227,4578799157,4+,4+,2.15,0,False
16551834,LV Raiders vs. KC Chiefs,Ashton Jeanty,Joueur total de réception (Ashton Jeanty (LVR)) (incl. OT),2142,72897,1757189227,4578799158,5+,5+,3.0,0,False
16551834,LV Raiders vs. KC Chiefs,Ashton Jeanty,Joueur total de réception (Ashton Jeanty (LVR)) (incl. OT),2142,72897,1757189227,4578799159,6+,6+,5.0,0,False
16551834,LV Raiders vs. KC Chiefs,Ashton Jeanty,Joueur total de réception (Ashton Jeanty (LVR)) (incl. OT),2142,72897,1757189227,4578799160,7+,7+,8.5,0,False
16551834,LV Raiders vs. KC Chiefs,Ashton Jeanty,Joueur total de réception (Ashton Jeanty (LVR)) (incl. OT),2142,72897,1757189227,4578799161,8+,8+,16.0,0,False
16551834,LV Raiders vs. KC Chiefs,Ashton Jeanty,Joueur total de réception (Ashton Jeanty (LVR)) (incl. OT),2142,72897,1757189227,4578799162,9+,9+,31.0,0,False
16551834,LV Raiders vs. KC Chiefs,Ashton Jeanty,Joueur total de réception (Ashton Jeanty (LVR)) (incl. OT),2142,72897,1757189227,4578799163,3+,3+,1.3637,0,False
16551834,LV Raiders vs. KC Chiefs,Xavier Worthy,Joueur total de réception (Xavier Worthy (KC)) (incl. OT),2142,72897,1757189226,4578897891,9+,9+,26.0,0,False
16551834,LV Raiders vs. KC Chiefs,Xavier Worthy,Joueur total de réception (Xavier Worthy (KC)) (incl. OT),2142,72897,1757189226,4578799150,3+,3+,1.4167,0,False
16551834,LV Raiders vs. KC Chiefs,Xavier Worthy,Joueur total de réception (Xavier Worthy (KC)) (incl. OT),2142,72897,1757189226,4578799151,4+,4+,2.3,0,False
16551834,LV Raiders vs. KC Chiefs,Xavier Worthy,Joueur total de réception (Xavier Worthy (KC)) (incl. OT),2142,72897,1757189226,4578799152,5+,5+,3.1,0,False
16551834,LV Raiders vs. KC Chiefs,Xavier Worthy,Joueur total de réception (Xavier Worthy (KC)) (incl. OT),2142,72897,1757189226,4578799153,6+,6+,5.0,0,False
16551834,LV Raiders vs. KC Chiefs,Xavier Worthy,Joueur total de réception (Xavier Worthy (KC)) (incl. OT),2142,72897,1757189226,4578799154,7+,7+,8.5,0,False
16551834,LV Raiders vs. KC Chiefs,Xavier Worthy,Joueur total de réception (Xavier Worthy (KC)) (incl. OT),2142,72897,1757189226,4578799155,8+,8+,15.0,0,False
16551834,LV Raiders vs. KC Chiefs,Travis Kelce,Joueur total de réception (Travis Kelce (KC)) (incl. OT),2142,72897,1757189041,4578798720,8+,8+,6.0,0,False
16551834,LV Raiders vs. KC Chiefs,Travis Kelce,Joueur total de réception (Travis Kelce (KC)) (incl. OT),2142,72897,1757189041,4578798721,9+,9+,10.0,0,False
16551834,LV Raiders vs. KC Chiefs,Travis Kelce,Joueur total de réception (Travis Kelce (KC)) (incl. OT),2142,72897,1757189041,4578798722,10+,10+,18.0,0,False
16551834,LV Raiders vs. KC Chiefs,Travis Kelce,Joueur total de réception (Travis Kelce (KC)) (incl. OT),2142,72897,1757189041,4578798723,4+,4+,1.4348,0,False
16551834,LV Raiders vs. KC Chiefs,Travis Kelce,Joueur total de réception (Travis Kelce (KC)) (incl. OT),2142,72897,1757189041,4578798717,5+,5+,2.0,0,False
16551834,LV Raiders vs. KC Chiefs,Travis Kelce,Joueur total de réception (Travis Kelce (KC)) (incl. OT),2142,72897,1757189041,4578798718,6+,6+,2.7,0,False
16551834,LV Raiders vs. KC Chiefs,Travis Kelce,Joueur total de réception (Travis Kelce (KC)) (incl. OT),2142,72897,1757189041,4578798719,7+,7+,3.85,0,False
16551834,LV Raiders vs. KC Chiefs,Tre Tucker,Joueur total de réception (Tre Tucker (LVR)) (incl. OT),2142,72897,1757189222,4578799124,4+,4+,2.2,0,False
16551834,LV Raiders vs. KC Chiefs,Tre Tucker,Joueur total de réception (Tre Tucker (LVR)) (incl. OT),2142,72897,1757189222,4578799125,5+,5+,3.2,0,False
16551834,LV Raiders vs. KC Chiefs,Tre Tucker,Joueur total de réception (Tre Tucker (LVR)) (incl. OT),2142,72897,1757189222,4578799126,6+,6+,5.25,0,False
16551834,LV Raiders vs. KC Chiefs,Tre Tucker,Joueur total de réception (Tre Tucker (LVR)) (incl. OT),2142,72897,1757189222,4578799127,7+,7+,10.0,0,False
16551834,LV Raiders vs. KC Chiefs,Tre Tucker,Joueur total de réception (Tre Tucker (LVR)) (incl. OT),2142,72897,1757189222,4578799128,8+,8+,19.0,0,False
16551834,LV Raiders vs. KC Chiefs,Tre Tucker,Joueur total de réception (Tre Tucker (LVR)) (incl. OT),2142,72897,1757189222,4578799129,9+,9+,36.0,0,False
16551834,LV Raiders vs. KC Chiefs,Tre Tucker,Joueur total de réception (Tre Tucker (LVR)) (incl. OT),2142,72897,1757189222,4578799130,3+,3+,1.4348,0,False
16551834,LV Raiders vs. KC Chiefs,Jalen Nailor,Joueur total de réception (Jalen Nailor (LVR)) (incl. OT),2142,72897,1757189042,4578798724,2+,2+,1.6897,0,False
16551834,LV Raiders vs. KC Chiefs,Jalen Nailor,Joueur total de réception (Jalen Nailor (LVR)) (incl. OT),2142,72897,1757189042,4578798725,3+,3+,2.5,0,False
16551834,LV Raiders vs. KC Chiefs,Jalen Nailor,Joueur total de réception (Jalen Nailor (LVR)) (incl. OT),2142,72897,1757189042,4578798726,4+,4+,4.0,0,False
16551834,LV Raiders vs. KC Chiefs,Jalen Nailor,Joueur total de réception (Jalen Nailor (LVR)) (incl. OT),2142,72897,1757189042,4578798727,5+,5+,7.0,0,False
16551834,LV Raiders vs. KC Chiefs,Jalen Nailor,Joueur total de réception (Jalen Nailor (LVR)) (incl. OT),2142,72897,1757189042,4578798728,6+,6+,14.0,0,False
16551834,LV Raiders vs. KC Chiefs,Jalen Nailor,Joueur total de réception (Jalen Nailor (LVR)) (incl. OT),2142,72897,1757189042,4578798729,7+,7+,26.0,0,False
16551834,LV Raiders vs. KC Chiefs,Tyquan Thornton,Joueur total de réception (Tyquan Thornton (KC)) (incl. OT),2142,72897,1757189156,4578799009,2+,2+,1.9524,0,False
16551834,LV Raiders vs. KC Chiefs,Tyquan Thornton,Joueur total de réception (Tyquan Thornton (KC)) (incl. OT),2142,72897,1757189156,4578799010,3+,3+,3.1,0,False
16551834,LV Raiders vs. KC Chiefs,Tyquan Thornton,Joueur total de réception (Tyquan Thornton (KC)) (incl. OT),2142,72897,1757189156,4578799011,4+,4+,5.75,0,False
16551834,LV Raiders vs. KC Chiefs,Tyquan Thornton,Joueur total de réception (Tyquan Thornton (KC)) (incl. OT),2142,72897,1757189156,4578799012,5+,5+,13.0,0,False
16551834,LV Raiders vs. KC Chiefs,Tyquan Thornton,Joueur total de réception (Tyquan Thornton (KC)) (incl. OT),2142,72897,1757189156,4578799013,6+,6+,26.0,0,False
16551834,LV Raiders vs. KC Chiefs,Emmett Johnson,Joueur total de réception (Emmett Johnson (KC)) (incl. OT),2142,72897,1758072559,4582120629,2+,2+,2.45,0,False
16551834,LV Raiders vs. KC Chiefs,Emmett Johnson,Joueur total de réception (Emmett Johnson (KC)) (incl. OT),2142,72897,1758072559,4582120630,3+,3+,3.85,0,False
16551834,LV Raiders vs. KC Chiefs,Emmett Johnson,Joueur total de réception (Emmett Johnson (KC)) (incl. OT),2142,72897,1758072559,4582120631,4+,4+,7.0,0,False
16551834,LV Raiders vs. KC Chiefs,Emmett Johnson,Joueur total de réception (Emmett Johnson (KC)) (incl. OT),2142,72897,1758072559,4582120632,5+,5+,15.0,0,False
16551834,LV Raiders vs. KC Chiefs,Emmett Johnson,Joueur total de réception (Emmett Johnson (KC)) (incl. OT),2142,72897,1758072559,4582120633,6+,6+,31.0,0,False
16551834,LV Raiders vs. KC Chiefs,Noah Gray,Joueur total de réception (Noah Gray (KC)) (incl. OT),2142,72897,1757189223,4578799131,2+,2+,2.5,0,False
16551834,LV Raiders vs. KC Chiefs,Noah Gray,Joueur total de réception (Noah Gray (KC)) (incl. OT),2142,72897,1757189223,4578799132,3+,3+,3.85,0,False
16551834,LV Raiders vs. KC Chiefs,Noah Gray,Joueur total de réception (Noah Gray (KC)) (incl. OT),2142,72897,1757189223,4578799133,4+,4+,7.0,0,False
16551834,LV Raiders vs. KC Chiefs,Noah Gray,Joueur total de réception (Noah Gray (KC)) (incl. OT),2142,72897,1757189223,4578799134,5+,5+,15.0,0,False
16551834,LV Raiders vs. KC Chiefs,Noah Gray,Joueur total de réception (Noah Gray (KC)) (incl. OT),2142,72897,1757189223,4578799135,6+,6+,31.0,0,False
16551834,LV Raiders vs. KC Chiefs,Cody Whitehair,Joueur total de réception (Cody Whitehair (LVR)) (incl. OT),2142,72897,1759867247,4587801015,2+,2+,2.6,0,False
16551834,LV Raiders vs. KC Chiefs,Cody Whitehair,Joueur total de réception (Cody Whitehair (LVR)) (incl. OT),2142,72897,1759867247,4587801016,3+,3+,3.85,0,False
16551834,LV Raiders vs. KC Chiefs,Cody Whitehair,Joueur total de réception (Cody Whitehair (LVR)) (incl. OT),2142,72897,1759867247,4587801017,4+,4+,7.25,0,False
16551834,LV Raiders vs. KC Chiefs,Cody Whitehair,Joueur total de réception (Cody Whitehair (LVR)) (incl. OT),2142,72897,1759867247,4587801018,5+,5+,15.0,0,False
16551834,LV Raiders vs. KC Chiefs,Cody Whitehair,Joueur total de réception (Cody Whitehair (LVR)) (incl. OT),2142,72897,1759867247,4587801019,6+,6+,31.0,0,False
16551834,LV Raiders vs. KC Chiefs,Mike Washington Jr,Joueur total de courses (Mike Washington Jr (LVR)) (prolongations incluses),2133,72890,1760068251,4588331953,5+,5+,2.0,0,False
16551834,LV Raiders vs. KC Chiefs,Mike Washington Jr,Joueur total de courses (Mike Washington Jr (LVR)) (prolongations incluses),2133,72890,1760068251,4588331954,6+,6+,2.6,0,False
16551834,LV Raiders vs. KC Chiefs,Mike Washington Jr,Joueur total de courses (Mike Washington Jr (LVR)) (prolongations incluses),2133,72890,1760068251,4588331955,7+,7+,3.6,0,False
16551834,LV Raiders vs. KC Chiefs,Mike Washington Jr,Joueur total de courses (Mike Washington Jr (LVR)) (prolongations incluses),2133,72890,1760068251,4588331956,8+,8+,5.25,0,False
16551834,LV Raiders vs. KC Chiefs,Mike Washington Jr,Joueur total de courses (Mike Washington Jr (LVR)) (prolongations incluses),2133,72890,1760068251,4588331957,9+,9+,8.5,0,False
16551834,LV Raiders vs. KC Chiefs,Mike Washington Jr,Joueur total de courses (Mike Washington Jr (LVR)) (prolongations incluses),2133,72890,1760068251,4588331958,10+,10+,14.0,0,False
16551834,LV Raiders vs. KC Chiefs,Mike Washington Jr,Joueur total de courses (Mike Washington Jr (LVR)) (prolongations incluses),2133,72890,1760068251,4588331959,11+,11+,26.0,0,False
16551834,LV Raiders vs. KC Chiefs,Mike Washington Jr,Joueur total de courses (Mike Washington Jr (LVR)) (prolongations incluses),2133,72890,1760068251,4588331960,12+,12+,51.0,0,False
16551834,LV Raiders vs. KC Chiefs,Mike Washington Jr,Joueur total de courses (Mike Washington Jr (LVR)) (prolongations incluses),2133,72890,1760068251,4588331961,4+,4+,1.5,0,False
16551834,LV Raiders vs. KC Chiefs,Mike Washington Jr,Joueur total de courses (Mike Washington Jr (LVR)) (prolongations incluses),2133,72890,1760068251,4588331962,3+,3+,1.2,0,False
16551834,LV Raiders vs. KC Chiefs,Ashton Jeanty,Joueur total de courses (Ashton Jeanty (LVR)) (prolongations incluses),2133,72890,1758071670,4582118248,18+,18+,2.15,0,False
16551834,LV Raiders vs. KC Chiefs,Ashton Jeanty,Joueur total de courses (Ashton Jeanty (LVR)) (prolongations incluses),2133,72890,1758071670,4582118249,19+,19+,2.45,0,False
16551834,LV Raiders vs. KC Chiefs,Ashton Jeanty,Joueur total de courses (Ashton Jeanty (LVR)) (prolongations incluses),2133,72890,1758071670,4582118250,20+,20+,2.8,0,False
16551834,LV Raiders vs. KC Chiefs,Ashton Jeanty,Joueur total de courses (Ashton Jeanty (LVR)) (prolongations incluses),2133,72890,1758071670,4582118251,21+,21+,3.3,0,False
16551834,LV Raiders vs. KC Chiefs,Ashton Jeanty,Joueur total de courses (Ashton Jeanty (LVR)) (prolongations incluses),2133,72890,1758071670,4582118252,22+,22+,3.85,0,False
16551834,LV Raiders vs. KC Chiefs,Ashton Jeanty,Joueur total de courses (Ashton Jeanty (LVR)) (prolongations incluses),2133,72890,1758071670,4582118253,23+,23+,4.75,0,False
16551834,LV Raiders vs. KC Chiefs,Ashton Jeanty,Joueur total de courses (Ashton Jeanty (LVR)) (prolongations incluses),2133,72890,1758071670,4582118254,24+,24+,5.75,0,False
16551834,LV Raiders vs. KC Chiefs,Ashton Jeanty,Joueur total de courses (Ashton Jeanty (LVR)) (prolongations incluses),2133,72890,1758071670,4582904783,15+,15+,1.4167,0,False
16551834,LV Raiders vs. KC Chiefs,Ashton Jeanty,Joueur total de courses (Ashton Jeanty (LVR)) (prolongations incluses),2133,72890,1758071670,4582118255,25+,25+,7.0,0,False
16551834,LV Raiders vs. KC Chiefs,Ashton Jeanty,Joueur total de courses (Ashton Jeanty (LVR)) (prolongations incluses),2133,72890,1758071670,4582118257,17+,17+,1.9091,0,False
16551834,LV Raiders vs. KC Chiefs,Ashton Jeanty,Joueur total de courses (Ashton Jeanty (LVR)) (prolongations incluses),2133,72890,1758071670,4582118258,16+,16+,1.625,0,False
16551834,LV Raiders vs. KC Chiefs,Kenneth Walker III,Joueur total de courses (Kenneth Walker III (KC)) (prolongations incluses),2133,72890,1757135528,4578664491,19+,19+,1.9524,0,False
16551834,LV Raiders vs. KC Chiefs,Kenneth Walker III,Joueur total de courses (Kenneth Walker III (KC)) (prolongations incluses),2133,72890,1757135528,4578664492,20+,20+,2.2,0,False
16551834,LV Raiders vs. KC Chiefs,Kenneth Walker III,Joueur total de courses (Kenneth Walker III (KC)) (prolongations incluses),2133,72890,1757135528,4578664493,21+,21+,2.55,0,False
16551834,LV Raiders vs. KC Chiefs,Kenneth Walker III,Joueur total de courses (Kenneth Walker III (KC)) (prolongations incluses),2133,72890,1757135528,4578664494,22+,22+,2.95,0,False
16551834,LV Raiders vs. KC Chiefs,Kenneth Walker III,Joueur total de courses (Kenneth Walker III (KC)) (prolongations incluses),2133,72890,1757135528,4578664495,23+,23+,3.5,0,False
16551834,LV Raiders vs. KC Chiefs,Kenneth Walker III,Joueur total de courses (Kenneth Walker III (KC)) (prolongations incluses),2133,72890,1757135528,4578664496,24+,24+,4.3,0,False
16551834,LV Raiders vs. KC Chiefs,Kenneth Walker III,Joueur total de courses (Kenneth Walker III (KC)) (prolongations incluses),2133,72890,1757135528,4578664497,25+,25+,5.25,0,False
16551834,LV Raiders vs. KC Chiefs,Kenneth Walker III,Joueur total de courses (Kenneth Walker III (KC)) (prolongations incluses),2133,72890,1757135528,4578664498,26+,26+,6.5,0,False
16551834,LV Raiders vs. KC Chiefs,Kenneth Walker III,Joueur total de courses (Kenneth Walker III (KC)) (prolongations incluses),2133,72890,1757135528,4578664499,27+,27+,8.5,0,False
16551834,LV Raiders vs. KC Chiefs,Kenneth Walker III,Joueur total de courses (Kenneth Walker III (KC)) (prolongations incluses),2133,72890,1757135528,4578664500,18+,18+,1.6667,0,False
16551834,LV Raiders vs. KC Chiefs,Kenneth Walker III,Joueur total de courses (Kenneth Walker III (KC)) (prolongations incluses),2133,72890,1757135528,4578664501,17+,17+,1.4546,0,False
16551834,LV Raiders vs. KC Chiefs,Maxx Crosby,Player total sacks (Maxx Crosby (LVR)) (incl. OT),2250,73700,1761805481,4593287472,2+,2+,7.0,0,False
16551834,LV Raiders vs. KC Chiefs,Maxx Crosby,Player total sacks (Maxx Crosby (LVR)) (incl. OT),2250,73700,1761805481,4593287471,1+,1+,2.5,0,False
16551834,LV Raiders vs. KC Chiefs,Kwity Paye,Player total sacks (Kwity Paye (LVR)) (incl. OT),2250,73700,1761806088,4593288892,1+,1+,3.15,0,False
16551834,LV Raiders vs. KC Chiefs,Kwity Paye,Player total sacks (Kwity Paye (LVR)) (incl. OT),2250,73700,1761806088,4593288893,2+,2+,10.0,0,False
16551834,LV Raiders vs. KC Chiefs,George Karlaftis,Player total sacks (George Karlaftis (KC)) (incl. OT),2250,73700,1761804948,4593286204,1+,1+,3.5,0,False
16551834,LV Raiders vs. KC Chiefs,George Karlaftis,Player total sacks (George Karlaftis (KC)) (incl. OT),2250,73700,1761804948,4593286205,2+,2+,10.0,0,False
16551834,LV Raiders vs. KC Chiefs,Malcolm Koonce,Player total sacks (Malcolm Koonce (LVR)) (incl. OT),2250,73700,1761806139,4593289003,1+,1+,3.75,0,False
16551834,LV Raiders vs. KC Chiefs,Malcolm Koonce,Player total sacks (Malcolm Koonce (LVR)) (incl. OT),2250,73700,1761806139,4593289004,2+,2+,10.0,0,False
16551834,LV Raiders vs. KC Chiefs,Chris Jones,Player total sacks (Chris Jones (KC)) (incl. OT),2250,73700,1761805083,4593286552,1+,1+,4.25,0,False
16551834,LV Raiders vs. KC Chiefs,Chris Jones,Player total sacks (Chris Jones (KC)) (incl. OT),2250,73700,1761805083,4593286553,2+,2+,10.0,0,False
16551834,LV Raiders vs. KC Chiefs,R Mason Thomas,Player total sacks (R Mason Thomas (KC)) (incl. OT),2250,73700,1761805252,4593286876,1+,1+,4.5,0,False
16551834,LV Raiders vs. KC Chiefs,R Mason Thomas,Player total sacks (R Mason Thomas (KC)) (incl. OT),2250,73700,1761805252,4593286877,2+,2+,10.0,0,False
16551834,LV Raiders vs. KC Chiefs,Quay Walker,Total de plaqués du joueur au moins (prolongations incluses) (Quay Walker (LVR)),2131,73697,1761804424,4593284961,9+,9+,2.15,0,False
16551834,LV Raiders vs. KC Chiefs,Quay Walker,Total de plaqués du joueur au moins (prolongations incluses) (Quay Walker (LVR)),2131,73697,1761804424,4593284962,10+,10+,2.75,0,False
16551834,LV Raiders vs. KC Chiefs,Quay Walker,Total de plaqués du joueur au moins (prolongations incluses) (Quay Walker (LVR)),2131,73697,1761804424,4593284963,11+,11+,3.85,0,False
16551834,LV Raiders vs. KC Chiefs,Quay Walker,Total de plaqués du joueur au moins (prolongations incluses) (Quay Walker (LVR)),2131,73697,1761804424,4593284964,12+,12+,5.25,0,False
16551834,LV Raiders vs. KC Chiefs,Quay Walker,Total de plaqués du joueur au moins (prolongations incluses) (Quay Walker (LVR)),2131,73697,1761804424,4593284966,8+,8+,1.6897,0,False
16551834,LV Raiders vs. KC Chiefs,Quay Walker,Total de plaqués du joueur au moins (prolongations incluses) (Quay Walker (LVR)),2131,73697,1761804424,4593990315,7+,7+,1.3125,0,False
16551834,LV Raiders vs. KC Chiefs,Drue Tranquill,Total de plaqués du joueur au moins (prolongations incluses) (Drue Tranquill (KC)),2131,73697,1761804426,4593284973,8+,8+,2.15,0,False
16551834,LV Raiders vs. KC Chiefs,Drue Tranquill,Total de plaqués du joueur au moins (prolongations incluses) (Drue Tranquill (KC)),2131,73697,1761804426,4593284974,9+,9+,2.7,0,False
16551834,LV Raiders vs. KC Chiefs,Drue Tranquill,Total de plaqués du joueur au moins (prolongations incluses) (Drue Tranquill (KC)),2131,73697,1761804426,4593284975,10+,10+,3.5,0,False
16551834,LV Raiders vs. KC Chiefs,Drue Tranquill,Total de plaqués du joueur au moins (prolongations incluses) (Drue Tranquill (KC)),2131,73697,1761804426,4593284976,11+,11+,4.75,0,False
16551834,LV Raiders vs. KC Chiefs,Drue Tranquill,Total de plaqués du joueur au moins (prolongations incluses) (Drue Tranquill (KC)),2131,73697,1761804426,4593284978,7+,7+,1.7408,0,False
16551834,LV Raiders vs. KC Chiefs,Drue Tranquill,Total de plaqués du joueur au moins (prolongations incluses) (Drue Tranquill (KC)),2131,73697,1761804426,4593515004,6+,6+,1.3572,0,False
16551834,LV Raiders vs. KC Chiefs,Taron Johnson,Total de plaqués du joueur au moins (prolongations incluses) (Taron Johnson (LVR)),2131,73697,1761804299,4593284655,5+,5+,1.9091,0,False
16551834,LV Raiders vs. KC Chiefs,Taron Johnson,Total de plaqués du joueur au moins (prolongations incluses) (Taron Johnson (LVR)),2131,73697,1761804299,4593284656,6+,6+,2.45,0,False
16551834,LV Raiders vs. KC Chiefs,Taron Johnson,Total de plaqués du joueur au moins (prolongations incluses) (Taron Johnson (LVR)),2131,73697,1761804299,4593284657,7+,7+,3.4,0,False
16551834,LV Raiders vs. KC Chiefs,Taron Johnson,Total de plaqués du joueur au moins (prolongations incluses) (Taron Johnson (LVR)),2131,73697,1761804299,4593284658,8+,8+,5.0,0,False
16551834,LV Raiders vs. KC Chiefs,Taron Johnson,Total de plaqués du joueur au moins (prolongations incluses) (Taron Johnson (LVR)),2131,73697,1761804299,4593284659,9+,9+,7.5,0,False
16551834,LV Raiders vs. KC Chiefs,Taron Johnson,Total de plaqués du joueur au moins (prolongations incluses) (Taron Johnson (LVR)),2131,73697,1761804299,4593284660,4+,4+,1.4348,0,False
16551834,LV Raiders vs. KC Chiefs,Alohi Gilman,Total de plaqués du joueur au moins (prolongations incluses) (Alohi Gilman (KC)),2131,73697,1761804302,4593284673,6+,6+,2.05,0,False
16551834,LV Raiders vs. KC Chiefs,Alohi Gilman,Total de plaqués du joueur au moins (prolongations incluses) (Alohi Gilman (KC)),2131,73697,1761804302,4593284674,7+,7+,2.65,0,False
16551834,LV Raiders vs. KC Chiefs,Alohi Gilman,Total de plaqués du joueur au moins (prolongations incluses) (Alohi Gilman (KC)),2131,73697,1761804302,4593284675,8+,8+,3.6,0,False
16551834,LV Raiders vs. KC Chiefs,Alohi Gilman,Total de plaqués du joueur au moins (prolongations incluses) (Alohi Gilman (KC)),2131,73697,1761804302,4593284676,9+,9+,5.25,0,False
16551834,LV Raiders vs. KC Chiefs,Alohi Gilman,Total de plaqués du joueur au moins (prolongations incluses) (Alohi Gilman (KC)),2131,73697,1761804302,4593284677,10+,10+,8.0,0,False
16551834,LV Raiders vs. KC Chiefs,Alohi Gilman,Total de plaqués du joueur au moins (prolongations incluses) (Alohi Gilman (KC)),2131,73697,1761804302,4593284678,5+,5+,1.5264,0,False
16551834,LV Raiders vs. KC Chiefs,Nakobe Dean,Total de plaqués du joueur au moins (prolongations incluses) (Nakobe Dean (LVR)),2131,73697,1761804301,4593284672,8+,8+,1.6061,0,False
16551834,LV Raiders vs. KC Chiefs,Nakobe Dean,Total de plaqués du joueur au moins (prolongations incluses) (Nakobe Dean (LVR)),2131,73697,1761804301,4593284667,9+,9+,2.1,0,False
16551834,LV Raiders vs. KC Chiefs,Nakobe Dean,Total de plaqués du joueur au moins (prolongations incluses) (Nakobe Dean (LVR)),2131,73697,1761804301,4593284668,10+,10+,2.65,0,False
16551834,LV Raiders vs. KC Chiefs,Nakobe Dean,Total de plaqués du joueur au moins (prolongations incluses) (Nakobe Dean (LVR)),2131,73697,1761804301,4593284669,11+,11+,3.6,0,False
16551834,LV Raiders vs. KC Chiefs,Nakobe Dean,Total de plaqués du joueur au moins (prolongations incluses) (Nakobe Dean (LVR)),2131,73697,1761804301,4593284670,12+,12+,5.25,0,False
16551834,LV Raiders vs. KC Chiefs,Nakobe Dean,Total de plaqués du joueur au moins (prolongations incluses) (Nakobe Dean (LVR)),2131,73697,1761804301,4593284671,13+,13+,7.75,0,False
16551834,LV Raiders vs. KC Chiefs,Nick Bolton,Total de plaqués du joueur au moins (prolongations incluses) (Nick Bolton (KC)),2131,73697,1761804425,4593284967,10+,10+,2.15,0,False
16551834,LV Raiders vs. KC Chiefs,Nick Bolton,Total de plaqués du joueur au moins (prolongations incluses) (Nick Bolton (KC)),2131,73697,1761804425,4593284968,11+,11+,2.6,0,False
16551834,LV Raiders vs. KC Chiefs,Nick Bolton,Total de plaqués du joueur au moins (prolongations incluses) (Nick Bolton (KC)),2131,73697,1761804425,4593284969,12+,12+,3.4,0,False
16551834,LV Raiders vs. KC Chiefs,Nick Bolton,Total de plaqués du joueur au moins (prolongations incluses) (Nick Bolton (KC)),2131,73697,1761804425,4593284970,13+,13+,4.5,0,False
16551834,LV Raiders vs. KC Chiefs,Nick Bolton,Total de plaqués du joueur au moins (prolongations incluses) (Nick Bolton (KC)),2131,73697,1761804425,4593284971,14+,14+,6.25,0,False
16551834,LV Raiders vs. KC Chiefs,Nick Bolton,Total de plaqués du joueur au moins (prolongations incluses) (Nick Bolton (KC)),2131,73697,1761804425,4593284972,9+,9+,1.6471,0,False
16551834,LV Raiders vs. KC Chiefs,Jeremy Chinn,Total de plaqués du joueur au moins (prolongations incluses) (Jeremy Chinn (LVR)),2131,73697,1761804300,4593284661,7+,7+,2.2,0,False
16551834,LV Raiders vs. KC Chiefs,Jeremy Chinn,Total de plaqués du joueur au moins (prolongations incluses) (Jeremy Chinn (LVR)),2131,73697,1761804300,4593284662,8+,8+,2.65,0,False
16551834,LV Raiders vs. KC Chiefs,Jeremy Chinn,Total de plaqués du joueur au moins (prolongations incluses) (Jeremy Chinn (LVR)),2131,73697,1761804300,4593284663,9+,9+,3.5,0,False
16551834,LV Raiders vs. KC Chiefs,Jeremy Chinn,Total de plaqués du joueur au moins (prolongations incluses) (Jeremy Chinn (LVR)),2131,73697,1761804300,4593284664,10+,10+,4.75,0,False
16551834,LV Raiders vs. KC Chiefs,Jeremy Chinn,Total de plaqués du joueur au moins (prolongations incluses) (Jeremy Chinn (LVR)),2131,73697,1761804300,4593284665,11+,11+,6.75,0,False
16551834,LV Raiders vs. KC Chiefs,Jeremy Chinn,Total de plaqués du joueur au moins (prolongations incluses) (Jeremy Chinn (LVR)),2131,73697,1761804300,4593284666,6+,6+,1.6897,0,False
16551834,LV Raiders vs. KC Chiefs,Alohi Gilman,Player total interceptions (Alohi Gilman (KC)) (incl. OT),2251,73701,1761597375,4592721489,1+,1+,9.0,0,False
16551834,LV Raiders vs. KC Chiefs,Alohi Gilman,Player total interceptions (Alohi Gilman (KC)) (incl. OT),2251,73701,1761597375,4592721490,2+,2+,20.0,0,False
16551834,LV Raiders vs. KC Chiefs,L'Jarius Sneed,Player total interceptions (L'Jarius Sneed (KC)) (incl. OT),2251,73701,1761597488,4592721753,1+,1+,11.0,0,False
16551834,LV Raiders vs. KC Chiefs,L'Jarius Sneed,Player total interceptions (L'Jarius Sneed (KC)) (incl. OT),2251,73701,1761597488,4592721754,2+,2+,20.0,0,False
16551834,LV Raiders vs. KC Chiefs,Jaden Hicks,Player total interceptions (Jaden Hicks (KC)) (incl. OT),2251,73701,1761597489,4592721755,1+,1+,11.0,0,False
16551834,LV Raiders vs. KC Chiefs,Jaden Hicks,Player total interceptions (Jaden Hicks (KC)) (incl. OT),2251,73701,1761597489,4592721756,2+,2+,20.0,0,False
16551834,LV Raiders vs. KC Chiefs,Kristian Fulton,Player total interceptions (Kristian Fulton (KC)) (incl. OT),2251,73701,1761804779,4593285796,1+,1+,11.0,0,False
16551834,LV Raiders vs. KC Chiefs,Kristian Fulton,Player total interceptions (Kristian Fulton (KC)) (incl. OT),2251,73701,1761804779,4593285797,2+,2+,20.0,0,False
16551834,LV Raiders vs. KC Chiefs,Nohl Williams,Player total interceptions (Nohl Williams (KC)) (incl. OT),2251,73701,1761597490,4592721757,1+,1+,11.0,0,False
16551834,LV Raiders vs. KC Chiefs,Nohl Williams,Player total interceptions (Nohl Williams (KC)) (incl. OT),2251,73701,1761597490,4592721758,2+,2+,20.0,0,False
16551834,LV Raiders vs. KC Chiefs,Mansoor Delane,Player total interceptions (Mansoor Delane (KC)) (incl. OT),2251,73701,1761804780,4593285798,1+,1+,11.0,0,False
16551834,LV Raiders vs. KC Chiefs,Mansoor Delane,Player total interceptions (Mansoor Delane (KC)) (incl. OT),2251,73701,1761804780,4593285799,2+,2+,20.0,0,False
16551834,LV Raiders vs. KC Chiefs,Jeremy Chinn,Player total interceptions (Jeremy Chinn (LVR)) (incl. OT),2251,73701,1761597491,4592721760,2+,2+,20.0,0,False
16551834,LV Raiders vs. KC Chiefs,Jeremy Chinn,Player total interceptions (Jeremy Chinn (LVR)) (incl. OT),2251,73701,1761597491,4592721759,1+,1+,12.0,0,False
16551834,LV Raiders vs. KC Chiefs,Taron Johnson,Player total interceptions (Taron Johnson (LVR)) (incl. OT),2251,73701,1761597788,4592722379,1+,1+,12.0,0,False
16551834,LV Raiders vs. KC Chiefs,Taron Johnson,Player total interceptions (Taron Johnson (LVR)) (incl. OT),2251,73701,1761597788,4592722380,2+,2+,20.0,0,False
16551834,LV Raiders vs. KC Chiefs,Treydan Stukes,Player total interceptions (Treydan Stukes (LVR)) (incl. OT),2251,73701,1761597492,4592721761,1+,1+,12.0,0,False
16551834,LV Raiders vs. KC Chiefs,Treydan Stukes,Player total interceptions (Treydan Stukes (LVR)) (incl. OT),2251,73701,1761597492,4592721762,2+,2+,20.0,0,False
