event_id,match,player,market,market_type_id,sport_market_id,child_market_id,odd_id,selection,line,price,odd_status,is_main_bet
16551828,MIN Vikings vs. MIA Dolphins,Malik Willis,Joueur total de yards par la passe (Malik Willis (MIA))(prolongations incluses),2136,72891,1757188186,4596833580,173+,173+,1.8696,0,False
16551828,MIN Vikings vs. MIA Dolphins,Malik Willis,Joueur total de yards par la passe (Malik Willis (MIA))(prolongations incluses),2136,72891,1757188186,4596833581,183+,183+,2.1,0,False
16551828,MIN Vikings vs. MIA Dolphins,Malik Willis,Joueur total de yards par la passe (Malik Willis (MIA))(prolongations incluses),2136,72891,1757188186,4596833582,193+,193+,2.3,0,False
16551828,MIN Vikings vs. MIA Dolphins,Malik Willis,Joueur total de yards par la passe (Malik Willis (MIA))(prolongations incluses),2136,72891,1757188186,4596833583,203+,203+,2.6,0,False
16551828,MIN Vikings vs. MIA Dolphins,Malik Willis,Joueur total de yards par la passe (Malik Willis (MIA))(prolongations incluses),2136,72891,1757188186,4596833584,213+,213+,3.0,0,False
16551828,MIN Vikings vs. MIA Dolphins,Malik Willis,Joueur total de yards par la passe (Malik Willis (MIA))(prolongations incluses),2136,72891,1757188186,4596833585,223+,223+,3.4,0,False
16551828,MIN Vikings vs. MIA Dolphins,Malik Willis,Joueur total de yards par la passe (Malik Willis (MIA))(prolongations incluses),2136,72891,1757188186,4596833586,233+,233+,4.0,0,False
16551828,MIN Vikings vs. MIA Dolphins,Malik Willis,Joueur total de yards par la passe (Malik Willis (MIA))(prolongations incluses),2136,72891,1757188186,4596833587,243+,243+,4.75,0,False
16551828,MIN Vikings vs. MIA Dolphins,Malik Willis,Joueur total de yards par la passe (Malik Willis (MIA))(prolongations incluses),2136,72891,1757188186,4596833588,253+,253+,5.5,0,False
16551828,MIN Vikings vs. MIA Dolphins,Malik Willis,Joueur total de yards par la passe (Malik Willis (MIA))(prolongations incluses),2136,72891,1757188186,4596833589,263+,263+,6.75,0,False
16551828,MIN Vikings vs. MIA Dolphins,Malik Willis,Joueur total de yards par la passe (Malik Willis (MIA))(prolongations incluses),2136,72891,1757188186,4596833590,273+,273+,8.5,0,False
16551828,MIN Vikings vs. MIA Dolphins,Malik Willis,Joueur total de yards par la passe (Malik Willis (MIA))(prolongations incluses),2136,72891,1757188186,4596833591,283+,283+,10.0,0,False
16551828,MIN Vikings vs. MIA Dolphins,Malik Willis,Joueur total de yards par la passe (Malik Willis (MIA))(prolongations incluses),2136,72891,1757188186,4596833592,293+,293+,13.0,0,False
16551828,MIN Vikings vs. MIA Dolphins,Malik Willis,Joueur total de yards par la passe (Malik Willis (MIA))(prolongations incluses),2136,72891,1757188186,4596833593,303+,303+,16.0,0,False
16551828,MIN Vikings vs. MIA Dolphins,Malik Willis,Joueur total de yards par la passe (Malik Willis (MIA))(prolongations incluses),2136,72891,1757188186,4596833594,313+,313+,20.0,0,False
16551828,MIN Vikings vs. MIA Dolphins,Malik Willis,Joueur total de yards par la passe (Malik Willis (MIA))(prolongations incluses),2136,72891,1757188186,4596833595,163+,163+,1.6667,0,False
16551828,MIN Vikings vs. MIA Dolphins,Malik Willis,Joueur total de yards par la passe (Malik Willis (MIA))(prolongations incluses),2136,72891,1757188186,4596833596,153+,153+,1.5,0,False
16551828,MIN Vikings vs. MIA Dolphins,Kyler Murray,Joueur total de yards par la passe (Kyler Murray (MIN))(prolongations incluses),2136,72891,1758069479,4588137664,306+,306+,7.75,0,False
16551828,MIN Vikings vs. MIA Dolphins,Kyler Murray,Joueur total de yards par la passe (Kyler Murray (MIN))(prolongations incluses),2136,72891,1758069479,4588137665,316+,316+,10.0,0,False
16551828,MIN Vikings vs. MIA Dolphins,Kyler Murray,Joueur total de yards par la passe (Kyler Murray (MIN))(prolongations incluses),2136,72891,1758069479,4588137666,326+,326+,12.0,0,False
16551828,MIN Vikings vs. MIA Dolphins,Kyler Murray,Joueur total de yards par la passe (Kyler Murray (MIN))(prolongations incluses),2136,72891,1758069479,4588137667,336+,336+,15.0,0,False
16551828,MIN Vikings vs. MIA Dolphins,Kyler Murray,Joueur total de yards par la passe (Kyler Murray (MIN))(prolongations incluses),2136,72891,1758069479,4588137668,346+,346+,19.0,0,False
16551828,MIN Vikings vs. MIA Dolphins,Kyler Murray,Joueur total de yards par la passe (Kyler Murray (MIN))(prolongations incluses),2136,72891,1758069479,4588137669,196+,196+,1.6897,0,False
16551828,MIN Vikings vs. MIA Dolphins,Kyler Murray,Joueur total de yards par la passe (Kyler Murray (MIN))(prolongations incluses),2136,72891,1758069479,4588137670,186+,186+,1.5264,0,False
16551828,MIN Vikings vs. MIA Dolphins,Kyler Murray,Joueur total de yards par la passe (Kyler Murray (MIN))(prolongations incluses),2136,72891,1758069479,4588137654,206+,206+,1.9091,0,False
16551828,MIN Vikings vs. MIA Dolphins,Kyler Murray,Joueur total de yards par la passe (Kyler Murray (MIN))(prolongations incluses),2136,72891,1758069479,4588137655,216+,216+,2.1,0,False
16551828,MIN Vikings vs. MIA Dolphins,Kyler Murray,Joueur total de yards par la passe (Kyler Murray (MIN))(prolongations incluses),2136,72891,1758069479,4588137656,226+,226+,2.35,0,False
16551828,MIN Vikings vs. MIA Dolphins,Kyler Murray,Joueur total de yards par la passe (Kyler Murray (MIN))(prolongations incluses),2136,72891,1758069479,4588137657,236+,236+,2.65,0,False
16551828,MIN Vikings vs. MIA Dolphins,Kyler Murray,Joueur total de yards par la passe (Kyler Murray (MIN))(prolongations incluses),2136,72891,1758069479,4588137658,246+,246+,3.0,0,False
16551828,MIN Vikings vs. MIA Dolphins,Kyler Murray,Joueur total de yards par la passe (Kyler Murray (MIN))(prolongations incluses),2136,72891,1758069479,4588137659,256+,256+,3.4,0,False
16551828,MIN Vikings vs. MIA Dolphins,Kyler Murray,Joueur total de yards par la passe (Kyler Murray (MIN))(prolongations incluses),2136,72891,1758069479,4588137660,266+,266+,4.0,0,False
16551828,MIN Vikings vs. MIA Dolphins,Kyler Murray,Joueur total de yards par la passe (Kyler Murray (MIN))(prolongations incluses),2136,72891,1758069479,4588137661,276+,276+,4.5,0,False
16551828,MIN Vikings vs. MIA Dolphins,Kyler Murray,Joueur total de yards par la passe (Kyler Murray (MIN))(prolongations incluses),2136,72891,1758069479,4588137662,286+,286+,5.5,0,False
16551828,MIN Vikings vs. MIA Dolphins,Kyler Murray,Joueur total de yards par la passe (Kyler Murray (MIN))(prolongations incluses),2136,72891,1758069479,4588137663,296+,296+,6.5,0,False
16551828,MIN Vikings vs. MIA Dolphins,Aaron Jones,Total de Touchdowns du joueur (Incl. Prolongations) (Aaron Jones (MIN)),2145,72900,1754397497,4569950818,1+,1+,1.6061,0,False
16551828,MIN Vikings vs. MIA Dolphins,Aaron Jones,Total de Touchdowns du joueur (Incl. Prolongations) (Aaron Jones (MIN)),2145,72900,1754397497,4569950819,2+,2+,4.0,0,False
16551828,MIN Vikings vs. MIA Dolphins,Aaron Jones,Total de Touchdowns du joueur (Incl. Prolongations) (Aaron Jones (MIN)),2145,72900,1754397497,4569950820,3+,3+,18.0,0,False
16551828,MIN Vikings vs. MIA Dolphins,Justin Jefferson,Total de Touchdowns du joueur (Incl. Prolongations) (Justin Jefferson (MIN)),2145,72900,1756567726,4577195660,1+,1+,2.2,0,False
16551828,MIN Vikings vs. MIA Dolphins,Justin Jefferson,Total de Touchdowns du joueur (Incl. Prolongations) (Justin Jefferson (MIN)),2145,72900,1756567726,4577195661,2+,2+,7.0,0,False
16551828,MIN Vikings vs. MIA Dolphins,Justin Jefferson,Total de Touchdowns du joueur (Incl. Prolongations) (Justin Jefferson (MIN)),2145,72900,1756567726,4577195662,3+,3+,36.0,0,False
16551828,MIN Vikings vs. MIA Dolphins,Jordan Addison,Total de Touchdowns du joueur (Incl. Prolongations) (Jordan Addison (MIN)),2145,72900,1756567727,4577195664,2+,2+,7.0,0,False
16551828,MIN Vikings vs. MIA Dolphins,Jordan Addison,Total de Touchdowns du joueur (Incl. Prolongations) (Jordan Addison (MIN)),2145,72900,1756567727,4577195665,3+,3+,36.0,0,False
16551828,MIN Vikings vs. MIA Dolphins,Jordan Addison,Total de Touchdowns du joueur (Incl. Prolongations) (Jordan Addison (MIN)),2145,72900,1756567727,4577195663,1+,1+,2.2,0,False
16551828,MIN Vikings vs. MIA Dolphins,T.J. Hockenson,Total de Touchdowns du joueur (Incl. Prolongations) (T.J. Hockenson (MIN)),2145,72900,1756567725,4577195657,1+,1+,2.7,0,False
16551828,MIN Vikings vs. MIA Dolphins,T.J. Hockenson,Total de Touchdowns du joueur (Incl. Prolongations) (T.J. Hockenson (MIN)),2145,72900,1756567725,4577195658,2+,2+,10.0,0,False
16551828,MIN Vikings vs. MIA Dolphins,T.J. Hockenson,Total de Touchdowns du joueur (Incl. Prolongations) (T.J. Hockenson (MIN)),2145,72900,1756567725,4577195659,3+,3+,71.0,0,False
16551828,MIN Vikings vs. MIA Dolphins,Ollie Gordon,Total de Touchdowns du joueur (Incl. Prolongations) (Ollie Gordon (MIA)),2145,72900,1756567640,4577195440,1+,1+,4.0,0,False
16551828,MIN Vikings vs. MIA Dolphins,Ollie Gordon,Total de Touchdowns du joueur (Incl. Prolongations) (Ollie Gordon (MIA)),2145,72900,1756567640,4577195441,2+,2+,26.0,0,False
16551828,MIN Vikings vs. MIA Dolphins,Ollie Gordon,Total de Touchdowns du joueur (Incl. Prolongations) (Ollie Gordon (MIA)),2145,72900,1756567640,4577195442,3+,3+,101.0,0,False
16551828,MIN Vikings vs. MIA Dolphins,Jaylen Wright,Total de Touchdowns du joueur (Incl. Prolongations) (Jaylen Wright (MIA)),2145,72900,1756567724,4577195656,3+,3+,151.0,0,False
16551828,MIN Vikings vs. MIA Dolphins,Jaylen Wright,Total de Touchdowns du joueur (Incl. Prolongations) (Jaylen Wright (MIA)),2145,72900,1756567724,4577195654,1+,1+,4.5,0,False
16551828,MIN Vikings vs. MIA Dolphins,Jaylen Wright,Total de Touchdowns du joueur (Incl. Prolongations) (Jaylen Wright (MIA)),2145,72900,1756567724,4577195655,2+,2+,31.0,0,False
16551828,MIN Vikings vs. MIA Dolphins,Malik Washington,Total de Touchdowns du joueur (Incl. Prolongations) (Malik Washington (MIA)),2145,72900,1756567636,4577195428,1+,1+,4.5,0,False
16551828,MIN Vikings vs. MIA Dolphins,Malik Washington,Total de Touchdowns du joueur (Incl. Prolongations) (Malik Washington (MIA)),2145,72900,1756567636,4577195429,2+,2+,31.0,0,False
16551828,MIN Vikings vs. MIA Dolphins,Malik Washington,Total de Touchdowns du joueur (Incl. Prolongations) (Malik Washington (MIA)),2145,72900,1756567636,4577195430,3+,3+,151.0,0,False
16551828,MIN Vikings vs. MIA Dolphins,Kyler Murray,Total de Touchdowns du joueur (Incl. Prolongations) (Kyler Murray (MIN)),2145,72900,1756567639,4577195437,1+,1+,4.5,0,False
16551828,MIN Vikings vs. MIA Dolphins,Kyler Murray,Total de Touchdowns du joueur (Incl. Prolongations) (Kyler Murray (MIN)),2145,72900,1756567639,4577195438,2+,2+,31.0,0,False
16551828,MIN Vikings vs. MIA Dolphins,Kyler Murray,Total de Touchdowns du joueur (Incl. Prolongations) (Kyler Murray (MIN)),2145,72900,1756567639,4577195439,3+,3+,151.0,0,False
16551828,MIN Vikings vs. MIA Dolphins,Jauan Jennings,Total de Touchdowns du joueur (Incl. Prolongations) (Jauan Jennings (MIN)),2145,72900,1756567637,4577195432,2+,2+,36.0,0,False
16551828,MIN Vikings vs. MIA Dolphins,Jauan Jennings,Total de Touchdowns du joueur (Incl. Prolongations) (Jauan Jennings (MIN)),2145,72900,1756567637,4577195433,3+,3+,151.0,0,False
16551828,MIN Vikings vs. MIA Dolphins,Jauan Jennings,Total de Touchdowns du joueur (Incl. Prolongations) (Jauan Jennings (MIN)),2145,72900,1756567637,4577195431,1+,1+,5.0,0,False
16551828,MIN Vikings vs. MIA Dolphins,Malik Willis,Total de Touchdowns du joueur (Incl. Prolongations) (Malik Willis (MIA)),2145,72900,1756567535,4577195194,1+,1+,5.5,0,False
16551828,MIN Vikings vs. MIA Dolphins,Malik Willis,Total de Touchdowns du joueur (Incl. Prolongations) (Malik Willis (MIA)),2145,72900,1756567535,4577195195,2+,2+,36.0,0,False
16551828,MIN Vikings vs. MIA Dolphins,Malik Willis,Total de Touchdowns du joueur (Incl. Prolongations) (Malik Willis (MIA)),2145,72900,1756567535,4577195196,3+,3+,201.0,0,False
16551828,MIN Vikings vs. MIA Dolphins,Greg Dulcich,Total de Touchdowns du joueur (Incl. Prolongations) (Greg Dulcich (MIA)),2145,72900,1756567532,4577195185,1+,1+,6.5,0,False
16551828,MIN Vikings vs. MIA Dolphins,Greg Dulcich,Total de Touchdowns du joueur (Incl. Prolongations) (Greg Dulcich (MIA)),2145,72900,1756567532,4577195186,2+,2+,41.0,0,False
16551828,MIN Vikings vs. MIA Dolphins,Greg Dulcich,Total de Touchdowns du joueur (Incl. Prolongations) (Greg Dulcich (MIA)),2145,72900,1756567532,4577195187,3+,3+,201.0,0,False
16551828,MIN Vikings vs. MIA Dolphins,Chris Bell,Total de Touchdowns du joueur (Incl. Prolongations) (Chris Bell (MIA)),2145,72900,1756567488,4577195044,1+,1+,6.5,0,False
16551828,MIN Vikings vs. MIA Dolphins,Chris Bell,Total de Touchdowns du joueur (Incl. Prolongations) (Chris Bell (MIA)),2145,72900,1756567488,4577195045,2+,2+,41.0,0,False
16551828,MIN Vikings vs. MIA Dolphins,Chris Bell,Total de Touchdowns du joueur (Incl. Prolongations) (Chris Bell (MIA)),2145,72900,1756567488,4577195046,3+,3+,201.0,0,False
16551828,MIN Vikings vs. MIA Dolphins,Tai Felton,Total de Touchdowns du joueur (Incl. Prolongations) (Tai Felton (MIN)),2145,72900,1756567370,4577194675,1+,1+,6.5,0,False
16551828,MIN Vikings vs. MIA Dolphins,Tai Felton,Total de Touchdowns du joueur (Incl. Prolongations) (Tai Felton (MIN)),2145,72900,1756567370,4577194676,2+,2+,41.0,0,False
16551828,MIN Vikings vs. MIA Dolphins,Tai Felton,Total de Touchdowns du joueur (Incl. Prolongations) (Tai Felton (MIN)),2145,72900,1756567370,4577194677,3+,3+,201.0,0,False
16551828,MIN Vikings vs. MIA Dolphins,DeeJay Dallas,Total de Touchdowns du joueur (Incl. Prolongations) (DeeJay Dallas (MIN)),2145,72900,1756567489,4577195048,2+,2+,61.0,0,False
16551828,MIN Vikings vs. MIA Dolphins,DeeJay Dallas,Total de Touchdowns du joueur (Incl. Prolongations) (DeeJay Dallas (MIN)),2145,72900,1756567489,4577195049,3+,3+,201.0,0,False
16551828,MIN Vikings vs. MIA Dolphins,DeeJay Dallas,Total de Touchdowns du joueur (Incl. Prolongations) (DeeJay Dallas (MIN)),2145,72900,1756567489,4577195047,1+,1+,8.5,0,False
16551828,MIN Vikings vs. MIA Dolphins,Demond Claiborne,Total de Touchdowns du joueur (Incl. Prolongations) (Demond Claiborne (MIN)),2145,72900,1756567638,4577195434,1+,1+,9.0,0,False
16551828,MIN Vikings vs. MIA Dolphins,Demond Claiborne,Total de Touchdowns du joueur (Incl. Prolongations) (Demond Claiborne (MIN)),2145,72900,1756567638,4577195435,2+,2+,71.0,0,False
16551828,MIN Vikings vs. MIA Dolphins,Demond Claiborne,Total de Touchdowns du joueur (Incl. Prolongations) (Demond Claiborne (MIN)),2145,72900,1756567638,4577195436,3+,3+,201.0,0,False
16551828,MIN Vikings vs. MIA Dolphins,Kevin Coleman Jr.,Total de Touchdowns du joueur (Incl. Prolongations) (Kevin Coleman Jr. (MIA)),2145,72900,1756567487,4577195041,1+,1+,10.0,0,False
16551828,MIN Vikings vs. MIA Dolphins,Kevin Coleman Jr.,Total de Touchdowns du joueur (Incl. Prolongations) (Kevin Coleman Jr. (MIA)),2145,72900,1756567487,4577195042,2+,2+,81.0,0,False
16551828,MIN Vikings vs. MIA Dolphins,Kevin Coleman Jr.,Total de Touchdowns du joueur (Incl. Prolongations) (Kevin Coleman Jr. (MIA)),2145,72900,1756567487,4577195043,3+,3+,201.0,0,False
16551828,MIN Vikings vs. MIA Dolphins,Myles Price,Total de Touchdowns du joueur (Incl. Prolongations) (Myles Price (MIN)),2145,72900,1756567371,4577194680,3+,3+,201.0,0,False
16551828,MIN Vikings vs. MIA Dolphins,Myles Price,Total de Touchdowns du joueur (Incl. Prolongations) (Myles Price (MIN)),2145,72900,1756567371,4577194678,1+,1+,10.0,0,False
16551828,MIN Vikings vs. MIA Dolphins,Myles Price,Total de Touchdowns du joueur (Incl. Prolongations) (Myles Price (MIN)),2145,72900,1756567371,4577194679,2+,2+,81.0,0,False
16551828,MIN Vikings vs. MIA Dolphins,Gavin Bartholomew,Total de Touchdowns du joueur (Incl. Prolongations) (Gavin Bartholomew (MIN)),2145,72900,1756567373,4577194684,1+,1+,12.0,0,False
16551828,MIN Vikings vs. MIA Dolphins,Gavin Bartholomew,Total de Touchdowns du joueur (Incl. Prolongations) (Gavin Bartholomew (MIN)),2145,72900,1756567373,4577194685,2+,2+,91.0,0,False
16551828,MIN Vikings vs. MIA Dolphins,Gavin Bartholomew,Total de Touchdowns du joueur (Incl. Prolongations) (Gavin Bartholomew (MIN)),2145,72900,1756567373,4577194686,3+,3+,251.0,0,False
16551828,MIN Vikings vs. MIA Dolphins,Carlos Washington Jr.,Total de Touchdowns du joueur (Incl. Prolongations) (Carlos Washington Jr. (MIA)),2145,72900,1762627585,4595801460,1+,1+,15.0,0,False
16551828,MIN Vikings vs. MIA Dolphins,Carlos Washington Jr.,Total de Touchdowns du joueur (Incl. Prolongations) (Carlos Washington Jr. (MIA)),2145,72900,1762627585,4595801461,2+,2+,101.0,0,False
16551828,MIN Vikings vs. MIA Dolphins,Carlos Washington Jr.,Total de Touchdowns du joueur (Incl. Prolongations) (Carlos Washington Jr. (MIA)),2145,72900,1762627585,4595801462,3+,3+,251.0,0,False
16551828,MIN Vikings vs. MIA Dolphins,Will Kacmarek,Total de Touchdowns du joueur (Incl. Prolongations) (Will Kacmarek (MIA)),2145,72900,1756566947,4577193681,1+,1+,15.0,0,False
16551828,MIN Vikings vs. MIA Dolphins,Will Kacmarek,Total de Touchdowns du joueur (Incl. Prolongations) (Will Kacmarek (MIA)),2145,72900,1756566947,4577193682,2+,2+,101.0,0,False
16551828,MIN Vikings vs. MIA Dolphins,Will Kacmarek,Total de Touchdowns du joueur (Incl. Prolongations) (Will Kacmarek (MIA)),2145,72900,1756566947,4577193683,3+,3+,251.0,0,False
16551828,MIN Vikings vs. MIA Dolphins,Ryan Miller,Total de Touchdowns du joueur (Incl. Prolongations) (Ryan Miller (MIA)),2145,72900,1756567369,4577194672,1+,1+,15.0,0,False
16551828,MIN Vikings vs. MIA Dolphins,Ryan Miller,Total de Touchdowns du joueur (Incl. Prolongations) (Ryan Miller (MIA)),2145,72900,1756567369,4577194673,2+,2+,101.0,0,False
16551828,MIN Vikings vs. MIA Dolphins,Ryan Miller,Total de Touchdowns du joueur (Incl. Prolongations) (Ryan Miller (MIA)),2145,72900,1756567369,4577194674,3+,3+,251.0,0,False
16551828,MIN Vikings vs. MIA Dolphins,Max Bredeson,Total de Touchdowns du joueur (Incl. Prolongations) (Max Bredeson (MIN)),2145,72900,1756567372,4577194681,1+,1+,15.0,0,False
16551828,MIN Vikings vs. MIA Dolphins,Max Bredeson,Total de Touchdowns du joueur (Incl. Prolongations) (Max Bredeson (MIN)),2145,72900,1756567372,4577194682,2+,2+,101.0,0,False
16551828,MIN Vikings vs. MIA Dolphins,Max Bredeson,Total de Touchdowns du joueur (Incl. Prolongations) (Max Bredeson (MIN)),2145,72900,1756567372,4577194683,3+,3+,251.0,0,False
16551828,MIN Vikings vs. MIA Dolphins,Jalen Tolbert,Total de Touchdowns du joueur (Incl. Prolongations) (Jalen Tolbert (MIA)),2145,72900,1756567049,4577193888,3+,3+,251.0,0,False
16551828,MIN Vikings vs. MIA Dolphins,Jalen Tolbert,Total de Touchdowns du joueur (Incl. Prolongations) (Jalen Tolbert (MIA)),2145,72900,1756567049,4577193886,1+,1+,20.0,0,False
16551828,MIN Vikings vs. MIA Dolphins,Jalen Tolbert,Total de Touchdowns du joueur (Incl. Prolongations) (Jalen Tolbert (MIA)),2145,72900,1756567049,4577193887,2+,2+,101.0,0,False
16551828,MIN Vikings vs. MIA Dolphins,Justin Joly,Total de Touchdowns du joueur (Incl. Prolongations) (Justin Joly (MIA)),2145,72900,1756566946,4577193680,3+,3+,251.0,0,False
16551828,MIN Vikings vs. MIA Dolphins,Justin Joly,Total de Touchdowns du joueur (Incl. Prolongations) (Justin Joly (MIA)),2145,72900,1756566946,4577193678,1+,1+,26.0,0,False
16551828,MIN Vikings vs. MIA Dolphins,Justin Joly,Total de Touchdowns du joueur (Incl. Prolongations) (Justin Joly (MIA)),2145,72900,1756566946,4577193679,2+,2+,151.0,0,False
16551828,MIN Vikings vs. MIA Dolphins,Jeshaun Jones,Total de Touchdowns du joueur (Incl. Prolongations) (Jeshaun Jones (MIN)),2145,72900,1757185281,4578789731,1+,1+,26.0,0,False
16551828,MIN Vikings vs. MIA Dolphins,Jeshaun Jones,Total de Touchdowns du joueur (Incl. Prolongations) (Jeshaun Jones (MIN)),2145,72900,1757185281,4578789732,2+,2+,151.0,0,False
16551828,MIN Vikings vs. MIA Dolphins,Jeshaun Jones,Total de Touchdowns du joueur (Incl. Prolongations) (Jeshaun Jones (MIN)),2145,72900,1757185281,4578789733,3+,3+,251.0,0,False
16551828,MIN Vikings vs. MIA Dolphins,Seydou Traore,Total de Touchdowns du joueur (Incl. Prolongations) (Seydou Traore (MIA)),2145,72900,1756566945,4577193675,1+,1+,31.0,0,False
16551828,MIN Vikings vs. MIA Dolphins,Seydou Traore,Total de Touchdowns du joueur (Incl. Prolongations) (Seydou Traore (MIA)),2145,72900,1756566945,4577193676,2+,2+,151.0,0,False
16551828,MIN Vikings vs. MIA Dolphins,Seydou Traore,Total de Touchdowns du joueur (Incl. Prolongations) (Seydou Traore (MIA)),2145,72900,1756566945,4577193677,3+,3+,251.0,0,False
16551828,MIN Vikings vs. MIA Dolphins,Kyler Murray,Joueur total de TDs par la passe (Kyler Murray (MIN) (prolongations incluses),2138,72893,1757134284,4578661208,4+,4+,12.0,0,False
16551828,MIN Vikings vs. MIA Dolphins,Kyler Murray,Joueur total de TDs par la passe (Kyler Murray (MIN) (prolongations incluses),2138,72893,1757134284,4578661209,1+,1+,1.1539,0,False
16551828,MIN Vikings vs. MIA Dolphins,Kyler Murray,Joueur total de TDs par la passe (Kyler Murray (MIN) (prolongations incluses),2138,72893,1757134284,4578661206,2+,2+,2.05,0,False
16551828,MIN Vikings vs. MIA Dolphins,Kyler Murray,Joueur total de TDs par la passe (Kyler Murray (MIN) (prolongations incluses),2138,72893,1757134284,4578661207,3+,3+,4.3,0,False
16551828,MIN Vikings vs. MIA Dolphins,Malik Willis,Joueur total de TDs par la passe (Malik Willis (MIA) (prolongations incluses),2138,72893,1757134285,4578661210,1+,1+,1.8,0,False
16551828,MIN Vikings vs. MIA Dolphins,Malik Willis,Joueur total de TDs par la passe (Malik Willis (MIA) (prolongations incluses),2138,72893,1757134285,4578661211,2+,2+,3.75,0,False
16551828,MIN Vikings vs. MIA Dolphins,Malik Willis,Joueur total de TDs par la passe (Malik Willis (MIA) (prolongations incluses),2138,72893,1757134285,4578661212,3+,3+,10.0,0,False
16551828,MIN Vikings vs. MIA Dolphins,Malik Willis,Joueur total de TDs par la passe (Malik Willis (MIA) (prolongations incluses),2138,72893,1757134285,4582114206,4+,4+,36.0,0,False
16551828,MIN Vikings vs. MIA Dolphins,Aaron Jones,Total des yards reçus par le joueur (Aaron Jones (MIN)) (prolongations incluses),2143,72898,1758071357,4586758830,20+,20+,1.8696,0,False
16551828,MIN Vikings vs. MIA Dolphins,Aaron Jones,Total des yards reçus par le joueur (Aaron Jones (MIN)) (prolongations incluses),2143,72898,1758071357,4586758831,30+,30+,2.4,0,False
16551828,MIN Vikings vs. MIA Dolphins,Aaron Jones,Total des yards reçus par le joueur (Aaron Jones (MIN)) (prolongations incluses),2143,72898,1758071357,4586758832,40+,40+,3.2,0,False
16551828,MIN Vikings vs. MIA Dolphins,Aaron Jones,Total des yards reçus par le joueur (Aaron Jones (MIN)) (prolongations incluses),2143,72898,1758071357,4586758833,50+,50+,4.5,0,False
16551828,MIN Vikings vs. MIA Dolphins,Aaron Jones,Total des yards reçus par le joueur (Aaron Jones (MIN)) (prolongations incluses),2143,72898,1758071357,4586758834,60+,60+,6.75,0,False
16551828,MIN Vikings vs. MIA Dolphins,Aaron Jones,Total des yards reçus par le joueur (Aaron Jones (MIN)) (prolongations incluses),2143,72898,1758071357,4586758835,70+,70+,11.0,0,False
16551828,MIN Vikings vs. MIA Dolphins,Aaron Jones,Total des yards reçus par le joueur (Aaron Jones (MIN)) (prolongations incluses),2143,72898,1758071357,4586758836,80+,80+,18.0,0,False
16551828,MIN Vikings vs. MIA Dolphins,Aaron Jones,Total des yards reçus par le joueur (Aaron Jones (MIN)) (prolongations incluses),2143,72898,1758071357,4586758837,90+,90+,31.0,0,False
16551828,MIN Vikings vs. MIA Dolphins,Aaron Jones,Total des yards reçus par le joueur (Aaron Jones (MIN)) (prolongations incluses),2143,72898,1758071357,4586758838,10+,10+,1.3334,0,False
16551828,MIN Vikings vs. MIA Dolphins,Jauan Jennings,Total des yards reçus par le joueur (Jauan Jennings (MIN)) (prolongations incluses),2143,72898,1759865752,4587797348,27+,27+,1.8696,0,False
16551828,MIN Vikings vs. MIA Dolphins,Jauan Jennings,Total des yards reçus par le joueur (Jauan Jennings (MIN)) (prolongations incluses),2143,72898,1759865752,4587797349,37+,37+,2.3,0,False
16551828,MIN Vikings vs. MIA Dolphins,Jauan Jennings,Total des yards reçus par le joueur (Jauan Jennings (MIN)) (prolongations incluses),2143,72898,1759865752,4587797350,47+,47+,2.9,0,False
16551828,MIN Vikings vs. MIA Dolphins,Jauan Jennings,Total des yards reçus par le joueur (Jauan Jennings (MIN)) (prolongations incluses),2143,72898,1759865752,4587797351,57+,57+,3.85,0,False
16551828,MIN Vikings vs. MIA Dolphins,Jauan Jennings,Total des yards reçus par le joueur (Jauan Jennings (MIN)) (prolongations incluses),2143,72898,1759865752,4587797352,67+,67+,5.25,0,False
16551828,MIN Vikings vs. MIA Dolphins,Jauan Jennings,Total des yards reçus par le joueur (Jauan Jennings (MIN)) (prolongations incluses),2143,72898,1759865752,4587797353,77+,77+,7.25,0,False
16551828,MIN Vikings vs. MIA Dolphins,Jauan Jennings,Total des yards reçus par le joueur (Jauan Jennings (MIN)) (prolongations incluses),2143,72898,1759865752,4587797354,87+,87+,11.0,0,False
16551828,MIN Vikings vs. MIA Dolphins,Jauan Jennings,Total des yards reçus par le joueur (Jauan Jennings (MIN)) (prolongations incluses),2143,72898,1759865752,4587797355,17+,17+,1.3847,0,False
16551828,MIN Vikings vs. MIA Dolphins,Jauan Jennings,Total des yards reçus par le joueur (Jauan Jennings (MIN)) (prolongations incluses),2143,72898,1759865752,4587797863,97+,97+,17.0,0,False
16551828,MIN Vikings vs. MIA Dolphins,Jauan Jennings,Total des yards reçus par le joueur (Jauan Jennings (MIN)) (prolongations incluses),2143,72898,1759865752,4587923607,107+,107+,26.0,0,False
16551828,MIN Vikings vs. MIA Dolphins,Greg Dulcich,Total des yards reçus par le joueur (Greg Dulcich (MIA)) (prolongations incluses),2143,72898,1757134573,4582942611,30+,30+,1.8696,0,False
16551828,MIN Vikings vs. MIA Dolphins,Greg Dulcich,Total des yards reçus par le joueur (Greg Dulcich (MIA)) (prolongations incluses),2143,72898,1757134573,4582942612,40+,40+,2.3,0,False
16551828,MIN Vikings vs. MIA Dolphins,Greg Dulcich,Total des yards reçus par le joueur (Greg Dulcich (MIA)) (prolongations incluses),2143,72898,1757134573,4582942613,50+,50+,2.9,0,False
16551828,MIN Vikings vs. MIA Dolphins,Greg Dulcich,Total des yards reçus par le joueur (Greg Dulcich (MIA)) (prolongations incluses),2143,72898,1757134573,4582942614,60+,60+,3.85,0,False
16551828,MIN Vikings vs. MIA Dolphins,Greg Dulcich,Total des yards reçus par le joueur (Greg Dulcich (MIA)) (prolongations incluses),2143,72898,1757134573,4582942615,70+,70+,5.25,0,False
16551828,MIN Vikings vs. MIA Dolphins,Greg Dulcich,Total des yards reçus par le joueur (Greg Dulcich (MIA)) (prolongations incluses),2143,72898,1757134573,4582942616,80+,80+,7.5,0,False
16551828,MIN Vikings vs. MIA Dolphins,Greg Dulcich,Total des yards reçus par le joueur (Greg Dulcich (MIA)) (prolongations incluses),2143,72898,1757134573,4582942617,90+,90+,11.0,0,False
16551828,MIN Vikings vs. MIA Dolphins,Greg Dulcich,Total des yards reçus par le joueur (Greg Dulcich (MIA)) (prolongations incluses),2143,72898,1757134573,4582942618,100+,100+,17.0,0,False
16551828,MIN Vikings vs. MIA Dolphins,Greg Dulcich,Total des yards reçus par le joueur (Greg Dulcich (MIA)) (prolongations incluses),2143,72898,1757134573,4582942619,110+,110+,26.0,0,False
16551828,MIN Vikings vs. MIA Dolphins,Greg Dulcich,Total des yards reçus par le joueur (Greg Dulcich (MIA)) (prolongations incluses),2143,72898,1757134573,4582942620,20+,20+,1.4,0,False
16551828,MIN Vikings vs. MIA Dolphins,Malik Washington,Total des yards reçus par le joueur (Malik Washington (MIA)) (prolongations incluses),2143,72898,1757134571,4588551215,41+,41+,1.8696,0,False
16551828,MIN Vikings vs. MIA Dolphins,Malik Washington,Total des yards reçus par le joueur (Malik Washington (MIA)) (prolongations incluses),2143,72898,1757134571,4588551216,51+,51+,2.3,0,False
16551828,MIN Vikings vs. MIA Dolphins,Malik Washington,Total des yards reçus par le joueur (Malik Washington (MIA)) (prolongations incluses),2143,72898,1757134571,4588551217,61+,61+,2.95,0,False
16551828,MIN Vikings vs. MIA Dolphins,Malik Washington,Total des yards reçus par le joueur (Malik Washington (MIA)) (prolongations incluses),2143,72898,1757134571,4588551218,71+,71+,3.85,0,False
16551828,MIN Vikings vs. MIA Dolphins,Malik Washington,Total des yards reçus par le joueur (Malik Washington (MIA)) (prolongations incluses),2143,72898,1757134571,4588551219,81+,81+,5.25,0,False
16551828,MIN Vikings vs. MIA Dolphins,Malik Washington,Total des yards reçus par le joueur (Malik Washington (MIA)) (prolongations incluses),2143,72898,1757134571,4588551220,91+,91+,7.5,0,False
16551828,MIN Vikings vs. MIA Dolphins,Malik Washington,Total des yards reçus par le joueur (Malik Washington (MIA)) (prolongations incluses),2143,72898,1757134571,4588551221,101+,101+,12.0,0,False
16551828,MIN Vikings vs. MIA Dolphins,Malik Washington,Total des yards reçus par le joueur (Malik Washington (MIA)) (prolongations incluses),2143,72898,1757134571,4588551222,111+,111+,18.0,0,False
16551828,MIN Vikings vs. MIA Dolphins,Malik Washington,Total des yards reçus par le joueur (Malik Washington (MIA)) (prolongations incluses),2143,72898,1757134571,4588551223,121+,121+,31.0,0,False
16551828,MIN Vikings vs. MIA Dolphins,Malik Washington,Total des yards reçus par le joueur (Malik Washington (MIA)) (prolongations incluses),2143,72898,1757134571,4588551224,31+,31+,1.4167,0,False
16551828,MIN Vikings vs. MIA Dolphins,T.J. Hockenson,Total des yards reçus par le joueur (T.J. Hockenson (MIN)) (prolongations incluses),2143,72898,1759466748,4587814657,39+,39+,1.8696,0,False
16551828,MIN Vikings vs. MIA Dolphins,T.J. Hockenson,Total des yards reçus par le joueur (T.J. Hockenson (MIN)) (prolongations incluses),2143,72898,1759466748,4587814658,49+,49+,2.3,0,False
16551828,MIN Vikings vs. MIA Dolphins,T.J. Hockenson,Total des yards reçus par le joueur (T.J. Hockenson (MIN)) (prolongations incluses),2143,72898,1759466748,4587814659,59+,59+,2.95,0,False
16551828,MIN Vikings vs. MIA Dolphins,T.J. Hockenson,Total des yards reçus par le joueur (T.J. Hockenson (MIN)) (prolongations incluses),2143,72898,1759466748,4587814660,69+,69+,3.85,0,False
16551828,MIN Vikings vs. MIA Dolphins,T.J. Hockenson,Total des yards reçus par le joueur (T.J. Hockenson (MIN)) (prolongations incluses),2143,72898,1759466748,4587814661,79+,79+,5.5,0,False
16551828,MIN Vikings vs. MIA Dolphins,T.J. Hockenson,Total des yards reçus par le joueur (T.J. Hockenson (MIN)) (prolongations incluses),2143,72898,1759466748,4587814662,89+,89+,8.0,0,False
16551828,MIN Vikings vs. MIA Dolphins,T.J. Hockenson,Total des yards reçus par le joueur (T.J. Hockenson (MIN)) (prolongations incluses),2143,72898,1759466748,4587814663,99+,99+,12.0,0,False
16551828,MIN Vikings vs. MIA Dolphins,T.J. Hockenson,Total des yards reçus par le joueur (T.J. Hockenson (MIN)) (prolongations incluses),2143,72898,1759466748,4587814664,109+,109+,20.0,0,False
16551828,MIN Vikings vs. MIA Dolphins,T.J. Hockenson,Total des yards reçus par le joueur (T.J. Hockenson (MIN)) (prolongations incluses),2143,72898,1759466748,4587814665,119+,119+,31.0,0,False
16551828,MIN Vikings vs. MIA Dolphins,T.J. Hockenson,Total des yards reçus par le joueur (T.J. Hockenson (MIN)) (prolongations incluses),2143,72898,1759466748,4587814666,29+,29+,1.4167,0,False
16551828,MIN Vikings vs. MIA Dolphins,Chris Bell,Total des yards reçus par le joueur (Chris Bell (MIA)) (prolongations incluses),2143,72898,1757134572,4589726789,35+,35+,1.8696,0,False
16551828,MIN Vikings vs. MIA Dolphins,Chris Bell,Total des yards reçus par le joueur (Chris Bell (MIA)) (prolongations incluses),2143,72898,1757134572,4589726790,45+,45+,2.3,0,False
16551828,MIN Vikings vs. MIA Dolphins,Chris Bell,Total des yards reçus par le joueur (Chris Bell (MIA)) (prolongations incluses),2143,72898,1757134572,4589726791,55+,55+,2.95,0,False
16551828,MIN Vikings vs. MIA Dolphins,Chris Bell,Total des yards reçus par le joueur (Chris Bell (MIA)) (prolongations incluses),2143,72898,1757134572,4589726792,65+,65+,4.0,0,False
16551828,MIN Vikings vs. MIA Dolphins,Chris Bell,Total des yards reçus par le joueur (Chris Bell (MIA)) (prolongations incluses),2143,72898,1757134572,4589726793,75+,75+,5.5,0,False
16551828,MIN Vikings vs. MIA Dolphins,Chris Bell,Total des yards reçus par le joueur (Chris Bell (MIA)) (prolongations incluses),2143,72898,1757134572,4589726794,85+,85+,8.0,0,False
16551828,MIN Vikings vs. MIA Dolphins,Chris Bell,Total des yards reçus par le joueur (Chris Bell (MIA)) (prolongations incluses),2143,72898,1757134572,4589726795,95+,95+,12.0,0,False
16551828,MIN Vikings vs. MIA Dolphins,Chris Bell,Total des yards reçus par le joueur (Chris Bell (MIA)) (prolongations incluses),2143,72898,1757134572,4589726796,105+,105+,20.0,0,False
16551828,MIN Vikings vs. MIA Dolphins,Chris Bell,Total des yards reçus par le joueur (Chris Bell (MIA)) (prolongations incluses),2143,72898,1757134572,4589726798,25+,25+,1.4348,0,False
16551828,MIN Vikings vs. MIA Dolphins,Jordan Addison,Total des yards reçus par le joueur (Jordan Addison (MIN)) (prolongations incluses),2143,72898,1759466747,4595736418,145+,145+,13.0,0,False
16551828,MIN Vikings vs. MIA Dolphins,Jordan Addison,Total des yards reçus par le joueur (Jordan Addison (MIN)) (prolongations incluses),2143,72898,1759466747,4587500549,55+,55+,1.5264,0,False
16551828,MIN Vikings vs. MIA Dolphins,Jordan Addison,Total des yards reçus par le joueur (Jordan Addison (MIN)) (prolongations incluses),2143,72898,1759466747,4587500550,65+,65+,1.8696,0,False
16551828,MIN Vikings vs. MIA Dolphins,Jordan Addison,Total des yards reçus par le joueur (Jordan Addison (MIN)) (prolongations incluses),2143,72898,1759466747,4587500551,75+,75+,2.2,0,False
16551828,MIN Vikings vs. MIA Dolphins,Jordan Addison,Total des yards reçus par le joueur (Jordan Addison (MIN)) (prolongations incluses),2143,72898,1759466747,4587500552,85+,85+,2.65,0,False
16551828,MIN Vikings vs. MIA Dolphins,Jordan Addison,Total des yards reçus par le joueur (Jordan Addison (MIN)) (prolongations incluses),2143,72898,1759466747,4587500553,95+,95+,3.2,0,False
16551828,MIN Vikings vs. MIA Dolphins,Jordan Addison,Total des yards reçus par le joueur (Jordan Addison (MIN)) (prolongations incluses),2143,72898,1759466747,4587500554,105+,105+,4.0,0,False
16551828,MIN Vikings vs. MIA Dolphins,Jordan Addison,Total des yards reçus par le joueur (Jordan Addison (MIN)) (prolongations incluses),2143,72898,1759466747,4587500556,125+,125+,7.0,0,False
16551828,MIN Vikings vs. MIA Dolphins,Jordan Addison,Total des yards reçus par le joueur (Jordan Addison (MIN)) (prolongations incluses),2143,72898,1759466747,4587500557,135+,135+,10.0,0,False
16551828,MIN Vikings vs. MIA Dolphins,Kevin Coleman Jr.,Total des yards reçus par le joueur (Kevin Coleman Jr. (MIA)) (prolongations incluses),2143,72898,1759865903,4593564085,15+,15+,1.8696,0,False
16551828,MIN Vikings vs. MIA Dolphins,Kevin Coleman Jr.,Total des yards reçus par le joueur (Kevin Coleman Jr. (MIA)) (prolongations incluses),2143,72898,1759865903,4593564086,25+,25+,2.35,0,False
16551828,MIN Vikings vs. MIA Dolphins,Kevin Coleman Jr.,Total des yards reçus par le joueur (Kevin Coleman Jr. (MIA)) (prolongations incluses),2143,72898,1759865903,4593564087,35+,35+,3.1,0,False
16551828,MIN Vikings vs. MIA Dolphins,Kevin Coleman Jr.,Total des yards reçus par le joueur (Kevin Coleman Jr. (MIA)) (prolongations incluses),2143,72898,1759865903,4593564088,45+,45+,4.25,0,False
16551828,MIN Vikings vs. MIA Dolphins,Kevin Coleman Jr.,Total des yards reçus par le joueur (Kevin Coleman Jr. (MIA)) (prolongations incluses),2143,72898,1759865903,4593564089,55+,55+,6.0,0,False
16551828,MIN Vikings vs. MIA Dolphins,Kevin Coleman Jr.,Total des yards reçus par le joueur (Kevin Coleman Jr. (MIA)) (prolongations incluses),2143,72898,1759865903,4593564090,65+,65+,9.0,0,False
16551828,MIN Vikings vs. MIA Dolphins,Kevin Coleman Jr.,Total des yards reçus par le joueur (Kevin Coleman Jr. (MIA)) (prolongations incluses),2143,72898,1759865903,4593564091,75+,75+,15.0,0,False
16551828,MIN Vikings vs. MIA Dolphins,Kevin Coleman Jr.,Total des yards reçus par le joueur (Kevin Coleman Jr. (MIA)) (prolongations incluses),2143,72898,1759865903,4593564092,85+,85+,26.0,0,False
16551828,MIN Vikings vs. MIA Dolphins,Kevin Coleman Jr.,Total des yards reçus par le joueur (Kevin Coleman Jr. (MIA)) (prolongations incluses),2143,72898,1759865903,4593564093,95+,95+,41.0,0,False
16551828,MIN Vikings vs. MIA Dolphins,Tai Felton,Total des yards reçus par le joueur (Tai Felton (MIN)) (prolongations incluses),2143,72898,1759865751,4596134151,17+,17+,1.8696,0,False
16551828,MIN Vikings vs. MIA Dolphins,Tai Felton,Total des yards reçus par le joueur (Tai Felton (MIN)) (prolongations incluses),2143,72898,1759865751,4596134152,27+,27+,2.3,0,False
16551828,MIN Vikings vs. MIA Dolphins,Tai Felton,Total des yards reçus par le joueur (Tai Felton (MIN)) (prolongations incluses),2143,72898,1759865751,4596134153,37+,37+,2.9,0,False
16551828,MIN Vikings vs. MIA Dolphins,Tai Felton,Total des yards reçus par le joueur (Tai Felton (MIN)) (prolongations incluses),2143,72898,1759865751,4596134154,47+,47+,3.85,0,False
16551828,MIN Vikings vs. MIA Dolphins,Tai Felton,Total des yards reçus par le joueur (Tai Felton (MIN)) (prolongations incluses),2143,72898,1759865751,4596134155,57+,57+,5.0,0,False
16551828,MIN Vikings vs. MIA Dolphins,Tai Felton,Total des yards reçus par le joueur (Tai Felton (MIN)) (prolongations incluses),2143,72898,1759865751,4596134156,67+,67+,7.25,0,False
16551828,MIN Vikings vs. MIA Dolphins,Tai Felton,Total des yards reçus par le joueur (Tai Felton (MIN)) (prolongations incluses),2143,72898,1759865751,4596134157,77+,77+,11.0,0,False
16551828,MIN Vikings vs. MIA Dolphins,Tai Felton,Total des yards reçus par le joueur (Tai Felton (MIN)) (prolongations incluses),2143,72898,1759865751,4596134158,87+,87+,16.0,0,False
16551828,MIN Vikings vs. MIA Dolphins,Tai Felton,Total des yards reçus par le joueur (Tai Felton (MIN)) (prolongations incluses),2143,72898,1759865751,4596134159,97+,97+,26.0,0,False
16551828,MIN Vikings vs. MIA Dolphins,Jaylen Wright,Total des yards reçus par le joueur (Jaylen Wright (MIA)) (prolongations incluses),2143,72898,1757134574,4578749111,16+,16+,2.25,0,False
16551828,MIN Vikings vs. MIA Dolphins,Jaylen Wright,Total des yards reçus par le joueur (Jaylen Wright (MIA)) (prolongations incluses),2143,72898,1757134574,4578749112,26+,26+,2.9,0,False
16551828,MIN Vikings vs. MIA Dolphins,Jaylen Wright,Total des yards reçus par le joueur (Jaylen Wright (MIA)) (prolongations incluses),2143,72898,1757134574,4578749113,36+,36+,4.0,0,False
16551828,MIN Vikings vs. MIA Dolphins,Jaylen Wright,Total des yards reçus par le joueur (Jaylen Wright (MIA)) (prolongations incluses),2143,72898,1757134574,4578749114,46+,46+,5.5,0,False
16551828,MIN Vikings vs. MIA Dolphins,Jaylen Wright,Total des yards reçus par le joueur (Jaylen Wright (MIA)) (prolongations incluses),2143,72898,1757134574,4578749115,56+,56+,8.5,0,False
16551828,MIN Vikings vs. MIA Dolphins,Jaylen Wright,Total des yards reçus par le joueur (Jaylen Wright (MIA)) (prolongations incluses),2143,72898,1757134574,4578749116,66+,66+,13.0,0,False
16551828,MIN Vikings vs. MIA Dolphins,Jaylen Wright,Total des yards reçus par le joueur (Jaylen Wright (MIA)) (prolongations incluses),2143,72898,1757134574,4578749117,76+,76+,21.0,0,False
16551828,MIN Vikings vs. MIA Dolphins,Jaylen Wright,Total des yards reçus par le joueur (Jaylen Wright (MIA)) (prolongations incluses),2143,72898,1757134574,4578749118,86+,86+,36.0,0,False
16551828,MIN Vikings vs. MIA Dolphins,Ollie Gordon,Total des yards reçus par le joueur (Ollie Gordon (MIA)) (prolongations incluses),2143,72898,1759865972,4596066564,18+,18+,2.35,0,False
16551828,MIN Vikings vs. MIA Dolphins,Ollie Gordon,Total des yards reçus par le joueur (Ollie Gordon (MIA)) (prolongations incluses),2143,72898,1759865972,4596066565,28+,28+,3.1,0,False
16551828,MIN Vikings vs. MIA Dolphins,Ollie Gordon,Total des yards reçus par le joueur (Ollie Gordon (MIA)) (prolongations incluses),2143,72898,1759865972,4596066566,38+,38+,4.25,0,False
16551828,MIN Vikings vs. MIA Dolphins,Ollie Gordon,Total des yards reçus par le joueur (Ollie Gordon (MIA)) (prolongations incluses),2143,72898,1759865972,4596066567,48+,48+,6.0,0,False
16551828,MIN Vikings vs. MIA Dolphins,Ollie Gordon,Total des yards reçus par le joueur (Ollie Gordon (MIA)) (prolongations incluses),2143,72898,1759865972,4596066568,58+,58+,9.0,0,False
16551828,MIN Vikings vs. MIA Dolphins,Ollie Gordon,Total des yards reçus par le joueur (Ollie Gordon (MIA)) (prolongations incluses),2143,72898,1759865972,4596066569,68+,68+,15.0,0,False
16551828,MIN Vikings vs. MIA Dolphins,Ollie Gordon,Total des yards reçus par le joueur (Ollie Gordon (MIA)) (prolongations incluses),2143,72898,1759865972,4596066570,78+,78+,26.0,0,False
16551828,MIN Vikings vs. MIA Dolphins,Ollie Gordon,Total des yards reçus par le joueur (Ollie Gordon (MIA)) (prolongations incluses),2143,72898,1759865972,4596066571,88+,88+,41.0,0,False
16551828,MIN Vikings vs. MIA Dolphins,Ryan Miller,Total des yards reçus par le joueur (Ryan Miller (MIA)) (prolongations incluses),2143,72898,1759866977,4595770387,15+,15+,2.35,0,False
16551828,MIN Vikings vs. MIA Dolphins,Ryan Miller,Total des yards reçus par le joueur (Ryan Miller (MIA)) (prolongations incluses),2143,72898,1759866977,4595770388,25+,25+,2.85,0,False
16551828,MIN Vikings vs. MIA Dolphins,Ryan Miller,Total des yards reçus par le joueur (Ryan Miller (MIA)) (prolongations incluses),2143,72898,1759866977,4595770389,35+,35+,3.75,0,False
16551828,MIN Vikings vs. MIA Dolphins,Ryan Miller,Total des yards reçus par le joueur (Ryan Miller (MIA)) (prolongations incluses),2143,72898,1759866977,4595770390,45+,45+,4.75,0,False
16551828,MIN Vikings vs. MIA Dolphins,Ryan Miller,Total des yards reçus par le joueur (Ryan Miller (MIA)) (prolongations incluses),2143,72898,1759866977,4595770391,55+,55+,6.5,0,False
16551828,MIN Vikings vs. MIA Dolphins,Ryan Miller,Total des yards reçus par le joueur (Ryan Miller (MIA)) (prolongations incluses),2143,72898,1759866977,4595770392,65+,65+,9.0,0,False
16551828,MIN Vikings vs. MIA Dolphins,Ryan Miller,Total des yards reçus par le joueur (Ryan Miller (MIA)) (prolongations incluses),2143,72898,1759866977,4595770393,75+,75+,13.0,0,False
16551828,MIN Vikings vs. MIA Dolphins,Ryan Miller,Total des yards reçus par le joueur (Ryan Miller (MIA)) (prolongations incluses),2143,72898,1759866977,4595770394,85+,85+,19.0,0,False
16551828,MIN Vikings vs. MIA Dolphins,Malik Willis,Joueur total de yards par la course (Malik Willis (MIA)) (prolongations incluses),2140,72895,1757132808,4591551471,32+,32+,1.8696,0,False
16551828,MIN Vikings vs. MIA Dolphins,Malik Willis,Joueur total de yards par la course (Malik Willis (MIA)) (prolongations incluses),2140,72895,1757132808,4591551472,42+,42+,2.35,0,False
16551828,MIN Vikings vs. MIA Dolphins,Malik Willis,Joueur total de yards par la course (Malik Willis (MIA)) (prolongations incluses),2140,72895,1757132808,4591551473,52+,52+,3.1,0,False
16551828,MIN Vikings vs. MIA Dolphins,Malik Willis,Joueur total de yards par la course (Malik Willis (MIA)) (prolongations incluses),2140,72895,1757132808,4591551474,62+,62+,4.25,0,False
16551828,MIN Vikings vs. MIA Dolphins,Malik Willis,Joueur total de yards par la course (Malik Willis (MIA)) (prolongations incluses),2140,72895,1757132808,4591551475,72+,72+,6.0,0,False
16551828,MIN Vikings vs. MIA Dolphins,Malik Willis,Joueur total de yards par la course (Malik Willis (MIA)) (prolongations incluses),2140,72895,1757132808,4591551476,82+,82+,9.0,0,False
16551828,MIN Vikings vs. MIA Dolphins,Malik Willis,Joueur total de yards par la course (Malik Willis (MIA)) (prolongations incluses),2140,72895,1757132808,4591551477,92+,92+,15.0,0,False
16551828,MIN Vikings vs. MIA Dolphins,Malik Willis,Joueur total de yards par la course (Malik Willis (MIA)) (prolongations incluses),2140,72895,1757132808,4591551479,112+,112+,41.0,0,False
16551828,MIN Vikings vs. MIA Dolphins,Malik Willis,Joueur total de yards par la course (Malik Willis (MIA)) (prolongations incluses),2140,72895,1757132808,4591551480,22+,22+,1.4167,0,False
16551828,MIN Vikings vs. MIA Dolphins,Malik Willis,Joueur total de yards par la course (Malik Willis (MIA)) (prolongations incluses),2140,72895,1757132808,4591551481,12+,12+,1.1819,0,False
16551828,MIN Vikings vs. MIA Dolphins,Aaron Jones,Joueur total de yards par la course (Aaron Jones (MIN)) (prolongations incluses),2140,72895,1757132775,4581948521,67+,67+,1.8696,0,False
16551828,MIN Vikings vs. MIA Dolphins,Aaron Jones,Joueur total de yards par la course (Aaron Jones (MIN)) (prolongations incluses),2140,72895,1757132775,4581948522,77+,77+,2.25,0,False
16551828,MIN Vikings vs. MIA Dolphins,Aaron Jones,Joueur total de yards par la course (Aaron Jones (MIN)) (prolongations incluses),2140,72895,1757132775,4581948523,87+,87+,2.85,0,False
16551828,MIN Vikings vs. MIA Dolphins,Aaron Jones,Joueur total de yards par la course (Aaron Jones (MIN)) (prolongations incluses),2140,72895,1757132775,4581948524,97+,97+,3.75,0,False
16551828,MIN Vikings vs. MIA Dolphins,Aaron Jones,Joueur total de yards par la course (Aaron Jones (MIN)) (prolongations incluses),2140,72895,1757132775,4581948525,107+,107+,5.0,0,False
16551828,MIN Vikings vs. MIA Dolphins,Aaron Jones,Joueur total de yards par la course (Aaron Jones (MIN)) (prolongations incluses),2140,72895,1757132775,4581948526,117+,117+,7.25,0,False
16551828,MIN Vikings vs. MIA Dolphins,Aaron Jones,Joueur total de yards par la course (Aaron Jones (MIN)) (prolongations incluses),2140,72895,1757132775,4581948527,127+,127+,11.0,0,False
16551828,MIN Vikings vs. MIA Dolphins,Aaron Jones,Joueur total de yards par la course (Aaron Jones (MIN)) (prolongations incluses),2140,72895,1757132775,4581948528,137+,137+,16.0,0,False
16551828,MIN Vikings vs. MIA Dolphins,Aaron Jones,Joueur total de yards par la course (Aaron Jones (MIN)) (prolongations incluses),2140,72895,1757132775,4581948530,57+,57+,1.4762,0,False
16551828,MIN Vikings vs. MIA Dolphins,Aaron Jones,Joueur total de yards par la course (Aaron Jones (MIN)) (prolongations incluses),2140,72895,1757132775,4581948531,47+,47+,1.2353,0,False
16551828,MIN Vikings vs. MIA Dolphins,Kyler Murray,Joueur total de yards par la course (Kyler Murray (MIN)) (prolongations incluses),2140,72895,1757132776,4591184334,92+,92+,51.0,0,False
16551828,MIN Vikings vs. MIA Dolphins,Kyler Murray,Joueur total de yards par la course (Kyler Murray (MIN)) (prolongations incluses),2140,72895,1757132776,4581948532,22+,22+,1.8696,0,False
16551828,MIN Vikings vs. MIA Dolphins,Kyler Murray,Joueur total de yards par la course (Kyler Murray (MIN)) (prolongations incluses),2140,72895,1757132776,4581948533,32+,32+,2.45,0,False
16551828,MIN Vikings vs. MIA Dolphins,Kyler Murray,Joueur total de yards par la course (Kyler Murray (MIN)) (prolongations incluses),2140,72895,1757132776,4581948534,42+,42+,3.4,0,False
16551828,MIN Vikings vs. MIA Dolphins,Kyler Murray,Joueur total de yards par la course (Kyler Murray (MIN)) (prolongations incluses),2140,72895,1757132776,4581948535,52+,52+,5.0,0,False
16551828,MIN Vikings vs. MIA Dolphins,Kyler Murray,Joueur total de yards par la course (Kyler Murray (MIN)) (prolongations incluses),2140,72895,1757132776,4581948536,62+,62+,7.75,0,False
16551828,MIN Vikings vs. MIA Dolphins,Kyler Murray,Joueur total de yards par la course (Kyler Murray (MIN)) (prolongations incluses),2140,72895,1757132776,4581948537,72+,72+,13.0,0,False
16551828,MIN Vikings vs. MIA Dolphins,Kyler Murray,Joueur total de yards par la course (Kyler Murray (MIN)) (prolongations incluses),2140,72895,1757132776,4581948538,82+,82+,26.0,0,False
16551828,MIN Vikings vs. MIA Dolphins,Kyler Murray,Joueur total de yards par la course (Kyler Murray (MIN)) (prolongations incluses),2140,72895,1757132776,4581948539,12+,12+,1.3334,0,False
16551828,MIN Vikings vs. MIA Dolphins,Ollie Gordon,Joueur total de yards par la course (Ollie Gordon (MIA)) (prolongations incluses),2140,72895,1757132773,4579025000,26+,26+,1.8696,0,False
16551828,MIN Vikings vs. MIA Dolphins,Ollie Gordon,Joueur total de yards par la course (Ollie Gordon (MIA)) (prolongations incluses),2140,72895,1757132773,4579025001,36+,36+,2.3,0,False
16551828,MIN Vikings vs. MIA Dolphins,Ollie Gordon,Joueur total de yards par la course (Ollie Gordon (MIA)) (prolongations incluses),2140,72895,1757132773,4579025002,46+,46+,2.9,0,False
16551828,MIN Vikings vs. MIA Dolphins,Ollie Gordon,Joueur total de yards par la course (Ollie Gordon (MIA)) (prolongations incluses),2140,72895,1757132773,4579025003,56+,56+,3.85,0,False
16551828,MIN Vikings vs. MIA Dolphins,Ollie Gordon,Joueur total de yards par la course (Ollie Gordon (MIA)) (prolongations incluses),2140,72895,1757132773,4579025004,66+,66+,5.25,0,False
16551828,MIN Vikings vs. MIA Dolphins,Ollie Gordon,Joueur total de yards par la course (Ollie Gordon (MIA)) (prolongations incluses),2140,72895,1757132773,4579025005,76+,76+,7.25,0,False
16551828,MIN Vikings vs. MIA Dolphins,Ollie Gordon,Joueur total de yards par la course (Ollie Gordon (MIA)) (prolongations incluses),2140,72895,1757132773,4579025006,86+,86+,11.0,0,False
16551828,MIN Vikings vs. MIA Dolphins,Ollie Gordon,Joueur total de yards par la course (Ollie Gordon (MIA)) (prolongations incluses),2140,72895,1757132773,4579025007,96+,96+,17.0,0,False
16551828,MIN Vikings vs. MIA Dolphins,Ollie Gordon,Joueur total de yards par la course (Ollie Gordon (MIA)) (prolongations incluses),2140,72895,1757132773,4579025008,106+,106+,26.0,0,False
16551828,MIN Vikings vs. MIA Dolphins,Ollie Gordon,Joueur total de yards par la course (Ollie Gordon (MIA)) (prolongations incluses),2140,72895,1757132773,4579025009,16+,16+,1.3449,0,False
16551828,MIN Vikings vs. MIA Dolphins,Jaylen Wright,Joueur total de yards par la course (Jaylen Wright (MIA)) (prolongations incluses),2140,72895,1757132774,4588250639,28+,28+,1.8696,0,False
16551828,MIN Vikings vs. MIA Dolphins,Jaylen Wright,Joueur total de yards par la course (Jaylen Wright (MIA)) (prolongations incluses),2140,72895,1757132774,4588250640,38+,38+,2.3,0,False
16551828,MIN Vikings vs. MIA Dolphins,Jaylen Wright,Joueur total de yards par la course (Jaylen Wright (MIA)) (prolongations incluses),2140,72895,1757132774,4588250641,48+,48+,2.95,0,False
16551828,MIN Vikings vs. MIA Dolphins,Jaylen Wright,Joueur total de yards par la course (Jaylen Wright (MIA)) (prolongations incluses),2140,72895,1757132774,4588250642,58+,58+,4.0,0,False
16551828,MIN Vikings vs. MIA Dolphins,Jaylen Wright,Joueur total de yards par la course (Jaylen Wright (MIA)) (prolongations incluses),2140,72895,1757132774,4588250643,68+,68+,5.5,0,False
16551828,MIN Vikings vs. MIA Dolphins,Jaylen Wright,Joueur total de yards par la course (Jaylen Wright (MIA)) (prolongations incluses),2140,72895,1757132774,4588250644,78+,78+,8.5,0,False
16551828,MIN Vikings vs. MIA Dolphins,Jaylen Wright,Joueur total de yards par la course (Jaylen Wright (MIA)) (prolongations incluses),2140,72895,1757132774,4588250645,88+,88+,13.0,0,False
16551828,MIN Vikings vs. MIA Dolphins,Jaylen Wright,Joueur total de yards par la course (Jaylen Wright (MIA)) (prolongations incluses),2140,72895,1757132774,4588250646,98+,98+,21.0,0,False
16551828,MIN Vikings vs. MIA Dolphins,Jaylen Wright,Joueur total de yards par la course (Jaylen Wright (MIA)) (prolongations incluses),2140,72895,1757132774,4588250647,108+,108+,36.0,0,False
16551828,MIN Vikings vs. MIA Dolphins,Jaylen Wright,Joueur total de yards par la course (Jaylen Wright (MIA)) (prolongations incluses),2140,72895,1757132774,4588250648,18+,18+,1.3847,0,False
16551828,MIN Vikings vs. MIA Dolphins,Malik Washington,Joueur total de yards par la course (Malik Washington (MIA)) (prolongations incluses),2140,72895,1757132777,4579561592,25+,25+,8.5,0,False
16551828,MIN Vikings vs. MIA Dolphins,Malik Washington,Joueur total de yards par la course (Malik Washington (MIA)) (prolongations incluses),2140,72895,1757132777,4579561593,35+,35+,26.0,0,False
16551828,MIN Vikings vs. MIA Dolphins,Malik Washington,Joueur total de yards par la course (Malik Washington (MIA)) (prolongations incluses),2140,72895,1757132777,4579561591,15+,15+,3.5,0,False
16551828,MIN Vikings vs. MIA Dolphins,Malik Willis,Passes réussis du joueur (Incl. Prolongations) (Malik Willis (MIA)),2137,72892,1758069428,4582732032,24+,24+,8.5,0,False
16551828,MIN Vikings vs. MIA Dolphins,Malik Willis,Passes réussis du joueur (Incl. Prolongations) (Malik Willis (MIA)),2137,72892,1758069428,4582732033,26+,26+,15.0,0,False
16551828,MIN Vikings vs. MIA Dolphins,Malik Willis,Passes réussis du joueur (Incl. Prolongations) (Malik Willis (MIA)),2137,72892,1758069428,4582732034,28+,28+,26.0,0,False
16551828,MIN Vikings vs. MIA Dolphins,Malik Willis,Passes réussis du joueur (Incl. Prolongations) (Malik Willis (MIA)),2137,72892,1758069428,4582732035,14+,14+,1.3449,0,False
16551828,MIN Vikings vs. MIA Dolphins,Malik Willis,Passes réussis du joueur (Incl. Prolongations) (Malik Willis (MIA)),2137,72892,1758069428,4582732028,16+,16+,1.7408,0,False
16551828,MIN Vikings vs. MIA Dolphins,Malik Willis,Passes réussis du joueur (Incl. Prolongations) (Malik Willis (MIA)),2137,72892,1758069428,4582732029,18+,18+,2.3,0,False
16551828,MIN Vikings vs. MIA Dolphins,Malik Willis,Passes réussis du joueur (Incl. Prolongations) (Malik Willis (MIA)),2137,72892,1758069428,4582732030,20+,20+,3.3,0,False
16551828,MIN Vikings vs. MIA Dolphins,Malik Willis,Passes réussis du joueur (Incl. Prolongations) (Malik Willis (MIA)),2137,72892,1758069428,4582732031,22+,22+,5.0,0,False
16551828,MIN Vikings vs. MIA Dolphins,Kyler Murray,Passes réussis du joueur (Incl. Prolongations) (Kyler Murray (MIN)),2137,72892,1758069427,4582112396,20+,20+,1.9091,0,False
16551828,MIN Vikings vs. MIA Dolphins,Kyler Murray,Passes réussis du joueur (Incl. Prolongations) (Kyler Murray (MIN)),2137,72892,1758069427,4582112397,22+,22+,2.45,0,False
16551828,MIN Vikings vs. MIA Dolphins,Kyler Murray,Passes réussis du joueur (Incl. Prolongations) (Kyler Murray (MIN)),2137,72892,1758069427,4582112398,24+,24+,3.2,0,False
16551828,MIN Vikings vs. MIA Dolphins,Kyler Murray,Passes réussis du joueur (Incl. Prolongations) (Kyler Murray (MIN)),2137,72892,1758069427,4582112399,26+,26+,4.5,0,False
16551828,MIN Vikings vs. MIA Dolphins,Kyler Murray,Passes réussis du joueur (Incl. Prolongations) (Kyler Murray (MIN)),2137,72892,1758069427,4582112400,28+,28+,6.5,0,False
16551828,MIN Vikings vs. MIA Dolphins,Kyler Murray,Passes réussis du joueur (Incl. Prolongations) (Kyler Murray (MIN)),2137,72892,1758069427,4582112401,30+,30+,10.0,0,False
16551828,MIN Vikings vs. MIA Dolphins,Kyler Murray,Passes réussis du joueur (Incl. Prolongations) (Kyler Murray (MIN)),2137,72892,1758069427,4582112402,32+,32+,16.0,0,False
16551828,MIN Vikings vs. MIA Dolphins,Kyler Murray,Passes réussis du joueur (Incl. Prolongations) (Kyler Murray (MIN)),2137,72892,1758069427,4582112403,18+,18+,1.5264,0,False
16551828,MIN Vikings vs. MIA Dolphins,Kyler Murray,Total de yards à la passe du joueur Plus/Moins(Incl. Prolongations),759,71922,1759751885,4587511754,Kyler Murray (MIN) Plus de 204.5,Kyler Murray (MIN) Plus de 204.5,1.8,0,False
16551828,MIN Vikings vs. MIA Dolphins,Kyler Murray,Total de yards à la passe du joueur Plus/Moins(Incl. Prolongations),759,71922,1759751885,4587511755,Kyler Murray (MIN) moins de 204.5,Kyler Murray (MIN) moins de 204.5,1.8334,0,False
16551828,MIN Vikings vs. MIA Dolphins,Malik Willis,Total de yards à la passe du joueur Plus/Moins(Incl. Prolongations),759,71922,1755791774,4574176179,Malik Willis (MIA) Plus de 167.5,Malik Willis (MIA) Plus de 167.5,1.8,0,False
16551828,MIN Vikings vs. MIA Dolphins,Malik Willis,Total de yards à la passe du joueur Plus/Moins(Incl. Prolongations),759,71922,1755791774,4574176180,Malik Willis (MIA) moins de 167.5,Malik Willis (MIA) moins de 167.5,1.8334,0,False
16551828,MIN Vikings vs. MIA Dolphins,Aaron Jones,Total de yards à la course du joueur Plus/Moins (Incl. Prolongations),764,71924,1755565027,4573594524,Aaron Jones (MIN) Plus de 67.5,Aaron Jones (MIN) Plus de 67.5,1.8334,0,False
16551828,MIN Vikings vs. MIA Dolphins,Aaron Jones,Total de yards à la course du joueur Plus/Moins (Incl. Prolongations),764,71924,1755565027,4573594525,Aaron Jones (MIN) moins de 67.5,Aaron Jones (MIN) moins de 67.5,1.8,0,False
16551828,MIN Vikings vs. MIA Dolphins,Malik Willis,Total de yards à la course du joueur Plus/Moins (Incl. Prolongations),764,71924,1757158590,4578724214,Malik Willis (MIA) Plus de 28.5,Malik Willis (MIA) Plus de 28.5,1.8334,0,False
16551828,MIN Vikings vs. MIA Dolphins,Malik Willis,Total de yards à la course du joueur Plus/Moins (Incl. Prolongations),764,71924,1757158590,4578724215,Malik Willis (MIA) moins de 28.5,Malik Willis (MIA) moins de 28.5,1.8,0,False
16551828,MIN Vikings vs. MIA Dolphins,Jaylen Wright,Total de yards à la course du joueur Plus/Moins (Incl. Prolongations),764,71924,1757374795,4579525450,Jaylen Wright (MIA) Plus de 25.5,Jaylen Wright (MIA) Plus de 25.5,1.7693,0,False
16551828,MIN Vikings vs. MIA Dolphins,Jaylen Wright,Total de yards à la course du joueur Plus/Moins (Incl. Prolongations),764,71924,1757374795,4579525451,Jaylen Wright (MIA) moins de 25.5,Jaylen Wright (MIA) moins de 25.5,1.8696,0,False
16551828,MIN Vikings vs. MIA Dolphins,Ollie Gordon,Total de yards à la course du joueur Plus/Moins (Incl. Prolongations),764,71924,1757166280,4578744675,Ollie Gordon (MIA) Plus de 22.5,Ollie Gordon (MIA) Plus de 22.5,1.8696,0,False
16551828,MIN Vikings vs. MIA Dolphins,Ollie Gordon,Total de yards à la course du joueur Plus/Moins (Incl. Prolongations),764,71924,1757166280,4578744676,Ollie Gordon (MIA) moins de 22.5,Ollie Gordon (MIA) moins de 22.5,1.7693,0,False
16551828,MIN Vikings vs. MIA Dolphins,Kyler Murray,Total de yards à la course du joueur Plus/Moins (Incl. Prolongations),764,71924,1753880171,4568359970,Kyler Murray (MIN) Plus de 21.5,Kyler Murray (MIN) Plus de 21.5,1.8,0,False
16551828,MIN Vikings vs. MIA Dolphins,Kyler Murray,Total de yards à la course du joueur Plus/Moins (Incl. Prolongations),764,71924,1753880171,4568359971,Kyler Murray (MIN) moins de 21.5,Kyler Murray (MIN) moins de 21.5,1.8334,0,False
16551828,MIN Vikings vs. MIA Dolphins,Malik Washington,Total de yards à la course du joueur Plus/Moins (Incl. Prolongations),764,71924,1757258371,4578995317,Malik Washington (MIA) Plus de 3.5,Malik Washington (MIA) Plus de 3.5,1.7693,0,False
16551828,MIN Vikings vs. MIA Dolphins,Malik Washington,Total de yards à la course du joueur Plus/Moins (Incl. Prolongations),764,71924,1757258371,4578995318,Malik Washington (MIA) moins de 3.5,Malik Washington (MIA) moins de 3.5,1.8696,0,False
16551828,MIN Vikings vs. MIA Dolphins,Jordan Addison,Total des yards après réception du joueur Plus/Moins(Incl. Prolongations),765,71925,1755572133,4573612228,Jordan Addison (MIN) Plus de 62.5,Jordan Addison (MIN) Plus de 62.5,1.8334,0,False
16551828,MIN Vikings vs. MIA Dolphins,Jordan Addison,Total des yards après réception du joueur Plus/Moins(Incl. Prolongations),765,71925,1755572133,4573612229,Jordan Addison (MIN) moins de 62.5,Jordan Addison (MIN) moins de 62.5,1.8,0,False
16551828,MIN Vikings vs. MIA Dolphins,T.J. Hockenson,Total des yards après réception du joueur Plus/Moins(Incl. Prolongations),765,71925,1759745041,4587495616,T.J. Hockenson (MIN) Plus de 38.5,T.J. Hockenson (MIN) Plus de 38.5,1.8696,0,False
16551828,MIN Vikings vs. MIA Dolphins,T.J. Hockenson,Total des yards après réception du joueur Plus/Moins(Incl. Prolongations),765,71925,1759745041,4587495617,T.J. Hockenson (MIN) moins de 38.5,T.J. Hockenson (MIN) moins de 38.5,1.7693,0,False
16551828,MIN Vikings vs. MIA Dolphins,Malik Washington,Total des yards après réception du joueur Plus/Moins(Incl. Prolongations),765,71925,1753412027,4566965088,Malik Washington (MIA) moins de 37.5,Malik Washington (MIA) moins de 37.5,1.8334,0,False
16551828,MIN Vikings vs. MIA Dolphins,Malik Washington,Total des yards après réception du joueur Plus/Moins(Incl. Prolongations),765,71925,1753412027,4566965087,Malik Washington (MIA) Plus de 37.5,Malik Washington (MIA) Plus de 37.5,1.8,0,False
16551828,MIN Vikings vs. MIA Dolphins,Chris Bell,Total des yards après réception du joueur Plus/Moins(Incl. Prolongations),765,71925,1757260454,4579015094,Chris Bell (MIA) Plus de 28.5,Chris Bell (MIA) Plus de 28.5,1.8,0,False
16551828,MIN Vikings vs. MIA Dolphins,Chris Bell,Total des yards après réception du joueur Plus/Moins(Incl. Prolongations),765,71925,1757260454,4579015095,Chris Bell (MIA) moins de 28.5,Chris Bell (MIA) moins de 28.5,1.8334,0,False
16551828,MIN Vikings vs. MIA Dolphins,Greg Dulcich,Total des yards après réception du joueur Plus/Moins(Incl. Prolongations),765,71925,1755782203,4574152981,Greg Dulcich (MIA) Plus de 28.5,Greg Dulcich (MIA) Plus de 28.5,1.8,0,False
16551828,MIN Vikings vs. MIA Dolphins,Greg Dulcich,Total des yards après réception du joueur Plus/Moins(Incl. Prolongations),765,71925,1755782203,4574152982,Greg Dulcich (MIA) moins de 28.5,Greg Dulcich (MIA) moins de 28.5,1.8334,0,False
16551828,MIN Vikings vs. MIA Dolphins,Jauan Jennings,Total des yards après réception du joueur Plus/Moins(Incl. Prolongations),765,71925,1759900151,4587884069,Jauan Jennings (MIN) Plus de 25.5,Jauan Jennings (MIN) Plus de 25.5,1.8,0,False
16551828,MIN Vikings vs. MIA Dolphins,Jauan Jennings,Total des yards après réception du joueur Plus/Moins(Incl. Prolongations),765,71925,1759900151,4587884070,Jauan Jennings (MIN) moins de 25.5,Jauan Jennings (MIN) moins de 25.5,1.8334,0,False
16551828,MIN Vikings vs. MIA Dolphins,Aaron Jones,Total des yards après réception du joueur Plus/Moins(Incl. Prolongations),765,71925,1753880150,4568359928,Aaron Jones (MIN) Plus de 19.5,Aaron Jones (MIN) Plus de 19.5,1.8334,0,False
16551828,MIN Vikings vs. MIA Dolphins,Aaron Jones,Total des yards après réception du joueur Plus/Moins(Incl. Prolongations),765,71925,1753880150,4568359929,Aaron Jones (MIN) moins de 19.5,Aaron Jones (MIN) moins de 19.5,1.8,0,False
16551828,MIN Vikings vs. MIA Dolphins,Tai Felton,Total des yards après réception du joueur Plus/Moins(Incl. Prolongations),765,71925,1761963119,4593666973,Tai Felton (MIN) Plus de 15.5,Tai Felton (MIN) Plus de 15.5,1.8334,0,False
16551828,MIN Vikings vs. MIA Dolphins,Tai Felton,Total des yards après réception du joueur Plus/Moins(Incl. Prolongations),765,71925,1761963119,4593666974,Tai Felton (MIN) moins de 15.5,Tai Felton (MIN) moins de 15.5,1.8,0,False
16551828,MIN Vikings vs. MIA Dolphins,Kevin Coleman,Total des yards après réception du joueur Plus/Moins(Incl. Prolongations),765,71925,1761392855,4592226844,Kevin Coleman (MIA) Plus de 13.5,Kevin Coleman (MIA) Plus de 13.5,1.8696,0,False
16551828,MIN Vikings vs. MIA Dolphins,Kevin Coleman,Total des yards après réception du joueur Plus/Moins(Incl. Prolongations),765,71925,1761392855,4592226845,Kevin Coleman (MIA) moins de 13.5,Kevin Coleman (MIA) moins de 13.5,1.7693,0,False
16551828,MIN Vikings vs. MIA Dolphins,Ollie Gordon,Total des yards après réception du joueur Plus/Moins(Incl. Prolongations),765,71925,1758607653,4583539059,Ollie Gordon (MIA) Plus de 5.5,Ollie Gordon (MIA) Plus de 5.5,1.7693,0,False
16551828,MIN Vikings vs. MIA Dolphins,Ollie Gordon,Total des yards après réception du joueur Plus/Moins(Incl. Prolongations),765,71925,1758607653,4583539060,Ollie Gordon (MIA) moins de 5.5,Ollie Gordon (MIA) moins de 5.5,1.8696,0,False
16551828,MIN Vikings vs. MIA Dolphins,Ryan Miller,Total des yards après réception du joueur Plus/Moins(Incl. Prolongations),765,71925,1763101582,4596907604,Ryan Miller (MIA) Plus de 5.5,Ryan Miller (MIA) Plus de 5.5,1.8696,0,False
16551828,MIN Vikings vs. MIA Dolphins,Ryan Miller,Total des yards après réception du joueur Plus/Moins(Incl. Prolongations),765,71925,1763101582,4596907605,Ryan Miller (MIA) moins de 5.5,Ryan Miller (MIA) moins de 5.5,1.7693,0,False
16551828,MIN Vikings vs. MIA Dolphins,Jaylen Wright,Total des yards après réception du joueur Plus/Moins(Incl. Prolongations),765,71925,1755764380,4574110153,Jaylen Wright (MIA) Plus de 4.5,Jaylen Wright (MIA) Plus de 4.5,1.8696,0,False
16551828,MIN Vikings vs. MIA Dolphins,Jaylen Wright,Total des yards après réception du joueur Plus/Moins(Incl. Prolongations),765,71925,1755764380,4574110154,Jaylen Wright (MIA) moins de 4.5,Jaylen Wright (MIA) moins de 4.5,1.7693,0,False
16551828,MIN Vikings vs. MIA Dolphins,Aaron Jones,Yards de course et de réception du joueur Plus/Moins (prolongations incluses),3317,73841,1755565031,4573594532,Aaron Jones (MIN) Plus de 90.5,Aaron Jones (MIN) Plus de 90.5,1.8,0,False
16551828,MIN Vikings vs. MIA Dolphins,Aaron Jones,Yards de course et de réception du joueur Plus/Moins (prolongations incluses),3317,73841,1755565031,4573594533,Aaron Jones (MIN) moins de 90.5,Aaron Jones (MIN) moins de 90.5,1.8334,0,False
16551828,MIN Vikings vs. MIA Dolphins,Jordan Addison,Yards de course et de réception du joueur Plus/Moins (prolongations incluses),3317,73841,1755572137,4573612236,Jordan Addison (MIN) Plus de 62.5,Jordan Addison (MIN) Plus de 62.5,1.8334,0,False
16551828,MIN Vikings vs. MIA Dolphins,Jordan Addison,Yards de course et de réception du joueur Plus/Moins (prolongations incluses),3317,73841,1755572137,4573612237,Jordan Addison (MIN) moins de 62.5,Jordan Addison (MIN) moins de 62.5,1.8,0,False
16551828,MIN Vikings vs. MIA Dolphins,Malik Washington,Yards de course et de réception du joueur Plus/Moins (prolongations incluses),3317,73841,1755760118,4574100288,Malik Washington (MIA) Plus de 45.5,Malik Washington (MIA) Plus de 45.5,1.8334,0,False
16551828,MIN Vikings vs. MIA Dolphins,Malik Washington,Yards de course et de réception du joueur Plus/Moins (prolongations incluses),3317,73841,1755760118,4574100289,Malik Washington (MIA) moins de 45.5,Malik Washington (MIA) moins de 45.5,1.8,0,False
16551828,MIN Vikings vs. MIA Dolphins,Jaylen Wright,Yards de course et de réception du joueur Plus/Moins (prolongations incluses),3317,73841,1757374796,4579525452,Jaylen Wright (MIA) Plus de 34.5,Jaylen Wright (MIA) Plus de 34.5,1.8334,0,False
16551828,MIN Vikings vs. MIA Dolphins,Jaylen Wright,Yards de course et de réception du joueur Plus/Moins (prolongations incluses),3317,73841,1757374796,4579525453,Jaylen Wright (MIA) moins de 34.5,Jaylen Wright (MIA) moins de 34.5,1.8,0,False
16551828,MIN Vikings vs. MIA Dolphins,Ollie Gordon,Yards de course et de réception du joueur Plus/Moins (prolongations incluses),3317,73841,1761392854,4592226842,Ollie Gordon (MIA) Plus de 31.5,Ollie Gordon (MIA) Plus de 31.5,1.8,0,False
16551828,MIN Vikings vs. MIA Dolphins,Ollie Gordon,Yards de course et de réception du joueur Plus/Moins (prolongations incluses),3317,73841,1761392854,4592226843,Ollie Gordon (MIA) moins de 31.5,Ollie Gordon (MIA) moins de 31.5,1.8334,0,False
16551828,MIN Vikings vs. MIA Dolphins,Chris Bell,Yards de course et de réception du joueur Plus/Moins (prolongations incluses),3317,73841,1757260455,4579015096,Chris Bell (MIA) Plus de 28.5,Chris Bell (MIA) Plus de 28.5,1.8,0,False
16551828,MIN Vikings vs. MIA Dolphins,Chris Bell,Yards de course et de réception du joueur Plus/Moins (prolongations incluses),3317,73841,1757260455,4579015097,Chris Bell (MIA) moins de 28.5,Chris Bell (MIA) moins de 28.5,1.8334,0,False
16551828,MIN Vikings vs. MIA Dolphins,Jauan Jennings,Yards de course et de réception du joueur Plus/Moins (prolongations incluses),3317,73841,1759892973,4587866041,Jauan Jennings (MIN) Plus de 25.5,Jauan Jennings (MIN) Plus de 25.5,1.7693,0,False
16551828,MIN Vikings vs. MIA Dolphins,Jauan Jennings,Yards de course et de réception du joueur Plus/Moins (prolongations incluses),3317,73841,1759892973,4587866042,Jauan Jennings (MIN) moins de 25.5,Jauan Jennings (MIN) moins de 25.5,1.8696,0,False
16551828,MIN Vikings vs. MIA Dolphins,Tai Felton,Yards de course et de réception du joueur Plus/Moins (prolongations incluses),3317,73841,1761782983,4593235677,Tai Felton (MIN) Plus de 15.5,Tai Felton (MIN) Plus de 15.5,1.8,0,False
16551828,MIN Vikings vs. MIA Dolphins,Tai Felton,Yards de course et de réception du joueur Plus/Moins (prolongations incluses),3317,73841,1761782983,4593235678,Tai Felton (MIN) moins de 15.5,Tai Felton (MIN) moins de 15.5,1.8334,0,False
16551828,MIN Vikings vs. MIA Dolphins,Kevin Coleman,Yards de course et de réception du joueur Plus/Moins (prolongations incluses),3317,73841,1761392856,4592226846,Kevin Coleman (MIA) Plus de 13.5,Kevin Coleman (MIA) Plus de 13.5,1.8696,0,False
16551828,MIN Vikings vs. MIA Dolphins,Kevin Coleman,Yards de course et de réception du joueur Plus/Moins (prolongations incluses),3317,73841,1761392856,4592226847,Kevin Coleman (MIA) moins de 13.5,Kevin Coleman (MIA) moins de 13.5,1.7693,0,False
16551828,MIN Vikings vs. MIA Dolphins,Malik Willis,Fumbles du joueur Plus / Moins (incl. prolongation),25005,75650,1753411871,4566964819,Malik Willis (MIA) Plus de 0.5,Malik Willis (MIA) Plus de 0.5,1.6061,0,False
16551828,MIN Vikings vs. MIA Dolphins,Malik Willis,Fumbles du joueur Plus / Moins (incl. prolongation),25005,75650,1753411871,4566964820,Malik Willis (MIA) moins de 0.5,Malik Willis (MIA) moins de 0.5,2.05,0,False
16551828,MIN Vikings vs. MIA Dolphins,Kyler Murray,Fumbles du joueur Plus / Moins (incl. prolongation),25005,75650,1753411677,4566964475,Kyler Murray (MIN) Plus de 0.5,Kyler Murray (MIN) Plus de 0.5,2.7,0,False
16551828,MIN Vikings vs. MIA Dolphins,Kyler Murray,Fumbles du joueur Plus / Moins (incl. prolongation),25005,75650,1753411677,4566964476,Kyler Murray (MIN) moins de 0.5,Kyler Murray (MIN) moins de 0.5,1.3572,0,False
16551828,MIN Vikings vs. MIA Dolphins,Malik Washington,Fumbles du joueur Plus / Moins (incl. prolongation),25005,75650,1753412046,4566965122,Malik Washington (MIA) Plus de 0.5,Malik Washington (MIA) Plus de 0.5,4.0,0,False
16551828,MIN Vikings vs. MIA Dolphins,Malik Washington,Fumbles du joueur Plus / Moins (incl. prolongation),25005,75650,1753412046,4566965123,Malik Washington (MIA) moins de 0.5,Malik Washington (MIA) moins de 0.5,1.1667,0,False
16551828,MIN Vikings vs. MIA Dolphins,Aaron Jones,Fumbles du joueur Plus / Moins (incl. prolongation),25005,75650,1753411584,4566964309,Aaron Jones (MIN) Plus de 0.5,Aaron Jones (MIN) Plus de 0.5,4.75,0,False
16551828,MIN Vikings vs. MIA Dolphins,Aaron Jones,Fumbles du joueur Plus / Moins (incl. prolongation),25005,75650,1753411584,4566964310,Aaron Jones (MIN) moins de 0.5,Aaron Jones (MIN) moins de 0.5,1.1112,0,False
16551828,MIN Vikings vs. MIA Dolphins,Jaylen Wright,Fumbles du joueur Plus / Moins (incl. prolongation),25005,75650,1753412202,4566965394,Jaylen Wright (MIA) Plus de 0.5,Jaylen Wright (MIA) Plus de 0.5,5.75,0,False
16551828,MIN Vikings vs. MIA Dolphins,Jaylen Wright,Fumbles du joueur Plus / Moins (incl. prolongation),25005,75650,1753412202,4566965395,Jaylen Wright (MIA) moins de 0.5,Jaylen Wright (MIA) moins de 0.5,1.0715,0,False
16551828,MIN Vikings vs. MIA Dolphins,Ollie Gordon,Fumbles du joueur Plus / Moins (incl. prolongation),25005,75650,1753412558,4566966021,Ollie Gordon (MIA) Plus de 0.5,Ollie Gordon (MIA) Plus de 0.5,6.75,0,False
16551828,MIN Vikings vs. MIA Dolphins,Ollie Gordon,Fumbles du joueur Plus / Moins (incl. prolongation),25005,75650,1753412558,4566966022,Ollie Gordon (MIA) moins de 0.5,Ollie Gordon (MIA) moins de 0.5,1.04,0,False
16551828,MIN Vikings vs. MIA Dolphins,Jordan Addison,Fumbles du joueur Plus / Moins (incl. prolongation),25005,75650,1753412073,4566965168,Jordan Addison (MIN) moins de 0.5,Jordan Addison (MIN) moins de 0.5,1.02,0,False
16551828,MIN Vikings vs. MIA Dolphins,Jordan Addison,Fumbles du joueur Plus / Moins (incl. prolongation),25005,75650,1753412073,4566965167,Jordan Addison (MIN) Plus de 0.5,Jordan Addison (MIN) Plus de 0.5,7.75,0,False
16551828,MIN Vikings vs. MIA Dolphins,T.J. Hockenson,Fumbles du joueur Plus / Moins (incl. prolongation),25005,75650,1753411743,4566964587,T.J. Hockenson (MIN) Plus de 0.5,T.J. Hockenson (MIN) Plus de 0.5,7.75,0,False
16551828,MIN Vikings vs. MIA Dolphins,T.J. Hockenson,Fumbles du joueur Plus / Moins (incl. prolongation),25005,75650,1753411743,4566964588,T.J. Hockenson (MIN) moins de 0.5,T.J. Hockenson (MIN) moins de 0.5,1.02,0,False
16551828,MIN Vikings vs. MIA Dolphins,Chris Bell,Fumbles du joueur Plus / Moins (incl. prolongation),25005,75650,1753412598,4566966090,Chris Bell (MIA) Plus de 0.5,Chris Bell (MIA) Plus de 0.5,8.5,0,False
16551828,MIN Vikings vs. MIA Dolphins,Chris Bell,Fumbles du joueur Plus / Moins (incl. prolongation),25005,75650,1753412598,4566966091,Chris Bell (MIA) moins de 0.5,Chris Bell (MIA) moins de 0.5,1.01,0,False
16551828,MIN Vikings vs. MIA Dolphins,Greg Dulcich,Fumbles du joueur Plus / Moins (incl. prolongation),25005,75650,1753411998,4566965038,Greg Dulcich (MIA) Plus de 0.5,Greg Dulcich (MIA) Plus de 0.5,8.5,0,False
16551828,MIN Vikings vs. MIA Dolphins,Greg Dulcich,Fumbles du joueur Plus / Moins (incl. prolongation),25005,75650,1753411998,4566965039,Greg Dulcich (MIA) moins de 0.5,Greg Dulcich (MIA) moins de 0.5,1.01,0,False
16551828,MIN Vikings vs. MIA Dolphins,Jauan Jennings,Fumbles du joueur Plus / Moins (incl. prolongation),25005,75650,1753411619,4566964369,Jauan Jennings (MIN) Plus de 0.5,Jauan Jennings (MIN) Plus de 0.5,8.5,0,False
16551828,MIN Vikings vs. MIA Dolphins,Jauan Jennings,Fumbles du joueur Plus / Moins (incl. prolongation),25005,75650,1753411619,4566964370,Jauan Jennings (MIN) moins de 0.5,Jauan Jennings (MIN) moins de 0.5,0.0,7,False
16551828,MIN Vikings vs. MIA Dolphins,Kevin Coleman,Fumbles du joueur Plus / Moins (incl. prolongation),25005,75650,1753412693,4566966253,Kevin Coleman (MIA) Plus de 0.5,Kevin Coleman (MIA) Plus de 0.5,8.5,0,False
16551828,MIN Vikings vs. MIA Dolphins,Kevin Coleman,Fumbles du joueur Plus / Moins (incl. prolongation),25005,75650,1753412693,4566966254,Kevin Coleman (MIA) moins de 0.5,Kevin Coleman (MIA) moins de 0.5,0.0,7,False
16551828,MIN Vikings vs. MIA Dolphins,Tai Felton,Fumbles du joueur Plus / Moins (incl. prolongation),25005,75650,1753412270,4566965510,Tai Felton (MIN) Plus de 0.5,Tai Felton (MIN) Plus de 0.5,8.5,0,False
16551828,MIN Vikings vs. MIA Dolphins,Tai Felton,Fumbles du joueur Plus / Moins (incl. prolongation),25005,75650,1753412270,4566965511,Tai Felton (MIN) moins de 0.5,Tai Felton (MIN) moins de 0.5,0.0,7,False
16551828,MIN Vikings vs. MIA Dolphins,Blake Cashman,Passes décisives P/M (prolongations incluses),770,75644,1753411628,4566964381,Blake Cashman (MIN) Plus de 3.5,Blake Cashman (MIN) Plus de 3.5,2.0,0,False
16551828,MIN Vikings vs. MIA Dolphins,Blake Cashman,Passes décisives P/M (prolongations incluses),770,75644,1753411628,4566964382,Blake Cashman (MIN) moins de 3.5,Blake Cashman (MIN) moins de 3.5,1.6471,0,False
16551828,MIN Vikings vs. MIA Dolphins,Jacob Rodriguez,Passes décisives P/M (prolongations incluses),770,75644,1753412219,4566965421,Jacob Rodriguez (MIA) Plus de 3.5,Jacob Rodriguez (MIA) Plus de 3.5,1.7143,0,False
16551828,MIN Vikings vs. MIA Dolphins,Jacob Rodriguez,Passes décisives P/M (prolongations incluses),770,75644,1753412219,4566965422,Jacob Rodriguez (MIA) moins de 3.5,Jacob Rodriguez (MIA) moins de 3.5,1.9091,0,False
16551828,MIN Vikings vs. MIA Dolphins,Jordyn Brooks,Passes décisives P/M (prolongations incluses),770,75644,1753411758,4566964610,Jordyn Brooks (MIA) Plus de 3.5,Jordyn Brooks (MIA) Plus de 3.5,1.6667,0,False
16551828,MIN Vikings vs. MIA Dolphins,Jordyn Brooks,Passes décisives P/M (prolongations incluses),770,75644,1753411758,4566964611,Jordyn Brooks (MIA) moins de 3.5,Jordyn Brooks (MIA) moins de 3.5,1.9524,0,False
16551828,MIN Vikings vs. MIA Dolphins,Michael Taaffe,Passes décisives P/M (prolongations incluses),770,75644,1755570374,4573607965,Michael Taaffe (MIA) Plus de 2.5,Michael Taaffe (MIA) Plus de 2.5,2.25,0,False
16551828,MIN Vikings vs. MIA Dolphins,Michael Taaffe,Passes décisives P/M (prolongations incluses),770,75644,1755570374,4573607966,Michael Taaffe (MIA) moins de 2.5,Michael Taaffe (MIA) moins de 2.5,1.5,0,False
16551828,MIN Vikings vs. MIA Dolphins,Josh Metellus,Passes décisives P/M (prolongations incluses),770,75644,1754117188,4569276056,Josh Metellus (MIN) moins de 2.5,Josh Metellus (MIN) moins de 2.5,1.6061,0,False
16551828,MIN Vikings vs. MIA Dolphins,Josh Metellus,Passes décisives P/M (prolongations incluses),770,75644,1754117188,4569276055,Josh Metellus (MIN) Plus de 2.5,Josh Metellus (MIN) Plus de 2.5,2.05,0,False
16551828,MIN Vikings vs. MIA Dolphins,Eric Wilson,Passes décisives P/M (prolongations incluses),770,75644,1753411549,4566964243,Eric Wilson (MIN) Plus de 2.5,Eric Wilson (MIN) Plus de 2.5,1.8334,0,False
16551828,MIN Vikings vs. MIA Dolphins,Eric Wilson,Passes décisives P/M (prolongations incluses),770,75644,1753411549,4566964244,Eric Wilson (MIN) moins de 2.5,Eric Wilson (MIN) moins de 2.5,1.7693,0,False
16551828,MIN Vikings vs. MIA Dolphins,Jalen Redmond,Passes décisives P/M (prolongations incluses),770,75644,1753411937,4566964931,Jalen Redmond (MIN) Plus de 1.5,Jalen Redmond (MIN) Plus de 1.5,2.6,0,False
16551828,MIN Vikings vs. MIA Dolphins,Jalen Redmond,Passes décisives P/M (prolongations incluses),770,75644,1753411937,4566964932,Jalen Redmond (MIN) moins de 1.5,Jalen Redmond (MIN) moins de 1.5,1.3847,0,False
16551828,MIN Vikings vs. MIA Dolphins,Byron Murphy,Passes décisives P/M (prolongations incluses),770,75644,1753411752,4566964600,Byron Murphy (MIN) moins de 1.5,Byron Murphy (MIN) moins de 1.5,1.3847,0,False
16551828,MIN Vikings vs. MIA Dolphins,Byron Murphy,Passes décisives P/M (prolongations incluses),770,75644,1753411752,4566964599,Byron Murphy (MIN) Plus de 1.5,Byron Murphy (MIN) Plus de 1.5,2.6,0,False
16551828,MIN Vikings vs. MIA Dolphins,Chop Robinson,Passes décisives P/M (prolongations incluses),770,75644,1753880259,4568360146,Chop Robinson (MIA) Plus de 1.5,Chop Robinson (MIA) Plus de 1.5,2.45,0,False
16551828,MIN Vikings vs. MIA Dolphins,Chop Robinson,Passes décisives P/M (prolongations incluses),770,75644,1753880259,4568360147,Chop Robinson (MIA) moins de 1.5,Chop Robinson (MIA) moins de 1.5,1.4167,0,False
16551828,MIN Vikings vs. MIA Dolphins,Levi Drake Rodriguez,Passes décisives P/M (prolongations incluses),770,75644,1753412708,4566966276,Levi Drake Rodriguez (MIN) Plus de 1.5,Levi Drake Rodriguez (MIN) Plus de 1.5,2.4,0,False
16551828,MIN Vikings vs. MIA Dolphins,Levi Drake Rodriguez,Passes décisives P/M (prolongations incluses),770,75644,1753412708,4566966277,Levi Drake Rodriguez (MIN) moins de 1.5,Levi Drake Rodriguez (MIN) moins de 1.5,1.4348,0,False
16551828,MIN Vikings vs. MIA Dolphins,Isaiah Rodgers,Passes décisives P/M (prolongations incluses),770,75644,1753411781,4566964652,Isaiah Rodgers (MIN) Plus de 1.5,Isaiah Rodgers (MIN) Plus de 1.5,2.4,0,False
16551828,MIN Vikings vs. MIA Dolphins,Isaiah Rodgers,Passes décisives P/M (prolongations incluses),770,75644,1753411781,4566964653,Isaiah Rodgers (MIN) moins de 1.5,Isaiah Rodgers (MIN) moins de 1.5,1.4445,0,False
16551828,MIN Vikings vs. MIA Dolphins,Andrew Van Ginkel,Passes décisives P/M (prolongations incluses),770,75644,1753411596,4566964328,Andrew Van Ginkel (MIN) moins de 1.5,Andrew Van Ginkel (MIN) moins de 1.5,1.5264,0,False
16551828,MIN Vikings vs. MIA Dolphins,Andrew Van Ginkel,Passes décisives P/M (prolongations incluses),770,75644,1753411596,4566964327,Andrew Van Ginkel (MIN) Plus de 1.5,Andrew Van Ginkel (MIN) Plus de 1.5,2.2,0,False
16551828,MIN Vikings vs. MIA Dolphins,Zach Sieler,Passes décisives P/M (prolongations incluses),770,75644,1753411948,4566964952,Zach Sieler (MIA) moins de 1.5,Zach Sieler (MIA) moins de 1.5,1.5556,0,False
16551828,MIN Vikings vs. MIA Dolphins,Zach Sieler,Passes décisives P/M (prolongations incluses),770,75644,1753411948,4566964951,Zach Sieler (MIA) Plus de 1.5,Zach Sieler (MIA) Plus de 1.5,2.15,0,False
16551828,MIN Vikings vs. MIA Dolphins,Jordan Phillips,Passes décisives P/M (prolongations incluses),770,75644,1753412575,4566966048,Jordan Phillips (MIA) Plus de 1.5,Jordan Phillips (MIA) Plus de 1.5,2.15,0,False
16551828,MIN Vikings vs. MIA Dolphins,Jordan Phillips,Passes décisives P/M (prolongations incluses),770,75644,1753412575,4566966049,Jordan Phillips (MIA) moins de 1.5,Jordan Phillips (MIA) moins de 1.5,1.5556,0,False
16551828,MIN Vikings vs. MIA Dolphins,Jason Marshall,Passes décisives P/M (prolongations incluses),770,75644,1753412162,4566965320,Jason Marshall (MIA) moins de 1.5,Jason Marshall (MIA) moins de 1.5,1.5715,0,False
16551828,MIN Vikings vs. MIA Dolphins,Jason Marshall,Passes décisives P/M (prolongations incluses),770,75644,1753412162,4566965319,Jason Marshall (MIA) Plus de 1.5,Jason Marshall (MIA) Plus de 1.5,2.1,0,False
16551828,MIN Vikings vs. MIA Dolphins,Dallas Turner,Passes décisives P/M (prolongations incluses),770,75644,1753412429,4566965787,Dallas Turner (MIN) Plus de 1.5,Dallas Turner (MIN) Plus de 1.5,1.8696,0,False
16551828,MIN Vikings vs. MIA Dolphins,Dallas Turner,Passes décisives P/M (prolongations incluses),770,75644,1753412429,4566965788,Dallas Turner (MIN) moins de 1.5,Dallas Turner (MIN) moins de 1.5,1.7408,0,False
16551828,MIN Vikings vs. MIA Dolphins,Chris Johnson,Passes décisives P/M (prolongations incluses),770,75644,1753412702,4566966265,Chris Johnson (MIA) Plus de 1.5,Chris Johnson (MIA) Plus de 1.5,1.7693,0,False
16551828,MIN Vikings vs. MIA Dolphins,Chris Johnson,Passes décisives P/M (prolongations incluses),770,75644,1753412702,4566966266,Chris Johnson (MIA) moins de 1.5,Chris Johnson (MIA) moins de 1.5,1.8334,0,False
16551828,MIN Vikings vs. MIA Dolphins,Dante Trader,Passes décisives P/M (prolongations incluses),770,75644,1753412385,4566965712,Dante Trader (MIA) moins de 1.5,Dante Trader (MIA) moins de 1.5,2.25,0,False
16551828,MIN Vikings vs. MIA Dolphins,Dante Trader,Passes décisives P/M (prolongations incluses),770,75644,1753412385,4566965711,Dante Trader (MIA) Plus de 1.5,Dante Trader (MIA) Plus de 1.5,1.5,0,False
16551828,MIN Vikings vs. MIA Dolphins,Harrison Smith,Passes décisives P/M (prolongations incluses),770,75644,1753411485,4566964126,Harrison Smith (MIN) Plus de 0.5,Harrison Smith (MIN) Plus de 0.5,1.7143,0,False
16551828,MIN Vikings vs. MIA Dolphins,Harrison Smith,Passes décisives P/M (prolongations incluses),770,75644,1753411485,4566964127,Harrison Smith (MIN) moins de 0.5,Harrison Smith (MIN) moins de 0.5,1.9091,0,False
16551828,MIN Vikings vs. MIA Dolphins,Tyrion Ingram-Dawkins,Passes décisives P/M (prolongations incluses),770,75644,1753412168,4566965330,Tyrion Ingram-Dawkins (MIN) Plus de 0.5,Tyrion Ingram-Dawkins (MIN) Plus de 0.5,1.4762,0,False
16551828,MIN Vikings vs. MIA Dolphins,Tyrion Ingram-Dawkins,Passes décisives P/M (prolongations incluses),770,75644,1753412168,4566965331,Tyrion Ingram-Dawkins (MIN) moins de 0.5,Tyrion Ingram-Dawkins (MIN) moins de 0.5,2.3,0,False
16551828,MIN Vikings vs. MIA Dolphins,Josh Uche,Passes décisives P/M (prolongations incluses),770,75644,1753411776,4566964643,Josh Uche (MIA) Plus de 0.5,Josh Uche (MIA) Plus de 0.5,1.4348,0,False
16551828,MIN Vikings vs. MIA Dolphins,Josh Uche,Passes décisives P/M (prolongations incluses),770,75644,1753411776,4566964644,Josh Uche (MIA) moins de 0.5,Josh Uche (MIA) moins de 0.5,2.4,0,False
16551828,MIN Vikings vs. MIA Dolphins,Theo Jackson,Passes décisives P/M (prolongations incluses),770,75644,1760054120,4588296280,Theo Jackson (MIN) Plus de 0.5,Theo Jackson (MIN) Plus de 0.5,1.3847,0,False
16551828,MIN Vikings vs. MIA Dolphins,Theo Jackson,Passes décisives P/M (prolongations incluses),770,75644,1760054120,4588296281,Theo Jackson (MIN) moins de 0.5,Theo Jackson (MIN) moins de 0.5,2.6,0,False
16551828,MIN Vikings vs. MIA Dolphins,Jacob Rodriguez,Joueur Total de Tackles (prolongations incluses),2010,72301,1753412218,4566965419,Jacob Rodriguez (MIA) Plus de 4.5,Jacob Rodriguez (MIA) Plus de 4.5,1.6667,0,False
16551828,MIN Vikings vs. MIA Dolphins,Jacob Rodriguez,Joueur Total de Tackles (prolongations incluses),2010,72301,1753412218,4566965420,Jacob Rodriguez (MIA) moins de 4.5,Jacob Rodriguez (MIA) moins de 4.5,2.0,0,False
16551828,MIN Vikings vs. MIA Dolphins,Jordyn Brooks,Joueur Total de Tackles (prolongations incluses),2010,72301,1753411757,4566964608,Jordyn Brooks (MIA) Plus de 4.5,Jordyn Brooks (MIA) Plus de 4.5,1.7693,0,False
16551828,MIN Vikings vs. MIA Dolphins,Jordyn Brooks,Joueur Total de Tackles (prolongations incluses),2010,72301,1753411757,4566964609,Jordyn Brooks (MIA) moins de 4.5,Jordyn Brooks (MIA) moins de 4.5,1.8696,0,False
16551828,MIN Vikings vs. MIA Dolphins,Blake Cashman,Joueur Total de Tackles (prolongations incluses),2010,72301,1753411627,4566964379,Blake Cashman (MIN) Plus de 4.5,Blake Cashman (MIN) Plus de 4.5,1.8696,0,False
16551828,MIN Vikings vs. MIA Dolphins,Blake Cashman,Joueur Total de Tackles (prolongations incluses),2010,72301,1753411627,4566964380,Blake Cashman (MIN) moins de 4.5,Blake Cashman (MIN) moins de 4.5,1.7693,0,False
16551828,MIN Vikings vs. MIA Dolphins,Eric Wilson,Joueur Total de Tackles (prolongations incluses),2010,72301,1753411548,4566964241,Eric Wilson (MIN) Plus de 3.5,Eric Wilson (MIN) Plus de 3.5,1.6897,0,False
16551828,MIN Vikings vs. MIA Dolphins,Eric Wilson,Joueur Total de Tackles (prolongations incluses),2010,72301,1753411548,4566964242,Eric Wilson (MIN) moins de 3.5,Eric Wilson (MIN) moins de 3.5,1.9524,0,False
16551828,MIN Vikings vs. MIA Dolphins,Dante Trader,Joueur Total de Tackles (prolongations incluses),2010,72301,1753412384,4566965709,Dante Trader (MIA) Plus de 3.5,Dante Trader (MIA) Plus de 3.5,1.8334,0,False
16551828,MIN Vikings vs. MIA Dolphins,Dante Trader,Joueur Total de Tackles (prolongations incluses),2010,72301,1753412384,4566965710,Dante Trader (MIA) moins de 3.5,Dante Trader (MIA) moins de 3.5,1.8,0,False
16551828,MIN Vikings vs. MIA Dolphins,Michael Taaffe,Joueur Total de Tackles (prolongations incluses),2010,72301,1753412475,4566965869,Michael Taaffe (MIA) Plus de 3.5,Michael Taaffe (MIA) Plus de 3.5,1.8696,0,False
16551828,MIN Vikings vs. MIA Dolphins,Michael Taaffe,Joueur Total de Tackles (prolongations incluses),2010,72301,1753412475,4566965870,Michael Taaffe (MIA) moins de 3.5,Michael Taaffe (MIA) moins de 3.5,1.7693,0,False
16551828,MIN Vikings vs. MIA Dolphins,Josh Metellus,Joueur Total de Tackles (prolongations incluses),2010,72301,1753411769,4566964630,Josh Metellus (MIN) Plus de 3.5,Josh Metellus (MIN) Plus de 3.5,2.1,0,False
16551828,MIN Vikings vs. MIA Dolphins,Josh Metellus,Joueur Total de Tackles (prolongations incluses),2010,72301,1753411769,4566964631,Josh Metellus (MIN) moins de 3.5,Josh Metellus (MIN) moins de 3.5,1.6061,0,False
16551828,MIN Vikings vs. MIA Dolphins,Chris Johnson,Joueur Total de Tackles (prolongations incluses),2010,72301,1753412701,4566966264,Chris Johnson (MIA) moins de 3.5,Chris Johnson (MIA) moins de 3.5,1.5715,0,False
16551828,MIN Vikings vs. MIA Dolphins,Chris Johnson,Joueur Total de Tackles (prolongations incluses),2010,72301,1753412701,4566966263,Chris Johnson (MIA) Plus de 3.5,Chris Johnson (MIA) Plus de 3.5,2.15,0,False
16551828,MIN Vikings vs. MIA Dolphins,Jason Marshall,Joueur Total de Tackles (prolongations incluses),2010,72301,1753880245,4568360118,Jason Marshall (MIA) Plus de 2.5,Jason Marshall (MIA) Plus de 2.5,1.6897,0,False
16551828,MIN Vikings vs. MIA Dolphins,Jason Marshall,Joueur Total de Tackles (prolongations incluses),2010,72301,1753880245,4568360119,Jason Marshall (MIA) moins de 2.5,Jason Marshall (MIA) moins de 2.5,1.9524,0,False
16551828,MIN Vikings vs. MIA Dolphins,Byron Murphy,Joueur Total de Tackles (prolongations incluses),2010,72301,1753411751,4566964597,Byron Murphy (MIN) Plus de 2.5,Byron Murphy (MIN) Plus de 2.5,1.8696,0,False
16551828,MIN Vikings vs. MIA Dolphins,Byron Murphy,Joueur Total de Tackles (prolongations incluses),2010,72301,1753411751,4566964598,Byron Murphy (MIN) moins de 2.5,Byron Murphy (MIN) moins de 2.5,1.7693,0,False
16551828,MIN Vikings vs. MIA Dolphins,Isaiah Rodgers,Joueur Total de Tackles (prolongations incluses),2010,72301,1753411780,4566964650,Isaiah Rodgers (MIN) Plus de 2.5,Isaiah Rodgers (MIN) Plus de 2.5,1.8696,0,False
16551828,MIN Vikings vs. MIA Dolphins,Isaiah Rodgers,Joueur Total de Tackles (prolongations incluses),2010,72301,1753411780,4566964651,Isaiah Rodgers (MIN) moins de 2.5,Isaiah Rodgers (MIN) moins de 2.5,1.7693,0,False
16551828,MIN Vikings vs. MIA Dolphins,Andrew Van Ginkel,Joueur Total de Tackles (prolongations incluses),2010,72301,1753411595,4566964325,Andrew Van Ginkel (MIN) Plus de 2.5,Andrew Van Ginkel (MIN) Plus de 2.5,2.0,0,False
16551828,MIN Vikings vs. MIA Dolphins,Andrew Van Ginkel,Joueur Total de Tackles (prolongations incluses),2010,72301,1753411595,4566964326,Andrew Van Ginkel (MIN) moins de 2.5,Andrew Van Ginkel (MIN) moins de 2.5,1.6667,0,False
16551828,MIN Vikings vs. MIA Dolphins,Dallas Turner,Joueur Total de Tackles (prolongations incluses),2010,72301,1753412428,4566965785,Dallas Turner (MIN) Plus de 2.5,Dallas Turner (MIN) Plus de 2.5,2.25,0,False
16551828,MIN Vikings vs. MIA Dolphins,Dallas Turner,Joueur Total de Tackles (prolongations incluses),2010,72301,1753412428,4566965786,Dallas Turner (MIN) moins de 2.5,Dallas Turner (MIN) moins de 2.5,1.5264,0,False
16551828,MIN Vikings vs. MIA Dolphins,Theo Jackson,Joueur Total de Tackles (prolongations incluses),2010,72301,1760034487,4588247531,Theo Jackson (MIN) Plus de 1.5,Theo Jackson (MIN) Plus de 1.5,1.5715,0,False
16551828,MIN Vikings vs. MIA Dolphins,Theo Jackson,Joueur Total de Tackles (prolongations incluses),2010,72301,1760034487,4588247532,Theo Jackson (MIN) moins de 1.5,Theo Jackson (MIN) moins de 1.5,2.15,0,False
16551828,MIN Vikings vs. MIA Dolphins,Jalen Redmond,Joueur Total de Tackles (prolongations incluses),2010,72301,1753411936,4566964929,Jalen Redmond (MIN) Plus de 1.5,Jalen Redmond (MIN) Plus de 1.5,2.1,0,False
16551828,MIN Vikings vs. MIA Dolphins,Jalen Redmond,Joueur Total de Tackles (prolongations incluses),2010,72301,1753411936,4566964930,Jalen Redmond (MIN) moins de 1.5,Jalen Redmond (MIN) moins de 1.5,1.6061,0,False
16551828,MIN Vikings vs. MIA Dolphins,Harrison Smith,Joueur Total de Tackles (prolongations incluses),2010,72301,1753411484,4566964124,Harrison Smith (MIN) Plus de 1.5,Harrison Smith (MIN) Plus de 1.5,2.15,0,False
16551828,MIN Vikings vs. MIA Dolphins,Harrison Smith,Joueur Total de Tackles (prolongations incluses),2010,72301,1753411484,4566964125,Harrison Smith (MIN) moins de 1.5,Harrison Smith (MIN) moins de 1.5,1.5715,0,False
16551828,MIN Vikings vs. MIA Dolphins,Zach Sieler,Joueur Total de Tackles (prolongations incluses),2010,72301,1753411947,4566964949,Zach Sieler (MIA) Plus de 1.5,Zach Sieler (MIA) Plus de 1.5,2.3,0,False
16551828,MIN Vikings vs. MIA Dolphins,Zach Sieler,Joueur Total de Tackles (prolongations incluses),2010,72301,1753411947,4566964950,Zach Sieler (MIA) moins de 1.5,Zach Sieler (MIA) moins de 1.5,1.5,0,False
16551828,MIN Vikings vs. MIA Dolphins,Chop Robinson,Joueur Total de Tackles (prolongations incluses),2010,72301,1753412379,4566965700,Chop Robinson (MIA) Plus de 1.5,Chop Robinson (MIA) Plus de 1.5,2.6,0,False
16551828,MIN Vikings vs. MIA Dolphins,Chop Robinson,Joueur Total de Tackles (prolongations incluses),2010,72301,1753412379,4566965701,Chop Robinson (MIA) moins de 1.5,Chop Robinson (MIA) moins de 1.5,1.4,0,False
16551828,MIN Vikings vs. MIA Dolphins,Tyrion Ingram-Dawkins,Joueur Total de Tackles (prolongations incluses),2010,72301,1760035434,4588249740,Tyrion Ingram-Dawkins (MIN) Plus de 1.5,Tyrion Ingram-Dawkins (MIN) Plus de 1.5,2.6,0,False
16551828,MIN Vikings vs. MIA Dolphins,Tyrion Ingram-Dawkins,Joueur Total de Tackles (prolongations incluses),2010,72301,1760035434,4588249741,Tyrion Ingram-Dawkins (MIN) moins de 1.5,Tyrion Ingram-Dawkins (MIN) moins de 1.5,1.4,0,False
16551828,MIN Vikings vs. MIA Dolphins,Josh Uche,Joueur Total de Tackles (prolongations incluses),2010,72301,1753411775,4566964641,Josh Uche (MIA) Plus de 0.5,Josh Uche (MIA) Plus de 0.5,1.3847,0,False
16551828,MIN Vikings vs. MIA Dolphins,Josh Uche,Joueur Total de Tackles (prolongations incluses),2010,72301,1753411775,4566964642,Josh Uche (MIA) moins de 0.5,Josh Uche (MIA) moins de 0.5,2.65,0,False
16551828,MIN Vikings vs. MIA Dolphins,Levi Drake Rodriguez,Joueur Total de Tackles (prolongations incluses),2010,72301,1753880296,4568360220,Levi Drake Rodriguez (MIN) Plus de 0.5,Levi Drake Rodriguez (MIN) Plus de 0.5,1.3847,0,False
16551828,MIN Vikings vs. MIA Dolphins,Levi Drake Rodriguez,Joueur Total de Tackles (prolongations incluses),2010,72301,1753880296,4568360221,Levi Drake Rodriguez (MIN) moins de 0.5,Levi Drake Rodriguez (MIN) moins de 0.5,2.65,0,False
16551828,MIN Vikings vs. MIA Dolphins,Jordan Phillips,Joueur Total de Tackles (prolongations incluses),2010,72301,1753412574,4566966046,Jordan Phillips (MIA) Plus de 0.5,Jordan Phillips (MIA) Plus de 0.5,1.4,0,False
16551828,MIN Vikings vs. MIA Dolphins,Jordan Phillips,Joueur Total de Tackles (prolongations incluses),2010,72301,1753412574,4566966047,Jordan Phillips (MIA) moins de 0.5,Jordan Phillips (MIA) moins de 0.5,2.6,0,False
16551828,MIN Vikings vs. MIA Dolphins,Aaron Jones,Joueur tentative de gain par la course (prolongations incluses),2012,72303,1753880152,4568359932,Aaron Jones (MIN) Plus de 17.5,Aaron Jones (MIN) Plus de 17.5,1.8696,0,False
16551828,MIN Vikings vs. MIA Dolphins,Aaron Jones,Joueur tentative de gain par la course (prolongations incluses),2012,72303,1753880152,4568359933,Aaron Jones (MIN) moins de 17.5,Aaron Jones (MIN) moins de 17.5,1.7693,0,False
16551828,MIN Vikings vs. MIA Dolphins,Jaylen Wright,Joueur tentative de gain par la course (prolongations incluses),2012,72303,1757257922,4578994203,Jaylen Wright (MIA) Plus de 7.5,Jaylen Wright (MIA) Plus de 7.5,1.6667,0,False
16551828,MIN Vikings vs. MIA Dolphins,Jaylen Wright,Joueur tentative de gain par la course (prolongations incluses),2012,72303,1757257922,4578994204,Jaylen Wright (MIA) moins de 7.5,Jaylen Wright (MIA) moins de 7.5,2.0,0,False
16551828,MIN Vikings vs. MIA Dolphins,Ollie Gordon,Joueur tentative de gain par la course (prolongations incluses),2012,72303,1758561613,4583412861,Ollie Gordon (MIA) Plus de 6.5,Ollie Gordon (MIA) Plus de 6.5,1.8696,0,False
16551828,MIN Vikings vs. MIA Dolphins,Ollie Gordon,Joueur tentative de gain par la course (prolongations incluses),2012,72303,1758561613,4583412862,Ollie Gordon (MIA) moins de 6.5,Ollie Gordon (MIA) moins de 6.5,1.7693,0,False
16551828,MIN Vikings vs. MIA Dolphins,Malik Willis,Joueur tentative de gain par la course (prolongations incluses),2012,72303,1753411856,4566964792,Malik Willis (MIA) Plus de 5.5,Malik Willis (MIA) Plus de 5.5,1.6667,0,False
16551828,MIN Vikings vs. MIA Dolphins,Malik Willis,Joueur tentative de gain par la course (prolongations incluses),2012,72303,1753411856,4566964793,Malik Willis (MIA) moins de 5.5,Malik Willis (MIA) moins de 5.5,2.0,0,False
16551828,MIN Vikings vs. MIA Dolphins,Kyler Murray,Joueur tentative de gain par la course (prolongations incluses),2012,72303,1753880172,4568359972,Kyler Murray (MIN) Plus de 4.5,Kyler Murray (MIN) Plus de 4.5,1.6667,0,False
16551828,MIN Vikings vs. MIA Dolphins,Kyler Murray,Joueur tentative de gain par la course (prolongations incluses),2012,72303,1753880172,4568359973,Kyler Murray (MIN) moins de 4.5,Kyler Murray (MIN) moins de 4.5,2.0,0,False
16551828,MIN Vikings vs. MIA Dolphins,Malik Washington,Joueur tentative de gain par la course (prolongations incluses),2012,72303,1757257307,4578992792,Malik Washington (MIA) Plus de 1.5,Malik Washington (MIA) Plus de 1.5,2.25,0,False
16551828,MIN Vikings vs. MIA Dolphins,Malik Washington,Joueur tentative de gain par la course (prolongations incluses),2012,72303,1757257307,4578992793,Malik Washington (MIA) moins de 1.5,Malik Washington (MIA) moins de 1.5,1.5264,0,False
16551828,MIN Vikings vs. MIA Dolphins,Jordan Addison,Total de réceptions Plus/Moins(Incl. Prolongations),767,71926,1755571344,4573610352,Jordan Addison (MIN) moins de 4.5,Jordan Addison (MIN) moins de 4.5,1.8696,0,False
16551828,MIN Vikings vs. MIA Dolphins,Jordan Addison,Total de réceptions Plus/Moins(Incl. Prolongations),767,71926,1755571344,4573610351,Jordan Addison (MIN) Plus de 4.5,Jordan Addison (MIN) Plus de 4.5,1.7693,0,False
16551828,MIN Vikings vs. MIA Dolphins,T.J. Hockenson,Total de réceptions Plus/Moins(Incl. Prolongations),767,71926,1755571317,4573610297,T.J. Hockenson (MIN) Plus de 4.5,T.J. Hockenson (MIN) Plus de 4.5,1.8696,0,False
16551828,MIN Vikings vs. MIA Dolphins,T.J. Hockenson,Total de réceptions Plus/Moins(Incl. Prolongations),767,71926,1755571317,4573610298,T.J. Hockenson (MIN) moins de 4.5,T.J. Hockenson (MIN) moins de 4.5,1.7693,0,False
16551828,MIN Vikings vs. MIA Dolphins,Malik Washington,Total de réceptions Plus/Moins(Incl. Prolongations),767,71926,1758597198,4583514104,Malik Washington (MIA) Plus de 4.5,Malik Washington (MIA) Plus de 4.5,2.15,0,False
16551828,MIN Vikings vs. MIA Dolphins,Malik Washington,Total de réceptions Plus/Moins(Incl. Prolongations),767,71926,1758597198,4583514105,Malik Washington (MIA) moins de 4.5,Malik Washington (MIA) moins de 4.5,1.5715,0,False
16551828,MIN Vikings vs. MIA Dolphins,Aaron Jones,Total de réceptions Plus/Moins(Incl. Prolongations),767,71926,1753411556,4566964256,Aaron Jones (MIN) Plus de 3.5,Aaron Jones (MIN) Plus de 3.5,2.15,0,False
16551828,MIN Vikings vs. MIA Dolphins,Aaron Jones,Total de réceptions Plus/Moins(Incl. Prolongations),767,71926,1753411556,4566964257,Aaron Jones (MIN) moins de 3.5,Aaron Jones (MIN) moins de 3.5,1.5715,0,False
16551828,MIN Vikings vs. MIA Dolphins,Greg Dulcich,Total de réceptions Plus/Moins(Incl. Prolongations),767,71926,1753411981,4566965008,Greg Dulcich (MIA) moins de 2.5,Greg Dulcich (MIA) moins de 2.5,2.25,0,False
16551828,MIN Vikings vs. MIA Dolphins,Greg Dulcich,Total de réceptions Plus/Moins(Incl. Prolongations),767,71926,1753411981,4566965007,Greg Dulcich (MIA) Plus de 2.5,Greg Dulcich (MIA) Plus de 2.5,1.5264,0,False
16551828,MIN Vikings vs. MIA Dolphins,Jauan Jennings,Total de réceptions Plus/Moins(Incl. Prolongations),767,71926,1755534259,4573521048,Jauan Jennings (MIN) Plus de 2.5,Jauan Jennings (MIN) Plus de 2.5,1.9091,0,False
16551828,MIN Vikings vs. MIA Dolphins,Jauan Jennings,Total de réceptions Plus/Moins(Incl. Prolongations),767,71926,1755534259,4573521049,Jauan Jennings (MIN) moins de 2.5,Jauan Jennings (MIN) moins de 2.5,1.7408,0,False
16551828,MIN Vikings vs. MIA Dolphins,Chris Bell,Total de réceptions Plus/Moins(Incl. Prolongations),767,71926,1757167837,4578748739,Chris Bell (MIA) Plus de 2.5,Chris Bell (MIA) Plus de 2.5,1.9524,0,False
16551828,MIN Vikings vs. MIA Dolphins,Chris Bell,Total de réceptions Plus/Moins(Incl. Prolongations),767,71926,1757167837,4578748740,Chris Bell (MIA) moins de 2.5,Chris Bell (MIA) moins de 2.5,1.6897,0,False
16551828,MIN Vikings vs. MIA Dolphins,Kevin Coleman,Total de réceptions Plus/Moins(Incl. Prolongations),767,71926,1759547676,4586985938,Kevin Coleman (MIA) Plus de 1.5,Kevin Coleman (MIA) Plus de 1.5,1.8,0,False
16551828,MIN Vikings vs. MIA Dolphins,Kevin Coleman,Total de réceptions Plus/Moins(Incl. Prolongations),767,71926,1759547676,4586985939,Kevin Coleman (MIA) moins de 1.5,Kevin Coleman (MIA) moins de 1.5,1.8,0,False
16551828,MIN Vikings vs. MIA Dolphins,Tai Felton,Total de réceptions Plus/Moins(Incl. Prolongations),767,71926,1759745043,4587495620,Tai Felton (MIN) Plus de 1.5,Tai Felton (MIN) Plus de 1.5,1.8696,0,False
16551828,MIN Vikings vs. MIA Dolphins,Tai Felton,Total de réceptions Plus/Moins(Incl. Prolongations),767,71926,1759745043,4587495621,Tai Felton (MIN) moins de 1.5,Tai Felton (MIN) moins de 1.5,1.7693,0,False
16551828,MIN Vikings vs. MIA Dolphins,Ollie Gordon,Total de réceptions Plus/Moins(Incl. Prolongations),767,71926,1754227960,4569545235,Ollie Gordon (MIA) Plus de 1.5,Ollie Gordon (MIA) Plus de 1.5,2.25,0,False
16551828,MIN Vikings vs. MIA Dolphins,Ollie Gordon,Total de réceptions Plus/Moins(Incl. Prolongations),767,71926,1754227960,4569545236,Ollie Gordon (MIA) moins de 1.5,Ollie Gordon (MIA) moins de 1.5,1.5264,0,False
16551828,MIN Vikings vs. MIA Dolphins,Jaylen Wright,Total de réceptions Plus/Moins(Incl. Prolongations),767,71926,1753412174,4566965341,Jaylen Wright (MIA) Plus de 0.5,Jaylen Wright (MIA) Plus de 0.5,1.3847,0,False
16551828,MIN Vikings vs. MIA Dolphins,Jaylen Wright,Total de réceptions Plus/Moins(Incl. Prolongations),767,71926,1753412174,4566965342,Jaylen Wright (MIA) moins de 0.5,Jaylen Wright (MIA) moins de 0.5,2.65,0,False
16551828,MIN Vikings vs. MIA Dolphins,Ryan Miller,Total de réceptions Plus/Moins(Incl. Prolongations),767,71926,1753411954,4566964962,Ryan Miller (MIA) Plus de 0.5,Ryan Miller (MIA) Plus de 0.5,1.5715,0,False
16551828,MIN Vikings vs. MIA Dolphins,Ryan Miller,Total de réceptions Plus/Moins(Incl. Prolongations),767,71926,1753411954,4566964963,Ryan Miller (MIA) moins de 0.5,Ryan Miller (MIA) moins de 0.5,2.15,0,False
16551828,MIN Vikings vs. MIA Dolphins,Malik Willis,Passes du joueur interceptées Plus/Moins (Incl. Prolongations),2253,73703,1758069429,4582112412,Malik Willis (MIA) Plus de 0.5,Malik Willis (MIA) Plus de 0.5,1.5715,0,False
16551828,MIN Vikings vs. MIA Dolphins,Malik Willis,Passes du joueur interceptées Plus/Moins (Incl. Prolongations),2253,73703,1758069429,4582112413,Malik Willis (MIA) moins de 0.5,Malik Willis (MIA) moins de 0.5,2.15,0,False
16551828,MIN Vikings vs. MIA Dolphins,Kyler Murray,Passes du joueur interceptées Plus/Moins (Incl. Prolongations),2253,73703,1758069680,4582113093,Kyler Murray (MIN) Plus de 0.5,Kyler Murray (MIN) Plus de 0.5,2.0,0,False
16551828,MIN Vikings vs. MIA Dolphins,Kyler Murray,Passes du joueur interceptées Plus/Moins (Incl. Prolongations),2253,73703,1758069680,4582113094,Kyler Murray (MIN) moins de 0.5,Kyler Murray (MIN) moins de 0.5,1.6667,0,False
16551828,MIN Vikings vs. MIA Dolphins,Kyler Murray,"Passes complétées, Joueur (prolongations incluses) ",760,71921,1753880164,4568359956,Kyler Murray (MIN) Plus de 19.5,Kyler Murray (MIN) Plus de 19.5,1.8696,0,False
16551828,MIN Vikings vs. MIA Dolphins,Kyler Murray,"Passes complétées, Joueur (prolongations incluses) ",760,71921,1753880164,4568359957,Kyler Murray (MIN) moins de 19.5,Kyler Murray (MIN) moins de 19.5,1.7693,0,False
16551828,MIN Vikings vs. MIA Dolphins,Malik Willis,"Passes complétées, Joueur (prolongations incluses) ",760,71921,1755761040,4574102480,Malik Willis (MIA) Plus de 15.5,Malik Willis (MIA) Plus de 15.5,1.7408,0,False
16551828,MIN Vikings vs. MIA Dolphins,Malik Willis,"Passes complétées, Joueur (prolongations incluses) ",760,71921,1755761040,4574102481,Malik Willis (MIA) moins de 15.5,Malik Willis (MIA) moins de 15.5,1.9091,0,False
16551828,MIN Vikings vs. MIA Dolphins,Malik Willis,Tentatives de passes du joueur Plus/Moins (Incl. Prolongations),2252,73702,1757158737,4578724507,Malik Willis (MIA) Plus de 28.5,Malik Willis (MIA) Plus de 28.5,1.8696,0,False
16551828,MIN Vikings vs. MIA Dolphins,Malik Willis,Tentatives de passes du joueur Plus/Moins (Incl. Prolongations),2252,73702,1757158737,4578724508,Malik Willis (MIA) moins de 28.5,Malik Willis (MIA) moins de 28.5,1.7693,0,False
16551828,MIN Vikings vs. MIA Dolphins,Kyler Murray,Tentatives de passes du joueur Plus/Moins (Incl. Prolongations),2252,73702,1755514669,4573475110,Kyler Murray (MIN) Plus de 28.5,Kyler Murray (MIN) Plus de 28.5,1.9091,0,False
16551828,MIN Vikings vs. MIA Dolphins,Kyler Murray,Tentatives de passes du joueur Plus/Moins (Incl. Prolongations),2252,73702,1755514669,4573475111,Kyler Murray (MIN) moins de 28.5,Kyler Murray (MIN) moins de 28.5,1.7408,0,False
16551828,MIN Vikings vs. MIA Dolphins,Jordan Addison,Joueuer Plus longue réception (prolongations incluses) ,2009,72300,1755572134,4573612230,Jordan Addison (MIN) Plus de 25.5,Jordan Addison (MIN) Plus de 25.5,1.8334,0,False
16551828,MIN Vikings vs. MIA Dolphins,Jordan Addison,Joueuer Plus longue réception (prolongations incluses) ,2009,72300,1755572134,4573612231,Jordan Addison (MIN) moins de 25.5,Jordan Addison (MIN) moins de 25.5,1.8,0,False
16551828,MIN Vikings vs. MIA Dolphins,Chris Bell,Joueuer Plus longue réception (prolongations incluses) ,2009,72300,1757167838,4578748741,Chris Bell (MIA) Plus de 16.5,Chris Bell (MIA) Plus de 16.5,1.7693,0,False
16551828,MIN Vikings vs. MIA Dolphins,Chris Bell,Joueuer Plus longue réception (prolongations incluses) ,2009,72300,1757167838,4578748742,Chris Bell (MIA) moins de 16.5,Chris Bell (MIA) moins de 16.5,1.8696,0,False
16551828,MIN Vikings vs. MIA Dolphins,Malik Washington,Joueuer Plus longue réception (prolongations incluses) ,2009,72300,1757168611,4578750600,Malik Washington (MIA) Plus de 16.5,Malik Washington (MIA) Plus de 16.5,1.8334,0,False
16551828,MIN Vikings vs. MIA Dolphins,Malik Washington,Joueuer Plus longue réception (prolongations incluses) ,2009,72300,1757168611,4578750601,Malik Washington (MIA) moins de 16.5,Malik Washington (MIA) moins de 16.5,1.8,0,False
16551828,MIN Vikings vs. MIA Dolphins,Greg Dulcich,Joueuer Plus longue réception (prolongations incluses) ,2009,72300,1755779561,4574146412,Greg Dulcich (MIA) Plus de 14.5,Greg Dulcich (MIA) Plus de 14.5,1.7693,0,False
16551828,MIN Vikings vs. MIA Dolphins,Greg Dulcich,Joueuer Plus longue réception (prolongations incluses) ,2009,72300,1755779561,4574146413,Greg Dulcich (MIA) moins de 14.5,Greg Dulcich (MIA) moins de 14.5,1.8696,0,False
16551828,MIN Vikings vs. MIA Dolphins,Jauan Jennings,Joueuer Plus longue réception (prolongations incluses) ,2009,72300,1755536481,4573526225,Jauan Jennings (MIN) Plus de 14.5,Jauan Jennings (MIN) Plus de 14.5,1.7693,0,False
16551828,MIN Vikings vs. MIA Dolphins,Jauan Jennings,Joueuer Plus longue réception (prolongations incluses) ,2009,72300,1755536481,4573526226,Jauan Jennings (MIN) moins de 14.5,Jauan Jennings (MIN) moins de 14.5,1.8696,0,False
16551828,MIN Vikings vs. MIA Dolphins,T.J. Hockenson,Joueuer Plus longue réception (prolongations incluses) ,2009,72300,1753880181,4568359990,T.J. Hockenson (MIN) Plus de 14.5,T.J. Hockenson (MIN) Plus de 14.5,1.7693,0,False
16551828,MIN Vikings vs. MIA Dolphins,T.J. Hockenson,Joueuer Plus longue réception (prolongations incluses) ,2009,72300,1753880181,4568359991,T.J. Hockenson (MIN) moins de 14.5,T.J. Hockenson (MIN) moins de 14.5,1.8696,0,False
16551828,MIN Vikings vs. MIA Dolphins,Tai Felton,Joueuer Plus longue réception (prolongations incluses) ,2009,72300,1759747746,4587502184,Tai Felton (MIN) moins de 11.5,Tai Felton (MIN) moins de 11.5,1.8696,0,False
16551828,MIN Vikings vs. MIA Dolphins,Tai Felton,Joueuer Plus longue réception (prolongations incluses) ,2009,72300,1759747746,4587502183,Tai Felton (MIN) Plus de 11.5,Tai Felton (MIN) Plus de 11.5,1.7693,0,False
16551828,MIN Vikings vs. MIA Dolphins,Aaron Jones,Joueuer Plus longue réception (prolongations incluses) ,2009,72300,1753983399,4568885635,Aaron Jones (MIN) Plus de 10.5,Aaron Jones (MIN) Plus de 10.5,1.7693,0,False
16551828,MIN Vikings vs. MIA Dolphins,Aaron Jones,Joueuer Plus longue réception (prolongations incluses) ,2009,72300,1753983399,4568885636,Aaron Jones (MIN) moins de 10.5,Aaron Jones (MIN) moins de 10.5,1.8696,0,False
16551828,MIN Vikings vs. MIA Dolphins,Kevin Coleman,Joueuer Plus longue réception (prolongations incluses) ,2009,72300,1759754900,4587519108,Kevin Coleman (MIA) Plus de 10.5,Kevin Coleman (MIA) Plus de 10.5,1.8696,0,False
16551828,MIN Vikings vs. MIA Dolphins,Kevin Coleman,Joueuer Plus longue réception (prolongations incluses) ,2009,72300,1759754900,4587519109,Kevin Coleman (MIA) moins de 10.5,Kevin Coleman (MIA) moins de 10.5,1.7693,0,False
16551828,MIN Vikings vs. MIA Dolphins,Ollie Gordon,Joueuer Plus longue réception (prolongations incluses) ,2009,72300,1758561612,4583412859,Ollie Gordon (MIA) Plus de 5.5,Ollie Gordon (MIA) Plus de 5.5,1.8,0,False
16551828,MIN Vikings vs. MIA Dolphins,Ollie Gordon,Joueuer Plus longue réception (prolongations incluses) ,2009,72300,1758561612,4583412860,Ollie Gordon (MIA) moins de 5.5,Ollie Gordon (MIA) moins de 5.5,1.8334,0,False
16551828,MIN Vikings vs. MIA Dolphins,Jaylen Wright,Joueuer Plus longue réception (prolongations incluses) ,2009,72300,1755764381,4574110155,Jaylen Wright (MIA) Plus de 4.5,Jaylen Wright (MIA) Plus de 4.5,1.8696,0,False
16551828,MIN Vikings vs. MIA Dolphins,Jaylen Wright,Joueuer Plus longue réception (prolongations incluses) ,2009,72300,1755764381,4574110156,Jaylen Wright (MIA) moins de 4.5,Jaylen Wright (MIA) moins de 4.5,1.7693,0,False
16551828,MIN Vikings vs. MIA Dolphins,Kyler Murray,Joueur Plus longue passe complétée (prolongations incluses) ,2001,72292,1754293278,4569702722,Kyler Murray (MIN) Plus de 35.5,Kyler Murray (MIN) Plus de 35.5,1.8696,0,False
16551828,MIN Vikings vs. MIA Dolphins,Kyler Murray,Joueur Plus longue passe complétée (prolongations incluses) ,2001,72292,1754293278,4569702723,Kyler Murray (MIN) moins de 35.5,Kyler Murray (MIN) moins de 35.5,1.7693,0,False
16551828,MIN Vikings vs. MIA Dolphins,Malik Willis,Joueur Plus longue passe complétée (prolongations incluses) ,2001,72292,1755859998,4574351908,Malik Willis (MIA) Plus de 32.5,Malik Willis (MIA) Plus de 32.5,1.8334,0,False
16551828,MIN Vikings vs. MIA Dolphins,Malik Willis,Joueur Plus longue passe complétée (prolongations incluses) ,2001,72292,1755859998,4574351909,Malik Willis (MIA) moins de 32.5,Malik Willis (MIA) moins de 32.5,1.8,0,False
16551828,MIN Vikings vs. MIA Dolphins,Will Reichard,Points de tir du joueur Plus/Moins (prolongations incluses) ,2003,72294,1755570359,4573607936,Will Reichard (MIN) moins de 7.5,Will Reichard (MIN) moins de 7.5,1.8,0,False
16551828,MIN Vikings vs. MIA Dolphins,Will Reichard,Points de tir du joueur Plus/Moins (prolongations incluses) ,2003,72294,1755570359,4573607935,Will Reichard (MIN) Plus de 7.5,Will Reichard (MIN) Plus de 7.5,1.8334,0,False
16551828,MIN Vikings vs. MIA Dolphins,Riley Patterson,Points de tir du joueur Plus/Moins (prolongations incluses) ,2003,72294,1755759819,4574099324,Riley Patterson (MIA) Plus de 4.5,Riley Patterson (MIA) Plus de 4.5,1.8696,0,False
16551828,MIN Vikings vs. MIA Dolphins,Riley Patterson,Points de tir du joueur Plus/Moins (prolongations incluses) ,2003,72294,1755759819,4574099325,Riley Patterson (MIA) moins de 4.5,Riley Patterson (MIA) moins de 4.5,1.7693,0,False
16551828,MIN Vikings vs. MIA Dolphins,Will Reichard,Field goals du joueur (prolongations incluses) ,769,71927,1753412006,4566965048,Will Reichard (MIN) Plus de 1.5,Will Reichard (MIN) Plus de 1.5,1.6897,0,False
16551828,MIN Vikings vs. MIA Dolphins,Will Reichard,Field goals du joueur (prolongations incluses) ,769,71927,1753412006,4566965049,Will Reichard (MIN) moins de 1.5,Will Reichard (MIN) moins de 1.5,1.9524,0,False
16551828,MIN Vikings vs. MIA Dolphins,Riley Patterson,Field goals du joueur (prolongations incluses) ,769,71927,1753411890,4566964849,Riley Patterson (MIA) Plus de 1.5,Riley Patterson (MIA) Plus de 1.5,2.5,0,False
16551828,MIN Vikings vs. MIA Dolphins,Riley Patterson,Field goals du joueur (prolongations incluses) ,769,71927,1753411890,4566964850,Riley Patterson (MIA) moins de 1.5,Riley Patterson (MIA) moins de 1.5,1.4348,0,False
16551828,MIN Vikings vs. MIA Dolphins,Byron Murphy,Interceptions défensives Plus/Moins (prolongations incluses),3304,73828,1753411755,4566964605,Byron Murphy (MIN) Plus de 0.5,Byron Murphy (MIN) Plus de 0.5,5.0,0,False
16551828,MIN Vikings vs. MIA Dolphins,Byron Murphy,Interceptions défensives Plus/Moins (prolongations incluses),3304,73828,1753411755,4566964606,Byron Murphy (MIN) moins de 0.5,Byron Murphy (MIN) moins de 0.5,1.1112,0,False
16551828,MIN Vikings vs. MIA Dolphins,Isaiah Rodgers,Interceptions défensives Plus/Moins (prolongations incluses),3304,73828,1753411784,4566964658,Isaiah Rodgers (MIN) Plus de 0.5,Isaiah Rodgers (MIN) Plus de 0.5,5.0,0,False
16551828,MIN Vikings vs. MIA Dolphins,Isaiah Rodgers,Interceptions défensives Plus/Moins (prolongations incluses),3304,73828,1753411784,4566964659,Isaiah Rodgers (MIN) moins de 0.5,Isaiah Rodgers (MIN) moins de 0.5,1.1112,0,False
16551828,MIN Vikings vs. MIA Dolphins,Josh Metellus,Interceptions défensives Plus/Moins (prolongations incluses),3304,73828,1753411773,4566964638,Josh Metellus (MIN) Plus de 0.5,Josh Metellus (MIN) Plus de 0.5,5.0,0,False
16551828,MIN Vikings vs. MIA Dolphins,Josh Metellus,Interceptions défensives Plus/Moins (prolongations incluses),3304,73828,1753411773,4566964639,Josh Metellus (MIN) moins de 0.5,Josh Metellus (MIN) moins de 0.5,1.1112,0,False
16551828,MIN Vikings vs. MIA Dolphins,Michael Taaffe,Interceptions défensives Plus/Moins (prolongations incluses),3304,73828,1753412479,4566965877,Michael Taaffe (MIA) Plus de 0.5,Michael Taaffe (MIA) Plus de 0.5,6.0,0,False
16551828,MIN Vikings vs. MIA Dolphins,Michael Taaffe,Interceptions défensives Plus/Moins (prolongations incluses),3304,73828,1753412479,4566965878,Michael Taaffe (MIA) moins de 0.5,Michael Taaffe (MIA) moins de 0.5,1.0715,0,False
16551828,MIN Vikings vs. MIA Dolphins,Theo Jackson,Interceptions défensives Plus/Moins (prolongations incluses),3304,73828,1753411888,4566964846,Theo Jackson (MIN) Plus de 0.5,Theo Jackson (MIN) Plus de 0.5,6.0,0,False
16551828,MIN Vikings vs. MIA Dolphins,Theo Jackson,Interceptions défensives Plus/Moins (prolongations incluses),3304,73828,1753411888,4566964847,Theo Jackson (MIN) moins de 0.5,Theo Jackson (MIN) moins de 0.5,1.0715,0,False
16551828,MIN Vikings vs. MIA Dolphins,Dante Trader,Interceptions défensives Plus/Moins (prolongations incluses),3304,73828,1753412388,4566965717,Dante Trader (MIA) Plus de 0.5,Dante Trader (MIA) Plus de 0.5,6.75,0,False
16551828,MIN Vikings vs. MIA Dolphins,Dante Trader,Interceptions défensives Plus/Moins (prolongations incluses),3304,73828,1753412388,4566965718,Dante Trader (MIA) moins de 0.5,Dante Trader (MIA) moins de 0.5,1.05,0,False
16551828,MIN Vikings vs. MIA Dolphins,Jason Marshall,Interceptions défensives Plus/Moins (prolongations incluses),3304,73828,1753412165,4566965325,Jason Marshall (MIA) Plus de 0.5,Jason Marshall (MIA) Plus de 0.5,7.25,0,False
16551828,MIN Vikings vs. MIA Dolphins,Jason Marshall,Interceptions défensives Plus/Moins (prolongations incluses),3304,73828,1753412165,4566965326,Jason Marshall (MIA) moins de 0.5,Jason Marshall (MIA) moins de 0.5,1.04,0,False
16551828,MIN Vikings vs. MIA Dolphins,Andrew Van Ginkel,Interceptions défensives Plus/Moins (prolongations incluses),3304,73828,1755472603,4573370722,Andrew Van Ginkel (MIN) Plus de 0.5,Andrew Van Ginkel (MIN) Plus de 0.5,7.5,0,False
16551828,MIN Vikings vs. MIA Dolphins,Andrew Van Ginkel,Interceptions défensives Plus/Moins (prolongations incluses),3304,73828,1755472603,4573370723,Andrew Van Ginkel (MIN) moins de 0.5,Andrew Van Ginkel (MIN) moins de 0.5,1.0334,0,False
16551828,MIN Vikings vs. MIA Dolphins,Blake Cashman,Interceptions défensives Plus/Moins (prolongations incluses),3304,73828,1753411631,4566964387,Blake Cashman (MIN) Plus de 0.5,Blake Cashman (MIN) Plus de 0.5,7.5,0,False
16551828,MIN Vikings vs. MIA Dolphins,Blake Cashman,Interceptions défensives Plus/Moins (prolongations incluses),3304,73828,1753411631,4566964388,Blake Cashman (MIN) moins de 0.5,Blake Cashman (MIN) moins de 0.5,1.0334,0,False
16551828,MIN Vikings vs. MIA Dolphins,Harrison Smith,Interceptions défensives Plus/Moins (prolongations incluses),3304,73828,1753411488,4566964132,Harrison Smith (MIN) Plus de 0.5,Harrison Smith (MIN) Plus de 0.5,7.5,0,False
16551828,MIN Vikings vs. MIA Dolphins,Harrison Smith,Interceptions défensives Plus/Moins (prolongations incluses),3304,73828,1753411488,4566964133,Harrison Smith (MIN) moins de 0.5,Harrison Smith (MIN) moins de 0.5,1.0334,0,False
16551828,MIN Vikings vs. MIA Dolphins,Chris Johnson,Interceptions défensives Plus/Moins (prolongations incluses),3304,73828,1753412705,4566966272,Chris Johnson (MIA) moins de 0.5,Chris Johnson (MIA) moins de 0.5,1.0334,0,False
16551828,MIN Vikings vs. MIA Dolphins,Chris Johnson,Interceptions défensives Plus/Moins (prolongations incluses),3304,73828,1753412705,4566966271,Chris Johnson (MIA) Plus de 0.5,Chris Johnson (MIA) Plus de 0.5,7.75,0,False
16551828,MIN Vikings vs. MIA Dolphins,Eric Wilson,Interceptions défensives Plus/Moins (prolongations incluses),3304,73828,1753411552,4566964249,Eric Wilson (MIN) Plus de 0.5,Eric Wilson (MIN) Plus de 0.5,9.0,0,False
16551828,MIN Vikings vs. MIA Dolphins,Eric Wilson,Interceptions défensives Plus/Moins (prolongations incluses),3304,73828,1753411552,4566964250,Eric Wilson (MIN) moins de 0.5,Eric Wilson (MIN) moins de 0.5,1.01,0,False
16551828,MIN Vikings vs. MIA Dolphins,Jacob Rodriguez,Interceptions défensives Plus/Moins (prolongations incluses),3304,73828,1753412222,4566965427,Jacob Rodriguez (MIA) Plus de 0.5,Jacob Rodriguez (MIA) Plus de 0.5,9.0,0,False
16551828,MIN Vikings vs. MIA Dolphins,Jacob Rodriguez,Interceptions défensives Plus/Moins (prolongations incluses),3304,73828,1753412222,4566965428,Jacob Rodriguez (MIA) moins de 0.5,Jacob Rodriguez (MIA) moins de 0.5,0.0,7,False
16551828,MIN Vikings vs. MIA Dolphins,Jordyn Brooks,Interceptions défensives Plus/Moins (prolongations incluses),3304,73828,1753411761,4566964616,Jordyn Brooks (MIA) Plus de 0.5,Jordyn Brooks (MIA) Plus de 0.5,9.0,0,False
16551828,MIN Vikings vs. MIA Dolphins,Jordyn Brooks,Interceptions défensives Plus/Moins (prolongations incluses),3304,73828,1753411761,4566964617,Jordyn Brooks (MIA) moins de 0.5,Jordyn Brooks (MIA) moins de 0.5,1.01,0,False
16551828,MIN Vikings vs. MIA Dolphins,Aaron Jones,1ère mi-temps - Total de yards à la course du joueur Plus/Moins,31470,77064,1753880153,4568359934,Aaron Jones (MIN) Plus de 30.5,Aaron Jones (MIN) Plus de 30.5,1.8,0,False
16551828,MIN Vikings vs. MIA Dolphins,Aaron Jones,1ère mi-temps - Total de yards à la course du joueur Plus/Moins,31470,77064,1753880153,4568359935,Aaron Jones (MIN) moins de 30.5,Aaron Jones (MIN) moins de 30.5,1.8,0,False
16551828,MIN Vikings vs. MIA Dolphins,Jaylen Wright,1ère mi-temps - Total de yards à la course du joueur Plus/Moins,31470,77064,1757159026,4578725428,Jaylen Wright (MIA) Plus de 13.5,Jaylen Wright (MIA) Plus de 13.5,1.8334,0,False
16551828,MIN Vikings vs. MIA Dolphins,Jaylen Wright,1ère mi-temps - Total de yards à la course du joueur Plus/Moins,31470,77064,1757159026,4578725429,Jaylen Wright (MIA) moins de 13.5,Jaylen Wright (MIA) moins de 13.5,1.7693,0,False
16551828,MIN Vikings vs. MIA Dolphins,Malik Willis,1ère mi-temps - Total de yards à la course du joueur Plus/Moins,31470,77064,1757158592,4578724218,Malik Willis (MIA) Plus de 11.5,Malik Willis (MIA) Plus de 11.5,1.8334,0,False
16551828,MIN Vikings vs. MIA Dolphins,Malik Willis,1ère mi-temps - Total de yards à la course du joueur Plus/Moins,31470,77064,1757158592,4578724219,Malik Willis (MIA) moins de 11.5,Malik Willis (MIA) moins de 11.5,1.7693,0,False
16551828,MIN Vikings vs. MIA Dolphins,Kyler Murray,1ère mi-temps - Total de yards à la course du joueur Plus/Moins,31470,77064,1753411664,4566964452,Kyler Murray (MIN) Plus de 10.5,Kyler Murray (MIN) Plus de 10.5,1.8334,0,False
16551828,MIN Vikings vs. MIA Dolphins,Kyler Murray,1ère mi-temps - Total de yards à la course du joueur Plus/Moins,31470,77064,1753411664,4566964453,Kyler Murray (MIN) moins de 10.5,Kyler Murray (MIN) moins de 10.5,1.7693,0,False
16551828,MIN Vikings vs. MIA Dolphins,Ollie Gordon,1ère mi-temps - Total de yards à la course du joueur Plus/Moins,31470,77064,1757164882,4578739726,Ollie Gordon (MIA) Plus de 10.5,Ollie Gordon (MIA) Plus de 10.5,1.8334,0,False
16551828,MIN Vikings vs. MIA Dolphins,Ollie Gordon,1ère mi-temps - Total de yards à la course du joueur Plus/Moins,31470,77064,1757164882,4578739727,Ollie Gordon (MIA) moins de 10.5,Ollie Gordon (MIA) moins de 10.5,1.7693,0,False
16551828,MIN Vikings vs. MIA Dolphins,Aaron Jones,1ère mi-temps - Touchdowns de course du joueur Plus / Moins,31473,77067,1753411574,4566964292,Aaron Jones (MIN) Plus de 0.5,Aaron Jones (MIN) Plus de 0.5,2.9,0,False
16551828,MIN Vikings vs. MIA Dolphins,Aaron Jones,1ère mi-temps - Touchdowns de course du joueur Plus / Moins,31473,77067,1753411574,4566964293,Aaron Jones (MIN) moins de 0.5,Aaron Jones (MIN) moins de 0.5,1.3077,0,False
16551828,MIN Vikings vs. MIA Dolphins,Kyler Murray,1ère mi-temps - Touchdowns de course du joueur Plus / Moins,31473,77067,1753411667,4566964458,Kyler Murray (MIN) Plus de 0.5,Kyler Murray (MIN) Plus de 0.5,5.75,0,False
16551828,MIN Vikings vs. MIA Dolphins,Kyler Murray,1ère mi-temps - Touchdowns de course du joueur Plus / Moins,31473,77067,1753411667,4566964459,Kyler Murray (MIN) moins de 0.5,Kyler Murray (MIN) moins de 0.5,1.0715,0,False
16551828,MIN Vikings vs. MIA Dolphins,Jaylen Wright,1ère mi-temps - Touchdowns de course du joueur Plus / Moins,31473,77067,1753412192,4566965377,Jaylen Wright (MIA) Plus de 0.5,Jaylen Wright (MIA) Plus de 0.5,6.0,0,False
16551828,MIN Vikings vs. MIA Dolphins,Jaylen Wright,1ère mi-temps - Touchdowns de course du joueur Plus / Moins,31473,77067,1753412192,4566965378,Jaylen Wright (MIA) moins de 0.5,Jaylen Wright (MIA) moins de 0.5,1.0625,0,False
16551828,MIN Vikings vs. MIA Dolphins,Ollie Gordon,1ère mi-temps - Touchdowns de course du joueur Plus / Moins,31473,77067,1753412548,4566966004,Ollie Gordon (MIA) Plus de 0.5,Ollie Gordon (MIA) Plus de 0.5,6.0,0,False
16551828,MIN Vikings vs. MIA Dolphins,Ollie Gordon,1ère mi-temps - Touchdowns de course du joueur Plus / Moins,31473,77067,1753412548,4566966005,Ollie Gordon (MIA) moins de 0.5,Ollie Gordon (MIA) moins de 0.5,1.0589,0,False
16551828,MIN Vikings vs. MIA Dolphins,Malik Willis,1ère mi-temps - Touchdowns de course du joueur Plus / Moins,31473,77067,1753411861,4566964802,Malik Willis (MIA) Plus de 0.5,Malik Willis (MIA) Plus de 0.5,6.25,0,False
16551828,MIN Vikings vs. MIA Dolphins,Malik Willis,1ère mi-temps - Touchdowns de course du joueur Plus / Moins,31473,77067,1753411861,4566964803,Malik Willis (MIA) moins de 0.5,Malik Willis (MIA) moins de 0.5,1.05,0,False
16551828,MIN Vikings vs. MIA Dolphins,DeeJay Dallas,1ère mi-temps - Touchdowns de course du joueur Plus / Moins,31473,77067,1753411806,4566964701,DeeJay Dallas (MIN) Plus de 0.5,DeeJay Dallas (MIN) Plus de 0.5,8.0,0,False
16551828,MIN Vikings vs. MIA Dolphins,DeeJay Dallas,1ère mi-temps - Touchdowns de course du joueur Plus / Moins,31473,77067,1753411806,4566964702,DeeJay Dallas (MIN) moins de 0.5,DeeJay Dallas (MIN) moins de 0.5,0.0,7,False
16551828,MIN Vikings vs. MIA Dolphins,Demond Claiborne,1ère mi-temps - Touchdowns de course du joueur Plus / Moins,31473,77067,1753412626,4566966140,Demond Claiborne (MIN) Plus de 0.5,Demond Claiborne (MIN) Plus de 0.5,8.5,0,False
16551828,MIN Vikings vs. MIA Dolphins,Demond Claiborne,1ère mi-temps - Touchdowns de course du joueur Plus / Moins,31473,77067,1753412626,4566966141,Demond Claiborne (MIN) moins de 0.5,Demond Claiborne (MIN) moins de 0.5,0.0,7,False
16551828,MIN Vikings vs. MIA Dolphins,Max Bredeson,1ère mi-temps - Touchdowns de course du joueur Plus / Moins,31473,77067,1753412454,4566965836,Max Bredeson (MIN) Plus de 0.5,Max Bredeson (MIN) Plus de 0.5,8.5,0,False
16551828,MIN Vikings vs. MIA Dolphins,Max Bredeson,1ère mi-temps - Touchdowns de course du joueur Plus / Moins,31473,77067,1753412454,4566965837,Max Bredeson (MIN) moins de 0.5,Max Bredeson (MIN) moins de 0.5,0.0,7,False
16551828,MIN Vikings vs. MIA Dolphins,Aaron Jones,1ère mi-temps - Tentatives de rushing du joueur Plus/Moins,31482,77076,1753411577,4566964298,Aaron Jones (MIN) Plus de 8.5,Aaron Jones (MIN) Plus de 8.5,1.9524,0,False
16551828,MIN Vikings vs. MIA Dolphins,Aaron Jones,1ère mi-temps - Tentatives de rushing du joueur Plus/Moins,31482,77076,1753411577,4566964299,Aaron Jones (MIN) moins de 8.5,Aaron Jones (MIN) moins de 8.5,1.6667,0,False
16551828,MIN Vikings vs. MIA Dolphins,Jaylen Wright,1ère mi-temps - Tentatives de rushing du joueur Plus/Moins,31482,77076,1755556361,4573573161,Jaylen Wright (MIA) Plus de 4.5,Jaylen Wright (MIA) Plus de 4.5,1.9524,0,False
16551828,MIN Vikings vs. MIA Dolphins,Jaylen Wright,1ère mi-temps - Tentatives de rushing du joueur Plus/Moins,31482,77076,1755556361,4573573162,Jaylen Wright (MIA) moins de 4.5,Jaylen Wright (MIA) moins de 4.5,1.6667,0,False
16551828,MIN Vikings vs. MIA Dolphins,Ollie Gordon,1ère mi-temps - Tentatives de rushing du joueur Plus/Moins,31482,77076,1757158150,4578723052,Ollie Gordon (MIA) Plus de 3.5,Ollie Gordon (MIA) Plus de 3.5,2.0,0,False
16551828,MIN Vikings vs. MIA Dolphins,Ollie Gordon,1ère mi-temps - Tentatives de rushing du joueur Plus/Moins,31482,77076,1757158150,4578723053,Ollie Gordon (MIA) moins de 3.5,Ollie Gordon (MIA) moins de 3.5,1.6471,0,False
16551828,MIN Vikings vs. MIA Dolphins,Malik Willis,1ère mi-temps - Tentatives de rushing du joueur Plus/Moins,31482,77076,1753411864,4566964808,Malik Willis (MIA) Plus de 2.5,Malik Willis (MIA) Plus de 2.5,1.7693,0,False
16551828,MIN Vikings vs. MIA Dolphins,Malik Willis,1ère mi-temps - Tentatives de rushing du joueur Plus/Moins,31482,77076,1753411864,4566964809,Malik Willis (MIA) moins de 2.5,Malik Willis (MIA) moins de 2.5,1.8334,0,False
16551828,MIN Vikings vs. MIA Dolphins,Kyler Murray,1ère mi-temps - Tentatives de rushing du joueur Plus/Moins,31482,77076,1753411670,4566964464,Kyler Murray (MIN) Plus de 2.5,Kyler Murray (MIN) Plus de 2.5,2.25,0,False
16551828,MIN Vikings vs. MIA Dolphins,Kyler Murray,1ère mi-temps - Tentatives de rushing du joueur Plus/Moins,31482,77076,1753411670,4566964465,Kyler Murray (MIN) moins de 2.5,Kyler Murray (MIN) moins de 2.5,1.5,0,False
16551828,MIN Vikings vs. MIA Dolphins,Aaron Jones,1ère mi-temps - Yards rushing et receiving du joueur - Plus/Moins,31488,77082,1755571310,4573610283,Aaron Jones (MIN) Plus de 43.5,Aaron Jones (MIN) Plus de 43.5,1.8334,0,False
16551828,MIN Vikings vs. MIA Dolphins,Aaron Jones,1ère mi-temps - Yards rushing et receiving du joueur - Plus/Moins,31488,77082,1755571310,4573610284,Aaron Jones (MIN) moins de 43.5,Aaron Jones (MIN) moins de 43.5,1.7693,0,False
16551828,MIN Vikings vs. MIA Dolphins,Jaylen Wright,1ère mi-temps - Yards rushing et receiving du joueur - Plus/Moins,31488,77082,1755772285,4574128989,Jaylen Wright (MIA) Plus de 17.5,Jaylen Wright (MIA) Plus de 17.5,1.8334,0,False
16551828,MIN Vikings vs. MIA Dolphins,Jaylen Wright,1ère mi-temps - Yards rushing et receiving du joueur - Plus/Moins,31488,77082,1755772285,4574128990,Jaylen Wright (MIA) moins de 17.5,Jaylen Wright (MIA) moins de 17.5,1.7693,0,False
16551828,MIN Vikings vs. MIA Dolphins,Ollie Gordon,1ère mi-temps - Yards rushing et receiving du joueur - Plus/Moins,31488,77082,1757165517,4578741257,Ollie Gordon (MIA) Plus de 14.5,Ollie Gordon (MIA) Plus de 14.5,1.8334,0,False
16551828,MIN Vikings vs. MIA Dolphins,Ollie Gordon,1ère mi-temps - Yards rushing et receiving du joueur - Plus/Moins,31488,77082,1757165517,4578741258,Ollie Gordon (MIA) moins de 14.5,Ollie Gordon (MIA) moins de 14.5,1.7693,0,False
16551828,MIN Vikings vs. MIA Dolphins,Jordan Addison,1ère mi-temps - Total de réceptions Plus/Moins,31485,77079,1755571349,4573610361,Jordan Addison (MIN) Plus de 2.5,Jordan Addison (MIN) Plus de 2.5,1.8334,0,False
16551828,MIN Vikings vs. MIA Dolphins,Jordan Addison,1ère mi-temps - Total de réceptions Plus/Moins,31485,77079,1755571349,4573610362,Jordan Addison (MIN) moins de 2.5,Jordan Addison (MIN) moins de 2.5,1.7693,0,False
16551828,MIN Vikings vs. MIA Dolphins,T.J. Hockenson,1ère mi-temps - Total de réceptions Plus/Moins,31485,77079,1755571322,4573610307,T.J. Hockenson (MIN) Plus de 2.5,T.J. Hockenson (MIN) Plus de 2.5,1.9091,0,False
16551828,MIN Vikings vs. MIA Dolphins,T.J. Hockenson,1ère mi-temps - Total de réceptions Plus/Moins,31485,77079,1755571322,4573610308,T.J. Hockenson (MIN) moins de 2.5,T.J. Hockenson (MIN) moins de 2.5,1.7143,0,False
16551828,MIN Vikings vs. MIA Dolphins,Malik Washington,1ère mi-temps - Total de réceptions Plus/Moins,31485,77079,1753412037,4566965107,Malik Washington (MIA) Plus de 1.5,Malik Washington (MIA) Plus de 1.5,1.5556,0,False
16551828,MIN Vikings vs. MIA Dolphins,Malik Washington,1ère mi-temps - Total de réceptions Plus/Moins,31485,77079,1753412037,4566965108,Malik Washington (MIA) moins de 1.5,Malik Washington (MIA) moins de 1.5,2.15,0,False
16551828,MIN Vikings vs. MIA Dolphins,Aaron Jones,1ère mi-temps - Total de réceptions Plus/Moins,31485,77079,1753411564,4566964272,Aaron Jones (MIN) Plus de 1.5,Aaron Jones (MIN) Plus de 1.5,1.6667,0,False
16551828,MIN Vikings vs. MIA Dolphins,Aaron Jones,1ère mi-temps - Total de réceptions Plus/Moins,31485,77079,1753411564,4566964273,Aaron Jones (MIN) moins de 1.5,Aaron Jones (MIN) moins de 1.5,1.9524,0,False
16551828,MIN Vikings vs. MIA Dolphins,Jauan Jennings,1ère mi-temps - Total de réceptions Plus/Moins,31485,77079,1759745040,4587495614,Jauan Jennings (MIN) Plus de 1.5,Jauan Jennings (MIN) Plus de 1.5,2.1,0,False
16551828,MIN Vikings vs. MIA Dolphins,Jauan Jennings,1ère mi-temps - Total de réceptions Plus/Moins,31485,77079,1759745040,4587495615,Jauan Jennings (MIN) moins de 1.5,Jauan Jennings (MIN) moins de 1.5,1.5715,0,False
16551828,MIN Vikings vs. MIA Dolphins,Greg Dulcich,1ère mi-temps - Total de réceptions Plus/Moins,31485,77079,1753411989,4566965024,Greg Dulcich (MIA) moins de 1.5,Greg Dulcich (MIA) moins de 1.5,1.5264,0,False
16551828,MIN Vikings vs. MIA Dolphins,Greg Dulcich,1ère mi-temps - Total de réceptions Plus/Moins,31485,77079,1753411989,4566965023,Greg Dulcich (MIA) Plus de 1.5,Greg Dulcich (MIA) Plus de 1.5,2.2,0,False
16551828,MIN Vikings vs. MIA Dolphins,Chris Bell,1ère mi-temps - Total de réceptions Plus/Moins,31485,77079,1757169247,4578752129,Chris Bell (MIA) Plus de 1.5,Chris Bell (MIA) Plus de 1.5,2.45,0,False
16551828,MIN Vikings vs. MIA Dolphins,Chris Bell,1ère mi-temps - Total de réceptions Plus/Moins,31485,77079,1757169247,4578752130,Chris Bell (MIA) moins de 1.5,Chris Bell (MIA) moins de 1.5,1.4167,0,False
16551828,MIN Vikings vs. MIA Dolphins,Tai Felton,1ère mi-temps - Total de réceptions Plus/Moins,31485,77079,1753412261,4566965496,Tai Felton (MIN) moins de 0.5,Tai Felton (MIN) moins de 0.5,2.2,0,False
16551828,MIN Vikings vs. MIA Dolphins,Tai Felton,1ère mi-temps - Total de réceptions Plus/Moins,31485,77079,1753412261,4566965495,Tai Felton (MIN) Plus de 0.5,Tai Felton (MIN) Plus de 0.5,1.5264,0,False
16551828,MIN Vikings vs. MIA Dolphins,Kevin Coleman,1ère mi-temps - Total de réceptions Plus/Moins,31485,77079,1753412684,4566966238,Kevin Coleman (MIA) Plus de 0.5,Kevin Coleman (MIA) Plus de 0.5,1.8334,0,False
16551828,MIN Vikings vs. MIA Dolphins,Kevin Coleman,1ère mi-temps - Total de réceptions Plus/Moins,31485,77079,1753412684,4566966239,Kevin Coleman (MIA) moins de 0.5,Kevin Coleman (MIA) moins de 0.5,1.7693,0,False
16551828,MIN Vikings vs. MIA Dolphins,Ollie Gordon,1ère mi-temps - Total de réceptions Plus/Moins,31485,77079,1753412538,4566965984,Ollie Gordon (MIA) Plus de 0.5,Ollie Gordon (MIA) Plus de 0.5,2.0,0,False
16551828,MIN Vikings vs. MIA Dolphins,Ollie Gordon,1ère mi-temps - Total de réceptions Plus/Moins,31485,77079,1753412538,4566965985,Ollie Gordon (MIA) moins de 0.5,Ollie Gordon (MIA) moins de 0.5,1.6471,0,False
16551828,MIN Vikings vs. MIA Dolphins,Jaylen Wright,1ère mi-temps - Total de réceptions Plus/Moins,31485,77079,1753412182,4566965357,Jaylen Wright (MIA) Plus de 0.5,Jaylen Wright (MIA) Plus de 0.5,2.05,0,False
16551828,MIN Vikings vs. MIA Dolphins,Jaylen Wright,1ère mi-temps - Total de réceptions Plus/Moins,31485,77079,1753412182,4566965358,Jaylen Wright (MIA) moins de 0.5,Jaylen Wright (MIA) moins de 0.5,1.6061,0,False
16551828,MIN Vikings vs. MIA Dolphins,Ryan Miller,1ère mi-temps - Total de réceptions Plus/Moins,31485,77079,1753411962,4566964978,Ryan Miller (MIA) Plus de 0.5,Ryan Miller (MIA) Plus de 0.5,2.85,0,False
16551828,MIN Vikings vs. MIA Dolphins,Ryan Miller,1ère mi-temps - Total de réceptions Plus/Moins,31485,77079,1753411962,4566964979,Ryan Miller (MIA) moins de 0.5,Ryan Miller (MIA) moins de 0.5,1.3125,0,False
16551828,MIN Vikings vs. MIA Dolphins,Jordan Addison,1ère mi-temps - Yards reçus par le joueur - Plus/Moins,31464,77058,1755574173,4573617298,Jordan Addison (MIN) Plus de 31.5,Jordan Addison (MIN) Plus de 31.5,1.7693,0,False
16551828,MIN Vikings vs. MIA Dolphins,Jordan Addison,1ère mi-temps - Yards reçus par le joueur - Plus/Moins,31464,77058,1755574173,4573617299,Jordan Addison (MIN) moins de 31.5,Jordan Addison (MIN) moins de 31.5,1.8334,0,False
16551828,MIN Vikings vs. MIA Dolphins,T.J. Hockenson,1ère mi-temps - Yards reçus par le joueur - Plus/Moins,31464,77058,1755571319,4573610301,T.J. Hockenson (MIN) Plus de 19.5,T.J. Hockenson (MIN) Plus de 19.5,1.8334,0,False
16551828,MIN Vikings vs. MIA Dolphins,T.J. Hockenson,1ère mi-temps - Yards reçus par le joueur - Plus/Moins,31464,77058,1755571319,4573610302,T.J. Hockenson (MIN) moins de 19.5,T.J. Hockenson (MIN) moins de 19.5,1.7693,0,False
16551828,MIN Vikings vs. MIA Dolphins,Malik Washington,1ère mi-temps - Yards reçus par le joueur - Plus/Moins,31464,77058,1753412031,4566965096,Malik Washington (MIA) moins de 15.5,Malik Washington (MIA) moins de 15.5,1.7693,0,False
16551828,MIN Vikings vs. MIA Dolphins,Malik Washington,1ère mi-temps - Yards reçus par le joueur - Plus/Moins,31464,77058,1753412031,4566965095,Malik Washington (MIA) Plus de 15.5,Malik Washington (MIA) Plus de 15.5,1.8334,0,False
16551828,MIN Vikings vs. MIA Dolphins,Jauan Jennings,1ère mi-temps - Yards reçus par le joueur - Plus/Moins,31464,77058,1759910539,4587909904,Jauan Jennings (MIN) Plus de 12.5,Jauan Jennings (MIN) Plus de 12.5,1.8334,0,False
16551828,MIN Vikings vs. MIA Dolphins,Jauan Jennings,1ère mi-temps - Yards reçus par le joueur - Plus/Moins,31464,77058,1759910539,4587909905,Jauan Jennings (MIN) moins de 12.5,Jauan Jennings (MIN) moins de 12.5,1.7693,0,False
16551828,MIN Vikings vs. MIA Dolphins,Chris Bell,1ère mi-temps - Yards reçus par le joueur - Plus/Moins,31464,77058,1757168613,4578750604,Chris Bell (MIA) Plus de 10.5,Chris Bell (MIA) Plus de 10.5,1.8334,0,False
16551828,MIN Vikings vs. MIA Dolphins,Chris Bell,1ère mi-temps - Yards reçus par le joueur - Plus/Moins,31464,77058,1757168613,4578750605,Chris Bell (MIA) moins de 10.5,Chris Bell (MIA) moins de 10.5,1.7693,0,False
16551828,MIN Vikings vs. MIA Dolphins,Greg Dulcich,1ère mi-temps - Yards reçus par le joueur - Plus/Moins,31464,77058,1753411983,4566965011,Greg Dulcich (MIA) Plus de 10.5,Greg Dulcich (MIA) Plus de 10.5,1.8334,0,False
16551828,MIN Vikings vs. MIA Dolphins,Greg Dulcich,1ère mi-temps - Yards reçus par le joueur - Plus/Moins,31464,77058,1753411983,4566965012,Greg Dulcich (MIA) moins de 10.5,Greg Dulcich (MIA) moins de 10.5,1.7693,0,False
16551828,MIN Vikings vs. MIA Dolphins,Aaron Jones,1ère mi-temps - Yards reçus par le joueur - Plus/Moins,31464,77058,1755772276,4574128971,Aaron Jones (MIN) Plus de 9.5,Aaron Jones (MIN) Plus de 9.5,1.8334,0,False
16551828,MIN Vikings vs. MIA Dolphins,Aaron Jones,1ère mi-temps - Yards reçus par le joueur - Plus/Moins,31464,77058,1755772276,4574128972,Aaron Jones (MIN) moins de 9.5,Aaron Jones (MIN) moins de 9.5,1.7693,0,False
16551828,MIN Vikings vs. MIA Dolphins,Tai Felton,1ère mi-temps - Yards reçus par le joueur - Plus/Moins,31464,77058,1760035435,4588249742,Tai Felton (MIN) Plus de 5.5,Tai Felton (MIN) Plus de 5.5,1.7693,0,False
16551828,MIN Vikings vs. MIA Dolphins,Tai Felton,1ère mi-temps - Yards reçus par le joueur - Plus/Moins,31464,77058,1760035435,4588249743,Tai Felton (MIN) moins de 5.5,Tai Felton (MIN) moins de 5.5,1.8334,0,False
16551828,MIN Vikings vs. MIA Dolphins,Kevin Coleman,1ère mi-temps - Yards reçus par le joueur - Plus/Moins,31464,77058,1753412678,4566966226,Kevin Coleman (MIA) Plus de 0.5,Kevin Coleman (MIA) Plus de 0.5,1.8696,0,False
16551828,MIN Vikings vs. MIA Dolphins,Kevin Coleman,1ère mi-temps - Yards reçus par le joueur - Plus/Moins,31464,77058,1753412678,4566966227,Kevin Coleman (MIA) moins de 0.5,Kevin Coleman (MIA) moins de 0.5,1.7408,0,False
16551828,MIN Vikings vs. MIA Dolphins,Ollie Gordon,1ère mi-temps - Yards reçus par le joueur - Plus/Moins,31464,77058,1753412532,4566965972,Ollie Gordon (MIA) Plus de 0.5,Ollie Gordon (MIA) Plus de 0.5,2.2,0,False
16551828,MIN Vikings vs. MIA Dolphins,Ollie Gordon,1ère mi-temps - Yards reçus par le joueur - Plus/Moins,31464,77058,1753412532,4566965973,Ollie Gordon (MIA) moins de 0.5,Ollie Gordon (MIA) moins de 0.5,1.5264,0,False
16551828,MIN Vikings vs. MIA Dolphins,Jaylen Wright,1ère mi-temps - Yards reçus par le joueur - Plus/Moins,31464,77058,1753412176,4566965345,Jaylen Wright (MIA) Plus de 0.5,Jaylen Wright (MIA) Plus de 0.5,2.25,0,False
16551828,MIN Vikings vs. MIA Dolphins,Jaylen Wright,1ère mi-temps - Yards reçus par le joueur - Plus/Moins,31464,77058,1753412176,4566965346,Jaylen Wright (MIA) moins de 0.5,Jaylen Wright (MIA) moins de 0.5,1.5,0,False
16551828,MIN Vikings vs. MIA Dolphins,Ryan Miller,1ère mi-temps - Yards reçus par le joueur - Plus/Moins,31464,77058,1753411956,4566964966,Ryan Miller (MIA) Plus de 0.5,Ryan Miller (MIA) Plus de 0.5,2.9,0,False
16551828,MIN Vikings vs. MIA Dolphins,Ryan Miller,1ère mi-temps - Yards reçus par le joueur - Plus/Moins,31464,77058,1753411956,4566964967,Ryan Miller (MIA) moins de 0.5,Ryan Miller (MIA) moins de 0.5,1.3077,0,False
16551828,MIN Vikings vs. MIA Dolphins,Jordan Addison,1ère mi-temps - Touchdowns de réception du joueur Plus / Moins,31467,77061,1753412061,4566965146,Jordan Addison (MIN) Plus de 0.5,Jordan Addison (MIN) Plus de 0.5,3.25,0,False
16551828,MIN Vikings vs. MIA Dolphins,Jordan Addison,1ère mi-temps - Touchdowns de réception du joueur Plus / Moins,31467,77061,1753412061,4566965147,Jordan Addison (MIN) moins de 0.5,Jordan Addison (MIN) moins de 0.5,1.25,0,False
16551828,MIN Vikings vs. MIA Dolphins,T.J. Hockenson,1ère mi-temps - Touchdowns de réception du joueur Plus / Moins,31467,77061,1753411731,4566964566,T.J. Hockenson (MIN) Plus de 0.5,T.J. Hockenson (MIN) Plus de 0.5,4.0,0,False
16551828,MIN Vikings vs. MIA Dolphins,T.J. Hockenson,1ère mi-temps - Touchdowns de réception du joueur Plus / Moins,31467,77061,1753411731,4566964567,T.J. Hockenson (MIN) moins de 0.5,T.J. Hockenson (MIN) moins de 0.5,1.1667,0,False
16551828,MIN Vikings vs. MIA Dolphins,Aaron Jones,1ère mi-temps - Touchdowns de réception du joueur Plus / Moins,31467,77061,1753411561,4566964266,Aaron Jones (MIN) Plus de 0.5,Aaron Jones (MIN) Plus de 0.5,6.0,0,False
16551828,MIN Vikings vs. MIA Dolphins,Aaron Jones,1ère mi-temps - Touchdowns de réception du joueur Plus / Moins,31467,77061,1753411561,4566964267,Aaron Jones (MIN) moins de 0.5,Aaron Jones (MIN) moins de 0.5,1.0589,0,False
16551828,MIN Vikings vs. MIA Dolphins,Jauan Jennings,1ère mi-temps - Touchdowns de réception du joueur Plus / Moins,31467,77061,1753411607,4566964348,Jauan Jennings (MIN) Plus de 0.5,Jauan Jennings (MIN) Plus de 0.5,6.0,0,False
16551828,MIN Vikings vs. MIA Dolphins,Jauan Jennings,1ère mi-temps - Touchdowns de réception du joueur Plus / Moins,31467,77061,1753411607,4566964349,Jauan Jennings (MIN) moins de 0.5,Jauan Jennings (MIN) moins de 0.5,1.0625,0,False
16551828,MIN Vikings vs. MIA Dolphins,Tai Felton,1ère mi-temps - Touchdowns de réception du joueur Plus / Moins,31467,77061,1753412258,4566965489,Tai Felton (MIN) Plus de 0.5,Tai Felton (MIN) Plus de 0.5,6.75,0,False
16551828,MIN Vikings vs. MIA Dolphins,Tai Felton,1ère mi-temps - Touchdowns de réception du joueur Plus / Moins,31467,77061,1753412258,4566965490,Tai Felton (MIN) moins de 0.5,Tai Felton (MIN) moins de 0.5,1.04,0,False
16551828,MIN Vikings vs. MIA Dolphins,Chris Bell,1ère mi-temps - Touchdowns de réception du joueur Plus / Moins,31467,77061,1753412586,4566966069,Chris Bell (MIA) Plus de 0.5,Chris Bell (MIA) Plus de 0.5,7.0,0,False
16551828,MIN Vikings vs. MIA Dolphins,Chris Bell,1ère mi-temps - Touchdowns de réception du joueur Plus / Moins,31467,77061,1753412586,4566966070,Chris Bell (MIA) moins de 0.5,Chris Bell (MIA) moins de 0.5,1.0334,0,False
16551828,MIN Vikings vs. MIA Dolphins,Greg Dulcich,1ère mi-temps - Touchdowns de réception du joueur Plus / Moins,31467,77061,1753411986,4566965017,Greg Dulcich (MIA) Plus de 0.5,Greg Dulcich (MIA) Plus de 0.5,7.0,0,False
16551828,MIN Vikings vs. MIA Dolphins,Greg Dulcich,1ère mi-temps - Touchdowns de réception du joueur Plus / Moins,31467,77061,1753411986,4566965018,Greg Dulcich (MIA) moins de 0.5,Greg Dulcich (MIA) moins de 0.5,1.0334,0,False
16551828,MIN Vikings vs. MIA Dolphins,Malik Washington,1ère mi-temps - Touchdowns de réception du joueur Plus / Moins,31467,77061,1753412034,4566965101,Malik Washington (MIA) Plus de 0.5,Malik Washington (MIA) Plus de 0.5,7.0,0,False
16551828,MIN Vikings vs. MIA Dolphins,Malik Washington,1ère mi-temps - Touchdowns de réception du joueur Plus / Moins,31467,77061,1753412034,4566965102,Malik Washington (MIA) moins de 0.5,Malik Washington (MIA) moins de 0.5,1.0334,0,False
16551828,MIN Vikings vs. MIA Dolphins,Gavin Bartholomew,1ère mi-temps - Touchdowns de réception du joueur Plus / Moins,31467,77061,1753412231,4566965444,Gavin Bartholomew (MIN) Plus de 0.5,Gavin Bartholomew (MIN) Plus de 0.5,8.5,0,False
16551828,MIN Vikings vs. MIA Dolphins,Gavin Bartholomew,1ère mi-temps - Touchdowns de réception du joueur Plus / Moins,31467,77061,1753412231,4566965445,Gavin Bartholomew (MIN) moins de 0.5,Gavin Bartholomew (MIN) moins de 0.5,1.01,0,False
16551828,MIN Vikings vs. MIA Dolphins,Jalen Tolbert,1ère mi-temps - Touchdowns de réception du joueur Plus / Moins,31467,77061,1754530745,4570309634,Jalen Tolbert (MIA) Plus de 0.5,Jalen Tolbert (MIA) Plus de 0.5,8.5,0,False
16551828,MIN Vikings vs. MIA Dolphins,Jalen Tolbert,1ère mi-temps - Touchdowns de réception du joueur Plus / Moins,31467,77061,1754530745,4570309635,Jalen Tolbert (MIA) moins de 0.5,Jalen Tolbert (MIA) moins de 0.5,0.0,7,False
16551828,MIN Vikings vs. MIA Dolphins,Jaylen Wright,1ère mi-temps - Touchdowns de réception du joueur Plus / Moins,31467,77061,1753412179,4566965352,Jaylen Wright (MIA) moins de 0.5,Jaylen Wright (MIA) moins de 0.5,0.0,7,False
16551828,MIN Vikings vs. MIA Dolphins,Jaylen Wright,1ère mi-temps - Touchdowns de réception du joueur Plus / Moins,31467,77061,1753412179,4566965351,Jaylen Wright (MIA) Plus de 0.5,Jaylen Wright (MIA) Plus de 0.5,8.5,0,False
16551828,MIN Vikings vs. MIA Dolphins,Jeshaun Jones,1ère mi-temps - Touchdowns de réception du joueur Plus / Moins,31467,77061,1761694640,4592949892,Jeshaun Jones (MIN) Plus de 0.5,Jeshaun Jones (MIN) Plus de 0.5,8.5,0,False
16551828,MIN Vikings vs. MIA Dolphins,Jeshaun Jones,1ère mi-temps - Touchdowns de réception du joueur Plus / Moins,31467,77061,1761694640,4592949893,Jeshaun Jones (MIN) moins de 0.5,Jeshaun Jones (MIN) moins de 0.5,0.0,7,False
16551828,MIN Vikings vs. MIA Dolphins,Kevin Coleman,1ère mi-temps - Touchdowns de réception du joueur Plus / Moins,31467,77061,1753412681,4566966232,Kevin Coleman (MIA) Plus de 0.5,Kevin Coleman (MIA) Plus de 0.5,8.5,0,False
16551828,MIN Vikings vs. MIA Dolphins,Kevin Coleman,1ère mi-temps - Touchdowns de réception du joueur Plus / Moins,31467,77061,1753412681,4566966233,Kevin Coleman (MIA) moins de 0.5,Kevin Coleman (MIA) moins de 0.5,1.01,0,False
16551828,MIN Vikings vs. MIA Dolphins,Max Bredeson,1ère mi-temps - Touchdowns de réception du joueur Plus / Moins,31467,77061,1753412441,4566965810,Max Bredeson (MIN) Plus de 0.5,Max Bredeson (MIN) Plus de 0.5,8.5,0,False
16551828,MIN Vikings vs. MIA Dolphins,Max Bredeson,1ère mi-temps - Touchdowns de réception du joueur Plus / Moins,31467,77061,1753412441,4566965811,Max Bredeson (MIN) moins de 0.5,Max Bredeson (MIN) moins de 0.5,0.0,7,False
16551828,MIN Vikings vs. MIA Dolphins,Myles Price,1ère mi-temps - Touchdowns de réception du joueur Plus / Moins,31467,77061,1753412094,4566965202,Myles Price (MIN) Plus de 0.5,Myles Price (MIN) Plus de 0.5,8.5,0,False
16551828,MIN Vikings vs. MIA Dolphins,Myles Price,1ère mi-temps - Touchdowns de réception du joueur Plus / Moins,31467,77061,1753412094,4566965203,Myles Price (MIN) moins de 0.5,Myles Price (MIN) moins de 0.5,0.0,7,False
16551828,MIN Vikings vs. MIA Dolphins,Ollie Gordon,1ère mi-temps - Touchdowns de réception du joueur Plus / Moins,31467,77061,1753412535,4566965978,Ollie Gordon (MIA) Plus de 0.5,Ollie Gordon (MIA) Plus de 0.5,8.5,0,False
16551828,MIN Vikings vs. MIA Dolphins,Ollie Gordon,1ère mi-temps - Touchdowns de réception du joueur Plus / Moins,31467,77061,1753412535,4566965979,Ollie Gordon (MIA) moins de 0.5,Ollie Gordon (MIA) moins de 0.5,0.0,7,False
16551828,MIN Vikings vs. MIA Dolphins,DeeJay Dallas,1ère mi-temps - Touchdowns de réception du joueur Plus / Moins,31467,77061,1753411793,4566964675,DeeJay Dallas (MIN) Plus de 0.5,DeeJay Dallas (MIN) Plus de 0.5,9.0,0,False
16551828,MIN Vikings vs. MIA Dolphins,DeeJay Dallas,1ère mi-temps - Touchdowns de réception du joueur Plus / Moins,31467,77061,1753411793,4566964676,DeeJay Dallas (MIN) moins de 0.5,DeeJay Dallas (MIN) moins de 0.5,0.0,7,False
16551828,MIN Vikings vs. MIA Dolphins,Ryan Miller,1ère mi-temps - Touchdowns de réception du joueur Plus / Moins,31467,77061,1753411959,4566964972,Ryan Miller (MIA) Plus de 0.5,Ryan Miller (MIA) Plus de 0.5,9.0,0,False
16551828,MIN Vikings vs. MIA Dolphins,Ryan Miller,1ère mi-temps - Touchdowns de réception du joueur Plus / Moins,31467,77061,1753411959,4566964973,Ryan Miller (MIA) moins de 0.5,Ryan Miller (MIA) moins de 0.5,0.0,7,False
16551828,MIN Vikings vs. MIA Dolphins,Kyler Murray,1ère mi-temps - Total de yards à la passe du joueur Plus/Moins,31458,77052,1755574169,4573617290,Kyler Murray (MIN) Plus de 113.5,Kyler Murray (MIN) Plus de 113.5,1.7693,0,False
16551828,MIN Vikings vs. MIA Dolphins,Kyler Murray,1ère mi-temps - Total de yards à la passe du joueur Plus/Moins,31458,77052,1755574169,4573617291,Kyler Murray (MIN) moins de 113.5,Kyler Murray (MIN) moins de 113.5,1.8334,0,False
16551828,MIN Vikings vs. MIA Dolphins,Malik Willis,1ère mi-temps - Total de yards à la passe du joueur Plus/Moins,31458,77052,1755779558,4574146406,Malik Willis (MIA) Plus de 75.5,Malik Willis (MIA) Plus de 75.5,1.7693,0,False
16551828,MIN Vikings vs. MIA Dolphins,Malik Willis,1ère mi-temps - Total de yards à la passe du joueur Plus/Moins,31458,77052,1755779558,4574146407,Malik Willis (MIA) moins de 75.5,Malik Willis (MIA) moins de 75.5,1.8334,0,False
16551828,MIN Vikings vs. MIA Dolphins,Kyler Murray,1ère mi-temps - Total de Touchdowns à la passe du joueur - Plus/Moins,31461,77055,1753411645,4566964414,Kyler Murray (MIN) Plus de 0.5,Kyler Murray (MIN) Plus de 0.5,1.5264,0,False
16551828,MIN Vikings vs. MIA Dolphins,Kyler Murray,1ère mi-temps - Total de Touchdowns à la passe du joueur - Plus/Moins,31461,77055,1753411645,4566964415,Kyler Murray (MIN) moins de 0.5,Kyler Murray (MIN) moins de 0.5,2.2,0,False
16551828,MIN Vikings vs. MIA Dolphins,Malik Willis,1ère mi-temps - Total de Touchdowns à la passe du joueur - Plus/Moins,31461,77055,1753411839,4566964758,Malik Willis (MIA) Plus de 0.5,Malik Willis (MIA) Plus de 0.5,3.0,0,False
16551828,MIN Vikings vs. MIA Dolphins,Malik Willis,1ère mi-temps - Total de Touchdowns à la passe du joueur - Plus/Moins,31461,77055,1753411839,4566964759,Malik Willis (MIA) moins de 0.5,Malik Willis (MIA) moins de 0.5,1.2858,0,False
16551828,MIN Vikings vs. MIA Dolphins,Kyler Murray,1ère mi-temps - Passes réussies du joueur - Plus/Moins,31491,77085,1753411657,4566964438,Kyler Murray (MIN) Plus de 10.5,Kyler Murray (MIN) Plus de 10.5,1.6471,0,False
16551828,MIN Vikings vs. MIA Dolphins,Kyler Murray,1ère mi-temps - Passes réussies du joueur - Plus/Moins,31491,77085,1753411657,4566964439,Kyler Murray (MIN) moins de 10.5,Kyler Murray (MIN) moins de 10.5,2.0,0,False
16551828,MIN Vikings vs. MIA Dolphins,Malik Willis,1ère mi-temps - Passes réussies du joueur - Plus/Moins,31491,77085,1755570355,4573607928,Malik Willis (MIA) moins de 7.5,Malik Willis (MIA) moins de 7.5,1.7693,0,False
16551828,MIN Vikings vs. MIA Dolphins,Malik Willis,1ère mi-temps - Passes réussies du joueur - Plus/Moins,31491,77085,1755570355,4573607927,Malik Willis (MIA) Plus de 7.5,Malik Willis (MIA) Plus de 7.5,1.8334,0,False
16551828,MIN Vikings vs. MIA Dolphins,Kyler Murray,1ère mi-temps - Joueur Tentative de passe - Plus/Moins,31479,77073,1753411654,4566964432,Kyler Murray (MIN) Plus de 15.5,Kyler Murray (MIN) Plus de 15.5,1.7143,0,False
16551828,MIN Vikings vs. MIA Dolphins,Kyler Murray,1ère mi-temps - Joueur Tentative de passe - Plus/Moins,31479,77073,1753411654,4566964433,Kyler Murray (MIN) moins de 15.5,Kyler Murray (MIN) moins de 15.5,1.9091,0,False
16551828,MIN Vikings vs. MIA Dolphins,Malik Willis,1ère mi-temps - Joueur Tentative de passe - Plus/Moins,31479,77073,1753411848,4566964776,Malik Willis (MIA) Plus de 13.5,Malik Willis (MIA) Plus de 13.5,1.9091,0,False
16551828,MIN Vikings vs. MIA Dolphins,Malik Willis,1ère mi-temps - Joueur Tentative de passe - Plus/Moins,31479,77073,1753411848,4566964777,Malik Willis (MIA) moins de 13.5,Malik Willis (MIA) moins de 13.5,1.7143,0,False
16551828,MIN Vikings vs. MIA Dolphins,Malik Willis,1ère mi-temps - Interceptions du joueur Plus/Moins,31476,77070,1753411845,4566964770,Malik Willis (MIA) Plus de 0.5,Malik Willis (MIA) Plus de 0.5,2.6,0,False
16551828,MIN Vikings vs. MIA Dolphins,Malik Willis,1ère mi-temps - Interceptions du joueur Plus/Moins,31476,77070,1753411845,4566964771,Malik Willis (MIA) moins de 0.5,Malik Willis (MIA) moins de 0.5,1.3847,0,False
16551828,MIN Vikings vs. MIA Dolphins,Kyler Murray,1ère mi-temps - Interceptions du joueur Plus/Moins,31476,77070,1753411651,4566964426,Kyler Murray (MIN) Plus de 0.5,Kyler Murray (MIN) Plus de 0.5,3.5,0,False
16551828,MIN Vikings vs. MIA Dolphins,Kyler Murray,1ère mi-temps - Interceptions du joueur Plus/Moins,31476,77070,1753411651,4566964427,Kyler Murray (MIN) moins de 0.5,Kyler Murray (MIN) moins de 0.5,1.2106,0,False
16551828,MIN Vikings vs. MIA Dolphins,Kyler Murray,Total de Touchdowns à la passe du joueur (Incl. Prolongations),761,71923,1753411634,4566964392,Kyler Murray (MIN) Plus de 1.5,Kyler Murray (MIN) Plus de 1.5,1.8696,0,False
16551828,MIN Vikings vs. MIA Dolphins,Kyler Murray,Total de Touchdowns à la passe du joueur (Incl. Prolongations),761,71923,1753411634,4566964393,Kyler Murray (MIN) moins de 1.5,Kyler Murray (MIN) moins de 1.5,1.7693,0,False
16551828,MIN Vikings vs. MIA Dolphins,Malik Willis,Total de Touchdowns à la passe du joueur (Incl. Prolongations),761,71923,1755570349,4573607915,Malik Willis (MIA) Plus de 0.5,Malik Willis (MIA) Plus de 0.5,1.7693,0,False
16551828,MIN Vikings vs. MIA Dolphins,Malik Willis,Total de Touchdowns à la passe du joueur (Incl. Prolongations),761,71923,1755570349,4573607916,Malik Willis (MIA) moins de 0.5,Malik Willis (MIA) moins de 0.5,1.8696,0,False
16551828,MIN Vikings vs. MIA Dolphins,Aaron Jones,2ème mi-temps - Total de yards à la course du joueur Plus/Moins,31471,77065,1755565030,4573594530,Aaron Jones (MIN) Plus de 32.5,Aaron Jones (MIN) Plus de 32.5,1.7693,0,False
16551828,MIN Vikings vs. MIA Dolphins,Aaron Jones,2ème mi-temps - Total de yards à la course du joueur Plus/Moins,31471,77065,1755565030,4573594531,Aaron Jones (MIN) moins de 32.5,Aaron Jones (MIN) moins de 32.5,1.8334,0,False
16551828,MIN Vikings vs. MIA Dolphins,Malik Willis,2ème mi-temps - Total de yards à la course du joueur Plus/Moins,31471,77065,1757157902,4578722452,Malik Willis (MIA) Plus de 13.5,Malik Willis (MIA) Plus de 13.5,1.8334,0,False
16551828,MIN Vikings vs. MIA Dolphins,Malik Willis,2ème mi-temps - Total de yards à la course du joueur Plus/Moins,31471,77065,1757157902,4578722453,Malik Willis (MIA) moins de 13.5,Malik Willis (MIA) moins de 13.5,1.7693,0,False
16551828,MIN Vikings vs. MIA Dolphins,Jaylen Wright,2ème mi-temps - Total de yards à la course du joueur Plus/Moins,31471,77065,1757164735,4578739400,Jaylen Wright (MIA) moins de 10.5,Jaylen Wright (MIA) moins de 10.5,1.7693,0,False
16551828,MIN Vikings vs. MIA Dolphins,Jaylen Wright,2ème mi-temps - Total de yards à la course du joueur Plus/Moins,31471,77065,1757164735,4578739399,Jaylen Wright (MIA) Plus de 10.5,Jaylen Wright (MIA) Plus de 10.5,1.8334,0,False
16551828,MIN Vikings vs. MIA Dolphins,Ollie Gordon,2ème mi-temps - Total de yards à la course du joueur Plus/Moins,31471,77065,1757166895,4578746419,Ollie Gordon (MIA) Plus de 9.5,Ollie Gordon (MIA) Plus de 9.5,1.7693,0,False
16551828,MIN Vikings vs. MIA Dolphins,Ollie Gordon,2ème mi-temps - Total de yards à la course du joueur Plus/Moins,31471,77065,1757166895,4578746420,Ollie Gordon (MIA) moins de 9.5,Ollie Gordon (MIA) moins de 9.5,1.8334,0,False
16551828,MIN Vikings vs. MIA Dolphins,Kyler Murray,2ème mi-temps - Total de yards à la course du joueur Plus/Moins,31471,77065,1760060886,4588312617,Kyler Murray (MIN) Plus de 7.5,Kyler Murray (MIN) Plus de 7.5,1.8334,0,False
16551828,MIN Vikings vs. MIA Dolphins,Kyler Murray,2ème mi-temps - Total de yards à la course du joueur Plus/Moins,31471,77065,1760060886,4588312618,Kyler Murray (MIN) moins de 7.5,Kyler Murray (MIN) moins de 7.5,1.7693,0,False
16551828,MIN Vikings vs. MIA Dolphins,Aaron Jones,2ème mi-temps - Touchdowns de course du joueur Plus / Moins,31474,77068,1753411575,4566964294,Aaron Jones (MIN) Plus de 0.5,Aaron Jones (MIN) Plus de 0.5,2.7,0,False
16551828,MIN Vikings vs. MIA Dolphins,Aaron Jones,2ème mi-temps - Touchdowns de course du joueur Plus / Moins,31474,77068,1753411575,4566964295,Aaron Jones (MIN) moins de 0.5,Aaron Jones (MIN) moins de 0.5,1.3572,0,False
16551828,MIN Vikings vs. MIA Dolphins,Kyler Murray,2ème mi-temps - Touchdowns de course du joueur Plus / Moins,31474,77068,1753411668,4566964460,Kyler Murray (MIN) Plus de 0.5,Kyler Murray (MIN) Plus de 0.5,5.75,0,False
16551828,MIN Vikings vs. MIA Dolphins,Kyler Murray,2ème mi-temps - Touchdowns de course du joueur Plus / Moins,31474,77068,1753411668,4566964461,Kyler Murray (MIN) moins de 0.5,Kyler Murray (MIN) moins de 0.5,1.0715,0,False
16551828,MIN Vikings vs. MIA Dolphins,Malik Willis,2ème mi-temps - Touchdowns de course du joueur Plus / Moins,31474,77068,1753411862,4566964804,Malik Willis (MIA) Plus de 0.5,Malik Willis (MIA) Plus de 0.5,5.75,0,False
16551828,MIN Vikings vs. MIA Dolphins,Malik Willis,2ème mi-temps - Touchdowns de course du joueur Plus / Moins,31474,77068,1753411862,4566964805,Malik Willis (MIA) moins de 0.5,Malik Willis (MIA) moins de 0.5,1.0715,0,False
16551828,MIN Vikings vs. MIA Dolphins,Jaylen Wright,2ème mi-temps - Touchdowns de course du joueur Plus / Moins,31474,77068,1753412193,4566965379,Jaylen Wright (MIA) Plus de 0.5,Jaylen Wright (MIA) Plus de 0.5,6.0,0,False
16551828,MIN Vikings vs. MIA Dolphins,Jaylen Wright,2ème mi-temps - Touchdowns de course du joueur Plus / Moins,31474,77068,1753412193,4566965380,Jaylen Wright (MIA) moins de 0.5,Jaylen Wright (MIA) moins de 0.5,1.0589,0,False
16551828,MIN Vikings vs. MIA Dolphins,Ollie Gordon,2ème mi-temps - Touchdowns de course du joueur Plus / Moins,31474,77068,1753412549,4566966006,Ollie Gordon (MIA) Plus de 0.5,Ollie Gordon (MIA) Plus de 0.5,6.0,0,False
16551828,MIN Vikings vs. MIA Dolphins,Ollie Gordon,2ème mi-temps - Touchdowns de course du joueur Plus / Moins,31474,77068,1753412549,4566966007,Ollie Gordon (MIA) moins de 0.5,Ollie Gordon (MIA) moins de 0.5,1.0589,0,False
16551828,MIN Vikings vs. MIA Dolphins,DeeJay Dallas,2ème mi-temps - Touchdowns de course du joueur Plus / Moins,31474,77068,1753411807,4566964704,DeeJay Dallas (MIN) moins de 0.5,DeeJay Dallas (MIN) moins de 0.5,1.02,0,False
16551828,MIN Vikings vs. MIA Dolphins,DeeJay Dallas,2ème mi-temps - Touchdowns de course du joueur Plus / Moins,31474,77068,1753411807,4566964703,DeeJay Dallas (MIN) Plus de 0.5,DeeJay Dallas (MIN) Plus de 0.5,7.75,0,False
16551828,MIN Vikings vs. MIA Dolphins,Demond Claiborne,2ème mi-temps - Touchdowns de course du joueur Plus / Moins,31474,77068,1753412627,4566966142,Demond Claiborne (MIN) Plus de 0.5,Demond Claiborne (MIN) Plus de 0.5,8.5,0,False
16551828,MIN Vikings vs. MIA Dolphins,Demond Claiborne,2ème mi-temps - Touchdowns de course du joueur Plus / Moins,31474,77068,1753412627,4566966143,Demond Claiborne (MIN) moins de 0.5,Demond Claiborne (MIN) moins de 0.5,1.01,0,False
16551828,MIN Vikings vs. MIA Dolphins,Max Bredeson,2ème mi-temps - Touchdowns de course du joueur Plus / Moins,31474,77068,1753412455,4566965838,Max Bredeson (MIN) Plus de 0.5,Max Bredeson (MIN) Plus de 0.5,9.0,0,False
16551828,MIN Vikings vs. MIA Dolphins,Max Bredeson,2ème mi-temps - Touchdowns de course du joueur Plus / Moins,31474,77068,1753412455,4566965839,Max Bredeson (MIN) moins de 0.5,Max Bredeson (MIN) moins de 0.5,0.0,7,False
16551828,MIN Vikings vs. MIA Dolphins,Aaron Jones,2ème mi-temps - Tentatives de rushing du joueur Plus/Moins,31483,77077,1753411578,4566964300,Aaron Jones (MIN) Plus de 8.5,Aaron Jones (MIN) Plus de 8.5,1.6471,0,False
16551828,MIN Vikings vs. MIA Dolphins,Aaron Jones,2ème mi-temps - Tentatives de rushing du joueur Plus/Moins,31483,77077,1753411578,4566964301,Aaron Jones (MIN) moins de 8.5,Aaron Jones (MIN) moins de 8.5,2.0,0,False
16551828,MIN Vikings vs. MIA Dolphins,Jaylen Wright,2ème mi-temps - Tentatives de rushing du joueur Plus/Moins,31483,77077,1755761052,4574102492,Jaylen Wright (MIA) Plus de 3.5,Jaylen Wright (MIA) Plus de 3.5,1.8334,0,False
16551828,MIN Vikings vs. MIA Dolphins,Jaylen Wright,2ème mi-temps - Tentatives de rushing du joueur Plus/Moins,31483,77077,1755761052,4574102493,Jaylen Wright (MIA) moins de 3.5,Jaylen Wright (MIA) moins de 3.5,1.7693,0,False
16551828,MIN Vikings vs. MIA Dolphins,Malik Willis,2ème mi-temps - Tentatives de rushing du joueur Plus/Moins,31483,77077,1753411865,4566964810,Malik Willis (MIA) Plus de 3.5,Malik Willis (MIA) Plus de 3.5,2.15,0,False
16551828,MIN Vikings vs. MIA Dolphins,Malik Willis,2ème mi-temps - Tentatives de rushing du joueur Plus/Moins,31483,77077,1753411865,4566964811,Malik Willis (MIA) moins de 3.5,Malik Willis (MIA) moins de 3.5,1.5556,0,False
16551828,MIN Vikings vs. MIA Dolphins,Ollie Gordon,2ème mi-temps - Tentatives de rushing du joueur Plus/Moins,31483,77077,1754117234,4569276147,Ollie Gordon (MIA) Plus de 2.5,Ollie Gordon (MIA) Plus de 2.5,1.5264,0,False
16551828,MIN Vikings vs. MIA Dolphins,Ollie Gordon,2ème mi-temps - Tentatives de rushing du joueur Plus/Moins,31483,77077,1754117234,4569276148,Ollie Gordon (MIA) moins de 2.5,Ollie Gordon (MIA) moins de 2.5,2.2,0,False
16551828,MIN Vikings vs. MIA Dolphins,Kyler Murray,2ème mi-temps - Tentatives de rushing du joueur Plus/Moins,31483,77077,1753411671,4566964466,Kyler Murray (MIN) Plus de 2.5,Kyler Murray (MIN) Plus de 2.5,1.7693,0,False
16551828,MIN Vikings vs. MIA Dolphins,Kyler Murray,2ème mi-temps - Tentatives de rushing du joueur Plus/Moins,31483,77077,1753411671,4566964467,Kyler Murray (MIN) moins de 2.5,Kyler Murray (MIN) moins de 2.5,1.8334,0,False
16551828,MIN Vikings vs. MIA Dolphins,Aaron Jones,2ème mi-temps - Yards de course et de réception du joueur Plus / Moins,31489,77083,1753411587,4566964315,Aaron Jones (MIN) Plus de 42.5,Aaron Jones (MIN) Plus de 42.5,1.7693,0,False
16551828,MIN Vikings vs. MIA Dolphins,Aaron Jones,2ème mi-temps - Yards de course et de réception du joueur Plus / Moins,31489,77083,1753411587,4566964316,Aaron Jones (MIN) moins de 42.5,Aaron Jones (MIN) moins de 42.5,1.8334,0,False
16551828,MIN Vikings vs. MIA Dolphins,Jaylen Wright,2ème mi-temps - Yards de course et de réception du joueur Plus / Moins,31489,77083,1757258658,4578995968,Jaylen Wright (MIA) Plus de 14.5,Jaylen Wright (MIA) Plus de 14.5,1.8334,0,False
16551828,MIN Vikings vs. MIA Dolphins,Jaylen Wright,2ème mi-temps - Yards de course et de réception du joueur Plus / Moins,31489,77083,1757258658,4578995969,Jaylen Wright (MIA) moins de 14.5,Jaylen Wright (MIA) moins de 14.5,1.7693,0,False
16551828,MIN Vikings vs. MIA Dolphins,Ollie Gordon,2ème mi-temps - Yards de course et de réception du joueur Plus / Moins,31489,77083,1759754898,4587519104,Ollie Gordon (MIA) Plus de 14.5,Ollie Gordon (MIA) Plus de 14.5,1.8334,0,False
16551828,MIN Vikings vs. MIA Dolphins,Ollie Gordon,2ème mi-temps - Yards de course et de réception du joueur Plus / Moins,31489,77083,1759754898,4587519105,Ollie Gordon (MIA) moins de 14.5,Ollie Gordon (MIA) moins de 14.5,1.7693,0,False
16551828,MIN Vikings vs. MIA Dolphins,Malik Washington,2ème mi-temps - Total de réceptions Plus/Moins,31486,77080,1753412038,4566965109,Malik Washington (MIA) Plus de 1.5,Malik Washington (MIA) Plus de 1.5,1.4762,0,False
16551828,MIN Vikings vs. MIA Dolphins,Malik Washington,2ème mi-temps - Total de réceptions Plus/Moins,31486,77080,1753412038,4566965110,Malik Washington (MIA) moins de 1.5,Malik Washington (MIA) moins de 1.5,2.3,0,False
16551828,MIN Vikings vs. MIA Dolphins,Jordan Addison,2ème mi-temps - Total de réceptions Plus/Moins,31486,77080,1753412065,4566965154,Jordan Addison (MIN) Plus de 1.5,Jordan Addison (MIN) Plus de 1.5,1.5264,0,False
16551828,MIN Vikings vs. MIA Dolphins,Jordan Addison,2ème mi-temps - Total de réceptions Plus/Moins,31486,77080,1753412065,4566965155,Jordan Addison (MIN) moins de 1.5,Jordan Addison (MIN) moins de 1.5,2.2,0,False
16551828,MIN Vikings vs. MIA Dolphins,T.J. Hockenson,2ème mi-temps - Total de réceptions Plus/Moins,31486,77080,1753411735,4566964574,T.J. Hockenson (MIN) Plus de 1.5,T.J. Hockenson (MIN) Plus de 1.5,1.5264,0,False
16551828,MIN Vikings vs. MIA Dolphins,T.J. Hockenson,2ème mi-temps - Total de réceptions Plus/Moins,31486,77080,1753411735,4566964575,T.J. Hockenson (MIN) moins de 1.5,T.J. Hockenson (MIN) moins de 1.5,2.2,0,False
16551828,MIN Vikings vs. MIA Dolphins,Greg Dulcich,2ème mi-temps - Total de réceptions Plus/Moins,31486,77080,1753411990,4566965025,Greg Dulcich (MIA) Plus de 1.5,Greg Dulcich (MIA) Plus de 1.5,1.8334,0,False
16551828,MIN Vikings vs. MIA Dolphins,Greg Dulcich,2ème mi-temps - Total de réceptions Plus/Moins,31486,77080,1753411990,4566965026,Greg Dulcich (MIA) moins de 1.5,Greg Dulcich (MIA) moins de 1.5,1.7693,0,False
16551828,MIN Vikings vs. MIA Dolphins,Aaron Jones,2ème mi-temps - Total de réceptions Plus/Moins,31486,77080,1753411565,4566964274,Aaron Jones (MIN) Plus de 1.5,Aaron Jones (MIN) Plus de 1.5,2.2,0,False
16551828,MIN Vikings vs. MIA Dolphins,Aaron Jones,2ème mi-temps - Total de réceptions Plus/Moins,31486,77080,1753411565,4566964275,Aaron Jones (MIN) moins de 1.5,Aaron Jones (MIN) moins de 1.5,1.5264,0,False
16551828,MIN Vikings vs. MIA Dolphins,Chris Bell,2ème mi-temps - Total de réceptions Plus/Moins,31486,77080,1757166901,4578746432,Chris Bell (MIA) moins de 1.5,Chris Bell (MIA) moins de 1.5,1.4762,0,False
16551828,MIN Vikings vs. MIA Dolphins,Chris Bell,2ème mi-temps - Total de réceptions Plus/Moins,31486,77080,1757166901,4578746431,Chris Bell (MIA) Plus de 1.5,Chris Bell (MIA) Plus de 1.5,2.3,0,False
16551828,MIN Vikings vs. MIA Dolphins,Jauan Jennings,2ème mi-temps - Total de réceptions Plus/Moins,31486,77080,1753411611,4566964356,Jauan Jennings (MIN) Plus de 0.5,Jauan Jennings (MIN) Plus de 0.5,1.4,0,False
16551828,MIN Vikings vs. MIA Dolphins,Jauan Jennings,2ème mi-temps - Total de réceptions Plus/Moins,31486,77080,1753411611,4566964357,Jauan Jennings (MIN) moins de 0.5,Jauan Jennings (MIN) moins de 0.5,2.55,0,False
16551828,MIN Vikings vs. MIA Dolphins,Kevin Coleman,2ème mi-temps - Total de réceptions Plus/Moins,31486,77080,1753412685,4566966240,Kevin Coleman (MIA) Plus de 0.5,Kevin Coleman (MIA) Plus de 0.5,1.6471,0,False
16551828,MIN Vikings vs. MIA Dolphins,Kevin Coleman,2ème mi-temps - Total de réceptions Plus/Moins,31486,77080,1753412685,4566966241,Kevin Coleman (MIA) moins de 0.5,Kevin Coleman (MIA) moins de 0.5,2.0,0,False
16551828,MIN Vikings vs. MIA Dolphins,Ollie Gordon,2ème mi-temps - Total de réceptions Plus/Moins,31486,77080,1753412539,4566965986,Ollie Gordon (MIA) Plus de 0.5,Ollie Gordon (MIA) Plus de 0.5,1.7693,0,False
16551828,MIN Vikings vs. MIA Dolphins,Ollie Gordon,2ème mi-temps - Total de réceptions Plus/Moins,31486,77080,1753412539,4566965987,Ollie Gordon (MIA) moins de 0.5,Ollie Gordon (MIA) moins de 0.5,1.8334,0,False
16551828,MIN Vikings vs. MIA Dolphins,Tai Felton,2ème mi-temps - Total de réceptions Plus/Moins,31486,77080,1753412262,4566965497,Tai Felton (MIN) Plus de 0.5,Tai Felton (MIN) Plus de 0.5,1.7693,0,False
16551828,MIN Vikings vs. MIA Dolphins,Tai Felton,2ème mi-temps - Total de réceptions Plus/Moins,31486,77080,1753412262,4566965498,Tai Felton (MIN) moins de 0.5,Tai Felton (MIN) moins de 0.5,1.8334,0,False
16551828,MIN Vikings vs. MIA Dolphins,Jaylen Wright,2ème mi-temps - Total de réceptions Plus/Moins,31486,77080,1753412183,4566965360,Jaylen Wright (MIA) moins de 0.5,Jaylen Wright (MIA) moins de 0.5,1.5556,0,False
16551828,MIN Vikings vs. MIA Dolphins,Jaylen Wright,2ème mi-temps - Total de réceptions Plus/Moins,31486,77080,1753412183,4566965359,Jaylen Wright (MIA) Plus de 0.5,Jaylen Wright (MIA) Plus de 0.5,2.15,0,False
16551828,MIN Vikings vs. MIA Dolphins,Ryan Miller,2ème mi-temps - Total de réceptions Plus/Moins,31486,77080,1753411963,4566964980,Ryan Miller (MIA) Plus de 0.5,Ryan Miller (MIA) Plus de 0.5,2.2,0,False
16551828,MIN Vikings vs. MIA Dolphins,Ryan Miller,2ème mi-temps - Total de réceptions Plus/Moins,31486,77080,1753411963,4566964981,Ryan Miller (MIA) moins de 0.5,Ryan Miller (MIA) moins de 0.5,1.5264,0,False
16551828,MIN Vikings vs. MIA Dolphins,Jordan Addison,2ème mi-temps - Yards reçus par le joueur - Plus/Moins,31465,77059,1755571347,4573610357,Jordan Addison (MIN) Plus de 23.5,Jordan Addison (MIN) Plus de 23.5,1.8334,0,False
16551828,MIN Vikings vs. MIA Dolphins,Jordan Addison,2ème mi-temps - Yards reçus par le joueur - Plus/Moins,31465,77059,1755571347,4573610358,Jordan Addison (MIN) moins de 23.5,Jordan Addison (MIN) moins de 23.5,1.7693,0,False
16551828,MIN Vikings vs. MIA Dolphins,Malik Washington,2ème mi-temps - Yards reçus par le joueur - Plus/Moins,31465,77059,1753412032,4566965097,Malik Washington (MIA) Plus de 16.5,Malik Washington (MIA) Plus de 16.5,1.7693,0,False
16551828,MIN Vikings vs. MIA Dolphins,Malik Washington,2ème mi-temps - Yards reçus par le joueur - Plus/Moins,31465,77059,1753412032,4566965098,Malik Washington (MIA) moins de 16.5,Malik Washington (MIA) moins de 16.5,1.8334,0,False
16551828,MIN Vikings vs. MIA Dolphins,T.J. Hockenson,2ème mi-temps - Yards reçus par le joueur - Plus/Moins,31465,77059,1754511116,4570263499,T.J. Hockenson (MIN) Plus de 14.5,T.J. Hockenson (MIN) Plus de 14.5,1.8334,0,False
16551828,MIN Vikings vs. MIA Dolphins,T.J. Hockenson,2ème mi-temps - Yards reçus par le joueur - Plus/Moins,31465,77059,1754511116,4570263500,T.J. Hockenson (MIN) moins de 14.5,T.J. Hockenson (MIN) moins de 14.5,1.7693,0,False
16551828,MIN Vikings vs. MIA Dolphins,Greg Dulcich,2ème mi-temps - Yards reçus par le joueur - Plus/Moins,31465,77059,1754054858,4569104560,Greg Dulcich (MIA) moins de 13.5,Greg Dulcich (MIA) moins de 13.5,1.8334,0,False
16551828,MIN Vikings vs. MIA Dolphins,Greg Dulcich,2ème mi-temps - Yards reçus par le joueur - Plus/Moins,31465,77059,1754054858,4569104559,Greg Dulcich (MIA) Plus de 13.5,Greg Dulcich (MIA) Plus de 13.5,1.7693,0,False
16551828,MIN Vikings vs. MIA Dolphins,Chris Bell,2ème mi-temps - Yards reçus par le joueur - Plus/Moins,31465,77059,1757168216,4578749620,Chris Bell (MIA) Plus de 12.5,Chris Bell (MIA) Plus de 12.5,1.8334,0,False
16551828,MIN Vikings vs. MIA Dolphins,Chris Bell,2ème mi-temps - Yards reçus par le joueur - Plus/Moins,31465,77059,1757168216,4578749621,Chris Bell (MIA) moins de 12.5,Chris Bell (MIA) moins de 12.5,1.7693,0,False
16551828,MIN Vikings vs. MIA Dolphins,Jauan Jennings,2ème mi-temps - Yards reçus par le joueur - Plus/Moins,31465,77059,1755534260,4573521050,Jauan Jennings (MIN) Plus de 8.5,Jauan Jennings (MIN) Plus de 8.5,1.8334,0,False
16551828,MIN Vikings vs. MIA Dolphins,Jauan Jennings,2ème mi-temps - Yards reçus par le joueur - Plus/Moins,31465,77059,1755534260,4573521051,Jauan Jennings (MIN) moins de 8.5,Jauan Jennings (MIN) moins de 8.5,1.7693,0,False
16551828,MIN Vikings vs. MIA Dolphins,Aaron Jones,2ème mi-temps - Yards reçus par le joueur - Plus/Moins,31465,77059,1755542133,4573539680,Aaron Jones (MIN) moins de 6.5,Aaron Jones (MIN) moins de 6.5,1.7693,0,False
16551828,MIN Vikings vs. MIA Dolphins,Aaron Jones,2ème mi-temps - Yards reçus par le joueur - Plus/Moins,31465,77059,1755542133,4573539679,Aaron Jones (MIN) Plus de 6.5,Aaron Jones (MIN) Plus de 6.5,1.8334,0,False
16551828,MIN Vikings vs. MIA Dolphins,Kevin Coleman,2ème mi-temps - Yards reçus par le joueur - Plus/Moins,31465,77059,1759752135,4587512424,Kevin Coleman (MIA) moins de 3.5,Kevin Coleman (MIA) moins de 3.5,1.8334,0,False
16551828,MIN Vikings vs. MIA Dolphins,Kevin Coleman,2ème mi-temps - Yards reçus par le joueur - Plus/Moins,31465,77059,1759752135,4587512423,Kevin Coleman (MIA) Plus de 3.5,Kevin Coleman (MIA) Plus de 3.5,1.7693,0,False
16551828,MIN Vikings vs. MIA Dolphins,Tai Felton,2ème mi-temps - Yards reçus par le joueur - Plus/Moins,31465,77059,1753412256,4566965485,Tai Felton (MIN) Plus de 0.5,Tai Felton (MIN) Plus de 0.5,1.8334,0,False
16551828,MIN Vikings vs. MIA Dolphins,Tai Felton,2ème mi-temps - Yards reçus par le joueur - Plus/Moins,31465,77059,1753412256,4566965486,Tai Felton (MIN) moins de 0.5,Tai Felton (MIN) moins de 0.5,1.7693,0,False
16551828,MIN Vikings vs. MIA Dolphins,Ollie Gordon,2ème mi-temps - Yards reçus par le joueur - Plus/Moins,31465,77059,1753412533,4566965974,Ollie Gordon (MIA) Plus de 0.5,Ollie Gordon (MIA) Plus de 0.5,1.9091,0,False
16551828,MIN Vikings vs. MIA Dolphins,Ollie Gordon,2ème mi-temps - Yards reçus par le joueur - Plus/Moins,31465,77059,1753412533,4566965975,Ollie Gordon (MIA) moins de 0.5,Ollie Gordon (MIA) moins de 0.5,1.7143,0,False
16551828,MIN Vikings vs. MIA Dolphins,Ryan Miller,2ème mi-temps - Yards reçus par le joueur - Plus/Moins,31465,77059,1753411957,4566964968,Ryan Miller (MIA) Plus de 0.5,Ryan Miller (MIA) Plus de 0.5,2.2,0,False
16551828,MIN Vikings vs. MIA Dolphins,Ryan Miller,2ème mi-temps - Yards reçus par le joueur - Plus/Moins,31465,77059,1753411957,4566964969,Ryan Miller (MIA) moins de 0.5,Ryan Miller (MIA) moins de 0.5,1.5264,0,False
16551828,MIN Vikings vs. MIA Dolphins,Jaylen Wright,2ème mi-temps - Yards reçus par le joueur - Plus/Moins,31465,77059,1753412177,4566965347,Jaylen Wright (MIA) Plus de 0.5,Jaylen Wright (MIA) Plus de 0.5,2.4,0,False
16551828,MIN Vikings vs. MIA Dolphins,Jaylen Wright,2ème mi-temps - Yards reçus par le joueur - Plus/Moins,31465,77059,1753412177,4566965348,Jaylen Wright (MIA) moins de 0.5,Jaylen Wright (MIA) moins de 0.5,1.4445,0,False
16551828,MIN Vikings vs. MIA Dolphins,Jordan Addison,2ème mi-temps - Touchdowns de réception du joueur Plus / Moins,31468,77062,1753412062,4566965148,Jordan Addison (MIN) Plus de 0.5,Jordan Addison (MIN) Plus de 0.5,4.0,0,False
16551828,MIN Vikings vs. MIA Dolphins,Jordan Addison,2ème mi-temps - Touchdowns de réception du joueur Plus / Moins,31468,77062,1753412062,4566965149,Jordan Addison (MIN) moins de 0.5,Jordan Addison (MIN) moins de 0.5,1.1667,0,False
16551828,MIN Vikings vs. MIA Dolphins,T.J. Hockenson,2ème mi-temps - Touchdowns de réception du joueur Plus / Moins,31468,77062,1753411732,4566964568,T.J. Hockenson (MIN) Plus de 0.5,T.J. Hockenson (MIN) Plus de 0.5,4.4,0,False
16551828,MIN Vikings vs. MIA Dolphins,T.J. Hockenson,2ème mi-temps - Touchdowns de réception du joueur Plus / Moins,31468,77062,1753411732,4566964569,T.J. Hockenson (MIN) moins de 0.5,T.J. Hockenson (MIN) moins de 0.5,1.1334,0,False
16551828,MIN Vikings vs. MIA Dolphins,Aaron Jones,2ème mi-temps - Touchdowns de réception du joueur Plus / Moins,31468,77062,1753411562,4566964268,Aaron Jones (MIN) Plus de 0.5,Aaron Jones (MIN) Plus de 0.5,6.75,0,False
16551828,MIN Vikings vs. MIA Dolphins,Aaron Jones,2ème mi-temps - Touchdowns de réception du joueur Plus / Moins,31468,77062,1753411562,4566964269,Aaron Jones (MIN) moins de 0.5,Aaron Jones (MIN) moins de 0.5,1.04,0,False
16551828,MIN Vikings vs. MIA Dolphins,Chris Bell,2ème mi-temps - Touchdowns de réception du joueur Plus / Moins,31468,77062,1753412587,4566966072,Chris Bell (MIA) moins de 0.5,Chris Bell (MIA) moins de 0.5,1.04,0,False
16551828,MIN Vikings vs. MIA Dolphins,Chris Bell,2ème mi-temps - Touchdowns de réception du joueur Plus / Moins,31468,77062,1753412587,4566966071,Chris Bell (MIA) Plus de 0.5,Chris Bell (MIA) Plus de 0.5,6.75,0,False
16551828,MIN Vikings vs. MIA Dolphins,Greg Dulcich,2ème mi-temps - Touchdowns de réception du joueur Plus / Moins,31468,77062,1753411987,4566965019,Greg Dulcich (MIA) Plus de 0.5,Greg Dulcich (MIA) Plus de 0.5,6.75,0,False
16551828,MIN Vikings vs. MIA Dolphins,Greg Dulcich,2ème mi-temps - Touchdowns de réception du joueur Plus / Moins,31468,77062,1753411987,4566965020,Greg Dulcich (MIA) moins de 0.5,Greg Dulcich (MIA) moins de 0.5,1.04,0,False
16551828,MIN Vikings vs. MIA Dolphins,Jauan Jennings,2ème mi-temps - Touchdowns de réception du joueur Plus / Moins,31468,77062,1753411608,4566964350,Jauan Jennings (MIN) Plus de 0.5,Jauan Jennings (MIN) Plus de 0.5,6.75,0,False
16551828,MIN Vikings vs. MIA Dolphins,Jauan Jennings,2ème mi-temps - Touchdowns de réception du joueur Plus / Moins,31468,77062,1753411608,4566964351,Jauan Jennings (MIN) moins de 0.5,Jauan Jennings (MIN) moins de 0.5,1.04,0,False
16551828,MIN Vikings vs. MIA Dolphins,Malik Washington,2ème mi-temps - Touchdowns de réception du joueur Plus / Moins,31468,77062,1753412035,4566965104,Malik Washington (MIA) moins de 0.5,Malik Washington (MIA) moins de 0.5,1.04,0,False
16551828,MIN Vikings vs. MIA Dolphins,Malik Washington,2ème mi-temps - Touchdowns de réception du joueur Plus / Moins,31468,77062,1753412035,4566965103,Malik Washington (MIA) Plus de 0.5,Malik Washington (MIA) Plus de 0.5,6.75,0,False
16551828,MIN Vikings vs. MIA Dolphins,Tai Felton,2ème mi-temps - Touchdowns de réception du joueur Plus / Moins,31468,77062,1753412259,4566965491,Tai Felton (MIN) Plus de 0.5,Tai Felton (MIN) Plus de 0.5,7.5,0,False
16551828,MIN Vikings vs. MIA Dolphins,Tai Felton,2ème mi-temps - Touchdowns de réception du joueur Plus / Moins,31468,77062,1753412259,4566965492,Tai Felton (MIN) moins de 0.5,Tai Felton (MIN) moins de 0.5,1.02,0,False
16551828,MIN Vikings vs. MIA Dolphins,Gavin Bartholomew,2ème mi-temps - Touchdowns de réception du joueur Plus / Moins,31468,77062,1753412232,4566965446,Gavin Bartholomew (MIN) Plus de 0.5,Gavin Bartholomew (MIN) Plus de 0.5,8.5,0,False
16551828,MIN Vikings vs. MIA Dolphins,Gavin Bartholomew,2ème mi-temps - Touchdowns de réception du joueur Plus / Moins,31468,77062,1753412232,4566965447,Gavin Bartholomew (MIN) moins de 0.5,Gavin Bartholomew (MIN) moins de 0.5,1.01,0,False
16551828,MIN Vikings vs. MIA Dolphins,Jalen Tolbert,2ème mi-temps - Touchdowns de réception du joueur Plus / Moins,31468,77062,1754530746,4570309636,Jalen Tolbert (MIA) Plus de 0.5,Jalen Tolbert (MIA) Plus de 0.5,8.5,0,False
16551828,MIN Vikings vs. MIA Dolphins,Jalen Tolbert,2ème mi-temps - Touchdowns de réception du joueur Plus / Moins,31468,77062,1754530746,4570309637,Jalen Tolbert (MIA) moins de 0.5,Jalen Tolbert (MIA) moins de 0.5,0.0,7,False
16551828,MIN Vikings vs. MIA Dolphins,Jaylen Wright,2ème mi-temps - Touchdowns de réception du joueur Plus / Moins,31468,77062,1753412180,4566965353,Jaylen Wright (MIA) Plus de 0.5,Jaylen Wright (MIA) Plus de 0.5,8.5,0,False
16551828,MIN Vikings vs. MIA Dolphins,Jaylen Wright,2ème mi-temps - Touchdowns de réception du joueur Plus / Moins,31468,77062,1753412180,4566965354,Jaylen Wright (MIA) moins de 0.5,Jaylen Wright (MIA) moins de 0.5,0.0,7,False
16551828,MIN Vikings vs. MIA Dolphins,Jeshaun Jones,2ème mi-temps - Touchdowns de réception du joueur Plus / Moins,31468,77062,1761694641,4592949894,Jeshaun Jones (MIN) Plus de 0.5,Jeshaun Jones (MIN) Plus de 0.5,8.5,0,False
16551828,MIN Vikings vs. MIA Dolphins,Jeshaun Jones,2ème mi-temps - Touchdowns de réception du joueur Plus / Moins,31468,77062,1761694641,4592949895,Jeshaun Jones (MIN) moins de 0.5,Jeshaun Jones (MIN) moins de 0.5,0.0,7,False
16551828,MIN Vikings vs. MIA Dolphins,Kevin Coleman,2ème mi-temps - Touchdowns de réception du joueur Plus / Moins,31468,77062,1753412682,4566966234,Kevin Coleman (MIA) Plus de 0.5,Kevin Coleman (MIA) Plus de 0.5,8.5,0,False
16551828,MIN Vikings vs. MIA Dolphins,Kevin Coleman,2ème mi-temps - Touchdowns de réception du joueur Plus / Moins,31468,77062,1753412682,4566966235,Kevin Coleman (MIA) moins de 0.5,Kevin Coleman (MIA) moins de 0.5,1.01,0,False
16551828,MIN Vikings vs. MIA Dolphins,Max Bredeson,2ème mi-temps - Touchdowns de réception du joueur Plus / Moins,31468,77062,1753412442,4566965812,Max Bredeson (MIN) Plus de 0.5,Max Bredeson (MIN) Plus de 0.5,8.5,0,False
16551828,MIN Vikings vs. MIA Dolphins,Max Bredeson,2ème mi-temps - Touchdowns de réception du joueur Plus / Moins,31468,77062,1753412442,4566965813,Max Bredeson (MIN) moins de 0.5,Max Bredeson (MIN) moins de 0.5,0.0,7,False
16551828,MIN Vikings vs. MIA Dolphins,Myles Price,2ème mi-temps - Touchdowns de réception du joueur Plus / Moins,31468,77062,1753412095,4566965204,Myles Price (MIN) Plus de 0.5,Myles Price (MIN) Plus de 0.5,8.5,0,False
16551828,MIN Vikings vs. MIA Dolphins,Myles Price,2ème mi-temps - Touchdowns de réception du joueur Plus / Moins,31468,77062,1753412095,4566965205,Myles Price (MIN) moins de 0.5,Myles Price (MIN) moins de 0.5,0.0,7,False
16551828,MIN Vikings vs. MIA Dolphins,Ollie Gordon,2ème mi-temps - Touchdowns de réception du joueur Plus / Moins,31468,77062,1753412536,4566965980,Ollie Gordon (MIA) Plus de 0.5,Ollie Gordon (MIA) Plus de 0.5,8.5,0,False
16551828,MIN Vikings vs. MIA Dolphins,Ollie Gordon,2ème mi-temps - Touchdowns de réception du joueur Plus / Moins,31468,77062,1753412536,4566965981,Ollie Gordon (MIA) moins de 0.5,Ollie Gordon (MIA) moins de 0.5,0.0,7,False
16551828,MIN Vikings vs. MIA Dolphins,Ryan Miller,2ème mi-temps - Touchdowns de réception du joueur Plus / Moins,31468,77062,1753411960,4566964974,Ryan Miller (MIA) Plus de 0.5,Ryan Miller (MIA) Plus de 0.5,8.5,0,False
16551828,MIN Vikings vs. MIA Dolphins,Ryan Miller,2ème mi-temps - Touchdowns de réception du joueur Plus / Moins,31468,77062,1753411960,4566964975,Ryan Miller (MIA) moins de 0.5,Ryan Miller (MIA) moins de 0.5,0.0,7,False
16551828,MIN Vikings vs. MIA Dolphins,Malik Willis,2ème mi-temps - Total de yards à la passe du joueur Plus/Moins,31459,77053,1755764377,4574110147,Malik Willis (MIA) Plus de 85.5,Malik Willis (MIA) Plus de 85.5,1.8334,0,False
16551828,MIN Vikings vs. MIA Dolphins,Malik Willis,2ème mi-temps - Total de yards à la passe du joueur Plus/Moins,31459,77053,1755764377,4574110148,Malik Willis (MIA) moins de 85.5,Malik Willis (MIA) moins de 85.5,1.7693,0,False
16551828,MIN Vikings vs. MIA Dolphins,Kyler Murray,2ème mi-temps - Total de yards à la passe du joueur Plus/Moins,31459,77053,1759751886,4587511756,Kyler Murray (MIN) Plus de 84.5,Kyler Murray (MIN) Plus de 84.5,1.7693,0,False
16551828,MIN Vikings vs. MIA Dolphins,Kyler Murray,2ème mi-temps - Total de yards à la passe du joueur Plus/Moins,31459,77053,1759751886,4587511757,Kyler Murray (MIN) moins de 84.5,Kyler Murray (MIN) moins de 84.5,1.8334,0,False
16551828,MIN Vikings vs. MIA Dolphins,Kyler Murray,2ème mi-temps - Total de Touchdowns à la passe du joueur - Plus/Moins,31462,77056,1753411646,4566964416,Kyler Murray (MIN) Plus de 0.5,Kyler Murray (MIN) Plus de 0.5,1.7693,0,False
16551828,MIN Vikings vs. MIA Dolphins,Kyler Murray,2ème mi-temps - Total de Touchdowns à la passe du joueur - Plus/Moins,31462,77056,1753411646,4566964417,Kyler Murray (MIN) moins de 0.5,Kyler Murray (MIN) moins de 0.5,1.8334,0,False
16551828,MIN Vikings vs. MIA Dolphins,Malik Willis,2ème mi-temps - Total de Touchdowns à la passe du joueur - Plus/Moins,31462,77056,1753411840,4566964760,Malik Willis (MIA) Plus de 0.5,Malik Willis (MIA) Plus de 0.5,2.65,0,False
16551828,MIN Vikings vs. MIA Dolphins,Malik Willis,2ème mi-temps - Total de Touchdowns à la passe du joueur - Plus/Moins,31462,77056,1753411840,4566964761,Malik Willis (MIA) moins de 0.5,Malik Willis (MIA) moins de 0.5,1.3637,0,False
16551828,MIN Vikings vs. MIA Dolphins,Malik Willis,2ème mi-temps - Joueur Tentative de passe - Plus/Moins,31480,77074,1755573143,4573614680,Malik Willis (MIA) moins de 14.5,Malik Willis (MIA) moins de 14.5,1.8334,0,False
16551828,MIN Vikings vs. MIA Dolphins,Malik Willis,2ème mi-temps - Joueur Tentative de passe - Plus/Moins,31480,77074,1755573143,4573614679,Malik Willis (MIA) Plus de 14.5,Malik Willis (MIA) Plus de 14.5,1.7693,0,False
16551828,MIN Vikings vs. MIA Dolphins,Kyler Murray,2ème mi-temps - Joueur Tentative de passe - Plus/Moins,31480,77074,1755862389,4574357824,Kyler Murray (MIN) moins de 11.5,Kyler Murray (MIN) moins de 11.5,1.8696,0,False
16551828,MIN Vikings vs. MIA Dolphins,Kyler Murray,2ème mi-temps - Joueur Tentative de passe - Plus/Moins,31480,77074,1755862389,4574357823,Kyler Murray (MIN) Plus de 11.5,Kyler Murray (MIN) Plus de 11.5,1.7408,0,False
16551828,MIN Vikings vs. MIA Dolphins,Malik Willis,2ème mi-temps - Interceptions du joueur Plus/Moins,31477,77071,1753411846,4566964772,Malik Willis (MIA) Plus de 0.5,Malik Willis (MIA) Plus de 0.5,2.15,0,False
16551828,MIN Vikings vs. MIA Dolphins,Malik Willis,2ème mi-temps - Interceptions du joueur Plus/Moins,31477,77071,1753411846,4566964773,Malik Willis (MIA) moins de 0.5,Malik Willis (MIA) moins de 0.5,1.5556,0,False
16551828,MIN Vikings vs. MIA Dolphins,Kyler Murray,2ème mi-temps - Interceptions du joueur Plus/Moins,31477,77071,1753411652,4566964428,Kyler Murray (MIN) Plus de 0.5,Kyler Murray (MIN) Plus de 0.5,4.0,0,False
16551828,MIN Vikings vs. MIA Dolphins,Kyler Murray,2ème mi-temps - Interceptions du joueur Plus/Moins,31477,77071,1753411652,4566964429,Kyler Murray (MIN) moins de 0.5,Kyler Murray (MIN) moins de 0.5,1.1667,0,False
16551828,MIN Vikings vs. MIA Dolphins,Malik Willis,2ème mi-temps - Passes réussies du joueur - Plus/Moins,31492,77086,1753411852,4566964784,Malik Willis (MIA) Plus de 8.5,Malik Willis (MIA) Plus de 8.5,1.9524,0,False
16551828,MIN Vikings vs. MIA Dolphins,Malik Willis,2ème mi-temps - Passes réussies du joueur - Plus/Moins,31492,77086,1753411852,4566964785,Malik Willis (MIA) moins de 8.5,Malik Willis (MIA) moins de 8.5,1.6667,0,False
16551828,MIN Vikings vs. MIA Dolphins,Kyler Murray,2ème mi-temps - Passes réussies du joueur - Plus/Moins,31492,77086,1755509852,4573463553,Kyler Murray (MIN) Plus de 8.5,Kyler Murray (MIN) Plus de 8.5,2.0,0,False
16551828,MIN Vikings vs. MIA Dolphins,Kyler Murray,2ème mi-temps - Passes réussies du joueur - Plus/Moins,31492,77086,1755509852,4573463554,Kyler Murray (MIN) moins de 8.5,Kyler Murray (MIN) moins de 8.5,1.6471,0,False
16551828,MIN Vikings vs. MIA Dolphins,Aaron Jones,Premier quart-temps - Total de yards à la course du joueur Plus/Moins,31472,77066,1753411573,4566964290,Aaron Jones (MIN) Plus de 13.5,Aaron Jones (MIN) Plus de 13.5,1.7693,0,False
16551828,MIN Vikings vs. MIA Dolphins,Aaron Jones,Premier quart-temps - Total de yards à la course du joueur Plus/Moins,31472,77066,1753411573,4566964291,Aaron Jones (MIN) moins de 13.5,Aaron Jones (MIN) moins de 13.5,1.8334,0,False
16551828,MIN Vikings vs. MIA Dolphins,Jaylen Wright,Premier quart-temps - Total de yards à la course du joueur Plus/Moins,31472,77066,1755776627,4574139371,Jaylen Wright (MIA) Plus de 5.5,Jaylen Wright (MIA) Plus de 5.5,1.7693,0,False
16551828,MIN Vikings vs. MIA Dolphins,Jaylen Wright,Premier quart-temps - Total de yards à la course du joueur Plus/Moins,31472,77066,1755776627,4574139372,Jaylen Wright (MIA) moins de 5.5,Jaylen Wright (MIA) moins de 5.5,1.8334,0,False
16551828,MIN Vikings vs. MIA Dolphins,Ollie Gordon,Premier quart-temps - Total de yards à la course du joueur Plus/Moins,31472,77066,1757166098,4578744261,Ollie Gordon (MIA) Plus de 3.5,Ollie Gordon (MIA) Plus de 3.5,1.7408,0,False
16551828,MIN Vikings vs. MIA Dolphins,Ollie Gordon,Premier quart-temps - Total de yards à la course du joueur Plus/Moins,31472,77066,1757166098,4578744262,Ollie Gordon (MIA) moins de 3.5,Ollie Gordon (MIA) moins de 3.5,1.8696,0,False
16551828,MIN Vikings vs. MIA Dolphins,Malik Willis,Premier quart-temps - Total de yards à la course du joueur Plus/Moins,31472,77066,1757157903,4578722454,Malik Willis (MIA) Plus de 2.5,Malik Willis (MIA) Plus de 2.5,1.7693,0,False
16551828,MIN Vikings vs. MIA Dolphins,Malik Willis,Premier quart-temps - Total de yards à la course du joueur Plus/Moins,31472,77066,1757157903,4578722455,Malik Willis (MIA) moins de 2.5,Malik Willis (MIA) moins de 2.5,1.8334,0,False
16551828,MIN Vikings vs. MIA Dolphins,Kyler Murray,Premier quart-temps - Total de yards à la course du joueur Plus/Moins,31472,77066,1753880176,4568359980,Kyler Murray (MIN) Plus de 1.5,Kyler Murray (MIN) Plus de 1.5,1.7693,0,False
16551828,MIN Vikings vs. MIA Dolphins,Kyler Murray,Premier quart-temps - Total de yards à la course du joueur Plus/Moins,31472,77066,1753880176,4568359981,Kyler Murray (MIN) moins de 1.5,Kyler Murray (MIN) moins de 1.5,1.8334,0,False
16551828,MIN Vikings vs. MIA Dolphins,Aaron Jones,Premier quart-temps - Touchdowns de course du joueur Plus / Moins,31475,77069,1753411576,4566964296,Aaron Jones (MIN) Plus de 0.5,Aaron Jones (MIN) Plus de 0.5,5.0,0,False
16551828,MIN Vikings vs. MIA Dolphins,Aaron Jones,Premier quart-temps - Touchdowns de course du joueur Plus / Moins,31475,77069,1753411576,4566964297,Aaron Jones (MIN) moins de 0.5,Aaron Jones (MIN) moins de 0.5,1.1,0,False
16551828,MIN Vikings vs. MIA Dolphins,Jaylen Wright,Premier quart-temps - Touchdowns de course du joueur Plus / Moins,31475,77069,1753412194,4566965381,Jaylen Wright (MIA) Plus de 0.5,Jaylen Wright (MIA) Plus de 0.5,7.75,0,False
16551828,MIN Vikings vs. MIA Dolphins,Jaylen Wright,Premier quart-temps - Touchdowns de course du joueur Plus / Moins,31475,77069,1753412194,4566965382,Jaylen Wright (MIA) moins de 0.5,Jaylen Wright (MIA) moins de 0.5,1.02,0,False
16551828,MIN Vikings vs. MIA Dolphins,Kyler Murray,Premier quart-temps - Touchdowns de course du joueur Plus / Moins,31475,77069,1753411669,4566964462,Kyler Murray (MIN) Plus de 0.5,Kyler Murray (MIN) Plus de 0.5,7.75,0,False
16551828,MIN Vikings vs. MIA Dolphins,Kyler Murray,Premier quart-temps - Touchdowns de course du joueur Plus / Moins,31475,77069,1753411669,4566964463,Kyler Murray (MIN) moins de 0.5,Kyler Murray (MIN) moins de 0.5,1.02,0,False
16551828,MIN Vikings vs. MIA Dolphins,DeeJay Dallas,Premier quart-temps - Touchdowns de course du joueur Plus / Moins,31475,77069,1753411808,4566964705,DeeJay Dallas (MIN) Plus de 0.5,DeeJay Dallas (MIN) Plus de 0.5,8.5,0,False
16551828,MIN Vikings vs. MIA Dolphins,DeeJay Dallas,Premier quart-temps - Touchdowns de course du joueur Plus / Moins,31475,77069,1753411808,4566964706,DeeJay Dallas (MIN) moins de 0.5,DeeJay Dallas (MIN) moins de 0.5,0.0,7,False
16551828,MIN Vikings vs. MIA Dolphins,Malik Willis,Premier quart-temps - Touchdowns de course du joueur Plus / Moins,31475,77069,1753411863,4566964806,Malik Willis (MIA) Plus de 0.5,Malik Willis (MIA) Plus de 0.5,8.5,0,False
16551828,MIN Vikings vs. MIA Dolphins,Malik Willis,Premier quart-temps - Touchdowns de course du joueur Plus / Moins,31475,77069,1753411863,4566964807,Malik Willis (MIA) moins de 0.5,Malik Willis (MIA) moins de 0.5,1.01,0,False
16551828,MIN Vikings vs. MIA Dolphins,Ollie Gordon,Premier quart-temps - Touchdowns de course du joueur Plus / Moins,31475,77069,1753412550,4566966008,Ollie Gordon (MIA) Plus de 0.5,Ollie Gordon (MIA) Plus de 0.5,8.5,0,False
16551828,MIN Vikings vs. MIA Dolphins,Ollie Gordon,Premier quart-temps - Touchdowns de course du joueur Plus / Moins,31475,77069,1753412550,4566966009,Ollie Gordon (MIA) moins de 0.5,Ollie Gordon (MIA) moins de 0.5,1.01,0,False
16551828,MIN Vikings vs. MIA Dolphins,Demond Claiborne,Premier quart-temps - Touchdowns de course du joueur Plus / Moins,31475,77069,1753412628,4566966144,Demond Claiborne (MIN) Plus de 0.5,Demond Claiborne (MIN) Plus de 0.5,9.0,0,False
16551828,MIN Vikings vs. MIA Dolphins,Demond Claiborne,Premier quart-temps - Touchdowns de course du joueur Plus / Moins,31475,77069,1753412628,4566966145,Demond Claiborne (MIN) moins de 0.5,Demond Claiborne (MIN) moins de 0.5,0.0,7,False
16551828,MIN Vikings vs. MIA Dolphins,Aaron Jones,Premier quart-temps - Tentatives de rushing du joueur Plus/Moins,31484,77078,1753411579,4566964302,Aaron Jones (MIN) Plus de 4.5,Aaron Jones (MIN) Plus de 4.5,2.15,0,False
16551828,MIN Vikings vs. MIA Dolphins,Aaron Jones,Premier quart-temps - Tentatives de rushing du joueur Plus/Moins,31484,77078,1753411579,4566964303,Aaron Jones (MIN) moins de 4.5,Aaron Jones (MIN) moins de 4.5,1.5556,0,False
16551828,MIN Vikings vs. MIA Dolphins,Jaylen Wright,Premier quart-temps - Tentatives de rushing du joueur Plus/Moins,31484,77078,1754227936,4569545188,Jaylen Wright (MIA) Plus de 2.5,Jaylen Wright (MIA) Plus de 2.5,2.2,0,False
16551828,MIN Vikings vs. MIA Dolphins,Jaylen Wright,Premier quart-temps - Tentatives de rushing du joueur Plus/Moins,31484,77078,1754227936,4569545189,Jaylen Wright (MIA) moins de 2.5,Jaylen Wright (MIA) moins de 2.5,1.5264,0,False
16551828,MIN Vikings vs. MIA Dolphins,Ollie Gordon,Premier quart-temps - Tentatives de rushing du joueur Plus/Moins,31484,77078,1754530770,4570309675,Ollie Gordon (MIA) Plus de 1.5,Ollie Gordon (MIA) Plus de 1.5,1.8334,0,False
16551828,MIN Vikings vs. MIA Dolphins,Ollie Gordon,Premier quart-temps - Tentatives de rushing du joueur Plus/Moins,31484,77078,1754530770,4570309676,Ollie Gordon (MIA) moins de 1.5,Ollie Gordon (MIA) moins de 1.5,1.7693,0,False
16551828,MIN Vikings vs. MIA Dolphins,Malik Willis,Premier quart-temps - Tentatives de rushing du joueur Plus/Moins,31484,77078,1753411866,4566964812,Malik Willis (MIA) Plus de 0.5,Malik Willis (MIA) Plus de 0.5,1.3847,0,False
16551828,MIN Vikings vs. MIA Dolphins,Malik Willis,Premier quart-temps - Tentatives de rushing du joueur Plus/Moins,31484,77078,1753411866,4566964813,Malik Willis (MIA) moins de 0.5,Malik Willis (MIA) moins de 0.5,2.6,0,False
16551828,MIN Vikings vs. MIA Dolphins,Kyler Murray,Premier quart-temps - Tentatives de rushing du joueur Plus/Moins,31484,77078,1753411672,4566964468,Kyler Murray (MIN) Plus de 0.5,Kyler Murray (MIN) Plus de 0.5,1.5264,0,False
16551828,MIN Vikings vs. MIA Dolphins,Kyler Murray,Premier quart-temps - Tentatives de rushing du joueur Plus/Moins,31484,77078,1753411672,4566964469,Kyler Murray (MIN) moins de 0.5,Kyler Murray (MIN) moins de 0.5,2.2,0,False
16551828,MIN Vikings vs. MIA Dolphins,Aaron Jones,Premier quart-temps - Yards de course et de réception du joueur Plus / Moins,31490,77084,1753983403,4568885643,Aaron Jones (MIN) Plus de 19.5,Aaron Jones (MIN) Plus de 19.5,1.8334,0,False
16551828,MIN Vikings vs. MIA Dolphins,Aaron Jones,Premier quart-temps - Yards de course et de réception du joueur Plus / Moins,31490,77084,1753983403,4568885644,Aaron Jones (MIN) moins de 19.5,Aaron Jones (MIN) moins de 19.5,1.7693,0,False
16551828,MIN Vikings vs. MIA Dolphins,Jaylen Wright,Premier quart-temps - Yards de course et de réception du joueur Plus / Moins,31490,77084,1755769194,4574121618,Jaylen Wright (MIA) Plus de 7.5,Jaylen Wright (MIA) Plus de 7.5,1.8334,0,False
16551828,MIN Vikings vs. MIA Dolphins,Jaylen Wright,Premier quart-temps - Yards de course et de réception du joueur Plus / Moins,31490,77084,1755769194,4574121619,Jaylen Wright (MIA) moins de 7.5,Jaylen Wright (MIA) moins de 7.5,1.7693,0,False
16551828,MIN Vikings vs. MIA Dolphins,Ollie Gordon,Premier quart-temps - Yards de course et de réception du joueur Plus / Moins,31490,77084,1757164885,4578739732,Ollie Gordon (MIA) Plus de 5.5,Ollie Gordon (MIA) Plus de 5.5,1.8334,0,False
16551828,MIN Vikings vs. MIA Dolphins,Ollie Gordon,Premier quart-temps - Yards de course et de réception du joueur Plus / Moins,31490,77084,1757164885,4578739733,Ollie Gordon (MIA) moins de 5.5,Ollie Gordon (MIA) moins de 5.5,1.7693,0,False
16551828,MIN Vikings vs. MIA Dolphins,Jordan Addison,Premier quart-temps - Total de réceptions Plus/Moins,31487,77081,1755573969,4573616844,Jordan Addison (MIN) Plus de 1.5,Jordan Addison (MIN) Plus de 1.5,2.6,0,False
16551828,MIN Vikings vs. MIA Dolphins,Jordan Addison,Premier quart-temps - Total de réceptions Plus/Moins,31487,77081,1755573969,4573616845,Jordan Addison (MIN) moins de 1.5,Jordan Addison (MIN) moins de 1.5,1.3847,0,False
16551828,MIN Vikings vs. MIA Dolphins,T.J. Hockenson,Premier quart-temps - Total de réceptions Plus/Moins,31487,77081,1753411736,4566964576,T.J. Hockenson (MIN) Plus de 0.5,T.J. Hockenson (MIN) Plus de 0.5,1.3847,0,False
16551828,MIN Vikings vs. MIA Dolphins,T.J. Hockenson,Premier quart-temps - Total de réceptions Plus/Moins,31487,77081,1753411736,4566964577,T.J. Hockenson (MIN) moins de 0.5,T.J. Hockenson (MIN) moins de 0.5,2.6,0,False
16551828,MIN Vikings vs. MIA Dolphins,Malik Washington,Premier quart-temps - Total de réceptions Plus/Moins,31487,77081,1753412039,4566965112,Malik Washington (MIA) moins de 0.5,Malik Washington (MIA) moins de 0.5,2.15,0,False
16551828,MIN Vikings vs. MIA Dolphins,Malik Washington,Premier quart-temps - Total de réceptions Plus/Moins,31487,77081,1753412039,4566965111,Malik Washington (MIA) Plus de 0.5,Malik Washington (MIA) Plus de 0.5,1.5556,0,False
16551828,MIN Vikings vs. MIA Dolphins,Aaron Jones,Premier quart-temps - Total de réceptions Plus/Moins,31487,77081,1753411566,4566964276,Aaron Jones (MIN) Plus de 0.5,Aaron Jones (MIN) Plus de 0.5,1.6471,0,False
16551828,MIN Vikings vs. MIA Dolphins,Aaron Jones,Premier quart-temps - Total de réceptions Plus/Moins,31487,77081,1753411566,4566964277,Aaron Jones (MIN) moins de 0.5,Aaron Jones (MIN) moins de 0.5,2.0,0,False
16551828,MIN Vikings vs. MIA Dolphins,Jauan Jennings,Premier quart-temps - Total de réceptions Plus/Moins,31487,77081,1753411612,4566964358,Jauan Jennings (MIN) Plus de 0.5,Jauan Jennings (MIN) Plus de 0.5,1.9091,0,False
16551828,MIN Vikings vs. MIA Dolphins,Jauan Jennings,Premier quart-temps - Total de réceptions Plus/Moins,31487,77081,1753411612,4566964359,Jauan Jennings (MIN) moins de 0.5,Jauan Jennings (MIN) moins de 0.5,1.7143,0,False
16551828,MIN Vikings vs. MIA Dolphins,Greg Dulcich,Premier quart-temps - Total de réceptions Plus/Moins,31487,77081,1753411991,4566965027,Greg Dulcich (MIA) Plus de 0.5,Greg Dulcich (MIA) Plus de 0.5,2.05,0,False
16551828,MIN Vikings vs. MIA Dolphins,Greg Dulcich,Premier quart-temps - Total de réceptions Plus/Moins,31487,77081,1753411991,4566965028,Greg Dulcich (MIA) moins de 0.5,Greg Dulcich (MIA) moins de 0.5,1.6061,0,False
16551828,MIN Vikings vs. MIA Dolphins,Chris Bell,Premier quart-temps - Total de réceptions Plus/Moins,31487,77081,1753412591,4566966080,Chris Bell (MIA) moins de 0.5,Chris Bell (MIA) moins de 0.5,1.5556,0,False
16551828,MIN Vikings vs. MIA Dolphins,Chris Bell,Premier quart-temps - Total de réceptions Plus/Moins,31487,77081,1753412591,4566966079,Chris Bell (MIA) Plus de 0.5,Chris Bell (MIA) Plus de 0.5,2.15,0,False
16551828,MIN Vikings vs. MIA Dolphins,Tai Felton,Premier quart-temps - Total de réceptions Plus/Moins,31487,77081,1753412263,4566965499,Tai Felton (MIN) Plus de 0.5,Tai Felton (MIN) Plus de 0.5,2.65,0,False
16551828,MIN Vikings vs. MIA Dolphins,Tai Felton,Premier quart-temps - Total de réceptions Plus/Moins,31487,77081,1753412263,4566965500,Tai Felton (MIN) moins de 0.5,Tai Felton (MIN) moins de 0.5,1.3637,0,False
16551828,MIN Vikings vs. MIA Dolphins,Kevin Coleman,Premier quart-temps - Total de réceptions Plus/Moins,31487,77081,1753412686,4566966242,Kevin Coleman (MIA) Plus de 0.5,Kevin Coleman (MIA) Plus de 0.5,3.4,0,False
16551828,MIN Vikings vs. MIA Dolphins,Kevin Coleman,Premier quart-temps - Total de réceptions Plus/Moins,31487,77081,1753412686,4566966243,Kevin Coleman (MIA) moins de 0.5,Kevin Coleman (MIA) moins de 0.5,1.2223,0,False
16551828,MIN Vikings vs. MIA Dolphins,Jaylen Wright,Premier quart-temps - Total de réceptions Plus/Moins,31487,77081,1753412184,4566965361,Jaylen Wright (MIA) Plus de 0.5,Jaylen Wright (MIA) Plus de 0.5,3.5,0,False
16551828,MIN Vikings vs. MIA Dolphins,Jaylen Wright,Premier quart-temps - Total de réceptions Plus/Moins,31487,77081,1753412184,4566965362,Jaylen Wright (MIA) moins de 0.5,Jaylen Wright (MIA) moins de 0.5,1.2106,0,False
16551828,MIN Vikings vs. MIA Dolphins,Ollie Gordon,Premier quart-temps - Total de réceptions Plus/Moins,31487,77081,1753412540,4566965988,Ollie Gordon (MIA) Plus de 0.5,Ollie Gordon (MIA) Plus de 0.5,3.6,0,False
16551828,MIN Vikings vs. MIA Dolphins,Ollie Gordon,Premier quart-temps - Total de réceptions Plus/Moins,31487,77081,1753412540,4566965989,Ollie Gordon (MIA) moins de 0.5,Ollie Gordon (MIA) moins de 0.5,1.2,0,False
16551828,MIN Vikings vs. MIA Dolphins,Ryan Miller,Premier quart-temps - Total de réceptions Plus/Moins,31487,77081,1753411964,4566964982,Ryan Miller (MIA) Plus de 0.5,Ryan Miller (MIA) Plus de 0.5,5.0,0,False
16551828,MIN Vikings vs. MIA Dolphins,Ryan Miller,Premier quart-temps - Total de réceptions Plus/Moins,31487,77081,1753411964,4566964983,Ryan Miller (MIA) moins de 0.5,Ryan Miller (MIA) moins de 0.5,1.1,0,False
16551828,MIN Vikings vs. MIA Dolphins,Jordan Addison,Premier quart-temps - Yards reçus par le joueur - Plus/Moins,31466,77060,1755573145,4573614683,Jordan Addison (MIN) Plus de 10.5,Jordan Addison (MIN) Plus de 10.5,1.7693,0,False
16551828,MIN Vikings vs. MIA Dolphins,Jordan Addison,Premier quart-temps - Yards reçus par le joueur - Plus/Moins,31466,77060,1755573145,4573614684,Jordan Addison (MIN) moins de 10.5,Jordan Addison (MIN) moins de 10.5,1.8334,0,False
16551828,MIN Vikings vs. MIA Dolphins,T.J. Hockenson,Premier quart-temps - Yards reçus par le joueur - Plus/Moins,31466,77060,1755571321,4573610305,T.J. Hockenson (MIN) Plus de 6.5,T.J. Hockenson (MIN) Plus de 6.5,1.8334,0,False
16551828,MIN Vikings vs. MIA Dolphins,T.J. Hockenson,Premier quart-temps - Yards reçus par le joueur - Plus/Moins,31466,77060,1755571321,4573610306,T.J. Hockenson (MIN) moins de 6.5,T.J. Hockenson (MIN) moins de 6.5,1.7693,0,False
16551828,MIN Vikings vs. MIA Dolphins,Malik Washington,Premier quart-temps - Yards reçus par le joueur - Plus/Moins,31466,77060,1753880219,4568360066,Malik Washington (MIA) Plus de 3.5,Malik Washington (MIA) Plus de 3.5,1.7693,0,False
16551828,MIN Vikings vs. MIA Dolphins,Malik Washington,Premier quart-temps - Yards reçus par le joueur - Plus/Moins,31466,77060,1753880219,4568360067,Malik Washington (MIA) moins de 3.5,Malik Washington (MIA) moins de 3.5,1.8334,0,False
16551828,MIN Vikings vs. MIA Dolphins,Aaron Jones,Premier quart-temps - Yards reçus par le joueur - Plus/Moins,31466,77060,1753411560,4566964264,Aaron Jones (MIN) Plus de 0.5,Aaron Jones (MIN) Plus de 0.5,1.8334,0,False
16551828,MIN Vikings vs. MIA Dolphins,Aaron Jones,Premier quart-temps - Yards reçus par le joueur - Plus/Moins,31466,77060,1753411560,4566964265,Aaron Jones (MIN) moins de 0.5,Aaron Jones (MIN) moins de 0.5,1.7693,0,False
16551828,MIN Vikings vs. MIA Dolphins,Jauan Jennings,Premier quart-temps - Yards reçus par le joueur - Plus/Moins,31466,77060,1753411606,4566964346,Jauan Jennings (MIN) Plus de 0.5,Jauan Jennings (MIN) Plus de 0.5,1.9524,0,False
16551828,MIN Vikings vs. MIA Dolphins,Jauan Jennings,Premier quart-temps - Yards reçus par le joueur - Plus/Moins,31466,77060,1753411606,4566964347,Jauan Jennings (MIN) moins de 0.5,Jauan Jennings (MIN) moins de 0.5,1.6667,0,False
16551828,MIN Vikings vs. MIA Dolphins,Greg Dulcich,Premier quart-temps - Yards reçus par le joueur - Plus/Moins,31466,77060,1753411985,4566965016,Greg Dulcich (MIA) moins de 0.5,Greg Dulcich (MIA) moins de 0.5,1.5715,0,False
16551828,MIN Vikings vs. MIA Dolphins,Greg Dulcich,Premier quart-temps - Yards reçus par le joueur - Plus/Moins,31466,77060,1753411985,4566965015,Greg Dulcich (MIA) Plus de 0.5,Greg Dulcich (MIA) Plus de 0.5,2.1,0,False
16551828,MIN Vikings vs. MIA Dolphins,Chris Bell,Premier quart-temps - Yards reçus par le joueur - Plus/Moins,31466,77060,1753412585,4566966067,Chris Bell (MIA) Plus de 0.5,Chris Bell (MIA) Plus de 0.5,2.2,0,False
16551828,MIN Vikings vs. MIA Dolphins,Chris Bell,Premier quart-temps - Yards reçus par le joueur - Plus/Moins,31466,77060,1753412585,4566966068,Chris Bell (MIA) moins de 0.5,Chris Bell (MIA) moins de 0.5,1.5264,0,False
16551828,MIN Vikings vs. MIA Dolphins,Tai Felton,Premier quart-temps - Yards reçus par le joueur - Plus/Moins,31466,77060,1753412257,4566965488,Tai Felton (MIN) moins de 0.5,Tai Felton (MIN) moins de 0.5,1.3572,0,False
16551828,MIN Vikings vs. MIA Dolphins,Tai Felton,Premier quart-temps - Yards reçus par le joueur - Plus/Moins,31466,77060,1753412257,4566965487,Tai Felton (MIN) Plus de 0.5,Tai Felton (MIN) Plus de 0.5,2.7,0,False
16551828,MIN Vikings vs. MIA Dolphins,Kevin Coleman,Premier quart-temps - Yards reçus par le joueur - Plus/Moins,31466,77060,1753412680,4566966230,Kevin Coleman (MIA) Plus de 0.5,Kevin Coleman (MIA) Plus de 0.5,3.5,0,False
16551828,MIN Vikings vs. MIA Dolphins,Kevin Coleman,Premier quart-temps - Yards reçus par le joueur - Plus/Moins,31466,77060,1753412680,4566966231,Kevin Coleman (MIA) moins de 0.5,Kevin Coleman (MIA) moins de 0.5,1.2106,0,False
16551828,MIN Vikings vs. MIA Dolphins,Jaylen Wright,Premier quart-temps - Yards reçus par le joueur - Plus/Moins,31466,77060,1753412178,4566965349,Jaylen Wright (MIA) Plus de 0.5,Jaylen Wright (MIA) Plus de 0.5,4.0,0,False
16551828,MIN Vikings vs. MIA Dolphins,Jaylen Wright,Premier quart-temps - Yards reçus par le joueur - Plus/Moins,31466,77060,1753412178,4566965350,Jaylen Wright (MIA) moins de 0.5,Jaylen Wright (MIA) moins de 0.5,1.1667,0,False
16551828,MIN Vikings vs. MIA Dolphins,Ollie Gordon,Premier quart-temps - Yards reçus par le joueur - Plus/Moins,31466,77060,1753412534,4566965976,Ollie Gordon (MIA) Plus de 0.5,Ollie Gordon (MIA) Plus de 0.5,4.0,0,False
16551828,MIN Vikings vs. MIA Dolphins,Ollie Gordon,Premier quart-temps - Yards reçus par le joueur - Plus/Moins,31466,77060,1753412534,4566965977,Ollie Gordon (MIA) moins de 0.5,Ollie Gordon (MIA) moins de 0.5,1.1667,0,False
16551828,MIN Vikings vs. MIA Dolphins,Ryan Miller,Premier quart-temps - Yards reçus par le joueur - Plus/Moins,31466,77060,1753411958,4566964970,Ryan Miller (MIA) Plus de 0.5,Ryan Miller (MIA) Plus de 0.5,5.0,0,False
16551828,MIN Vikings vs. MIA Dolphins,Ryan Miller,Premier quart-temps - Yards reçus par le joueur - Plus/Moins,31466,77060,1753411958,4566964971,Ryan Miller (MIA) moins de 0.5,Ryan Miller (MIA) moins de 0.5,1.1,0,False
16551828,MIN Vikings vs. MIA Dolphins,Jordan Addison,Premier quart-temps - Touchdowns de réception du joueur Plus / Moins,31469,77063,1753412063,4566965150,Jordan Addison (MIN) Plus de 0.5,Jordan Addison (MIN) Plus de 0.5,5.75,0,False
16551828,MIN Vikings vs. MIA Dolphins,Jordan Addison,Premier quart-temps - Touchdowns de réception du joueur Plus / Moins,31469,77063,1753412063,4566965151,Jordan Addison (MIN) moins de 0.5,Jordan Addison (MIN) moins de 0.5,1.0715,0,False
16551828,MIN Vikings vs. MIA Dolphins,T.J. Hockenson,Premier quart-temps - Touchdowns de réception du joueur Plus / Moins,31469,77063,1753411733,4566964570,T.J. Hockenson (MIN) Plus de 0.5,T.J. Hockenson (MIN) Plus de 0.5,6.75,0,False
16551828,MIN Vikings vs. MIA Dolphins,T.J. Hockenson,Premier quart-temps - Touchdowns de réception du joueur Plus / Moins,31469,77063,1753411733,4566964571,T.J. Hockenson (MIN) moins de 0.5,T.J. Hockenson (MIN) moins de 0.5,1.04,0,False
16551828,MIN Vikings vs. MIA Dolphins,Aaron Jones,Premier quart-temps - Touchdowns de réception du joueur Plus / Moins,31469,77063,1753411563,4566964270,Aaron Jones (MIN) Plus de 0.5,Aaron Jones (MIN) Plus de 0.5,8.5,0,False
16551828,MIN Vikings vs. MIA Dolphins,Aaron Jones,Premier quart-temps - Touchdowns de réception du joueur Plus / Moins,31469,77063,1753411563,4566964271,Aaron Jones (MIN) moins de 0.5,Aaron Jones (MIN) moins de 0.5,1.01,0,False
16551828,MIN Vikings vs. MIA Dolphins,Chris Bell,Premier quart-temps - Touchdowns de réception du joueur Plus / Moins,31469,77063,1753412588,4566966073,Chris Bell (MIA) Plus de 0.5,Chris Bell (MIA) Plus de 0.5,8.5,0,False
16551828,MIN Vikings vs. MIA Dolphins,Chris Bell,Premier quart-temps - Touchdowns de réception du joueur Plus / Moins,31469,77063,1753412588,4566966074,Chris Bell (MIA) moins de 0.5,Chris Bell (MIA) moins de 0.5,0.0,7,False
16551828,MIN Vikings vs. MIA Dolphins,Gavin Bartholomew,Premier quart-temps - Touchdowns de réception du joueur Plus / Moins,31469,77063,1753412233,4566965448,Gavin Bartholomew (MIN) Plus de 0.5,Gavin Bartholomew (MIN) Plus de 0.5,8.5,0,False
16551828,MIN Vikings vs. MIA Dolphins,Gavin Bartholomew,Premier quart-temps - Touchdowns de réception du joueur Plus / Moins,31469,77063,1753412233,4566965449,Gavin Bartholomew (MIN) moins de 0.5,Gavin Bartholomew (MIN) moins de 0.5,0.0,7,False
16551828,MIN Vikings vs. MIA Dolphins,Greg Dulcich,Premier quart-temps - Touchdowns de réception du joueur Plus / Moins,31469,77063,1753411988,4566965021,Greg Dulcich (MIA) Plus de 0.5,Greg Dulcich (MIA) Plus de 0.5,8.5,0,False
16551828,MIN Vikings vs. MIA Dolphins,Greg Dulcich,Premier quart-temps - Touchdowns de réception du joueur Plus / Moins,31469,77063,1753411988,4566965022,Greg Dulcich (MIA) moins de 0.5,Greg Dulcich (MIA) moins de 0.5,0.0,7,False
16551828,MIN Vikings vs. MIA Dolphins,Jauan Jennings,Premier quart-temps - Touchdowns de réception du joueur Plus / Moins,31469,77063,1753411609,4566964352,Jauan Jennings (MIN) Plus de 0.5,Jauan Jennings (MIN) Plus de 0.5,8.5,0,False
16551828,MIN Vikings vs. MIA Dolphins,Jauan Jennings,Premier quart-temps - Touchdowns de réception du joueur Plus / Moins,31469,77063,1753411609,4566964353,Jauan Jennings (MIN) moins de 0.5,Jauan Jennings (MIN) moins de 0.5,1.01,0,False
16551828,MIN Vikings vs. MIA Dolphins,Kevin Coleman,Premier quart-temps - Touchdowns de réception du joueur Plus / Moins,31469,77063,1753412683,4566966236,Kevin Coleman (MIA) Plus de 0.5,Kevin Coleman (MIA) Plus de 0.5,8.5,0,False
16551828,MIN Vikings vs. MIA Dolphins,Kevin Coleman,Premier quart-temps - Touchdowns de réception du joueur Plus / Moins,31469,77063,1753412683,4566966237,Kevin Coleman (MIA) moins de 0.5,Kevin Coleman (MIA) moins de 0.5,0.0,7,False
16551828,MIN Vikings vs. MIA Dolphins,Malik Washington,Premier quart-temps - Touchdowns de réception du joueur Plus / Moins,31469,77063,1753412036,4566965105,Malik Washington (MIA) Plus de 0.5,Malik Washington (MIA) Plus de 0.5,8.5,0,False
16551828,MIN Vikings vs. MIA Dolphins,Malik Washington,Premier quart-temps - Touchdowns de réception du joueur Plus / Moins,31469,77063,1753412036,4566965106,Malik Washington (MIA) moins de 0.5,Malik Washington (MIA) moins de 0.5,0.0,7,False
16551828,MIN Vikings vs. MIA Dolphins,Myles Price,Premier quart-temps - Touchdowns de réception du joueur Plus / Moins,31469,77063,1753412096,4566965206,Myles Price (MIN) Plus de 0.5,Myles Price (MIN) Plus de 0.5,8.5,0,False
16551828,MIN Vikings vs. MIA Dolphins,Myles Price,Premier quart-temps - Touchdowns de réception du joueur Plus / Moins,31469,77063,1753412096,4566965207,Myles Price (MIN) moins de 0.5,Myles Price (MIN) moins de 0.5,0.0,7,False
16551828,MIN Vikings vs. MIA Dolphins,Tai Felton,Premier quart-temps - Touchdowns de réception du joueur Plus / Moins,31469,77063,1753412260,4566965493,Tai Felton (MIN) Plus de 0.5,Tai Felton (MIN) Plus de 0.5,8.5,0,False
16551828,MIN Vikings vs. MIA Dolphins,Tai Felton,Premier quart-temps - Touchdowns de réception du joueur Plus / Moins,31469,77063,1753412260,4566965494,Tai Felton (MIN) moins de 0.5,Tai Felton (MIN) moins de 0.5,0.0,7,False
16551828,MIN Vikings vs. MIA Dolphins,Max Bredeson,Premier quart-temps - Touchdowns de réception du joueur Plus / Moins,31469,77063,1753412443,4566965814,Max Bredeson (MIN) Plus de 0.5,Max Bredeson (MIN) Plus de 0.5,9.0,0,False
16551828,MIN Vikings vs. MIA Dolphins,Max Bredeson,Premier quart-temps - Touchdowns de réception du joueur Plus / Moins,31469,77063,1753412443,4566965815,Max Bredeson (MIN) moins de 0.5,Max Bredeson (MIN) moins de 0.5,0.0,7,False
16551828,MIN Vikings vs. MIA Dolphins,Kyler Murray,Premier quart-temps - Total de yards à la passe du joueur Plus/Moins,31460,77054,1757051583,4578447219,Kyler Murray (MIN) Plus de 49.5,Kyler Murray (MIN) Plus de 49.5,1.8334,0,False
16551828,MIN Vikings vs. MIA Dolphins,Kyler Murray,Premier quart-temps - Total de yards à la passe du joueur Plus/Moins,31460,77054,1757051583,4578447220,Kyler Murray (MIN) moins de 49.5,Kyler Murray (MIN) moins de 49.5,1.7693,0,False
16551828,MIN Vikings vs. MIA Dolphins,Malik Willis,Premier quart-temps - Total de yards à la passe du joueur Plus/Moins,31460,77054,1755802523,4574203080,Malik Willis (MIA) moins de 29.5,Malik Willis (MIA) moins de 29.5,1.8334,0,False
16551828,MIN Vikings vs. MIA Dolphins,Malik Willis,Premier quart-temps - Total de yards à la passe du joueur Plus/Moins,31460,77054,1755802523,4574203079,Malik Willis (MIA) Plus de 29.5,Malik Willis (MIA) Plus de 29.5,1.7693,0,False
16551828,MIN Vikings vs. MIA Dolphins,Kyler Murray,Deuxième quart-temps - Total de yards à la passe du joueur Plus/Moins,31460,77054,1755571314,4573610291,Kyler Murray (MIN) Plus de 60.5,Kyler Murray (MIN) Plus de 60.5,1.7693,0,False
16551828,MIN Vikings vs. MIA Dolphins,Kyler Murray,Deuxième quart-temps - Total de yards à la passe du joueur Plus/Moins,31460,77054,1755571314,4573610292,Kyler Murray (MIN) moins de 60.5,Kyler Murray (MIN) moins de 60.5,1.8334,0,False
16551828,MIN Vikings vs. MIA Dolphins,Malik Willis,Deuxième quart-temps - Total de yards à la passe du joueur Plus/Moins,31460,77054,1755779688,4574146929,Malik Willis (MIA) Plus de 39.5,Malik Willis (MIA) Plus de 39.5,1.7693,0,False
16551828,MIN Vikings vs. MIA Dolphins,Malik Willis,Deuxième quart-temps - Total de yards à la passe du joueur Plus/Moins,31460,77054,1755779688,4574146930,Malik Willis (MIA) moins de 39.5,Malik Willis (MIA) moins de 39.5,1.8334,0,False
16551828,MIN Vikings vs. MIA Dolphins,Kyler Murray,Troisième quart-temps - Total de yards à la passe du joueur Plus/Moins,31460,77054,1754054845,4569104533,Kyler Murray (MIN) Plus de 44.5,Kyler Murray (MIN) Plus de 44.5,1.7693,0,False
16551828,MIN Vikings vs. MIA Dolphins,Kyler Murray,Troisième quart-temps - Total de yards à la passe du joueur Plus/Moins,31460,77054,1754054845,4569104534,Kyler Murray (MIN) moins de 44.5,Kyler Murray (MIN) moins de 44.5,1.8334,0,False
16551828,MIN Vikings vs. MIA Dolphins,Malik Willis,Troisième quart-temps - Total de yards à la passe du joueur Plus/Moins,31460,77054,1757259998,4579014106,Malik Willis (MIA) Plus de 30.5,Malik Willis (MIA) Plus de 30.5,1.7693,0,False
16551828,MIN Vikings vs. MIA Dolphins,Malik Willis,Troisième quart-temps - Total de yards à la passe du joueur Plus/Moins,31460,77054,1757259998,4579014107,Malik Willis (MIA) moins de 30.5,Malik Willis (MIA) moins de 30.5,1.8334,0,False
16551828,MIN Vikings vs. MIA Dolphins,Malik Willis,Quatrième quart-temps - Total de yards à la passe du joueur Plus/Moins,31460,77054,1754054854,4569104552,Malik Willis (MIA) moins de 49.5,Malik Willis (MIA) moins de 49.5,1.7693,0,False
16551828,MIN Vikings vs. MIA Dolphins,Malik Willis,Quatrième quart-temps - Total de yards à la passe du joueur Plus/Moins,31460,77054,1754054854,4569104551,Malik Willis (MIA) Plus de 49.5,Malik Willis (MIA) Plus de 49.5,1.8334,0,False
16551828,MIN Vikings vs. MIA Dolphins,Kyler Murray,Quatrième quart-temps - Total de yards à la passe du joueur Plus/Moins,31460,77054,1757054154,4578453798,Kyler Murray (MIN) Plus de 33.5,Kyler Murray (MIN) Plus de 33.5,1.8334,0,False
16551828,MIN Vikings vs. MIA Dolphins,Kyler Murray,Quatrième quart-temps - Total de yards à la passe du joueur Plus/Moins,31460,77054,1757054154,4578453799,Kyler Murray (MIN) moins de 33.5,Kyler Murray (MIN) moins de 33.5,1.7693,0,False
16551828,MIN Vikings vs. MIA Dolphins,Kyler Murray,Premier quart-temps - 	 Total de Touchdowns à la passe du joueur - Plus/Moins,31463,77057,1753411647,4566964418,Kyler Murray (MIN) Plus de 0.5,Kyler Murray (MIN) Plus de 0.5,2.65,0,False
16551828,MIN Vikings vs. MIA Dolphins,Kyler Murray,Premier quart-temps - 	 Total de Touchdowns à la passe du joueur - Plus/Moins,31463,77057,1753411647,4566964419,Kyler Murray (MIN) moins de 0.5,Kyler Murray (MIN) moins de 0.5,1.3637,0,False
16551828,MIN Vikings vs. MIA Dolphins,Malik Willis,Premier quart-temps - 	 Total de Touchdowns à la passe du joueur - Plus/Moins,31463,77057,1753411841,4566964762,Malik Willis (MIA) Plus de 0.5,Malik Willis (MIA) Plus de 0.5,5.25,0,False
16551828,MIN Vikings vs. MIA Dolphins,Malik Willis,Premier quart-temps - 	 Total de Touchdowns à la passe du joueur - Plus/Moins,31463,77057,1753411841,4566964763,Malik Willis (MIA) moins de 0.5,Malik Willis (MIA) moins de 0.5,1.091,0,False
16551828,MIN Vikings vs. MIA Dolphins,Kyler Murray,Deuxième quart-temps - 	 Total de Touchdowns à la passe du joueur - Plus/Moins,31463,77057,1753411648,4566964420,Kyler Murray (MIN) Plus de 0.5,Kyler Murray (MIN) Plus de 0.5,2.05,0,False
16551828,MIN Vikings vs. MIA Dolphins,Kyler Murray,Deuxième quart-temps - 	 Total de Touchdowns à la passe du joueur - Plus/Moins,31463,77057,1753411648,4566964421,Kyler Murray (MIN) moins de 0.5,Kyler Murray (MIN) moins de 0.5,1.6061,0,False
16551828,MIN Vikings vs. MIA Dolphins,Malik Willis,Deuxième quart-temps - 	 Total de Touchdowns à la passe du joueur - Plus/Moins,31463,77057,1753411842,4566964764,Malik Willis (MIA) Plus de 0.5,Malik Willis (MIA) Plus de 0.5,4.25,0,False
16551828,MIN Vikings vs. MIA Dolphins,Malik Willis,Deuxième quart-temps - 	 Total de Touchdowns à la passe du joueur - Plus/Moins,31463,77057,1753411842,4566964765,Malik Willis (MIA) moins de 0.5,Malik Willis (MIA) moins de 0.5,1.1429,0,False
16551828,MIN Vikings vs. MIA Dolphins,Kyler Murray,Troisième quart-temps - 	 Total de Touchdowns à la passe du joueur - Plus/Moins,31463,77057,1753411649,4566964422,Kyler Murray (MIN) Plus de 0.5,Kyler Murray (MIN) Plus de 0.5,2.85,0,False
16551828,MIN Vikings vs. MIA Dolphins,Kyler Murray,Troisième quart-temps - 	 Total de Touchdowns à la passe du joueur - Plus/Moins,31463,77057,1753411649,4566964423,Kyler Murray (MIN) moins de 0.5,Kyler Murray (MIN) moins de 0.5,1.3125,0,False
16551828,MIN Vikings vs. MIA Dolphins,Malik Willis,Troisième quart-temps - 	 Total de Touchdowns à la passe du joueur - Plus/Moins,31463,77057,1753411843,4566964766,Malik Willis (MIA) Plus de 0.5,Malik Willis (MIA) Plus de 0.5,5.25,0,False
16551828,MIN Vikings vs. MIA Dolphins,Malik Willis,Troisième quart-temps - 	 Total de Touchdowns à la passe du joueur - Plus/Moins,31463,77057,1753411843,4566964767,Malik Willis (MIA) moins de 0.5,Malik Willis (MIA) moins de 0.5,1.091,0,False
16551828,MIN Vikings vs. MIA Dolphins,Kyler Murray,Quatrième quart-temps - 	 Total de Touchdowns à la passe du joueur - Plus/Moins,31463,77057,1753411650,4566964424,Kyler Murray (MIN) Plus de 0.5,Kyler Murray (MIN) Plus de 0.5,2.8,0,False
16551828,MIN Vikings vs. MIA Dolphins,Kyler Murray,Quatrième quart-temps - 	 Total de Touchdowns à la passe du joueur - Plus/Moins,31463,77057,1753411650,4566964425,Kyler Murray (MIN) moins de 0.5,Kyler Murray (MIN) moins de 0.5,1.3334,0,False
16551828,MIN Vikings vs. MIA Dolphins,Malik Willis,Quatrième quart-temps - 	 Total de Touchdowns à la passe du joueur - Plus/Moins,31463,77057,1753411844,4566964768,Malik Willis (MIA) Plus de 0.5,Malik Willis (MIA) Plus de 0.5,3.5,0,False
16551828,MIN Vikings vs. MIA Dolphins,Malik Willis,Quatrième quart-temps - 	 Total de Touchdowns à la passe du joueur - Plus/Moins,31463,77057,1753411844,4566964769,Malik Willis (MIA) moins de 0.5,Malik Willis (MIA) moins de 0.5,1.2106,0,False
16551828,MIN Vikings vs. MIA Dolphins,Kyler Murray,Premier quart-temps - Passes réussies du joueur - Plus/Moins,31493,77087,1753411659,4566964442,Kyler Murray (MIN) Plus de 4.5,Kyler Murray (MIN) Plus de 4.5,1.6667,0,False
16551828,MIN Vikings vs. MIA Dolphins,Kyler Murray,Premier quart-temps - Passes réussies du joueur - Plus/Moins,31493,77087,1753411659,4566964443,Kyler Murray (MIN) moins de 4.5,Kyler Murray (MIN) moins de 4.5,1.9524,0,False
16551828,MIN Vikings vs. MIA Dolphins,Malik Willis,Premier quart-temps - Passes réussies du joueur - Plus/Moins,31493,77087,1753411853,4566964786,Malik Willis (MIA) Plus de 3.5,Malik Willis (MIA) Plus de 3.5,2.05,0,False
16551828,MIN Vikings vs. MIA Dolphins,Malik Willis,Premier quart-temps - Passes réussies du joueur - Plus/Moins,31493,77087,1753411853,4566964787,Malik Willis (MIA) moins de 3.5,Malik Willis (MIA) moins de 3.5,1.6061,0,False
16551828,MIN Vikings vs. MIA Dolphins,Kyler Murray,Premier quart-temps - Joueur Tentative de passe - Plus/Moins,31481,77075,1753411656,4566964436,Kyler Murray (MIN) Plus de 6.5,Kyler Murray (MIN) Plus de 6.5,1.6471,0,False
16551828,MIN Vikings vs. MIA Dolphins,Kyler Murray,Premier quart-temps - Joueur Tentative de passe - Plus/Moins,31481,77075,1753411656,4566964437,Kyler Murray (MIN) moins de 6.5,Kyler Murray (MIN) moins de 6.5,2.0,0,False
16551828,MIN Vikings vs. MIA Dolphins,Malik Willis,Premier quart-temps - Joueur Tentative de passe - Plus/Moins,31481,77075,1753411850,4566964780,Malik Willis (MIA) Plus de 5.5,Malik Willis (MIA) Plus de 5.5,1.7408,0,False
16551828,MIN Vikings vs. MIA Dolphins,Malik Willis,Premier quart-temps - Joueur Tentative de passe - Plus/Moins,31481,77075,1753411850,4566964781,Malik Willis (MIA) moins de 5.5,Malik Willis (MIA) moins de 5.5,1.8696,0,False
16551828,MIN Vikings vs. MIA Dolphins,Malik Willis,Premier quart-temps - Interceptions du joueur Plus/Moins,31478,77072,1753411847,4566964774,Malik Willis (MIA) Plus de 0.5,Malik Willis (MIA) Plus de 0.5,4.4,0,False
16551828,MIN Vikings vs. MIA Dolphins,Malik Willis,Premier quart-temps - Interceptions du joueur Plus/Moins,31478,77072,1753411847,4566964775,Malik Willis (MIA) moins de 0.5,Malik Willis (MIA) moins de 0.5,1.1334,0,False
16551828,MIN Vikings vs. MIA Dolphins,Kyler Murray,Premier quart-temps - Interceptions du joueur Plus/Moins,31478,77072,1753411653,4566964430,Kyler Murray (MIN) Plus de 0.5,Kyler Murray (MIN) Plus de 0.5,5.75,0,False
16551828,MIN Vikings vs. MIA Dolphins,Kyler Murray,Premier quart-temps - Interceptions du joueur Plus/Moins,31478,77072,1753411653,4566964431,Kyler Murray (MIN) moins de 0.5,Kyler Murray (MIN) moins de 0.5,1.0715,0,False
16551828,MIN Vikings vs. MIA Dolphins,Malik Willis,Joueur total nombre de tentatives de passes(Malik Willis (MIA)) (prolongations incluses),2248,73698,1758069677,4582113080,29+,29+,1.9091,0,False
16551828,MIN Vikings vs. MIA Dolphins,Malik Willis,Joueur total nombre de tentatives de passes(Malik Willis (MIA)) (prolongations incluses),2248,73698,1758069677,4582113081,31+,31+,2.25,0,False
16551828,MIN Vikings vs. MIA Dolphins,Malik Willis,Joueur total nombre de tentatives de passes(Malik Willis (MIA)) (prolongations incluses),2248,73698,1758069677,4582113082,33+,33+,2.75,0,False
16551828,MIN Vikings vs. MIA Dolphins,Malik Willis,Joueur total nombre de tentatives de passes(Malik Willis (MIA)) (prolongations incluses),2248,73698,1758069677,4582113083,35+,35+,3.5,0,False
16551828,MIN Vikings vs. MIA Dolphins,Malik Willis,Joueur total nombre de tentatives de passes(Malik Willis (MIA)) (prolongations incluses),2248,73698,1758069677,4582113084,37+,37+,4.5,0,False
16551828,MIN Vikings vs. MIA Dolphins,Malik Willis,Joueur total nombre de tentatives de passes(Malik Willis (MIA)) (prolongations incluses),2248,73698,1758069677,4582113085,39+,39+,6.0,0,False
16551828,MIN Vikings vs. MIA Dolphins,Malik Willis,Joueur total nombre de tentatives de passes(Malik Willis (MIA)) (prolongations incluses),2248,73698,1758069677,4582113086,41+,41+,8.5,0,False
16551828,MIN Vikings vs. MIA Dolphins,Malik Willis,Joueur total nombre de tentatives de passes(Malik Willis (MIA)) (prolongations incluses),2248,73698,1758069677,4582113087,27+,27+,1.5715,0,False
16551828,MIN Vikings vs. MIA Dolphins,Kyler Murray,Joueur total nombre de tentatives de passes(Kyler Murray (MIN)) (prolongations incluses),2248,73698,1758069426,4587348544,30+,30+,2.0,0,False
16551828,MIN Vikings vs. MIA Dolphins,Kyler Murray,Joueur total nombre de tentatives de passes(Kyler Murray (MIN)) (prolongations incluses),2248,73698,1758069426,4587348545,32+,32+,2.3,0,False
16551828,MIN Vikings vs. MIA Dolphins,Kyler Murray,Joueur total nombre de tentatives de passes(Kyler Murray (MIN)) (prolongations incluses),2248,73698,1758069426,4587348546,34+,34+,2.7,0,False
16551828,MIN Vikings vs. MIA Dolphins,Kyler Murray,Joueur total nombre de tentatives de passes(Kyler Murray (MIN)) (prolongations incluses),2248,73698,1758069426,4587348547,36+,36+,3.3,0,False
16551828,MIN Vikings vs. MIA Dolphins,Kyler Murray,Joueur total nombre de tentatives de passes(Kyler Murray (MIN)) (prolongations incluses),2248,73698,1758069426,4587348548,38+,38+,4.0,0,False
16551828,MIN Vikings vs. MIA Dolphins,Kyler Murray,Joueur total nombre de tentatives de passes(Kyler Murray (MIN)) (prolongations incluses),2248,73698,1758069426,4587348549,40+,40+,5.0,0,False
16551828,MIN Vikings vs. MIA Dolphins,Kyler Murray,Joueur total nombre de tentatives de passes(Kyler Murray (MIN)) (prolongations incluses),2248,73698,1758069426,4587348550,42+,42+,6.5,0,False
16551828,MIN Vikings vs. MIA Dolphins,Kyler Murray,Joueur total nombre de tentatives de passes(Kyler Murray (MIN)) (prolongations incluses),2248,73698,1758069426,4587348551,28+,28+,1.6667,0,False
16551828,MIN Vikings vs. MIA Dolphins,Greg Dulcich,Joueur total de réception (Greg Dulcich (MIA)) (incl. OT),2142,72897,1757188452,4578797312,3+,3+,1.5556,0,False
16551828,MIN Vikings vs. MIA Dolphins,Greg Dulcich,Joueur total de réception (Greg Dulcich (MIA)) (incl. OT),2142,72897,1757188452,4578797313,4+,4+,2.2,0,False
16551828,MIN Vikings vs. MIA Dolphins,Greg Dulcich,Joueur total de réception (Greg Dulcich (MIA)) (incl. OT),2142,72897,1757188452,4578797314,5+,5+,3.3,0,False
16551828,MIN Vikings vs. MIA Dolphins,Greg Dulcich,Joueur total de réception (Greg Dulcich (MIA)) (incl. OT),2142,72897,1757188452,4578797315,6+,6+,5.5,0,False
16551828,MIN Vikings vs. MIA Dolphins,Greg Dulcich,Joueur total de réception (Greg Dulcich (MIA)) (incl. OT),2142,72897,1757188452,4578797316,7+,7+,11.0,0,False
16551828,MIN Vikings vs. MIA Dolphins,Greg Dulcich,Joueur total de réception (Greg Dulcich (MIA)) (incl. OT),2142,72897,1757188452,4578797317,8+,8+,20.0,0,False
16551828,MIN Vikings vs. MIA Dolphins,Greg Dulcich,Joueur total de réception (Greg Dulcich (MIA)) (incl. OT),2142,72897,1757188452,4578797318,2+,2+,1.125,0,False
16551828,MIN Vikings vs. MIA Dolphins,Chris Bell,Joueur total de réception (Chris Bell (MIA)) (incl. OT),2142,72897,1758071043,4582116677,3+,3+,1.8334,0,False
16551828,MIN Vikings vs. MIA Dolphins,Chris Bell,Joueur total de réception (Chris Bell (MIA)) (incl. OT),2142,72897,1758071043,4582116678,4+,4+,2.75,0,False
16551828,MIN Vikings vs. MIA Dolphins,Chris Bell,Joueur total de réception (Chris Bell (MIA)) (incl. OT),2142,72897,1758071043,4582116679,5+,5+,4.75,0,False
16551828,MIN Vikings vs. MIA Dolphins,Chris Bell,Joueur total de réception (Chris Bell (MIA)) (incl. OT),2142,72897,1758071043,4582116680,6+,6+,9.0,0,False
16551828,MIN Vikings vs. MIA Dolphins,Chris Bell,Joueur total de réception (Chris Bell (MIA)) (incl. OT),2142,72897,1758071043,4582116681,7+,7+,19.0,0,False
16551828,MIN Vikings vs. MIA Dolphins,Chris Bell,Joueur total de réception (Chris Bell (MIA)) (incl. OT),2142,72897,1758071043,4582116682,8+,8+,41.0,0,False
16551828,MIN Vikings vs. MIA Dolphins,Chris Bell,Joueur total de réception (Chris Bell (MIA)) (incl. OT),2142,72897,1758071043,4582116683,2+,2+,1.2106,0,False
16551828,MIN Vikings vs. MIA Dolphins,Jauan Jennings,Joueur total de réception (Jauan Jennings (MIN)) (incl. OT),2142,72897,1759865658,4587797079,3+,3+,2.0,0,False
16551828,MIN Vikings vs. MIA Dolphins,Jauan Jennings,Joueur total de réception (Jauan Jennings (MIN)) (incl. OT),2142,72897,1759865658,4587797080,4+,4+,2.8,0,False
16551828,MIN Vikings vs. MIA Dolphins,Jauan Jennings,Joueur total de réception (Jauan Jennings (MIN)) (incl. OT),2142,72897,1759865658,4587797081,5+,5+,4.3,0,False
16551828,MIN Vikings vs. MIA Dolphins,Jauan Jennings,Joueur total de réception (Jauan Jennings (MIN)) (incl. OT),2142,72897,1759865658,4587797082,6+,6+,7.25,0,False
16551828,MIN Vikings vs. MIA Dolphins,Jauan Jennings,Joueur total de réception (Jauan Jennings (MIN)) (incl. OT),2142,72897,1759865658,4587797083,7+,7+,14.0,0,False
16551828,MIN Vikings vs. MIA Dolphins,Jauan Jennings,Joueur total de réception (Jauan Jennings (MIN)) (incl. OT),2142,72897,1759865658,4587797084,8+,8+,26.0,0,False
16551828,MIN Vikings vs. MIA Dolphins,Jauan Jennings,Joueur total de réception (Jauan Jennings (MIN)) (incl. OT),2142,72897,1759865658,4587797085,2+,2+,1.2858,0,False
16551828,MIN Vikings vs. MIA Dolphins,T.J. Hockenson,Joueur total de réception (T.J. Hockenson (MIN)) (incl. OT),2142,72897,1759466599,4586758240,5+,5+,2.05,0,False
16551828,MIN Vikings vs. MIA Dolphins,T.J. Hockenson,Joueur total de réception (T.J. Hockenson (MIN)) (incl. OT),2142,72897,1759466599,4586758241,6+,6+,2.95,0,False
16551828,MIN Vikings vs. MIA Dolphins,T.J. Hockenson,Joueur total de réception (T.J. Hockenson (MIN)) (incl. OT),2142,72897,1759466599,4586758242,7+,7+,4.75,0,False
16551828,MIN Vikings vs. MIA Dolphins,T.J. Hockenson,Joueur total de réception (T.J. Hockenson (MIN)) (incl. OT),2142,72897,1759466599,4586758243,8+,8+,8.5,0,False
16551828,MIN Vikings vs. MIA Dolphins,T.J. Hockenson,Joueur total de réception (T.J. Hockenson (MIN)) (incl. OT),2142,72897,1759466599,4586758244,9+,9+,16.0,0,False
16551828,MIN Vikings vs. MIA Dolphins,T.J. Hockenson,Joueur total de réception (T.J. Hockenson (MIN)) (incl. OT),2142,72897,1759466599,4586758245,10+,10+,31.0,0,False
16551828,MIN Vikings vs. MIA Dolphins,T.J. Hockenson,Joueur total de réception (T.J. Hockenson (MIN)) (incl. OT),2142,72897,1759466599,4586758246,4+,4+,1.3449,0,False
16551828,MIN Vikings vs. MIA Dolphins,Malik Washington,Joueur total de réception (Malik Washington (MIA)) (incl. OT),2142,72897,1758071044,4582116684,4+,4+,1.3847,0,False
16551828,MIN Vikings vs. MIA Dolphins,Malik Washington,Joueur total de réception (Malik Washington (MIA)) (incl. OT),2142,72897,1758071044,4582116685,5+,5+,2.1,0,False
16551828,MIN Vikings vs. MIA Dolphins,Malik Washington,Joueur total de réception (Malik Washington (MIA)) (incl. OT),2142,72897,1758071044,4582116686,6+,6+,2.8,0,False
16551828,MIN Vikings vs. MIA Dolphins,Malik Washington,Joueur total de réception (Malik Washington (MIA)) (incl. OT),2142,72897,1758071044,4582116687,7+,7+,4.25,0,False
16551828,MIN Vikings vs. MIA Dolphins,Malik Washington,Joueur total de réception (Malik Washington (MIA)) (incl. OT),2142,72897,1758071044,4582116688,8+,8+,6.5,0,False
16551828,MIN Vikings vs. MIA Dolphins,Malik Washington,Joueur total de réception (Malik Washington (MIA)) (incl. OT),2142,72897,1758071044,4582116689,9+,9+,11.0,0,False
16551828,MIN Vikings vs. MIA Dolphins,Malik Washington,Joueur total de réception (Malik Washington (MIA)) (incl. OT),2142,72897,1758071044,4587382445,10+,10+,20.0,0,False
16551828,MIN Vikings vs. MIA Dolphins,Jordan Addison,Joueur total de réception (Jordan Addison (MIN)) (incl. OT),2142,72897,1759466601,4586758252,5+,5+,2.0,0,False
16551828,MIN Vikings vs. MIA Dolphins,Jordan Addison,Joueur total de réception (Jordan Addison (MIN)) (incl. OT),2142,72897,1759466601,4586758253,6+,6+,2.75,0,False
16551828,MIN Vikings vs. MIA Dolphins,Jordan Addison,Joueur total de réception (Jordan Addison (MIN)) (incl. OT),2142,72897,1759466601,4586758254,7+,7+,4.0,0,False
16551828,MIN Vikings vs. MIA Dolphins,Jordan Addison,Joueur total de réception (Jordan Addison (MIN)) (incl. OT),2142,72897,1759466601,4586758255,8+,8+,6.5,0,False
16551828,MIN Vikings vs. MIA Dolphins,Jordan Addison,Joueur total de réception (Jordan Addison (MIN)) (incl. OT),2142,72897,1759466601,4586758256,9+,9+,12.0,0,False
16551828,MIN Vikings vs. MIA Dolphins,Jordan Addison,Joueur total de réception (Jordan Addison (MIN)) (incl. OT),2142,72897,1759466601,4586758257,10+,10+,21.0,0,False
16551828,MIN Vikings vs. MIA Dolphins,Jordan Addison,Joueur total de réception (Jordan Addison (MIN)) (incl. OT),2142,72897,1759466601,4586758258,4+,4+,1.3847,0,False
16551828,MIN Vikings vs. MIA Dolphins,Aaron Jones,Joueur total de réception (Aaron Jones (MIN)) (incl. OT),2142,72897,1758071358,4582117456,3+,3+,1.4167,0,False
16551828,MIN Vikings vs. MIA Dolphins,Aaron Jones,Joueur total de réception (Aaron Jones (MIN)) (incl. OT),2142,72897,1758071358,4582117457,4+,4+,2.2,0,False
16551828,MIN Vikings vs. MIA Dolphins,Aaron Jones,Joueur total de réception (Aaron Jones (MIN)) (incl. OT),2142,72897,1758071358,4582117458,5+,5+,3.2,0,False
16551828,MIN Vikings vs. MIA Dolphins,Aaron Jones,Joueur total de réception (Aaron Jones (MIN)) (incl. OT),2142,72897,1758071358,4582117459,6+,6+,5.25,0,False
16551828,MIN Vikings vs. MIA Dolphins,Aaron Jones,Joueur total de réception (Aaron Jones (MIN)) (incl. OT),2142,72897,1758071358,4582117460,7+,7+,10.0,0,False
16551828,MIN Vikings vs. MIA Dolphins,Aaron Jones,Joueur total de réception (Aaron Jones (MIN)) (incl. OT),2142,72897,1758071358,4582117461,8+,8+,19.0,0,False
16551828,MIN Vikings vs. MIA Dolphins,Aaron Jones,Joueur total de réception (Aaron Jones (MIN)) (incl. OT),2142,72897,1758071358,4586758239,9+,9+,36.0,0,False
16551828,MIN Vikings vs. MIA Dolphins,Tai Felton,Joueur total de réception (Tai Felton (MIN)) (incl. OT),2142,72897,1759865659,4587797088,4+,4+,5.25,0,False
16551828,MIN Vikings vs. MIA Dolphins,Tai Felton,Joueur total de réception (Tai Felton (MIN)) (incl. OT),2142,72897,1759865659,4587797089,5+,5+,11.0,0,False
16551828,MIN Vikings vs. MIA Dolphins,Tai Felton,Joueur total de réception (Tai Felton (MIN)) (incl. OT),2142,72897,1759865659,4587797090,6+,6+,26.0,0,False
16551828,MIN Vikings vs. MIA Dolphins,Tai Felton,Joueur total de réception (Tai Felton (MIN)) (incl. OT),2142,72897,1759865659,4587797086,2+,2+,1.7693,0,False
16551828,MIN Vikings vs. MIA Dolphins,Tai Felton,Joueur total de réception (Tai Felton (MIN)) (incl. OT),2142,72897,1759865659,4587797087,3+,3+,2.85,0,False
16551828,MIN Vikings vs. MIA Dolphins,Kevin Coleman Jr.,Joueur total de réception (Kevin Coleman Jr. (MIA)) (incl. OT),2142,72897,1759865158,4587795865,2+,2+,1.8696,0,False
16551828,MIN Vikings vs. MIA Dolphins,Kevin Coleman Jr.,Joueur total de réception (Kevin Coleman Jr. (MIA)) (incl. OT),2142,72897,1759865158,4587795866,3+,3+,2.75,0,False
16551828,MIN Vikings vs. MIA Dolphins,Kevin Coleman Jr.,Joueur total de réception (Kevin Coleman Jr. (MIA)) (incl. OT),2142,72897,1759865158,4587795867,4+,4+,4.5,0,False
16551828,MIN Vikings vs. MIA Dolphins,Kevin Coleman Jr.,Joueur total de réception (Kevin Coleman Jr. (MIA)) (incl. OT),2142,72897,1759865158,4587795868,5+,5+,8.5,0,False
16551828,MIN Vikings vs. MIA Dolphins,Kevin Coleman Jr.,Joueur total de réception (Kevin Coleman Jr. (MIA)) (incl. OT),2142,72897,1759865158,4587795869,6+,6+,16.0,0,False
16551828,MIN Vikings vs. MIA Dolphins,Kevin Coleman Jr.,Joueur total de réception (Kevin Coleman Jr. (MIA)) (incl. OT),2142,72897,1759865158,4587795870,7+,7+,36.0,0,False
16551828,MIN Vikings vs. MIA Dolphins,Ollie Gordon,Joueur total de réception (Ollie Gordon (MIA)) (incl. OT),2142,72897,1759865657,4587797074,2+,2+,2.45,0,False
16551828,MIN Vikings vs. MIA Dolphins,Ollie Gordon,Joueur total de réception (Ollie Gordon (MIA)) (incl. OT),2142,72897,1759865657,4587797075,3+,3+,3.85,0,False
16551828,MIN Vikings vs. MIA Dolphins,Ollie Gordon,Joueur total de réception (Ollie Gordon (MIA)) (incl. OT),2142,72897,1759865657,4587797076,4+,4+,7.0,0,False
16551828,MIN Vikings vs. MIA Dolphins,Ollie Gordon,Joueur total de réception (Ollie Gordon (MIA)) (incl. OT),2142,72897,1759865657,4587797077,5+,5+,15.0,0,False
16551828,MIN Vikings vs. MIA Dolphins,Ollie Gordon,Joueur total de réception (Ollie Gordon (MIA)) (incl. OT),2142,72897,1759865657,4587797078,6+,6+,31.0,0,False
16551828,MIN Vikings vs. MIA Dolphins,Jaylen Wright,Joueur total de réception (Jaylen Wright (MIA)) (incl. OT),2142,72897,1759466600,4586758247,2+,2+,2.7,0,False
16551828,MIN Vikings vs. MIA Dolphins,Jaylen Wright,Joueur total de réception (Jaylen Wright (MIA)) (incl. OT),2142,72897,1759466600,4586758248,3+,3+,4.0,0,False
16551828,MIN Vikings vs. MIA Dolphins,Jaylen Wright,Joueur total de réception (Jaylen Wright (MIA)) (incl. OT),2142,72897,1759466600,4586758249,4+,4+,7.25,0,False
16551828,MIN Vikings vs. MIA Dolphins,Jaylen Wright,Joueur total de réception (Jaylen Wright (MIA)) (incl. OT),2142,72897,1759466600,4586758250,5+,5+,15.0,0,False
16551828,MIN Vikings vs. MIA Dolphins,Jaylen Wright,Joueur total de réception (Jaylen Wright (MIA)) (incl. OT),2142,72897,1759466600,4586758251,6+,6+,31.0,0,False
16551828,MIN Vikings vs. MIA Dolphins,Ryan Miller,Joueur total de réception (Ryan Miller (MIA)) (incl. OT),2142,72897,1759865159,4587795872,3+,3+,5.0,0,False
16551828,MIN Vikings vs. MIA Dolphins,Ryan Miller,Joueur total de réception (Ryan Miller (MIA)) (incl. OT),2142,72897,1759865159,4587795873,4+,4+,10.0,0,False
16551828,MIN Vikings vs. MIA Dolphins,Ryan Miller,Joueur total de réception (Ryan Miller (MIA)) (incl. OT),2142,72897,1759865159,4587795874,5+,5+,21.0,0,False
16551828,MIN Vikings vs. MIA Dolphins,Ryan Miller,Joueur total de réception (Ryan Miller (MIA)) (incl. OT),2142,72897,1759865159,4587795875,6+,6+,51.0,0,False
16551828,MIN Vikings vs. MIA Dolphins,Ryan Miller,Joueur total de réception (Ryan Miller (MIA)) (incl. OT),2142,72897,1759865159,4587795871,2+,2+,2.75,0,False
16551828,MIN Vikings vs. MIA Dolphins,Malik Willis,Joueur total de courses (Malik Willis (MIA)) (prolongations incluses),2133,72890,1758398267,4582966694,6+,6+,1.625,0,False
16551828,MIN Vikings vs. MIA Dolphins,Malik Willis,Joueur total de courses (Malik Willis (MIA)) (prolongations incluses),2133,72890,1758398267,4582966695,7+,7+,1.9524,0,False
16551828,MIN Vikings vs. MIA Dolphins,Malik Willis,Joueur total de courses (Malik Willis (MIA)) (prolongations incluses),2133,72890,1758398267,4582966696,8+,8+,2.25,0,False
16551828,MIN Vikings vs. MIA Dolphins,Malik Willis,Joueur total de courses (Malik Willis (MIA)) (prolongations incluses),2133,72890,1758398267,4582966697,9+,9+,2.7,0,False
16551828,MIN Vikings vs. MIA Dolphins,Malik Willis,Joueur total de courses (Malik Willis (MIA)) (prolongations incluses),2133,72890,1758398267,4582966698,10+,10+,3.2,0,False
16551828,MIN Vikings vs. MIA Dolphins,Malik Willis,Joueur total de courses (Malik Willis (MIA)) (prolongations incluses),2133,72890,1758398267,4582966699,11+,11+,4.0,0,False
16551828,MIN Vikings vs. MIA Dolphins,Malik Willis,Joueur total de courses (Malik Willis (MIA)) (prolongations incluses),2133,72890,1758398267,4582966700,12+,12+,5.0,0,False
16551828,MIN Vikings vs. MIA Dolphins,Malik Willis,Joueur total de courses (Malik Willis (MIA)) (prolongations incluses),2133,72890,1758398267,4582966701,13+,13+,6.5,0,False
16551828,MIN Vikings vs. MIA Dolphins,Malik Willis,Joueur total de courses (Malik Willis (MIA)) (prolongations incluses),2133,72890,1758398267,4582966702,14+,14+,8.5,0,False
16551828,MIN Vikings vs. MIA Dolphins,Malik Willis,Joueur total de courses (Malik Willis (MIA)) (prolongations incluses),2133,72890,1758398267,4582966703,5+,5+,1.3637,0,False
16551828,MIN Vikings vs. MIA Dolphins,Malik Willis,Joueur total de courses (Malik Willis (MIA)) (prolongations incluses),2133,72890,1758398267,4595551368,15+,15+,12.0,0,False
16551828,MIN Vikings vs. MIA Dolphins,Kyler Murray,Joueur total de courses (Kyler Murray (MIN)) (prolongations incluses),2133,72890,1758398265,4582966672,5+,5+,1.7408,0,False
16551828,MIN Vikings vs. MIA Dolphins,Kyler Murray,Joueur total de courses (Kyler Murray (MIN)) (prolongations incluses),2133,72890,1758398265,4582966673,6+,6+,2.2,0,False
16551828,MIN Vikings vs. MIA Dolphins,Kyler Murray,Joueur total de courses (Kyler Murray (MIN)) (prolongations incluses),2133,72890,1758398265,4582966674,7+,7+,2.6,0,False
16551828,MIN Vikings vs. MIA Dolphins,Kyler Murray,Joueur total de courses (Kyler Murray (MIN)) (prolongations incluses),2133,72890,1758398265,4582966675,8+,8+,3.3,0,False
16551828,MIN Vikings vs. MIA Dolphins,Kyler Murray,Joueur total de courses (Kyler Murray (MIN)) (prolongations incluses),2133,72890,1758398265,4582966676,9+,9+,4.3,0,False
16551828,MIN Vikings vs. MIA Dolphins,Kyler Murray,Joueur total de courses (Kyler Murray (MIN)) (prolongations incluses),2133,72890,1758398265,4582966677,10+,10+,5.75,0,False
16551828,MIN Vikings vs. MIA Dolphins,Kyler Murray,Joueur total de courses (Kyler Murray (MIN)) (prolongations incluses),2133,72890,1758398265,4582966678,11+,11+,8.0,0,False
16551828,MIN Vikings vs. MIA Dolphins,Kyler Murray,Joueur total de courses (Kyler Murray (MIN)) (prolongations incluses),2133,72890,1758398265,4582966679,12+,12+,12.0,0,False
16551828,MIN Vikings vs. MIA Dolphins,Kyler Murray,Joueur total de courses (Kyler Murray (MIN)) (prolongations incluses),2133,72890,1758398265,4582966680,13+,13+,18.0,0,False
16551828,MIN Vikings vs. MIA Dolphins,Kyler Murray,Joueur total de courses (Kyler Murray (MIN)) (prolongations incluses),2133,72890,1758398265,4582966681,4+,4+,1.3847,0,False
16551828,MIN Vikings vs. MIA Dolphins,Kyler Murray,Joueur total de courses (Kyler Murray (MIN)) (prolongations incluses),2133,72890,1758398265,4587253878,14+,14+,26.0,0,False
16551828,MIN Vikings vs. MIA Dolphins,Ollie Gordon,Joueur total de courses (Ollie Gordon (MIA)) (prolongations incluses),2133,72890,1759863585,4587791968,7+,7+,1.6667,0,False
16551828,MIN Vikings vs. MIA Dolphins,Ollie Gordon,Joueur total de courses (Ollie Gordon (MIA)) (prolongations incluses),2133,72890,1759863585,4587791969,8+,8+,2.0,0,False
16551828,MIN Vikings vs. MIA Dolphins,Ollie Gordon,Joueur total de courses (Ollie Gordon (MIA)) (prolongations incluses),2133,72890,1759863585,4587791970,9+,9+,2.25,0,False
16551828,MIN Vikings vs. MIA Dolphins,Ollie Gordon,Joueur total de courses (Ollie Gordon (MIA)) (prolongations incluses),2133,72890,1759863585,4587791971,10+,10+,2.6,0,False
16551828,MIN Vikings vs. MIA Dolphins,Ollie Gordon,Joueur total de courses (Ollie Gordon (MIA)) (prolongations incluses),2133,72890,1759863585,4587791972,11+,11+,3.0,0,False
16551828,MIN Vikings vs. MIA Dolphins,Ollie Gordon,Joueur total de courses (Ollie Gordon (MIA)) (prolongations incluses),2133,72890,1759863585,4587791973,12+,12+,3.6,0,False
16551828,MIN Vikings vs. MIA Dolphins,Ollie Gordon,Joueur total de courses (Ollie Gordon (MIA)) (prolongations incluses),2133,72890,1759863585,4587791974,13+,13+,4.4,0,False
16551828,MIN Vikings vs. MIA Dolphins,Ollie Gordon,Joueur total de courses (Ollie Gordon (MIA)) (prolongations incluses),2133,72890,1759863585,4587791975,14+,14+,5.5,0,False
16551828,MIN Vikings vs. MIA Dolphins,Ollie Gordon,Joueur total de courses (Ollie Gordon (MIA)) (prolongations incluses),2133,72890,1759863585,4587791976,15+,15+,6.75,0,False
16551828,MIN Vikings vs. MIA Dolphins,Ollie Gordon,Joueur total de courses (Ollie Gordon (MIA)) (prolongations incluses),2133,72890,1759863585,4587791977,6+,6+,1.4167,0,False
16551828,MIN Vikings vs. MIA Dolphins,Ollie Gordon,Joueur total de courses (Ollie Gordon (MIA)) (prolongations incluses),2133,72890,1759863585,4590194560,16+,16+,9.0,0,False
16551828,MIN Vikings vs. MIA Dolphins,Aaron Jones,Joueur total de courses (Aaron Jones (MIN)) (prolongations incluses),2133,72890,1758398032,4582966112,19+,19+,2.6,0,False
16551828,MIN Vikings vs. MIA Dolphins,Aaron Jones,Joueur total de courses (Aaron Jones (MIN)) (prolongations incluses),2133,72890,1758398032,4582966113,20+,20+,3.0,0,False
16551828,MIN Vikings vs. MIA Dolphins,Aaron Jones,Joueur total de courses (Aaron Jones (MIN)) (prolongations incluses),2133,72890,1758398032,4582966114,21+,21+,3.5,0,False
16551828,MIN Vikings vs. MIA Dolphins,Aaron Jones,Joueur total de courses (Aaron Jones (MIN)) (prolongations incluses),2133,72890,1758398032,4582966115,22+,22+,4.3,0,False
16551828,MIN Vikings vs. MIA Dolphins,Aaron Jones,Joueur total de courses (Aaron Jones (MIN)) (prolongations incluses),2133,72890,1758398032,4582966116,23+,23+,5.25,0,False
16551828,MIN Vikings vs. MIA Dolphins,Aaron Jones,Joueur total de courses (Aaron Jones (MIN)) (prolongations incluses),2133,72890,1758398032,4582966117,24+,24+,6.5,0,False
16551828,MIN Vikings vs. MIA Dolphins,Aaron Jones,Joueur total de courses (Aaron Jones (MIN)) (prolongations incluses),2133,72890,1758398032,4582966118,25+,25+,8.0,0,False
16551828,MIN Vikings vs. MIA Dolphins,Aaron Jones,Joueur total de courses (Aaron Jones (MIN)) (prolongations incluses),2133,72890,1758398032,4582966120,17+,17+,2.0,0,False
16551828,MIN Vikings vs. MIA Dolphins,Aaron Jones,Joueur total de courses (Aaron Jones (MIN)) (prolongations incluses),2133,72890,1758398032,4582966121,16+,16+,1.7143,0,False
16551828,MIN Vikings vs. MIA Dolphins,Aaron Jones,Joueur total de courses (Aaron Jones (MIN)) (prolongations incluses),2133,72890,1758398032,4587381744,15+,15+,1.4762,0,False
16551828,MIN Vikings vs. MIA Dolphins,Aaron Jones,Joueur total de courses (Aaron Jones (MIN)) (prolongations incluses),2133,72890,1758398032,4582966111,18+,18+,2.25,0,False
16551828,MIN Vikings vs. MIA Dolphins,Chris Johnson,Total de plaqués du joueur au moins (prolongations incluses) (Chris Johnson (MIA)),2131,73697,1762611926,4595765173,5+,5+,1.625,0,False
16551828,MIN Vikings vs. MIA Dolphins,Chris Johnson,Total de plaqués du joueur au moins (prolongations incluses) (Chris Johnson (MIA)),2131,73697,1762611926,4595765174,6+,6+,1.9091,0,False
16551828,MIN Vikings vs. MIA Dolphins,Chris Johnson,Total de plaqués du joueur au moins (prolongations incluses) (Chris Johnson (MIA)),2131,73697,1762611926,4595765175,7+,7+,2.3,0,False
16551828,MIN Vikings vs. MIA Dolphins,Chris Johnson,Total de plaqués du joueur au moins (prolongations incluses) (Chris Johnson (MIA)),2131,73697,1762611926,4595765176,8+,8+,2.75,0,False
16551828,MIN Vikings vs. MIA Dolphins,Chris Johnson,Total de plaqués du joueur au moins (prolongations incluses) (Chris Johnson (MIA)),2131,73697,1762611926,4595765177,9+,9+,3.5,0,False
16551828,MIN Vikings vs. MIA Dolphins,Chris Johnson,Total de plaqués du joueur au moins (prolongations incluses) (Chris Johnson (MIA)),2131,73697,1762611926,4595765178,4+,4+,1.3449,0,False
16551828,MIN Vikings vs. MIA Dolphins,Michael Taaffe,Total de plaqués du joueur au moins (prolongations incluses) (Michael Taaffe (MIA)),2131,73697,1762611927,4595765184,5+,5+,1.3572,0,False
16551828,MIN Vikings vs. MIA Dolphins,Michael Taaffe,Total de plaqués du joueur au moins (prolongations incluses) (Michael Taaffe (MIA)),2131,73697,1762611927,4595765179,6+,6+,1.7693,0,False
16551828,MIN Vikings vs. MIA Dolphins,Michael Taaffe,Total de plaqués du joueur au moins (prolongations incluses) (Michael Taaffe (MIA)),2131,73697,1762611927,4595765180,7+,7+,2.3,0,False
16551828,MIN Vikings vs. MIA Dolphins,Michael Taaffe,Total de plaqués du joueur au moins (prolongations incluses) (Michael Taaffe (MIA)),2131,73697,1762611927,4595765181,8+,8+,3.1,0,False
16551828,MIN Vikings vs. MIA Dolphins,Michael Taaffe,Total de plaqués du joueur au moins (prolongations incluses) (Michael Taaffe (MIA)),2131,73697,1762611927,4595765182,9+,9+,4.4,0,False
16551828,MIN Vikings vs. MIA Dolphins,Michael Taaffe,Total de plaqués du joueur au moins (prolongations incluses) (Michael Taaffe (MIA)),2131,73697,1762611927,4595765183,10+,10+,6.5,0,False
16551828,MIN Vikings vs. MIA Dolphins,Jacob Rodriguez,Total de plaqués du joueur au moins (prolongations incluses) (Jacob Rodriguez (MIA)),2131,73697,1761803937,4593283763,9+,9+,1.8,0,False
16551828,MIN Vikings vs. MIA Dolphins,Jacob Rodriguez,Total de plaqués du joueur au moins (prolongations incluses) (Jacob Rodriguez (MIA)),2131,73697,1761803937,4593283764,10+,10+,2.2,0,False
16551828,MIN Vikings vs. MIA Dolphins,Jacob Rodriguez,Total de plaqués du joueur au moins (prolongations incluses) (Jacob Rodriguez (MIA)),2131,73697,1761803937,4593283765,11+,11+,2.75,0,False
16551828,MIN Vikings vs. MIA Dolphins,Jacob Rodriguez,Total de plaqués du joueur au moins (prolongations incluses) (Jacob Rodriguez (MIA)),2131,73697,1761803937,4593283766,12+,12+,3.6,0,False
16551828,MIN Vikings vs. MIA Dolphins,Jacob Rodriguez,Total de plaqués du joueur au moins (prolongations incluses) (Jacob Rodriguez (MIA)),2131,73697,1761803937,4593283767,13+,13+,5.0,0,False
16551828,MIN Vikings vs. MIA Dolphins,Jacob Rodriguez,Total de plaqués du joueur au moins (prolongations incluses) (Jacob Rodriguez (MIA)),2131,73697,1761803937,4593283768,8+,8+,1.4167,0,False
16551828,MIN Vikings vs. MIA Dolphins,Jordyn Brooks,Total de plaqués du joueur au moins (prolongations incluses) (Jordyn Brooks (MIA)),2131,73697,1761803936,4593283757,9+,9+,1.7693,0,False
16551828,MIN Vikings vs. MIA Dolphins,Jordyn Brooks,Total de plaqués du joueur au moins (prolongations incluses) (Jordyn Brooks (MIA)),2131,73697,1761803936,4593283758,10+,10+,2.1,0,False
16551828,MIN Vikings vs. MIA Dolphins,Jordyn Brooks,Total de plaqués du joueur au moins (prolongations incluses) (Jordyn Brooks (MIA)),2131,73697,1761803936,4593283759,11+,11+,2.55,0,False
16551828,MIN Vikings vs. MIA Dolphins,Jordyn Brooks,Total de plaqués du joueur au moins (prolongations incluses) (Jordyn Brooks (MIA)),2131,73697,1761803936,4593283760,12+,12+,3.2,0,False
16551828,MIN Vikings vs. MIA Dolphins,Jordyn Brooks,Total de plaqués du joueur au moins (prolongations incluses) (Jordyn Brooks (MIA)),2131,73697,1761803936,4593283761,13+,13+,4.0,0,False
16551828,MIN Vikings vs. MIA Dolphins,Jordyn Brooks,Total de plaqués du joueur au moins (prolongations incluses) (Jordyn Brooks (MIA)),2131,73697,1761803936,4593283762,8+,8+,1.4445,0,False
16551828,MIN Vikings vs. MIA Dolphins,Eric Wilson,Total de plaqués du joueur au moins (prolongations incluses) (Eric Wilson (MIN)),2131,73697,1762612112,4595765632,7+,7+,2.0,0,False
16551828,MIN Vikings vs. MIA Dolphins,Eric Wilson,Total de plaqués du joueur au moins (prolongations incluses) (Eric Wilson (MIN)),2131,73697,1762612112,4595765633,8+,8+,2.6,0,False
16551828,MIN Vikings vs. MIA Dolphins,Eric Wilson,Total de plaqués du joueur au moins (prolongations incluses) (Eric Wilson (MIN)),2131,73697,1762612112,4595765634,9+,9+,3.6,0,False
16551828,MIN Vikings vs. MIA Dolphins,Eric Wilson,Total de plaqués du joueur au moins (prolongations incluses) (Eric Wilson (MIN)),2131,73697,1762612112,4595765635,10+,10+,5.25,0,False
16551828,MIN Vikings vs. MIA Dolphins,Eric Wilson,Total de plaqués du joueur au moins (prolongations incluses) (Eric Wilson (MIN)),2131,73697,1762612112,4595765636,11+,11+,8.0,0,False
16551828,MIN Vikings vs. MIA Dolphins,Eric Wilson,Total de plaqués du joueur au moins (prolongations incluses) (Eric Wilson (MIN)),2131,73697,1762612112,4595765637,6+,6+,1.5,0,False
16551828,MIN Vikings vs. MIA Dolphins,Dante Trader Jr.,Total de plaqués du joueur au moins (prolongations incluses) (Dante Trader Jr. (MIA)),2131,73697,1762611744,4595764707,6+,6+,1.9524,0,False
16551828,MIN Vikings vs. MIA Dolphins,Dante Trader Jr.,Total de plaqués du joueur au moins (prolongations incluses) (Dante Trader Jr. (MIA)),2131,73697,1762611744,4595764708,7+,7+,2.4,0,False
16551828,MIN Vikings vs. MIA Dolphins,Dante Trader Jr.,Total de plaqués du joueur au moins (prolongations incluses) (Dante Trader Jr. (MIA)),2131,73697,1762611744,4595764709,8+,8+,3.1,0,False
16551828,MIN Vikings vs. MIA Dolphins,Dante Trader Jr.,Total de plaqués du joueur au moins (prolongations incluses) (Dante Trader Jr. (MIA)),2131,73697,1762611744,4595764710,9+,9+,4.0,0,False
16551828,MIN Vikings vs. MIA Dolphins,Dante Trader Jr.,Total de plaqués du joueur au moins (prolongations incluses) (Dante Trader Jr. (MIA)),2131,73697,1762611744,4595764711,10+,10+,5.75,0,False
16551828,MIN Vikings vs. MIA Dolphins,Dante Trader Jr.,Total de plaqués du joueur au moins (prolongations incluses) (Dante Trader Jr. (MIA)),2131,73697,1762611744,4595764712,5+,5+,1.5264,0,False
16551828,MIN Vikings vs. MIA Dolphins,Josh Metellus,Total de plaqués du joueur au moins (prolongations incluses) (Josh Metellus (MIN)),2131,73697,1762612111,4595765626,6+,6+,2.1,0,False
16551828,MIN Vikings vs. MIA Dolphins,Josh Metellus,Total de plaqués du joueur au moins (prolongations incluses) (Josh Metellus (MIN)),2131,73697,1762612111,4595765627,7+,7+,2.7,0,False
16551828,MIN Vikings vs. MIA Dolphins,Josh Metellus,Total de plaqués du joueur au moins (prolongations incluses) (Josh Metellus (MIN)),2131,73697,1762612111,4595765628,8+,8+,3.75,0,False
16551828,MIN Vikings vs. MIA Dolphins,Josh Metellus,Total de plaqués du joueur au moins (prolongations incluses) (Josh Metellus (MIN)),2131,73697,1762612111,4595765629,9+,9+,5.5,0,False
16551828,MIN Vikings vs. MIA Dolphins,Josh Metellus,Total de plaqués du joueur au moins (prolongations incluses) (Josh Metellus (MIN)),2131,73697,1762612111,4595765630,10+,10+,8.5,0,False
16551828,MIN Vikings vs. MIA Dolphins,Josh Metellus,Total de plaqués du joueur au moins (prolongations incluses) (Josh Metellus (MIN)),2131,73697,1762612111,4595765631,5+,5+,1.5556,0,False
16551828,MIN Vikings vs. MIA Dolphins,Byron Murphy Jr.,Total de plaqués du joueur au moins (prolongations incluses) (Byron Murphy Jr. (MIN)),2131,73697,1762611929,4596899136,9+,9+,9.0,0,False
16551828,MIN Vikings vs. MIA Dolphins,Byron Murphy Jr.,Total de plaqués du joueur au moins (prolongations incluses) (Byron Murphy Jr. (MIN)),2131,73697,1762611929,4595765191,4+,4+,1.6471,0,False
16551828,MIN Vikings vs. MIA Dolphins,Byron Murphy Jr.,Total de plaqués du joueur au moins (prolongations incluses) (Byron Murphy Jr. (MIN)),2131,73697,1762611929,4595765192,5+,5+,2.25,0,False
16551828,MIN Vikings vs. MIA Dolphins,Byron Murphy Jr.,Total de plaqués du joueur au moins (prolongations incluses) (Byron Murphy Jr. (MIN)),2131,73697,1762611929,4595765193,6+,6+,2.85,0,False
16551828,MIN Vikings vs. MIA Dolphins,Byron Murphy Jr.,Total de plaqués du joueur au moins (prolongations incluses) (Byron Murphy Jr. (MIN)),2131,73697,1762611929,4595765194,7+,7+,3.85,0,False
16551828,MIN Vikings vs. MIA Dolphins,Byron Murphy Jr.,Total de plaqués du joueur au moins (prolongations incluses) (Byron Murphy Jr. (MIN)),2131,73697,1762611929,4595765195,8+,8+,5.75,0,False
16551828,MIN Vikings vs. MIA Dolphins,Blake Cashman,Total de plaqués du joueur au moins (prolongations incluses) (Blake Cashman (MIN)),2131,73697,1762611928,4595765185,9+,9+,2.15,0,False
16551828,MIN Vikings vs. MIA Dolphins,Blake Cashman,Total de plaqués du joueur au moins (prolongations incluses) (Blake Cashman (MIN)),2131,73697,1762611928,4595765186,10+,10+,2.55,0,False
16551828,MIN Vikings vs. MIA Dolphins,Blake Cashman,Total de plaqués du joueur au moins (prolongations incluses) (Blake Cashman (MIN)),2131,73697,1762611928,4595765187,11+,11+,3.2,0,False
16551828,MIN Vikings vs. MIA Dolphins,Blake Cashman,Total de plaqués du joueur au moins (prolongations incluses) (Blake Cashman (MIN)),2131,73697,1762611928,4595765188,12+,12+,4.0,0,False
16551828,MIN Vikings vs. MIA Dolphins,Blake Cashman,Total de plaqués du joueur au moins (prolongations incluses) (Blake Cashman (MIN)),2131,73697,1762611928,4595765189,13+,13+,5.5,0,False
16551828,MIN Vikings vs. MIA Dolphins,Blake Cashman,Total de plaqués du joueur au moins (prolongations incluses) (Blake Cashman (MIN)),2131,73697,1762611928,4595765190,8+,8+,1.6897,0,False
16551828,MIN Vikings vs. MIA Dolphins,Harrison Smith,Player total interceptions (Harrison Smith (MIN)) (incl. OT),2251,73701,1761596218,4592718812,1+,1+,6.25,0,False
16551828,MIN Vikings vs. MIA Dolphins,Harrison Smith,Player total interceptions (Harrison Smith (MIN)) (incl. OT),2251,73701,1761596218,4592718813,2+,2+,20.0,0,False
16551828,MIN Vikings vs. MIA Dolphins,Byron Murphy Jr.,Player total interceptions (Byron Murphy Jr. (MIN)) (incl. OT),2251,73701,1761596219,4592718814,1+,1+,6.25,0,False
16551828,MIN Vikings vs. MIA Dolphins,Byron Murphy Jr.,Player total interceptions (Byron Murphy Jr. (MIN)) (incl. OT),2251,73701,1761596219,4592718815,2+,2+,20.0,0,False
16551828,MIN Vikings vs. MIA Dolphins,Josh Metellus,Player total interceptions (Josh Metellus (MIN)) (incl. OT),2251,73701,1761596515,4592719589,1+,1+,7.75,0,False
16551828,MIN Vikings vs. MIA Dolphins,Josh Metellus,Player total interceptions (Josh Metellus (MIN)) (incl. OT),2251,73701,1761596515,4592719590,2+,2+,20.0,0,False
16551828,MIN Vikings vs. MIA Dolphins,Isaiah Rodgers,Player total interceptions (Isaiah Rodgers (MIN)) (incl. OT),2251,73701,1761596220,4592718816,1+,1+,9.0,0,False
16551828,MIN Vikings vs. MIA Dolphins,Isaiah Rodgers,Player total interceptions (Isaiah Rodgers (MIN)) (incl. OT),2251,73701,1761596220,4592718817,2+,2+,20.0,0,False
16551828,MIN Vikings vs. MIA Dolphins,Chris Johnson,Player total interceptions (Chris Johnson (MIA)) (incl. OT),2251,73701,1761596391,4592719210,1+,1+,10.0,0,False
16551828,MIN Vikings vs. MIA Dolphins,Chris Johnson,Player total interceptions (Chris Johnson (MIA)) (incl. OT),2251,73701,1761596391,4592719211,2+,2+,20.0,0,False
16551828,MIN Vikings vs. MIA Dolphins,James Pierre,Player total interceptions (James Pierre (MIN)) (incl. OT),2251,73701,1761803399,4593282389,1+,1+,10.0,0,False
16551828,MIN Vikings vs. MIA Dolphins,James Pierre,Player total interceptions (James Pierre (MIN)) (incl. OT),2251,73701,1761803399,4593282390,2+,2+,20.0,0,False
16551828,MIN Vikings vs. MIA Dolphins,Jason Marshall Jr.,Player total interceptions (Jason Marshall Jr. (MIA)) (incl. OT),2251,73701,1761596222,4592718820,1+,1+,11.0,0,False
16551828,MIN Vikings vs. MIA Dolphins,Jason Marshall Jr.,Player total interceptions (Jason Marshall Jr. (MIA)) (incl. OT),2251,73701,1761596222,4592718821,2+,2+,20.0,0,False
16551828,MIN Vikings vs. MIA Dolphins,Theo Jackson,Player total interceptions (Theo Jackson (MIN)) (incl. OT),2251,73701,1761596514,4592719587,1+,1+,11.0,0,False
16551828,MIN Vikings vs. MIA Dolphins,Theo Jackson,Player total interceptions (Theo Jackson (MIN)) (incl. OT),2251,73701,1761596514,4592719588,2+,2+,20.0,0,False
16551828,MIN Vikings vs. MIA Dolphins,Dante Trader Jr.,Player total interceptions (Dante Trader Jr. (MIA)) (incl. OT),2251,73701,1761596221,4592718818,1+,1+,12.0,0,False
16551828,MIN Vikings vs. MIA Dolphins,Dante Trader Jr.,Player total interceptions (Dante Trader Jr. (MIA)) (incl. OT),2251,73701,1761596221,4592718819,2+,2+,20.0,0,False
16551828,MIN Vikings vs. MIA Dolphins,JuJu Brents,Player total interceptions (JuJu Brents (MIA)) (incl. OT),2251,73701,1761803398,4593282387,1+,1+,12.0,0,False
16551828,MIN Vikings vs. MIA Dolphins,JuJu Brents,Player total interceptions (JuJu Brents (MIA)) (incl. OT),2251,73701,1761803398,4593282388,2+,2+,20.0,0,False
