event_id,match,player,market,market_type_id,sport_market_id,child_market_id,odd_id,selection,line,price,odd_status,is_main_bet
16551478,SF 49ers		 vs. ARZ Cardinals,Brock Purdy,Joueur total de yards par la passe (Brock Purdy (SF))(prolongations incluses),2136,72891,1747383832,4556590081,240+,240+,1.8696,0,False
16551478,SF 49ers		 vs. ARZ Cardinals,Brock Purdy,Joueur total de yards par la passe (Brock Purdy (SF))(prolongations incluses),2136,72891,1747383832,4556590082,250+,250+,2.05,0,False
16551478,SF 49ers		 vs. ARZ Cardinals,Brock Purdy,Joueur total de yards par la passe (Brock Purdy (SF))(prolongations incluses),2136,72891,1747383832,4556590083,260+,260+,2.3,0,False
16551478,SF 49ers		 vs. ARZ Cardinals,Brock Purdy,Joueur total de yards par la passe (Brock Purdy (SF))(prolongations incluses),2136,72891,1747383832,4556590084,270+,270+,2.55,0,False
16551478,SF 49ers		 vs. ARZ Cardinals,Brock Purdy,Joueur total de yards par la passe (Brock Purdy (SF))(prolongations incluses),2136,72891,1747383832,4556590085,280+,280+,2.9,0,False
16551478,SF 49ers		 vs. ARZ Cardinals,Brock Purdy,Joueur total de yards par la passe (Brock Purdy (SF))(prolongations incluses),2136,72891,1747383832,4556590086,290+,290+,3.3,0,False
16551478,SF 49ers		 vs. ARZ Cardinals,Brock Purdy,Joueur total de yards par la passe (Brock Purdy (SF))(prolongations incluses),2136,72891,1747383832,4556590087,300+,300+,3.85,0,False
16551478,SF 49ers		 vs. ARZ Cardinals,Brock Purdy,Joueur total de yards par la passe (Brock Purdy (SF))(prolongations incluses),2136,72891,1747383832,4556590088,310+,310+,4.5,0,False
16551478,SF 49ers		 vs. ARZ Cardinals,Brock Purdy,Joueur total de yards par la passe (Brock Purdy (SF))(prolongations incluses),2136,72891,1747383832,4556590089,320+,320+,5.25,0,False
16551478,SF 49ers		 vs. ARZ Cardinals,Brock Purdy,Joueur total de yards par la passe (Brock Purdy (SF))(prolongations incluses),2136,72891,1747383832,4556590090,330+,330+,6.25,0,False
16551478,SF 49ers		 vs. ARZ Cardinals,Brock Purdy,Joueur total de yards par la passe (Brock Purdy (SF))(prolongations incluses),2136,72891,1747383832,4556590091,340+,340+,7.5,0,False
16551478,SF 49ers		 vs. ARZ Cardinals,Brock Purdy,Joueur total de yards par la passe (Brock Purdy (SF))(prolongations incluses),2136,72891,1747383832,4556590092,350+,350+,9.0,0,False
16551478,SF 49ers		 vs. ARZ Cardinals,Brock Purdy,Joueur total de yards par la passe (Brock Purdy (SF))(prolongations incluses),2136,72891,1747383832,4556590093,360+,360+,11.0,0,False
16551478,SF 49ers		 vs. ARZ Cardinals,Brock Purdy,Joueur total de yards par la passe (Brock Purdy (SF))(prolongations incluses),2136,72891,1747383832,4556590094,370+,370+,14.0,0,False
16551478,SF 49ers		 vs. ARZ Cardinals,Brock Purdy,Joueur total de yards par la passe (Brock Purdy (SF))(prolongations incluses),2136,72891,1747383832,4556590095,380+,380+,18.0,0,False
16551478,SF 49ers		 vs. ARZ Cardinals,Brock Purdy,Joueur total de yards par la passe (Brock Purdy (SF))(prolongations incluses),2136,72891,1747383832,4556590096,230+,230+,1.6897,0,False
16551478,SF 49ers		 vs. ARZ Cardinals,Brock Purdy,Joueur total de yards par la passe (Brock Purdy (SF))(prolongations incluses),2136,72891,1747383832,4556590097,220+,220+,1.5264,0,False
16551478,SF 49ers		 vs. ARZ Cardinals,Jacoby Brissett,Joueur total de yards par la passe (Jacoby Brissett (ARI))(prolongations incluses),2136,72891,1746652308,4546716448,266+,266+,2.7,0,False
16551478,SF 49ers		 vs. ARZ Cardinals,Jacoby Brissett,Joueur total de yards par la passe (Jacoby Brissett (ARI))(prolongations incluses),2136,72891,1746652308,4546716449,276+,276+,3.1,0,False
16551478,SF 49ers		 vs. ARZ Cardinals,Jacoby Brissett,Joueur total de yards par la passe (Jacoby Brissett (ARI))(prolongations incluses),2136,72891,1746652308,4546716450,286+,286+,3.4,0,False
16551478,SF 49ers		 vs. ARZ Cardinals,Jacoby Brissett,Joueur total de yards par la passe (Jacoby Brissett (ARI))(prolongations incluses),2136,72891,1746652308,4546716451,296+,296+,3.85,0,False
16551478,SF 49ers		 vs. ARZ Cardinals,Jacoby Brissett,Joueur total de yards par la passe (Jacoby Brissett (ARI))(prolongations incluses),2136,72891,1746652308,4546716452,306+,306+,4.5,0,False
16551478,SF 49ers		 vs. ARZ Cardinals,Jacoby Brissett,Joueur total de yards par la passe (Jacoby Brissett (ARI))(prolongations incluses),2136,72891,1746652308,4546716453,316+,316+,5.25,0,False
16551478,SF 49ers		 vs. ARZ Cardinals,Jacoby Brissett,Joueur total de yards par la passe (Jacoby Brissett (ARI))(prolongations incluses),2136,72891,1746652308,4546716454,326+,326+,6.0,0,False
16551478,SF 49ers		 vs. ARZ Cardinals,Jacoby Brissett,Joueur total de yards par la passe (Jacoby Brissett (ARI))(prolongations incluses),2136,72891,1746652308,4546716455,336+,336+,7.0,0,False
16551478,SF 49ers		 vs. ARZ Cardinals,Jacoby Brissett,Joueur total de yards par la passe (Jacoby Brissett (ARI))(prolongations incluses),2136,72891,1746652308,4546716456,346+,346+,8.5,0,False
16551478,SF 49ers		 vs. ARZ Cardinals,Jacoby Brissett,Joueur total de yards par la passe (Jacoby Brissett (ARI))(prolongations incluses),2136,72891,1746652308,4546716457,356+,356+,10.0,0,False
16551478,SF 49ers		 vs. ARZ Cardinals,Jacoby Brissett,Joueur total de yards par la passe (Jacoby Brissett (ARI))(prolongations incluses),2136,72891,1746652308,4546716458,366+,366+,12.0,0,False
16551478,SF 49ers		 vs. ARZ Cardinals,Jacoby Brissett,Joueur total de yards par la passe (Jacoby Brissett (ARI))(prolongations incluses),2136,72891,1746652308,4546716459,216+,216+,1.6897,0,False
16551478,SF 49ers		 vs. ARZ Cardinals,Jacoby Brissett,Joueur total de yards par la passe (Jacoby Brissett (ARI))(prolongations incluses),2136,72891,1746652308,4546716460,206+,206+,1.5556,0,False
16551478,SF 49ers		 vs. ARZ Cardinals,Jacoby Brissett,Joueur total de yards par la passe (Jacoby Brissett (ARI))(prolongations incluses),2136,72891,1746652308,4546716444,226+,226+,1.8696,0,False
16551478,SF 49ers		 vs. ARZ Cardinals,Jacoby Brissett,Joueur total de yards par la passe (Jacoby Brissett (ARI))(prolongations incluses),2136,72891,1746652308,4546716445,236+,236+,2.05,0,False
16551478,SF 49ers		 vs. ARZ Cardinals,Jacoby Brissett,Joueur total de yards par la passe (Jacoby Brissett (ARI))(prolongations incluses),2136,72891,1746652308,4546716446,246+,246+,2.25,0,False
16551478,SF 49ers		 vs. ARZ Cardinals,Jacoby Brissett,Joueur total de yards par la passe (Jacoby Brissett (ARI))(prolongations incluses),2136,72891,1746652308,4546716447,256+,256+,2.45,0,False
16551478,SF 49ers		 vs. ARZ Cardinals,Christian McCaffrey,Total de Touchdowns du joueur (Incl. Prolongations) (Christian McCaffrey (SF)),2145,72900,1744403829,4539051257,1+,1+,1.3077,0,False
16551478,SF 49ers		 vs. ARZ Cardinals,Christian McCaffrey,Total de Touchdowns du joueur (Incl. Prolongations) (Christian McCaffrey (SF)),2145,72900,1744403829,4539051258,2+,2+,2.5,0,False
16551478,SF 49ers		 vs. ARZ Cardinals,Christian McCaffrey,Total de Touchdowns du joueur (Incl. Prolongations) (Christian McCaffrey (SF)),2145,72900,1744403829,4539051259,3+,3+,10.0,0,False
16551478,SF 49ers		 vs. ARZ Cardinals,Jeremiyah Love,Total de Touchdowns du joueur (Incl. Prolongations) (Jeremiyah Love (ARI)),2145,72900,1744404015,4539051688,2+,2+,8.0,0,False
16551478,SF 49ers		 vs. ARZ Cardinals,Jeremiyah Love,Total de Touchdowns du joueur (Incl. Prolongations) (Jeremiyah Love (ARI)),2145,72900,1744404015,4539051689,3+,3+,51.0,0,False
16551478,SF 49ers		 vs. ARZ Cardinals,Jeremiyah Love,Total de Touchdowns du joueur (Incl. Prolongations) (Jeremiyah Love (ARI)),2145,72900,1744404015,4539051687,1+,1+,2.4,0,False
16551478,SF 49ers		 vs. ARZ Cardinals,Mike Evans,Total de Touchdowns du joueur (Incl. Prolongations) (Mike Evans (SF)),2145,72900,1744404013,4539051681,1+,1+,2.4,0,False
16551478,SF 49ers		 vs. ARZ Cardinals,Mike Evans,Total de Touchdowns du joueur (Incl. Prolongations) (Mike Evans (SF)),2145,72900,1744404013,4539051682,2+,2+,8.0,0,False
16551478,SF 49ers		 vs. ARZ Cardinals,Mike Evans,Total de Touchdowns du joueur (Incl. Prolongations) (Mike Evans (SF)),2145,72900,1744404013,4539051683,3+,3+,51.0,0,False
16551478,SF 49ers		 vs. ARZ Cardinals,Trey McBride,Total de Touchdowns du joueur (Incl. Prolongations) (Trey McBride (ARI)),2145,72900,1744403786,4539051152,2+,2+,9.0,0,False
16551478,SF 49ers		 vs. ARZ Cardinals,Trey McBride,Total de Touchdowns du joueur (Incl. Prolongations) (Trey McBride (ARI)),2145,72900,1744403786,4539051153,3+,3+,61.0,0,False
16551478,SF 49ers		 vs. ARZ Cardinals,Trey McBride,Total de Touchdowns du joueur (Incl. Prolongations) (Trey McBride (ARI)),2145,72900,1744403786,4539051151,1+,1+,2.5,0,False
16551478,SF 49ers		 vs. ARZ Cardinals,Tyler Allgeier,Total de Touchdowns du joueur (Incl. Prolongations) (Tyler Allgeier (ARI)),2145,72900,1744404012,4539051680,3+,3+,71.0,0,False
16551478,SF 49ers		 vs. ARZ Cardinals,Tyler Allgeier,Total de Touchdowns du joueur (Incl. Prolongations) (Tyler Allgeier (ARI)),2145,72900,1744404012,4539051678,1+,1+,2.7,0,False
16551478,SF 49ers		 vs. ARZ Cardinals,Tyler Allgeier,Total de Touchdowns du joueur (Incl. Prolongations) (Tyler Allgeier (ARI)),2145,72900,1744404012,4539051679,2+,2+,10.0,0,False
16551478,SF 49ers		 vs. ARZ Cardinals,George Kittle,Total de Touchdowns du joueur (Incl. Prolongations) (George Kittle (SF)),2145,72900,1744403784,4539051145,1+,1+,2.7,0,False
16551478,SF 49ers		 vs. ARZ Cardinals,George Kittle,Total de Touchdowns du joueur (Incl. Prolongations) (George Kittle (SF)),2145,72900,1744403784,4539051146,2+,2+,10.0,0,False
16551478,SF 49ers		 vs. ARZ Cardinals,George Kittle,Total de Touchdowns du joueur (Incl. Prolongations) (George Kittle (SF)),2145,72900,1744403784,4539051147,3+,3+,71.0,0,False
16551478,SF 49ers		 vs. ARZ Cardinals,Deebo Samuel,Total de Touchdowns du joueur (Incl. Prolongations) (Deebo Samuel (SF)),2145,72900,1744403785,4539051148,1+,1+,2.7,0,False
16551478,SF 49ers		 vs. ARZ Cardinals,Deebo Samuel,Total de Touchdowns du joueur (Incl. Prolongations) (Deebo Samuel (SF)),2145,72900,1744403785,4539051149,2+,2+,10.0,0,False
16551478,SF 49ers		 vs. ARZ Cardinals,Deebo Samuel,Total de Touchdowns du joueur (Incl. Prolongations) (Deebo Samuel (SF)),2145,72900,1744403785,4539051150,3+,3+,71.0,0,False
16551478,SF 49ers		 vs. ARZ Cardinals,Michael Wilson,Total de Touchdowns du joueur (Incl. Prolongations) (Michael Wilson (ARI)),2145,72900,1744403828,4539051256,3+,3+,101.0,0,False
16551478,SF 49ers		 vs. ARZ Cardinals,Michael Wilson,Total de Touchdowns du joueur (Incl. Prolongations) (Michael Wilson (ARI)),2145,72900,1744403828,4539051254,1+,1+,3.5,0,False
16551478,SF 49ers		 vs. ARZ Cardinals,Michael Wilson,Total de Touchdowns du joueur (Incl. Prolongations) (Michael Wilson (ARI)),2145,72900,1744403828,4539051255,2+,2+,18.0,0,False
16551478,SF 49ers		 vs. ARZ Cardinals,Brock Purdy,Total de Touchdowns du joueur (Incl. Prolongations) (Brock Purdy (SF)),2145,72900,1744403787,4539051154,1+,1+,3.6,0,False
16551478,SF 49ers		 vs. ARZ Cardinals,Brock Purdy,Total de Touchdowns du joueur (Incl. Prolongations) (Brock Purdy (SF)),2145,72900,1744403787,4539051155,2+,2+,19.0,0,False
16551478,SF 49ers		 vs. ARZ Cardinals,Brock Purdy,Total de Touchdowns du joueur (Incl. Prolongations) (Brock Purdy (SF)),2145,72900,1744403787,4539051156,3+,3+,101.0,0,False
16551478,SF 49ers		 vs. ARZ Cardinals,Kaelon Black,Total de Touchdowns du joueur (Incl. Prolongations) (Kaelon Black (SF)),2145,72900,1744404119,4539051928,1+,1+,3.85,0,False
16551478,SF 49ers		 vs. ARZ Cardinals,Kaelon Black,Total de Touchdowns du joueur (Incl. Prolongations) (Kaelon Black (SF)),2145,72900,1744404119,4539051929,2+,2+,21.0,0,False
16551478,SF 49ers		 vs. ARZ Cardinals,Kaelon Black,Total de Touchdowns du joueur (Incl. Prolongations) (Kaelon Black (SF)),2145,72900,1744404119,4539051930,3+,3+,101.0,0,False
16551478,SF 49ers		 vs. ARZ Cardinals,Marvin Harrison,Total de Touchdowns du joueur (Incl. Prolongations) (Marvin Harrison (ARI)),2145,72900,1744403833,4539051269,1+,1+,4.5,0,False
16551478,SF 49ers		 vs. ARZ Cardinals,Marvin Harrison,Total de Touchdowns du joueur (Incl. Prolongations) (Marvin Harrison (ARI)),2145,72900,1744403833,4539051270,2+,2+,31.0,0,False
16551478,SF 49ers		 vs. ARZ Cardinals,Marvin Harrison,Total de Touchdowns du joueur (Incl. Prolongations) (Marvin Harrison (ARI)),2145,72900,1744403833,4539051271,3+,3+,151.0,0,False
16551478,SF 49ers		 vs. ARZ Cardinals,Kendrick Bourne,Total de Touchdowns du joueur (Incl. Prolongations) (Kendrick Bourne (ARI)),2145,72900,1744404011,4539051675,1+,1+,7.0,0,False
16551478,SF 49ers		 vs. ARZ Cardinals,Kendrick Bourne,Total de Touchdowns du joueur (Incl. Prolongations) (Kendrick Bourne (ARI)),2145,72900,1744404011,4539051676,2+,2+,51.0,0,False
16551478,SF 49ers		 vs. ARZ Cardinals,Kendrick Bourne,Total de Touchdowns du joueur (Incl. Prolongations) (Kendrick Bourne (ARI)),2145,72900,1744404011,4539051677,3+,3+,201.0,0,False
16551478,SF 49ers		 vs. ARZ Cardinals,Kyle Juszczyk,Total de Touchdowns du joueur (Incl. Prolongations) (Kyle Juszczyk (SF)),2145,72900,1744403783,4539051144,3+,3+,201.0,0,False
16551478,SF 49ers		 vs. ARZ Cardinals,Kyle Juszczyk,Total de Touchdowns du joueur (Incl. Prolongations) (Kyle Juszczyk (SF)),2145,72900,1744403783,4539051142,1+,1+,7.0,0,False
16551478,SF 49ers		 vs. ARZ Cardinals,Kyle Juszczyk,Total de Touchdowns du joueur (Incl. Prolongations) (Kyle Juszczyk (SF)),2145,72900,1744403783,4539051143,2+,2+,51.0,0,False
16551478,SF 49ers		 vs. ARZ Cardinals,Jacoby Brissett,Total de Touchdowns du joueur (Incl. Prolongations) (Jacoby Brissett (ARI)),2145,72900,1744403835,4539051275,1+,1+,8.0,0,False
16551478,SF 49ers		 vs. ARZ Cardinals,Jacoby Brissett,Total de Touchdowns du joueur (Incl. Prolongations) (Jacoby Brissett (ARI)),2145,72900,1744403835,4539051276,2+,2+,61.0,0,False
16551478,SF 49ers		 vs. ARZ Cardinals,Jacoby Brissett,Total de Touchdowns du joueur (Incl. Prolongations) (Jacoby Brissett (ARI)),2145,72900,1744403835,4539051277,3+,3+,201.0,0,False
16551478,SF 49ers		 vs. ARZ Cardinals,Jacob Cowing,Total de Touchdowns du joueur (Incl. Prolongations) (Jacob Cowing (SF)),2145,72900,1744403832,4539051266,1+,1+,8.5,0,False
16551478,SF 49ers		 vs. ARZ Cardinals,Jacob Cowing,Total de Touchdowns du joueur (Incl. Prolongations) (Jacob Cowing (SF)),2145,72900,1744403832,4539051267,2+,2+,61.0,0,False
16551478,SF 49ers		 vs. ARZ Cardinals,Jacob Cowing,Total de Touchdowns du joueur (Incl. Prolongations) (Jacob Cowing (SF)),2145,72900,1744403832,4539051268,3+,3+,201.0,0,False
16551478,SF 49ers		 vs. ARZ Cardinals,Khadarel Hodge,Total de Touchdowns du joueur (Incl. Prolongations) (Khadarel Hodge (SF)),2145,72900,1746604017,4546545208,3+,3+,201.0,0,False
16551478,SF 49ers		 vs. ARZ Cardinals,Khadarel Hodge,Total de Touchdowns du joueur (Incl. Prolongations) (Khadarel Hodge (SF)),2145,72900,1746604017,4546545206,1+,1+,9.0,0,False
16551478,SF 49ers		 vs. ARZ Cardinals,Khadarel Hodge,Total de Touchdowns du joueur (Incl. Prolongations) (Khadarel Hodge (SF)),2145,72900,1746604017,4546545207,2+,2+,71.0,0,False
16551478,SF 49ers		 vs. ARZ Cardinals,Luke Farrell,Total de Touchdowns du joueur (Incl. Prolongations) (Luke Farrell (SF)),2145,72900,1744403834,4539051272,1+,1+,12.0,0,False
16551478,SF 49ers		 vs. ARZ Cardinals,Luke Farrell,Total de Touchdowns du joueur (Incl. Prolongations) (Luke Farrell (SF)),2145,72900,1744403834,4539051273,2+,2+,91.0,0,False
16551478,SF 49ers		 vs. ARZ Cardinals,Luke Farrell,Total de Touchdowns du joueur (Incl. Prolongations) (Luke Farrell (SF)),2145,72900,1744403834,4539051274,3+,3+,251.0,0,False
16551478,SF 49ers		 vs. ARZ Cardinals,Jordan Watkins,Total de Touchdowns du joueur (Incl. Prolongations) (Jordan Watkins (SF)),2145,72900,1744403976,4539051580,1+,1+,12.0,0,False
16551478,SF 49ers		 vs. ARZ Cardinals,Jordan Watkins,Total de Touchdowns du joueur (Incl. Prolongations) (Jordan Watkins (SF)),2145,72900,1744403976,4539051581,2+,2+,91.0,0,False
16551478,SF 49ers		 vs. ARZ Cardinals,Jordan Watkins,Total de Touchdowns du joueur (Incl. Prolongations) (Jordan Watkins (SF)),2145,72900,1744403976,4539051582,3+,3+,251.0,0,False
16551478,SF 49ers		 vs. ARZ Cardinals,Elijah Higgins,Total de Touchdowns du joueur (Incl. Prolongations) (Elijah Higgins (ARI)),2145,72900,1744403831,4539051264,2+,2+,101.0,0,False
16551478,SF 49ers		 vs. ARZ Cardinals,Elijah Higgins,Total de Touchdowns du joueur (Incl. Prolongations) (Elijah Higgins (ARI)),2145,72900,1744403831,4539051265,3+,3+,251.0,0,False
16551478,SF 49ers		 vs. ARZ Cardinals,Elijah Higgins,Total de Touchdowns du joueur (Incl. Prolongations) (Elijah Higgins (ARI)),2145,72900,1744403831,4539051263,1+,1+,18.0,0,False
16551478,SF 49ers		 vs. ARZ Cardinals,Zonovan Knight,Total de Touchdowns du joueur (Incl. Prolongations) (Zonovan Knight (ARI)),2145,72900,1744403978,4539051586,1+,1+,20.0,0,False
16551478,SF 49ers		 vs. ARZ Cardinals,Zonovan Knight,Total de Touchdowns du joueur (Incl. Prolongations) (Zonovan Knight (ARI)),2145,72900,1744403978,4539051587,2+,2+,101.0,0,False
16551478,SF 49ers		 vs. ARZ Cardinals,Zonovan Knight,Total de Touchdowns du joueur (Incl. Prolongations) (Zonovan Knight (ARI)),2145,72900,1744403978,4539051588,3+,3+,251.0,0,False
16551478,SF 49ers		 vs. ARZ Cardinals,Brayden Willis,Total de Touchdowns du joueur (Incl. Prolongations) (Brayden Willis (SF)),2145,72900,1744403830,4539051260,1+,1+,20.0,0,False
16551478,SF 49ers		 vs. ARZ Cardinals,Brayden Willis,Total de Touchdowns du joueur (Incl. Prolongations) (Brayden Willis (SF)),2145,72900,1744403830,4539051261,2+,2+,101.0,0,False
16551478,SF 49ers		 vs. ARZ Cardinals,Brayden Willis,Total de Touchdowns du joueur (Incl. Prolongations) (Brayden Willis (SF)),2145,72900,1744403830,4539051262,3+,3+,251.0,0,False
16551478,SF 49ers		 vs. ARZ Cardinals,Jordan James,Total de Touchdowns du joueur (Incl. Prolongations) (Jordan James (SF)),2145,72900,1744403977,4539051584,2+,2+,101.0,0,False
16551478,SF 49ers		 vs. ARZ Cardinals,Jordan James,Total de Touchdowns du joueur (Incl. Prolongations) (Jordan James (SF)),2145,72900,1744403977,4539051585,3+,3+,251.0,0,False
16551478,SF 49ers		 vs. ARZ Cardinals,Jordan James,Total de Touchdowns du joueur (Incl. Prolongations) (Jordan James (SF)),2145,72900,1744403977,4539051583,1+,1+,20.0,0,False
16551478,SF 49ers		 vs. ARZ Cardinals,Devin Duvernay,Total de Touchdowns du joueur (Incl. Prolongations) (Devin Duvernay (ARI)),2145,72900,1744404014,4539051684,1+,1+,26.0,0,False
16551478,SF 49ers		 vs. ARZ Cardinals,Devin Duvernay,Total de Touchdowns du joueur (Incl. Prolongations) (Devin Duvernay (ARI)),2145,72900,1744404014,4539051685,2+,2+,151.0,0,False
16551478,SF 49ers		 vs. ARZ Cardinals,Devin Duvernay,Total de Touchdowns du joueur (Incl. Prolongations) (Devin Duvernay (ARI)),2145,72900,1744404014,4539051686,3+,3+,251.0,0,False
16551478,SF 49ers		 vs. ARZ Cardinals,Simi Fehoko,Total de Touchdowns du joueur (Incl. Prolongations) (Simi Fehoko (ARI)),2145,72900,1744403837,4539051281,1+,1+,31.0,0,False
16551478,SF 49ers		 vs. ARZ Cardinals,Simi Fehoko,Total de Touchdowns du joueur (Incl. Prolongations) (Simi Fehoko (ARI)),2145,72900,1744403837,4539051282,2+,2+,151.0,0,False
16551478,SF 49ers		 vs. ARZ Cardinals,Simi Fehoko,Total de Touchdowns du joueur (Incl. Prolongations) (Simi Fehoko (ARI)),2145,72900,1744403837,4539051283,3+,3+,251.0,0,False
16551478,SF 49ers		 vs. ARZ Cardinals,Jalen Brooks,Total de Touchdowns du joueur (Incl. Prolongations) (Jalen Brooks (ARI)),2145,72900,1744404010,4539051672,1+,1+,36.0,0,False
16551478,SF 49ers		 vs. ARZ Cardinals,Jalen Brooks,Total de Touchdowns du joueur (Incl. Prolongations) (Jalen Brooks (ARI)),2145,72900,1744404010,4539051673,2+,2+,151.0,0,False
16551478,SF 49ers		 vs. ARZ Cardinals,Jalen Brooks,Total de Touchdowns du joueur (Incl. Prolongations) (Jalen Brooks (ARI)),2145,72900,1744404010,4539051674,3+,3+,251.0,0,False
16551478,SF 49ers		 vs. ARZ Cardinals,Brock Purdy,Joueur total de TDs par la passe (Brock Purdy (SF) (prolongations incluses),2138,72893,1746652011,4546715736,2+,2+,1.5883,0,False
16551478,SF 49ers		 vs. ARZ Cardinals,Brock Purdy,Joueur total de TDs par la passe (Brock Purdy (SF) (prolongations incluses),2138,72893,1746652011,4546715737,3+,3+,2.9,0,False
16551478,SF 49ers		 vs. ARZ Cardinals,Brock Purdy,Joueur total de TDs par la passe (Brock Purdy (SF) (prolongations incluses),2138,72893,1746652011,4546715738,4+,4+,6.75,0,False
16551478,SF 49ers		 vs. ARZ Cardinals,Brock Purdy,Joueur total de TDs par la passe (Brock Purdy (SF) (prolongations incluses),2138,72893,1746652011,4546715739,1+,1+,1.0589,0,False
16551478,SF 49ers		 vs. ARZ Cardinals,Jacoby Brissett,Joueur total de TDs par la passe (Jacoby Brissett (ARI) (prolongations incluses),2138,72893,1746652309,4546716464,1+,1+,1.2667,0,False
16551478,SF 49ers		 vs. ARZ Cardinals,Jacoby Brissett,Joueur total de TDs par la passe (Jacoby Brissett (ARI) (prolongations incluses),2138,72893,1746652309,4546716461,2+,2+,2.45,0,False
16551478,SF 49ers		 vs. ARZ Cardinals,Jacoby Brissett,Joueur total de TDs par la passe (Jacoby Brissett (ARI) (prolongations incluses),2138,72893,1746652309,4546716462,3+,3+,5.25,0,False
16551478,SF 49ers		 vs. ARZ Cardinals,Jacoby Brissett,Joueur total de TDs par la passe (Jacoby Brissett (ARI) (prolongations incluses),2138,72893,1746652309,4546716463,4+,4+,16.0,0,False
16551478,SF 49ers		 vs. ARZ Cardinals,Marvin Harrison,Total des yards reçus par le joueur (Marvin Harrison (ARI)) (prolongations incluses),2143,72898,1746653665,4557621511,33+,33+,1.8696,0,False
16551478,SF 49ers		 vs. ARZ Cardinals,Marvin Harrison,Total des yards reçus par le joueur (Marvin Harrison (ARI)) (prolongations incluses),2143,72898,1746653665,4557621512,43+,43+,2.3,0,False
16551478,SF 49ers		 vs. ARZ Cardinals,Marvin Harrison,Total des yards reçus par le joueur (Marvin Harrison (ARI)) (prolongations incluses),2143,72898,1746653665,4557621513,53+,53+,2.85,0,False
16551478,SF 49ers		 vs. ARZ Cardinals,Marvin Harrison,Total des yards reçus par le joueur (Marvin Harrison (ARI)) (prolongations incluses),2143,72898,1746653665,4557621514,63+,63+,3.75,0,False
16551478,SF 49ers		 vs. ARZ Cardinals,Marvin Harrison,Total des yards reçus par le joueur (Marvin Harrison (ARI)) (prolongations incluses),2143,72898,1746653665,4557621515,73+,73+,5.0,0,False
16551478,SF 49ers		 vs. ARZ Cardinals,Marvin Harrison,Total des yards reçus par le joueur (Marvin Harrison (ARI)) (prolongations incluses),2143,72898,1746653665,4557621516,83+,83+,7.0,0,False
16551478,SF 49ers		 vs. ARZ Cardinals,Marvin Harrison,Total des yards reçus par le joueur (Marvin Harrison (ARI)) (prolongations incluses),2143,72898,1746653665,4557621517,93+,93+,10.0,0,False
16551478,SF 49ers		 vs. ARZ Cardinals,Marvin Harrison,Total des yards reçus par le joueur (Marvin Harrison (ARI)) (prolongations incluses),2143,72898,1746653665,4557621518,103+,103+,16.0,0,False
16551478,SF 49ers		 vs. ARZ Cardinals,Marvin Harrison,Total des yards reçus par le joueur (Marvin Harrison (ARI)) (prolongations incluses),2143,72898,1746653665,4557621519,113+,113+,26.0,0,False
16551478,SF 49ers		 vs. ARZ Cardinals,Marvin Harrison,Total des yards reçus par le joueur (Marvin Harrison (ARI)) (prolongations incluses),2143,72898,1746653665,4557621520,23+,23+,1.3847,0,False
16551478,SF 49ers		 vs. ARZ Cardinals,Deebo Samuel,Total des yards reçus par le joueur (Deebo Samuel (SF)) (prolongations incluses),2143,72898,1749506637,4558284640,92+,92+,8.5,0,False
16551478,SF 49ers		 vs. ARZ Cardinals,Deebo Samuel,Total des yards reçus par le joueur (Deebo Samuel (SF)) (prolongations incluses),2143,72898,1749506637,4558284642,112+,112+,20.0,0,False
16551478,SF 49ers		 vs. ARZ Cardinals,Deebo Samuel,Total des yards reçus par le joueur (Deebo Samuel (SF)) (prolongations incluses),2143,72898,1749506637,4558284643,122+,122+,36.0,0,False
16551478,SF 49ers		 vs. ARZ Cardinals,Deebo Samuel,Total des yards reçus par le joueur (Deebo Samuel (SF)) (prolongations incluses),2143,72898,1749506637,4558284644,32+,32+,1.4348,0,False
16551478,SF 49ers		 vs. ARZ Cardinals,Deebo Samuel,Total des yards reçus par le joueur (Deebo Samuel (SF)) (prolongations incluses),2143,72898,1749506637,4558284635,42+,42+,1.8696,0,False
16551478,SF 49ers		 vs. ARZ Cardinals,Deebo Samuel,Total des yards reçus par le joueur (Deebo Samuel (SF)) (prolongations incluses),2143,72898,1749506637,4558284636,52+,52+,2.3,0,False
16551478,SF 49ers		 vs. ARZ Cardinals,Deebo Samuel,Total des yards reçus par le joueur (Deebo Samuel (SF)) (prolongations incluses),2143,72898,1749506637,4558284637,62+,62+,3.0,0,False
16551478,SF 49ers		 vs. ARZ Cardinals,Deebo Samuel,Total des yards reçus par le joueur (Deebo Samuel (SF)) (prolongations incluses),2143,72898,1749506637,4558284638,72+,72+,4.0,0,False
16551478,SF 49ers		 vs. ARZ Cardinals,Deebo Samuel,Total des yards reçus par le joueur (Deebo Samuel (SF)) (prolongations incluses),2143,72898,1749506637,4558284639,82+,82+,5.5,0,False
16551478,SF 49ers		 vs. ARZ Cardinals,Christian McCaffrey,Total des yards reçus par le joueur (Christian McCaffrey (SF)) (prolongations incluses),2143,72898,1749506635,4558001427,41+,41+,1.8696,0,False
16551478,SF 49ers		 vs. ARZ Cardinals,Christian McCaffrey,Total des yards reçus par le joueur (Christian McCaffrey (SF)) (prolongations incluses),2143,72898,1749506635,4558001428,51+,51+,2.3,0,False
16551478,SF 49ers		 vs. ARZ Cardinals,Christian McCaffrey,Total des yards reçus par le joueur (Christian McCaffrey (SF)) (prolongations incluses),2143,72898,1749506635,4558001429,61+,61+,3.0,0,False
16551478,SF 49ers		 vs. ARZ Cardinals,Christian McCaffrey,Total des yards reçus par le joueur (Christian McCaffrey (SF)) (prolongations incluses),2143,72898,1749506635,4558001430,71+,71+,4.0,0,False
16551478,SF 49ers		 vs. ARZ Cardinals,Christian McCaffrey,Total des yards reçus par le joueur (Christian McCaffrey (SF)) (prolongations incluses),2143,72898,1749506635,4558001431,81+,81+,5.5,0,False
16551478,SF 49ers		 vs. ARZ Cardinals,Christian McCaffrey,Total des yards reçus par le joueur (Christian McCaffrey (SF)) (prolongations incluses),2143,72898,1749506635,4558001432,91+,91+,8.0,0,False
16551478,SF 49ers		 vs. ARZ Cardinals,Christian McCaffrey,Total des yards reçus par le joueur (Christian McCaffrey (SF)) (prolongations incluses),2143,72898,1749506635,4558001433,101+,101+,13.0,0,False
16551478,SF 49ers		 vs. ARZ Cardinals,Christian McCaffrey,Total des yards reçus par le joueur (Christian McCaffrey (SF)) (prolongations incluses),2143,72898,1749506635,4558001434,111+,111+,20.0,0,False
16551478,SF 49ers		 vs. ARZ Cardinals,Christian McCaffrey,Total des yards reçus par le joueur (Christian McCaffrey (SF)) (prolongations incluses),2143,72898,1749506635,4558001435,121+,121+,31.0,0,False
16551478,SF 49ers		 vs. ARZ Cardinals,Christian McCaffrey,Total des yards reçus par le joueur (Christian McCaffrey (SF)) (prolongations incluses),2143,72898,1749506635,4558001436,31+,31+,1.4348,0,False
16551478,SF 49ers		 vs. ARZ Cardinals,George Kittle,Total des yards reçus par le joueur (George Kittle (SF)) (prolongations incluses),2143,72898,1749506640,4557619104,38+,38+,1.4762,0,False
16551478,SF 49ers		 vs. ARZ Cardinals,George Kittle,Total des yards reçus par le joueur (George Kittle (SF)) (prolongations incluses),2143,72898,1749506640,4557619095,48+,48+,1.9091,0,False
16551478,SF 49ers		 vs. ARZ Cardinals,George Kittle,Total des yards reçus par le joueur (George Kittle (SF)) (prolongations incluses),2143,72898,1749506640,4557619096,58+,58+,2.25,0,False
16551478,SF 49ers		 vs. ARZ Cardinals,George Kittle,Total des yards reçus par le joueur (George Kittle (SF)) (prolongations incluses),2143,72898,1749506640,4557619097,68+,68+,2.75,0,False
16551478,SF 49ers		 vs. ARZ Cardinals,George Kittle,Total des yards reçus par le joueur (George Kittle (SF)) (prolongations incluses),2143,72898,1749506640,4557619098,78+,78+,3.4,0,False
16551478,SF 49ers		 vs. ARZ Cardinals,George Kittle,Total des yards reçus par le joueur (George Kittle (SF)) (prolongations incluses),2143,72898,1749506640,4557619099,88+,88+,4.4,0,False
16551478,SF 49ers		 vs. ARZ Cardinals,George Kittle,Total des yards reçus par le joueur (George Kittle (SF)) (prolongations incluses),2143,72898,1749506640,4557619100,98+,98+,5.75,0,False
16551478,SF 49ers		 vs. ARZ Cardinals,George Kittle,Total des yards reçus par le joueur (George Kittle (SF)) (prolongations incluses),2143,72898,1749506640,4557619101,108+,108+,8.0,0,False
16551478,SF 49ers		 vs. ARZ Cardinals,George Kittle,Total des yards reçus par le joueur (George Kittle (SF)) (prolongations incluses),2143,72898,1749506640,4557619102,118+,118+,11.0,0,False
16551478,SF 49ers		 vs. ARZ Cardinals,George Kittle,Total des yards reçus par le joueur (George Kittle (SF)) (prolongations incluses),2143,72898,1749506640,4557619103,128+,128+,16.0,0,False
16551478,SF 49ers		 vs. ARZ Cardinals,Trey McBride,Total des yards reçus par le joueur (Trey McBride (ARI)) (prolongations incluses),2143,72898,1746653940,4552426029,69+,69+,1.8696,0,False
16551478,SF 49ers		 vs. ARZ Cardinals,Trey McBride,Total des yards reçus par le joueur (Trey McBride (ARI)) (prolongations incluses),2143,72898,1746653940,4552426030,79+,79+,2.2,0,False
16551478,SF 49ers		 vs. ARZ Cardinals,Trey McBride,Total des yards reçus par le joueur (Trey McBride (ARI)) (prolongations incluses),2143,72898,1746653940,4552426031,89+,89+,2.6,0,False
16551478,SF 49ers		 vs. ARZ Cardinals,Trey McBride,Total des yards reçus par le joueur (Trey McBride (ARI)) (prolongations incluses),2143,72898,1746653940,4552426032,99+,99+,3.2,0,False
16551478,SF 49ers		 vs. ARZ Cardinals,Trey McBride,Total des yards reçus par le joueur (Trey McBride (ARI)) (prolongations incluses),2143,72898,1746653940,4552426033,109+,109+,4.0,0,False
16551478,SF 49ers		 vs. ARZ Cardinals,Trey McBride,Total des yards reçus par le joueur (Trey McBride (ARI)) (prolongations incluses),2143,72898,1746653940,4552426034,119+,119+,5.25,0,False
16551478,SF 49ers		 vs. ARZ Cardinals,Trey McBride,Total des yards reçus par le joueur (Trey McBride (ARI)) (prolongations incluses),2143,72898,1746653940,4552426035,129+,129+,6.75,0,False
16551478,SF 49ers		 vs. ARZ Cardinals,Trey McBride,Total des yards reçus par le joueur (Trey McBride (ARI)) (prolongations incluses),2143,72898,1746653940,4552426036,139+,139+,9.0,0,False
16551478,SF 49ers		 vs. ARZ Cardinals,Trey McBride,Total des yards reçus par le joueur (Trey McBride (ARI)) (prolongations incluses),2143,72898,1746653940,4552426037,149+,149+,13.0,0,False
16551478,SF 49ers		 vs. ARZ Cardinals,Trey McBride,Total des yards reçus par le joueur (Trey McBride (ARI)) (prolongations incluses),2143,72898,1746653940,4552426038,59+,59+,1.5,0,False
16551478,SF 49ers		 vs. ARZ Cardinals,Kendrick Bourne,Total des yards reçus par le joueur (Kendrick Bourne (ARI)) (prolongations incluses),2143,72898,1749506636,4558649860,24+,24+,1.8696,0,False
16551478,SF 49ers		 vs. ARZ Cardinals,Kendrick Bourne,Total des yards reçus par le joueur (Kendrick Bourne (ARI)) (prolongations incluses),2143,72898,1749506636,4558649861,34+,34+,2.15,0,False
16551478,SF 49ers		 vs. ARZ Cardinals,Kendrick Bourne,Total des yards reçus par le joueur (Kendrick Bourne (ARI)) (prolongations incluses),2143,72898,1749506636,4558649862,44+,44+,2.5,0,False
16551478,SF 49ers		 vs. ARZ Cardinals,Kendrick Bourne,Total des yards reçus par le joueur (Kendrick Bourne (ARI)) (prolongations incluses),2143,72898,1749506636,4558649863,54+,54+,3.0,0,False
16551478,SF 49ers		 vs. ARZ Cardinals,Kendrick Bourne,Total des yards reçus par le joueur (Kendrick Bourne (ARI)) (prolongations incluses),2143,72898,1749506636,4558649864,64+,64+,3.75,0,False
16551478,SF 49ers		 vs. ARZ Cardinals,Kendrick Bourne,Total des yards reçus par le joueur (Kendrick Bourne (ARI)) (prolongations incluses),2143,72898,1749506636,4558649865,74+,74+,4.5,0,False
16551478,SF 49ers		 vs. ARZ Cardinals,Kendrick Bourne,Total des yards reçus par le joueur (Kendrick Bourne (ARI)) (prolongations incluses),2143,72898,1749506636,4558649866,84+,84+,5.75,0,False
16551478,SF 49ers		 vs. ARZ Cardinals,Kendrick Bourne,Total des yards reçus par le joueur (Kendrick Bourne (ARI)) (prolongations incluses),2143,72898,1749506636,4558649867,94+,94+,7.5,0,False
16551478,SF 49ers		 vs. ARZ Cardinals,Kendrick Bourne,Total des yards reçus par le joueur (Kendrick Bourne (ARI)) (prolongations incluses),2143,72898,1749506636,4558649868,104+,104+,10.0,0,False
16551478,SF 49ers		 vs. ARZ Cardinals,Kendrick Bourne,Total des yards reçus par le joueur (Kendrick Bourne (ARI)) (prolongations incluses),2143,72898,1749506636,4558649869,14+,14+,1.5,0,False
16551478,SF 49ers		 vs. ARZ Cardinals,Mike Evans,Total des yards reçus par le joueur (Mike Evans (SF)) (prolongations incluses),2143,72898,1749506639,4556307904,46+,46+,1.5264,0,False
16551478,SF 49ers		 vs. ARZ Cardinals,Mike Evans,Total des yards reçus par le joueur (Mike Evans (SF)) (prolongations incluses),2143,72898,1749506639,4556307895,56+,56+,1.8696,0,False
16551478,SF 49ers		 vs. ARZ Cardinals,Mike Evans,Total des yards reçus par le joueur (Mike Evans (SF)) (prolongations incluses),2143,72898,1749506639,4556307896,66+,66+,2.2,0,False
16551478,SF 49ers		 vs. ARZ Cardinals,Mike Evans,Total des yards reçus par le joueur (Mike Evans (SF)) (prolongations incluses),2143,72898,1749506639,4556307897,76+,76+,2.6,0,False
16551478,SF 49ers		 vs. ARZ Cardinals,Mike Evans,Total des yards reçus par le joueur (Mike Evans (SF)) (prolongations incluses),2143,72898,1749506639,4556307898,86+,86+,3.2,0,False
16551478,SF 49ers		 vs. ARZ Cardinals,Mike Evans,Total des yards reçus par le joueur (Mike Evans (SF)) (prolongations incluses),2143,72898,1749506639,4556307899,96+,96+,3.85,0,False
16551478,SF 49ers		 vs. ARZ Cardinals,Mike Evans,Total des yards reçus par le joueur (Mike Evans (SF)) (prolongations incluses),2143,72898,1749506639,4556307900,106+,106+,5.0,0,False
16551478,SF 49ers		 vs. ARZ Cardinals,Mike Evans,Total des yards reçus par le joueur (Mike Evans (SF)) (prolongations incluses),2143,72898,1749506639,4556307901,116+,116+,6.5,0,False
16551478,SF 49ers		 vs. ARZ Cardinals,Mike Evans,Total des yards reçus par le joueur (Mike Evans (SF)) (prolongations incluses),2143,72898,1749506639,4556307902,126+,126+,9.0,0,False
16551478,SF 49ers		 vs. ARZ Cardinals,Mike Evans,Total des yards reçus par le joueur (Mike Evans (SF)) (prolongations incluses),2143,72898,1749506639,4556307903,136+,136+,12.0,0,False
16551478,SF 49ers		 vs. ARZ Cardinals,Michael Wilson,Total des yards reçus par le joueur (Michael Wilson (ARI)) (prolongations incluses),2143,72898,1746653664,4566000464,48+,48+,1.8696,0,False
16551478,SF 49ers		 vs. ARZ Cardinals,Michael Wilson,Total des yards reçus par le joueur (Michael Wilson (ARI)) (prolongations incluses),2143,72898,1746653664,4566000465,58+,58+,2.15,0,False
16551478,SF 49ers		 vs. ARZ Cardinals,Michael Wilson,Total des yards reçus par le joueur (Michael Wilson (ARI)) (prolongations incluses),2143,72898,1746653664,4566000466,68+,68+,2.5,0,False
16551478,SF 49ers		 vs. ARZ Cardinals,Michael Wilson,Total des yards reçus par le joueur (Michael Wilson (ARI)) (prolongations incluses),2143,72898,1746653664,4566000467,78+,78+,2.95,0,False
16551478,SF 49ers		 vs. ARZ Cardinals,Michael Wilson,Total des yards reçus par le joueur (Michael Wilson (ARI)) (prolongations incluses),2143,72898,1746653664,4566000468,88+,88+,3.5,0,False
16551478,SF 49ers		 vs. ARZ Cardinals,Michael Wilson,Total des yards reçus par le joueur (Michael Wilson (ARI)) (prolongations incluses),2143,72898,1746653664,4566000469,98+,98+,4.3,0,False
16551478,SF 49ers		 vs. ARZ Cardinals,Michael Wilson,Total des yards reçus par le joueur (Michael Wilson (ARI)) (prolongations incluses),2143,72898,1746653664,4566000470,108+,108+,5.25,0,False
16551478,SF 49ers		 vs. ARZ Cardinals,Michael Wilson,Total des yards reçus par le joueur (Michael Wilson (ARI)) (prolongations incluses),2143,72898,1746653664,4566000471,118+,118+,6.75,0,False
16551478,SF 49ers		 vs. ARZ Cardinals,Michael Wilson,Total des yards reçus par le joueur (Michael Wilson (ARI)) (prolongations incluses),2143,72898,1746653664,4566000472,128+,128+,9.0,0,False
16551478,SF 49ers		 vs. ARZ Cardinals,Michael Wilson,Total des yards reçus par le joueur (Michael Wilson (ARI)) (prolongations incluses),2143,72898,1746653664,4566000473,38+,38+,1.5556,0,False
16551478,SF 49ers		 vs. ARZ Cardinals,Jeremiyah Love,Total des yards reçus par le joueur (Jeremiyah Love (ARI)) (prolongations incluses),2143,72898,1749506641,4563143918,16+,16+,1.9091,0,False
16551478,SF 49ers		 vs. ARZ Cardinals,Jeremiyah Love,Total des yards reçus par le joueur (Jeremiyah Love (ARI)) (prolongations incluses),2143,72898,1749506641,4563143919,26+,26+,2.4,0,False
16551478,SF 49ers		 vs. ARZ Cardinals,Jeremiyah Love,Total des yards reçus par le joueur (Jeremiyah Love (ARI)) (prolongations incluses),2143,72898,1749506641,4563143920,36+,36+,3.2,0,False
16551478,SF 49ers		 vs. ARZ Cardinals,Jeremiyah Love,Total des yards reçus par le joueur (Jeremiyah Love (ARI)) (prolongations incluses),2143,72898,1749506641,4563143921,46+,46+,4.5,0,False
16551478,SF 49ers		 vs. ARZ Cardinals,Jeremiyah Love,Total des yards reçus par le joueur (Jeremiyah Love (ARI)) (prolongations incluses),2143,72898,1749506641,4563143922,56+,56+,6.75,0,False
16551478,SF 49ers		 vs. ARZ Cardinals,Jeremiyah Love,Total des yards reçus par le joueur (Jeremiyah Love (ARI)) (prolongations incluses),2143,72898,1749506641,4563143923,66+,66+,11.0,0,False
16551478,SF 49ers		 vs. ARZ Cardinals,Jeremiyah Love,Total des yards reçus par le joueur (Jeremiyah Love (ARI)) (prolongations incluses),2143,72898,1749506641,4563143924,76+,76+,18.0,0,False
16551478,SF 49ers		 vs. ARZ Cardinals,Jeremiyah Love,Total des yards reçus par le joueur (Jeremiyah Love (ARI)) (prolongations incluses),2143,72898,1749506641,4563143925,86+,86+,31.0,0,False
16551478,SF 49ers		 vs. ARZ Cardinals,Tyler Allgeier,Total des yards reçus par le joueur (Tyler Allgeier (ARI)) (prolongations incluses),2143,72898,1749506638,4556218468,18+,18+,2.35,0,False
16551478,SF 49ers		 vs. ARZ Cardinals,Tyler Allgeier,Total des yards reçus par le joueur (Tyler Allgeier (ARI)) (prolongations incluses),2143,72898,1749506638,4556218469,28+,28+,3.0,0,False
16551478,SF 49ers		 vs. ARZ Cardinals,Tyler Allgeier,Total des yards reçus par le joueur (Tyler Allgeier (ARI)) (prolongations incluses),2143,72898,1749506638,4556218470,38+,38+,4.25,0,False
16551478,SF 49ers		 vs. ARZ Cardinals,Tyler Allgeier,Total des yards reçus par le joueur (Tyler Allgeier (ARI)) (prolongations incluses),2143,72898,1749506638,4556218471,48+,48+,6.0,0,False
16551478,SF 49ers		 vs. ARZ Cardinals,Tyler Allgeier,Total des yards reçus par le joueur (Tyler Allgeier (ARI)) (prolongations incluses),2143,72898,1749506638,4556218472,58+,58+,9.0,0,False
16551478,SF 49ers		 vs. ARZ Cardinals,Tyler Allgeier,Total des yards reçus par le joueur (Tyler Allgeier (ARI)) (prolongations incluses),2143,72898,1749506638,4556218473,68+,68+,14.0,0,False
16551478,SF 49ers		 vs. ARZ Cardinals,Tyler Allgeier,Total des yards reçus par le joueur (Tyler Allgeier (ARI)) (prolongations incluses),2143,72898,1749506638,4556218474,78+,78+,21.0,0,False
16551478,SF 49ers		 vs. ARZ Cardinals,Tyler Allgeier,Total des yards reçus par le joueur (Tyler Allgeier (ARI)) (prolongations incluses),2143,72898,1749506638,4556218475,88+,88+,41.0,0,False
16551478,SF 49ers		 vs. ARZ Cardinals,Tyler Allgeier,Joueur total de yards par la course (Tyler Allgeier (ARI)) (prolongations incluses),2140,72895,1746651671,4547694816,82+,82+,8.5,0,False
16551478,SF 49ers		 vs. ARZ Cardinals,Tyler Allgeier,Joueur total de yards par la course (Tyler Allgeier (ARI)) (prolongations incluses),2140,72895,1746651671,4547694817,92+,92+,13.0,0,False
16551478,SF 49ers		 vs. ARZ Cardinals,Tyler Allgeier,Joueur total de yards par la course (Tyler Allgeier (ARI)) (prolongations incluses),2140,72895,1746651671,4547694819,112+,112+,36.0,0,False
16551478,SF 49ers		 vs. ARZ Cardinals,Tyler Allgeier,Joueur total de yards par la course (Tyler Allgeier (ARI)) (prolongations incluses),2140,72895,1746651671,4547694820,22+,22+,1.4167,0,False
16551478,SF 49ers		 vs. ARZ Cardinals,Tyler Allgeier,Joueur total de yards par la course (Tyler Allgeier (ARI)) (prolongations incluses),2140,72895,1746651671,4547694821,12+,12+,1.1539,0,False
16551478,SF 49ers		 vs. ARZ Cardinals,Tyler Allgeier,Joueur total de yards par la course (Tyler Allgeier (ARI)) (prolongations incluses),2140,72895,1746651671,4547694811,32+,32+,1.9091,0,False
16551478,SF 49ers		 vs. ARZ Cardinals,Tyler Allgeier,Joueur total de yards par la course (Tyler Allgeier (ARI)) (prolongations incluses),2140,72895,1746651671,4547694812,42+,42+,2.35,0,False
16551478,SF 49ers		 vs. ARZ Cardinals,Tyler Allgeier,Joueur total de yards par la course (Tyler Allgeier (ARI)) (prolongations incluses),2140,72895,1746651671,4547694813,52+,52+,3.1,0,False
16551478,SF 49ers		 vs. ARZ Cardinals,Tyler Allgeier,Joueur total de yards par la course (Tyler Allgeier (ARI)) (prolongations incluses),2140,72895,1746651671,4547694814,62+,62+,4.0,0,False
16551478,SF 49ers		 vs. ARZ Cardinals,Tyler Allgeier,Joueur total de yards par la course (Tyler Allgeier (ARI)) (prolongations incluses),2140,72895,1746651671,4547694815,72+,72+,5.75,0,False
16551478,SF 49ers		 vs. ARZ Cardinals,Kaelon Black,Joueur total de yards par la course (Kaelon Black (SF)) (prolongations incluses),2140,72895,1749494385,4556186309,33+,33+,1.8696,0,False
16551478,SF 49ers		 vs. ARZ Cardinals,Kaelon Black,Joueur total de yards par la course (Kaelon Black (SF)) (prolongations incluses),2140,72895,1749494385,4556186310,43+,43+,2.35,0,False
16551478,SF 49ers		 vs. ARZ Cardinals,Kaelon Black,Joueur total de yards par la course (Kaelon Black (SF)) (prolongations incluses),2140,72895,1749494385,4556186311,53+,53+,3.0,0,False
16551478,SF 49ers		 vs. ARZ Cardinals,Kaelon Black,Joueur total de yards par la course (Kaelon Black (SF)) (prolongations incluses),2140,72895,1749494385,4556186312,63+,63+,4.0,0,False
16551478,SF 49ers		 vs. ARZ Cardinals,Kaelon Black,Joueur total de yards par la course (Kaelon Black (SF)) (prolongations incluses),2140,72895,1749494385,4556186313,73+,73+,5.75,0,False
16551478,SF 49ers		 vs. ARZ Cardinals,Kaelon Black,Joueur total de yards par la course (Kaelon Black (SF)) (prolongations incluses),2140,72895,1749494385,4556186314,83+,83+,9.0,0,False
16551478,SF 49ers		 vs. ARZ Cardinals,Kaelon Black,Joueur total de yards par la course (Kaelon Black (SF)) (prolongations incluses),2140,72895,1749494385,4556186315,93+,93+,14.0,0,False
16551478,SF 49ers		 vs. ARZ Cardinals,Kaelon Black,Joueur total de yards par la course (Kaelon Black (SF)) (prolongations incluses),2140,72895,1749494385,4556186316,103+,103+,21.0,0,False
16551478,SF 49ers		 vs. ARZ Cardinals,Kaelon Black,Joueur total de yards par la course (Kaelon Black (SF)) (prolongations incluses),2140,72895,1749494385,4556186317,113+,113+,41.0,0,False
16551478,SF 49ers		 vs. ARZ Cardinals,Kaelon Black,Joueur total de yards par la course (Kaelon Black (SF)) (prolongations incluses),2140,72895,1749494385,4556186318,23+,23+,1.4,0,False
16551478,SF 49ers		 vs. ARZ Cardinals,Kaelon Black,Joueur total de yards par la course (Kaelon Black (SF)) (prolongations incluses),2140,72895,1749494385,4556186319,13+,13+,1.1539,0,False
16551478,SF 49ers		 vs. ARZ Cardinals,Jeremiyah Love,Joueur total de yards par la course (Jeremiyah Love (ARI)) (prolongations incluses),2140,72895,1746651670,4565795681,43+,43+,1.8696,0,False
16551478,SF 49ers		 vs. ARZ Cardinals,Jeremiyah Love,Joueur total de yards par la course (Jeremiyah Love (ARI)) (prolongations incluses),2140,72895,1746651670,4565795682,53+,53+,2.35,0,False
16551478,SF 49ers		 vs. ARZ Cardinals,Jeremiyah Love,Joueur total de yards par la course (Jeremiyah Love (ARI)) (prolongations incluses),2140,72895,1746651670,4565795683,63+,63+,3.1,0,False
16551478,SF 49ers		 vs. ARZ Cardinals,Jeremiyah Love,Joueur total de yards par la course (Jeremiyah Love (ARI)) (prolongations incluses),2140,72895,1746651670,4565795684,73+,73+,4.4,0,False
16551478,SF 49ers		 vs. ARZ Cardinals,Jeremiyah Love,Joueur total de yards par la course (Jeremiyah Love (ARI)) (prolongations incluses),2140,72895,1746651670,4565795685,83+,83+,6.25,0,False
16551478,SF 49ers		 vs. ARZ Cardinals,Jeremiyah Love,Joueur total de yards par la course (Jeremiyah Love (ARI)) (prolongations incluses),2140,72895,1746651670,4565795686,93+,93+,10.0,0,False
16551478,SF 49ers		 vs. ARZ Cardinals,Jeremiyah Love,Joueur total de yards par la course (Jeremiyah Love (ARI)) (prolongations incluses),2140,72895,1746651670,4565795687,103+,103+,16.0,0,False
16551478,SF 49ers		 vs. ARZ Cardinals,Jeremiyah Love,Joueur total de yards par la course (Jeremiyah Love (ARI)) (prolongations incluses),2140,72895,1746651670,4565795688,113+,113+,26.0,0,False
16551478,SF 49ers		 vs. ARZ Cardinals,Jeremiyah Love,Joueur total de yards par la course (Jeremiyah Love (ARI)) (prolongations incluses),2140,72895,1746651670,4565795689,33+,33+,1.4348,0,False
16551478,SF 49ers		 vs. ARZ Cardinals,Jeremiyah Love,Joueur total de yards par la course (Jeremiyah Love (ARI)) (prolongations incluses),2140,72895,1746651670,4565795690,23+,23+,1.1819,0,False
16551478,SF 49ers		 vs. ARZ Cardinals,Christian McCaffrey,Joueur total de yards par la course (Christian McCaffrey (SF)) (prolongations incluses),2140,72895,1746958656,4552426048,49+,49+,1.5,0,False
16551478,SF 49ers		 vs. ARZ Cardinals,Christian McCaffrey,Joueur total de yards par la course (Christian McCaffrey (SF)) (prolongations incluses),2140,72895,1746958656,4552426049,39+,39+,1.2858,0,False
16551478,SF 49ers		 vs. ARZ Cardinals,Christian McCaffrey,Joueur total de yards par la course (Christian McCaffrey (SF)) (prolongations incluses),2140,72895,1746958656,4552426039,59+,59+,1.8696,0,False
16551478,SF 49ers		 vs. ARZ Cardinals,Christian McCaffrey,Joueur total de yards par la course (Christian McCaffrey (SF)) (prolongations incluses),2140,72895,1746958656,4552426040,69+,69+,2.25,0,False
16551478,SF 49ers		 vs. ARZ Cardinals,Christian McCaffrey,Joueur total de yards par la course (Christian McCaffrey (SF)) (prolongations incluses),2140,72895,1746958656,4552426041,79+,79+,2.75,0,False
16551478,SF 49ers		 vs. ARZ Cardinals,Christian McCaffrey,Joueur total de yards par la course (Christian McCaffrey (SF)) (prolongations incluses),2140,72895,1746958656,4552426042,89+,89+,3.5,0,False
16551478,SF 49ers		 vs. ARZ Cardinals,Christian McCaffrey,Joueur total de yards par la course (Christian McCaffrey (SF)) (prolongations incluses),2140,72895,1746958656,4552426043,99+,99+,4.5,0,False
16551478,SF 49ers		 vs. ARZ Cardinals,Christian McCaffrey,Joueur total de yards par la course (Christian McCaffrey (SF)) (prolongations incluses),2140,72895,1746958656,4552426044,109+,109+,6.25,0,False
16551478,SF 49ers		 vs. ARZ Cardinals,Christian McCaffrey,Joueur total de yards par la course (Christian McCaffrey (SF)) (prolongations incluses),2140,72895,1746958656,4552426045,119+,119+,9.0,0,False
16551478,SF 49ers		 vs. ARZ Cardinals,Christian McCaffrey,Joueur total de yards par la course (Christian McCaffrey (SF)) (prolongations incluses),2140,72895,1746958656,4552426046,129+,129+,13.0,0,False
16551478,SF 49ers		 vs. ARZ Cardinals,Christian McCaffrey,Joueur total de yards par la course (Christian McCaffrey (SF)) (prolongations incluses),2140,72895,1746958656,4552426047,139+,139+,19.0,0,False
16551478,SF 49ers		 vs. ARZ Cardinals,Brock Purdy,Joueur total de yards par la course (Brock Purdy (SF)) (prolongations incluses),2140,72895,1749494384,4563197928,18+,18+,1.8696,0,False
16551478,SF 49ers		 vs. ARZ Cardinals,Brock Purdy,Joueur total de yards par la course (Brock Purdy (SF)) (prolongations incluses),2140,72895,1749494384,4563197929,28+,28+,2.45,0,False
16551478,SF 49ers		 vs. ARZ Cardinals,Brock Purdy,Joueur total de yards par la course (Brock Purdy (SF)) (prolongations incluses),2140,72895,1749494384,4563197930,38+,38+,3.3,0,False
16551478,SF 49ers		 vs. ARZ Cardinals,Brock Purdy,Joueur total de yards par la course (Brock Purdy (SF)) (prolongations incluses),2140,72895,1749494384,4563197931,48+,48+,4.75,0,False
16551478,SF 49ers		 vs. ARZ Cardinals,Brock Purdy,Joueur total de yards par la course (Brock Purdy (SF)) (prolongations incluses),2140,72895,1749494384,4563197932,58+,58+,7.5,0,False
16551478,SF 49ers		 vs. ARZ Cardinals,Brock Purdy,Joueur total de yards par la course (Brock Purdy (SF)) (prolongations incluses),2140,72895,1749494384,4563197933,68+,68+,13.0,0,False
16551478,SF 49ers		 vs. ARZ Cardinals,Brock Purdy,Joueur total de yards par la course (Brock Purdy (SF)) (prolongations incluses),2140,72895,1749494384,4563197934,78+,78+,21.0,0,False
16551478,SF 49ers		 vs. ARZ Cardinals,Brock Purdy,Joueur total de yards par la course (Brock Purdy (SF)) (prolongations incluses),2140,72895,1749494384,4563197935,88+,88+,41.0,0,False
16551478,SF 49ers		 vs. ARZ Cardinals,Jacoby Brissett,Joueur total de yards par la course (Jacoby Brissett (ARI)) (prolongations incluses),2140,72895,1749494386,4556186320,18+,18+,2.9,0,False
16551478,SF 49ers		 vs. ARZ Cardinals,Jacoby Brissett,Joueur total de yards par la course (Jacoby Brissett (ARI)) (prolongations incluses),2140,72895,1749494386,4556186321,28+,28+,5.25,0,False
16551478,SF 49ers		 vs. ARZ Cardinals,Jacoby Brissett,Joueur total de yards par la course (Jacoby Brissett (ARI)) (prolongations incluses),2140,72895,1749494386,4556186322,38+,38+,11.0,0,False
16551478,SF 49ers		 vs. ARZ Cardinals,Jacoby Brissett,Joueur total de yards par la course (Jacoby Brissett (ARI)) (prolongations incluses),2140,72895,1749494386,4556186323,48+,48+,26.0,0,False
16551478,SF 49ers		 vs. ARZ Cardinals,Jacoby Brissett,Passes réussis du joueur (Incl. Prolongations) (Jacoby Brissett (ARI)),2137,72892,1748094107,4551582965,22+,22+,1.8,0,False
16551478,SF 49ers		 vs. ARZ Cardinals,Jacoby Brissett,Passes réussis du joueur (Incl. Prolongations) (Jacoby Brissett (ARI)),2137,72892,1748094107,4551582966,24+,24+,2.2,0,False
16551478,SF 49ers		 vs. ARZ Cardinals,Jacoby Brissett,Passes réussis du joueur (Incl. Prolongations) (Jacoby Brissett (ARI)),2137,72892,1748094107,4551582967,26+,26+,2.8,0,False
16551478,SF 49ers		 vs. ARZ Cardinals,Jacoby Brissett,Passes réussis du joueur (Incl. Prolongations) (Jacoby Brissett (ARI)),2137,72892,1748094107,4551582968,28+,28+,3.75,0,False
16551478,SF 49ers		 vs. ARZ Cardinals,Jacoby Brissett,Passes réussis du joueur (Incl. Prolongations) (Jacoby Brissett (ARI)),2137,72892,1748094107,4551582969,30+,30+,5.0,0,False
16551478,SF 49ers		 vs. ARZ Cardinals,Jacoby Brissett,Passes réussis du joueur (Incl. Prolongations) (Jacoby Brissett (ARI)),2137,72892,1748094107,4551582970,32+,32+,7.0,0,False
16551478,SF 49ers		 vs. ARZ Cardinals,Jacoby Brissett,Passes réussis du joueur (Incl. Prolongations) (Jacoby Brissett (ARI)),2137,72892,1748094107,4551582971,34+,34+,11.0,0,False
16551478,SF 49ers		 vs. ARZ Cardinals,Jacoby Brissett,Passes réussis du joueur (Incl. Prolongations) (Jacoby Brissett (ARI)),2137,72892,1748094107,4551582972,20+,20+,1.4546,0,False
16551478,SF 49ers		 vs. ARZ Cardinals,Brock Purdy,Passes réussis du joueur (Incl. Prolongations) (Brock Purdy (SF)),2137,72892,1748094260,4558912813,22+,22+,1.8696,0,False
16551478,SF 49ers		 vs. ARZ Cardinals,Brock Purdy,Passes réussis du joueur (Incl. Prolongations) (Brock Purdy (SF)),2137,72892,1748094260,4558912814,24+,24+,2.45,0,False
16551478,SF 49ers		 vs. ARZ Cardinals,Brock Purdy,Passes réussis du joueur (Incl. Prolongations) (Brock Purdy (SF)),2137,72892,1748094260,4558912815,26+,26+,3.4,0,False
16551478,SF 49ers		 vs. ARZ Cardinals,Brock Purdy,Passes réussis du joueur (Incl. Prolongations) (Brock Purdy (SF)),2137,72892,1748094260,4558912816,28+,28+,5.0,0,False
16551478,SF 49ers		 vs. ARZ Cardinals,Brock Purdy,Passes réussis du joueur (Incl. Prolongations) (Brock Purdy (SF)),2137,72892,1748094260,4558912817,30+,30+,8.0,0,False
16551478,SF 49ers		 vs. ARZ Cardinals,Brock Purdy,Passes réussis du joueur (Incl. Prolongations) (Brock Purdy (SF)),2137,72892,1748094260,4558912818,32+,32+,14.0,0,False
16551478,SF 49ers		 vs. ARZ Cardinals,Brock Purdy,Passes réussis du joueur (Incl. Prolongations) (Brock Purdy (SF)),2137,72892,1748094260,4558912819,34+,34+,26.0,0,False
16551478,SF 49ers		 vs. ARZ Cardinals,Brock Purdy,Passes réussis du joueur (Incl. Prolongations) (Brock Purdy (SF)),2137,72892,1748094260,4558912820,20+,20+,1.4546,0,False
16551478,SF 49ers		 vs. ARZ Cardinals,Brock Purdy,Total de yards à la passe du joueur Plus/Moins(Incl. Prolongations),759,71922,1743725749,4537101437,Brock Purdy (SF) Plus de 238.5,Brock Purdy (SF) Plus de 238.5,1.8,0,False
16551478,SF 49ers		 vs. ARZ Cardinals,Brock Purdy,Total de yards à la passe du joueur Plus/Moins(Incl. Prolongations),759,71922,1743725749,4537101438,Brock Purdy (SF) moins de 238.5,Brock Purdy (SF) moins de 238.5,1.8334,0,False
16551478,SF 49ers		 vs. ARZ Cardinals,Jacoby Brissett,Total de yards à la passe du joueur Plus/Moins(Incl. Prolongations),759,71922,1744345222,4538881676,Jacoby Brissett (ARI) Plus de 229.5,Jacoby Brissett (ARI) Plus de 229.5,1.8,0,False
16551478,SF 49ers		 vs. ARZ Cardinals,Jacoby Brissett,Total de yards à la passe du joueur Plus/Moins(Incl. Prolongations),759,71922,1744345222,4538881677,Jacoby Brissett (ARI) moins de 229.5,Jacoby Brissett (ARI) moins de 229.5,1.8334,0,False
16551478,SF 49ers		 vs. ARZ Cardinals,Christian McCaffrey,Total de yards à la course du joueur Plus/Moins (Incl. Prolongations),764,71924,1744659887,4539893603,Christian McCaffrey (SF) Plus de 55.5,Christian McCaffrey (SF) Plus de 55.5,1.8696,0,False
16551478,SF 49ers		 vs. ARZ Cardinals,Christian McCaffrey,Total de yards à la course du joueur Plus/Moins (Incl. Prolongations),764,71924,1744659887,4539893604,Christian McCaffrey (SF) moins de 55.5,Christian McCaffrey (SF) moins de 55.5,1.7693,0,False
16551478,SF 49ers		 vs. ARZ Cardinals,Jeremiyah Love,Total de yards à la course du joueur Plus/Moins (Incl. Prolongations),764,71924,1753112647,4566236116,Jeremiyah Love (ARI) Plus de 42.5,Jeremiyah Love (ARI) Plus de 42.5,1.8334,0,False
16551478,SF 49ers		 vs. ARZ Cardinals,Jeremiyah Love,Total de yards à la course du joueur Plus/Moins (Incl. Prolongations),764,71924,1753112647,4566236117,Jeremiyah Love (ARI) moins de 42.5,Jeremiyah Love (ARI) moins de 42.5,1.8,0,False
16551478,SF 49ers		 vs. ARZ Cardinals,Kaelon Black,Total de yards à la course du joueur Plus/Moins (Incl. Prolongations),764,71924,1744683609,4539964188,Kaelon Black (SF) Plus de 33.5,Kaelon Black (SF) Plus de 33.5,1.8,0,False
16551478,SF 49ers		 vs. ARZ Cardinals,Kaelon Black,Total de yards à la course du joueur Plus/Moins (Incl. Prolongations),764,71924,1744683609,4539964189,Kaelon Black (SF) moins de 33.5,Kaelon Black (SF) moins de 33.5,1.8334,0,False
16551478,SF 49ers		 vs. ARZ Cardinals,Tyler Allgeier,Total de yards à la course du joueur Plus/Moins (Incl. Prolongations),764,71924,1753127665,4566275419,Tyler Allgeier (ARI) Plus de 29.5,Tyler Allgeier (ARI) Plus de 29.5,1.7693,0,False
16551478,SF 49ers		 vs. ARZ Cardinals,Tyler Allgeier,Total de yards à la course du joueur Plus/Moins (Incl. Prolongations),764,71924,1753127665,4566275420,Tyler Allgeier (ARI) moins de 29.5,Tyler Allgeier (ARI) moins de 29.5,1.8696,0,False
16551478,SF 49ers		 vs. ARZ Cardinals,Brock Purdy,Total de yards à la course du joueur Plus/Moins (Incl. Prolongations),764,71924,1744683604,4539964178,Brock Purdy (SF) Plus de 18.5,Brock Purdy (SF) Plus de 18.5,1.8,0,False
16551478,SF 49ers		 vs. ARZ Cardinals,Brock Purdy,Total de yards à la course du joueur Plus/Moins (Incl. Prolongations),764,71924,1744683604,4539964179,Brock Purdy (SF) moins de 18.5,Brock Purdy (SF) moins de 18.5,1.8334,0,False
16551478,SF 49ers		 vs. ARZ Cardinals,Jacoby Brissett,Total de yards à la course du joueur Plus/Moins (Incl. Prolongations),764,71924,1743230802,4535377198,Jacoby Brissett (ARI) Plus de 6.5,Jacoby Brissett (ARI) Plus de 6.5,1.8334,0,False
16551478,SF 49ers		 vs. ARZ Cardinals,Jacoby Brissett,Total de yards à la course du joueur Plus/Moins (Incl. Prolongations),764,71924,1743230802,4535377199,Jacoby Brissett (ARI) moins de 6.5,Jacoby Brissett (ARI) moins de 6.5,1.8,0,False
16551478,SF 49ers		 vs. ARZ Cardinals,Deebo Samuel,Total de yards à la course du joueur Plus/Moins (Incl. Prolongations),764,71924,1744678956,4539952006,Deebo Samuel (SF) Plus de 2.5,Deebo Samuel (SF) Plus de 2.5,1.7693,0,False
16551478,SF 49ers		 vs. ARZ Cardinals,Deebo Samuel,Total de yards à la course du joueur Plus/Moins (Incl. Prolongations),764,71924,1744678956,4539952007,Deebo Samuel (SF) moins de 2.5,Deebo Samuel (SF) moins de 2.5,1.8696,0,False
16551478,SF 49ers		 vs. ARZ Cardinals,Trey McBride,Total des yards après réception du joueur Plus/Moins(Incl. Prolongations),765,71925,1750159016,4557898969,Trey McBride (ARI) Plus de 68.5,Trey McBride (ARI) Plus de 68.5,1.8,0,False
16551478,SF 49ers		 vs. ARZ Cardinals,Trey McBride,Total des yards après réception du joueur Plus/Moins(Incl. Prolongations),765,71925,1750159016,4557898970,Trey McBride (ARI) moins de 68.5,Trey McBride (ARI) moins de 68.5,1.8334,0,False
16551478,SF 49ers		 vs. ARZ Cardinals,Mike Evans,Total des yards après réception du joueur Plus/Moins(Incl. Prolongations),765,71925,1744685189,4539968540,Mike Evans (SF) Plus de 54.5,Mike Evans (SF) Plus de 54.5,1.8,0,False
16551478,SF 49ers		 vs. ARZ Cardinals,Mike Evans,Total des yards après réception du joueur Plus/Moins(Incl. Prolongations),765,71925,1744685189,4539968541,Mike Evans (SF) moins de 54.5,Mike Evans (SF) moins de 54.5,1.8334,0,False
16551478,SF 49ers		 vs. ARZ Cardinals,Michael Wilson,Total des yards après réception du joueur Plus/Moins(Incl. Prolongations),765,71925,1744633650,4539811578,Michael Wilson (ARI) Plus de 45.5,Michael Wilson (ARI) Plus de 45.5,1.8,0,False
16551478,SF 49ers		 vs. ARZ Cardinals,Michael Wilson,Total des yards après réception du joueur Plus/Moins(Incl. Prolongations),765,71925,1744633650,4539811579,Michael Wilson (ARI) moins de 45.5,Michael Wilson (ARI) moins de 45.5,1.8334,0,False
16551478,SF 49ers		 vs. ARZ Cardinals,George Kittle,Total des yards après réception du joueur Plus/Moins(Incl. Prolongations),765,71925,1744671275,4539925146,George Kittle (SF) Plus de 43.5,George Kittle (SF) Plus de 43.5,1.8,0,False
16551478,SF 49ers		 vs. ARZ Cardinals,George Kittle,Total des yards après réception du joueur Plus/Moins(Incl. Prolongations),765,71925,1744671275,4539925147,George Kittle (SF) moins de 43.5,George Kittle (SF) moins de 43.5,1.8334,0,False
16551478,SF 49ers		 vs. ARZ Cardinals,Deebo Samuel,Total des yards après réception du joueur Plus/Moins(Incl. Prolongations),765,71925,1745910225,4543828254,Deebo Samuel (SF) Plus de 39.5,Deebo Samuel (SF) Plus de 39.5,1.8334,0,False
16551478,SF 49ers		 vs. ARZ Cardinals,Deebo Samuel,Total des yards après réception du joueur Plus/Moins(Incl. Prolongations),765,71925,1745910225,4543828255,Deebo Samuel (SF) moins de 39.5,Deebo Samuel (SF) moins de 39.5,1.8,0,False
16551478,SF 49ers		 vs. ARZ Cardinals,Christian McCaffrey,Total des yards après réception du joueur Plus/Moins(Incl. Prolongations),765,71925,1744685686,4539969755,Christian McCaffrey (SF) Plus de 38.5,Christian McCaffrey (SF) Plus de 38.5,1.8,0,False
16551478,SF 49ers		 vs. ARZ Cardinals,Christian McCaffrey,Total des yards après réception du joueur Plus/Moins(Incl. Prolongations),765,71925,1744685686,4539969756,Christian McCaffrey (SF) moins de 38.5,Christian McCaffrey (SF) moins de 38.5,1.8334,0,False
16551478,SF 49ers		 vs. ARZ Cardinals,Marvin Harrison Jr.,Total des yards après réception du joueur Plus/Moins(Incl. Prolongations),765,71925,1750511980,4558807115,Marvin Harrison Jr. (ARI) Plus de 29.5,Marvin Harrison Jr. (ARI) Plus de 29.5,1.8,0,False
16551478,SF 49ers		 vs. ARZ Cardinals,Marvin Harrison Jr.,Total des yards après réception du joueur Plus/Moins(Incl. Prolongations),765,71925,1750511980,4558807116,Marvin Harrison Jr. (ARI) moins de 29.5,Marvin Harrison Jr. (ARI) moins de 29.5,1.8334,0,False
16551478,SF 49ers		 vs. ARZ Cardinals,Kendrick Bourne,Total des yards après réception du joueur Plus/Moins(Incl. Prolongations),765,71925,1748816461,4553555328,Kendrick Bourne (ARI) moins de 23.5,Kendrick Bourne (ARI) moins de 23.5,1.8,0,False
16551478,SF 49ers		 vs. ARZ Cardinals,Kendrick Bourne,Total des yards après réception du joueur Plus/Moins(Incl. Prolongations),765,71925,1748816461,4553555327,Kendrick Bourne (ARI) Plus de 23.5,Kendrick Bourne (ARI) Plus de 23.5,1.8334,0,False
16551478,SF 49ers		 vs. ARZ Cardinals,Jeremiyah Love,Total des yards après réception du joueur Plus/Moins(Incl. Prolongations),765,71925,1743725805,4537101549,Jeremiyah Love (ARI) Plus de 17.5,Jeremiyah Love (ARI) Plus de 17.5,1.7693,0,False
16551478,SF 49ers		 vs. ARZ Cardinals,Jeremiyah Love,Total des yards après réception du joueur Plus/Moins(Incl. Prolongations),765,71925,1743725805,4537101550,Jeremiyah Love (ARI) moins de 17.5,Jeremiyah Love (ARI) moins de 17.5,1.8696,0,False
16551478,SF 49ers		 vs. ARZ Cardinals,Kyle Juszczyk,Total des yards après réception du joueur Plus/Moins(Incl. Prolongations),765,71925,1744677171,4539947304,Kyle Juszczyk (SF) moins de 8.5,Kyle Juszczyk (SF) moins de 8.5,1.7693,0,False
16551478,SF 49ers		 vs. ARZ Cardinals,Kyle Juszczyk,Total des yards après réception du joueur Plus/Moins(Incl. Prolongations),765,71925,1744677171,4539947303,Kyle Juszczyk (SF) Plus de 8.5,Kyle Juszczyk (SF) Plus de 8.5,1.8696,0,False
16551478,SF 49ers		 vs. ARZ Cardinals,Tyler Allgeier,Total des yards après réception du joueur Plus/Moins(Incl. Prolongations),765,71925,1743725763,4537101465,Tyler Allgeier (ARI) Plus de 7.5,Tyler Allgeier (ARI) Plus de 7.5,1.8,0,False
16551478,SF 49ers		 vs. ARZ Cardinals,Tyler Allgeier,Total des yards après réception du joueur Plus/Moins(Incl. Prolongations),765,71925,1743725763,4537101466,Tyler Allgeier (ARI) moins de 7.5,Tyler Allgeier (ARI) moins de 7.5,1.8334,0,False
16551478,SF 49ers		 vs. ARZ Cardinals,Kaelon Black,Total des yards après réception du joueur Plus/Moins(Incl. Prolongations),765,71925,1744371351,4538969253,Kaelon Black (SF) Plus de 0.5,Kaelon Black (SF) Plus de 0.5,2.0,0,False
16551478,SF 49ers		 vs. ARZ Cardinals,Kaelon Black,Total des yards après réception du joueur Plus/Moins(Incl. Prolongations),765,71925,1744371351,4538969254,Kaelon Black (SF) moins de 0.5,Kaelon Black (SF) moins de 0.5,1.6667,0,False
16551478,SF 49ers		 vs. ARZ Cardinals,Christian McCaffrey,Yards de course et de réception du joueur Plus/Moins (prolongations incluses),3317,73841,1747116626,4547971592,Christian McCaffrey (SF) Plus de 97.5,Christian McCaffrey (SF) Plus de 97.5,1.8,0,False
16551478,SF 49ers		 vs. ARZ Cardinals,Christian McCaffrey,Yards de course et de réception du joueur Plus/Moins (prolongations incluses),3317,73841,1747116626,4547971593,Christian McCaffrey (SF) moins de 97.5,Christian McCaffrey (SF) moins de 97.5,1.8334,0,False
16551478,SF 49ers		 vs. ARZ Cardinals,Jeremiyah Love,Yards de course et de réception du joueur Plus/Moins (prolongations incluses),3317,73841,1743231904,4535379132,Jeremiyah Love (ARI) Plus de 64.5,Jeremiyah Love (ARI) Plus de 64.5,1.8334,0,False
16551478,SF 49ers		 vs. ARZ Cardinals,Jeremiyah Love,Yards de course et de réception du joueur Plus/Moins (prolongations incluses),3317,73841,1743231904,4535379133,Jeremiyah Love (ARI) moins de 64.5,Jeremiyah Love (ARI) moins de 64.5,1.8,0,False
16551478,SF 49ers		 vs. ARZ Cardinals,Mike Evans,Yards de course et de réception du joueur Plus/Moins (prolongations incluses),3317,73841,1744685193,4539968548,Mike Evans (SF) Plus de 54.5,Mike Evans (SF) Plus de 54.5,1.8334,0,False
16551478,SF 49ers		 vs. ARZ Cardinals,Mike Evans,Yards de course et de réception du joueur Plus/Moins (prolongations incluses),3317,73841,1744685193,4539968549,Mike Evans (SF) moins de 54.5,Mike Evans (SF) moins de 54.5,1.8,0,False
16551478,SF 49ers		 vs. ARZ Cardinals,Deebo Samuel,Yards de course et de réception du joueur Plus/Moins (prolongations incluses),3317,73841,1746162462,4544775656,Deebo Samuel (SF) Plus de 46.5,Deebo Samuel (SF) Plus de 46.5,1.8,0,False
16551478,SF 49ers		 vs. ARZ Cardinals,Deebo Samuel,Yards de course et de réception du joueur Plus/Moins (prolongations incluses),3317,73841,1746162462,4544775657,Deebo Samuel (SF) moins de 46.5,Deebo Samuel (SF) moins de 46.5,1.8334,0,False
16551478,SF 49ers		 vs. ARZ Cardinals,Michael Wilson,Yards de course et de réception du joueur Plus/Moins (prolongations incluses),3317,73841,1744633654,4539811586,Michael Wilson (ARI) Plus de 45.5,Michael Wilson (ARI) Plus de 45.5,1.8,0,False
16551478,SF 49ers		 vs. ARZ Cardinals,Michael Wilson,Yards de course et de réception du joueur Plus/Moins (prolongations incluses),3317,73841,1744633654,4539811587,Michael Wilson (ARI) moins de 45.5,Michael Wilson (ARI) moins de 45.5,1.8334,0,False
16551478,SF 49ers		 vs. ARZ Cardinals,Tyler Allgeier,Yards de course et de réception du joueur Plus/Moins (prolongations incluses),3317,73841,1753066622,4566129072,Tyler Allgeier (ARI) Plus de 41.5,Tyler Allgeier (ARI) Plus de 41.5,1.8334,0,False
16551478,SF 49ers		 vs. ARZ Cardinals,Tyler Allgeier,Yards de course et de réception du joueur Plus/Moins (prolongations incluses),3317,73841,1753066622,4566129073,Tyler Allgeier (ARI) moins de 41.5,Tyler Allgeier (ARI) moins de 41.5,1.8,0,False
16551478,SF 49ers		 vs. ARZ Cardinals,Kaelon Black,Yards de course et de réception du joueur Plus/Moins (prolongations incluses),3317,73841,1747369677,4548826988,Kaelon Black (SF) Plus de 38.5,Kaelon Black (SF) Plus de 38.5,1.7693,0,False
16551478,SF 49ers		 vs. ARZ Cardinals,Kaelon Black,Yards de course et de réception du joueur Plus/Moins (prolongations incluses),3317,73841,1747369677,4548826989,Kaelon Black (SF) moins de 38.5,Kaelon Black (SF) moins de 38.5,1.8696,0,False
16551478,SF 49ers		 vs. ARZ Cardinals,Marvin Harrison Jr.,Yards de course et de réception du joueur Plus/Moins (prolongations incluses),3317,73841,1750038488,4557604796,Marvin Harrison Jr. (ARI) Plus de 29.5,Marvin Harrison Jr. (ARI) Plus de 29.5,1.8,0,False
16551478,SF 49ers		 vs. ARZ Cardinals,Marvin Harrison Jr.,Yards de course et de réception du joueur Plus/Moins (prolongations incluses),3317,73841,1750038488,4557604797,Marvin Harrison Jr. (ARI) moins de 29.5,Marvin Harrison Jr. (ARI) moins de 29.5,1.8334,0,False
16551478,SF 49ers		 vs. ARZ Cardinals,Kendrick Bourne,Yards de course et de réception du joueur Plus/Moins (prolongations incluses),3317,73841,1748816241,4553554811,Kendrick Bourne (ARI) Plus de 23.5,Kendrick Bourne (ARI) Plus de 23.5,1.8,0,False
16551478,SF 49ers		 vs. ARZ Cardinals,Kendrick Bourne,Yards de course et de réception du joueur Plus/Moins (prolongations incluses),3317,73841,1748816241,4553554812,Kendrick Bourne (ARI) moins de 23.5,Kendrick Bourne (ARI) moins de 23.5,1.8334,0,False
16551478,SF 49ers		 vs. ARZ Cardinals,Kyle Juszczyk,Yards de course et de réception du joueur Plus/Moins (prolongations incluses),3317,73841,1744677173,4539947307,Kyle Juszczyk (SF) Plus de 9.5,Kyle Juszczyk (SF) Plus de 9.5,1.8696,0,False
16551478,SF 49ers		 vs. ARZ Cardinals,Kyle Juszczyk,Yards de course et de réception du joueur Plus/Moins (prolongations incluses),3317,73841,1744677173,4539947308,Kyle Juszczyk (SF) moins de 9.5,Kyle Juszczyk (SF) moins de 9.5,1.7693,0,False
16551478,SF 49ers		 vs. ARZ Cardinals,Jacoby Brissett,Fumbles du joueur Plus / Moins (incl. prolongation),25005,75650,1743230819,4535377229,Jacoby Brissett (ARI) Plus de 0.5,Jacoby Brissett (ARI) Plus de 0.5,2.3,0,False
16551478,SF 49ers		 vs. ARZ Cardinals,Jacoby Brissett,Fumbles du joueur Plus / Moins (incl. prolongation),25005,75650,1743230819,4535377230,Jacoby Brissett (ARI) moins de 0.5,Jacoby Brissett (ARI) moins de 0.5,1.4762,0,False
16551478,SF 49ers		 vs. ARZ Cardinals,Brock Purdy,Fumbles du joueur Plus / Moins (incl. prolongation),25005,75650,1743231359,4535378179,Brock Purdy (SF) Plus de 0.5,Brock Purdy (SF) Plus de 0.5,3.1,0,False
16551478,SF 49ers		 vs. ARZ Cardinals,Brock Purdy,Fumbles du joueur Plus / Moins (incl. prolongation),25005,75650,1743231359,4535378180,Brock Purdy (SF) moins de 0.5,Brock Purdy (SF) moins de 0.5,1.2667,0,False
16551478,SF 49ers		 vs. ARZ Cardinals,Christian McCaffrey,Fumbles du joueur Plus / Moins (incl. prolongation),25005,75650,1743230960,4535377472,Christian McCaffrey (SF) moins de 0.5,Christian McCaffrey (SF) moins de 0.5,1.1334,0,False
16551478,SF 49ers		 vs. ARZ Cardinals,Christian McCaffrey,Fumbles du joueur Plus / Moins (incl. prolongation),25005,75650,1743230960,4535377471,Christian McCaffrey (SF) Plus de 0.5,Christian McCaffrey (SF) Plus de 0.5,4.4,0,False
16551478,SF 49ers		 vs. ARZ Cardinals,Deebo Samuel,Fumbles du joueur Plus / Moins (incl. prolongation),25005,75650,1743230990,4535377522,Deebo Samuel (SF) Plus de 0.5,Deebo Samuel (SF) Plus de 0.5,5.25,0,False
16551478,SF 49ers		 vs. ARZ Cardinals,Deebo Samuel,Fumbles du joueur Plus / Moins (incl. prolongation),25005,75650,1743230990,4535377523,Deebo Samuel (SF) moins de 0.5,Deebo Samuel (SF) moins de 0.5,1.0834,0,False
16551478,SF 49ers		 vs. ARZ Cardinals,Jeremiyah Love,Fumbles du joueur Plus / Moins (incl. prolongation),25005,75650,1743231908,4535379137,Jeremiyah Love (ARI) Plus de 0.5,Jeremiyah Love (ARI) Plus de 0.5,5.25,0,False
16551478,SF 49ers		 vs. ARZ Cardinals,Jeremiyah Love,Fumbles du joueur Plus / Moins (incl. prolongation),25005,75650,1743231908,4535379138,Jeremiyah Love (ARI) moins de 0.5,Jeremiyah Love (ARI) moins de 0.5,1.091,0,False
16551478,SF 49ers		 vs. ARZ Cardinals,Kaelon Black,Fumbles du joueur Plus / Moins (incl. prolongation),25005,75650,1743231666,4535378712,Kaelon Black (SF) Plus de 0.5,Kaelon Black (SF) Plus de 0.5,6.25,0,False
16551478,SF 49ers		 vs. ARZ Cardinals,Kaelon Black,Fumbles du joueur Plus / Moins (incl. prolongation),25005,75650,1743231666,4535378713,Kaelon Black (SF) moins de 0.5,Kaelon Black (SF) moins de 0.5,1.05,0,False
16551478,SF 49ers		 vs. ARZ Cardinals,Trey McBride,Fumbles du joueur Plus / Moins (incl. prolongation),25005,75650,1743231299,4535378069,Trey McBride (ARI) Plus de 0.5,Trey McBride (ARI) Plus de 0.5,6.75,0,False
16551478,SF 49ers		 vs. ARZ Cardinals,Trey McBride,Fumbles du joueur Plus / Moins (incl. prolongation),25005,75650,1743231299,4535378070,Trey McBride (ARI) moins de 0.5,Trey McBride (ARI) moins de 0.5,1.04,0,False
16551478,SF 49ers		 vs. ARZ Cardinals,Tyler Allgeier,Fumbles du joueur Plus / Moins (incl. prolongation),25005,75650,1743231478,4535378381,Tyler Allgeier (ARI) Plus de 0.5,Tyler Allgeier (ARI) Plus de 0.5,6.75,0,False
16551478,SF 49ers		 vs. ARZ Cardinals,Tyler Allgeier,Fumbles du joueur Plus / Moins (incl. prolongation),25005,75650,1743231478,4535378382,Tyler Allgeier (ARI) moins de 0.5,Tyler Allgeier (ARI) moins de 0.5,1.04,0,False
16551478,SF 49ers		 vs. ARZ Cardinals,Michael Wilson,Fumbles du joueur Plus / Moins (incl. prolongation),25005,75650,1743231413,4535378269,Michael Wilson (ARI) Plus de 0.5,Michael Wilson (ARI) Plus de 0.5,7.75,0,False
16551478,SF 49ers		 vs. ARZ Cardinals,Michael Wilson,Fumbles du joueur Plus / Moins (incl. prolongation),25005,75650,1743231413,4535378270,Michael Wilson (ARI) moins de 0.5,Michael Wilson (ARI) moins de 0.5,1.02,0,False
16551478,SF 49ers		 vs. ARZ Cardinals,Mike Evans,Fumbles du joueur Plus / Moins (incl. prolongation),25005,75650,1743230767,4535377134,Mike Evans (SF) Plus de 0.5,Mike Evans (SF) Plus de 0.5,7.75,0,False
16551478,SF 49ers		 vs. ARZ Cardinals,Mike Evans,Fumbles du joueur Plus / Moins (incl. prolongation),25005,75650,1743230767,4535377135,Mike Evans (SF) moins de 0.5,Mike Evans (SF) moins de 0.5,1.02,0,False
16551478,SF 49ers		 vs. ARZ Cardinals,George Kittle,Fumbles du joueur Plus / Moins (incl. prolongation),25005,75650,1743230873,4535377320,George Kittle (SF) moins de 0.5,George Kittle (SF) moins de 0.5,1.01,0,False
16551478,SF 49ers		 vs. ARZ Cardinals,George Kittle,Fumbles du joueur Plus / Moins (incl. prolongation),25005,75650,1743230873,4535377319,George Kittle (SF) Plus de 0.5,George Kittle (SF) Plus de 0.5,8.5,0,False
16551478,SF 49ers		 vs. ARZ Cardinals,Kendrick Bourne,Fumbles du joueur Plus / Moins (incl. prolongation),25005,75650,1743230911,4535377384,Kendrick Bourne (ARI) Plus de 0.5,Kendrick Bourne (ARI) Plus de 0.5,8.5,0,False
16551478,SF 49ers		 vs. ARZ Cardinals,Kendrick Bourne,Fumbles du joueur Plus / Moins (incl. prolongation),25005,75650,1743230911,4535377385,Kendrick Bourne (ARI) moins de 0.5,Kendrick Bourne (ARI) moins de 0.5,0.0,7,False
16551478,SF 49ers		 vs. ARZ Cardinals,Kyle Juszczyk,Fumbles du joueur Plus / Moins (incl. prolongation),25005,75650,1743230737,4535377083,Kyle Juszczyk (SF) Plus de 0.5,Kyle Juszczyk (SF) Plus de 0.5,8.5,0,False
16551478,SF 49ers		 vs. ARZ Cardinals,Kyle Juszczyk,Fumbles du joueur Plus / Moins (incl. prolongation),25005,75650,1743230737,4535377084,Kyle Juszczyk (SF) moins de 0.5,Kyle Juszczyk (SF) moins de 0.5,0.0,7,False
16551478,SF 49ers		 vs. ARZ Cardinals,Marvin Harrison Jr.,Fumbles du joueur Plus / Moins (incl. prolongation),25005,75650,1743231795,4535378936,Marvin Harrison Jr. (ARI) moins de 0.5,Marvin Harrison Jr. (ARI) moins de 0.5,0.0,7,False
16551478,SF 49ers		 vs. ARZ Cardinals,Marvin Harrison Jr.,Fumbles du joueur Plus / Moins (incl. prolongation),25005,75650,1743231795,4535378935,Marvin Harrison Jr. (ARI) Plus de 0.5,Marvin Harrison Jr. (ARI) Plus de 0.5,8.5,0,False
16551478,SF 49ers		 vs. ARZ Cardinals,Jack Gibbens,Passes décisives P/M (prolongations incluses),770,75644,1745709817,4543199824,Jack Gibbens (ARI) moins de 4.5,Jack Gibbens (ARI) moins de 4.5,1.5556,0,False
16551478,SF 49ers		 vs. ARZ Cardinals,Jack Gibbens,Passes décisives P/M (prolongations incluses),770,75644,1745709817,4543199823,Jack Gibbens (ARI) Plus de 4.5,Jack Gibbens (ARI) Plus de 4.5,2.15,0,False
16551478,SF 49ers		 vs. ARZ Cardinals,Mack Wilson,Passes décisives P/M (prolongations incluses),770,75644,1744677334,4539947688,Mack Wilson (ARI) moins de 4.5,Mack Wilson (ARI) moins de 4.5,1.5715,0,False
16551478,SF 49ers		 vs. ARZ Cardinals,Mack Wilson,Passes décisives P/M (prolongations incluses),770,75644,1744677334,4539947687,Mack Wilson (ARI) Plus de 4.5,Mack Wilson (ARI) Plus de 4.5,2.1,0,False
16551478,SF 49ers		 vs. ARZ Cardinals,Budda Baker,Passes décisives P/M (prolongations incluses),770,75644,1743230999,4535377534,Budda Baker (ARI) Plus de 3.5,Budda Baker (ARI) Plus de 3.5,2.1,0,False
16551478,SF 49ers		 vs. ARZ Cardinals,Budda Baker,Passes décisives P/M (prolongations incluses),770,75644,1743230999,4535377535,Budda Baker (ARI) moins de 3.5,Budda Baker (ARI) moins de 3.5,1.5715,0,False
16551478,SF 49ers		 vs. ARZ Cardinals,Andrew Wingard,Passes décisives P/M (prolongations incluses),770,75644,1743231068,4535377660,Andrew Wingard (ARI) Plus de 2.5,Andrew Wingard (ARI) Plus de 2.5,1.9091,0,False
16551478,SF 49ers		 vs. ARZ Cardinals,Andrew Wingard,Passes décisives P/M (prolongations incluses),770,75644,1743231068,4535377661,Andrew Wingard (ARI) moins de 2.5,Andrew Wingard (ARI) moins de 2.5,1.7143,0,False
16551478,SF 49ers		 vs. ARZ Cardinals,Josh Sweat,Passes décisives P/M (prolongations incluses),770,75644,1747461094,4549107000,Josh Sweat (ARI) moins de 1.5,Josh Sweat (ARI) moins de 1.5,1.3637,0,False
16551478,SF 49ers		 vs. ARZ Cardinals,Josh Sweat,Passes décisives P/M (prolongations incluses),770,75644,1747461094,4549106999,Josh Sweat (ARI) Plus de 1.5,Josh Sweat (ARI) Plus de 1.5,2.65,0,False
16551478,SF 49ers		 vs. ARZ Cardinals,Denzel Burke,Passes décisives P/M (prolongations incluses),770,75644,1744400150,4539042392,Denzel Burke (ARI) Plus de 1.5,Denzel Burke (ARI) Plus de 1.5,2.3,0,False
16551478,SF 49ers		 vs. ARZ Cardinals,Denzel Burke,Passes décisives P/M (prolongations incluses),770,75644,1744400150,4539042393,Denzel Burke (ARI) moins de 1.5,Denzel Burke (ARI) moins de 1.5,1.4762,0,False
16551478,SF 49ers		 vs. ARZ Cardinals,Walter Nolen,Passes décisives P/M (prolongations incluses),770,75644,1743231862,4535379051,Walter Nolen (ARI) Plus de 1.5,Walter Nolen (ARI) Plus de 1.5,2.2,0,False
16551478,SF 49ers		 vs. ARZ Cardinals,Walter Nolen,Passes décisives P/M (prolongations incluses),770,75644,1743231862,4535379052,Walter Nolen (ARI) moins de 1.5,Walter Nolen (ARI) moins de 1.5,1.5264,0,False
16551478,SF 49ers		 vs. ARZ Cardinals,Max Melton,Passes décisives P/M (prolongations incluses),770,75644,1743231771,4535378891,Max Melton (ARI) Plus de 1.5,Max Melton (ARI) Plus de 1.5,1.9524,0,False
16551478,SF 49ers		 vs. ARZ Cardinals,Max Melton,Passes décisives P/M (prolongations incluses),770,75644,1743231771,4535378892,Max Melton (ARI) moins de 1.5,Max Melton (ARI) moins de 1.5,1.6667,0,False
16551478,SF 49ers		 vs. ARZ Cardinals,Dante Stills,Passes décisives P/M (prolongations incluses),770,75644,1743231311,4535378088,Dante Stills (ARI) moins de 1.5,Dante Stills (ARI) moins de 1.5,1.6667,0,False
16551478,SF 49ers		 vs. ARZ Cardinals,Dante Stills,Passes décisives P/M (prolongations incluses),770,75644,1743231311,4535378087,Dante Stills (ARI) Plus de 1.5,Dante Stills (ARI) Plus de 1.5,1.9524,0,False
16551478,SF 49ers		 vs. ARZ Cardinals,Garrett Williams,Passes décisives P/M (prolongations incluses),770,75644,1743231587,4535378570,Garrett Williams (ARI) Plus de 1.5,Garrett Williams (ARI) Plus de 1.5,1.5264,0,False
16551478,SF 49ers		 vs. ARZ Cardinals,Garrett Williams,Passes décisives P/M (prolongations incluses),770,75644,1743231587,4535378571,Garrett Williams (ARI) moins de 1.5,Garrett Williams (ARI) moins de 1.5,2.2,0,False
16551478,SF 49ers		 vs. ARZ Cardinals,Mack Wilson,Joueur Total de Tackles (prolongations incluses),2010,72301,1743231130,4535377769,Mack Wilson (ARI) Plus de 4.5,Mack Wilson (ARI) Plus de 4.5,2.1,0,False
16551478,SF 49ers		 vs. ARZ Cardinals,Mack Wilson,Joueur Total de Tackles (prolongations incluses),2010,72301,1743231130,4535377770,Mack Wilson (ARI) moins de 4.5,Mack Wilson (ARI) moins de 4.5,1.6061,0,False
16551478,SF 49ers		 vs. ARZ Cardinals,Budda Baker,Joueur Total de Tackles (prolongations incluses),2010,72301,1743230998,4535377532,Budda Baker (ARI) Plus de 4.5,Budda Baker (ARI) Plus de 4.5,2.2,0,False
16551478,SF 49ers		 vs. ARZ Cardinals,Budda Baker,Joueur Total de Tackles (prolongations incluses),2010,72301,1743230998,4535377533,Budda Baker (ARI) moins de 4.5,Budda Baker (ARI) moins de 4.5,1.5556,0,False
16551478,SF 49ers		 vs. ARZ Cardinals,Jack Gibbens,Joueur Total de Tackles (prolongations incluses),2010,72301,1743231274,4535378024,Jack Gibbens (ARI) moins de 3.5,Jack Gibbens (ARI) moins de 3.5,2.25,0,False
16551478,SF 49ers		 vs. ARZ Cardinals,Jack Gibbens,Joueur Total de Tackles (prolongations incluses),2010,72301,1743231274,4535378023,Jack Gibbens (ARI) Plus de 3.5,Jack Gibbens (ARI) Plus de 3.5,1.5264,0,False
16551478,SF 49ers		 vs. ARZ Cardinals,Andrew Wingard,Joueur Total de Tackles (prolongations incluses),2010,72301,1743231067,4535377658,Andrew Wingard (ARI) Plus de 3.5,Andrew Wingard (ARI) Plus de 3.5,2.0,0,False
16551478,SF 49ers		 vs. ARZ Cardinals,Andrew Wingard,Joueur Total de Tackles (prolongations incluses),2010,72301,1743231067,4535377659,Andrew Wingard (ARI) moins de 3.5,Andrew Wingard (ARI) moins de 3.5,1.6667,0,False
16551478,SF 49ers		 vs. ARZ Cardinals,Garrett Williams,Joueur Total de Tackles (prolongations incluses),2010,72301,1744374776,4538977189,Garrett Williams (ARI) Plus de 2.5,Garrett Williams (ARI) Plus de 2.5,1.625,0,False
16551478,SF 49ers		 vs. ARZ Cardinals,Garrett Williams,Joueur Total de Tackles (prolongations incluses),2010,72301,1744374776,4538977190,Garrett Williams (ARI) moins de 2.5,Garrett Williams (ARI) moins de 2.5,2.05,0,False
16551478,SF 49ers		 vs. ARZ Cardinals,Denzel Burke,Joueur Total de Tackles (prolongations incluses),2010,72301,1744400149,4539042390,Denzel Burke (ARI) Plus de 2.5,Denzel Burke (ARI) Plus de 2.5,2.0,0,False
16551478,SF 49ers		 vs. ARZ Cardinals,Denzel Burke,Joueur Total de Tackles (prolongations incluses),2010,72301,1744400149,4539042391,Denzel Burke (ARI) moins de 2.5,Denzel Burke (ARI) moins de 2.5,1.6667,0,False
16551478,SF 49ers		 vs. ARZ Cardinals,Max Melton,Joueur Total de Tackles (prolongations incluses),2010,72301,1743231770,4535378889,Max Melton (ARI) Plus de 2.5,Max Melton (ARI) Plus de 2.5,2.1,0,False
16551478,SF 49ers		 vs. ARZ Cardinals,Max Melton,Joueur Total de Tackles (prolongations incluses),2010,72301,1743231770,4535378890,Max Melton (ARI) moins de 2.5,Max Melton (ARI) moins de 2.5,1.6061,0,False
16551478,SF 49ers		 vs. ARZ Cardinals,Walter Nolen,Joueur Total de Tackles (prolongations incluses),2010,72301,1743231861,4535379049,Walter Nolen (ARI) Plus de 0.5,Walter Nolen (ARI) Plus de 0.5,1.4445,0,False
16551478,SF 49ers		 vs. ARZ Cardinals,Walter Nolen,Joueur Total de Tackles (prolongations incluses),2010,72301,1743231861,4535379050,Walter Nolen (ARI) moins de 0.5,Walter Nolen (ARI) moins de 0.5,2.45,0,False
16551478,SF 49ers		 vs. ARZ Cardinals,Dante Stills,Joueur Total de Tackles (prolongations incluses),2010,72301,1743231310,4535378085,Dante Stills (ARI) Plus de 0.5,Dante Stills (ARI) Plus de 0.5,1.4546,0,False
16551478,SF 49ers		 vs. ARZ Cardinals,Dante Stills,Joueur Total de Tackles (prolongations incluses),2010,72301,1743231310,4535378086,Dante Stills (ARI) moins de 0.5,Dante Stills (ARI) moins de 0.5,2.4,0,False
16551478,SF 49ers		 vs. ARZ Cardinals,Josh Sweat,Joueur Total de Tackles (prolongations incluses),2010,72301,1743231010,4535377554,Josh Sweat (ARI) Plus de 0.5,Josh Sweat (ARI) Plus de 0.5,1.4546,0,False
16551478,SF 49ers		 vs. ARZ Cardinals,Josh Sweat,Joueur Total de Tackles (prolongations incluses),2010,72301,1743231010,4535377555,Josh Sweat (ARI) moins de 0.5,Josh Sweat (ARI) moins de 0.5,2.4,0,False
16551478,SF 49ers		 vs. ARZ Cardinals,Christian McCaffrey,Joueur tentative de gain par la course (prolongations incluses),2012,72303,1744659888,4539893605,Christian McCaffrey (SF) Plus de 13.5,Christian McCaffrey (SF) Plus de 13.5,1.8334,0,False
16551478,SF 49ers		 vs. ARZ Cardinals,Christian McCaffrey,Joueur tentative de gain par la course (prolongations incluses),2012,72303,1744659888,4539893606,Christian McCaffrey (SF) moins de 13.5,Christian McCaffrey (SF) moins de 13.5,1.8,0,False
16551478,SF 49ers		 vs. ARZ Cardinals,Jeremiyah Love,Joueur tentative de gain par la course (prolongations incluses),2012,72303,1744633672,4539811622,Jeremiyah Love (ARI) Plus de 10.5,Jeremiyah Love (ARI) Plus de 10.5,1.7693,0,False
16551478,SF 49ers		 vs. ARZ Cardinals,Jeremiyah Love,Joueur tentative de gain par la course (prolongations incluses),2012,72303,1744633672,4539811623,Jeremiyah Love (ARI) moins de 10.5,Jeremiyah Love (ARI) moins de 10.5,1.8696,0,False
16551478,SF 49ers		 vs. ARZ Cardinals,Kaelon Black,Joueur tentative de gain par la course (prolongations incluses),2012,72303,1744678409,4539950624,Kaelon Black (SF) Plus de 8.5,Kaelon Black (SF) Plus de 8.5,1.8696,0,False
16551478,SF 49ers		 vs. ARZ Cardinals,Kaelon Black,Joueur tentative de gain par la course (prolongations incluses),2012,72303,1744678409,4539950625,Kaelon Black (SF) moins de 8.5,Kaelon Black (SF) moins de 8.5,1.7693,0,False
16551478,SF 49ers		 vs. ARZ Cardinals,Tyler Allgeier,Joueur tentative de gain par la course (prolongations incluses),2012,72303,1744634084,4539812523,Tyler Allgeier (ARI) Plus de 8.5,Tyler Allgeier (ARI) Plus de 8.5,2.0,0,False
16551478,SF 49ers		 vs. ARZ Cardinals,Tyler Allgeier,Joueur tentative de gain par la course (prolongations incluses),2012,72303,1744634084,4539812524,Tyler Allgeier (ARI) moins de 8.5,Tyler Allgeier (ARI) moins de 8.5,1.6667,0,False
16551478,SF 49ers		 vs. ARZ Cardinals,Brock Purdy,Joueur tentative de gain par la course (prolongations incluses),2012,72303,1743231344,4535378152,Brock Purdy (SF) Plus de 4.5,Brock Purdy (SF) Plus de 4.5,2.0,0,False
16551478,SF 49ers		 vs. ARZ Cardinals,Brock Purdy,Joueur tentative de gain par la course (prolongations incluses),2012,72303,1743231344,4535378153,Brock Purdy (SF) moins de 4.5,Brock Purdy (SF) moins de 4.5,1.6667,0,False
16551478,SF 49ers		 vs. ARZ Cardinals,Jacoby Brissett,Joueur tentative de gain par la course (prolongations incluses),2012,72303,1743725703,4537101345,Jacoby Brissett (ARI) Plus de 1.5,Jacoby Brissett (ARI) Plus de 1.5,1.5264,0,False
16551478,SF 49ers		 vs. ARZ Cardinals,Jacoby Brissett,Joueur tentative de gain par la course (prolongations incluses),2012,72303,1743725703,4537101346,Jacoby Brissett (ARI) moins de 1.5,Jacoby Brissett (ARI) moins de 1.5,2.25,0,False
16551478,SF 49ers		 vs. ARZ Cardinals,Deebo Samuel,Joueur tentative de gain par la course (prolongations incluses),2012,72303,1744345269,4538881761,Deebo Samuel (SF) Plus de 1.5,Deebo Samuel (SF) Plus de 1.5,2.65,0,False
16551478,SF 49ers		 vs. ARZ Cardinals,Deebo Samuel,Joueur tentative de gain par la course (prolongations incluses),2012,72303,1744345269,4538881762,Deebo Samuel (SF) moins de 1.5,Deebo Samuel (SF) moins de 1.5,1.3847,0,False
16551478,SF 49ers		 vs. ARZ Cardinals,Trey McBride,Total de réceptions Plus/Moins(Incl. Prolongations),767,71926,1743725746,4537101432,Trey McBride (ARI) moins de 6.5,Trey McBride (ARI) moins de 6.5,2.1,0,False
16551478,SF 49ers		 vs. ARZ Cardinals,Trey McBride,Total de réceptions Plus/Moins(Incl. Prolongations),767,71926,1743725746,4537101431,Trey McBride (ARI) Plus de 6.5,Trey McBride (ARI) Plus de 6.5,1.6061,0,False
16551478,SF 49ers		 vs. ARZ Cardinals,Christian McCaffrey,Total de réceptions Plus/Moins(Incl. Prolongations),767,71926,1744680561,4539956236,Christian McCaffrey (SF) Plus de 4.5,Christian McCaffrey (SF) Plus de 4.5,1.7693,0,False
16551478,SF 49ers		 vs. ARZ Cardinals,Christian McCaffrey,Total de réceptions Plus/Moins(Incl. Prolongations),767,71926,1744680561,4539956237,Christian McCaffrey (SF) moins de 4.5,Christian McCaffrey (SF) moins de 4.5,1.8696,0,False
16551478,SF 49ers		 vs. ARZ Cardinals,Mike Evans,Total de réceptions Plus/Moins(Incl. Prolongations),767,71926,1744685190,4539968542,Mike Evans (SF) Plus de 4.5,Mike Evans (SF) Plus de 4.5,2.0,0,False
16551478,SF 49ers		 vs. ARZ Cardinals,Mike Evans,Total de réceptions Plus/Moins(Incl. Prolongations),767,71926,1744685190,4539968543,Mike Evans (SF) moins de 4.5,Mike Evans (SF) moins de 4.5,1.6667,0,False
16551478,SF 49ers		 vs. ARZ Cardinals,George Kittle,Total de réceptions Plus/Moins(Incl. Prolongations),767,71926,1743230856,4535377288,George Kittle (SF) Plus de 4.5,George Kittle (SF) Plus de 4.5,2.1,0,False
16551478,SF 49ers		 vs. ARZ Cardinals,George Kittle,Total de réceptions Plus/Moins(Incl. Prolongations),767,71926,1743230856,4535377289,George Kittle (SF) moins de 4.5,George Kittle (SF) moins de 4.5,1.6061,0,False
16551478,SF 49ers		 vs. ARZ Cardinals,Michael Wilson,Total de réceptions Plus/Moins(Incl. Prolongations),767,71926,1743865605,4537670512,Michael Wilson (ARI) moins de 3.5,Michael Wilson (ARI) moins de 3.5,2.15,0,False
16551478,SF 49ers		 vs. ARZ Cardinals,Michael Wilson,Total de réceptions Plus/Moins(Incl. Prolongations),767,71926,1743865605,4537670511,Michael Wilson (ARI) Plus de 3.5,Michael Wilson (ARI) Plus de 3.5,1.5715,0,False
16551478,SF 49ers		 vs. ARZ Cardinals,Deebo Samuel,Total de réceptions Plus/Moins(Incl. Prolongations),767,71926,1744681493,4539958523,Deebo Samuel (SF) Plus de 3.5,Deebo Samuel (SF) Plus de 3.5,1.625,0,False
16551478,SF 49ers		 vs. ARZ Cardinals,Deebo Samuel,Total de réceptions Plus/Moins(Incl. Prolongations),767,71926,1744681493,4539958524,Deebo Samuel (SF) moins de 3.5,Deebo Samuel (SF) moins de 3.5,2.05,0,False
16551478,SF 49ers		 vs. ARZ Cardinals,Jeremiyah Love,Total de réceptions Plus/Moins(Incl. Prolongations),767,71926,1743231880,4535379084,Jeremiyah Love (ARI) Plus de 2.5,Jeremiyah Love (ARI) Plus de 2.5,1.6667,0,False
16551478,SF 49ers		 vs. ARZ Cardinals,Jeremiyah Love,Total de réceptions Plus/Moins(Incl. Prolongations),767,71926,1743231880,4535379085,Jeremiyah Love (ARI) moins de 2.5,Jeremiyah Love (ARI) moins de 2.5,2.0,0,False
16551478,SF 49ers		 vs. ARZ Cardinals,Kendrick Bourne,Total de réceptions Plus/Moins(Incl. Prolongations),767,71926,1743230894,4535377353,Kendrick Bourne (ARI) Plus de 2.5,Kendrick Bourne (ARI) Plus de 2.5,1.9524,0,False
16551478,SF 49ers		 vs. ARZ Cardinals,Kendrick Bourne,Total de réceptions Plus/Moins(Incl. Prolongations),767,71926,1743230894,4535377354,Kendrick Bourne (ARI) moins de 2.5,Kendrick Bourne (ARI) moins de 2.5,1.6897,0,False
16551478,SF 49ers		 vs. ARZ Cardinals,Marvin Harrison Jr.,Total de réceptions Plus/Moins(Incl. Prolongations),767,71926,1743231778,4535378904,Marvin Harrison Jr. (ARI) Plus de 2.5,Marvin Harrison Jr. (ARI) Plus de 2.5,2.1,0,False
16551478,SF 49ers		 vs. ARZ Cardinals,Marvin Harrison Jr.,Total de réceptions Plus/Moins(Incl. Prolongations),767,71926,1743231778,4535378905,Marvin Harrison Jr. (ARI) moins de 2.5,Marvin Harrison Jr. (ARI) moins de 2.5,1.6061,0,False
16551478,SF 49ers		 vs. ARZ Cardinals,Tyler Allgeier,Total de réceptions Plus/Moins(Incl. Prolongations),767,71926,1743231450,4535378328,Tyler Allgeier (ARI) Plus de 1.5,Tyler Allgeier (ARI) Plus de 1.5,2.0,0,False
16551478,SF 49ers		 vs. ARZ Cardinals,Tyler Allgeier,Total de réceptions Plus/Moins(Incl. Prolongations),767,71926,1743231450,4535378329,Tyler Allgeier (ARI) moins de 1.5,Tyler Allgeier (ARI) moins de 1.5,1.6667,0,False
16551478,SF 49ers		 vs. ARZ Cardinals,Kyle Juszczyk,Total de réceptions Plus/Moins(Incl. Prolongations),767,71926,1744671079,4539924332,Kyle Juszczyk (SF) Plus de 1.5,Kyle Juszczyk (SF) Plus de 1.5,2.4,0,False
16551478,SF 49ers		 vs. ARZ Cardinals,Kyle Juszczyk,Total de réceptions Plus/Moins(Incl. Prolongations),767,71926,1744671079,4539924333,Kyle Juszczyk (SF) moins de 1.5,Kyle Juszczyk (SF) moins de 1.5,1.4546,0,False
16551478,SF 49ers		 vs. ARZ Cardinals,Kaelon Black,Total de réceptions Plus/Moins(Incl. Prolongations),767,71926,1743231638,4535378659,Kaelon Black (SF) Plus de 0.5,Kaelon Black (SF) Plus de 0.5,1.8696,0,False
16551478,SF 49ers		 vs. ARZ Cardinals,Kaelon Black,Total de réceptions Plus/Moins(Incl. Prolongations),767,71926,1743231638,4535378660,Kaelon Black (SF) moins de 0.5,Kaelon Black (SF) moins de 0.5,1.7693,0,False
16551478,SF 49ers		 vs. ARZ Cardinals,Brock Purdy,Passes du joueur interceptées Plus/Moins (Incl. Prolongations),2253,73703,1750195429,4557996104,Brock Purdy (SF) Plus de 0.5,Brock Purdy (SF) Plus de 0.5,2.0,0,False
16551478,SF 49ers		 vs. ARZ Cardinals,Brock Purdy,Passes du joueur interceptées Plus/Moins (Incl. Prolongations),2253,73703,1750195429,4557996105,Brock Purdy (SF) moins de 0.5,Brock Purdy (SF) moins de 0.5,1.6667,0,False
16551478,SF 49ers		 vs. ARZ Cardinals,Jacoby Brissett,Passes du joueur interceptées Plus/Moins (Incl. Prolongations),2253,73703,1750195513,4557996320,Jacoby Brissett (ARI) Plus de 0.5,Jacoby Brissett (ARI) Plus de 0.5,2.0,0,False
16551478,SF 49ers		 vs. ARZ Cardinals,Jacoby Brissett,Passes du joueur interceptées Plus/Moins (Incl. Prolongations),2253,73703,1750195513,4557996321,Jacoby Brissett (ARI) moins de 0.5,Jacoby Brissett (ARI) moins de 0.5,1.6667,0,False
16551478,SF 49ers		 vs. ARZ Cardinals,Brock Purdy,"Passes complétées, Joueur (prolongations incluses) ",760,71921,1743231319,4535378102,Brock Purdy (SF) Plus de 21.5,Brock Purdy (SF) Plus de 21.5,1.7693,0,False
16551478,SF 49ers		 vs. ARZ Cardinals,Brock Purdy,"Passes complétées, Joueur (prolongations incluses) ",760,71921,1743231319,4535378103,Brock Purdy (SF) moins de 21.5,Brock Purdy (SF) moins de 21.5,1.8696,0,False
16551478,SF 49ers		 vs. ARZ Cardinals,Jacoby Brissett,"Passes complétées, Joueur (prolongations incluses) ",760,71921,1743865596,4537670493,Jacoby Brissett (ARI) Plus de 21.5,Jacoby Brissett (ARI) Plus de 21.5,1.7693,0,False
16551478,SF 49ers		 vs. ARZ Cardinals,Jacoby Brissett,"Passes complétées, Joueur (prolongations incluses) ",760,71921,1743865596,4537670494,Jacoby Brissett (ARI) moins de 21.5,Jacoby Brissett (ARI) moins de 21.5,1.8696,0,False
16551478,SF 49ers		 vs. ARZ Cardinals,Jacoby Brissett,Tentatives de passes du joueur Plus/Moins (Incl. Prolongations),2252,73702,1746162461,4544775654,Jacoby Brissett (ARI) Plus de 32.5,Jacoby Brissett (ARI) Plus de 32.5,1.7693,0,False
16551478,SF 49ers		 vs. ARZ Cardinals,Jacoby Brissett,Tentatives de passes du joueur Plus/Moins (Incl. Prolongations),2252,73702,1746162461,4544775655,Jacoby Brissett (ARI) moins de 32.5,Jacoby Brissett (ARI) moins de 32.5,1.8696,0,False
16551478,SF 49ers		 vs. ARZ Cardinals,Brock Purdy,Tentatives de passes du joueur Plus/Moins (Incl. Prolongations),2252,73702,1744677181,4539947323,Brock Purdy (SF) Plus de 29.5,Brock Purdy (SF) Plus de 29.5,1.7693,0,False
16551478,SF 49ers		 vs. ARZ Cardinals,Brock Purdy,Tentatives de passes du joueur Plus/Moins (Incl. Prolongations),2252,73702,1744677181,4539947324,Brock Purdy (SF) moins de 29.5,Brock Purdy (SF) moins de 29.5,1.8696,0,False
16551478,SF 49ers		 vs. ARZ Cardinals,Mike Evans,Joueuer Plus longue réception (prolongations incluses) ,2009,72300,1744345218,4538881668,Mike Evans (SF) Plus de 20.5,Mike Evans (SF) Plus de 20.5,1.8696,0,False
16551478,SF 49ers		 vs. ARZ Cardinals,Mike Evans,Joueuer Plus longue réception (prolongations incluses) ,2009,72300,1744345218,4538881669,Mike Evans (SF) moins de 20.5,Mike Evans (SF) moins de 20.5,1.7693,0,False
16551478,SF 49ers		 vs. ARZ Cardinals,Trey McBride,Joueuer Plus longue réception (prolongations incluses) ,2009,72300,1748901127,4553831808,Trey McBride (ARI) moins de 20.5,Trey McBride (ARI) moins de 20.5,1.7693,0,False
16551478,SF 49ers		 vs. ARZ Cardinals,Trey McBride,Joueuer Plus longue réception (prolongations incluses) ,2009,72300,1748901127,4553831807,Trey McBride (ARI) Plus de 20.5,Trey McBride (ARI) Plus de 20.5,1.8696,0,False
16551478,SF 49ers		 vs. ARZ Cardinals,Michael Wilson,Joueuer Plus longue réception (prolongations incluses) ,2009,72300,1744633651,4539811580,Michael Wilson (ARI) Plus de 18.5,Michael Wilson (ARI) Plus de 18.5,1.8,0,False
16551478,SF 49ers		 vs. ARZ Cardinals,Michael Wilson,Joueuer Plus longue réception (prolongations incluses) ,2009,72300,1744633651,4539811581,Michael Wilson (ARI) moins de 18.5,Michael Wilson (ARI) moins de 18.5,1.8334,0,False
16551478,SF 49ers		 vs. ARZ Cardinals,George Kittle,Joueuer Plus longue réception (prolongations incluses) ,2009,72300,1743480752,4536203529,George Kittle (SF) Plus de 18.5,George Kittle (SF) Plus de 18.5,1.8696,0,False
16551478,SF 49ers		 vs. ARZ Cardinals,George Kittle,Joueuer Plus longue réception (prolongations incluses) ,2009,72300,1743480752,4536203530,George Kittle (SF) moins de 18.5,George Kittle (SF) moins de 18.5,1.7693,0,False
16551478,SF 49ers		 vs. ARZ Cardinals,Deebo Samuel,Joueuer Plus longue réception (prolongations incluses) ,2009,72300,1752535481,4564846669,Deebo Samuel (SF) Plus de 17.5,Deebo Samuel (SF) Plus de 17.5,1.7693,0,False
16551478,SF 49ers		 vs. ARZ Cardinals,Deebo Samuel,Joueuer Plus longue réception (prolongations incluses) ,2009,72300,1752535481,4564846670,Deebo Samuel (SF) moins de 17.5,Deebo Samuel (SF) moins de 17.5,1.8696,0,False
16551478,SF 49ers		 vs. ARZ Cardinals,Marvin Harrison Jr.,Joueuer Plus longue réception (prolongations incluses) ,2009,72300,1743725793,4537101525,Marvin Harrison Jr. (ARI) Plus de 16.5,Marvin Harrison Jr. (ARI) Plus de 16.5,1.7693,0,False
16551478,SF 49ers		 vs. ARZ Cardinals,Marvin Harrison Jr.,Joueuer Plus longue réception (prolongations incluses) ,2009,72300,1743725793,4537101526,Marvin Harrison Jr. (ARI) moins de 16.5,Marvin Harrison Jr. (ARI) moins de 16.5,1.8696,0,False
16551478,SF 49ers		 vs. ARZ Cardinals,Christian McCaffrey,Joueuer Plus longue réception (prolongations incluses) ,2009,72300,1744685687,4539969757,Christian McCaffrey (SF) Plus de 15.5,Christian McCaffrey (SF) Plus de 15.5,1.8696,0,False
16551478,SF 49ers		 vs. ARZ Cardinals,Christian McCaffrey,Joueuer Plus longue réception (prolongations incluses) ,2009,72300,1744685687,4539969758,Christian McCaffrey (SF) moins de 15.5,Christian McCaffrey (SF) moins de 15.5,1.7693,0,False
16551478,SF 49ers		 vs. ARZ Cardinals,Kendrick Bourne,Joueuer Plus longue réception (prolongations incluses) ,2009,72300,1745709701,4543199552,Kendrick Bourne (ARI) moins de 13.5,Kendrick Bourne (ARI) moins de 13.5,1.8,0,False
16551478,SF 49ers		 vs. ARZ Cardinals,Kendrick Bourne,Joueuer Plus longue réception (prolongations incluses) ,2009,72300,1745709701,4543199551,Kendrick Bourne (ARI) Plus de 13.5,Kendrick Bourne (ARI) Plus de 13.5,1.8334,0,False
16551478,SF 49ers		 vs. ARZ Cardinals,Jeremiyah Love,Joueuer Plus longue réception (prolongations incluses) ,2009,72300,1743231881,4535379086,Jeremiyah Love (ARI) Plus de 10.5,Jeremiyah Love (ARI) Plus de 10.5,1.8334,0,False
16551478,SF 49ers		 vs. ARZ Cardinals,Jeremiyah Love,Joueuer Plus longue réception (prolongations incluses) ,2009,72300,1743231881,4535379087,Jeremiyah Love (ARI) moins de 10.5,Jeremiyah Love (ARI) moins de 10.5,1.8,0,False
16551478,SF 49ers		 vs. ARZ Cardinals,Kyle Juszczyk,Joueuer Plus longue réception (prolongations incluses) ,2009,72300,1744677172,4539947305,Kyle Juszczyk (SF) Plus de 7.5,Kyle Juszczyk (SF) Plus de 7.5,1.8696,0,False
16551478,SF 49ers		 vs. ARZ Cardinals,Kyle Juszczyk,Joueuer Plus longue réception (prolongations incluses) ,2009,72300,1744677172,4539947306,Kyle Juszczyk (SF) moins de 7.5,Kyle Juszczyk (SF) moins de 7.5,1.7693,0,False
16551478,SF 49ers		 vs. ARZ Cardinals,Tyler Allgeier,Joueuer Plus longue réception (prolongations incluses) ,2009,72300,1743725764,4537101467,Tyler Allgeier (ARI) Plus de 6.5,Tyler Allgeier (ARI) Plus de 6.5,1.8,0,False
16551478,SF 49ers		 vs. ARZ Cardinals,Tyler Allgeier,Joueuer Plus longue réception (prolongations incluses) ,2009,72300,1743725764,4537101468,Tyler Allgeier (ARI) moins de 6.5,Tyler Allgeier (ARI) moins de 6.5,1.8334,0,False
16551478,SF 49ers		 vs. ARZ Cardinals,Kaelon Black,Joueuer Plus longue réception (prolongations incluses) ,2009,72300,1744374445,4538976504,Kaelon Black (SF) Plus de 0.5,Kaelon Black (SF) Plus de 0.5,2.0,0,False
16551478,SF 49ers		 vs. ARZ Cardinals,Kaelon Black,Joueuer Plus longue réception (prolongations incluses) ,2009,72300,1744374445,4538976505,Kaelon Black (SF) moins de 0.5,Kaelon Black (SF) moins de 0.5,1.6667,0,False
16551478,SF 49ers		 vs. ARZ Cardinals,Brock Purdy,Joueur Plus longue passe complétée (prolongations incluses) ,2001,72292,1744400140,4539042373,Brock Purdy (SF) Plus de 35.5,Brock Purdy (SF) Plus de 35.5,1.8334,0,False
16551478,SF 49ers		 vs. ARZ Cardinals,Brock Purdy,Joueur Plus longue passe complétée (prolongations incluses) ,2001,72292,1744400140,4539042374,Brock Purdy (SF) moins de 35.5,Brock Purdy (SF) moins de 35.5,1.8,0,False
16551478,SF 49ers		 vs. ARZ Cardinals,Jacoby Brissett,Joueur Plus longue passe complétée (prolongations incluses) ,2001,72292,1744371342,4538969235,Jacoby Brissett (ARI) Plus de 33.5,Jacoby Brissett (ARI) Plus de 33.5,1.7693,0,False
16551478,SF 49ers		 vs. ARZ Cardinals,Jacoby Brissett,Joueur Plus longue passe complétée (prolongations incluses) ,2001,72292,1744371342,4538969236,Jacoby Brissett (ARI) moins de 33.5,Jacoby Brissett (ARI) moins de 33.5,1.8696,0,False
16551478,SF 49ers		 vs. ARZ Cardinals,Eddy Pineiro,Points de tir du joueur Plus/Moins (prolongations incluses) ,2003,72294,1743610791,4536651670,Eddy Pineiro (SF) Plus de 7.5,Eddy Pineiro (SF) Plus de 7.5,1.6897,0,False
16551478,SF 49ers		 vs. ARZ Cardinals,Eddy Pineiro,Points de tir du joueur Plus/Moins (prolongations incluses) ,2003,72294,1743610791,4536651671,Eddy Pineiro (SF) moins de 7.5,Eddy Pineiro (SF) moins de 7.5,1.9524,0,False
16551478,SF 49ers		 vs. ARZ Cardinals,Chad Ryland,Points de tir du joueur Plus/Moins (prolongations incluses) ,2003,72294,1743865616,4537670533,Chad Ryland (ARI) Plus de 5.5,Chad Ryland (ARI) Plus de 5.5,1.7693,0,False
16551478,SF 49ers		 vs. ARZ Cardinals,Chad Ryland,Points de tir du joueur Plus/Moins (prolongations incluses) ,2003,72294,1743865616,4537670534,Chad Ryland (ARI) moins de 5.5,Chad Ryland (ARI) moins de 5.5,1.8696,0,False
16551478,SF 49ers		 vs. ARZ Cardinals,Eddy Pineiro,Field goals du joueur (prolongations incluses) ,769,71927,1743231079,4535377680,Eddy Pineiro (SF) Plus de 1.5,Eddy Pineiro (SF) Plus de 1.5,1.7408,0,False
16551478,SF 49ers		 vs. ARZ Cardinals,Eddy Pineiro,Field goals du joueur (prolongations incluses) ,769,71927,1743231079,4535377681,Eddy Pineiro (SF) moins de 1.5,Eddy Pineiro (SF) moins de 1.5,1.9091,0,False
16551478,SF 49ers		 vs. ARZ Cardinals,Chad Ryland,Field goals du joueur (prolongations incluses) ,769,71927,1743231307,4535378080,Chad Ryland (ARI) moins de 1.5,Chad Ryland (ARI) moins de 1.5,1.5264,0,False
16551478,SF 49ers		 vs. ARZ Cardinals,Chad Ryland,Field goals du joueur (prolongations incluses) ,769,71927,1743231307,4535378079,Chad Ryland (ARI) Plus de 1.5,Chad Ryland (ARI) Plus de 1.5,2.25,0,False
16551478,SF 49ers		 vs. ARZ Cardinals,Andrew Wingard,Interceptions défensives Plus/Moins (prolongations incluses),3304,73828,1743231071,4535377666,Andrew Wingard (ARI) Plus de 0.5,Andrew Wingard (ARI) Plus de 0.5,6.75,0,False
16551478,SF 49ers		 vs. ARZ Cardinals,Andrew Wingard,Interceptions défensives Plus/Moins (prolongations incluses),3304,73828,1743231071,4535377667,Andrew Wingard (ARI) moins de 0.5,Andrew Wingard (ARI) moins de 0.5,1.05,0,False
16551478,SF 49ers		 vs. ARZ Cardinals,Denzel Burke,Interceptions défensives Plus/Moins (prolongations incluses),3304,73828,1743231807,4535378953,Denzel Burke (ARI) Plus de 0.5,Denzel Burke (ARI) Plus de 0.5,6.75,0,False
16551478,SF 49ers		 vs. ARZ Cardinals,Denzel Burke,Interceptions défensives Plus/Moins (prolongations incluses),3304,73828,1743231807,4535378954,Denzel Burke (ARI) moins de 0.5,Denzel Burke (ARI) moins de 0.5,1.05,0,False
16551478,SF 49ers		 vs. ARZ Cardinals,Garrett Williams,Interceptions défensives Plus/Moins (prolongations incluses),3304,73828,1743231590,4535378576,Garrett Williams (ARI) Plus de 0.5,Garrett Williams (ARI) Plus de 0.5,6.75,0,False
16551478,SF 49ers		 vs. ARZ Cardinals,Garrett Williams,Interceptions défensives Plus/Moins (prolongations incluses),3304,73828,1743231590,4535378577,Garrett Williams (ARI) moins de 0.5,Garrett Williams (ARI) moins de 0.5,1.05,0,False
16551478,SF 49ers		 vs. ARZ Cardinals,Jack Gibbens,Interceptions défensives Plus/Moins (prolongations incluses),3304,73828,1743231278,4535378032,Jack Gibbens (ARI) moins de 0.5,Jack Gibbens (ARI) moins de 0.5,1.0334,0,False
16551478,SF 49ers		 vs. ARZ Cardinals,Jack Gibbens,Interceptions défensives Plus/Moins (prolongations incluses),3304,73828,1743231278,4535378031,Jack Gibbens (ARI) Plus de 0.5,Jack Gibbens (ARI) Plus de 0.5,7.75,0,False
16551478,SF 49ers		 vs. ARZ Cardinals,Budda Baker,Interceptions défensives Plus/Moins (prolongations incluses),3304,73828,1743231002,4535377540,Budda Baker (ARI) Plus de 0.5,Budda Baker (ARI) Plus de 0.5,8.5,0,False
16551478,SF 49ers		 vs. ARZ Cardinals,Budda Baker,Interceptions défensives Plus/Moins (prolongations incluses),3304,73828,1743231002,4535377541,Budda Baker (ARI) moins de 0.5,Budda Baker (ARI) moins de 0.5,1.02,0,False
16551478,SF 49ers		 vs. ARZ Cardinals,Max Melton,Interceptions défensives Plus/Moins (prolongations incluses),3304,73828,1743231774,4535378897,Max Melton (ARI) Plus de 0.5,Max Melton (ARI) Plus de 0.5,8.5,0,False
16551478,SF 49ers		 vs. ARZ Cardinals,Max Melton,Interceptions défensives Plus/Moins (prolongations incluses),3304,73828,1743231774,4535378898,Max Melton (ARI) moins de 0.5,Max Melton (ARI) moins de 0.5,1.02,0,False
16551478,SF 49ers		 vs. ARZ Cardinals,Christian McCaffrey,1ère mi-temps - Total de yards à la course du joueur Plus/Moins,31470,77064,1744678402,4539950610,Christian McCaffrey (SF) Plus de 23.5,Christian McCaffrey (SF) Plus de 23.5,1.7693,0,False
16551478,SF 49ers		 vs. ARZ Cardinals,Christian McCaffrey,1ère mi-temps - Total de yards à la course du joueur Plus/Moins,31470,77064,1744678402,4539950611,Christian McCaffrey (SF) moins de 23.5,Christian McCaffrey (SF) moins de 23.5,1.8334,0,False
16551478,SF 49ers		 vs. ARZ Cardinals,Jeremiyah Love,1ère mi-temps - Total de yards à la course du joueur Plus/Moins,31470,77064,1744633673,4539811624,Jeremiyah Love (ARI) Plus de 20.5,Jeremiyah Love (ARI) Plus de 20.5,1.7693,0,False
16551478,SF 49ers		 vs. ARZ Cardinals,Jeremiyah Love,1ère mi-temps - Total de yards à la course du joueur Plus/Moins,31470,77064,1744633673,4539811625,Jeremiyah Love (ARI) moins de 20.5,Jeremiyah Love (ARI) moins de 20.5,1.8334,0,False
16551478,SF 49ers		 vs. ARZ Cardinals,Tyler Allgeier,1ère mi-temps - Total de yards à la course du joueur Plus/Moins,31470,77064,1753066621,4566129070,Tyler Allgeier (ARI) Plus de 14.5,Tyler Allgeier (ARI) Plus de 14.5,1.7693,0,False
16551478,SF 49ers		 vs. ARZ Cardinals,Tyler Allgeier,1ère mi-temps - Total de yards à la course du joueur Plus/Moins,31470,77064,1753066621,4566129071,Tyler Allgeier (ARI) moins de 14.5,Tyler Allgeier (ARI) moins de 14.5,1.8334,0,False
16551478,SF 49ers		 vs. ARZ Cardinals,Kaelon Black,1ère mi-temps - Total de yards à la course du joueur Plus/Moins,31470,77064,1744680576,4539956266,Kaelon Black (SF) Plus de 13.5,Kaelon Black (SF) Plus de 13.5,1.7693,0,False
16551478,SF 49ers		 vs. ARZ Cardinals,Kaelon Black,1ère mi-temps - Total de yards à la course du joueur Plus/Moins,31470,77064,1744680576,4539956267,Kaelon Black (SF) moins de 13.5,Kaelon Black (SF) moins de 13.5,1.8334,0,False
16551478,SF 49ers		 vs. ARZ Cardinals,Brock Purdy,1ère mi-temps - Total de yards à la course du joueur Plus/Moins,31470,77064,1744627305,4539795659,Brock Purdy (SF) Plus de 8.5,Brock Purdy (SF) Plus de 8.5,1.8334,0,False
16551478,SF 49ers		 vs. ARZ Cardinals,Brock Purdy,1ère mi-temps - Total de yards à la course du joueur Plus/Moins,31470,77064,1744627305,4539795660,Brock Purdy (SF) moins de 8.5,Brock Purdy (SF) moins de 8.5,1.7693,0,False
16551478,SF 49ers		 vs. ARZ Cardinals,Jacoby Brissett,1ère mi-temps - Total de yards à la course du joueur Plus/Moins,31470,77064,1743725704,4537101347,Jacoby Brissett (ARI) Plus de 0.5,Jacoby Brissett (ARI) Plus de 0.5,1.8334,0,False
16551478,SF 49ers		 vs. ARZ Cardinals,Jacoby Brissett,1ère mi-temps - Total de yards à la course du joueur Plus/Moins,31470,77064,1743725704,4537101348,Jacoby Brissett (ARI) moins de 0.5,Jacoby Brissett (ARI) moins de 0.5,1.7693,0,False
16551478,SF 49ers		 vs. ARZ Cardinals,Christian McCaffrey,1ère mi-temps - Touchdowns de course du joueur Plus / Moins,31473,77067,1743230950,4535377454,Christian McCaffrey (SF) Plus de 0.5,Christian McCaffrey (SF) Plus de 0.5,3.0,0,False
16551478,SF 49ers		 vs. ARZ Cardinals,Christian McCaffrey,1ère mi-temps - Touchdowns de course du joueur Plus / Moins,31473,77067,1743230950,4535377455,Christian McCaffrey (SF) moins de 0.5,Christian McCaffrey (SF) moins de 0.5,1.2858,0,False
16551478,SF 49ers		 vs. ARZ Cardinals,Jeremiyah Love,1ère mi-temps - Touchdowns de course du joueur Plus / Moins,31473,77067,1743231898,4535379120,Jeremiyah Love (ARI) Plus de 0.5,Jeremiyah Love (ARI) Plus de 0.5,4.25,0,False
16551478,SF 49ers		 vs. ARZ Cardinals,Jeremiyah Love,1ère mi-temps - Touchdowns de course du joueur Plus / Moins,31473,77067,1743231898,4535379121,Jeremiyah Love (ARI) moins de 0.5,Jeremiyah Love (ARI) moins de 0.5,1.1429,0,False
16551478,SF 49ers		 vs. ARZ Cardinals,Tyler Allgeier,1ère mi-temps - Touchdowns de course du joueur Plus / Moins,31473,77067,1743231468,4535378364,Tyler Allgeier (ARI) Plus de 0.5,Tyler Allgeier (ARI) Plus de 0.5,4.4,0,False
16551478,SF 49ers		 vs. ARZ Cardinals,Tyler Allgeier,1ère mi-temps - Touchdowns de course du joueur Plus / Moins,31473,77067,1743231468,4535378365,Tyler Allgeier (ARI) moins de 0.5,Tyler Allgeier (ARI) moins de 0.5,1.1334,0,False
16551478,SF 49ers		 vs. ARZ Cardinals,Kaelon Black,1ère mi-temps - Touchdowns de course du joueur Plus / Moins,31473,77067,1743231656,4535378696,Kaelon Black (SF) moins de 0.5,Kaelon Black (SF) moins de 0.5,1.0834,0,False
16551478,SF 49ers		 vs. ARZ Cardinals,Kaelon Black,1ère mi-temps - Touchdowns de course du joueur Plus / Moins,31473,77067,1743231656,4535378695,Kaelon Black (SF) Plus de 0.5,Kaelon Black (SF) Plus de 0.5,5.25,0,False
16551478,SF 49ers		 vs. ARZ Cardinals,Brock Purdy,1ère mi-temps - Touchdowns de course du joueur Plus / Moins,31473,77067,1743231349,4535378162,Brock Purdy (SF) Plus de 0.5,Brock Purdy (SF) Plus de 0.5,6.0,0,False
16551478,SF 49ers		 vs. ARZ Cardinals,Brock Purdy,1ère mi-temps - Touchdowns de course du joueur Plus / Moins,31473,77067,1743231349,4535378163,Brock Purdy (SF) moins de 0.5,Brock Purdy (SF) moins de 0.5,1.0625,0,False
16551478,SF 49ers		 vs. ARZ Cardinals,Jacoby Brissett,1ère mi-temps - Touchdowns de course du joueur Plus / Moins,31473,77067,1743230809,4535377212,Jacoby Brissett (ARI) Plus de 0.5,Jacoby Brissett (ARI) Plus de 0.5,7.75,0,False
16551478,SF 49ers		 vs. ARZ Cardinals,Jacoby Brissett,1ère mi-temps - Touchdowns de course du joueur Plus / Moins,31473,77067,1743230809,4535377213,Jacoby Brissett (ARI) moins de 0.5,Jacoby Brissett (ARI) moins de 0.5,1.02,0,False
16551478,SF 49ers		 vs. ARZ Cardinals,Jordan James,1ère mi-temps - Touchdowns de course du joueur Plus / Moins,31473,77067,1743231840,4535379016,Jordan James (SF) Plus de 0.5,Jordan James (SF) Plus de 0.5,8.5,0,False
16551478,SF 49ers		 vs. ARZ Cardinals,Jordan James,1ère mi-temps - Touchdowns de course du joueur Plus / Moins,31473,77067,1743231840,4535379017,Jordan James (SF) moins de 0.5,Jordan James (SF) moins de 0.5,0.0,7,False
16551478,SF 49ers		 vs. ARZ Cardinals,Christian McCaffrey,1ère mi-temps - Tentatives de rushing du joueur Plus/Moins,31482,77076,1743725717,4537101373,Christian McCaffrey (SF) Plus de 6.5,Christian McCaffrey (SF) Plus de 6.5,2.0,0,False
16551478,SF 49ers		 vs. ARZ Cardinals,Christian McCaffrey,1ère mi-temps - Tentatives de rushing du joueur Plus/Moins,31482,77076,1743725717,4537101374,Christian McCaffrey (SF) moins de 6.5,Christian McCaffrey (SF) moins de 6.5,1.6471,0,False
16551478,SF 49ers		 vs. ARZ Cardinals,Jeremiyah Love,1ère mi-temps - Tentatives de rushing du joueur Plus/Moins,31482,77076,1743231901,4535379126,Jeremiyah Love (ARI) Plus de 5.5,Jeremiyah Love (ARI) Plus de 5.5,1.7693,0,False
16551478,SF 49ers		 vs. ARZ Cardinals,Jeremiyah Love,1ère mi-temps - Tentatives de rushing du joueur Plus/Moins,31482,77076,1743231901,4535379127,Jeremiyah Love (ARI) moins de 5.5,Jeremiyah Love (ARI) moins de 5.5,1.8334,0,False
16551478,SF 49ers		 vs. ARZ Cardinals,Tyler Allgeier,1ère mi-temps - Tentatives de rushing du joueur Plus/Moins,31482,77076,1744633664,4539811606,Tyler Allgeier (ARI) Plus de 4.5,Tyler Allgeier (ARI) Plus de 4.5,1.9524,0,False
16551478,SF 49ers		 vs. ARZ Cardinals,Tyler Allgeier,1ère mi-temps - Tentatives de rushing du joueur Plus/Moins,31482,77076,1744633664,4539811607,Tyler Allgeier (ARI) moins de 4.5,Tyler Allgeier (ARI) moins de 4.5,1.6667,0,False
16551478,SF 49ers		 vs. ARZ Cardinals,Kaelon Black,1ère mi-temps - Tentatives de rushing du joueur Plus/Moins,31482,77076,1744659588,4539892810,Kaelon Black (SF) Plus de 3.5,Kaelon Black (SF) Plus de 3.5,1.6667,0,False
16551478,SF 49ers		 vs. ARZ Cardinals,Kaelon Black,1ère mi-temps - Tentatives de rushing du joueur Plus/Moins,31482,77076,1744659588,4539892811,Kaelon Black (SF) moins de 3.5,Kaelon Black (SF) moins de 3.5,1.9524,0,False
16551478,SF 49ers		 vs. ARZ Cardinals,Brock Purdy,1ère mi-temps - Tentatives de rushing du joueur Plus/Moins,31482,77076,1743231352,4535378168,Brock Purdy (SF) Plus de 1.5,Brock Purdy (SF) Plus de 1.5,1.6471,0,False
16551478,SF 49ers		 vs. ARZ Cardinals,Brock Purdy,1ère mi-temps - Tentatives de rushing du joueur Plus/Moins,31482,77076,1743231352,4535378169,Brock Purdy (SF) moins de 1.5,Brock Purdy (SF) moins de 1.5,2.0,0,False
16551478,SF 49ers		 vs. ARZ Cardinals,Jacoby Brissett,1ère mi-temps - Tentatives de rushing du joueur Plus/Moins,31482,77076,1743230812,4535377218,Jacoby Brissett (ARI) Plus de 0.5,Jacoby Brissett (ARI) Plus de 0.5,1.5264,0,False
16551478,SF 49ers		 vs. ARZ Cardinals,Jacoby Brissett,1ère mi-temps - Tentatives de rushing du joueur Plus/Moins,31482,77076,1743230812,4535377219,Jacoby Brissett (ARI) moins de 0.5,Jacoby Brissett (ARI) moins de 0.5,2.2,0,False
16551478,SF 49ers		 vs. ARZ Cardinals,Christian McCaffrey,1ère mi-temps - Yards rushing et receiving du joueur - Plus/Moins,31488,77082,1744685194,4539968550,Christian McCaffrey (SF) Plus de 45.5,Christian McCaffrey (SF) Plus de 45.5,1.7693,0,False
16551478,SF 49ers		 vs. ARZ Cardinals,Christian McCaffrey,1ère mi-temps - Yards rushing et receiving du joueur - Plus/Moins,31488,77082,1744685194,4539968551,Christian McCaffrey (SF) moins de 45.5,Christian McCaffrey (SF) moins de 45.5,1.8334,0,False
16551478,SF 49ers		 vs. ARZ Cardinals,Jeremiyah Love,1ère mi-temps - Yards rushing et receiving du joueur - Plus/Moins,31488,77082,1743231910,4535379141,Jeremiyah Love (ARI) Plus de 31.5,Jeremiyah Love (ARI) Plus de 31.5,1.8334,0,False
16551478,SF 49ers		 vs. ARZ Cardinals,Jeremiyah Love,1ère mi-temps - Yards rushing et receiving du joueur - Plus/Moins,31488,77082,1743231910,4535379142,Jeremiyah Love (ARI) moins de 31.5,Jeremiyah Love (ARI) moins de 31.5,1.7693,0,False
16551478,SF 49ers		 vs. ARZ Cardinals,Tyler Allgeier,1ère mi-temps - Yards rushing et receiving du joueur - Plus/Moins,31488,77082,1753066623,4566129074,Tyler Allgeier (ARI) Plus de 19.5,Tyler Allgeier (ARI) Plus de 19.5,1.7693,0,False
16551478,SF 49ers		 vs. ARZ Cardinals,Tyler Allgeier,1ère mi-temps - Yards rushing et receiving du joueur - Plus/Moins,31488,77082,1753066623,4566129075,Tyler Allgeier (ARI) moins de 19.5,Tyler Allgeier (ARI) moins de 19.5,1.8334,0,False
16551478,SF 49ers		 vs. ARZ Cardinals,Kaelon Black,1ère mi-temps - Yards rushing et receiving du joueur - Plus/Moins,31488,77082,1744678413,4539950632,Kaelon Black (SF) Plus de 16.5,Kaelon Black (SF) Plus de 16.5,1.8334,0,False
16551478,SF 49ers		 vs. ARZ Cardinals,Kaelon Black,1ère mi-temps - Yards rushing et receiving du joueur - Plus/Moins,31488,77082,1744678413,4539950633,Kaelon Black (SF) moins de 16.5,Kaelon Black (SF) moins de 16.5,1.7693,0,False
16551478,SF 49ers		 vs. ARZ Cardinals,Kyle Juszczyk,1ère mi-temps - Yards rushing et receiving du joueur - Plus/Moins,31488,77082,1744677174,4539947309,Kyle Juszczyk (SF) Plus de 1.5,Kyle Juszczyk (SF) Plus de 1.5,1.7693,0,False
16551478,SF 49ers		 vs. ARZ Cardinals,Kyle Juszczyk,1ère mi-temps - Yards rushing et receiving du joueur - Plus/Moins,31488,77082,1744677174,4539947310,Kyle Juszczyk (SF) moins de 1.5,Kyle Juszczyk (SF) moins de 1.5,1.8334,0,False
16551478,SF 49ers		 vs. ARZ Cardinals,Trey McBride,1ère mi-temps - Total de réceptions Plus/Moins,31485,77079,1744633649,4539811576,Trey McBride (ARI) Plus de 3.5,Trey McBride (ARI) Plus de 3.5,1.9524,0,False
16551478,SF 49ers		 vs. ARZ Cardinals,Trey McBride,1ère mi-temps - Total de réceptions Plus/Moins,31485,77079,1744633649,4539811577,Trey McBride (ARI) moins de 3.5,Trey McBride (ARI) moins de 3.5,1.6667,0,False
16551478,SF 49ers		 vs. ARZ Cardinals,Christian McCaffrey,1ère mi-temps - Total de réceptions Plus/Moins,31485,77079,1744680566,4539956246,Christian McCaffrey (SF) Plus de 2.5,Christian McCaffrey (SF) Plus de 2.5,1.9524,0,False
16551478,SF 49ers		 vs. ARZ Cardinals,Christian McCaffrey,1ère mi-temps - Total de réceptions Plus/Moins,31485,77079,1744680566,4539956247,Christian McCaffrey (SF) moins de 2.5,Christian McCaffrey (SF) moins de 2.5,1.6667,0,False
16551478,SF 49ers		 vs. ARZ Cardinals,Mike Evans,1ère mi-temps - Total de réceptions Plus/Moins,31485,77079,1744678762,4539951488,Mike Evans (SF) Plus de 2.5,Mike Evans (SF) Plus de 2.5,2.2,0,False
16551478,SF 49ers		 vs. ARZ Cardinals,Mike Evans,1ère mi-temps - Total de réceptions Plus/Moins,31485,77079,1744678762,4539951489,Mike Evans (SF) moins de 2.5,Mike Evans (SF) moins de 2.5,1.5264,0,False
16551478,SF 49ers		 vs. ARZ Cardinals,George Kittle,1ère mi-temps - Total de réceptions Plus/Moins,31485,77079,1743230864,4535377304,George Kittle (SF) Plus de 2.5,George Kittle (SF) Plus de 2.5,2.25,0,False
16551478,SF 49ers		 vs. ARZ Cardinals,George Kittle,1ère mi-temps - Total de réceptions Plus/Moins,31485,77079,1743230864,4535377305,George Kittle (SF) moins de 2.5,George Kittle (SF) moins de 2.5,1.5,0,False
16551478,SF 49ers		 vs. ARZ Cardinals,Deebo Samuel,1ère mi-temps - Total de réceptions Plus/Moins,31485,77079,1743230981,4535377507,Deebo Samuel (SF) Plus de 1.5,Deebo Samuel (SF) Plus de 1.5,1.4762,0,False
16551478,SF 49ers		 vs. ARZ Cardinals,Deebo Samuel,1ère mi-temps - Total de réceptions Plus/Moins,31485,77079,1743230981,4535377508,Deebo Samuel (SF) moins de 1.5,Deebo Samuel (SF) moins de 1.5,2.3,0,False
16551478,SF 49ers		 vs. ARZ Cardinals,Michael Wilson,1ère mi-temps - Total de réceptions Plus/Moins,31485,77079,1743231404,4535378254,Michael Wilson (ARI) Plus de 1.5,Michael Wilson (ARI) Plus de 1.5,1.5556,0,False
16551478,SF 49ers		 vs. ARZ Cardinals,Michael Wilson,1ère mi-temps - Total de réceptions Plus/Moins,31485,77079,1743231404,4535378255,Michael Wilson (ARI) moins de 1.5,Michael Wilson (ARI) moins de 1.5,2.15,0,False
16551478,SF 49ers		 vs. ARZ Cardinals,Jeremiyah Love,1ère mi-temps - Total de réceptions Plus/Moins,31485,77079,1743231888,4535379100,Jeremiyah Love (ARI) Plus de 1.5,Jeremiyah Love (ARI) Plus de 1.5,2.25,0,False
16551478,SF 49ers		 vs. ARZ Cardinals,Jeremiyah Love,1ère mi-temps - Total de réceptions Plus/Moins,31485,77079,1743231888,4535379101,Jeremiyah Love (ARI) moins de 1.5,Jeremiyah Love (ARI) moins de 1.5,1.5,0,False
16551478,SF 49ers		 vs. ARZ Cardinals,Kendrick Bourne,1ère mi-temps - Total de réceptions Plus/Moins,31485,77079,1743230902,4535377369,Kendrick Bourne (ARI) Plus de 1.5,Kendrick Bourne (ARI) Plus de 1.5,2.6,0,False
16551478,SF 49ers		 vs. ARZ Cardinals,Kendrick Bourne,1ère mi-temps - Total de réceptions Plus/Moins,31485,77079,1743230902,4535377370,Kendrick Bourne (ARI) moins de 1.5,Kendrick Bourne (ARI) moins de 1.5,1.3847,0,False
16551478,SF 49ers		 vs. ARZ Cardinals,Marvin Harrison Jr.,1ère mi-temps - Total de réceptions Plus/Moins,31485,77079,1744345310,4538881841,Marvin Harrison Jr. (ARI) Plus de 0.5,Marvin Harrison Jr. (ARI) Plus de 0.5,1.3637,0,False
16551478,SF 49ers		 vs. ARZ Cardinals,Marvin Harrison Jr.,1ère mi-temps - Total de réceptions Plus/Moins,31485,77079,1744345310,4538881842,Marvin Harrison Jr. (ARI) moins de 0.5,Marvin Harrison Jr. (ARI) moins de 0.5,2.65,0,False
16551478,SF 49ers		 vs. ARZ Cardinals,Tyler Allgeier,1ère mi-temps - Total de réceptions Plus/Moins,31485,77079,1743231458,4535378344,Tyler Allgeier (ARI) Plus de 0.5,Tyler Allgeier (ARI) Plus de 0.5,1.7693,0,False
16551478,SF 49ers		 vs. ARZ Cardinals,Tyler Allgeier,1ère mi-temps - Total de réceptions Plus/Moins,31485,77079,1743231458,4535378345,Tyler Allgeier (ARI) moins de 0.5,Tyler Allgeier (ARI) moins de 0.5,1.8334,0,False
16551478,SF 49ers		 vs. ARZ Cardinals,Kyle Juszczyk,1ère mi-temps - Total de réceptions Plus/Moins,31485,77079,1743230717,4535377046,Kyle Juszczyk (SF) Plus de 0.5,Kyle Juszczyk (SF) Plus de 0.5,1.8334,0,False
16551478,SF 49ers		 vs. ARZ Cardinals,Kyle Juszczyk,1ère mi-temps - Total de réceptions Plus/Moins,31485,77079,1743230717,4535377047,Kyle Juszczyk (SF) moins de 0.5,Kyle Juszczyk (SF) moins de 0.5,1.7693,0,False
16551478,SF 49ers		 vs. ARZ Cardinals,Kaelon Black,1ère mi-temps - Total de réceptions Plus/Moins,31485,77079,1743231646,4535378675,Kaelon Black (SF) Plus de 0.5,Kaelon Black (SF) Plus de 0.5,2.85,0,False
16551478,SF 49ers		 vs. ARZ Cardinals,Kaelon Black,1ère mi-temps - Total de réceptions Plus/Moins,31485,77079,1743231646,4535378676,Kaelon Black (SF) moins de 0.5,Kaelon Black (SF) moins de 0.5,1.3125,0,False
16551478,SF 49ers		 vs. ARZ Cardinals,Trey McBride,1ère mi-temps - Yards reçus par le joueur - Plus/Moins,31464,77058,1745910231,4543828266,Trey McBride (ARI) Plus de 30.5,Trey McBride (ARI) Plus de 30.5,1.7693,0,False
16551478,SF 49ers		 vs. ARZ Cardinals,Trey McBride,1ère mi-temps - Yards reçus par le joueur - Plus/Moins,31464,77058,1745910231,4543828267,Trey McBride (ARI) moins de 30.5,Trey McBride (ARI) moins de 30.5,1.8334,0,False
16551478,SF 49ers		 vs. ARZ Cardinals,Mike Evans,1ère mi-temps - Yards reçus par le joueur - Plus/Moins,31464,77058,1744678955,4539952004,Mike Evans (SF) Plus de 25.5,Mike Evans (SF) Plus de 25.5,1.7693,0,False
16551478,SF 49ers		 vs. ARZ Cardinals,Mike Evans,1ère mi-temps - Yards reçus par le joueur - Plus/Moins,31464,77058,1744678955,4539952005,Mike Evans (SF) moins de 25.5,Mike Evans (SF) moins de 25.5,1.8334,0,False
16551478,SF 49ers		 vs. ARZ Cardinals,George Kittle,1ère mi-temps - Yards reçus par le joueur - Plus/Moins,31464,77058,1743230858,4535377292,George Kittle (SF) Plus de 21.5,George Kittle (SF) Plus de 21.5,1.8334,0,False
16551478,SF 49ers		 vs. ARZ Cardinals,George Kittle,1ère mi-temps - Yards reçus par le joueur - Plus/Moins,31464,77058,1743230858,4535377293,George Kittle (SF) moins de 21.5,George Kittle (SF) moins de 21.5,1.7693,0,False
16551478,SF 49ers		 vs. ARZ Cardinals,Michael Wilson,1ère mi-temps - Yards reçus par le joueur - Plus/Moins,31464,77058,1743865606,4537670513,Michael Wilson (ARI) Plus de 19.5,Michael Wilson (ARI) Plus de 19.5,1.8334,0,False
16551478,SF 49ers		 vs. ARZ Cardinals,Michael Wilson,1ère mi-temps - Yards reçus par le joueur - Plus/Moins,31464,77058,1743865606,4537670514,Michael Wilson (ARI) moins de 19.5,Michael Wilson (ARI) moins de 19.5,1.7693,0,False
16551478,SF 49ers		 vs. ARZ Cardinals,Christian McCaffrey,1ère mi-temps - Yards reçus par le joueur - Plus/Moins,31464,77058,1744992562,4541061892,Christian McCaffrey (SF) Plus de 18.5,Christian McCaffrey (SF) Plus de 18.5,1.8334,0,False
16551478,SF 49ers		 vs. ARZ Cardinals,Christian McCaffrey,1ère mi-temps - Yards reçus par le joueur - Plus/Moins,31464,77058,1744992562,4541061893,Christian McCaffrey (SF) moins de 18.5,Christian McCaffrey (SF) moins de 18.5,1.7693,0,False
16551478,SF 49ers		 vs. ARZ Cardinals,Deebo Samuel,1ère mi-temps - Yards reçus par le joueur - Plus/Moins,31464,77058,1745910227,4543828258,Deebo Samuel (SF) Plus de 18.5,Deebo Samuel (SF) Plus de 18.5,1.8334,0,False
16551478,SF 49ers		 vs. ARZ Cardinals,Deebo Samuel,1ère mi-temps - Yards reçus par le joueur - Plus/Moins,31464,77058,1745910227,4543828259,Deebo Samuel (SF) moins de 18.5,Deebo Samuel (SF) moins de 18.5,1.7693,0,False
16551478,SF 49ers		 vs. ARZ Cardinals,Marvin Harrison Jr.,1ère mi-temps - Yards reçus par le joueur - Plus/Moins,31464,77058,1743725794,4537101528,Marvin Harrison Jr. (ARI) moins de 10.5,Marvin Harrison Jr. (ARI) moins de 10.5,1.8334,0,False
16551478,SF 49ers		 vs. ARZ Cardinals,Marvin Harrison Jr.,1ère mi-temps - Yards reçus par le joueur - Plus/Moins,31464,77058,1743725794,4537101527,Marvin Harrison Jr. (ARI) Plus de 10.5,Marvin Harrison Jr. (ARI) Plus de 10.5,1.7693,0,False
16551478,SF 49ers		 vs. ARZ Cardinals,Kendrick Bourne,1ère mi-temps - Yards reçus par le joueur - Plus/Moins,31464,77058,1745710826,4543202249,Kendrick Bourne (ARI) Plus de 8.5,Kendrick Bourne (ARI) Plus de 8.5,1.8334,0,False
16551478,SF 49ers		 vs. ARZ Cardinals,Kendrick Bourne,1ère mi-temps - Yards reçus par le joueur - Plus/Moins,31464,77058,1745710826,4543202250,Kendrick Bourne (ARI) moins de 8.5,Kendrick Bourne (ARI) moins de 8.5,1.7693,0,False
16551478,SF 49ers		 vs. ARZ Cardinals,Jeremiyah Love,1ère mi-temps - Yards reçus par le joueur - Plus/Moins,31464,77058,1743231882,4535379088,Jeremiyah Love (ARI) Plus de 6.5,Jeremiyah Love (ARI) Plus de 6.5,1.7693,0,False
16551478,SF 49ers		 vs. ARZ Cardinals,Jeremiyah Love,1ère mi-temps - Yards reçus par le joueur - Plus/Moins,31464,77058,1743231882,4535379089,Jeremiyah Love (ARI) moins de 6.5,Jeremiyah Love (ARI) moins de 6.5,1.8334,0,False
16551478,SF 49ers		 vs. ARZ Cardinals,Kyle Juszczyk,1ère mi-temps - Yards reçus par le joueur - Plus/Moins,31464,77058,1743230711,4535377034,Kyle Juszczyk (SF) Plus de 0.5,Kyle Juszczyk (SF) Plus de 0.5,1.8696,0,False
16551478,SF 49ers		 vs. ARZ Cardinals,Kyle Juszczyk,1ère mi-temps - Yards reçus par le joueur - Plus/Moins,31464,77058,1743230711,4535377035,Kyle Juszczyk (SF) moins de 0.5,Kyle Juszczyk (SF) moins de 0.5,1.7408,0,False
16551478,SF 49ers		 vs. ARZ Cardinals,Tyler Allgeier,1ère mi-temps - Yards reçus par le joueur - Plus/Moins,31464,77058,1743231452,4535378332,Tyler Allgeier (ARI) Plus de 0.5,Tyler Allgeier (ARI) Plus de 0.5,1.9524,0,False
16551478,SF 49ers		 vs. ARZ Cardinals,Tyler Allgeier,1ère mi-temps - Yards reçus par le joueur - Plus/Moins,31464,77058,1743231452,4535378333,Tyler Allgeier (ARI) moins de 0.5,Tyler Allgeier (ARI) moins de 0.5,1.6667,0,False
16551478,SF 49ers		 vs. ARZ Cardinals,Kaelon Black,1ère mi-temps - Yards reçus par le joueur - Plus/Moins,31464,77058,1743231640,4535378664,Kaelon Black (SF) moins de 0.5,Kaelon Black (SF) moins de 0.5,1.2667,0,False
16551478,SF 49ers		 vs. ARZ Cardinals,Kaelon Black,1ère mi-temps - Yards reçus par le joueur - Plus/Moins,31464,77058,1743231640,4535378663,Kaelon Black (SF) Plus de 0.5,Kaelon Black (SF) Plus de 0.5,3.1,0,False
16551478,SF 49ers		 vs. ARZ Cardinals,George Kittle,1ère mi-temps - Touchdowns de réception du joueur Plus / Moins,31467,77061,1743230861,4535377298,George Kittle (SF) Plus de 0.5,George Kittle (SF) Plus de 0.5,3.6,0,False
16551478,SF 49ers		 vs. ARZ Cardinals,George Kittle,1ère mi-temps - Touchdowns de réception du joueur Plus / Moins,31467,77061,1743230861,4535377299,George Kittle (SF) moins de 0.5,George Kittle (SF) moins de 0.5,1.2,0,False
16551478,SF 49ers		 vs. ARZ Cardinals,Mike Evans,1ère mi-temps - Touchdowns de réception du joueur Plus / Moins,31467,77061,1743230755,4535377113,Mike Evans (SF) Plus de 0.5,Mike Evans (SF) Plus de 0.5,3.6,0,False
16551478,SF 49ers		 vs. ARZ Cardinals,Mike Evans,1ère mi-temps - Touchdowns de réception du joueur Plus / Moins,31467,77061,1743230755,4535377114,Mike Evans (SF) moins de 0.5,Mike Evans (SF) moins de 0.5,1.2,0,False
16551478,SF 49ers		 vs. ARZ Cardinals,Trey McBride,1ère mi-temps - Touchdowns de réception du joueur Plus / Moins,31467,77061,1743231287,4535378048,Trey McBride (ARI) Plus de 0.5,Trey McBride (ARI) Plus de 0.5,4.4,0,False
16551478,SF 49ers		 vs. ARZ Cardinals,Trey McBride,1ère mi-temps - Touchdowns de réception du joueur Plus / Moins,31467,77061,1743231287,4535378049,Trey McBride (ARI) moins de 0.5,Trey McBride (ARI) moins de 0.5,1.1334,0,False
16551478,SF 49ers		 vs. ARZ Cardinals,Christian McCaffrey,1ère mi-temps - Touchdowns de réception du joueur Plus / Moins,31467,77061,1743230937,4535377428,Christian McCaffrey (SF) Plus de 0.5,Christian McCaffrey (SF) Plus de 0.5,4.75,0,False
16551478,SF 49ers		 vs. ARZ Cardinals,Christian McCaffrey,1ère mi-temps - Touchdowns de réception du joueur Plus / Moins,31467,77061,1743230937,4535377429,Christian McCaffrey (SF) moins de 0.5,Christian McCaffrey (SF) moins de 0.5,1.1112,0,False
16551478,SF 49ers		 vs. ARZ Cardinals,Deebo Samuel,1ère mi-temps - Touchdowns de réception du joueur Plus / Moins,31467,77061,1743230978,4535377501,Deebo Samuel (SF) Plus de 0.5,Deebo Samuel (SF) Plus de 0.5,4.75,0,False
16551478,SF 49ers		 vs. ARZ Cardinals,Deebo Samuel,1ère mi-temps - Touchdowns de réception du joueur Plus / Moins,31467,77061,1743230978,4535377502,Deebo Samuel (SF) moins de 0.5,Deebo Samuel (SF) moins de 0.5,1.1112,0,False
16551478,SF 49ers		 vs. ARZ Cardinals,Michael Wilson,1ère mi-temps - Touchdowns de réception du joueur Plus / Moins,31467,77061,1743231401,4535378248,Michael Wilson (ARI) Plus de 0.5,Michael Wilson (ARI) Plus de 0.5,5.0,0,False
16551478,SF 49ers		 vs. ARZ Cardinals,Michael Wilson,1ère mi-temps - Touchdowns de réception du joueur Plus / Moins,31467,77061,1743231401,4535378249,Michael Wilson (ARI) moins de 0.5,Michael Wilson (ARI) moins de 0.5,1.1,0,False
16551478,SF 49ers		 vs. ARZ Cardinals,Marvin Harrison Jr.,1ère mi-temps - Touchdowns de réception du joueur Plus / Moins,31467,77061,1743231783,4535378914,Marvin Harrison Jr. (ARI) Plus de 0.5,Marvin Harrison Jr. (ARI) Plus de 0.5,6.0,0,False
16551478,SF 49ers		 vs. ARZ Cardinals,Marvin Harrison Jr.,1ère mi-temps - Touchdowns de réception du joueur Plus / Moins,31467,77061,1743231783,4535378915,Marvin Harrison Jr. (ARI) moins de 0.5,Marvin Harrison Jr. (ARI) moins de 0.5,1.0589,0,False
16551478,SF 49ers		 vs. ARZ Cardinals,Kendrick Bourne,1ère mi-temps - Touchdowns de réception du joueur Plus / Moins,31467,77061,1743230899,4535377363,Kendrick Bourne (ARI) Plus de 0.5,Kendrick Bourne (ARI) Plus de 0.5,7.0,0,False
16551478,SF 49ers		 vs. ARZ Cardinals,Kendrick Bourne,1ère mi-temps - Touchdowns de réception du joueur Plus / Moins,31467,77061,1743230899,4535377364,Kendrick Bourne (ARI) moins de 0.5,Kendrick Bourne (ARI) moins de 0.5,1.0334,0,False
16551478,SF 49ers		 vs. ARZ Cardinals,Jeremiyah Love,1ère mi-temps - Touchdowns de réception du joueur Plus / Moins,31467,77061,1743231885,4535379094,Jeremiyah Love (ARI) Plus de 0.5,Jeremiyah Love (ARI) Plus de 0.5,7.75,0,False
16551478,SF 49ers		 vs. ARZ Cardinals,Jeremiyah Love,1ère mi-temps - Touchdowns de réception du joueur Plus / Moins,31467,77061,1743231885,4535379095,Jeremiyah Love (ARI) moins de 0.5,Jeremiyah Love (ARI) moins de 0.5,1.02,0,False
16551478,SF 49ers		 vs. ARZ Cardinals,Elijah Higgins,1ère mi-temps - Touchdowns de réception du joueur Plus / Moins,31467,77061,1743231501,4535378420,Elijah Higgins (ARI) Plus de 0.5,Elijah Higgins (ARI) Plus de 0.5,8.5,0,False
16551478,SF 49ers		 vs. ARZ Cardinals,Elijah Higgins,1ère mi-temps - Touchdowns de réception du joueur Plus / Moins,31467,77061,1743231501,4535378421,Elijah Higgins (ARI) moins de 0.5,Elijah Higgins (ARI) moins de 0.5,0.0,7,False
16551478,SF 49ers		 vs. ARZ Cardinals,Jacob Cowing,1ère mi-temps - Touchdowns de réception du joueur Plus / Moins,31467,77061,1743231605,4535378604,Jacob Cowing (SF) Plus de 0.5,Jacob Cowing (SF) Plus de 0.5,8.5,0,False
16551478,SF 49ers		 vs. ARZ Cardinals,Jacob Cowing,1ère mi-temps - Touchdowns de réception du joueur Plus / Moins,31467,77061,1743231605,4535378605,Jacob Cowing (SF) moins de 0.5,Jacob Cowing (SF) moins de 0.5,1.01,0,False
16551478,SF 49ers		 vs. ARZ Cardinals,Jordan Watkins,1ère mi-temps - Touchdowns de réception du joueur Plus / Moins,31467,77061,1743231689,4535378752,Jordan Watkins (SF) moins de 0.5,Jordan Watkins (SF) moins de 0.5,0.0,7,False
16551478,SF 49ers		 vs. ARZ Cardinals,Jordan Watkins,1ère mi-temps - Touchdowns de réception du joueur Plus / Moins,31467,77061,1743231689,4535378751,Jordan Watkins (SF) Plus de 0.5,Jordan Watkins (SF) Plus de 0.5,8.5,0,False
16551478,SF 49ers		 vs. ARZ Cardinals,Kaelon Black,1ère mi-temps - Touchdowns de réception du joueur Plus / Moins,31467,77061,1743231643,4535378669,Kaelon Black (SF) Plus de 0.5,Kaelon Black (SF) Plus de 0.5,8.5,0,False
16551478,SF 49ers		 vs. ARZ Cardinals,Kaelon Black,1ère mi-temps - Touchdowns de réception du joueur Plus / Moins,31467,77061,1743231643,4535378670,Kaelon Black (SF) moins de 0.5,Kaelon Black (SF) moins de 0.5,0.0,7,False
16551478,SF 49ers		 vs. ARZ Cardinals,Khadarel Hodge,1ère mi-temps - Touchdowns de réception du joueur Plus / Moins,31467,77061,1744653684,4539878113,Khadarel Hodge (SF) Plus de 0.5,Khadarel Hodge (SF) Plus de 0.5,8.5,0,False
16551478,SF 49ers		 vs. ARZ Cardinals,Khadarel Hodge,1ère mi-temps - Touchdowns de réception du joueur Plus / Moins,31467,77061,1744653684,4539878114,Khadarel Hodge (SF) moins de 0.5,Khadarel Hodge (SF) moins de 0.5,0.0,7,False
16551478,SF 49ers		 vs. ARZ Cardinals,Kyle Juszczyk,1ère mi-temps - Touchdowns de réception du joueur Plus / Moins,31467,77061,1743230714,4535377040,Kyle Juszczyk (SF) Plus de 0.5,Kyle Juszczyk (SF) Plus de 0.5,8.5,0,False
16551478,SF 49ers		 vs. ARZ Cardinals,Kyle Juszczyk,1ère mi-temps - Touchdowns de réception du joueur Plus / Moins,31467,77061,1743230714,4535377041,Kyle Juszczyk (SF) moins de 0.5,Kyle Juszczyk (SF) moins de 0.5,1.01,0,False
16551478,SF 49ers		 vs. ARZ Cardinals,Luke Farrell,1ère mi-temps - Touchdowns de réception du joueur Plus / Moins,31467,77061,1743231148,4535377803,Luke Farrell (SF) Plus de 0.5,Luke Farrell (SF) Plus de 0.5,8.5,0,False
16551478,SF 49ers		 vs. ARZ Cardinals,Luke Farrell,1ère mi-temps - Touchdowns de réception du joueur Plus / Moins,31467,77061,1743231148,4535377804,Luke Farrell (SF) moins de 0.5,Luke Farrell (SF) moins de 0.5,0.0,7,False
16551478,SF 49ers		 vs. ARZ Cardinals,Tyler Allgeier,1ère mi-temps - Touchdowns de réception du joueur Plus / Moins,31467,77061,1743231455,4535378338,Tyler Allgeier (ARI) Plus de 0.5,Tyler Allgeier (ARI) Plus de 0.5,8.5,0,False
16551478,SF 49ers		 vs. ARZ Cardinals,Tyler Allgeier,1ère mi-temps - Touchdowns de réception du joueur Plus / Moins,31467,77061,1743231455,4535378339,Tyler Allgeier (ARI) moins de 0.5,Tyler Allgeier (ARI) moins de 0.5,0.0,7,False
16551478,SF 49ers		 vs. ARZ Cardinals,Hunter Long,1ère mi-temps - Touchdowns de réception du joueur Plus / Moins,31467,77061,1743231254,4535377992,Hunter Long (ARI) Plus de 0.5,Hunter Long (ARI) Plus de 0.5,9.0,0,False
16551478,SF 49ers		 vs. ARZ Cardinals,Hunter Long,1ère mi-temps - Touchdowns de réception du joueur Plus / Moins,31467,77061,1743231254,4535377993,Hunter Long (ARI) moins de 0.5,Hunter Long (ARI) moins de 0.5,0.0,7,False
16551478,SF 49ers		 vs. ARZ Cardinals,Simi Fehoko,1ère mi-temps - Touchdowns de réception du joueur Plus / Moins,31467,77061,1743231374,4535378203,Simi Fehoko (ARI) Plus de 0.5,Simi Fehoko (ARI) Plus de 0.5,9.0,0,False
16551478,SF 49ers		 vs. ARZ Cardinals,Simi Fehoko,1ère mi-temps - Touchdowns de réception du joueur Plus / Moins,31467,77061,1743231374,4535378204,Simi Fehoko (ARI) moins de 0.5,Simi Fehoko (ARI) moins de 0.5,0.0,7,False
16551478,SF 49ers		 vs. ARZ Cardinals,Brock Purdy,1ère mi-temps - Total de yards à la passe du joueur Plus/Moins,31458,77052,1747165004,4548091701,Brock Purdy (SF) Plus de 126.5,Brock Purdy (SF) Plus de 126.5,1.8334,0,False
16551478,SF 49ers		 vs. ARZ Cardinals,Brock Purdy,1ère mi-temps - Total de yards à la passe du joueur Plus/Moins,31458,77052,1747165004,4548091702,Brock Purdy (SF) moins de 126.5,Brock Purdy (SF) moins de 126.5,1.7693,0,False
16551478,SF 49ers		 vs. ARZ Cardinals,Jacoby Brissett,1ère mi-temps - Total de yards à la passe du joueur Plus/Moins,31458,77052,1744636535,4539826802,Jacoby Brissett (ARI) Plus de 107.5,Jacoby Brissett (ARI) Plus de 107.5,1.8334,0,False
16551478,SF 49ers		 vs. ARZ Cardinals,Jacoby Brissett,1ère mi-temps - Total de yards à la passe du joueur Plus/Moins,31458,77052,1744636535,4539826803,Jacoby Brissett (ARI) moins de 107.5,Jacoby Brissett (ARI) moins de 107.5,1.7693,0,False
16551478,SF 49ers		 vs. ARZ Cardinals,Brock Purdy,1ère mi-temps - Total de Touchdowns à la passe du joueur - Plus/Moins,31461,77055,1743231327,4535378118,Brock Purdy (SF) Plus de 0.5,Brock Purdy (SF) Plus de 0.5,1.4167,0,False
16551478,SF 49ers		 vs. ARZ Cardinals,Brock Purdy,1ère mi-temps - Total de Touchdowns à la passe du joueur - Plus/Moins,31461,77055,1743231327,4535378119,Brock Purdy (SF) moins de 0.5,Brock Purdy (SF) moins de 0.5,2.45,0,False
16551478,SF 49ers		 vs. ARZ Cardinals,Jacoby Brissett,1ère mi-temps - Total de Touchdowns à la passe du joueur - Plus/Moins,31461,77055,1743230787,4535377168,Jacoby Brissett (ARI) Plus de 0.5,Jacoby Brissett (ARI) Plus de 0.5,1.8334,0,False
16551478,SF 49ers		 vs. ARZ Cardinals,Jacoby Brissett,1ère mi-temps - Total de Touchdowns à la passe du joueur - Plus/Moins,31461,77055,1743230787,4535377169,Jacoby Brissett (ARI) moins de 0.5,Jacoby Brissett (ARI) moins de 0.5,1.7693,0,False
16551478,SF 49ers		 vs. ARZ Cardinals,Brock Purdy,1ère mi-temps - Passes réussies du joueur - Plus/Moins,31491,77085,1744659893,4539893616,Brock Purdy (SF) moins de 11.5,Brock Purdy (SF) moins de 11.5,1.8334,0,False
16551478,SF 49ers		 vs. ARZ Cardinals,Brock Purdy,1ère mi-temps - Passes réussies du joueur - Plus/Moins,31491,77085,1744659893,4539893615,Brock Purdy (SF) Plus de 11.5,Brock Purdy (SF) Plus de 11.5,1.7693,0,False
16551478,SF 49ers		 vs. ARZ Cardinals,Jacoby Brissett,1ère mi-temps - Passes réussies du joueur - Plus/Moins,31491,77085,1743725701,4537101341,Jacoby Brissett (ARI) Plus de 10.5,Jacoby Brissett (ARI) Plus de 10.5,1.8334,0,False
16551478,SF 49ers		 vs. ARZ Cardinals,Jacoby Brissett,1ère mi-temps - Passes réussies du joueur - Plus/Moins,31491,77085,1743725701,4537101342,Jacoby Brissett (ARI) moins de 10.5,Jacoby Brissett (ARI) moins de 10.5,1.7693,0,False
16551478,SF 49ers		 vs. ARZ Cardinals,Brock Purdy,1ère mi-temps - Joueur Tentative de passe - Plus/Moins,31479,77073,1743231336,4535378136,Brock Purdy (SF) Plus de 15.5,Brock Purdy (SF) Plus de 15.5,1.6667,0,False
16551478,SF 49ers		 vs. ARZ Cardinals,Brock Purdy,1ère mi-temps - Joueur Tentative de passe - Plus/Moins,31479,77073,1743231336,4535378137,Brock Purdy (SF) moins de 15.5,Brock Purdy (SF) moins de 15.5,1.9524,0,False
16551478,SF 49ers		 vs. ARZ Cardinals,Jacoby Brissett,1ère mi-temps - Joueur Tentative de passe - Plus/Moins,31479,77073,1744403209,4539049773,Jacoby Brissett (ARI) Plus de 15.5,Jacoby Brissett (ARI) Plus de 15.5,1.7693,0,False
16551478,SF 49ers		 vs. ARZ Cardinals,Jacoby Brissett,1ère mi-temps - Joueur Tentative de passe - Plus/Moins,31479,77073,1744403209,4539049774,Jacoby Brissett (ARI) moins de 15.5,Jacoby Brissett (ARI) moins de 15.5,1.8334,0,False
16551478,SF 49ers		 vs. ARZ Cardinals,Brock Purdy,1ère mi-temps - Interceptions du joueur Plus/Moins,31476,77070,1743231333,4535378130,Brock Purdy (SF) Plus de 0.5,Brock Purdy (SF) Plus de 0.5,3.4,0,False
16551478,SF 49ers		 vs. ARZ Cardinals,Brock Purdy,1ère mi-temps - Interceptions du joueur Plus/Moins,31476,77070,1743231333,4535378131,Brock Purdy (SF) moins de 0.5,Brock Purdy (SF) moins de 0.5,1.2223,0,False
16551478,SF 49ers		 vs. ARZ Cardinals,Jacoby Brissett,1ère mi-temps - Interceptions du joueur Plus/Moins,31476,77070,1743230793,4535377180,Jacoby Brissett (ARI) Plus de 0.5,Jacoby Brissett (ARI) Plus de 0.5,3.4,0,False
16551478,SF 49ers		 vs. ARZ Cardinals,Jacoby Brissett,1ère mi-temps - Interceptions du joueur Plus/Moins,31476,77070,1743230793,4535377181,Jacoby Brissett (ARI) moins de 0.5,Jacoby Brissett (ARI) moins de 0.5,1.2223,0,False
16551478,SF 49ers		 vs. ARZ Cardinals,Brock Purdy,Total de Touchdowns à la passe du joueur (Incl. Prolongations),761,71923,1743231316,4535378096,Brock Purdy (SF) Plus de 1.5,Brock Purdy (SF) Plus de 1.5,1.6061,0,False
16551478,SF 49ers		 vs. ARZ Cardinals,Brock Purdy,Total de Touchdowns à la passe du joueur (Incl. Prolongations),761,71923,1743231316,4535378097,Brock Purdy (SF) moins de 1.5,Brock Purdy (SF) moins de 1.5,2.1,0,False
16551478,SF 49ers		 vs. ARZ Cardinals,Jacoby Brissett,Total de Touchdowns à la passe du joueur (Incl. Prolongations),761,71923,1743230776,4535377146,Jacoby Brissett (ARI) Plus de 1.5,Jacoby Brissett (ARI) Plus de 1.5,2.2,0,False
16551478,SF 49ers		 vs. ARZ Cardinals,Jacoby Brissett,Total de Touchdowns à la passe du joueur (Incl. Prolongations),761,71923,1743230776,4535377147,Jacoby Brissett (ARI) moins de 1.5,Jacoby Brissett (ARI) moins de 1.5,1.5556,0,False
16551478,SF 49ers		 vs. ARZ Cardinals,Christian McCaffrey,2ème mi-temps - Total de yards à la course du joueur Plus/Moins,31471,77065,1744670783,4539923650,Christian McCaffrey (SF) Plus de 27.5,Christian McCaffrey (SF) Plus de 27.5,1.8334,0,False
16551478,SF 49ers		 vs. ARZ Cardinals,Christian McCaffrey,2ème mi-temps - Total de yards à la course du joueur Plus/Moins,31471,77065,1744670783,4539923651,Christian McCaffrey (SF) moins de 27.5,Christian McCaffrey (SF) moins de 27.5,1.7693,0,False
16551478,SF 49ers		 vs. ARZ Cardinals,Jeremiyah Love,2ème mi-temps - Total de yards à la course du joueur Plus/Moins,31471,77065,1744634324,4539813104,Jeremiyah Love (ARI) Plus de 17.5,Jeremiyah Love (ARI) Plus de 17.5,1.7693,0,False
16551478,SF 49ers		 vs. ARZ Cardinals,Jeremiyah Love,2ème mi-temps - Total de yards à la course du joueur Plus/Moins,31471,77065,1744634324,4539813105,Jeremiyah Love (ARI) moins de 17.5,Jeremiyah Love (ARI) moins de 17.5,1.8334,0,False
16551478,SF 49ers		 vs. ARZ Cardinals,Kaelon Black,2ème mi-temps - Total de yards à la course du joueur Plus/Moins,31471,77065,1744678767,4539951498,Kaelon Black (SF) Plus de 16.5,Kaelon Black (SF) Plus de 16.5,1.7693,0,False
16551478,SF 49ers		 vs. ARZ Cardinals,Kaelon Black,2ème mi-temps - Total de yards à la course du joueur Plus/Moins,31471,77065,1744678767,4539951499,Kaelon Black (SF) moins de 16.5,Kaelon Black (SF) moins de 16.5,1.8334,0,False
16551478,SF 49ers		 vs. ARZ Cardinals,Tyler Allgeier,2ème mi-temps - Total de yards à la course du joueur Plus/Moins,31471,77065,1744681820,4539959320,Tyler Allgeier (ARI) Plus de 12.5,Tyler Allgeier (ARI) Plus de 12.5,1.8334,0,False
16551478,SF 49ers		 vs. ARZ Cardinals,Tyler Allgeier,2ème mi-temps - Total de yards à la course du joueur Plus/Moins,31471,77065,1744681820,4539959321,Tyler Allgeier (ARI) moins de 12.5,Tyler Allgeier (ARI) moins de 12.5,1.7693,0,False
16551478,SF 49ers		 vs. ARZ Cardinals,Brock Purdy,2ème mi-temps - Total de yards à la course du joueur Plus/Moins,31471,77065,1743231347,4535378158,Brock Purdy (SF) Plus de 6.5,Brock Purdy (SF) Plus de 6.5,1.8334,0,False
16551478,SF 49ers		 vs. ARZ Cardinals,Brock Purdy,2ème mi-temps - Total de yards à la course du joueur Plus/Moins,31471,77065,1743231347,4535378159,Brock Purdy (SF) moins de 6.5,Brock Purdy (SF) moins de 6.5,1.7693,0,False
16551478,SF 49ers		 vs. ARZ Cardinals,Jacoby Brissett,2ème mi-temps - Total de yards à la course du joueur Plus/Moins,31471,77065,1744681929,4539959608,Jacoby Brissett (ARI) moins de 1.5,Jacoby Brissett (ARI) moins de 1.5,1.7693,0,False
16551478,SF 49ers		 vs. ARZ Cardinals,Jacoby Brissett,2ème mi-temps - Total de yards à la course du joueur Plus/Moins,31471,77065,1744681929,4539959607,Jacoby Brissett (ARI) Plus de 1.5,Jacoby Brissett (ARI) Plus de 1.5,1.8334,0,False
16551478,SF 49ers		 vs. ARZ Cardinals,Christian McCaffrey,2ème mi-temps - Touchdowns de course du joueur Plus / Moins,31474,77068,1743230951,4535377456,Christian McCaffrey (SF) Plus de 0.5,Christian McCaffrey (SF) Plus de 0.5,2.8,0,False
16551478,SF 49ers		 vs. ARZ Cardinals,Christian McCaffrey,2ème mi-temps - Touchdowns de course du joueur Plus / Moins,31474,77068,1743230951,4535377457,Christian McCaffrey (SF) moins de 0.5,Christian McCaffrey (SF) moins de 0.5,1.3334,0,False
16551478,SF 49ers		 vs. ARZ Cardinals,Jeremiyah Love,2ème mi-temps - Touchdowns de course du joueur Plus / Moins,31474,77068,1743231899,4535379122,Jeremiyah Love (ARI) Plus de 0.5,Jeremiyah Love (ARI) Plus de 0.5,4.4,0,False
16551478,SF 49ers		 vs. ARZ Cardinals,Jeremiyah Love,2ème mi-temps - Touchdowns de course du joueur Plus / Moins,31474,77068,1743231899,4535379123,Jeremiyah Love (ARI) moins de 0.5,Jeremiyah Love (ARI) moins de 0.5,1.1334,0,False
16551478,SF 49ers		 vs. ARZ Cardinals,Tyler Allgeier,2ème mi-temps - Touchdowns de course du joueur Plus / Moins,31474,77068,1743231469,4535378366,Tyler Allgeier (ARI) Plus de 0.5,Tyler Allgeier (ARI) Plus de 0.5,4.75,0,False
16551478,SF 49ers		 vs. ARZ Cardinals,Tyler Allgeier,2ème mi-temps - Touchdowns de course du joueur Plus / Moins,31474,77068,1743231469,4535378367,Tyler Allgeier (ARI) moins de 0.5,Tyler Allgeier (ARI) moins de 0.5,1.1112,0,False
16551478,SF 49ers		 vs. ARZ Cardinals,Kaelon Black,2ème mi-temps - Touchdowns de course du joueur Plus / Moins,31474,77068,1743231657,4535378697,Kaelon Black (SF) Plus de 0.5,Kaelon Black (SF) Plus de 0.5,5.25,0,False
16551478,SF 49ers		 vs. ARZ Cardinals,Kaelon Black,2ème mi-temps - Touchdowns de course du joueur Plus / Moins,31474,77068,1743231657,4535378698,Kaelon Black (SF) moins de 0.5,Kaelon Black (SF) moins de 0.5,1.091,0,False
16551478,SF 49ers		 vs. ARZ Cardinals,Brock Purdy,2ème mi-temps - Touchdowns de course du joueur Plus / Moins,31474,77068,1743231350,4535378164,Brock Purdy (SF) Plus de 0.5,Brock Purdy (SF) Plus de 0.5,6.0,0,False
16551478,SF 49ers		 vs. ARZ Cardinals,Brock Purdy,2ème mi-temps - Touchdowns de course du joueur Plus / Moins,31474,77068,1743231350,4535378165,Brock Purdy (SF) moins de 0.5,Brock Purdy (SF) moins de 0.5,1.0589,0,False
16551478,SF 49ers		 vs. ARZ Cardinals,Jacoby Brissett,2ème mi-temps - Touchdowns de course du joueur Plus / Moins,31474,77068,1743230810,4535377214,Jacoby Brissett (ARI) Plus de 0.5,Jacoby Brissett (ARI) Plus de 0.5,7.75,0,False
16551478,SF 49ers		 vs. ARZ Cardinals,Jacoby Brissett,2ème mi-temps - Touchdowns de course du joueur Plus / Moins,31474,77068,1743230810,4535377215,Jacoby Brissett (ARI) moins de 0.5,Jacoby Brissett (ARI) moins de 0.5,1.02,0,False
16551478,SF 49ers		 vs. ARZ Cardinals,Jordan James,2ème mi-temps - Touchdowns de course du joueur Plus / Moins,31474,77068,1743231841,4535379018,Jordan James (SF) Plus de 0.5,Jordan James (SF) Plus de 0.5,8.5,0,False
16551478,SF 49ers		 vs. ARZ Cardinals,Jordan James,2ème mi-temps - Touchdowns de course du joueur Plus / Moins,31474,77068,1743231841,4535379019,Jordan James (SF) moins de 0.5,Jordan James (SF) moins de 0.5,0.0,7,False
16551478,SF 49ers		 vs. ARZ Cardinals,Christian McCaffrey,2ème mi-temps - Tentatives de rushing du joueur Plus/Moins,31483,77077,1743230954,4535377462,Christian McCaffrey (SF) Plus de 7.5,Christian McCaffrey (SF) Plus de 7.5,2.05,0,False
16551478,SF 49ers		 vs. ARZ Cardinals,Christian McCaffrey,2ème mi-temps - Tentatives de rushing du joueur Plus/Moins,31483,77077,1743230954,4535377463,Christian McCaffrey (SF) moins de 7.5,Christian McCaffrey (SF) moins de 7.5,1.6061,0,False
16551478,SF 49ers		 vs. ARZ Cardinals,Jeremiyah Love,2ème mi-temps - Tentatives de rushing du joueur Plus/Moins,31483,77077,1744633676,4539811630,Jeremiyah Love (ARI) Plus de 4.5,Jeremiyah Love (ARI) Plus de 4.5,1.6667,0,False
16551478,SF 49ers		 vs. ARZ Cardinals,Jeremiyah Love,2ème mi-temps - Tentatives de rushing du joueur Plus/Moins,31483,77077,1744633676,4539811631,Jeremiyah Love (ARI) moins de 4.5,Jeremiyah Love (ARI) moins de 4.5,1.9524,0,False
16551478,SF 49ers		 vs. ARZ Cardinals,Kaelon Black,2ème mi-temps - Tentatives de rushing du joueur Plus/Moins,31483,77077,1744671393,4539925438,Kaelon Black (SF) Plus de 4.5,Kaelon Black (SF) Plus de 4.5,1.8334,0,False
16551478,SF 49ers		 vs. ARZ Cardinals,Kaelon Black,2ème mi-temps - Tentatives de rushing du joueur Plus/Moins,31483,77077,1744671393,4539925439,Kaelon Black (SF) moins de 4.5,Kaelon Black (SF) moins de 4.5,1.7693,0,False
16551478,SF 49ers		 vs. ARZ Cardinals,Tyler Allgeier,2ème mi-temps - Tentatives de rushing du joueur Plus/Moins,31483,77077,1744624979,4539789368,Tyler Allgeier (ARI) moins de 3.5,Tyler Allgeier (ARI) moins de 3.5,1.8334,0,False
16551478,SF 49ers		 vs. ARZ Cardinals,Tyler Allgeier,2ème mi-temps - Tentatives de rushing du joueur Plus/Moins,31483,77077,1744624979,4539789367,Tyler Allgeier (ARI) Plus de 3.5,Tyler Allgeier (ARI) Plus de 3.5,1.7693,0,False
16551478,SF 49ers		 vs. ARZ Cardinals,Brock Purdy,2ème mi-temps - Tentatives de rushing du joueur Plus/Moins,31483,77077,1743231353,4535378170,Brock Purdy (SF) Plus de 2.5,Brock Purdy (SF) Plus de 2.5,2.0,0,False
16551478,SF 49ers		 vs. ARZ Cardinals,Brock Purdy,2ème mi-temps - Tentatives de rushing du joueur Plus/Moins,31483,77077,1743231353,4535378171,Brock Purdy (SF) moins de 2.5,Brock Purdy (SF) moins de 2.5,1.6471,0,False
16551478,SF 49ers		 vs. ARZ Cardinals,Jacoby Brissett,2ème mi-temps - Tentatives de rushing du joueur Plus/Moins,31483,77077,1744627304,4539795657,Jacoby Brissett (ARI) Plus de 0.5,Jacoby Brissett (ARI) Plus de 0.5,1.4,0,False
16551478,SF 49ers		 vs. ARZ Cardinals,Jacoby Brissett,2ème mi-temps - Tentatives de rushing du joueur Plus/Moins,31483,77077,1744627304,4539795658,Jacoby Brissett (ARI) moins de 0.5,Jacoby Brissett (ARI) moins de 0.5,2.55,0,False
16551478,SF 49ers		 vs. ARZ Cardinals,Christian McCaffrey,2ème mi-temps - Yards de course et de réception du joueur Plus / Moins,31489,77083,1744992565,4541061898,Christian McCaffrey (SF) Plus de 47.5,Christian McCaffrey (SF) Plus de 47.5,1.8334,0,False
16551478,SF 49ers		 vs. ARZ Cardinals,Christian McCaffrey,2ème mi-temps - Yards de course et de réception du joueur Plus / Moins,31489,77083,1744992565,4541061899,Christian McCaffrey (SF) moins de 47.5,Christian McCaffrey (SF) moins de 47.5,1.7693,0,False
16551478,SF 49ers		 vs. ARZ Cardinals,Jeremiyah Love,2ème mi-temps - Yards de course et de réception du joueur Plus / Moins,31489,77083,1743231911,4535379144,Jeremiyah Love (ARI) moins de 29.5,Jeremiyah Love (ARI) moins de 29.5,1.7693,0,False
16551478,SF 49ers		 vs. ARZ Cardinals,Jeremiyah Love,2ème mi-temps - Yards de course et de réception du joueur Plus / Moins,31489,77083,1743231911,4535379143,Jeremiyah Love (ARI) Plus de 29.5,Jeremiyah Love (ARI) Plus de 29.5,1.8334,0,False
16551478,SF 49ers		 vs. ARZ Cardinals,Kaelon Black,2ème mi-temps - Yards de course et de réception du joueur Plus / Moins,31489,77083,1744678414,4539950634,Kaelon Black (SF) Plus de 19.5,Kaelon Black (SF) Plus de 19.5,1.8334,0,False
16551478,SF 49ers		 vs. ARZ Cardinals,Kaelon Black,2ème mi-temps - Yards de course et de réception du joueur Plus / Moins,31489,77083,1744678414,4539950635,Kaelon Black (SF) moins de 19.5,Kaelon Black (SF) moins de 19.5,1.7693,0,False
16551478,SF 49ers		 vs. ARZ Cardinals,Tyler Allgeier,2ème mi-temps - Yards de course et de réception du joueur Plus / Moins,31489,77083,1744624981,4539789371,Tyler Allgeier (ARI) Plus de 17.5,Tyler Allgeier (ARI) Plus de 17.5,1.7693,0,False
16551478,SF 49ers		 vs. ARZ Cardinals,Tyler Allgeier,2ème mi-temps - Yards de course et de réception du joueur Plus / Moins,31489,77083,1744624981,4539789372,Tyler Allgeier (ARI) moins de 17.5,Tyler Allgeier (ARI) moins de 17.5,1.8334,0,False
16551478,SF 49ers		 vs. ARZ Cardinals,Kyle Juszczyk,2ème mi-temps - Yards de course et de réception du joueur Plus / Moins,31489,77083,1743230740,4535377089,Kyle Juszczyk (SF) Plus de 0.5,Kyle Juszczyk (SF) Plus de 0.5,1.9524,0,False
16551478,SF 49ers		 vs. ARZ Cardinals,Kyle Juszczyk,2ème mi-temps - Yards de course et de réception du joueur Plus / Moins,31489,77083,1743230740,4535377090,Kyle Juszczyk (SF) moins de 0.5,Kyle Juszczyk (SF) moins de 0.5,1.6667,0,False
16551478,SF 49ers		 vs. ARZ Cardinals,Trey McBride,2ème mi-temps - Total de réceptions Plus/Moins,31486,77080,1744372574,4538972334,Trey McBride (ARI) Plus de 3.5,Trey McBride (ARI) Plus de 3.5,1.8334,0,False
16551478,SF 49ers		 vs. ARZ Cardinals,Trey McBride,2ème mi-temps - Total de réceptions Plus/Moins,31486,77080,1744372574,4538972335,Trey McBride (ARI) moins de 3.5,Trey McBride (ARI) moins de 3.5,1.7693,0,False
16551478,SF 49ers		 vs. ARZ Cardinals,Christian McCaffrey,2ème mi-temps - Total de réceptions Plus/Moins,31486,77080,1748677942,4553119244,Christian McCaffrey (SF) Plus de 2.5,Christian McCaffrey (SF) Plus de 2.5,2.25,0,False
16551478,SF 49ers		 vs. ARZ Cardinals,Christian McCaffrey,2ème mi-temps - Total de réceptions Plus/Moins,31486,77080,1748677942,4553119245,Christian McCaffrey (SF) moins de 2.5,Christian McCaffrey (SF) moins de 2.5,1.5,0,False
16551478,SF 49ers		 vs. ARZ Cardinals,Michael Wilson,2ème mi-temps - Total de réceptions Plus/Moins,31486,77080,1743231405,4535378256,Michael Wilson (ARI) Plus de 1.5,Michael Wilson (ARI) Plus de 1.5,1.5,0,False
16551478,SF 49ers		 vs. ARZ Cardinals,Michael Wilson,2ème mi-temps - Total de réceptions Plus/Moins,31486,77080,1743231405,4535378257,Michael Wilson (ARI) moins de 1.5,Michael Wilson (ARI) moins de 1.5,2.25,0,False
16551478,SF 49ers		 vs. ARZ Cardinals,Mike Evans,2ème mi-temps - Total de réceptions Plus/Moins,31486,77080,1743230759,4535377121,Mike Evans (SF) Plus de 1.5,Mike Evans (SF) Plus de 1.5,1.5264,0,False
16551478,SF 49ers		 vs. ARZ Cardinals,Mike Evans,2ème mi-temps - Total de réceptions Plus/Moins,31486,77080,1743230759,4535377122,Mike Evans (SF) moins de 1.5,Mike Evans (SF) moins de 1.5,2.2,0,False
16551478,SF 49ers		 vs. ARZ Cardinals,George Kittle,2ème mi-temps - Total de réceptions Plus/Moins,31486,77080,1744671081,4539924336,George Kittle (SF) Plus de 1.5,George Kittle (SF) Plus de 1.5,1.5556,0,False
16551478,SF 49ers		 vs. ARZ Cardinals,George Kittle,2ème mi-temps - Total de réceptions Plus/Moins,31486,77080,1744671081,4539924337,George Kittle (SF) moins de 1.5,George Kittle (SF) moins de 1.5,2.15,0,False
16551478,SF 49ers		 vs. ARZ Cardinals,Deebo Samuel,2ème mi-temps - Total de réceptions Plus/Moins,31486,77080,1743230982,4535377509,Deebo Samuel (SF) Plus de 1.5,Deebo Samuel (SF) Plus de 1.5,1.7143,0,False
16551478,SF 49ers		 vs. ARZ Cardinals,Deebo Samuel,2ème mi-temps - Total de réceptions Plus/Moins,31486,77080,1743230982,4535377510,Deebo Samuel (SF) moins de 1.5,Deebo Samuel (SF) moins de 1.5,1.9091,0,False
16551478,SF 49ers		 vs. ARZ Cardinals,Jeremiyah Love,2ème mi-temps - Total de réceptions Plus/Moins,31486,77080,1743231889,4535379102,Jeremiyah Love (ARI) Plus de 1.5,Jeremiyah Love (ARI) Plus de 1.5,2.0,0,False
16551478,SF 49ers		 vs. ARZ Cardinals,Jeremiyah Love,2ème mi-temps - Total de réceptions Plus/Moins,31486,77080,1743231889,4535379103,Jeremiyah Love (ARI) moins de 1.5,Jeremiyah Love (ARI) moins de 1.5,1.6471,0,False
16551478,SF 49ers		 vs. ARZ Cardinals,Kendrick Bourne,2ème mi-temps - Total de réceptions Plus/Moins,31486,77080,1743230903,4535377371,Kendrick Bourne (ARI) Plus de 1.5,Kendrick Bourne (ARI) Plus de 1.5,2.25,0,False
16551478,SF 49ers		 vs. ARZ Cardinals,Kendrick Bourne,2ème mi-temps - Total de réceptions Plus/Moins,31486,77080,1743230903,4535377372,Kendrick Bourne (ARI) moins de 1.5,Kendrick Bourne (ARI) moins de 1.5,1.5,0,False
16551478,SF 49ers		 vs. ARZ Cardinals,Marvin Harrison Jr.,2ème mi-temps - Total de réceptions Plus/Moins,31486,77080,1743231787,4535378922,Marvin Harrison Jr. (ARI) Plus de 1.5,Marvin Harrison Jr. (ARI) Plus de 1.5,2.45,0,False
16551478,SF 49ers		 vs. ARZ Cardinals,Marvin Harrison Jr.,2ème mi-temps - Total de réceptions Plus/Moins,31486,77080,1743231787,4535378923,Marvin Harrison Jr. (ARI) moins de 1.5,Marvin Harrison Jr. (ARI) moins de 1.5,1.4167,0,False
16551478,SF 49ers		 vs. ARZ Cardinals,Tyler Allgeier,2ème mi-temps - Total de réceptions Plus/Moins,31486,77080,1743231459,4535378346,Tyler Allgeier (ARI) Plus de 0.5,Tyler Allgeier (ARI) Plus de 0.5,1.6471,0,False
16551478,SF 49ers		 vs. ARZ Cardinals,Tyler Allgeier,2ème mi-temps - Total de réceptions Plus/Moins,31486,77080,1743231459,4535378347,Tyler Allgeier (ARI) moins de 0.5,Tyler Allgeier (ARI) moins de 0.5,2.0,0,False
16551478,SF 49ers		 vs. ARZ Cardinals,Kyle Juszczyk,2ème mi-temps - Total de réceptions Plus/Moins,31486,77080,1743230718,4535377048,Kyle Juszczyk (SF) Plus de 0.5,Kyle Juszczyk (SF) Plus de 0.5,2.1,0,False
16551478,SF 49ers		 vs. ARZ Cardinals,Kyle Juszczyk,2ème mi-temps - Total de réceptions Plus/Moins,31486,77080,1743230718,4535377049,Kyle Juszczyk (SF) moins de 0.5,Kyle Juszczyk (SF) moins de 0.5,1.5715,0,False
16551478,SF 49ers		 vs. ARZ Cardinals,Kaelon Black,2ème mi-temps - Total de réceptions Plus/Moins,31486,77080,1743231647,4535378677,Kaelon Black (SF) Plus de 0.5,Kaelon Black (SF) Plus de 0.5,3.1,0,False
16551478,SF 49ers		 vs. ARZ Cardinals,Kaelon Black,2ème mi-temps - Total de réceptions Plus/Moins,31486,77080,1743231647,4535378678,Kaelon Black (SF) moins de 0.5,Kaelon Black (SF) moins de 0.5,1.2667,0,False
16551478,SF 49ers		 vs. ARZ Cardinals,Trey McBride,2ème mi-temps - Yards reçus par le joueur - Plus/Moins,31465,77059,1748816464,4553555333,Trey McBride (ARI) Plus de 33.5,Trey McBride (ARI) Plus de 33.5,1.8334,0,False
16551478,SF 49ers		 vs. ARZ Cardinals,Trey McBride,2ème mi-temps - Yards reçus par le joueur - Plus/Moins,31465,77059,1748816464,4553555334,Trey McBride (ARI) moins de 33.5,Trey McBride (ARI) moins de 33.5,1.7693,0,False
16551478,SF 49ers		 vs. ARZ Cardinals,Mike Evans,2ème mi-temps - Yards reçus par le joueur - Plus/Moins,31465,77059,1744345220,4538881672,Mike Evans (SF) Plus de 21.5,Mike Evans (SF) Plus de 21.5,1.7693,0,False
16551478,SF 49ers		 vs. ARZ Cardinals,Mike Evans,2ème mi-temps - Yards reçus par le joueur - Plus/Moins,31465,77059,1744345220,4538881673,Mike Evans (SF) moins de 21.5,Mike Evans (SF) moins de 21.5,1.8334,0,False
16551478,SF 49ers		 vs. ARZ Cardinals,Michael Wilson,2ème mi-temps - Yards reçus par le joueur - Plus/Moins,31465,77059,1744372578,4538972342,Michael Wilson (ARI) Plus de 20.5,Michael Wilson (ARI) Plus de 20.5,1.7693,0,False
16551478,SF 49ers		 vs. ARZ Cardinals,Michael Wilson,2ème mi-temps - Yards reçus par le joueur - Plus/Moins,31465,77059,1744372578,4538972343,Michael Wilson (ARI) moins de 20.5,Michael Wilson (ARI) moins de 20.5,1.8334,0,False
16551478,SF 49ers		 vs. ARZ Cardinals,George Kittle,2ème mi-temps - Yards reçus par le joueur - Plus/Moins,31465,77059,1744671277,4539925150,George Kittle (SF) Plus de 18.5,George Kittle (SF) Plus de 18.5,1.8334,0,False
16551478,SF 49ers		 vs. ARZ Cardinals,George Kittle,2ème mi-temps - Yards reçus par le joueur - Plus/Moins,31465,77059,1744671277,4539925151,George Kittle (SF) moins de 18.5,George Kittle (SF) moins de 18.5,1.7693,0,False
16551478,SF 49ers		 vs. ARZ Cardinals,Christian McCaffrey,2ème mi-temps - Yards reçus par le joueur - Plus/Moins,31465,77059,1745715502,4543213086,Christian McCaffrey (SF) Plus de 15.5,Christian McCaffrey (SF) Plus de 15.5,1.7693,0,False
16551478,SF 49ers		 vs. ARZ Cardinals,Christian McCaffrey,2ème mi-temps - Yards reçus par le joueur - Plus/Moins,31465,77059,1745715502,4543213087,Christian McCaffrey (SF) moins de 15.5,Christian McCaffrey (SF) moins de 15.5,1.8334,0,False
16551478,SF 49ers		 vs. ARZ Cardinals,Deebo Samuel,2ème mi-temps - Yards reçus par le joueur - Plus/Moins,31465,77059,1745910228,4543828260,Deebo Samuel (SF) Plus de 14.5,Deebo Samuel (SF) Plus de 14.5,1.7693,0,False
16551478,SF 49ers		 vs. ARZ Cardinals,Deebo Samuel,2ème mi-temps - Yards reçus par le joueur - Plus/Moins,31465,77059,1745910228,4543828261,Deebo Samuel (SF) moins de 14.5,Deebo Samuel (SF) moins de 14.5,1.8334,0,False
16551478,SF 49ers		 vs. ARZ Cardinals,Marvin Harrison Jr.,2ème mi-temps - Yards reçus par le joueur - Plus/Moins,31465,77059,1749724534,4556812865,Marvin Harrison Jr. (ARI) Plus de 12.5,Marvin Harrison Jr. (ARI) Plus de 12.5,1.8,0,False
16551478,SF 49ers		 vs. ARZ Cardinals,Marvin Harrison Jr.,2ème mi-temps - Yards reçus par le joueur - Plus/Moins,31465,77059,1749724534,4556812866,Marvin Harrison Jr. (ARI) moins de 12.5,Marvin Harrison Jr. (ARI) moins de 12.5,1.8,0,False
16551478,SF 49ers		 vs. ARZ Cardinals,Kendrick Bourne,2ème mi-temps - Yards reçus par le joueur - Plus/Moins,31465,77059,1748812251,4553540326,Kendrick Bourne (ARI) Plus de 10.5,Kendrick Bourne (ARI) Plus de 10.5,1.8334,0,False
16551478,SF 49ers		 vs. ARZ Cardinals,Kendrick Bourne,2ème mi-temps - Yards reçus par le joueur - Plus/Moins,31465,77059,1748812251,4553540327,Kendrick Bourne (ARI) moins de 10.5,Kendrick Bourne (ARI) moins de 10.5,1.7693,0,False
16551478,SF 49ers		 vs. ARZ Cardinals,Jeremiyah Love,2ème mi-temps - Yards reçus par le joueur - Plus/Moins,31465,77059,1743804513,4537489662,Jeremiyah Love (ARI) Plus de 7.5,Jeremiyah Love (ARI) Plus de 7.5,1.7693,0,False
16551478,SF 49ers		 vs. ARZ Cardinals,Jeremiyah Love,2ème mi-temps - Yards reçus par le joueur - Plus/Moins,31465,77059,1743804513,4537489663,Jeremiyah Love (ARI) moins de 7.5,Jeremiyah Love (ARI) moins de 7.5,1.8334,0,False
16551478,SF 49ers		 vs. ARZ Cardinals,Tyler Allgeier,2ème mi-temps - Yards reçus par le joueur - Plus/Moins,31465,77059,1743231453,4535378334,Tyler Allgeier (ARI) Plus de 0.5,Tyler Allgeier (ARI) Plus de 0.5,1.7693,0,False
16551478,SF 49ers		 vs. ARZ Cardinals,Tyler Allgeier,2ème mi-temps - Yards reçus par le joueur - Plus/Moins,31465,77059,1743231453,4535378335,Tyler Allgeier (ARI) moins de 0.5,Tyler Allgeier (ARI) moins de 0.5,1.8334,0,False
16551478,SF 49ers		 vs. ARZ Cardinals,Kyle Juszczyk,2ème mi-temps - Yards reçus par le joueur - Plus/Moins,31465,77059,1743230712,4535377036,Kyle Juszczyk (SF) Plus de 0.5,Kyle Juszczyk (SF) Plus de 0.5,2.2,0,False
16551478,SF 49ers		 vs. ARZ Cardinals,Kyle Juszczyk,2ème mi-temps - Yards reçus par le joueur - Plus/Moins,31465,77059,1743230712,4535377037,Kyle Juszczyk (SF) moins de 0.5,Kyle Juszczyk (SF) moins de 0.5,1.5264,0,False
16551478,SF 49ers		 vs. ARZ Cardinals,Kaelon Black,2ème mi-temps - Yards reçus par le joueur - Plus/Moins,31465,77059,1743231641,4535378665,Kaelon Black (SF) Plus de 0.5,Kaelon Black (SF) Plus de 0.5,3.4,0,False
16551478,SF 49ers		 vs. ARZ Cardinals,Kaelon Black,2ème mi-temps - Yards reçus par le joueur - Plus/Moins,31465,77059,1743231641,4535378666,Kaelon Black (SF) moins de 0.5,Kaelon Black (SF) moins de 0.5,1.2223,0,False
16551478,SF 49ers		 vs. ARZ Cardinals,George Kittle,2ème mi-temps - Touchdowns de réception du joueur Plus / Moins,31468,77062,1743230862,4535377300,George Kittle (SF) Plus de 0.5,George Kittle (SF) Plus de 0.5,4.0,0,False
16551478,SF 49ers		 vs. ARZ Cardinals,George Kittle,2ème mi-temps - Touchdowns de réception du joueur Plus / Moins,31468,77062,1743230862,4535377301,George Kittle (SF) moins de 0.5,George Kittle (SF) moins de 0.5,1.1667,0,False
16551478,SF 49ers		 vs. ARZ Cardinals,Mike Evans,2ème mi-temps - Touchdowns de réception du joueur Plus / Moins,31468,77062,1743230756,4535377115,Mike Evans (SF) Plus de 0.5,Mike Evans (SF) Plus de 0.5,4.0,0,False
16551478,SF 49ers		 vs. ARZ Cardinals,Mike Evans,2ème mi-temps - Touchdowns de réception du joueur Plus / Moins,31468,77062,1743230756,4535377116,Mike Evans (SF) moins de 0.5,Mike Evans (SF) moins de 0.5,1.1667,0,False
16551478,SF 49ers		 vs. ARZ Cardinals,Trey McBride,2ème mi-temps - Touchdowns de réception du joueur Plus / Moins,31468,77062,1743231288,4535378050,Trey McBride (ARI) Plus de 0.5,Trey McBride (ARI) Plus de 0.5,4.0,0,False
16551478,SF 49ers		 vs. ARZ Cardinals,Trey McBride,2ème mi-temps - Touchdowns de réception du joueur Plus / Moins,31468,77062,1743231288,4535378051,Trey McBride (ARI) moins de 0.5,Trey McBride (ARI) moins de 0.5,1.1667,0,False
16551478,SF 49ers		 vs. ARZ Cardinals,Michael Wilson,2ème mi-temps - Touchdowns de réception du joueur Plus / Moins,31468,77062,1743231402,4535378250,Michael Wilson (ARI) Plus de 0.5,Michael Wilson (ARI) Plus de 0.5,4.4,0,False
16551478,SF 49ers		 vs. ARZ Cardinals,Michael Wilson,2ème mi-temps - Touchdowns de réception du joueur Plus / Moins,31468,77062,1743231402,4535378251,Michael Wilson (ARI) moins de 0.5,Michael Wilson (ARI) moins de 0.5,1.1334,0,False
16551478,SF 49ers		 vs. ARZ Cardinals,Deebo Samuel,2ème mi-temps - Touchdowns de réception du joueur Plus / Moins,31468,77062,1743230979,4535377504,Deebo Samuel (SF) moins de 0.5,Deebo Samuel (SF) moins de 0.5,1.1112,0,False
16551478,SF 49ers		 vs. ARZ Cardinals,Deebo Samuel,2ème mi-temps - Touchdowns de réception du joueur Plus / Moins,31468,77062,1743230979,4535377503,Deebo Samuel (SF) Plus de 0.5,Deebo Samuel (SF) Plus de 0.5,4.75,0,False
16551478,SF 49ers		 vs. ARZ Cardinals,Christian McCaffrey,2ème mi-temps - Touchdowns de réception du joueur Plus / Moins,31468,77062,1743230938,4535377430,Christian McCaffrey (SF) Plus de 0.5,Christian McCaffrey (SF) Plus de 0.5,5.0,0,False
16551478,SF 49ers		 vs. ARZ Cardinals,Christian McCaffrey,2ème mi-temps - Touchdowns de réception du joueur Plus / Moins,31468,77062,1743230938,4535377431,Christian McCaffrey (SF) moins de 0.5,Christian McCaffrey (SF) moins de 0.5,1.1,0,False
16551478,SF 49ers		 vs. ARZ Cardinals,Marvin Harrison Jr.,2ème mi-temps - Touchdowns de réception du joueur Plus / Moins,31468,77062,1743231784,4535378916,Marvin Harrison Jr. (ARI) Plus de 0.5,Marvin Harrison Jr. (ARI) Plus de 0.5,6.0,0,False
16551478,SF 49ers		 vs. ARZ Cardinals,Marvin Harrison Jr.,2ème mi-temps - Touchdowns de réception du joueur Plus / Moins,31468,77062,1743231784,4535378917,Marvin Harrison Jr. (ARI) moins de 0.5,Marvin Harrison Jr. (ARI) moins de 0.5,1.0625,0,False
16551478,SF 49ers		 vs. ARZ Cardinals,Kendrick Bourne,2ème mi-temps - Touchdowns de réception du joueur Plus / Moins,31468,77062,1743230900,4535377365,Kendrick Bourne (ARI) Plus de 0.5,Kendrick Bourne (ARI) Plus de 0.5,6.25,0,False
16551478,SF 49ers		 vs. ARZ Cardinals,Kendrick Bourne,2ème mi-temps - Touchdowns de réception du joueur Plus / Moins,31468,77062,1743230900,4535377366,Kendrick Bourne (ARI) moins de 0.5,Kendrick Bourne (ARI) moins de 0.5,1.05,0,False
16551478,SF 49ers		 vs. ARZ Cardinals,Jeremiyah Love,2ème mi-temps - Touchdowns de réception du joueur Plus / Moins,31468,77062,1743231886,4535379096,Jeremiyah Love (ARI) Plus de 0.5,Jeremiyah Love (ARI) Plus de 0.5,7.75,0,False
16551478,SF 49ers		 vs. ARZ Cardinals,Jeremiyah Love,2ème mi-temps - Touchdowns de réception du joueur Plus / Moins,31468,77062,1743231886,4535379097,Jeremiyah Love (ARI) moins de 0.5,Jeremiyah Love (ARI) moins de 0.5,1.02,0,False
16551478,SF 49ers		 vs. ARZ Cardinals,Elijah Higgins,2ème mi-temps - Touchdowns de réception du joueur Plus / Moins,31468,77062,1743231502,4535378422,Elijah Higgins (ARI) Plus de 0.5,Elijah Higgins (ARI) Plus de 0.5,8.5,0,False
16551478,SF 49ers		 vs. ARZ Cardinals,Elijah Higgins,2ème mi-temps - Touchdowns de réception du joueur Plus / Moins,31468,77062,1743231502,4535378423,Elijah Higgins (ARI) moins de 0.5,Elijah Higgins (ARI) moins de 0.5,0.0,7,False
16551478,SF 49ers		 vs. ARZ Cardinals,Jacob Cowing,2ème mi-temps - Touchdowns de réception du joueur Plus / Moins,31468,77062,1743231606,4535378606,Jacob Cowing (SF) Plus de 0.5,Jacob Cowing (SF) Plus de 0.5,8.5,0,False
16551478,SF 49ers		 vs. ARZ Cardinals,Jacob Cowing,2ème mi-temps - Touchdowns de réception du joueur Plus / Moins,31468,77062,1743231606,4535378607,Jacob Cowing (SF) moins de 0.5,Jacob Cowing (SF) moins de 0.5,0.0,7,False
16551478,SF 49ers		 vs. ARZ Cardinals,Jordan Watkins,2ème mi-temps - Touchdowns de réception du joueur Plus / Moins,31468,77062,1743231690,4535378753,Jordan Watkins (SF) Plus de 0.5,Jordan Watkins (SF) Plus de 0.5,8.5,0,False
16551478,SF 49ers		 vs. ARZ Cardinals,Jordan Watkins,2ème mi-temps - Touchdowns de réception du joueur Plus / Moins,31468,77062,1743231690,4535378754,Jordan Watkins (SF) moins de 0.5,Jordan Watkins (SF) moins de 0.5,0.0,7,False
16551478,SF 49ers		 vs. ARZ Cardinals,Kaelon Black,2ème mi-temps - Touchdowns de réception du joueur Plus / Moins,31468,77062,1743231644,4535378672,Kaelon Black (SF) moins de 0.5,Kaelon Black (SF) moins de 0.5,0.0,7,False
16551478,SF 49ers		 vs. ARZ Cardinals,Kaelon Black,2ème mi-temps - Touchdowns de réception du joueur Plus / Moins,31468,77062,1743231644,4535378671,Kaelon Black (SF) Plus de 0.5,Kaelon Black (SF) Plus de 0.5,8.5,0,False
16551478,SF 49ers		 vs. ARZ Cardinals,Khadarel Hodge,2ème mi-temps - Touchdowns de réception du joueur Plus / Moins,31468,77062,1744653685,4539878115,Khadarel Hodge (SF) Plus de 0.5,Khadarel Hodge (SF) Plus de 0.5,8.5,0,False
16551478,SF 49ers		 vs. ARZ Cardinals,Khadarel Hodge,2ème mi-temps - Touchdowns de réception du joueur Plus / Moins,31468,77062,1744653685,4539878116,Khadarel Hodge (SF) moins de 0.5,Khadarel Hodge (SF) moins de 0.5,0.0,7,False
16551478,SF 49ers		 vs. ARZ Cardinals,Kyle Juszczyk,2ème mi-temps - Touchdowns de réception du joueur Plus / Moins,31468,77062,1743230715,4535377042,Kyle Juszczyk (SF) Plus de 0.5,Kyle Juszczyk (SF) Plus de 0.5,8.5,0,False
16551478,SF 49ers		 vs. ARZ Cardinals,Kyle Juszczyk,2ème mi-temps - Touchdowns de réception du joueur Plus / Moins,31468,77062,1743230715,4535377043,Kyle Juszczyk (SF) moins de 0.5,Kyle Juszczyk (SF) moins de 0.5,1.01,0,False
16551478,SF 49ers		 vs. ARZ Cardinals,Luke Farrell,2ème mi-temps - Touchdowns de réception du joueur Plus / Moins,31468,77062,1743231149,4535377805,Luke Farrell (SF) Plus de 0.5,Luke Farrell (SF) Plus de 0.5,8.5,0,False
16551478,SF 49ers		 vs. ARZ Cardinals,Luke Farrell,2ème mi-temps - Touchdowns de réception du joueur Plus / Moins,31468,77062,1743231149,4535377806,Luke Farrell (SF) moins de 0.5,Luke Farrell (SF) moins de 0.5,0.0,7,False
16551478,SF 49ers		 vs. ARZ Cardinals,Simi Fehoko,2ème mi-temps - Touchdowns de réception du joueur Plus / Moins,31468,77062,1743231375,4535378205,Simi Fehoko (ARI) Plus de 0.5,Simi Fehoko (ARI) Plus de 0.5,8.5,0,False
16551478,SF 49ers		 vs. ARZ Cardinals,Simi Fehoko,2ème mi-temps - Touchdowns de réception du joueur Plus / Moins,31468,77062,1743231375,4535378206,Simi Fehoko (ARI) moins de 0.5,Simi Fehoko (ARI) moins de 0.5,0.0,7,False
16551478,SF 49ers		 vs. ARZ Cardinals,Tyler Allgeier,2ème mi-temps - Touchdowns de réception du joueur Plus / Moins,31468,77062,1743231456,4535378340,Tyler Allgeier (ARI) Plus de 0.5,Tyler Allgeier (ARI) Plus de 0.5,8.5,0,False
16551478,SF 49ers		 vs. ARZ Cardinals,Tyler Allgeier,2ème mi-temps - Touchdowns de réception du joueur Plus / Moins,31468,77062,1743231456,4535378341,Tyler Allgeier (ARI) moins de 0.5,Tyler Allgeier (ARI) moins de 0.5,1.01,0,False
16551478,SF 49ers		 vs. ARZ Cardinals,Hunter Long,2ème mi-temps - Touchdowns de réception du joueur Plus / Moins,31468,77062,1743231255,4535377994,Hunter Long (ARI) Plus de 0.5,Hunter Long (ARI) Plus de 0.5,9.0,0,False
16551478,SF 49ers		 vs. ARZ Cardinals,Hunter Long,2ème mi-temps - Touchdowns de réception du joueur Plus / Moins,31468,77062,1743231255,4535377995,Hunter Long (ARI) moins de 0.5,Hunter Long (ARI) moins de 0.5,0.0,7,False
16551478,SF 49ers		 vs. ARZ Cardinals,Jacoby Brissett,2ème mi-temps - Total de yards à la passe du joueur Plus/Moins,31459,77053,1744345224,4538881680,Jacoby Brissett (ARI) Plus de 115.5,Jacoby Brissett (ARI) Plus de 115.5,1.8334,0,False
16551478,SF 49ers		 vs. ARZ Cardinals,Jacoby Brissett,2ème mi-temps - Total de yards à la passe du joueur Plus/Moins,31459,77053,1744345224,4538881681,Jacoby Brissett (ARI) moins de 115.5,Jacoby Brissett (ARI) moins de 115.5,1.7693,0,False
16551478,SF 49ers		 vs. ARZ Cardinals,Brock Purdy,2ème mi-temps - Total de yards à la passe du joueur Plus/Moins,31459,77053,1744650070,4539864171,Brock Purdy (SF) Plus de 106.5,Brock Purdy (SF) Plus de 106.5,1.8,0,False
16551478,SF 49ers		 vs. ARZ Cardinals,Brock Purdy,2ème mi-temps - Total de yards à la passe du joueur Plus/Moins,31459,77053,1744650070,4539864172,Brock Purdy (SF) moins de 106.5,Brock Purdy (SF) moins de 106.5,1.8,0,False
16551478,SF 49ers		 vs. ARZ Cardinals,Brock Purdy,2ème mi-temps - Total de Touchdowns à la passe du joueur - Plus/Moins,31462,77056,1743231328,4535378120,Brock Purdy (SF) Plus de 0.5,Brock Purdy (SF) Plus de 0.5,1.5264,0,False
16551478,SF 49ers		 vs. ARZ Cardinals,Brock Purdy,2ème mi-temps - Total de Touchdowns à la passe du joueur - Plus/Moins,31462,77056,1743231328,4535378121,Brock Purdy (SF) moins de 0.5,Brock Purdy (SF) moins de 0.5,2.2,0,False
16551478,SF 49ers		 vs. ARZ Cardinals,Jacoby Brissett,2ème mi-temps - Total de Touchdowns à la passe du joueur - Plus/Moins,31462,77056,1743230788,4535377170,Jacoby Brissett (ARI) Plus de 0.5,Jacoby Brissett (ARI) Plus de 0.5,1.6667,0,False
16551478,SF 49ers		 vs. ARZ Cardinals,Jacoby Brissett,2ème mi-temps - Total de Touchdowns à la passe du joueur - Plus/Moins,31462,77056,1743230788,4535377171,Jacoby Brissett (ARI) moins de 0.5,Jacoby Brissett (ARI) moins de 0.5,1.9524,0,False
16551478,SF 49ers		 vs. ARZ Cardinals,Jacoby Brissett,2ème mi-temps - Joueur Tentative de passe - Plus/Moins,31480,77074,1743230797,4535377188,Jacoby Brissett (ARI) Plus de 16.5,Jacoby Brissett (ARI) Plus de 16.5,1.7693,0,False
16551478,SF 49ers		 vs. ARZ Cardinals,Jacoby Brissett,2ème mi-temps - Joueur Tentative de passe - Plus/Moins,31480,77074,1743230797,4535377189,Jacoby Brissett (ARI) moins de 16.5,Jacoby Brissett (ARI) moins de 16.5,1.8334,0,False
16551478,SF 49ers		 vs. ARZ Cardinals,Brock Purdy,2ème mi-temps - Joueur Tentative de passe - Plus/Moins,31480,77074,1744636707,4539827208,Brock Purdy (SF) moins de 13.5,Brock Purdy (SF) moins de 13.5,1.7693,0,False
16551478,SF 49ers		 vs. ARZ Cardinals,Brock Purdy,2ème mi-temps - Joueur Tentative de passe - Plus/Moins,31480,77074,1744636707,4539827207,Brock Purdy (SF) Plus de 13.5,Brock Purdy (SF) Plus de 13.5,1.8334,0,False
16551478,SF 49ers		 vs. ARZ Cardinals,Jacoby Brissett,2ème mi-temps - Interceptions du joueur Plus/Moins,31477,77071,1743230794,4535377182,Jacoby Brissett (ARI) Plus de 0.5,Jacoby Brissett (ARI) Plus de 0.5,3.0,0,False
16551478,SF 49ers		 vs. ARZ Cardinals,Jacoby Brissett,2ème mi-temps - Interceptions du joueur Plus/Moins,31477,77071,1743230794,4535377183,Jacoby Brissett (ARI) moins de 0.5,Jacoby Brissett (ARI) moins de 0.5,1.2858,0,False
16551478,SF 49ers		 vs. ARZ Cardinals,Brock Purdy,2ème mi-temps - Interceptions du joueur Plus/Moins,31477,77071,1743231334,4535378132,Brock Purdy (SF) Plus de 0.5,Brock Purdy (SF) Plus de 0.5,3.6,0,False
16551478,SF 49ers		 vs. ARZ Cardinals,Brock Purdy,2ème mi-temps - Interceptions du joueur Plus/Moins,31477,77071,1743231334,4535378133,Brock Purdy (SF) moins de 0.5,Brock Purdy (SF) moins de 0.5,1.2,0,False
16551478,SF 49ers		 vs. ARZ Cardinals,Jacoby Brissett,2ème mi-temps - Passes réussies du joueur - Plus/Moins,31492,77086,1743610774,4536651636,Jacoby Brissett (ARI) Plus de 10.5,Jacoby Brissett (ARI) Plus de 10.5,1.6667,0,False
16551478,SF 49ers		 vs. ARZ Cardinals,Jacoby Brissett,2ème mi-temps - Passes réussies du joueur - Plus/Moins,31492,77086,1743610774,4536651637,Jacoby Brissett (ARI) moins de 10.5,Jacoby Brissett (ARI) moins de 10.5,1.9524,0,False
16551478,SF 49ers		 vs. ARZ Cardinals,Brock Purdy,2ème mi-temps - Passes réussies du joueur - Plus/Moins,31492,77086,1743725756,4537101451,Brock Purdy (SF) Plus de 9.5,Brock Purdy (SF) Plus de 9.5,1.7693,0,False
16551478,SF 49ers		 vs. ARZ Cardinals,Brock Purdy,2ème mi-temps - Passes réussies du joueur - Plus/Moins,31492,77086,1743725756,4537101452,Brock Purdy (SF) moins de 9.5,Brock Purdy (SF) moins de 9.5,1.8334,0,False
16551478,SF 49ers		 vs. ARZ Cardinals,Christian McCaffrey,Premier quart-temps - Total de yards à la course du joueur Plus/Moins,31472,77066,1744345257,4538881737,Christian McCaffrey (SF) Plus de 10.5,Christian McCaffrey (SF) Plus de 10.5,1.8334,0,False
16551478,SF 49ers		 vs. ARZ Cardinals,Christian McCaffrey,Premier quart-temps - Total de yards à la course du joueur Plus/Moins,31472,77066,1744345257,4538881738,Christian McCaffrey (SF) moins de 10.5,Christian McCaffrey (SF) moins de 10.5,1.7693,0,False
16551478,SF 49ers		 vs. ARZ Cardinals,Jeremiyah Love,Premier quart-temps - Total de yards à la course du joueur Plus/Moins,31472,77066,1743231897,4535379118,Jeremiyah Love (ARI) Plus de 9.5,Jeremiyah Love (ARI) Plus de 9.5,1.8334,0,False
16551478,SF 49ers		 vs. ARZ Cardinals,Jeremiyah Love,Premier quart-temps - Total de yards à la course du joueur Plus/Moins,31472,77066,1743231897,4535379119,Jeremiyah Love (ARI) moins de 9.5,Jeremiyah Love (ARI) moins de 9.5,1.7693,0,False
16551478,SF 49ers		 vs. ARZ Cardinals,Tyler Allgeier,Premier quart-temps - Total de yards à la course du joueur Plus/Moins,31472,77066,1745709818,4543199825,Tyler Allgeier (ARI) Plus de 6.5,Tyler Allgeier (ARI) Plus de 6.5,1.8334,0,False
16551478,SF 49ers		 vs. ARZ Cardinals,Tyler Allgeier,Premier quart-temps - Total de yards à la course du joueur Plus/Moins,31472,77066,1745709818,4543199826,Tyler Allgeier (ARI) moins de 6.5,Tyler Allgeier (ARI) moins de 6.5,1.7693,0,False
16551478,SF 49ers		 vs. ARZ Cardinals,Kaelon Black,Premier quart-temps - Total de yards à la course du joueur Plus/Moins,31472,77066,1744678411,4539950628,Kaelon Black (SF) Plus de 5.5,Kaelon Black (SF) Plus de 5.5,1.7693,0,False
16551478,SF 49ers		 vs. ARZ Cardinals,Kaelon Black,Premier quart-temps - Total de yards à la course du joueur Plus/Moins,31472,77066,1744678411,4539950629,Kaelon Black (SF) moins de 5.5,Kaelon Black (SF) moins de 5.5,1.8334,0,False
16551478,SF 49ers		 vs. ARZ Cardinals,Brock Purdy,Premier quart-temps - Total de yards à la course du joueur Plus/Moins,31472,77066,1743231348,4535378160,Brock Purdy (SF) Plus de 0.5,Brock Purdy (SF) Plus de 0.5,1.8696,0,False
16551478,SF 49ers		 vs. ARZ Cardinals,Brock Purdy,Premier quart-temps - Total de yards à la course du joueur Plus/Moins,31472,77066,1743231348,4535378161,Brock Purdy (SF) moins de 0.5,Brock Purdy (SF) moins de 0.5,1.7408,0,False
16551478,SF 49ers		 vs. ARZ Cardinals,Jacoby Brissett,Premier quart-temps - Total de yards à la course du joueur Plus/Moins,31472,77066,1743230808,4535377210,Jacoby Brissett (ARI) Plus de 0.5,Jacoby Brissett (ARI) Plus de 0.5,3.1,0,False
16551478,SF 49ers		 vs. ARZ Cardinals,Jacoby Brissett,Premier quart-temps - Total de yards à la course du joueur Plus/Moins,31472,77066,1743230808,4535377211,Jacoby Brissett (ARI) moins de 0.5,Jacoby Brissett (ARI) moins de 0.5,1.2667,0,False
16551478,SF 49ers		 vs. ARZ Cardinals,Christian McCaffrey,Premier quart-temps - Touchdowns de course du joueur Plus / Moins,31475,77069,1743230952,4535377458,Christian McCaffrey (SF) Plus de 0.5,Christian McCaffrey (SF) Plus de 0.5,5.0,0,False
16551478,SF 49ers		 vs. ARZ Cardinals,Christian McCaffrey,Premier quart-temps - Touchdowns de course du joueur Plus / Moins,31475,77069,1743230952,4535377459,Christian McCaffrey (SF) moins de 0.5,Christian McCaffrey (SF) moins de 0.5,1.1,0,False
16551478,SF 49ers		 vs. ARZ Cardinals,Jeremiyah Love,Premier quart-temps - Touchdowns de course du joueur Plus / Moins,31475,77069,1743231900,4535379124,Jeremiyah Love (ARI) Plus de 0.5,Jeremiyah Love (ARI) Plus de 0.5,6.25,0,False
16551478,SF 49ers		 vs. ARZ Cardinals,Jeremiyah Love,Premier quart-temps - Touchdowns de course du joueur Plus / Moins,31475,77069,1743231900,4535379125,Jeremiyah Love (ARI) moins de 0.5,Jeremiyah Love (ARI) moins de 0.5,1.05,0,False
16551478,SF 49ers		 vs. ARZ Cardinals,Tyler Allgeier,Premier quart-temps - Touchdowns de course du joueur Plus / Moins,31475,77069,1743231470,4535378368,Tyler Allgeier (ARI) Plus de 0.5,Tyler Allgeier (ARI) Plus de 0.5,6.75,0,False
16551478,SF 49ers		 vs. ARZ Cardinals,Tyler Allgeier,Premier quart-temps - Touchdowns de course du joueur Plus / Moins,31475,77069,1743231470,4535378369,Tyler Allgeier (ARI) moins de 0.5,Tyler Allgeier (ARI) moins de 0.5,1.04,0,False
16551478,SF 49ers		 vs. ARZ Cardinals,Kaelon Black,Premier quart-temps - Touchdowns de course du joueur Plus / Moins,31475,77069,1743231658,4535378699,Kaelon Black (SF) Plus de 0.5,Kaelon Black (SF) Plus de 0.5,7.75,0,False
16551478,SF 49ers		 vs. ARZ Cardinals,Kaelon Black,Premier quart-temps - Touchdowns de course du joueur Plus / Moins,31475,77069,1743231658,4535378700,Kaelon Black (SF) moins de 0.5,Kaelon Black (SF) moins de 0.5,1.02,0,False
16551478,SF 49ers		 vs. ARZ Cardinals,Brock Purdy,Premier quart-temps - Touchdowns de course du joueur Plus / Moins,31475,77069,1743231351,4535378166,Brock Purdy (SF) Plus de 0.5,Brock Purdy (SF) Plus de 0.5,8.5,0,False
16551478,SF 49ers		 vs. ARZ Cardinals,Brock Purdy,Premier quart-temps - Touchdowns de course du joueur Plus / Moins,31475,77069,1743231351,4535378167,Brock Purdy (SF) moins de 0.5,Brock Purdy (SF) moins de 0.5,1.01,0,False
16551478,SF 49ers		 vs. ARZ Cardinals,Jacoby Brissett,Premier quart-temps - Touchdowns de course du joueur Plus / Moins,31475,77069,1743230811,4535377216,Jacoby Brissett (ARI) Plus de 0.5,Jacoby Brissett (ARI) Plus de 0.5,8.5,0,False
16551478,SF 49ers		 vs. ARZ Cardinals,Jacoby Brissett,Premier quart-temps - Touchdowns de course du joueur Plus / Moins,31475,77069,1743230811,4535377217,Jacoby Brissett (ARI) moins de 0.5,Jacoby Brissett (ARI) moins de 0.5,0.0,7,False
16551478,SF 49ers		 vs. ARZ Cardinals,Christian McCaffrey,Premier quart-temps - Tentatives de rushing du joueur Plus/Moins,31484,77078,1747164284,4548090037,Christian McCaffrey (SF) Plus de 2.5,Christian McCaffrey (SF) Plus de 2.5,1.5556,0,False
16551478,SF 49ers		 vs. ARZ Cardinals,Christian McCaffrey,Premier quart-temps - Tentatives de rushing du joueur Plus/Moins,31484,77078,1747164284,4548090038,Christian McCaffrey (SF) moins de 2.5,Christian McCaffrey (SF) moins de 2.5,2.15,0,False
16551478,SF 49ers		 vs. ARZ Cardinals,Jeremiyah Love,Premier quart-temps - Tentatives de rushing du joueur Plus/Moins,31484,77078,1743231903,4535379130,Jeremiyah Love (ARI) Plus de 2.5,Jeremiyah Love (ARI) Plus de 2.5,1.6471,0,False
16551478,SF 49ers		 vs. ARZ Cardinals,Jeremiyah Love,Premier quart-temps - Tentatives de rushing du joueur Plus/Moins,31484,77078,1743231903,4535379131,Jeremiyah Love (ARI) moins de 2.5,Jeremiyah Love (ARI) moins de 2.5,2.0,0,False
16551478,SF 49ers		 vs. ARZ Cardinals,Tyler Allgeier,Premier quart-temps - Tentatives de rushing du joueur Plus/Moins,31484,77078,1744627757,4539796744,Tyler Allgeier (ARI) Plus de 2.5,Tyler Allgeier (ARI) Plus de 2.5,2.2,0,False
16551478,SF 49ers		 vs. ARZ Cardinals,Tyler Allgeier,Premier quart-temps - Tentatives de rushing du joueur Plus/Moins,31484,77078,1744627757,4539796745,Tyler Allgeier (ARI) moins de 2.5,Tyler Allgeier (ARI) moins de 2.5,1.5264,0,False
16551478,SF 49ers		 vs. ARZ Cardinals,Kaelon Black,Premier quart-temps - Tentatives de rushing du joueur Plus/Moins,31484,77078,1743231661,4535378705,Kaelon Black (SF) Plus de 1.5,Kaelon Black (SF) Plus de 1.5,1.5715,0,False
16551478,SF 49ers		 vs. ARZ Cardinals,Kaelon Black,Premier quart-temps - Tentatives de rushing du joueur Plus/Moins,31484,77078,1743231661,4535378706,Kaelon Black (SF) moins de 1.5,Kaelon Black (SF) moins de 1.5,2.1,0,False
16551478,SF 49ers		 vs. ARZ Cardinals,Brock Purdy,Premier quart-temps - Tentatives de rushing du joueur Plus/Moins,31484,77078,1743231354,4535378172,Brock Purdy (SF) Plus de 0.5,Brock Purdy (SF) Plus de 0.5,1.7693,0,False
16551478,SF 49ers		 vs. ARZ Cardinals,Brock Purdy,Premier quart-temps - Tentatives de rushing du joueur Plus/Moins,31484,77078,1743231354,4535378173,Brock Purdy (SF) moins de 0.5,Brock Purdy (SF) moins de 0.5,1.8334,0,False
16551478,SF 49ers		 vs. ARZ Cardinals,Jacoby Brissett,Premier quart-temps - Tentatives de rushing du joueur Plus/Moins,31484,77078,1743230814,4535377222,Jacoby Brissett (ARI) Plus de 0.5,Jacoby Brissett (ARI) Plus de 0.5,2.8,0,False
16551478,SF 49ers		 vs. ARZ Cardinals,Jacoby Brissett,Premier quart-temps - Tentatives de rushing du joueur Plus/Moins,31484,77078,1743230814,4535377223,Jacoby Brissett (ARI) moins de 0.5,Jacoby Brissett (ARI) moins de 0.5,1.3334,0,False
16551478,SF 49ers		 vs. ARZ Cardinals,Christian McCaffrey,Premier quart-temps - Yards de course et de réception du joueur Plus / Moins,31490,77084,1744685195,4539968552,Christian McCaffrey (SF) Plus de 19.5,Christian McCaffrey (SF) Plus de 19.5,1.8334,0,False
16551478,SF 49ers		 vs. ARZ Cardinals,Christian McCaffrey,Premier quart-temps - Yards de course et de réception du joueur Plus / Moins,31490,77084,1744685195,4539968553,Christian McCaffrey (SF) moins de 19.5,Christian McCaffrey (SF) moins de 19.5,1.7693,0,False
16551478,SF 49ers		 vs. ARZ Cardinals,Jeremiyah Love,Premier quart-temps - Yards de course et de réception du joueur Plus / Moins,31490,77084,1743231912,4535379145,Jeremiyah Love (ARI) Plus de 13.5,Jeremiyah Love (ARI) Plus de 13.5,1.8334,0,False
16551478,SF 49ers		 vs. ARZ Cardinals,Jeremiyah Love,Premier quart-temps - Yards de course et de réception du joueur Plus / Moins,31490,77084,1743231912,4535379146,Jeremiyah Love (ARI) moins de 13.5,Jeremiyah Love (ARI) moins de 13.5,1.7693,0,False
16551478,SF 49ers		 vs. ARZ Cardinals,Tyler Allgeier,Premier quart-temps - Yards de course et de réception du joueur Plus / Moins,31490,77084,1745709819,4543199827,Tyler Allgeier (ARI) Plus de 8.5,Tyler Allgeier (ARI) Plus de 8.5,1.8334,0,False
16551478,SF 49ers		 vs. ARZ Cardinals,Tyler Allgeier,Premier quart-temps - Yards de course et de réception du joueur Plus / Moins,31490,77084,1745709819,4543199828,Tyler Allgeier (ARI) moins de 8.5,Tyler Allgeier (ARI) moins de 8.5,1.7693,0,False
16551478,SF 49ers		 vs. ARZ Cardinals,Kaelon Black,Premier quart-temps - Yards de course et de réception du joueur Plus / Moins,31490,77084,1744677190,4539947341,Kaelon Black (SF) Plus de 6.5,Kaelon Black (SF) Plus de 6.5,1.7693,0,False
16551478,SF 49ers		 vs. ARZ Cardinals,Kaelon Black,Premier quart-temps - Yards de course et de réception du joueur Plus / Moins,31490,77084,1744677190,4539947342,Kaelon Black (SF) moins de 6.5,Kaelon Black (SF) moins de 6.5,1.8334,0,False
16551478,SF 49ers		 vs. ARZ Cardinals,Kyle Juszczyk,Premier quart-temps - Yards de course et de réception du joueur Plus / Moins,31490,77084,1743230741,4535377091,Kyle Juszczyk (SF) Plus de 0.5,Kyle Juszczyk (SF) Plus de 0.5,2.75,0,False
16551478,SF 49ers		 vs. ARZ Cardinals,Kyle Juszczyk,Premier quart-temps - Yards de course et de réception du joueur Plus / Moins,31490,77084,1743230741,4535377092,Kyle Juszczyk (SF) moins de 0.5,Kyle Juszczyk (SF) moins de 0.5,1.3449,0,False
16551478,SF 49ers		 vs. ARZ Cardinals,Trey McBride,Premier quart-temps - Total de réceptions Plus/Moins,31487,77081,1743231292,4535378058,Trey McBride (ARI) Plus de 1.5,Trey McBride (ARI) Plus de 1.5,1.9091,0,False
16551478,SF 49ers		 vs. ARZ Cardinals,Trey McBride,Premier quart-temps - Total de réceptions Plus/Moins,31487,77081,1743231292,4535378059,Trey McBride (ARI) moins de 1.5,Trey McBride (ARI) moins de 1.5,1.7143,0,False
16551478,SF 49ers		 vs. ARZ Cardinals,Christian McCaffrey,Premier quart-temps - Total de réceptions Plus/Moins,31487,77081,1743230942,4535377438,Christian McCaffrey (SF) Plus de 0.5,Christian McCaffrey (SF) Plus de 0.5,1.4167,0,False
16551478,SF 49ers		 vs. ARZ Cardinals,Christian McCaffrey,Premier quart-temps - Total de réceptions Plus/Moins,31487,77081,1743230942,4535377439,Christian McCaffrey (SF) moins de 0.5,Christian McCaffrey (SF) moins de 0.5,2.45,0,False
16551478,SF 49ers		 vs. ARZ Cardinals,Mike Evans,Premier quart-temps - Total de réceptions Plus/Moins,31487,77081,1743230760,4535377123,Mike Evans (SF) Plus de 0.5,Mike Evans (SF) Plus de 0.5,1.5,0,False
16551478,SF 49ers		 vs. ARZ Cardinals,Mike Evans,Premier quart-temps - Total de réceptions Plus/Moins,31487,77081,1743230760,4535377124,Mike Evans (SF) moins de 0.5,Mike Evans (SF) moins de 0.5,2.25,0,False
16551478,SF 49ers		 vs. ARZ Cardinals,Deebo Samuel,Premier quart-temps - Total de réceptions Plus/Moins,31487,77081,1743230983,4535377512,Deebo Samuel (SF) moins de 0.5,Deebo Samuel (SF) moins de 0.5,2.2,0,False
16551478,SF 49ers		 vs. ARZ Cardinals,Deebo Samuel,Premier quart-temps - Total de réceptions Plus/Moins,31487,77081,1743230983,4535377511,Deebo Samuel (SF) Plus de 0.5,Deebo Samuel (SF) Plus de 0.5,1.5264,0,False
16551478,SF 49ers		 vs. ARZ Cardinals,George Kittle,Premier quart-temps - Total de réceptions Plus/Moins,31487,77081,1743230866,4535377308,George Kittle (SF) Plus de 0.5,George Kittle (SF) Plus de 0.5,1.5264,0,False
16551478,SF 49ers		 vs. ARZ Cardinals,George Kittle,Premier quart-temps - Total de réceptions Plus/Moins,31487,77081,1743230866,4535377309,George Kittle (SF) moins de 0.5,George Kittle (SF) moins de 0.5,2.2,0,False
16551478,SF 49ers		 vs. ARZ Cardinals,Michael Wilson,Premier quart-temps - Total de réceptions Plus/Moins,31487,77081,1743231406,4535378258,Michael Wilson (ARI) Plus de 0.5,Michael Wilson (ARI) Plus de 0.5,1.5556,0,False
16551478,SF 49ers		 vs. ARZ Cardinals,Michael Wilson,Premier quart-temps - Total de réceptions Plus/Moins,31487,77081,1743231406,4535378259,Michael Wilson (ARI) moins de 0.5,Michael Wilson (ARI) moins de 0.5,2.15,0,False
16551478,SF 49ers		 vs. ARZ Cardinals,Jeremiyah Love,Premier quart-temps - Total de réceptions Plus/Moins,31487,77081,1743231890,4535379104,Jeremiyah Love (ARI) Plus de 0.5,Jeremiyah Love (ARI) Plus de 0.5,2.05,0,False
16551478,SF 49ers		 vs. ARZ Cardinals,Jeremiyah Love,Premier quart-temps - Total de réceptions Plus/Moins,31487,77081,1743231890,4535379105,Jeremiyah Love (ARI) moins de 0.5,Jeremiyah Love (ARI) moins de 0.5,1.6061,0,False
16551478,SF 49ers		 vs. ARZ Cardinals,Kendrick Bourne,Premier quart-temps - Total de réceptions Plus/Moins,31487,77081,1743230904,4535377373,Kendrick Bourne (ARI) Plus de 0.5,Kendrick Bourne (ARI) Plus de 0.5,2.2,0,False
16551478,SF 49ers		 vs. ARZ Cardinals,Kendrick Bourne,Premier quart-temps - Total de réceptions Plus/Moins,31487,77081,1743230904,4535377374,Kendrick Bourne (ARI) moins de 0.5,Kendrick Bourne (ARI) moins de 0.5,1.5264,0,False
16551478,SF 49ers		 vs. ARZ Cardinals,Marvin Harrison Jr.,Premier quart-temps - Total de réceptions Plus/Moins,31487,77081,1743231788,4535378924,Marvin Harrison Jr. (ARI) Plus de 0.5,Marvin Harrison Jr. (ARI) Plus de 0.5,2.25,0,False
16551478,SF 49ers		 vs. ARZ Cardinals,Marvin Harrison Jr.,Premier quart-temps - Total de réceptions Plus/Moins,31487,77081,1743231788,4535378925,Marvin Harrison Jr. (ARI) moins de 0.5,Marvin Harrison Jr. (ARI) moins de 0.5,1.5,0,False
16551478,SF 49ers		 vs. ARZ Cardinals,Kyle Juszczyk,Premier quart-temps - Total de réceptions Plus/Moins,31487,77081,1743230719,4535377050,Kyle Juszczyk (SF) Plus de 0.5,Kyle Juszczyk (SF) Plus de 0.5,2.9,0,False
16551478,SF 49ers		 vs. ARZ Cardinals,Kyle Juszczyk,Premier quart-temps - Total de réceptions Plus/Moins,31487,77081,1743230719,4535377051,Kyle Juszczyk (SF) moins de 0.5,Kyle Juszczyk (SF) moins de 0.5,1.3077,0,False
16551478,SF 49ers		 vs. ARZ Cardinals,Tyler Allgeier,Premier quart-temps - Total de réceptions Plus/Moins,31487,77081,1743231460,4535378348,Tyler Allgeier (ARI) Plus de 0.5,Tyler Allgeier (ARI) Plus de 0.5,3.2,0,False
16551478,SF 49ers		 vs. ARZ Cardinals,Tyler Allgeier,Premier quart-temps - Total de réceptions Plus/Moins,31487,77081,1743231460,4535378349,Tyler Allgeier (ARI) moins de 0.5,Tyler Allgeier (ARI) moins de 0.5,1.25,0,False
16551478,SF 49ers		 vs. ARZ Cardinals,Kaelon Black,Premier quart-temps - Total de réceptions Plus/Moins,31487,77081,1743231648,4535378680,Kaelon Black (SF) moins de 0.5,Kaelon Black (SF) moins de 0.5,1.1112,0,False
16551478,SF 49ers		 vs. ARZ Cardinals,Kaelon Black,Premier quart-temps - Total de réceptions Plus/Moins,31487,77081,1743231648,4535378679,Kaelon Black (SF) Plus de 0.5,Kaelon Black (SF) Plus de 0.5,4.75,0,False
16551478,SF 49ers		 vs. ARZ Cardinals,Trey McBride,Premier quart-temps - Yards reçus par le joueur - Plus/Moins,31466,77060,1744633648,4539811574,Trey McBride (ARI) Plus de 11.5,Trey McBride (ARI) Plus de 11.5,1.7693,0,False
16551478,SF 49ers		 vs. ARZ Cardinals,Trey McBride,Premier quart-temps - Yards reçus par le joueur - Plus/Moins,31466,77060,1744633648,4539811575,Trey McBride (ARI) moins de 11.5,Trey McBride (ARI) moins de 11.5,1.8334,0,False
16551478,SF 49ers		 vs. ARZ Cardinals,Mike Evans,Premier quart-temps - Yards reçus par le joueur - Plus/Moins,31466,77060,1744677329,4539947677,Mike Evans (SF) Plus de 8.5,Mike Evans (SF) Plus de 8.5,1.8334,0,False
16551478,SF 49ers		 vs. ARZ Cardinals,Mike Evans,Premier quart-temps - Yards reçus par le joueur - Plus/Moins,31466,77060,1744677329,4539947678,Mike Evans (SF) moins de 8.5,Mike Evans (SF) moins de 8.5,1.7693,0,False
16551478,SF 49ers		 vs. ARZ Cardinals,George Kittle,Premier quart-temps - Yards reçus par le joueur - Plus/Moins,31466,77060,1743230860,4535377296,George Kittle (SF) Plus de 6.5,George Kittle (SF) Plus de 6.5,1.8334,0,False
16551478,SF 49ers		 vs. ARZ Cardinals,George Kittle,Premier quart-temps - Yards reçus par le joueur - Plus/Moins,31466,77060,1743230860,4535377297,George Kittle (SF) moins de 6.5,George Kittle (SF) moins de 6.5,1.7693,0,False
16551478,SF 49ers		 vs. ARZ Cardinals,Christian McCaffrey,Premier quart-temps - Yards reçus par le joueur - Plus/Moins,31466,77060,1744684831,4539967222,Christian McCaffrey (SF) Plus de 5.5,Christian McCaffrey (SF) Plus de 5.5,1.7693,0,False
16551478,SF 49ers		 vs. ARZ Cardinals,Christian McCaffrey,Premier quart-temps - Yards reçus par le joueur - Plus/Moins,31466,77060,1744684831,4539967223,Christian McCaffrey (SF) moins de 5.5,Christian McCaffrey (SF) moins de 5.5,1.8334,0,False
16551478,SF 49ers		 vs. ARZ Cardinals,Michael Wilson,Premier quart-temps - Yards reçus par le joueur - Plus/Moins,31466,77060,1743865607,4537670515,Michael Wilson (ARI) Plus de 5.5,Michael Wilson (ARI) Plus de 5.5,1.7693,0,False
16551478,SF 49ers		 vs. ARZ Cardinals,Michael Wilson,Premier quart-temps - Yards reçus par le joueur - Plus/Moins,31466,77060,1743865607,4537670516,Michael Wilson (ARI) moins de 5.5,Michael Wilson (ARI) moins de 5.5,1.8334,0,False
16551478,SF 49ers		 vs. ARZ Cardinals,Deebo Samuel,Premier quart-temps - Yards reçus par le joueur - Plus/Moins,31466,77060,1747095620,4547919155,Deebo Samuel (SF) Plus de 5.5,Deebo Samuel (SF) Plus de 5.5,1.8334,0,False
16551478,SF 49ers		 vs. ARZ Cardinals,Deebo Samuel,Premier quart-temps - Yards reçus par le joueur - Plus/Moins,31466,77060,1747095620,4547919156,Deebo Samuel (SF) moins de 5.5,Deebo Samuel (SF) moins de 5.5,1.7693,0,False
16551478,SF 49ers		 vs. ARZ Cardinals,Jeremiyah Love,Premier quart-temps - Yards reçus par le joueur - Plus/Moins,31466,77060,1743231884,4535379092,Jeremiyah Love (ARI) Plus de 0.5,Jeremiyah Love (ARI) Plus de 0.5,2.2,0,False
16551478,SF 49ers		 vs. ARZ Cardinals,Jeremiyah Love,Premier quart-temps - Yards reçus par le joueur - Plus/Moins,31466,77060,1743231884,4535379093,Jeremiyah Love (ARI) moins de 0.5,Jeremiyah Love (ARI) moins de 0.5,1.5264,0,False
16551478,SF 49ers		 vs. ARZ Cardinals,Kendrick Bourne,Premier quart-temps - Yards reçus par le joueur - Plus/Moins,31466,77060,1743230898,4535377361,Kendrick Bourne (ARI) Plus de 0.5,Kendrick Bourne (ARI) Plus de 0.5,2.2,0,False
16551478,SF 49ers		 vs. ARZ Cardinals,Kendrick Bourne,Premier quart-temps - Yards reçus par le joueur - Plus/Moins,31466,77060,1743230898,4535377362,Kendrick Bourne (ARI) moins de 0.5,Kendrick Bourne (ARI) moins de 0.5,1.5264,0,False
16551478,SF 49ers		 vs. ARZ Cardinals,Marvin Harrison Jr.,Premier quart-temps - Yards reçus par le joueur - Plus/Moins,31466,77060,1743231782,4535378912,Marvin Harrison Jr. (ARI) Plus de 0.5,Marvin Harrison Jr. (ARI) Plus de 0.5,2.25,0,False
16551478,SF 49ers		 vs. ARZ Cardinals,Marvin Harrison Jr.,Premier quart-temps - Yards reçus par le joueur - Plus/Moins,31466,77060,1743231782,4535378913,Marvin Harrison Jr. (ARI) moins de 0.5,Marvin Harrison Jr. (ARI) moins de 0.5,1.5,0,False
16551478,SF 49ers		 vs. ARZ Cardinals,Kyle Juszczyk,Premier quart-temps - Yards reçus par le joueur - Plus/Moins,31466,77060,1743230713,4535377038,Kyle Juszczyk (SF) Plus de 0.5,Kyle Juszczyk (SF) Plus de 0.5,3.0,0,False
16551478,SF 49ers		 vs. ARZ Cardinals,Kyle Juszczyk,Premier quart-temps - Yards reçus par le joueur - Plus/Moins,31466,77060,1743230713,4535377039,Kyle Juszczyk (SF) moins de 0.5,Kyle Juszczyk (SF) moins de 0.5,1.2858,0,False
16551478,SF 49ers		 vs. ARZ Cardinals,Tyler Allgeier,Premier quart-temps - Yards reçus par le joueur - Plus/Moins,31466,77060,1743231454,4535378336,Tyler Allgeier (ARI) Plus de 0.5,Tyler Allgeier (ARI) Plus de 0.5,3.5,0,False
16551478,SF 49ers		 vs. ARZ Cardinals,Tyler Allgeier,Premier quart-temps - Yards reçus par le joueur - Plus/Moins,31466,77060,1743231454,4535378337,Tyler Allgeier (ARI) moins de 0.5,Tyler Allgeier (ARI) moins de 0.5,1.2106,0,False
16551478,SF 49ers		 vs. ARZ Cardinals,Kaelon Black,Premier quart-temps - Yards reçus par le joueur - Plus/Moins,31466,77060,1743231642,4535378667,Kaelon Black (SF) Plus de 0.5,Kaelon Black (SF) Plus de 0.5,5.0,0,False
16551478,SF 49ers		 vs. ARZ Cardinals,Kaelon Black,Premier quart-temps - Yards reçus par le joueur - Plus/Moins,31466,77060,1743231642,4535378668,Kaelon Black (SF) moins de 0.5,Kaelon Black (SF) moins de 0.5,1.1,0,False
16551478,SF 49ers		 vs. ARZ Cardinals,George Kittle,Premier quart-temps - Touchdowns de réception du joueur Plus / Moins,31469,77063,1743230863,4535377302,George Kittle (SF) Plus de 0.5,George Kittle (SF) Plus de 0.5,6.25,0,False
16551478,SF 49ers		 vs. ARZ Cardinals,George Kittle,Premier quart-temps - Touchdowns de réception du joueur Plus / Moins,31469,77063,1743230863,4535377303,George Kittle (SF) moins de 0.5,George Kittle (SF) moins de 0.5,1.05,0,False
16551478,SF 49ers		 vs. ARZ Cardinals,Mike Evans,Premier quart-temps - Touchdowns de réception du joueur Plus / Moins,31469,77063,1743230757,4535377117,Mike Evans (SF) Plus de 0.5,Mike Evans (SF) Plus de 0.5,6.25,0,False
16551478,SF 49ers		 vs. ARZ Cardinals,Mike Evans,Premier quart-temps - Touchdowns de réception du joueur Plus / Moins,31469,77063,1743230757,4535377118,Mike Evans (SF) moins de 0.5,Mike Evans (SF) moins de 0.5,1.05,0,False
16551478,SF 49ers		 vs. ARZ Cardinals,Trey McBride,Premier quart-temps - Touchdowns de réception du joueur Plus / Moins,31469,77063,1743231289,4535378052,Trey McBride (ARI) Plus de 0.5,Trey McBride (ARI) Plus de 0.5,6.75,0,False
16551478,SF 49ers		 vs. ARZ Cardinals,Trey McBride,Premier quart-temps - Touchdowns de réception du joueur Plus / Moins,31469,77063,1743231289,4535378053,Trey McBride (ARI) moins de 0.5,Trey McBride (ARI) moins de 0.5,1.04,0,False
16551478,SF 49ers		 vs. ARZ Cardinals,Deebo Samuel,Premier quart-temps - Touchdowns de réception du joueur Plus / Moins,31469,77063,1743230980,4535377505,Deebo Samuel (SF) Plus de 0.5,Deebo Samuel (SF) Plus de 0.5,7.0,0,False
16551478,SF 49ers		 vs. ARZ Cardinals,Deebo Samuel,Premier quart-temps - Touchdowns de réception du joueur Plus / Moins,31469,77063,1743230980,4535377506,Deebo Samuel (SF) moins de 0.5,Deebo Samuel (SF) moins de 0.5,1.0334,0,False
16551478,SF 49ers		 vs. ARZ Cardinals,Christian McCaffrey,Premier quart-temps - Touchdowns de réception du joueur Plus / Moins,31469,77063,1743230939,4535377432,Christian McCaffrey (SF) Plus de 0.5,Christian McCaffrey (SF) Plus de 0.5,7.5,0,False
16551478,SF 49ers		 vs. ARZ Cardinals,Christian McCaffrey,Premier quart-temps - Touchdowns de réception du joueur Plus / Moins,31469,77063,1743230939,4535377433,Christian McCaffrey (SF) moins de 0.5,Christian McCaffrey (SF) moins de 0.5,1.02,0,False
16551478,SF 49ers		 vs. ARZ Cardinals,Michael Wilson,Premier quart-temps - Touchdowns de réception du joueur Plus / Moins,31469,77063,1743231403,4535378252,Michael Wilson (ARI) Plus de 0.5,Michael Wilson (ARI) Plus de 0.5,7.75,0,False
16551478,SF 49ers		 vs. ARZ Cardinals,Michael Wilson,Premier quart-temps - Touchdowns de réception du joueur Plus / Moins,31469,77063,1743231403,4535378253,Michael Wilson (ARI) moins de 0.5,Michael Wilson (ARI) moins de 0.5,1.02,0,False
16551478,SF 49ers		 vs. ARZ Cardinals,Jacob Cowing,Premier quart-temps - Touchdowns de réception du joueur Plus / Moins,31469,77063,1743231607,4535378608,Jacob Cowing (SF) Plus de 0.5,Jacob Cowing (SF) Plus de 0.5,8.5,0,False
16551478,SF 49ers		 vs. ARZ Cardinals,Jacob Cowing,Premier quart-temps - Touchdowns de réception du joueur Plus / Moins,31469,77063,1743231607,4535378609,Jacob Cowing (SF) moins de 0.5,Jacob Cowing (SF) moins de 0.5,0.0,7,False
16551478,SF 49ers		 vs. ARZ Cardinals,Jeremiyah Love,Premier quart-temps - Touchdowns de réception du joueur Plus / Moins,31469,77063,1743231887,4535379098,Jeremiyah Love (ARI) Plus de 0.5,Jeremiyah Love (ARI) Plus de 0.5,8.5,0,False
16551478,SF 49ers		 vs. ARZ Cardinals,Jeremiyah Love,Premier quart-temps - Touchdowns de réception du joueur Plus / Moins,31469,77063,1743231887,4535379099,Jeremiyah Love (ARI) moins de 0.5,Jeremiyah Love (ARI) moins de 0.5,0.0,7,False
16551478,SF 49ers		 vs. ARZ Cardinals,Kendrick Bourne,Premier quart-temps - Touchdowns de réception du joueur Plus / Moins,31469,77063,1743230901,4535377368,Kendrick Bourne (ARI) moins de 0.5,Kendrick Bourne (ARI) moins de 0.5,0.0,7,False
16551478,SF 49ers		 vs. ARZ Cardinals,Kendrick Bourne,Premier quart-temps - Touchdowns de réception du joueur Plus / Moins,31469,77063,1743230901,4535377367,Kendrick Bourne (ARI) Plus de 0.5,Kendrick Bourne (ARI) Plus de 0.5,8.5,0,False
16551478,SF 49ers		 vs. ARZ Cardinals,Kyle Juszczyk,Premier quart-temps - Touchdowns de réception du joueur Plus / Moins,31469,77063,1743230716,4535377044,Kyle Juszczyk (SF) Plus de 0.5,Kyle Juszczyk (SF) Plus de 0.5,8.5,0,False
16551478,SF 49ers		 vs. ARZ Cardinals,Kyle Juszczyk,Premier quart-temps - Touchdowns de réception du joueur Plus / Moins,31469,77063,1743230716,4535377045,Kyle Juszczyk (SF) moins de 0.5,Kyle Juszczyk (SF) moins de 0.5,0.0,7,False
16551478,SF 49ers		 vs. ARZ Cardinals,Marvin Harrison Jr.,Premier quart-temps - Touchdowns de réception du joueur Plus / Moins,31469,77063,1743231785,4535378918,Marvin Harrison Jr. (ARI) Plus de 0.5,Marvin Harrison Jr. (ARI) Plus de 0.5,8.5,0,False
16551478,SF 49ers		 vs. ARZ Cardinals,Marvin Harrison Jr.,Premier quart-temps - Touchdowns de réception du joueur Plus / Moins,31469,77063,1743231785,4535378919,Marvin Harrison Jr. (ARI) moins de 0.5,Marvin Harrison Jr. (ARI) moins de 0.5,1.01,0,False
16551478,SF 49ers		 vs. ARZ Cardinals,Tyler Allgeier,Premier quart-temps - Touchdowns de réception du joueur Plus / Moins,31469,77063,1743231457,4535378342,Tyler Allgeier (ARI) Plus de 0.5,Tyler Allgeier (ARI) Plus de 0.5,8.5,0,False
16551478,SF 49ers		 vs. ARZ Cardinals,Tyler Allgeier,Premier quart-temps - Touchdowns de réception du joueur Plus / Moins,31469,77063,1743231457,4535378343,Tyler Allgeier (ARI) moins de 0.5,Tyler Allgeier (ARI) moins de 0.5,0.0,7,False
16551478,SF 49ers		 vs. ARZ Cardinals,Luke Farrell,Premier quart-temps - Touchdowns de réception du joueur Plus / Moins,31469,77063,1743231150,4535377808,Luke Farrell (SF) moins de 0.5,Luke Farrell (SF) moins de 0.5,0.0,7,False
16551478,SF 49ers		 vs. ARZ Cardinals,Luke Farrell,Premier quart-temps - Touchdowns de réception du joueur Plus / Moins,31469,77063,1743231150,4535377807,Luke Farrell (SF) Plus de 0.5,Luke Farrell (SF) Plus de 0.5,9.0,0,False
16551478,SF 49ers		 vs. ARZ Cardinals,Brock Purdy,Premier quart-temps - Total de yards à la passe du joueur Plus/Moins,31460,77054,1744655900,4539883844,Brock Purdy (SF) Plus de 52.5,Brock Purdy (SF) Plus de 52.5,1.7693,0,False
16551478,SF 49ers		 vs. ARZ Cardinals,Brock Purdy,Premier quart-temps - Total de yards à la passe du joueur Plus/Moins,31460,77054,1744655900,4539883845,Brock Purdy (SF) moins de 52.5,Brock Purdy (SF) moins de 52.5,1.8334,0,False
16551478,SF 49ers		 vs. ARZ Cardinals,Jacoby Brissett,Premier quart-temps - Total de yards à la passe du joueur Plus/Moins,31460,77054,1744345225,4538881682,Jacoby Brissett (ARI) Plus de 46.5,Jacoby Brissett (ARI) Plus de 46.5,1.8,0,False
16551478,SF 49ers		 vs. ARZ Cardinals,Jacoby Brissett,Premier quart-temps - Total de yards à la passe du joueur Plus/Moins,31460,77054,1744345225,4538881683,Jacoby Brissett (ARI) moins de 46.5,Jacoby Brissett (ARI) moins de 46.5,1.8,0,False
16551478,SF 49ers		 vs. ARZ Cardinals,Brock Purdy,Deuxième quart-temps - Total de yards à la passe du joueur Plus/Moins,31460,77054,1744677183,4539947328,Brock Purdy (SF) moins de 69.5,Brock Purdy (SF) moins de 69.5,1.8334,0,False
16551478,SF 49ers		 vs. ARZ Cardinals,Brock Purdy,Deuxième quart-temps - Total de yards à la passe du joueur Plus/Moins,31460,77054,1744677183,4539947327,Brock Purdy (SF) Plus de 69.5,Brock Purdy (SF) Plus de 69.5,1.7693,0,False
16551478,SF 49ers		 vs. ARZ Cardinals,Jacoby Brissett,Deuxième quart-temps - Total de yards à la passe du joueur Plus/Moins,31460,77054,1744374766,4538977169,Jacoby Brissett (ARI) Plus de 58.5,Jacoby Brissett (ARI) Plus de 58.5,1.8334,0,False
16551478,SF 49ers		 vs. ARZ Cardinals,Jacoby Brissett,Deuxième quart-temps - Total de yards à la passe du joueur Plus/Moins,31460,77054,1744374766,4538977170,Jacoby Brissett (ARI) moins de 58.5,Jacoby Brissett (ARI) moins de 58.5,1.7693,0,False
16551478,SF 49ers		 vs. ARZ Cardinals,Brock Purdy,Troisième quart-temps - Total de yards à la passe du joueur Plus/Moins,31460,77054,1744677184,4539947329,Brock Purdy (SF) Plus de 54.5,Brock Purdy (SF) Plus de 54.5,1.8334,0,False
16551478,SF 49ers		 vs. ARZ Cardinals,Brock Purdy,Troisième quart-temps - Total de yards à la passe du joueur Plus/Moins,31460,77054,1744677184,4539947330,Brock Purdy (SF) moins de 54.5,Brock Purdy (SF) moins de 54.5,1.7693,0,False
16551478,SF 49ers		 vs. ARZ Cardinals,Jacoby Brissett,Troisième quart-temps - Total de yards à la passe du joueur Plus/Moins,31460,77054,1743804478,4537489592,Jacoby Brissett (ARI) Plus de 46.5,Jacoby Brissett (ARI) Plus de 46.5,1.8334,0,False
16551478,SF 49ers		 vs. ARZ Cardinals,Jacoby Brissett,Troisième quart-temps - Total de yards à la passe du joueur Plus/Moins,31460,77054,1743804478,4537489593,Jacoby Brissett (ARI) moins de 46.5,Jacoby Brissett (ARI) moins de 46.5,1.7693,0,False
16551478,SF 49ers		 vs. ARZ Cardinals,Jacoby Brissett,Quatrième quart-temps - Total de yards à la passe du joueur Plus/Moins,31460,77054,1743480750,4536203525,Jacoby Brissett (ARI) Plus de 65.5,Jacoby Brissett (ARI) Plus de 65.5,1.8334,0,False
16551478,SF 49ers		 vs. ARZ Cardinals,Jacoby Brissett,Quatrième quart-temps - Total de yards à la passe du joueur Plus/Moins,31460,77054,1743480750,4536203526,Jacoby Brissett (ARI) moins de 65.5,Jacoby Brissett (ARI) moins de 65.5,1.7693,0,False
16551478,SF 49ers		 vs. ARZ Cardinals,Brock Purdy,Quatrième quart-temps - Total de yards à la passe du joueur Plus/Moins,31460,77054,1744671285,4539925166,Brock Purdy (SF) Plus de 46.5,Brock Purdy (SF) Plus de 46.5,1.8334,0,False
16551478,SF 49ers		 vs. ARZ Cardinals,Brock Purdy,Quatrième quart-temps - Total de yards à la passe du joueur Plus/Moins,31460,77054,1744671285,4539925167,Brock Purdy (SF) moins de 46.5,Brock Purdy (SF) moins de 46.5,1.7693,0,False
16551478,SF 49ers		 vs. ARZ Cardinals,Brock Purdy,Premier quart-temps - 	 Total de Touchdowns à la passe du joueur - Plus/Moins,31463,77057,1743231329,4535378122,Brock Purdy (SF) Plus de 0.5,Brock Purdy (SF) Plus de 0.5,2.55,0,False
16551478,SF 49ers		 vs. ARZ Cardinals,Brock Purdy,Premier quart-temps - 	 Total de Touchdowns à la passe du joueur - Plus/Moins,31463,77057,1743231329,4535378123,Brock Purdy (SF) moins de 0.5,Brock Purdy (SF) moins de 0.5,1.4,0,False
16551478,SF 49ers		 vs. ARZ Cardinals,Jacoby Brissett,Premier quart-temps - 	 Total de Touchdowns à la passe du joueur - Plus/Moins,31463,77057,1743230789,4535377172,Jacoby Brissett (ARI) Plus de 0.5,Jacoby Brissett (ARI) Plus de 0.5,3.4,0,False
16551478,SF 49ers		 vs. ARZ Cardinals,Jacoby Brissett,Premier quart-temps - 	 Total de Touchdowns à la passe du joueur - Plus/Moins,31463,77057,1743230789,4535377173,Jacoby Brissett (ARI) moins de 0.5,Jacoby Brissett (ARI) moins de 0.5,1.2223,0,False
16551478,SF 49ers		 vs. ARZ Cardinals,Brock Purdy,Deuxième quart-temps - 	 Total de Touchdowns à la passe du joueur - Plus/Moins,31463,77057,1743231330,4535378124,Brock Purdy (SF) Plus de 0.5,Brock Purdy (SF) Plus de 0.5,1.9091,0,False
16551478,SF 49ers		 vs. ARZ Cardinals,Brock Purdy,Deuxième quart-temps - 	 Total de Touchdowns à la passe du joueur - Plus/Moins,31463,77057,1743231330,4535378125,Brock Purdy (SF) moins de 0.5,Brock Purdy (SF) moins de 0.5,1.7143,0,False
16551478,SF 49ers		 vs. ARZ Cardinals,Jacoby Brissett,Deuxième quart-temps - 	 Total de Touchdowns à la passe du joueur - Plus/Moins,31463,77057,1743230790,4535377174,Jacoby Brissett (ARI) Plus de 0.5,Jacoby Brissett (ARI) Plus de 0.5,2.65,0,False
16551478,SF 49ers		 vs. ARZ Cardinals,Jacoby Brissett,Deuxième quart-temps - 	 Total de Touchdowns à la passe du joueur - Plus/Moins,31463,77057,1743230790,4535377175,Jacoby Brissett (ARI) moins de 0.5,Jacoby Brissett (ARI) moins de 0.5,1.3637,0,False
16551478,SF 49ers		 vs. ARZ Cardinals,Brock Purdy,Troisième quart-temps - 	 Total de Touchdowns à la passe du joueur - Plus/Moins,31463,77057,1743231331,4535378126,Brock Purdy (SF) Plus de 0.5,Brock Purdy (SF) Plus de 0.5,2.45,0,False
16551478,SF 49ers		 vs. ARZ Cardinals,Brock Purdy,Troisième quart-temps - 	 Total de Touchdowns à la passe du joueur - Plus/Moins,31463,77057,1743231331,4535378127,Brock Purdy (SF) moins de 0.5,Brock Purdy (SF) moins de 0.5,1.4167,0,False
16551478,SF 49ers		 vs. ARZ Cardinals,Jacoby Brissett,Troisième quart-temps - 	 Total de Touchdowns à la passe du joueur - Plus/Moins,31463,77057,1743230791,4535377176,Jacoby Brissett (ARI) Plus de 0.5,Jacoby Brissett (ARI) Plus de 0.5,3.25,0,False
16551478,SF 49ers		 vs. ARZ Cardinals,Jacoby Brissett,Troisième quart-temps - 	 Total de Touchdowns à la passe du joueur - Plus/Moins,31463,77057,1743230791,4535377177,Jacoby Brissett (ARI) moins de 0.5,Jacoby Brissett (ARI) moins de 0.5,1.25,0,False
16551478,SF 49ers		 vs. ARZ Cardinals,Jacoby Brissett,Quatrième quart-temps - 	 Total de Touchdowns à la passe du joueur - Plus/Moins,31463,77057,1743230792,4535377178,Jacoby Brissett (ARI) Plus de 0.5,Jacoby Brissett (ARI) Plus de 0.5,2.25,0,False
16551478,SF 49ers		 vs. ARZ Cardinals,Jacoby Brissett,Quatrième quart-temps - 	 Total de Touchdowns à la passe du joueur - Plus/Moins,31463,77057,1743230792,4535377179,Jacoby Brissett (ARI) moins de 0.5,Jacoby Brissett (ARI) moins de 0.5,1.5,0,False
16551478,SF 49ers		 vs. ARZ Cardinals,Brock Purdy,Quatrième quart-temps - 	 Total de Touchdowns à la passe du joueur - Plus/Moins,31463,77057,1743231332,4535378128,Brock Purdy (SF) Plus de 0.5,Brock Purdy (SF) Plus de 0.5,2.3,0,False
16551478,SF 49ers		 vs. ARZ Cardinals,Brock Purdy,Quatrième quart-temps - 	 Total de Touchdowns à la passe du joueur - Plus/Moins,31463,77057,1743231332,4535378129,Brock Purdy (SF) moins de 0.5,Brock Purdy (SF) moins de 0.5,1.4762,0,False
16551478,SF 49ers		 vs. ARZ Cardinals,Brock Purdy,Premier quart-temps - Passes réussies du joueur - Plus/Moins,31493,77087,1743231341,4535378146,Brock Purdy (SF) Plus de 4.5,Brock Purdy (SF) Plus de 4.5,1.6061,0,False
16551478,SF 49ers		 vs. ARZ Cardinals,Brock Purdy,Premier quart-temps - Passes réussies du joueur - Plus/Moins,31493,77087,1743231341,4535378147,Brock Purdy (SF) moins de 4.5,Brock Purdy (SF) moins de 4.5,2.05,0,False
16551478,SF 49ers		 vs. ARZ Cardinals,Jacoby Brissett,Premier quart-temps - Passes réussies du joueur - Plus/Moins,31493,77087,1743230801,4535377196,Jacoby Brissett (ARI) Plus de 4.5,Jacoby Brissett (ARI) Plus de 4.5,1.7693,0,False
16551478,SF 49ers		 vs. ARZ Cardinals,Jacoby Brissett,Premier quart-temps - Passes réussies du joueur - Plus/Moins,31493,77087,1743230801,4535377197,Jacoby Brissett (ARI) moins de 4.5,Jacoby Brissett (ARI) moins de 4.5,1.8334,0,False
16551478,SF 49ers		 vs. ARZ Cardinals,Jacoby Brissett,Premier quart-temps - Joueur Tentative de passe - Plus/Moins,31481,77075,1743725700,4537101339,Jacoby Brissett (ARI) Plus de 6.5,Jacoby Brissett (ARI) Plus de 6.5,1.7143,0,False
16551478,SF 49ers		 vs. ARZ Cardinals,Jacoby Brissett,Premier quart-temps - Joueur Tentative de passe - Plus/Moins,31481,77075,1743725700,4537101340,Jacoby Brissett (ARI) moins de 6.5,Jacoby Brissett (ARI) moins de 6.5,1.9091,0,False
16551478,SF 49ers		 vs. ARZ Cardinals,Brock Purdy,Premier quart-temps - Joueur Tentative de passe - Plus/Moins,31481,77075,1743231338,4535378140,Brock Purdy (SF) Plus de 6.5,Brock Purdy (SF) Plus de 6.5,1.7408,0,False
16551478,SF 49ers		 vs. ARZ Cardinals,Brock Purdy,Premier quart-temps - Joueur Tentative de passe - Plus/Moins,31481,77075,1743231338,4535378141,Brock Purdy (SF) moins de 6.5,Brock Purdy (SF) moins de 6.5,1.8696,0,False
16551478,SF 49ers		 vs. ARZ Cardinals,Brock Purdy,Premier quart-temps - Interceptions du joueur Plus/Moins,31478,77072,1743231335,4535378134,Brock Purdy (SF) Plus de 0.5,Brock Purdy (SF) Plus de 0.5,5.75,0,False
16551478,SF 49ers		 vs. ARZ Cardinals,Brock Purdy,Premier quart-temps - Interceptions du joueur Plus/Moins,31478,77072,1743231335,4535378135,Brock Purdy (SF) moins de 0.5,Brock Purdy (SF) moins de 0.5,1.0715,0,False
16551478,SF 49ers		 vs. ARZ Cardinals,Jacoby Brissett,Premier quart-temps - Interceptions du joueur Plus/Moins,31478,77072,1743230795,4535377184,Jacoby Brissett (ARI) Plus de 0.5,Jacoby Brissett (ARI) Plus de 0.5,6.0,0,False
16551478,SF 49ers		 vs. ARZ Cardinals,Jacoby Brissett,Premier quart-temps - Interceptions du joueur Plus/Moins,31478,77072,1743230795,4535377185,Jacoby Brissett (ARI) moins de 0.5,Jacoby Brissett (ARI) moins de 0.5,1.0625,0,False
16551478,SF 49ers		 vs. ARZ Cardinals,Brock Purdy,Joueur total nombre de tentatives de passes(Brock Purdy (SF)) (prolongations incluses),2248,73698,1748094108,4552995424,41+,41+,6.75,0,False
16551478,SF 49ers		 vs. ARZ Cardinals,Brock Purdy,Joueur total nombre de tentatives de passes(Brock Purdy (SF)) (prolongations incluses),2248,73698,1748094108,4552995425,43+,43+,10.0,0,False
16551478,SF 49ers		 vs. ARZ Cardinals,Brock Purdy,Joueur total nombre de tentatives de passes(Brock Purdy (SF)) (prolongations incluses),2248,73698,1748094108,4552995426,29+,29+,1.5,0,False
16551478,SF 49ers		 vs. ARZ Cardinals,Brock Purdy,Joueur total nombre de tentatives de passes(Brock Purdy (SF)) (prolongations incluses),2248,73698,1748094108,4552995419,31+,31+,1.8696,0,False
16551478,SF 49ers		 vs. ARZ Cardinals,Brock Purdy,Joueur total nombre de tentatives de passes(Brock Purdy (SF)) (prolongations incluses),2248,73698,1748094108,4552995420,33+,33+,2.25,0,False
16551478,SF 49ers		 vs. ARZ Cardinals,Brock Purdy,Joueur total nombre de tentatives de passes(Brock Purdy (SF)) (prolongations incluses),2248,73698,1748094108,4552995421,35+,35+,2.8,0,False
16551478,SF 49ers		 vs. ARZ Cardinals,Brock Purdy,Joueur total nombre de tentatives de passes(Brock Purdy (SF)) (prolongations incluses),2248,73698,1748094108,4552995422,37+,37+,3.6,0,False
16551478,SF 49ers		 vs. ARZ Cardinals,Brock Purdy,Joueur total nombre de tentatives de passes(Brock Purdy (SF)) (prolongations incluses),2248,73698,1748094108,4552995423,39+,39+,4.75,0,False
16551478,SF 49ers		 vs. ARZ Cardinals,Jacoby Brissett,Joueur total nombre de tentatives de passes(Jacoby Brissett (ARI)) (prolongations incluses),2248,73698,1748094261,4551583360,36+,36+,2.25,0,False
16551478,SF 49ers		 vs. ARZ Cardinals,Jacoby Brissett,Joueur total nombre de tentatives de passes(Jacoby Brissett (ARI)) (prolongations incluses),2248,73698,1748094261,4551583361,38+,38+,2.75,0,False
16551478,SF 49ers		 vs. ARZ Cardinals,Jacoby Brissett,Joueur total nombre de tentatives de passes(Jacoby Brissett (ARI)) (prolongations incluses),2248,73698,1748094261,4551583362,40+,40+,3.4,0,False
16551478,SF 49ers		 vs. ARZ Cardinals,Jacoby Brissett,Joueur total nombre de tentatives de passes(Jacoby Brissett (ARI)) (prolongations incluses),2248,73698,1748094261,4551583363,42+,42+,4.4,0,False
16551478,SF 49ers		 vs. ARZ Cardinals,Jacoby Brissett,Joueur total nombre de tentatives de passes(Jacoby Brissett (ARI)) (prolongations incluses),2248,73698,1748094261,4551583364,44+,44+,5.75,0,False
16551478,SF 49ers		 vs. ARZ Cardinals,Jacoby Brissett,Joueur total nombre de tentatives de passes(Jacoby Brissett (ARI)) (prolongations incluses),2248,73698,1748094261,4551583365,46+,46+,8.0,0,False
16551478,SF 49ers		 vs. ARZ Cardinals,Jacoby Brissett,Joueur total nombre de tentatives de passes(Jacoby Brissett (ARI)) (prolongations incluses),2248,73698,1748094261,4551583366,32+,32+,1.5883,0,False
16551478,SF 49ers		 vs. ARZ Cardinals,Jacoby Brissett,Joueur total nombre de tentatives de passes(Jacoby Brissett (ARI)) (prolongations incluses),2248,73698,1748094261,4551583359,34+,34+,1.9091,0,False
16551478,SF 49ers		 vs. ARZ Cardinals,Deebo Samuel,Joueur total de réception (Deebo Samuel (SF)) (incl. OT),2142,72897,1749503831,4556211110,4+,4+,1.6667,0,False
16551478,SF 49ers		 vs. ARZ Cardinals,Deebo Samuel,Joueur total de réception (Deebo Samuel (SF)) (incl. OT),2142,72897,1749503831,4556211111,5+,5+,2.4,0,False
16551478,SF 49ers		 vs. ARZ Cardinals,Deebo Samuel,Joueur total de réception (Deebo Samuel (SF)) (incl. OT),2142,72897,1749503831,4556211112,6+,6+,3.75,0,False
16551478,SF 49ers		 vs. ARZ Cardinals,Deebo Samuel,Joueur total de réception (Deebo Samuel (SF)) (incl. OT),2142,72897,1749503831,4556211113,7+,7+,6.5,0,False
16551478,SF 49ers		 vs. ARZ Cardinals,Deebo Samuel,Joueur total de réception (Deebo Samuel (SF)) (incl. OT),2142,72897,1749503831,4556211114,8+,8+,12.0,0,False
16551478,SF 49ers		 vs. ARZ Cardinals,Deebo Samuel,Joueur total de réception (Deebo Samuel (SF)) (incl. OT),2142,72897,1749503831,4556211115,9+,9+,26.0,0,False
16551478,SF 49ers		 vs. ARZ Cardinals,Deebo Samuel,Joueur total de réception (Deebo Samuel (SF)) (incl. OT),2142,72897,1749503831,4556211116,3+,3+,1.1667,0,False
16551478,SF 49ers		 vs. ARZ Cardinals,Trey McBride,Joueur total de réception (Trey McBride (ARI)) (incl. OT),2142,72897,1746653334,4546719253,7+,7+,1.7408,0,False
16551478,SF 49ers		 vs. ARZ Cardinals,Trey McBride,Joueur total de réception (Trey McBride (ARI)) (incl. OT),2142,72897,1746653334,4546719254,8+,8+,2.3,0,False
16551478,SF 49ers		 vs. ARZ Cardinals,Trey McBride,Joueur total de réception (Trey McBride (ARI)) (incl. OT),2142,72897,1746653334,4546719255,9+,9+,3.2,0,False
16551478,SF 49ers		 vs. ARZ Cardinals,Trey McBride,Joueur total de réception (Trey McBride (ARI)) (incl. OT),2142,72897,1746653334,4546719256,10+,10+,4.75,0,False
16551478,SF 49ers		 vs. ARZ Cardinals,Trey McBride,Joueur total de réception (Trey McBride (ARI)) (incl. OT),2142,72897,1746653334,4546719257,11+,11+,7.25,0,False
16551478,SF 49ers		 vs. ARZ Cardinals,Trey McBride,Joueur total de réception (Trey McBride (ARI)) (incl. OT),2142,72897,1746653334,4546719258,12+,12+,12.0,0,False
16551478,SF 49ers		 vs. ARZ Cardinals,Trey McBride,Joueur total de réception (Trey McBride (ARI)) (incl. OT),2142,72897,1746653334,4546719259,6+,6+,1.2353,0,False
16551478,SF 49ers		 vs. ARZ Cardinals,Jeremiyah Love,Joueur total de réception (Jeremiyah Love (ARI)) (incl. OT),2142,72897,1749503835,4556211138,3+,3+,1.9091,0,False
16551478,SF 49ers		 vs. ARZ Cardinals,Jeremiyah Love,Joueur total de réception (Jeremiyah Love (ARI)) (incl. OT),2142,72897,1749503835,4556211139,4+,4+,2.85,0,False
16551478,SF 49ers		 vs. ARZ Cardinals,Jeremiyah Love,Joueur total de réception (Jeremiyah Love (ARI)) (incl. OT),2142,72897,1749503835,4556211140,5+,5+,5.0,0,False
16551478,SF 49ers		 vs. ARZ Cardinals,Jeremiyah Love,Joueur total de réception (Jeremiyah Love (ARI)) (incl. OT),2142,72897,1749503835,4556211141,6+,6+,9.0,0,False
16551478,SF 49ers		 vs. ARZ Cardinals,Jeremiyah Love,Joueur total de réception (Jeremiyah Love (ARI)) (incl. OT),2142,72897,1749503835,4556211142,7+,7+,19.0,0,False
16551478,SF 49ers		 vs. ARZ Cardinals,Jeremiyah Love,Joueur total de réception (Jeremiyah Love (ARI)) (incl. OT),2142,72897,1749503835,4556211143,8+,8+,41.0,0,False
16551478,SF 49ers		 vs. ARZ Cardinals,Jeremiyah Love,Joueur total de réception (Jeremiyah Love (ARI)) (incl. OT),2142,72897,1749503835,4556211144,2+,2+,1.2353,0,False
16551478,SF 49ers		 vs. ARZ Cardinals,Christian McCaffrey,Joueur total de réception (Christian McCaffrey (SF)) (incl. OT),2142,72897,1749503833,4556211124,5+,5+,1.8,0,False
16551478,SF 49ers		 vs. ARZ Cardinals,Christian McCaffrey,Joueur total de réception (Christian McCaffrey (SF)) (incl. OT),2142,72897,1749503833,4556211125,6+,6+,2.5,0,False
16551478,SF 49ers		 vs. ARZ Cardinals,Christian McCaffrey,Joueur total de réception (Christian McCaffrey (SF)) (incl. OT),2142,72897,1749503833,4556211126,7+,7+,3.85,0,False
16551478,SF 49ers		 vs. ARZ Cardinals,Christian McCaffrey,Joueur total de réception (Christian McCaffrey (SF)) (incl. OT),2142,72897,1749503833,4556211127,8+,8+,6.0,0,False
16551478,SF 49ers		 vs. ARZ Cardinals,Christian McCaffrey,Joueur total de réception (Christian McCaffrey (SF)) (incl. OT),2142,72897,1749503833,4556211128,9+,9+,11.0,0,False
16551478,SF 49ers		 vs. ARZ Cardinals,Christian McCaffrey,Joueur total de réception (Christian McCaffrey (SF)) (incl. OT),2142,72897,1749503833,4556211129,10+,10+,20.0,0,False
16551478,SF 49ers		 vs. ARZ Cardinals,Christian McCaffrey,Joueur total de réception (Christian McCaffrey (SF)) (incl. OT),2142,72897,1749503833,4556211130,4+,4+,1.2667,0,False
16551478,SF 49ers		 vs. ARZ Cardinals,Kendrick Bourne,Joueur total de réception (Kendrick Bourne (ARI)) (incl. OT),2142,72897,1749503834,4556211136,8+,8+,15.0,0,False
16551478,SF 49ers		 vs. ARZ Cardinals,Kendrick Bourne,Joueur total de réception (Kendrick Bourne (ARI)) (incl. OT),2142,72897,1749503834,4556211137,2+,2+,1.3449,0,False
16551478,SF 49ers		 vs. ARZ Cardinals,Kendrick Bourne,Joueur total de réception (Kendrick Bourne (ARI)) (incl. OT),2142,72897,1749503834,4556211131,3+,3+,1.8696,0,False
16551478,SF 49ers		 vs. ARZ Cardinals,Kendrick Bourne,Joueur total de réception (Kendrick Bourne (ARI)) (incl. OT),2142,72897,1749503834,4556211132,4+,4+,2.5,0,False
16551478,SF 49ers		 vs. ARZ Cardinals,Kendrick Bourne,Joueur total de réception (Kendrick Bourne (ARI)) (incl. OT),2142,72897,1749503834,4556211133,5+,5+,3.6,0,False
16551478,SF 49ers		 vs. ARZ Cardinals,Kendrick Bourne,Joueur total de réception (Kendrick Bourne (ARI)) (incl. OT),2142,72897,1749503834,4556211134,6+,6+,5.5,0,False
16551478,SF 49ers		 vs. ARZ Cardinals,Kendrick Bourne,Joueur total de réception (Kendrick Bourne (ARI)) (incl. OT),2142,72897,1749503834,4556211135,7+,7+,9.0,0,False
16551478,SF 49ers		 vs. ARZ Cardinals,Marvin Harrison,Joueur total de réception (Marvin Harrison (ARI)) (incl. OT),2142,72897,1746653211,4546718863,2+,2+,1.3847,0,False
16551478,SF 49ers		 vs. ARZ Cardinals,Marvin Harrison,Joueur total de réception (Marvin Harrison (ARI)) (incl. OT),2142,72897,1746653211,4546718864,3+,3+,2.1,0,False
16551478,SF 49ers		 vs. ARZ Cardinals,Marvin Harrison,Joueur total de réception (Marvin Harrison (ARI)) (incl. OT),2142,72897,1746653211,4546718865,4+,4+,2.8,0,False
16551478,SF 49ers		 vs. ARZ Cardinals,Marvin Harrison,Joueur total de réception (Marvin Harrison (ARI)) (incl. OT),2142,72897,1746653211,4546718866,5+,5+,4.25,0,False
16551478,SF 49ers		 vs. ARZ Cardinals,Marvin Harrison,Joueur total de réception (Marvin Harrison (ARI)) (incl. OT),2142,72897,1746653211,4546718867,6+,6+,6.5,0,False
16551478,SF 49ers		 vs. ARZ Cardinals,Marvin Harrison,Joueur total de réception (Marvin Harrison (ARI)) (incl. OT),2142,72897,1746653211,4546718868,7+,7+,11.0,0,False
16551478,SF 49ers		 vs. ARZ Cardinals,Marvin Harrison,Joueur total de réception (Marvin Harrison (ARI)) (incl. OT),2142,72897,1746653211,4547035485,8+,8+,20.0,0,False
16551478,SF 49ers		 vs. ARZ Cardinals,George Kittle,Joueur total de réception (George Kittle (SF)) (incl. OT),2142,72897,1749503832,4556211117,5+,5+,2.2,0,False
16551478,SF 49ers		 vs. ARZ Cardinals,George Kittle,Joueur total de réception (George Kittle (SF)) (incl. OT),2142,72897,1749503832,4556211118,6+,6+,2.9,0,False
16551478,SF 49ers		 vs. ARZ Cardinals,George Kittle,Joueur total de réception (George Kittle (SF)) (incl. OT),2142,72897,1749503832,4556211119,7+,7+,4.3,0,False
16551478,SF 49ers		 vs. ARZ Cardinals,George Kittle,Joueur total de réception (George Kittle (SF)) (incl. OT),2142,72897,1749503832,4556211120,8+,8+,6.75,0,False
16551478,SF 49ers		 vs. ARZ Cardinals,George Kittle,Joueur total de réception (George Kittle (SF)) (incl. OT),2142,72897,1749503832,4556211121,9+,9+,11.0,0,False
16551478,SF 49ers		 vs. ARZ Cardinals,George Kittle,Joueur total de réception (George Kittle (SF)) (incl. OT),2142,72897,1749503832,4556211122,10+,10+,20.0,0,False
16551478,SF 49ers		 vs. ARZ Cardinals,George Kittle,Joueur total de réception (George Kittle (SF)) (incl. OT),2142,72897,1749503832,4556211123,4+,4+,1.5,0,False
16551478,SF 49ers		 vs. ARZ Cardinals,Mike Evans,Joueur total de réception (Mike Evans (SF)) (incl. OT),2142,72897,1749503830,4556211104,6+,6+,2.9,0,False
16551478,SF 49ers		 vs. ARZ Cardinals,Mike Evans,Joueur total de réception (Mike Evans (SF)) (incl. OT),2142,72897,1749503830,4556211105,7+,7+,4.25,0,False
16551478,SF 49ers		 vs. ARZ Cardinals,Mike Evans,Joueur total de réception (Mike Evans (SF)) (incl. OT),2142,72897,1749503830,4556211106,8+,8+,6.5,0,False
16551478,SF 49ers		 vs. ARZ Cardinals,Mike Evans,Joueur total de réception (Mike Evans (SF)) (incl. OT),2142,72897,1749503830,4556211107,9+,9+,11.0,0,False
16551478,SF 49ers		 vs. ARZ Cardinals,Mike Evans,Joueur total de réception (Mike Evans (SF)) (incl. OT),2142,72897,1749503830,4556211108,10+,10+,18.0,0,False
16551478,SF 49ers		 vs. ARZ Cardinals,Mike Evans,Joueur total de réception (Mike Evans (SF)) (incl. OT),2142,72897,1749503830,4556211109,4+,4+,1.5264,0,False
16551478,SF 49ers		 vs. ARZ Cardinals,Mike Evans,Joueur total de réception (Mike Evans (SF)) (incl. OT),2142,72897,1749503830,4556211103,5+,5+,2.2,0,False
16551478,SF 49ers		 vs. ARZ Cardinals,Michael Wilson,Joueur total de réception (Michael Wilson (ARI)) (incl. OT),2142,72897,1746653210,4566356355,10+,10+,7.0,0,False
16551478,SF 49ers		 vs. ARZ Cardinals,Michael Wilson,Joueur total de réception (Michael Wilson (ARI)) (incl. OT),2142,72897,1746653210,4546718856,4+,4+,1.7693,0,False
16551478,SF 49ers		 vs. ARZ Cardinals,Michael Wilson,Joueur total de réception (Michael Wilson (ARI)) (incl. OT),2142,72897,1746653210,4546718857,5+,5+,2.3,0,False
16551478,SF 49ers		 vs. ARZ Cardinals,Michael Wilson,Joueur total de réception (Michael Wilson (ARI)) (incl. OT),2142,72897,1746653210,4546718858,6+,6+,2.6,0,False
16551478,SF 49ers		 vs. ARZ Cardinals,Michael Wilson,Joueur total de réception (Michael Wilson (ARI)) (incl. OT),2142,72897,1746653210,4546718859,7+,7+,3.2,0,False
16551478,SF 49ers		 vs. ARZ Cardinals,Michael Wilson,Joueur total de réception (Michael Wilson (ARI)) (incl. OT),2142,72897,1746653210,4546718860,8+,8+,4.0,0,False
16551478,SF 49ers		 vs. ARZ Cardinals,Michael Wilson,Joueur total de réception (Michael Wilson (ARI)) (incl. OT),2142,72897,1746653210,4546718861,9+,9+,5.25,0,False
16551478,SF 49ers		 vs. ARZ Cardinals,Christian McCaffrey,Joueur total de courses (Christian McCaffrey (SF)) (prolongations incluses),2133,72890,1748093228,4551580780,14+,14+,1.8,0,False
16551478,SF 49ers		 vs. ARZ Cardinals,Christian McCaffrey,Joueur total de courses (Christian McCaffrey (SF)) (prolongations incluses),2133,72890,1748093228,4551580781,15+,15+,2.0,0,False
16551478,SF 49ers		 vs. ARZ Cardinals,Christian McCaffrey,Joueur total de courses (Christian McCaffrey (SF)) (prolongations incluses),2133,72890,1748093228,4551580782,16+,16+,2.25,0,False
16551478,SF 49ers		 vs. ARZ Cardinals,Christian McCaffrey,Joueur total de courses (Christian McCaffrey (SF)) (prolongations incluses),2133,72890,1748093228,4551580783,17+,17+,2.5,0,False
16551478,SF 49ers		 vs. ARZ Cardinals,Christian McCaffrey,Joueur total de courses (Christian McCaffrey (SF)) (prolongations incluses),2133,72890,1748093228,4551580784,18+,18+,2.85,0,False
16551478,SF 49ers		 vs. ARZ Cardinals,Christian McCaffrey,Joueur total de courses (Christian McCaffrey (SF)) (prolongations incluses),2133,72890,1748093228,4551580785,19+,19+,3.3,0,False
16551478,SF 49ers		 vs. ARZ Cardinals,Christian McCaffrey,Joueur total de courses (Christian McCaffrey (SF)) (prolongations incluses),2133,72890,1748093228,4551580786,20+,20+,3.85,0,False
16551478,SF 49ers		 vs. ARZ Cardinals,Christian McCaffrey,Joueur total de courses (Christian McCaffrey (SF)) (prolongations incluses),2133,72890,1748093228,4551580787,21+,21+,4.5,0,False
16551478,SF 49ers		 vs. ARZ Cardinals,Christian McCaffrey,Joueur total de courses (Christian McCaffrey (SF)) (prolongations incluses),2133,72890,1748093228,4551580788,22+,22+,5.25,0,False
16551478,SF 49ers		 vs. ARZ Cardinals,Christian McCaffrey,Joueur total de courses (Christian McCaffrey (SF)) (prolongations incluses),2133,72890,1748093228,4551580789,13+,13+,1.5556,0,False
16551478,SF 49ers		 vs. ARZ Cardinals,Christian McCaffrey,Joueur total de courses (Christian McCaffrey (SF)) (prolongations incluses),2133,72890,1748093228,4551580790,12+,12+,1.3847,0,False
16551478,SF 49ers		 vs. ARZ Cardinals,Jeremiyah Love,Joueur total de courses (Jeremiyah Love (ARI)) (prolongations incluses),2133,72890,1748093229,4551580800,11+,11+,1.7143,0,False
16551478,SF 49ers		 vs. ARZ Cardinals,Jeremiyah Love,Joueur total de courses (Jeremiyah Love (ARI)) (prolongations incluses),2133,72890,1748093229,4551580801,10+,10+,1.5,0,False
16551478,SF 49ers		 vs. ARZ Cardinals,Jeremiyah Love,Joueur total de courses (Jeremiyah Love (ARI)) (prolongations incluses),2133,72890,1748093229,4551580791,12+,12+,2.0,0,False
16551478,SF 49ers		 vs. ARZ Cardinals,Jeremiyah Love,Joueur total de courses (Jeremiyah Love (ARI)) (prolongations incluses),2133,72890,1748093229,4551580792,13+,13+,2.25,0,False
16551478,SF 49ers		 vs. ARZ Cardinals,Jeremiyah Love,Joueur total de courses (Jeremiyah Love (ARI)) (prolongations incluses),2133,72890,1748093229,4551580793,14+,14+,2.6,0,False
16551478,SF 49ers		 vs. ARZ Cardinals,Jeremiyah Love,Joueur total de courses (Jeremiyah Love (ARI)) (prolongations incluses),2133,72890,1748093229,4551580794,15+,15+,3.1,0,False
16551478,SF 49ers		 vs. ARZ Cardinals,Jeremiyah Love,Joueur total de courses (Jeremiyah Love (ARI)) (prolongations incluses),2133,72890,1748093229,4551580795,16+,16+,3.75,0,False
16551478,SF 49ers		 vs. ARZ Cardinals,Jeremiyah Love,Joueur total de courses (Jeremiyah Love (ARI)) (prolongations incluses),2133,72890,1748093229,4551580796,17+,17+,4.5,0,False
16551478,SF 49ers		 vs. ARZ Cardinals,Jeremiyah Love,Joueur total de courses (Jeremiyah Love (ARI)) (prolongations incluses),2133,72890,1748093229,4551580797,18+,18+,5.5,0,False
16551478,SF 49ers		 vs. ARZ Cardinals,Jeremiyah Love,Joueur total de courses (Jeremiyah Love (ARI)) (prolongations incluses),2133,72890,1748093229,4551580798,19+,19+,7.0,0,False
16551478,SF 49ers		 vs. ARZ Cardinals,Jeremiyah Love,Joueur total de courses (Jeremiyah Love (ARI)) (prolongations incluses),2133,72890,1748093229,4551580799,20+,20+,9.0,0,False
16551478,SF 49ers		 vs. ARZ Cardinals,Denzel Burke,Player total interceptions (Denzel Burke (ARI)) (incl. OT),2251,73701,1751531283,4562001885,1+,1+,6.5,0,False
16551478,SF 49ers		 vs. ARZ Cardinals,Denzel Burke,Player total interceptions (Denzel Burke (ARI)) (incl. OT),2251,73701,1751531283,4562001886,2+,2+,20.0,0,False
16551478,SF 49ers		 vs. ARZ Cardinals,Andrew Wingard,Player total interceptions (Andrew Wingard (ARI)) (incl. OT),2251,73701,1751531282,4562001883,1+,1+,8.5,0,False
16551478,SF 49ers		 vs. ARZ Cardinals,Andrew Wingard,Player total interceptions (Andrew Wingard (ARI)) (incl. OT),2251,73701,1751531282,4562001884,2+,2+,20.0,0,False
16551478,SF 49ers		 vs. ARZ Cardinals,Budda Baker,Player total interceptions (Budda Baker (ARI)) (incl. OT),2251,73701,1751531284,4562001888,2+,2+,20.0,0,False
16551478,SF 49ers		 vs. ARZ Cardinals,Budda Baker,Player total interceptions (Budda Baker (ARI)) (incl. OT),2251,73701,1751531284,4562001887,1+,1+,11.0,0,False
