event_id,match,player,market,market_type_id,sport_market_id,child_market_id,odd_id,selection,line,price,odd_status,is_main_bet
16552160,ARZ Cardinals vs. DET Lions,Jared Goff,Joueur total de yards par la passe (Jared Goff (DET))(prolongations incluses),2136,72891,1767231908,4609485664,351+,351+,4.5,0,False
16552160,ARZ Cardinals vs. DET Lions,Jared Goff,Joueur total de yards par la passe (Jared Goff (DET))(prolongations incluses),2136,72891,1767231908,4609485665,361+,361+,5.25,0,False
16552160,ARZ Cardinals vs. DET Lions,Jared Goff,Joueur total de yards par la passe (Jared Goff (DET))(prolongations incluses),2136,72891,1767231908,4609485666,371+,371+,6.25,0,False
16552160,ARZ Cardinals vs. DET Lions,Jared Goff,Joueur total de yards par la passe (Jared Goff (DET))(prolongations incluses),2136,72891,1767231908,4609485667,381+,381+,7.75,0,False
16552160,ARZ Cardinals vs. DET Lions,Jared Goff,Joueur total de yards par la passe (Jared Goff (DET))(prolongations incluses),2136,72891,1767231908,4609485668,391+,391+,9.0,0,False
16552160,ARZ Cardinals vs. DET Lions,Jared Goff,Joueur total de yards par la passe (Jared Goff (DET))(prolongations incluses),2136,72891,1767231908,4609485669,401+,401+,12.0,0,False
16552160,ARZ Cardinals vs. DET Lions,Jared Goff,Joueur total de yards par la passe (Jared Goff (DET))(prolongations incluses),2136,72891,1767231908,4609485670,411+,411+,15.0,0,False
16552160,ARZ Cardinals vs. DET Lions,Jared Goff,Joueur total de yards par la passe (Jared Goff (DET))(prolongations incluses),2136,72891,1767231908,4609485671,421+,421+,18.0,0,False
16552160,ARZ Cardinals vs. DET Lions,Jared Goff,Joueur total de yards par la passe (Jared Goff (DET))(prolongations incluses),2136,72891,1767231908,4609485672,271+,271+,1.6897,0,False
16552160,ARZ Cardinals vs. DET Lions,Jared Goff,Joueur total de yards par la passe (Jared Goff (DET))(prolongations incluses),2136,72891,1767231908,4609485673,261+,261+,1.5264,0,False
16552160,ARZ Cardinals vs. DET Lions,Jared Goff,Joueur total de yards par la passe (Jared Goff (DET))(prolongations incluses),2136,72891,1767231908,4609485657,281+,281+,1.8696,0,False
16552160,ARZ Cardinals vs. DET Lions,Jared Goff,Joueur total de yards par la passe (Jared Goff (DET))(prolongations incluses),2136,72891,1767231908,4609485658,291+,291+,2.05,0,False
16552160,ARZ Cardinals vs. DET Lions,Jared Goff,Joueur total de yards par la passe (Jared Goff (DET))(prolongations incluses),2136,72891,1767231908,4609485659,301+,301+,2.3,0,False
16552160,ARZ Cardinals vs. DET Lions,Jared Goff,Joueur total de yards par la passe (Jared Goff (DET))(prolongations incluses),2136,72891,1767231908,4609485660,311+,311+,2.6,0,False
16552160,ARZ Cardinals vs. DET Lions,Jared Goff,Joueur total de yards par la passe (Jared Goff (DET))(prolongations incluses),2136,72891,1767231908,4609485661,321+,321+,2.95,0,False
16552160,ARZ Cardinals vs. DET Lions,Jared Goff,Joueur total de yards par la passe (Jared Goff (DET))(prolongations incluses),2136,72891,1767231908,4609485662,331+,331+,3.4,0,False
16552160,ARZ Cardinals vs. DET Lions,Jared Goff,Joueur total de yards par la passe (Jared Goff (DET))(prolongations incluses),2136,72891,1767231908,4609485663,341+,341+,3.85,0,False
16552160,ARZ Cardinals vs. DET Lions,Jacoby Brissett,Joueur total de yards par la passe (Jacoby Brissett (ARI))(prolongations incluses),2136,72891,1767231907,4609485640,271+,271+,1.8696,0,False
16552160,ARZ Cardinals vs. DET Lions,Jacoby Brissett,Joueur total de yards par la passe (Jacoby Brissett (ARI))(prolongations incluses),2136,72891,1767231907,4609485641,281+,281+,2.05,0,False
16552160,ARZ Cardinals vs. DET Lions,Jacoby Brissett,Joueur total de yards par la passe (Jacoby Brissett (ARI))(prolongations incluses),2136,72891,1767231907,4609485642,291+,291+,2.25,0,False
16552160,ARZ Cardinals vs. DET Lions,Jacoby Brissett,Joueur total de yards par la passe (Jacoby Brissett (ARI))(prolongations incluses),2136,72891,1767231907,4609485643,301+,301+,2.5,0,False
16552160,ARZ Cardinals vs. DET Lions,Jacoby Brissett,Joueur total de yards par la passe (Jacoby Brissett (ARI))(prolongations incluses),2136,72891,1767231907,4609485644,311+,311+,2.85,0,False
16552160,ARZ Cardinals vs. DET Lions,Jacoby Brissett,Joueur total de yards par la passe (Jacoby Brissett (ARI))(prolongations incluses),2136,72891,1767231907,4609485645,321+,321+,3.2,0,False
16552160,ARZ Cardinals vs. DET Lions,Jacoby Brissett,Joueur total de yards par la passe (Jacoby Brissett (ARI))(prolongations incluses),2136,72891,1767231907,4609485646,331+,331+,3.6,0,False
16552160,ARZ Cardinals vs. DET Lions,Jacoby Brissett,Joueur total de yards par la passe (Jacoby Brissett (ARI))(prolongations incluses),2136,72891,1767231907,4609485647,341+,341+,4.25,0,False
16552160,ARZ Cardinals vs. DET Lions,Jacoby Brissett,Joueur total de yards par la passe (Jacoby Brissett (ARI))(prolongations incluses),2136,72891,1767231907,4609485648,351+,351+,5.0,0,False
16552160,ARZ Cardinals vs. DET Lions,Jacoby Brissett,Joueur total de yards par la passe (Jacoby Brissett (ARI))(prolongations incluses),2136,72891,1767231907,4609485649,361+,361+,5.75,0,False
16552160,ARZ Cardinals vs. DET Lions,Jacoby Brissett,Joueur total de yards par la passe (Jacoby Brissett (ARI))(prolongations incluses),2136,72891,1767231907,4609485650,371+,371+,6.75,0,False
16552160,ARZ Cardinals vs. DET Lions,Jacoby Brissett,Joueur total de yards par la passe (Jacoby Brissett (ARI))(prolongations incluses),2136,72891,1767231907,4609485651,381+,381+,8.0,0,False
16552160,ARZ Cardinals vs. DET Lions,Jacoby Brissett,Joueur total de yards par la passe (Jacoby Brissett (ARI))(prolongations incluses),2136,72891,1767231907,4609485652,391+,391+,10.0,0,False
16552160,ARZ Cardinals vs. DET Lions,Jacoby Brissett,Joueur total de yards par la passe (Jacoby Brissett (ARI))(prolongations incluses),2136,72891,1767231907,4609485653,401+,401+,12.0,0,False
16552160,ARZ Cardinals vs. DET Lions,Jacoby Brissett,Joueur total de yards par la passe (Jacoby Brissett (ARI))(prolongations incluses),2136,72891,1767231907,4609485654,411+,411+,15.0,0,False
16552160,ARZ Cardinals vs. DET Lions,Jacoby Brissett,Joueur total de yards par la passe (Jacoby Brissett (ARI))(prolongations incluses),2136,72891,1767231907,4609485655,261+,261+,1.6897,0,False
16552160,ARZ Cardinals vs. DET Lions,Jacoby Brissett,Joueur total de yards par la passe (Jacoby Brissett (ARI))(prolongations incluses),2136,72891,1767231907,4609485656,251+,251+,1.5556,0,False
16552160,ARZ Cardinals vs. DET Lions,Jahmyr Gibbs,Total de Touchdowns du joueur (Incl. Prolongations) (Jahmyr Gibbs (DET)),2145,72900,1764733897,4601661500,1+,1+,1.2,0,False
16552160,ARZ Cardinals vs. DET Lions,Jahmyr Gibbs,Total de Touchdowns du joueur (Incl. Prolongations) (Jahmyr Gibbs (DET)),2145,72900,1764733897,4601661501,2+,2+,2.25,0,False
16552160,ARZ Cardinals vs. DET Lions,Jahmyr Gibbs,Total de Touchdowns du joueur (Incl. Prolongations) (Jahmyr Gibbs (DET)),2145,72900,1764733897,4601661502,3+,3+,7.0,0,False
16552160,ARZ Cardinals vs. DET Lions,Amon-Ra St. Brown,Total de Touchdowns du joueur (Incl. Prolongations) (Amon-Ra St. Brown (DET)),2145,72900,1764733893,4601661488,1+,1+,1.6061,0,False
16552160,ARZ Cardinals vs. DET Lions,Amon-Ra St. Brown,Total de Touchdowns du joueur (Incl. Prolongations) (Amon-Ra St. Brown (DET)),2145,72900,1764733893,4601661489,2+,2+,4.5,0,False
16552160,ARZ Cardinals vs. DET Lions,Amon-Ra St. Brown,Total de Touchdowns du joueur (Incl. Prolongations) (Amon-Ra St. Brown (DET)),2145,72900,1764733893,4601661490,3+,3+,18.0,0,False
16552160,ARZ Cardinals vs. DET Lions,Jeremiyah Love,Total de Touchdowns du joueur (Incl. Prolongations) (Jeremiyah Love (ARI)),2145,72900,1764733899,4601661506,1+,1+,1.6897,0,False
16552160,ARZ Cardinals vs. DET Lions,Jeremiyah Love,Total de Touchdowns du joueur (Incl. Prolongations) (Jeremiyah Love (ARI)),2145,72900,1764733899,4601661507,2+,2+,5.0,0,False
16552160,ARZ Cardinals vs. DET Lions,Jeremiyah Love,Total de Touchdowns du joueur (Incl. Prolongations) (Jeremiyah Love (ARI)),2145,72900,1764733899,4601661508,3+,3+,20.0,0,False
16552160,ARZ Cardinals vs. DET Lions,Trey McBride,Total de Touchdowns du joueur (Incl. Prolongations) (Trey McBride (ARI)),2145,72900,1764733894,4601661491,1+,1+,2.0,0,False
16552160,ARZ Cardinals vs. DET Lions,Trey McBride,Total de Touchdowns du joueur (Incl. Prolongations) (Trey McBride (ARI)),2145,72900,1764733894,4601661492,2+,2+,7.0,0,False
16552160,ARZ Cardinals vs. DET Lions,Trey McBride,Total de Touchdowns du joueur (Incl. Prolongations) (Trey McBride (ARI)),2145,72900,1764733894,4601661493,3+,3+,31.0,0,False
16552160,ARZ Cardinals vs. DET Lions,Michael Wilson,Total de Touchdowns du joueur (Incl. Prolongations) (Michael Wilson (ARI)),2145,72900,1767208490,4609422361,1+,1+,2.3,0,False
16552160,ARZ Cardinals vs. DET Lions,Michael Wilson,Total de Touchdowns du joueur (Incl. Prolongations) (Michael Wilson (ARI)),2145,72900,1767208490,4609422362,2+,2+,10.0,0,False
16552160,ARZ Cardinals vs. DET Lions,Michael Wilson,Total de Touchdowns du joueur (Incl. Prolongations) (Michael Wilson (ARI)),2145,72900,1767208490,4609422363,3+,3+,41.0,0,False
16552160,ARZ Cardinals vs. DET Lions,Tyler Allgeier,Total de Touchdowns du joueur (Incl. Prolongations) (Tyler Allgeier (ARI)),2145,72900,1764733898,4601661504,2+,2+,10.0,0,False
16552160,ARZ Cardinals vs. DET Lions,Tyler Allgeier,Total de Touchdowns du joueur (Incl. Prolongations) (Tyler Allgeier (ARI)),2145,72900,1764733898,4601661505,3+,3+,41.0,0,False
16552160,ARZ Cardinals vs. DET Lions,Tyler Allgeier,Total de Touchdowns du joueur (Incl. Prolongations) (Tyler Allgeier (ARI)),2145,72900,1764733898,4601661503,1+,1+,2.3,0,False
16552160,ARZ Cardinals vs. DET Lions,Sam LaPorta,Total de Touchdowns du joueur (Incl. Prolongations) (Sam LaPorta (DET)),2145,72900,1764733896,4601661497,1+,1+,2.4,0,False
16552160,ARZ Cardinals vs. DET Lions,Sam LaPorta,Total de Touchdowns du joueur (Incl. Prolongations) (Sam LaPorta (DET)),2145,72900,1764733896,4601661498,2+,2+,11.0,0,False
16552160,ARZ Cardinals vs. DET Lions,Sam LaPorta,Total de Touchdowns du joueur (Incl. Prolongations) (Sam LaPorta (DET)),2145,72900,1764733896,4601661499,3+,3+,51.0,0,False
16552160,ARZ Cardinals vs. DET Lions,Jameson Williams,Total de Touchdowns du joueur (Incl. Prolongations) (Jameson Williams (DET)),2145,72900,1764733895,4601661496,3+,3+,61.0,0,False
16552160,ARZ Cardinals vs. DET Lions,Jameson Williams,Total de Touchdowns du joueur (Incl. Prolongations) (Jameson Williams (DET)),2145,72900,1764733895,4601661494,1+,1+,2.6,0,False
16552160,ARZ Cardinals vs. DET Lions,Jameson Williams,Total de Touchdowns du joueur (Incl. Prolongations) (Jameson Williams (DET)),2145,72900,1764733895,4601661495,2+,2+,13.0,0,False
16552160,ARZ Cardinals vs. DET Lions,Marvin Harrison,Total de Touchdowns du joueur (Incl. Prolongations) (Marvin Harrison (ARI)),2145,72900,1767208489,4609422360,3+,3+,91.0,0,False
16552160,ARZ Cardinals vs. DET Lions,Marvin Harrison,Total de Touchdowns du joueur (Incl. Prolongations) (Marvin Harrison (ARI)),2145,72900,1767208489,4609422358,1+,1+,3.2,0,False
16552160,ARZ Cardinals vs. DET Lions,Marvin Harrison,Total de Touchdowns du joueur (Incl. Prolongations) (Marvin Harrison (ARI)),2145,72900,1767208489,4609422359,2+,2+,21.0,0,False
16552160,ARZ Cardinals vs. DET Lions,Jacoby Brissett,Total de Touchdowns du joueur (Incl. Prolongations) (Jacoby Brissett (ARI)),2145,72900,1767207995,4609421089,2+,2+,31.0,0,False
16552160,ARZ Cardinals vs. DET Lions,Jacoby Brissett,Total de Touchdowns du joueur (Incl. Prolongations) (Jacoby Brissett (ARI)),2145,72900,1767207995,4609421090,3+,3+,101.0,0,False
16552160,ARZ Cardinals vs. DET Lions,Jacoby Brissett,Total de Touchdowns du joueur (Incl. Prolongations) (Jacoby Brissett (ARI)),2145,72900,1767207995,4609421087,1+,1+,4.0,0,False
16552160,ARZ Cardinals vs. DET Lions,Kendrick Bourne,Total de Touchdowns du joueur (Incl. Prolongations) (Kendrick Bourne (ARI)),2145,72900,1767207994,4609421084,1+,1+,4.0,0,False
16552160,ARZ Cardinals vs. DET Lions,Kendrick Bourne,Total de Touchdowns du joueur (Incl. Prolongations) (Kendrick Bourne (ARI)),2145,72900,1767207994,4609421085,2+,2+,31.0,0,False
16552160,ARZ Cardinals vs. DET Lions,Kendrick Bourne,Total de Touchdowns du joueur (Incl. Prolongations) (Kendrick Bourne (ARI)),2145,72900,1767207994,4609421086,3+,3+,101.0,0,False
16552160,ARZ Cardinals vs. DET Lions,Isaac TeSlaa,Total de Touchdowns du joueur (Incl. Prolongations) (Isaac TeSlaa (DET)),2145,72900,1767207993,4609421081,1+,1+,4.5,0,False
16552160,ARZ Cardinals vs. DET Lions,Isaac TeSlaa,Total de Touchdowns du joueur (Incl. Prolongations) (Isaac TeSlaa (DET)),2145,72900,1767207993,4609421082,2+,2+,36.0,0,False
16552160,ARZ Cardinals vs. DET Lions,Isaac TeSlaa,Total de Touchdowns du joueur (Incl. Prolongations) (Isaac TeSlaa (DET)),2145,72900,1767207993,4609421083,3+,3+,151.0,0,False
16552160,ARZ Cardinals vs. DET Lions,Elijah Higgins,Total de Touchdowns du joueur (Incl. Prolongations) (Elijah Higgins (ARI)),2145,72900,1767207557,4609420044,1+,1+,6.5,0,False
16552160,ARZ Cardinals vs. DET Lions,Elijah Higgins,Total de Touchdowns du joueur (Incl. Prolongations) (Elijah Higgins (ARI)),2145,72900,1767207557,4609420045,2+,2+,71.0,0,False
16552160,ARZ Cardinals vs. DET Lions,Elijah Higgins,Total de Touchdowns du joueur (Incl. Prolongations) (Elijah Higgins (ARI)),2145,72900,1767207557,4609420046,3+,3+,201.0,0,False
16552160,ARZ Cardinals vs. DET Lions,Brock Wright,Total de Touchdowns du joueur (Incl. Prolongations) (Brock Wright (DET)),2145,72900,1767207558,4609420048,2+,2+,81.0,0,False
16552160,ARZ Cardinals vs. DET Lions,Brock Wright,Total de Touchdowns du joueur (Incl. Prolongations) (Brock Wright (DET)),2145,72900,1767207558,4609420049,3+,3+,201.0,0,False
16552160,ARZ Cardinals vs. DET Lions,Brock Wright,Total de Touchdowns du joueur (Incl. Prolongations) (Brock Wright (DET)),2145,72900,1767207558,4609420047,1+,1+,7.0,0,False
16552160,ARZ Cardinals vs. DET Lions,Sione Vaki,Total de Touchdowns du joueur (Incl. Prolongations) (Sione Vaki (DET)),2145,72900,1767207556,4609420041,1+,1+,7.0,0,False
16552160,ARZ Cardinals vs. DET Lions,Sione Vaki,Total de Touchdowns du joueur (Incl. Prolongations) (Sione Vaki (DET)),2145,72900,1767207556,4609420042,2+,2+,81.0,0,False
16552160,ARZ Cardinals vs. DET Lions,Sione Vaki,Total de Touchdowns du joueur (Incl. Prolongations) (Sione Vaki (DET)),2145,72900,1767207556,4609420043,3+,3+,201.0,0,False
16552160,ARZ Cardinals vs. DET Lions,Zonovan Knight,Total de Touchdowns du joueur (Incl. Prolongations) (Zonovan Knight (ARI)),2145,72900,1767207216,4609419176,2+,2+,151.0,0,False
16552160,ARZ Cardinals vs. DET Lions,Zonovan Knight,Total de Touchdowns du joueur (Incl. Prolongations) (Zonovan Knight (ARI)),2145,72900,1767207216,4609419177,3+,3+,251.0,0,False
16552160,ARZ Cardinals vs. DET Lions,Zonovan Knight,Total de Touchdowns du joueur (Incl. Prolongations) (Zonovan Knight (ARI)),2145,72900,1767207216,4609419175,1+,1+,12.0,0,False
16552160,ARZ Cardinals vs. DET Lions,Devin Duvernay,Total de Touchdowns du joueur (Incl. Prolongations) (Devin Duvernay (ARI)),2145,72900,1767207251,4609419242,1+,1+,12.0,0,False
16552160,ARZ Cardinals vs. DET Lions,Devin Duvernay,Total de Touchdowns du joueur (Incl. Prolongations) (Devin Duvernay (ARI)),2145,72900,1767207251,4609419243,2+,2+,151.0,0,False
16552160,ARZ Cardinals vs. DET Lions,Devin Duvernay,Total de Touchdowns du joueur (Incl. Prolongations) (Devin Duvernay (ARI)),2145,72900,1767207251,4609419244,3+,3+,251.0,0,False
16552160,ARZ Cardinals vs. DET Lions,Jared Goff,Total de Touchdowns du joueur (Incl. Prolongations) (Jared Goff (DET)),2145,72900,1767207252,4609419245,1+,1+,12.0,0,False
16552160,ARZ Cardinals vs. DET Lions,Jared Goff,Total de Touchdowns du joueur (Incl. Prolongations) (Jared Goff (DET)),2145,72900,1767207252,4609419246,2+,2+,151.0,0,False
16552160,ARZ Cardinals vs. DET Lions,Jared Goff,Total de Touchdowns du joueur (Incl. Prolongations) (Jared Goff (DET)),2145,72900,1767207252,4609419247,3+,3+,251.0,0,False
16552160,ARZ Cardinals vs. DET Lions,Jalen Brooks,Total de Touchdowns du joueur (Incl. Prolongations) (Jalen Brooks (ARI)),2145,72900,1767207166,4609419033,1+,1+,15.0,0,False
16552160,ARZ Cardinals vs. DET Lions,Jalen Brooks,Total de Touchdowns du joueur (Incl. Prolongations) (Jalen Brooks (ARI)),2145,72900,1767207166,4609419034,2+,2+,201.0,0,False
16552160,ARZ Cardinals vs. DET Lions,Jalen Brooks,Total de Touchdowns du joueur (Incl. Prolongations) (Jalen Brooks (ARI)),2145,72900,1767207166,4609419035,3+,3+,251.0,0,False
16552160,ARZ Cardinals vs. DET Lions,Teagan Quitoriano,Total de Touchdowns du joueur (Incl. Prolongations) (Teagan Quitoriano (ARI)),2145,72900,1767207168,4609419040,2+,2+,201.0,0,False
16552160,ARZ Cardinals vs. DET Lions,Teagan Quitoriano,Total de Touchdowns du joueur (Incl. Prolongations) (Teagan Quitoriano (ARI)),2145,72900,1767207168,4609419041,3+,3+,251.0,0,False
16552160,ARZ Cardinals vs. DET Lions,Teagan Quitoriano,Total de Touchdowns du joueur (Incl. Prolongations) (Teagan Quitoriano (ARI)),2145,72900,1767207168,4609419039,1+,1+,15.0,0,False
16552160,ARZ Cardinals vs. DET Lions,Reggie Virgil,Total de Touchdowns du joueur (Incl. Prolongations) (Reggie Virgil (ARI)),2145,72900,1767207167,4609419036,1+,1+,15.0,0,False
16552160,ARZ Cardinals vs. DET Lions,Reggie Virgil,Total de Touchdowns du joueur (Incl. Prolongations) (Reggie Virgil (ARI)),2145,72900,1767207167,4609419037,2+,2+,201.0,0,False
16552160,ARZ Cardinals vs. DET Lions,Reggie Virgil,Total de Touchdowns du joueur (Incl. Prolongations) (Reggie Virgil (ARI)),2145,72900,1767207167,4609419038,3+,3+,251.0,0,False
16552160,ARZ Cardinals vs. DET Lions,Jackson Meeks,Total de Touchdowns du joueur (Incl. Prolongations) (Jackson Meeks (DET)),2145,72900,1767207165,4609419032,3+,3+,251.0,0,False
16552160,ARZ Cardinals vs. DET Lions,Jackson Meeks,Total de Touchdowns du joueur (Incl. Prolongations) (Jackson Meeks (DET)),2145,72900,1767207165,4609419030,1+,1+,15.0,0,False
16552160,ARZ Cardinals vs. DET Lions,Jackson Meeks,Total de Touchdowns du joueur (Incl. Prolongations) (Jackson Meeks (DET)),2145,72900,1767207165,4609419031,2+,2+,201.0,0,False
16552160,ARZ Cardinals vs. DET Lions,Tom Kennedy,Total de Touchdowns du joueur (Incl. Prolongations) (Tom Kennedy (DET)),2145,72900,1767207142,4609418968,1+,1+,18.0,0,False
16552160,ARZ Cardinals vs. DET Lions,Tom Kennedy,Total de Touchdowns du joueur (Incl. Prolongations) (Tom Kennedy (DET)),2145,72900,1767207142,4609418969,2+,2+,201.0,0,False
16552160,ARZ Cardinals vs. DET Lions,Tom Kennedy,Total de Touchdowns du joueur (Incl. Prolongations) (Tom Kennedy (DET)),2145,72900,1767207142,4609418970,3+,3+,251.0,0,False
16552160,ARZ Cardinals vs. DET Lions,Tyler Conklin,Total de Touchdowns du joueur (Incl. Prolongations) (Tyler Conklin (DET)),2145,72900,1767207143,4609418971,1+,1+,18.0,0,False
16552160,ARZ Cardinals vs. DET Lions,Tyler Conklin,Total de Touchdowns du joueur (Incl. Prolongations) (Tyler Conklin (DET)),2145,72900,1767207143,4609418972,2+,2+,201.0,0,False
16552160,ARZ Cardinals vs. DET Lions,Tyler Conklin,Total de Touchdowns du joueur (Incl. Prolongations) (Tyler Conklin (DET)),2145,72900,1767207143,4609418973,3+,3+,251.0,0,False
16552160,ARZ Cardinals vs. DET Lions,Simi Fehoko,Total de Touchdowns du joueur (Incl. Prolongations) (Simi Fehoko (ARI)),2145,72900,1767207031,4609418673,1+,1+,20.0,0,False
16552160,ARZ Cardinals vs. DET Lions,Simi Fehoko,Total de Touchdowns du joueur (Incl. Prolongations) (Simi Fehoko (ARI)),2145,72900,1767207031,4609418674,2+,2+,251.0,0,False
16552160,ARZ Cardinals vs. DET Lions,Simi Fehoko,Total de Touchdowns du joueur (Incl. Prolongations) (Simi Fehoko (ARI)),2145,72900,1767207031,4609418675,3+,3+,251.0,0,False
16552160,ARZ Cardinals vs. DET Lions,Jacob Saylors,Total de Touchdowns du joueur (Incl. Prolongations) (Jacob Saylors (DET)),2145,72900,1767207141,4609418965,1+,1+,20.0,0,False
16552160,ARZ Cardinals vs. DET Lions,Jacob Saylors,Total de Touchdowns du joueur (Incl. Prolongations) (Jacob Saylors (DET)),2145,72900,1767207141,4609418966,2+,2+,251.0,0,False
16552160,ARZ Cardinals vs. DET Lions,Jacob Saylors,Total de Touchdowns du joueur (Incl. Prolongations) (Jacob Saylors (DET)),2145,72900,1767207141,4609418967,3+,3+,251.0,0,False
16552160,ARZ Cardinals vs. DET Lions,Javontay Martin,Total de Touchdowns du joueur (Incl. Prolongations) (Javontay Martin (DET)),2145,72900,1767207030,4609418672,3+,3+,251.0,0,False
16552160,ARZ Cardinals vs. DET Lions,Javontay Martin,Total de Touchdowns du joueur (Incl. Prolongations) (Javontay Martin (DET)),2145,72900,1767207030,4609418670,1+,1+,31.0,0,False
16552160,ARZ Cardinals vs. DET Lions,Javontay Martin,Total de Touchdowns du joueur (Incl. Prolongations) (Javontay Martin (DET)),2145,72900,1767207030,4609418671,2+,2+,251.0,0,False
16552160,ARZ Cardinals vs. DET Lions,Jacoby Brissett,Joueur total de TDs par la passe (Jacoby Brissett (ARI) (prolongations incluses),2138,72893,1767231443,4609484392,1+,1+,1.0834,0,False
16552160,ARZ Cardinals vs. DET Lions,Jacoby Brissett,Joueur total de TDs par la passe (Jacoby Brissett (ARI) (prolongations incluses),2138,72893,1767231443,4609484389,2+,2+,1.7143,0,False
16552160,ARZ Cardinals vs. DET Lions,Jacoby Brissett,Joueur total de TDs par la passe (Jacoby Brissett (ARI) (prolongations incluses),2138,72893,1767231443,4609484390,3+,3+,3.5,0,False
16552160,ARZ Cardinals vs. DET Lions,Jacoby Brissett,Joueur total de TDs par la passe (Jacoby Brissett (ARI) (prolongations incluses),2138,72893,1767231443,4609484391,4+,4+,10.0,0,False
16552160,ARZ Cardinals vs. DET Lions,Jared Goff,Joueur total de TDs par la passe (Jared Goff (DET) (prolongations incluses),2138,72893,1767231442,4609484386,3+,3+,2.45,0,False
16552160,ARZ Cardinals vs. DET Lions,Jared Goff,Joueur total de TDs par la passe (Jared Goff (DET) (prolongations incluses),2138,72893,1767231442,4609484387,4+,4+,5.0,0,False
16552160,ARZ Cardinals vs. DET Lions,Jared Goff,Joueur total de TDs par la passe (Jared Goff (DET) (prolongations incluses),2138,72893,1767231442,4609484388,2+,2+,1.3077,0,False
16552160,ARZ Cardinals vs. DET Lions,Isaac TeSlaa,Total des yards reçus par le joueur (Isaac TeSlaa (DET)) (prolongations incluses),2143,72898,1767231636,4609484866,27+,27+,1.8696,0,False
16552160,ARZ Cardinals vs. DET Lions,Isaac TeSlaa,Total des yards reçus par le joueur (Isaac TeSlaa (DET)) (prolongations incluses),2143,72898,1767231636,4609484867,37+,37+,2.25,0,False
16552160,ARZ Cardinals vs. DET Lions,Isaac TeSlaa,Total des yards reçus par le joueur (Isaac TeSlaa (DET)) (prolongations incluses),2143,72898,1767231636,4609484868,47+,47+,2.8,0,False
16552160,ARZ Cardinals vs. DET Lions,Isaac TeSlaa,Total des yards reçus par le joueur (Isaac TeSlaa (DET)) (prolongations incluses),2143,72898,1767231636,4609484869,57+,57+,3.6,0,False
16552160,ARZ Cardinals vs. DET Lions,Isaac TeSlaa,Total des yards reçus par le joueur (Isaac TeSlaa (DET)) (prolongations incluses),2143,72898,1767231636,4609484870,67+,67+,4.75,0,False
16552160,ARZ Cardinals vs. DET Lions,Isaac TeSlaa,Total des yards reçus par le joueur (Isaac TeSlaa (DET)) (prolongations incluses),2143,72898,1767231636,4609484871,77+,77+,6.5,0,False
16552160,ARZ Cardinals vs. DET Lions,Isaac TeSlaa,Total des yards reçus par le joueur (Isaac TeSlaa (DET)) (prolongations incluses),2143,72898,1767231636,4609484872,87+,87+,10.0,0,False
16552160,ARZ Cardinals vs. DET Lions,Isaac TeSlaa,Total des yards reçus par le joueur (Isaac TeSlaa (DET)) (prolongations incluses),2143,72898,1767231636,4609484873,97+,97+,14.0,0,False
16552160,ARZ Cardinals vs. DET Lions,Isaac TeSlaa,Total des yards reçus par le joueur (Isaac TeSlaa (DET)) (prolongations incluses),2143,72898,1767231636,4609484874,17+,17+,1.3572,0,False
16552160,ARZ Cardinals vs. DET Lions,Isaac TeSlaa,Total des yards reçus par le joueur (Isaac TeSlaa (DET)) (prolongations incluses),2143,72898,1767231636,4609488877,107+,107+,21.0,0,False
16552160,ARZ Cardinals vs. DET Lions,Marvin Harrison,Total des yards reçus par le joueur (Marvin Harrison (ARI)) (prolongations incluses),2143,72898,1767231840,4609485632,86+,86+,8.0,0,False
16552160,ARZ Cardinals vs. DET Lions,Marvin Harrison,Total des yards reçus par le joueur (Marvin Harrison (ARI)) (prolongations incluses),2143,72898,1767231840,4609485633,96+,96+,12.0,0,False
16552160,ARZ Cardinals vs. DET Lions,Marvin Harrison,Total des yards reçus par le joueur (Marvin Harrison (ARI)) (prolongations incluses),2143,72898,1767231840,4609485634,106+,106+,20.0,0,False
16552160,ARZ Cardinals vs. DET Lions,Marvin Harrison,Total des yards reçus par le joueur (Marvin Harrison (ARI)) (prolongations incluses),2143,72898,1767231840,4609485635,116+,116+,31.0,0,False
16552160,ARZ Cardinals vs. DET Lions,Marvin Harrison,Total des yards reçus par le joueur (Marvin Harrison (ARI)) (prolongations incluses),2143,72898,1767231840,4609485636,26+,26+,1.4167,0,False
16552160,ARZ Cardinals vs. DET Lions,Marvin Harrison,Total des yards reçus par le joueur (Marvin Harrison (ARI)) (prolongations incluses),2143,72898,1767231840,4609485425,36+,36+,1.8696,0,False
16552160,ARZ Cardinals vs. DET Lions,Marvin Harrison,Total des yards reçus par le joueur (Marvin Harrison (ARI)) (prolongations incluses),2143,72898,1767231840,4609485628,46+,46+,2.3,0,False
16552160,ARZ Cardinals vs. DET Lions,Marvin Harrison,Total des yards reçus par le joueur (Marvin Harrison (ARI)) (prolongations incluses),2143,72898,1767231840,4609485629,56+,56+,2.95,0,False
16552160,ARZ Cardinals vs. DET Lions,Marvin Harrison,Total des yards reçus par le joueur (Marvin Harrison (ARI)) (prolongations incluses),2143,72898,1767231840,4609485630,66+,66+,3.85,0,False
16552160,ARZ Cardinals vs. DET Lions,Marvin Harrison,Total des yards reçus par le joueur (Marvin Harrison (ARI)) (prolongations incluses),2143,72898,1767231840,4609485631,76+,76+,5.5,0,False
16552160,ARZ Cardinals vs. DET Lions,Jahmyr Gibbs,Total des yards reçus par le joueur (Jahmyr Gibbs (DET)) (prolongations incluses),2143,72898,1767231639,4609484896,107+,107+,20.0,0,False
16552160,ARZ Cardinals vs. DET Lions,Jahmyr Gibbs,Total des yards reçus par le joueur (Jahmyr Gibbs (DET)) (prolongations incluses),2143,72898,1767231639,4609484897,117+,117+,31.0,0,False
16552160,ARZ Cardinals vs. DET Lions,Jahmyr Gibbs,Total des yards reçus par le joueur (Jahmyr Gibbs (DET)) (prolongations incluses),2143,72898,1767231639,4609484898,27+,27+,1.4167,0,False
16552160,ARZ Cardinals vs. DET Lions,Jahmyr Gibbs,Total des yards reçus par le joueur (Jahmyr Gibbs (DET)) (prolongations incluses),2143,72898,1767231639,4609484889,37+,37+,1.8696,0,False
16552160,ARZ Cardinals vs. DET Lions,Jahmyr Gibbs,Total des yards reçus par le joueur (Jahmyr Gibbs (DET)) (prolongations incluses),2143,72898,1767231639,4609484890,47+,47+,2.3,0,False
16552160,ARZ Cardinals vs. DET Lions,Jahmyr Gibbs,Total des yards reçus par le joueur (Jahmyr Gibbs (DET)) (prolongations incluses),2143,72898,1767231639,4609484891,57+,57+,2.95,0,False
16552160,ARZ Cardinals vs. DET Lions,Jahmyr Gibbs,Total des yards reçus par le joueur (Jahmyr Gibbs (DET)) (prolongations incluses),2143,72898,1767231639,4609484892,67+,67+,4.0,0,False
16552160,ARZ Cardinals vs. DET Lions,Jahmyr Gibbs,Total des yards reçus par le joueur (Jahmyr Gibbs (DET)) (prolongations incluses),2143,72898,1767231639,4609484893,77+,77+,5.5,0,False
16552160,ARZ Cardinals vs. DET Lions,Jahmyr Gibbs,Total des yards reçus par le joueur (Jahmyr Gibbs (DET)) (prolongations incluses),2143,72898,1767231639,4609484894,87+,87+,8.0,0,False
16552160,ARZ Cardinals vs. DET Lions,Jahmyr Gibbs,Total des yards reçus par le joueur (Jahmyr Gibbs (DET)) (prolongations incluses),2143,72898,1767231639,4609484895,97+,97+,12.0,0,False
16552160,ARZ Cardinals vs. DET Lions,Kendrick Bourne,Total des yards reçus par le joueur (Kendrick Bourne (ARI)) (prolongations incluses),2143,72898,1767231909,4609485674,24+,24+,1.8696,0,False
16552160,ARZ Cardinals vs. DET Lions,Kendrick Bourne,Total des yards reçus par le joueur (Kendrick Bourne (ARI)) (prolongations incluses),2143,72898,1767231909,4609485675,34+,34+,2.1,0,False
16552160,ARZ Cardinals vs. DET Lions,Kendrick Bourne,Total des yards reçus par le joueur (Kendrick Bourne (ARI)) (prolongations incluses),2143,72898,1767231909,4609485676,44+,44+,2.4,0,False
16552160,ARZ Cardinals vs. DET Lions,Kendrick Bourne,Total des yards reçus par le joueur (Kendrick Bourne (ARI)) (prolongations incluses),2143,72898,1767231909,4609485677,54+,54+,2.8,0,False
16552160,ARZ Cardinals vs. DET Lions,Kendrick Bourne,Total des yards reçus par le joueur (Kendrick Bourne (ARI)) (prolongations incluses),2143,72898,1767231909,4609485678,64+,64+,3.3,0,False
16552160,ARZ Cardinals vs. DET Lions,Kendrick Bourne,Total des yards reçus par le joueur (Kendrick Bourne (ARI)) (prolongations incluses),2143,72898,1767231909,4609485679,74+,74+,4.0,0,False
16552160,ARZ Cardinals vs. DET Lions,Kendrick Bourne,Total des yards reçus par le joueur (Kendrick Bourne (ARI)) (prolongations incluses),2143,72898,1767231909,4609485680,84+,84+,4.75,0,False
16552160,ARZ Cardinals vs. DET Lions,Kendrick Bourne,Total des yards reçus par le joueur (Kendrick Bourne (ARI)) (prolongations incluses),2143,72898,1767231909,4609485681,94+,94+,6.0,0,False
16552160,ARZ Cardinals vs. DET Lions,Kendrick Bourne,Total des yards reçus par le joueur (Kendrick Bourne (ARI)) (prolongations incluses),2143,72898,1767231909,4609485682,104+,104+,7.5,0,False
16552160,ARZ Cardinals vs. DET Lions,Kendrick Bourne,Total des yards reçus par le joueur (Kendrick Bourne (ARI)) (prolongations incluses),2143,72898,1767231909,4609485683,14+,14+,1.4348,0,False
16552160,ARZ Cardinals vs. DET Lions,Sam LaPorta,Total des yards reçus par le joueur (Sam LaPorta (DET)) (prolongations incluses),2143,72898,1767231911,4609485696,103+,103+,6.25,0,False
16552160,ARZ Cardinals vs. DET Lions,Sam LaPorta,Total des yards reçus par le joueur (Sam LaPorta (DET)) (prolongations incluses),2143,72898,1767231911,4609485697,113+,113+,9.0,0,False
16552160,ARZ Cardinals vs. DET Lions,Sam LaPorta,Total des yards reçus par le joueur (Sam LaPorta (DET)) (prolongations incluses),2143,72898,1767231911,4609485698,123+,123+,13.0,0,False
16552160,ARZ Cardinals vs. DET Lions,Sam LaPorta,Total des yards reçus par le joueur (Sam LaPorta (DET)) (prolongations incluses),2143,72898,1767231911,4609485699,133+,133+,20.0,0,False
16552160,ARZ Cardinals vs. DET Lions,Sam LaPorta,Total des yards reçus par le joueur (Sam LaPorta (DET)) (prolongations incluses),2143,72898,1767231911,4609485700,43+,43+,1.4762,0,False
16552160,ARZ Cardinals vs. DET Lions,Sam LaPorta,Total des yards reçus par le joueur (Sam LaPorta (DET)) (prolongations incluses),2143,72898,1767231911,4609485691,53+,53+,1.8696,0,False
16552160,ARZ Cardinals vs. DET Lions,Sam LaPorta,Total des yards reçus par le joueur (Sam LaPorta (DET)) (prolongations incluses),2143,72898,1767231911,4609485692,63+,63+,2.25,0,False
16552160,ARZ Cardinals vs. DET Lions,Sam LaPorta,Total des yards reçus par le joueur (Sam LaPorta (DET)) (prolongations incluses),2143,72898,1767231911,4609485693,73+,73+,2.8,0,False
16552160,ARZ Cardinals vs. DET Lions,Sam LaPorta,Total des yards reçus par le joueur (Sam LaPorta (DET)) (prolongations incluses),2143,72898,1767231911,4609485694,83+,83+,3.5,0,False
16552160,ARZ Cardinals vs. DET Lions,Sam LaPorta,Total des yards reçus par le joueur (Sam LaPorta (DET)) (prolongations incluses),2143,72898,1767231911,4609485695,93+,93+,4.5,0,False
16552160,ARZ Cardinals vs. DET Lions,Jameson Williams,Total des yards reçus par le joueur (Jameson Williams (DET)) (prolongations incluses),2143,72898,1767231645,4609484940,52+,52+,1.8696,0,False
16552160,ARZ Cardinals vs. DET Lions,Jameson Williams,Total des yards reçus par le joueur (Jameson Williams (DET)) (prolongations incluses),2143,72898,1767231645,4609484941,62+,62+,2.15,0,False
16552160,ARZ Cardinals vs. DET Lions,Jameson Williams,Total des yards reçus par le joueur (Jameson Williams (DET)) (prolongations incluses),2143,72898,1767231645,4609484942,72+,72+,2.5,0,False
16552160,ARZ Cardinals vs. DET Lions,Jameson Williams,Total des yards reçus par le joueur (Jameson Williams (DET)) (prolongations incluses),2143,72898,1767231645,4609484943,82+,82+,3.0,0,False
16552160,ARZ Cardinals vs. DET Lions,Jameson Williams,Total des yards reçus par le joueur (Jameson Williams (DET)) (prolongations incluses),2143,72898,1767231645,4609484944,92+,92+,3.6,0,False
16552160,ARZ Cardinals vs. DET Lions,Jameson Williams,Total des yards reçus par le joueur (Jameson Williams (DET)) (prolongations incluses),2143,72898,1767231645,4609484946,112+,112+,5.5,0,False
16552160,ARZ Cardinals vs. DET Lions,Jameson Williams,Total des yards reçus par le joueur (Jameson Williams (DET)) (prolongations incluses),2143,72898,1767231645,4609484947,122+,122+,7.25,0,False
16552160,ARZ Cardinals vs. DET Lions,Jameson Williams,Total des yards reçus par le joueur (Jameson Williams (DET)) (prolongations incluses),2143,72898,1767231645,4609484948,132+,132+,10.0,0,False
16552160,ARZ Cardinals vs. DET Lions,Jameson Williams,Total des yards reçus par le joueur (Jameson Williams (DET)) (prolongations incluses),2143,72898,1767231645,4609484949,42+,42+,1.5,0,False
16552160,ARZ Cardinals vs. DET Lions,Trey McBride,Total des yards reçus par le joueur (Trey McBride (ARI)) (prolongations incluses),2143,72898,1767231647,4609484960,109+,109+,3.2,0,False
16552160,ARZ Cardinals vs. DET Lions,Trey McBride,Total des yards reçus par le joueur (Trey McBride (ARI)) (prolongations incluses),2143,72898,1767231647,4609484961,119+,119+,4.0,0,False
16552160,ARZ Cardinals vs. DET Lions,Trey McBride,Total des yards reçus par le joueur (Trey McBride (ARI)) (prolongations incluses),2143,72898,1767231647,4609484962,129+,129+,5.25,0,False
16552160,ARZ Cardinals vs. DET Lions,Trey McBride,Total des yards reçus par le joueur (Trey McBride (ARI)) (prolongations incluses),2143,72898,1767231647,4609484963,139+,139+,7.0,0,False
16552160,ARZ Cardinals vs. DET Lions,Trey McBride,Total des yards reçus par le joueur (Trey McBride (ARI)) (prolongations incluses),2143,72898,1767231647,4609484964,149+,149+,10.0,0,False
16552160,ARZ Cardinals vs. DET Lions,Trey McBride,Total des yards reçus par le joueur (Trey McBride (ARI)) (prolongations incluses),2143,72898,1767231647,4609484965,159+,159+,13.0,0,False
16552160,ARZ Cardinals vs. DET Lions,Trey McBride,Total des yards reçus par le joueur (Trey McBride (ARI)) (prolongations incluses),2143,72898,1767231647,4609484966,69+,69+,1.5264,0,False
16552160,ARZ Cardinals vs. DET Lions,Trey McBride,Total des yards reçus par le joueur (Trey McBride (ARI)) (prolongations incluses),2143,72898,1767231647,4609484957,79+,79+,1.8696,0,False
16552160,ARZ Cardinals vs. DET Lions,Trey McBride,Total des yards reçus par le joueur (Trey McBride (ARI)) (prolongations incluses),2143,72898,1767231647,4609484958,89+,89+,2.2,0,False
16552160,ARZ Cardinals vs. DET Lions,Trey McBride,Total des yards reçus par le joueur (Trey McBride (ARI)) (prolongations incluses),2143,72898,1767231647,4609484959,99+,99+,2.65,0,False
16552160,ARZ Cardinals vs. DET Lions,Amon-Ra St. Brown,Total des yards reçus par le joueur (Amon-Ra St. Brown (DET)) (prolongations incluses),2143,72898,1767231841,4609485426,80+,80+,1.8334,0,False
16552160,ARZ Cardinals vs. DET Lions,Amon-Ra St. Brown,Total des yards reçus par le joueur (Amon-Ra St. Brown (DET)) (prolongations incluses),2143,72898,1767231841,4609485427,90+,90+,2.1,0,False
16552160,ARZ Cardinals vs. DET Lions,Amon-Ra St. Brown,Total des yards reçus par le joueur (Amon-Ra St. Brown (DET)) (prolongations incluses),2143,72898,1767231841,4609485428,100+,100+,2.45,0,False
16552160,ARZ Cardinals vs. DET Lions,Amon-Ra St. Brown,Total des yards reçus par le joueur (Amon-Ra St. Brown (DET)) (prolongations incluses),2143,72898,1767231841,4609485429,110+,110+,2.9,0,False
16552160,ARZ Cardinals vs. DET Lions,Amon-Ra St. Brown,Total des yards reçus par le joueur (Amon-Ra St. Brown (DET)) (prolongations incluses),2143,72898,1767231841,4609485430,120+,120+,3.5,0,False
16552160,ARZ Cardinals vs. DET Lions,Amon-Ra St. Brown,Total des yards reçus par le joueur (Amon-Ra St. Brown (DET)) (prolongations incluses),2143,72898,1767231841,4609485433,150+,150+,6.75,0,False
16552160,ARZ Cardinals vs. DET Lions,Amon-Ra St. Brown,Total des yards reçus par le joueur (Amon-Ra St. Brown (DET)) (prolongations incluses),2143,72898,1767231841,4609485434,160+,160+,9.0,0,False
16552160,ARZ Cardinals vs. DET Lions,Amon-Ra St. Brown,Total des yards reçus par le joueur (Amon-Ra St. Brown (DET)) (prolongations incluses),2143,72898,1767231841,4609485435,70+,70+,1.5264,0,False
16552160,ARZ Cardinals vs. DET Lions,Michael Wilson,Total des yards reçus par le joueur (Michael Wilson (ARI)) (prolongations incluses),2143,72898,1767231643,4609484928,118+,118+,4.75,0,False
16552160,ARZ Cardinals vs. DET Lions,Michael Wilson,Total des yards reçus par le joueur (Michael Wilson (ARI)) (prolongations incluses),2143,72898,1767231643,4609484929,128+,128+,6.0,0,False
16552160,ARZ Cardinals vs. DET Lions,Michael Wilson,Total des yards reçus par le joueur (Michael Wilson (ARI)) (prolongations incluses),2143,72898,1767231643,4609484930,138+,138+,7.75,0,False
16552160,ARZ Cardinals vs. DET Lions,Michael Wilson,Total des yards reçus par le joueur (Michael Wilson (ARI)) (prolongations incluses),2143,72898,1767231643,4609484931,148+,148+,11.0,0,False
16552160,ARZ Cardinals vs. DET Lions,Michael Wilson,Total des yards reçus par le joueur (Michael Wilson (ARI)) (prolongations incluses),2143,72898,1767231643,4609484932,58+,58+,1.5556,0,False
16552160,ARZ Cardinals vs. DET Lions,Michael Wilson,Total des yards reçus par le joueur (Michael Wilson (ARI)) (prolongations incluses),2143,72898,1767231643,4609484923,68+,68+,1.8696,0,False
16552160,ARZ Cardinals vs. DET Lions,Michael Wilson,Total des yards reçus par le joueur (Michael Wilson (ARI)) (prolongations incluses),2143,72898,1767231643,4609484924,78+,78+,2.15,0,False
16552160,ARZ Cardinals vs. DET Lions,Michael Wilson,Total des yards reçus par le joueur (Michael Wilson (ARI)) (prolongations incluses),2143,72898,1767231643,4609484925,88+,88+,2.55,0,False
16552160,ARZ Cardinals vs. DET Lions,Michael Wilson,Total des yards reçus par le joueur (Michael Wilson (ARI)) (prolongations incluses),2143,72898,1767231643,4609484926,98+,98+,3.1,0,False
16552160,ARZ Cardinals vs. DET Lions,Michael Wilson,Total des yards reçus par le joueur (Michael Wilson (ARI)) (prolongations incluses),2143,72898,1767231643,4609484927,108+,108+,3.75,0,False
16552160,ARZ Cardinals vs. DET Lions,Jeremiyah Love,Total des yards reçus par le joueur (Jeremiyah Love (ARI)) (prolongations incluses),2143,72898,1767231963,4609485827,12+,12+,1.8696,0,False
16552160,ARZ Cardinals vs. DET Lions,Jeremiyah Love,Total des yards reçus par le joueur (Jeremiyah Love (ARI)) (prolongations incluses),2143,72898,1767231963,4609485897,22+,22+,2.4,0,False
16552160,ARZ Cardinals vs. DET Lions,Jeremiyah Love,Total des yards reçus par le joueur (Jeremiyah Love (ARI)) (prolongations incluses),2143,72898,1767231963,4609485898,32+,32+,3.2,0,False
16552160,ARZ Cardinals vs. DET Lions,Jeremiyah Love,Total des yards reçus par le joueur (Jeremiyah Love (ARI)) (prolongations incluses),2143,72898,1767231963,4609485899,42+,42+,4.4,0,False
16552160,ARZ Cardinals vs. DET Lions,Jeremiyah Love,Total des yards reçus par le joueur (Jeremiyah Love (ARI)) (prolongations incluses),2143,72898,1767231963,4609485900,52+,52+,6.5,0,False
16552160,ARZ Cardinals vs. DET Lions,Jeremiyah Love,Total des yards reçus par le joueur (Jeremiyah Love (ARI)) (prolongations incluses),2143,72898,1767231963,4609485901,62+,62+,10.0,0,False
16552160,ARZ Cardinals vs. DET Lions,Jeremiyah Love,Total des yards reçus par le joueur (Jeremiyah Love (ARI)) (prolongations incluses),2143,72898,1767231963,4609485902,72+,72+,17.0,0,False
16552160,ARZ Cardinals vs. DET Lions,Jeremiyah Love,Total des yards reçus par le joueur (Jeremiyah Love (ARI)) (prolongations incluses),2143,72898,1767231963,4609485903,82+,82+,31.0,0,False
16552160,ARZ Cardinals vs. DET Lions,Jeremiyah Love,Joueur total de yards par la course (Jeremiyah Love (ARI)) (prolongations incluses),2140,72895,1767231997,4609485904,47+,47+,1.8696,0,False
16552160,ARZ Cardinals vs. DET Lions,Jeremiyah Love,Joueur total de yards par la course (Jeremiyah Love (ARI)) (prolongations incluses),2140,72895,1767231997,4609485905,57+,57+,2.2,0,False
16552160,ARZ Cardinals vs. DET Lions,Jeremiyah Love,Joueur total de yards par la course (Jeremiyah Love (ARI)) (prolongations incluses),2140,72895,1767231997,4609485906,67+,67+,2.7,0,False
16552160,ARZ Cardinals vs. DET Lions,Jeremiyah Love,Joueur total de yards par la course (Jeremiyah Love (ARI)) (prolongations incluses),2140,72895,1767231997,4609485907,77+,77+,3.3,0,False
16552160,ARZ Cardinals vs. DET Lions,Jeremiyah Love,Joueur total de yards par la course (Jeremiyah Love (ARI)) (prolongations incluses),2140,72895,1767231997,4609485908,87+,87+,4.3,0,False
16552160,ARZ Cardinals vs. DET Lions,Jeremiyah Love,Joueur total de yards par la course (Jeremiyah Love (ARI)) (prolongations incluses),2140,72895,1767231997,4609485909,97+,97+,5.5,0,False
16552160,ARZ Cardinals vs. DET Lions,Jeremiyah Love,Joueur total de yards par la course (Jeremiyah Love (ARI)) (prolongations incluses),2140,72895,1767231997,4609485910,107+,107+,7.75,0,False
16552160,ARZ Cardinals vs. DET Lions,Jeremiyah Love,Joueur total de yards par la course (Jeremiyah Love (ARI)) (prolongations incluses),2140,72895,1767231997,4609485911,117+,117+,11.0,0,False
16552160,ARZ Cardinals vs. DET Lions,Jeremiyah Love,Joueur total de yards par la course (Jeremiyah Love (ARI)) (prolongations incluses),2140,72895,1767231997,4609485912,37+,37+,1.4762,0,False
16552160,ARZ Cardinals vs. DET Lions,Jeremiyah Love,Joueur total de yards par la course (Jeremiyah Love (ARI)) (prolongations incluses),2140,72895,1767231997,4609485913,27+,27+,1.2353,0,False
16552160,ARZ Cardinals vs. DET Lions,Jeremiyah Love,Joueur total de yards par la course (Jeremiyah Love (ARI)) (prolongations incluses),2140,72895,1767231997,4609486992,127+,127+,16.0,0,False
16552160,ARZ Cardinals vs. DET Lions,Jahmyr Gibbs,Joueur total de yards par la course (Jahmyr Gibbs (DET)) (prolongations incluses),2140,72895,1767231642,4609484912,92+,92+,1.8696,0,False
16552160,ARZ Cardinals vs. DET Lions,Jahmyr Gibbs,Joueur total de yards par la course (Jahmyr Gibbs (DET)) (prolongations incluses),2140,72895,1767231642,4609484914,112+,112+,2.4,0,False
16552160,ARZ Cardinals vs. DET Lions,Jahmyr Gibbs,Joueur total de yards par la course (Jahmyr Gibbs (DET)) (prolongations incluses),2140,72895,1767231642,4609484915,122+,122+,2.8,0,False
16552160,ARZ Cardinals vs. DET Lions,Jahmyr Gibbs,Joueur total de yards par la course (Jahmyr Gibbs (DET)) (prolongations incluses),2140,72895,1767231642,4609484916,132+,132+,3.3,0,False
16552160,ARZ Cardinals vs. DET Lions,Jahmyr Gibbs,Joueur total de yards par la course (Jahmyr Gibbs (DET)) (prolongations incluses),2140,72895,1767231642,4609484917,142+,142+,3.85,0,False
16552160,ARZ Cardinals vs. DET Lions,Jahmyr Gibbs,Joueur total de yards par la course (Jahmyr Gibbs (DET)) (prolongations incluses),2140,72895,1767231642,4609484918,152+,152+,4.75,0,False
16552160,ARZ Cardinals vs. DET Lions,Jahmyr Gibbs,Joueur total de yards par la course (Jahmyr Gibbs (DET)) (prolongations incluses),2140,72895,1767231642,4609484919,162+,162+,5.75,0,False
16552160,ARZ Cardinals vs. DET Lions,Jahmyr Gibbs,Joueur total de yards par la course (Jahmyr Gibbs (DET)) (prolongations incluses),2140,72895,1767231642,4609484920,172+,172+,7.25,0,False
16552160,ARZ Cardinals vs. DET Lions,Jahmyr Gibbs,Joueur total de yards par la course (Jahmyr Gibbs (DET)) (prolongations incluses),2140,72895,1767231642,4609484921,82+,82+,1.625,0,False
16552160,ARZ Cardinals vs. DET Lions,Jahmyr Gibbs,Joueur total de yards par la course (Jahmyr Gibbs (DET)) (prolongations incluses),2140,72895,1767231642,4609484922,72+,72+,1.4348,0,False
16552160,ARZ Cardinals vs. DET Lions,Jacoby Brissett,Joueur total de yards par la course (Jacoby Brissett (ARI)) (prolongations incluses),2140,72895,1767231906,4609487330,47+,47+,19.0,0,False
16552160,ARZ Cardinals vs. DET Lions,Jacoby Brissett,Joueur total de yards par la course (Jacoby Brissett (ARI)) (prolongations incluses),2140,72895,1767231906,4609487331,57+,57+,51.0,0,False
16552160,ARZ Cardinals vs. DET Lions,Jacoby Brissett,Joueur total de yards par la course (Jacoby Brissett (ARI)) (prolongations incluses),2140,72895,1767231906,4609485637,17+,17+,2.75,0,False
16552160,ARZ Cardinals vs. DET Lions,Jacoby Brissett,Joueur total de yards par la course (Jacoby Brissett (ARI)) (prolongations incluses),2140,72895,1767231906,4609485638,27+,27+,4.5,0,False
16552160,ARZ Cardinals vs. DET Lions,Jacoby Brissett,Joueur total de yards par la course (Jacoby Brissett (ARI)) (prolongations incluses),2140,72895,1767231906,4609485639,37+,37+,9.0,0,False
16552160,ARZ Cardinals vs. DET Lions,Jared Goff,Total de yards à la passe du joueur Plus/Moins(Incl. Prolongations),759,71922,1766317234,4606210874,Jared Goff (DET) Plus de 286.5,Jared Goff (DET) Plus de 286.5,1.8334,0,False
16552160,ARZ Cardinals vs. DET Lions,Jared Goff,Total de yards à la passe du joueur Plus/Moins(Incl. Prolongations),759,71922,1766317234,4606210875,Jared Goff (DET) moins de 286.5,Jared Goff (DET) moins de 286.5,1.8,0,False
16552160,ARZ Cardinals vs. DET Lions,Jacoby Brissett,Total de yards à la passe du joueur Plus/Moins(Incl. Prolongations),759,71922,1766294000,4606158281,Jacoby Brissett (ARI) Plus de 277.5,Jacoby Brissett (ARI) Plus de 277.5,1.8334,0,False
16552160,ARZ Cardinals vs. DET Lions,Jacoby Brissett,Total de yards à la passe du joueur Plus/Moins(Incl. Prolongations),759,71922,1766294000,4606158282,Jacoby Brissett (ARI) moins de 277.5,Jacoby Brissett (ARI) moins de 277.5,1.8,0,False
16552160,ARZ Cardinals vs. DET Lions,Jahmyr Gibbs,Total de yards à la course du joueur Plus/Moins (Incl. Prolongations),764,71924,1766275238,4606116197,Jahmyr Gibbs (DET) Plus de 87.5,Jahmyr Gibbs (DET) Plus de 87.5,1.8334,0,False
16552160,ARZ Cardinals vs. DET Lions,Jahmyr Gibbs,Total de yards à la course du joueur Plus/Moins (Incl. Prolongations),764,71924,1766275238,4606116198,Jahmyr Gibbs (DET) moins de 87.5,Jahmyr Gibbs (DET) moins de 87.5,1.8,0,False
16552160,ARZ Cardinals vs. DET Lions,Jacoby Brissett,Total de yards à la course du joueur Plus/Moins (Incl. Prolongations),764,71924,1766308202,4606190294,Jacoby Brissett (ARI) Plus de 4.5,Jacoby Brissett (ARI) Plus de 4.5,1.7693,0,False
16552160,ARZ Cardinals vs. DET Lions,Jacoby Brissett,Total de yards à la course du joueur Plus/Moins (Incl. Prolongations),764,71924,1766308202,4606190295,Jacoby Brissett (ARI) moins de 4.5,Jacoby Brissett (ARI) moins de 4.5,1.8696,0,False
16552160,ARZ Cardinals vs. DET Lions,Jared Goff,Total de yards à la course du joueur Plus/Moins (Incl. Prolongations),764,71924,1766245809,4606032568,Jared Goff (DET) Plus de 0.5,Jared Goff (DET) Plus de 0.5,2.05,0,False
16552160,ARZ Cardinals vs. DET Lions,Jared Goff,Total de yards à la course du joueur Plus/Moins (Incl. Prolongations),764,71924,1766245809,4606032569,Jared Goff (DET) moins de 0.5,Jared Goff (DET) moins de 0.5,1.625,0,False
16552160,ARZ Cardinals vs. DET Lions,Amon-Ra St. Brown,Total des yards après réception du joueur Plus/Moins(Incl. Prolongations),765,71925,1767247186,4609524862,Amon-Ra St. Brown (DET) Plus de 83.5,Amon-Ra St. Brown (DET) Plus de 83.5,1.8,0,False
16552160,ARZ Cardinals vs. DET Lions,Amon-Ra St. Brown,Total des yards après réception du joueur Plus/Moins(Incl. Prolongations),765,71925,1767247186,4609524863,Amon-Ra St. Brown (DET) moins de 83.5,Amon-Ra St. Brown (DET) moins de 83.5,1.8334,0,False
16552160,ARZ Cardinals vs. DET Lions,Trey McBride,Total des yards après réception du joueur Plus/Moins(Incl. Prolongations),765,71925,1766295338,4606161286,Trey McBride (ARI) Plus de 78.5,Trey McBride (ARI) Plus de 78.5,1.8,0,False
16552160,ARZ Cardinals vs. DET Lions,Trey McBride,Total des yards après réception du joueur Plus/Moins(Incl. Prolongations),765,71925,1766295338,4606161287,Trey McBride (ARI) moins de 78.5,Trey McBride (ARI) moins de 78.5,1.8334,0,False
16552160,ARZ Cardinals vs. DET Lions,Michael Wilson,Total des yards après réception du joueur Plus/Moins(Incl. Prolongations),765,71925,1766180314,4605869464,Michael Wilson (ARI) Plus de 72.5,Michael Wilson (ARI) Plus de 72.5,1.8,0,False
16552160,ARZ Cardinals vs. DET Lions,Michael Wilson,Total des yards après réception du joueur Plus/Moins(Incl. Prolongations),765,71925,1766180314,4605869465,Michael Wilson (ARI) moins de 72.5,Michael Wilson (ARI) moins de 72.5,1.8334,0,False
16552160,ARZ Cardinals vs. DET Lions,Jameson Williams,Total des yards après réception du joueur Plus/Moins(Incl. Prolongations),765,71925,1766294025,4606158328,Jameson Williams (DET) moins de 55.5,Jameson Williams (DET) moins de 55.5,1.8,0,False
16552160,ARZ Cardinals vs. DET Lions,Jameson Williams,Total des yards après réception du joueur Plus/Moins(Incl. Prolongations),765,71925,1766294025,4606158327,Jameson Williams (DET) Plus de 55.5,Jameson Williams (DET) Plus de 55.5,1.8334,0,False
16552160,ARZ Cardinals vs. DET Lions,Sam LaPorta,Total des yards après réception du joueur Plus/Moins(Incl. Prolongations),765,71925,1766238788,4606015273,Sam LaPorta (DET) Plus de 49.5,Sam LaPorta (DET) Plus de 49.5,1.8334,0,False
16552160,ARZ Cardinals vs. DET Lions,Sam LaPorta,Total des yards après réception du joueur Plus/Moins(Incl. Prolongations),765,71925,1766238788,4606015274,Sam LaPorta (DET) moins de 49.5,Sam LaPorta (DET) moins de 49.5,1.8,0,False
16552160,ARZ Cardinals vs. DET Lions,Jahmyr Gibbs,Total des yards après réception du joueur Plus/Moins(Incl. Prolongations),765,71925,1766186420,4605883254,Jahmyr Gibbs (DET) Plus de 35.5,Jahmyr Gibbs (DET) Plus de 35.5,1.8696,0,False
16552160,ARZ Cardinals vs. DET Lions,Jahmyr Gibbs,Total des yards après réception du joueur Plus/Moins(Incl. Prolongations),765,71925,1766186420,4605883255,Jahmyr Gibbs (DET) moins de 35.5,Jahmyr Gibbs (DET) moins de 35.5,1.7693,0,False
16552160,ARZ Cardinals vs. DET Lions,Marvin Harrison Jr.,Total des yards après réception du joueur Plus/Moins(Incl. Prolongations),765,71925,1765988451,4605405773,Marvin Harrison Jr. (ARI) Plus de 32.5,Marvin Harrison Jr. (ARI) Plus de 32.5,1.8334,0,False
16552160,ARZ Cardinals vs. DET Lions,Marvin Harrison Jr.,Total des yards après réception du joueur Plus/Moins(Incl. Prolongations),765,71925,1765988451,4605405774,Marvin Harrison Jr. (ARI) moins de 32.5,Marvin Harrison Jr. (ARI) moins de 32.5,1.8,0,False
16552160,ARZ Cardinals vs. DET Lions,Isaac TeSlaa,Total des yards après réception du joueur Plus/Moins(Incl. Prolongations),765,71925,1767247189,4609524868,Isaac TeSlaa (DET) Plus de 25.5,Isaac TeSlaa (DET) Plus de 25.5,1.8,0,False
16552160,ARZ Cardinals vs. DET Lions,Isaac TeSlaa,Total des yards après réception du joueur Plus/Moins(Incl. Prolongations),765,71925,1767247189,4609524869,Isaac TeSlaa (DET) moins de 25.5,Isaac TeSlaa (DET) moins de 25.5,1.8334,0,False
16552160,ARZ Cardinals vs. DET Lions,Kendrick Bourne,Total des yards après réception du joueur Plus/Moins(Incl. Prolongations),765,71925,1765937536,4605155406,Kendrick Bourne (ARI) Plus de 21.5,Kendrick Bourne (ARI) Plus de 21.5,1.8,0,False
16552160,ARZ Cardinals vs. DET Lions,Kendrick Bourne,Total des yards après réception du joueur Plus/Moins(Incl. Prolongations),765,71925,1765937536,4605155407,Kendrick Bourne (ARI) moins de 21.5,Kendrick Bourne (ARI) moins de 21.5,1.8334,0,False
16552160,ARZ Cardinals vs. DET Lions,Elijah Higgins,Total des yards après réception du joueur Plus/Moins(Incl. Prolongations),765,71925,1766296164,4606163125,Elijah Higgins (ARI) Plus de 8.5,Elijah Higgins (ARI) Plus de 8.5,1.8,0,False
16552160,ARZ Cardinals vs. DET Lions,Elijah Higgins,Total des yards après réception du joueur Plus/Moins(Incl. Prolongations),765,71925,1766296164,4606163126,Elijah Higgins (ARI) moins de 8.5,Elijah Higgins (ARI) moins de 8.5,1.8334,0,False
16552160,ARZ Cardinals vs. DET Lions,Jahmyr Gibbs,Yards de course et de réception du joueur Plus/Moins (prolongations incluses),3317,73841,1766273333,4606111602,Jahmyr Gibbs (DET) Plus de 126.5,Jahmyr Gibbs (DET) Plus de 126.5,1.8334,0,False
16552160,ARZ Cardinals vs. DET Lions,Jahmyr Gibbs,Yards de course et de réception du joueur Plus/Moins (prolongations incluses),3317,73841,1766273333,4606111603,Jahmyr Gibbs (DET) moins de 126.5,Jahmyr Gibbs (DET) moins de 126.5,1.8,0,False
16552160,ARZ Cardinals vs. DET Lions,Michael Wilson,Yards de course et de réception du joueur Plus/Moins (prolongations incluses),3317,73841,1766180315,4605869466,Michael Wilson (ARI) Plus de 72.5,Michael Wilson (ARI) Plus de 72.5,1.8,0,False
16552160,ARZ Cardinals vs. DET Lions,Michael Wilson,Yards de course et de réception du joueur Plus/Moins (prolongations incluses),3317,73841,1766180315,4605869467,Michael Wilson (ARI) moins de 72.5,Michael Wilson (ARI) moins de 72.5,1.8334,0,False
16552160,ARZ Cardinals vs. DET Lions,Marvin Harrison Jr.,Yards de course et de réception du joueur Plus/Moins (prolongations incluses),3317,73841,1765988452,4605405776,Marvin Harrison Jr. (ARI) moins de 32.5,Marvin Harrison Jr. (ARI) moins de 32.5,1.8334,0,False
16552160,ARZ Cardinals vs. DET Lions,Marvin Harrison Jr.,Yards de course et de réception du joueur Plus/Moins (prolongations incluses),3317,73841,1765988452,4605405775,Marvin Harrison Jr. (ARI) Plus de 32.5,Marvin Harrison Jr. (ARI) Plus de 32.5,1.8,0,False
16552160,ARZ Cardinals vs. DET Lions,Isaac TeSlaa,Yards de course et de réception du joueur Plus/Moins (prolongations incluses),3317,73841,1767247191,4609524872,Isaac TeSlaa (DET) Plus de 25.5,Isaac TeSlaa (DET) Plus de 25.5,1.8,0,False
16552160,ARZ Cardinals vs. DET Lions,Isaac TeSlaa,Yards de course et de réception du joueur Plus/Moins (prolongations incluses),3317,73841,1767247191,4609524873,Isaac TeSlaa (DET) moins de 25.5,Isaac TeSlaa (DET) moins de 25.5,1.8334,0,False
16552160,ARZ Cardinals vs. DET Lions,Kendrick Bourne,Yards de course et de réception du joueur Plus/Moins (prolongations incluses),3317,73841,1765937537,4605155408,Kendrick Bourne (ARI) Plus de 21.5,Kendrick Bourne (ARI) Plus de 21.5,1.8,0,False
16552160,ARZ Cardinals vs. DET Lions,Kendrick Bourne,Yards de course et de réception du joueur Plus/Moins (prolongations incluses),3317,73841,1765937537,4605155409,Kendrick Bourne (ARI) moins de 21.5,Kendrick Bourne (ARI) moins de 21.5,1.8334,0,False
16552160,ARZ Cardinals vs. DET Lions,Jacoby Brissett,Fumbles du joueur Plus / Moins (incl. prolongation),25005,75650,1763538486,4598078761,Jacoby Brissett (ARI) Plus de 0.5,Jacoby Brissett (ARI) Plus de 0.5,2.25,0,False
16552160,ARZ Cardinals vs. DET Lions,Jacoby Brissett,Fumbles du joueur Plus / Moins (incl. prolongation),25005,75650,1763538486,4598078762,Jacoby Brissett (ARI) moins de 0.5,Jacoby Brissett (ARI) moins de 0.5,1.5,0,False
16552160,ARZ Cardinals vs. DET Lions,Jared Goff,Fumbles du joueur Plus / Moins (incl. prolongation),25005,75650,1763538538,4598078856,Jared Goff (DET) Plus de 0.5,Jared Goff (DET) Plus de 0.5,3.2,0,False
16552160,ARZ Cardinals vs. DET Lions,Jared Goff,Fumbles du joueur Plus / Moins (incl. prolongation),25005,75650,1763538538,4598078857,Jared Goff (DET) moins de 0.5,Jared Goff (DET) moins de 0.5,1.25,0,False
16552160,ARZ Cardinals vs. DET Lions,Jahmyr Gibbs,Fumbles du joueur Plus / Moins (incl. prolongation),25005,75650,1763539357,4598080283,Jahmyr Gibbs (DET) Plus de 0.5,Jahmyr Gibbs (DET) Plus de 0.5,3.75,0,False
16552160,ARZ Cardinals vs. DET Lions,Jahmyr Gibbs,Fumbles du joueur Plus / Moins (incl. prolongation),25005,75650,1763539357,4598080284,Jahmyr Gibbs (DET) moins de 0.5,Jahmyr Gibbs (DET) moins de 0.5,1.1819,0,False
16552160,ARZ Cardinals vs. DET Lions,Trey McBride,Fumbles du joueur Plus / Moins (incl. prolongation),25005,75650,1763538964,4598079600,Trey McBride (ARI) moins de 0.5,Trey McBride (ARI) moins de 0.5,1.0589,0,False
16552160,ARZ Cardinals vs. DET Lions,Trey McBride,Fumbles du joueur Plus / Moins (incl. prolongation),25005,75650,1763538964,4598079599,Trey McBride (ARI) Plus de 0.5,Trey McBride (ARI) Plus de 0.5,6.0,0,False
16552160,ARZ Cardinals vs. DET Lions,Amon-Ra St. Brown,Fumbles du joueur Plus / Moins (incl. prolongation),25005,75650,1763539069,4598079778,Amon-Ra St. Brown (DET) Plus de 0.5,Amon-Ra St. Brown (DET) Plus de 0.5,6.25,0,False
16552160,ARZ Cardinals vs. DET Lions,Amon-Ra St. Brown,Fumbles du joueur Plus / Moins (incl. prolongation),25005,75650,1763539069,4598079779,Amon-Ra St. Brown (DET) moins de 0.5,Amon-Ra St. Brown (DET) moins de 0.5,1.05,0,False
16552160,ARZ Cardinals vs. DET Lions,Michael Wilson,Fumbles du joueur Plus / Moins (incl. prolongation),25005,75650,1763539037,4598079724,Michael Wilson (ARI) Plus de 0.5,Michael Wilson (ARI) Plus de 0.5,6.75,0,False
16552160,ARZ Cardinals vs. DET Lions,Michael Wilson,Fumbles du joueur Plus / Moins (incl. prolongation),25005,75650,1763539037,4598079725,Michael Wilson (ARI) moins de 0.5,Michael Wilson (ARI) moins de 0.5,1.04,0,False
16552160,ARZ Cardinals vs. DET Lions,Jameson Williams,Fumbles du joueur Plus / Moins (incl. prolongation),25005,75650,1763539301,4598080184,Jameson Williams (DET) moins de 0.5,Jameson Williams (DET) moins de 0.5,1.02,0,False
16552160,ARZ Cardinals vs. DET Lions,Jameson Williams,Fumbles du joueur Plus / Moins (incl. prolongation),25005,75650,1763539301,4598080183,Jameson Williams (DET) Plus de 0.5,Jameson Williams (DET) Plus de 0.5,7.75,0,False
16552160,ARZ Cardinals vs. DET Lions,Sam LaPorta,Fumbles du joueur Plus / Moins (incl. prolongation),25005,75650,1763539274,4598080138,Sam LaPorta (DET) Plus de 0.5,Sam LaPorta (DET) Plus de 0.5,7.75,0,False
16552160,ARZ Cardinals vs. DET Lions,Sam LaPorta,Fumbles du joueur Plus / Moins (incl. prolongation),25005,75650,1763539274,4598080139,Sam LaPorta (DET) moins de 0.5,Sam LaPorta (DET) moins de 0.5,1.02,0,False
16552160,ARZ Cardinals vs. DET Lions,Elijah Higgins,Fumbles du joueur Plus / Moins (incl. prolongation),25005,75650,1763539194,4598079998,Elijah Higgins (ARI) Plus de 0.5,Elijah Higgins (ARI) Plus de 0.5,8.5,0,False
16552160,ARZ Cardinals vs. DET Lions,Elijah Higgins,Fumbles du joueur Plus / Moins (incl. prolongation),25005,75650,1763539194,4598079999,Elijah Higgins (ARI) moins de 0.5,Elijah Higgins (ARI) moins de 0.5,0.0,7,False
16552160,ARZ Cardinals vs. DET Lions,Isaac TeSlaa,Fumbles du joueur Plus / Moins (incl. prolongation),25005,75650,1763539579,4598080670,Isaac TeSlaa (DET) Plus de 0.5,Isaac TeSlaa (DET) Plus de 0.5,8.5,0,False
16552160,ARZ Cardinals vs. DET Lions,Isaac TeSlaa,Fumbles du joueur Plus / Moins (incl. prolongation),25005,75650,1763539579,4598080671,Isaac TeSlaa (DET) moins de 0.5,Isaac TeSlaa (DET) moins de 0.5,0.0,7,False
16552160,ARZ Cardinals vs. DET Lions,Kendrick Bourne,Fumbles du joueur Plus / Moins (incl. prolongation),25005,75650,1763538628,4598079016,Kendrick Bourne (ARI) Plus de 0.5,Kendrick Bourne (ARI) Plus de 0.5,8.5,0,False
16552160,ARZ Cardinals vs. DET Lions,Kendrick Bourne,Fumbles du joueur Plus / Moins (incl. prolongation),25005,75650,1763538628,4598079017,Kendrick Bourne (ARI) moins de 0.5,Kendrick Bourne (ARI) moins de 0.5,0.0,7,False
16552160,ARZ Cardinals vs. DET Lions,Marvin Harrison Jr.,Fumbles du joueur Plus / Moins (incl. prolongation),25005,75650,1763539473,4598080483,Marvin Harrison Jr. (ARI) Plus de 0.5,Marvin Harrison Jr. (ARI) Plus de 0.5,8.5,0,False
16552160,ARZ Cardinals vs. DET Lions,Marvin Harrison Jr.,Fumbles du joueur Plus / Moins (incl. prolongation),25005,75650,1763539473,4598080484,Marvin Harrison Jr. (ARI) moins de 0.5,Marvin Harrison Jr. (ARI) moins de 0.5,1.01,0,False
16552160,ARZ Cardinals vs. DET Lions,Jahmyr Gibbs,Joueur tentative de gain par la course (prolongations incluses),2012,72303,1763539342,4598080256,Jahmyr Gibbs (DET) Plus de 19.5,Jahmyr Gibbs (DET) Plus de 19.5,1.8,0,False
16552160,ARZ Cardinals vs. DET Lions,Jahmyr Gibbs,Joueur tentative de gain par la course (prolongations incluses),2012,72303,1763539342,4598080257,Jahmyr Gibbs (DET) moins de 19.5,Jahmyr Gibbs (DET) moins de 19.5,1.8334,0,False
16552160,ARZ Cardinals vs. DET Lions,Jacoby Brissett,Joueur tentative de gain par la course (prolongations incluses),2012,72303,1763538471,4598078734,Jacoby Brissett (ARI) Plus de 1.5,Jacoby Brissett (ARI) Plus de 1.5,1.6061,0,False
16552160,ARZ Cardinals vs. DET Lions,Jacoby Brissett,Joueur tentative de gain par la course (prolongations incluses),2012,72303,1763538471,4598078735,Jacoby Brissett (ARI) moins de 1.5,Jacoby Brissett (ARI) moins de 1.5,2.1,0,False
16552160,ARZ Cardinals vs. DET Lions,Trey McBride,Total de réceptions Plus/Moins(Incl. Prolongations),767,71926,1766292454,4606154761,Trey McBride (ARI) Plus de 8.5,Trey McBride (ARI) Plus de 8.5,2.05,0,False
16552160,ARZ Cardinals vs. DET Lions,Trey McBride,Total de réceptions Plus/Moins(Incl. Prolongations),767,71926,1766292454,4606154762,Trey McBride (ARI) moins de 8.5,Trey McBride (ARI) moins de 8.5,1.625,0,False
16552160,ARZ Cardinals vs. DET Lions,Amon-Ra St. Brown,Total de réceptions Plus/Moins(Incl. Prolongations),767,71926,1766300384,4606172528,Amon-Ra St. Brown (DET) moins de 7.5,Amon-Ra St. Brown (DET) moins de 7.5,1.6897,0,False
16552160,ARZ Cardinals vs. DET Lions,Amon-Ra St. Brown,Total de réceptions Plus/Moins(Incl. Prolongations),767,71926,1766300384,4606172527,Amon-Ra St. Brown (DET) Plus de 7.5,Amon-Ra St. Brown (DET) Plus de 7.5,1.9524,0,False
16552160,ARZ Cardinals vs. DET Lions,Michael Wilson,Total de réceptions Plus/Moins(Incl. Prolongations),767,71926,1765974952,4605373220,Michael Wilson (ARI) Plus de 5.5,Michael Wilson (ARI) Plus de 5.5,1.7693,0,False
16552160,ARZ Cardinals vs. DET Lions,Michael Wilson,Total de réceptions Plus/Moins(Incl. Prolongations),767,71926,1765974952,4605373221,Michael Wilson (ARI) moins de 5.5,Michael Wilson (ARI) moins de 5.5,1.8696,0,False
16552160,ARZ Cardinals vs. DET Lions,Jahmyr Gibbs,Total de réceptions Plus/Moins(Incl. Prolongations),767,71926,1763539329,4598080230,Jahmyr Gibbs (DET) Plus de 4.5,Jahmyr Gibbs (DET) Plus de 4.5,1.6061,0,False
16552160,ARZ Cardinals vs. DET Lions,Jahmyr Gibbs,Total de réceptions Plus/Moins(Incl. Prolongations),767,71926,1763539329,4598080231,Jahmyr Gibbs (DET) moins de 4.5,Jahmyr Gibbs (DET) moins de 4.5,2.1,0,False
16552160,ARZ Cardinals vs. DET Lions,Sam LaPorta,Total de réceptions Plus/Moins(Incl. Prolongations),767,71926,1764040141,4599960192,Sam LaPorta (DET) moins de 4.5,Sam LaPorta (DET) moins de 4.5,2.05,0,False
16552160,ARZ Cardinals vs. DET Lions,Sam LaPorta,Total de réceptions Plus/Moins(Incl. Prolongations),767,71926,1764040141,4599960191,Sam LaPorta (DET) Plus de 4.5,Sam LaPorta (DET) Plus de 4.5,1.625,0,False
16552160,ARZ Cardinals vs. DET Lions,Jameson Williams,Total de réceptions Plus/Moins(Incl. Prolongations),767,71926,1763539284,4598080152,Jameson Williams (DET) Plus de 3.5,Jameson Williams (DET) Plus de 3.5,1.7693,0,False
16552160,ARZ Cardinals vs. DET Lions,Jameson Williams,Total de réceptions Plus/Moins(Incl. Prolongations),767,71926,1763539284,4598080153,Jameson Williams (DET) moins de 3.5,Jameson Williams (DET) moins de 3.5,1.8696,0,False
16552160,ARZ Cardinals vs. DET Lions,Marvin Harrison Jr.,Total de réceptions Plus/Moins(Incl. Prolongations),767,71926,1763539456,4598080452,Marvin Harrison Jr. (ARI) Plus de 2.5,Marvin Harrison Jr. (ARI) Plus de 2.5,1.8334,0,False
16552160,ARZ Cardinals vs. DET Lions,Marvin Harrison Jr.,Total de réceptions Plus/Moins(Incl. Prolongations),767,71926,1763539456,4598080453,Marvin Harrison Jr. (ARI) moins de 2.5,Marvin Harrison Jr. (ARI) moins de 2.5,1.8,0,False
16552160,ARZ Cardinals vs. DET Lions,Isaac TeSlaa,Total de réceptions Plus/Moins(Incl. Prolongations),767,71926,1763539562,4598080640,Isaac TeSlaa (DET) moins de 2.5,Isaac TeSlaa (DET) moins de 2.5,1.6061,0,False
16552160,ARZ Cardinals vs. DET Lions,Isaac TeSlaa,Total de réceptions Plus/Moins(Incl. Prolongations),767,71926,1763539562,4598080639,Isaac TeSlaa (DET) Plus de 2.5,Isaac TeSlaa (DET) Plus de 2.5,2.1,0,False
16552160,ARZ Cardinals vs. DET Lions,Kendrick Bourne,Total de réceptions Plus/Moins(Incl. Prolongations),767,71926,1763538611,4598078985,Kendrick Bourne (ARI) Plus de 2.5,Kendrick Bourne (ARI) Plus de 2.5,2.1,0,False
16552160,ARZ Cardinals vs. DET Lions,Kendrick Bourne,Total de réceptions Plus/Moins(Incl. Prolongations),767,71926,1763538611,4598078986,Kendrick Bourne (ARI) moins de 2.5,Kendrick Bourne (ARI) moins de 2.5,1.6061,0,False
16552160,ARZ Cardinals vs. DET Lions,Elijah Higgins,Total de réceptions Plus/Moins(Incl. Prolongations),767,71926,1766292470,4606154792,Elijah Higgins (ARI) Plus de 1.5,Elijah Higgins (ARI) Plus de 1.5,2.6,0,False
16552160,ARZ Cardinals vs. DET Lions,Elijah Higgins,Total de réceptions Plus/Moins(Incl. Prolongations),767,71926,1766292470,4606154793,Elijah Higgins (ARI) moins de 1.5,Elijah Higgins (ARI) moins de 1.5,1.4,0,False
16552160,ARZ Cardinals vs. DET Lions,Jared Goff,"Passes complétées, Joueur (prolongations incluses)",760,71921,1766169375,4605843581,Jared Goff (DET) Plus de 25.5,Jared Goff (DET) Plus de 25.5,1.7693,0,False
16552160,ARZ Cardinals vs. DET Lions,Jared Goff,"Passes complétées, Joueur (prolongations incluses)",760,71921,1766169375,4605843582,Jared Goff (DET) moins de 25.5,Jared Goff (DET) moins de 25.5,1.8696,0,False
16552160,ARZ Cardinals vs. DET Lions,Jacoby Brissett,"Passes complétées, Joueur (prolongations incluses)",760,71921,1765984852,4605397084,Jacoby Brissett (ARI) Plus de 25.5,Jacoby Brissett (ARI) Plus de 25.5,1.8696,0,False
16552160,ARZ Cardinals vs. DET Lions,Jacoby Brissett,"Passes complétées, Joueur (prolongations incluses)",760,71921,1765984852,4605397085,Jacoby Brissett (ARI) moins de 25.5,Jacoby Brissett (ARI) moins de 25.5,1.7693,0,False
16552160,ARZ Cardinals vs. DET Lions,Jacoby Brissett,Tentatives de passes du joueur Plus/Moins (Incl. Prolongations),2252,73702,1765984851,4605397082,Jacoby Brissett (ARI) Plus de 37.5,Jacoby Brissett (ARI) Plus de 37.5,1.7693,0,False
16552160,ARZ Cardinals vs. DET Lions,Jacoby Brissett,Tentatives de passes du joueur Plus/Moins (Incl. Prolongations),2252,73702,1765984851,4605397083,Jacoby Brissett (ARI) moins de 37.5,Jacoby Brissett (ARI) moins de 37.5,1.8696,0,False
16552160,ARZ Cardinals vs. DET Lions,Jared Goff,Tentatives de passes du joueur Plus/Moins (Incl. Prolongations),2252,73702,1766169374,4605843579,Jared Goff (DET) Plus de 36.5,Jared Goff (DET) Plus de 36.5,1.7693,0,False
16552160,ARZ Cardinals vs. DET Lions,Jared Goff,Tentatives de passes du joueur Plus/Moins (Incl. Prolongations),2252,73702,1766169374,4605843580,Jared Goff (DET) moins de 36.5,Jared Goff (DET) moins de 36.5,1.8696,0,False
16552160,ARZ Cardinals vs. DET Lions,Michael Wilson,Joueuer Plus longue réception (prolongations incluses),2009,72300,1766162026,4605828448,Michael Wilson (ARI) Plus de 24.5,Michael Wilson (ARI) Plus de 24.5,1.8334,0,False
16552160,ARZ Cardinals vs. DET Lions,Michael Wilson,Joueuer Plus longue réception (prolongations incluses),2009,72300,1766162026,4605828449,Michael Wilson (ARI) moins de 24.5,Michael Wilson (ARI) moins de 24.5,1.8,0,False
16552160,ARZ Cardinals vs. DET Lions,Jameson Williams,Joueuer Plus longue réception (prolongations incluses),2009,72300,1766294026,4606158329,Jameson Williams (DET) Plus de 24.5,Jameson Williams (DET) Plus de 24.5,1.8696,0,False
16552160,ARZ Cardinals vs. DET Lions,Jameson Williams,Joueuer Plus longue réception (prolongations incluses),2009,72300,1766294026,4606158330,Jameson Williams (DET) moins de 24.5,Jameson Williams (DET) moins de 24.5,1.7693,0,False
16552160,ARZ Cardinals vs. DET Lions,Amon-Ra St. Brown,Joueuer Plus longue réception (prolongations incluses),2009,72300,1766720776,4607632523,Amon-Ra St. Brown (DET) Plus de 22.5,Amon-Ra St. Brown (DET) Plus de 22.5,1.8696,0,False
16552160,ARZ Cardinals vs. DET Lions,Amon-Ra St. Brown,Joueuer Plus longue réception (prolongations incluses),2009,72300,1766720776,4607632524,Amon-Ra St. Brown (DET) moins de 22.5,Amon-Ra St. Brown (DET) moins de 22.5,1.7693,0,False
16552160,ARZ Cardinals vs. DET Lions,Trey McBride,Joueuer Plus longue réception (prolongations incluses),2009,72300,1765987558,4605403484,Trey McBride (ARI) Plus de 20.5,Trey McBride (ARI) Plus de 20.5,1.7693,0,False
16552160,ARZ Cardinals vs. DET Lions,Trey McBride,Joueuer Plus longue réception (prolongations incluses),2009,72300,1765987558,4605403485,Trey McBride (ARI) moins de 20.5,Trey McBride (ARI) moins de 20.5,1.8696,0,False
16552160,ARZ Cardinals vs. DET Lions,Sam LaPorta,Joueuer Plus longue réception (prolongations incluses),2009,72300,1766083184,4605637864,Sam LaPorta (DET) Plus de 18.5,Sam LaPorta (DET) Plus de 18.5,1.8696,0,False
16552160,ARZ Cardinals vs. DET Lions,Sam LaPorta,Joueuer Plus longue réception (prolongations incluses),2009,72300,1766083184,4605637865,Sam LaPorta (DET) moins de 18.5,Sam LaPorta (DET) moins de 18.5,1.7693,0,False
16552160,ARZ Cardinals vs. DET Lions,Marvin Harrison Jr.,Joueuer Plus longue réception (prolongations incluses),2009,72300,1764673949,4601505992,Marvin Harrison Jr. (ARI) Plus de 17.5,Marvin Harrison Jr. (ARI) Plus de 17.5,1.8,0,False
16552160,ARZ Cardinals vs. DET Lions,Marvin Harrison Jr.,Joueuer Plus longue réception (prolongations incluses),2009,72300,1764673949,4601505993,Marvin Harrison Jr. (ARI) moins de 17.5,Marvin Harrison Jr. (ARI) moins de 17.5,1.8334,0,False
16552160,ARZ Cardinals vs. DET Lions,Isaac TeSlaa,Joueuer Plus longue réception (prolongations incluses),2009,72300,1763539563,4598080641,Isaac TeSlaa (DET) Plus de 15.5,Isaac TeSlaa (DET) Plus de 15.5,1.8696,0,False
16552160,ARZ Cardinals vs. DET Lions,Isaac TeSlaa,Joueuer Plus longue réception (prolongations incluses),2009,72300,1763539563,4598080642,Isaac TeSlaa (DET) moins de 15.5,Isaac TeSlaa (DET) moins de 15.5,1.7693,0,False
16552160,ARZ Cardinals vs. DET Lions,Jahmyr Gibbs,Joueuer Plus longue réception (prolongations incluses),2009,72300,1765984899,4605397178,Jahmyr Gibbs (DET) Plus de 14.5,Jahmyr Gibbs (DET) Plus de 14.5,1.8696,0,False
16552160,ARZ Cardinals vs. DET Lions,Jahmyr Gibbs,Joueuer Plus longue réception (prolongations incluses),2009,72300,1765984899,4605397179,Jahmyr Gibbs (DET) moins de 14.5,Jahmyr Gibbs (DET) moins de 14.5,1.7693,0,False
16552160,ARZ Cardinals vs. DET Lions,Kendrick Bourne,Joueuer Plus longue réception (prolongations incluses),2009,72300,1763693583,4598631230,Kendrick Bourne (ARI) Plus de 12.5,Kendrick Bourne (ARI) Plus de 12.5,1.7693,0,False
16552160,ARZ Cardinals vs. DET Lions,Kendrick Bourne,Joueuer Plus longue réception (prolongations incluses),2009,72300,1763693583,4598631231,Kendrick Bourne (ARI) moins de 12.5,Kendrick Bourne (ARI) moins de 12.5,1.8696,0,False
16552160,ARZ Cardinals vs. DET Lions,Elijah Higgins,Joueuer Plus longue réception (prolongations incluses),2009,72300,1766295177,4606160812,Elijah Higgins (ARI) Plus de 7.5,Elijah Higgins (ARI) Plus de 7.5,1.8,0,False
16552160,ARZ Cardinals vs. DET Lions,Elijah Higgins,Joueuer Plus longue réception (prolongations incluses),2009,72300,1766295177,4606160813,Elijah Higgins (ARI) moins de 7.5,Elijah Higgins (ARI) moins de 7.5,1.8334,0,False
16552160,ARZ Cardinals vs. DET Lions,Jacoby Brissett,Joueur Plus longue passe complétée (prolongations incluses),2001,72292,1766239178,4606016272,Jacoby Brissett (ARI) moins de 37.5,Jacoby Brissett (ARI) moins de 37.5,1.8,0,False
16552160,ARZ Cardinals vs. DET Lions,Jacoby Brissett,Joueur Plus longue passe complétée (prolongations incluses),2001,72292,1766239178,4606016271,Jacoby Brissett (ARI) Plus de 37.5,Jacoby Brissett (ARI) Plus de 37.5,1.8334,0,False
16552160,ARZ Cardinals vs. DET Lions,Jared Goff,Joueur Plus longue passe complétée (prolongations incluses),2001,72292,1766169376,4605843584,Jared Goff (DET) moins de 35.5,Jared Goff (DET) moins de 35.5,1.8334,0,False
16552160,ARZ Cardinals vs. DET Lions,Jared Goff,Joueur Plus longue passe complétée (prolongations incluses),2001,72292,1766169376,4605843583,Jared Goff (DET) Plus de 35.5,Jared Goff (DET) Plus de 35.5,1.8,0,False
16552160,ARZ Cardinals vs. DET Lions,Chad Ryland,Points de tir du joueur Plus/Moins (prolongations incluses),2003,72294,1763538974,4598079613,Chad Ryland (ARI) Plus de 6.5,Chad Ryland (ARI) Plus de 6.5,1.7693,0,False
16552160,ARZ Cardinals vs. DET Lions,Chad Ryland,Points de tir du joueur Plus/Moins (prolongations incluses),2003,72294,1763538974,4598079614,Chad Ryland (ARI) moins de 6.5,Chad Ryland (ARI) moins de 6.5,1.8696,0,False
16552160,ARZ Cardinals vs. DET Lions,Chad Ryland,Field goals du joueur (prolongations incluses),769,71927,1763538972,4598079609,Chad Ryland (ARI) Plus de 1.5,Chad Ryland (ARI) Plus de 1.5,2.0,0,False
16552160,ARZ Cardinals vs. DET Lions,Chad Ryland,Field goals du joueur (prolongations incluses),769,71927,1763538972,4598079610,Chad Ryland (ARI) moins de 1.5,Chad Ryland (ARI) moins de 1.5,1.6667,0,False
16552160,ARZ Cardinals vs. DET Lions,Jahmyr Gibbs,1ère mi-temps - Touchdowns de course du joueur Plus / Moins,31473,77067,1763539347,4598080266,Jahmyr Gibbs (DET) Plus de 0.5,Jahmyr Gibbs (DET) Plus de 0.5,2.2,0,False
16552160,ARZ Cardinals vs. DET Lions,Jahmyr Gibbs,1ère mi-temps - Touchdowns de course du joueur Plus / Moins,31473,77067,1763539347,4598080267,Jahmyr Gibbs (DET) moins de 0.5,Jahmyr Gibbs (DET) moins de 0.5,1.5264,0,False
16552160,ARZ Cardinals vs. DET Lions,Jeremiyah Love,1ère mi-temps - Touchdowns de course du joueur Plus / Moins,31473,77067,1763539624,4598080752,Jeremiyah Love (ARI) moins de 0.5,Jeremiyah Love (ARI) moins de 0.5,1.2,0,False
16552160,ARZ Cardinals vs. DET Lions,Jeremiyah Love,1ère mi-temps - Touchdowns de course du joueur Plus / Moins,31473,77067,1763539624,4598080751,Jeremiyah Love (ARI) Plus de 0.5,Jeremiyah Love (ARI) Plus de 0.5,3.6,0,False
16552160,ARZ Cardinals vs. DET Lions,Tyler Allgeier,1ère mi-temps - Touchdowns de course du joueur Plus / Moins,31473,77067,1763539108,4598079848,Tyler Allgeier (ARI) Plus de 0.5,Tyler Allgeier (ARI) Plus de 0.5,4.4,0,False
16552160,ARZ Cardinals vs. DET Lions,Tyler Allgeier,1ère mi-temps - Touchdowns de course du joueur Plus / Moins,31473,77067,1763539108,4598079849,Tyler Allgeier (ARI) moins de 0.5,Tyler Allgeier (ARI) moins de 0.5,1.1334,0,False
16552160,ARZ Cardinals vs. DET Lions,Jacoby Brissett,1ère mi-temps - Touchdowns de course du joueur Plus / Moins,31473,77067,1763538476,4598078744,Jacoby Brissett (ARI) Plus de 0.5,Jacoby Brissett (ARI) Plus de 0.5,6.75,0,False
16552160,ARZ Cardinals vs. DET Lions,Jacoby Brissett,1ère mi-temps - Touchdowns de course du joueur Plus / Moins,31473,77067,1763538476,4598078745,Jacoby Brissett (ARI) moins de 0.5,Jacoby Brissett (ARI) moins de 0.5,1.04,0,False
16552160,ARZ Cardinals vs. DET Lions,Sione Vaki,1ère mi-temps - Touchdowns de course du joueur Plus / Moins,31473,77067,1763539522,4598080571,Sione Vaki (DET) Plus de 0.5,Sione Vaki (DET) Plus de 0.5,7.75,0,False
16552160,ARZ Cardinals vs. DET Lions,Sione Vaki,1ère mi-temps - Touchdowns de course du joueur Plus / Moins,31473,77067,1763539522,4598080572,Sione Vaki (DET) moins de 0.5,Sione Vaki (DET) moins de 0.5,1.02,0,False
16552160,ARZ Cardinals vs. DET Lions,Jared Goff,1ère mi-temps - Touchdowns de course du joueur Plus / Moins,31473,77067,1763538528,4598078840,Jared Goff (DET) moins de 0.5,Jared Goff (DET) moins de 0.5,1.01,0,False
16552160,ARZ Cardinals vs. DET Lions,Jared Goff,1ère mi-temps - Touchdowns de course du joueur Plus / Moins,31473,77067,1763538528,4598078839,Jared Goff (DET) Plus de 0.5,Jared Goff (DET) Plus de 0.5,8.5,0,False
16552160,ARZ Cardinals vs. DET Lions,Zonovan Knight,1ère mi-temps - Touchdowns de course du joueur Plus / Moins,31473,77067,1763539222,4598080048,Zonovan Knight (ARI) Plus de 0.5,Zonovan Knight (ARI) Plus de 0.5,8.5,0,False
16552160,ARZ Cardinals vs. DET Lions,Zonovan Knight,1ère mi-temps - Touchdowns de course du joueur Plus / Moins,31473,77067,1763539222,4598080049,Zonovan Knight (ARI) moins de 0.5,Zonovan Knight (ARI) moins de 0.5,0.0,7,False
16552160,ARZ Cardinals vs. DET Lions,Amon-Ra St. Brown,1ère mi-temps - Touchdowns de réception du joueur Plus / Moins,31467,77061,1763539057,4598079757,Amon-Ra St. Brown (DET) Plus de 0.5,Amon-Ra St. Brown (DET) Plus de 0.5,2.8,0,False
16552160,ARZ Cardinals vs. DET Lions,Amon-Ra St. Brown,1ère mi-temps - Touchdowns de réception du joueur Plus / Moins,31467,77061,1763539057,4598079758,Amon-Ra St. Brown (DET) moins de 0.5,Amon-Ra St. Brown (DET) moins de 0.5,1.3334,0,False
16552160,ARZ Cardinals vs. DET Lions,Michael Wilson,1ère mi-temps - Touchdowns de réception du joueur Plus / Moins,31467,77061,1763539025,4598079704,Michael Wilson (ARI) moins de 0.5,Michael Wilson (ARI) moins de 0.5,1.2,0,False
16552160,ARZ Cardinals vs. DET Lions,Michael Wilson,1ère mi-temps - Touchdowns de réception du joueur Plus / Moins,31467,77061,1763539025,4598079703,Michael Wilson (ARI) Plus de 0.5,Michael Wilson (ARI) Plus de 0.5,3.6,0,False
16552160,ARZ Cardinals vs. DET Lions,Sam LaPorta,1ère mi-temps - Touchdowns de réception du joueur Plus / Moins,31467,77061,1763539262,4598080117,Sam LaPorta (DET) Plus de 0.5,Sam LaPorta (DET) Plus de 0.5,3.75,0,False
16552160,ARZ Cardinals vs. DET Lions,Sam LaPorta,1ère mi-temps - Touchdowns de réception du joueur Plus / Moins,31467,77061,1763539262,4598080118,Sam LaPorta (DET) moins de 0.5,Sam LaPorta (DET) moins de 0.5,1.1819,0,False
16552160,ARZ Cardinals vs. DET Lions,Trey McBride,1ère mi-temps - Touchdowns de réception du joueur Plus / Moins,31467,77061,1763538952,4598079578,Trey McBride (ARI) Plus de 0.5,Trey McBride (ARI) Plus de 0.5,3.75,0,False
16552160,ARZ Cardinals vs. DET Lions,Trey McBride,1ère mi-temps - Touchdowns de réception du joueur Plus / Moins,31467,77061,1763538952,4598079579,Trey McBride (ARI) moins de 0.5,Trey McBride (ARI) moins de 0.5,1.1819,0,False
16552160,ARZ Cardinals vs. DET Lions,Jameson Williams,1ère mi-temps - Touchdowns de réception du joueur Plus / Moins,31467,77061,1763539289,4598080162,Jameson Williams (DET) Plus de 0.5,Jameson Williams (DET) Plus de 0.5,4.0,0,False
16552160,ARZ Cardinals vs. DET Lions,Jameson Williams,1ère mi-temps - Touchdowns de réception du joueur Plus / Moins,31467,77061,1763539289,4598080163,Jameson Williams (DET) moins de 0.5,Jameson Williams (DET) moins de 0.5,1.1667,0,False
16552160,ARZ Cardinals vs. DET Lions,Jahmyr Gibbs,1ère mi-temps - Touchdowns de réception du joueur Plus / Moins,31467,77061,1763539334,4598080240,Jahmyr Gibbs (DET) Plus de 0.5,Jahmyr Gibbs (DET) Plus de 0.5,5.0,0,False
16552160,ARZ Cardinals vs. DET Lions,Jahmyr Gibbs,1ère mi-temps - Touchdowns de réception du joueur Plus / Moins,31467,77061,1763539334,4598080241,Jahmyr Gibbs (DET) moins de 0.5,Jahmyr Gibbs (DET) moins de 0.5,1.1,0,False
16552160,ARZ Cardinals vs. DET Lions,Isaac TeSlaa,1ère mi-temps - Touchdowns de réception du joueur Plus / Moins,31467,77061,1763539567,4598080649,Isaac TeSlaa (DET) Plus de 0.5,Isaac TeSlaa (DET) Plus de 0.5,5.25,0,False
16552160,ARZ Cardinals vs. DET Lions,Isaac TeSlaa,1ère mi-temps - Touchdowns de réception du joueur Plus / Moins,31467,77061,1763539567,4598080650,Isaac TeSlaa (DET) moins de 0.5,Isaac TeSlaa (DET) moins de 0.5,1.091,0,False
16552160,ARZ Cardinals vs. DET Lions,Marvin Harrison Jr.,1ère mi-temps - Touchdowns de réception du joueur Plus / Moins,31467,77061,1763539461,4598080462,Marvin Harrison Jr. (ARI) Plus de 0.5,Marvin Harrison Jr. (ARI) Plus de 0.5,5.75,0,False
16552160,ARZ Cardinals vs. DET Lions,Marvin Harrison Jr.,1ère mi-temps - Touchdowns de réception du joueur Plus / Moins,31467,77061,1763539461,4598080463,Marvin Harrison Jr. (ARI) moins de 0.5,Marvin Harrison Jr. (ARI) moins de 0.5,1.0715,0,False
16552160,ARZ Cardinals vs. DET Lions,Kendrick Bourne,1ère mi-temps - Touchdowns de réception du joueur Plus / Moins,31467,77061,1763538616,4598078995,Kendrick Bourne (ARI) Plus de 0.5,Kendrick Bourne (ARI) Plus de 0.5,6.75,0,False
16552160,ARZ Cardinals vs. DET Lions,Kendrick Bourne,1ère mi-temps - Touchdowns de réception du joueur Plus / Moins,31467,77061,1763538616,4598078996,Kendrick Bourne (ARI) moins de 0.5,Kendrick Bourne (ARI) moins de 0.5,1.04,0,False
16552160,ARZ Cardinals vs. DET Lions,Jeremiyah Love,1ère mi-temps - Touchdowns de réception du joueur Plus / Moins,31467,77061,1763539611,4598080725,Jeremiyah Love (ARI) Plus de 0.5,Jeremiyah Love (ARI) Plus de 0.5,7.75,0,False
16552160,ARZ Cardinals vs. DET Lions,Jeremiyah Love,1ère mi-temps - Touchdowns de réception du joueur Plus / Moins,31467,77061,1763539611,4598080726,Jeremiyah Love (ARI) moins de 0.5,Jeremiyah Love (ARI) moins de 0.5,1.02,0,False
16552160,ARZ Cardinals vs. DET Lions,Tyler Allgeier,1ère mi-temps - Touchdowns de réception du joueur Plus / Moins,31467,77061,1763539095,4598079822,Tyler Allgeier (ARI) Plus de 0.5,Tyler Allgeier (ARI) Plus de 0.5,7.75,0,False
16552160,ARZ Cardinals vs. DET Lions,Tyler Allgeier,1ère mi-temps - Touchdowns de réception du joueur Plus / Moins,31467,77061,1763539095,4598079823,Tyler Allgeier (ARI) moins de 0.5,Tyler Allgeier (ARI) moins de 0.5,1.02,0,False
16552160,ARZ Cardinals vs. DET Lions,Brock Wright,1ère mi-temps - Touchdowns de réception du joueur Plus / Moins,31467,77061,1763538848,4598079401,Brock Wright (DET) Plus de 0.5,Brock Wright (DET) Plus de 0.5,8.5,0,False
16552160,ARZ Cardinals vs. DET Lions,Brock Wright,1ère mi-temps - Touchdowns de réception du joueur Plus / Moins,31467,77061,1763538848,4598079402,Brock Wright (DET) moins de 0.5,Brock Wright (DET) moins de 0.5,1.01,0,False
16552160,ARZ Cardinals vs. DET Lions,Elijah Higgins,1ère mi-temps - Touchdowns de réception du joueur Plus / Moins,31467,77061,1763539182,4598079977,Elijah Higgins (ARI) Plus de 0.5,Elijah Higgins (ARI) Plus de 0.5,8.5,0,False
16552160,ARZ Cardinals vs. DET Lions,Elijah Higgins,1ère mi-temps - Touchdowns de réception du joueur Plus / Moins,31467,77061,1763539182,4598079978,Elijah Higgins (ARI) moins de 0.5,Elijah Higgins (ARI) moins de 0.5,1.01,0,False
16552160,ARZ Cardinals vs. DET Lions,Jackson Meeks,1ère mi-temps - Touchdowns de réception du joueur Plus / Moins,31467,77061,1763539428,4598080406,Jackson Meeks (DET) Plus de 0.5,Jackson Meeks (DET) Plus de 0.5,8.5,0,False
16552160,ARZ Cardinals vs. DET Lions,Jackson Meeks,1ère mi-temps - Touchdowns de réception du joueur Plus / Moins,31467,77061,1763539428,4598080407,Jackson Meeks (DET) moins de 0.5,Jackson Meeks (DET) moins de 0.5,0.0,7,False
16552160,ARZ Cardinals vs. DET Lions,Jalen Brooks,1ère mi-temps - Touchdowns de réception du joueur Plus / Moins,31467,77061,1763539381,4598080324,Jalen Brooks (ARI) Plus de 0.5,Jalen Brooks (ARI) Plus de 0.5,8.5,0,False
16552160,ARZ Cardinals vs. DET Lions,Jalen Brooks,1ère mi-temps - Touchdowns de réception du joueur Plus / Moins,31467,77061,1763539381,4598080325,Jalen Brooks (ARI) moins de 0.5,Jalen Brooks (ARI) moins de 0.5,0.0,7,False
16552160,ARZ Cardinals vs. DET Lions,Sione Vaki,1ère mi-temps - Touchdowns de réception du joueur Plus / Moins,31467,77061,1763539509,4598080545,Sione Vaki (DET) Plus de 0.5,Sione Vaki (DET) Plus de 0.5,8.5,0,False
16552160,ARZ Cardinals vs. DET Lions,Sione Vaki,1ère mi-temps - Touchdowns de réception du joueur Plus / Moins,31467,77061,1763539509,4598080546,Sione Vaki (DET) moins de 0.5,Sione Vaki (DET) moins de 0.5,0.0,7,False
16552160,ARZ Cardinals vs. DET Lions,Jared Goff,1ère mi-temps - Total de Touchdowns à la passe du joueur - Plus/Moins,31461,77055,1766274728,4606114966,Jared Goff (DET) Plus de 1.5,Jared Goff (DET) Plus de 1.5,2.7,0,False
16552160,ARZ Cardinals vs. DET Lions,Jared Goff,1ère mi-temps - Total de Touchdowns à la passe du joueur - Plus/Moins,31461,77055,1766274728,4606114967,Jared Goff (DET) moins de 1.5,Jared Goff (DET) moins de 1.5,1.3572,0,False
16552160,ARZ Cardinals vs. DET Lions,Jacoby Brissett,1ère mi-temps - Total de Touchdowns à la passe du joueur - Plus/Moins,31461,77055,1763538454,4598078700,Jacoby Brissett (ARI) Plus de 0.5,Jacoby Brissett (ARI) Plus de 0.5,1.5556,0,False
16552160,ARZ Cardinals vs. DET Lions,Jacoby Brissett,1ère mi-temps - Total de Touchdowns à la passe du joueur - Plus/Moins,31461,77055,1763538454,4598078701,Jacoby Brissett (ARI) moins de 0.5,Jacoby Brissett (ARI) moins de 0.5,2.15,0,False
16552160,ARZ Cardinals vs. DET Lions,Jared Goff,Total de Touchdowns à la passe du joueur (Incl. Prolongations),761,71923,1766273323,4606111582,Jared Goff (DET) Plus de 2.5,Jared Goff (DET) Plus de 2.5,2.35,0,False
16552160,ARZ Cardinals vs. DET Lions,Jared Goff,Total de Touchdowns à la passe du joueur (Incl. Prolongations),761,71923,1766273323,4606111583,Jared Goff (DET) moins de 2.5,Jared Goff (DET) moins de 2.5,1.4762,0,False
16552160,ARZ Cardinals vs. DET Lions,Jacoby Brissett,Total de Touchdowns à la passe du joueur (Incl. Prolongations),761,71923,1763538443,4598078678,Jacoby Brissett (ARI) Plus de 1.5,Jacoby Brissett (ARI) Plus de 1.5,1.6897,0,False
16552160,ARZ Cardinals vs. DET Lions,Jacoby Brissett,Total de Touchdowns à la passe du joueur (Incl. Prolongations),761,71923,1763538443,4598078679,Jacoby Brissett (ARI) moins de 1.5,Jacoby Brissett (ARI) moins de 1.5,1.9524,0,False
16552160,ARZ Cardinals vs. DET Lions,Jahmyr Gibbs,2ème mi-temps - Touchdowns de course du joueur Plus / Moins,31474,77068,1763539348,4598080268,Jahmyr Gibbs (DET) Plus de 0.5,Jahmyr Gibbs (DET) Plus de 0.5,2.2,0,False
16552160,ARZ Cardinals vs. DET Lions,Jahmyr Gibbs,2ème mi-temps - Touchdowns de course du joueur Plus / Moins,31474,77068,1763539348,4598080269,Jahmyr Gibbs (DET) moins de 0.5,Jahmyr Gibbs (DET) moins de 0.5,1.5264,0,False
16552160,ARZ Cardinals vs. DET Lions,Jeremiyah Love,2ème mi-temps - Touchdowns de course du joueur Plus / Moins,31474,77068,1763539625,4598080753,Jeremiyah Love (ARI) Plus de 0.5,Jeremiyah Love (ARI) Plus de 0.5,4.0,0,False
16552160,ARZ Cardinals vs. DET Lions,Jeremiyah Love,2ème mi-temps - Touchdowns de course du joueur Plus / Moins,31474,77068,1763539625,4598080754,Jeremiyah Love (ARI) moins de 0.5,Jeremiyah Love (ARI) moins de 0.5,1.1667,0,False
16552160,ARZ Cardinals vs. DET Lions,Tyler Allgeier,2ème mi-temps - Touchdowns de course du joueur Plus / Moins,31474,77068,1763539109,4598079850,Tyler Allgeier (ARI) Plus de 0.5,Tyler Allgeier (ARI) Plus de 0.5,4.75,0,False
16552160,ARZ Cardinals vs. DET Lions,Tyler Allgeier,2ème mi-temps - Touchdowns de course du joueur Plus / Moins,31474,77068,1763539109,4598079851,Tyler Allgeier (ARI) moins de 0.5,Tyler Allgeier (ARI) moins de 0.5,1.1112,0,False
16552160,ARZ Cardinals vs. DET Lions,Jacoby Brissett,2ème mi-temps - Touchdowns de course du joueur Plus / Moins,31474,77068,1763538477,4598078746,Jacoby Brissett (ARI) Plus de 0.5,Jacoby Brissett (ARI) Plus de 0.5,6.0,0,False
16552160,ARZ Cardinals vs. DET Lions,Jacoby Brissett,2ème mi-temps - Touchdowns de course du joueur Plus / Moins,31474,77068,1763538477,4598078747,Jacoby Brissett (ARI) moins de 0.5,Jacoby Brissett (ARI) moins de 0.5,1.0589,0,False
16552160,ARZ Cardinals vs. DET Lions,Sione Vaki,2ème mi-temps - Touchdowns de course du joueur Plus / Moins,31474,77068,1763539523,4598080573,Sione Vaki (DET) Plus de 0.5,Sione Vaki (DET) Plus de 0.5,7.5,0,False
16552160,ARZ Cardinals vs. DET Lions,Sione Vaki,2ème mi-temps - Touchdowns de course du joueur Plus / Moins,31474,77068,1763539523,4598080574,Sione Vaki (DET) moins de 0.5,Sione Vaki (DET) moins de 0.5,1.02,0,False
16552160,ARZ Cardinals vs. DET Lions,Jared Goff,2ème mi-temps - Touchdowns de course du joueur Plus / Moins,31474,77068,1763538529,4598078841,Jared Goff (DET) Plus de 0.5,Jared Goff (DET) Plus de 0.5,8.5,0,False
16552160,ARZ Cardinals vs. DET Lions,Jared Goff,2ème mi-temps - Touchdowns de course du joueur Plus / Moins,31474,77068,1763538529,4598078842,Jared Goff (DET) moins de 0.5,Jared Goff (DET) moins de 0.5,1.01,0,False
16552160,ARZ Cardinals vs. DET Lions,Zonovan Knight,2ème mi-temps - Touchdowns de course du joueur Plus / Moins,31474,77068,1763539223,4598080050,Zonovan Knight (ARI) Plus de 0.5,Zonovan Knight (ARI) Plus de 0.5,8.5,0,False
16552160,ARZ Cardinals vs. DET Lions,Zonovan Knight,2ème mi-temps - Touchdowns de course du joueur Plus / Moins,31474,77068,1763539223,4598080051,Zonovan Knight (ARI) moins de 0.5,Zonovan Knight (ARI) moins de 0.5,0.0,7,False
16552160,ARZ Cardinals vs. DET Lions,Amon-Ra St. Brown,2ème mi-temps - Touchdowns de réception du joueur Plus / Moins,31468,77062,1763539058,4598079760,Amon-Ra St. Brown (DET) moins de 0.5,Amon-Ra St. Brown (DET) moins de 0.5,1.3125,0,False
16552160,ARZ Cardinals vs. DET Lions,Amon-Ra St. Brown,2ème mi-temps - Touchdowns de réception du joueur Plus / Moins,31468,77062,1763539058,4598079759,Amon-Ra St. Brown (DET) Plus de 0.5,Amon-Ra St. Brown (DET) Plus de 0.5,2.85,0,False
16552160,ARZ Cardinals vs. DET Lions,Michael Wilson,2ème mi-temps - Touchdowns de réception du joueur Plus / Moins,31468,77062,1763539026,4598079705,Michael Wilson (ARI) Plus de 0.5,Michael Wilson (ARI) Plus de 0.5,3.4,0,False
16552160,ARZ Cardinals vs. DET Lions,Michael Wilson,2ème mi-temps - Touchdowns de réception du joueur Plus / Moins,31468,77062,1763539026,4598079706,Michael Wilson (ARI) moins de 0.5,Michael Wilson (ARI) moins de 0.5,1.2223,0,False
16552160,ARZ Cardinals vs. DET Lions,Trey McBride,2ème mi-temps - Touchdowns de réception du joueur Plus / Moins,31468,77062,1763538953,4598079580,Trey McBride (ARI) Plus de 0.5,Trey McBride (ARI) Plus de 0.5,3.5,0,False
16552160,ARZ Cardinals vs. DET Lions,Trey McBride,2ème mi-temps - Touchdowns de réception du joueur Plus / Moins,31468,77062,1763538953,4598079581,Trey McBride (ARI) moins de 0.5,Trey McBride (ARI) moins de 0.5,1.2106,0,False
16552160,ARZ Cardinals vs. DET Lions,Jameson Williams,2ème mi-temps - Touchdowns de réception du joueur Plus / Moins,31468,77062,1763539290,4598080164,Jameson Williams (DET) Plus de 0.5,Jameson Williams (DET) Plus de 0.5,4.0,0,False
16552160,ARZ Cardinals vs. DET Lions,Jameson Williams,2ème mi-temps - Touchdowns de réception du joueur Plus / Moins,31468,77062,1763539290,4598080165,Jameson Williams (DET) moins de 0.5,Jameson Williams (DET) moins de 0.5,1.1667,0,False
16552160,ARZ Cardinals vs. DET Lions,Sam LaPorta,2ème mi-temps - Touchdowns de réception du joueur Plus / Moins,31468,77062,1763539263,4598080120,Sam LaPorta (DET) moins de 0.5,Sam LaPorta (DET) moins de 0.5,1.1667,0,False
16552160,ARZ Cardinals vs. DET Lions,Sam LaPorta,2ème mi-temps - Touchdowns de réception du joueur Plus / Moins,31468,77062,1763539263,4598080119,Sam LaPorta (DET) Plus de 0.5,Sam LaPorta (DET) Plus de 0.5,4.0,0,False
16552160,ARZ Cardinals vs. DET Lions,Jahmyr Gibbs,2ème mi-temps - Touchdowns de réception du joueur Plus / Moins,31468,77062,1763539335,4598080242,Jahmyr Gibbs (DET) Plus de 0.5,Jahmyr Gibbs (DET) Plus de 0.5,5.0,0,False
16552160,ARZ Cardinals vs. DET Lions,Jahmyr Gibbs,2ème mi-temps - Touchdowns de réception du joueur Plus / Moins,31468,77062,1763539335,4598080243,Jahmyr Gibbs (DET) moins de 0.5,Jahmyr Gibbs (DET) moins de 0.5,1.1,0,False
16552160,ARZ Cardinals vs. DET Lions,Marvin Harrison Jr.,2ème mi-temps - Touchdowns de réception du joueur Plus / Moins,31468,77062,1763539462,4598080464,Marvin Harrison Jr. (ARI) Plus de 0.5,Marvin Harrison Jr. (ARI) Plus de 0.5,5.25,0,False
16552160,ARZ Cardinals vs. DET Lions,Marvin Harrison Jr.,2ème mi-temps - Touchdowns de réception du joueur Plus / Moins,31468,77062,1763539462,4598080465,Marvin Harrison Jr. (ARI) moins de 0.5,Marvin Harrison Jr. (ARI) moins de 0.5,1.0834,0,False
16552160,ARZ Cardinals vs. DET Lions,Isaac TeSlaa,2ème mi-temps - Touchdowns de réception du joueur Plus / Moins,31468,77062,1763539568,4598080651,Isaac TeSlaa (DET) Plus de 0.5,Isaac TeSlaa (DET) Plus de 0.5,5.75,0,False
16552160,ARZ Cardinals vs. DET Lions,Isaac TeSlaa,2ème mi-temps - Touchdowns de réception du joueur Plus / Moins,31468,77062,1763539568,4598080652,Isaac TeSlaa (DET) moins de 0.5,Isaac TeSlaa (DET) moins de 0.5,1.0715,0,False
16552160,ARZ Cardinals vs. DET Lions,Kendrick Bourne,2ème mi-temps - Touchdowns de réception du joueur Plus / Moins,31468,77062,1763538617,4598078997,Kendrick Bourne (ARI) Plus de 0.5,Kendrick Bourne (ARI) Plus de 0.5,6.25,0,False
16552160,ARZ Cardinals vs. DET Lions,Kendrick Bourne,2ème mi-temps - Touchdowns de réception du joueur Plus / Moins,31468,77062,1763538617,4598078998,Kendrick Bourne (ARI) moins de 0.5,Kendrick Bourne (ARI) moins de 0.5,1.05,0,False
16552160,ARZ Cardinals vs. DET Lions,Jeremiyah Love,2ème mi-temps - Touchdowns de réception du joueur Plus / Moins,31468,77062,1763539612,4598080728,Jeremiyah Love (ARI) moins de 0.5,Jeremiyah Love (ARI) moins de 0.5,1.02,0,False
16552160,ARZ Cardinals vs. DET Lions,Jeremiyah Love,2ème mi-temps - Touchdowns de réception du joueur Plus / Moins,31468,77062,1763539612,4598080727,Jeremiyah Love (ARI) Plus de 0.5,Jeremiyah Love (ARI) Plus de 0.5,7.75,0,False
16552160,ARZ Cardinals vs. DET Lions,Tyler Allgeier,2ème mi-temps - Touchdowns de réception du joueur Plus / Moins,31468,77062,1763539096,4598079824,Tyler Allgeier (ARI) Plus de 0.5,Tyler Allgeier (ARI) Plus de 0.5,7.75,0,False
16552160,ARZ Cardinals vs. DET Lions,Tyler Allgeier,2ème mi-temps - Touchdowns de réception du joueur Plus / Moins,31468,77062,1763539096,4598079825,Tyler Allgeier (ARI) moins de 0.5,Tyler Allgeier (ARI) moins de 0.5,1.02,0,False
16552160,ARZ Cardinals vs. DET Lions,Brock Wright,2ème mi-temps - Touchdowns de réception du joueur Plus / Moins,31468,77062,1763538849,4598079403,Brock Wright (DET) Plus de 0.5,Brock Wright (DET) Plus de 0.5,8.5,0,False
16552160,ARZ Cardinals vs. DET Lions,Brock Wright,2ème mi-temps - Touchdowns de réception du joueur Plus / Moins,31468,77062,1763538849,4598079404,Brock Wright (DET) moins de 0.5,Brock Wright (DET) moins de 0.5,1.01,0,False
16552160,ARZ Cardinals vs. DET Lions,Elijah Higgins,2ème mi-temps - Touchdowns de réception du joueur Plus / Moins,31468,77062,1763539183,4598079979,Elijah Higgins (ARI) Plus de 0.5,Elijah Higgins (ARI) Plus de 0.5,8.5,0,False
16552160,ARZ Cardinals vs. DET Lions,Elijah Higgins,2ème mi-temps - Touchdowns de réception du joueur Plus / Moins,31468,77062,1763539183,4598079980,Elijah Higgins (ARI) moins de 0.5,Elijah Higgins (ARI) moins de 0.5,1.01,0,False
16552160,ARZ Cardinals vs. DET Lions,Jalen Brooks,2ème mi-temps - Touchdowns de réception du joueur Plus / Moins,31468,77062,1763539382,4598080326,Jalen Brooks (ARI) Plus de 0.5,Jalen Brooks (ARI) Plus de 0.5,8.5,0,False
16552160,ARZ Cardinals vs. DET Lions,Jalen Brooks,2ème mi-temps - Touchdowns de réception du joueur Plus / Moins,31468,77062,1763539382,4598080327,Jalen Brooks (ARI) moins de 0.5,Jalen Brooks (ARI) moins de 0.5,0.0,7,False
16552160,ARZ Cardinals vs. DET Lions,Sione Vaki,2ème mi-temps - Touchdowns de réception du joueur Plus / Moins,31468,77062,1763539510,4598080547,Sione Vaki (DET) Plus de 0.5,Sione Vaki (DET) Plus de 0.5,8.5,0,False
16552160,ARZ Cardinals vs. DET Lions,Sione Vaki,2ème mi-temps - Touchdowns de réception du joueur Plus / Moins,31468,77062,1763539510,4598080548,Sione Vaki (DET) moins de 0.5,Sione Vaki (DET) moins de 0.5,0.0,7,False
16552160,ARZ Cardinals vs. DET Lions,Jackson Meeks,2ème mi-temps - Touchdowns de réception du joueur Plus / Moins,31468,77062,1763539429,4598080408,Jackson Meeks (DET) Plus de 0.5,Jackson Meeks (DET) Plus de 0.5,9.0,0,False
16552160,ARZ Cardinals vs. DET Lions,Jackson Meeks,2ème mi-temps - Touchdowns de réception du joueur Plus / Moins,31468,77062,1763539429,4598080409,Jackson Meeks (DET) moins de 0.5,Jackson Meeks (DET) moins de 0.5,0.0,7,False
16552160,ARZ Cardinals vs. DET Lions,Teagan Quitoriano,2ème mi-temps - Touchdowns de réception du joueur Plus / Moins,31468,77062,1766296153,4606163109,Teagan Quitoriano (ARI) Plus de 0.5,Teagan Quitoriano (ARI) Plus de 0.5,9.0,0,False
16552160,ARZ Cardinals vs. DET Lions,Teagan Quitoriano,2ème mi-temps - Touchdowns de réception du joueur Plus / Moins,31468,77062,1766296153,4606163110,Teagan Quitoriano (ARI) moins de 0.5,Teagan Quitoriano (ARI) moins de 0.5,0.0,7,False
16552160,ARZ Cardinals vs. DET Lions,Jared Goff,2ème mi-temps - Total de Touchdowns à la passe du joueur - Plus/Moins,31462,77056,1763538507,4598078797,Jared Goff (DET) Plus de 0.5,Jared Goff (DET) Plus de 0.5,1.3572,0,False
16552160,ARZ Cardinals vs. DET Lions,Jared Goff,2ème mi-temps - Total de Touchdowns à la passe du joueur - Plus/Moins,31462,77056,1763538507,4598078798,Jared Goff (DET) moins de 0.5,Jared Goff (DET) moins de 0.5,2.7,0,False
16552160,ARZ Cardinals vs. DET Lions,Jacoby Brissett,2ème mi-temps - Total de Touchdowns à la passe du joueur - Plus/Moins,31462,77056,1763538455,4598078702,Jacoby Brissett (ARI) Plus de 0.5,Jacoby Brissett (ARI) Plus de 0.5,1.4762,0,False
16552160,ARZ Cardinals vs. DET Lions,Jacoby Brissett,2ème mi-temps - Total de Touchdowns à la passe du joueur - Plus/Moins,31462,77056,1763538455,4598078703,Jacoby Brissett (ARI) moins de 0.5,Jacoby Brissett (ARI) moins de 0.5,2.3,0,False
16552160,ARZ Cardinals vs. DET Lions,Jahmyr Gibbs,Premier quart-temps - Touchdowns de course du joueur Plus / Moins,31475,77069,1763539349,4598080270,Jahmyr Gibbs (DET) Plus de 0.5,Jahmyr Gibbs (DET) Plus de 0.5,3.6,0,False
16552160,ARZ Cardinals vs. DET Lions,Jahmyr Gibbs,Premier quart-temps - Touchdowns de course du joueur Plus / Moins,31475,77069,1763539349,4598080271,Jahmyr Gibbs (DET) moins de 0.5,Jahmyr Gibbs (DET) moins de 0.5,1.2,0,False
16552160,ARZ Cardinals vs. DET Lions,Jeremiyah Love,Premier quart-temps - Touchdowns de course du joueur Plus / Moins,31475,77069,1763539626,4598080755,Jeremiyah Love (ARI) Plus de 0.5,Jeremiyah Love (ARI) Plus de 0.5,6.0,0,False
16552160,ARZ Cardinals vs. DET Lions,Jeremiyah Love,Premier quart-temps - Touchdowns de course du joueur Plus / Moins,31475,77069,1763539626,4598080756,Jeremiyah Love (ARI) moins de 0.5,Jeremiyah Love (ARI) moins de 0.5,1.0625,0,False
16552160,ARZ Cardinals vs. DET Lions,Tyler Allgeier,Premier quart-temps - Touchdowns de course du joueur Plus / Moins,31475,77069,1763539110,4598079852,Tyler Allgeier (ARI) Plus de 0.5,Tyler Allgeier (ARI) Plus de 0.5,6.75,0,False
16552160,ARZ Cardinals vs. DET Lions,Tyler Allgeier,Premier quart-temps - Touchdowns de course du joueur Plus / Moins,31475,77069,1763539110,4598079853,Tyler Allgeier (ARI) moins de 0.5,Tyler Allgeier (ARI) moins de 0.5,1.04,0,False
16552160,ARZ Cardinals vs. DET Lions,Jacoby Brissett,Premier quart-temps - Touchdowns de course du joueur Plus / Moins,31475,77069,1763538478,4598078748,Jacoby Brissett (ARI) Plus de 0.5,Jacoby Brissett (ARI) Plus de 0.5,8.5,0,False
16552160,ARZ Cardinals vs. DET Lions,Jacoby Brissett,Premier quart-temps - Touchdowns de course du joueur Plus / Moins,31475,77069,1763538478,4598078749,Jacoby Brissett (ARI) moins de 0.5,Jacoby Brissett (ARI) moins de 0.5,0.0,7,False
16552160,ARZ Cardinals vs. DET Lions,Jared Goff,Premier quart-temps - Touchdowns de course du joueur Plus / Moins,31475,77069,1763538530,4598078843,Jared Goff (DET) Plus de 0.5,Jared Goff (DET) Plus de 0.5,8.5,0,False
16552160,ARZ Cardinals vs. DET Lions,Jared Goff,Premier quart-temps - Touchdowns de course du joueur Plus / Moins,31475,77069,1763538530,4598078844,Jared Goff (DET) moins de 0.5,Jared Goff (DET) moins de 0.5,0.0,7,False
16552160,ARZ Cardinals vs. DET Lions,Sione Vaki,Premier quart-temps - Touchdowns de course du joueur Plus / Moins,31475,77069,1763539524,4598080576,Sione Vaki (DET) moins de 0.5,Sione Vaki (DET) moins de 0.5,0.0,7,False
16552160,ARZ Cardinals vs. DET Lions,Sione Vaki,Premier quart-temps - Touchdowns de course du joueur Plus / Moins,31475,77069,1763539524,4598080575,Sione Vaki (DET) Plus de 0.5,Sione Vaki (DET) Plus de 0.5,8.5,0,False
16552160,ARZ Cardinals vs. DET Lions,Amon-Ra St. Brown,Premier quart-temps - Touchdowns de réception du joueur Plus / Moins,31469,77063,1763539059,4598079761,Amon-Ra St. Brown (DET) Plus de 0.5,Amon-Ra St. Brown (DET) Plus de 0.5,5.0,0,False
16552160,ARZ Cardinals vs. DET Lions,Amon-Ra St. Brown,Premier quart-temps - Touchdowns de réception du joueur Plus / Moins,31469,77063,1763539059,4598079762,Amon-Ra St. Brown (DET) moins de 0.5,Amon-Ra St. Brown (DET) moins de 0.5,1.1,0,False
16552160,ARZ Cardinals vs. DET Lions,Jameson Williams,Premier quart-temps - Touchdowns de réception du joueur Plus / Moins,31469,77063,1763539291,4598080166,Jameson Williams (DET) Plus de 0.5,Jameson Williams (DET) Plus de 0.5,6.25,0,False
16552160,ARZ Cardinals vs. DET Lions,Jameson Williams,Premier quart-temps - Touchdowns de réception du joueur Plus / Moins,31469,77063,1763539291,4598080167,Jameson Williams (DET) moins de 0.5,Jameson Williams (DET) moins de 0.5,1.05,0,False
16552160,ARZ Cardinals vs. DET Lions,Michael Wilson,Premier quart-temps - Touchdowns de réception du joueur Plus / Moins,31469,77063,1763539027,4598079707,Michael Wilson (ARI) Plus de 0.5,Michael Wilson (ARI) Plus de 0.5,6.25,0,False
16552160,ARZ Cardinals vs. DET Lions,Michael Wilson,Premier quart-temps - Touchdowns de réception du joueur Plus / Moins,31469,77063,1763539027,4598079708,Michael Wilson (ARI) moins de 0.5,Michael Wilson (ARI) moins de 0.5,1.05,0,False
16552160,ARZ Cardinals vs. DET Lions,Sam LaPorta,Premier quart-temps - Touchdowns de réception du joueur Plus / Moins,31469,77063,1763539264,4598080121,Sam LaPorta (DET) Plus de 0.5,Sam LaPorta (DET) Plus de 0.5,6.25,0,False
16552160,ARZ Cardinals vs. DET Lions,Sam LaPorta,Premier quart-temps - Touchdowns de réception du joueur Plus / Moins,31469,77063,1763539264,4598080122,Sam LaPorta (DET) moins de 0.5,Sam LaPorta (DET) moins de 0.5,1.05,0,False
16552160,ARZ Cardinals vs. DET Lions,Trey McBride,Premier quart-temps - Touchdowns de réception du joueur Plus / Moins,31469,77063,1763538954,4598079582,Trey McBride (ARI) Plus de 0.5,Trey McBride (ARI) Plus de 0.5,6.25,0,False
16552160,ARZ Cardinals vs. DET Lions,Trey McBride,Premier quart-temps - Touchdowns de réception du joueur Plus / Moins,31469,77063,1763538954,4598079583,Trey McBride (ARI) moins de 0.5,Trey McBride (ARI) moins de 0.5,1.05,0,False
16552160,ARZ Cardinals vs. DET Lions,Isaac TeSlaa,Premier quart-temps - Touchdowns de réception du joueur Plus / Moins,31469,77063,1763539569,4598080653,Isaac TeSlaa (DET) Plus de 0.5,Isaac TeSlaa (DET) Plus de 0.5,7.75,0,False
16552160,ARZ Cardinals vs. DET Lions,Isaac TeSlaa,Premier quart-temps - Touchdowns de réception du joueur Plus / Moins,31469,77063,1763539569,4598080654,Isaac TeSlaa (DET) moins de 0.5,Isaac TeSlaa (DET) moins de 0.5,1.02,0,False
16552160,ARZ Cardinals vs. DET Lions,Jahmyr Gibbs,Premier quart-temps - Touchdowns de réception du joueur Plus / Moins,31469,77063,1763539336,4598080244,Jahmyr Gibbs (DET) Plus de 0.5,Jahmyr Gibbs (DET) Plus de 0.5,7.75,0,False
16552160,ARZ Cardinals vs. DET Lions,Jahmyr Gibbs,Premier quart-temps - Touchdowns de réception du joueur Plus / Moins,31469,77063,1763539336,4598080245,Jahmyr Gibbs (DET) moins de 0.5,Jahmyr Gibbs (DET) moins de 0.5,1.02,0,False
16552160,ARZ Cardinals vs. DET Lions,Brock Wright,Premier quart-temps - Touchdowns de réception du joueur Plus / Moins,31469,77063,1763538850,4598079405,Brock Wright (DET) Plus de 0.5,Brock Wright (DET) Plus de 0.5,8.5,0,False
16552160,ARZ Cardinals vs. DET Lions,Brock Wright,Premier quart-temps - Touchdowns de réception du joueur Plus / Moins,31469,77063,1763538850,4598079406,Brock Wright (DET) moins de 0.5,Brock Wright (DET) moins de 0.5,0.0,7,False
16552160,ARZ Cardinals vs. DET Lions,Elijah Higgins,Premier quart-temps - Touchdowns de réception du joueur Plus / Moins,31469,77063,1763539184,4598079981,Elijah Higgins (ARI) Plus de 0.5,Elijah Higgins (ARI) Plus de 0.5,8.5,0,False
16552160,ARZ Cardinals vs. DET Lions,Elijah Higgins,Premier quart-temps - Touchdowns de réception du joueur Plus / Moins,31469,77063,1763539184,4598079982,Elijah Higgins (ARI) moins de 0.5,Elijah Higgins (ARI) moins de 0.5,0.0,7,False
16552160,ARZ Cardinals vs. DET Lions,Jeremiyah Love,Premier quart-temps - Touchdowns de réception du joueur Plus / Moins,31469,77063,1763539613,4598080729,Jeremiyah Love (ARI) Plus de 0.5,Jeremiyah Love (ARI) Plus de 0.5,8.5,0,False
16552160,ARZ Cardinals vs. DET Lions,Jeremiyah Love,Premier quart-temps - Touchdowns de réception du joueur Plus / Moins,31469,77063,1763539613,4598080730,Jeremiyah Love (ARI) moins de 0.5,Jeremiyah Love (ARI) moins de 0.5,0.0,7,False
16552160,ARZ Cardinals vs. DET Lions,Kendrick Bourne,Premier quart-temps - Touchdowns de réception du joueur Plus / Moins,31469,77063,1763538618,4598079000,Kendrick Bourne (ARI) moins de 0.5,Kendrick Bourne (ARI) moins de 0.5,0.0,7,False
16552160,ARZ Cardinals vs. DET Lions,Kendrick Bourne,Premier quart-temps - Touchdowns de réception du joueur Plus / Moins,31469,77063,1763538618,4598078999,Kendrick Bourne (ARI) Plus de 0.5,Kendrick Bourne (ARI) Plus de 0.5,8.5,0,False
16552160,ARZ Cardinals vs. DET Lions,Marvin Harrison Jr.,Premier quart-temps - Touchdowns de réception du joueur Plus / Moins,31469,77063,1763539463,4598080466,Marvin Harrison Jr. (ARI) Plus de 0.5,Marvin Harrison Jr. (ARI) Plus de 0.5,8.5,0,False
16552160,ARZ Cardinals vs. DET Lions,Marvin Harrison Jr.,Premier quart-temps - Touchdowns de réception du joueur Plus / Moins,31469,77063,1763539463,4598080467,Marvin Harrison Jr. (ARI) moins de 0.5,Marvin Harrison Jr. (ARI) moins de 0.5,1.01,0,False
16552160,ARZ Cardinals vs. DET Lions,Tyler Allgeier,Premier quart-temps - Touchdowns de réception du joueur Plus / Moins,31469,77063,1763539097,4598079826,Tyler Allgeier (ARI) Plus de 0.5,Tyler Allgeier (ARI) Plus de 0.5,8.5,0,False
16552160,ARZ Cardinals vs. DET Lions,Tyler Allgeier,Premier quart-temps - Touchdowns de réception du joueur Plus / Moins,31469,77063,1763539097,4598079827,Tyler Allgeier (ARI) moins de 0.5,Tyler Allgeier (ARI) moins de 0.5,0.0,7,False
16552160,ARZ Cardinals vs. DET Lions,Jared Goff,Premier quart-temps - 	 Total de Touchdowns à la passe du joueur - Plus/Moins,31463,77057,1763538508,4598078800,Jared Goff (DET) moins de 0.5,Jared Goff (DET) moins de 0.5,1.5264,0,False
16552160,ARZ Cardinals vs. DET Lions,Jared Goff,Premier quart-temps - 	 Total de Touchdowns à la passe du joueur - Plus/Moins,31463,77057,1763538508,4598078799,Jared Goff (DET) Plus de 0.5,Jared Goff (DET) Plus de 0.5,2.2,0,False
16552160,ARZ Cardinals vs. DET Lions,Jacoby Brissett,Premier quart-temps - 	 Total de Touchdowns à la passe du joueur - Plus/Moins,31463,77057,1763538456,4598078704,Jacoby Brissett (ARI) Plus de 0.5,Jacoby Brissett (ARI) Plus de 0.5,2.85,0,False
16552160,ARZ Cardinals vs. DET Lions,Jacoby Brissett,Premier quart-temps - 	 Total de Touchdowns à la passe du joueur - Plus/Moins,31463,77057,1763538456,4598078705,Jacoby Brissett (ARI) moins de 0.5,Jacoby Brissett (ARI) moins de 0.5,1.3125,0,False
16552160,ARZ Cardinals vs. DET Lions,Jared Goff,Deuxième quart-temps - 	 Total de Touchdowns à la passe du joueur - Plus/Moins,31463,77057,1763538509,4598078801,Jared Goff (DET) Plus de 0.5,Jared Goff (DET) Plus de 0.5,1.7143,0,False
16552160,ARZ Cardinals vs. DET Lions,Jared Goff,Deuxième quart-temps - 	 Total de Touchdowns à la passe du joueur - Plus/Moins,31463,77057,1763538509,4598078802,Jared Goff (DET) moins de 0.5,Jared Goff (DET) moins de 0.5,1.9091,0,False
16552160,ARZ Cardinals vs. DET Lions,Jacoby Brissett,Deuxième quart-temps - 	 Total de Touchdowns à la passe du joueur - Plus/Moins,31463,77057,1763538457,4598078706,Jacoby Brissett (ARI) Plus de 0.5,Jacoby Brissett (ARI) Plus de 0.5,2.2,0,False
16552160,ARZ Cardinals vs. DET Lions,Jacoby Brissett,Deuxième quart-temps - 	 Total de Touchdowns à la passe du joueur - Plus/Moins,31463,77057,1763538457,4598078707,Jacoby Brissett (ARI) moins de 0.5,Jacoby Brissett (ARI) moins de 0.5,1.5264,0,False
16552160,ARZ Cardinals vs. DET Lions,Jared Goff,Troisième quart-temps - 	 Total de Touchdowns à la passe du joueur - Plus/Moins,31463,77057,1763538510,4598078803,Jared Goff (DET) Plus de 0.5,Jared Goff (DET) Plus de 0.5,2.2,0,False
16552160,ARZ Cardinals vs. DET Lions,Jared Goff,Troisième quart-temps - 	 Total de Touchdowns à la passe du joueur - Plus/Moins,31463,77057,1763538510,4598078804,Jared Goff (DET) moins de 0.5,Jared Goff (DET) moins de 0.5,1.5264,0,False
16552160,ARZ Cardinals vs. DET Lions,Jacoby Brissett,Troisième quart-temps - 	 Total de Touchdowns à la passe du joueur - Plus/Moins,31463,77057,1763538458,4598078708,Jacoby Brissett (ARI) Plus de 0.5,Jacoby Brissett (ARI) Plus de 0.5,2.7,0,False
16552160,ARZ Cardinals vs. DET Lions,Jacoby Brissett,Troisième quart-temps - 	 Total de Touchdowns à la passe du joueur - Plus/Moins,31463,77057,1763538458,4598078709,Jacoby Brissett (ARI) moins de 0.5,Jacoby Brissett (ARI) moins de 0.5,1.3572,0,False
16552160,ARZ Cardinals vs. DET Lions,Jared Goff,Quatrième quart-temps - 	 Total de Touchdowns à la passe du joueur - Plus/Moins,31463,77057,1763538511,4598078805,Jared Goff (DET) Plus de 0.5,Jared Goff (DET) Plus de 0.5,1.9091,0,False
16552160,ARZ Cardinals vs. DET Lions,Jared Goff,Quatrième quart-temps - 	 Total de Touchdowns à la passe du joueur - Plus/Moins,31463,77057,1763538511,4598078806,Jared Goff (DET) moins de 0.5,Jared Goff (DET) moins de 0.5,1.7143,0,False
16552160,ARZ Cardinals vs. DET Lions,Jacoby Brissett,Quatrième quart-temps - 	 Total de Touchdowns à la passe du joueur - Plus/Moins,31463,77057,1763538459,4598078710,Jacoby Brissett (ARI) Plus de 0.5,Jacoby Brissett (ARI) Plus de 0.5,1.9524,0,False
16552160,ARZ Cardinals vs. DET Lions,Jacoby Brissett,Quatrième quart-temps - 	 Total de Touchdowns à la passe du joueur - Plus/Moins,31463,77057,1763538459,4598078711,Jacoby Brissett (ARI) moins de 0.5,Jacoby Brissett (ARI) moins de 0.5,1.6667,0,False
16552160,ARZ Cardinals vs. DET Lions,Marvin Harrison,Joueur total de réception (Marvin Harrison (ARI)) (incl. OT),2142,72897,1767231842,4609485440,7+,7+,9.0,0,False
16552160,ARZ Cardinals vs. DET Lions,Marvin Harrison,Joueur total de réception (Marvin Harrison (ARI)) (incl. OT),2142,72897,1767231842,4609485441,8+,8+,17.0,0,False
16552160,ARZ Cardinals vs. DET Lions,Marvin Harrison,Joueur total de réception (Marvin Harrison (ARI)) (incl. OT),2142,72897,1767231842,4609485442,2+,2+,1.1667,0,False
16552160,ARZ Cardinals vs. DET Lions,Marvin Harrison,Joueur total de réception (Marvin Harrison (ARI)) (incl. OT),2142,72897,1767231842,4609485436,3+,3+,1.7143,0,False
16552160,ARZ Cardinals vs. DET Lions,Marvin Harrison,Joueur total de réception (Marvin Harrison (ARI)) (incl. OT),2142,72897,1767231842,4609485437,4+,4+,2.35,0,False
16552160,ARZ Cardinals vs. DET Lions,Marvin Harrison,Joueur total de réception (Marvin Harrison (ARI)) (incl. OT),2142,72897,1767231842,4609485438,5+,5+,3.5,0,False
16552160,ARZ Cardinals vs. DET Lions,Marvin Harrison,Joueur total de réception (Marvin Harrison (ARI)) (incl. OT),2142,72897,1767231842,4609485439,6+,6+,5.5,0,False
16552160,ARZ Cardinals vs. DET Lions,Sam LaPorta,Joueur total de réception (Sam LaPorta (DET)) (incl. OT),2142,72897,1767231646,4609484950,5+,5+,1.6471,0,False
16552160,ARZ Cardinals vs. DET Lions,Sam LaPorta,Joueur total de réception (Sam LaPorta (DET)) (incl. OT),2142,72897,1767231646,4609484951,6+,6+,2.3,0,False
16552160,ARZ Cardinals vs. DET Lions,Sam LaPorta,Joueur total de réception (Sam LaPorta (DET)) (incl. OT),2142,72897,1767231646,4609484952,7+,7+,3.4,0,False
16552160,ARZ Cardinals vs. DET Lions,Sam LaPorta,Joueur total de réception (Sam LaPorta (DET)) (incl. OT),2142,72897,1767231646,4609484953,8+,8+,5.5,0,False
16552160,ARZ Cardinals vs. DET Lions,Sam LaPorta,Joueur total de réception (Sam LaPorta (DET)) (incl. OT),2142,72897,1767231646,4609484954,9+,9+,9.0,0,False
16552160,ARZ Cardinals vs. DET Lions,Sam LaPorta,Joueur total de réception (Sam LaPorta (DET)) (incl. OT),2142,72897,1767231646,4609484955,10+,10+,18.0,0,False
16552160,ARZ Cardinals vs. DET Lions,Sam LaPorta,Joueur total de réception (Sam LaPorta (DET)) (incl. OT),2142,72897,1767231646,4609484956,4+,4+,1.1819,0,False
16552160,ARZ Cardinals vs. DET Lions,Jahmyr Gibbs,Joueur total de réception (Jahmyr Gibbs (DET)) (incl. OT),2142,72897,1767231644,4609484933,5+,5+,1.6897,0,False
16552160,ARZ Cardinals vs. DET Lions,Jahmyr Gibbs,Joueur total de réception (Jahmyr Gibbs (DET)) (incl. OT),2142,72897,1767231644,4609484934,6+,6+,2.2,0,False
16552160,ARZ Cardinals vs. DET Lions,Jahmyr Gibbs,Joueur total de réception (Jahmyr Gibbs (DET)) (incl. OT),2142,72897,1767231644,4609484935,7+,7+,3.0,0,False
16552160,ARZ Cardinals vs. DET Lions,Jahmyr Gibbs,Joueur total de réception (Jahmyr Gibbs (DET)) (incl. OT),2142,72897,1767231644,4609484936,8+,8+,4.3,0,False
16552160,ARZ Cardinals vs. DET Lions,Jahmyr Gibbs,Joueur total de réception (Jahmyr Gibbs (DET)) (incl. OT),2142,72897,1767231644,4609484937,9+,9+,6.5,0,False
16552160,ARZ Cardinals vs. DET Lions,Jahmyr Gibbs,Joueur total de réception (Jahmyr Gibbs (DET)) (incl. OT),2142,72897,1767231644,4609484938,10+,10+,11.0,0,False
16552160,ARZ Cardinals vs. DET Lions,Jahmyr Gibbs,Joueur total de réception (Jahmyr Gibbs (DET)) (incl. OT),2142,72897,1767231644,4609484939,4+,4+,1.2353,0,False
16552160,ARZ Cardinals vs. DET Lions,Jeremiyah Love,Joueur total de réception (Jeremiyah Love (ARI)) (incl. OT),2142,72897,1767231962,4609485824,7+,7+,20.0,0,False
16552160,ARZ Cardinals vs. DET Lions,Jeremiyah Love,Joueur total de réception (Jeremiyah Love (ARI)) (incl. OT),2142,72897,1767231962,4609485825,8+,8+,41.0,0,False
16552160,ARZ Cardinals vs. DET Lions,Jeremiyah Love,Joueur total de réception (Jeremiyah Love (ARI)) (incl. OT),2142,72897,1767231962,4609485826,2+,2+,1.25,0,False
16552160,ARZ Cardinals vs. DET Lions,Jeremiyah Love,Joueur total de réception (Jeremiyah Love (ARI)) (incl. OT),2142,72897,1767231962,4609485820,3+,3+,1.9091,0,False
16552160,ARZ Cardinals vs. DET Lions,Jeremiyah Love,Joueur total de réception (Jeremiyah Love (ARI)) (incl. OT),2142,72897,1767231962,4609485821,4+,4+,2.95,0,False
16552160,ARZ Cardinals vs. DET Lions,Jeremiyah Love,Joueur total de réception (Jeremiyah Love (ARI)) (incl. OT),2142,72897,1767231962,4609485822,5+,5+,5.0,0,False
16552160,ARZ Cardinals vs. DET Lions,Jeremiyah Love,Joueur total de réception (Jeremiyah Love (ARI)) (incl. OT),2142,72897,1767231962,4609485823,6+,6+,10.0,0,False
16552160,ARZ Cardinals vs. DET Lions,Trey McBride,Joueur total de réception (Trey McBride (ARI)) (incl. OT),2142,72897,1767231648,4609484967,8+,8+,1.7143,0,False
16552160,ARZ Cardinals vs. DET Lions,Trey McBride,Joueur total de réception (Trey McBride (ARI)) (incl. OT),2142,72897,1767231648,4609484968,9+,9+,2.3,0,False
16552160,ARZ Cardinals vs. DET Lions,Trey McBride,Joueur total de réception (Trey McBride (ARI)) (incl. OT),2142,72897,1767231648,4609484969,10+,10+,3.2,0,False
16552160,ARZ Cardinals vs. DET Lions,Trey McBride,Joueur total de réception (Trey McBride (ARI)) (incl. OT),2142,72897,1767231648,4609484970,11+,11+,5.0,0,False
16552160,ARZ Cardinals vs. DET Lions,Trey McBride,Joueur total de réception (Trey McBride (ARI)) (incl. OT),2142,72897,1767231648,4609484971,12+,12+,7.75,0,False
16552160,ARZ Cardinals vs. DET Lions,Trey McBride,Joueur total de réception (Trey McBride (ARI)) (incl. OT),2142,72897,1767231648,4609484972,13+,13+,14.0,0,False
16552160,ARZ Cardinals vs. DET Lions,Trey McBride,Joueur total de réception (Trey McBride (ARI)) (incl. OT),2142,72897,1767231648,4609484973,7+,7+,1.2667,0,False
16552160,ARZ Cardinals vs. DET Lions,Jameson Williams,Joueur total de réception (Jameson Williams (DET)) (incl. OT),2142,72897,1767231637,4609484875,4+,4+,1.9091,0,False
16552160,ARZ Cardinals vs. DET Lions,Jameson Williams,Joueur total de réception (Jameson Williams (DET)) (incl. OT),2142,72897,1767231637,4609484876,5+,5+,2.65,0,False
16552160,ARZ Cardinals vs. DET Lions,Jameson Williams,Joueur total de réception (Jameson Williams (DET)) (incl. OT),2142,72897,1767231637,4609484877,6+,6+,3.85,0,False
16552160,ARZ Cardinals vs. DET Lions,Jameson Williams,Joueur total de réception (Jameson Williams (DET)) (incl. OT),2142,72897,1767231637,4609484878,7+,7+,6.25,0,False
16552160,ARZ Cardinals vs. DET Lions,Jameson Williams,Joueur total de réception (Jameson Williams (DET)) (incl. OT),2142,72897,1767231637,4609484879,8+,8+,11.0,0,False
16552160,ARZ Cardinals vs. DET Lions,Jameson Williams,Joueur total de réception (Jameson Williams (DET)) (incl. OT),2142,72897,1767231637,4609484880,9+,9+,20.0,0,False
16552160,ARZ Cardinals vs. DET Lions,Jameson Williams,Joueur total de réception (Jameson Williams (DET)) (incl. OT),2142,72897,1767231637,4609484881,3+,3+,1.3334,0,False
16552160,ARZ Cardinals vs. DET Lions,Isaac TeSlaa,Joueur total de réception (Isaac TeSlaa (DET)) (incl. OT),2142,72897,1767231640,4609484899,3+,3+,2.3,0,False
16552160,ARZ Cardinals vs. DET Lions,Isaac TeSlaa,Joueur total de réception (Isaac TeSlaa (DET)) (incl. OT),2142,72897,1767231640,4609484900,4+,4+,3.4,0,False
16552160,ARZ Cardinals vs. DET Lions,Isaac TeSlaa,Joueur total de réception (Isaac TeSlaa (DET)) (incl. OT),2142,72897,1767231640,4609484901,5+,5+,6.0,0,False
16552160,ARZ Cardinals vs. DET Lions,Isaac TeSlaa,Joueur total de réception (Isaac TeSlaa (DET)) (incl. OT),2142,72897,1767231640,4609484902,6+,6+,12.0,0,False
16552160,ARZ Cardinals vs. DET Lions,Isaac TeSlaa,Joueur total de réception (Isaac TeSlaa (DET)) (incl. OT),2142,72897,1767231640,4609484903,7+,7+,26.0,0,False
16552160,ARZ Cardinals vs. DET Lions,Isaac TeSlaa,Joueur total de réception (Isaac TeSlaa (DET)) (incl. OT),2142,72897,1767231640,4609484904,2+,2+,1.4167,0,False
16552160,ARZ Cardinals vs. DET Lions,Kendrick Bourne,Joueur total de réception (Kendrick Bourne (ARI)) (incl. OT),2142,72897,1767231638,4609484882,3+,3+,2.15,0,False
16552160,ARZ Cardinals vs. DET Lions,Kendrick Bourne,Joueur total de réception (Kendrick Bourne (ARI)) (incl. OT),2142,72897,1767231638,4609484883,4+,4+,2.7,0,False
16552160,ARZ Cardinals vs. DET Lions,Kendrick Bourne,Joueur total de réception (Kendrick Bourne (ARI)) (incl. OT),2142,72897,1767231638,4609484884,5+,5+,3.75,0,False
16552160,ARZ Cardinals vs. DET Lions,Kendrick Bourne,Joueur total de réception (Kendrick Bourne (ARI)) (incl. OT),2142,72897,1767231638,4609484885,6+,6+,5.25,0,False
16552160,ARZ Cardinals vs. DET Lions,Kendrick Bourne,Joueur total de réception (Kendrick Bourne (ARI)) (incl. OT),2142,72897,1767231638,4609484886,7+,7+,8.0,0,False
16552160,ARZ Cardinals vs. DET Lions,Kendrick Bourne,Joueur total de réception (Kendrick Bourne (ARI)) (incl. OT),2142,72897,1767231638,4609484887,8+,8+,13.0,0,False
16552160,ARZ Cardinals vs. DET Lions,Kendrick Bourne,Joueur total de réception (Kendrick Bourne (ARI)) (incl. OT),2142,72897,1767231638,4609484888,2+,2+,1.4762,0,False
16552160,ARZ Cardinals vs. DET Lions,Michael Wilson,Joueur total de réception (Michael Wilson (ARI)) (incl. OT),2142,72897,1767231641,4609484905,6+,6+,2.05,0,False
16552160,ARZ Cardinals vs. DET Lions,Michael Wilson,Joueur total de réception (Michael Wilson (ARI)) (incl. OT),2142,72897,1767231641,4609484906,7+,7+,2.4,0,False
16552160,ARZ Cardinals vs. DET Lions,Michael Wilson,Joueur total de réception (Michael Wilson (ARI)) (incl. OT),2142,72897,1767231641,4609484907,8+,8+,2.95,0,False
16552160,ARZ Cardinals vs. DET Lions,Michael Wilson,Joueur total de réception (Michael Wilson (ARI)) (incl. OT),2142,72897,1767231641,4609484908,9+,9+,3.75,0,False
16552160,ARZ Cardinals vs. DET Lions,Michael Wilson,Joueur total de réception (Michael Wilson (ARI)) (incl. OT),2142,72897,1767231641,4609484909,10+,10+,5.0,0,False
16552160,ARZ Cardinals vs. DET Lions,Michael Wilson,Joueur total de réception (Michael Wilson (ARI)) (incl. OT),2142,72897,1767231641,4609484910,11+,11+,6.5,0,False
16552160,ARZ Cardinals vs. DET Lions,Michael Wilson,Joueur total de réception (Michael Wilson (ARI)) (incl. OT),2142,72897,1767231641,4609484911,5+,5+,1.5883,0,False
16552160,ARZ Cardinals vs. DET Lions,Amon-Ra St. Brown,Joueur total de réception (Amon-Ra St. Brown (DET)) (incl. OT),2142,72897,1767231910,4609485684,8+,8+,2.1,0,False
16552160,ARZ Cardinals vs. DET Lions,Amon-Ra St. Brown,Joueur total de réception (Amon-Ra St. Brown (DET)) (incl. OT),2142,72897,1767231910,4609485685,9+,9+,2.55,0,False
16552160,ARZ Cardinals vs. DET Lions,Amon-Ra St. Brown,Joueur total de réception (Amon-Ra St. Brown (DET)) (incl. OT),2142,72897,1767231910,4609485686,10+,10+,3.3,0,False
16552160,ARZ Cardinals vs. DET Lions,Amon-Ra St. Brown,Joueur total de réception (Amon-Ra St. Brown (DET)) (incl. OT),2142,72897,1767231910,4609485687,11+,11+,4.4,0,False
16552160,ARZ Cardinals vs. DET Lions,Amon-Ra St. Brown,Joueur total de réception (Amon-Ra St. Brown (DET)) (incl. OT),2142,72897,1767231910,4609485688,12+,12+,6.25,0,False
16552160,ARZ Cardinals vs. DET Lions,Amon-Ra St. Brown,Joueur total de réception (Amon-Ra St. Brown (DET)) (incl. OT),2142,72897,1767231910,4609485689,13+,13+,9.0,0,False
16552160,ARZ Cardinals vs. DET Lions,Amon-Ra St. Brown,Joueur total de réception (Amon-Ra St. Brown (DET)) (incl. OT),2142,72897,1767231910,4609485690,7+,7+,1.6061,0,False
