event_id,match,player,market,market_type_id,sport_market_id,child_market_id,odd_id,selection,line,price,odd_status,is_main_bet
17035367,CIN Bengals vs. JAX Jaguars,Trevor Lawrence,Joueur total de yards par la passe (Trevor Lawrence (JAX))(prolongations incluses),2136,72891,1755296121,4576758592,296+,296+,3.0,0,False
17035367,CIN Bengals vs. JAX Jaguars,Trevor Lawrence,Joueur total de yards par la passe (Trevor Lawrence (JAX))(prolongations incluses),2136,72891,1755296121,4576758593,306+,306+,3.5,0,False
17035367,CIN Bengals vs. JAX Jaguars,Trevor Lawrence,Joueur total de yards par la passe (Trevor Lawrence (JAX))(prolongations incluses),2136,72891,1755296121,4576758594,316+,316+,4.0,0,False
17035367,CIN Bengals vs. JAX Jaguars,Trevor Lawrence,Joueur total de yards par la passe (Trevor Lawrence (JAX))(prolongations incluses),2136,72891,1755296121,4576758595,326+,326+,4.75,0,False
17035367,CIN Bengals vs. JAX Jaguars,Trevor Lawrence,Joueur total de yards par la passe (Trevor Lawrence (JAX))(prolongations incluses),2136,72891,1755296121,4576758596,336+,336+,5.75,0,False
17035367,CIN Bengals vs. JAX Jaguars,Trevor Lawrence,Joueur total de yards par la passe (Trevor Lawrence (JAX))(prolongations incluses),2136,72891,1755296121,4576758597,346+,346+,6.75,0,False
17035367,CIN Bengals vs. JAX Jaguars,Trevor Lawrence,Joueur total de yards par la passe (Trevor Lawrence (JAX))(prolongations incluses),2136,72891,1755296121,4576758598,356+,356+,8.5,0,False
17035367,CIN Bengals vs. JAX Jaguars,Trevor Lawrence,Joueur total de yards par la passe (Trevor Lawrence (JAX))(prolongations incluses),2136,72891,1755296121,4576758599,366+,366+,11.0,0,False
17035367,CIN Bengals vs. JAX Jaguars,Trevor Lawrence,Joueur total de yards par la passe (Trevor Lawrence (JAX))(prolongations incluses),2136,72891,1755296121,4576758600,376+,376+,13.0,0,False
17035367,CIN Bengals vs. JAX Jaguars,Trevor Lawrence,Joueur total de yards par la passe (Trevor Lawrence (JAX))(prolongations incluses),2136,72891,1755296121,4576758601,386+,386+,17.0,0,False
17035367,CIN Bengals vs. JAX Jaguars,Trevor Lawrence,Joueur total de yards par la passe (Trevor Lawrence (JAX))(prolongations incluses),2136,72891,1755296121,4576758602,396+,396+,21.0,0,False
17035367,CIN Bengals vs. JAX Jaguars,Trevor Lawrence,Joueur total de yards par la passe (Trevor Lawrence (JAX))(prolongations incluses),2136,72891,1755296121,4576758604,256+,256+,1.8696,0,False
17035367,CIN Bengals vs. JAX Jaguars,Trevor Lawrence,Joueur total de yards par la passe (Trevor Lawrence (JAX))(prolongations incluses),2136,72891,1755296121,4576758605,246+,246+,1.6667,0,False
17035367,CIN Bengals vs. JAX Jaguars,Trevor Lawrence,Joueur total de yards par la passe (Trevor Lawrence (JAX))(prolongations incluses),2136,72891,1755296121,4593304915,236+,236+,1.5,0,False
17035367,CIN Bengals vs. JAX Jaguars,Trevor Lawrence,Joueur total de yards par la passe (Trevor Lawrence (JAX))(prolongations incluses),2136,72891,1755296121,4576758589,266+,266+,2.1,0,False
17035367,CIN Bengals vs. JAX Jaguars,Trevor Lawrence,Joueur total de yards par la passe (Trevor Lawrence (JAX))(prolongations incluses),2136,72891,1755296121,4576758590,276+,276+,2.35,0,False
17035367,CIN Bengals vs. JAX Jaguars,Trevor Lawrence,Joueur total de yards par la passe (Trevor Lawrence (JAX))(prolongations incluses),2136,72891,1755296121,4576758591,286+,286+,2.65,0,False
17035367,CIN Bengals vs. JAX Jaguars,Joe Burrow,Joueur total de yards par la passe (Joe Burrow (CIN))(prolongations incluses),2136,72891,1755296373,4591003104,249+,249+,1.5556,0,False
17035367,CIN Bengals vs. JAX Jaguars,Joe Burrow,Joueur total de yards par la passe (Joe Burrow (CIN))(prolongations incluses),2136,72891,1755296373,4591003088,269+,269+,1.8696,0,False
17035367,CIN Bengals vs. JAX Jaguars,Joe Burrow,Joueur total de yards par la passe (Joe Burrow (CIN))(prolongations incluses),2136,72891,1755296373,4591003089,279+,279+,2.05,0,False
17035367,CIN Bengals vs. JAX Jaguars,Joe Burrow,Joueur total de yards par la passe (Joe Burrow (CIN))(prolongations incluses),2136,72891,1755296373,4591003090,289+,289+,2.25,0,False
17035367,CIN Bengals vs. JAX Jaguars,Joe Burrow,Joueur total de yards par la passe (Joe Burrow (CIN))(prolongations incluses),2136,72891,1755296373,4591003091,299+,299+,2.5,0,False
17035367,CIN Bengals vs. JAX Jaguars,Joe Burrow,Joueur total de yards par la passe (Joe Burrow (CIN))(prolongations incluses),2136,72891,1755296373,4591003092,309+,309+,2.8,0,False
17035367,CIN Bengals vs. JAX Jaguars,Joe Burrow,Joueur total de yards par la passe (Joe Burrow (CIN))(prolongations incluses),2136,72891,1755296373,4591003093,319+,319+,3.1,0,False
17035367,CIN Bengals vs. JAX Jaguars,Joe Burrow,Joueur total de yards par la passe (Joe Burrow (CIN))(prolongations incluses),2136,72891,1755296373,4591003094,329+,329+,3.5,0,False
17035367,CIN Bengals vs. JAX Jaguars,Joe Burrow,Joueur total de yards par la passe (Joe Burrow (CIN))(prolongations incluses),2136,72891,1755296373,4591003095,339+,339+,4.0,0,False
17035367,CIN Bengals vs. JAX Jaguars,Joe Burrow,Joueur total de yards par la passe (Joe Burrow (CIN))(prolongations incluses),2136,72891,1755296373,4591003096,349+,349+,4.75,0,False
17035367,CIN Bengals vs. JAX Jaguars,Joe Burrow,Joueur total de yards par la passe (Joe Burrow (CIN))(prolongations incluses),2136,72891,1755296373,4591003097,359+,359+,5.5,0,False
17035367,CIN Bengals vs. JAX Jaguars,Joe Burrow,Joueur total de yards par la passe (Joe Burrow (CIN))(prolongations incluses),2136,72891,1755296373,4591003098,369+,369+,6.25,0,False
17035367,CIN Bengals vs. JAX Jaguars,Joe Burrow,Joueur total de yards par la passe (Joe Burrow (CIN))(prolongations incluses),2136,72891,1755296373,4591003099,379+,379+,7.5,0,False
17035367,CIN Bengals vs. JAX Jaguars,Joe Burrow,Joueur total de yards par la passe (Joe Burrow (CIN))(prolongations incluses),2136,72891,1755296373,4591003100,389+,389+,9.0,0,False
17035367,CIN Bengals vs. JAX Jaguars,Joe Burrow,Joueur total de yards par la passe (Joe Burrow (CIN))(prolongations incluses),2136,72891,1755296373,4591003101,399+,399+,11.0,0,False
17035367,CIN Bengals vs. JAX Jaguars,Joe Burrow,Joueur total de yards par la passe (Joe Burrow (CIN))(prolongations incluses),2136,72891,1755296373,4591003102,409+,409+,13.0,0,False
17035367,CIN Bengals vs. JAX Jaguars,Joe Burrow,Joueur total de yards par la passe (Joe Burrow (CIN))(prolongations incluses),2136,72891,1755296373,4591003103,259+,259+,1.6897,0,False
17035367,CIN Bengals vs. JAX Jaguars,Chase Brown,Total de Touchdowns du joueur (Incl. Prolongations) (Chase Brown (CIN)),2145,72900,1754090947,4569209683,1+,1+,1.5,0,False
17035367,CIN Bengals vs. JAX Jaguars,Chase Brown,Total de Touchdowns du joueur (Incl. Prolongations) (Chase Brown (CIN)),2145,72900,1754090947,4569209684,2+,2+,3.5,0,False
17035367,CIN Bengals vs. JAX Jaguars,Chase Brown,Total de Touchdowns du joueur (Incl. Prolongations) (Chase Brown (CIN)),2145,72900,1754090947,4569209685,3+,3+,15.0,0,False
17035367,CIN Bengals vs. JAX Jaguars,Ja'Marr Chase,Total de Touchdowns du joueur (Incl. Prolongations) (Ja'Marr Chase (CIN)),2145,72900,1754090945,4569209677,1+,1+,1.8,0,False
17035367,CIN Bengals vs. JAX Jaguars,Ja'Marr Chase,Total de Touchdowns du joueur (Incl. Prolongations) (Ja'Marr Chase (CIN)),2145,72900,1754090945,4569209678,2+,2+,5.0,0,False
17035367,CIN Bengals vs. JAX Jaguars,Ja'Marr Chase,Total de Touchdowns du joueur (Incl. Prolongations) (Ja'Marr Chase (CIN)),2145,72900,1754090945,4569209679,3+,3+,21.0,0,False
17035367,CIN Bengals vs. JAX Jaguars,Bhayshul Tuten,Total de Touchdowns du joueur (Incl. Prolongations) (Bhayshul Tuten (JAX)),2145,72900,1754091094,4569210064,1+,1+,2.0,0,False
17035367,CIN Bengals vs. JAX Jaguars,Bhayshul Tuten,Total de Touchdowns du joueur (Incl. Prolongations) (Bhayshul Tuten (JAX)),2145,72900,1754091094,4569210065,2+,2+,6.0,0,False
17035367,CIN Bengals vs. JAX Jaguars,Bhayshul Tuten,Total de Touchdowns du joueur (Incl. Prolongations) (Bhayshul Tuten (JAX)),2145,72900,1754091094,4569210066,3+,3+,26.0,0,False
17035367,CIN Bengals vs. JAX Jaguars,Tee Higgins,Total de Touchdowns du joueur (Incl. Prolongations) (Tee Higgins (CIN)),2145,72900,1754090943,4569209672,2+,2+,7.0,0,False
17035367,CIN Bengals vs. JAX Jaguars,Tee Higgins,Total de Touchdowns du joueur (Incl. Prolongations) (Tee Higgins (CIN)),2145,72900,1754090943,4569209673,3+,3+,36.0,0,False
17035367,CIN Bengals vs. JAX Jaguars,Tee Higgins,Total de Touchdowns du joueur (Incl. Prolongations) (Tee Higgins (CIN)),2145,72900,1754090943,4569209671,1+,1+,2.2,0,False
17035367,CIN Bengals vs. JAX Jaguars,Parker Washington,Total de Touchdowns du joueur (Incl. Prolongations) (Parker Washington (JAX)),2145,72900,1754090946,4569209680,1+,1+,2.3,0,False
17035367,CIN Bengals vs. JAX Jaguars,Parker Washington,Total de Touchdowns du joueur (Incl. Prolongations) (Parker Washington (JAX)),2145,72900,1754090946,4569209681,2+,2+,7.5,0,False
17035367,CIN Bengals vs. JAX Jaguars,Parker Washington,Total de Touchdowns du joueur (Incl. Prolongations) (Parker Washington (JAX)),2145,72900,1754090946,4569209682,3+,3+,41.0,0,False
17035367,CIN Bengals vs. JAX Jaguars,Jakobi Meyers,Total de Touchdowns du joueur (Incl. Prolongations) (Jakobi Meyers (JAX)),2145,72900,1754091095,4569210067,1+,1+,3.4,0,False
17035367,CIN Bengals vs. JAX Jaguars,Jakobi Meyers,Total de Touchdowns du joueur (Incl. Prolongations) (Jakobi Meyers (JAX)),2145,72900,1754091095,4569210068,2+,2+,17.0,0,False
17035367,CIN Bengals vs. JAX Jaguars,Jakobi Meyers,Total de Touchdowns du joueur (Incl. Prolongations) (Jakobi Meyers (JAX)),2145,72900,1754091095,4569210069,3+,3+,101.0,0,False
17035367,CIN Bengals vs. JAX Jaguars,Brenton Strange,Total de Touchdowns du joueur (Incl. Prolongations) (Brenton Strange (JAX)),2145,72900,1754091039,4569209921,1+,1+,3.5,0,False
17035367,CIN Bengals vs. JAX Jaguars,Brenton Strange,Total de Touchdowns du joueur (Incl. Prolongations) (Brenton Strange (JAX)),2145,72900,1754091039,4569209922,2+,2+,18.0,0,False
17035367,CIN Bengals vs. JAX Jaguars,Brenton Strange,Total de Touchdowns du joueur (Incl. Prolongations) (Brenton Strange (JAX)),2145,72900,1754091039,4569209923,3+,3+,101.0,0,False
17035367,CIN Bengals vs. JAX Jaguars,Mike Gesicki,Total de Touchdowns du joueur (Incl. Prolongations) (Mike Gesicki (CIN)),2145,72900,1754091040,4569209924,1+,1+,3.85,0,False
17035367,CIN Bengals vs. JAX Jaguars,Mike Gesicki,Total de Touchdowns du joueur (Incl. Prolongations) (Mike Gesicki (CIN)),2145,72900,1754091040,4569209925,2+,2+,26.0,0,False
17035367,CIN Bengals vs. JAX Jaguars,Mike Gesicki,Total de Touchdowns du joueur (Incl. Prolongations) (Mike Gesicki (CIN)),2145,72900,1754091040,4569209926,3+,3+,101.0,0,False
17035367,CIN Bengals vs. JAX Jaguars,Brian Thomas,Total de Touchdowns du joueur (Incl. Prolongations) (Brian Thomas (JAX)),2145,72900,1754091042,4569209930,1+,1+,3.85,0,False
17035367,CIN Bengals vs. JAX Jaguars,Brian Thomas,Total de Touchdowns du joueur (Incl. Prolongations) (Brian Thomas (JAX)),2145,72900,1754091042,4569209931,2+,2+,26.0,0,False
17035367,CIN Bengals vs. JAX Jaguars,Brian Thomas,Total de Touchdowns du joueur (Incl. Prolongations) (Brian Thomas (JAX)),2145,72900,1754091042,4569209932,3+,3+,101.0,0,False
17035367,CIN Bengals vs. JAX Jaguars,Christopher Rodriguez Jr.,Total de Touchdowns du joueur (Incl. Prolongations) (Christopher Rodriguez Jr. (JAX)),2145,72900,1754091190,4569210440,2+,2+,21.0,0,False
17035367,CIN Bengals vs. JAX Jaguars,Christopher Rodriguez Jr.,Total de Touchdowns du joueur (Incl. Prolongations) (Christopher Rodriguez Jr. (JAX)),2145,72900,1754091190,4569210441,3+,3+,101.0,0,False
17035367,CIN Bengals vs. JAX Jaguars,Christopher Rodriguez Jr.,Total de Touchdowns du joueur (Incl. Prolongations) (Christopher Rodriguez Jr. (JAX)),2145,72900,1754091190,4569210439,1+,1+,3.85,0,False
17035367,CIN Bengals vs. JAX Jaguars,Trevor Lawrence,Total de Touchdowns du joueur (Incl. Prolongations) (Trevor Lawrence (JAX)),2145,72900,1754090944,4569209674,1+,1+,4.25,0,False
17035367,CIN Bengals vs. JAX Jaguars,Trevor Lawrence,Total de Touchdowns du joueur (Incl. Prolongations) (Trevor Lawrence (JAX)),2145,72900,1754090944,4569209675,2+,2+,26.0,0,False
17035367,CIN Bengals vs. JAX Jaguars,Trevor Lawrence,Total de Touchdowns du joueur (Incl. Prolongations) (Trevor Lawrence (JAX)),2145,72900,1754090944,4569209676,3+,3+,101.0,0,False
17035367,CIN Bengals vs. JAX Jaguars,Samaje Perine,Total de Touchdowns du joueur (Incl. Prolongations) (Samaje Perine (CIN)),2145,72900,1754090941,4569209665,1+,1+,5.0,0,False
17035367,CIN Bengals vs. JAX Jaguars,Samaje Perine,Total de Touchdowns du joueur (Incl. Prolongations) (Samaje Perine (CIN)),2145,72900,1754090941,4569209666,2+,2+,36.0,0,False
17035367,CIN Bengals vs. JAX Jaguars,Samaje Perine,Total de Touchdowns du joueur (Incl. Prolongations) (Samaje Perine (CIN)),2145,72900,1754090941,4569209667,3+,3+,151.0,0,False
17035367,CIN Bengals vs. JAX Jaguars,Dohnte Meyers,Total de Touchdowns du joueur (Incl. Prolongations) (Dohnte Meyers (CIN)),2145,72900,1754091191,4569210442,1+,1+,5.0,0,False
17035367,CIN Bengals vs. JAX Jaguars,Dohnte Meyers,Total de Touchdowns du joueur (Incl. Prolongations) (Dohnte Meyers (CIN)),2145,72900,1754091191,4569210443,2+,2+,36.0,0,False
17035367,CIN Bengals vs. JAX Jaguars,Dohnte Meyers,Total de Touchdowns du joueur (Incl. Prolongations) (Dohnte Meyers (CIN)),2145,72900,1754091191,4569210444,3+,3+,151.0,0,False
17035367,CIN Bengals vs. JAX Jaguars,Drew Sample,Total de Touchdowns du joueur (Incl. Prolongations) (Drew Sample (CIN)),2145,72900,1754090940,4569209664,3+,3+,201.0,0,False
17035367,CIN Bengals vs. JAX Jaguars,Drew Sample,Total de Touchdowns du joueur (Incl. Prolongations) (Drew Sample (CIN)),2145,72900,1754090940,4569209662,1+,1+,7.0,0,False
17035367,CIN Bengals vs. JAX Jaguars,Drew Sample,Total de Touchdowns du joueur (Incl. Prolongations) (Drew Sample (CIN)),2145,72900,1754090940,4569209663,2+,2+,51.0,0,False
17035367,CIN Bengals vs. JAX Jaguars,Josh Cameron,Total de Touchdowns du joueur (Incl. Prolongations) (Josh Cameron (JAX)),2145,72900,1754091195,4569210456,3+,3+,201.0,0,False
17035367,CIN Bengals vs. JAX Jaguars,Josh Cameron,Total de Touchdowns du joueur (Incl. Prolongations) (Josh Cameron (JAX)),2145,72900,1754091195,4569210454,1+,1+,7.0,0,False
17035367,CIN Bengals vs. JAX Jaguars,Josh Cameron,Total de Touchdowns du joueur (Incl. Prolongations) (Josh Cameron (JAX)),2145,72900,1754091195,4569210455,2+,2+,51.0,0,False
17035367,CIN Bengals vs. JAX Jaguars,Joe Burrow,Total de Touchdowns du joueur (Incl. Prolongations) (Joe Burrow (CIN)),2145,72900,1754090942,4569209668,1+,1+,9.0,0,False
17035367,CIN Bengals vs. JAX Jaguars,Joe Burrow,Total de Touchdowns du joueur (Incl. Prolongations) (Joe Burrow (CIN)),2145,72900,1754090942,4569209669,2+,2+,71.0,0,False
17035367,CIN Bengals vs. JAX Jaguars,Joe Burrow,Total de Touchdowns du joueur (Incl. Prolongations) (Joe Burrow (CIN)),2145,72900,1754090942,4569209670,3+,3+,201.0,0,False
17035367,CIN Bengals vs. JAX Jaguars,LeQuint Allen,Total de Touchdowns du joueur (Incl. Prolongations) (LeQuint Allen (JAX)),2145,72900,1754091044,4569209936,1+,1+,9.0,0,False
17035367,CIN Bengals vs. JAX Jaguars,LeQuint Allen,Total de Touchdowns du joueur (Incl. Prolongations) (LeQuint Allen (JAX)),2145,72900,1754091044,4569209937,2+,2+,71.0,0,False
17035367,CIN Bengals vs. JAX Jaguars,LeQuint Allen,Total de Touchdowns du joueur (Incl. Prolongations) (LeQuint Allen (JAX)),2145,72900,1754091044,4569209938,3+,3+,201.0,0,False
17035367,CIN Bengals vs. JAX Jaguars,Ameer Abdullah,Total de Touchdowns du joueur (Incl. Prolongations) (Ameer Abdullah (JAX)),2145,72900,1754091193,4569210448,1+,1+,9.0,0,False
17035367,CIN Bengals vs. JAX Jaguars,Ameer Abdullah,Total de Touchdowns du joueur (Incl. Prolongations) (Ameer Abdullah (JAX)),2145,72900,1754091193,4569210449,2+,2+,71.0,0,False
17035367,CIN Bengals vs. JAX Jaguars,Ameer Abdullah,Total de Touchdowns du joueur (Incl. Prolongations) (Ameer Abdullah (JAX)),2145,72900,1754091193,4569210450,3+,3+,201.0,0,False
17035367,CIN Bengals vs. JAX Jaguars,Mitchell Tinsley,Total de Touchdowns du joueur (Incl. Prolongations) (Mitchell Tinsley (CIN)),2145,72900,1756567486,4577195040,3+,3+,201.0,0,False
17035367,CIN Bengals vs. JAX Jaguars,Mitchell Tinsley,Total de Touchdowns du joueur (Incl. Prolongations) (Mitchell Tinsley (CIN)),2145,72900,1756567486,4577195038,1+,1+,10.0,0,False
17035367,CIN Bengals vs. JAX Jaguars,Mitchell Tinsley,Total de Touchdowns du joueur (Incl. Prolongations) (Mitchell Tinsley (CIN)),2145,72900,1756567486,4577195039,2+,2+,81.0,0,False
17035367,CIN Bengals vs. JAX Jaguars,Nate Boerkircher,Total de Touchdowns du joueur (Incl. Prolongations) (Nate Boerkircher (JAX)),2145,72900,1754091194,4569210451,1+,1+,10.0,0,False
17035367,CIN Bengals vs. JAX Jaguars,Nate Boerkircher,Total de Touchdowns du joueur (Incl. Prolongations) (Nate Boerkircher (JAX)),2145,72900,1754091194,4569210452,2+,2+,81.0,0,False
17035367,CIN Bengals vs. JAX Jaguars,Nate Boerkircher,Total de Touchdowns du joueur (Incl. Prolongations) (Nate Boerkircher (JAX)),2145,72900,1754091194,4569210453,3+,3+,201.0,0,False
17035367,CIN Bengals vs. JAX Jaguars,Erick All,Total de Touchdowns du joueur (Incl. Prolongations) (Erick All (CIN)),2145,72900,1754091041,4569209928,2+,2+,81.0,0,False
17035367,CIN Bengals vs. JAX Jaguars,Erick All,Total de Touchdowns du joueur (Incl. Prolongations) (Erick All (CIN)),2145,72900,1754091041,4569209929,3+,3+,201.0,0,False
17035367,CIN Bengals vs. JAX Jaguars,Erick All,Total de Touchdowns du joueur (Incl. Prolongations) (Erick All (CIN)),2145,72900,1754091041,4569209927,1+,1+,11.0,0,False
17035367,CIN Bengals vs. JAX Jaguars,Jack Endries,Total de Touchdowns du joueur (Incl. Prolongations) (Jack Endries (CIN)),2145,72900,1755652735,4573809833,1+,1+,11.0,0,False
17035367,CIN Bengals vs. JAX Jaguars,Jack Endries,Total de Touchdowns du joueur (Incl. Prolongations) (Jack Endries (CIN)),2145,72900,1755652735,4573809834,2+,2+,81.0,0,False
17035367,CIN Bengals vs. JAX Jaguars,Jack Endries,Total de Touchdowns du joueur (Incl. Prolongations) (Jack Endries (CIN)),2145,72900,1755652735,4573809835,3+,3+,201.0,0,False
17035367,CIN Bengals vs. JAX Jaguars,Tanner Hudson,Total de Touchdowns du joueur (Incl. Prolongations) (Tanner Hudson (CIN)),2145,72900,1756567356,4577194637,1+,1+,12.0,0,False
17035367,CIN Bengals vs. JAX Jaguars,Tanner Hudson,Total de Touchdowns du joueur (Incl. Prolongations) (Tanner Hudson (CIN)),2145,72900,1756567356,4577194638,2+,2+,91.0,0,False
17035367,CIN Bengals vs. JAX Jaguars,Tanner Hudson,Total de Touchdowns du joueur (Incl. Prolongations) (Tanner Hudson (CIN)),2145,72900,1756567356,4577194639,3+,3+,251.0,0,False
17035367,CIN Bengals vs. JAX Jaguars,Travis Hunter,Total de Touchdowns du joueur (Incl. Prolongations) (Travis Hunter (JAX)),2145,72900,1754091046,4569209944,3+,3+,251.0,0,False
17035367,CIN Bengals vs. JAX Jaguars,Travis Hunter,Total de Touchdowns du joueur (Incl. Prolongations) (Travis Hunter (JAX)),2145,72900,1754091046,4569209942,1+,1+,12.0,0,False
17035367,CIN Bengals vs. JAX Jaguars,Travis Hunter,Total de Touchdowns du joueur (Incl. Prolongations) (Travis Hunter (JAX)),2145,72900,1754091046,4569209943,2+,2+,91.0,0,False
17035367,CIN Bengals vs. JAX Jaguars,Quintin Morris,Total de Touchdowns du joueur (Incl. Prolongations) (Quintin Morris (JAX)),2145,72900,1754091045,4569209939,1+,1+,14.0,0,False
17035367,CIN Bengals vs. JAX Jaguars,Quintin Morris,Total de Touchdowns du joueur (Incl. Prolongations) (Quintin Morris (JAX)),2145,72900,1754091045,4569209940,2+,2+,91.0,0,False
17035367,CIN Bengals vs. JAX Jaguars,Quintin Morris,Total de Touchdowns du joueur (Incl. Prolongations) (Quintin Morris (JAX)),2145,72900,1754091045,4569209941,3+,3+,251.0,0,False
17035367,CIN Bengals vs. JAX Jaguars,Tanner Koziol,Total de Touchdowns du joueur (Incl. Prolongations) (Tanner Koziol (JAX)),2145,72900,1754091197,4569210460,1+,1+,14.0,0,False
17035367,CIN Bengals vs. JAX Jaguars,Tanner Koziol,Total de Touchdowns du joueur (Incl. Prolongations) (Tanner Koziol (JAX)),2145,72900,1754091197,4569210461,2+,2+,91.0,0,False
17035367,CIN Bengals vs. JAX Jaguars,Tanner Koziol,Total de Touchdowns du joueur (Incl. Prolongations) (Tanner Koziol (JAX)),2145,72900,1754091197,4569210462,3+,3+,251.0,0,False
17035367,CIN Bengals vs. JAX Jaguars,CJ Williams,Total de Touchdowns du joueur (Incl. Prolongations) (CJ Williams (JAX)),2145,72900,1754091196,4569210457,1+,1+,15.0,0,False
17035367,CIN Bengals vs. JAX Jaguars,CJ Williams,Total de Touchdowns du joueur (Incl. Prolongations) (CJ Williams (JAX)),2145,72900,1754091196,4569210458,2+,2+,101.0,0,False
17035367,CIN Bengals vs. JAX Jaguars,CJ Williams,Total de Touchdowns du joueur (Incl. Prolongations) (CJ Williams (JAX)),2145,72900,1754091196,4569210459,3+,3+,251.0,0,False
17035367,CIN Bengals vs. JAX Jaguars,Tahj Brooks,Total de Touchdowns du joueur (Incl. Prolongations) (Tahj Brooks (CIN)),2145,72900,1754091043,4569209933,1+,1+,18.0,0,False
17035367,CIN Bengals vs. JAX Jaguars,Tahj Brooks,Total de Touchdowns du joueur (Incl. Prolongations) (Tahj Brooks (CIN)),2145,72900,1754091043,4569209934,2+,2+,101.0,0,False
17035367,CIN Bengals vs. JAX Jaguars,Tahj Brooks,Total de Touchdowns du joueur (Incl. Prolongations) (Tahj Brooks (CIN)),2145,72900,1754091043,4569209935,3+,3+,251.0,0,False
17035367,CIN Bengals vs. JAX Jaguars,Joe Burrow,Joueur total de TDs par la passe (Joe Burrow (CIN) (prolongations incluses),2138,72893,1755296120,4572921304,3+,3+,2.35,0,False
17035367,CIN Bengals vs. JAX Jaguars,Joe Burrow,Joueur total de TDs par la passe (Joe Burrow (CIN) (prolongations incluses),2138,72893,1755296120,4572921305,4+,4+,4.5,0,False
17035367,CIN Bengals vs. JAX Jaguars,Joe Burrow,Joueur total de TDs par la passe (Joe Burrow (CIN) (prolongations incluses),2138,72893,1755296120,4572921306,1+,1+,1.0589,0,False
17035367,CIN Bengals vs. JAX Jaguars,Joe Burrow,Joueur total de TDs par la passe (Joe Burrow (CIN) (prolongations incluses),2138,72893,1755296120,4572921303,2+,2+,1.4762,0,False
17035367,CIN Bengals vs. JAX Jaguars,Trevor Lawrence,Joueur total de TDs par la passe (Trevor Lawrence (JAX) (prolongations incluses),2138,72893,1755296289,4572921729,2+,2+,1.7143,0,False
17035367,CIN Bengals vs. JAX Jaguars,Trevor Lawrence,Joueur total de TDs par la passe (Trevor Lawrence (JAX) (prolongations incluses),2138,72893,1755296289,4572921730,3+,3+,2.85,0,False
17035367,CIN Bengals vs. JAX Jaguars,Trevor Lawrence,Joueur total de TDs par la passe (Trevor Lawrence (JAX) (prolongations incluses),2138,72893,1755296289,4572921731,4+,4+,5.75,0,False
17035367,CIN Bengals vs. JAX Jaguars,Trevor Lawrence,Joueur total de TDs par la passe (Trevor Lawrence (JAX) (prolongations incluses),2138,72893,1755296289,4572921732,1+,1+,1.125,0,False
17035367,CIN Bengals vs. JAX Jaguars,Chase Brown,Total des yards reçus par le joueur (Chase Brown (CIN)) (prolongations incluses),2143,72898,1758067248,4582981453,20+,20+,1.8696,0,False
17035367,CIN Bengals vs. JAX Jaguars,Chase Brown,Total des yards reçus par le joueur (Chase Brown (CIN)) (prolongations incluses),2143,72898,1758067248,4582981454,30+,30+,2.4,0,False
17035367,CIN Bengals vs. JAX Jaguars,Chase Brown,Total des yards reçus par le joueur (Chase Brown (CIN)) (prolongations incluses),2143,72898,1758067248,4582981455,40+,40+,3.2,0,False
17035367,CIN Bengals vs. JAX Jaguars,Chase Brown,Total des yards reçus par le joueur (Chase Brown (CIN)) (prolongations incluses),2143,72898,1758067248,4582981456,50+,50+,4.5,0,False
17035367,CIN Bengals vs. JAX Jaguars,Chase Brown,Total des yards reçus par le joueur (Chase Brown (CIN)) (prolongations incluses),2143,72898,1758067248,4582981457,60+,60+,7.0,0,False
17035367,CIN Bengals vs. JAX Jaguars,Chase Brown,Total des yards reçus par le joueur (Chase Brown (CIN)) (prolongations incluses),2143,72898,1758067248,4582981458,70+,70+,11.0,0,False
17035367,CIN Bengals vs. JAX Jaguars,Chase Brown,Total des yards reçus par le joueur (Chase Brown (CIN)) (prolongations incluses),2143,72898,1758067248,4582981459,80+,80+,19.0,0,False
17035367,CIN Bengals vs. JAX Jaguars,Chase Brown,Total des yards reçus par le joueur (Chase Brown (CIN)) (prolongations incluses),2143,72898,1758067248,4582981460,90+,90+,31.0,0,False
17035367,CIN Bengals vs. JAX Jaguars,Chase Brown,Total des yards reçus par le joueur (Chase Brown (CIN)) (prolongations incluses),2143,72898,1758067248,4582981461,10+,10+,1.3449,0,False
17035367,CIN Bengals vs. JAX Jaguars,Dohnte Meyers,Total des yards reçus par le joueur (Dohnte Meyers (CIN)) (prolongations incluses),2143,72898,1758067243,4593306849,72+,72+,12.0,0,False
17035367,CIN Bengals vs. JAX Jaguars,Dohnte Meyers,Total des yards reçus par le joueur (Dohnte Meyers (CIN)) (prolongations incluses),2143,72898,1758067243,4593306850,82+,82+,20.0,0,False
17035367,CIN Bengals vs. JAX Jaguars,Dohnte Meyers,Total des yards reçus par le joueur (Dohnte Meyers (CIN)) (prolongations incluses),2143,72898,1758067243,4593306851,92+,92+,36.0,0,False
17035367,CIN Bengals vs. JAX Jaguars,Dohnte Meyers,Total des yards reçus par le joueur (Dohnte Meyers (CIN)) (prolongations incluses),2143,72898,1758067243,4593306852,12+,12+,1.3449,0,False
17035367,CIN Bengals vs. JAX Jaguars,Dohnte Meyers,Total des yards reçus par le joueur (Dohnte Meyers (CIN)) (prolongations incluses),2143,72898,1758067243,4593306840,22+,22+,1.8696,0,False
17035367,CIN Bengals vs. JAX Jaguars,Dohnte Meyers,Total des yards reçus par le joueur (Dohnte Meyers (CIN)) (prolongations incluses),2143,72898,1758067243,4593306842,32+,32+,2.4,0,False
17035367,CIN Bengals vs. JAX Jaguars,Dohnte Meyers,Total des yards reçus par le joueur (Dohnte Meyers (CIN)) (prolongations incluses),2143,72898,1758067243,4593306843,42+,42+,3.3,0,False
17035367,CIN Bengals vs. JAX Jaguars,Dohnte Meyers,Total des yards reçus par le joueur (Dohnte Meyers (CIN)) (prolongations incluses),2143,72898,1758067243,4593306845,52+,52+,4.5,0,False
17035367,CIN Bengals vs. JAX Jaguars,Dohnte Meyers,Total des yards reçus par le joueur (Dohnte Meyers (CIN)) (prolongations incluses),2143,72898,1758067243,4593306847,62+,62+,7.0,0,False
17035367,CIN Bengals vs. JAX Jaguars,Mike Gesicki,Total des yards reçus par le joueur (Mike Gesicki (CIN)) (prolongations incluses),2143,72898,1758067246,4582856614,28+,28+,1.8696,0,False
17035367,CIN Bengals vs. JAX Jaguars,Mike Gesicki,Total des yards reçus par le joueur (Mike Gesicki (CIN)) (prolongations incluses),2143,72898,1758067246,4582856615,38+,38+,2.3,0,False
17035367,CIN Bengals vs. JAX Jaguars,Mike Gesicki,Total des yards reçus par le joueur (Mike Gesicki (CIN)) (prolongations incluses),2143,72898,1758067246,4582856616,48+,48+,2.9,0,False
17035367,CIN Bengals vs. JAX Jaguars,Mike Gesicki,Total des yards reçus par le joueur (Mike Gesicki (CIN)) (prolongations incluses),2143,72898,1758067246,4582856617,58+,58+,3.85,0,False
17035367,CIN Bengals vs. JAX Jaguars,Mike Gesicki,Total des yards reçus par le joueur (Mike Gesicki (CIN)) (prolongations incluses),2143,72898,1758067246,4582856618,68+,68+,5.25,0,False
17035367,CIN Bengals vs. JAX Jaguars,Mike Gesicki,Total des yards reçus par le joueur (Mike Gesicki (CIN)) (prolongations incluses),2143,72898,1758067246,4582856619,78+,78+,7.5,0,False
17035367,CIN Bengals vs. JAX Jaguars,Mike Gesicki,Total des yards reçus par le joueur (Mike Gesicki (CIN)) (prolongations incluses),2143,72898,1758067246,4582856620,88+,88+,11.0,0,False
17035367,CIN Bengals vs. JAX Jaguars,Mike Gesicki,Total des yards reçus par le joueur (Mike Gesicki (CIN)) (prolongations incluses),2143,72898,1758067246,4582856621,98+,98+,18.0,0,False
17035367,CIN Bengals vs. JAX Jaguars,Mike Gesicki,Total des yards reçus par le joueur (Mike Gesicki (CIN)) (prolongations incluses),2143,72898,1758067246,4582856622,108+,108+,26.0,0,False
17035367,CIN Bengals vs. JAX Jaguars,Mike Gesicki,Total des yards reçus par le joueur (Mike Gesicki (CIN)) (prolongations incluses),2143,72898,1758067246,4582856623,18+,18+,1.4,0,False
17035367,CIN Bengals vs. JAX Jaguars,Brian Thomas,Total des yards reçus par le joueur (Brian Thomas (JAX)) (prolongations incluses),2143,72898,1758067247,4583385344,48+,48+,2.9,0,False
17035367,CIN Bengals vs. JAX Jaguars,Brian Thomas,Total des yards reçus par le joueur (Brian Thomas (JAX)) (prolongations incluses),2143,72898,1758067247,4583385345,58+,58+,3.85,0,False
17035367,CIN Bengals vs. JAX Jaguars,Brian Thomas,Total des yards reçus par le joueur (Brian Thomas (JAX)) (prolongations incluses),2143,72898,1758067247,4583385346,68+,68+,5.25,0,False
17035367,CIN Bengals vs. JAX Jaguars,Brian Thomas,Total des yards reçus par le joueur (Brian Thomas (JAX)) (prolongations incluses),2143,72898,1758067247,4583385347,78+,78+,7.25,0,False
17035367,CIN Bengals vs. JAX Jaguars,Brian Thomas,Total des yards reçus par le joueur (Brian Thomas (JAX)) (prolongations incluses),2143,72898,1758067247,4583385348,88+,88+,11.0,0,False
17035367,CIN Bengals vs. JAX Jaguars,Brian Thomas,Total des yards reçus par le joueur (Brian Thomas (JAX)) (prolongations incluses),2143,72898,1758067247,4583385349,98+,98+,17.0,0,False
17035367,CIN Bengals vs. JAX Jaguars,Brian Thomas,Total des yards reçus par le joueur (Brian Thomas (JAX)) (prolongations incluses),2143,72898,1758067247,4583385350,108+,108+,26.0,0,False
17035367,CIN Bengals vs. JAX Jaguars,Brian Thomas,Total des yards reçus par le joueur (Brian Thomas (JAX)) (prolongations incluses),2143,72898,1758067247,4583385351,18+,18+,1.4,0,False
17035367,CIN Bengals vs. JAX Jaguars,Brian Thomas,Total des yards reçus par le joueur (Brian Thomas (JAX)) (prolongations incluses),2143,72898,1758067247,4583385342,28+,28+,1.8696,0,False
17035367,CIN Bengals vs. JAX Jaguars,Brian Thomas,Total des yards reçus par le joueur (Brian Thomas (JAX)) (prolongations incluses),2143,72898,1758067247,4583385343,38+,38+,2.3,0,False
17035367,CIN Bengals vs. JAX Jaguars,Jakobi Meyers,Total des yards reçus par le joueur (Jakobi Meyers (JAX)) (prolongations incluses),2143,72898,1755296290,4572921923,60+,60+,2.95,0,False
17035367,CIN Bengals vs. JAX Jaguars,Jakobi Meyers,Total des yards reçus par le joueur (Jakobi Meyers (JAX)) (prolongations incluses),2143,72898,1755296290,4572921924,70+,70+,3.85,0,False
17035367,CIN Bengals vs. JAX Jaguars,Jakobi Meyers,Total des yards reçus par le joueur (Jakobi Meyers (JAX)) (prolongations incluses),2143,72898,1755296290,4572921733,40+,40+,1.8696,0,False
17035367,CIN Bengals vs. JAX Jaguars,Jakobi Meyers,Total des yards reçus par le joueur (Jakobi Meyers (JAX)) (prolongations incluses),2143,72898,1755296290,4572921734,50+,50+,2.3,0,False
17035367,CIN Bengals vs. JAX Jaguars,Jakobi Meyers,Total des yards reçus par le joueur (Jakobi Meyers (JAX)) (prolongations incluses),2143,72898,1755296290,4572921925,80+,80+,5.25,0,False
17035367,CIN Bengals vs. JAX Jaguars,Jakobi Meyers,Total des yards reçus par le joueur (Jakobi Meyers (JAX)) (prolongations incluses),2143,72898,1755296290,4572921926,90+,90+,7.75,0,False
17035367,CIN Bengals vs. JAX Jaguars,Jakobi Meyers,Total des yards reçus par le joueur (Jakobi Meyers (JAX)) (prolongations incluses),2143,72898,1755296290,4572921927,100+,100+,12.0,0,False
17035367,CIN Bengals vs. JAX Jaguars,Jakobi Meyers,Total des yards reçus par le joueur (Jakobi Meyers (JAX)) (prolongations incluses),2143,72898,1755296290,4572921930,30+,30+,1.4167,0,False
17035367,CIN Bengals vs. JAX Jaguars,Jakobi Meyers,Total des yards reçus par le joueur (Jakobi Meyers (JAX)) (prolongations incluses),2143,72898,1755296290,4572921928,110+,110+,18.0,0,False
17035367,CIN Bengals vs. JAX Jaguars,Jakobi Meyers,Total des yards reçus par le joueur (Jakobi Meyers (JAX)) (prolongations incluses),2143,72898,1755296290,4572921929,120+,120+,31.0,0,False
17035367,CIN Bengals vs. JAX Jaguars,Brenton Strange,Total des yards reçus par le joueur (Brenton Strange (JAX)) (prolongations incluses),2143,72898,1758067244,4587952591,38+,38+,1.8696,0,False
17035367,CIN Bengals vs. JAX Jaguars,Brenton Strange,Total des yards reçus par le joueur (Brenton Strange (JAX)) (prolongations incluses),2143,72898,1758067244,4587952592,48+,48+,2.3,0,False
17035367,CIN Bengals vs. JAX Jaguars,Brenton Strange,Total des yards reçus par le joueur (Brenton Strange (JAX)) (prolongations incluses),2143,72898,1758067244,4587952593,58+,58+,3.0,0,False
17035367,CIN Bengals vs. JAX Jaguars,Brenton Strange,Total des yards reçus par le joueur (Brenton Strange (JAX)) (prolongations incluses),2143,72898,1758067244,4587952594,68+,68+,4.0,0,False
17035367,CIN Bengals vs. JAX Jaguars,Brenton Strange,Total des yards reçus par le joueur (Brenton Strange (JAX)) (prolongations incluses),2143,72898,1758067244,4587952595,78+,78+,5.5,0,False
17035367,CIN Bengals vs. JAX Jaguars,Brenton Strange,Total des yards reçus par le joueur (Brenton Strange (JAX)) (prolongations incluses),2143,72898,1758067244,4587952596,88+,88+,8.0,0,False
17035367,CIN Bengals vs. JAX Jaguars,Brenton Strange,Total des yards reçus par le joueur (Brenton Strange (JAX)) (prolongations incluses),2143,72898,1758067244,4587952597,98+,98+,13.0,0,False
17035367,CIN Bengals vs. JAX Jaguars,Brenton Strange,Total des yards reçus par le joueur (Brenton Strange (JAX)) (prolongations incluses),2143,72898,1758067244,4587952598,108+,108+,20.0,0,False
17035367,CIN Bengals vs. JAX Jaguars,Brenton Strange,Total des yards reçus par le joueur (Brenton Strange (JAX)) (prolongations incluses),2143,72898,1758067244,4587952599,118+,118+,31.0,0,False
17035367,CIN Bengals vs. JAX Jaguars,Brenton Strange,Total des yards reçus par le joueur (Brenton Strange (JAX)) (prolongations incluses),2143,72898,1758067244,4587952600,28+,28+,1.4348,0,False
17035367,CIN Bengals vs. JAX Jaguars,Tee Higgins,Total des yards reçus par le joueur (Tee Higgins (CIN)) (prolongations incluses),2143,72898,1755296119,4583774944,63+,63+,1.9091,0,False
17035367,CIN Bengals vs. JAX Jaguars,Tee Higgins,Total des yards reçus par le joueur (Tee Higgins (CIN)) (prolongations incluses),2143,72898,1755296119,4583774945,73+,73+,2.2,0,False
17035367,CIN Bengals vs. JAX Jaguars,Tee Higgins,Total des yards reçus par le joueur (Tee Higgins (CIN)) (prolongations incluses),2143,72898,1755296119,4583774946,83+,83+,2.6,0,False
17035367,CIN Bengals vs. JAX Jaguars,Tee Higgins,Total des yards reçus par le joueur (Tee Higgins (CIN)) (prolongations incluses),2143,72898,1755296119,4583774947,93+,93+,3.2,0,False
17035367,CIN Bengals vs. JAX Jaguars,Tee Higgins,Total des yards reçus par le joueur (Tee Higgins (CIN)) (prolongations incluses),2143,72898,1755296119,4583774948,103+,103+,3.85,0,False
17035367,CIN Bengals vs. JAX Jaguars,Tee Higgins,Total des yards reçus par le joueur (Tee Higgins (CIN)) (prolongations incluses),2143,72898,1755296119,4583774949,113+,113+,5.0,0,False
17035367,CIN Bengals vs. JAX Jaguars,Tee Higgins,Total des yards reçus par le joueur (Tee Higgins (CIN)) (prolongations incluses),2143,72898,1755296119,4583774950,123+,123+,6.5,0,False
17035367,CIN Bengals vs. JAX Jaguars,Tee Higgins,Total des yards reçus par le joueur (Tee Higgins (CIN)) (prolongations incluses),2143,72898,1755296119,4583774951,133+,133+,8.5,0,False
17035367,CIN Bengals vs. JAX Jaguars,Tee Higgins,Total des yards reçus par le joueur (Tee Higgins (CIN)) (prolongations incluses),2143,72898,1755296119,4583774952,143+,143+,12.0,0,False
17035367,CIN Bengals vs. JAX Jaguars,Tee Higgins,Total des yards reçus par le joueur (Tee Higgins (CIN)) (prolongations incluses),2143,72898,1755296119,4583774953,53+,53+,1.5,0,False
17035367,CIN Bengals vs. JAX Jaguars,Ja'Marr Chase,Total des yards reçus par le joueur (Ja'Marr Chase (CIN)) (prolongations incluses),2143,72898,1755296376,4591184320,166+,166+,13.0,0,False
17035367,CIN Bengals vs. JAX Jaguars,Ja'Marr Chase,Total des yards reçus par le joueur (Ja'Marr Chase (CIN)) (prolongations incluses),2143,72898,1755296376,4591184321,76+,76+,1.5264,0,False
17035367,CIN Bengals vs. JAX Jaguars,Ja'Marr Chase,Total des yards reçus par le joueur (Ja'Marr Chase (CIN)) (prolongations incluses),2143,72898,1755296376,4591184312,86+,86+,1.8696,0,False
17035367,CIN Bengals vs. JAX Jaguars,Ja'Marr Chase,Total des yards reçus par le joueur (Ja'Marr Chase (CIN)) (prolongations incluses),2143,72898,1755296376,4591184313,96+,96+,2.2,0,False
17035367,CIN Bengals vs. JAX Jaguars,Ja'Marr Chase,Total des yards reçus par le joueur (Ja'Marr Chase (CIN)) (prolongations incluses),2143,72898,1755296376,4591184314,106+,106+,2.65,0,False
17035367,CIN Bengals vs. JAX Jaguars,Ja'Marr Chase,Total des yards reçus par le joueur (Ja'Marr Chase (CIN)) (prolongations incluses),2143,72898,1755296376,4591184315,116+,116+,3.2,0,False
17035367,CIN Bengals vs. JAX Jaguars,Ja'Marr Chase,Total des yards reçus par le joueur (Ja'Marr Chase (CIN)) (prolongations incluses),2143,72898,1755296376,4591184316,126+,126+,4.0,0,False
17035367,CIN Bengals vs. JAX Jaguars,Ja'Marr Chase,Total des yards reçus par le joueur (Ja'Marr Chase (CIN)) (prolongations incluses),2143,72898,1755296376,4591184317,136+,136+,5.25,0,False
17035367,CIN Bengals vs. JAX Jaguars,Ja'Marr Chase,Total des yards reçus par le joueur (Ja'Marr Chase (CIN)) (prolongations incluses),2143,72898,1755296376,4591184318,146+,146+,6.75,0,False
17035367,CIN Bengals vs. JAX Jaguars,Ja'Marr Chase,Total des yards reçus par le joueur (Ja'Marr Chase (CIN)) (prolongations incluses),2143,72898,1755296376,4591184319,156+,156+,9.0,0,False
17035367,CIN Bengals vs. JAX Jaguars,Parker Washington,Total des yards reçus par le joueur (Parker Washington (JAX)) (prolongations incluses),2143,72898,1755296372,4590948640,117+,117+,4.0,0,False
17035367,CIN Bengals vs. JAX Jaguars,Parker Washington,Total des yards reçus par le joueur (Parker Washington (JAX)) (prolongations incluses),2143,72898,1755296372,4590948641,127+,127+,5.25,0,False
17035367,CIN Bengals vs. JAX Jaguars,Parker Washington,Total des yards reçus par le joueur (Parker Washington (JAX)) (prolongations incluses),2143,72898,1755296372,4590948642,137+,137+,7.0,0,False
17035367,CIN Bengals vs. JAX Jaguars,Parker Washington,Total des yards reçus par le joueur (Parker Washington (JAX)) (prolongations incluses),2143,72898,1755296372,4590948644,157+,157+,13.0,0,False
17035367,CIN Bengals vs. JAX Jaguars,Parker Washington,Total des yards reçus par le joueur (Parker Washington (JAX)) (prolongations incluses),2143,72898,1755296372,4590948645,67+,67+,1.5264,0,False
17035367,CIN Bengals vs. JAX Jaguars,Parker Washington,Total des yards reçus par le joueur (Parker Washington (JAX)) (prolongations incluses),2143,72898,1755296372,4590948636,77+,77+,1.8696,0,False
17035367,CIN Bengals vs. JAX Jaguars,Parker Washington,Total des yards reçus par le joueur (Parker Washington (JAX)) (prolongations incluses),2143,72898,1755296372,4590948637,87+,87+,2.2,0,False
17035367,CIN Bengals vs. JAX Jaguars,Parker Washington,Total des yards reçus par le joueur (Parker Washington (JAX)) (prolongations incluses),2143,72898,1755296372,4590948638,97+,97+,2.65,0,False
17035367,CIN Bengals vs. JAX Jaguars,Parker Washington,Total des yards reçus par le joueur (Parker Washington (JAX)) (prolongations incluses),2143,72898,1755296372,4590948639,107+,107+,3.2,0,False
17035367,CIN Bengals vs. JAX Jaguars,Bhayshul Tuten,Total des yards reçus par le joueur (Bhayshul Tuten (JAX)) (prolongations incluses),2143,72898,1758067325,4582107282,11+,11+,1.8334,0,False
17035367,CIN Bengals vs. JAX Jaguars,Bhayshul Tuten,Total des yards reçus par le joueur (Bhayshul Tuten (JAX)) (prolongations incluses),2143,72898,1758067325,4582107283,21+,21+,2.35,0,False
17035367,CIN Bengals vs. JAX Jaguars,Bhayshul Tuten,Total des yards reçus par le joueur (Bhayshul Tuten (JAX)) (prolongations incluses),2143,72898,1758067325,4582107284,31+,31+,3.1,0,False
17035367,CIN Bengals vs. JAX Jaguars,Bhayshul Tuten,Total des yards reçus par le joueur (Bhayshul Tuten (JAX)) (prolongations incluses),2143,72898,1758067325,4582107285,41+,41+,4.3,0,False
17035367,CIN Bengals vs. JAX Jaguars,Bhayshul Tuten,Total des yards reçus par le joueur (Bhayshul Tuten (JAX)) (prolongations incluses),2143,72898,1758067325,4582107286,51+,51+,6.25,0,False
17035367,CIN Bengals vs. JAX Jaguars,Bhayshul Tuten,Total des yards reçus par le joueur (Bhayshul Tuten (JAX)) (prolongations incluses),2143,72898,1758067325,4582107287,61+,61+,10.0,0,False
17035367,CIN Bengals vs. JAX Jaguars,Bhayshul Tuten,Total des yards reçus par le joueur (Bhayshul Tuten (JAX)) (prolongations incluses),2143,72898,1758067325,4582107288,71+,71+,16.0,0,False
17035367,CIN Bengals vs. JAX Jaguars,Bhayshul Tuten,Total des yards reçus par le joueur (Bhayshul Tuten (JAX)) (prolongations incluses),2143,72898,1758067325,4582107802,81+,81+,26.0,0,False
17035367,CIN Bengals vs. JAX Jaguars,Josh Cameron,Total des yards reçus par le joueur (Josh Cameron (JAX)) (prolongations incluses),2143,72898,1758547626,4583378794,10+,10+,1.9091,0,False
17035367,CIN Bengals vs. JAX Jaguars,Josh Cameron,Total des yards reçus par le joueur (Josh Cameron (JAX)) (prolongations incluses),2143,72898,1758547626,4583378795,20+,20+,2.4,0,False
17035367,CIN Bengals vs. JAX Jaguars,Josh Cameron,Total des yards reçus par le joueur (Josh Cameron (JAX)) (prolongations incluses),2143,72898,1758547626,4583378796,30+,30+,3.1,0,False
17035367,CIN Bengals vs. JAX Jaguars,Josh Cameron,Total des yards reçus par le joueur (Josh Cameron (JAX)) (prolongations incluses),2143,72898,1758547626,4583378797,40+,40+,4.3,0,False
17035367,CIN Bengals vs. JAX Jaguars,Josh Cameron,Total des yards reçus par le joueur (Josh Cameron (JAX)) (prolongations incluses),2143,72898,1758547626,4583378798,50+,50+,6.25,0,False
17035367,CIN Bengals vs. JAX Jaguars,Josh Cameron,Total des yards reçus par le joueur (Josh Cameron (JAX)) (prolongations incluses),2143,72898,1758547626,4583378799,60+,60+,10.0,0,False
17035367,CIN Bengals vs. JAX Jaguars,Josh Cameron,Total des yards reçus par le joueur (Josh Cameron (JAX)) (prolongations incluses),2143,72898,1758547626,4583378800,70+,70+,16.0,0,False
17035367,CIN Bengals vs. JAX Jaguars,Josh Cameron,Total des yards reçus par le joueur (Josh Cameron (JAX)) (prolongations incluses),2143,72898,1758547626,4583379051,80+,80+,26.0,0,False
17035367,CIN Bengals vs. JAX Jaguars,Josh Cameron,Total des yards reçus par le joueur (Josh Cameron (JAX)) (prolongations incluses),2143,72898,1758547626,4583379052,90+,90+,51.0,0,False
17035367,CIN Bengals vs. JAX Jaguars,Drew Sample,Total des yards reçus par le joueur (Drew Sample (CIN)) (prolongations incluses),2143,72898,1758067245,4582981445,18+,18+,2.35,0,False
17035367,CIN Bengals vs. JAX Jaguars,Drew Sample,Total des yards reçus par le joueur (Drew Sample (CIN)) (prolongations incluses),2143,72898,1758067245,4582981446,28+,28+,3.1,0,False
17035367,CIN Bengals vs. JAX Jaguars,Drew Sample,Total des yards reçus par le joueur (Drew Sample (CIN)) (prolongations incluses),2143,72898,1758067245,4582981447,38+,38+,4.0,0,False
17035367,CIN Bengals vs. JAX Jaguars,Drew Sample,Total des yards reçus par le joueur (Drew Sample (CIN)) (prolongations incluses),2143,72898,1758067245,4582981448,48+,48+,5.75,0,False
17035367,CIN Bengals vs. JAX Jaguars,Drew Sample,Total des yards reçus par le joueur (Drew Sample (CIN)) (prolongations incluses),2143,72898,1758067245,4582981449,58+,58+,9.0,0,False
17035367,CIN Bengals vs. JAX Jaguars,Drew Sample,Total des yards reçus par le joueur (Drew Sample (CIN)) (prolongations incluses),2143,72898,1758067245,4582981450,68+,68+,14.0,0,False
17035367,CIN Bengals vs. JAX Jaguars,Drew Sample,Total des yards reçus par le joueur (Drew Sample (CIN)) (prolongations incluses),2143,72898,1758067245,4582981451,78+,78+,21.0,0,False
17035367,CIN Bengals vs. JAX Jaguars,Drew Sample,Total des yards reçus par le joueur (Drew Sample (CIN)) (prolongations incluses),2143,72898,1758067245,4582981452,88+,88+,36.0,0,False
17035367,CIN Bengals vs. JAX Jaguars,Samaje Perine,Total des yards reçus par le joueur (Samaje Perine (CIN)) (prolongations incluses),2143,72898,1758067249,4582814309,89+,89+,36.0,0,False
17035367,CIN Bengals vs. JAX Jaguars,Samaje Perine,Total des yards reçus par le joueur (Samaje Perine (CIN)) (prolongations incluses),2143,72898,1758067249,4582814098,19+,19+,2.35,0,False
17035367,CIN Bengals vs. JAX Jaguars,Samaje Perine,Total des yards reçus par le joueur (Samaje Perine (CIN)) (prolongations incluses),2143,72898,1758067249,4582814099,29+,29+,3.0,0,False
17035367,CIN Bengals vs. JAX Jaguars,Samaje Perine,Total des yards reçus par le joueur (Samaje Perine (CIN)) (prolongations incluses),2143,72898,1758067249,4582814100,39+,39+,4.0,0,False
17035367,CIN Bengals vs. JAX Jaguars,Samaje Perine,Total des yards reçus par le joueur (Samaje Perine (CIN)) (prolongations incluses),2143,72898,1758067249,4582814101,49+,49+,5.75,0,False
17035367,CIN Bengals vs. JAX Jaguars,Samaje Perine,Total des yards reçus par le joueur (Samaje Perine (CIN)) (prolongations incluses),2143,72898,1758067249,4582814102,59+,59+,8.5,0,False
17035367,CIN Bengals vs. JAX Jaguars,Samaje Perine,Total des yards reçus par le joueur (Samaje Perine (CIN)) (prolongations incluses),2143,72898,1758067249,4582814103,69+,69+,14.0,0,False
17035367,CIN Bengals vs. JAX Jaguars,Samaje Perine,Total des yards reçus par le joueur (Samaje Perine (CIN)) (prolongations incluses),2143,72898,1758067249,4582814104,79+,79+,21.0,0,False
17035367,CIN Bengals vs. JAX Jaguars,Chase Brown,Joueur total de yards par la course (Chase Brown (CIN)) (prolongations incluses),2140,72895,1755296375,4593181552,59+,59+,1.8696,0,False
17035367,CIN Bengals vs. JAX Jaguars,Chase Brown,Joueur total de yards par la course (Chase Brown (CIN)) (prolongations incluses),2140,72895,1755296375,4593181553,69+,69+,2.25,0,False
17035367,CIN Bengals vs. JAX Jaguars,Chase Brown,Joueur total de yards par la course (Chase Brown (CIN)) (prolongations incluses),2140,72895,1755296375,4593181554,79+,79+,2.85,0,False
17035367,CIN Bengals vs. JAX Jaguars,Chase Brown,Joueur total de yards par la course (Chase Brown (CIN)) (prolongations incluses),2140,72895,1755296375,4593181555,89+,89+,3.75,0,False
17035367,CIN Bengals vs. JAX Jaguars,Chase Brown,Joueur total de yards par la course (Chase Brown (CIN)) (prolongations incluses),2140,72895,1755296375,4593181556,99+,99+,5.0,0,False
17035367,CIN Bengals vs. JAX Jaguars,Chase Brown,Joueur total de yards par la course (Chase Brown (CIN)) (prolongations incluses),2140,72895,1755296375,4593181557,109+,109+,6.75,0,False
17035367,CIN Bengals vs. JAX Jaguars,Chase Brown,Joueur total de yards par la course (Chase Brown (CIN)) (prolongations incluses),2140,72895,1755296375,4593181558,119+,119+,10.0,0,False
17035367,CIN Bengals vs. JAX Jaguars,Chase Brown,Joueur total de yards par la course (Chase Brown (CIN)) (prolongations incluses),2140,72895,1755296375,4593181559,129+,129+,15.0,0,False
17035367,CIN Bengals vs. JAX Jaguars,Chase Brown,Joueur total de yards par la course (Chase Brown (CIN)) (prolongations incluses),2140,72895,1755296375,4593181560,139+,139+,21.0,0,False
17035367,CIN Bengals vs. JAX Jaguars,Chase Brown,Joueur total de yards par la course (Chase Brown (CIN)) (prolongations incluses),2140,72895,1755296375,4593181561,49+,49+,1.4762,0,False
17035367,CIN Bengals vs. JAX Jaguars,Chase Brown,Joueur total de yards par la course (Chase Brown (CIN)) (prolongations incluses),2140,72895,1755296375,4593181562,39+,39+,1.2353,0,False
17035367,CIN Bengals vs. JAX Jaguars,Bhayshul Tuten,Joueur total de yards par la course (Bhayshul Tuten (JAX)) (prolongations incluses),2140,72895,1755296371,4577406884,56+,56+,1.8696,0,False
17035367,CIN Bengals vs. JAX Jaguars,Bhayshul Tuten,Joueur total de yards par la course (Bhayshul Tuten (JAX)) (prolongations incluses),2140,72895,1755296371,4577406885,66+,66+,2.3,0,False
17035367,CIN Bengals vs. JAX Jaguars,Bhayshul Tuten,Joueur total de yards par la course (Bhayshul Tuten (JAX)) (prolongations incluses),2140,72895,1755296371,4577406886,76+,76+,2.9,0,False
17035367,CIN Bengals vs. JAX Jaguars,Bhayshul Tuten,Joueur total de yards par la course (Bhayshul Tuten (JAX)) (prolongations incluses),2140,72895,1755296371,4577406887,86+,86+,3.85,0,False
17035367,CIN Bengals vs. JAX Jaguars,Bhayshul Tuten,Joueur total de yards par la course (Bhayshul Tuten (JAX)) (prolongations incluses),2140,72895,1755296371,4577406888,96+,96+,5.25,0,False
17035367,CIN Bengals vs. JAX Jaguars,Bhayshul Tuten,Joueur total de yards par la course (Bhayshul Tuten (JAX)) (prolongations incluses),2140,72895,1755296371,4577406889,106+,106+,7.25,0,False
17035367,CIN Bengals vs. JAX Jaguars,Bhayshul Tuten,Joueur total de yards par la course (Bhayshul Tuten (JAX)) (prolongations incluses),2140,72895,1755296371,4577406890,116+,116+,11.0,0,False
17035367,CIN Bengals vs. JAX Jaguars,Bhayshul Tuten,Joueur total de yards par la course (Bhayshul Tuten (JAX)) (prolongations incluses),2140,72895,1755296371,4577406891,126+,126+,17.0,0,False
17035367,CIN Bengals vs. JAX Jaguars,Bhayshul Tuten,Joueur total de yards par la course (Bhayshul Tuten (JAX)) (prolongations incluses),2140,72895,1755296371,4577406892,136+,136+,26.0,0,False
17035367,CIN Bengals vs. JAX Jaguars,Bhayshul Tuten,Joueur total de yards par la course (Bhayshul Tuten (JAX)) (prolongations incluses),2140,72895,1755296371,4577406893,46+,46+,1.4762,0,False
17035367,CIN Bengals vs. JAX Jaguars,Bhayshul Tuten,Joueur total de yards par la course (Bhayshul Tuten (JAX)) (prolongations incluses),2140,72895,1755296371,4577406894,36+,36+,1.25,0,False
17035367,CIN Bengals vs. JAX Jaguars,Christopher Rodriguez Jr.,Joueur total de yards par la course (Christopher Rodriguez Jr. (JAX)) (prolongations incluses),2140,72895,1758061448,4582679840,10+,10+,1.3077,0,False
17035367,CIN Bengals vs. JAX Jaguars,Christopher Rodriguez Jr.,Joueur total de yards par la course (Christopher Rodriguez Jr. (JAX)) (prolongations incluses),2140,72895,1758061448,4582679831,20+,20+,1.8696,0,False
17035367,CIN Bengals vs. JAX Jaguars,Christopher Rodriguez Jr.,Joueur total de yards par la course (Christopher Rodriguez Jr. (JAX)) (prolongations incluses),2140,72895,1758061448,4582679832,30+,30+,2.25,0,False
17035367,CIN Bengals vs. JAX Jaguars,Christopher Rodriguez Jr.,Joueur total de yards par la course (Christopher Rodriguez Jr. (JAX)) (prolongations incluses),2140,72895,1758061448,4582679833,40+,40+,2.8,0,False
17035367,CIN Bengals vs. JAX Jaguars,Christopher Rodriguez Jr.,Joueur total de yards par la course (Christopher Rodriguez Jr. (JAX)) (prolongations incluses),2140,72895,1758061448,4582679834,50+,50+,3.6,0,False
17035367,CIN Bengals vs. JAX Jaguars,Christopher Rodriguez Jr.,Joueur total de yards par la course (Christopher Rodriguez Jr. (JAX)) (prolongations incluses),2140,72895,1758061448,4582679835,60+,60+,4.75,0,False
17035367,CIN Bengals vs. JAX Jaguars,Christopher Rodriguez Jr.,Joueur total de yards par la course (Christopher Rodriguez Jr. (JAX)) (prolongations incluses),2140,72895,1758061448,4582679836,70+,70+,6.75,0,False
17035367,CIN Bengals vs. JAX Jaguars,Christopher Rodriguez Jr.,Joueur total de yards par la course (Christopher Rodriguez Jr. (JAX)) (prolongations incluses),2140,72895,1758061448,4582679837,80+,80+,10.0,0,False
17035367,CIN Bengals vs. JAX Jaguars,Christopher Rodriguez Jr.,Joueur total de yards par la course (Christopher Rodriguez Jr. (JAX)) (prolongations incluses),2140,72895,1758061448,4582679838,90+,90+,15.0,0,False
17035367,CIN Bengals vs. JAX Jaguars,Christopher Rodriguez Jr.,Joueur total de yards par la course (Christopher Rodriguez Jr. (JAX)) (prolongations incluses),2140,72895,1758061448,4582679839,100+,100+,21.0,0,False
17035367,CIN Bengals vs. JAX Jaguars,Samaje Perine,Joueur total de yards par la course (Samaje Perine (CIN)) (prolongations incluses),2140,72895,1758061446,4582400231,14+,14+,1.8696,0,False
17035367,CIN Bengals vs. JAX Jaguars,Samaje Perine,Joueur total de yards par la course (Samaje Perine (CIN)) (prolongations incluses),2140,72895,1758061446,4582400232,24+,24+,2.5,0,False
17035367,CIN Bengals vs. JAX Jaguars,Samaje Perine,Joueur total de yards par la course (Samaje Perine (CIN)) (prolongations incluses),2140,72895,1758061446,4582400233,34+,34+,3.5,0,False
17035367,CIN Bengals vs. JAX Jaguars,Samaje Perine,Joueur total de yards par la course (Samaje Perine (CIN)) (prolongations incluses),2140,72895,1758061446,4582400234,44+,44+,5.5,0,False
17035367,CIN Bengals vs. JAX Jaguars,Samaje Perine,Joueur total de yards par la course (Samaje Perine (CIN)) (prolongations incluses),2140,72895,1758061446,4582400235,54+,54+,9.0,0,False
17035367,CIN Bengals vs. JAX Jaguars,Samaje Perine,Joueur total de yards par la course (Samaje Perine (CIN)) (prolongations incluses),2140,72895,1758061446,4582400236,64+,64+,16.0,0,False
17035367,CIN Bengals vs. JAX Jaguars,Samaje Perine,Joueur total de yards par la course (Samaje Perine (CIN)) (prolongations incluses),2140,72895,1758061446,4582400237,74+,74+,31.0,0,False
17035367,CIN Bengals vs. JAX Jaguars,Trevor Lawrence,Joueur total de yards par la course (Trevor Lawrence (JAX)) (prolongations incluses),2140,72895,1758061447,4582092320,45+,45+,4.5,0,False
17035367,CIN Bengals vs. JAX Jaguars,Trevor Lawrence,Joueur total de yards par la course (Trevor Lawrence (JAX)) (prolongations incluses),2140,72895,1758061447,4582092321,55+,55+,6.75,0,False
17035367,CIN Bengals vs. JAX Jaguars,Trevor Lawrence,Joueur total de yards par la course (Trevor Lawrence (JAX)) (prolongations incluses),2140,72895,1758061447,4582098101,65+,65+,11.0,0,False
17035367,CIN Bengals vs. JAX Jaguars,Trevor Lawrence,Joueur total de yards par la course (Trevor Lawrence (JAX)) (prolongations incluses),2140,72895,1758061447,4582098102,75+,75+,19.0,0,False
17035367,CIN Bengals vs. JAX Jaguars,Trevor Lawrence,Joueur total de yards par la course (Trevor Lawrence (JAX)) (prolongations incluses),2140,72895,1758061447,4582098103,85+,85+,31.0,0,False
17035367,CIN Bengals vs. JAX Jaguars,Trevor Lawrence,Joueur total de yards par la course (Trevor Lawrence (JAX)) (prolongations incluses),2140,72895,1758061447,4582092317,15+,15+,1.8696,0,False
17035367,CIN Bengals vs. JAX Jaguars,Trevor Lawrence,Joueur total de yards par la course (Trevor Lawrence (JAX)) (prolongations incluses),2140,72895,1758061447,4582092318,25+,25+,2.4,0,False
17035367,CIN Bengals vs. JAX Jaguars,Trevor Lawrence,Joueur total de yards par la course (Trevor Lawrence (JAX)) (prolongations incluses),2140,72895,1758061447,4582092319,35+,35+,3.2,0,False
17035367,CIN Bengals vs. JAX Jaguars,Joe Burrow,Joueur total de yards par la course (Joe Burrow (CIN)) (prolongations incluses),2140,72895,1758061449,4582092331,19+,19+,2.9,0,False
17035367,CIN Bengals vs. JAX Jaguars,Joe Burrow,Joueur total de yards par la course (Joe Burrow (CIN)) (prolongations incluses),2140,72895,1758061449,4582092332,29+,29+,5.25,0,False
17035367,CIN Bengals vs. JAX Jaguars,Joe Burrow,Joueur total de yards par la course (Joe Burrow (CIN)) (prolongations incluses),2140,72895,1758061449,4582092333,39+,39+,11.0,0,False
17035367,CIN Bengals vs. JAX Jaguars,Joe Burrow,Joueur total de yards par la course (Joe Burrow (CIN)) (prolongations incluses),2140,72895,1758061449,4582092334,49+,49+,26.0,0,False
17035367,CIN Bengals vs. JAX Jaguars,Trevor Lawrence,Passes réussis du joueur (Incl. Prolongations) (Trevor Lawrence (JAX)),2137,72892,1758065103,4582101553,22+,22+,1.8696,0,False
17035367,CIN Bengals vs. JAX Jaguars,Trevor Lawrence,Passes réussis du joueur (Incl. Prolongations) (Trevor Lawrence (JAX)),2137,72892,1758065103,4582101554,24+,24+,2.45,0,False
17035367,CIN Bengals vs. JAX Jaguars,Trevor Lawrence,Passes réussis du joueur (Incl. Prolongations) (Trevor Lawrence (JAX)),2137,72892,1758065103,4582101555,26+,26+,3.4,0,False
17035367,CIN Bengals vs. JAX Jaguars,Trevor Lawrence,Passes réussis du joueur (Incl. Prolongations) (Trevor Lawrence (JAX)),2137,72892,1758065103,4582101556,28+,28+,5.0,0,False
17035367,CIN Bengals vs. JAX Jaguars,Trevor Lawrence,Passes réussis du joueur (Incl. Prolongations) (Trevor Lawrence (JAX)),2137,72892,1758065103,4582101557,30+,30+,7.75,0,False
17035367,CIN Bengals vs. JAX Jaguars,Trevor Lawrence,Passes réussis du joueur (Incl. Prolongations) (Trevor Lawrence (JAX)),2137,72892,1758065103,4582101558,32+,32+,13.0,0,False
17035367,CIN Bengals vs. JAX Jaguars,Trevor Lawrence,Passes réussis du joueur (Incl. Prolongations) (Trevor Lawrence (JAX)),2137,72892,1758065103,4582101559,34+,34+,21.0,0,False
17035367,CIN Bengals vs. JAX Jaguars,Trevor Lawrence,Passes réussis du joueur (Incl. Prolongations) (Trevor Lawrence (JAX)),2137,72892,1758065103,4582101560,20+,20+,1.4445,0,False
17035367,CIN Bengals vs. JAX Jaguars,Joe Burrow,Passes réussis du joueur (Incl. Prolongations) (Joe Burrow (CIN)),2137,72892,1758065104,4582101568,23+,23+,1.5556,0,False
17035367,CIN Bengals vs. JAX Jaguars,Joe Burrow,Passes réussis du joueur (Incl. Prolongations) (Joe Burrow (CIN)),2137,72892,1758065104,4582101561,25+,25+,1.9524,0,False
17035367,CIN Bengals vs. JAX Jaguars,Joe Burrow,Passes réussis du joueur (Incl. Prolongations) (Joe Burrow (CIN)),2137,72892,1758065104,4582101562,27+,27+,2.4,0,False
17035367,CIN Bengals vs. JAX Jaguars,Joe Burrow,Passes réussis du joueur (Incl. Prolongations) (Joe Burrow (CIN)),2137,72892,1758065104,4582101563,29+,29+,3.1,0,False
17035367,CIN Bengals vs. JAX Jaguars,Joe Burrow,Passes réussis du joueur (Incl. Prolongations) (Joe Burrow (CIN)),2137,72892,1758065104,4582101564,31+,31+,4.0,0,False
17035367,CIN Bengals vs. JAX Jaguars,Joe Burrow,Passes réussis du joueur (Incl. Prolongations) (Joe Burrow (CIN)),2137,72892,1758065104,4582101565,33+,33+,5.75,0,False
17035367,CIN Bengals vs. JAX Jaguars,Joe Burrow,Passes réussis du joueur (Incl. Prolongations) (Joe Burrow (CIN)),2137,72892,1758065104,4582101566,35+,35+,8.5,0,False
17035367,CIN Bengals vs. JAX Jaguars,Joe Burrow,Passes réussis du joueur (Incl. Prolongations) (Joe Burrow (CIN)),2137,72892,1758065104,4582101567,37+,37+,13.0,0,False
17035367,CIN Bengals vs. JAX Jaguars,Joe Burrow,Total de yards à la passe du joueur Plus/Moins(Incl. Prolongations),759,71922,1754764645,4571056590,Joe Burrow (CIN) Plus de 275.5,Joe Burrow (CIN) Plus de 275.5,1.8334,0,False
17035367,CIN Bengals vs. JAX Jaguars,Joe Burrow,Total de yards à la passe du joueur Plus/Moins(Incl. Prolongations),759,71922,1754764645,4571056591,Joe Burrow (CIN) moins de 275.5,Joe Burrow (CIN) moins de 275.5,1.8,0,False
17035367,CIN Bengals vs. JAX Jaguars,Trevor Lawrence,Total de yards à la passe du joueur Plus/Moins(Incl. Prolongations),759,71922,1754765304,4571058148,Trevor Lawrence (JAX) Plus de 252.5,Trevor Lawrence (JAX) Plus de 252.5,1.8,0,False
17035367,CIN Bengals vs. JAX Jaguars,Trevor Lawrence,Total de yards à la passe du joueur Plus/Moins(Incl. Prolongations),759,71922,1754765304,4571058149,Trevor Lawrence (JAX) moins de 252.5,Trevor Lawrence (JAX) moins de 252.5,1.8334,0,False
17035367,CIN Bengals vs. JAX Jaguars,Chase Brown,Total de yards à la course du joueur Plus/Moins (Incl. Prolongations),764,71924,1754746127,4570998706,Chase Brown (CIN) Plus de 62.5,Chase Brown (CIN) Plus de 62.5,1.8,0,False
17035367,CIN Bengals vs. JAX Jaguars,Chase Brown,Total de yards à la course du joueur Plus/Moins (Incl. Prolongations),764,71924,1754746127,4570998707,Chase Brown (CIN) moins de 62.5,Chase Brown (CIN) moins de 62.5,1.8334,0,False
17035367,CIN Bengals vs. JAX Jaguars,Bhayshul Tuten,Total de yards à la course du joueur Plus/Moins (Incl. Prolongations),764,71924,1754276215,4569662878,Bhayshul Tuten (JAX) Plus de 54.5,Bhayshul Tuten (JAX) Plus de 54.5,1.8696,0,False
17035367,CIN Bengals vs. JAX Jaguars,Bhayshul Tuten,Total de yards à la course du joueur Plus/Moins (Incl. Prolongations),764,71924,1754276215,4569662879,Bhayshul Tuten (JAX) moins de 54.5,Bhayshul Tuten (JAX) moins de 54.5,1.7693,0,False
17035367,CIN Bengals vs. JAX Jaguars,Christopher Rodriguez,Total de yards à la course du joueur Plus/Moins (Incl. Prolongations),764,71924,1754757875,4571039696,Christopher Rodriguez (JAX) Plus de 19.5,Christopher Rodriguez (JAX) Plus de 19.5,1.7693,0,False
17035367,CIN Bengals vs. JAX Jaguars,Christopher Rodriguez,Total de yards à la course du joueur Plus/Moins (Incl. Prolongations),764,71924,1754757875,4571039697,Christopher Rodriguez (JAX) moins de 19.5,Christopher Rodriguez (JAX) moins de 19.5,1.8696,0,False
17035367,CIN Bengals vs. JAX Jaguars,Trevor Lawrence,Total de yards à la course du joueur Plus/Moins (Incl. Prolongations),764,71924,1754272063,4569652814,Trevor Lawrence (JAX) Plus de 13.5,Trevor Lawrence (JAX) Plus de 13.5,1.8,0,False
17035367,CIN Bengals vs. JAX Jaguars,Trevor Lawrence,Total de yards à la course du joueur Plus/Moins (Incl. Prolongations),764,71924,1754272063,4569652815,Trevor Lawrence (JAX) moins de 13.5,Trevor Lawrence (JAX) moins de 13.5,1.8334,0,False
17035367,CIN Bengals vs. JAX Jaguars,Samaje Perine,Total de yards à la course du joueur Plus/Moins (Incl. Prolongations),764,71924,1759791858,4587614462,Samaje Perine (CIN) Plus de 11.5,Samaje Perine (CIN) Plus de 11.5,1.7693,0,False
17035367,CIN Bengals vs. JAX Jaguars,Samaje Perine,Total de yards à la course du joueur Plus/Moins (Incl. Prolongations),764,71924,1759791858,4587614463,Samaje Perine (CIN) moins de 11.5,Samaje Perine (CIN) moins de 11.5,1.8696,0,False
17035367,CIN Bengals vs. JAX Jaguars,Joe Burrow,Total de yards à la course du joueur Plus/Moins (Incl. Prolongations),764,71924,1757344501,4579411112,Joe Burrow (CIN) moins de 8.5,Joe Burrow (CIN) moins de 8.5,1.7693,0,False
17035367,CIN Bengals vs. JAX Jaguars,Joe Burrow,Total de yards à la course du joueur Plus/Moins (Incl. Prolongations),764,71924,1757344501,4579411111,Joe Burrow (CIN) Plus de 8.5,Joe Burrow (CIN) Plus de 8.5,1.8696,0,False
17035367,CIN Bengals vs. JAX Jaguars,Ja'Marr Chase,Total des yards après réception du joueur Plus/Moins(Incl. Prolongations),765,71925,1759131917,4585371430,Ja'Marr Chase (CIN) Plus de 83.5,Ja'Marr Chase (CIN) Plus de 83.5,1.8334,0,False
17035367,CIN Bengals vs. JAX Jaguars,Ja'Marr Chase,Total des yards après réception du joueur Plus/Moins(Incl. Prolongations),765,71925,1759131917,4585371431,Ja'Marr Chase (CIN) moins de 83.5,Ja'Marr Chase (CIN) moins de 83.5,1.8,0,False
17035367,CIN Bengals vs. JAX Jaguars,Parker Washington,Total des yards après réception du joueur Plus/Moins(Incl. Prolongations),765,71925,1759993412,4588123912,Parker Washington (JAX) moins de 75.5,Parker Washington (JAX) moins de 75.5,1.8,0,False
17035367,CIN Bengals vs. JAX Jaguars,Parker Washington,Total des yards après réception du joueur Plus/Moins(Incl. Prolongations),765,71925,1759993412,4588123911,Parker Washington (JAX) Plus de 75.5,Parker Washington (JAX) Plus de 75.5,1.8334,0,False
17035367,CIN Bengals vs. JAX Jaguars,Tee Higgins,Total des yards après réception du joueur Plus/Moins(Incl. Prolongations),765,71925,1754745630,4570997235,Tee Higgins (CIN) Plus de 61.5,Tee Higgins (CIN) Plus de 61.5,1.8334,0,False
17035367,CIN Bengals vs. JAX Jaguars,Tee Higgins,Total des yards après réception du joueur Plus/Moins(Incl. Prolongations),765,71925,1754745630,4570997236,Tee Higgins (CIN) moins de 61.5,Tee Higgins (CIN) moins de 61.5,1.8,0,False
17035367,CIN Bengals vs. JAX Jaguars,Jakobi Meyers,Total des yards après réception du joueur Plus/Moins(Incl. Prolongations),765,71925,1761790373,4593252995,Jakobi Meyers (JAX) Plus de 39.5,Jakobi Meyers (JAX) Plus de 39.5,1.8334,0,False
17035367,CIN Bengals vs. JAX Jaguars,Jakobi Meyers,Total des yards après réception du joueur Plus/Moins(Incl. Prolongations),765,71925,1761790373,4593252996,Jakobi Meyers (JAX) moins de 39.5,Jakobi Meyers (JAX) moins de 39.5,1.8,0,False
17035367,CIN Bengals vs. JAX Jaguars,Brenton Strange,Total des yards après réception du joueur Plus/Moins(Incl. Prolongations),765,71925,1753861085,4568321820,Brenton Strange (JAX) Plus de 35.5,Brenton Strange (JAX) Plus de 35.5,1.8,0,False
17035367,CIN Bengals vs. JAX Jaguars,Brenton Strange,Total des yards après réception du joueur Plus/Moins(Incl. Prolongations),765,71925,1753861085,4568321821,Brenton Strange (JAX) moins de 35.5,Brenton Strange (JAX) moins de 35.5,1.8334,0,False
17035367,CIN Bengals vs. JAX Jaguars,Mike Gesicki,Total des yards après réception du joueur Plus/Moins(Incl. Prolongations),765,71925,1757275828,4579059420,Mike Gesicki (CIN) Plus de 27.5,Mike Gesicki (CIN) Plus de 27.5,1.7693,0,False
17035367,CIN Bengals vs. JAX Jaguars,Mike Gesicki,Total des yards après réception du joueur Plus/Moins(Incl. Prolongations),765,71925,1757275828,4579059421,Mike Gesicki (CIN) moins de 27.5,Mike Gesicki (CIN) moins de 27.5,1.8696,0,False
17035367,CIN Bengals vs. JAX Jaguars,Brian Thomas,Total des yards après réception du joueur Plus/Moins(Incl. Prolongations),765,71925,1754267350,4569642116,Brian Thomas (JAX) Plus de 27.5,Brian Thomas (JAX) Plus de 27.5,1.8,0,False
17035367,CIN Bengals vs. JAX Jaguars,Brian Thomas,Total des yards après réception du joueur Plus/Moins(Incl. Prolongations),765,71925,1754267350,4569642117,Brian Thomas (JAX) moins de 27.5,Brian Thomas (JAX) moins de 27.5,1.8334,0,False
17035367,CIN Bengals vs. JAX Jaguars,Dohnte Meyers,Total des yards après réception du joueur Plus/Moins(Incl. Prolongations),765,71925,1757333325,4579298081,Dohnte Meyers (CIN) Plus de 21.5,Dohnte Meyers (CIN) Plus de 21.5,1.8,0,False
17035367,CIN Bengals vs. JAX Jaguars,Dohnte Meyers,Total des yards après réception du joueur Plus/Moins(Incl. Prolongations),765,71925,1757333325,4579298082,Dohnte Meyers (CIN) moins de 21.5,Dohnte Meyers (CIN) moins de 21.5,1.8334,0,False
17035367,CIN Bengals vs. JAX Jaguars,Chase Brown,Total des yards après réception du joueur Plus/Moins(Incl. Prolongations),765,71925,1754021628,4569014216,Chase Brown (CIN) moins de 19.5,Chase Brown (CIN) moins de 19.5,1.8,0,False
17035367,CIN Bengals vs. JAX Jaguars,Chase Brown,Total des yards après réception du joueur Plus/Moins(Incl. Prolongations),765,71925,1754021628,4569014215,Chase Brown (CIN) Plus de 19.5,Chase Brown (CIN) Plus de 19.5,1.8334,0,False
17035367,CIN Bengals vs. JAX Jaguars,Bhayshul Tuten,Total des yards après réception du joueur Plus/Moins(Incl. Prolongations),765,71925,1754117146,4569275993,Bhayshul Tuten (JAX) Plus de 9.5,Bhayshul Tuten (JAX) Plus de 9.5,1.7693,0,False
17035367,CIN Bengals vs. JAX Jaguars,Bhayshul Tuten,Total des yards après réception du joueur Plus/Moins(Incl. Prolongations),765,71925,1754117146,4569275994,Bhayshul Tuten (JAX) moins de 9.5,Bhayshul Tuten (JAX) moins de 9.5,1.8696,0,False
17035367,CIN Bengals vs. JAX Jaguars,Josh Cameron,Total des yards après réception du joueur Plus/Moins(Incl. Prolongations),765,71925,1754757347,4571038453,Josh Cameron (JAX) Plus de 8.5,Josh Cameron (JAX) Plus de 8.5,1.8,0,False
17035367,CIN Bengals vs. JAX Jaguars,Josh Cameron,Total des yards après réception du joueur Plus/Moins(Incl. Prolongations),765,71925,1754757347,4571038454,Josh Cameron (JAX) moins de 8.5,Josh Cameron (JAX) moins de 8.5,1.8334,0,False
17035367,CIN Bengals vs. JAX Jaguars,Samaje Perine,Total des yards après réception du joueur Plus/Moins(Incl. Prolongations),765,71925,1753231216,4566527004,Samaje Perine (CIN) Plus de 8.5,Samaje Perine (CIN) Plus de 8.5,1.8334,0,False
17035367,CIN Bengals vs. JAX Jaguars,Samaje Perine,Total des yards après réception du joueur Plus/Moins(Incl. Prolongations),765,71925,1753231216,4566527005,Samaje Perine (CIN) moins de 8.5,Samaje Perine (CIN) moins de 8.5,1.8,0,False
17035367,CIN Bengals vs. JAX Jaguars,Drew Sample,Total des yards après réception du joueur Plus/Moins(Incl. Prolongations),765,71925,1754744378,4570994301,Drew Sample (CIN) Plus de 8.5,Drew Sample (CIN) Plus de 8.5,1.8696,0,False
17035367,CIN Bengals vs. JAX Jaguars,Drew Sample,Total des yards après réception du joueur Plus/Moins(Incl. Prolongations),765,71925,1754744378,4570994302,Drew Sample (CIN) moins de 8.5,Drew Sample (CIN) moins de 8.5,1.7693,0,False
17035367,CIN Bengals vs. JAX Jaguars,Tanner Hudson,Total des yards après réception du joueur Plus/Moins(Incl. Prolongations),765,71925,1757344255,4579410515,Tanner Hudson (CIN) Plus de 1.5,Tanner Hudson (CIN) Plus de 1.5,1.8334,0,False
17035367,CIN Bengals vs. JAX Jaguars,Tanner Hudson,Total des yards après réception du joueur Plus/Moins(Incl. Prolongations),765,71925,1757344255,4579410516,Tanner Hudson (CIN) moins de 1.5,Tanner Hudson (CIN) moins de 1.5,1.8,0,False
17035367,CIN Bengals vs. JAX Jaguars,LeQuint Allen,Total des yards après réception du joueur Plus/Moins(Incl. Prolongations),765,71925,1759994877,4588127633,LeQuint Allen (JAX) Plus de 0.5,LeQuint Allen (JAX) Plus de 0.5,1.8696,0,False
17035367,CIN Bengals vs. JAX Jaguars,LeQuint Allen,Total des yards après réception du joueur Plus/Moins(Incl. Prolongations),765,71925,1759994877,4588127634,LeQuint Allen (JAX) moins de 0.5,LeQuint Allen (JAX) moins de 0.5,1.7693,0,False
17035367,CIN Bengals vs. JAX Jaguars,Nate Boerkircher,Total des yards après réception du joueur Plus/Moins(Incl. Prolongations),765,71925,1753231562,4566527606,Nate Boerkircher (JAX) Plus de 0.5,Nate Boerkircher (JAX) Plus de 0.5,1.8696,0,False
17035367,CIN Bengals vs. JAX Jaguars,Nate Boerkircher,Total des yards après réception du joueur Plus/Moins(Incl. Prolongations),765,71925,1753231562,4566527607,Nate Boerkircher (JAX) moins de 0.5,Nate Boerkircher (JAX) moins de 0.5,1.7693,0,False
17035367,CIN Bengals vs. JAX Jaguars,Travis Hunter,Total des yards après réception du joueur Plus/Moins(Incl. Prolongations),765,71925,1753861122,4568321894,Travis Hunter (JAX) Plus de 0.5,Travis Hunter (JAX) Plus de 0.5,1.8696,0,False
17035367,CIN Bengals vs. JAX Jaguars,Travis Hunter,Total des yards après réception du joueur Plus/Moins(Incl. Prolongations),765,71925,1753861122,4568321895,Travis Hunter (JAX) moins de 0.5,Travis Hunter (JAX) moins de 0.5,1.7693,0,False
17035367,CIN Bengals vs. JAX Jaguars,Chase Brown,Yards de course et de réception du joueur Plus/Moins (prolongations incluses),3317,73841,1753861077,4568321804,Chase Brown (CIN) Plus de 86.5,Chase Brown (CIN) Plus de 86.5,1.8,0,False
17035367,CIN Bengals vs. JAX Jaguars,Chase Brown,Yards de course et de réception du joueur Plus/Moins (prolongations incluses),3317,73841,1753861077,4568321805,Chase Brown (CIN) moins de 86.5,Chase Brown (CIN) moins de 86.5,1.8334,0,False
17035367,CIN Bengals vs. JAX Jaguars,Ja'Marr Chase,Yards de course et de réception du joueur Plus/Moins (prolongations incluses),3317,73841,1759131919,4585371434,Ja'Marr Chase (CIN) Plus de 83.5,Ja'Marr Chase (CIN) Plus de 83.5,1.8334,0,False
17035367,CIN Bengals vs. JAX Jaguars,Ja'Marr Chase,Yards de course et de réception du joueur Plus/Moins (prolongations incluses),3317,73841,1759131919,4585371435,Ja'Marr Chase (CIN) moins de 83.5,Ja'Marr Chase (CIN) moins de 83.5,1.8,0,False
17035367,CIN Bengals vs. JAX Jaguars,Parker Washington,Yards de course et de réception du joueur Plus/Moins (prolongations incluses),3317,73841,1761790375,4593253000,Parker Washington (JAX) moins de 77.5,Parker Washington (JAX) moins de 77.5,1.8,0,False
17035367,CIN Bengals vs. JAX Jaguars,Parker Washington,Yards de course et de réception du joueur Plus/Moins (prolongations incluses),3317,73841,1761790375,4593252999,Parker Washington (JAX) Plus de 77.5,Parker Washington (JAX) Plus de 77.5,1.8334,0,False
17035367,CIN Bengals vs. JAX Jaguars,Bhayshul Tuten,Yards de course et de réception du joueur Plus/Moins (prolongations incluses),3317,73841,1754276460,4569663332,Bhayshul Tuten (JAX) Plus de 68.5,Bhayshul Tuten (JAX) Plus de 68.5,1.8,0,False
17035367,CIN Bengals vs. JAX Jaguars,Bhayshul Tuten,Yards de course et de réception du joueur Plus/Moins (prolongations incluses),3317,73841,1754276460,4569663333,Bhayshul Tuten (JAX) moins de 68.5,Bhayshul Tuten (JAX) moins de 68.5,1.8334,0,False
17035367,CIN Bengals vs. JAX Jaguars,Tee Higgins,Yards de course et de réception du joueur Plus/Moins (prolongations incluses),3317,73841,1754745631,4570997237,Tee Higgins (CIN) Plus de 61.5,Tee Higgins (CIN) Plus de 61.5,1.8,0,False
17035367,CIN Bengals vs. JAX Jaguars,Tee Higgins,Yards de course et de réception du joueur Plus/Moins (prolongations incluses),3317,73841,1754745631,4570997238,Tee Higgins (CIN) moins de 61.5,Tee Higgins (CIN) moins de 61.5,1.8334,0,False
17035367,CIN Bengals vs. JAX Jaguars,Jakobi Meyers,Yards de course et de réception du joueur Plus/Moins (prolongations incluses),3317,73841,1761791824,4593256278,Jakobi Meyers (JAX) Plus de 40.5,Jakobi Meyers (JAX) Plus de 40.5,1.8334,0,False
17035367,CIN Bengals vs. JAX Jaguars,Jakobi Meyers,Yards de course et de réception du joueur Plus/Moins (prolongations incluses),3317,73841,1761791824,4593256279,Jakobi Meyers (JAX) moins de 40.5,Jakobi Meyers (JAX) moins de 40.5,1.8,0,False
17035367,CIN Bengals vs. JAX Jaguars,Brian Thomas,Yards de course et de réception du joueur Plus/Moins (prolongations incluses),3317,73841,1754267351,4569642118,Brian Thomas (JAX) Plus de 27.5,Brian Thomas (JAX) Plus de 27.5,1.8,0,False
17035367,CIN Bengals vs. JAX Jaguars,Brian Thomas,Yards de course et de réception du joueur Plus/Moins (prolongations incluses),3317,73841,1754267351,4569642119,Brian Thomas (JAX) moins de 27.5,Brian Thomas (JAX) moins de 27.5,1.8334,0,False
17035367,CIN Bengals vs. JAX Jaguars,Dohnte Meyers,Yards de course et de réception du joueur Plus/Moins (prolongations incluses),3317,73841,1754758621,4571041814,Dohnte Meyers (CIN) Plus de 23.5,Dohnte Meyers (CIN) Plus de 23.5,1.7693,0,False
17035367,CIN Bengals vs. JAX Jaguars,Dohnte Meyers,Yards de course et de réception du joueur Plus/Moins (prolongations incluses),3317,73841,1754758621,4571041815,Dohnte Meyers (CIN) moins de 23.5,Dohnte Meyers (CIN) moins de 23.5,1.8696,0,False
17035367,CIN Bengals vs. JAX Jaguars,Samaje Perine,Yards de course et de réception du joueur Plus/Moins (prolongations incluses),3317,73841,1759887357,4587854635,Samaje Perine (CIN) Plus de 23.5,Samaje Perine (CIN) Plus de 23.5,1.8334,0,False
17035367,CIN Bengals vs. JAX Jaguars,Samaje Perine,Yards de course et de réception du joueur Plus/Moins (prolongations incluses),3317,73841,1759887357,4587854636,Samaje Perine (CIN) moins de 23.5,Samaje Perine (CIN) moins de 23.5,1.8,0,False
17035367,CIN Bengals vs. JAX Jaguars,Josh Cameron,Yards de course et de réception du joueur Plus/Moins (prolongations incluses),3317,73841,1754757348,4571038456,Josh Cameron (JAX) moins de 8.5,Josh Cameron (JAX) moins de 8.5,1.8334,0,False
17035367,CIN Bengals vs. JAX Jaguars,Josh Cameron,Yards de course et de réception du joueur Plus/Moins (prolongations incluses),3317,73841,1754757348,4571038455,Josh Cameron (JAX) Plus de 8.5,Josh Cameron (JAX) Plus de 8.5,1.8,0,False
17035367,CIN Bengals vs. JAX Jaguars,Trevor Lawrence,Fumbles du joueur Plus / Moins (incl. prolongation),25005,75650,1753231898,4566528198,Trevor Lawrence (JAX) Plus de 0.5,Trevor Lawrence (JAX) Plus de 0.5,2.6,0,False
17035367,CIN Bengals vs. JAX Jaguars,Trevor Lawrence,Fumbles du joueur Plus / Moins (incl. prolongation),25005,75650,1753231898,4566528199,Trevor Lawrence (JAX) moins de 0.5,Trevor Lawrence (JAX) moins de 0.5,1.3847,0,False
17035367,CIN Bengals vs. JAX Jaguars,Joe Burrow,Fumbles du joueur Plus / Moins (incl. prolongation),25005,75650,1753231377,4566527292,Joe Burrow (CIN) Plus de 0.5,Joe Burrow (CIN) Plus de 0.5,2.9,0,False
17035367,CIN Bengals vs. JAX Jaguars,Joe Burrow,Fumbles du joueur Plus / Moins (incl. prolongation),25005,75650,1753231377,4566527293,Joe Burrow (CIN) moins de 0.5,Joe Burrow (CIN) moins de 0.5,1.3077,0,False
17035367,CIN Bengals vs. JAX Jaguars,Bhayshul Tuten,Fumbles du joueur Plus / Moins (incl. prolongation),25005,75650,1753232127,4566528598,Bhayshul Tuten (JAX) Plus de 0.5,Bhayshul Tuten (JAX) Plus de 0.5,3.6,0,False
17035367,CIN Bengals vs. JAX Jaguars,Bhayshul Tuten,Fumbles du joueur Plus / Moins (incl. prolongation),25005,75650,1753232127,4566528599,Bhayshul Tuten (JAX) moins de 0.5,Bhayshul Tuten (JAX) moins de 0.5,1.2,0,False
17035367,CIN Bengals vs. JAX Jaguars,Chase Brown,Fumbles du joueur Plus / Moins (incl. prolongation),25005,75650,1753231986,4566528355,Chase Brown (CIN) Plus de 0.5,Chase Brown (CIN) Plus de 0.5,4.4,0,False
17035367,CIN Bengals vs. JAX Jaguars,Chase Brown,Fumbles du joueur Plus / Moins (incl. prolongation),25005,75650,1753231986,4566528356,Chase Brown (CIN) moins de 0.5,Chase Brown (CIN) moins de 0.5,1.1334,0,False
17035367,CIN Bengals vs. JAX Jaguars,Parker Washington,Fumbles du joueur Plus / Moins (incl. prolongation),25005,75650,1753231671,4566527800,Parker Washington (JAX) moins de 0.5,Parker Washington (JAX) moins de 0.5,1.1112,0,False
17035367,CIN Bengals vs. JAX Jaguars,Parker Washington,Fumbles du joueur Plus / Moins (incl. prolongation),25005,75650,1753231671,4566527799,Parker Washington (JAX) Plus de 0.5,Parker Washington (JAX) Plus de 0.5,4.75,0,False
17035367,CIN Bengals vs. JAX Jaguars,Dohnte Meyers,Fumbles du joueur Plus / Moins (incl. prolongation),25005,75650,1753231409,4566527344,Dohnte Meyers (CIN) Plus de 0.5,Dohnte Meyers (CIN) Plus de 0.5,5.25,0,False
17035367,CIN Bengals vs. JAX Jaguars,Dohnte Meyers,Fumbles du joueur Plus / Moins (incl. prolongation),25005,75650,1753231409,4566527345,Dohnte Meyers (CIN) moins de 0.5,Dohnte Meyers (CIN) moins de 0.5,1.091,0,False
17035367,CIN Bengals vs. JAX Jaguars,Samaje Perine,Fumbles du joueur Plus / Moins (incl. prolongation),25005,75650,1753231246,4566527061,Samaje Perine (CIN) Plus de 0.5,Samaje Perine (CIN) Plus de 0.5,5.75,0,False
17035367,CIN Bengals vs. JAX Jaguars,Samaje Perine,Fumbles du joueur Plus / Moins (incl. prolongation),25005,75650,1753231246,4566527062,Samaje Perine (CIN) moins de 0.5,Samaje Perine (CIN) moins de 0.5,1.0715,0,False
17035367,CIN Bengals vs. JAX Jaguars,Ja'Marr Chase,Fumbles du joueur Plus / Moins (incl. prolongation),25005,75650,1753231846,4566528104,Ja'Marr Chase (CIN) moins de 0.5,Ja'Marr Chase (CIN) moins de 0.5,1.05,0,False
17035367,CIN Bengals vs. JAX Jaguars,Ja'Marr Chase,Fumbles du joueur Plus / Moins (incl. prolongation),25005,75650,1753231846,4566528103,Ja'Marr Chase (CIN) Plus de 0.5,Ja'Marr Chase (CIN) Plus de 0.5,6.25,0,False
17035367,CIN Bengals vs. JAX Jaguars,Christopher Rodriguez,Fumbles du joueur Plus / Moins (incl. prolongation),25005,75650,1753231936,4566528265,Christopher Rodriguez (JAX) Plus de 0.5,Christopher Rodriguez (JAX) Plus de 0.5,7.75,0,False
17035367,CIN Bengals vs. JAX Jaguars,Christopher Rodriguez,Fumbles du joueur Plus / Moins (incl. prolongation),25005,75650,1753231936,4566528266,Christopher Rodriguez (JAX) moins de 0.5,Christopher Rodriguez (JAX) moins de 0.5,1.02,0,False
17035367,CIN Bengals vs. JAX Jaguars,Josh Cameron,Fumbles du joueur Plus / Moins (incl. prolongation),25005,75650,1753232084,4566528522,Josh Cameron (JAX) Plus de 0.5,Josh Cameron (JAX) Plus de 0.5,7.75,0,False
17035367,CIN Bengals vs. JAX Jaguars,Josh Cameron,Fumbles du joueur Plus / Moins (incl. prolongation),25005,75650,1753232084,4566528523,Josh Cameron (JAX) moins de 0.5,Josh Cameron (JAX) moins de 0.5,1.02,0,False
17035367,CIN Bengals vs. JAX Jaguars,Tee Higgins,Fumbles du joueur Plus / Moins (incl. prolongation),25005,75650,1753231768,4566527969,Tee Higgins (CIN) Plus de 0.5,Tee Higgins (CIN) Plus de 0.5,7.75,0,False
17035367,CIN Bengals vs. JAX Jaguars,Tee Higgins,Fumbles du joueur Plus / Moins (incl. prolongation),25005,75650,1753231768,4566527970,Tee Higgins (CIN) moins de 0.5,Tee Higgins (CIN) moins de 0.5,1.02,0,False
17035367,CIN Bengals vs. JAX Jaguars,Brenton Strange,Fumbles du joueur Plus / Moins (incl. prolongation),25005,75650,1753231474,4566527454,Brenton Strange (JAX) Plus de 0.5,Brenton Strange (JAX) Plus de 0.5,8.5,0,False
17035367,CIN Bengals vs. JAX Jaguars,Brenton Strange,Fumbles du joueur Plus / Moins (incl. prolongation),25005,75650,1753231474,4566527455,Brenton Strange (JAX) moins de 0.5,Brenton Strange (JAX) moins de 0.5,1.01,0,False
17035367,CIN Bengals vs. JAX Jaguars,Brian Thomas,Fumbles du joueur Plus / Moins (incl. prolongation),25005,75650,1753232031,4566528429,Brian Thomas (JAX) Plus de 0.5,Brian Thomas (JAX) Plus de 0.5,8.5,0,False
17035367,CIN Bengals vs. JAX Jaguars,Brian Thomas,Fumbles du joueur Plus / Moins (incl. prolongation),25005,75650,1753232031,4566528430,Brian Thomas (JAX) moins de 0.5,Brian Thomas (JAX) moins de 0.5,0.0,7,False
17035367,CIN Bengals vs. JAX Jaguars,Drew Sample,Fumbles du joueur Plus / Moins (incl. prolongation),25005,75650,1753231320,4566527188,Drew Sample (CIN) Plus de 0.5,Drew Sample (CIN) Plus de 0.5,8.5,0,False
17035367,CIN Bengals vs. JAX Jaguars,Drew Sample,Fumbles du joueur Plus / Moins (incl. prolongation),25005,75650,1753231320,4566527189,Drew Sample (CIN) moins de 0.5,Drew Sample (CIN) moins de 0.5,0.0,7,False
17035367,CIN Bengals vs. JAX Jaguars,Jakobi Meyers,Fumbles du joueur Plus / Moins (incl. prolongation),25005,75650,1753231715,4566527877,Jakobi Meyers (JAX) Plus de 0.5,Jakobi Meyers (JAX) Plus de 0.5,8.5,0,False
17035367,CIN Bengals vs. JAX Jaguars,Jakobi Meyers,Fumbles du joueur Plus / Moins (incl. prolongation),25005,75650,1753231715,4566527878,Jakobi Meyers (JAX) moins de 0.5,Jakobi Meyers (JAX) moins de 0.5,1.01,0,False
17035367,CIN Bengals vs. JAX Jaguars,Mike Gesicki,Fumbles du joueur Plus / Moins (incl. prolongation),25005,75650,1753231293,4566527144,Mike Gesicki (CIN) moins de 0.5,Mike Gesicki (CIN) moins de 0.5,1.01,0,False
17035367,CIN Bengals vs. JAX Jaguars,Mike Gesicki,Fumbles du joueur Plus / Moins (incl. prolongation),25005,75650,1753231293,4566527143,Mike Gesicki (CIN) Plus de 0.5,Mike Gesicki (CIN) Plus de 0.5,8.5,0,False
17035367,CIN Bengals vs. JAX Jaguars,Travis Hunter,Fumbles du joueur Plus / Moins (incl. prolongation),25005,75650,1753232246,4566528808,Travis Hunter (JAX) Plus de 0.5,Travis Hunter (JAX) Plus de 0.5,9.0,0,False
17035367,CIN Bengals vs. JAX Jaguars,Travis Hunter,Fumbles du joueur Plus / Moins (incl. prolongation),25005,75650,1753232246,4566528809,Travis Hunter (JAX) moins de 0.5,Travis Hunter (JAX) moins de 0.5,0.0,7,False
17035367,CIN Bengals vs. JAX Jaguars,Foyesade Oluokun,Passes décisives P/M (prolongations incluses),770,75644,1754285372,4569684089,Foyesade Oluokun (JAX) Plus de 4.5,Foyesade Oluokun (JAX) Plus de 4.5,2.1,0,False
17035367,CIN Bengals vs. JAX Jaguars,Foyesade Oluokun,Passes décisives P/M (prolongations incluses),770,75644,1754285372,4569684090,Foyesade Oluokun (JAX) moins de 4.5,Foyesade Oluokun (JAX) moins de 4.5,1.5715,0,False
17035367,CIN Bengals vs. JAX Jaguars,Demetrius Knight,Passes décisives P/M (prolongations incluses),770,75644,1760059772,4588310132,Demetrius Knight (CIN) Plus de 4.5,Demetrius Knight (CIN) Plus de 4.5,2.1,0,False
17035367,CIN Bengals vs. JAX Jaguars,Demetrius Knight,Passes décisives P/M (prolongations incluses),770,75644,1760059772,4588310133,Demetrius Knight (CIN) moins de 4.5,Demetrius Knight (CIN) moins de 4.5,1.5715,0,False
17035367,CIN Bengals vs. JAX Jaguars,Ventrell Miller,Passes décisives P/M (prolongations incluses),770,75644,1753231734,4566527907,Ventrell Miller (JAX) Plus de 3.5,Ventrell Miller (JAX) Plus de 3.5,1.7408,0,False
17035367,CIN Bengals vs. JAX Jaguars,Ventrell Miller,Passes décisives P/M (prolongations incluses),770,75644,1753231734,4566527908,Ventrell Miller (JAX) moins de 3.5,Ventrell Miller (JAX) moins de 3.5,1.8696,0,False
17035367,CIN Bengals vs. JAX Jaguars,Barrett Carter,Passes décisives P/M (prolongations incluses),770,75644,1753232040,4566528441,Barrett Carter (CIN) Plus de 3.5,Barrett Carter (CIN) Plus de 3.5,1.7143,0,False
17035367,CIN Bengals vs. JAX Jaguars,Barrett Carter,Passes décisives P/M (prolongations incluses),770,75644,1753232040,4566528442,Barrett Carter (CIN) moins de 3.5,Barrett Carter (CIN) moins de 3.5,1.9091,0,False
17035367,CIN Bengals vs. JAX Jaguars,Eric Murray,Passes décisives P/M (prolongations incluses),770,75644,1753231183,4566526944,Eric Murray (JAX) Plus de 2.5,Eric Murray (JAX) Plus de 2.5,2.35,0,False
17035367,CIN Bengals vs. JAX Jaguars,Eric Murray,Passes décisives P/M (prolongations incluses),770,75644,1753231183,4566526945,Eric Murray (JAX) moins de 2.5,Eric Murray (JAX) moins de 2.5,1.4546,0,False
17035367,CIN Bengals vs. JAX Jaguars,Jordan Battle,Passes décisives P/M (prolongations incluses),770,75644,1753231512,4566527520,Jordan Battle (CIN) moins de 2.5,Jordan Battle (CIN) moins de 2.5,1.5,0,False
17035367,CIN Bengals vs. JAX Jaguars,Jordan Battle,Passes décisives P/M (prolongations incluses),770,75644,1753231512,4566527519,Jordan Battle (CIN) Plus de 2.5,Jordan Battle (CIN) Plus de 2.5,2.25,0,False
17035367,CIN Bengals vs. JAX Jaguars,Antonio Johnson,Passes décisives P/M (prolongations incluses),770,75644,1753231595,4566527662,Antonio Johnson (JAX) Plus de 2.5,Antonio Johnson (JAX) Plus de 2.5,1.8334,0,False
17035367,CIN Bengals vs. JAX Jaguars,Antonio Johnson,Passes décisives P/M (prolongations incluses),770,75644,1753231595,4566527663,Antonio Johnson (JAX) moins de 2.5,Antonio Johnson (JAX) moins de 2.5,1.7693,0,False
17035367,CIN Bengals vs. JAX Jaguars,Travon Walker,Passes décisives P/M (prolongations incluses),770,75644,1753231507,4566527510,Travon Walker (JAX) Plus de 1.5,Travon Walker (JAX) Plus de 1.5,1.7693,0,False
17035367,CIN Bengals vs. JAX Jaguars,Travon Walker,Passes décisives P/M (prolongations incluses),770,75644,1753231507,4566527511,Travon Walker (JAX) moins de 1.5,Travon Walker (JAX) moins de 1.5,1.8334,0,False
17035367,CIN Bengals vs. JAX Jaguars,Daxton Hill,Passes décisives P/M (prolongations incluses),770,75644,1753231524,4566527541,Daxton Hill (CIN) Plus de 1.5,Daxton Hill (CIN) Plus de 1.5,1.6667,0,False
17035367,CIN Bengals vs. JAX Jaguars,Daxton Hill,Passes décisives P/M (prolongations incluses),770,75644,1753231524,4566527542,Daxton Hill (CIN) moins de 1.5,Daxton Hill (CIN) moins de 1.5,1.9524,0,False
17035367,CIN Bengals vs. JAX Jaguars,Josh Hines-Allen,Passes décisives P/M (prolongations incluses),770,75644,1753231724,4566527889,Josh Hines-Allen (JAX) Plus de 1.5,Josh Hines-Allen (JAX) Plus de 1.5,1.5264,0,False
17035367,CIN Bengals vs. JAX Jaguars,Josh Hines-Allen,Passes décisives P/M (prolongations incluses),770,75644,1753231724,4566527890,Josh Hines-Allen (JAX) moins de 1.5,Josh Hines-Allen (JAX) moins de 1.5,2.2,0,False
17035367,CIN Bengals vs. JAX Jaguars,DJ Turner,Passes décisives P/M (prolongations incluses),770,75644,1753231530,4566527552,DJ Turner (CIN) Plus de 0.5,DJ Turner (CIN) Plus de 0.5,1.4445,0,False
17035367,CIN Bengals vs. JAX Jaguars,DJ Turner,Passes décisives P/M (prolongations incluses),770,75644,1753231530,4566527553,DJ Turner (CIN) moins de 0.5,DJ Turner (CIN) moins de 0.5,2.4,0,False
17035367,CIN Bengals vs. JAX Jaguars,Arik Armstead,Passes décisives P/M (prolongations incluses),770,75644,1760029602,4588227934,Arik Armstead (JAX) Plus de 0.5,Arik Armstead (JAX) Plus de 0.5,1.3637,0,False
17035367,CIN Bengals vs. JAX Jaguars,Arik Armstead,Passes décisives P/M (prolongations incluses),770,75644,1760029602,4588227935,Arik Armstead (JAX) moins de 0.5,Arik Armstead (JAX) moins de 0.5,2.65,0,False
17035367,CIN Bengals vs. JAX Jaguars,Foyesade Oluokun,Joueur Total de Tackles (prolongations incluses),2010,72301,1753231210,4566526993,Foyesade Oluokun (JAX) Plus de 4.5,Foyesade Oluokun (JAX) Plus de 4.5,1.8696,0,False
17035367,CIN Bengals vs. JAX Jaguars,Foyesade Oluokun,Joueur Total de Tackles (prolongations incluses),2010,72301,1753231210,4566526994,Foyesade Oluokun (JAX) moins de 4.5,Foyesade Oluokun (JAX) moins de 4.5,1.7693,0,False
17035367,CIN Bengals vs. JAX Jaguars,Demetrius Knight,Joueur Total de Tackles (prolongations incluses),2010,72301,1760059656,4588309889,Demetrius Knight (CIN) Plus de 4.5,Demetrius Knight (CIN) Plus de 4.5,2.2,0,False
17035367,CIN Bengals vs. JAX Jaguars,Demetrius Knight,Joueur Total de Tackles (prolongations incluses),2010,72301,1760059656,4588309890,Demetrius Knight (CIN) moins de 4.5,Demetrius Knight (CIN) moins de 4.5,1.5556,0,False
17035367,CIN Bengals vs. JAX Jaguars,Ventrell Miller,Joueur Total de Tackles (prolongations incluses),2010,72301,1753231733,4566527905,Ventrell Miller (JAX) Plus de 3.5,Ventrell Miller (JAX) Plus de 3.5,1.6667,0,False
17035367,CIN Bengals vs. JAX Jaguars,Ventrell Miller,Joueur Total de Tackles (prolongations incluses),2010,72301,1753231733,4566527906,Ventrell Miller (JAX) moins de 3.5,Ventrell Miller (JAX) moins de 3.5,2.0,0,False
17035367,CIN Bengals vs. JAX Jaguars,Jordan Battle,Joueur Total de Tackles (prolongations incluses),2010,72301,1753231511,4566527517,Jordan Battle (CIN) Plus de 3.5,Jordan Battle (CIN) Plus de 3.5,1.9091,0,False
17035367,CIN Bengals vs. JAX Jaguars,Jordan Battle,Joueur Total de Tackles (prolongations incluses),2010,72301,1753231511,4566527518,Jordan Battle (CIN) moins de 3.5,Jordan Battle (CIN) moins de 3.5,1.7408,0,False
17035367,CIN Bengals vs. JAX Jaguars,Barrett Carter,Joueur Total de Tackles (prolongations incluses),2010,72301,1753232039,4566528440,Barrett Carter (CIN) moins de 3.5,Barrett Carter (CIN) moins de 3.5,1.6667,0,False
17035367,CIN Bengals vs. JAX Jaguars,Barrett Carter,Joueur Total de Tackles (prolongations incluses),2010,72301,1753232039,4566528439,Barrett Carter (CIN) Plus de 3.5,Barrett Carter (CIN) Plus de 3.5,2.0,0,False
17035367,CIN Bengals vs. JAX Jaguars,Daxton Hill,Joueur Total de Tackles (prolongations incluses),2010,72301,1753231523,4566527539,Daxton Hill (CIN) Plus de 3.5,Daxton Hill (CIN) Plus de 3.5,2.0,0,False
17035367,CIN Bengals vs. JAX Jaguars,Daxton Hill,Joueur Total de Tackles (prolongations incluses),2010,72301,1753231523,4566527540,Daxton Hill (CIN) moins de 3.5,Daxton Hill (CIN) moins de 3.5,1.6667,0,False
17035367,CIN Bengals vs. JAX Jaguars,Antonio Johnson,Joueur Total de Tackles (prolongations incluses),2010,72301,1753231594,4566527660,Antonio Johnson (JAX) Plus de 3.5,Antonio Johnson (JAX) Plus de 3.5,2.25,0,False
17035367,CIN Bengals vs. JAX Jaguars,Antonio Johnson,Joueur Total de Tackles (prolongations incluses),2010,72301,1753231594,4566527661,Antonio Johnson (JAX) moins de 3.5,Antonio Johnson (JAX) moins de 3.5,1.5264,0,False
17035367,CIN Bengals vs. JAX Jaguars,Eric Murray,Joueur Total de Tackles (prolongations incluses),2010,72301,1753231182,4566526942,Eric Murray (JAX) Plus de 2.5,Eric Murray (JAX) Plus de 2.5,1.5264,0,False
17035367,CIN Bengals vs. JAX Jaguars,Eric Murray,Joueur Total de Tackles (prolongations incluses),2010,72301,1753231182,4566526943,Eric Murray (JAX) moins de 2.5,Eric Murray (JAX) moins de 2.5,2.25,0,False
17035367,CIN Bengals vs. JAX Jaguars,DJ Turner,Joueur Total de Tackles (prolongations incluses),2010,72301,1753231529,4566527550,DJ Turner (CIN) Plus de 2.5,DJ Turner (CIN) Plus de 2.5,1.7408,0,False
17035367,CIN Bengals vs. JAX Jaguars,DJ Turner,Joueur Total de Tackles (prolongations incluses),2010,72301,1753231529,4566527551,DJ Turner (CIN) moins de 2.5,DJ Turner (CIN) moins de 2.5,1.9091,0,False
17035367,CIN Bengals vs. JAX Jaguars,Josh Hines-Allen,Joueur Total de Tackles (prolongations incluses),2010,72301,1753231723,4566527888,Josh Hines-Allen (JAX) moins de 1.5,Josh Hines-Allen (JAX) moins de 1.5,1.7693,0,False
17035367,CIN Bengals vs. JAX Jaguars,Josh Hines-Allen,Joueur Total de Tackles (prolongations incluses),2010,72301,1753231723,4566527887,Josh Hines-Allen (JAX) Plus de 1.5,Josh Hines-Allen (JAX) Plus de 1.5,1.8696,0,False
17035367,CIN Bengals vs. JAX Jaguars,Travon Walker,Joueur Total de Tackles (prolongations incluses),2010,72301,1753231506,4566527508,Travon Walker (JAX) Plus de 1.5,Travon Walker (JAX) Plus de 1.5,2.15,0,False
17035367,CIN Bengals vs. JAX Jaguars,Travon Walker,Joueur Total de Tackles (prolongations incluses),2010,72301,1753231506,4566527509,Travon Walker (JAX) moins de 1.5,Travon Walker (JAX) moins de 1.5,1.5715,0,False
17035367,CIN Bengals vs. JAX Jaguars,Arik Armstead,Joueur Total de Tackles (prolongations incluses),2010,72301,1753231188,4566526953,Arik Armstead (JAX) Plus de 0.5,Arik Armstead (JAX) Plus de 0.5,1.3637,0,False
17035367,CIN Bengals vs. JAX Jaguars,Arik Armstead,Joueur Total de Tackles (prolongations incluses),2010,72301,1753231188,4566526954,Arik Armstead (JAX) moins de 0.5,Arik Armstead (JAX) moins de 0.5,2.75,0,False
17035367,CIN Bengals vs. JAX Jaguars,Josh Hines-Allen,Sacks du joueur Plus/Moins (Incl. Prolongations),2254,73704,1761590834,4592707088,Josh Hines-Allen (JAX) Plus de 0.5,Josh Hines-Allen (JAX) Plus de 0.5,2.1,0,False
17035367,CIN Bengals vs. JAX Jaguars,Josh Hines-Allen,Sacks du joueur Plus/Moins (Incl. Prolongations),2254,73704,1761590834,4592707087,Josh Hines-Allen (JAX) moins de 0.5,Josh Hines-Allen (JAX) moins de 0.5,1.6061,0,False
17035367,CIN Bengals vs. JAX Jaguars,Dexter Lawrence II,Sacks du joueur Plus/Moins (Incl. Prolongations),2254,73704,1761592967,4592711811,Dexter Lawrence II (CIN) Plus de 0.5,Dexter Lawrence II (CIN) Plus de 0.5,2.95,0,False
17035367,CIN Bengals vs. JAX Jaguars,Dexter Lawrence II,Sacks du joueur Plus/Moins (Incl. Prolongations),2254,73704,1761592967,4592711812,Dexter Lawrence II (CIN) moins de 0.5,Dexter Lawrence II (CIN) moins de 0.5,1.3125,0,False
17035367,CIN Bengals vs. JAX Jaguars,Boye Mafe,Sacks du joueur Plus/Moins (Incl. Prolongations),2254,73704,1761593929,4592713856,Boye Mafe (CIN) moins de 0.5,Boye Mafe (CIN) moins de 0.5,1.2667,0,False
17035367,CIN Bengals vs. JAX Jaguars,Boye Mafe,Sacks du joueur Plus/Moins (Incl. Prolongations),2254,73704,1761593929,4592713857,Boye Mafe (CIN) Plus de 0.5,Boye Mafe (CIN) Plus de 0.5,3.25,0,False
17035367,CIN Bengals vs. JAX Jaguars,Jonathan Allen,Sacks du joueur Plus/Moins (Incl. Prolongations),2254,73704,1761592388,4592710622,Jonathan Allen (CIN) Plus de 0.5,Jonathan Allen (CIN) Plus de 0.5,3.5,0,False
17035367,CIN Bengals vs. JAX Jaguars,Jonathan Allen,Sacks du joueur Plus/Moins (Incl. Prolongations),2254,73704,1761592388,4592710623,Jonathan Allen (CIN) moins de 0.5,Jonathan Allen (CIN) moins de 0.5,1.2223,0,False
17035367,CIN Bengals vs. JAX Jaguars,Myles Murphy,Sacks du joueur Plus/Moins (Incl. Prolongations),2254,73704,1761594606,4592715424,Myles Murphy (CIN) moins de 0.5,Myles Murphy (CIN) moins de 0.5,1.2,0,False
17035367,CIN Bengals vs. JAX Jaguars,Myles Murphy,Sacks du joueur Plus/Moins (Incl. Prolongations),2254,73704,1761594606,4592715423,Myles Murphy (CIN) Plus de 0.5,Myles Murphy (CIN) Plus de 0.5,3.75,0,False
17035367,CIN Bengals vs. JAX Jaguars,Cedric Johnson,Sacks du joueur Plus/Moins (Incl. Prolongations),2254,73704,1761594933,4592716144,Cedric Johnson (CIN) Plus de 0.5,Cedric Johnson (CIN) Plus de 0.5,4.0,0,False
17035367,CIN Bengals vs. JAX Jaguars,Cedric Johnson,Sacks du joueur Plus/Moins (Incl. Prolongations),2254,73704,1761594933,4592716143,Cedric Johnson (CIN) moins de 0.5,Cedric Johnson (CIN) moins de 0.5,1.1819,0,False
17035367,CIN Bengals vs. JAX Jaguars,Arik Armstead,Sacks du joueur Plus/Moins (Incl. Prolongations),2254,73704,1761803146,4593281770,Arik Armstead (JAX) moins de 0.5,Arik Armstead (JAX) moins de 0.5,1.1429,0,False
17035367,CIN Bengals vs. JAX Jaguars,Arik Armstead,Sacks du joueur Plus/Moins (Incl. Prolongations),2254,73704,1761803146,4593281771,Arik Armstead (JAX) Plus de 0.5,Arik Armstead (JAX) Plus de 0.5,4.4,0,False
17035367,CIN Bengals vs. JAX Jaguars,Ruke Orhorhoro,Sacks du joueur Plus/Moins (Incl. Prolongations),2254,73704,1761590982,4592707373,Ruke Orhorhoro (JAX) moins de 0.5,Ruke Orhorhoro (JAX) moins de 0.5,1.1429,0,False
17035367,CIN Bengals vs. JAX Jaguars,Ruke Orhorhoro,Sacks du joueur Plus/Moins (Incl. Prolongations),2254,73704,1761590982,4592707374,Ruke Orhorhoro (JAX) Plus de 0.5,Ruke Orhorhoro (JAX) Plus de 0.5,4.4,0,False
17035367,CIN Bengals vs. JAX Jaguars,Cashius Howell,Sacks du joueur Plus/Moins (Incl. Prolongations),2254,73704,1761803226,4593281936,Cashius Howell (CIN) Plus de 0.5,Cashius Howell (CIN) Plus de 0.5,5.0,0,False
17035367,CIN Bengals vs. JAX Jaguars,Cashius Howell,Sacks du joueur Plus/Moins (Incl. Prolongations),2254,73704,1761803226,4593281937,Cashius Howell (CIN) moins de 0.5,Cashius Howell (CIN) moins de 0.5,1.1112,0,False
17035367,CIN Bengals vs. JAX Jaguars,Chase Brown,Joueur tentative de gain par la course (prolongations incluses),2012,72303,1753861074,4568321798,Chase Brown (CIN) Plus de 15.5,Chase Brown (CIN) Plus de 15.5,1.7693,0,False
17035367,CIN Bengals vs. JAX Jaguars,Chase Brown,Joueur tentative de gain par la course (prolongations incluses),2012,72303,1753861074,4568321799,Chase Brown (CIN) moins de 15.5,Chase Brown (CIN) moins de 15.5,1.8696,0,False
17035367,CIN Bengals vs. JAX Jaguars,Bhayshul Tuten,Joueur tentative de gain par la course (prolongations incluses),2012,72303,1753981291,4568872404,Bhayshul Tuten (JAX) Plus de 12.5,Bhayshul Tuten (JAX) Plus de 12.5,1.6897,0,False
17035367,CIN Bengals vs. JAX Jaguars,Bhayshul Tuten,Joueur tentative de gain par la course (prolongations incluses),2012,72303,1753981291,4568872405,Bhayshul Tuten (JAX) moins de 12.5,Bhayshul Tuten (JAX) moins de 12.5,1.9524,0,False
17035367,CIN Bengals vs. JAX Jaguars,Christopher Rodriguez,Joueur tentative de gain par la course (prolongations incluses),2012,72303,1754271188,4569650888,Christopher Rodriguez (JAX) Plus de 5.5,Christopher Rodriguez (JAX) Plus de 5.5,2.1,0,False
17035367,CIN Bengals vs. JAX Jaguars,Christopher Rodriguez,Joueur tentative de gain par la course (prolongations incluses),2012,72303,1754271188,4569650889,Christopher Rodriguez (JAX) moins de 5.5,Christopher Rodriguez (JAX) moins de 5.5,1.6061,0,False
17035367,CIN Bengals vs. JAX Jaguars,Samaje Perine,Joueur tentative de gain par la course (prolongations incluses),2012,72303,1754746407,4570999429,Samaje Perine (CIN) Plus de 3.5,Samaje Perine (CIN) Plus de 3.5,1.8696,0,False
17035367,CIN Bengals vs. JAX Jaguars,Samaje Perine,Joueur tentative de gain par la course (prolongations incluses),2012,72303,1754746407,4570999430,Samaje Perine (CIN) moins de 3.5,Samaje Perine (CIN) moins de 3.5,1.7693,0,False
17035367,CIN Bengals vs. JAX Jaguars,Trevor Lawrence,Joueur tentative de gain par la course (prolongations incluses),2012,72303,1753231883,4566528171,Trevor Lawrence (JAX) Plus de 3.5,Trevor Lawrence (JAX) Plus de 3.5,1.8696,0,False
17035367,CIN Bengals vs. JAX Jaguars,Trevor Lawrence,Joueur tentative de gain par la course (prolongations incluses),2012,72303,1753231883,4566528172,Trevor Lawrence (JAX) moins de 3.5,Trevor Lawrence (JAX) moins de 3.5,1.7693,0,False
17035367,CIN Bengals vs. JAX Jaguars,Joe Burrow,Joueur tentative de gain par la course (prolongations incluses),2012,72303,1753231362,4566527265,Joe Burrow (CIN) Plus de 2.5,Joe Burrow (CIN) Plus de 2.5,1.9091,0,False
17035367,CIN Bengals vs. JAX Jaguars,Joe Burrow,Joueur tentative de gain par la course (prolongations incluses),2012,72303,1753231362,4566527266,Joe Burrow (CIN) moins de 2.5,Joe Burrow (CIN) moins de 2.5,1.7408,0,False
17035367,CIN Bengals vs. JAX Jaguars,Ja'Marr Chase,Total de réceptions Plus/Moins(Incl. Prolongations),767,71926,1754740923,4570985362,Ja'Marr Chase (CIN) Plus de 6.5,Ja'Marr Chase (CIN) Plus de 6.5,1.6061,0,False
17035367,CIN Bengals vs. JAX Jaguars,Ja'Marr Chase,Total de réceptions Plus/Moins(Incl. Prolongations),767,71926,1754740923,4570985363,Ja'Marr Chase (CIN) moins de 6.5,Ja'Marr Chase (CIN) moins de 6.5,2.1,0,False
17035367,CIN Bengals vs. JAX Jaguars,Parker Washington,Total de réceptions Plus/Moins(Incl. Prolongations),767,71926,1754278852,4569668796,Parker Washington (JAX) Plus de 5.5,Parker Washington (JAX) Plus de 5.5,1.8696,0,False
17035367,CIN Bengals vs. JAX Jaguars,Parker Washington,Total de réceptions Plus/Moins(Incl. Prolongations),767,71926,1754278852,4569668797,Parker Washington (JAX) moins de 5.5,Parker Washington (JAX) moins de 5.5,1.7693,0,False
17035367,CIN Bengals vs. JAX Jaguars,Tee Higgins,Total de réceptions Plus/Moins(Incl. Prolongations),767,71926,1753231751,4566527938,Tee Higgins (CIN) Plus de 4.5,Tee Higgins (CIN) Plus de 4.5,1.8696,0,False
17035367,CIN Bengals vs. JAX Jaguars,Tee Higgins,Total de réceptions Plus/Moins(Incl. Prolongations),767,71926,1753231751,4566527939,Tee Higgins (CIN) moins de 4.5,Tee Higgins (CIN) moins de 4.5,1.7693,0,False
17035367,CIN Bengals vs. JAX Jaguars,Brenton Strange,Total de réceptions Plus/Moins(Incl. Prolongations),767,71926,1753231457,4566527424,Brenton Strange (JAX) moins de 3.5,Brenton Strange (JAX) moins de 3.5,1.7693,0,False
17035367,CIN Bengals vs. JAX Jaguars,Brenton Strange,Total de réceptions Plus/Moins(Incl. Prolongations),767,71926,1753231457,4566527423,Brenton Strange (JAX) Plus de 3.5,Brenton Strange (JAX) Plus de 3.5,1.8696,0,False
17035367,CIN Bengals vs. JAX Jaguars,Jakobi Meyers,Total de réceptions Plus/Moins(Incl. Prolongations),767,71926,1753981094,4568872304,Jakobi Meyers (JAX) Plus de 3.5,Jakobi Meyers (JAX) Plus de 3.5,1.8696,0,False
17035367,CIN Bengals vs. JAX Jaguars,Jakobi Meyers,Total de réceptions Plus/Moins(Incl. Prolongations),767,71926,1753981094,4568872305,Jakobi Meyers (JAX) moins de 3.5,Jakobi Meyers (JAX) moins de 3.5,1.7693,0,False
17035367,CIN Bengals vs. JAX Jaguars,Chase Brown,Total de réceptions Plus/Moins(Incl. Prolongations),767,71926,1753231958,4566528302,Chase Brown (CIN) Plus de 3.5,Chase Brown (CIN) Plus de 3.5,2.15,0,False
17035367,CIN Bengals vs. JAX Jaguars,Chase Brown,Total de réceptions Plus/Moins(Incl. Prolongations),767,71926,1753231958,4566528303,Chase Brown (CIN) moins de 3.5,Chase Brown (CIN) moins de 3.5,1.5715,0,False
17035367,CIN Bengals vs. JAX Jaguars,Mike Gesicki,Total de réceptions Plus/Moins(Incl. Prolongations),767,71926,1754758100,4571040211,Mike Gesicki (CIN) Plus de 2.5,Mike Gesicki (CIN) Plus de 2.5,1.7693,0,False
17035367,CIN Bengals vs. JAX Jaguars,Mike Gesicki,Total de réceptions Plus/Moins(Incl. Prolongations),767,71926,1754758100,4571040212,Mike Gesicki (CIN) moins de 2.5,Mike Gesicki (CIN) moins de 2.5,1.8696,0,False
17035367,CIN Bengals vs. JAX Jaguars,Brian Thomas,Total de réceptions Plus/Moins(Incl. Prolongations),767,71926,1754277816,4569666326,Brian Thomas (JAX) Plus de 1.5,Brian Thomas (JAX) Plus de 1.5,1.4762,0,False
17035367,CIN Bengals vs. JAX Jaguars,Brian Thomas,Total de réceptions Plus/Moins(Incl. Prolongations),767,71926,1754277816,4569666327,Brian Thomas (JAX) moins de 1.5,Brian Thomas (JAX) moins de 1.5,2.35,0,False
17035367,CIN Bengals vs. JAX Jaguars,Dohnte Meyers,Total de réceptions Plus/Moins(Incl. Prolongations),767,71926,1753861081,4568321812,Dohnte Meyers (CIN) Plus de 1.5,Dohnte Meyers (CIN) Plus de 1.5,1.5,0,False
17035367,CIN Bengals vs. JAX Jaguars,Dohnte Meyers,Total de réceptions Plus/Moins(Incl. Prolongations),767,71926,1753861081,4568321813,Dohnte Meyers (CIN) moins de 1.5,Dohnte Meyers (CIN) moins de 1.5,2.3,0,False
17035367,CIN Bengals vs. JAX Jaguars,Bhayshul Tuten,Total de réceptions Plus/Moins(Incl. Prolongations),767,71926,1753232099,4566528545,Bhayshul Tuten (JAX) Plus de 1.5,Bhayshul Tuten (JAX) Plus de 1.5,1.6667,0,False
17035367,CIN Bengals vs. JAX Jaguars,Bhayshul Tuten,Total de réceptions Plus/Moins(Incl. Prolongations),767,71926,1753232099,4566528546,Bhayshul Tuten (JAX) moins de 1.5,Bhayshul Tuten (JAX) moins de 1.5,2.0,0,False
17035367,CIN Bengals vs. JAX Jaguars,Samaje Perine,Total de réceptions Plus/Moins(Incl. Prolongations),767,71926,1753231218,4566527008,Samaje Perine (CIN) Plus de 1.5,Samaje Perine (CIN) Plus de 1.5,1.8334,0,False
17035367,CIN Bengals vs. JAX Jaguars,Samaje Perine,Total de réceptions Plus/Moins(Incl. Prolongations),767,71926,1753231218,4566527009,Samaje Perine (CIN) moins de 1.5,Samaje Perine (CIN) moins de 1.5,1.8,0,False
17035367,CIN Bengals vs. JAX Jaguars,Drew Sample,Total de réceptions Plus/Moins(Incl. Prolongations),767,71926,1753231303,4566527157,Drew Sample (CIN) Plus de 1.5,Drew Sample (CIN) Plus de 1.5,2.25,0,False
17035367,CIN Bengals vs. JAX Jaguars,Drew Sample,Total de réceptions Plus/Moins(Incl. Prolongations),767,71926,1753231303,4566527158,Drew Sample (CIN) moins de 1.5,Drew Sample (CIN) moins de 1.5,1.5264,0,False
17035367,CIN Bengals vs. JAX Jaguars,Josh Cameron,Total de réceptions Plus/Moins(Incl. Prolongations),767,71926,1753232067,4566528491,Josh Cameron (JAX) Plus de 0.5,Josh Cameron (JAX) Plus de 0.5,1.4348,0,False
17035367,CIN Bengals vs. JAX Jaguars,Josh Cameron,Total de réceptions Plus/Moins(Incl. Prolongations),767,71926,1753232067,4566528492,Josh Cameron (JAX) moins de 0.5,Josh Cameron (JAX) moins de 0.5,2.5,0,False
17035367,CIN Bengals vs. JAX Jaguars,LeQuint Allen,Total de réceptions Plus/Moins(Incl. Prolongations),767,71926,1754271228,4569650966,LeQuint Allen (JAX) Plus de 0.5,LeQuint Allen (JAX) Plus de 0.5,1.7408,0,False
17035367,CIN Bengals vs. JAX Jaguars,LeQuint Allen,Total de réceptions Plus/Moins(Incl. Prolongations),767,71926,1754271228,4569650967,LeQuint Allen (JAX) moins de 0.5,LeQuint Allen (JAX) moins de 0.5,1.9091,0,False
17035367,CIN Bengals vs. JAX Jaguars,Tanner Hudson,Total de réceptions Plus/Moins(Incl. Prolongations),767,71926,1754744400,4570994344,Tanner Hudson (CIN) moins de 0.5,Tanner Hudson (CIN) moins de 0.5,1.8696,0,False
17035367,CIN Bengals vs. JAX Jaguars,Tanner Hudson,Total de réceptions Plus/Moins(Incl. Prolongations),767,71926,1754744400,4570994343,Tanner Hudson (CIN) Plus de 0.5,Tanner Hudson (CIN) Plus de 0.5,1.7693,0,False
17035367,CIN Bengals vs. JAX Jaguars,Travis Hunter,Total de réceptions Plus/Moins(Incl. Prolongations),767,71926,1753232224,4566528768,Travis Hunter (JAX) moins de 0.5,Travis Hunter (JAX) moins de 0.5,1.8696,0,False
17035367,CIN Bengals vs. JAX Jaguars,Travis Hunter,Total de réceptions Plus/Moins(Incl. Prolongations),767,71926,1753232224,4566528767,Travis Hunter (JAX) Plus de 0.5,Travis Hunter (JAX) Plus de 0.5,1.7693,0,False
17035367,CIN Bengals vs. JAX Jaguars,Nate Boerkircher,Total de réceptions Plus/Moins(Incl. Prolongations),767,71926,1753231564,4566527610,Nate Boerkircher (JAX) Plus de 0.5,Nate Boerkircher (JAX) Plus de 0.5,1.8334,0,False
17035367,CIN Bengals vs. JAX Jaguars,Nate Boerkircher,Total de réceptions Plus/Moins(Incl. Prolongations),767,71926,1753231564,4566527611,Nate Boerkircher (JAX) moins de 0.5,Nate Boerkircher (JAX) moins de 0.5,1.8,0,False
17035367,CIN Bengals vs. JAX Jaguars,Trevor Lawrence,Passes du joueur interceptées Plus/Moins (Incl. Prolongations),2253,73703,1758065110,4582101581,Trevor Lawrence (JAX) Plus de 0.5,Trevor Lawrence (JAX) Plus de 0.5,1.6667,0,False
17035367,CIN Bengals vs. JAX Jaguars,Trevor Lawrence,Passes du joueur interceptées Plus/Moins (Incl. Prolongations),2253,73703,1758065110,4582101582,Trevor Lawrence (JAX) moins de 0.5,Trevor Lawrence (JAX) moins de 0.5,2.0,0,False
17035367,CIN Bengals vs. JAX Jaguars,Joe Burrow,Passes du joueur interceptées Plus/Moins (Incl. Prolongations),2253,73703,1758065109,4582101579,Joe Burrow (CIN) Plus de 0.5,Joe Burrow (CIN) Plus de 0.5,1.8334,0,False
17035367,CIN Bengals vs. JAX Jaguars,Joe Burrow,Passes du joueur interceptées Plus/Moins (Incl. Prolongations),2253,73703,1758065109,4582101580,Joe Burrow (CIN) moins de 0.5,Joe Burrow (CIN) moins de 0.5,1.8,0,False
17035367,CIN Bengals vs. JAX Jaguars,Joe Burrow,"Passes complétées, Joueur (prolongations incluses) ",760,71921,1754746418,4570999451,Joe Burrow (CIN) Plus de 24.5,Joe Burrow (CIN) Plus de 24.5,1.8696,0,False
17035367,CIN Bengals vs. JAX Jaguars,Joe Burrow,"Passes complétées, Joueur (prolongations incluses) ",760,71921,1754746418,4570999452,Joe Burrow (CIN) moins de 24.5,Joe Burrow (CIN) moins de 24.5,1.7693,0,False
17035367,CIN Bengals vs. JAX Jaguars,Trevor Lawrence,"Passes complétées, Joueur (prolongations incluses) ",760,71921,1754747529,4571002506,Trevor Lawrence (JAX) Plus de 21.5,Trevor Lawrence (JAX) Plus de 21.5,1.9524,0,False
17035367,CIN Bengals vs. JAX Jaguars,Trevor Lawrence,"Passes complétées, Joueur (prolongations incluses) ",760,71921,1754747529,4571002507,Trevor Lawrence (JAX) moins de 21.5,Trevor Lawrence (JAX) moins de 21.5,1.6897,0,False
17035367,CIN Bengals vs. JAX Jaguars,Joe Burrow,Tentatives de passes du joueur Plus/Moins (Incl. Prolongations),2252,73702,1754745884,4570997793,Joe Burrow (CIN) Plus de 36.5,Joe Burrow (CIN) Plus de 36.5,1.8696,0,False
17035367,CIN Bengals vs. JAX Jaguars,Joe Burrow,Tentatives de passes du joueur Plus/Moins (Incl. Prolongations),2252,73702,1754745884,4570997794,Joe Burrow (CIN) moins de 36.5,Joe Burrow (CIN) moins de 36.5,1.7693,0,False
17035367,CIN Bengals vs. JAX Jaguars,Trevor Lawrence,Tentatives de passes du joueur Plus/Moins (Incl. Prolongations),2252,73702,1754747457,4571001965,Trevor Lawrence (JAX) Plus de 33.5,Trevor Lawrence (JAX) Plus de 33.5,1.8,0,False
17035367,CIN Bengals vs. JAX Jaguars,Trevor Lawrence,Tentatives de passes du joueur Plus/Moins (Incl. Prolongations),2252,73702,1754747457,4571001966,Trevor Lawrence (JAX) moins de 33.5,Trevor Lawrence (JAX) moins de 33.5,1.8334,0,False
17035367,CIN Bengals vs. JAX Jaguars,Parker Washington,Joueuer Plus longue réception (prolongations incluses) ,2009,72300,1755541667,4573538632,Parker Washington (JAX) Plus de 25.5,Parker Washington (JAX) Plus de 25.5,1.8,0,False
17035367,CIN Bengals vs. JAX Jaguars,Parker Washington,Joueuer Plus longue réception (prolongations incluses) ,2009,72300,1755541667,4573538633,Parker Washington (JAX) moins de 25.5,Parker Washington (JAX) moins de 25.5,1.8334,0,False
17035367,CIN Bengals vs. JAX Jaguars,Ja'Marr Chase,Joueuer Plus longue réception (prolongations incluses) ,2009,72300,1758493773,4583210354,Ja'Marr Chase (CIN) Plus de 24.5,Ja'Marr Chase (CIN) Plus de 24.5,1.8334,0,False
17035367,CIN Bengals vs. JAX Jaguars,Ja'Marr Chase,Joueuer Plus longue réception (prolongations incluses) ,2009,72300,1758493773,4583210355,Ja'Marr Chase (CIN) moins de 24.5,Ja'Marr Chase (CIN) moins de 24.5,1.8,0,False
17035367,CIN Bengals vs. JAX Jaguars,Tee Higgins,Joueuer Plus longue réception (prolongations incluses) ,2009,72300,1754740917,4570985350,Tee Higgins (CIN) Plus de 22.5,Tee Higgins (CIN) Plus de 22.5,1.7693,0,False
17035367,CIN Bengals vs. JAX Jaguars,Tee Higgins,Joueuer Plus longue réception (prolongations incluses) ,2009,72300,1754740917,4570985351,Tee Higgins (CIN) moins de 22.5,Tee Higgins (CIN) moins de 22.5,1.8696,0,False
17035367,CIN Bengals vs. JAX Jaguars,Jakobi Meyers,Joueuer Plus longue réception (prolongations incluses) ,2009,72300,1753981095,4568872306,Jakobi Meyers (JAX) Plus de 18.5,Jakobi Meyers (JAX) Plus de 18.5,1.8696,0,False
17035367,CIN Bengals vs. JAX Jaguars,Jakobi Meyers,Joueuer Plus longue réception (prolongations incluses) ,2009,72300,1753981095,4568872307,Jakobi Meyers (JAX) moins de 18.5,Jakobi Meyers (JAX) moins de 18.5,1.7693,0,False
17035367,CIN Bengals vs. JAX Jaguars,Brian Thomas,Joueuer Plus longue réception (prolongations incluses) ,2009,72300,1753981286,4568872394,Brian Thomas (JAX) Plus de 17.5,Brian Thomas (JAX) Plus de 17.5,1.8696,0,False
17035367,CIN Bengals vs. JAX Jaguars,Brian Thomas,Joueuer Plus longue réception (prolongations incluses) ,2009,72300,1753981286,4568872395,Brian Thomas (JAX) moins de 17.5,Brian Thomas (JAX) moins de 17.5,1.7693,0,False
17035367,CIN Bengals vs. JAX Jaguars,Brenton Strange,Joueuer Plus longue réception (prolongations incluses) ,2009,72300,1753231458,4566527425,Brenton Strange (JAX) Plus de 16.5,Brenton Strange (JAX) Plus de 16.5,1.7693,0,False
17035367,CIN Bengals vs. JAX Jaguars,Brenton Strange,Joueuer Plus longue réception (prolongations incluses) ,2009,72300,1753231458,4566527426,Brenton Strange (JAX) moins de 16.5,Brenton Strange (JAX) moins de 16.5,1.8696,0,False
17035367,CIN Bengals vs. JAX Jaguars,Mike Gesicki,Joueuer Plus longue réception (prolongations incluses) ,2009,72300,1757344254,4579410513,Mike Gesicki (CIN) Plus de 15.5,Mike Gesicki (CIN) Plus de 15.5,1.8,0,False
17035367,CIN Bengals vs. JAX Jaguars,Mike Gesicki,Joueuer Plus longue réception (prolongations incluses) ,2009,72300,1757344254,4579410514,Mike Gesicki (CIN) moins de 15.5,Mike Gesicki (CIN) moins de 15.5,1.8334,0,False
17035367,CIN Bengals vs. JAX Jaguars,Dohnte Meyers,Joueuer Plus longue réception (prolongations incluses) ,2009,72300,1754758105,4571040221,Dohnte Meyers (CIN) Plus de 14.5,Dohnte Meyers (CIN) Plus de 14.5,1.8,0,False
17035367,CIN Bengals vs. JAX Jaguars,Dohnte Meyers,Joueuer Plus longue réception (prolongations incluses) ,2009,72300,1754758105,4571040222,Dohnte Meyers (CIN) moins de 14.5,Dohnte Meyers (CIN) moins de 14.5,1.8334,0,False
17035367,CIN Bengals vs. JAX Jaguars,Chase Brown,Joueuer Plus longue réception (prolongations incluses) ,2009,72300,1753981265,4568872352,Chase Brown (CIN) Plus de 10.5,Chase Brown (CIN) Plus de 10.5,1.7693,0,False
17035367,CIN Bengals vs. JAX Jaguars,Chase Brown,Joueuer Plus longue réception (prolongations incluses) ,2009,72300,1753981265,4568872353,Chase Brown (CIN) moins de 10.5,Chase Brown (CIN) moins de 10.5,1.8696,0,False
17035367,CIN Bengals vs. JAX Jaguars,Bhayshul Tuten,Joueuer Plus longue réception (prolongations incluses) ,2009,72300,1754117147,4569275995,Bhayshul Tuten (JAX) Plus de 7.5,Bhayshul Tuten (JAX) Plus de 7.5,1.7693,0,False
17035367,CIN Bengals vs. JAX Jaguars,Bhayshul Tuten,Joueuer Plus longue réception (prolongations incluses) ,2009,72300,1754117147,4569275996,Bhayshul Tuten (JAX) moins de 7.5,Bhayshul Tuten (JAX) moins de 7.5,1.8696,0,False
17035367,CIN Bengals vs. JAX Jaguars,Josh Cameron,Joueuer Plus longue réception (prolongations incluses) ,2009,72300,1754753973,4571030190,Josh Cameron (JAX) Plus de 7.5,Josh Cameron (JAX) Plus de 7.5,1.8,0,False
17035367,CIN Bengals vs. JAX Jaguars,Josh Cameron,Joueuer Plus longue réception (prolongations incluses) ,2009,72300,1754753973,4571030191,Josh Cameron (JAX) moins de 7.5,Josh Cameron (JAX) moins de 7.5,1.8334,0,False
17035367,CIN Bengals vs. JAX Jaguars,Samaje Perine,Joueuer Plus longue réception (prolongations incluses) ,2009,72300,1753231219,4566527010,Samaje Perine (CIN) Plus de 7.5,Samaje Perine (CIN) Plus de 7.5,1.9091,0,False
17035367,CIN Bengals vs. JAX Jaguars,Samaje Perine,Joueuer Plus longue réception (prolongations incluses) ,2009,72300,1753231219,4566527011,Samaje Perine (CIN) moins de 7.5,Samaje Perine (CIN) moins de 7.5,1.7408,0,False
17035367,CIN Bengals vs. JAX Jaguars,Drew Sample,Joueuer Plus longue réception (prolongations incluses) ,2009,72300,1754758181,4571040388,Drew Sample (CIN) Plus de 6.5,Drew Sample (CIN) Plus de 6.5,1.7693,0,False
17035367,CIN Bengals vs. JAX Jaguars,Drew Sample,Joueuer Plus longue réception (prolongations incluses) ,2009,72300,1754758181,4571040389,Drew Sample (CIN) moins de 6.5,Drew Sample (CIN) moins de 6.5,1.8696,0,False
17035367,CIN Bengals vs. JAX Jaguars,Tanner Hudson,Joueuer Plus longue réception (prolongations incluses) ,2009,72300,1757344256,4579410517,Tanner Hudson (CIN) Plus de 1.5,Tanner Hudson (CIN) Plus de 1.5,1.8334,0,False
17035367,CIN Bengals vs. JAX Jaguars,Tanner Hudson,Joueuer Plus longue réception (prolongations incluses) ,2009,72300,1757344256,4579410518,Tanner Hudson (CIN) moins de 1.5,Tanner Hudson (CIN) moins de 1.5,1.8,0,False
17035367,CIN Bengals vs. JAX Jaguars,LeQuint Allen,Joueuer Plus longue réception (prolongations incluses) ,2009,72300,1759994878,4588127635,LeQuint Allen (JAX) Plus de 0.5,LeQuint Allen (JAX) Plus de 0.5,1.8696,0,False
17035367,CIN Bengals vs. JAX Jaguars,LeQuint Allen,Joueuer Plus longue réception (prolongations incluses) ,2009,72300,1759994878,4588127636,LeQuint Allen (JAX) moins de 0.5,LeQuint Allen (JAX) moins de 0.5,1.7693,0,False
17035367,CIN Bengals vs. JAX Jaguars,Nate Boerkircher,Joueuer Plus longue réception (prolongations incluses) ,2009,72300,1753231565,4566527612,Nate Boerkircher (JAX) Plus de 0.5,Nate Boerkircher (JAX) Plus de 0.5,1.8696,0,False
17035367,CIN Bengals vs. JAX Jaguars,Nate Boerkircher,Joueuer Plus longue réception (prolongations incluses) ,2009,72300,1753231565,4566527613,Nate Boerkircher (JAX) moins de 0.5,Nate Boerkircher (JAX) moins de 0.5,1.7693,0,False
17035367,CIN Bengals vs. JAX Jaguars,Travis Hunter,Joueuer Plus longue réception (prolongations incluses) ,2009,72300,1753861123,4568321896,Travis Hunter (JAX) Plus de 0.5,Travis Hunter (JAX) Plus de 0.5,1.8696,0,False
17035367,CIN Bengals vs. JAX Jaguars,Travis Hunter,Joueuer Plus longue réception (prolongations incluses) ,2009,72300,1753861123,4568321897,Travis Hunter (JAX) moins de 0.5,Travis Hunter (JAX) moins de 0.5,1.7693,0,False
17035367,CIN Bengals vs. JAX Jaguars,Trevor Lawrence,Joueur Plus longue passe complétée (prolongations incluses) ,2001,72292,1754767559,4571065468,Trevor Lawrence (JAX) Plus de 38.5,Trevor Lawrence (JAX) Plus de 38.5,1.7693,0,False
17035367,CIN Bengals vs. JAX Jaguars,Trevor Lawrence,Joueur Plus longue passe complétée (prolongations incluses) ,2001,72292,1754767559,4571065469,Trevor Lawrence (JAX) moins de 38.5,Trevor Lawrence (JAX) moins de 38.5,1.8696,0,False
17035367,CIN Bengals vs. JAX Jaguars,Joe Burrow,Joueur Plus longue passe complétée (prolongations incluses) ,2001,72292,1759131914,4585371424,Joe Burrow (CIN) Plus de 38.5,Joe Burrow (CIN) Plus de 38.5,1.8696,0,False
17035367,CIN Bengals vs. JAX Jaguars,Joe Burrow,Joueur Plus longue passe complétée (prolongations incluses) ,2001,72292,1759131914,4585371425,Joe Burrow (CIN) moins de 38.5,Joe Burrow (CIN) moins de 38.5,1.7693,0,False
17035367,CIN Bengals vs. JAX Jaguars,Evan McPherson,Points de tir du joueur Plus/Moins (prolongations incluses) ,2003,72294,1754747471,4571001993,Evan McPherson (CIN) Plus de 7.5,Evan McPherson (CIN) Plus de 7.5,1.7408,0,False
17035367,CIN Bengals vs. JAX Jaguars,Evan McPherson,Points de tir du joueur Plus/Moins (prolongations incluses) ,2003,72294,1754747471,4571001994,Evan McPherson (CIN) moins de 7.5,Evan McPherson (CIN) moins de 7.5,1.9091,0,False
17035367,CIN Bengals vs. JAX Jaguars,Cam Little,Points de tir du joueur Plus/Moins (prolongations incluses) ,2003,72294,1753232053,4566528465,Cam Little (JAX) Plus de 6.5,Cam Little (JAX) Plus de 6.5,1.6897,0,False
17035367,CIN Bengals vs. JAX Jaguars,Cam Little,Points de tir du joueur Plus/Moins (prolongations incluses) ,2003,72294,1753232053,4566528466,Cam Little (JAX) moins de 6.5,Cam Little (JAX) moins de 6.5,1.9524,0,False
17035367,CIN Bengals vs. JAX Jaguars,Evan McPherson,Field goals du joueur (prolongations incluses) ,769,71927,1753231953,4566528292,Evan McPherson (CIN) Plus de 1.5,Evan McPherson (CIN) Plus de 1.5,1.6667,0,False
17035367,CIN Bengals vs. JAX Jaguars,Evan McPherson,Field goals du joueur (prolongations incluses) ,769,71927,1753231953,4566528293,Evan McPherson (CIN) moins de 1.5,Evan McPherson (CIN) moins de 1.5,2.0,0,False
17035367,CIN Bengals vs. JAX Jaguars,Cam Little,Field goals du joueur (prolongations incluses) ,769,71927,1753232051,4566528461,Cam Little (JAX) Plus de 1.5,Cam Little (JAX) Plus de 1.5,1.9091,0,False
17035367,CIN Bengals vs. JAX Jaguars,Cam Little,Field goals du joueur (prolongations incluses) ,769,71927,1753232051,4566528462,Cam Little (JAX) moins de 1.5,Cam Little (JAX) moins de 1.5,1.7408,0,False
17035367,CIN Bengals vs. JAX Jaguars,Bryan Cook,Interceptions défensives Plus/Moins (prolongations incluses),3304,73828,1753231819,4566528054,Bryan Cook (CIN) Plus de 0.5,Bryan Cook (CIN) Plus de 0.5,5.0,0,False
17035367,CIN Bengals vs. JAX Jaguars,Bryan Cook,Interceptions défensives Plus/Moins (prolongations incluses),3304,73828,1753231819,4566528055,Bryan Cook (CIN) moins de 0.5,Bryan Cook (CIN) moins de 0.5,1.1112,0,False
17035367,CIN Bengals vs. JAX Jaguars,Jordan Battle,Interceptions défensives Plus/Moins (prolongations incluses),3304,73828,1753231515,4566527525,Jordan Battle (CIN) Plus de 0.5,Jordan Battle (CIN) Plus de 0.5,5.0,0,False
17035367,CIN Bengals vs. JAX Jaguars,Jordan Battle,Interceptions défensives Plus/Moins (prolongations incluses),3304,73828,1753231515,4566527526,Jordan Battle (CIN) moins de 0.5,Jordan Battle (CIN) moins de 0.5,1.1112,0,False
17035367,CIN Bengals vs. JAX Jaguars,Antonio Johnson,Interceptions défensives Plus/Moins (prolongations incluses),3304,73828,1753231598,4566527668,Antonio Johnson (JAX) Plus de 0.5,Antonio Johnson (JAX) Plus de 0.5,5.5,0,False
17035367,CIN Bengals vs. JAX Jaguars,Antonio Johnson,Interceptions défensives Plus/Moins (prolongations incluses),3304,73828,1753231598,4566527669,Antonio Johnson (JAX) moins de 0.5,Antonio Johnson (JAX) moins de 0.5,1.091,0,False
17035367,CIN Bengals vs. JAX Jaguars,Demetrius Knight,Interceptions défensives Plus/Moins (prolongations incluses),3304,73828,1753231426,4566527371,Demetrius Knight (CIN) Plus de 0.5,Demetrius Knight (CIN) Plus de 0.5,6.0,0,False
17035367,CIN Bengals vs. JAX Jaguars,Demetrius Knight,Interceptions défensives Plus/Moins (prolongations incluses),3304,73828,1753231426,4566527372,Demetrius Knight (CIN) moins de 0.5,Demetrius Knight (CIN) moins de 0.5,1.0715,0,False
17035367,CIN Bengals vs. JAX Jaguars,Tacario Davis,Interceptions défensives Plus/Moins (prolongations incluses),3304,73828,1753232285,4566528872,Tacario Davis (CIN) moins de 0.5,Tacario Davis (CIN) moins de 0.5,1.0715,0,False
17035367,CIN Bengals vs. JAX Jaguars,Tacario Davis,Interceptions défensives Plus/Moins (prolongations incluses),3304,73828,1753232285,4566528871,Tacario Davis (CIN) Plus de 0.5,Tacario Davis (CIN) Plus de 0.5,6.0,0,False
17035367,CIN Bengals vs. JAX Jaguars,Travis Hunter,Interceptions défensives Plus/Moins (prolongations incluses),3304,73828,1753232241,4566528801,Travis Hunter (JAX) Plus de 0.5,Travis Hunter (JAX) Plus de 0.5,6.5,0,False
17035367,CIN Bengals vs. JAX Jaguars,Travis Hunter,Interceptions défensives Plus/Moins (prolongations incluses),3304,73828,1753232241,4566528802,Travis Hunter (JAX) moins de 0.5,Travis Hunter (JAX) moins de 0.5,1.0589,0,False
17035367,CIN Bengals vs. JAX Jaguars,Barrett Carter,Interceptions défensives Plus/Moins (prolongations incluses),3304,73828,1753232043,4566528448,Barrett Carter (CIN) moins de 0.5,Barrett Carter (CIN) moins de 0.5,1.05,0,False
17035367,CIN Bengals vs. JAX Jaguars,Barrett Carter,Interceptions défensives Plus/Moins (prolongations incluses),3304,73828,1753232043,4566528447,Barrett Carter (CIN) Plus de 0.5,Barrett Carter (CIN) Plus de 0.5,6.75,0,False
17035367,CIN Bengals vs. JAX Jaguars,Daxton Hill,Interceptions défensives Plus/Moins (prolongations incluses),3304,73828,1753231527,4566527547,Daxton Hill (CIN) Plus de 0.5,Daxton Hill (CIN) Plus de 0.5,6.75,0,False
17035367,CIN Bengals vs. JAX Jaguars,Daxton Hill,Interceptions défensives Plus/Moins (prolongations incluses),3304,73828,1753231527,4566527548,Daxton Hill (CIN) moins de 0.5,Daxton Hill (CIN) moins de 0.5,1.05,0,False
17035367,CIN Bengals vs. JAX Jaguars,Eric Murray,Interceptions défensives Plus/Moins (prolongations incluses),3304,73828,1753231186,4566526950,Eric Murray (JAX) Plus de 0.5,Eric Murray (JAX) Plus de 0.5,6.75,0,False
17035367,CIN Bengals vs. JAX Jaguars,Eric Murray,Interceptions défensives Plus/Moins (prolongations incluses),3304,73828,1753231186,4566526951,Eric Murray (JAX) moins de 0.5,Eric Murray (JAX) moins de 0.5,1.05,0,False
17035367,CIN Bengals vs. JAX Jaguars,DJ Turner,Interceptions défensives Plus/Moins (prolongations incluses),3304,73828,1753231533,4566527558,DJ Turner (CIN) Plus de 0.5,DJ Turner (CIN) Plus de 0.5,7.25,0,False
17035367,CIN Bengals vs. JAX Jaguars,DJ Turner,Interceptions défensives Plus/Moins (prolongations incluses),3304,73828,1753231533,4566527559,DJ Turner (CIN) moins de 0.5,DJ Turner (CIN) moins de 0.5,1.04,0,False
17035367,CIN Bengals vs. JAX Jaguars,Foyesade Oluokun,Interceptions défensives Plus/Moins (prolongations incluses),3304,73828,1753231214,4566527001,Foyesade Oluokun (JAX) Plus de 0.5,Foyesade Oluokun (JAX) Plus de 0.5,7.5,0,False
17035367,CIN Bengals vs. JAX Jaguars,Foyesade Oluokun,Interceptions défensives Plus/Moins (prolongations incluses),3304,73828,1753231214,4566527002,Foyesade Oluokun (JAX) moins de 0.5,Foyesade Oluokun (JAX) moins de 0.5,1.0334,0,False
17035367,CIN Bengals vs. JAX Jaguars,D.J. Ivey,Interceptions défensives Plus/Moins (prolongations incluses),3304,73828,1753231825,4566528065,D.J. Ivey (CIN) Plus de 0.5,D.J. Ivey (CIN) Plus de 0.5,9.0,0,False
17035367,CIN Bengals vs. JAX Jaguars,D.J. Ivey,Interceptions défensives Plus/Moins (prolongations incluses),3304,73828,1753231825,4566528066,D.J. Ivey (CIN) moins de 0.5,D.J. Ivey (CIN) moins de 0.5,0.0,7,False
17035367,CIN Bengals vs. JAX Jaguars,Oren Burks,Interceptions défensives Plus/Moins (prolongations incluses),3304,73828,1753231203,4566526981,Oren Burks (CIN) Plus de 0.5,Oren Burks (CIN) Plus de 0.5,9.0,0,False
17035367,CIN Bengals vs. JAX Jaguars,Oren Burks,Interceptions défensives Plus/Moins (prolongations incluses),3304,73828,1753231203,4566526982,Oren Burks (CIN) moins de 0.5,Oren Burks (CIN) moins de 0.5,0.0,7,False
17035367,CIN Bengals vs. JAX Jaguars,Ventrell Miller,Interceptions défensives Plus/Moins (prolongations incluses),3304,73828,1753231737,4566527913,Ventrell Miller (JAX) Plus de 0.5,Ventrell Miller (JAX) Plus de 0.5,9.0,0,False
17035367,CIN Bengals vs. JAX Jaguars,Ventrell Miller,Interceptions défensives Plus/Moins (prolongations incluses),3304,73828,1753231737,4566527914,Ventrell Miller (JAX) moins de 0.5,Ventrell Miller (JAX) moins de 0.5,1.01,0,False
17035367,CIN Bengals vs. JAX Jaguars,Chase Brown,1ère mi-temps - Total de yards à la course du joueur Plus/Moins,31470,77064,1753861075,4568321800,Chase Brown (CIN) Plus de 29.5,Chase Brown (CIN) Plus de 29.5,1.8334,0,False
17035367,CIN Bengals vs. JAX Jaguars,Chase Brown,1ère mi-temps - Total de yards à la course du joueur Plus/Moins,31470,77064,1753861075,4568321801,Chase Brown (CIN) moins de 29.5,Chase Brown (CIN) moins de 29.5,1.7693,0,False
17035367,CIN Bengals vs. JAX Jaguars,Bhayshul Tuten,1ère mi-temps - Total de yards à la course du joueur Plus/Moins,31470,77064,1754276277,4569663000,Bhayshul Tuten (JAX) Plus de 26.5,Bhayshul Tuten (JAX) Plus de 26.5,1.8334,0,False
17035367,CIN Bengals vs. JAX Jaguars,Bhayshul Tuten,1ère mi-temps - Total de yards à la course du joueur Plus/Moins,31470,77064,1754276277,4569663001,Bhayshul Tuten (JAX) moins de 26.5,Bhayshul Tuten (JAX) moins de 26.5,1.7693,0,False
17035367,CIN Bengals vs. JAX Jaguars,Christopher Rodriguez,1ère mi-temps - Total de yards à la course du joueur Plus/Moins,31470,77064,1754747468,4571001987,Christopher Rodriguez (JAX) Plus de 8.5,Christopher Rodriguez (JAX) Plus de 8.5,1.8334,0,False
17035367,CIN Bengals vs. JAX Jaguars,Christopher Rodriguez,1ère mi-temps - Total de yards à la course du joueur Plus/Moins,31470,77064,1754747468,4571001988,Christopher Rodriguez (JAX) moins de 8.5,Christopher Rodriguez (JAX) moins de 8.5,1.7693,0,False
17035367,CIN Bengals vs. JAX Jaguars,Samaje Perine,1ère mi-temps - Total de yards à la course du joueur Plus/Moins,31470,77064,1754885103,4571393200,Samaje Perine (CIN) moins de 4.5,Samaje Perine (CIN) moins de 4.5,1.8334,0,False
17035367,CIN Bengals vs. JAX Jaguars,Samaje Perine,1ère mi-temps - Total de yards à la course du joueur Plus/Moins,31470,77064,1754885103,4571393199,Samaje Perine (CIN) Plus de 4.5,Samaje Perine (CIN) Plus de 4.5,1.7693,0,False
17035367,CIN Bengals vs. JAX Jaguars,Trevor Lawrence,1ère mi-temps - Total de yards à la course du joueur Plus/Moins,31470,77064,1754272065,4569652818,Trevor Lawrence (JAX) Plus de 4.5,Trevor Lawrence (JAX) Plus de 4.5,1.8,0,False
17035367,CIN Bengals vs. JAX Jaguars,Trevor Lawrence,1ère mi-temps - Total de yards à la course du joueur Plus/Moins,31470,77064,1754272065,4569652819,Trevor Lawrence (JAX) moins de 4.5,Trevor Lawrence (JAX) moins de 4.5,1.8,0,False
17035367,CIN Bengals vs. JAX Jaguars,Joe Burrow,1ère mi-temps - Total de yards à la course du joueur Plus/Moins,31470,77064,1753231364,4566527269,Joe Burrow (CIN) Plus de 0.5,Joe Burrow (CIN) Plus de 0.5,1.7693,0,False
17035367,CIN Bengals vs. JAX Jaguars,Joe Burrow,1ère mi-temps - Total de yards à la course du joueur Plus/Moins,31470,77064,1753231364,4566527270,Joe Burrow (CIN) moins de 0.5,Joe Burrow (CIN) moins de 0.5,1.8334,0,False
17035367,CIN Bengals vs. JAX Jaguars,Chase Brown,1ère mi-temps - Touchdowns de course du joueur Plus / Moins,31473,77067,1753231976,4566528338,Chase Brown (CIN) Plus de 0.5,Chase Brown (CIN) Plus de 0.5,3.25,0,False
17035367,CIN Bengals vs. JAX Jaguars,Chase Brown,1ère mi-temps - Touchdowns de course du joueur Plus / Moins,31473,77067,1753231976,4566528339,Chase Brown (CIN) moins de 0.5,Chase Brown (CIN) moins de 0.5,1.25,0,False
17035367,CIN Bengals vs. JAX Jaguars,Bhayshul Tuten,1ère mi-temps - Touchdowns de course du joueur Plus / Moins,31473,77067,1753232117,4566528581,Bhayshul Tuten (JAX) Plus de 0.5,Bhayshul Tuten (JAX) Plus de 0.5,3.6,0,False
17035367,CIN Bengals vs. JAX Jaguars,Bhayshul Tuten,1ère mi-temps - Touchdowns de course du joueur Plus / Moins,31473,77067,1753232117,4566528582,Bhayshul Tuten (JAX) moins de 0.5,Bhayshul Tuten (JAX) moins de 0.5,1.2,0,False
17035367,CIN Bengals vs. JAX Jaguars,Christopher Rodriguez,1ère mi-temps - Touchdowns de course du joueur Plus / Moins,31473,77067,1753231926,4566528248,Christopher Rodriguez (JAX) Plus de 0.5,Christopher Rodriguez (JAX) Plus de 0.5,6.0,0,False
17035367,CIN Bengals vs. JAX Jaguars,Christopher Rodriguez,1ère mi-temps - Touchdowns de course du joueur Plus / Moins,31473,77067,1753231926,4566528249,Christopher Rodriguez (JAX) moins de 0.5,Christopher Rodriguez (JAX) moins de 0.5,1.0625,0,False
17035367,CIN Bengals vs. JAX Jaguars,Trevor Lawrence,1ère mi-temps - Touchdowns de course du joueur Plus / Moins,31473,77067,1753231888,4566528181,Trevor Lawrence (JAX) Plus de 0.5,Trevor Lawrence (JAX) Plus de 0.5,6.0,0,False
17035367,CIN Bengals vs. JAX Jaguars,Trevor Lawrence,1ère mi-temps - Touchdowns de course du joueur Plus / Moins,31473,77067,1753231888,4566528182,Trevor Lawrence (JAX) moins de 0.5,Trevor Lawrence (JAX) moins de 0.5,1.0589,0,False
17035367,CIN Bengals vs. JAX Jaguars,Joe Burrow,1ère mi-temps - Touchdowns de course du joueur Plus / Moins,31473,77067,1753231367,4566527275,Joe Burrow (CIN) Plus de 0.5,Joe Burrow (CIN) Plus de 0.5,7.75,0,False
17035367,CIN Bengals vs. JAX Jaguars,Joe Burrow,1ère mi-temps - Touchdowns de course du joueur Plus / Moins,31473,77067,1753231367,4566527276,Joe Burrow (CIN) moins de 0.5,Joe Burrow (CIN) moins de 0.5,1.02,0,False
17035367,CIN Bengals vs. JAX Jaguars,Samaje Perine,1ère mi-temps - Touchdowns de course du joueur Plus / Moins,31473,77067,1753231236,4566527044,Samaje Perine (CIN) Plus de 0.5,Samaje Perine (CIN) Plus de 0.5,7.75,0,False
17035367,CIN Bengals vs. JAX Jaguars,Samaje Perine,1ère mi-temps - Touchdowns de course du joueur Plus / Moins,31473,77067,1753231236,4566527045,Samaje Perine (CIN) moins de 0.5,Samaje Perine (CIN) moins de 0.5,1.02,0,False
17035367,CIN Bengals vs. JAX Jaguars,Ameer Abdullah,1ère mi-temps - Touchdowns de course du joueur Plus / Moins,31473,77067,1753231161,4566526909,Ameer Abdullah (JAX) Plus de 0.5,Ameer Abdullah (JAX) Plus de 0.5,8.5,0,False
17035367,CIN Bengals vs. JAX Jaguars,Ameer Abdullah,1ère mi-temps - Touchdowns de course du joueur Plus / Moins,31473,77067,1753231161,4566526910,Ameer Abdullah (JAX) moins de 0.5,Ameer Abdullah (JAX) moins de 0.5,0.0,7,False
17035367,CIN Bengals vs. JAX Jaguars,LeQuint Allen,1ère mi-temps - Touchdowns de course du joueur Plus / Moins,31473,77067,1754271246,4569651002,LeQuint Allen (JAX) Plus de 0.5,LeQuint Allen (JAX) Plus de 0.5,8.5,0,False
17035367,CIN Bengals vs. JAX Jaguars,LeQuint Allen,1ère mi-temps - Touchdowns de course du joueur Plus / Moins,31473,77067,1754271246,4569651003,LeQuint Allen (JAX) moins de 0.5,LeQuint Allen (JAX) moins de 0.5,0.0,7,False
17035367,CIN Bengals vs. JAX Jaguars,Tahj Brooks,1ère mi-temps - Touchdowns de course du joueur Plus / Moins,31473,77067,1753231626,4566527722,Tahj Brooks (CIN) Plus de 0.5,Tahj Brooks (CIN) Plus de 0.5,8.5,0,False
17035367,CIN Bengals vs. JAX Jaguars,Tahj Brooks,1ère mi-temps - Touchdowns de course du joueur Plus / Moins,31473,77067,1753231626,4566527723,Tahj Brooks (CIN) moins de 0.5,Tahj Brooks (CIN) moins de 0.5,0.0,7,False
17035367,CIN Bengals vs. JAX Jaguars,Chase Brown,1ère mi-temps - Tentatives de rushing du joueur Plus/Moins,31482,77076,1753231979,4566528344,Chase Brown (CIN) Plus de 7.5,Chase Brown (CIN) Plus de 7.5,1.7408,0,False
17035367,CIN Bengals vs. JAX Jaguars,Chase Brown,1ère mi-temps - Tentatives de rushing du joueur Plus/Moins,31482,77076,1753231979,4566528345,Chase Brown (CIN) moins de 7.5,Chase Brown (CIN) moins de 7.5,1.8696,0,False
17035367,CIN Bengals vs. JAX Jaguars,Bhayshul Tuten,1ère mi-temps - Tentatives de rushing du joueur Plus/Moins,31482,77076,1754272575,4569654048,Bhayshul Tuten (JAX) Plus de 6.5,Bhayshul Tuten (JAX) Plus de 6.5,1.8334,0,False
17035367,CIN Bengals vs. JAX Jaguars,Bhayshul Tuten,1ère mi-temps - Tentatives de rushing du joueur Plus/Moins,31482,77076,1754272575,4569654049,Bhayshul Tuten (JAX) moins de 6.5,Bhayshul Tuten (JAX) moins de 6.5,1.7693,0,False
17035367,CIN Bengals vs. JAX Jaguars,Christopher Rodriguez,1ère mi-temps - Tentatives de rushing du joueur Plus/Moins,31482,77076,1754271193,4569650898,Christopher Rodriguez (JAX) Plus de 2.5,Christopher Rodriguez (JAX) Plus de 2.5,1.8334,0,False
17035367,CIN Bengals vs. JAX Jaguars,Christopher Rodriguez,1ère mi-temps - Tentatives de rushing du joueur Plus/Moins,31482,77076,1754271193,4569650899,Christopher Rodriguez (JAX) moins de 2.5,Christopher Rodriguez (JAX) moins de 2.5,1.7693,0,False
17035367,CIN Bengals vs. JAX Jaguars,Samaje Perine,1ère mi-temps - Tentatives de rushing du joueur Plus/Moins,31482,77076,1754117100,4569275901,Samaje Perine (CIN) Plus de 1.5,Samaje Perine (CIN) Plus de 1.5,1.7693,0,False
17035367,CIN Bengals vs. JAX Jaguars,Samaje Perine,1ère mi-temps - Tentatives de rushing du joueur Plus/Moins,31482,77076,1754117100,4569275902,Samaje Perine (CIN) moins de 1.5,Samaje Perine (CIN) moins de 1.5,1.8334,0,False
17035367,CIN Bengals vs. JAX Jaguars,Trevor Lawrence,1ère mi-temps - Tentatives de rushing du joueur Plus/Moins,31482,77076,1753231891,4566528187,Trevor Lawrence (JAX) Plus de 1.5,Trevor Lawrence (JAX) Plus de 1.5,2.1,0,False
17035367,CIN Bengals vs. JAX Jaguars,Trevor Lawrence,1ère mi-temps - Tentatives de rushing du joueur Plus/Moins,31482,77076,1753231891,4566528188,Trevor Lawrence (JAX) moins de 1.5,Trevor Lawrence (JAX) moins de 1.5,1.5715,0,False
17035367,CIN Bengals vs. JAX Jaguars,Joe Burrow,1ère mi-temps - Tentatives de rushing du joueur Plus/Moins,31482,77076,1753231370,4566527281,Joe Burrow (CIN) Plus de 0.5,Joe Burrow (CIN) Plus de 0.5,1.5264,0,False
17035367,CIN Bengals vs. JAX Jaguars,Joe Burrow,1ère mi-temps - Tentatives de rushing du joueur Plus/Moins,31482,77076,1753231370,4566527282,Joe Burrow (CIN) moins de 0.5,Joe Burrow (CIN) moins de 0.5,2.2,0,False
17035367,CIN Bengals vs. JAX Jaguars,Chase Brown,1ère mi-temps - Yards rushing et receiving du joueur - Plus/Moins,31488,77082,1753981268,4568872358,Chase Brown (CIN) Plus de 40.5,Chase Brown (CIN) Plus de 40.5,1.7693,0,False
17035367,CIN Bengals vs. JAX Jaguars,Chase Brown,1ère mi-temps - Yards rushing et receiving du joueur - Plus/Moins,31488,77082,1753981268,4568872359,Chase Brown (CIN) moins de 40.5,Chase Brown (CIN) moins de 40.5,1.8334,0,False
17035367,CIN Bengals vs. JAX Jaguars,Bhayshul Tuten,1ère mi-temps - Yards rushing et receiving du joueur - Plus/Moins,31488,77082,1754275131,4569660456,Bhayshul Tuten (JAX) moins de 32.5,Bhayshul Tuten (JAX) moins de 32.5,1.8334,0,False
17035367,CIN Bengals vs. JAX Jaguars,Bhayshul Tuten,1ère mi-temps - Yards rushing et receiving du joueur - Plus/Moins,31488,77082,1754275131,4569660455,Bhayshul Tuten (JAX) Plus de 32.5,Bhayshul Tuten (JAX) Plus de 32.5,1.7693,0,False
17035367,CIN Bengals vs. JAX Jaguars,Samaje Perine,1ère mi-temps - Yards rushing et receiving du joueur - Plus/Moins,31488,77082,1757344790,4579411824,Samaje Perine (CIN) moins de 9.5,Samaje Perine (CIN) moins de 9.5,1.8334,0,False
17035367,CIN Bengals vs. JAX Jaguars,Samaje Perine,1ère mi-temps - Yards rushing et receiving du joueur - Plus/Moins,31488,77082,1757344790,4579411823,Samaje Perine (CIN) Plus de 9.5,Samaje Perine (CIN) Plus de 9.5,1.7693,0,False
17035367,CIN Bengals vs. JAX Jaguars,Ja'Marr Chase,1ère mi-temps - Total de réceptions Plus/Moins,31485,77079,1754745634,4570997243,Ja'Marr Chase (CIN) Plus de 3.5,Ja'Marr Chase (CIN) Plus de 3.5,1.8696,0,False
17035367,CIN Bengals vs. JAX Jaguars,Ja'Marr Chase,1ère mi-temps - Total de réceptions Plus/Moins,31485,77079,1754745634,4570997244,Ja'Marr Chase (CIN) moins de 3.5,Ja'Marr Chase (CIN) moins de 3.5,1.7408,0,False
17035367,CIN Bengals vs. JAX Jaguars,Parker Washington,1ère mi-temps - Total de réceptions Plus/Moins,31485,77079,1754278716,4569668533,Parker Washington (JAX) Plus de 2.5,Parker Washington (JAX) Plus de 2.5,1.7143,0,False
17035367,CIN Bengals vs. JAX Jaguars,Parker Washington,1ère mi-temps - Total de réceptions Plus/Moins,31485,77079,1754278716,4569668534,Parker Washington (JAX) moins de 2.5,Parker Washington (JAX) moins de 2.5,1.9091,0,False
17035367,CIN Bengals vs. JAX Jaguars,Tee Higgins,1ère mi-temps - Total de réceptions Plus/Moins,31485,77079,1753861053,4568321756,Tee Higgins (CIN) Plus de 2.5,Tee Higgins (CIN) Plus de 2.5,2.2,0,False
17035367,CIN Bengals vs. JAX Jaguars,Tee Higgins,1ère mi-temps - Total de réceptions Plus/Moins,31485,77079,1753861053,4568321757,Tee Higgins (CIN) moins de 2.5,Tee Higgins (CIN) moins de 2.5,1.5264,0,False
17035367,CIN Bengals vs. JAX Jaguars,Jakobi Meyers,1ère mi-temps - Total de réceptions Plus/Moins,31485,77079,1753231706,4566527862,Jakobi Meyers (JAX) Plus de 1.5,Jakobi Meyers (JAX) Plus de 1.5,1.6667,0,False
17035367,CIN Bengals vs. JAX Jaguars,Jakobi Meyers,1ère mi-temps - Total de réceptions Plus/Moins,31485,77079,1753231706,4566527863,Jakobi Meyers (JAX) moins de 1.5,Jakobi Meyers (JAX) moins de 1.5,1.9524,0,False
17035367,CIN Bengals vs. JAX Jaguars,Brenton Strange,1ère mi-temps - Total de réceptions Plus/Moins,31485,77079,1753231465,4566527440,Brenton Strange (JAX) moins de 1.5,Brenton Strange (JAX) moins de 1.5,1.9091,0,False
17035367,CIN Bengals vs. JAX Jaguars,Brenton Strange,1ère mi-temps - Total de réceptions Plus/Moins,31485,77079,1753231465,4566527439,Brenton Strange (JAX) Plus de 1.5,Brenton Strange (JAX) Plus de 1.5,1.7143,0,False
17035367,CIN Bengals vs. JAX Jaguars,Chase Brown,1ère mi-temps - Total de réceptions Plus/Moins,31485,77079,1753231966,4566528318,Chase Brown (CIN) Plus de 1.5,Chase Brown (CIN) Plus de 1.5,1.7693,0,False
17035367,CIN Bengals vs. JAX Jaguars,Chase Brown,1ère mi-temps - Total de réceptions Plus/Moins,31485,77079,1753231966,4566528319,Chase Brown (CIN) moins de 1.5,Chase Brown (CIN) moins de 1.5,1.8334,0,False
17035367,CIN Bengals vs. JAX Jaguars,Mike Gesicki,1ère mi-temps - Total de réceptions Plus/Moins,31485,77079,1754758618,4571041808,Mike Gesicki (CIN) Plus de 1.5,Mike Gesicki (CIN) Plus de 1.5,2.2,0,False
17035367,CIN Bengals vs. JAX Jaguars,Mike Gesicki,1ère mi-temps - Total de réceptions Plus/Moins,31485,77079,1754758618,4571041809,Mike Gesicki (CIN) moins de 1.5,Mike Gesicki (CIN) moins de 1.5,1.5264,0,False
17035367,CIN Bengals vs. JAX Jaguars,Brian Thomas,1ère mi-temps - Total de réceptions Plus/Moins,31485,77079,1754277718,4569666112,Brian Thomas (JAX) Plus de 0.5,Brian Thomas (JAX) Plus de 0.5,1.4348,0,False
17035367,CIN Bengals vs. JAX Jaguars,Brian Thomas,1ère mi-temps - Total de réceptions Plus/Moins,31485,77079,1754277718,4569666113,Brian Thomas (JAX) moins de 0.5,Brian Thomas (JAX) moins de 0.5,2.4,0,False
17035367,CIN Bengals vs. JAX Jaguars,Dohnte Meyers,1ère mi-temps - Total de réceptions Plus/Moins,31485,77079,1753231400,4566527329,Dohnte Meyers (CIN) Plus de 0.5,Dohnte Meyers (CIN) Plus de 0.5,1.4348,0,False
17035367,CIN Bengals vs. JAX Jaguars,Dohnte Meyers,1ère mi-temps - Total de réceptions Plus/Moins,31485,77079,1753231400,4566527330,Dohnte Meyers (CIN) moins de 0.5,Dohnte Meyers (CIN) moins de 0.5,2.4,0,False
17035367,CIN Bengals vs. JAX Jaguars,Bhayshul Tuten,1ère mi-temps - Total de réceptions Plus/Moins,31485,77079,1753232107,4566528561,Bhayshul Tuten (JAX) Plus de 0.5,Bhayshul Tuten (JAX) Plus de 0.5,1.5,0,False
17035367,CIN Bengals vs. JAX Jaguars,Bhayshul Tuten,1ère mi-temps - Total de réceptions Plus/Moins,31485,77079,1753232107,4566528562,Bhayshul Tuten (JAX) moins de 0.5,Bhayshul Tuten (JAX) moins de 0.5,2.25,0,False
17035367,CIN Bengals vs. JAX Jaguars,Samaje Perine,1ère mi-temps - Total de réceptions Plus/Moins,31485,77079,1753231226,4566527024,Samaje Perine (CIN) Plus de 0.5,Samaje Perine (CIN) Plus de 0.5,1.6471,0,False
17035367,CIN Bengals vs. JAX Jaguars,Samaje Perine,1ère mi-temps - Total de réceptions Plus/Moins,31485,77079,1753231226,4566527025,Samaje Perine (CIN) moins de 0.5,Samaje Perine (CIN) moins de 0.5,2.0,0,False
17035367,CIN Bengals vs. JAX Jaguars,Drew Sample,1ère mi-temps - Total de réceptions Plus/Moins,31485,77079,1753231311,4566527173,Drew Sample (CIN) Plus de 0.5,Drew Sample (CIN) Plus de 0.5,1.7693,0,False
17035367,CIN Bengals vs. JAX Jaguars,Drew Sample,1ère mi-temps - Total de réceptions Plus/Moins,31485,77079,1753231311,4566527174,Drew Sample (CIN) moins de 0.5,Drew Sample (CIN) moins de 0.5,1.8334,0,False
17035367,CIN Bengals vs. JAX Jaguars,Josh Cameron,1ère mi-temps - Total de réceptions Plus/Moins,31485,77079,1753232075,4566528507,Josh Cameron (JAX) Plus de 0.5,Josh Cameron (JAX) Plus de 0.5,2.2,0,False
17035367,CIN Bengals vs. JAX Jaguars,Josh Cameron,1ère mi-temps - Total de réceptions Plus/Moins,31485,77079,1753232075,4566528508,Josh Cameron (JAX) moins de 0.5,Josh Cameron (JAX) moins de 0.5,1.5264,0,False
17035367,CIN Bengals vs. JAX Jaguars,Nate Boerkircher,1ère mi-temps - Total de réceptions Plus/Moins,31485,77079,1753231572,4566527626,Nate Boerkircher (JAX) Plus de 0.5,Nate Boerkircher (JAX) Plus de 0.5,2.75,0,False
17035367,CIN Bengals vs. JAX Jaguars,Nate Boerkircher,1ère mi-temps - Total de réceptions Plus/Moins,31485,77079,1753231572,4566527627,Nate Boerkircher (JAX) moins de 0.5,Nate Boerkircher (JAX) moins de 0.5,1.3449,0,False
17035367,CIN Bengals vs. JAX Jaguars,Tanner Hudson,1ère mi-temps - Total de réceptions Plus/Moins,31485,77079,1754744408,4570994360,Tanner Hudson (CIN) moins de 0.5,Tanner Hudson (CIN) moins de 0.5,1.3334,0,False
17035367,CIN Bengals vs. JAX Jaguars,Tanner Hudson,1ère mi-temps - Total de réceptions Plus/Moins,31485,77079,1754744408,4570994359,Tanner Hudson (CIN) Plus de 0.5,Tanner Hudson (CIN) Plus de 0.5,2.8,0,False
17035367,CIN Bengals vs. JAX Jaguars,LeQuint Allen,1ère mi-temps - Total de réceptions Plus/Moins,31485,77079,1754271236,4569650982,LeQuint Allen (JAX) Plus de 0.5,LeQuint Allen (JAX) Plus de 0.5,2.9,0,False
17035367,CIN Bengals vs. JAX Jaguars,LeQuint Allen,1ère mi-temps - Total de réceptions Plus/Moins,31485,77079,1754271236,4569650983,LeQuint Allen (JAX) moins de 0.5,LeQuint Allen (JAX) moins de 0.5,1.3077,0,False
17035367,CIN Bengals vs. JAX Jaguars,Travis Hunter,1ère mi-temps - Total de réceptions Plus/Moins,31485,77079,1753232232,4566528784,Travis Hunter (JAX) moins de 0.5,Travis Hunter (JAX) moins de 0.5,1.3077,0,False
17035367,CIN Bengals vs. JAX Jaguars,Travis Hunter,1ère mi-temps - Total de réceptions Plus/Moins,31485,77079,1753232232,4566528783,Travis Hunter (JAX) Plus de 0.5,Travis Hunter (JAX) Plus de 0.5,2.9,0,False
17035367,CIN Bengals vs. JAX Jaguars,Ja'Marr Chase,1ère mi-temps - Yards reçus par le joueur - Plus/Moins,31464,77058,1756479842,4576826348,Ja'Marr Chase (CIN) Plus de 38.5,Ja'Marr Chase (CIN) Plus de 38.5,1.7693,0,False
17035367,CIN Bengals vs. JAX Jaguars,Ja'Marr Chase,1ère mi-temps - Yards reçus par le joueur - Plus/Moins,31464,77058,1756479842,4576826349,Ja'Marr Chase (CIN) moins de 38.5,Ja'Marr Chase (CIN) moins de 38.5,1.8334,0,False
17035367,CIN Bengals vs. JAX Jaguars,Parker Washington,1ère mi-temps - Yards reçus par le joueur - Plus/Moins,31464,77058,1761790500,4593253270,Parker Washington (JAX) Plus de 35.5,Parker Washington (JAX) Plus de 35.5,1.8334,0,False
17035367,CIN Bengals vs. JAX Jaguars,Parker Washington,1ère mi-temps - Yards reçus par le joueur - Plus/Moins,31464,77058,1761790500,4593253271,Parker Washington (JAX) moins de 35.5,Parker Washington (JAX) moins de 35.5,1.7693,0,False
17035367,CIN Bengals vs. JAX Jaguars,Tee Higgins,1ère mi-temps - Yards reçus par le joueur - Plus/Moins,31464,77058,1754744387,4570994318,Tee Higgins (CIN) Plus de 27.5,Tee Higgins (CIN) Plus de 27.5,1.7693,0,False
17035367,CIN Bengals vs. JAX Jaguars,Tee Higgins,1ère mi-temps - Yards reçus par le joueur - Plus/Moins,31464,77058,1754744387,4570994319,Tee Higgins (CIN) moins de 27.5,Tee Higgins (CIN) moins de 27.5,1.8334,0,False
17035367,CIN Bengals vs. JAX Jaguars,Jakobi Meyers,1ère mi-temps - Yards reçus par le joueur - Plus/Moins,31464,77058,1754279240,4569669752,Jakobi Meyers (JAX) moins de 17.5,Jakobi Meyers (JAX) moins de 17.5,1.7693,0,False
17035367,CIN Bengals vs. JAX Jaguars,Jakobi Meyers,1ère mi-temps - Yards reçus par le joueur - Plus/Moins,31464,77058,1754279240,4569669751,Jakobi Meyers (JAX) Plus de 17.5,Jakobi Meyers (JAX) Plus de 17.5,1.8334,0,False
17035367,CIN Bengals vs. JAX Jaguars,Brenton Strange,1ère mi-temps - Yards reçus par le joueur - Plus/Moins,31464,77058,1753861086,4568321822,Brenton Strange (JAX) Plus de 15.5,Brenton Strange (JAX) Plus de 15.5,1.8334,0,False
17035367,CIN Bengals vs. JAX Jaguars,Brenton Strange,1ère mi-temps - Yards reçus par le joueur - Plus/Moins,31464,77058,1753861086,4568321823,Brenton Strange (JAX) moins de 15.5,Brenton Strange (JAX) moins de 15.5,1.7693,0,False
17035367,CIN Bengals vs. JAX Jaguars,Mike Gesicki,1ère mi-temps - Yards reçus par le joueur - Plus/Moins,31464,77058,1757342312,4579383723,Mike Gesicki (CIN) Plus de 11.5,Mike Gesicki (CIN) Plus de 11.5,1.8334,0,False
17035367,CIN Bengals vs. JAX Jaguars,Mike Gesicki,1ère mi-temps - Yards reçus par le joueur - Plus/Moins,31464,77058,1757342312,4579383724,Mike Gesicki (CIN) moins de 11.5,Mike Gesicki (CIN) moins de 11.5,1.7693,0,False
17035367,CIN Bengals vs. JAX Jaguars,Brian Thomas,1ère mi-temps - Yards reçus par le joueur - Plus/Moins,31464,77058,1754278020,4569666890,Brian Thomas (JAX) Plus de 9.5,Brian Thomas (JAX) Plus de 9.5,1.7693,0,False
17035367,CIN Bengals vs. JAX Jaguars,Brian Thomas,1ère mi-temps - Yards reçus par le joueur - Plus/Moins,31464,77058,1754278020,4569666891,Brian Thomas (JAX) moins de 9.5,Brian Thomas (JAX) moins de 9.5,1.8334,0,False
17035367,CIN Bengals vs. JAX Jaguars,Chase Brown,1ère mi-temps - Yards reçus par le joueur - Plus/Moins,31464,77058,1753231960,4566528306,Chase Brown (CIN) Plus de 8.5,Chase Brown (CIN) Plus de 8.5,1.8334,0,False
17035367,CIN Bengals vs. JAX Jaguars,Chase Brown,1ère mi-temps - Yards reçus par le joueur - Plus/Moins,31464,77058,1753231960,4566528307,Chase Brown (CIN) moins de 8.5,Chase Brown (CIN) moins de 8.5,1.7693,0,False
17035367,CIN Bengals vs. JAX Jaguars,Dohnte Meyers,1ère mi-temps - Yards reçus par le joueur - Plus/Moins,31464,77058,1754758182,4571040390,Dohnte Meyers (CIN) Plus de 7.5,Dohnte Meyers (CIN) Plus de 7.5,1.8,0,False
17035367,CIN Bengals vs. JAX Jaguars,Dohnte Meyers,1ère mi-temps - Yards reçus par le joueur - Plus/Moins,31464,77058,1754758182,4571040391,Dohnte Meyers (CIN) moins de 7.5,Dohnte Meyers (CIN) moins de 7.5,1.8,0,False
17035367,CIN Bengals vs. JAX Jaguars,Bhayshul Tuten,1ère mi-temps - Yards reçus par le joueur - Plus/Moins,31464,77058,1754117148,4569275997,Bhayshul Tuten (JAX) Plus de 2.5,Bhayshul Tuten (JAX) Plus de 2.5,1.7693,0,False
17035367,CIN Bengals vs. JAX Jaguars,Bhayshul Tuten,1ère mi-temps - Yards reçus par le joueur - Plus/Moins,31464,77058,1754117148,4569275998,Bhayshul Tuten (JAX) moins de 2.5,Bhayshul Tuten (JAX) moins de 2.5,1.8334,0,False
17035367,CIN Bengals vs. JAX Jaguars,Samaje Perine,1ère mi-temps - Yards reçus par le joueur - Plus/Moins,31464,77058,1753231220,4566527012,Samaje Perine (CIN) Plus de 0.5,Samaje Perine (CIN) Plus de 0.5,1.7693,0,False
17035367,CIN Bengals vs. JAX Jaguars,Samaje Perine,1ère mi-temps - Yards reçus par le joueur - Plus/Moins,31464,77058,1753231220,4566527013,Samaje Perine (CIN) moins de 0.5,Samaje Perine (CIN) moins de 0.5,1.8334,0,False
17035367,CIN Bengals vs. JAX Jaguars,Drew Sample,1ère mi-temps - Yards reçus par le joueur - Plus/Moins,31464,77058,1754744379,4570994304,Drew Sample (CIN) moins de 0.5,Drew Sample (CIN) moins de 0.5,1.7693,0,False
17035367,CIN Bengals vs. JAX Jaguars,Drew Sample,1ère mi-temps - Yards reçus par le joueur - Plus/Moins,31464,77058,1754744379,4570994303,Drew Sample (CIN) Plus de 0.5,Drew Sample (CIN) Plus de 0.5,1.8334,0,False
17035367,CIN Bengals vs. JAX Jaguars,Josh Cameron,1ère mi-temps - Yards reçus par le joueur - Plus/Moins,31464,77058,1753232069,4566528496,Josh Cameron (JAX) moins de 0.5,Josh Cameron (JAX) moins de 0.5,1.5264,0,False
17035367,CIN Bengals vs. JAX Jaguars,Josh Cameron,1ère mi-temps - Yards reçus par le joueur - Plus/Moins,31464,77058,1753232069,4566528495,Josh Cameron (JAX) Plus de 0.5,Josh Cameron (JAX) Plus de 0.5,2.2,0,False
17035367,CIN Bengals vs. JAX Jaguars,Nate Boerkircher,1ère mi-temps - Yards reçus par le joueur - Plus/Moins,31464,77058,1753231566,4566527614,Nate Boerkircher (JAX) Plus de 0.5,Nate Boerkircher (JAX) Plus de 0.5,2.85,0,False
17035367,CIN Bengals vs. JAX Jaguars,Nate Boerkircher,1ère mi-temps - Yards reçus par le joueur - Plus/Moins,31464,77058,1753231566,4566527615,Nate Boerkircher (JAX) moins de 0.5,Nate Boerkircher (JAX) moins de 0.5,1.3125,0,False
17035367,CIN Bengals vs. JAX Jaguars,Tanner Hudson,1ère mi-temps - Yards reçus par le joueur - Plus/Moins,31464,77058,1754744402,4570994347,Tanner Hudson (CIN) Plus de 0.5,Tanner Hudson (CIN) Plus de 0.5,2.85,0,False
17035367,CIN Bengals vs. JAX Jaguars,Tanner Hudson,1ère mi-temps - Yards reçus par le joueur - Plus/Moins,31464,77058,1754744402,4570994348,Tanner Hudson (CIN) moins de 0.5,Tanner Hudson (CIN) moins de 0.5,1.3125,0,False
17035367,CIN Bengals vs. JAX Jaguars,Travis Hunter,1ère mi-temps - Yards reçus par le joueur - Plus/Moins,31464,77058,1753232226,4566528771,Travis Hunter (JAX) Plus de 0.5,Travis Hunter (JAX) Plus de 0.5,3.0,0,False
17035367,CIN Bengals vs. JAX Jaguars,Travis Hunter,1ère mi-temps - Yards reçus par le joueur - Plus/Moins,31464,77058,1753232226,4566528772,Travis Hunter (JAX) moins de 0.5,Travis Hunter (JAX) moins de 0.5,1.2858,0,False
17035367,CIN Bengals vs. JAX Jaguars,LeQuint Allen,1ère mi-temps - Yards reçus par le joueur - Plus/Moins,31464,77058,1754271230,4569650970,LeQuint Allen (JAX) Plus de 0.5,LeQuint Allen (JAX) Plus de 0.5,3.25,0,False
17035367,CIN Bengals vs. JAX Jaguars,LeQuint Allen,1ère mi-temps - Yards reçus par le joueur - Plus/Moins,31464,77058,1754271230,4569650971,LeQuint Allen (JAX) moins de 0.5,LeQuint Allen (JAX) moins de 0.5,1.25,0,False
17035367,CIN Bengals vs. JAX Jaguars,Ja'Marr Chase,1ère mi-temps - Touchdowns de réception du joueur Plus / Moins,31467,77061,1753231834,4566528082,Ja'Marr Chase (CIN) Plus de 0.5,Ja'Marr Chase (CIN) Plus de 0.5,2.9,0,False
17035367,CIN Bengals vs. JAX Jaguars,Ja'Marr Chase,1ère mi-temps - Touchdowns de réception du joueur Plus / Moins,31467,77061,1753231834,4566528083,Ja'Marr Chase (CIN) moins de 0.5,Ja'Marr Chase (CIN) moins de 0.5,1.3077,0,False
17035367,CIN Bengals vs. JAX Jaguars,Parker Washington,1ère mi-temps - Touchdowns de réception du joueur Plus / Moins,31467,77061,1753231659,4566527778,Parker Washington (JAX) Plus de 0.5,Parker Washington (JAX) Plus de 0.5,3.6,0,False
17035367,CIN Bengals vs. JAX Jaguars,Parker Washington,1ère mi-temps - Touchdowns de réception du joueur Plus / Moins,31467,77061,1753231659,4566527779,Parker Washington (JAX) moins de 0.5,Parker Washington (JAX) moins de 0.5,1.2,0,False
17035367,CIN Bengals vs. JAX Jaguars,Tee Higgins,1ère mi-temps - Touchdowns de réception du joueur Plus / Moins,31467,77061,1753231756,4566527948,Tee Higgins (CIN) Plus de 0.5,Tee Higgins (CIN) Plus de 0.5,3.6,0,False
17035367,CIN Bengals vs. JAX Jaguars,Tee Higgins,1ère mi-temps - Touchdowns de réception du joueur Plus / Moins,31467,77061,1753231756,4566527949,Tee Higgins (CIN) moins de 0.5,Tee Higgins (CIN) moins de 0.5,1.2,0,False
17035367,CIN Bengals vs. JAX Jaguars,Jakobi Meyers,1ère mi-temps - Touchdowns de réception du joueur Plus / Moins,31467,77061,1753231703,4566527856,Jakobi Meyers (JAX) Plus de 0.5,Jakobi Meyers (JAX) Plus de 0.5,4.75,0,False
17035367,CIN Bengals vs. JAX Jaguars,Jakobi Meyers,1ère mi-temps - Touchdowns de réception du joueur Plus / Moins,31467,77061,1753231703,4566527857,Jakobi Meyers (JAX) moins de 0.5,Jakobi Meyers (JAX) moins de 0.5,1.1112,0,False
17035367,CIN Bengals vs. JAX Jaguars,Brenton Strange,1ère mi-temps - Touchdowns de réception du joueur Plus / Moins,31467,77061,1753231462,4566527433,Brenton Strange (JAX) Plus de 0.5,Brenton Strange (JAX) Plus de 0.5,5.0,0,False
17035367,CIN Bengals vs. JAX Jaguars,Brenton Strange,1ère mi-temps - Touchdowns de réception du joueur Plus / Moins,31467,77061,1753231462,4566527434,Brenton Strange (JAX) moins de 0.5,Brenton Strange (JAX) moins de 0.5,1.1,0,False
17035367,CIN Bengals vs. JAX Jaguars,Mike Gesicki,1ère mi-temps - Touchdowns de réception du joueur Plus / Moins,31467,77061,1753231281,4566527122,Mike Gesicki (CIN) Plus de 0.5,Mike Gesicki (CIN) Plus de 0.5,5.25,0,False
17035367,CIN Bengals vs. JAX Jaguars,Mike Gesicki,1ère mi-temps - Touchdowns de réception du joueur Plus / Moins,31467,77061,1753231281,4566527123,Mike Gesicki (CIN) moins de 0.5,Mike Gesicki (CIN) moins de 0.5,1.0834,0,False
17035367,CIN Bengals vs. JAX Jaguars,Brian Thomas,1ère mi-temps - Touchdowns de réception du joueur Plus / Moins,31467,77061,1753232019,4566528408,Brian Thomas (JAX) Plus de 0.5,Brian Thomas (JAX) Plus de 0.5,6.0,0,False
17035367,CIN Bengals vs. JAX Jaguars,Brian Thomas,1ère mi-temps - Touchdowns de réception du joueur Plus / Moins,31467,77061,1753232019,4566528409,Brian Thomas (JAX) moins de 0.5,Brian Thomas (JAX) moins de 0.5,1.0589,0,False
17035367,CIN Bengals vs. JAX Jaguars,Dohnte Meyers,1ère mi-temps - Touchdowns de réception du joueur Plus / Moins,31467,77061,1753231397,4566527323,Dohnte Meyers (CIN) Plus de 0.5,Dohnte Meyers (CIN) Plus de 0.5,6.0,0,False
17035367,CIN Bengals vs. JAX Jaguars,Dohnte Meyers,1ère mi-temps - Touchdowns de réception du joueur Plus / Moins,31467,77061,1753231397,4566527324,Dohnte Meyers (CIN) moins de 0.5,Dohnte Meyers (CIN) moins de 0.5,1.0589,0,False
17035367,CIN Bengals vs. JAX Jaguars,Chase Brown,1ère mi-temps - Touchdowns de réception du joueur Plus / Moins,31467,77061,1753231963,4566528312,Chase Brown (CIN) Plus de 0.5,Chase Brown (CIN) Plus de 0.5,6.25,0,False
17035367,CIN Bengals vs. JAX Jaguars,Chase Brown,1ère mi-temps - Touchdowns de réception du joueur Plus / Moins,31467,77061,1753231963,4566528313,Chase Brown (CIN) moins de 0.5,Chase Brown (CIN) moins de 0.5,1.05,0,False
17035367,CIN Bengals vs. JAX Jaguars,Josh Cameron,1ère mi-temps - Touchdowns de réception du joueur Plus / Moins,31467,77061,1753232072,4566528501,Josh Cameron (JAX) Plus de 0.5,Josh Cameron (JAX) Plus de 0.5,7.5,0,False
17035367,CIN Bengals vs. JAX Jaguars,Josh Cameron,1ère mi-temps - Touchdowns de réception du joueur Plus / Moins,31467,77061,1753232072,4566528502,Josh Cameron (JAX) moins de 0.5,Josh Cameron (JAX) moins de 0.5,1.02,0,False
17035367,CIN Bengals vs. JAX Jaguars,Bhayshul Tuten,1ère mi-temps - Touchdowns de réception du joueur Plus / Moins,31467,77061,1753232104,4566528555,Bhayshul Tuten (JAX) Plus de 0.5,Bhayshul Tuten (JAX) Plus de 0.5,7.75,0,False
17035367,CIN Bengals vs. JAX Jaguars,Bhayshul Tuten,1ère mi-temps - Touchdowns de réception du joueur Plus / Moins,31467,77061,1753232104,4566528556,Bhayshul Tuten (JAX) moins de 0.5,Bhayshul Tuten (JAX) moins de 0.5,1.02,0,False
17035367,CIN Bengals vs. JAX Jaguars,Drew Sample,1ère mi-temps - Touchdowns de réception du joueur Plus / Moins,31467,77061,1753231308,4566527168,Drew Sample (CIN) moins de 0.5,Drew Sample (CIN) moins de 0.5,1.02,0,False
17035367,CIN Bengals vs. JAX Jaguars,Drew Sample,1ère mi-temps - Touchdowns de réception du joueur Plus / Moins,31467,77061,1753231308,4566527167,Drew Sample (CIN) Plus de 0.5,Drew Sample (CIN) Plus de 0.5,7.75,0,False
17035367,CIN Bengals vs. JAX Jaguars,Ameer Abdullah,1ère mi-temps - Touchdowns de réception du joueur Plus / Moins,31467,77061,1753231148,4566526883,Ameer Abdullah (JAX) Plus de 0.5,Ameer Abdullah (JAX) Plus de 0.5,8.5,0,False
17035367,CIN Bengals vs. JAX Jaguars,Ameer Abdullah,1ère mi-temps - Touchdowns de réception du joueur Plus / Moins,31467,77061,1753231148,4566526884,Ameer Abdullah (JAX) moins de 0.5,Ameer Abdullah (JAX) moins de 0.5,0.0,7,False
17035367,CIN Bengals vs. JAX Jaguars,Christopher Rodriguez,1ère mi-temps - Touchdowns de réception du joueur Plus / Moins,31467,77061,1753231913,4566528222,Christopher Rodriguez (JAX) Plus de 0.5,Christopher Rodriguez (JAX) Plus de 0.5,8.5,0,False
17035367,CIN Bengals vs. JAX Jaguars,Christopher Rodriguez,1ère mi-temps - Touchdowns de réception du joueur Plus / Moins,31467,77061,1753231913,4566528223,Christopher Rodriguez (JAX) moins de 0.5,Christopher Rodriguez (JAX) moins de 0.5,0.0,7,False
17035367,CIN Bengals vs. JAX Jaguars,Erick All,1ère mi-temps - Touchdowns de réception du joueur Plus / Moins,31467,77061,1753231435,4566527388,Erick All (CIN) Plus de 0.5,Erick All (CIN) Plus de 0.5,8.5,0,False
17035367,CIN Bengals vs. JAX Jaguars,Erick All,1ère mi-temps - Touchdowns de réception du joueur Plus / Moins,31467,77061,1753231435,4566527389,Erick All (CIN) moins de 0.5,Erick All (CIN) moins de 0.5,1.01,0,False
17035367,CIN Bengals vs. JAX Jaguars,LeQuint Allen,1ère mi-temps - Touchdowns de réception du joueur Plus / Moins,31467,77061,1754271233,4569650976,LeQuint Allen (JAX) Plus de 0.5,LeQuint Allen (JAX) Plus de 0.5,8.5,0,False
17035367,CIN Bengals vs. JAX Jaguars,LeQuint Allen,1ère mi-temps - Touchdowns de réception du joueur Plus / Moins,31467,77061,1754271233,4569650977,LeQuint Allen (JAX) moins de 0.5,LeQuint Allen (JAX) moins de 0.5,0.0,7,False
17035367,CIN Bengals vs. JAX Jaguars,Mitchell Tinsley,1ère mi-temps - Touchdowns de réception du joueur Plus / Moins,31467,77061,1755753905,4574084944,Mitchell Tinsley (CIN) moins de 0.5,Mitchell Tinsley (CIN) moins de 0.5,0.0,7,False
17035367,CIN Bengals vs. JAX Jaguars,Mitchell Tinsley,1ère mi-temps - Touchdowns de réception du joueur Plus / Moins,31467,77061,1755753905,4574084943,Mitchell Tinsley (CIN) Plus de 0.5,Mitchell Tinsley (CIN) Plus de 0.5,8.5,0,False
17035367,CIN Bengals vs. JAX Jaguars,Nate Boerkircher,1ère mi-temps - Touchdowns de réception du joueur Plus / Moins,31467,77061,1753231569,4566527620,Nate Boerkircher (JAX) Plus de 0.5,Nate Boerkircher (JAX) Plus de 0.5,8.5,0,False
17035367,CIN Bengals vs. JAX Jaguars,Nate Boerkircher,1ère mi-temps - Touchdowns de réception du joueur Plus / Moins,31467,77061,1753231569,4566527621,Nate Boerkircher (JAX) moins de 0.5,Nate Boerkircher (JAX) moins de 0.5,1.01,0,False
17035367,CIN Bengals vs. JAX Jaguars,Quintin Morris,1ère mi-temps - Touchdowns de réception du joueur Plus / Moins,31467,77061,1753231783,4566527993,Quintin Morris (JAX) Plus de 0.5,Quintin Morris (JAX) Plus de 0.5,8.5,0,False
17035367,CIN Bengals vs. JAX Jaguars,Quintin Morris,1ère mi-temps - Touchdowns de réception du joueur Plus / Moins,31467,77061,1753231783,4566527994,Quintin Morris (JAX) moins de 0.5,Quintin Morris (JAX) moins de 0.5,0.0,7,False
17035367,CIN Bengals vs. JAX Jaguars,Samaje Perine,1ère mi-temps - Touchdowns de réception du joueur Plus / Moins,31467,77061,1753231223,4566527018,Samaje Perine (CIN) Plus de 0.5,Samaje Perine (CIN) Plus de 0.5,8.5,0,False
17035367,CIN Bengals vs. JAX Jaguars,Samaje Perine,1ère mi-temps - Touchdowns de réception du joueur Plus / Moins,31467,77061,1753231223,4566527019,Samaje Perine (CIN) moins de 0.5,Samaje Perine (CIN) moins de 0.5,0.0,7,False
17035367,CIN Bengals vs. JAX Jaguars,Tanner Hudson,1ère mi-temps - Touchdowns de réception du joueur Plus / Moins,31467,77061,1754744405,4570994353,Tanner Hudson (CIN) Plus de 0.5,Tanner Hudson (CIN) Plus de 0.5,8.5,0,False
17035367,CIN Bengals vs. JAX Jaguars,Tanner Hudson,1ère mi-temps - Touchdowns de réception du joueur Plus / Moins,31467,77061,1754744405,4570994354,Tanner Hudson (CIN) moins de 0.5,Tanner Hudson (CIN) moins de 0.5,0.0,7,False
17035367,CIN Bengals vs. JAX Jaguars,Travis Hunter,1ère mi-temps - Touchdowns de réception du joueur Plus / Moins,31467,77061,1753232229,4566528777,Travis Hunter (JAX) Plus de 0.5,Travis Hunter (JAX) Plus de 0.5,8.5,0,False
17035367,CIN Bengals vs. JAX Jaguars,Travis Hunter,1ère mi-temps - Touchdowns de réception du joueur Plus / Moins,31467,77061,1753232229,4566528778,Travis Hunter (JAX) moins de 0.5,Travis Hunter (JAX) moins de 0.5,0.0,7,False
17035367,CIN Bengals vs. JAX Jaguars,Joe Burrow,1ère mi-temps - Total de yards à la passe du joueur Plus/Moins,31458,77052,1754767707,4571066218,Joe Burrow (CIN) Plus de 137.5,Joe Burrow (CIN) Plus de 137.5,1.7693,0,False
17035367,CIN Bengals vs. JAX Jaguars,Joe Burrow,1ère mi-temps - Total de yards à la passe du joueur Plus/Moins,31458,77052,1754767707,4571066219,Joe Burrow (CIN) moins de 137.5,Joe Burrow (CIN) moins de 137.5,1.8334,0,False
17035367,CIN Bengals vs. JAX Jaguars,Trevor Lawrence,1ère mi-temps - Total de yards à la passe du joueur Plus/Moins,31458,77052,1754753968,4571030180,Trevor Lawrence (JAX) Plus de 124.5,Trevor Lawrence (JAX) Plus de 124.5,1.8334,0,False
17035367,CIN Bengals vs. JAX Jaguars,Trevor Lawrence,1ère mi-temps - Total de yards à la passe du joueur Plus/Moins,31458,77052,1754753968,4571030181,Trevor Lawrence (JAX) moins de 124.5,Trevor Lawrence (JAX) moins de 124.5,1.7693,0,False
17035367,CIN Bengals vs. JAX Jaguars,Joe Burrow,1ère mi-temps - Total de Touchdowns à la passe du joueur - Plus/Moins,31461,77055,1753231345,4566527232,Joe Burrow (CIN) moins de 0.5,Joe Burrow (CIN) moins de 0.5,2.7,0,False
17035367,CIN Bengals vs. JAX Jaguars,Joe Burrow,1ère mi-temps - Total de Touchdowns à la passe du joueur - Plus/Moins,31461,77055,1753231345,4566527231,Joe Burrow (CIN) Plus de 0.5,Joe Burrow (CIN) Plus de 0.5,1.3572,0,False
17035367,CIN Bengals vs. JAX Jaguars,Trevor Lawrence,1ère mi-temps - Total de Touchdowns à la passe du joueur - Plus/Moins,31461,77055,1753231866,4566528137,Trevor Lawrence (JAX) Plus de 0.5,Trevor Lawrence (JAX) Plus de 0.5,1.5264,0,False
17035367,CIN Bengals vs. JAX Jaguars,Trevor Lawrence,1ère mi-temps - Total de Touchdowns à la passe du joueur - Plus/Moins,31461,77055,1753231866,4566528138,Trevor Lawrence (JAX) moins de 0.5,Trevor Lawrence (JAX) moins de 0.5,2.2,0,False
17035367,CIN Bengals vs. JAX Jaguars,Joe Burrow,1ère mi-temps - Passes réussies du joueur - Plus/Moins,31491,77085,1754746425,4570999465,Joe Burrow (CIN) Plus de 12.5,Joe Burrow (CIN) Plus de 12.5,1.8334,0,False
17035367,CIN Bengals vs. JAX Jaguars,Joe Burrow,1ère mi-temps - Passes réussies du joueur - Plus/Moins,31491,77085,1754746425,4570999466,Joe Burrow (CIN) moins de 12.5,Joe Burrow (CIN) moins de 12.5,1.7693,0,False
17035367,CIN Bengals vs. JAX Jaguars,Trevor Lawrence,1ère mi-temps - Passes réussies du joueur - Plus/Moins,31491,77085,1754272062,4569652812,Trevor Lawrence (JAX) Plus de 10.5,Trevor Lawrence (JAX) Plus de 10.5,1.8,0,False
17035367,CIN Bengals vs. JAX Jaguars,Trevor Lawrence,1ère mi-temps - Passes réussies du joueur - Plus/Moins,31491,77085,1754272062,4569652813,Trevor Lawrence (JAX) moins de 10.5,Trevor Lawrence (JAX) moins de 10.5,1.8,0,False
17035367,CIN Bengals vs. JAX Jaguars,Joe Burrow,1ère mi-temps - Joueur Tentative de passe - Plus/Moins,31479,77073,1754745887,4570997800,Joe Burrow (CIN) moins de 18.5,Joe Burrow (CIN) moins de 18.5,1.7693,0,False
17035367,CIN Bengals vs. JAX Jaguars,Joe Burrow,1ère mi-temps - Joueur Tentative de passe - Plus/Moins,31479,77073,1754745887,4570997799,Joe Burrow (CIN) Plus de 18.5,Joe Burrow (CIN) Plus de 18.5,1.8334,0,False
17035367,CIN Bengals vs. JAX Jaguars,Trevor Lawrence,1ère mi-temps - Joueur Tentative de passe - Plus/Moins,31479,77073,1754272061,4569652810,Trevor Lawrence (JAX) Plus de 16.5,Trevor Lawrence (JAX) Plus de 16.5,1.7693,0,False
17035367,CIN Bengals vs. JAX Jaguars,Trevor Lawrence,1ère mi-temps - Joueur Tentative de passe - Plus/Moins,31479,77073,1754272061,4569652811,Trevor Lawrence (JAX) moins de 16.5,Trevor Lawrence (JAX) moins de 16.5,1.8334,0,False
17035367,CIN Bengals vs. JAX Jaguars,Trevor Lawrence,1ère mi-temps - Interceptions du joueur Plus/Moins,31476,77070,1753231872,4566528149,Trevor Lawrence (JAX) Plus de 0.5,Trevor Lawrence (JAX) Plus de 0.5,2.6,0,False
17035367,CIN Bengals vs. JAX Jaguars,Trevor Lawrence,1ère mi-temps - Interceptions du joueur Plus/Moins,31476,77070,1753231872,4566528150,Trevor Lawrence (JAX) moins de 0.5,Trevor Lawrence (JAX) moins de 0.5,1.3847,0,False
17035367,CIN Bengals vs. JAX Jaguars,Joe Burrow,1ère mi-temps - Interceptions du joueur Plus/Moins,31476,77070,1753231351,4566527243,Joe Burrow (CIN) Plus de 0.5,Joe Burrow (CIN) Plus de 0.5,3.0,0,False
17035367,CIN Bengals vs. JAX Jaguars,Joe Burrow,1ère mi-temps - Interceptions du joueur Plus/Moins,31476,77070,1753231351,4566527244,Joe Burrow (CIN) moins de 0.5,Joe Burrow (CIN) moins de 0.5,1.2858,0,False
17035367,CIN Bengals vs. JAX Jaguars,Joe Burrow,Total de Touchdowns à la passe du joueur (Incl. Prolongations),761,71923,1753231334,4566527209,Joe Burrow (CIN) Plus de 1.5,Joe Burrow (CIN) Plus de 1.5,1.4445,0,False
17035367,CIN Bengals vs. JAX Jaguars,Joe Burrow,Total de Touchdowns à la passe du joueur (Incl. Prolongations),761,71923,1753231334,4566527210,Joe Burrow (CIN) moins de 1.5,Joe Burrow (CIN) moins de 1.5,2.45,0,False
17035367,CIN Bengals vs. JAX Jaguars,Trevor Lawrence,Total de Touchdowns à la passe du joueur (Incl. Prolongations),761,71923,1753231855,4566528115,Trevor Lawrence (JAX) Plus de 1.5,Trevor Lawrence (JAX) Plus de 1.5,1.625,0,False
17035367,CIN Bengals vs. JAX Jaguars,Trevor Lawrence,Total de Touchdowns à la passe du joueur (Incl. Prolongations),761,71923,1753231855,4566528116,Trevor Lawrence (JAX) moins de 1.5,Trevor Lawrence (JAX) moins de 1.5,2.05,0,False
17035367,CIN Bengals vs. JAX Jaguars,Chase Brown,2ème mi-temps - Total de yards à la course du joueur Plus/Moins,31471,77065,1754746128,4570998708,Chase Brown (CIN) Plus de 29.5,Chase Brown (CIN) Plus de 29.5,1.8334,0,False
17035367,CIN Bengals vs. JAX Jaguars,Chase Brown,2ème mi-temps - Total de yards à la course du joueur Plus/Moins,31471,77065,1754746128,4570998709,Chase Brown (CIN) moins de 29.5,Chase Brown (CIN) moins de 29.5,1.7693,0,False
17035367,CIN Bengals vs. JAX Jaguars,Bhayshul Tuten,2ème mi-temps - Total de yards à la course du joueur Plus/Moins,31471,77065,1754276278,4569663002,Bhayshul Tuten (JAX) Plus de 24.5,Bhayshul Tuten (JAX) Plus de 24.5,1.8334,0,False
17035367,CIN Bengals vs. JAX Jaguars,Bhayshul Tuten,2ème mi-temps - Total de yards à la course du joueur Plus/Moins,31471,77065,1754276278,4569663003,Bhayshul Tuten (JAX) moins de 24.5,Bhayshul Tuten (JAX) moins de 24.5,1.7693,0,False
17035367,CIN Bengals vs. JAX Jaguars,Christopher Rodriguez,2ème mi-temps - Total de yards à la course du joueur Plus/Moins,31471,77065,1754747469,4571001989,Christopher Rodriguez (JAX) Plus de 8.5,Christopher Rodriguez (JAX) Plus de 8.5,1.8334,0,False
17035367,CIN Bengals vs. JAX Jaguars,Christopher Rodriguez,2ème mi-temps - Total de yards à la course du joueur Plus/Moins,31471,77065,1754747469,4571001990,Christopher Rodriguez (JAX) moins de 8.5,Christopher Rodriguez (JAX) moins de 8.5,1.7693,0,False
17035367,CIN Bengals vs. JAX Jaguars,Trevor Lawrence,2ème mi-temps - Total de yards à la course du joueur Plus/Moins,31471,77065,1753861066,4568321782,Trevor Lawrence (JAX) Plus de 5.5,Trevor Lawrence (JAX) Plus de 5.5,1.8334,0,False
17035367,CIN Bengals vs. JAX Jaguars,Trevor Lawrence,2ème mi-temps - Total de yards à la course du joueur Plus/Moins,31471,77065,1753861066,4568321783,Trevor Lawrence (JAX) moins de 5.5,Trevor Lawrence (JAX) moins de 5.5,1.7693,0,False
17035367,CIN Bengals vs. JAX Jaguars,Samaje Perine,2ème mi-temps - Total de yards à la course du joueur Plus/Moins,31471,77065,1761790498,4593253266,Samaje Perine (CIN) Plus de 4.5,Samaje Perine (CIN) Plus de 4.5,1.7408,0,False
17035367,CIN Bengals vs. JAX Jaguars,Samaje Perine,2ème mi-temps - Total de yards à la course du joueur Plus/Moins,31471,77065,1761790498,4593253267,Samaje Perine (CIN) moins de 4.5,Samaje Perine (CIN) moins de 4.5,1.8696,0,False
17035367,CIN Bengals vs. JAX Jaguars,Joe Burrow,2ème mi-temps - Total de yards à la course du joueur Plus/Moins,31471,77065,1757342780,4579384821,Joe Burrow (CIN) Plus de 1.5,Joe Burrow (CIN) Plus de 1.5,1.8334,0,False
17035367,CIN Bengals vs. JAX Jaguars,Joe Burrow,2ème mi-temps - Total de yards à la course du joueur Plus/Moins,31471,77065,1757342780,4579384822,Joe Burrow (CIN) moins de 1.5,Joe Burrow (CIN) moins de 1.5,1.7693,0,False
17035367,CIN Bengals vs. JAX Jaguars,Chase Brown,2ème mi-temps - Touchdowns de course du joueur Plus / Moins,31474,77068,1753231977,4566528340,Chase Brown (CIN) Plus de 0.5,Chase Brown (CIN) Plus de 0.5,3.0,0,False
17035367,CIN Bengals vs. JAX Jaguars,Chase Brown,2ème mi-temps - Touchdowns de course du joueur Plus / Moins,31474,77068,1753231977,4566528341,Chase Brown (CIN) moins de 0.5,Chase Brown (CIN) moins de 0.5,1.2858,0,False
17035367,CIN Bengals vs. JAX Jaguars,Bhayshul Tuten,2ème mi-temps - Touchdowns de course du joueur Plus / Moins,31474,77068,1753232118,4566528584,Bhayshul Tuten (JAX) moins de 0.5,Bhayshul Tuten (JAX) moins de 0.5,1.1667,0,False
17035367,CIN Bengals vs. JAX Jaguars,Bhayshul Tuten,2ème mi-temps - Touchdowns de course du joueur Plus / Moins,31474,77068,1753232118,4566528583,Bhayshul Tuten (JAX) Plus de 0.5,Bhayshul Tuten (JAX) Plus de 0.5,4.0,0,False
17035367,CIN Bengals vs. JAX Jaguars,Trevor Lawrence,2ème mi-temps - Touchdowns de course du joueur Plus / Moins,31474,77068,1753231889,4566528184,Trevor Lawrence (JAX) moins de 0.5,Trevor Lawrence (JAX) moins de 0.5,1.0715,0,False
17035367,CIN Bengals vs. JAX Jaguars,Trevor Lawrence,2ème mi-temps - Touchdowns de course du joueur Plus / Moins,31474,77068,1753231889,4566528183,Trevor Lawrence (JAX) Plus de 0.5,Trevor Lawrence (JAX) Plus de 0.5,5.75,0,False
17035367,CIN Bengals vs. JAX Jaguars,Christopher Rodriguez,2ème mi-temps - Touchdowns de course du joueur Plus / Moins,31474,77068,1753231927,4566528250,Christopher Rodriguez (JAX) Plus de 0.5,Christopher Rodriguez (JAX) Plus de 0.5,6.0,0,False
17035367,CIN Bengals vs. JAX Jaguars,Christopher Rodriguez,2ème mi-temps - Touchdowns de course du joueur Plus / Moins,31474,77068,1753231927,4566528251,Christopher Rodriguez (JAX) moins de 0.5,Christopher Rodriguez (JAX) moins de 0.5,1.0625,0,False
17035367,CIN Bengals vs. JAX Jaguars,Samaje Perine,2ème mi-temps - Touchdowns de course du joueur Plus / Moins,31474,77068,1753231237,4566527046,Samaje Perine (CIN) Plus de 0.5,Samaje Perine (CIN) Plus de 0.5,7.5,0,False
17035367,CIN Bengals vs. JAX Jaguars,Samaje Perine,2ème mi-temps - Touchdowns de course du joueur Plus / Moins,31474,77068,1753231237,4566527047,Samaje Perine (CIN) moins de 0.5,Samaje Perine (CIN) moins de 0.5,1.02,0,False
17035367,CIN Bengals vs. JAX Jaguars,Joe Burrow,2ème mi-temps - Touchdowns de course du joueur Plus / Moins,31474,77068,1753231368,4566527277,Joe Burrow (CIN) Plus de 0.5,Joe Burrow (CIN) Plus de 0.5,7.75,0,False
17035367,CIN Bengals vs. JAX Jaguars,Joe Burrow,2ème mi-temps - Touchdowns de course du joueur Plus / Moins,31474,77068,1753231368,4566527278,Joe Burrow (CIN) moins de 0.5,Joe Burrow (CIN) moins de 0.5,1.02,0,False
17035367,CIN Bengals vs. JAX Jaguars,Ameer Abdullah,2ème mi-temps - Touchdowns de course du joueur Plus / Moins,31474,77068,1753231162,4566526912,Ameer Abdullah (JAX) moins de 0.5,Ameer Abdullah (JAX) moins de 0.5,0.0,7,False
17035367,CIN Bengals vs. JAX Jaguars,Ameer Abdullah,2ème mi-temps - Touchdowns de course du joueur Plus / Moins,31474,77068,1753231162,4566526911,Ameer Abdullah (JAX) Plus de 0.5,Ameer Abdullah (JAX) Plus de 0.5,8.5,0,False
17035367,CIN Bengals vs. JAX Jaguars,LeQuint Allen,2ème mi-temps - Touchdowns de course du joueur Plus / Moins,31474,77068,1754271247,4569651004,LeQuint Allen (JAX) Plus de 0.5,LeQuint Allen (JAX) Plus de 0.5,8.5,0,False
17035367,CIN Bengals vs. JAX Jaguars,LeQuint Allen,2ème mi-temps - Touchdowns de course du joueur Plus / Moins,31474,77068,1754271247,4569651005,LeQuint Allen (JAX) moins de 0.5,LeQuint Allen (JAX) moins de 0.5,0.0,7,False
17035367,CIN Bengals vs. JAX Jaguars,Tahj Brooks,2ème mi-temps - Touchdowns de course du joueur Plus / Moins,31474,77068,1753231627,4566527724,Tahj Brooks (CIN) Plus de 0.5,Tahj Brooks (CIN) Plus de 0.5,8.5,0,False
17035367,CIN Bengals vs. JAX Jaguars,Tahj Brooks,2ème mi-temps - Touchdowns de course du joueur Plus / Moins,31474,77068,1753231627,4566527725,Tahj Brooks (CIN) moins de 0.5,Tahj Brooks (CIN) moins de 0.5,0.0,7,False
17035367,CIN Bengals vs. JAX Jaguars,Chase Brown,2ème mi-temps - Tentatives de rushing du joueur Plus/Moins,31483,77077,1753231980,4566528346,Chase Brown (CIN) Plus de 7.5,Chase Brown (CIN) Plus de 7.5,1.7408,0,False
17035367,CIN Bengals vs. JAX Jaguars,Chase Brown,2ème mi-temps - Tentatives de rushing du joueur Plus/Moins,31483,77077,1753231980,4566528347,Chase Brown (CIN) moins de 7.5,Chase Brown (CIN) moins de 7.5,1.8696,0,False
17035367,CIN Bengals vs. JAX Jaguars,Bhayshul Tuten,2ème mi-temps - Tentatives de rushing du joueur Plus/Moins,31483,77077,1754276279,4569663004,Bhayshul Tuten (JAX) Plus de 6.5,Bhayshul Tuten (JAX) Plus de 6.5,1.9524,0,False
17035367,CIN Bengals vs. JAX Jaguars,Bhayshul Tuten,2ème mi-temps - Tentatives de rushing du joueur Plus/Moins,31483,77077,1754276279,4569663005,Bhayshul Tuten (JAX) moins de 6.5,Bhayshul Tuten (JAX) moins de 6.5,1.6667,0,False
17035367,CIN Bengals vs. JAX Jaguars,Christopher Rodriguez,2ème mi-temps - Tentatives de rushing du joueur Plus/Moins,31483,77077,1754271194,4569650900,Christopher Rodriguez (JAX) Plus de 2.5,Christopher Rodriguez (JAX) Plus de 2.5,1.8696,0,False
17035367,CIN Bengals vs. JAX Jaguars,Christopher Rodriguez,2ème mi-temps - Tentatives de rushing du joueur Plus/Moins,31483,77077,1754271194,4569650901,Christopher Rodriguez (JAX) moins de 2.5,Christopher Rodriguez (JAX) moins de 2.5,1.7408,0,False
17035367,CIN Bengals vs. JAX Jaguars,Trevor Lawrence,2ème mi-temps - Tentatives de rushing du joueur Plus/Moins,31483,77077,1754272067,4569652822,Trevor Lawrence (JAX) Plus de 1.5,Trevor Lawrence (JAX) Plus de 1.5,1.5556,0,False
17035367,CIN Bengals vs. JAX Jaguars,Trevor Lawrence,2ème mi-temps - Tentatives de rushing du joueur Plus/Moins,31483,77077,1754272067,4569652823,Trevor Lawrence (JAX) moins de 1.5,Trevor Lawrence (JAX) moins de 1.5,2.15,0,False
17035367,CIN Bengals vs. JAX Jaguars,Samaje Perine,2ème mi-temps - Tentatives de rushing du joueur Plus/Moins,31483,77077,1754746412,4570999440,Samaje Perine (CIN) moins de 1.5,Samaje Perine (CIN) moins de 1.5,1.9524,0,False
17035367,CIN Bengals vs. JAX Jaguars,Samaje Perine,2ème mi-temps - Tentatives de rushing du joueur Plus/Moins,31483,77077,1754746412,4570999439,Samaje Perine (CIN) Plus de 1.5,Samaje Perine (CIN) Plus de 1.5,1.6667,0,False
17035367,CIN Bengals vs. JAX Jaguars,Joe Burrow,2ème mi-temps - Tentatives de rushing du joueur Plus/Moins,31483,77077,1753231371,4566527283,Joe Burrow (CIN) Plus de 1.5,Joe Burrow (CIN) Plus de 1.5,1.9524,0,False
17035367,CIN Bengals vs. JAX Jaguars,Joe Burrow,2ème mi-temps - Tentatives de rushing du joueur Plus/Moins,31483,77077,1753231371,4566527284,Joe Burrow (CIN) moins de 1.5,Joe Burrow (CIN) moins de 1.5,1.6667,0,False
17035367,CIN Bengals vs. JAX Jaguars,Chase Brown,2ème mi-temps - Yards de course et de réception du joueur Plus / Moins,31489,77083,1754762175,4571050501,Chase Brown (CIN) Plus de 40.5,Chase Brown (CIN) Plus de 40.5,1.8,0,False
17035367,CIN Bengals vs. JAX Jaguars,Chase Brown,2ème mi-temps - Yards de course et de réception du joueur Plus / Moins,31489,77083,1754762175,4571050502,Chase Brown (CIN) moins de 40.5,Chase Brown (CIN) moins de 40.5,1.8,0,False
17035367,CIN Bengals vs. JAX Jaguars,Bhayshul Tuten,2ème mi-temps - Yards de course et de réception du joueur Plus / Moins,31489,77083,1753861110,4568321870,Bhayshul Tuten (JAX) Plus de 30.5,Bhayshul Tuten (JAX) Plus de 30.5,1.8,0,False
17035367,CIN Bengals vs. JAX Jaguars,Bhayshul Tuten,2ème mi-temps - Yards de course et de réception du joueur Plus / Moins,31489,77083,1753861110,4568321871,Bhayshul Tuten (JAX) moins de 30.5,Bhayshul Tuten (JAX) moins de 30.5,1.8,0,False
17035367,CIN Bengals vs. JAX Jaguars,Samaje Perine,2ème mi-temps - Yards de course et de réception du joueur Plus / Moins,31489,77083,1758353663,4582852020,Samaje Perine (CIN) Plus de 10.5,Samaje Perine (CIN) Plus de 10.5,1.8334,0,False
17035367,CIN Bengals vs. JAX Jaguars,Samaje Perine,2ème mi-temps - Yards de course et de réception du joueur Plus / Moins,31489,77083,1758353663,4582852021,Samaje Perine (CIN) moins de 10.5,Samaje Perine (CIN) moins de 10.5,1.7693,0,False
17035367,CIN Bengals vs. JAX Jaguars,Ja'Marr Chase,2ème mi-temps - Total de réceptions Plus/Moins,31486,77080,1754747701,4571002932,Ja'Marr Chase (CIN) Plus de 3.5,Ja'Marr Chase (CIN) Plus de 3.5,2.0,0,False
17035367,CIN Bengals vs. JAX Jaguars,Ja'Marr Chase,2ème mi-temps - Total de réceptions Plus/Moins,31486,77080,1754747701,4571002933,Ja'Marr Chase (CIN) moins de 3.5,Ja'Marr Chase (CIN) moins de 3.5,1.6471,0,False
17035367,CIN Bengals vs. JAX Jaguars,Parker Washington,2ème mi-temps - Total de réceptions Plus/Moins,31486,77080,1754278767,4569668634,Parker Washington (JAX) Plus de 2.5,Parker Washington (JAX) Plus de 2.5,1.7693,0,False
17035367,CIN Bengals vs. JAX Jaguars,Parker Washington,2ème mi-temps - Total de réceptions Plus/Moins,31486,77080,1754278767,4569668635,Parker Washington (JAX) moins de 2.5,Parker Washington (JAX) moins de 2.5,1.8334,0,False
17035367,CIN Bengals vs. JAX Jaguars,Tee Higgins,2ème mi-temps - Total de réceptions Plus/Moins,31486,77080,1753981102,4568872320,Tee Higgins (CIN) Plus de 2.5,Tee Higgins (CIN) Plus de 2.5,2.25,0,False
17035367,CIN Bengals vs. JAX Jaguars,Tee Higgins,2ème mi-temps - Total de réceptions Plus/Moins,31486,77080,1753981102,4568872321,Tee Higgins (CIN) moins de 2.5,Tee Higgins (CIN) moins de 2.5,1.5,0,False
17035367,CIN Bengals vs. JAX Jaguars,Brenton Strange,2ème mi-temps - Total de réceptions Plus/Moins,31486,77080,1753231466,4566527441,Brenton Strange (JAX) Plus de 1.5,Brenton Strange (JAX) Plus de 1.5,1.7143,0,False
17035367,CIN Bengals vs. JAX Jaguars,Brenton Strange,2ème mi-temps - Total de réceptions Plus/Moins,31486,77080,1753231466,4566527442,Brenton Strange (JAX) moins de 1.5,Brenton Strange (JAX) moins de 1.5,1.9091,0,False
17035367,CIN Bengals vs. JAX Jaguars,Jakobi Meyers,2ème mi-temps - Total de réceptions Plus/Moins,31486,77080,1753231707,4566527864,Jakobi Meyers (JAX) Plus de 1.5,Jakobi Meyers (JAX) Plus de 1.5,1.7408,0,False
17035367,CIN Bengals vs. JAX Jaguars,Jakobi Meyers,2ème mi-temps - Total de réceptions Plus/Moins,31486,77080,1753231707,4566527865,Jakobi Meyers (JAX) moins de 1.5,Jakobi Meyers (JAX) moins de 1.5,1.8696,0,False
17035367,CIN Bengals vs. JAX Jaguars,Chase Brown,2ème mi-temps - Total de réceptions Plus/Moins,31486,77080,1753231967,4566528320,Chase Brown (CIN) Plus de 1.5,Chase Brown (CIN) Plus de 1.5,1.9091,0,False
17035367,CIN Bengals vs. JAX Jaguars,Chase Brown,2ème mi-temps - Total de réceptions Plus/Moins,31486,77080,1753231967,4566528321,Chase Brown (CIN) moins de 1.5,Chase Brown (CIN) moins de 1.5,1.7143,0,False
17035367,CIN Bengals vs. JAX Jaguars,Mike Gesicki,2ème mi-temps - Total de réceptions Plus/Moins,31486,77080,1754758103,4571040217,Mike Gesicki (CIN) Plus de 1.5,Mike Gesicki (CIN) Plus de 1.5,2.2,0,False
17035367,CIN Bengals vs. JAX Jaguars,Mike Gesicki,2ème mi-temps - Total de réceptions Plus/Moins,31486,77080,1754758103,4571040218,Mike Gesicki (CIN) moins de 1.5,Mike Gesicki (CIN) moins de 1.5,1.5264,0,False
17035367,CIN Bengals vs. JAX Jaguars,Brian Thomas,2ème mi-temps - Total de réceptions Plus/Moins,31486,77080,1754117143,4569275987,Brian Thomas (JAX) Plus de 0.5,Brian Thomas (JAX) Plus de 0.5,1.4348,0,False
17035367,CIN Bengals vs. JAX Jaguars,Brian Thomas,2ème mi-temps - Total de réceptions Plus/Moins,31486,77080,1754117143,4569275988,Brian Thomas (JAX) moins de 0.5,Brian Thomas (JAX) moins de 0.5,2.4,0,False
17035367,CIN Bengals vs. JAX Jaguars,Dohnte Meyers,2ème mi-temps - Total de réceptions Plus/Moins,31486,77080,1753231401,4566527331,Dohnte Meyers (CIN) Plus de 0.5,Dohnte Meyers (CIN) Plus de 0.5,1.4762,0,False
17035367,CIN Bengals vs. JAX Jaguars,Dohnte Meyers,2ème mi-temps - Total de réceptions Plus/Moins,31486,77080,1753231401,4566527332,Dohnte Meyers (CIN) moins de 0.5,Dohnte Meyers (CIN) moins de 0.5,2.3,0,False
17035367,CIN Bengals vs. JAX Jaguars,Bhayshul Tuten,2ème mi-temps - Total de réceptions Plus/Moins,31486,77080,1753232108,4566528563,Bhayshul Tuten (JAX) Plus de 0.5,Bhayshul Tuten (JAX) Plus de 0.5,1.5556,0,False
17035367,CIN Bengals vs. JAX Jaguars,Bhayshul Tuten,2ème mi-temps - Total de réceptions Plus/Moins,31486,77080,1753232108,4566528564,Bhayshul Tuten (JAX) moins de 0.5,Bhayshul Tuten (JAX) moins de 0.5,2.15,0,False
17035367,CIN Bengals vs. JAX Jaguars,Samaje Perine,2ème mi-temps - Total de réceptions Plus/Moins,31486,77080,1753231227,4566527026,Samaje Perine (CIN) Plus de 0.5,Samaje Perine (CIN) Plus de 0.5,1.6471,0,False
17035367,CIN Bengals vs. JAX Jaguars,Samaje Perine,2ème mi-temps - Total de réceptions Plus/Moins,31486,77080,1753231227,4566527027,Samaje Perine (CIN) moins de 0.5,Samaje Perine (CIN) moins de 0.5,2.0,0,False
17035367,CIN Bengals vs. JAX Jaguars,Drew Sample,2ème mi-temps - Total de réceptions Plus/Moins,31486,77080,1753231312,4566527176,Drew Sample (CIN) moins de 0.5,Drew Sample (CIN) moins de 0.5,1.7408,0,False
17035367,CIN Bengals vs. JAX Jaguars,Drew Sample,2ème mi-temps - Total de réceptions Plus/Moins,31486,77080,1753231312,4566527175,Drew Sample (CIN) Plus de 0.5,Drew Sample (CIN) Plus de 0.5,1.8696,0,False
17035367,CIN Bengals vs. JAX Jaguars,Josh Cameron,2ème mi-temps - Total de réceptions Plus/Moins,31486,77080,1753232076,4566528509,Josh Cameron (JAX) Plus de 0.5,Josh Cameron (JAX) Plus de 0.5,2.2,0,False
17035367,CIN Bengals vs. JAX Jaguars,Josh Cameron,2ème mi-temps - Total de réceptions Plus/Moins,31486,77080,1753232076,4566528510,Josh Cameron (JAX) moins de 0.5,Josh Cameron (JAX) moins de 0.5,1.5264,0,False
17035367,CIN Bengals vs. JAX Jaguars,LeQuint Allen,2ème mi-temps - Total de réceptions Plus/Moins,31486,77080,1754271237,4569650984,LeQuint Allen (JAX) Plus de 0.5,LeQuint Allen (JAX) Plus de 0.5,2.5,0,False
17035367,CIN Bengals vs. JAX Jaguars,LeQuint Allen,2ème mi-temps - Total de réceptions Plus/Moins,31486,77080,1754271237,4569650985,LeQuint Allen (JAX) moins de 0.5,LeQuint Allen (JAX) moins de 0.5,1.4167,0,False
17035367,CIN Bengals vs. JAX Jaguars,Tanner Hudson,2ème mi-temps - Total de réceptions Plus/Moins,31486,77080,1754744409,4570994361,Tanner Hudson (CIN) Plus de 0.5,Tanner Hudson (CIN) Plus de 0.5,2.75,0,False
17035367,CIN Bengals vs. JAX Jaguars,Tanner Hudson,2ème mi-temps - Total de réceptions Plus/Moins,31486,77080,1754744409,4570994362,Tanner Hudson (CIN) moins de 0.5,Tanner Hudson (CIN) moins de 0.5,1.3449,0,False
17035367,CIN Bengals vs. JAX Jaguars,Travis Hunter,2ème mi-temps - Total de réceptions Plus/Moins,31486,77080,1753232233,4566528785,Travis Hunter (JAX) Plus de 0.5,Travis Hunter (JAX) Plus de 0.5,2.75,0,False
17035367,CIN Bengals vs. JAX Jaguars,Travis Hunter,2ème mi-temps - Total de réceptions Plus/Moins,31486,77080,1753232233,4566528786,Travis Hunter (JAX) moins de 0.5,Travis Hunter (JAX) moins de 0.5,1.3449,0,False
17035367,CIN Bengals vs. JAX Jaguars,Nate Boerkircher,2ème mi-temps - Total de réceptions Plus/Moins,31486,77080,1753231573,4566527628,Nate Boerkircher (JAX) Plus de 0.5,Nate Boerkircher (JAX) Plus de 0.5,3.0,0,False
17035367,CIN Bengals vs. JAX Jaguars,Nate Boerkircher,2ème mi-temps - Total de réceptions Plus/Moins,31486,77080,1753231573,4566527629,Nate Boerkircher (JAX) moins de 0.5,Nate Boerkircher (JAX) moins de 0.5,1.2858,0,False
17035367,CIN Bengals vs. JAX Jaguars,Ja'Marr Chase,2ème mi-temps - Yards reçus par le joueur - Plus/Moins,31465,77059,1755530971,4573513125,Ja'Marr Chase (CIN) Plus de 37.5,Ja'Marr Chase (CIN) Plus de 37.5,1.7693,0,False
17035367,CIN Bengals vs. JAX Jaguars,Ja'Marr Chase,2ème mi-temps - Yards reçus par le joueur - Plus/Moins,31465,77059,1755530971,4573513126,Ja'Marr Chase (CIN) moins de 37.5,Ja'Marr Chase (CIN) moins de 37.5,1.8334,0,False
17035367,CIN Bengals vs. JAX Jaguars,Parker Washington,2ème mi-temps - Yards reçus par le joueur - Plus/Moins,31465,77059,1754885526,4571394171,Parker Washington (JAX) Plus de 33.5,Parker Washington (JAX) Plus de 33.5,1.7693,0,False
17035367,CIN Bengals vs. JAX Jaguars,Parker Washington,2ème mi-temps - Yards reçus par le joueur - Plus/Moins,31465,77059,1754885526,4571394172,Parker Washington (JAX) moins de 33.5,Parker Washington (JAX) moins de 33.5,1.8334,0,False
17035367,CIN Bengals vs. JAX Jaguars,Tee Higgins,2ème mi-temps - Yards reçus par le joueur - Plus/Moins,31465,77059,1754744388,4570994320,Tee Higgins (CIN) Plus de 26.5,Tee Higgins (CIN) Plus de 26.5,1.8334,0,False
17035367,CIN Bengals vs. JAX Jaguars,Tee Higgins,2ème mi-temps - Yards reçus par le joueur - Plus/Moins,31465,77059,1754744388,4570994321,Tee Higgins (CIN) moins de 26.5,Tee Higgins (CIN) moins de 26.5,1.7693,0,False
17035367,CIN Bengals vs. JAX Jaguars,Jakobi Meyers,2ème mi-temps - Yards reçus par le joueur - Plus/Moins,31465,77059,1754117107,4569275915,Jakobi Meyers (JAX) Plus de 17.5,Jakobi Meyers (JAX) Plus de 17.5,1.8334,0,False
17035367,CIN Bengals vs. JAX Jaguars,Jakobi Meyers,2ème mi-temps - Yards reçus par le joueur - Plus/Moins,31465,77059,1754117107,4569275916,Jakobi Meyers (JAX) moins de 17.5,Jakobi Meyers (JAX) moins de 17.5,1.7693,0,False
17035367,CIN Bengals vs. JAX Jaguars,Brenton Strange,2ème mi-temps - Yards reçus par le joueur - Plus/Moins,31465,77059,1753861087,4568321824,Brenton Strange (JAX) Plus de 15.5,Brenton Strange (JAX) Plus de 15.5,1.8334,0,False
17035367,CIN Bengals vs. JAX Jaguars,Brenton Strange,2ème mi-temps - Yards reçus par le joueur - Plus/Moins,31465,77059,1753861087,4568321825,Brenton Strange (JAX) moins de 15.5,Brenton Strange (JAX) moins de 15.5,1.7693,0,False
17035367,CIN Bengals vs. JAX Jaguars,Mike Gesicki,2ème mi-temps - Yards reçus par le joueur - Plus/Moins,31465,77059,1757246551,4578965629,Mike Gesicki (CIN) Plus de 11.5,Mike Gesicki (CIN) Plus de 11.5,1.7693,0,False
17035367,CIN Bengals vs. JAX Jaguars,Mike Gesicki,2ème mi-temps - Yards reçus par le joueur - Plus/Moins,31465,77059,1757246551,4578965630,Mike Gesicki (CIN) moins de 11.5,Mike Gesicki (CIN) moins de 11.5,1.8334,0,False
17035367,CIN Bengals vs. JAX Jaguars,Brian Thomas,2ème mi-temps - Yards reçus par le joueur - Plus/Moins,31465,77059,1754117142,4569275985,Brian Thomas (JAX) Plus de 10.5,Brian Thomas (JAX) Plus de 10.5,1.7693,0,False
17035367,CIN Bengals vs. JAX Jaguars,Brian Thomas,2ème mi-temps - Yards reçus par le joueur - Plus/Moins,31465,77059,1754117142,4569275986,Brian Thomas (JAX) moins de 10.5,Brian Thomas (JAX) moins de 10.5,1.8334,0,False
17035367,CIN Bengals vs. JAX Jaguars,Chase Brown,2ème mi-temps - Yards reçus par le joueur - Plus/Moins,31465,77059,1754117119,4569275939,Chase Brown (CIN) Plus de 7.5,Chase Brown (CIN) Plus de 7.5,1.7693,0,False
17035367,CIN Bengals vs. JAX Jaguars,Chase Brown,2ème mi-temps - Yards reçus par le joueur - Plus/Moins,31465,77059,1754117119,4569275940,Chase Brown (CIN) moins de 7.5,Chase Brown (CIN) moins de 7.5,1.8334,0,False
17035367,CIN Bengals vs. JAX Jaguars,Dohnte Meyers,2ème mi-temps - Yards reçus par le joueur - Plus/Moins,31465,77059,1754759350,4571043521,Dohnte Meyers (CIN) Plus de 7.5,Dohnte Meyers (CIN) Plus de 7.5,1.8334,0,False
17035367,CIN Bengals vs. JAX Jaguars,Dohnte Meyers,2ème mi-temps - Yards reçus par le joueur - Plus/Moins,31465,77059,1754759350,4571043522,Dohnte Meyers (CIN) moins de 7.5,Dohnte Meyers (CIN) moins de 7.5,1.7693,0,False
17035367,CIN Bengals vs. JAX Jaguars,Bhayshul Tuten,2ème mi-temps - Yards reçus par le joueur - Plus/Moins,31465,77059,1754117149,4569276000,Bhayshul Tuten (JAX) moins de 1.5,Bhayshul Tuten (JAX) moins de 1.5,1.8334,0,False
17035367,CIN Bengals vs. JAX Jaguars,Bhayshul Tuten,2ème mi-temps - Yards reçus par le joueur - Plus/Moins,31465,77059,1754117149,4569275999,Bhayshul Tuten (JAX) Plus de 1.5,Bhayshul Tuten (JAX) Plus de 1.5,1.7693,0,False
17035367,CIN Bengals vs. JAX Jaguars,Samaje Perine,2ème mi-temps - Yards reçus par le joueur - Plus/Moins,31465,77059,1753231221,4566527014,Samaje Perine (CIN) Plus de 1.5,Samaje Perine (CIN) Plus de 1.5,1.8334,0,False
17035367,CIN Bengals vs. JAX Jaguars,Samaje Perine,2ème mi-temps - Yards reçus par le joueur - Plus/Moins,31465,77059,1753231221,4566527015,Samaje Perine (CIN) moins de 1.5,Samaje Perine (CIN) moins de 1.5,1.7693,0,False
17035367,CIN Bengals vs. JAX Jaguars,Drew Sample,2ème mi-temps - Yards reçus par le joueur - Plus/Moins,31465,77059,1753861031,4568321712,Drew Sample (CIN) Plus de 0.5,Drew Sample (CIN) Plus de 0.5,1.9524,0,False
17035367,CIN Bengals vs. JAX Jaguars,Drew Sample,2ème mi-temps - Yards reçus par le joueur - Plus/Moins,31465,77059,1753861031,4568321713,Drew Sample (CIN) moins de 0.5,Drew Sample (CIN) moins de 0.5,1.6667,0,False
17035367,CIN Bengals vs. JAX Jaguars,Josh Cameron,2ème mi-temps - Yards reçus par le joueur - Plus/Moins,31465,77059,1753232070,4566528497,Josh Cameron (JAX) Plus de 0.5,Josh Cameron (JAX) Plus de 0.5,2.2,0,False
17035367,CIN Bengals vs. JAX Jaguars,Josh Cameron,2ème mi-temps - Yards reçus par le joueur - Plus/Moins,31465,77059,1753232070,4566528498,Josh Cameron (JAX) moins de 0.5,Josh Cameron (JAX) moins de 0.5,1.5264,0,False
17035367,CIN Bengals vs. JAX Jaguars,LeQuint Allen,2ème mi-temps - Yards reçus par le joueur - Plus/Moins,31465,77059,1754271231,4569650972,LeQuint Allen (JAX) Plus de 0.5,LeQuint Allen (JAX) Plus de 0.5,2.75,0,False
17035367,CIN Bengals vs. JAX Jaguars,LeQuint Allen,2ème mi-temps - Yards reçus par le joueur - Plus/Moins,31465,77059,1754271231,4569650973,LeQuint Allen (JAX) moins de 0.5,LeQuint Allen (JAX) moins de 0.5,1.3449,0,False
17035367,CIN Bengals vs. JAX Jaguars,Tanner Hudson,2ème mi-temps - Yards reçus par le joueur - Plus/Moins,31465,77059,1754744403,4570994349,Tanner Hudson (CIN) Plus de 0.5,Tanner Hudson (CIN) Plus de 0.5,2.75,0,False
17035367,CIN Bengals vs. JAX Jaguars,Tanner Hudson,2ème mi-temps - Yards reçus par le joueur - Plus/Moins,31465,77059,1754744403,4570994350,Tanner Hudson (CIN) moins de 0.5,Tanner Hudson (CIN) moins de 0.5,1.3449,0,False
17035367,CIN Bengals vs. JAX Jaguars,Travis Hunter,2ème mi-temps - Yards reçus par le joueur - Plus/Moins,31465,77059,1753232227,4566528773,Travis Hunter (JAX) Plus de 0.5,Travis Hunter (JAX) Plus de 0.5,2.85,0,False
17035367,CIN Bengals vs. JAX Jaguars,Travis Hunter,2ème mi-temps - Yards reçus par le joueur - Plus/Moins,31465,77059,1753232227,4566528774,Travis Hunter (JAX) moins de 0.5,Travis Hunter (JAX) moins de 0.5,1.3125,0,False
17035367,CIN Bengals vs. JAX Jaguars,Nate Boerkircher,2ème mi-temps - Yards reçus par le joueur - Plus/Moins,31465,77059,1753231567,4566527616,Nate Boerkircher (JAX) Plus de 0.5,Nate Boerkircher (JAX) Plus de 0.5,3.0,0,False
17035367,CIN Bengals vs. JAX Jaguars,Nate Boerkircher,2ème mi-temps - Yards reçus par le joueur - Plus/Moins,31465,77059,1753231567,4566527617,Nate Boerkircher (JAX) moins de 0.5,Nate Boerkircher (JAX) moins de 0.5,1.2858,0,False
17035367,CIN Bengals vs. JAX Jaguars,Ja'Marr Chase,2ème mi-temps - Touchdowns de réception du joueur Plus / Moins,31468,77062,1753231835,4566528084,Ja'Marr Chase (CIN) Plus de 0.5,Ja'Marr Chase (CIN) Plus de 0.5,2.9,0,False
17035367,CIN Bengals vs. JAX Jaguars,Ja'Marr Chase,2ème mi-temps - Touchdowns de réception du joueur Plus / Moins,31468,77062,1753231835,4566528085,Ja'Marr Chase (CIN) moins de 0.5,Ja'Marr Chase (CIN) moins de 0.5,1.3077,0,False
17035367,CIN Bengals vs. JAX Jaguars,Parker Washington,2ème mi-temps - Touchdowns de réception du joueur Plus / Moins,31468,77062,1753231660,4566527780,Parker Washington (JAX) Plus de 0.5,Parker Washington (JAX) Plus de 0.5,3.6,0,False
17035367,CIN Bengals vs. JAX Jaguars,Parker Washington,2ème mi-temps - Touchdowns de réception du joueur Plus / Moins,31468,77062,1753231660,4566527781,Parker Washington (JAX) moins de 0.5,Parker Washington (JAX) moins de 0.5,1.2,0,False
17035367,CIN Bengals vs. JAX Jaguars,Tee Higgins,2ème mi-temps - Touchdowns de réception du joueur Plus / Moins,31468,77062,1753231757,4566527950,Tee Higgins (CIN) Plus de 0.5,Tee Higgins (CIN) Plus de 0.5,3.6,0,False
17035367,CIN Bengals vs. JAX Jaguars,Tee Higgins,2ème mi-temps - Touchdowns de réception du joueur Plus / Moins,31468,77062,1753231757,4566527951,Tee Higgins (CIN) moins de 0.5,Tee Higgins (CIN) moins de 0.5,1.2,0,False
17035367,CIN Bengals vs. JAX Jaguars,Jakobi Meyers,2ème mi-temps - Touchdowns de réception du joueur Plus / Moins,31468,77062,1753231704,4566527858,Jakobi Meyers (JAX) Plus de 0.5,Jakobi Meyers (JAX) Plus de 0.5,4.75,0,False
17035367,CIN Bengals vs. JAX Jaguars,Jakobi Meyers,2ème mi-temps - Touchdowns de réception du joueur Plus / Moins,31468,77062,1753231704,4566527859,Jakobi Meyers (JAX) moins de 0.5,Jakobi Meyers (JAX) moins de 0.5,1.1112,0,False
17035367,CIN Bengals vs. JAX Jaguars,Brenton Strange,2ème mi-temps - Touchdowns de réception du joueur Plus / Moins,31468,77062,1753231463,4566527435,Brenton Strange (JAX) Plus de 0.5,Brenton Strange (JAX) Plus de 0.5,5.0,0,False
17035367,CIN Bengals vs. JAX Jaguars,Brenton Strange,2ème mi-temps - Touchdowns de réception du joueur Plus / Moins,31468,77062,1753231463,4566527436,Brenton Strange (JAX) moins de 0.5,Brenton Strange (JAX) moins de 0.5,1.1,0,False
17035367,CIN Bengals vs. JAX Jaguars,Brian Thomas,2ème mi-temps - Touchdowns de réception du joueur Plus / Moins,31468,77062,1753232020,4566528410,Brian Thomas (JAX) Plus de 0.5,Brian Thomas (JAX) Plus de 0.5,5.75,0,False
17035367,CIN Bengals vs. JAX Jaguars,Brian Thomas,2ème mi-temps - Touchdowns de réception du joueur Plus / Moins,31468,77062,1753232020,4566528411,Brian Thomas (JAX) moins de 0.5,Brian Thomas (JAX) moins de 0.5,1.0715,0,False
17035367,CIN Bengals vs. JAX Jaguars,Mike Gesicki,2ème mi-temps - Touchdowns de réception du joueur Plus / Moins,31468,77062,1753231282,4566527124,Mike Gesicki (CIN) Plus de 0.5,Mike Gesicki (CIN) Plus de 0.5,5.75,0,False
17035367,CIN Bengals vs. JAX Jaguars,Mike Gesicki,2ème mi-temps - Touchdowns de réception du joueur Plus / Moins,31468,77062,1753231282,4566527125,Mike Gesicki (CIN) moins de 0.5,Mike Gesicki (CIN) moins de 0.5,1.0715,0,False
17035367,CIN Bengals vs. JAX Jaguars,Chase Brown,2ème mi-temps - Touchdowns de réception du joueur Plus / Moins,31468,77062,1753231964,4566528314,Chase Brown (CIN) Plus de 0.5,Chase Brown (CIN) Plus de 0.5,6.25,0,False
17035367,CIN Bengals vs. JAX Jaguars,Chase Brown,2ème mi-temps - Touchdowns de réception du joueur Plus / Moins,31468,77062,1753231964,4566528315,Chase Brown (CIN) moins de 0.5,Chase Brown (CIN) moins de 0.5,1.05,0,False
17035367,CIN Bengals vs. JAX Jaguars,Dohnte Meyers,2ème mi-temps - Touchdowns de réception du joueur Plus / Moins,31468,77062,1753231398,4566527325,Dohnte Meyers (CIN) Plus de 0.5,Dohnte Meyers (CIN) Plus de 0.5,6.25,0,False
17035367,CIN Bengals vs. JAX Jaguars,Dohnte Meyers,2ème mi-temps - Touchdowns de réception du joueur Plus / Moins,31468,77062,1753231398,4566527326,Dohnte Meyers (CIN) moins de 0.5,Dohnte Meyers (CIN) moins de 0.5,1.05,0,False
17035367,CIN Bengals vs. JAX Jaguars,Josh Cameron,2ème mi-temps - Touchdowns de réception du joueur Plus / Moins,31468,77062,1753232073,4566528504,Josh Cameron (JAX) moins de 0.5,Josh Cameron (JAX) moins de 0.5,1.0334,0,False
17035367,CIN Bengals vs. JAX Jaguars,Josh Cameron,2ème mi-temps - Touchdowns de réception du joueur Plus / Moins,31468,77062,1753232073,4566528503,Josh Cameron (JAX) Plus de 0.5,Josh Cameron (JAX) Plus de 0.5,7.0,0,False
17035367,CIN Bengals vs. JAX Jaguars,Ameer Abdullah,2ème mi-temps - Touchdowns de réception du joueur Plus / Moins,31468,77062,1753231149,4566526885,Ameer Abdullah (JAX) Plus de 0.5,Ameer Abdullah (JAX) Plus de 0.5,8.5,0,False
17035367,CIN Bengals vs. JAX Jaguars,Ameer Abdullah,2ème mi-temps - Touchdowns de réception du joueur Plus / Moins,31468,77062,1753231149,4566526886,Ameer Abdullah (JAX) moins de 0.5,Ameer Abdullah (JAX) moins de 0.5,0.0,7,False
17035367,CIN Bengals vs. JAX Jaguars,Bhayshul Tuten,2ème mi-temps - Touchdowns de réception du joueur Plus / Moins,31468,77062,1753232105,4566528557,Bhayshul Tuten (JAX) Plus de 0.5,Bhayshul Tuten (JAX) Plus de 0.5,8.5,0,False
17035367,CIN Bengals vs. JAX Jaguars,Bhayshul Tuten,2ème mi-temps - Touchdowns de réception du joueur Plus / Moins,31468,77062,1753232105,4566528558,Bhayshul Tuten (JAX) moins de 0.5,Bhayshul Tuten (JAX) moins de 0.5,1.01,0,False
17035367,CIN Bengals vs. JAX Jaguars,Christopher Rodriguez,2ème mi-temps - Touchdowns de réception du joueur Plus / Moins,31468,77062,1753231914,4566528224,Christopher Rodriguez (JAX) Plus de 0.5,Christopher Rodriguez (JAX) Plus de 0.5,8.5,0,False
17035367,CIN Bengals vs. JAX Jaguars,Christopher Rodriguez,2ème mi-temps - Touchdowns de réception du joueur Plus / Moins,31468,77062,1753231914,4566528225,Christopher Rodriguez (JAX) moins de 0.5,Christopher Rodriguez (JAX) moins de 0.5,0.0,7,False
17035367,CIN Bengals vs. JAX Jaguars,Drew Sample,2ème mi-temps - Touchdowns de réception du joueur Plus / Moins,31468,77062,1753231309,4566527169,Drew Sample (CIN) Plus de 0.5,Drew Sample (CIN) Plus de 0.5,8.5,0,False
17035367,CIN Bengals vs. JAX Jaguars,Drew Sample,2ème mi-temps - Touchdowns de réception du joueur Plus / Moins,31468,77062,1753231309,4566527170,Drew Sample (CIN) moins de 0.5,Drew Sample (CIN) moins de 0.5,1.01,0,False
17035367,CIN Bengals vs. JAX Jaguars,Erick All,2ème mi-temps - Touchdowns de réception du joueur Plus / Moins,31468,77062,1753231436,4566527390,Erick All (CIN) Plus de 0.5,Erick All (CIN) Plus de 0.5,8.5,0,False
17035367,CIN Bengals vs. JAX Jaguars,Erick All,2ème mi-temps - Touchdowns de réception du joueur Plus / Moins,31468,77062,1753231436,4566527391,Erick All (CIN) moins de 0.5,Erick All (CIN) moins de 0.5,1.01,0,False
17035367,CIN Bengals vs. JAX Jaguars,LeQuint Allen,2ème mi-temps - Touchdowns de réception du joueur Plus / Moins,31468,77062,1754271234,4569650978,LeQuint Allen (JAX) Plus de 0.5,LeQuint Allen (JAX) Plus de 0.5,8.5,0,False
17035367,CIN Bengals vs. JAX Jaguars,LeQuint Allen,2ème mi-temps - Touchdowns de réception du joueur Plus / Moins,31468,77062,1754271234,4569650979,LeQuint Allen (JAX) moins de 0.5,LeQuint Allen (JAX) moins de 0.5,0.0,7,False
17035367,CIN Bengals vs. JAX Jaguars,Mitchell Tinsley,2ème mi-temps - Touchdowns de réception du joueur Plus / Moins,31468,77062,1755753906,4574084945,Mitchell Tinsley (CIN) Plus de 0.5,Mitchell Tinsley (CIN) Plus de 0.5,8.5,0,False
17035367,CIN Bengals vs. JAX Jaguars,Mitchell Tinsley,2ème mi-temps - Touchdowns de réception du joueur Plus / Moins,31468,77062,1755753906,4574084946,Mitchell Tinsley (CIN) moins de 0.5,Mitchell Tinsley (CIN) moins de 0.5,0.0,7,False
17035367,CIN Bengals vs. JAX Jaguars,Nate Boerkircher,2ème mi-temps - Touchdowns de réception du joueur Plus / Moins,31468,77062,1753231570,4566527622,Nate Boerkircher (JAX) Plus de 0.5,Nate Boerkircher (JAX) Plus de 0.5,8.5,0,False
17035367,CIN Bengals vs. JAX Jaguars,Nate Boerkircher,2ème mi-temps - Touchdowns de réception du joueur Plus / Moins,31468,77062,1753231570,4566527623,Nate Boerkircher (JAX) moins de 0.5,Nate Boerkircher (JAX) moins de 0.5,1.01,0,False
17035367,CIN Bengals vs. JAX Jaguars,Quintin Morris,2ème mi-temps - Touchdowns de réception du joueur Plus / Moins,31468,77062,1753231784,4566527995,Quintin Morris (JAX) Plus de 0.5,Quintin Morris (JAX) Plus de 0.5,8.5,0,False
17035367,CIN Bengals vs. JAX Jaguars,Quintin Morris,2ème mi-temps - Touchdowns de réception du joueur Plus / Moins,31468,77062,1753231784,4566527996,Quintin Morris (JAX) moins de 0.5,Quintin Morris (JAX) moins de 0.5,0.0,7,False
17035367,CIN Bengals vs. JAX Jaguars,Samaje Perine,2ème mi-temps - Touchdowns de réception du joueur Plus / Moins,31468,77062,1753231224,4566527020,Samaje Perine (CIN) Plus de 0.5,Samaje Perine (CIN) Plus de 0.5,8.5,0,False
17035367,CIN Bengals vs. JAX Jaguars,Samaje Perine,2ème mi-temps - Touchdowns de réception du joueur Plus / Moins,31468,77062,1753231224,4566527021,Samaje Perine (CIN) moins de 0.5,Samaje Perine (CIN) moins de 0.5,0.0,7,False
17035367,CIN Bengals vs. JAX Jaguars,Tanner Hudson,2ème mi-temps - Touchdowns de réception du joueur Plus / Moins,31468,77062,1754744406,4570994355,Tanner Hudson (CIN) Plus de 0.5,Tanner Hudson (CIN) Plus de 0.5,8.5,0,False
17035367,CIN Bengals vs. JAX Jaguars,Tanner Hudson,2ème mi-temps - Touchdowns de réception du joueur Plus / Moins,31468,77062,1754744406,4570994356,Tanner Hudson (CIN) moins de 0.5,Tanner Hudson (CIN) moins de 0.5,0.0,7,False
17035367,CIN Bengals vs. JAX Jaguars,Travis Hunter,2ème mi-temps - Touchdowns de réception du joueur Plus / Moins,31468,77062,1753232230,4566528779,Travis Hunter (JAX) Plus de 0.5,Travis Hunter (JAX) Plus de 0.5,8.5,0,False
17035367,CIN Bengals vs. JAX Jaguars,Travis Hunter,2ème mi-temps - Touchdowns de réception du joueur Plus / Moins,31468,77062,1753232230,4566528780,Travis Hunter (JAX) moins de 0.5,Travis Hunter (JAX) moins de 0.5,1.01,0,False
17035367,CIN Bengals vs. JAX Jaguars,Joe Burrow,2ème mi-temps - Total de yards à la passe du joueur Plus/Moins,31459,77053,1754746757,4571000253,Joe Burrow (CIN) Plus de 130.5,Joe Burrow (CIN) Plus de 130.5,1.8334,0,False
17035367,CIN Bengals vs. JAX Jaguars,Joe Burrow,2ème mi-temps - Total de yards à la passe du joueur Plus/Moins,31459,77053,1754746757,4571000254,Joe Burrow (CIN) moins de 130.5,Joe Burrow (CIN) moins de 130.5,1.7693,0,False
17035367,CIN Bengals vs. JAX Jaguars,Trevor Lawrence,2ème mi-temps - Total de yards à la passe du joueur Plus/Moins,31459,77053,1754764655,4571056610,Trevor Lawrence (JAX) Plus de 121.5,Trevor Lawrence (JAX) Plus de 121.5,1.8334,0,False
17035367,CIN Bengals vs. JAX Jaguars,Trevor Lawrence,2ème mi-temps - Total de yards à la passe du joueur Plus/Moins,31459,77053,1754764655,4571056611,Trevor Lawrence (JAX) moins de 121.5,Trevor Lawrence (JAX) moins de 121.5,1.7693,0,False
17035367,CIN Bengals vs. JAX Jaguars,Joe Burrow,2ème mi-temps - Total de Touchdowns à la passe du joueur - Plus/Moins,31462,77056,1753231346,4566527233,Joe Burrow (CIN) Plus de 0.5,Joe Burrow (CIN) Plus de 0.5,1.4167,0,False
17035367,CIN Bengals vs. JAX Jaguars,Joe Burrow,2ème mi-temps - Total de Touchdowns à la passe du joueur - Plus/Moins,31462,77056,1753231346,4566527234,Joe Burrow (CIN) moins de 0.5,Joe Burrow (CIN) moins de 0.5,2.45,0,False
17035367,CIN Bengals vs. JAX Jaguars,Trevor Lawrence,2ème mi-temps - Total de Touchdowns à la passe du joueur - Plus/Moins,31462,77056,1753231867,4566528139,Trevor Lawrence (JAX) Plus de 0.5,Trevor Lawrence (JAX) Plus de 0.5,1.4762,0,False
17035367,CIN Bengals vs. JAX Jaguars,Trevor Lawrence,2ème mi-temps - Total de Touchdowns à la passe du joueur - Plus/Moins,31462,77056,1753231867,4566528140,Trevor Lawrence (JAX) moins de 0.5,Trevor Lawrence (JAX) moins de 0.5,2.3,0,False
17035367,CIN Bengals vs. JAX Jaguars,Joe Burrow,2ème mi-temps - Joueur Tentative de passe - Plus/Moins,31480,77074,1753861041,4568321732,Joe Burrow (CIN) Plus de 17.5,Joe Burrow (CIN) Plus de 17.5,1.8334,0,False
17035367,CIN Bengals vs. JAX Jaguars,Joe Burrow,2ème mi-temps - Joueur Tentative de passe - Plus/Moins,31480,77074,1753861041,4568321733,Joe Burrow (CIN) moins de 17.5,Joe Burrow (CIN) moins de 17.5,1.7693,0,False
17035367,CIN Bengals vs. JAX Jaguars,Trevor Lawrence,2ème mi-temps - Joueur Tentative de passe - Plus/Moins,31480,77074,1754747465,4571001981,Trevor Lawrence (JAX) Plus de 16.5,Trevor Lawrence (JAX) Plus de 16.5,1.8334,0,False
17035367,CIN Bengals vs. JAX Jaguars,Trevor Lawrence,2ème mi-temps - Joueur Tentative de passe - Plus/Moins,31480,77074,1754747465,4571001982,Trevor Lawrence (JAX) moins de 16.5,Trevor Lawrence (JAX) moins de 16.5,1.7693,0,False
17035367,CIN Bengals vs. JAX Jaguars,Trevor Lawrence,2ème mi-temps - Interceptions du joueur Plus/Moins,31477,77071,1753231873,4566528152,Trevor Lawrence (JAX) moins de 0.5,Trevor Lawrence (JAX) moins de 0.5,1.3847,0,False
17035367,CIN Bengals vs. JAX Jaguars,Trevor Lawrence,2ème mi-temps - Interceptions du joueur Plus/Moins,31477,77071,1753231873,4566528151,Trevor Lawrence (JAX) Plus de 0.5,Trevor Lawrence (JAX) Plus de 0.5,2.6,0,False
17035367,CIN Bengals vs. JAX Jaguars,Joe Burrow,2ème mi-temps - Interceptions du joueur Plus/Moins,31477,77071,1753231352,4566527245,Joe Burrow (CIN) Plus de 0.5,Joe Burrow (CIN) Plus de 0.5,2.9,0,False
17035367,CIN Bengals vs. JAX Jaguars,Joe Burrow,2ème mi-temps - Interceptions du joueur Plus/Moins,31477,77071,1753231352,4566527246,Joe Burrow (CIN) moins de 0.5,Joe Burrow (CIN) moins de 0.5,1.3077,0,False
17035367,CIN Bengals vs. JAX Jaguars,Joe Burrow,2ème mi-temps - Passes réussies du joueur - Plus/Moins,31492,77086,1753231358,4566527257,Joe Burrow (CIN) Plus de 11.5,Joe Burrow (CIN) Plus de 11.5,1.8334,0,False
17035367,CIN Bengals vs. JAX Jaguars,Joe Burrow,2ème mi-temps - Passes réussies du joueur - Plus/Moins,31492,77086,1753231358,4566527258,Joe Burrow (CIN) moins de 11.5,Joe Burrow (CIN) moins de 11.5,1.7693,0,False
17035367,CIN Bengals vs. JAX Jaguars,Trevor Lawrence,2ème mi-temps - Passes réussies du joueur - Plus/Moins,31492,77086,1754764657,4571056614,Trevor Lawrence (JAX) Plus de 10.5,Trevor Lawrence (JAX) Plus de 10.5,1.9091,0,False
17035367,CIN Bengals vs. JAX Jaguars,Trevor Lawrence,2ème mi-temps - Passes réussies du joueur - Plus/Moins,31492,77086,1754764657,4571056615,Trevor Lawrence (JAX) moins de 10.5,Trevor Lawrence (JAX) moins de 10.5,1.7143,0,False
17035367,CIN Bengals vs. JAX Jaguars,Chase Brown,Premier quart-temps - Total de yards à la course du joueur Plus/Moins,31472,77066,1753231975,4566528336,Chase Brown (CIN) Plus de 13.5,Chase Brown (CIN) Plus de 13.5,1.7693,0,False
17035367,CIN Bengals vs. JAX Jaguars,Chase Brown,Premier quart-temps - Total de yards à la course du joueur Plus/Moins,31472,77066,1753231975,4566528337,Chase Brown (CIN) moins de 13.5,Chase Brown (CIN) moins de 13.5,1.8334,0,False
17035367,CIN Bengals vs. JAX Jaguars,Bhayshul Tuten,Premier quart-temps - Total de yards à la course du joueur Plus/Moins,31472,77066,1754275130,4569660453,Bhayshul Tuten (JAX) Plus de 12.5,Bhayshul Tuten (JAX) Plus de 12.5,1.8334,0,False
17035367,CIN Bengals vs. JAX Jaguars,Bhayshul Tuten,Premier quart-temps - Total de yards à la course du joueur Plus/Moins,31472,77066,1754275130,4569660454,Bhayshul Tuten (JAX) moins de 12.5,Bhayshul Tuten (JAX) moins de 12.5,1.7693,0,False
17035367,CIN Bengals vs. JAX Jaguars,Christopher Rodriguez,Premier quart-temps - Total de yards à la course du joueur Plus/Moins,31472,77066,1754272568,4569654034,Christopher Rodriguez (JAX) Plus de 3.5,Christopher Rodriguez (JAX) Plus de 3.5,1.8696,0,False
17035367,CIN Bengals vs. JAX Jaguars,Christopher Rodriguez,Premier quart-temps - Total de yards à la course du joueur Plus/Moins,31472,77066,1754272568,4569654035,Christopher Rodriguez (JAX) moins de 3.5,Christopher Rodriguez (JAX) moins de 3.5,1.7408,0,False
17035367,CIN Bengals vs. JAX Jaguars,Samaje Perine,Premier quart-temps - Total de yards à la course du joueur Plus/Moins,31472,77066,1754746411,4570999437,Samaje Perine (CIN) Plus de 0.5,Samaje Perine (CIN) Plus de 0.5,1.8334,0,False
17035367,CIN Bengals vs. JAX Jaguars,Samaje Perine,Premier quart-temps - Total de yards à la course du joueur Plus/Moins,31472,77066,1754746411,4570999438,Samaje Perine (CIN) moins de 0.5,Samaje Perine (CIN) moins de 0.5,1.7693,0,False
17035367,CIN Bengals vs. JAX Jaguars,Trevor Lawrence,Premier quart-temps - Total de yards à la course du joueur Plus/Moins,31472,77066,1753231887,4566528179,Trevor Lawrence (JAX) Plus de 0.5,Trevor Lawrence (JAX) Plus de 0.5,2.2,0,False
17035367,CIN Bengals vs. JAX Jaguars,Trevor Lawrence,Premier quart-temps - Total de yards à la course du joueur Plus/Moins,31472,77066,1753231887,4566528180,Trevor Lawrence (JAX) moins de 0.5,Trevor Lawrence (JAX) moins de 0.5,1.5264,0,False
17035367,CIN Bengals vs. JAX Jaguars,Joe Burrow,Premier quart-temps - Total de yards à la course du joueur Plus/Moins,31472,77066,1753231366,4566527273,Joe Burrow (CIN) Plus de 0.5,Joe Burrow (CIN) Plus de 0.5,3.1,0,False
17035367,CIN Bengals vs. JAX Jaguars,Joe Burrow,Premier quart-temps - Total de yards à la course du joueur Plus/Moins,31472,77066,1753231366,4566527274,Joe Burrow (CIN) moins de 0.5,Joe Burrow (CIN) moins de 0.5,1.2667,0,False
17035367,CIN Bengals vs. JAX Jaguars,Chase Brown,Premier quart-temps - Touchdowns de course du joueur Plus / Moins,31475,77069,1753231978,4566528342,Chase Brown (CIN) Plus de 0.5,Chase Brown (CIN) Plus de 0.5,5.25,0,False
17035367,CIN Bengals vs. JAX Jaguars,Chase Brown,Premier quart-temps - Touchdowns de course du joueur Plus / Moins,31475,77069,1753231978,4566528343,Chase Brown (CIN) moins de 0.5,Chase Brown (CIN) moins de 0.5,1.0834,0,False
17035367,CIN Bengals vs. JAX Jaguars,Bhayshul Tuten,Premier quart-temps - Touchdowns de course du joueur Plus / Moins,31475,77069,1753232119,4566528585,Bhayshul Tuten (JAX) Plus de 0.5,Bhayshul Tuten (JAX) Plus de 0.5,6.0,0,False
17035367,CIN Bengals vs. JAX Jaguars,Bhayshul Tuten,Premier quart-temps - Touchdowns de course du joueur Plus / Moins,31475,77069,1753232119,4566528586,Bhayshul Tuten (JAX) moins de 0.5,Bhayshul Tuten (JAX) moins de 0.5,1.0589,0,False
17035367,CIN Bengals vs. JAX Jaguars,Christopher Rodriguez,Premier quart-temps - Touchdowns de course du joueur Plus / Moins,31475,77069,1753231928,4566528252,Christopher Rodriguez (JAX) Plus de 0.5,Christopher Rodriguez (JAX) Plus de 0.5,7.75,0,False
17035367,CIN Bengals vs. JAX Jaguars,Christopher Rodriguez,Premier quart-temps - Touchdowns de course du joueur Plus / Moins,31475,77069,1753231928,4566528253,Christopher Rodriguez (JAX) moins de 0.5,Christopher Rodriguez (JAX) moins de 0.5,1.02,0,False
17035367,CIN Bengals vs. JAX Jaguars,Joe Burrow,Premier quart-temps - Touchdowns de course du joueur Plus / Moins,31475,77069,1753231369,4566527280,Joe Burrow (CIN) moins de 0.5,Joe Burrow (CIN) moins de 0.5,0.0,7,False
17035367,CIN Bengals vs. JAX Jaguars,Joe Burrow,Premier quart-temps - Touchdowns de course du joueur Plus / Moins,31475,77069,1753231369,4566527279,Joe Burrow (CIN) Plus de 0.5,Joe Burrow (CIN) Plus de 0.5,8.5,0,False
17035367,CIN Bengals vs. JAX Jaguars,Samaje Perine,Premier quart-temps - Touchdowns de course du joueur Plus / Moins,31475,77069,1753231238,4566527048,Samaje Perine (CIN) Plus de 0.5,Samaje Perine (CIN) Plus de 0.5,8.5,0,False
17035367,CIN Bengals vs. JAX Jaguars,Samaje Perine,Premier quart-temps - Touchdowns de course du joueur Plus / Moins,31475,77069,1753231238,4566527049,Samaje Perine (CIN) moins de 0.5,Samaje Perine (CIN) moins de 0.5,0.0,7,False
17035367,CIN Bengals vs. JAX Jaguars,Trevor Lawrence,Premier quart-temps - Touchdowns de course du joueur Plus / Moins,31475,77069,1753231890,4566528185,Trevor Lawrence (JAX) Plus de 0.5,Trevor Lawrence (JAX) Plus de 0.5,8.5,0,False
17035367,CIN Bengals vs. JAX Jaguars,Trevor Lawrence,Premier quart-temps - Touchdowns de course du joueur Plus / Moins,31475,77069,1753231890,4566528186,Trevor Lawrence (JAX) moins de 0.5,Trevor Lawrence (JAX) moins de 0.5,1.01,0,False
17035367,CIN Bengals vs. JAX Jaguars,Chase Brown,Premier quart-temps - Tentatives de rushing du joueur Plus/Moins,31484,77078,1753231981,4566528348,Chase Brown (CIN) Plus de 3.5,Chase Brown (CIN) Plus de 3.5,1.6061,0,False
17035367,CIN Bengals vs. JAX Jaguars,Chase Brown,Premier quart-temps - Tentatives de rushing du joueur Plus/Moins,31484,77078,1753231981,4566528349,Chase Brown (CIN) moins de 3.5,Chase Brown (CIN) moins de 3.5,2.05,0,False
17035367,CIN Bengals vs. JAX Jaguars,Bhayshul Tuten,Premier quart-temps - Tentatives de rushing du joueur Plus/Moins,31484,77078,1754272576,4569654050,Bhayshul Tuten (JAX) Plus de 3.5,Bhayshul Tuten (JAX) Plus de 3.5,2.0,0,False
17035367,CIN Bengals vs. JAX Jaguars,Bhayshul Tuten,Premier quart-temps - Tentatives de rushing du joueur Plus/Moins,31484,77078,1754272576,4569654051,Bhayshul Tuten (JAX) moins de 3.5,Bhayshul Tuten (JAX) moins de 3.5,1.6471,0,False
17035367,CIN Bengals vs. JAX Jaguars,Christopher Rodriguez,Premier quart-temps - Tentatives de rushing du joueur Plus/Moins,31484,77078,1753231931,4566528258,Christopher Rodriguez (JAX) Plus de 1.5,Christopher Rodriguez (JAX) Plus de 1.5,2.25,0,False
17035367,CIN Bengals vs. JAX Jaguars,Christopher Rodriguez,Premier quart-temps - Tentatives de rushing du joueur Plus/Moins,31484,77078,1753231931,4566528259,Christopher Rodriguez (JAX) moins de 1.5,Christopher Rodriguez (JAX) moins de 1.5,1.5,0,False
17035367,CIN Bengals vs. JAX Jaguars,Samaje Perine,Premier quart-temps - Tentatives de rushing du joueur Plus/Moins,31484,77078,1753231241,4566527054,Samaje Perine (CIN) Plus de 0.5,Samaje Perine (CIN) Plus de 0.5,1.6061,0,False
17035367,CIN Bengals vs. JAX Jaguars,Samaje Perine,Premier quart-temps - Tentatives de rushing du joueur Plus/Moins,31484,77078,1753231241,4566527055,Samaje Perine (CIN) moins de 0.5,Samaje Perine (CIN) moins de 0.5,2.05,0,False
17035367,CIN Bengals vs. JAX Jaguars,Trevor Lawrence,Premier quart-temps - Tentatives de rushing du joueur Plus/Moins,31484,77078,1753231893,4566528192,Trevor Lawrence (JAX) moins de 0.5,Trevor Lawrence (JAX) moins de 0.5,1.6061,0,False
17035367,CIN Bengals vs. JAX Jaguars,Trevor Lawrence,Premier quart-temps - Tentatives de rushing du joueur Plus/Moins,31484,77078,1753231893,4566528191,Trevor Lawrence (JAX) Plus de 0.5,Trevor Lawrence (JAX) Plus de 0.5,2.05,0,False
17035367,CIN Bengals vs. JAX Jaguars,Joe Burrow,Premier quart-temps - Tentatives de rushing du joueur Plus/Moins,31484,77078,1753231372,4566527285,Joe Burrow (CIN) Plus de 0.5,Joe Burrow (CIN) Plus de 0.5,2.9,0,False
17035367,CIN Bengals vs. JAX Jaguars,Joe Burrow,Premier quart-temps - Tentatives de rushing du joueur Plus/Moins,31484,77078,1753231372,4566527286,Joe Burrow (CIN) moins de 0.5,Joe Burrow (CIN) moins de 0.5,1.3077,0,False
17035367,CIN Bengals vs. JAX Jaguars,Chase Brown,Premier quart-temps - Yards de course et de réception du joueur Plus / Moins,31490,77084,1753231990,4566528363,Chase Brown (CIN) Plus de 18.5,Chase Brown (CIN) Plus de 18.5,1.7693,0,False
17035367,CIN Bengals vs. JAX Jaguars,Chase Brown,Premier quart-temps - Yards de course et de réception du joueur Plus / Moins,31490,77084,1753231990,4566528364,Chase Brown (CIN) moins de 18.5,Chase Brown (CIN) moins de 18.5,1.8334,0,False
17035367,CIN Bengals vs. JAX Jaguars,Bhayshul Tuten,Premier quart-temps - Yards de course et de réception du joueur Plus / Moins,31490,77084,1754276281,4569663008,Bhayshul Tuten (JAX) Plus de 15.5,Bhayshul Tuten (JAX) Plus de 15.5,1.8334,0,False
17035367,CIN Bengals vs. JAX Jaguars,Bhayshul Tuten,Premier quart-temps - Yards de course et de réception du joueur Plus / Moins,31490,77084,1754276281,4569663009,Bhayshul Tuten (JAX) moins de 15.5,Bhayshul Tuten (JAX) moins de 15.5,1.7693,0,False
17035367,CIN Bengals vs. JAX Jaguars,Samaje Perine,Premier quart-temps - Yards de course et de réception du joueur Plus / Moins,31490,77084,1759131912,4585371420,Samaje Perine (CIN) Plus de 2.5,Samaje Perine (CIN) Plus de 2.5,1.7693,0,False
17035367,CIN Bengals vs. JAX Jaguars,Samaje Perine,Premier quart-temps - Yards de course et de réception du joueur Plus / Moins,31490,77084,1759131912,4585371421,Samaje Perine (CIN) moins de 2.5,Samaje Perine (CIN) moins de 2.5,1.8334,0,False
17035367,CIN Bengals vs. JAX Jaguars,Ja'Marr Chase,Premier quart-temps - Total de réceptions Plus/Moins,31487,77081,1753231839,4566528092,Ja'Marr Chase (CIN) Plus de 1.5,Ja'Marr Chase (CIN) Plus de 1.5,1.9091,0,False
17035367,CIN Bengals vs. JAX Jaguars,Ja'Marr Chase,Premier quart-temps - Total de réceptions Plus/Moins,31487,77081,1753231839,4566528093,Ja'Marr Chase (CIN) moins de 1.5,Ja'Marr Chase (CIN) moins de 1.5,1.7143,0,False
17035367,CIN Bengals vs. JAX Jaguars,Parker Washington,Premier quart-temps - Total de réceptions Plus/Moins,31487,77081,1754278855,4569668802,Parker Washington (JAX) Plus de 1.5,Parker Washington (JAX) Plus de 1.5,2.4,0,False
17035367,CIN Bengals vs. JAX Jaguars,Parker Washington,Premier quart-temps - Total de réceptions Plus/Moins,31487,77081,1754278855,4569668803,Parker Washington (JAX) moins de 1.5,Parker Washington (JAX) moins de 1.5,1.4445,0,False
17035367,CIN Bengals vs. JAX Jaguars,Tee Higgins,Premier quart-temps - Total de réceptions Plus/Moins,31487,77081,1753231761,4566527958,Tee Higgins (CIN) Plus de 0.5,Tee Higgins (CIN) Plus de 0.5,1.4546,0,False
17035367,CIN Bengals vs. JAX Jaguars,Tee Higgins,Premier quart-temps - Total de réceptions Plus/Moins,31487,77081,1753231761,4566527959,Tee Higgins (CIN) moins de 0.5,Tee Higgins (CIN) moins de 0.5,2.35,0,False
17035367,CIN Bengals vs. JAX Jaguars,Brenton Strange,Premier quart-temps - Total de réceptions Plus/Moins,31487,77081,1753231467,4566527443,Brenton Strange (JAX) Plus de 0.5,Brenton Strange (JAX) Plus de 0.5,1.6667,0,False
17035367,CIN Bengals vs. JAX Jaguars,Brenton Strange,Premier quart-temps - Total de réceptions Plus/Moins,31487,77081,1753231467,4566527444,Brenton Strange (JAX) moins de 0.5,Brenton Strange (JAX) moins de 0.5,1.9524,0,False
17035367,CIN Bengals vs. JAX Jaguars,Jakobi Meyers,Premier quart-temps - Total de réceptions Plus/Moins,31487,77081,1753231708,4566527866,Jakobi Meyers (JAX) Plus de 0.5,Jakobi Meyers (JAX) Plus de 0.5,1.6667,0,False
17035367,CIN Bengals vs. JAX Jaguars,Jakobi Meyers,Premier quart-temps - Total de réceptions Plus/Moins,31487,77081,1753231708,4566527867,Jakobi Meyers (JAX) moins de 0.5,Jakobi Meyers (JAX) moins de 0.5,1.9524,0,False
17035367,CIN Bengals vs. JAX Jaguars,Chase Brown,Premier quart-temps - Total de réceptions Plus/Moins,31487,77081,1753231968,4566528322,Chase Brown (CIN) Plus de 0.5,Chase Brown (CIN) Plus de 0.5,1.7143,0,False
17035367,CIN Bengals vs. JAX Jaguars,Chase Brown,Premier quart-temps - Total de réceptions Plus/Moins,31487,77081,1753231968,4566528323,Chase Brown (CIN) moins de 0.5,Chase Brown (CIN) moins de 0.5,1.9091,0,False
17035367,CIN Bengals vs. JAX Jaguars,Mike Gesicki,Premier quart-temps - Total de réceptions Plus/Moins,31487,77081,1753231286,4566527132,Mike Gesicki (CIN) Plus de 0.5,Mike Gesicki (CIN) Plus de 0.5,2.05,0,False
17035367,CIN Bengals vs. JAX Jaguars,Mike Gesicki,Premier quart-temps - Total de réceptions Plus/Moins,31487,77081,1753231286,4566527133,Mike Gesicki (CIN) moins de 0.5,Mike Gesicki (CIN) moins de 0.5,1.6061,0,False
17035367,CIN Bengals vs. JAX Jaguars,Bhayshul Tuten,Premier quart-temps - Total de réceptions Plus/Moins,31487,77081,1753232109,4566528565,Bhayshul Tuten (JAX) Plus de 0.5,Bhayshul Tuten (JAX) Plus de 0.5,2.4,0,False
17035367,CIN Bengals vs. JAX Jaguars,Bhayshul Tuten,Premier quart-temps - Total de réceptions Plus/Moins,31487,77081,1753232109,4566528566,Bhayshul Tuten (JAX) moins de 0.5,Bhayshul Tuten (JAX) moins de 0.5,1.4445,0,False
17035367,CIN Bengals vs. JAX Jaguars,Brian Thomas,Premier quart-temps - Total de réceptions Plus/Moins,31487,77081,1753232024,4566528418,Brian Thomas (JAX) Plus de 0.5,Brian Thomas (JAX) Plus de 0.5,2.4,0,False
17035367,CIN Bengals vs. JAX Jaguars,Brian Thomas,Premier quart-temps - Total de réceptions Plus/Moins,31487,77081,1753232024,4566528419,Brian Thomas (JAX) moins de 0.5,Brian Thomas (JAX) moins de 0.5,1.4445,0,False
17035367,CIN Bengals vs. JAX Jaguars,Dohnte Meyers,Premier quart-temps - Total de réceptions Plus/Moins,31487,77081,1753231402,4566527333,Dohnte Meyers (CIN) Plus de 0.5,Dohnte Meyers (CIN) Plus de 0.5,2.55,0,False
17035367,CIN Bengals vs. JAX Jaguars,Dohnte Meyers,Premier quart-temps - Total de réceptions Plus/Moins,31487,77081,1753231402,4566527334,Dohnte Meyers (CIN) moins de 0.5,Dohnte Meyers (CIN) moins de 0.5,1.4,0,False
17035367,CIN Bengals vs. JAX Jaguars,Drew Sample,Premier quart-temps - Total de réceptions Plus/Moins,31487,77081,1753231313,4566527177,Drew Sample (CIN) Plus de 0.5,Drew Sample (CIN) Plus de 0.5,3.0,0,False
17035367,CIN Bengals vs. JAX Jaguars,Drew Sample,Premier quart-temps - Total de réceptions Plus/Moins,31487,77081,1753231313,4566527178,Drew Sample (CIN) moins de 0.5,Drew Sample (CIN) moins de 0.5,1.2858,0,False
17035367,CIN Bengals vs. JAX Jaguars,Samaje Perine,Premier quart-temps - Total de réceptions Plus/Moins,31487,77081,1753231228,4566527028,Samaje Perine (CIN) Plus de 0.5,Samaje Perine (CIN) Plus de 0.5,3.0,0,False
17035367,CIN Bengals vs. JAX Jaguars,Samaje Perine,Premier quart-temps - Total de réceptions Plus/Moins,31487,77081,1753231228,4566527029,Samaje Perine (CIN) moins de 0.5,Samaje Perine (CIN) moins de 0.5,1.2858,0,False
17035367,CIN Bengals vs. JAX Jaguars,Josh Cameron,Premier quart-temps - Total de réceptions Plus/Moins,31487,77081,1753232077,4566528512,Josh Cameron (JAX) moins de 0.5,Josh Cameron (JAX) moins de 0.5,1.1819,0,False
17035367,CIN Bengals vs. JAX Jaguars,Josh Cameron,Premier quart-temps - Total de réceptions Plus/Moins,31487,77081,1753232077,4566528511,Josh Cameron (JAX) Plus de 0.5,Josh Cameron (JAX) Plus de 0.5,3.75,0,False
17035367,CIN Bengals vs. JAX Jaguars,Nate Boerkircher,Premier quart-temps - Total de réceptions Plus/Moins,31487,77081,1753231574,4566527630,Nate Boerkircher (JAX) Plus de 0.5,Nate Boerkircher (JAX) Plus de 0.5,4.4,0,False
17035367,CIN Bengals vs. JAX Jaguars,Nate Boerkircher,Premier quart-temps - Total de réceptions Plus/Moins,31487,77081,1753231574,4566527631,Nate Boerkircher (JAX) moins de 0.5,Nate Boerkircher (JAX) moins de 0.5,1.1334,0,False
17035367,CIN Bengals vs. JAX Jaguars,Tanner Hudson,Premier quart-temps - Total de réceptions Plus/Moins,31487,77081,1754744410,4570994363,Tanner Hudson (CIN) Plus de 0.5,Tanner Hudson (CIN) Plus de 0.5,4.75,0,False
17035367,CIN Bengals vs. JAX Jaguars,Tanner Hudson,Premier quart-temps - Total de réceptions Plus/Moins,31487,77081,1754744410,4570994364,Tanner Hudson (CIN) moins de 0.5,Tanner Hudson (CIN) moins de 0.5,1.1112,0,False
17035367,CIN Bengals vs. JAX Jaguars,Travis Hunter,Premier quart-temps - Total de réceptions Plus/Moins,31487,77081,1753232234,4566528787,Travis Hunter (JAX) Plus de 0.5,Travis Hunter (JAX) Plus de 0.5,5.0,0,False
17035367,CIN Bengals vs. JAX Jaguars,Travis Hunter,Premier quart-temps - Total de réceptions Plus/Moins,31487,77081,1753232234,4566528788,Travis Hunter (JAX) moins de 0.5,Travis Hunter (JAX) moins de 0.5,1.1,0,False
17035367,CIN Bengals vs. JAX Jaguars,LeQuint Allen,Premier quart-temps - Total de réceptions Plus/Moins,31487,77081,1754271238,4569650986,LeQuint Allen (JAX) Plus de 0.5,LeQuint Allen (JAX) Plus de 0.5,5.25,0,False
17035367,CIN Bengals vs. JAX Jaguars,LeQuint Allen,Premier quart-temps - Total de réceptions Plus/Moins,31487,77081,1754271238,4569650987,LeQuint Allen (JAX) moins de 0.5,LeQuint Allen (JAX) moins de 0.5,1.0834,0,False
17035367,CIN Bengals vs. JAX Jaguars,Ja'Marr Chase,Premier quart-temps - Yards reçus par le joueur - Plus/Moins,31466,77060,1754765948,4571059665,Ja'Marr Chase (CIN) Plus de 14.5,Ja'Marr Chase (CIN) Plus de 14.5,1.8,0,False
17035367,CIN Bengals vs. JAX Jaguars,Ja'Marr Chase,Premier quart-temps - Yards reçus par le joueur - Plus/Moins,31466,77060,1754765948,4571059666,Ja'Marr Chase (CIN) moins de 14.5,Ja'Marr Chase (CIN) moins de 14.5,1.8,0,False
17035367,CIN Bengals vs. JAX Jaguars,Parker Washington,Premier quart-temps - Yards reçus par le joueur - Plus/Moins,31466,77060,1755548078,4573553180,Parker Washington (JAX) Plus de 12.5,Parker Washington (JAX) Plus de 12.5,1.7693,0,False
17035367,CIN Bengals vs. JAX Jaguars,Parker Washington,Premier quart-temps - Yards reçus par le joueur - Plus/Moins,31466,77060,1755548078,4573553181,Parker Washington (JAX) moins de 12.5,Parker Washington (JAX) moins de 12.5,1.8334,0,False
17035367,CIN Bengals vs. JAX Jaguars,Tee Higgins,Premier quart-temps - Yards reçus par le joueur - Plus/Moins,31466,77060,1754272380,4569653634,Tee Higgins (CIN) Plus de 8.5,Tee Higgins (CIN) Plus de 8.5,1.7693,0,False
17035367,CIN Bengals vs. JAX Jaguars,Tee Higgins,Premier quart-temps - Yards reçus par le joueur - Plus/Moins,31466,77060,1754272380,4569653635,Tee Higgins (CIN) moins de 8.5,Tee Higgins (CIN) moins de 8.5,1.8334,0,False
17035367,CIN Bengals vs. JAX Jaguars,Jakobi Meyers,Premier quart-temps - Yards reçus par le joueur - Plus/Moins,31466,77060,1754278757,4569668614,Jakobi Meyers (JAX) Plus de 3.5,Jakobi Meyers (JAX) Plus de 3.5,1.7693,0,False
17035367,CIN Bengals vs. JAX Jaguars,Jakobi Meyers,Premier quart-temps - Yards reçus par le joueur - Plus/Moins,31466,77060,1754278757,4569668615,Jakobi Meyers (JAX) moins de 3.5,Jakobi Meyers (JAX) moins de 3.5,1.8334,0,False
17035367,CIN Bengals vs. JAX Jaguars,Brenton Strange,Premier quart-temps - Yards reçus par le joueur - Plus/Moins,31466,77060,1753231461,4566527432,Brenton Strange (JAX) moins de 2.5,Brenton Strange (JAX) moins de 2.5,1.8334,0,False
17035367,CIN Bengals vs. JAX Jaguars,Brenton Strange,Premier quart-temps - Yards reçus par le joueur - Plus/Moins,31466,77060,1753231461,4566527431,Brenton Strange (JAX) Plus de 2.5,Brenton Strange (JAX) Plus de 2.5,1.7693,0,False
17035367,CIN Bengals vs. JAX Jaguars,Chase Brown,Premier quart-temps - Yards reçus par le joueur - Plus/Moins,31466,77060,1753231962,4566528310,Chase Brown (CIN) Plus de 0.5,Chase Brown (CIN) Plus de 0.5,1.8334,0,False
17035367,CIN Bengals vs. JAX Jaguars,Chase Brown,Premier quart-temps - Yards reçus par le joueur - Plus/Moins,31466,77060,1753231962,4566528311,Chase Brown (CIN) moins de 0.5,Chase Brown (CIN) moins de 0.5,1.7693,0,False
17035367,CIN Bengals vs. JAX Jaguars,Mike Gesicki,Premier quart-temps - Yards reçus par le joueur - Plus/Moins,31466,77060,1753231280,4566527120,Mike Gesicki (CIN) Plus de 0.5,Mike Gesicki (CIN) Plus de 0.5,2.05,0,False
17035367,CIN Bengals vs. JAX Jaguars,Mike Gesicki,Premier quart-temps - Yards reçus par le joueur - Plus/Moins,31466,77060,1753231280,4566527121,Mike Gesicki (CIN) moins de 0.5,Mike Gesicki (CIN) moins de 0.5,1.6061,0,False
17035367,CIN Bengals vs. JAX Jaguars,Brian Thomas,Premier quart-temps - Yards reçus par le joueur - Plus/Moins,31466,77060,1753232018,4566528406,Brian Thomas (JAX) Plus de 0.5,Brian Thomas (JAX) Plus de 0.5,2.4,0,False
17035367,CIN Bengals vs. JAX Jaguars,Brian Thomas,Premier quart-temps - Yards reçus par le joueur - Plus/Moins,31466,77060,1753232018,4566528407,Brian Thomas (JAX) moins de 0.5,Brian Thomas (JAX) moins de 0.5,1.4348,0,False
17035367,CIN Bengals vs. JAX Jaguars,Dohnte Meyers,Premier quart-temps - Yards reçus par le joueur - Plus/Moins,31466,77060,1753231396,4566527321,Dohnte Meyers (CIN) Plus de 0.5,Dohnte Meyers (CIN) Plus de 0.5,2.6,0,False
17035367,CIN Bengals vs. JAX Jaguars,Dohnte Meyers,Premier quart-temps - Yards reçus par le joueur - Plus/Moins,31466,77060,1753231396,4566527322,Dohnte Meyers (CIN) moins de 0.5,Dohnte Meyers (CIN) moins de 0.5,1.3847,0,False
17035367,CIN Bengals vs. JAX Jaguars,Bhayshul Tuten,Premier quart-temps - Yards reçus par le joueur - Plus/Moins,31466,77060,1753232103,4566528553,Bhayshul Tuten (JAX) Plus de 0.5,Bhayshul Tuten (JAX) Plus de 0.5,2.7,0,False
17035367,CIN Bengals vs. JAX Jaguars,Bhayshul Tuten,Premier quart-temps - Yards reçus par le joueur - Plus/Moins,31466,77060,1753232103,4566528554,Bhayshul Tuten (JAX) moins de 0.5,Bhayshul Tuten (JAX) moins de 0.5,1.3572,0,False
17035367,CIN Bengals vs. JAX Jaguars,Drew Sample,Premier quart-temps - Yards reçus par le joueur - Plus/Moins,31466,77060,1753231307,4566527165,Drew Sample (CIN) Plus de 0.5,Drew Sample (CIN) Plus de 0.5,3.1,0,False
17035367,CIN Bengals vs. JAX Jaguars,Drew Sample,Premier quart-temps - Yards reçus par le joueur - Plus/Moins,31466,77060,1753231307,4566527166,Drew Sample (CIN) moins de 0.5,Drew Sample (CIN) moins de 0.5,1.2667,0,False
17035367,CIN Bengals vs. JAX Jaguars,Samaje Perine,Premier quart-temps - Yards reçus par le joueur - Plus/Moins,31466,77060,1753231222,4566527016,Samaje Perine (CIN) Plus de 0.5,Samaje Perine (CIN) Plus de 0.5,3.25,0,False
17035367,CIN Bengals vs. JAX Jaguars,Samaje Perine,Premier quart-temps - Yards reçus par le joueur - Plus/Moins,31466,77060,1753231222,4566527017,Samaje Perine (CIN) moins de 0.5,Samaje Perine (CIN) moins de 0.5,1.25,0,False
17035367,CIN Bengals vs. JAX Jaguars,Josh Cameron,Premier quart-temps - Yards reçus par le joueur - Plus/Moins,31466,77060,1753232071,4566528499,Josh Cameron (JAX) Plus de 0.5,Josh Cameron (JAX) Plus de 0.5,4.0,0,False
17035367,CIN Bengals vs. JAX Jaguars,Josh Cameron,Premier quart-temps - Yards reçus par le joueur - Plus/Moins,31466,77060,1753232071,4566528500,Josh Cameron (JAX) moins de 0.5,Josh Cameron (JAX) moins de 0.5,1.1667,0,False
17035367,CIN Bengals vs. JAX Jaguars,Nate Boerkircher,Premier quart-temps - Yards reçus par le joueur - Plus/Moins,31466,77060,1753231568,4566527618,Nate Boerkircher (JAX) Plus de 0.5,Nate Boerkircher (JAX) Plus de 0.5,4.75,0,False
17035367,CIN Bengals vs. JAX Jaguars,Nate Boerkircher,Premier quart-temps - Yards reçus par le joueur - Plus/Moins,31466,77060,1753231568,4566527619,Nate Boerkircher (JAX) moins de 0.5,Nate Boerkircher (JAX) moins de 0.5,1.1112,0,False
17035367,CIN Bengals vs. JAX Jaguars,Tanner Hudson,Premier quart-temps - Yards reçus par le joueur - Plus/Moins,31466,77060,1754744404,4570994352,Tanner Hudson (CIN) moins de 0.5,Tanner Hudson (CIN) moins de 0.5,1.1112,0,False
17035367,CIN Bengals vs. JAX Jaguars,Tanner Hudson,Premier quart-temps - Yards reçus par le joueur - Plus/Moins,31466,77060,1754744404,4570994351,Tanner Hudson (CIN) Plus de 0.5,Tanner Hudson (CIN) Plus de 0.5,4.75,0,False
17035367,CIN Bengals vs. JAX Jaguars,Travis Hunter,Premier quart-temps - Yards reçus par le joueur - Plus/Moins,31466,77060,1753232228,4566528776,Travis Hunter (JAX) moins de 0.5,Travis Hunter (JAX) moins de 0.5,1.091,0,False
17035367,CIN Bengals vs. JAX Jaguars,Travis Hunter,Premier quart-temps - Yards reçus par le joueur - Plus/Moins,31466,77060,1753232228,4566528775,Travis Hunter (JAX) Plus de 0.5,Travis Hunter (JAX) Plus de 0.5,5.25,0,False
17035367,CIN Bengals vs. JAX Jaguars,LeQuint Allen,Premier quart-temps - Yards reçus par le joueur - Plus/Moins,31466,77060,1754271232,4569650974,LeQuint Allen (JAX) Plus de 0.5,LeQuint Allen (JAX) Plus de 0.5,6.0,0,False
17035367,CIN Bengals vs. JAX Jaguars,LeQuint Allen,Premier quart-temps - Yards reçus par le joueur - Plus/Moins,31466,77060,1754271232,4569650975,LeQuint Allen (JAX) moins de 0.5,LeQuint Allen (JAX) moins de 0.5,1.0625,0,False
17035367,CIN Bengals vs. JAX Jaguars,Ja'Marr Chase,Premier quart-temps - Touchdowns de réception du joueur Plus / Moins,31469,77063,1753231836,4566528086,Ja'Marr Chase (CIN) Plus de 0.5,Ja'Marr Chase (CIN) Plus de 0.5,5.0,0,False
17035367,CIN Bengals vs. JAX Jaguars,Ja'Marr Chase,Premier quart-temps - Touchdowns de réception du joueur Plus / Moins,31469,77063,1753231836,4566528087,Ja'Marr Chase (CIN) moins de 0.5,Ja'Marr Chase (CIN) moins de 0.5,1.1,0,False
17035367,CIN Bengals vs. JAX Jaguars,Parker Washington,Premier quart-temps - Touchdowns de réception du joueur Plus / Moins,31469,77063,1753231661,4566527782,Parker Washington (JAX) Plus de 0.5,Parker Washington (JAX) Plus de 0.5,6.25,0,False
17035367,CIN Bengals vs. JAX Jaguars,Parker Washington,Premier quart-temps - Touchdowns de réception du joueur Plus / Moins,31469,77063,1753231661,4566527783,Parker Washington (JAX) moins de 0.5,Parker Washington (JAX) moins de 0.5,1.05,0,False
17035367,CIN Bengals vs. JAX Jaguars,Tee Higgins,Premier quart-temps - Touchdowns de réception du joueur Plus / Moins,31469,77063,1753231758,4566527952,Tee Higgins (CIN) Plus de 0.5,Tee Higgins (CIN) Plus de 0.5,6.25,0,False
17035367,CIN Bengals vs. JAX Jaguars,Tee Higgins,Premier quart-temps - Touchdowns de réception du joueur Plus / Moins,31469,77063,1753231758,4566527953,Tee Higgins (CIN) moins de 0.5,Tee Higgins (CIN) moins de 0.5,1.05,0,False
17035367,CIN Bengals vs. JAX Jaguars,Jakobi Meyers,Premier quart-temps - Touchdowns de réception du joueur Plus / Moins,31469,77063,1753231705,4566527860,Jakobi Meyers (JAX) Plus de 0.5,Jakobi Meyers (JAX) Plus de 0.5,7.0,0,False
17035367,CIN Bengals vs. JAX Jaguars,Jakobi Meyers,Premier quart-temps - Touchdowns de réception du joueur Plus / Moins,31469,77063,1753231705,4566527861,Jakobi Meyers (JAX) moins de 0.5,Jakobi Meyers (JAX) moins de 0.5,1.0334,0,False
17035367,CIN Bengals vs. JAX Jaguars,Brenton Strange,Premier quart-temps - Touchdowns de réception du joueur Plus / Moins,31469,77063,1753231464,4566527437,Brenton Strange (JAX) Plus de 0.5,Brenton Strange (JAX) Plus de 0.5,7.75,0,False
17035367,CIN Bengals vs. JAX Jaguars,Brenton Strange,Premier quart-temps - Touchdowns de réception du joueur Plus / Moins,31469,77063,1753231464,4566527438,Brenton Strange (JAX) moins de 0.5,Brenton Strange (JAX) moins de 0.5,1.02,0,False
17035367,CIN Bengals vs. JAX Jaguars,Mike Gesicki,Premier quart-temps - Touchdowns de réception du joueur Plus / Moins,31469,77063,1753231283,4566527126,Mike Gesicki (CIN) Plus de 0.5,Mike Gesicki (CIN) Plus de 0.5,7.75,0,False
17035367,CIN Bengals vs. JAX Jaguars,Mike Gesicki,Premier quart-temps - Touchdowns de réception du joueur Plus / Moins,31469,77063,1753231283,4566527127,Mike Gesicki (CIN) moins de 0.5,Mike Gesicki (CIN) moins de 0.5,1.02,0,False
17035367,CIN Bengals vs. JAX Jaguars,Bhayshul Tuten,Premier quart-temps - Touchdowns de réception du joueur Plus / Moins,31469,77063,1753232106,4566528560,Bhayshul Tuten (JAX) moins de 0.5,Bhayshul Tuten (JAX) moins de 0.5,0.0,7,False
17035367,CIN Bengals vs. JAX Jaguars,Bhayshul Tuten,Premier quart-temps - Touchdowns de réception du joueur Plus / Moins,31469,77063,1753232106,4566528559,Bhayshul Tuten (JAX) Plus de 0.5,Bhayshul Tuten (JAX) Plus de 0.5,8.5,0,False
17035367,CIN Bengals vs. JAX Jaguars,Brian Thomas,Premier quart-temps - Touchdowns de réception du joueur Plus / Moins,31469,77063,1753232021,4566528412,Brian Thomas (JAX) Plus de 0.5,Brian Thomas (JAX) Plus de 0.5,8.5,0,False
17035367,CIN Bengals vs. JAX Jaguars,Brian Thomas,Premier quart-temps - Touchdowns de réception du joueur Plus / Moins,31469,77063,1753232021,4566528413,Brian Thomas (JAX) moins de 0.5,Brian Thomas (JAX) moins de 0.5,1.01,0,False
17035367,CIN Bengals vs. JAX Jaguars,Chase Brown,Premier quart-temps - Touchdowns de réception du joueur Plus / Moins,31469,77063,1753231965,4566528316,Chase Brown (CIN) Plus de 0.5,Chase Brown (CIN) Plus de 0.5,8.5,0,False
17035367,CIN Bengals vs. JAX Jaguars,Chase Brown,Premier quart-temps - Touchdowns de réception du joueur Plus / Moins,31469,77063,1753231965,4566528317,Chase Brown (CIN) moins de 0.5,Chase Brown (CIN) moins de 0.5,1.01,0,False
17035367,CIN Bengals vs. JAX Jaguars,Dohnte Meyers,Premier quart-temps - Touchdowns de réception du joueur Plus / Moins,31469,77063,1753231399,4566527328,Dohnte Meyers (CIN) moins de 0.5,Dohnte Meyers (CIN) moins de 0.5,1.01,0,False
17035367,CIN Bengals vs. JAX Jaguars,Dohnte Meyers,Premier quart-temps - Touchdowns de réception du joueur Plus / Moins,31469,77063,1753231399,4566527327,Dohnte Meyers (CIN) Plus de 0.5,Dohnte Meyers (CIN) Plus de 0.5,8.5,0,False
17035367,CIN Bengals vs. JAX Jaguars,Drew Sample,Premier quart-temps - Touchdowns de réception du joueur Plus / Moins,31469,77063,1753231310,4566527171,Drew Sample (CIN) Plus de 0.5,Drew Sample (CIN) Plus de 0.5,8.5,0,False
17035367,CIN Bengals vs. JAX Jaguars,Drew Sample,Premier quart-temps - Touchdowns de réception du joueur Plus / Moins,31469,77063,1753231310,4566527172,Drew Sample (CIN) moins de 0.5,Drew Sample (CIN) moins de 0.5,0.0,7,False
17035367,CIN Bengals vs. JAX Jaguars,Erick All,Premier quart-temps - Touchdowns de réception du joueur Plus / Moins,31469,77063,1753231437,4566527392,Erick All (CIN) Plus de 0.5,Erick All (CIN) Plus de 0.5,8.5,0,False
17035367,CIN Bengals vs. JAX Jaguars,Erick All,Premier quart-temps - Touchdowns de réception du joueur Plus / Moins,31469,77063,1753231437,4566527393,Erick All (CIN) moins de 0.5,Erick All (CIN) moins de 0.5,0.0,7,False
17035367,CIN Bengals vs. JAX Jaguars,Josh Cameron,Premier quart-temps - Touchdowns de réception du joueur Plus / Moins,31469,77063,1753232074,4566528505,Josh Cameron (JAX) Plus de 0.5,Josh Cameron (JAX) Plus de 0.5,8.5,0,False
17035367,CIN Bengals vs. JAX Jaguars,Josh Cameron,Premier quart-temps - Touchdowns de réception du joueur Plus / Moins,31469,77063,1753232074,4566528506,Josh Cameron (JAX) moins de 0.5,Josh Cameron (JAX) moins de 0.5,0.0,7,False
17035367,CIN Bengals vs. JAX Jaguars,Nate Boerkircher,Premier quart-temps - Touchdowns de réception du joueur Plus / Moins,31469,77063,1753231571,4566527624,Nate Boerkircher (JAX) Plus de 0.5,Nate Boerkircher (JAX) Plus de 0.5,8.5,0,False
17035367,CIN Bengals vs. JAX Jaguars,Nate Boerkircher,Premier quart-temps - Touchdowns de réception du joueur Plus / Moins,31469,77063,1753231571,4566527625,Nate Boerkircher (JAX) moins de 0.5,Nate Boerkircher (JAX) moins de 0.5,0.0,7,False
17035367,CIN Bengals vs. JAX Jaguars,Samaje Perine,Premier quart-temps - Touchdowns de réception du joueur Plus / Moins,31469,77063,1753231225,4566527022,Samaje Perine (CIN) Plus de 0.5,Samaje Perine (CIN) Plus de 0.5,8.5,0,False
17035367,CIN Bengals vs. JAX Jaguars,Samaje Perine,Premier quart-temps - Touchdowns de réception du joueur Plus / Moins,31469,77063,1753231225,4566527023,Samaje Perine (CIN) moins de 0.5,Samaje Perine (CIN) moins de 0.5,0.0,7,False
17035367,CIN Bengals vs. JAX Jaguars,Tanner Hudson,Premier quart-temps - Touchdowns de réception du joueur Plus / Moins,31469,77063,1754744407,4570994357,Tanner Hudson (CIN) Plus de 0.5,Tanner Hudson (CIN) Plus de 0.5,8.5,0,False
17035367,CIN Bengals vs. JAX Jaguars,Tanner Hudson,Premier quart-temps - Touchdowns de réception du joueur Plus / Moins,31469,77063,1754744407,4570994358,Tanner Hudson (CIN) moins de 0.5,Tanner Hudson (CIN) moins de 0.5,0.0,7,False
17035367,CIN Bengals vs. JAX Jaguars,Quintin Morris,Premier quart-temps - Touchdowns de réception du joueur Plus / Moins,31469,77063,1753231785,4566527997,Quintin Morris (JAX) Plus de 0.5,Quintin Morris (JAX) Plus de 0.5,9.0,0,False
17035367,CIN Bengals vs. JAX Jaguars,Quintin Morris,Premier quart-temps - Touchdowns de réception du joueur Plus / Moins,31469,77063,1753231785,4566527998,Quintin Morris (JAX) moins de 0.5,Quintin Morris (JAX) moins de 0.5,0.0,7,False
17035367,CIN Bengals vs. JAX Jaguars,Travis Hunter,Premier quart-temps - Touchdowns de réception du joueur Plus / Moins,31469,77063,1753232231,4566528781,Travis Hunter (JAX) Plus de 0.5,Travis Hunter (JAX) Plus de 0.5,9.0,0,False
17035367,CIN Bengals vs. JAX Jaguars,Travis Hunter,Premier quart-temps - Touchdowns de réception du joueur Plus / Moins,31469,77063,1753232231,4566528782,Travis Hunter (JAX) moins de 0.5,Travis Hunter (JAX) moins de 0.5,0.0,7,False
17035367,CIN Bengals vs. JAX Jaguars,Joe Burrow,Premier quart-temps - Total de yards à la passe du joueur Plus/Moins,31460,77054,1754749572,4571012197,Joe Burrow (CIN) Plus de 59.5,Joe Burrow (CIN) Plus de 59.5,1.8334,0,False
17035367,CIN Bengals vs. JAX Jaguars,Joe Burrow,Premier quart-temps - Total de yards à la passe du joueur Plus/Moins,31460,77054,1754749572,4571012198,Joe Burrow (CIN) moins de 59.5,Joe Burrow (CIN) moins de 59.5,1.7693,0,False
17035367,CIN Bengals vs. JAX Jaguars,Trevor Lawrence,Premier quart-temps - Total de yards à la passe du joueur Plus/Moins,31460,77054,1754756386,4571036088,Trevor Lawrence (JAX) moins de 53.5,Trevor Lawrence (JAX) moins de 53.5,1.7693,0,False
17035367,CIN Bengals vs. JAX Jaguars,Trevor Lawrence,Premier quart-temps - Total de yards à la passe du joueur Plus/Moins,31460,77054,1754756386,4571036087,Trevor Lawrence (JAX) Plus de 53.5,Trevor Lawrence (JAX) Plus de 53.5,1.8334,0,False
17035367,CIN Bengals vs. JAX Jaguars,Joe Burrow,Deuxième quart-temps - Total de yards à la passe du joueur Plus/Moins,31460,77054,1754764646,4571056592,Joe Burrow (CIN) Plus de 75.5,Joe Burrow (CIN) Plus de 75.5,1.7693,0,False
17035367,CIN Bengals vs. JAX Jaguars,Joe Burrow,Deuxième quart-temps - Total de yards à la passe du joueur Plus/Moins,31460,77054,1754764646,4571056593,Joe Burrow (CIN) moins de 75.5,Joe Burrow (CIN) moins de 75.5,1.8334,0,False
17035367,CIN Bengals vs. JAX Jaguars,Trevor Lawrence,Deuxième quart-temps - Total de yards à la passe du joueur Plus/Moins,31460,77054,1754747623,4571002778,Trevor Lawrence (JAX) Plus de 67.5,Trevor Lawrence (JAX) Plus de 67.5,1.7693,0,False
17035367,CIN Bengals vs. JAX Jaguars,Trevor Lawrence,Deuxième quart-temps - Total de yards à la passe du joueur Plus/Moins,31460,77054,1754747623,4571002779,Trevor Lawrence (JAX) moins de 67.5,Trevor Lawrence (JAX) moins de 67.5,1.8334,0,False
17035367,CIN Bengals vs. JAX Jaguars,Joe Burrow,Troisième quart-temps - Total de yards à la passe du joueur Plus/Moins,31460,77054,1754746759,4571000257,Joe Burrow (CIN) Plus de 59.5,Joe Burrow (CIN) Plus de 59.5,1.8334,0,False
17035367,CIN Bengals vs. JAX Jaguars,Joe Burrow,Troisième quart-temps - Total de yards à la passe du joueur Plus/Moins,31460,77054,1754746759,4571000258,Joe Burrow (CIN) moins de 59.5,Joe Burrow (CIN) moins de 59.5,1.7693,0,False
17035367,CIN Bengals vs. JAX Jaguars,Trevor Lawrence,Troisième quart-temps - Total de yards à la passe du joueur Plus/Moins,31460,77054,1754753970,4571030184,Trevor Lawrence (JAX) Plus de 52.5,Trevor Lawrence (JAX) Plus de 52.5,1.7693,0,False
17035367,CIN Bengals vs. JAX Jaguars,Trevor Lawrence,Troisième quart-temps - Total de yards à la passe du joueur Plus/Moins,31460,77054,1754753970,4571030185,Trevor Lawrence (JAX) moins de 52.5,Trevor Lawrence (JAX) moins de 52.5,1.8334,0,False
17035367,CIN Bengals vs. JAX Jaguars,Joe Burrow,Quatrième quart-temps - Total de yards à la passe du joueur Plus/Moins,31460,77054,1754275116,4569660426,Joe Burrow (CIN) Plus de 65.5,Joe Burrow (CIN) Plus de 65.5,1.8334,0,False
17035367,CIN Bengals vs. JAX Jaguars,Joe Burrow,Quatrième quart-temps - Total de yards à la passe du joueur Plus/Moins,31460,77054,1754275116,4569660427,Joe Burrow (CIN) moins de 65.5,Joe Burrow (CIN) moins de 65.5,1.7693,0,False
17035367,CIN Bengals vs. JAX Jaguars,Trevor Lawrence,Quatrième quart-temps - Total de yards à la passe du joueur Plus/Moins,31460,77054,1754764656,4571056612,Trevor Lawrence (JAX) Plus de 64.5,Trevor Lawrence (JAX) Plus de 64.5,1.7693,0,False
17035367,CIN Bengals vs. JAX Jaguars,Trevor Lawrence,Quatrième quart-temps - Total de yards à la passe du joueur Plus/Moins,31460,77054,1754764656,4571056613,Trevor Lawrence (JAX) moins de 64.5,Trevor Lawrence (JAX) moins de 64.5,1.8334,0,False
17035367,CIN Bengals vs. JAX Jaguars,Joe Burrow,Premier quart-temps - 	 Total de Touchdowns à la passe du joueur - Plus/Moins,31463,77057,1753231347,4566527235,Joe Burrow (CIN) Plus de 0.5,Joe Burrow (CIN) Plus de 0.5,2.35,0,False
17035367,CIN Bengals vs. JAX Jaguars,Joe Burrow,Premier quart-temps - 	 Total de Touchdowns à la passe du joueur - Plus/Moins,31463,77057,1753231347,4566527236,Joe Burrow (CIN) moins de 0.5,Joe Burrow (CIN) moins de 0.5,1.4546,0,False
17035367,CIN Bengals vs. JAX Jaguars,Trevor Lawrence,Premier quart-temps - 	 Total de Touchdowns à la passe du joueur - Plus/Moins,31463,77057,1753231868,4566528141,Trevor Lawrence (JAX) Plus de 0.5,Trevor Lawrence (JAX) Plus de 0.5,2.65,0,False
17035367,CIN Bengals vs. JAX Jaguars,Trevor Lawrence,Premier quart-temps - 	 Total de Touchdowns à la passe du joueur - Plus/Moins,31463,77057,1753231868,4566528142,Trevor Lawrence (JAX) moins de 0.5,Trevor Lawrence (JAX) moins de 0.5,1.3637,0,False
17035367,CIN Bengals vs. JAX Jaguars,Joe Burrow,Deuxième quart-temps - 	 Total de Touchdowns à la passe du joueur - Plus/Moins,31463,77057,1753231348,4566527237,Joe Burrow (CIN) Plus de 0.5,Joe Burrow (CIN) Plus de 0.5,1.8334,0,False
17035367,CIN Bengals vs. JAX Jaguars,Joe Burrow,Deuxième quart-temps - 	 Total de Touchdowns à la passe du joueur - Plus/Moins,31463,77057,1753231348,4566527238,Joe Burrow (CIN) moins de 0.5,Joe Burrow (CIN) moins de 0.5,1.7693,0,False
17035367,CIN Bengals vs. JAX Jaguars,Trevor Lawrence,Deuxième quart-temps - 	 Total de Touchdowns à la passe du joueur - Plus/Moins,31463,77057,1753231869,4566528144,Trevor Lawrence (JAX) moins de 0.5,Trevor Lawrence (JAX) moins de 0.5,1.5715,0,False
17035367,CIN Bengals vs. JAX Jaguars,Trevor Lawrence,Deuxième quart-temps - 	 Total de Touchdowns à la passe du joueur - Plus/Moins,31463,77057,1753231869,4566528143,Trevor Lawrence (JAX) Plus de 0.5,Trevor Lawrence (JAX) Plus de 0.5,2.1,0,False
17035367,CIN Bengals vs. JAX Jaguars,Joe Burrow,Troisième quart-temps - 	 Total de Touchdowns à la passe du joueur - Plus/Moins,31463,77057,1753231349,4566527240,Joe Burrow (CIN) moins de 0.5,Joe Burrow (CIN) moins de 0.5,1.4348,0,False
17035367,CIN Bengals vs. JAX Jaguars,Joe Burrow,Troisième quart-temps - 	 Total de Touchdowns à la passe du joueur - Plus/Moins,31463,77057,1753231349,4566527239,Joe Burrow (CIN) Plus de 0.5,Joe Burrow (CIN) Plus de 0.5,2.4,0,False
17035367,CIN Bengals vs. JAX Jaguars,Trevor Lawrence,Troisième quart-temps - 	 Total de Touchdowns à la passe du joueur - Plus/Moins,31463,77057,1753231870,4566528145,Trevor Lawrence (JAX) Plus de 0.5,Trevor Lawrence (JAX) Plus de 0.5,2.65,0,False
17035367,CIN Bengals vs. JAX Jaguars,Trevor Lawrence,Troisième quart-temps - 	 Total de Touchdowns à la passe du joueur - Plus/Moins,31463,77057,1753231870,4566528146,Trevor Lawrence (JAX) moins de 0.5,Trevor Lawrence (JAX) moins de 0.5,1.3637,0,False
17035367,CIN Bengals vs. JAX Jaguars,Joe Burrow,Quatrième quart-temps - 	 Total de Touchdowns à la passe du joueur - Plus/Moins,31463,77057,1753231350,4566527241,Joe Burrow (CIN) Plus de 0.5,Joe Burrow (CIN) Plus de 0.5,1.9524,0,False
17035367,CIN Bengals vs. JAX Jaguars,Joe Burrow,Quatrième quart-temps - 	 Total de Touchdowns à la passe du joueur - Plus/Moins,31463,77057,1753231350,4566527242,Joe Burrow (CIN) moins de 0.5,Joe Burrow (CIN) moins de 0.5,1.6667,0,False
17035367,CIN Bengals vs. JAX Jaguars,Trevor Lawrence,Quatrième quart-temps - 	 Total de Touchdowns à la passe du joueur - Plus/Moins,31463,77057,1753231871,4566528147,Trevor Lawrence (JAX) Plus de 0.5,Trevor Lawrence (JAX) Plus de 0.5,2.05,0,False
17035367,CIN Bengals vs. JAX Jaguars,Trevor Lawrence,Quatrième quart-temps - 	 Total de Touchdowns à la passe du joueur - Plus/Moins,31463,77057,1753231871,4566528148,Trevor Lawrence (JAX) moins de 0.5,Trevor Lawrence (JAX) moins de 0.5,1.6061,0,False
17035367,CIN Bengals vs. JAX Jaguars,Joe Burrow,Premier quart-temps - Passes réussies du joueur - Plus/Moins,31493,77087,1754276430,4569663272,Joe Burrow (CIN) Plus de 5.5,Joe Burrow (CIN) Plus de 5.5,1.9091,0,False
17035367,CIN Bengals vs. JAX Jaguars,Joe Burrow,Premier quart-temps - Passes réussies du joueur - Plus/Moins,31493,77087,1754276430,4569663273,Joe Burrow (CIN) moins de 5.5,Joe Burrow (CIN) moins de 5.5,1.7143,0,False
17035367,CIN Bengals vs. JAX Jaguars,Trevor Lawrence,Premier quart-temps - Passes réussies du joueur - Plus/Moins,31493,77087,1753231880,4566528165,Trevor Lawrence (JAX) Plus de 4.5,Trevor Lawrence (JAX) Plus de 4.5,1.7693,0,False
17035367,CIN Bengals vs. JAX Jaguars,Trevor Lawrence,Premier quart-temps - Passes réussies du joueur - Plus/Moins,31493,77087,1753231880,4566528166,Trevor Lawrence (JAX) moins de 4.5,Trevor Lawrence (JAX) moins de 4.5,1.8334,0,False
17035367,CIN Bengals vs. JAX Jaguars,Joe Burrow,Premier quart-temps - Joueur Tentative de passe - Plus/Moins,31481,77075,1753231356,4566527253,Joe Burrow (CIN) Plus de 7.5,Joe Burrow (CIN) Plus de 7.5,1.6667,0,False
17035367,CIN Bengals vs. JAX Jaguars,Joe Burrow,Premier quart-temps - Joueur Tentative de passe - Plus/Moins,31481,77075,1753231356,4566527254,Joe Burrow (CIN) moins de 7.5,Joe Burrow (CIN) moins de 7.5,1.9524,0,False
17035367,CIN Bengals vs. JAX Jaguars,Trevor Lawrence,Premier quart-temps - Joueur Tentative de passe - Plus/Moins,31481,77075,1754746771,4571000281,Trevor Lawrence (JAX) Plus de 7.5,Trevor Lawrence (JAX) Plus de 7.5,1.9524,0,False
17035367,CIN Bengals vs. JAX Jaguars,Trevor Lawrence,Premier quart-temps - Joueur Tentative de passe - Plus/Moins,31481,77075,1754746771,4571000282,Trevor Lawrence (JAX) moins de 7.5,Trevor Lawrence (JAX) moins de 7.5,1.6667,0,False
17035367,CIN Bengals vs. JAX Jaguars,Trevor Lawrence,Premier quart-temps - Interceptions du joueur Plus/Moins,31478,77072,1753231874,4566528153,Trevor Lawrence (JAX) Plus de 0.5,Trevor Lawrence (JAX) Plus de 0.5,4.75,0,False
17035367,CIN Bengals vs. JAX Jaguars,Trevor Lawrence,Premier quart-temps - Interceptions du joueur Plus/Moins,31478,77072,1753231874,4566528154,Trevor Lawrence (JAX) moins de 0.5,Trevor Lawrence (JAX) moins de 0.5,1.1112,0,False
17035367,CIN Bengals vs. JAX Jaguars,Joe Burrow,Premier quart-temps - Interceptions du joueur Plus/Moins,31478,77072,1753231353,4566527248,Joe Burrow (CIN) moins de 0.5,Joe Burrow (CIN) moins de 0.5,1.091,0,False
17035367,CIN Bengals vs. JAX Jaguars,Joe Burrow,Premier quart-temps - Interceptions du joueur Plus/Moins,31478,77072,1753231353,4566527247,Joe Burrow (CIN) Plus de 0.5,Joe Burrow (CIN) Plus de 0.5,5.25,0,False
17035367,CIN Bengals vs. JAX Jaguars,Trevor Lawrence,Joueur total nombre de tentatives de passes(Trevor Lawrence (JAX)) (prolongations incluses),2248,73698,1758065155,4582981440,40+,40+,3.6,0,False
17035367,CIN Bengals vs. JAX Jaguars,Trevor Lawrence,Joueur total nombre de tentatives de passes(Trevor Lawrence (JAX)) (prolongations incluses),2248,73698,1758065155,4582981441,42+,42+,4.75,0,False
17035367,CIN Bengals vs. JAX Jaguars,Trevor Lawrence,Joueur total nombre de tentatives de passes(Trevor Lawrence (JAX)) (prolongations incluses),2248,73698,1758065155,4582981442,44+,44+,6.75,0,False
17035367,CIN Bengals vs. JAX Jaguars,Trevor Lawrence,Joueur total nombre de tentatives de passes(Trevor Lawrence (JAX)) (prolongations incluses),2248,73698,1758065155,4582981443,46+,46+,10.0,0,False
17035367,CIN Bengals vs. JAX Jaguars,Trevor Lawrence,Joueur total nombre de tentatives de passes(Trevor Lawrence (JAX)) (prolongations incluses),2248,73698,1758065155,4582981444,32+,32+,1.5,0,False
17035367,CIN Bengals vs. JAX Jaguars,Trevor Lawrence,Joueur total nombre de tentatives de passes(Trevor Lawrence (JAX)) (prolongations incluses),2248,73698,1758065155,4582981437,34+,34+,1.8696,0,False
17035367,CIN Bengals vs. JAX Jaguars,Trevor Lawrence,Joueur total nombre de tentatives de passes(Trevor Lawrence (JAX)) (prolongations incluses),2248,73698,1758065155,4582981438,36+,36+,2.25,0,False
17035367,CIN Bengals vs. JAX Jaguars,Trevor Lawrence,Joueur total nombre de tentatives de passes(Trevor Lawrence (JAX)) (prolongations incluses),2248,73698,1758065155,4582981439,38+,38+,2.8,0,False
17035367,CIN Bengals vs. JAX Jaguars,Joe Burrow,Joueur total nombre de tentatives de passes(Joe Burrow (CIN)) (prolongations incluses),2248,73698,1758065156,4582101704,36+,36+,1.8696,0,False
17035367,CIN Bengals vs. JAX Jaguars,Joe Burrow,Joueur total nombre de tentatives de passes(Joe Burrow (CIN)) (prolongations incluses),2248,73698,1758065156,4582101705,38+,38+,2.2,0,False
17035367,CIN Bengals vs. JAX Jaguars,Joe Burrow,Joueur total nombre de tentatives de passes(Joe Burrow (CIN)) (prolongations incluses),2248,73698,1758065156,4582101706,40+,40+,2.6,0,False
17035367,CIN Bengals vs. JAX Jaguars,Joe Burrow,Joueur total nombre de tentatives de passes(Joe Burrow (CIN)) (prolongations incluses),2248,73698,1758065156,4582101707,42+,42+,3.2,0,False
17035367,CIN Bengals vs. JAX Jaguars,Joe Burrow,Joueur total nombre de tentatives de passes(Joe Burrow (CIN)) (prolongations incluses),2248,73698,1758065156,4582101708,44+,44+,4.0,0,False
17035367,CIN Bengals vs. JAX Jaguars,Joe Burrow,Joueur total nombre de tentatives de passes(Joe Burrow (CIN)) (prolongations incluses),2248,73698,1758065156,4582101709,46+,46+,5.25,0,False
17035367,CIN Bengals vs. JAX Jaguars,Joe Burrow,Joueur total nombre de tentatives de passes(Joe Burrow (CIN)) (prolongations incluses),2248,73698,1758065156,4582101710,48+,48+,7.0,0,False
17035367,CIN Bengals vs. JAX Jaguars,Joe Burrow,Joueur total nombre de tentatives de passes(Joe Burrow (CIN)) (prolongations incluses),2248,73698,1758065156,4582101711,34+,34+,1.5264,0,False
17035367,CIN Bengals vs. JAX Jaguars,Jakobi Meyers,Joueur total de réception (Jakobi Meyers (JAX)) (incl. OT),2142,72897,1755296122,4572921324,4+,4+,1.8,0,False
17035367,CIN Bengals vs. JAX Jaguars,Jakobi Meyers,Joueur total de réception (Jakobi Meyers (JAX)) (incl. OT),2142,72897,1755296122,4572921325,5+,5+,2.6,0,False
17035367,CIN Bengals vs. JAX Jaguars,Jakobi Meyers,Joueur total de réception (Jakobi Meyers (JAX)) (incl. OT),2142,72897,1755296122,4572921326,6+,6+,4.0,0,False
17035367,CIN Bengals vs. JAX Jaguars,Jakobi Meyers,Joueur total de réception (Jakobi Meyers (JAX)) (incl. OT),2142,72897,1755296122,4572921327,7+,7+,6.75,0,False
17035367,CIN Bengals vs. JAX Jaguars,Jakobi Meyers,Joueur total de réception (Jakobi Meyers (JAX)) (incl. OT),2142,72897,1755296122,4572921328,8+,8+,13.0,0,False
17035367,CIN Bengals vs. JAX Jaguars,Jakobi Meyers,Joueur total de réception (Jakobi Meyers (JAX)) (incl. OT),2142,72897,1755296122,4572921329,9+,9+,26.0,0,False
17035367,CIN Bengals vs. JAX Jaguars,Jakobi Meyers,Joueur total de réception (Jakobi Meyers (JAX)) (incl. OT),2142,72897,1755296122,4572921330,3+,3+,1.2223,0,False
17035367,CIN Bengals vs. JAX Jaguars,Mike Gesicki,Joueur total de réception (Mike Gesicki (CIN)) (incl. OT),2142,72897,1756652183,4577413344,5+,5+,3.75,0,False
17035367,CIN Bengals vs. JAX Jaguars,Mike Gesicki,Joueur total de réception (Mike Gesicki (CIN)) (incl. OT),2142,72897,1756652183,4577413345,6+,6+,6.0,0,False
17035367,CIN Bengals vs. JAX Jaguars,Mike Gesicki,Joueur total de réception (Mike Gesicki (CIN)) (incl. OT),2142,72897,1756652183,4577413346,7+,7+,11.0,0,False
17035367,CIN Bengals vs. JAX Jaguars,Mike Gesicki,Joueur total de réception (Mike Gesicki (CIN)) (incl. OT),2142,72897,1756652183,4577413347,8+,8+,20.0,0,False
17035367,CIN Bengals vs. JAX Jaguars,Mike Gesicki,Joueur total de réception (Mike Gesicki (CIN)) (incl. OT),2142,72897,1756652183,4577413348,2+,2+,1.25,0,False
17035367,CIN Bengals vs. JAX Jaguars,Mike Gesicki,Joueur total de réception (Mike Gesicki (CIN)) (incl. OT),2142,72897,1756652183,4577413342,3+,3+,1.7693,0,False
17035367,CIN Bengals vs. JAX Jaguars,Mike Gesicki,Joueur total de réception (Mike Gesicki (CIN)) (incl. OT),2142,72897,1756652183,4577413343,4+,4+,2.45,0,False
17035367,CIN Bengals vs. JAX Jaguars,Brenton Strange,Joueur total de réception (Brenton Strange (JAX)) (incl. OT),2142,72897,1758066180,4582104368,4+,4+,2.0,0,False
17035367,CIN Bengals vs. JAX Jaguars,Brenton Strange,Joueur total de réception (Brenton Strange (JAX)) (incl. OT),2142,72897,1758066180,4582104369,5+,5+,2.8,0,False
17035367,CIN Bengals vs. JAX Jaguars,Brenton Strange,Joueur total de réception (Brenton Strange (JAX)) (incl. OT),2142,72897,1758066180,4582104370,6+,6+,4.4,0,False
17035367,CIN Bengals vs. JAX Jaguars,Brenton Strange,Joueur total de réception (Brenton Strange (JAX)) (incl. OT),2142,72897,1758066180,4582104371,7+,7+,7.5,0,False
17035367,CIN Bengals vs. JAX Jaguars,Brenton Strange,Joueur total de réception (Brenton Strange (JAX)) (incl. OT),2142,72897,1758066180,4582104372,8+,8+,14.0,0,False
17035367,CIN Bengals vs. JAX Jaguars,Brenton Strange,Joueur total de réception (Brenton Strange (JAX)) (incl. OT),2142,72897,1758066180,4582104373,9+,9+,26.0,0,False
17035367,CIN Bengals vs. JAX Jaguars,Brenton Strange,Joueur total de réception (Brenton Strange (JAX)) (incl. OT),2142,72897,1758066180,4582104374,3+,3+,1.2858,0,False
17035367,CIN Bengals vs. JAX Jaguars,Tee Higgins,Joueur total de réception (Tee Higgins (CIN)) (incl. OT),2142,72897,1755296123,4572921331,5+,5+,1.9091,0,False
17035367,CIN Bengals vs. JAX Jaguars,Tee Higgins,Joueur total de réception (Tee Higgins (CIN)) (incl. OT),2142,72897,1755296123,4572921332,6+,6+,2.65,0,False
17035367,CIN Bengals vs. JAX Jaguars,Tee Higgins,Joueur total de réception (Tee Higgins (CIN)) (incl. OT),2142,72897,1755296123,4572921333,7+,7+,4.0,0,False
17035367,CIN Bengals vs. JAX Jaguars,Tee Higgins,Joueur total de réception (Tee Higgins (CIN)) (incl. OT),2142,72897,1755296123,4572921334,8+,8+,6.5,0,False
17035367,CIN Bengals vs. JAX Jaguars,Tee Higgins,Joueur total de réception (Tee Higgins (CIN)) (incl. OT),2142,72897,1755296123,4572921335,9+,9+,11.0,0,False
17035367,CIN Bengals vs. JAX Jaguars,Tee Higgins,Joueur total de réception (Tee Higgins (CIN)) (incl. OT),2142,72897,1755296123,4572921336,10+,10+,21.0,0,False
17035367,CIN Bengals vs. JAX Jaguars,Tee Higgins,Joueur total de réception (Tee Higgins (CIN)) (incl. OT),2142,72897,1755296123,4572921337,4+,4+,1.3077,0,False
17035367,CIN Bengals vs. JAX Jaguars,Chase Brown,Joueur total de réception (Chase Brown (CIN)) (incl. OT),2142,72897,1756652184,4577413349,4+,4+,2.15,0,False
17035367,CIN Bengals vs. JAX Jaguars,Chase Brown,Joueur total de réception (Chase Brown (CIN)) (incl. OT),2142,72897,1756652184,4577413350,5+,5+,3.0,0,False
17035367,CIN Bengals vs. JAX Jaguars,Chase Brown,Joueur total de réception (Chase Brown (CIN)) (incl. OT),2142,72897,1756652184,4577413351,6+,6+,4.75,0,False
17035367,CIN Bengals vs. JAX Jaguars,Chase Brown,Joueur total de réception (Chase Brown (CIN)) (incl. OT),2142,72897,1756652184,4577413352,7+,7+,8.0,0,False
17035367,CIN Bengals vs. JAX Jaguars,Chase Brown,Joueur total de réception (Chase Brown (CIN)) (incl. OT),2142,72897,1756652184,4577413353,8+,8+,15.0,0,False
17035367,CIN Bengals vs. JAX Jaguars,Chase Brown,Joueur total de réception (Chase Brown (CIN)) (incl. OT),2142,72897,1756652184,4577413354,9+,9+,26.0,0,False
17035367,CIN Bengals vs. JAX Jaguars,Chase Brown,Joueur total de réception (Chase Brown (CIN)) (incl. OT),2142,72897,1756652184,4577413355,3+,3+,1.3637,0,False
17035367,CIN Bengals vs. JAX Jaguars,Brian Thomas,Joueur total de réception (Brian Thomas (JAX)) (incl. OT),2142,72897,1758066179,4582104808,8+,8+,26.0,0,False
17035367,CIN Bengals vs. JAX Jaguars,Brian Thomas,Joueur total de réception (Brian Thomas (JAX)) (incl. OT),2142,72897,1758066179,4582104362,3+,3+,2.2,0,False
17035367,CIN Bengals vs. JAX Jaguars,Brian Thomas,Joueur total de réception (Brian Thomas (JAX)) (incl. OT),2142,72897,1758066179,4582104363,4+,4+,3.0,0,False
17035367,CIN Bengals vs. JAX Jaguars,Brian Thomas,Joueur total de réception (Brian Thomas (JAX)) (incl. OT),2142,72897,1758066179,4582104364,5+,5+,4.75,0,False
17035367,CIN Bengals vs. JAX Jaguars,Brian Thomas,Joueur total de réception (Brian Thomas (JAX)) (incl. OT),2142,72897,1758066179,4582104365,6+,6+,7.75,0,False
17035367,CIN Bengals vs. JAX Jaguars,Brian Thomas,Joueur total de réception (Brian Thomas (JAX)) (incl. OT),2142,72897,1758066179,4582104366,7+,7+,14.0,0,False
17035367,CIN Bengals vs. JAX Jaguars,Brian Thomas,Joueur total de réception (Brian Thomas (JAX)) (incl. OT),2142,72897,1758066179,4582104367,2+,2+,1.3637,0,False
17035367,CIN Bengals vs. JAX Jaguars,Parker Washington,Joueur total de réception (Parker Washington (JAX)) (incl. OT),2142,72897,1755296370,4572921942,6+,6+,2.15,0,False
17035367,CIN Bengals vs. JAX Jaguars,Parker Washington,Joueur total de réception (Parker Washington (JAX)) (incl. OT),2142,72897,1755296370,4572921943,7+,7+,3.0,0,False
17035367,CIN Bengals vs. JAX Jaguars,Parker Washington,Joueur total de réception (Parker Washington (JAX)) (incl. OT),2142,72897,1755296370,4572921944,8+,8+,4.5,0,False
17035367,CIN Bengals vs. JAX Jaguars,Parker Washington,Joueur total de réception (Parker Washington (JAX)) (incl. OT),2142,72897,1755296370,4572921945,9+,9+,7.75,0,False
17035367,CIN Bengals vs. JAX Jaguars,Parker Washington,Joueur total de réception (Parker Washington (JAX)) (incl. OT),2142,72897,1755296370,4572921946,10+,10+,14.0,0,False
17035367,CIN Bengals vs. JAX Jaguars,Parker Washington,Joueur total de réception (Parker Washington (JAX)) (incl. OT),2142,72897,1755296370,4572921947,11+,11+,26.0,0,False
17035367,CIN Bengals vs. JAX Jaguars,Parker Washington,Joueur total de réception (Parker Washington (JAX)) (incl. OT),2142,72897,1755296370,4572921948,5+,5+,1.4445,0,False
17035367,CIN Bengals vs. JAX Jaguars,Dohnte Meyers,Joueur total de réception (Dohnte Meyers (CIN)) (incl. OT),2142,72897,1756652185,4577413356,3+,3+,2.5,0,False
17035367,CIN Bengals vs. JAX Jaguars,Dohnte Meyers,Joueur total de réception (Dohnte Meyers (CIN)) (incl. OT),2142,72897,1756652185,4577413357,4+,4+,3.6,0,False
17035367,CIN Bengals vs. JAX Jaguars,Dohnte Meyers,Joueur total de réception (Dohnte Meyers (CIN)) (incl. OT),2142,72897,1756652185,4577413358,5+,5+,6.25,0,False
17035367,CIN Bengals vs. JAX Jaguars,Dohnte Meyers,Joueur total de réception (Dohnte Meyers (CIN)) (incl. OT),2142,72897,1756652185,4577413359,6+,6+,12.0,0,False
17035367,CIN Bengals vs. JAX Jaguars,Dohnte Meyers,Joueur total de réception (Dohnte Meyers (CIN)) (incl. OT),2142,72897,1756652185,4577413360,7+,7+,26.0,0,False
17035367,CIN Bengals vs. JAX Jaguars,Dohnte Meyers,Joueur total de réception (Dohnte Meyers (CIN)) (incl. OT),2142,72897,1756652185,4577413361,2+,2+,1.5,0,False
17035367,CIN Bengals vs. JAX Jaguars,Ja'Marr Chase,Joueur total de réception (Ja'Marr Chase (CIN)) (incl. OT),2142,72897,1755296118,4586404389,13+,13+,7.75,0,False
17035367,CIN Bengals vs. JAX Jaguars,Ja'Marr Chase,Joueur total de réception (Ja'Marr Chase (CIN)) (incl. OT),2142,72897,1755296118,4572921286,7+,7+,1.6897,0,False
17035367,CIN Bengals vs. JAX Jaguars,Ja'Marr Chase,Joueur total de réception (Ja'Marr Chase (CIN)) (incl. OT),2142,72897,1755296118,4572921287,8+,8+,2.15,0,False
17035367,CIN Bengals vs. JAX Jaguars,Ja'Marr Chase,Joueur total de réception (Ja'Marr Chase (CIN)) (incl. OT),2142,72897,1755296118,4572921288,9+,9+,2.55,0,False
17035367,CIN Bengals vs. JAX Jaguars,Ja'Marr Chase,Joueur total de réception (Ja'Marr Chase (CIN)) (incl. OT),2142,72897,1755296118,4572921289,10+,10+,3.2,0,False
17035367,CIN Bengals vs. JAX Jaguars,Ja'Marr Chase,Joueur total de réception (Ja'Marr Chase (CIN)) (incl. OT),2142,72897,1755296118,4572921290,11+,11+,4.25,0,False
17035367,CIN Bengals vs. JAX Jaguars,Ja'Marr Chase,Joueur total de réception (Ja'Marr Chase (CIN)) (incl. OT),2142,72897,1755296118,4572921291,12+,12+,5.75,0,False
17035367,CIN Bengals vs. JAX Jaguars,Bhayshul Tuten,Joueur total de réception (Bhayshul Tuten (JAX)) (incl. OT),2142,72897,1758066181,4582104596,7+,7+,31.0,0,False
17035367,CIN Bengals vs. JAX Jaguars,Bhayshul Tuten,Joueur total de réception (Bhayshul Tuten (JAX)) (incl. OT),2142,72897,1758066181,4582104375,2+,2+,1.6897,0,False
17035367,CIN Bengals vs. JAX Jaguars,Bhayshul Tuten,Joueur total de réception (Bhayshul Tuten (JAX)) (incl. OT),2142,72897,1758066181,4582104376,3+,3+,2.5,0,False
17035367,CIN Bengals vs. JAX Jaguars,Bhayshul Tuten,Joueur total de réception (Bhayshul Tuten (JAX)) (incl. OT),2142,72897,1758066181,4582104377,4+,4+,4.0,0,False
17035367,CIN Bengals vs. JAX Jaguars,Bhayshul Tuten,Joueur total de réception (Bhayshul Tuten (JAX)) (incl. OT),2142,72897,1758066181,4582104378,5+,5+,7.5,0,False
17035367,CIN Bengals vs. JAX Jaguars,Bhayshul Tuten,Joueur total de réception (Bhayshul Tuten (JAX)) (incl. OT),2142,72897,1758066181,4582104379,6+,6+,16.0,0,False
17035367,CIN Bengals vs. JAX Jaguars,Samaje Perine,Joueur total de réception (Samaje Perine (CIN)) (incl. OT),2142,72897,1758066274,4582104597,2+,2+,1.9524,0,False
17035367,CIN Bengals vs. JAX Jaguars,Samaje Perine,Joueur total de réception (Samaje Perine (CIN)) (incl. OT),2142,72897,1758066274,4582104598,3+,3+,3.1,0,False
17035367,CIN Bengals vs. JAX Jaguars,Samaje Perine,Joueur total de réception (Samaje Perine (CIN)) (incl. OT),2142,72897,1758066274,4582104599,4+,4+,5.5,0,False
17035367,CIN Bengals vs. JAX Jaguars,Samaje Perine,Joueur total de réception (Samaje Perine (CIN)) (incl. OT),2142,72897,1758066274,4582104600,5+,5+,12.0,0,False
17035367,CIN Bengals vs. JAX Jaguars,Samaje Perine,Joueur total de réception (Samaje Perine (CIN)) (incl. OT),2142,72897,1758066274,4582104601,6+,6+,26.0,0,False
17035367,CIN Bengals vs. JAX Jaguars,Drew Sample,Joueur total de réception (Drew Sample (CIN)) (incl. OT),2142,72897,1758066178,4582104357,2+,2+,2.3,0,False
17035367,CIN Bengals vs. JAX Jaguars,Drew Sample,Joueur total de réception (Drew Sample (CIN)) (incl. OT),2142,72897,1758066178,4582104358,3+,3+,3.6,0,False
17035367,CIN Bengals vs. JAX Jaguars,Drew Sample,Joueur total de réception (Drew Sample (CIN)) (incl. OT),2142,72897,1758066178,4582104359,4+,4+,6.75,0,False
17035367,CIN Bengals vs. JAX Jaguars,Drew Sample,Joueur total de réception (Drew Sample (CIN)) (incl. OT),2142,72897,1758066178,4582104360,5+,5+,14.0,0,False
17035367,CIN Bengals vs. JAX Jaguars,Drew Sample,Joueur total de réception (Drew Sample (CIN)) (incl. OT),2142,72897,1758066178,4582104361,6+,6+,31.0,0,False
17035367,CIN Bengals vs. JAX Jaguars,Josh Cameron,Joueur total de réception (Josh Cameron (JAX)) (incl. OT),2142,72897,1758547625,4583378789,2+,2+,2.6,0,False
17035367,CIN Bengals vs. JAX Jaguars,Josh Cameron,Joueur total de réception (Josh Cameron (JAX)) (incl. OT),2142,72897,1758547625,4583378790,3+,3+,3.85,0,False
17035367,CIN Bengals vs. JAX Jaguars,Josh Cameron,Joueur total de réception (Josh Cameron (JAX)) (incl. OT),2142,72897,1758547625,4583378791,4+,4+,7.0,0,False
17035367,CIN Bengals vs. JAX Jaguars,Josh Cameron,Joueur total de réception (Josh Cameron (JAX)) (incl. OT),2142,72897,1758547625,4583378792,5+,5+,14.0,0,False
17035367,CIN Bengals vs. JAX Jaguars,Josh Cameron,Joueur total de réception (Josh Cameron (JAX)) (incl. OT),2142,72897,1758547625,4583378793,6+,6+,31.0,0,False
17035367,CIN Bengals vs. JAX Jaguars,Bhayshul Tuten,Joueur total de courses (Bhayshul Tuten (JAX)) (prolongations incluses),2133,72890,1755296369,4572921931,13+,13+,1.7408,0,False
17035367,CIN Bengals vs. JAX Jaguars,Bhayshul Tuten,Joueur total de courses (Bhayshul Tuten (JAX)) (prolongations incluses),2133,72890,1755296369,4572921932,14+,14+,2.0,0,False
17035367,CIN Bengals vs. JAX Jaguars,Bhayshul Tuten,Joueur total de courses (Bhayshul Tuten (JAX)) (prolongations incluses),2133,72890,1755296369,4572921933,15+,15+,2.25,0,False
17035367,CIN Bengals vs. JAX Jaguars,Bhayshul Tuten,Joueur total de courses (Bhayshul Tuten (JAX)) (prolongations incluses),2133,72890,1755296369,4572921934,16+,16+,2.6,0,False
17035367,CIN Bengals vs. JAX Jaguars,Bhayshul Tuten,Joueur total de courses (Bhayshul Tuten (JAX)) (prolongations incluses),2133,72890,1755296369,4572921935,17+,17+,3.0,0,False
17035367,CIN Bengals vs. JAX Jaguars,Bhayshul Tuten,Joueur total de courses (Bhayshul Tuten (JAX)) (prolongations incluses),2133,72890,1755296369,4572921936,18+,18+,3.6,0,False
17035367,CIN Bengals vs. JAX Jaguars,Bhayshul Tuten,Joueur total de courses (Bhayshul Tuten (JAX)) (prolongations incluses),2133,72890,1755296369,4572921937,19+,19+,4.3,0,False
17035367,CIN Bengals vs. JAX Jaguars,Bhayshul Tuten,Joueur total de courses (Bhayshul Tuten (JAX)) (prolongations incluses),2133,72890,1755296369,4572921938,20+,20+,5.25,0,False
17035367,CIN Bengals vs. JAX Jaguars,Bhayshul Tuten,Joueur total de courses (Bhayshul Tuten (JAX)) (prolongations incluses),2133,72890,1755296369,4572921939,21+,21+,6.5,0,False
17035367,CIN Bengals vs. JAX Jaguars,Bhayshul Tuten,Joueur total de courses (Bhayshul Tuten (JAX)) (prolongations incluses),2133,72890,1755296369,4572921940,12+,12+,1.4762,0,False
17035367,CIN Bengals vs. JAX Jaguars,Bhayshul Tuten,Joueur total de courses (Bhayshul Tuten (JAX)) (prolongations incluses),2133,72890,1755296369,4572921941,11+,11+,1.3077,0,False
17035367,CIN Bengals vs. JAX Jaguars,Chase Brown,Joueur total de courses (Chase Brown (CIN)) (prolongations incluses),2133,72890,1755296374,4588797859,14+,14+,1.3847,0,False
17035367,CIN Bengals vs. JAX Jaguars,Chase Brown,Joueur total de courses (Chase Brown (CIN)) (prolongations incluses),2133,72890,1755296374,4572921988,18+,18+,2.4,0,False
17035367,CIN Bengals vs. JAX Jaguars,Chase Brown,Joueur total de courses (Chase Brown (CIN)) (prolongations incluses),2133,72890,1755296374,4572921987,17+,17+,2.1,0,False
17035367,CIN Bengals vs. JAX Jaguars,Chase Brown,Joueur total de courses (Chase Brown (CIN)) (prolongations incluses),2133,72890,1755296374,4572921989,19+,19+,2.8,0,False
17035367,CIN Bengals vs. JAX Jaguars,Chase Brown,Joueur total de courses (Chase Brown (CIN)) (prolongations incluses),2133,72890,1755296374,4572921990,20+,20+,3.3,0,False
17035367,CIN Bengals vs. JAX Jaguars,Chase Brown,Joueur total de courses (Chase Brown (CIN)) (prolongations incluses),2133,72890,1755296374,4572921991,21+,21+,3.85,0,False
17035367,CIN Bengals vs. JAX Jaguars,Chase Brown,Joueur total de courses (Chase Brown (CIN)) (prolongations incluses),2133,72890,1755296374,4572921992,22+,22+,4.75,0,False
17035367,CIN Bengals vs. JAX Jaguars,Chase Brown,Joueur total de courses (Chase Brown (CIN)) (prolongations incluses),2133,72890,1755296374,4572921993,23+,23+,5.75,0,False
17035367,CIN Bengals vs. JAX Jaguars,Chase Brown,Joueur total de courses (Chase Brown (CIN)) (prolongations incluses),2133,72890,1755296374,4572921994,24+,24+,7.25,0,False
17035367,CIN Bengals vs. JAX Jaguars,Chase Brown,Joueur total de courses (Chase Brown (CIN)) (prolongations incluses),2133,72890,1755296374,4572921996,16+,16+,1.8696,0,False
17035367,CIN Bengals vs. JAX Jaguars,Chase Brown,Joueur total de courses (Chase Brown (CIN)) (prolongations incluses),2133,72890,1755296374,4572921997,15+,15+,1.5883,0,False
17035367,CIN Bengals vs. JAX Jaguars,Josh Hines-Allen,Player total sacks (Josh Hines-Allen (JAX)) (incl. OT),2250,73700,1761590833,4592707085,1+,1+,2.15,0,False
17035367,CIN Bengals vs. JAX Jaguars,Josh Hines-Allen,Player total sacks (Josh Hines-Allen (JAX)) (incl. OT),2250,73700,1761590833,4592707086,2+,2+,7.0,0,False
17035367,CIN Bengals vs. JAX Jaguars,Dexter Lawrence II,Player total sacks (Dexter Lawrence II (CIN)) (incl. OT),2250,73700,1761592966,4592711809,1+,1+,3.15,0,False
17035367,CIN Bengals vs. JAX Jaguars,Dexter Lawrence II,Player total sacks (Dexter Lawrence II (CIN)) (incl. OT),2250,73700,1761592966,4592711810,2+,2+,10.0,0,False
17035367,CIN Bengals vs. JAX Jaguars,Boye Mafe,Player total sacks (Boye Mafe (CIN)) (incl. OT),2250,73700,1761593928,4592713854,1+,1+,3.5,0,False
17035367,CIN Bengals vs. JAX Jaguars,Boye Mafe,Player total sacks (Boye Mafe (CIN)) (incl. OT),2250,73700,1761593928,4592713855,2+,2+,10.0,0,False
17035367,CIN Bengals vs. JAX Jaguars,Jonathan Allen,Player total sacks (Jonathan Allen (CIN)) (incl. OT),2250,73700,1761592387,4592710620,1+,1+,3.75,0,False
17035367,CIN Bengals vs. JAX Jaguars,Jonathan Allen,Player total sacks (Jonathan Allen (CIN)) (incl. OT),2250,73700,1761592387,4592710621,2+,2+,10.0,0,False
17035367,CIN Bengals vs. JAX Jaguars,Myles Murphy,Player total sacks (Myles Murphy (CIN)) (incl. OT),2250,73700,1761594605,4592715421,1+,1+,4.0,0,False
17035367,CIN Bengals vs. JAX Jaguars,Myles Murphy,Player total sacks (Myles Murphy (CIN)) (incl. OT),2250,73700,1761594605,4592715422,2+,2+,10.0,0,False
17035367,CIN Bengals vs. JAX Jaguars,Cedric Johnson,Player total sacks (Cedric Johnson (CIN)) (incl. OT),2250,73700,1761594932,4592716141,1+,1+,4.25,0,False
17035367,CIN Bengals vs. JAX Jaguars,Cedric Johnson,Player total sacks (Cedric Johnson (CIN)) (incl. OT),2250,73700,1761594932,4592716142,2+,2+,10.0,0,False
17035367,CIN Bengals vs. JAX Jaguars,Arik Armstead,Player total sacks (Arik Armstead (JAX)) (incl. OT),2250,73700,1761803145,4593281768,1+,1+,5.0,0,False
17035367,CIN Bengals vs. JAX Jaguars,Arik Armstead,Player total sacks (Arik Armstead (JAX)) (incl. OT),2250,73700,1761803145,4593281769,2+,2+,10.0,0,False
17035367,CIN Bengals vs. JAX Jaguars,Ruke Orhorhoro,Player total sacks (Ruke Orhorhoro (JAX)) (incl. OT),2250,73700,1761590981,4592707371,1+,1+,5.0,0,False
17035367,CIN Bengals vs. JAX Jaguars,Ruke Orhorhoro,Player total sacks (Ruke Orhorhoro (JAX)) (incl. OT),2250,73700,1761590981,4592707372,2+,2+,10.0,0,False
17035367,CIN Bengals vs. JAX Jaguars,Cashius Howell,Player total sacks (Cashius Howell (CIN)) (incl. OT),2250,73700,1761803225,4593281934,1+,1+,5.75,0,False
17035367,CIN Bengals vs. JAX Jaguars,Cashius Howell,Player total sacks (Cashius Howell (CIN)) (incl. OT),2250,73700,1761803225,4593281935,2+,2+,10.0,0,False
17035367,CIN Bengals vs. JAX Jaguars,Antonio Johnson,Total de plaqués du joueur au moins (prolongations incluses) (Antonio Johnson (JAX)),2131,73697,1761326722,4592065429,5+,5+,1.6667,0,False
17035367,CIN Bengals vs. JAX Jaguars,Antonio Johnson,Total de plaqués du joueur au moins (prolongations incluses) (Antonio Johnson (JAX)),2131,73697,1761326722,4592065430,6+,6+,2.15,0,False
17035367,CIN Bengals vs. JAX Jaguars,Antonio Johnson,Total de plaqués du joueur au moins (prolongations incluses) (Antonio Johnson (JAX)),2131,73697,1761326722,4592065431,7+,7+,2.85,0,False
17035367,CIN Bengals vs. JAX Jaguars,Antonio Johnson,Total de plaqués du joueur au moins (prolongations incluses) (Antonio Johnson (JAX)),2131,73697,1761326722,4592065432,8+,8+,4.0,0,False
17035367,CIN Bengals vs. JAX Jaguars,Antonio Johnson,Total de plaqués du joueur au moins (prolongations incluses) (Antonio Johnson (JAX)),2131,73697,1761326722,4592065433,9+,9+,6.0,0,False
17035367,CIN Bengals vs. JAX Jaguars,Antonio Johnson,Total de plaqués du joueur au moins (prolongations incluses) (Antonio Johnson (JAX)),2131,73697,1761326722,4592065434,4+,4+,1.2858,0,False
17035367,CIN Bengals vs. JAX Jaguars,Foyesade Oluokun,Total de plaqués du joueur au moins (prolongations incluses) (Foyesade Oluokun (JAX)),2131,73697,1761326723,4592065440,8+,8+,1.6667,0,False
17035367,CIN Bengals vs. JAX Jaguars,Foyesade Oluokun,Total de plaqués du joueur au moins (prolongations incluses) (Foyesade Oluokun (JAX)),2131,73697,1761326723,4593070477,7+,7+,1.3077,0,False
17035367,CIN Bengals vs. JAX Jaguars,Foyesade Oluokun,Total de plaqués du joueur au moins (prolongations incluses) (Foyesade Oluokun (JAX)),2131,73697,1761326723,4592065435,9+,9+,2.1,0,False
17035367,CIN Bengals vs. JAX Jaguars,Foyesade Oluokun,Total de plaqués du joueur au moins (prolongations incluses) (Foyesade Oluokun (JAX)),2131,73697,1761326723,4592065436,10+,10+,2.75,0,False
17035367,CIN Bengals vs. JAX Jaguars,Foyesade Oluokun,Total de plaqués du joueur au moins (prolongations incluses) (Foyesade Oluokun (JAX)),2131,73697,1761326723,4592065437,11+,11+,3.75,0,False
17035367,CIN Bengals vs. JAX Jaguars,Foyesade Oluokun,Total de plaqués du joueur au moins (prolongations incluses) (Foyesade Oluokun (JAX)),2131,73697,1761326723,4592065438,12+,12+,5.25,0,False
17035367,CIN Bengals vs. JAX Jaguars,Daxton Hill,Total de plaqués du joueur au moins (prolongations incluses) (Daxton Hill (CIN)),2131,73697,1761586576,4592697551,6+,6+,1.8,0,False
17035367,CIN Bengals vs. JAX Jaguars,Daxton Hill,Total de plaqués du joueur au moins (prolongations incluses) (Daxton Hill (CIN)),2131,73697,1761586576,4592697552,7+,7+,2.35,0,False
17035367,CIN Bengals vs. JAX Jaguars,Daxton Hill,Total de plaqués du joueur au moins (prolongations incluses) (Daxton Hill (CIN)),2131,73697,1761586576,4592697553,8+,8+,3.2,0,False
17035367,CIN Bengals vs. JAX Jaguars,Daxton Hill,Total de plaqués du joueur au moins (prolongations incluses) (Daxton Hill (CIN)),2131,73697,1761586576,4592697554,9+,9+,4.5,0,False
17035367,CIN Bengals vs. JAX Jaguars,Daxton Hill,Total de plaqués du joueur au moins (prolongations incluses) (Daxton Hill (CIN)),2131,73697,1761586576,4592697555,10+,10+,6.75,0,False
17035367,CIN Bengals vs. JAX Jaguars,Daxton Hill,Total de plaqués du joueur au moins (prolongations incluses) (Daxton Hill (CIN)),2131,73697,1761586576,4592697556,5+,5+,1.3847,0,False
17035367,CIN Bengals vs. JAX Jaguars,Ventrell Miller,Total de plaqués du joueur au moins (prolongations incluses) (Ventrell Miller (JAX)),2131,73697,1761586821,4592698123,8+,8+,1.8,0,False
17035367,CIN Bengals vs. JAX Jaguars,Ventrell Miller,Total de plaqués du joueur au moins (prolongations incluses) (Ventrell Miller (JAX)),2131,73697,1761586821,4592698124,9+,9+,2.25,0,False
17035367,CIN Bengals vs. JAX Jaguars,Ventrell Miller,Total de plaqués du joueur au moins (prolongations incluses) (Ventrell Miller (JAX)),2131,73697,1761586821,4592698125,10+,10+,2.95,0,False
17035367,CIN Bengals vs. JAX Jaguars,Ventrell Miller,Total de plaqués du joueur au moins (prolongations incluses) (Ventrell Miller (JAX)),2131,73697,1761586821,4592698126,11+,11+,4.0,0,False
17035367,CIN Bengals vs. JAX Jaguars,Ventrell Miller,Total de plaqués du joueur au moins (prolongations incluses) (Ventrell Miller (JAX)),2131,73697,1761586821,4592698127,12+,12+,5.5,0,False
17035367,CIN Bengals vs. JAX Jaguars,Ventrell Miller,Total de plaqués du joueur au moins (prolongations incluses) (Ventrell Miller (JAX)),2131,73697,1761586821,4592698128,7+,7+,1.4167,0,False
17035367,CIN Bengals vs. JAX Jaguars,Demetrius Knight Jr.,Total de plaqués du joueur au moins (prolongations incluses) (Demetrius Knight Jr. (CIN)),2131,73697,1761586819,4592698112,10+,10+,2.35,0,False
17035367,CIN Bengals vs. JAX Jaguars,Demetrius Knight Jr.,Total de plaqués du joueur au moins (prolongations incluses) (Demetrius Knight Jr. (CIN)),2131,73697,1761586819,4592698113,11+,11+,3.1,0,False
17035367,CIN Bengals vs. JAX Jaguars,Demetrius Knight Jr.,Total de plaqués du joueur au moins (prolongations incluses) (Demetrius Knight Jr. (CIN)),2131,73697,1761586819,4592698114,12+,12+,4.4,0,False
17035367,CIN Bengals vs. JAX Jaguars,Demetrius Knight Jr.,Total de plaqués du joueur au moins (prolongations incluses) (Demetrius Knight Jr. (CIN)),2131,73697,1761586819,4592698115,13+,13+,6.5,0,False
17035367,CIN Bengals vs. JAX Jaguars,Demetrius Knight Jr.,Total de plaqués du joueur au moins (prolongations incluses) (Demetrius Knight Jr. (CIN)),2131,73697,1761586819,4592698116,8+,8+,1.4348,0,False
17035367,CIN Bengals vs. JAX Jaguars,Demetrius Knight Jr.,Total de plaqués du joueur au moins (prolongations incluses) (Demetrius Knight Jr. (CIN)),2131,73697,1761586819,4592698111,9+,9+,1.8696,0,False
17035367,CIN Bengals vs. JAX Jaguars,Barrett Carter,Total de plaqués du joueur au moins (prolongations incluses) (Barrett Carter (CIN)),2131,73697,1761586820,4592698117,7+,7+,1.8334,0,False
17035367,CIN Bengals vs. JAX Jaguars,Barrett Carter,Total de plaqués du joueur au moins (prolongations incluses) (Barrett Carter (CIN)),2131,73697,1761586820,4592698118,8+,8+,2.25,0,False
17035367,CIN Bengals vs. JAX Jaguars,Barrett Carter,Total de plaqués du joueur au moins (prolongations incluses) (Barrett Carter (CIN)),2131,73697,1761586820,4592698119,9+,9+,2.85,0,False
17035367,CIN Bengals vs. JAX Jaguars,Barrett Carter,Total de plaqués du joueur au moins (prolongations incluses) (Barrett Carter (CIN)),2131,73697,1761586820,4592698120,10+,10+,3.75,0,False
17035367,CIN Bengals vs. JAX Jaguars,Barrett Carter,Total de plaqués du joueur au moins (prolongations incluses) (Barrett Carter (CIN)),2131,73697,1761586820,4592698121,11+,11+,5.0,0,False
17035367,CIN Bengals vs. JAX Jaguars,Barrett Carter,Total de plaqués du joueur au moins (prolongations incluses) (Barrett Carter (CIN)),2131,73697,1761586820,4592698122,6+,6+,1.4546,0,False
17035367,CIN Bengals vs. JAX Jaguars,Eric Murray,Total de plaqués du joueur au moins (prolongations incluses) (Eric Murray (JAX)),2131,73697,1761326721,4592065423,5+,5+,2.0,0,False
17035367,CIN Bengals vs. JAX Jaguars,Eric Murray,Total de plaqués du joueur au moins (prolongations incluses) (Eric Murray (JAX)),2131,73697,1761326721,4592065424,6+,6+,2.55,0,False
17035367,CIN Bengals vs. JAX Jaguars,Eric Murray,Total de plaqués du joueur au moins (prolongations incluses) (Eric Murray (JAX)),2131,73697,1761326721,4592065425,7+,7+,3.5,0,False
17035367,CIN Bengals vs. JAX Jaguars,Eric Murray,Total de plaqués du joueur au moins (prolongations incluses) (Eric Murray (JAX)),2131,73697,1761326721,4592065426,8+,8+,5.0,0,False
17035367,CIN Bengals vs. JAX Jaguars,Eric Murray,Total de plaqués du joueur au moins (prolongations incluses) (Eric Murray (JAX)),2131,73697,1761326721,4592065427,9+,9+,7.75,0,False
17035367,CIN Bengals vs. JAX Jaguars,Eric Murray,Total de plaqués du joueur au moins (prolongations incluses) (Eric Murray (JAX)),2131,73697,1761326721,4592065428,4+,4+,1.4762,0,False
17035367,CIN Bengals vs. JAX Jaguars,Jordan Battle,Player total interceptions (Jordan Battle (CIN)) (incl. OT),2251,73701,1761587214,4592699028,1+,1+,7.25,0,False
17035367,CIN Bengals vs. JAX Jaguars,Jordan Battle,Player total interceptions (Jordan Battle (CIN)) (incl. OT),2251,73701,1761587214,4592699029,2+,2+,20.0,0,False
17035367,CIN Bengals vs. JAX Jaguars,Antonio Johnson,Player total interceptions (Antonio Johnson (JAX)) (incl. OT),2251,73701,1761587212,4592699024,1+,1+,7.75,0,False
17035367,CIN Bengals vs. JAX Jaguars,Antonio Johnson,Player total interceptions (Antonio Johnson (JAX)) (incl. OT),2251,73701,1761587212,4592699025,2+,2+,20.0,0,False
17035367,CIN Bengals vs. JAX Jaguars,Bryan Cook,Player total interceptions (Bryan Cook (CIN)) (incl. OT),2251,73701,1761587215,4592699030,1+,1+,9.0,0,False
17035367,CIN Bengals vs. JAX Jaguars,Bryan Cook,Player total interceptions (Bryan Cook (CIN)) (incl. OT),2251,73701,1761587215,4592699031,2+,2+,20.0,0,False
17035367,CIN Bengals vs. JAX Jaguars,Daxton Hill,Player total interceptions (Daxton Hill (CIN)) (incl. OT),2251,73701,1761587211,4592699022,1+,1+,10.0,0,False
17035367,CIN Bengals vs. JAX Jaguars,Daxton Hill,Player total interceptions (Daxton Hill (CIN)) (incl. OT),2251,73701,1761587211,4592699023,2+,2+,20.0,0,False
17035367,CIN Bengals vs. JAX Jaguars,DJ Turner,Player total interceptions (DJ Turner (CIN)) (incl. OT),2251,73701,1761587213,4592699026,1+,1+,10.0,0,False
17035367,CIN Bengals vs. JAX Jaguars,DJ Turner,Player total interceptions (DJ Turner (CIN)) (incl. OT),2251,73701,1761587213,4592699027,2+,2+,20.0,0,False
17035367,CIN Bengals vs. JAX Jaguars,Jarrian Jones,Player total interceptions (Jarrian Jones (JAX)) (incl. OT),2251,73701,1761802780,4593280947,1+,1+,10.0,0,False
17035367,CIN Bengals vs. JAX Jaguars,Jarrian Jones,Player total interceptions (Jarrian Jones (JAX)) (incl. OT),2251,73701,1761802780,4593280948,2+,2+,20.0,0,False
17035367,CIN Bengals vs. JAX Jaguars,Montaric Brown,Player total interceptions (Montaric Brown (JAX)) (incl. OT),2251,73701,1761802782,4593280952,2+,2+,20.0,0,False
17035367,CIN Bengals vs. JAX Jaguars,Montaric Brown,Player total interceptions (Montaric Brown (JAX)) (incl. OT),2251,73701,1761802782,4593280951,1+,1+,11.0,0,False
17035367,CIN Bengals vs. JAX Jaguars,Eric Murray,Player total interceptions (Eric Murray (JAX)) (incl. OT),2251,73701,1761587020,4592698587,1+,1+,11.0,0,False
17035367,CIN Bengals vs. JAX Jaguars,Eric Murray,Player total interceptions (Eric Murray (JAX)) (incl. OT),2251,73701,1761587020,4592698588,2+,2+,20.0,0,False
17035367,CIN Bengals vs. JAX Jaguars,Jourdan Lewis,Player total interceptions (Jourdan Lewis (JAX)) (incl. OT),2251,73701,1761802781,4593280949,1+,1+,12.0,0,False
17035367,CIN Bengals vs. JAX Jaguars,Jourdan Lewis,Player total interceptions (Jourdan Lewis (JAX)) (incl. OT),2251,73701,1761802781,4593280950,2+,2+,20.0,0,False
